month,product_id,description,category,customer_id,customer_name,segment,tier,quantity_units,list_price,pocket_price,floor_price,target_price,stretch_price,pocket_margin_pct,floor_margin,target_margin,verdict,within_guardrail,approver,margin_gap_dollars,extended_margin,leakage_pct,price_index,days_since_price_change,cost_change_pct
2026-06-01,20067,Toner Cartridge - National brand,Office & Stationery,CU2000,Sunshine Table,Independent Retailer,D,30.68,10.5402,9.6846,8.0546,8.8836,9.7991,0.3522,0.1285,0.2185,Above stretch,True,None,0.0,104.64,0.0812,116.51,120.0,0.0349
2026-06-01,20235,Camping Tent - Value,Sporting Goods,CU2000,Sunshine Table,Independent Retailer,D,17.28,67.4618,64.1731,47.1237,51.7997,56.8813,0.3622,0.0663,0.1563,Above stretch,True,None,0.0,401.66,0.0487,97.02,61.0,-0.0784
2026-06-01,20076,LED Floor Lamp - Private label,Home & Kitchen,CU2000,Sunshine Table,Independent Retailer,D,32.06,23.1834,21.9396,15.4542,17.3125,19.4261,0.496,0.2218,0.3118,Above stretch,True,None,0.0,348.85,0.0537,,999.0,0.0
2026-06-01,20009,Toner Cartridge - Private label,Office & Stationery,CU2000,Sunshine Table,Independent Retailer,D,15.0,34.6318,32.6611,21.6853,24.3884,27.4998,0.5495,0.2536,0.3436,Above stretch,True,None,0.0,269.19,0.0569,117.33,31.0,0.0371
2026-06-01,20078,27in Monitor - Value,Consumer Electronics,CU2000,Sunshine Table,Independent Retailer,D,18.44,21.3921,20.132,16.8863,18.5785,20.4231,0.2851,0.0789,0.1689,Above stretch,True,None,0.0,105.82,0.0589,85.28,151.0,-0.1476
2026-06-01,20170,Laminator - National brand,Office & Stationery,CU2001,Coastal Market,Subscription Box Operator,C,24.2,29.2528,25.6977,18.7154,20.4203,22.2934,0.4748,0.1097,0.1997,Above stretch,True,None,0.0,295.25,0.1215,97.16,0.0,0.0
2026-06-01,20079,Cotton T-Shirt 5pk - Value,Apparel & Accessories,CU2001,Coastal Market,Subscription Box Operator,C,112.47,12.2087,9.8496,10.7944,11.6987,12.6823,0.2039,0.0704,0.1604,At target,True,None,0.0,225.85,0.1932,90.72,0.0,0.0
2026-06-01,20104,Laminator - National brand,Office & Stationery,CU2001,Coastal Market,Subscription Box Operator,C,88.83,17.8362,15.3643,17.87,19.5965,21.4921,0.1053,0.1073,0.1973,Below floor,False,Commercial director,125.51,143.76,0.1386,134.38,0.0,0.0
2026-06-01,20147,Laptop Sleeve - Value,Apparel & Accessories,CU2001,Coastal Market,Subscription Box Operator,C,79.82,30.7308,26.888,24.883,27.2018,29.7388,0.2906,0.0934,0.1834,Above stretch,True,None,0.0,623.63,0.125,87.78,31.0,0.0085
2026-06-01,20210,Safety Boots - Premium brand,Apparel & Accessories,CU2001,Coastal Market,Subscription Box Operator,C,66.83,47.1016,41.702,40.3077,44.6803,49.6019,0.3232,0.1915,0.2815,At target,True,None,0.0,900.79,0.1146,91.59,31.0,-0.0073
2026-06-01,20151,Tool Chest - Private label,Tools & Hardware,CU2001,Coastal Market,Subscription Box Operator,C,571.28,16.2665,13.6163,12.7616,14.1514,15.7521,0.4469,0.2552,0.3452,Above stretch,True,None,0.0,3476.41,0.1629,109.79,31.0,-0.0377
2026-06-01,20162,Gel Pens - Private label,Office & Stationery,CU2002,Riverside Trading Co,Marketplace Seller,C,28.35,22.2327,20.282,13.2593,14.7694,16.4958,0.574,0.236,0.326,Above stretch,True,None,0.0,330.06,0.0877,113.57,61.0,0.0768
2026-06-01,20102,Blender - National brand,Home & Kitchen,CU2002,Riverside Trading Co,Marketplace Seller,C,40.11,68.5666,63.6864,47.5535,52.3632,57.6501,0.4047,0.1115,0.2015,Above stretch,True,None,0.0,1033.68,0.0712,94.03,31.0,0.0097
2026-06-01,20121,Copy Paper - National brand,Office & Stationery,CU2002,Riverside Trading Co,Marketplace Seller,C,195.82,18.8226,16.4305,17.0936,18.7613,20.5969,0.2096,0.1166,0.2066,At target,True,None,0.0,674.25,0.1271,126.57,0.0,0.0
2026-06-01,20135,Bluetooth Speaker - Premium brand,Consumer Electronics,CU2002,Riverside Trading Co,Marketplace Seller,C,192.82,58.348,54.6218,32.5841,36.0535,39.9215,0.5569,0.1614,0.2514,Above stretch,True,None,0.0,5865.89,0.0639,99.88,61.0,0.0245
2026-06-01,20179,Nonstick Cookware Set - Private label,Home & Kitchen,CU2002,Riverside Trading Co,Marketplace Seller,C,39.45,45.9419,42.4685,35.9323,40.4004,45.5489,0.4315,0.2562,0.3462,Above stretch,True,None,0.0,722.94,0.0756,83.32,120.0,0.0676
2026-06-01,20018,Mechanical Keyboard - Premium brand,Consumer Electronics,CU2002,Riverside Trading Co,Marketplace Seller,C,15.0,83.3453,77.1377,45.8519,50.4635,55.5673,0.5561,0.1363,0.2263,Above stretch,True,None,0.0,643.45,0.0745,62.25,120.0,-0.0408
2026-06-01,20017,Webcam - National brand,Consumer Electronics,CU2002,Riverside Trading Co,Marketplace Seller,C,101.26,23.7358,21.7264,16.546,18.1656,19.9415,0.3993,0.1022,0.1922,Above stretch,True,None,0.0,878.47,0.0847,101.84,31.0,0.0098
2026-06-01,20051,HDMI Cable - National brand,Consumer Electronics,CU2002,Riverside Trading Co,Marketplace Seller,C,73.2,64.7148,60.2518,45.5939,50.1432,55.124,0.3831,0.0963,0.1863,Above stretch,True,None,0.0,1689.59,0.069,,61.0,0.0181
2026-06-01,20115,USB-C Charger - National brand,Consumer Electronics,CU2002,Riverside Trading Co,Marketplace Seller,C,333.83,47.0603,43.6247,35.9306,39.5273,43.4659,0.3273,0.0969,0.1869,Above stretch,True,None,0.0,4766.59,0.073,96.9,0.0,0.0
2026-06-01,20016,Gel Pens - National brand,Office & Stationery,CU2002,Riverside Trading Co,Marketplace Seller,C,65.44,20.8333,16.6761,17.9448,19.4622,21.1217,0.2494,0.0922,0.1822,At target,True,None,0.0,272.21,0.1995,84.47,31.0,0.0188
2026-06-01,20153,Multivitamin - Premium brand,Health & Beauty,CU2002,Riverside Trading Co,Marketplace Seller,C,270.3,24.6041,22.393,21.0844,23.4053,26.0062,0.3073,0.1781,0.2681,At target,True,None,0.0,1859.93,0.0899,102.68,61.0,0.0502
2026-06-01,20148,Bluetooth Speaker - Value,Consumer Electronics,CU2002,Riverside Trading Co,Marketplace Seller,C,15.0,67.3491,62.1243,37.2773,40.7735,44.5903,0.5279,0.0849,0.1749,Above stretch,True,None,0.0,491.9,0.0776,89.27,999.0,0.0
2026-06-01,20052,Work Gloves - Private label,Tools & Hardware,CU2002,Riverside Trading Co,Marketplace Seller,C,64.1,20.0117,15.8555,15.9124,17.4923,19.3015,0.4367,0.2403,0.3303,Above stretch,True,None,0.0,443.85,0.2077,,92.0,-0.0389
2026-06-01,20187,Dry Dog Food - Value,Pet Supplies,CU2003,Alder Butchery,Regional Retail Chain,C,117.17,53.9498,49.5402,33.9542,37.1831,40.7095,0.4552,0.0865,0.1765,Above stretch,True,None,0.0,2642.32,0.0817,105.73,0.0,0.0
2026-06-01,20207,Hair Dryer - Value,Health & Beauty,CU2003,Alder Butchery,Regional Retail Chain,C,26.85,12.0683,10.5935,10.252,11.1946,12.2204,0.2311,0.072,0.162,At target,True,None,0.0,65.74,0.1222,106.71,31.0,0.0492
2026-06-01,20197,Hair Dryer - Premium brand,Health & Beauty,CU2003,Alder Butchery,Regional Retail Chain,C,114.32,15.9371,13.175,14.6162,16.0618,17.6788,0.255,0.172,0.262,Below target,True,Rep,10.52,384.09,0.1733,,31.0,0.0491
2026-06-01,20091,Electric Toothbrush - Premium brand,Health & Beauty,CU2003,Alder Butchery,Regional Retail Chain,C,371.11,30.7122,27.8764,16.0514,17.6505,19.436,0.6047,0.1662,0.2562,Above stretch,True,None,0.0,6255.88,0.0923,121.52,61.0,-0.0097
2026-06-01,20190,Work Jacket - National brand,Apparel & Accessories,CU2003,Alder Butchery,Regional Retail Chain,C,254.41,37.794,28.801,34.1983,36.9739,40.01,0.206,0.0927,0.1827,At target,True,None,0.0,1509.21,0.2379,,0.0,0.0
2026-06-01,20123,Multivitamin - National brand,Health & Beauty,CU2003,Alder Butchery,Regional Retail Chain,C,41.51,11.4119,10.1544,8.0898,8.8349,9.6484,0.3842,0.0848,0.1748,Above stretch,True,None,0.0,161.95,0.1102,87.04,61.0,0.0161
2026-06-01,20068,Safety Glasses - Value,Tools & Hardware,CU2003,Alder Butchery,Regional Retail Chain,C,71.22,19.6426,17.582,14.9512,16.3538,17.8841,0.3275,0.0828,0.1728,Above stretch,True,None,0.0,410.13,0.1049,94.82,92.0,-0.0802
2026-06-01,20092,Laptop Sleeve - National brand,Apparel & Accessories,CU2003,Alder Butchery,Regional Retail Chain,C,31.87,37.9929,34.5672,31.5428,34.7665,38.3229,0.2883,0.125,0.215,At target,True,None,0.0,317.57,0.0902,117.6,0.0,0.0
2026-06-01,20008,Electric Toothbrush - Value,Health & Beauty,CU2003,Alder Butchery,Regional Retail Chain,C,134.03,21.2885,19.2602,18.2638,20.0258,21.9473,0.2251,0.0807,0.1707,At target,True,None,0.0,581.01,0.0953,93.76,61.0,0.0426
2026-06-01,20219,Vitamin C Serum - Premium brand,Health & Beauty,CU2003,Alder Butchery,Regional Retail Chain,C,275.77,11.8211,10.6234,10.1,11.1748,12.3741,0.2999,0.1645,0.2545,At target,True,None,0.0,878.47,0.1013,99.11,31.0,-0.0049
2026-06-01,20061,Multivitamin - Premium brand,Health & Beauty,CU2003,Alder Butchery,Regional Retail Chain,C,411.95,23.3185,21.2117,18.08,20.0133,22.1721,0.3723,0.1664,0.2564,Above stretch,True,None,0.0,3252.92,0.0903,108.31,1004.0,0.0516
2026-06-01,20150,Nonstick Cookware Set - National brand,Home & Kitchen,CU2003,Alder Butchery,Regional Retail Chain,C,37.77,23.3572,21.2627,15.3195,16.7924,18.4074,0.4414,0.1019,0.1919,Above stretch,True,None,0.0,354.48,0.0897,,92.0,-0.0055
2026-06-01,20119,HDMI Cable - National brand,Consumer Electronics,CU2004,Stanley Butchery,Independent Retailer,D,195.76,40.4651,37.7617,25.1116,27.5417,30.1915,0.4541,0.0801,0.1701,Above stretch,True,None,0.0,3356.97,0.0668,84.61,61.0,0.0129
2026-06-01,20132,Gel Pens - Value,Office & Stationery,CU2004,Stanley Butchery,Independent Retailer,D,15.0,9.0007,7.3609,9.3817,10.2218,11.1379,0.033,0.0806,0.1706,Below floor,False,VP Finance,15.19,3.64,0.1822,102.21,61.0,0.0318
2026-06-01,20157,Camping Tent - Value,Sporting Goods,CU2004,Stanley Butchery,Independent Retailer,D,33.5,51.8245,48.85,49.8284,54.9236,60.4827,0.1199,0.0824,0.1724,Below target,True,Commercial director,85.92,196.21,0.0574,70.38,120.0,0.0249
2026-06-01,20086,Vacuum Sealer - Private label,Home & Kitchen,CU2004,Stanley Butchery,Independent Retailer,D,52.85,48.4293,45.5021,31.5735,35.554,40.1518,0.5356,0.2623,0.3523,Above stretch,True,None,0.0,1287.94,0.0604,107.65,0.0,0.0
2026-06-01,20185,Gel Pens - Private label,Office & Stationery,CU2004,Stanley Butchery,Independent Retailer,D,36.37,11.9205,9.8386,13.6002,15.2551,17.1838,0.1613,0.2836,0.3736,Below floor,False,VP Finance,75.97,57.72,0.1746,,61.0,0.0843
2026-06-01,20208,Vitamin C Serum - Premium brand,Health & Beauty,CU2005,Coastal Supply,Independent Retailer,C,21.11,25.2902,20.795,21.3512,23.4506,25.8105,0.3413,0.1874,0.2774,At target,True,None,0.0,149.83,0.1777,107.0,92.0,0.0382
2026-06-01,20222,Work Gloves - National brand,Tools & Hardware,CU2005,Coastal Supply,Independent Retailer,C,82.51,24.0219,19.7585,20.2303,22.0163,23.9763,0.2771,0.1054,0.1954,Above stretch,True,None,0.0,451.7,0.1775,116.15,151.0,-0.0748
2026-06-01,20112,Safety Glasses - National brand,Tools & Hardware,CU2005,Coastal Supply,Independent Retailer,C,287.4,43.7766,37.8113,36.969,40.4007,44.1585,0.2595,0.0969,0.1869,At target,True,None,0.0,2819.94,0.1363,83.95,999.0,0.0
2026-06-01,20076,LED Floor Lamp - Private label,Home & Kitchen,CU2005,Coastal Supply,Independent Retailer,C,34.42,23.1834,18.8529,18.5409,20.3992,22.5128,0.4134,0.2218,0.3118,Above stretch,True,None,0.0,268.28,0.1868,,999.0,0.0
2026-06-01,20044,Laminator - Private label,Office & Stationery,CU2005,Coastal Supply,Independent Retailer,C,15.0,17.2027,13.5933,17.5708,19.4468,21.595,0.2196,0.2402,0.3302,Below floor,False,VP Finance,22.55,44.78,0.2098,82.33,31.0,0.0131
2026-06-01,20216,Work Gloves - National brand,Tools & Hardware,CU2005,Coastal Supply,Independent Retailer,C,209.94,41.3841,35.9319,34.8838,38.1102,41.636,0.2538,0.089,0.179,At target,True,None,0.0,1914.59,0.1317,,1035.0,-0.0147
2026-06-01,20118,Blender - Premium brand,Home & Kitchen,CU2006,Coastal Larder,Independent Retailer,A,576.64,81.3528,66.8035,76.7968,84.5358,93.2311,0.2416,0.1861,0.2761,Below target,True,Sales manager,1328.66,9307.14,0.1788,92.32,92.0,-0.0016
2026-06-01,20002,Safety Boots - Value,Apparel & Accessories,CU2006,Coastal Larder,Independent Retailer,A,481.91,52.678,42.8016,46.7162,50.766,55.1943,0.2179,0.0913,0.1813,At target,True,None,0.0,4493.96,0.1875,87.93,120.0,0.0455
2026-06-01,20025,Bedding Set - National brand,Home & Kitchen,CU2006,Coastal Larder,Independent Retailer,A,607.19,42.9163,33.8298,39.6744,43.1044,46.8706,0.1929,0.1074,0.1974,Below target,True,Rep,91.69,3963.13,0.2117,97.42,0.0,0.0
2026-06-01,20122,Dry-Erase Board - National brand,Office & Stationery,CU2006,Coastal Larder,Independent Retailer,A,338.53,13.0336,9.3891,11.1724,11.998,12.9002,0.2698,0.0893,0.1793,Above stretch,True,None,0.0,857.63,0.2796,83.37,120.0,-0.0452
2026-06-01,20160,Pet Bed - Private label,Pet Supplies,CU2006,Coastal Larder,Independent Retailer,A,520.81,15.4086,12.2842,15.0721,16.6874,18.54,0.265,0.2443,0.3343,Below target,True,Commercial director,443.37,1695.39,0.2028,111.94,61.0,0.1223
2026-06-01,20218,Blender - Premium brand,Home & Kitchen,CU2006,Coastal Larder,Independent Retailer,A,344.83,41.1473,33.0084,38.7874,42.4647,46.5627,0.22,0.1599,0.2499,Below target,True,Sales manager,340.76,2503.67,0.1978,114.07,31.0,-0.0478
2026-06-01,20017,Webcam - National brand,Consumer Electronics,CU2006,Coastal Larder,Independent Retailer,A,351.2,23.7358,18.9607,19.3117,20.9313,22.7072,0.3117,0.1022,0.1922,Above stretch,True,None,0.0,2075.49,0.2012,101.84,31.0,0.0098
2026-06-01,20226,Cat Litter - Private label,Pet Supplies,CU2006,Coastal Larder,Independent Retailer,A,172.97,15.2511,12.0981,12.1529,13.4124,14.8699,0.4546,0.2669,0.3569,Above stretch,True,None,0.0,951.39,0.2067,,0.0,0.0
2026-06-01,20008,Electric Toothbrush - Value,Health & Beauty,CU2006,Coastal Larder,Independent Retailer,A,154.58,21.2885,16.8383,20.6857,22.4477,24.3692,0.1136,0.0807,0.1707,Below target,True,Commercial director,148.6,295.71,0.209,93.76,61.0,0.0426
2026-06-01,20139,Toner Cartridge - Private label,Office & Stationery,CU2006,Coastal Larder,Independent Retailer,A,89.81,12.736,10.1994,14.1804,15.7933,17.6549,0.1555,0.2603,0.3503,Below floor,False,VP Finance,178.39,142.48,0.1992,83.22,61.0,0.1109
2026-06-01,20233,Bedding Set - National brand,Home & Kitchen,CU2006,Coastal Larder,Independent Retailer,A,83.25,53.8505,43.3611,44.6482,48.5679,52.8932,0.3112,0.1257,0.2157,Above stretch,True,None,0.0,1123.55,0.1948,91.85,999.0,0.0
2026-06-01,20150,Nonstick Cookware Set - National brand,Home & Kitchen,CU2006,Coastal Larder,Independent Retailer,A,25.33,23.3572,18.6178,17.9644,19.4373,21.0523,0.362,0.1019,0.1919,Above stretch,True,None,0.0,170.73,0.2029,,92.0,-0.0055
2026-06-01,20001,Multivitamin - Private label,Health & Beauty,CU2006,Coastal Larder,Independent Retailer,A,291.04,19.9168,14.4349,20.8294,22.9561,25.4108,0.2137,0.2605,0.3505,Below floor,False,VP Finance,574.52,897.97,0.2752,89.07,31.0,-0.0099
2026-06-01,20007,Pet Bed - Value,Pet Supplies,CU2006,Coastal Larder,Independent Retailer,A,215.61,21.7608,16.5026,23.3462,25.267,27.3527,-0.0276,0.0625,0.1525,Loss-making,False,VP Finance,640.7,-98.08,0.2416,114.55,31.0,0.0272
2026-06-01,20030,Dry Dog Food - National brand,Pet Supplies,CU2006,Coastal Larder,Independent Retailer,A,923.6,16.4217,13.232,16.485,17.9434,19.5373,0.0851,0.0895,0.1795,Below floor,False,Commercial director,1153.16,1040.53,0.1942,100.0,151.0,0.1754
2026-06-01,20010,Adjustable Dumbbells - National brand,Sporting Goods,CU2006,Coastal Larder,Independent Retailer,A,315.66,49.2097,39.0046,49.9618,54.4055,59.2815,0.0875,0.1048,0.1948,Below floor,False,VP Finance,1320.63,1077.79,0.2074,,31.0,0.0183
2026-06-01,20046,Blender - Value,Home & Kitchen,CU2006,Coastal Larder,Independent Retailer,A,661.99,18.0297,14.1168,19.6399,21.3669,23.2548,-0.0134,0.0904,0.1804,Loss-making,False,VP Finance,1810.66,-124.79,0.217,,61.0,0.0409
2026-06-01,20153,Multivitamin - Premium brand,Health & Beauty,CU2006,Coastal Larder,Independent Retailer,A,359.33,24.6041,19.7608,23.7166,26.0375,28.6384,0.215,0.1781,0.2681,Below target,True,Commercial director,376.96,1526.72,0.1968,102.68,61.0,0.0502
2026-06-01,20127,Bedding Set - Premium brand,Home & Kitchen,CU2006,Coastal Larder,Independent Retailer,A,1508.63,46.6331,37.7822,54.3962,60.1339,66.6009,0.0303,0.1956,0.2856,Below floor,False,VP Finance,14550.73,1728.29,0.1898,85.5,0.0,0.0
2026-06-01,20202,Tool Chest - Value,Tools & Hardware,CU2006,Coastal Larder,Independent Retailer,A,728.09,46.9027,37.3949,37.6592,40.665,43.9322,0.2977,0.0671,0.1571,Above stretch,True,None,0.0,8105.46,0.2027,101.19,999.0,0.0
2026-06-01,20175,Cat Litter - Private label,Pet Supplies,CU2006,Coastal Larder,Independent Retailer,A,26.52,16.1177,12.6541,16.3739,18.1422,20.177,0.2378,0.2529,0.3429,Below floor,False,VP Finance,35.28,79.79,0.2149,,0.0,0.0
2026-06-01,20086,Vacuum Sealer - Private label,Home & Kitchen,CU2006,Coastal Larder,Independent Retailer,A,282.32,48.4293,38.2144,38.8612,42.8417,47.4395,0.447,0.2623,0.3523,Above stretch,True,None,0.0,4822.59,0.2109,107.65,0.0,0.0
2026-06-01,20093,Vacuum Sealer - Private label,Home & Kitchen,CU2007,Juniper Kitchen Group,Sub-Distributor,D,15.0,61.7863,58.3662,46.4013,52.1135,58.6364,0.435,0.2328,0.3228,Above stretch,True,None,0.0,380.86,0.0554,97.85,31.0,-0.0375
2026-06-01,20160,Pet Bed - Private label,Pet Supplies,CU2007,Juniper Kitchen Group,Sub-Distributor,D,56.32,15.4086,13.6452,13.7111,15.3264,17.179,0.3383,0.2443,0.3343,At target,True,None,0.0,259.99,0.1144,111.94,61.0,0.1223
2026-06-01,20111,27in Monitor - Private label,Consumer Electronics,CU2007,Juniper Kitchen Group,Sub-Distributor,D,15.0,30.8949,28.3925,28.2646,31.8235,35.9279,0.3272,0.2585,0.3485,Below target,True,Sales manager,9.07,139.35,0.081,108.16,0.0,0.0
2026-06-01,20183,Cooler Box - Premium brand,Sporting Goods,CU2007,Juniper Kitchen Group,Sub-Distributor,D,42.28,81.581,77.3797,61.9764,68.8354,76.4607,0.3668,0.1519,0.2419,Above stretch,True,None,0.0,1199.93,0.0515,143.46,61.0,-0.0696
2026-06-01,20213,Dry Dog Food - Private label,Pet Supplies,CU2007,Juniper Kitchen Group,Sub-Distributor,D,142.74,37.1125,34.6314,42.8427,48.4912,55.0279,0.1456,0.2669,0.3569,Below floor,False,VP Finance,1044.52,719.74,0.0669,110.51,31.0,0.0403
2026-06-01,20210,Safety Boots - Premium brand,Apparel & Accessories,CU2007,Juniper Kitchen Group,Sub-Distributor,D,50.69,47.1016,44.2966,37.7131,42.0857,47.0073,0.3629,0.1915,0.2815,Above stretch,True,None,0.0,814.76,0.0596,91.59,31.0,-0.0073
2026-06-01,20125,Hair Dryer - Value,Health & Beauty,CU2008,Kitsilano Table,Independent Retailer,C,35.69,14.6716,12.0759,12.6642,13.7393,14.9078,0.2222,0.0671,0.1571,At target,True,None,0.0,95.76,0.1769,102.05,1035.0,-0.0936
2026-06-01,20041,Cordless Drill - National brand,Tools & Hardware,CU2008,Kitsilano Table,Independent Retailer,C,318.02,39.6878,33.9204,30.8964,33.6916,36.7556,0.3339,0.1009,0.1909,Above stretch,True,None,0.0,3602.18,0.1453,101.84,0.0,0.0
2026-06-01,20061,Multivitamin - Premium brand,Health & Beauty,CU2008,Kitsilano Table,Independent Retailer,C,534.36,23.3185,19.8397,19.452,21.3853,23.5441,0.3289,0.1664,0.2564,At target,True,None,0.0,3486.38,0.1492,108.31,1004.0,0.0516
2026-06-01,20181,Desk Organiser - National brand,Office & Stationery,CU2008,Kitsilano Table,Independent Retailer,C,15.0,19.831,16.2891,18.8904,20.6607,22.6163,0.18,0.1297,0.2197,Below target,True,Sales manager,9.71,43.97,0.1786,118.14,31.0,0.0465
2026-06-01,20191,27in Monitor - Value,Consumer Electronics,CU2008,Kitsilano Table,Independent Retailer,C,232.36,55.9879,48.6542,47.4475,51.8833,56.7395,0.2548,0.0961,0.1861,At target,True,None,0.0,2880.17,0.131,101.03,31.0,0.0468
2026-06-01,20126,Mechanical Keyboard - National brand,Consumer Electronics,CU2008,Kitsilano Table,Independent Retailer,C,39.75,47.2329,40.9726,30.816,33.5316,36.5048,0.4583,0.0962,0.1862,Above stretch,True,None,0.0,746.47,0.1325,92.52,92.0,-0.009
2026-06-01,20013,Webcam - National brand,Consumer Electronics,CU2008,Kitsilano Table,Independent Retailer,C,488.09,78.5651,67.9218,55.0662,59.9622,65.3186,0.4071,0.0934,0.1834,Above stretch,True,None,0.0,13494.71,0.1355,104.32,0.0,0.0
2026-06-01,20212,Resistance Bands - National brand,Sporting Goods,CU2008,Kitsilano Table,Independent Retailer,C,49.88,43.7472,37.5784,35.5181,38.8142,42.4344,0.3038,0.1086,0.1986,Above stretch,True,None,0.0,569.45,0.141,81.07,31.0,0.0068
2026-06-01,20157,Camping Tent - Value,Sporting Goods,CU2009,Sunshine Kitchen Group,Marketplace Seller,D,27.31,51.8245,50.0604,48.618,53.7132,59.2723,0.1412,0.0824,0.1724,Below target,True,Sales manager,42.69,193.01,0.034,70.38,120.0,0.0249
2026-06-01,20167,27in Monitor - Value,Consumer Electronics,CU2009,Sunshine Kitchen Group,Marketplace Seller,D,176.29,63.5963,61.5683,52.1109,57.3884,63.1096,0.232,0.0559,0.1459,Above stretch,True,None,0.0,2518.3,0.0319,,31.0,0.0072
2026-06-01,20174,Body Wash - National brand,Health & Beauty,CU2009,Sunshine Kitchen Group,Marketplace Seller,D,15.53,12.8281,11.7555,13.0171,14.3618,15.8396,0.0963,0.1106,0.2006,Below floor,False,VP Finance,19.04,17.58,0.0836,91.89,1035.0,0.2383
2026-06-01,20100,HDMI Cable - Value,Consumer Electronics,CU2009,Sunshine Kitchen Group,Marketplace Seller,D,375.85,18.7307,17.825,16.0286,17.6649,19.4483,0.2179,0.0782,0.1682,At target,True,None,0.0,1460.06,0.0484,,92.0,0.0625
2026-06-01,20148,Bluetooth Speaker - Value,Consumer Electronics,CU2009,Sunshine Kitchen Group,Marketplace Seller,D,15.0,67.3491,64.7994,34.6022,38.0984,41.9152,0.5474,0.0849,0.1749,Above stretch,True,None,0.0,532.02,0.0379,89.27,999.0,0.0
2026-06-01,20206,Camping Tent - National brand,Sporting Goods,CU2009,Sunshine Kitchen Group,Marketplace Seller,D,17.39,77.9305,75.5211,60.9507,67.3885,74.4285,0.2958,0.0916,0.1816,Above stretch,True,None,0.0,388.53,0.0309,87.7,0.0,0.0
2026-06-01,20169,Laser Measure - Value,Tools & Hardware,CU2010,Coastal Table,Sub-Distributor,A,125.82,23.5116,18.7016,22.8026,24.8162,27.0262,0.1397,0.1058,0.1958,Below target,True,Commercial director,132.01,328.72,0.2046,99.38,61.0,-0.0203
2026-06-01,20053,Hair Dryer - National brand,Health & Beauty,CU2010,Coastal Table,Sub-Distributor,A,388.39,21.0476,17.0547,15.1313,16.3797,17.7503,0.4168,0.107,0.197,Above stretch,True,None,0.0,2760.71,0.1897,87.2,31.0,0.0461
2026-06-01,20220,Body Wash - Premium brand,Health & Beauty,CU2010,Coastal Table,Sub-Distributor,A,186.67,17.6496,14.1602,13.6312,14.8911,16.3063,0.4166,0.1855,0.2755,Above stretch,True,None,0.0,1101.3,0.1977,104.34,61.0,0.0275
2026-06-01,20219,Vitamin C Serum - Premium brand,Health & Beauty,CU2010,Coastal Table,Sub-Distributor,A,1040.53,11.8211,9.3097,11.4137,12.4885,13.6878,0.2011,0.1645,0.2545,Below target,True,Commercial director,517.68,1947.66,0.2125,99.11,31.0,-0.0049
2026-06-01,20146,Fastener Assortment - Value,Tools & Hardware,CU2010,Coastal Table,Sub-Distributor,A,20.32,17.6399,14.2041,16.4603,17.8706,19.4078,0.1553,0.0788,0.1688,Below target,True,Rep,3.9,44.82,0.1948,85.93,1004.0,-0.0497
2026-06-01,20174,Body Wash - National brand,Health & Beauty,CU2010,Coastal Table,Sub-Distributor,A,98.91,12.8281,10.1161,14.6565,16.0012,17.479,-0.0501,0.1106,0.2006,Loss-making,False,VP Finance,250.89,-50.18,0.2114,91.89,1035.0,0.2383
2026-06-01,20116,Dry Dog Food - National brand,Pet Supplies,CU2010,Coastal Table,Sub-Distributor,A,494.64,12.7541,10.2719,8.7371,9.4323,10.1942,0.4521,0.1002,0.1902,Above stretch,True,None,0.0,2296.96,0.1946,92.12,0.0,0.0
2026-06-01,20109,Vitamin C Serum - Premium brand,Health & Beauty,CU2010,Coastal Table,Sub-Distributor,A,308.53,28.8682,23.3499,24.7583,27.0892,29.6924,0.3137,0.1671,0.2571,At target,True,None,0.0,2259.95,0.1912,,61.0,0.019
2026-06-01,20034,Smart Plug - Premium brand,Consumer Electronics,CU2010,Coastal Table,Sub-Distributor,A,1242.96,84.2948,68.1239,59.3241,64.4587,70.1699,0.4638,0.1536,0.2436,Above stretch,True,None,0.0,39276.29,0.1918,102.91,0.0,0.0
2026-06-01,20123,Multivitamin - National brand,Health & Beauty,CU2010,Coastal Table,Sub-Distributor,A,112.33,11.4119,8.9547,9.2895,10.0346,10.8481,0.3017,0.0848,0.1748,Above stretch,True,None,0.0,303.49,0.2153,87.04,61.0,0.0161
2026-06-01,20122,Dry-Erase Board - National brand,Office & Stationery,CU2010,Coastal Table,Sub-Distributor,A,883.38,13.0336,8.7076,11.8539,12.6795,13.5817,0.2127,0.0893,0.1793,At target,True,None,0.0,1635.93,0.3319,83.37,120.0,-0.0452
2026-06-01,20177,Nonstick Cookware Set - Value,Home & Kitchen,CU2010,Coastal Table,Sub-Distributor,A,516.01,35.3179,29.1195,33.6379,36.5919,39.8082,0.1274,0.074,0.164,Below target,True,Sales manager,549.6,1914.66,0.1755,116.65,1035.0,0.0656
2026-06-01,20035,Camping Tent - Premium brand,Sporting Goods,CU2010,Coastal Table,Sub-Distributor,A,537.22,47.4569,38.4374,36.3976,39.6725,43.3195,0.4,0.1576,0.2476,Above stretch,True,None,0.0,8259.27,0.1901,97.02,61.0,-0.0111
2026-06-01,20008,Electric Toothbrush - Value,Health & Beauty,CU2010,Coastal Table,Sub-Distributor,A,445.8,21.2885,17.1809,20.3431,22.1051,24.0266,0.1313,0.0807,0.1707,Below target,True,Sales manager,301.89,1005.55,0.1929,93.76,61.0,0.0426
2026-06-01,20175,Cat Litter - Private label,Pet Supplies,CU2010,Coastal Table,Sub-Distributor,A,47.05,16.1177,12.8736,16.1544,17.9227,19.9575,0.2508,0.2529,0.3429,Below floor,False,Commercial director,55.8,151.89,0.2013,,0.0,0.0
2026-06-01,20161,Blender - Premium brand,Home & Kitchen,CU2010,Coastal Table,Sub-Distributor,A,256.91,36.8514,30.2965,36.3297,39.991,44.0942,0.1923,0.1781,0.2681,Below target,True,Commercial director,590.35,1496.4,0.1779,106.2,31.0,0.0221
2026-06-01,20165,Electric Toothbrush - National brand,Health & Beauty,CU2010,Coastal Table,Sub-Distributor,A,512.68,18.802,15.2399,18.1216,19.6933,21.4055,0.1175,0.0763,0.1663,Below target,True,Sales manager,380.97,918.36,0.1895,121.22,61.0,0.0597
2026-06-01,20076,LED Floor Lamp - Private label,Home & Kitchen,CU2011,Okanagan Larder,Regional Retail Chain,C,93.95,23.1834,18.726,18.6678,20.5261,22.6397,0.4095,0.2218,0.3118,Above stretch,True,None,0.0,720.36,0.1923,,999.0,0.0
2026-06-01,20043,HDMI Cable - Value,Consumer Electronics,CU2011,Okanagan Larder,Regional Retail Chain,C,15.0,39.5936,33.2339,30.8013,33.3996,36.2214,0.3112,0.0634,0.1534,Above stretch,True,None,0.0,155.13,0.1606,119.95,61.0,0.1294
2026-06-01,20126,Mechanical Keyboard - National brand,Consumer Electronics,CU2011,Okanagan Larder,Regional Retail Chain,C,15.0,47.2329,39.5603,32.2283,34.9439,37.9171,0.439,0.0962,0.1862,Above stretch,True,None,0.0,260.5,0.1624,92.52,92.0,-0.009
2026-06-01,20084,Webcam - Value,Consumer Electronics,CU2011,Okanagan Larder,Regional Retail Chain,C,1333.23,18.239,14.5952,13.2471,14.2681,15.377,0.3838,0.0635,0.1535,Above stretch,True,None,0.0,7468.35,0.1998,100.24,31.0,0.0374
2026-06-01,20133,Mechanical Keyboard - Premium brand,Consumer Electronics,CU2011,Okanagan Larder,Regional Retail Chain,C,135.32,31.0248,24.1505,30.6143,33.5348,36.808,0.1924,0.1784,0.2684,Below target,True,Commercial director,248.49,628.66,0.2216,114.24,31.0,0.0411
2026-06-01,20050,Copy Paper - National brand,Office & Stationery,CU2011,Okanagan Larder,Regional Retail Chain,C,18.52,15.0054,11.6025,11.6937,12.5974,13.5838,0.3457,0.0843,0.1743,Above stretch,True,None,0.0,74.28,0.2268,76.33,31.0,0.0474
2026-06-01,20236,Mechanical Keyboard - Value,Consumer Electronics,CU2011,Okanagan Larder,Regional Retail Chain,C,117.42,40.6558,33.5228,34.5724,37.4929,40.6653,0.2342,0.0644,0.1544,At target,True,None,0.0,921.81,0.1754,99.28,31.0,0.0529
2026-06-01,20067,Toner Cartridge - National brand,Office & Stationery,CU2012,Burrard Grill House,Government & Education,C,84.53,10.5402,9.299,8.4402,9.2692,10.1847,0.3253,0.1285,0.2185,Above stretch,True,None,0.0,255.71,0.1178,116.51,120.0,0.0349
2026-06-01,20176,Work Gloves - Value,Tools & Hardware,CU2012,Burrard Grill House,Government & Education,C,277.78,54.8279,49.8106,33.4506,36.5054,39.83,0.4704,0.0723,0.1623,Above stretch,True,None,0.0,6509.22,0.0915,,31.0,-0.037
2026-06-01,20206,Camping Tent - National brand,Sporting Goods,CU2012,Burrard Grill House,Government & Education,C,58.03,77.9305,70.5055,65.9663,72.4041,79.4441,0.2457,0.0916,0.1816,At target,True,None,0.0,1005.46,0.0953,87.7,0.0,0.0
2026-06-01,20046,Blender - Value,Home & Kitchen,CU2012,Burrard Grill House,Government & Education,C,74.84,18.0297,16.1153,17.6414,19.3684,21.2563,0.1123,0.0904,0.1804,Below target,True,Commercial director,82.11,135.46,0.1062,,61.0,0.0409
2026-06-01,20217,Cycling Helmet - National brand,Sporting Goods,CU2012,Burrard Grill House,Government & Education,C,142.34,49.6842,45.0941,43.3281,47.658,52.409,0.231,0.1048,0.1948,At target,True,None,0.0,1482.58,0.0924,90.1,0.0,0.0
2026-06-01,20185,Gel Pens - Private label,Office & Stationery,CU2012,Burrard Grill House,Government & Education,C,63.69,11.9205,9.985,13.4538,15.1087,17.0374,0.1736,0.2836,0.3736,Below floor,False,VP Finance,127.2,110.39,0.1624,,61.0,0.0843
2026-06-01,20080,Work Gloves - National brand,Tools & Hardware,CU2012,Burrard Grill House,Government & Education,C,78.58,29.5529,26.5366,20.4965,22.4211,24.5263,0.4023,0.0926,0.1826,Above stretch,True,None,0.0,838.85,0.1021,79.5,92.0,-0.0256
2026-06-01,20029,Fastener Assortment - Private label,Tools & Hardware,CU2012,Burrard Grill House,Government & Education,C,69.27,37.1982,32.5273,24.8665,27.7132,31.0138,0.5477,0.2715,0.3615,Above stretch,True,None,0.0,1234.03,0.1256,117.75,92.0,-0.0304
2026-06-01,20010,Adjustable Dumbbells - National brand,Sporting Goods,CU2012,Burrard Grill House,Government & Education,C,30.55,49.2097,44.8093,44.1571,48.6008,53.4768,0.2057,0.1048,0.1948,At target,True,None,0.0,281.64,0.0894,,31.0,0.0183
2026-06-01,20104,Laminator - National brand,Office & Stationery,CU2012,Burrard Grill House,Government & Education,C,102.07,17.8362,16.0723,17.162,18.8885,20.7841,0.1447,0.1073,0.1973,Below target,True,Commercial director,86.21,237.46,0.0989,134.38,0.0,0.0
2026-06-01,20118,Blender - Premium brand,Home & Kitchen,CU2013,Stanley Bistro,Independent Retailer,D,68.07,81.3528,76.1615,67.4388,75.1778,83.8731,0.3348,0.1861,0.2761,At target,True,None,0.0,1735.67,0.0638,92.32,92.0,-0.0016
2026-06-01,20096,Electric Toothbrush - Private label,Health & Beauty,CU2013,Stanley Bistro,Independent Retailer,D,55.8,8.647,7.3066,10.3192,11.5507,12.9683,0.083,0.2538,0.3438,Below floor,False,VP Finance,106.32,33.85,0.155,99.29,61.0,0.0276
2026-06-01,20177,Nonstick Cookware Set - Value,Home & Kitchen,CU2013,Stanley Bistro,Independent Retailer,D,149.73,35.3179,32.3606,30.3968,33.3508,36.5671,0.2148,0.074,0.164,At target,True,None,0.0,1040.86,0.0837,116.65,1035.0,0.0656
2026-06-01,20237,Bluetooth Speaker - Value,Consumer Electronics,CU2014,Salish Foods,Marketplace Seller,C,460.43,50.0799,45.9141,37.8591,41.5807,45.6542,0.336,0.0952,0.1852,Above stretch,True,None,0.0,7103.7,0.0832,101.18,0.0,0.0
2026-06-01,20081,Vacuum Sealer - Premium brand,Home & Kitchen,CU2014,Salish Foods,Marketplace Seller,C,117.69,72.1736,61.27,52.0796,57.0653,62.6328,0.44,0.1667,0.2567,Above stretch,True,None,0.0,3172.69,0.1511,128.43,61.0,0.0077
2026-06-01,20161,Blender - Premium brand,Home & Kitchen,CU2014,Salish Foods,Marketplace Seller,C,95.26,36.8514,33.3644,33.2618,36.9231,41.0263,0.2665,0.1781,0.2681,Below target,True,Rep,5.0,847.1,0.0946,106.2,31.0,0.0221
2026-06-01,20232,Webcam - Value,Consumer Electronics,CU2014,Salish Foods,Marketplace Seller,C,396.14,35.6952,32.3274,28.3398,31.0273,33.953,0.2845,0.0737,0.1637,Above stretch,True,None,0.0,3642.82,0.0943,94.31,31.0,0.0553
2026-06-01,20187,Dry Dog Food - Value,Pet Supplies,CU2014,Salish Foods,Marketplace Seller,C,153.97,53.9498,48.89,34.6044,37.8333,41.3597,0.448,0.0865,0.1765,Above stretch,True,None,0.0,3372.1,0.0938,105.73,0.0,0.0
2026-06-01,20214,Safety Boots - National brand,Apparel & Accessories,CU2014,Salish Foods,Marketplace Seller,C,873.19,16.1493,11.9704,18.0192,19.5201,21.1568,-0.0636,0.0801,0.1701,Loss-making,False,VP Finance,2442.72,-664.76,0.2588,90.76,61.0,0.0039
2026-06-01,20026,Socket Set - National brand,Tools & Hardware,CU2014,Salish Foods,Marketplace Seller,C,25.22,44.0949,39.8796,40.997,45.1626,49.746,0.184,0.1153,0.2053,Below target,True,Sales manager,21.4,185.08,0.0956,99.42,0.0,0.0
2026-06-01,20222,Work Gloves - National brand,Tools & Hardware,CU2014,Salish Foods,Marketplace Seller,C,148.56,24.0219,21.1218,18.867,20.653,22.613,0.3237,0.1054,0.1954,Above stretch,True,None,0.0,1015.82,0.1207,116.15,151.0,-0.0748
2026-06-01,20017,Webcam - National brand,Consumer Electronics,CU2015,Alder Hospitality,Corporate & B2B Buyer,B,339.91,23.7358,20.4473,17.8251,19.4447,21.2206,0.3617,0.1022,0.1922,Above stretch,True,None,0.0,2514.08,0.1385,101.84,31.0,0.0098
2026-06-01,20093,Vacuum Sealer - Private label,Home & Kitchen,CU2015,Alder Hospitality,Corporate & B2B Buyer,B,15.0,61.7863,53.0954,51.6721,57.3843,63.9072,0.3789,0.2328,0.3228,At target,True,None,0.0,301.8,0.1407,97.85,31.0,-0.0375
2026-06-01,20006,Electric Toothbrush - Premium brand,Health & Beauty,CU2015,Alder Hospitality,Corporate & B2B Buyer,B,180.29,39.5369,33.8828,31.2597,34.3714,37.8491,0.3723,0.1694,0.2594,Above stretch,True,None,0.0,2274.32,0.143,,31.0,0.0267
2026-06-01,20052,Work Gloves - Private label,Tools & Hardware,CU2015,Alder Hospitality,Corporate & B2B Buyer,B,110.04,20.0117,15.8707,15.8972,17.4771,19.2863,0.4373,0.2403,0.3303,Above stretch,True,None,0.0,763.62,0.2069,,92.0,-0.0389
2026-06-01,20013,Webcam - National brand,Consumer Electronics,CU2015,Alder Hospitality,Corporate & B2B Buyer,B,1112.68,78.5651,68.6352,54.3528,59.2488,64.6052,0.4132,0.0934,0.1834,Above stretch,True,None,0.0,31557.16,0.1264,104.32,0.0,0.0
2026-06-01,20046,Blender - Value,Home & Kitchen,CU2015,Alder Hospitality,Corporate & B2B Buyer,B,115.05,18.0297,15.701,18.0557,19.7827,21.6706,0.0889,0.0904,0.1804,Below floor,False,Commercial director,165.3,160.58,0.1292,,61.0,0.0409
2026-06-01,20180,Sunscreen SPF50 - National brand,Health & Beauty,CU2015,Alder Hospitality,Corporate & B2B Buyer,B,1495.6,17.3155,15.0512,14.9142,16.3088,17.8345,0.2382,0.0936,0.1836,At target,True,None,0.0,5362.17,0.1308,96.9,61.0,-0.0207
2026-06-01,20207,Hair Dryer - Value,Health & Beauty,CU2015,Alder Hospitality,Corporate & B2B Buyer,B,155.05,12.0683,10.3382,10.5073,11.4499,12.4757,0.2121,0.072,0.162,At target,True,None,0.0,340.02,0.1434,106.71,31.0,0.0492
2026-06-01,20001,Multivitamin - Private label,Health & Beauty,CU2015,Alder Hospitality,Corporate & B2B Buyer,B,140.58,19.9168,14.6996,20.5647,22.6914,25.1461,0.2279,0.2605,0.3505,Below floor,False,VP Finance,253.34,470.96,0.2619,89.07,31.0,-0.0099
2026-06-01,20197,Hair Dryer - Premium brand,Health & Beauty,CU2015,Alder Hospitality,Corporate & B2B Buyer,B,153.83,15.9371,12.0052,15.786,17.2316,18.8486,0.1824,0.172,0.262,Below target,True,Commercial director,146.96,336.89,0.2467,,31.0,0.0491
2026-06-01,20122,Dry-Erase Board - National brand,Office & Stationery,CU2015,Alder Hospitality,Corporate & B2B Buyer,B,321.26,13.0336,9.6156,10.9459,11.7715,12.6737,0.287,0.0893,0.1793,Above stretch,True,None,0.0,886.65,0.2622,83.37,120.0,-0.0452
2026-06-01,20208,Vitamin C Serum - Premium brand,Health & Beauty,CU2015,Alder Hospitality,Corporate & B2B Buyer,B,42.99,25.2902,21.5693,20.5769,22.6763,25.0362,0.365,0.1874,0.2774,Above stretch,True,None,0.0,338.42,0.1471,107.0,92.0,0.0382
2026-06-01,20075,Sunscreen SPF50 - Private label,Health & Beauty,CU2015,Alder Hospitality,Corporate & B2B Buyer,B,244.9,19.8484,14.9096,20.4791,22.5785,24.9859,0.2118,0.2438,0.3338,Below floor,False,VP Finance,445.43,773.39,0.2488,92.32,151.0,0.0482
2026-06-01,20135,Bluetooth Speaker - Premium brand,Consumer Electronics,CU2015,Alder Hospitality,Corporate & B2B Buyer,B,285.04,58.348,50.1141,37.0918,40.5612,44.4292,0.5171,0.1614,0.2514,Above stretch,True,None,0.0,7386.5,0.1411,99.88,61.0,0.0245
2026-06-01,20109,Vitamin C Serum - Premium brand,Health & Beauty,CU2015,Alder Hospitality,Corporate & B2B Buyer,B,381.34,28.8682,25.1439,22.9643,25.2952,27.8984,0.3627,0.1671,0.2571,Above stretch,True,None,0.0,3477.4,0.129,,61.0,0.019
2026-06-01,20058,Safety Glasses - Value,Tools & Hardware,CU2015,Alder Hospitality,Corporate & B2B Buyer,B,199.07,37.7875,32.3014,36.7613,40.1678,43.8855,0.1128,0.0837,0.1737,Below target,True,Commercial director,391.54,725.39,0.1452,85.16,182.0,0.1473
2026-06-01,20220,Body Wash - Premium brand,Health & Beauty,CU2015,Alder Hospitality,Corporate & B2B Buyer,B,101.24,17.6496,15.1988,12.5926,13.8525,15.2677,0.4565,0.1855,0.2755,Above stretch,True,None,0.0,702.43,0.1389,104.34,61.0,0.0275
2026-06-01,20086,Vacuum Sealer - Private label,Home & Kitchen,CU2015,Alder Hospitality,Corporate & B2B Buyer,B,204.26,48.4293,42.0219,35.0537,39.0342,43.632,0.4971,0.2623,0.3523,Above stretch,True,None,0.0,4266.89,0.1323,107.65,0.0,0.0
2026-06-01,20039,Blender - Premium brand,Home & Kitchen,CU2015,Alder Hospitality,Corporate & B2B Buyer,B,118.28,90.0981,77.4399,76.0065,83.7308,92.3706,0.3226,0.1719,0.2619,At target,True,None,0.0,2954.78,0.1405,,61.0,0.0098
2026-06-01,20146,Fastener Assortment - Value,Tools & Hardware,CU2015,Alder Hospitality,Corporate & B2B Buyer,B,15.0,17.6399,14.7115,15.9529,17.3632,18.9004,0.1844,0.0788,0.1688,At target,True,None,0.0,40.7,0.166,85.93,1004.0,-0.0497
2026-06-01,20160,Pet Bed - Private label,Pet Supplies,CU2016,Alder Trading Co,Corporate & B2B Buyer,A,907.94,15.4086,12.618,14.7383,16.3536,18.2062,0.2844,0.2443,0.3343,Below target,True,Sales manager,571.18,3258.69,0.1811,111.94,61.0,0.1223
2026-06-01,20224,Laser Measure - Value,Tools & Hardware,CU2016,Alder Trading Co,Corporate & B2B Buyer,A,739.32,12.3202,9.9587,11.2245,12.1757,13.2107,0.1736,0.0714,0.1614,At target,True,None,0.0,1277.91,0.1917,85.35,151.0,-0.0116
2026-06-01,20203,Laminator - National brand,Office & Stationery,CU2016,Alder Trading Co,Corporate & B2B Buyer,A,581.92,18.0499,14.9177,18.2699,19.9693,21.8357,0.0951,0.1083,0.1983,Below floor,False,VP Finance,895.45,825.98,0.1735,122.27,31.0,0.0595
2026-06-01,20023,Adjustable Dumbbells - National brand,Sporting Goods,CU2016,Alder Trading Co,Corporate & B2B Buyer,A,571.77,29.6354,23.7168,28.7508,31.3182,34.1388,0.1428,0.1096,0.1996,Below target,True,Commercial director,770.1,1936.58,0.1997,,0.0,0.0
2026-06-01,20181,Desk Organiser - National brand,Office & Stationery,CU2016,Alder Trading Co,Corporate & B2B Buyer,A,15.0,19.831,15.4003,19.7792,21.5495,23.5051,0.1326,0.1297,0.2197,Below target,True,Commercial director,20.11,30.64,0.2234,118.14,31.0,0.0465
2026-06-01,20028,Adjustable Dumbbells - Value,Sporting Goods,CU2016,Alder Trading Co,Corporate & B2B Buyer,A,1159.8,32.4259,26.6006,26.5074,28.7949,31.2995,0.2974,0.0963,0.1863,Above stretch,True,None,0.0,9174.25,0.1796,93.25,1035.0,-0.1147
2026-06-01,20116,Dry Dog Food - National brand,Pet Supplies,CU2016,Alder Trading Co,Corporate & B2B Buyer,A,1204.64,12.7541,10.1708,8.8382,9.5334,10.2953,0.4466,0.1002,0.1902,Above stretch,True,None,0.0,5472.2,0.2025,92.12,0.0,0.0
2026-06-01,20205,Aquarium Filter - National brand,Pet Supplies,CU2016,Alder Trading Co,Corporate & B2B Buyer,A,770.53,21.5396,17.704,21.3969,23.3374,25.4615,0.1028,0.0955,0.1855,Below target,True,Commercial director,1128.28,1402.21,0.1781,80.75,0.0,0.0
2026-06-01,20022,Tool Chest - Value,Tools & Hardware,CU2016,Alder Trading Co,Corporate & B2B Buyer,A,2039.36,46.3595,33.4304,54.0189,58.5041,63.4014,-0.124,0.0855,0.1755,Loss-making,False,VP Finance,20420.59,-8455.59,0.2789,85.33,0.0,0.0
2026-06-01,20200,Toner Cartridge - National brand,Office & Stationery,CU2016,Alder Trading Co,Corporate & B2B Buyer,A,53.54,28.939,23.741,32.6424,35.7207,39.1008,-0.0316,0.1076,0.1976,Loss-making,False,VP Finance,291.34,-40.18,0.1796,117.78,31.0,0.0857
2026-06-01,20114,Fastener Assortment - National brand,Tools & Hardware,CU2016,Alder Trading Co,Corporate & B2B Buyer,A,307.81,59.7687,48.1888,54.1689,58.7538,63.7458,0.1816,0.074,0.164,At target,True,None,0.0,2693.77,0.1937,99.22,31.0,-0.0031
2026-06-01,20186,Camping Tent - Value,Sporting Goods,CU2016,Alder Trading Co,Corporate & B2B Buyer,A,903.04,72.657,51.6558,77.0405,83.3965,90.3925,0.0415,0.1165,0.2065,Below floor,False,VP Finance,7695.55,1937.11,0.289,81.91,120.0,0.1184
2026-06-01,20235,Camping Tent - Value,Sporting Goods,CU2016,Alder Trading Co,Corporate & B2B Buyer,A,559.81,67.4618,56.3652,54.9316,59.6076,64.6892,0.2739,0.0663,0.1563,Above stretch,True,None,0.0,8641.51,0.1645,97.02,61.0,-0.0784
2026-06-01,20142,Yoga Mat - National brand,Sporting Goods,CU2016,Alder Trading Co,Corporate & B2B Buyer,A,718.36,30.6656,24.6488,28.773,31.3328,34.1453,0.1782,0.1099,0.1999,Below target,True,Sales manager,383.46,3156.11,0.1962,111.75,0.0,0.0
2026-06-01,20019,Gel Pens - Private label,Office & Stationery,CU2016,Alder Trading Co,Corporate & B2B Buyer,A,300.46,9.7389,7.7966,9.9184,10.9877,12.2115,0.2212,0.2387,0.3287,Below floor,False,VP Finance,251.89,518.11,0.1994,,31.0,0.0386
2026-06-01,20004,Camping Tent - Premium brand,Sporting Goods,CU2016,Alder Trading Co,Corporate & B2B Buyer,A,2428.93,28.2149,23.4456,27.1119,29.7522,32.6845,0.1885,0.1484,0.2384,Below target,True,Sales manager,2843.87,10732.47,0.169,89.96,151.0,0.0473
2026-06-01,20045,Safety Boots - National brand,Apparel & Accessories,CU2016,Alder Trading Co,Corporate & B2B Buyer,A,775.14,21.4193,17.3472,21.8707,23.856,26.0333,0.0798,0.1031,0.1931,Below floor,False,VP Finance,1524.04,1072.48,0.1901,105.72,0.0,0.0
2026-06-01,20154,Aquarium Filter - Premium brand,Pet Supplies,CU2016,Alder Trading Co,Corporate & B2B Buyer,A,70.22,48.5517,40.5444,46.3684,51.081,56.3613,0.2217,0.1774,0.2674,Below target,True,Sales manager,130.12,631.18,0.1649,117.81,120.0,0.1172
2026-06-01,20121,Copy Paper - National brand,Office & Stationery,CU2016,Alder Trading Co,Corporate & B2B Buyer,A,1067.8,18.8226,14.5139,19.0102,20.6779,22.5135,0.1052,0.1166,0.2066,Below floor,False,VP Finance,1571.77,1630.1,0.2289,126.57,0.0,0.0
2026-06-01,20182,USB-C Charger - Value,Consumer Electronics,CU2016,Alder Trading Co,Corporate & B2B Buyer,A,183.55,27.4953,22.1555,25.6585,27.8405,30.2149,0.1488,0.0719,0.1619,Below target,True,Rep,53.1,605.29,0.1942,112.01,31.0,0.051
2026-06-01,20196,Cycling Helmet - National brand,Sporting Goods,CU2016,Alder Trading Co,Corporate & B2B Buyer,A,411.98,30.5013,25.228,26.3777,28.706,31.2537,0.2423,0.0942,0.1842,At target,True,None,0.0,2517.86,0.1729,91.05,0.0,0.0
2026-06-01,20147,Laptop Sleeve - Value,Apparel & Accessories,CU2016,Alder Trading Co,Corporate & B2B Buyer,A,323.69,30.7308,25.5477,26.2233,28.5421,31.0791,0.2534,0.0934,0.1834,At target,True,None,0.0,2095.15,0.1687,87.78,31.0,0.0085
2026-06-01,20126,Mechanical Keyboard - National brand,Consumer Electronics,CU2016,Alder Trading Co,Corporate & B2B Buyer,A,157.16,47.2329,38.2929,33.4957,36.2113,39.1845,0.4204,0.0962,0.1862,Above stretch,True,None,0.0,2530.2,0.1893,92.52,92.0,-0.009
2026-06-01,20210,Safety Boots - Premium brand,Apparel & Accessories,CU2016,Alder Trading Co,Corporate & B2B Buyer,A,704.43,47.1016,39.2508,42.7589,47.1315,52.0531,0.281,0.1915,0.2815,Below target,True,Rep,15.15,7768.17,0.1667,91.59,31.0,-0.0073
2026-06-01,20175,Cat Litter - Private label,Pet Supplies,CU2016,Alder Trading Co,Corporate & B2B Buyer,A,52.16,16.1177,13.2066,15.8214,17.5897,19.6245,0.2697,0.2529,0.3429,Below target,True,Commercial director,50.45,185.76,0.1806,,0.0,0.0
2026-06-01,20065,Adjustable Dumbbells - Private label,Sporting Goods,CU2016,Alder Trading Co,Corporate & B2B Buyer,A,928.98,39.5147,32.926,47.1563,52.7338,59.1585,0.0826,0.2554,0.3454,Below floor,False,VP Finance,8038.69,2526.27,0.1667,81.3,61.0,-0.014
2026-06-01,20038,Cycling Helmet - Value,Sporting Goods,CU2016,Alder Trading Co,Corporate & B2B Buyer,A,148.66,69.0054,55.2612,79.3891,86.4191,94.0651,-0.1052,0.0696,0.1596,Loss-making,False,VP Finance,2175.56,-864.43,0.1992,,61.0,-0.0015
2026-06-01,20082,Smart Plug - Private label,Consumer Electronics,CU2016,Alder Trading Co,Corporate & B2B Buyer,A,1870.34,33.2732,26.814,26.6926,29.4293,32.5684,0.43,0.2446,0.3346,Above stretch,True,None,0.0,21564.46,0.1941,114.55,31.0,0.0497
2026-06-01,20180,Sunscreen SPF50 - National brand,Health & Beauty,CU2016,Alder Trading Co,Corporate & B2B Buyer,A,3078.83,17.3155,14.1321,15.8333,17.2279,18.7536,0.1887,0.0936,0.1836,At target,True,None,0.0,8208.78,0.1838,96.9,61.0,-0.0207
2026-06-01,20090,Yoga Mat - Private label,Sporting Goods,CU2016,Alder Trading Co,Corporate & B2B Buyer,A,1502.89,31.9466,26.1955,41.5741,46.2966,51.6784,-0.0567,0.2273,0.3173,Loss-making,False,VP Finance,14723.41,-2231.64,0.18,105.38,1004.0,0.4546
2026-06-01,20141,Socket Set - Premium brand,Tools & Hardware,CU2017,Kootenay Larder,Government & Education,C,158.34,48.9453,44.219,34.1193,37.746,41.8138,0.4553,0.1806,0.2706,Above stretch,True,None,0.0,3188.08,0.0966,103.9,0.0,0.0
2026-06-01,20221,Laptop Sleeve - National brand,Apparel & Accessories,CU2017,Kootenay Larder,Government & Education,C,43.47,20.9311,18.8484,22.4456,24.7486,27.2818,0.043,0.1142,0.2042,Below floor,False,VP Finance,132.06,35.25,0.0995,93.77,31.0,-0.0118
2026-06-01,20114,Fastener Assortment - National brand,Tools & Hardware,CU2017,Kootenay Larder,Government & Education,C,40.59,59.7687,54.3032,48.0545,52.6394,57.6314,0.2738,0.074,0.164,Above stretch,True,None,0.0,603.4,0.0914,99.22,31.0,-0.0031
2026-06-01,20006,Electric Toothbrush - Premium brand,Health & Beauty,CU2017,Kootenay Larder,Government & Education,C,112.84,39.5369,36.216,28.9265,32.0382,35.5159,0.4127,0.1694,0.2594,Above stretch,True,None,0.0,1686.73,0.084,,31.0,0.0267
2026-06-01,20056,Chew Toy Pack - Premium brand,Pet Supplies,CU2017,Kootenay Larder,Government & Education,C,97.58,49.7535,45.4226,47.3863,52.6484,58.5372,0.2167,0.1736,0.2636,Below target,True,Sales manager,208.02,960.34,0.087,99.21,61.0,0.1081
2026-06-01,20034,Smart Plug - Premium brand,Consumer Electronics,CU2017,Kootenay Larder,Government & Education,C,236.98,84.2948,76.7846,50.6634,55.798,61.5092,0.5243,0.1536,0.2436,Above stretch,True,None,0.0,9540.74,0.0891,102.91,0.0,0.0
2026-06-01,20205,Aquarium Filter - National brand,Pet Supplies,CU2017,Kootenay Larder,Government & Education,C,87.99,21.5396,19.2081,19.8928,21.8333,23.9574,0.173,0.0955,0.1855,Below target,True,Rep,21.05,292.47,0.1082,80.75,0.0,0.0
2026-06-01,20067,Toner Cartridge - National brand,Office & Stationery,CU2017,Kootenay Larder,Government & Education,C,90.07,10.5402,9.1815,8.5577,9.3867,10.3022,0.3167,0.1285,0.2185,Above stretch,True,None,0.0,261.89,0.1289,116.51,120.0,0.0349
2026-06-01,20131,Air Fryer - Value,Home & Kitchen,CU2017,Kootenay Larder,Government & Education,C,15.0,29.9726,26.6688,25.7481,28.2315,30.9507,0.2397,0.0966,0.1866,At target,True,None,0.0,95.89,0.1102,93.69,0.0,0.0
2026-06-01,20081,Vacuum Sealer - Premium brand,Home & Kitchen,CU2017,Kootenay Larder,Government & Education,C,15.0,72.1736,62.6235,50.7261,55.7118,61.2793,0.4521,0.1667,0.2567,Above stretch,True,None,0.0,424.67,0.1323,128.43,61.0,0.0077
2026-06-01,20044,Laminator - Private label,Office & Stationery,CU2017,Kootenay Larder,Government & Education,C,15.0,17.2027,15.1566,16.0075,17.8835,20.0317,0.3001,0.2402,0.3302,Below target,True,Sales manager,6.84,68.23,0.1189,82.33,31.0,0.0131
2026-06-01,20087,Laptop Sleeve - Value,Apparel & Accessories,CU2017,Kootenay Larder,Government & Education,C,15.0,37.8687,34.3795,27.5375,30.1073,32.9012,0.3479,0.0678,0.1578,Above stretch,True,None,0.0,179.43,0.0921,92.75,61.0,-0.0769
2026-06-01,20106,Tool Chest - Private label,Tools & Hardware,CU2017,Kootenay Larder,Government & Education,C,33.78,22.4415,20.0089,17.9829,20.1403,22.6313,0.4259,0.2613,0.3513,At target,True,None,0.0,287.87,0.1084,69.24,31.0,-0.0476
2026-06-01,20072,Toner Cartridge - National brand,Office & Stationery,CU2018,Chilcotin Hospitality,Independent Retailer,C,256.16,15.2657,13.9948,13.224,14.5595,16.0249,0.2351,0.1045,0.1945,At target,True,None,0.0,842.97,0.0833,105.33,999.0,0.0
2026-06-01,20088,Hair Dryer - Premium brand,Health & Beauty,CU2018,Chilcotin Hospitality,Independent Retailer,C,432.55,17.5796,16.061,14.9218,16.5306,18.3236,0.2992,0.1602,0.2502,At target,True,None,0.0,2078.4,0.0864,73.34,0.0,0.0
2026-06-01,20148,Bluetooth Speaker - Value,Consumer Electronics,CU2018,Chilcotin Hospitality,Independent Retailer,C,15.0,67.3491,62.8739,36.5277,40.0239,43.8407,0.5335,0.0849,0.1749,Above stretch,True,None,0.0,503.14,0.0664,89.27,999.0,0.0
2026-06-01,20164,LED Floor Lamp - National brand,Home & Kitchen,CU2018,Chilcotin Hospitality,Independent Retailer,C,115.66,53.0555,49.4766,49.2334,54.1104,59.4121,0.1395,0.0675,0.1575,Below target,True,Rep,102.79,798.49,0.0675,103.57,0.0,0.0
2026-06-01,20179,Nonstick Cookware Set - Private label,Home & Kitchen,CU2018,Chilcotin Hospitality,Independent Retailer,C,131.64,45.9419,42.2707,36.1301,40.5982,45.7467,0.4289,0.2562,0.3462,Above stretch,True,None,0.0,2386.34,0.0799,83.32,120.0,0.0676
2026-06-01,20207,Hair Dryer - Value,Health & Beauty,CU2018,Chilcotin Hospitality,Independent Retailer,C,34.12,12.0683,10.9093,9.9362,10.8788,11.9046,0.2534,0.072,0.162,Above stretch,True,None,0.0,94.31,0.096,106.71,31.0,0.0492
2026-06-01,20230,Air Fryer - Private label,Home & Kitchen,CU2018,Chilcotin Hospitality,Independent Retailer,C,390.05,42.2426,39.2213,28.8076,32.2938,36.2921,0.5032,0.2443,0.3343,Above stretch,True,None,0.0,7697.48,0.0715,107.18,120.0,0.1276
2026-06-01,20102,Blender - National brand,Home & Kitchen,CU2018,Chilcotin Hospitality,Independent Retailer,C,114.55,68.5666,63.2328,48.0071,52.8168,58.1037,0.4004,0.1115,0.2015,Above stretch,True,None,0.0,2900.13,0.0778,94.03,31.0,0.0097
2026-06-01,20006,Electric Toothbrush - Premium brand,Health & Beauty,CU2018,Chilcotin Hospitality,Independent Retailer,C,292.67,39.5369,36.8228,28.3197,31.4314,34.9091,0.4224,0.1694,0.2594,Above stretch,True,None,0.0,4552.42,0.0686,,31.0,0.0267
2026-06-01,20108,Cotton T-Shirt 5pk - Value,Apparel & Accessories,CU2018,Chilcotin Hospitality,Independent Retailer,C,15.0,27.1312,24.7948,15.6132,17.0616,18.6428,0.51,0.085,0.175,Above stretch,True,None,0.0,189.7,0.0861,101.13,120.0,-0.0203
2026-06-01,20191,27in Monitor - Value,Consumer Electronics,CU2018,Chilcotin Hospitality,Independent Retailer,C,439.46,55.9879,52.1965,43.9052,48.341,53.1972,0.3053,0.0961,0.1861,Above stretch,True,None,0.0,7003.94,0.0677,101.03,31.0,0.0468
2026-06-01,20147,Laptop Sleeve - Value,Apparel & Accessories,CU2018,Chilcotin Hospitality,Independent Retailer,C,60.49,30.7308,28.4101,23.3609,25.6797,28.2167,0.3286,0.0934,0.1834,Above stretch,True,None,0.0,564.68,0.0755,87.78,31.0,0.0085
2026-06-01,20197,Hair Dryer - Premium brand,Health & Beauty,CU2018,Chilcotin Hospitality,Independent Retailer,C,135.69,15.9371,13.5921,14.1991,15.6447,17.2617,0.2779,0.172,0.262,At target,True,None,0.0,512.49,0.1471,,31.0,0.0491
2026-06-01,20065,Adjustable Dumbbells - Private label,Sporting Goods,CU2019,Kootenay Grill House,E-commerce Pure-Play,C,151.96,39.5147,36.6505,43.4318,49.0093,55.434,0.1758,0.2554,0.3454,Below floor,False,VP Finance,944.46,979.22,0.0725,81.3,61.0,-0.014
2026-06-01,20037,Socket Set - National brand,Tools & Hardware,CU2019,Kootenay Grill House,E-commerce Pure-Play,C,183.08,32.366,26.6336,31.8053,34.7138,37.9038,0.1221,0.1032,0.1932,Below target,True,Commercial director,346.79,595.27,0.1771,84.0,0.0,0.0
2026-06-01,20057,Cordless Drill - National brand,Tools & Hardware,CU2019,Kootenay Grill House,E-commerce Pure-Play,C,22.05,39.9601,36.7562,32.7473,36.0364,39.6424,0.2779,0.1016,0.1916,Above stretch,True,None,0.0,225.23,0.0802,80.77,0.0,0.0
2026-06-01,20227,Socket Set - National brand,Tools & Hardware,CU2019,Kootenay Grill House,E-commerce Pure-Play,C,222.82,38.2576,35.1689,31.0667,34.1757,37.583,0.2841,0.1001,0.1901,Above stretch,True,None,0.0,2226.31,0.0807,98.9,61.0,-0.0331
2026-06-01,20151,Tool Chest - Private label,Tools & Hardware,CU2019,Kootenay Grill House,E-commerce Pure-Play,C,181.38,16.2665,14.2585,12.1194,13.5092,15.1099,0.4718,0.2552,0.3452,Above stretch,True,None,0.0,1220.23,0.1234,109.79,31.0,-0.0377
2026-06-01,20076,LED Floor Lamp - Private label,Home & Kitchen,CU2019,Kootenay Grill House,E-commerce Pure-Play,C,36.54,23.1834,21.1431,16.2507,18.109,20.2226,0.477,0.2218,0.3118,Above stretch,True,None,0.0,368.49,0.088,,999.0,0.0
2026-06-01,20158,Cutlery Block - Value,Home & Kitchen,CU2019,Kootenay Grill House,E-commerce Pure-Play,C,81.94,40.8763,37.5947,32.3342,35.4492,38.838,0.2818,0.0706,0.1606,Above stretch,True,None,0.0,868.01,0.0803,90.08,61.0,-0.034
2026-06-01,20026,Socket Set - National brand,Tools & Hardware,CU2019,Kootenay Grill House,E-commerce Pure-Play,C,15.0,44.0949,40.7006,40.176,44.3416,48.925,0.2005,0.1153,0.2053,Below target,True,Rep,2.94,122.4,0.077,99.42,0.0,0.0
2026-06-01,20233,Bedding Set - National brand,Home & Kitchen,CU2019,Kootenay Grill House,E-commerce Pure-Play,C,15.0,53.8505,50.04,37.9693,41.889,46.2143,0.4032,0.1257,0.2157,Above stretch,True,None,0.0,302.62,0.0708,91.85,999.0,0.0
2026-06-01,20013,Webcam - National brand,Consumer Electronics,CU2020,Cedar Larder,Marketplace Seller,C,1023.88,78.5651,72.7402,50.2478,55.1438,60.5002,0.4463,0.0934,0.1834,Above stretch,True,None,0.0,33241.7,0.0741,104.32,0.0,0.0
2026-06-01,20131,Air Fryer - Value,Home & Kitchen,CU2020,Cedar Larder,Marketplace Seller,C,15.74,29.9726,27.3823,25.0346,27.518,30.2372,0.2595,0.0966,0.1866,At target,True,None,0.0,111.85,0.0864,93.69,0.0,0.0
2026-06-01,20089,Bluetooth Speaker - National brand,Consumer Electronics,CU2020,Cedar Larder,Marketplace Seller,C,381.93,58.5054,53.7433,47.8225,52.5654,57.7537,0.2732,0.0929,0.1829,Above stretch,True,None,0.0,5607.95,0.0814,102.03,31.0,0.0614
2026-06-01,20070,Fastener Assortment - Value,Tools & Hardware,CU2020,Cedar Larder,Marketplace Seller,C,15.0,14.8741,13.1285,15.1293,16.5851,18.1735,0.0648,0.0826,0.1726,Below floor,False,VP Finance,21.24,12.75,0.1174,65.48,61.0,0.0168
2026-06-01,20205,Aquarium Filter - National brand,Pet Supplies,CU2020,Cedar Larder,Marketplace Seller,C,85.59,21.5396,19.5619,19.539,21.4795,23.6036,0.188,0.0955,0.1855,At target,True,None,0.0,314.77,0.0918,80.75,0.0,0.0
2026-06-01,20119,HDMI Cable - National brand,Consumer Electronics,CU2020,Cedar Larder,Marketplace Seller,C,734.95,40.4651,37.386,25.4873,27.9174,30.5672,0.4486,0.0801,0.1701,Above stretch,True,None,0.0,12327.1,0.0761,84.61,61.0,0.0129
2026-06-01,20137,Bluetooth Speaker - Private label,Consumer Electronics,CU2020,Cedar Larder,Marketplace Seller,C,908.56,67.4293,62.6593,53.9326,60.6847,68.4601,0.4152,0.2547,0.3447,At target,True,None,0.0,23639.28,0.0707,121.68,31.0,0.0436
2026-06-01,20229,Chew Toy Pack - National brand,Pet Supplies,CU2020,Cedar Larder,Marketplace Seller,C,171.93,21.5552,19.6285,19.0537,20.9008,22.9127,0.1933,0.0755,0.1655,At target,True,None,0.0,652.41,0.0894,,0.0,0.0
2026-06-01,20216,Work Gloves - National brand,Tools & Hardware,CU2021,Marine Larder,Corporate & B2B Buyer,D,37.52,41.3841,38.6945,32.1212,35.3476,38.8734,0.3071,0.089,0.179,Above stretch,True,None,0.0,445.82,0.065,,1035.0,-0.0147
2026-06-01,20066,Laser Measure - National brand,Tools & Hardware,CU2021,Marine Larder,Corporate & B2B Buyer,D,446.42,16.3595,14.529,11.6138,12.6846,13.8543,0.3857,0.0877,0.1777,Above stretch,True,None,0.0,2501.6,0.1119,85.95,31.0,-0.0174
2026-06-01,20059,Desk Organiser - Value,Office & Stationery,CU2021,Marine Larder,Corporate & B2B Buyer,D,15.0,12.0681,10.2367,12.2351,13.382,14.6368,0.0788,0.0936,0.1836,Below floor,False,VP Finance,16.09,12.1,0.1518,115.8,61.0,0.0713
2026-06-01,20210,Safety Boots - Premium brand,Apparel & Accessories,CU2021,Marine Larder,Corporate & B2B Buyer,D,47.05,47.1016,44.1025,37.9072,42.2798,47.2014,0.3601,0.1915,0.2815,At target,True,None,0.0,747.12,0.0637,91.59,31.0,-0.0073
2026-06-01,20059,Desk Organiser - Value,Office & Stationery,CU2022,Summit Supply,Regional Retail Chain,A,49.3,12.0681,8.4855,13.9863,15.1332,16.388,-0.1113,0.0936,0.1836,Loss-making,False,VP Finance,123.37,-46.56,0.2969,115.8,61.0,0.0713
2026-06-01,20100,HDMI Cable - Value,Consumer Electronics,CU2022,Summit Supply,Regional Retail Chain,A,1993.44,18.7307,13.3833,20.4703,22.1066,23.89,-0.0416,0.0782,0.1682,Loss-making,False,VP Finance,5597.72,-1110.35,0.2855,,92.0,0.0625
2026-06-01,20043,HDMI Cable - Value,Consumer Electronics,CU2022,Summit Supply,Regional Retail Chain,A,15.0,39.5936,29.4654,34.5698,37.1681,39.9899,0.2231,0.0634,0.1534,At target,True,None,0.0,98.6,0.2558,119.95,61.0,0.1294
2026-06-01,20009,Toner Cartridge - Private label,Office & Stationery,CU2022,Summit Supply,Regional Retail Chain,A,88.32,34.6318,25.6851,28.6613,31.3644,34.4758,0.4271,0.2536,0.3436,Above stretch,True,None,0.0,968.88,0.2583,117.33,31.0,0.0371
2026-06-01,20214,Safety Boots - National brand,Apparel & Accessories,CU2022,Summit Supply,Regional Retail Chain,A,1387.42,16.1493,9.2013,20.7883,22.2892,23.9259,-0.3837,0.0801,0.1701,Loss-making,False,VP Finance,7069.66,-4898.15,0.4302,90.76,61.0,0.0039
2026-06-01,20223,Desk Organiser - Private label,Office & Stationery,CU2022,Summit Supply,Regional Retail Chain,A,675.4,15.1297,11.1573,16.2964,18.0076,19.9837,0.1846,0.2618,0.3518,Below floor,False,VP Finance,1259.92,1391.12,0.2626,82.53,31.0,0.0379
2026-06-01,20073,Gel Pens - Value,Office & Stationery,CU2022,Summit Supply,Regional Retail Chain,A,1080.36,30.3209,21.2069,30.9675,33.3707,35.9988,0.0639,0.0916,0.1816,Below floor,False,VP Finance,2696.55,1464.1,0.3006,92.17,0.0,0.0
2026-06-01,20033,Hair Dryer - Value,Health & Beauty,CU2022,Summit Supply,Regional Retail Chain,A,270.6,17.0921,12.453,17.1158,18.4377,19.8722,0.0587,0.0605,0.1505,Below floor,False,Commercial director,309.32,197.84,0.2714,104.24,0.0,0.0
2026-06-01,20209,Desk Organiser - National brand,Office & Stationery,CU2022,Summit Supply,Regional Retail Chain,A,597.61,16.1262,11.7056,17.5921,19.1438,20.8658,0.039,0.146,0.236,Below floor,False,VP Finance,1377.74,273.17,0.2741,102.72,31.0,0.0743
2026-06-01,20169,Laser Measure - Value,Tools & Hardware,CU2022,Summit Supply,Regional Retail Chain,A,164.43,23.5116,17.5368,23.9674,25.981,28.191,0.0826,0.1058,0.1958,Below floor,False,VP Finance,326.54,238.06,0.2541,99.38,61.0,-0.0203
2026-06-01,20175,Cat Litter - Private label,Pet Supplies,CU2022,Summit Supply,Regional Retail Chain,A,41.06,16.1177,11.4742,17.5538,19.3221,21.3569,0.1594,0.2529,0.3429,Below floor,False,VP Finance,86.46,75.09,0.2881,,0.0,0.0
2026-06-01,20016,Gel Pens - National brand,Office & Stationery,CU2022,Summit Supply,Regional Retail Chain,A,125.8,20.8333,13.792,20.8289,22.3463,24.0058,0.0925,0.0922,0.1822,Below target,True,Commercial director,155.65,160.47,0.338,84.47,31.0,0.0188
2026-06-01,20012,Vacuum Sealer - Private label,Home & Kitchen,CU2022,Summit Supply,Regional Retail Chain,A,313.11,17.936,13.3222,12.4868,13.5488,14.766,0.5525,0.2428,0.3328,Above stretch,True,None,0.0,2304.74,0.2572,84.02,31.0,-0.0361
2026-06-01,20018,Mechanical Keyboard - Premium brand,Consumer Electronics,CU2022,Summit Supply,Regional Retail Chain,A,184.16,83.3453,63.5998,59.3898,64.0014,69.1052,0.4616,0.1363,0.2263,Above stretch,True,None,0.0,5406.75,0.2369,62.25,120.0,-0.0408
2026-06-01,20129,Filing Boxes - National brand,Office & Stationery,CU2022,Summit Supply,Regional Retail Chain,A,495.62,22.9428,16.6668,22.8655,24.6862,26.6765,0.0942,0.09,0.18,Below target,True,Commercial director,708.55,778.32,0.2735,92.03,0.0,0.0
2026-06-01,20003,Storage Bins - National brand,Home & Kitchen,CU2022,Summit Supply,Regional Retail Chain,A,1325.68,31.045,22.107,31.3089,33.7423,36.3973,0.0716,0.0826,0.1726,Below floor,False,VP Finance,2958.61,2099.74,0.2879,99.95,0.0,0.0
2026-06-01,20029,Fastener Assortment - Private label,Tools & Hardware,CU2022,Summit Supply,Regional Retail Chain,A,739.85,37.1982,25.72,31.6738,34.5205,37.8211,0.428,0.2715,0.3615,At target,True,None,0.0,8143.9,0.3086,117.75,92.0,-0.0304
2026-06-01,20154,Aquarium Filter - Premium brand,Pet Supplies,CU2022,Summit Supply,Regional Retail Chain,A,106.82,48.5517,35.63,51.2828,55.9954,61.2757,0.1143,0.1774,0.2674,Below floor,False,VP Finance,582.52,435.21,0.2661,117.81,120.0,0.1172
2026-06-01,20201,Dry Dog Food - Value,Pet Supplies,CU2022,Summit Supply,Regional Retail Chain,A,485.47,22.126,15.9044,27.1555,29.4692,32.0019,-0.1903,0.0957,0.1857,Loss-making,False,VP Finance,2902.89,-1469.08,0.2812,107.98,31.0,0.0207
2026-06-01,20012,Vacuum Sealer - Private label,Home & Kitchen,CU2023,Summit Provisions,E-commerce Pure-Play,A,610.46,17.936,13.4475,12.3615,13.4235,14.6407,0.5567,0.2428,0.3328,Above stretch,True,None,0.0,4569.96,0.2503,84.02,31.0,-0.0361
2026-06-01,20186,Camping Tent - Value,Sporting Goods,CU2023,Summit Provisions,E-commerce Pure-Play,A,3129.02,72.657,50.911,77.7853,84.1413,91.1373,0.0275,0.1165,0.2065,Below floor,False,VP Finance,28514.2,4381.57,0.2993,81.91,120.0,0.1184
2026-06-01,20221,Laptop Sleeve - National brand,Apparel & Accessories,CU2023,Summit Provisions,E-commerce Pure-Play,A,539.72,20.9311,16.228,25.066,27.369,29.9022,-0.1115,0.1142,0.2042,Loss-making,False,VP Finance,2765.12,-976.62,0.2247,93.77,31.0,-0.0118
2026-06-01,20064,Blender - National brand,Home & Kitchen,CU2023,Summit Provisions,E-commerce Pure-Play,A,485.64,54.383,44.2086,55.9163,61.0777,66.7526,0.0816,0.1124,0.2024,Below floor,False,VP Finance,2593.18,1752.24,0.1871,95.12,0.0,0.0
2026-06-01,20117,LED Floor Lamp - National brand,Home & Kitchen,CU2023,Summit Provisions,E-commerce Pure-Play,A,644.53,15.5127,11.6435,13.7033,14.7802,15.957,0.2299,0.0882,0.1782,At target,True,None,0.0,1725.28,0.2494,88.6,999.0,0.0
2026-06-01,20026,Socket Set - National brand,Tools & Hardware,CU2023,Summit Provisions,E-commerce Pure-Play,A,60.02,44.0949,35.2708,45.6058,49.7714,54.3548,0.0774,0.1153,0.2053,Below floor,False,VP Finance,270.76,163.85,0.2001,99.42,0.0,0.0
2026-06-01,20176,Work Gloves - Value,Tools & Hardware,CU2023,Summit Provisions,E-commerce Pure-Play,A,2093.71,54.8279,43.469,39.7922,42.847,46.1716,0.3932,0.0723,0.1623,Above stretch,True,None,0.0,35784.44,0.2072,,31.0,-0.037
2026-06-01,20211,Storage Bins - National brand,Home & Kitchen,CU2023,Summit Provisions,E-commerce Pure-Play,A,356.68,39.7418,31.7629,44.0506,48.1026,52.5534,-0.0121,0.1088,0.1988,Loss-making,False,VP Finance,2389.28,-137.04,0.2008,110.52,999.0,0.0
2026-06-01,20162,Gel Pens - Private label,Office & Stationery,CU2023,Summit Provisions,E-commerce Pure-Play,A,63.6,22.2327,17.3101,16.2312,17.7413,19.4677,0.5009,0.236,0.326,Above stretch,True,None,0.0,551.43,0.2214,113.57,61.0,0.0768
2026-06-01,20061,Multivitamin - Premium brand,Health & Beauty,CU2023,Summit Provisions,E-commerce Pure-Play,A,1074.51,23.3185,18.2007,21.091,23.0243,25.1831,0.2684,0.1664,0.2564,At target,True,None,0.0,5249.41,0.2195,108.31,1004.0,0.0516
2026-06-01,20028,Adjustable Dumbbells - Value,Sporting Goods,CU2023,Summit Provisions,E-commerce Pure-Play,A,3658.99,32.4259,26.0888,27.0192,29.3067,31.8113,0.2836,0.0963,0.1863,Above stretch,True,None,0.0,27070.67,0.1954,93.25,1035.0,-0.1147
2026-06-01,20145,Laminator - Premium brand,Office & Stationery,CU2023,Summit Provisions,E-commerce Pure-Play,A,627.35,19.6128,15.2283,22.2211,24.3372,26.6894,0.0061,0.1514,0.2414,Below floor,False,VP Finance,2248.37,57.84,0.2236,88.3,31.0,0.0766
2026-06-01,20239,HDMI Cable - National brand,Consumer Electronics,CU2023,Summit Provisions,E-commerce Pure-Play,A,1604.91,53.4448,42.588,53.8865,58.6214,63.7999,0.0827,0.0921,0.1821,Below floor,False,Commercial director,6795.15,5651.37,0.2031,110.47,31.0,-0.0228
2026-06-01,20058,Safety Glasses - Value,Tools & Hardware,CU2023,Summit Provisions,E-commerce Pure-Play,A,2157.18,37.7875,29.5122,39.5505,42.957,46.6747,0.029,0.0837,0.1737,Below floor,False,VP Finance,9214.54,1843.74,0.219,85.16,182.0,0.1473
2026-06-01,20039,Blender - Premium brand,Home & Kitchen,CU2023,Summit Provisions,E-commerce Pure-Play,A,465.3,90.0981,72.4775,80.9689,88.6932,97.333,0.2762,0.1719,0.2619,At target,True,None,0.0,9314.75,0.1956,,61.0,0.0098
2026-06-01,20030,Dry Dog Food - National brand,Pet Supplies,CU2023,Summit Provisions,E-commerce Pure-Play,A,1532.41,16.4217,12.352,17.365,18.8234,20.4173,0.02,0.0895,0.1795,Below floor,False,VP Finance,3019.74,377.89,0.2478,100.0,151.0,0.1754
2026-06-01,20000,Wireless Earbuds - Private label,Consumer Electronics,CU2023,Summit Provisions,E-commerce Pure-Play,A,1146.52,52.2297,41.3917,52.6956,58.1529,64.3551,0.2109,0.2197,0.3097,Below floor,False,Commercial director,4687.9,10009.35,0.2075,105.17,151.0,-0.1068
2026-06-01,20168,Aquarium Filter - Premium brand,Pet Supplies,CU2023,Summit Provisions,E-commerce Pure-Play,A,262.63,16.8263,12.5088,20.8187,22.7965,25.0,-0.1093,0.1591,0.2491,Loss-making,False,VP Finance,1177.38,-359.04,0.2566,101.55,1004.0,0.5487
2026-06-01,20102,Blender - National brand,Home & Kitchen,CU2023,Summit Provisions,E-commerce Pure-Play,A,291.31,68.5666,55.1145,56.1254,60.9351,66.222,0.3121,0.1115,0.2015,Above stretch,True,None,0.0,5010.33,0.1962,94.03,31.0,0.0097
2026-06-01,20131,Air Fryer - Value,Home & Kitchen,CU2023,Summit Provisions,E-commerce Pure-Play,A,169.18,29.9726,23.9984,28.4185,30.9019,33.6211,0.1551,0.0966,0.1866,Below target,True,Sales manager,127.88,629.72,0.1993,93.69,0.0,0.0
2026-06-01,20055,Smart Plug - Premium brand,Consumer Electronics,CU2023,Summit Provisions,E-commerce Pure-Play,A,1975.5,149.2509,121.1866,98.5825,106.8701,116.063,0.502,0.1442,0.2342,Above stretch,True,None,0.0,120183.69,0.188,,61.0,0.0838
2026-06-01,20084,Webcam - Value,Consumer Electronics,CU2023,Summit Provisions,E-commerce Pure-Play,A,10617.78,18.239,14.1509,13.6914,14.7124,15.8213,0.3645,0.0635,0.1535,Above stretch,True,None,0.0,54760.14,0.2241,100.24,31.0,0.0374
2026-06-01,20070,Fastener Assortment - Value,Tools & Hardware,CU2023,Summit Provisions,E-commerce Pure-Play,A,170.13,14.8741,11.0332,17.2246,18.6804,20.2688,-0.1128,0.0826,0.1726,Loss-making,False,VP Finance,535.8,-211.81,0.2582,65.48,61.0,0.0168
2026-06-01,20031,Body Wash - National brand,Health & Beauty,CU2024,Granville Foods,Corporate & B2B Buyer,D,15.0,7.3149,6.0705,5.8547,6.3662,6.9266,0.3156,0.0988,0.1888,Above stretch,True,None,0.0,28.74,0.1701,,61.0,-0.0154
2026-06-01,20095,Gel Pens - Private label,Office & Stationery,CU2024,Granville Foods,Corporate & B2B Buyer,D,15.0,16.5539,13.2353,20.3947,22.7897,25.5629,0.056,0.2683,0.3583,Below floor,False,VP Finance,60.02,11.11,0.2005,103.33,1035.0,0.5058
2026-06-01,20120,Bluetooth Speaker - Premium brand,Consumer Electronics,CU2024,Granville Foods,Corporate & B2B Buyer,D,48.09,68.1132,64.6003,38.2248,42.4735,47.2298,0.5565,0.1747,0.2647,Above stretch,True,None,0.0,1728.96,0.0516,100.4,0.0,0.0
2026-06-01,20077,Wireless Earbuds - Premium brand,Consumer Electronics,CU2024,Granville Foods,Corporate & B2B Buyer,D,167.39,129.0538,123.9025,88.7856,98.9697,110.3572,0.4404,0.1709,0.2609,Above stretch,True,None,0.0,9133.02,0.0399,,31.0,0.0123
2026-06-01,20143,Tool Chest - National brand,Tools & Hardware,CU2024,Granville Foods,Corporate & B2B Buyer,D,150.47,61.1792,57.5677,40.6662,44.7556,49.2308,0.4172,0.0945,0.1845,Above stretch,True,None,0.0,3613.49,0.059,90.22,31.0,-0.0316
2026-06-01,20023,Adjustable Dumbbells - National brand,Sporting Goods,CU2025,Fraser Larder,E-commerce Pure-Play,C,71.06,29.6354,26.8672,25.6004,28.1678,30.9884,0.2433,0.1096,0.1996,At target,True,None,0.0,464.55,0.0934,,0.0,0.0
2026-06-01,20047,Work Gloves - National brand,Tools & Hardware,CU2025,Fraser Larder,E-commerce Pure-Play,C,48.33,19.0082,16.8552,16.1825,17.7067,19.3693,0.2356,0.0816,0.1716,At target,True,None,0.0,191.89,0.1133,110.82,0.0,0.0
2026-06-01,20157,Camping Tent - Value,Sporting Goods,CU2025,Fraser Larder,E-commerce Pure-Play,C,52.48,51.8245,47.451,51.2274,56.3226,61.8817,0.0939,0.0824,0.1724,Below target,True,Commercial director,195.36,233.95,0.0844,70.38,120.0,0.0249
2026-06-01,20090,Yoga Mat - Private label,Sporting Goods,CU2025,Fraser Larder,E-commerce Pure-Play,C,401.39,31.9466,29.1824,38.5872,43.3097,48.6915,0.0515,0.2273,0.3173,Below floor,False,VP Finance,3113.81,602.89,0.0865,105.38,1004.0,0.4546
2026-06-01,20048,Adjustable Dumbbells - Value,Sporting Goods,CU2025,Fraser Larder,E-commerce Pure-Play,C,60.26,107.9141,100.2959,101.1049,111.5802,123.0805,0.1674,0.1068,0.1968,Below target,True,Sales manager,177.44,1011.98,0.0706,115.37,243.0,0.2042
2026-06-01,20035,Camping Tent - Premium brand,Sporting Goods,CU2025,Fraser Larder,E-commerce Pure-Play,C,149.16,47.4569,43.7968,31.0382,34.3131,37.9601,0.4734,0.1576,0.2476,Above stretch,True,None,0.0,3092.61,0.0771,97.02,61.0,-0.0111
2026-06-01,20083,Smart Plug - Private label,Consumer Electronics,CU2025,Fraser Larder,E-commerce Pure-Play,C,179.04,46.9708,43.1621,42.0813,47.4416,53.6461,0.3504,0.2674,0.3574,Below target,True,Rep,54.17,2707.73,0.0811,97.68,31.0,0.0249
2026-06-01,20220,Body Wash - Premium brand,Health & Beauty,CU2025,Fraser Larder,E-commerce Pure-Play,C,223.49,17.6496,15.5698,12.2216,13.4815,14.8967,0.4695,0.1855,0.2755,Above stretch,True,None,0.0,1633.56,0.1178,104.34,61.0,0.0275
2026-06-01,20022,Tool Chest - Value,Tools & Hardware,CU2025,Fraser Larder,E-commerce Pure-Play,C,167.38,46.3595,37.7369,49.7124,54.1976,59.0949,0.0042,0.0855,0.1755,Below floor,False,VP Finance,1081.7,26.83,0.186,85.33,0.0,0.0
2026-06-01,20118,Blender - Premium brand,Home & Kitchen,CU2026,Riverside Kitchen Group,Marketplace Seller,D,25.74,81.3528,76.4141,67.1862,74.9252,83.6205,0.337,0.1861,0.2761,At target,True,None,0.0,662.83,0.0607,92.32,92.0,-0.0016
2026-06-01,20187,Dry Dog Food - Value,Pet Supplies,CU2026,Riverside Kitchen Group,Marketplace Seller,D,17.67,53.9498,50.3836,33.1108,36.3397,39.8661,0.4643,0.0865,0.1765,Above stretch,True,None,0.0,413.38,0.0661,105.73,0.0,0.0
2026-06-01,20056,Chew Toy Pack - Premium brand,Pet Supplies,CU2026,Riverside Kitchen Group,Marketplace Seller,D,150.82,49.7535,46.4037,46.4052,51.6673,57.5561,0.2332,0.1736,0.2636,Below target,True,Sales manager,212.55,1632.28,0.0673,99.21,61.0,0.1081
2026-06-01,20177,Nonstick Cookware Set - Value,Home & Kitchen,CU2026,Riverside Kitchen Group,Marketplace Seller,D,71.88,35.3179,32.4058,30.3516,33.3056,36.5219,0.2159,0.074,0.164,At target,True,None,0.0,502.93,0.0825,116.65,1035.0,0.0656
2026-06-01,20039,Blender - Premium brand,Home & Kitchen,CU2026,Riverside Kitchen Group,Marketplace Seller,D,57.11,90.0981,85.0976,68.3488,76.0731,84.7129,0.3835,0.1719,0.2619,Above stretch,True,None,0.0,1864.01,0.0555,,61.0,0.0098
2026-06-01,20183,Cooler Box - Premium brand,Sporting Goods,CU2026,Riverside Kitchen Group,Marketplace Seller,D,80.82,81.581,77.2268,62.1293,68.9883,76.6136,0.3655,0.1519,0.2419,Above stretch,True,None,0.0,2281.36,0.0534,143.46,61.0,-0.0696
2026-06-01,20127,Bedding Set - Premium brand,Home & Kitchen,CU2027,Summit Catering,Marketplace Seller,C,614.94,46.6331,42.7969,49.3815,55.1192,61.5862,0.1439,0.1956,0.2856,Below floor,False,VP Finance,3728.07,3788.21,0.0823,85.5,0.0,0.0
2026-06-01,20151,Tool Chest - Private label,Tools & Hardware,CU2027,Summit Catering,Marketplace Seller,C,213.92,16.2665,14.0694,12.3085,13.6983,15.299,0.4647,0.2552,0.3452,Above stretch,True,None,0.0,1398.69,0.1351,109.79,31.0,-0.0377
2026-06-01,20181,Desk Organiser - National brand,Office & Stationery,CU2027,Summit Catering,Marketplace Seller,C,15.0,19.831,17.4637,17.7158,19.4861,21.4417,0.2351,0.1297,0.2197,At target,True,None,0.0,61.59,0.1194,118.14,31.0,0.0465
2026-06-01,20016,Gel Pens - National brand,Office & Stationery,CU2027,Summit Catering,Marketplace Seller,C,54.27,20.8333,17.2126,17.4083,18.9257,20.5852,0.2728,0.0922,0.1822,Above stretch,True,None,0.0,254.86,0.1738,84.47,31.0,0.0188
2026-06-01,20234,Safety Glasses - National brand,Tools & Hardware,CU2027,Summit Catering,Marketplace Seller,C,45.99,35.4738,32.0818,32.1193,35.2788,38.734,0.1867,0.0917,0.1817,At target,True,None,0.0,275.42,0.0956,102.46,31.0,-0.001
2026-06-01,20114,Fastener Assortment - National brand,Tools & Hardware,CU2027,Summit Catering,Marketplace Seller,C,37.37,59.7687,54.8767,47.481,52.0659,57.0579,0.2813,0.074,0.164,Above stretch,True,None,0.0,576.97,0.0818,99.22,31.0,-0.0031
2026-06-01,20166,Storage Bins - Value,Home & Kitchen,CU2028,Riverside Butchery,Independent Retailer,C,25.35,15.6948,11.245,18.2386,19.7783,21.4674,-0.0987,0.104,0.194,Loss-making,False,VP Finance,83.44,-28.13,0.2835,102.4,0.0,0.0
2026-06-01,20169,Laser Measure - Value,Tools & Hardware,CU2028,Riverside Butchery,Independent Retailer,C,54.23,23.5116,20.2554,21.2488,23.2624,25.4724,0.2057,0.1058,0.1958,At target,True,None,0.0,225.94,0.1385,99.38,61.0,-0.0203
2026-06-01,20224,Laser Measure - Value,Tools & Hardware,CU2028,Riverside Butchery,Independent Retailer,C,115.34,12.3202,10.6072,10.576,11.5272,12.5622,0.2241,0.0714,0.1614,At target,True,None,0.0,274.16,0.139,85.35,151.0,-0.0116
2026-06-01,20160,Pet Bed - Private label,Pet Supplies,CU2028,Riverside Butchery,Independent Retailer,C,136.92,15.4086,13.2118,14.1445,15.7598,17.6124,0.3166,0.2443,0.3343,Below target,True,Rep,32.01,572.72,0.1426,111.94,61.0,0.1223
2026-06-01,20156,Resistance Bands - Value,Sporting Goods,CU2028,Riverside Butchery,Independent Retailer,C,50.3,73.2189,65.3569,53.96,58.8352,64.1243,0.3363,0.059,0.149,Above stretch,True,None,0.0,1105.53,0.1074,84.24,92.0,-0.0022
2026-06-01,20146,Fastener Assortment - Value,Tools & Hardware,CU2028,Riverside Butchery,Independent Retailer,C,15.0,17.6399,14.9202,15.7442,17.1545,18.6917,0.1958,0.0788,0.1688,At target,True,None,0.0,43.83,0.1542,85.93,1004.0,-0.0497
2026-06-01,20093,Vacuum Sealer - Private label,Home & Kitchen,CU2028,Riverside Butchery,Independent Retailer,C,18.61,61.7863,54.8023,49.9652,55.6774,62.2003,0.3983,0.2328,0.3228,At target,True,None,0.0,406.2,0.113,97.85,31.0,-0.0375
2026-06-01,20077,Wireless Earbuds - Premium brand,Consumer Electronics,CU2029,Kootenay Fine Foods,Independent Retailer,D,146.14,129.0538,122.0238,90.6643,100.8484,112.2359,0.4317,0.1709,0.2609,Above stretch,True,None,0.0,7699.04,0.0545,,31.0,0.0123
2026-06-01,20065,Adjustable Dumbbells - Private label,Sporting Goods,CU2029,Kootenay Fine Foods,Independent Retailer,D,36.16,39.5147,36.7221,43.3602,48.9377,55.3624,0.1774,0.2554,0.3454,Below floor,False,VP Finance,223.05,235.6,0.0707,81.3,61.0,-0.014
2026-06-01,20239,HDMI Cable - National brand,Consumer Electronics,CU2029,Kootenay Fine Foods,Independent Retailer,D,93.08,53.4448,50.4223,46.0522,50.7871,55.9656,0.2252,0.0921,0.1821,At target,True,None,0.0,1056.98,0.0566,110.47,31.0,-0.0228
2026-06-01,20089,Bluetooth Speaker - National brand,Consumer Electronics,CU2029,Kootenay Fine Foods,Independent Retailer,D,259.4,58.5054,54.7628,46.803,51.5459,56.7342,0.2867,0.0929,0.1829,Above stretch,True,None,0.0,4073.28,0.064,102.03,31.0,0.0614
2026-06-01,20034,Smart Plug - Premium brand,Consumer Electronics,CU2029,Kootenay Fine Foods,Independent Retailer,D,380.09,84.2948,80.147,47.301,52.4356,58.1468,0.5443,0.1536,0.2436,Above stretch,True,None,0.0,16580.32,0.0492,102.91,0.0,0.0
2026-06-01,20098,Electric Toothbrush - National brand,Health & Beauty,CU2029,Kootenay Fine Foods,Independent Retailer,D,24.63,22.0106,20.4187,15.3498,16.876,18.548,0.3927,0.0987,0.1887,Above stretch,True,None,0.0,197.5,0.0723,110.74,92.0,-0.0127
2026-06-01,20216,Work Gloves - National brand,Tools & Hardware,CU2029,Kootenay Fine Foods,Independent Retailer,D,77.69,41.3841,38.9589,31.8568,35.0832,38.609,0.3118,0.089,0.179,Above stretch,True,None,0.0,943.68,0.0586,,1035.0,-0.0147
2026-06-01,20216,Work Gloves - National brand,Tools & Hardware,CU2030,Mount Catering,Independent Retailer,B,314.72,41.3841,33.4412,37.3745,40.6009,44.1267,0.1982,0.089,0.179,At target,True,None,0.0,2086.28,0.1919,,1035.0,-0.0147
2026-06-01,20147,Laptop Sleeve - Value,Apparel & Accessories,CU2030,Mount Catering,Independent Retailer,B,95.58,30.7308,25.4273,26.3437,28.6625,31.1995,0.2498,0.0934,0.1834,At target,True,None,0.0,607.15,0.1726,87.78,31.0,0.0085
2026-06-01,20226,Cat Litter - Private label,Pet Supplies,CU2030,Mount Catering,Independent Retailer,B,55.74,15.2511,12.0511,12.1999,13.4594,14.9169,0.4525,0.2669,0.3569,Above stretch,True,None,0.0,303.97,0.2098,,0.0,0.0
2026-06-01,20067,Toner Cartridge - National brand,Office & Stationery,CU2030,Mount Catering,Independent Retailer,B,332.75,10.5402,8.6137,9.1255,9.9545,10.87,0.2716,0.1285,0.2185,At target,True,None,0.0,778.57,0.1828,116.51,120.0,0.0349
2026-06-01,20095,Gel Pens - Private label,Office & Stationery,CU2030,Mount Catering,Independent Retailer,B,85.77,16.5539,12.4561,21.1739,23.5689,26.3421,-0.0031,0.2683,0.3583,Loss-making,False,VP Finance,386.1,-3.3,0.2475,103.33,1035.0,0.5058
2026-06-01,20060,Storage Bins - Private label,Home & Kitchen,CU2030,Mount Catering,Independent Retailer,B,116.6,24.8285,19.7315,26.1917,29.0696,32.3778,0.1985,0.2503,0.3403,Below floor,False,VP Finance,326.23,456.7,0.2053,,151.0,0.0614
2026-06-01,20029,Fastener Assortment - Private label,Tools & Hardware,CU2030,Mount Catering,Independent Retailer,B,155.06,37.1982,29.4176,27.9762,30.8229,34.1235,0.4999,0.2715,0.3615,Above stretch,True,None,0.0,2280.17,0.2092,117.75,92.0,-0.0304
2026-06-01,20172,Dry-Erase Board - National brand,Office & Stationery,CU2030,Mount Catering,Independent Retailer,B,38.83,34.4733,28.0572,34.2776,37.3615,40.7384,0.1032,0.0969,0.1869,Below target,True,Commercial director,91.19,112.43,0.1861,105.24,61.0,0.0918
2026-06-01,20058,Safety Glasses - Value,Tools & Hardware,CU2030,Mount Catering,Independent Retailer,B,352.66,37.7875,30.7441,38.3186,41.7251,45.4428,0.0679,0.0837,0.1737,Below floor,False,VP Finance,1147.43,735.86,0.1864,85.16,182.0,0.1473
2026-06-01,20162,Gel Pens - Private label,Office & Stationery,CU2030,Mount Catering,Independent Retailer,B,31.09,22.2327,17.8801,15.6612,17.1713,18.8977,0.5168,0.236,0.326,Above stretch,True,None,0.0,287.28,0.1958,113.57,61.0,0.0768
2026-06-01,20139,Toner Cartridge - Private label,Office & Stationery,CU2030,Mount Catering,Independent Retailer,B,15.45,12.736,9.9095,14.4703,16.0832,17.9448,0.1308,0.2603,0.3503,Below floor,False,VP Finance,33.6,20.03,0.2219,83.22,61.0,0.1109
2026-06-01,20002,Safety Boots - Value,Apparel & Accessories,CU2030,Mount Catering,Independent Retailer,B,550.95,52.678,43.523,45.9948,50.0446,54.4729,0.2308,0.0913,0.1813,At target,True,None,0.0,5535.23,0.1738,87.93,120.0,0.0455
2026-06-01,20204,Pet Bed - Private label,Pet Supplies,CU2030,Mount Catering,Independent Retailer,B,109.37,24.7525,19.9572,24.9673,27.6585,30.7346,0.2272,0.2354,0.3254,Below floor,False,Commercial director,214.41,495.85,0.1937,86.99,151.0,0.1647
2026-06-01,20221,Laptop Sleeve - National brand,Apparel & Accessories,CU2030,Mount Catering,Independent Retailer,B,70.3,20.9311,16.8747,24.4193,26.7223,29.2555,-0.0689,0.1142,0.2042,Loss-making,False,VP Finance,323.99,-81.74,0.1938,93.77,31.0,-0.0118
2026-06-01,20156,Resistance Bands - Value,Sporting Goods,CU2030,Mount Catering,Independent Retailer,B,90.33,73.2189,59.9462,59.3707,64.2459,69.535,0.2764,0.059,0.149,Above stretch,True,None,0.0,1496.59,0.1813,84.24,92.0,-0.0022
2026-06-01,20173,Safety Boots - Value,Apparel & Accessories,CU2030,Mount Catering,Independent Retailer,B,2464.79,22.2417,18.1757,22.2188,24.2027,26.3694,0.0876,0.0865,0.1765,Below target,True,Commercial director,3980.42,3926.66,0.1828,94.94,31.0,-0.0715
2026-06-01,20198,Toner Cartridge - Premium brand,Office & Stationery,CU2030,Mount Catering,Independent Retailer,B,127.57,10.9395,8.6396,8.6601,9.4436,10.322,0.3959,0.1794,0.2694,Above stretch,True,None,0.0,436.34,0.2102,75.35,61.0,0.0485
2026-06-01,20185,Gel Pens - Private label,Office & Stationery,CU2030,Mount Catering,Independent Retailer,B,137.7,11.9205,8.9755,14.4633,16.1182,18.0469,0.0806,0.2836,0.3736,Below floor,False,VP Finance,362.07,99.67,0.2471,,61.0,0.0843
2026-06-01,20103,Safety Glasses - Private label,Tools & Hardware,CU2030,Mount Catering,Independent Retailer,B,122.15,37.7585,31.2386,29.3161,32.361,35.8424,0.4426,0.2362,0.3262,Above stretch,True,None,0.0,1688.96,0.1727,111.84,61.0,-0.001
2026-06-01,20209,Desk Organiser - National brand,Office & Stationery,CU2030,Mount Catering,Independent Retailer,B,292.49,16.1262,12.8601,16.4376,17.9893,19.7113,0.1253,0.146,0.236,Below floor,False,VP Finance,416.33,471.38,0.2025,102.72,31.0,0.0743
2026-06-01,20045,Safety Boots - National brand,Apparel & Accessories,CU2030,Mount Catering,Independent Retailer,B,385.59,21.4193,17.4671,21.7508,23.7361,25.9134,0.0861,0.1031,0.1931,Below floor,False,VP Finance,720.82,579.73,0.1845,105.72,0.0,0.0
2026-06-01,20103,Safety Glasses - Private label,Tools & Hardware,CU2031,Juniper Public House,Corporate & B2B Buyer,D,55.64,37.7585,34.7242,25.8305,28.8754,32.3568,0.4986,0.2362,0.3262,Above stretch,True,None,0.0,963.27,0.0804,111.84,61.0,-0.001
2026-06-01,20124,Cat Litter - National brand,Pet Supplies,CU2031,Juniper Public House,Corporate & B2B Buyer,D,166.56,15.8262,13.6109,15.4261,16.8317,18.3584,0.0916,0.0641,0.1541,Below target,True,Commercial director,141.67,207.68,0.14,115.53,0.0,0.0
2026-06-01,20199,Sunscreen SPF50 - Value,Health & Beauty,CU2031,Juniper Public House,Corporate & B2B Buyer,D,73.03,15.0327,13.012,14.9541,16.3293,17.8229,0.0693,0.0636,0.1536,Below target,True,Commercial director,80.15,65.81,0.1344,,61.0,-0.0305
2026-06-01,20201,Dry Dog Food - Value,Pet Supplies,CU2031,Juniper Public House,Corporate & B2B Buyer,D,40.78,22.126,19.5365,23.5234,25.8371,28.3698,0.031,0.0957,0.1857,Below floor,False,VP Finance,123.23,24.71,0.117,107.98,31.0,0.0207
2026-06-01,20064,Blender - National brand,Home & Kitchen,CU2031,Juniper Public House,Corporate & B2B Buyer,D,24.77,54.383,50.9806,49.1443,54.3057,59.9806,0.2036,0.1124,0.2024,At target,True,None,0.0,257.12,0.0626,95.12,0.0,0.0
2026-06-01,20136,Safety Boots - Private label,Apparel & Accessories,CU2032,Mount Foods,Sub-Distributor,D,20.7,18.1984,15.4886,20.7033,23.2089,26.1048,0.1446,0.2637,0.3537,Below floor,False,VP Finance,67.03,46.37,0.1489,96.42,61.0,-0.031
2026-06-01,20125,Hair Dryer - Value,Health & Beauty,CU2032,Mount Foods,Sub-Distributor,D,15.0,14.6716,12.2819,12.4582,13.5333,14.7018,0.2352,0.0671,0.1571,At target,True,None,0.0,43.34,0.1629,102.05,1035.0,-0.0936
2026-06-01,20221,Laptop Sleeve - National brand,Apparel & Accessories,CU2032,Mount Foods,Sub-Distributor,D,18.54,20.9311,17.8298,23.4642,25.7672,28.3004,-0.0116,0.1142,0.2042,Loss-making,False,VP Finance,71.35,-3.85,0.1482,93.77,31.0,-0.0118
2026-06-01,20089,Bluetooth Speaker - National brand,Consumer Electronics,CU2032,Mount Foods,Sub-Distributor,D,85.01,58.5054,54.1853,47.3805,52.1234,57.3117,0.2791,0.0929,0.1829,Above stretch,True,None,0.0,1285.79,0.0738,102.03,31.0,0.0614
2026-06-01,20210,Safety Boots - Premium brand,Apparel & Accessories,CU2032,Mount Foods,Sub-Distributor,D,62.87,47.1016,43.2271,38.7826,43.1552,48.0768,0.3471,0.1915,0.2815,At target,True,None,0.0,943.3,0.0823,91.59,31.0,-0.0073
2026-06-01,20001,Multivitamin - Private label,Health & Beauty,CU2033,Selkirk Butchery,Independent Retailer,D,21.47,19.9168,14.9383,20.326,22.4527,24.9074,0.2402,0.2605,0.3505,Below floor,False,VP Finance,35.36,77.05,0.25,89.07,31.0,-0.0099
2026-06-01,20088,Hair Dryer - Premium brand,Health & Beauty,CU2033,Selkirk Butchery,Independent Retailer,D,65.4,17.5796,14.9386,16.0442,17.653,19.446,0.2465,0.1602,0.2502,Below target,True,Rep,3.6,240.84,0.1502,73.34,0.0,0.0
2026-06-01,20038,Cycling Helmet - Value,Sporting Goods,CU2033,Selkirk Butchery,Independent Retailer,D,15.0,69.0054,62.4473,72.203,79.233,86.879,0.022,0.0696,0.1596,Below floor,False,VP Finance,128.93,20.57,0.095,,61.0,-0.0015
2026-06-01,20156,Resistance Bands - Value,Sporting Goods,CU2033,Selkirk Butchery,Independent Retailer,D,15.0,73.2189,66.7667,52.5502,57.4254,62.7145,0.3503,0.059,0.149,Above stretch,True,None,0.0,350.83,0.0881,84.24,92.0,-0.0022
2026-06-01,20088,Hair Dryer - Premium brand,Health & Beauty,CU2034,Harbour Foods,Marketplace Seller,D,47.1,17.5796,15.9565,15.0263,16.6351,18.4281,0.2946,0.1602,0.2502,At target,True,None,0.0,221.39,0.0923,73.34,0.0,0.0
2026-06-01,20061,Multivitamin - Premium brand,Health & Beauty,CU2034,Harbour Foods,Marketplace Seller,D,93.97,23.3185,21.4585,17.8332,19.7665,21.9253,0.3795,0.1664,0.2564,Above stretch,True,None,0.0,765.22,0.0798,108.31,1004.0,0.0516
2026-06-01,20035,Camping Tent - Premium brand,Sporting Goods,CU2034,Harbour Foods,Marketplace Seller,D,15.0,47.4569,43.952,30.883,34.1579,37.8049,0.4753,0.1576,0.2476,Above stretch,True,None,0.0,313.33,0.0739,97.02,61.0,-0.0111
2026-06-01,20187,Dry Dog Food - Value,Pet Supplies,CU2034,Harbour Foods,Marketplace Seller,D,36.82,53.9498,49.7458,33.7486,36.9775,40.5039,0.4575,0.0865,0.1765,Above stretch,True,None,0.0,837.91,0.0779,105.73,0.0,0.0
2026-06-01,20191,27in Monitor - Value,Consumer Electronics,CU2034,Harbour Foods,Marketplace Seller,D,129.83,55.9879,51.8744,44.2273,48.6631,53.5193,0.301,0.0961,0.1861,Above stretch,True,None,0.0,2027.36,0.0735,101.03,31.0,0.0468
2026-06-01,20237,Bluetooth Speaker - Value,Consumer Electronics,CU2035,Salish Bistro,Corporate & B2B Buyer,D,246.99,50.0799,46.6215,37.1517,40.8733,44.9468,0.3461,0.0952,0.1852,Above stretch,True,None,0.0,3985.38,0.0691,101.18,0.0,0.0
2026-06-01,20042,Wireless Earbuds - Private label,Consumer Electronics,CU2035,Salish Bistro,Corporate & B2B Buyer,D,89.98,73.1111,69.0082,65.5736,73.908,83.4736,0.3285,0.2462,0.3362,Below target,True,Rep,47.6,2039.99,0.0561,81.18,31.0,0.0478
2026-06-01,20234,Safety Glasses - National brand,Tools & Hardware,CU2035,Salish Bistro,Corporate & B2B Buyer,D,37.81,35.4738,32.2772,31.9239,35.0834,38.5386,0.1916,0.0917,0.1817,At target,True,None,0.0,233.82,0.0901,102.46,31.0,-0.001
2026-06-01,20225,Air Fryer - Premium brand,Home & Kitchen,CU2035,Salish Bistro,Corporate & B2B Buyer,D,22.49,103.2608,97.7232,55.3906,61.4171,68.1445,0.5743,0.1655,0.2555,Above stretch,True,None,0.0,1262.16,0.0536,101.69,31.0,-0.0075
2026-06-01,20085,Power Bank - Value,Consumer Electronics,CU2035,Salish Bistro,Corporate & B2B Buyer,D,85.28,48.4225,45.0246,29.5991,32.4232,35.4987,0.4617,0.075,0.165,Above stretch,True,None,0.0,1772.84,0.0702,86.09,0.0,0.0
2026-06-01,20195,Mechanical Keyboard - National brand,Consumer Electronics,CU2035,Salish Bistro,Corporate & B2B Buyer,D,15.0,48.5447,44.789,29.1364,31.9624,35.0608,0.491,0.1017,0.1917,Above stretch,True,None,0.0,329.84,0.0774,98.69,1004.0,-0.2389
2026-06-01,20169,Laser Measure - Value,Tools & Hardware,CU2035,Salish Bistro,Corporate & B2B Buyer,D,40.8,23.5116,20.6875,20.8167,22.8303,25.0403,0.2223,0.1058,0.1958,At target,True,None,0.0,187.62,0.1201,99.38,61.0,-0.0203
2026-06-01,20123,Multivitamin - National brand,Health & Beauty,CU2036,Fraser Provisions,Regional Retail Chain,C,15.0,11.4119,9.377,8.8672,9.6123,10.4258,0.3332,0.0848,0.1748,Above stretch,True,None,0.0,46.86,0.1783,87.04,61.0,0.0161
2026-06-01,20002,Safety Boots - Value,Apparel & Accessories,CU2036,Fraser Provisions,Regional Retail Chain,C,179.32,52.678,48.026,41.4918,45.5416,49.9699,0.303,0.0913,0.1813,Above stretch,True,None,0.0,2609.05,0.0883,87.93,120.0,0.0455
2026-06-01,20027,Dry Dog Food - National brand,Pet Supplies,CU2036,Fraser Provisions,Regional Retail Chain,C,15.0,39.0221,34.8233,31.3577,34.3469,37.6163,0.2921,0.0923,0.1823,Above stretch,True,None,0.0,152.57,0.1076,87.86,151.0,0.1168
2026-06-01,20119,HDMI Cable - National brand,Consumer Electronics,CU2036,Fraser Provisions,Regional Retail Chain,C,340.42,40.4651,37.1233,25.75,28.1801,30.8299,0.4447,0.0801,0.1701,Above stretch,True,None,0.0,5620.33,0.0826,84.61,61.0,0.0129
2026-06-01,20051,HDMI Cable - National brand,Consumer Electronics,CU2036,Fraser Provisions,Regional Retail Chain,C,45.51,64.7148,59.6834,46.1623,50.7116,55.6924,0.3772,0.0963,0.1863,Above stretch,True,None,0.0,1024.58,0.0777,,61.0,0.0181
2026-06-01,20190,Work Jacket - National brand,Apparel & Accessories,CU2036,Fraser Provisions,Regional Retail Chain,C,293.83,37.794,30.8082,32.1911,34.9667,38.0028,0.2577,0.0927,0.1827,At target,True,None,0.0,2332.83,0.1848,,0.0,0.0
2026-06-01,20137,Bluetooth Speaker - Private label,Consumer Electronics,CU2036,Fraser Provisions,Regional Retail Chain,C,944.09,67.4293,61.5731,55.0188,61.7709,69.5463,0.4049,0.2547,0.3447,At target,True,None,0.0,23538.24,0.0868,121.68,31.0,0.0436
2026-06-01,20023,Adjustable Dumbbells - National brand,Sporting Goods,CU2037,Harbour Provisions,Marketplace Seller,B,119.49,29.6354,25.1564,27.3112,29.8786,32.6992,0.1919,0.1096,0.1996,Below target,True,Rep,23.25,576.73,0.1511,,0.0,0.0
2026-06-01,20048,Adjustable Dumbbells - Value,Sporting Goods,CU2037,Harbour Provisions,Marketplace Seller,B,281.6,107.9141,92.8231,108.5777,119.053,130.5533,0.1004,0.1068,0.1968,Below floor,False,Commercial director,2519.41,2624.74,0.1398,115.37,243.0,0.2042
2026-06-01,20130,HDMI Cable - Value,Consumer Electronics,CU2037,Harbour Provisions,Marketplace Seller,B,134.33,59.9045,52.2912,48.8655,53.3204,58.1738,0.2715,0.0766,0.1666,Above stretch,True,None,0.0,1907.34,0.1271,105.13,0.0,0.0
2026-06-01,20040,Blender - Private label,Home & Kitchen,CU2037,Harbour Provisions,Marketplace Seller,B,29.67,53.914,46.6232,49.9636,55.8226,62.569,0.3177,0.2545,0.3445,Below target,True,Sales manager,37.12,439.43,0.1352,99.3,61.0,-0.0009
2026-06-01,20021,Bedding Set - National brand,Home & Kitchen,CU2037,Harbour Provisions,Marketplace Seller,B,264.01,44.6055,38.9123,38.2205,41.791,45.694,0.2394,0.0901,0.1801,At target,True,None,0.0,2459.44,0.1276,99.4,92.0,0.0256
2026-06-01,20028,Adjustable Dumbbells - Value,Sporting Goods,CU2037,Harbour Provisions,Marketplace Seller,B,659.38,32.4259,27.5035,25.6045,27.892,30.3966,0.3204,0.0963,0.1863,Above stretch,True,None,0.0,5811.18,0.1518,93.25,1035.0,-0.1147
2026-06-01,20177,Nonstick Cookware Set - Value,Home & Kitchen,CU2037,Harbour Provisions,Marketplace Seller,B,582.61,35.3179,30.1549,32.6025,35.5565,38.7728,0.1574,0.074,0.164,Below target,True,Rep,116.23,2765.01,0.1462,116.65,1035.0,0.0656
2026-06-01,20120,Bluetooth Speaker - Premium brand,Consumer Electronics,CU2037,Harbour Provisions,Marketplace Seller,B,351.88,68.1132,59.5496,43.2755,47.5242,52.2805,0.5189,0.1747,0.2647,Above stretch,True,None,0.0,10873.76,0.1257,100.4,0.0,0.0
2026-06-01,20127,Bedding Set - Premium brand,Home & Kitchen,CU2037,Harbour Provisions,Marketplace Seller,B,353.08,46.6331,40.1577,52.0207,57.7584,64.2254,0.0877,0.1956,0.2856,Below floor,False,VP Finance,2806.26,1243.23,0.1389,85.5,0.0,0.0
2026-06-01,20188,Grooming Kit - National brand,Pet Supplies,CU2037,Harbour Provisions,Marketplace Seller,B,383.75,11.0676,9.117,11.8299,12.9154,14.1023,0.0149,0.0909,0.1809,Below floor,False,VP Finance,580.83,52.07,0.1762,104.8,92.0,0.0717
2026-06-01,20111,27in Monitor - Private label,Consumer Electronics,CU2037,Harbour Provisions,Marketplace Seller,B,325.65,30.8949,26.3531,30.304,33.8629,37.9673,0.2751,0.2585,0.3485,Below target,True,Commercial director,629.69,2361.09,0.147,108.16,0.0,0.0
2026-06-01,20179,Nonstick Cookware Set - Private label,Home & Kitchen,CU2037,Harbour Provisions,Marketplace Seller,B,272.78,45.9419,39.8093,38.5915,43.0596,48.2081,0.3935,0.2562,0.3462,At target,True,None,0.0,4273.48,0.1335,83.32,120.0,0.0676
2026-06-01,20095,Gel Pens - Private label,Office & Stationery,CU2037,Harbour Provisions,Marketplace Seller,B,129.07,16.5539,13.2059,20.4241,22.8191,25.5923,0.0539,0.2683,0.3583,Below floor,False,VP Finance,518.91,91.81,0.2022,103.33,1035.0,0.5058
2026-06-01,20093,Vacuum Sealer - Private label,Home & Kitchen,CU2037,Harbour Provisions,Marketplace Seller,B,38.46,61.7863,53.379,51.3885,57.1007,63.6236,0.3822,0.2328,0.3228,At target,True,None,0.0,784.73,0.1361,97.85,31.0,-0.0375
2026-06-01,20016,Gel Pens - National brand,Office & Stationery,CU2037,Harbour Provisions,Marketplace Seller,B,50.48,20.8333,16.1581,18.4628,19.9802,21.6397,0.2254,0.0922,0.1822,At target,True,None,0.0,183.83,0.2244,84.47,31.0,0.0188
2026-06-01,20204,Pet Bed - Private label,Pet Supplies,CU2038,Chilcotin Market,Marketplace Seller,D,33.18,24.7525,22.3871,22.5374,25.2286,28.3047,0.3111,0.2354,0.3254,Below target,True,Rep,10.66,231.05,0.0956,86.99,151.0,0.1647
2026-06-01,20018,Mechanical Keyboard - Premium brand,Consumer Electronics,CU2038,Chilcotin Market,Marketplace Seller,D,15.0,83.3453,79.548,43.4416,48.0532,53.157,0.5696,0.1363,0.2263,Above stretch,True,None,0.0,679.61,0.0456,62.25,120.0,-0.0408
2026-06-01,20128,Dry-Erase Board - National brand,Office & Stationery,CU2038,Chilcotin Market,Marketplace Seller,D,15.0,16.7816,14.4969,17.2824,18.9211,20.7107,0.0547,0.0863,0.1763,Below floor,False,VP Finance,26.43,11.9,0.1361,,0.0,0.0
2026-06-01,20085,Power Bank - Value,Consumer Electronics,CU2039,Okanagan Public House,Marketplace Seller,D,56.8,48.4225,44.9205,29.7032,32.5273,35.6028,0.4605,0.075,0.165,Above stretch,True,None,0.0,1174.87,0.0723,86.09,0.0,0.0
2026-06-01,20098,Electric Toothbrush - National brand,Health & Beauty,CU2040,Alder Market,Independent Retailer,D,16.6,22.0106,18.7217,17.0468,18.573,20.245,0.3377,0.0987,0.1887,Above stretch,True,None,0.0,104.94,0.1494,110.74,92.0,-0.0127
2026-06-01,20114,Fastener Assortment - National brand,Tools & Hardware,CU2040,Alder Market,Independent Retailer,D,15.0,59.7687,53.0353,49.3224,53.9073,58.8993,0.2564,0.074,0.164,Above stretch,True,None,0.0,203.97,0.1127,99.22,31.0,-0.0031
2026-06-01,20045,Safety Boots - National brand,Apparel & Accessories,CU2040,Alder Market,Independent Retailer,D,49.95,21.4193,18.2098,21.0081,22.9934,25.1707,0.1234,0.1031,0.1931,Below target,True,Commercial director,63.44,112.2,0.1498,105.72,0.0,0.0
2026-06-01,20150,Nonstick Cookware Set - National brand,Home & Kitchen,CU2040,Alder Market,Independent Retailer,D,15.0,23.3572,19.9551,16.6271,18.1,19.715,0.4048,0.1019,0.1919,Above stretch,True,None,0.0,121.17,0.1457,,92.0,-0.0055
2026-06-01,20092,Laptop Sleeve - National brand,Apparel & Accessories,CU2040,Alder Market,Independent Retailer,D,15.0,37.9929,33.3328,32.7772,36.0009,39.5573,0.2619,0.125,0.215,At target,True,None,0.0,130.95,0.1227,117.6,0.0,0.0
2026-06-01,20085,Power Bank - Value,Consumer Electronics,CU2040,Alder Market,Independent Retailer,D,53.63,48.4225,43.1746,31.4491,34.2732,37.3487,0.4386,0.075,0.165,Above stretch,True,None,0.0,1015.67,0.1084,86.09,0.0,0.0
2026-06-01,20094,Body Wash - Premium brand,Health & Beauty,CU2040,Alder Market,Independent Retailer,D,112.56,17.5331,14.8473,12.9382,14.1813,15.5698,0.4253,0.1677,0.2577,Above stretch,True,None,0.0,710.73,0.1532,,92.0,0.0333
2026-06-01,20171,Socket Set - Premium brand,Tools & Hardware,CU2041,Okanagan Butchery,Sub-Distributor,C,1163.72,52.5609,48.9275,40.6324,45.174,50.2617,0.3775,0.1768,0.2668,Above stretch,True,None,0.0,21493.79,0.0691,104.04,31.0,-0.0345
2026-06-01,20220,Body Wash - Premium brand,Health & Beauty,CU2041,Okanagan Butchery,Sub-Distributor,C,148.76,17.6496,15.7878,12.0036,13.2635,14.6787,0.4768,0.1855,0.2755,Above stretch,True,None,0.0,1119.76,0.1055,104.34,61.0,0.0275
2026-06-01,20202,Tool Chest - Value,Tools & Hardware,CU2041,Okanagan Butchery,Sub-Distributor,C,161.45,46.9027,43.7428,31.3113,34.3171,37.5843,0.3996,0.0671,0.1571,Above stretch,True,None,0.0,2822.21,0.0674,101.19,999.0,0.0
2026-06-01,20061,Multivitamin - Premium brand,Health & Beauty,CU2041,Okanagan Butchery,Sub-Distributor,C,535.49,23.3185,21.3157,17.976,19.9093,22.0681,0.3753,0.1664,0.2564,Above stretch,True,None,0.0,4284.13,0.0859,108.31,1004.0,0.0516
2026-06-01,20031,Body Wash - National brand,Health & Beauty,CU2041,Okanagan Butchery,Sub-Distributor,C,27.48,7.3149,6.0616,5.8636,6.3751,6.9355,0.3146,0.0988,0.1888,Above stretch,True,None,0.0,52.4,0.1713,,61.0,-0.0154
2026-06-01,20179,Nonstick Cookware Set - Private label,Home & Kitchen,CU2041,Okanagan Butchery,Sub-Distributor,C,85.69,45.9419,43.0561,35.3447,39.8128,44.9613,0.4393,0.2562,0.3462,Above stretch,True,None,0.0,1620.67,0.0628,83.32,120.0,0.0676
2026-06-01,20141,Socket Set - Premium brand,Tools & Hardware,CU2041,Okanagan Butchery,Sub-Distributor,C,539.96,48.9453,45.6737,32.6646,36.2913,40.3591,0.4727,0.1806,0.2706,Above stretch,True,None,0.0,11657.25,0.0668,103.9,0.0,0.0
2026-06-01,20123,Multivitamin - National brand,Health & Beauty,CU2041,Okanagan Butchery,Sub-Distributor,C,30.09,11.4119,9.8048,8.4394,9.1845,9.998,0.3623,0.0848,0.1748,Above stretch,True,None,0.0,106.88,0.1408,87.04,61.0,0.0161
2026-06-01,20043,HDMI Cable - Value,Consumer Electronics,CU2041,Okanagan Butchery,Sub-Distributor,C,15.0,39.5936,36.5275,27.5077,30.106,32.9278,0.3733,0.0634,0.1534,Above stretch,True,None,0.0,204.53,0.0774,119.95,61.0,0.1294
2026-06-01,20093,Vacuum Sealer - Private label,Home & Kitchen,CU2041,Okanagan Butchery,Sub-Distributor,C,15.0,61.7863,57.3144,47.4531,53.1653,59.6882,0.4247,0.2328,0.3228,Above stretch,True,None,0.0,365.09,0.0724,97.85,31.0,-0.0375
2026-06-01,20230,Air Fryer - Private label,Home & Kitchen,CU2042,Okanagan Provisions,Corporate & B2B Buyer,D,143.36,42.2426,39.4182,28.6107,32.0969,36.0952,0.5056,0.2443,0.3343,Above stretch,True,None,0.0,2857.38,0.0669,107.18,120.0,0.1276
2026-06-01,20073,Gel Pens - Value,Office & Stationery,CU2042,Okanagan Provisions,Corporate & B2B Buyer,D,64.14,30.3209,26.4049,25.7695,28.1727,30.8008,0.2482,0.0916,0.1816,At target,True,None,0.0,420.32,0.1292,92.17,0.0,0.0
2026-06-01,20156,Resistance Bands - Value,Sporting Goods,CU2042,Okanagan Provisions,Corporate & B2B Buyer,D,15.52,73.2189,68.9513,50.3656,55.2408,60.5299,0.3709,0.059,0.149,Above stretch,True,None,0.0,396.89,0.0583,84.24,92.0,-0.0022
2026-06-01,20194,Pet Bed - National brand,Pet Supplies,CU2042,Okanagan Provisions,Corporate & B2B Buyer,D,111.7,28.4961,26.0768,26.5327,29.1662,32.0418,0.1547,0.0859,0.1759,Below target,True,Sales manager,61.68,450.68,0.0849,81.29,120.0,0.1041
2026-06-01,20135,Bluetooth Speaker - Premium brand,Consumer Electronics,CU2042,Okanagan Provisions,Corporate & B2B Buyer,D,48.77,58.348,54.8855,32.3204,35.7898,39.6578,0.5591,0.1614,0.2514,Above stretch,True,None,0.0,1496.52,0.0593,99.88,61.0,0.0245
2026-06-01,20191,27in Monitor - Value,Consumer Electronics,CU2042,Okanagan Provisions,Corporate & B2B Buyer,D,292.36,55.9879,52.4883,43.6134,48.0492,52.9054,0.3092,0.0961,0.1861,Above stretch,True,None,0.0,4744.83,0.0625,101.03,31.0,0.0468
2026-06-01,20168,Aquarium Filter - Premium brand,Pet Supplies,CU2042,Okanagan Provisions,Corporate & B2B Buyer,D,62.59,16.8263,14.8944,18.4331,20.4109,22.6144,0.0684,0.1591,0.2491,Below floor,False,VP Finance,168.47,63.75,0.1148,101.55,1004.0,0.5487
2026-06-01,20177,Nonstick Cookware Set - Value,Home & Kitchen,CU2042,Okanagan Provisions,Corporate & B2B Buyer,D,47.6,35.3179,32.6511,30.1063,33.0603,36.2766,0.2218,0.074,0.164,At target,True,None,0.0,344.72,0.0755,116.65,1035.0,0.0656
2026-06-01,20164,LED Floor Lamp - National brand,Home & Kitchen,CU2043,Kootenay Hospitality,Government & Education,B,291.19,53.0555,44.7079,54.0021,58.8791,64.1808,0.0478,0.0675,0.1575,Below floor,False,VP Finance,1428.69,621.72,0.1573,103.57,0.0,0.0
2026-06-01,20036,Laptop Sleeve - National brand,Apparel & Accessories,CU2043,Kootenay Hospitality,Government & Education,B,838.68,11.1525,8.9557,11.0965,12.1022,13.2084,0.1191,0.1136,0.2036,Below target,True,Commercial director,634.36,894.87,0.197,,0.0,0.0
2026-06-01,20131,Air Fryer - Value,Home & Kitchen,CU2043,Kootenay Hospitality,Government & Education,B,35.26,29.9726,24.9684,27.4485,29.9319,32.6511,0.1879,0.0966,0.1866,At target,True,None,0.0,165.45,0.167,93.69,0.0,0.0
2026-06-01,20133,Mechanical Keyboard - Premium brand,Consumer Electronics,CU2043,Kootenay Hospitality,Government & Education,B,266.71,31.0248,25.3487,29.4161,32.3366,35.6098,0.2305,0.1784,0.2684,Below target,True,Sales manager,255.96,1558.63,0.183,114.24,31.0,0.0411
2026-06-01,20076,LED Floor Lamp - Private label,Home & Kitchen,CU2043,Kootenay Hospitality,Government & Education,B,58.48,23.1834,18.885,18.5088,20.3671,22.4807,0.4144,0.2218,0.3118,Above stretch,True,None,0.0,457.69,0.1854,,999.0,0.0
2026-06-01,20114,Fastener Assortment - National brand,Tools & Hardware,CU2043,Kootenay Hospitality,Government & Education,B,106.94,59.7687,50.1283,52.2294,56.8143,61.8063,0.2133,0.074,0.164,At target,True,None,0.0,1143.28,0.1613,99.22,31.0,-0.0031
2026-06-01,20125,Hair Dryer - Value,Health & Beauty,CU2043,Kootenay Hospitality,Government & Education,B,64.99,14.6716,11.945,12.7951,13.8702,15.0387,0.2137,0.0671,0.1571,At target,True,None,0.0,165.86,0.1858,102.05,1035.0,-0.0936
2026-06-01,20107,Adjustable Dumbbells - Private label,Sporting Goods,CU2043,Kootenay Hospitality,Government & Education,B,226.62,50.0692,42.0835,54.1192,60.4054,67.6295,0.1773,0.2495,0.3395,Below floor,False,VP Finance,1547.15,1690.65,0.1595,97.22,61.0,-0.0173
2026-06-01,20056,Chew Toy Pack - Premium brand,Pet Supplies,CU2043,Kootenay Hospitality,Government & Education,B,550.82,49.7535,41.596,51.2129,56.475,62.3638,0.1446,0.1736,0.2636,Below floor,False,VP Finance,2726.4,3313.18,0.164,99.21,61.0,0.1081
2026-06-01,20236,Mechanical Keyboard - Value,Consumer Electronics,CU2043,Kootenay Hospitality,Government & Education,B,271.22,40.6558,34.4229,33.6723,36.5928,39.7652,0.2542,0.0644,0.1544,Above stretch,True,None,0.0,2373.34,0.1533,99.28,31.0,0.0529
2026-06-01,20051,HDMI Cable - National brand,Consumer Electronics,CU2043,Kootenay Hospitality,Government & Education,B,156.47,64.7148,53.8012,52.0445,56.5938,61.5746,0.3091,0.0963,0.1863,Above stretch,True,None,0.0,2602.28,0.1686,,61.0,0.0181
2026-06-01,20146,Fastener Assortment - Value,Tools & Hardware,CU2043,Kootenay Hospitality,Government & Education,B,40.52,17.6399,14.182,16.4824,17.8927,19.4299,0.154,0.0788,0.1688,Below target,True,Rep,8.51,88.49,0.196,85.93,1004.0,-0.0497
2026-06-01,20074,Bluetooth Speaker - Private label,Consumer Electronics,CU2043,Kootenay Hospitality,Government & Education,B,238.09,40.9523,34.3353,38.1246,42.3268,47.1298,0.2982,0.2352,0.3252,Below target,True,Sales manager,220.84,2437.64,0.1616,86.0,92.0,0.0178
2026-06-01,20211,Storage Bins - National brand,Home & Kitchen,CU2043,Kootenay Hospitality,Government & Education,B,100.27,39.7418,33.4309,42.3826,46.4346,50.8854,0.0384,0.1088,0.1988,Below floor,False,VP Finance,537.67,128.73,0.1588,110.52,999.0,0.0
2026-06-01,20180,Sunscreen SPF50 - National brand,Health & Beauty,CU2043,Kootenay Hospitality,Government & Education,B,367.23,17.3155,14.3199,15.6455,17.0401,18.5658,0.1993,0.0936,0.1836,At target,True,None,0.0,1048.07,0.173,96.9,61.0,-0.0207
2026-06-01,20101,Multivitamin - Premium brand,Health & Beauty,CU2043,Kootenay Hospitality,Government & Education,B,561.15,14.3234,9.9481,14.3439,15.5654,16.9331,0.1738,0.1755,0.2655,Below floor,False,Commercial director,511.89,970.23,0.3055,98.25,31.0,-0.0035
2026-06-01,20208,Vitamin C Serum - Premium brand,Health & Beauty,CU2043,Kootenay Hospitality,Government & Education,B,77.39,25.2902,20.8861,21.2601,23.3595,25.7194,0.3442,0.1874,0.2774,At target,True,None,0.0,556.35,0.1741,107.0,92.0,0.0382
2026-06-01,20066,Laser Measure - National brand,Tools & Hardware,CU2043,Kootenay Hospitality,Government & Education,B,3798.3,16.3595,13.3902,12.7526,13.8234,14.9931,0.3334,0.0877,0.1777,Above stretch,True,None,0.0,16959.03,0.1815,85.95,31.0,-0.0174
2026-06-01,20174,Body Wash - National brand,Health & Beauty,CU2043,Kootenay Hospitality,Government & Education,B,70.34,12.8281,10.1492,14.6234,15.9681,17.4459,-0.0467,0.1106,0.2006,Loss-making,False,VP Finance,176.56,-33.36,0.2088,91.89,1035.0,0.2383
2026-06-01,20162,Gel Pens - Private label,Office & Stationery,CU2044,Harbour Public House,Corporate & B2B Buyer,C,15.0,22.2327,19.9733,13.568,15.0781,16.8045,0.5674,0.236,0.326,Above stretch,True,None,0.0,170.0,0.1016,113.57,61.0,0.0768
2026-06-01,20152,Copy Paper - Private label,Office & Stationery,CU2044,Harbour Public House,Corporate & B2B Buyer,C,70.96,22.6466,20.5351,23.3173,26.2512,29.6363,0.2353,0.2595,0.3495,Below floor,False,VP Finance,166.39,342.89,0.0932,107.79,120.0,0.1226
2026-06-01,20079,Cotton T-Shirt 5pk - Value,Apparel & Accessories,CU2044,Harbour Public House,Corporate & B2B Buyer,C,97.66,12.2087,9.8643,10.7797,11.684,12.6676,0.2051,0.0704,0.1604,At target,True,None,0.0,197.55,0.192,90.72,0.0,0.0
2026-06-01,20201,Dry Dog Food - Value,Pet Supplies,CU2044,Harbour Public House,Corporate & B2B Buyer,C,75.14,22.126,20.0431,23.0168,25.3305,27.8632,0.0555,0.0957,0.1857,Below floor,False,VP Finance,196.07,83.6,0.0941,107.98,31.0,0.0207
2026-06-01,20155,27in Monitor - Value,Consumer Electronics,CU2044,Harbour Public House,Corporate & B2B Buyer,C,64.16,111.994,105.7826,81.4149,89.5129,98.3302,0.3418,0.0742,0.1642,Above stretch,True,None,0.0,2319.97,0.0555,92.65,61.0,0.0154
2026-06-01,20081,Vacuum Sealer - Premium brand,Home & Kitchen,CU2044,Harbour Public House,Corporate & B2B Buyer,C,22.98,72.1736,62.6794,50.6702,55.6559,61.2234,0.4526,0.1667,0.2567,Above stretch,True,None,0.0,651.88,0.1315,128.43,61.0,0.0077
2026-06-01,20083,Smart Plug - Private label,Consumer Electronics,CU2045,Sunshine Butchery,Subscription Box Operator,C,86.86,46.9708,42.5491,42.6943,48.0546,54.2591,0.341,0.2674,0.3574,Below target,True,Rep,60.49,1260.39,0.0941,97.68,31.0,0.0249
2026-06-01,20123,Multivitamin - National brand,Health & Beauty,CU2045,Sunshine Butchery,Subscription Box Operator,C,34.07,11.4119,9.4223,8.8219,9.567,10.3805,0.3364,0.0848,0.1748,Above stretch,True,None,0.0,107.98,0.1743,87.04,61.0,0.0161
2026-06-01,20212,Resistance Bands - National brand,Sporting Goods,CU2045,Sunshine Butchery,Subscription Box Operator,C,57.11,43.7472,39.3421,33.7544,37.0505,40.6707,0.335,0.1086,0.1986,Above stretch,True,None,0.0,752.72,0.1007,81.07,31.0,0.0068
2026-06-01,20001,Multivitamin - Private label,Health & Beauty,CU2045,Sunshine Butchery,Subscription Box Operator,C,202.46,19.9168,15.4127,19.8516,21.9783,24.433,0.2636,0.2605,0.3505,Below target,True,Commercial director,271.08,822.64,0.2261,89.07,31.0,-0.0099
2026-06-01,20043,HDMI Cable - Value,Consumer Electronics,CU2045,Sunshine Butchery,Subscription Box Operator,C,15.0,39.5936,35.0925,28.9427,31.541,34.3628,0.3477,0.0634,0.1534,Above stretch,True,None,0.0,183.01,0.1137,119.95,61.0,0.1294
2026-06-01,20167,27in Monitor - Value,Consumer Electronics,CU2045,Sunshine Butchery,Subscription Box Operator,C,426.16,63.5963,57.7379,55.9413,61.2188,66.94,0.1811,0.0559,0.1459,At target,True,None,0.0,4455.33,0.0921,,31.0,0.0072
2026-06-01,20237,Bluetooth Speaker - Value,Consumer Electronics,CU2045,Sunshine Butchery,Subscription Box Operator,C,673.96,50.0799,45.5778,38.1954,41.917,45.9905,0.3311,0.0952,0.1852,Above stretch,True,None,0.0,10171.47,0.0899,101.18,0.0,0.0
2026-06-01,20208,Vitamin C Serum - Premium brand,Health & Beauty,CU2045,Sunshine Butchery,Subscription Box Operator,C,153.25,25.2902,22.3882,19.758,21.8574,24.2173,0.3882,0.1874,0.2774,Above stretch,True,None,0.0,1331.9,0.1147,107.0,92.0,0.0382
2026-06-01,20165,Electric Toothbrush - National brand,Health & Beauty,CU2045,Sunshine Butchery,Subscription Box Operator,C,176.6,18.802,16.1542,17.2073,18.779,20.4912,0.1675,0.0763,0.1663,At target,True,None,0.0,477.81,0.1408,121.22,61.0,0.0597
2026-06-01,20097,Wireless Earbuds - Private label,Consumer Electronics,CU2045,Sunshine Butchery,Subscription Box Operator,C,172.15,67.0046,61.1389,48.0458,53.9487,60.7799,0.4942,0.2669,0.3569,Above stretch,True,None,0.0,5201.8,0.0875,102.36,1004.0,-0.1883
2026-06-01,20091,Electric Toothbrush - Premium brand,Health & Beauty,CU2045,Sunshine Butchery,Subscription Box Operator,C,273.29,30.7122,27.2662,16.6616,18.2607,20.0462,0.5959,0.1662,0.2562,Above stretch,True,None,0.0,4440.14,0.1122,121.52,61.0,-0.0097
2026-06-01,20168,Aquarium Filter - Premium brand,Pet Supplies,CU2045,Sunshine Butchery,Subscription Box Operator,C,158.06,16.8263,14.2165,19.111,21.0888,23.2923,0.024,0.1591,0.2491,Below floor,False,VP Finance,505.91,53.84,0.1551,101.55,1004.0,0.5487
2026-06-01,20154,Aquarium Filter - Premium brand,Pet Supplies,CU2045,Sunshine Butchery,Subscription Box Operator,C,21.06,48.5517,44.1327,42.7801,47.4927,52.773,0.285,0.1774,0.2674,At target,True,None,0.0,264.87,0.091,117.81,120.0,0.1172
2026-06-01,20057,Cordless Drill - National brand,Tools & Hardware,CU2045,Sunshine Butchery,Subscription Box Operator,C,64.45,39.9601,35.9993,33.5042,36.7933,40.3993,0.2627,0.1016,0.1916,At target,True,None,0.0,609.54,0.0991,80.77,0.0,0.0
2026-06-01,20146,Fastener Assortment - Value,Tools & Hardware,CU2046,Kitsilano Catering,Marketplace Seller,D,15.0,17.6399,15.2036,15.4608,16.8711,18.4083,0.2108,0.0788,0.1688,At target,True,None,0.0,48.08,0.1381,85.93,1004.0,-0.0497
2026-06-01,20017,Webcam - National brand,Consumer Electronics,CU2046,Kitsilano Catering,Marketplace Seller,D,61.62,23.7358,20.9887,17.2837,18.9033,20.6792,0.3782,0.1022,0.1922,Above stretch,True,None,0.0,489.12,0.1157,101.84,31.0,0.0098
2026-06-01,20059,Desk Organiser - Value,Office & Stationery,CU2046,Kitsilano Catering,Marketplace Seller,D,15.0,12.0681,10.225,12.2468,13.3937,14.6485,0.0778,0.0936,0.1836,Below floor,False,VP Finance,16.23,11.93,0.1527,115.8,61.0,0.0713
2026-06-01,20129,Filing Boxes - National brand,Office & Stationery,CU2046,Kitsilano Catering,Marketplace Seller,D,15.0,22.9428,20.0107,19.5216,21.3423,23.3326,0.2456,0.09,0.18,At target,True,None,0.0,73.71,0.1278,92.03,0.0,0.0
2026-06-01,20124,Cat Litter - National brand,Pet Supplies,CU2047,Kitsilano Kitchen Group,Corporate & B2B Buyer,D,50.47,15.8262,14.0524,14.9846,16.3902,17.9169,0.1202,0.0641,0.1541,Below target,True,Sales manager,24.08,85.21,0.1121,115.53,0.0,0.0
2026-06-01,20012,Vacuum Sealer - Private label,Home & Kitchen,CU2047,Kitsilano Kitchen Group,Corporate & B2B Buyer,D,21.52,17.936,15.8715,9.9375,10.9995,12.2167,0.6244,0.2428,0.3328,Above stretch,True,None,0.0,213.27,0.1151,84.02,31.0,-0.0361
2026-06-01,20219,Vitamin C Serum - Premium brand,Health & Beauty,CU2047,Kitsilano Kitchen Group,Corporate & B2B Buyer,D,107.44,11.8211,10.3136,10.4098,11.4846,12.6839,0.2788,0.1645,0.2545,At target,True,None,0.0,308.97,0.1275,99.11,31.0,-0.0049
2026-06-01,20203,Laminator - National brand,Office & Stationery,CU2047,Kitsilano Kitchen Group,Corporate & B2B Buyer,D,38.88,18.0499,16.1842,17.0034,18.7028,20.5692,0.166,0.1083,0.1983,Below target,True,Sales manager,20.35,104.43,0.1034,122.27,31.0,0.0595
2026-06-01,20131,Air Fryer - Value,Home & Kitchen,CU2047,Kitsilano Kitchen Group,Corporate & B2B Buyer,D,15.0,29.9726,27.2439,25.173,27.6564,30.3756,0.2558,0.0966,0.1866,At target,True,None,0.0,104.52,0.091,93.69,0.0,0.0
2026-06-01,20233,Bedding Set - National brand,Home & Kitchen,CU2047,Kitsilano Kitchen Group,Corporate & B2B Buyer,D,15.0,53.8505,49.8958,38.1135,42.0332,46.3585,0.4015,0.1257,0.2157,Above stretch,True,None,0.0,300.46,0.0734,91.85,999.0,0.0
2026-06-01,20158,Cutlery Block - Value,Home & Kitchen,CU2048,Coastal Butchery,E-commerce Pure-Play,D,38.67,40.8763,37.7534,32.1755,35.2905,38.6793,0.2848,0.0706,0.1606,Above stretch,True,None,0.0,415.78,0.0764,90.08,61.0,-0.034
2026-06-01,20210,Safety Boots - Premium brand,Apparel & Accessories,CU2048,Coastal Butchery,E-commerce Pure-Play,D,21.56,47.1016,43.5108,38.4989,42.8715,47.7931,0.3514,0.1915,0.2815,At target,True,None,0.0,329.6,0.0762,91.59,31.0,-0.0073
2026-06-01,20037,Socket Set - National brand,Tools & Hardware,CU2048,Coastal Butchery,E-commerce Pure-Play,D,84.79,32.366,26.6529,31.786,34.6945,37.8845,0.1227,0.1032,0.1932,Below target,True,Commercial director,159.29,277.32,0.1765,84.0,0.0,0.0
2026-06-01,20063,Camping Tent - Premium brand,Sporting Goods,CU2048,Coastal Butchery,E-commerce Pure-Play,D,26.0,98.3978,81.9461,89.0687,97.8271,107.599,0.259,0.1638,0.2538,At target,True,None,0.0,551.82,0.1672,125.65,0.0,0.0
2026-06-01,20137,Bluetooth Speaker - Private label,Consumer Electronics,CU2048,Coastal Butchery,E-commerce Pure-Play,D,784.25,67.4293,63.3979,53.194,59.9461,67.7215,0.422,0.2547,0.3447,At target,True,None,0.0,20984.18,0.0598,121.68,31.0,0.0436
2026-06-01,20144,Socket Set - National brand,Tools & Hardware,CU2049,Mount Market,Independent Retailer,C,63.16,25.964,20.5341,27.3436,29.7594,32.4025,0.0327,0.0936,0.1836,Below floor,False,VP Finance,195.71,42.41,0.2091,,31.0,-0.027
2026-06-01,20082,Smart Plug - Private label,Consumer Electronics,CU2049,Mount Market,Independent Retailer,C,398.49,33.2732,30.0527,23.4539,26.1906,29.3297,0.4914,0.2446,0.3346,Above stretch,True,None,0.0,5885.06,0.0968,114.55,31.0,0.0497
2026-06-01,20150,Nonstick Cookware Set - National brand,Home & Kitchen,CU2049,Mount Market,Independent Retailer,C,16.56,23.3572,20.6786,15.9036,17.3765,18.9915,0.4256,0.1019,0.1919,Above stretch,True,None,0.0,145.75,0.1147,,92.0,-0.0055
2026-06-01,20156,Resistance Bands - Value,Sporting Goods,CU2049,Mount Market,Independent Retailer,C,60.41,73.2189,66.4541,52.8628,57.738,63.0271,0.3472,0.059,0.149,Above stretch,True,None,0.0,1394.02,0.0924,84.24,92.0,-0.0022
2026-06-01,20123,Multivitamin - National brand,Health & Beauty,CU2049,Mount Market,Independent Retailer,C,31.89,11.4119,9.9612,8.283,9.0281,9.8416,0.3723,0.0848,0.1748,Above stretch,True,None,0.0,118.26,0.1271,87.04,61.0,0.0161
2026-06-01,20197,Hair Dryer - Premium brand,Health & Beauty,CU2049,Mount Market,Independent Retailer,C,70.04,15.9371,12.7459,15.0453,16.4909,18.1079,0.2299,0.172,0.262,Below target,True,Sales manager,28.63,205.27,0.2002,,31.0,0.0491
2026-06-01,20228,Adjustable Dumbbells - National brand,Sporting Goods,CU2049,Mount Market,Independent Retailer,C,115.04,40.1353,36.1552,34.8764,38.3526,42.1723,0.2395,0.1101,0.2001,At target,True,None,0.0,996.32,0.0992,92.97,120.0,-0.0158
2026-06-01,20140,USB-C Charger - Premium brand,Consumer Electronics,CU2049,Mount Market,Independent Retailer,C,4240.84,182.1906,164.5721,190.803,211.9202,235.5399,0.1286,0.1719,0.2619,Below floor,False,VP Finance,93058.59,89727.69,0.0967,97.39,31.0,0.0683
2026-06-01,20088,Hair Dryer - Premium brand,Health & Beauty,CU2049,Mount Market,Independent Retailer,C,379.88,17.5796,15.8113,15.1715,16.7803,18.5733,0.2881,0.1602,0.2502,At target,True,None,0.0,1730.47,0.1006,73.34,0.0,0.0
2026-06-01,20232,Webcam - Value,Consumer Electronics,CU2049,Mount Market,Independent Retailer,C,600.7,35.6952,32.0754,28.5918,31.2793,34.205,0.2788,0.0737,0.1637,Above stretch,True,None,0.0,5372.54,0.1014,94.31,31.0,0.0553
2026-06-01,20077,Wireless Earbuds - Premium brand,Consumer Electronics,CU2049,Mount Market,Independent Retailer,C,531.48,129.0538,118.3904,94.2977,104.4818,115.8693,0.4143,0.1709,0.2609,Above stretch,True,None,0.0,26068.67,0.0826,,31.0,0.0123
2026-06-01,20164,LED Floor Lamp - National brand,Home & Kitchen,CU2049,Mount Market,Independent Retailer,C,97.98,53.0555,48.309,50.401,55.278,60.5797,0.1187,0.0675,0.1575,Below target,True,Sales manager,183.46,562.03,0.0895,103.57,0.0,0.0
2026-06-01,20099,Bluetooth Speaker - Premium brand,Consumer Electronics,CU2049,Mount Market,Independent Retailer,C,18.0,68.9696,62.5117,43.0314,47.4556,52.3951,0.5121,0.166,0.256,Above stretch,True,None,0.0,576.17,0.0936,72.87,61.0,-0.0337
2026-06-01,20179,Nonstick Cookware Set - Private label,Home & Kitchen,CU2049,Mount Market,Independent Retailer,C,33.3,45.9419,41.5358,36.865,41.3331,46.4816,0.4187,0.2562,0.3462,At target,True,None,0.0,579.18,0.0959,83.32,120.0,0.0676
2026-06-01,20170,Laminator - National brand,Office & Stationery,CU2050,Cedar Butchery,Marketplace Seller,A,142.35,29.2528,22.0076,22.4055,24.1104,25.9835,0.3867,0.1097,0.1997,Above stretch,True,None,0.0,1211.46,0.2477,97.16,0.0,0.0
2026-06-01,20129,Filing Boxes - National brand,Office & Stationery,CU2050,Cedar Butchery,Marketplace Seller,A,327.64,22.9428,17.461,22.0713,23.892,25.8823,0.1354,0.09,0.18,Below target,True,Sales manager,255.03,774.74,0.2389,92.03,0.0,0.0
2026-06-01,20051,HDMI Cable - National brand,Consumer Electronics,CU2050,Cedar Butchery,Marketplace Seller,A,556.32,64.7148,49.4079,56.4378,60.9871,65.9679,0.2477,0.0963,0.1863,At target,True,None,0.0,6808.19,0.2365,,61.0,0.0181
2026-06-01,20179,Nonstick Cookware Set - Private label,Home & Kitchen,CU2050,Cedar Butchery,Marketplace Seller,A,364.94,45.9419,35.805,42.5958,47.0639,52.2124,0.3257,0.2562,0.3462,Below target,True,Sales manager,267.72,4255.97,0.2206,83.32,120.0,0.0676
2026-06-01,20003,Storage Bins - National brand,Home & Kitchen,CU2050,Cedar Butchery,Marketplace Seller,A,2438.33,31.045,22.9351,30.4808,32.9142,35.5692,0.1052,0.0826,0.1726,Below target,True,Commercial director,3771.12,5881.25,0.2612,99.95,0.0,0.0
2026-06-01,20192,Laser Measure - National brand,Tools & Hardware,CU2050,Cedar Butchery,Marketplace Seller,A,5395.46,23.9182,14.9261,24.1916,25.8945,27.764,0.0903,0.1067,0.1967,Below floor,False,VP Finance,8565.64,7275.24,0.376,88.78,31.0,-0.0655
2026-06-01,20101,Multivitamin - Premium brand,Health & Beauty,CU2050,Cedar Butchery,Marketplace Seller,A,1099.7,14.3234,8.7686,15.5234,16.7449,18.1126,0.0627,0.1755,0.2655,Below floor,False,VP Finance,1955.89,604.29,0.3878,98.25,31.0,-0.0035
2026-06-01,20196,Cycling Helmet - National brand,Sporting Goods,CU2050,Cedar Butchery,Marketplace Seller,A,664.93,30.5013,22.8552,28.7505,31.0788,33.6265,0.1636,0.0942,0.1842,Below target,True,Sales manager,313.27,2486.04,0.2507,91.05,0.0,0.0
2026-06-01,20010,Adjustable Dumbbells - National brand,Sporting Goods,CU2050,Cedar Butchery,Marketplace Seller,A,618.72,49.2097,36.5869,52.3795,56.8232,61.6992,0.0272,0.1048,0.1948,Below floor,False,VP Finance,3793.02,616.68,0.2565,,31.0,0.0183
2026-06-01,20145,Laminator - Premium brand,Office & Stationery,CU2050,Cedar Butchery,Marketplace Seller,A,713.87,19.6128,14.7207,22.7287,24.8448,27.197,-0.0282,0.1514,0.2414,Loss-making,False,VP Finance,2833.33,-296.54,0.2494,88.3,31.0,0.0766
2026-06-01,20115,USB-C Charger - National brand,Consumer Electronics,CU2050,Cedar Butchery,Marketplace Seller,A,1660.53,47.0603,35.285,44.2703,47.867,51.8056,0.1683,0.0969,0.1869,Below target,True,Rep,1089.25,9861.56,0.2502,96.9,0.0,0.0
2026-06-01,20125,Hair Dryer - Value,Health & Beauty,CU2050,Cedar Butchery,Marketplace Seller,A,86.78,14.6716,11.0287,13.7114,14.7865,15.955,0.1483,0.0671,0.1571,Below target,True,Rep,8.4,141.95,0.2483,102.05,1035.0,-0.0936
2026-06-01,20209,Desk Organiser - National brand,Office & Stationery,CU2050,Cedar Butchery,Marketplace Seller,A,1156.89,16.1262,11.9728,17.3249,18.8766,20.5986,0.0605,0.146,0.236,Below floor,False,VP Finance,2430.95,837.94,0.2576,102.72,31.0,0.0743
2026-06-01,20032,Body Wash - National brand,Health & Beauty,CU2050,Cedar Butchery,Marketplace Seller,A,168.23,17.116,12.6864,18.9067,20.4786,22.193,-0.0486,0.0811,0.1711,Loss-making,False,VP Finance,468.9,-103.73,0.2588,107.68,151.0,-0.023
2026-06-01,20037,Socket Set - National brand,Tools & Hardware,CU2050,Cedar Butchery,Marketplace Seller,A,2293.25,32.366,22.2632,36.1757,39.0842,42.2742,-0.0503,0.1032,0.1932,Loss-making,False,VP Finance,12429.99,-2566.15,0.3121,84.0,0.0,0.0
2026-06-01,20214,Safety Boots - National brand,Apparel & Accessories,CU2050,Cedar Butchery,Marketplace Seller,A,2208.98,16.1493,9.2217,20.7679,22.2688,23.9055,-0.3806,0.0801,0.1701,Loss-making,False,VP Finance,11218.55,-7753.52,0.429,90.76,61.0,0.0039
2026-06-01,20164,LED Floor Lamp - National brand,Home & Kitchen,CU2050,Cedar Butchery,Marketplace Seller,A,234.44,53.0555,40.5153,58.1947,63.0717,68.3734,-0.0508,0.0675,0.1575,Loss-making,False,VP Finance,1978.36,-482.36,0.2364,103.57,0.0,0.0
2026-06-01,20182,USB-C Charger - Value,Consumer Electronics,CU2050,Cedar Butchery,Marketplace Seller,A,168.62,27.4953,20.7697,27.0443,29.2263,31.6007,0.0921,0.0719,0.1619,Below target,True,Commercial director,244.62,322.38,0.2446,112.01,31.0,0.051
2026-06-01,20093,Vacuum Sealer - Private label,Home & Kitchen,CU2050,Cedar Butchery,Marketplace Seller,A,25.15,61.7863,47.0779,57.6896,63.4018,69.9247,0.2996,0.2328,0.3228,Below target,True,Sales manager,27.52,354.68,0.2381,97.85,31.0,-0.0375
2026-06-01,20012,Vacuum Sealer - Private label,Home & Kitchen,CU2050,Cedar Butchery,Marketplace Seller,A,106.94,17.936,13.5044,12.3046,13.3666,14.5838,0.5586,0.2428,0.3328,Above stretch,True,None,0.0,806.65,0.2471,84.02,31.0,-0.0361
2026-06-01,20136,Safety Boots - Private label,Apparel & Accessories,CU2050,Cedar Butchery,Marketplace Seller,A,397.29,18.1984,13.2493,22.9426,25.4482,28.3441,0.0001,0.2637,0.3537,Below floor,False,VP Finance,1861.53,0.28,0.272,96.42,61.0,-0.031
2026-06-01,20140,USB-C Charger - Premium brand,Consumer Electronics,CU2050,Cedar Butchery,Marketplace Seller,A,16552.16,182.1906,137.1788,218.1963,239.3135,262.9332,-0.0455,0.1719,0.2619,Loss-making,False,VP Finance,697879.25,-103207.68,0.2471,97.39,31.0,0.0683
2026-06-01,20211,Storage Bins - National brand,Home & Kitchen,CU2050,Cedar Butchery,Marketplace Seller,A,178.72,39.7418,29.849,45.9645,50.0165,54.4673,-0.077,0.1088,0.1988,Loss-making,False,VP Finance,1471.24,-410.72,0.2489,110.52,999.0,0.0
2026-06-01,20095,Gel Pens - Private label,Office & Stationery,CU2050,Cedar Butchery,Marketplace Seller,A,199.32,16.5539,11.1643,22.4657,24.8607,27.6339,-0.1192,0.2683,0.3583,Loss-making,False,VP Finance,1062.47,-265.16,0.3256,103.33,1035.0,0.5058
2026-06-01,20150,Nonstick Cookware Set - National brand,Home & Kitchen,CU2050,Cedar Butchery,Marketplace Seller,A,102.64,23.3572,17.3144,19.2678,20.7407,22.3557,0.314,0.1019,0.1919,Above stretch,True,None,0.0,558.05,0.2587,,92.0,-0.0055
2026-06-01,20175,Cat Litter - Private label,Pet Supplies,CU2050,Cedar Butchery,Marketplace Seller,A,60.69,16.1177,11.8079,17.2201,18.9884,21.0232,0.1831,0.2529,0.3429,Below floor,False,VP Finance,114.48,131.25,0.2674,,0.0,0.0
2026-06-01,20021,Bedding Set - National brand,Home & Kitchen,CU2050,Cedar Butchery,Marketplace Seller,A,134.73,44.6055,33.6826,43.4502,47.0207,50.9237,0.1213,0.0901,0.1801,Below target,True,Commercial director,266.8,550.51,0.2449,99.4,92.0,0.0256
2026-06-01,20138,Cutlery Block - National brand,Home & Kitchen,CU2050,Cedar Butchery,Marketplace Seller,A,346.68,28.256,18.9305,25.9271,27.8397,29.952,0.236,0.1288,0.2188,At target,True,None,0.0,1548.69,0.33,89.0,151.0,-0.0239
2026-06-01,20109,Vitamin C Serum - Premium brand,Health & Beauty,CU2050,Cedar Butchery,Marketplace Seller,A,1150.74,28.8682,21.5528,26.5554,28.8863,31.4895,0.2565,0.1671,0.2571,Below target,True,Rep,15.45,6361.06,0.2534,,61.0,0.019
2026-06-01,20194,Pet Bed - National brand,Pet Supplies,CU2050,Cedar Butchery,Marketplace Seller,A,705.24,28.4961,20.9019,31.7076,34.3411,37.2167,-0.0546,0.0859,0.1759,Loss-making,False,VP Finance,3397.03,-804.11,0.2665,81.29,120.0,0.1041
2026-06-01,20235,Camping Tent - Value,Sporting Goods,CU2050,Cedar Butchery,Marketplace Seller,A,402.69,67.4618,50.2664,61.0304,65.7064,70.788,0.1858,0.0663,0.1563,At target,True,None,0.0,3760.2,0.2549,97.02,61.0,-0.0784
2026-06-01,20071,Wireless Earbuds - Value,Consumer Electronics,CU2050,Cedar Butchery,Marketplace Seller,A,1339.44,57.5333,42.7203,56.4784,61.0615,66.0735,0.1142,0.0918,0.1818,Below target,True,Commercial director,3866.63,6536.2,0.2575,130.28,61.0,0.0185
2026-06-01,20230,Air Fryer - Private label,Home & Kitchen,CU2050,Cedar Butchery,Marketplace Seller,A,3682.38,42.2426,31.9816,36.0473,39.5335,43.5318,0.3907,0.2443,0.3343,At target,True,None,0.0,46010.97,0.2429,107.18,120.0,0.1276
2026-06-01,20183,Cooler Box - Premium brand,Sporting Goods,CU2050,Cedar Butchery,Marketplace Seller,A,1542.56,81.581,62.6928,76.6633,83.5223,91.1476,0.2184,0.1519,0.2419,Below target,True,Sales manager,2270.17,21123.35,0.2315,143.46,61.0,-0.0696
2026-06-01,20026,Socket Set - National brand,Tools & Hardware,CU2050,Cedar Butchery,Marketplace Seller,A,160.74,44.0949,33.2685,47.6081,51.7737,56.3571,0.0219,0.1153,0.2053,Below floor,False,VP Finance,980.89,116.97,0.2455,99.42,0.0,0.0
2026-06-01,20100,HDMI Cable - Value,Consumer Electronics,CU2050,Cedar Butchery,Marketplace Seller,A,1594.24,18.7307,13.9283,19.9253,21.5616,23.345,-0.0009,0.0782,0.1682,Loss-making,False,VP Finance,3754.02,-19.13,0.2564,,92.0,0.0625
2026-06-01,20093,Vacuum Sealer - Private label,Home & Kitchen,CU2051,Mount Butchery,Subscription Box Operator,C,15.0,61.7863,55.7554,49.0121,54.7243,61.2472,0.4086,0.2328,0.3228,Above stretch,True,None,0.0,341.7,0.0976,97.85,31.0,-0.0375
2026-06-01,20207,Hair Dryer - Value,Health & Beauty,CU2051,Mount Butchery,Subscription Box Operator,C,65.32,12.0683,10.6961,10.1494,11.092,12.1178,0.2385,0.072,0.162,At target,True,None,0.0,166.62,0.1137,106.71,31.0,0.0492
2026-06-01,20141,Socket Set - Premium brand,Tools & Hardware,CU2051,Mount Butchery,Subscription Box Operator,C,122.9,48.9453,44.5335,33.8048,37.4315,41.4993,0.4592,0.1806,0.2706,Above stretch,True,None,0.0,2513.17,0.0901,103.9,0.0,0.0
2026-06-01,20125,Hair Dryer - Value,Health & Beauty,CU2051,Mount Butchery,Subscription Box Operator,C,30.99,14.6716,13.0529,11.6872,12.7623,13.9308,0.2804,0.0671,0.1571,Above stretch,True,None,0.0,113.42,0.1103,102.05,1035.0,-0.0936
2026-06-01,20172,Dry-Erase Board - National brand,Office & Stationery,CU2051,Mount Butchery,Subscription Box Operator,C,36.41,34.4733,30.727,31.6078,34.6917,38.0686,0.1811,0.0969,0.1869,Below target,True,Rep,6.47,202.63,0.1087,105.24,61.0,0.0918
2026-06-01,20195,Mechanical Keyboard - National brand,Consumer Electronics,CU2051,Mount Butchery,Subscription Box Operator,C,22.15,48.5447,43.6463,30.2791,33.1051,36.2035,0.4776,0.1017,0.1917,Above stretch,True,None,0.0,461.76,0.1009,98.69,1004.0,-0.2389
2026-06-01,20170,Laminator - National brand,Office & Stationery,CU2051,Mount Butchery,Subscription Box Operator,C,15.0,29.2528,26.3259,18.0872,19.7921,21.6652,0.4873,0.1097,0.1997,Above stretch,True,None,0.0,192.43,0.1001,97.16,0.0,0.0
2026-06-01,20053,Hair Dryer - National brand,Health & Beauty,CU2051,Mount Butchery,Subscription Box Operator,C,148.85,21.0476,18.8713,13.3147,14.5631,15.9337,0.4729,0.107,0.197,Above stretch,True,None,0.0,1328.44,0.1034,87.2,31.0,0.0461
2026-06-01,20109,Vitamin C Serum - Premium brand,Health & Beauty,CU2051,Mount Butchery,Subscription Box Operator,C,122.14,28.8682,25.8979,22.2103,24.5412,27.1444,0.3812,0.1671,0.2571,Above stretch,True,None,0.0,1205.88,0.1029,,61.0,0.019
2026-06-01,20203,Laminator - National brand,Office & Stationery,CU2051,Mount Butchery,Subscription Box Operator,C,99.34,18.0499,16.2449,16.9427,18.6421,20.5085,0.1691,0.1083,0.1983,Below target,True,Sales manager,47.16,272.85,0.1,122.27,31.0,0.0595
2026-06-01,20036,Laptop Sleeve - National brand,Apparel & Accessories,CU2052,Selkirk Supply,Marketplace Seller,D,74.14,11.1525,9.4759,10.5763,11.582,12.6882,0.1675,0.1136,0.2036,Below target,True,Sales manager,25.36,117.68,0.1503,,0.0,0.0
2026-06-01,20035,Camping Tent - Premium brand,Sporting Goods,CU2052,Selkirk Supply,Marketplace Seller,D,22.44,47.4569,44.0712,30.7638,34.0387,37.6857,0.4767,0.1576,0.2476,Above stretch,True,None,0.0,471.42,0.0713,97.02,61.0,-0.0111
2026-06-01,20074,Bluetooth Speaker - Private label,Consumer Electronics,CU2052,Selkirk Supply,Marketplace Seller,D,26.34,40.9523,38.0482,34.4117,38.6139,43.4169,0.3667,0.2352,0.3252,At target,True,None,0.0,367.47,0.0709,86.0,92.0,0.0178
2026-06-01,20145,Laminator - Premium brand,Office & Stationery,CU2052,Selkirk Supply,Marketplace Seller,D,39.77,19.6128,17.6083,19.8411,21.9572,24.3094,0.1404,0.1514,0.2414,Below floor,False,VP Finance,70.73,98.32,0.1022,88.3,31.0,0.0766
2026-06-01,20080,Work Gloves - National brand,Tools & Hardware,CU2052,Selkirk Supply,Marketplace Seller,D,29.87,29.5529,27.0274,20.0057,21.9303,24.0355,0.4131,0.0926,0.1826,Above stretch,True,None,0.0,333.53,0.0855,79.5,92.0,-0.0256
2026-06-01,20173,Safety Boots - Value,Apparel & Accessories,CU2052,Selkirk Supply,Marketplace Seller,D,378.88,22.2417,20.1572,20.2373,22.2212,24.3879,0.1773,0.0865,0.1765,At target,True,None,0.0,1354.34,0.0937,94.94,31.0,-0.0715
2026-06-01,20122,Dry-Erase Board - National brand,Office & Stationery,CU2052,Selkirk Supply,Marketplace Seller,D,93.64,13.0336,10.0523,10.5092,11.3348,12.237,0.318,0.0893,0.1793,Above stretch,True,None,0.0,299.33,0.2287,83.37,120.0,-0.0452
2026-06-01,20145,Laminator - Premium brand,Office & Stationery,CU2053,Selkirk Foods,Corporate & B2B Buyer,C,68.16,19.6128,18.3869,19.0625,21.1786,23.5308,0.1768,0.1514,0.2414,Below target,True,Commercial director,80.96,221.57,0.0625,88.3,31.0,0.0766
2026-06-01,20157,Camping Tent - Value,Sporting Goods,CU2053,Selkirk Foods,Corporate & B2B Buyer,C,75.17,51.8245,49.4028,49.2756,54.3708,59.9299,0.1297,0.0824,0.1724,Below target,True,Sales manager,158.41,481.82,0.0467,70.38,120.0,0.0249
2026-06-01,20024,Tool Chest - Value,Tools & Hardware,CU2053,Selkirk Foods,Corporate & B2B Buyer,C,170.6,43.8244,41.6159,30.2098,33.1932,36.4347,0.3711,0.0653,0.1553,Above stretch,True,None,0.0,2634.59,0.0504,94.6,31.0,-0.0382
2026-06-01,20192,Laser Measure - National brand,Tools & Hardware,CU2053,Selkirk Foods,Corporate & B2B Buyer,C,847.09,23.9182,18.3354,20.7823,22.4852,24.3547,0.2595,0.1067,0.1967,At target,True,None,0.0,4030.2,0.2334,88.78,31.0,-0.0655
2026-06-01,20239,HDMI Cable - National brand,Consumer Electronics,CU2053,Selkirk Foods,Corporate & B2B Buyer,C,439.21,53.4448,50.7617,45.7128,50.4477,55.6262,0.2304,0.0921,0.1821,At target,True,None,0.0,5136.56,0.0502,110.47,31.0,-0.0228
2026-06-01,20184,Wireless Earbuds - Premium brand,Consumer Electronics,CU2053,Selkirk Foods,Corporate & B2B Buyer,C,397.42,106.9774,102.2969,103.7577,115.8436,129.3629,0.1983,0.1722,0.2622,Below target,True,Commercial director,2599.7,8060.0,0.0438,,31.0,0.0476
2026-06-01,20040,Blender - Private label,Home & Kitchen,CU2053,Selkirk Foods,Corporate & B2B Buyer,C,21.7,53.914,50.9742,45.6126,51.4716,58.218,0.3759,0.2545,0.3445,At target,True,None,0.0,415.81,0.0545,99.3,61.0,-0.0009
2026-06-01,20227,Socket Set - National brand,Tools & Hardware,CU2053,Selkirk Foods,Corporate & B2B Buyer,C,368.48,38.2576,36.1033,30.1323,33.2413,36.6486,0.3026,0.1001,0.1901,Above stretch,True,None,0.0,4025.98,0.0563,98.9,61.0,-0.0331
2026-06-01,20180,Sunscreen SPF50 - National brand,Health & Beauty,CU2053,Selkirk Foods,Corporate & B2B Buyer,C,539.81,17.3155,16.343,13.6224,15.017,16.5427,0.2984,0.0936,0.1836,Above stretch,True,None,0.0,2632.71,0.0562,96.9,61.0,-0.0207
2026-06-01,20143,Tool Chest - National brand,Tools & Hardware,CU2053,Selkirk Foods,Corporate & B2B Buyer,C,397.11,61.1792,58.2452,39.9887,44.0781,48.5533,0.4239,0.0945,0.1845,Above stretch,True,None,0.0,9805.52,0.048,90.22,31.0,-0.0316
2026-06-01,20119,HDMI Cable - National brand,Consumer Electronics,CU2053,Selkirk Foods,Corporate & B2B Buyer,C,759.0,40.4651,38.1999,24.6734,27.1035,29.7533,0.4604,0.0801,0.1701,Above stretch,True,None,0.0,13348.23,0.056,84.61,61.0,0.0129
2026-06-01,20149,Cycling Helmet - National brand,Sporting Goods,CU2054,Cedar Public House,Marketplace Seller,C,142.37,66.6754,58.6693,51.7187,56.6444,62.0584,0.3379,0.1113,0.2013,Above stretch,True,None,0.0,2822.04,0.1201,124.46,151.0,-0.0529
2026-06-01,20056,Chew Toy Pack - Premium brand,Pet Supplies,CU2054,Cedar Public House,Marketplace Seller,C,287.94,49.7535,44.5762,48.2327,53.4948,59.3836,0.2018,0.1736,0.2636,Below target,True,Commercial director,793.3,2590.08,0.1041,99.21,61.0,0.1081
2026-06-01,20016,Gel Pens - National brand,Office & Stationery,CU2054,Cedar Public House,Marketplace Seller,C,42.3,20.8333,16.5292,18.0917,19.6091,21.2686,0.2428,0.0922,0.1822,At target,True,None,0.0,169.74,0.2066,84.47,31.0,0.0188
2026-06-01,20102,Blender - National brand,Home & Kitchen,CU2054,Cedar Public House,Marketplace Seller,C,35.66,68.5666,60.4539,50.786,55.5957,60.8826,0.3728,0.1115,0.2015,Above stretch,True,None,0.0,803.73,0.1183,94.03,31.0,0.0097
2026-06-01,20214,Safety Boots - National brand,Apparel & Accessories,CU2054,Cedar Public House,Marketplace Seller,C,581.96,16.1493,12.0056,17.984,19.4849,21.1216,-0.0605,0.0801,0.1701,Loss-making,False,VP Finance,1611.01,-422.56,0.2566,90.76,61.0,0.0039
2026-06-01,20006,Electric Toothbrush - Premium brand,Health & Beauty,CU2054,Cedar Public House,Marketplace Seller,C,126.55,39.5369,34.974,30.1685,33.2802,36.7579,0.3919,0.1694,0.2594,Above stretch,True,None,0.0,1734.49,0.1154,,31.0,0.0267
2026-06-01,20112,Safety Glasses - National brand,Tools & Hardware,CU2054,Cedar Public House,Marketplace Seller,C,401.51,43.7766,38.4899,36.2904,39.7221,43.4799,0.2726,0.0969,0.1869,Above stretch,True,None,0.0,4212.04,0.1208,83.95,999.0,0.0
2026-06-01,20168,Aquarium Filter - Premium brand,Pet Supplies,CU2054,Cedar Public House,Marketplace Seller,C,40.95,16.8263,14.6128,18.7147,20.6925,22.896,0.0504,0.1591,0.2491,Below floor,False,VP Finance,118.88,30.18,0.1316,101.55,1004.0,0.5487
2026-06-01,20080,Work Gloves - National brand,Tools & Hardware,CU2055,Riverside Foods,Marketplace Seller,C,48.03,29.5529,25.7523,21.2808,23.2054,25.3106,0.3841,0.0926,0.1826,Above stretch,True,None,0.0,475.06,0.1286,79.5,92.0,-0.0256
2026-06-01,20192,Laser Measure - National brand,Tools & Hardware,CU2055,Riverside Foods,Marketplace Seller,C,1274.01,23.9182,17.5385,21.5792,23.2821,25.1516,0.2258,0.1067,0.1967,At target,True,None,0.0,5046.1,0.2667,88.78,31.0,-0.0655
2026-06-01,20139,Toner Cartridge - Private label,Office & Stationery,CU2055,Riverside Foods,Marketplace Seller,C,27.5,12.736,10.6713,13.7085,15.3214,17.183,0.1929,0.2603,0.3503,Below floor,False,VP Finance,46.19,56.61,0.1621,83.22,61.0,0.1109
2026-06-01,20122,Dry-Erase Board - National brand,Office & Stationery,CU2055,Riverside Foods,Marketplace Seller,C,172.58,13.0336,10.0625,10.499,11.3246,12.2268,0.3187,0.0893,0.1793,Above stretch,True,None,0.0,553.43,0.228,83.37,120.0,-0.0452
2026-06-01,20044,Laminator - Private label,Office & Stationery,CU2055,Riverside Foods,Marketplace Seller,C,15.0,17.2027,14.2592,16.9049,18.7809,20.9291,0.2561,0.2402,0.3302,Below target,True,Commercial director,15.86,54.77,0.1711,82.33,31.0,0.0131
2026-06-01,20235,Camping Tent - Value,Sporting Goods,CU2055,Riverside Foods,Marketplace Seller,C,100.84,67.4618,61.2889,50.0079,54.6839,59.7655,0.3322,0.0663,0.1563,Above stretch,True,None,0.0,2053.12,0.0915,97.02,61.0,-0.0784
2026-06-01,20132,Gel Pens - Value,Office & Stationery,CU2055,Riverside Foods,Marketplace Seller,C,46.39,9.0007,7.5179,9.2247,10.0648,10.9809,0.0532,0.0806,0.1706,Below floor,False,VP Finance,40.94,18.56,0.1647,102.21,61.0,0.0318
2026-06-01,20129,Filing Boxes - National brand,Office & Stationery,CU2055,Riverside Foods,Marketplace Seller,C,42.91,22.9428,19.5218,20.0105,21.8312,23.8215,0.2267,0.09,0.18,At target,True,None,0.0,189.89,0.1491,92.03,0.0,0.0
2026-06-01,20086,Vacuum Sealer - Private label,Home & Kitchen,CU2055,Riverside Foods,Marketplace Seller,C,87.76,48.4293,43.7047,33.3709,37.3514,41.9492,0.5165,0.2623,0.3523,Above stretch,True,None,0.0,1980.95,0.0976,107.65,0.0,0.0
2026-06-01,20152,Copy Paper - Private label,Office & Stationery,CU2055,Riverside Foods,Marketplace Seller,C,51.96,22.6466,19.1469,24.7055,27.6394,31.0245,0.1799,0.2595,0.3495,Below floor,False,VP Finance,168.76,178.95,0.1545,107.79,120.0,0.1226
2026-06-01,20072,Toner Cartridge - National brand,Office & Stationery,CU2055,Riverside Foods,Marketplace Seller,C,150.39,15.2657,12.8463,14.3725,15.708,17.1734,0.1668,0.1045,0.1945,Below target,True,Sales manager,53.58,322.18,0.1585,105.33,999.0,0.0
2026-06-01,20159,Cooler Box - Value,Sporting Goods,CU2055,Riverside Foods,Marketplace Seller,C,62.75,28.712,24.8758,25.1191,27.3814,29.8382,0.1986,0.0633,0.1533,At target,True,None,0.0,309.99,0.1336,95.9,151.0,0.0251
2026-06-01,20172,Dry-Erase Board - National brand,Office & Stationery,CU2055,Riverside Foods,Marketplace Seller,C,25.23,34.4733,30.4694,31.8654,34.9493,38.3262,0.1742,0.0969,0.1869,Below target,True,Rep,9.76,133.91,0.1161,105.24,61.0,0.0918
2026-06-01,20107,Adjustable Dumbbells - Private label,Sporting Goods,CU2055,Riverside Foods,Marketplace Seller,C,313.76,50.0692,45.649,50.5537,56.8399,64.064,0.2415,0.2495,0.3395,Below floor,False,Commercial director,1403.15,3459.46,0.0883,97.22,61.0,-0.0173
2026-06-01,20114,Fastener Assortment - National brand,Tools & Hardware,CU2055,Riverside Foods,Marketplace Seller,C,59.89,59.7687,54.8945,47.4632,52.0481,57.0401,0.2816,0.074,0.164,Above stretch,True,None,0.0,925.73,0.0816,99.22,31.0,-0.0031
2026-06-01,20236,Mechanical Keyboard - Value,Consumer Electronics,CU2056,Juniper Bistro,Regional Retail Chain,D,63.81,40.6558,37.5395,30.5557,33.4762,36.6486,0.3161,0.0644,0.1544,Above stretch,True,None,0.0,757.25,0.0767,99.28,31.0,0.0529
2026-06-01,20133,Mechanical Keyboard - Premium brand,Consumer Electronics,CU2056,Juniper Bistro,Regional Retail Chain,D,63.54,31.0248,27.8584,26.9064,29.8269,33.1001,0.2999,0.1784,0.2684,At target,True,None,0.0,530.79,0.1021,114.24,31.0,0.0411
2026-06-01,20013,Webcam - National brand,Consumer Electronics,CU2056,Juniper Bistro,Regional Retail Chain,D,289.89,78.5651,74.5184,48.4696,53.3656,58.722,0.4595,0.0934,0.1834,Above stretch,True,None,0.0,9927.17,0.0515,104.32,0.0,0.0
2026-06-01,20167,27in Monitor - Value,Consumer Electronics,CU2056,Juniper Bistro,Regional Retail Chain,D,240.82,63.5963,60.231,53.4482,58.7257,64.4469,0.215,0.0559,0.1459,At target,True,None,0.0,3118.07,0.0529,,31.0,0.0072
2026-06-01,20085,Power Bank - Value,Consumer Electronics,CU2056,Juniper Bistro,Regional Retail Chain,D,32.23,48.4225,45.3577,29.266,32.0901,35.1656,0.4657,0.075,0.165,Above stretch,True,None,0.0,680.75,0.0633,86.09,0.0,0.0
2026-06-01,20103,Safety Glasses - Private label,Tools & Hardware,CU2057,Okanagan Hospitality,Subscription Box Operator,C,53.52,37.7585,33.4196,27.1351,30.18,33.6614,0.479,0.2362,0.3262,Above stretch,True,None,0.0,856.74,0.1149,111.84,61.0,-0.001
2026-06-01,20162,Gel Pens - Private label,Office & Stationery,CU2057,Okanagan Hospitality,Subscription Box Operator,C,16.59,22.2327,19.0839,14.4574,15.9675,17.6939,0.5473,0.236,0.326,Above stretch,True,None,0.0,173.27,0.1416,113.57,61.0,0.0768
2026-06-01,20122,Dry-Erase Board - National brand,Office & Stationery,CU2057,Okanagan Hospitality,Subscription Box Operator,C,219.04,13.0336,9.8097,10.7518,11.5774,12.4796,0.3011,0.0893,0.1793,Above stretch,True,None,0.0,647.04,0.2474,83.37,120.0,-0.0452
2026-06-01,20182,USB-C Charger - Value,Consumer Electronics,CU2057,Okanagan Hospitality,Subscription Box Operator,C,45.58,27.4953,24.3457,23.4683,25.6503,28.0247,0.2254,0.0719,0.1619,At target,True,None,0.0,250.14,0.1146,112.01,31.0,0.051
2026-06-01,20234,Safety Glasses - National brand,Tools & Hardware,CU2057,Okanagan Hospitality,Subscription Box Operator,C,58.03,35.4738,31.3479,32.8532,36.0127,39.4679,0.1676,0.0917,0.1817,Below target,True,Rep,25.59,304.94,0.1163,102.46,31.0,-0.001
2026-06-01,20128,Dry-Erase Board - National brand,Office & Stationery,CU2057,Okanagan Hospitality,Subscription Box Operator,C,33.29,16.7816,14.167,17.6123,19.251,21.0406,0.0327,0.0863,0.1763,Below floor,False,VP Finance,67.71,15.43,0.1558,,0.0,0.0
2026-06-01,20155,27in Monitor - Value,Consumer Electronics,CU2057,Okanagan Hospitality,Subscription Box Operator,C,36.55,111.994,100.9131,86.2844,94.3824,103.1997,0.3101,0.0742,0.1642,Above stretch,True,None,0.0,1143.64,0.0989,92.65,61.0,0.0154
2026-06-01,20067,Toner Cartridge - National brand,Office & Stationery,CU2057,Okanagan Hospitality,Subscription Box Operator,C,124.16,10.5402,8.5773,9.1619,9.9909,10.9064,0.2685,0.1285,0.2185,At target,True,None,0.0,285.99,0.1862,116.51,120.0,0.0349
2026-06-01,20047,Work Gloves - National brand,Tools & Hardware,CU2057,Okanagan Hospitality,Subscription Box Operator,C,89.31,19.0082,16.272,16.7657,18.2899,19.9525,0.2082,0.0816,0.1716,At target,True,None,0.0,302.52,0.1439,110.82,0.0,0.0
2026-06-01,20158,Cutlery Block - Value,Home & Kitchen,CU2058,Selkirk Trading Co,Corporate & B2B Buyer,C,162.99,40.8763,37.5197,32.4092,35.5242,38.913,0.2803,0.0706,0.1606,Above stretch,True,None,0.0,1714.36,0.0821,90.08,61.0,-0.034
2026-06-01,20110,27in Monitor - National brand,Consumer Electronics,CU2058,Selkirk Trading Co,Corporate & B2B Buyer,C,17.49,109.9573,100.5645,59.9557,65.5135,71.5904,0.5431,0.0912,0.1812,Above stretch,True,None,0.0,955.18,0.0854,,0.0,0.0
2026-06-01,20112,Safety Glasses - National brand,Tools & Hardware,CU2058,Selkirk Trading Co,Corporate & B2B Buyer,C,258.91,43.7766,40.3798,34.4005,37.8322,41.59,0.3066,0.0969,0.1869,Above stretch,True,None,0.0,3205.41,0.0776,83.95,999.0,0.0
2026-06-01,20126,Mechanical Keyboard - National brand,Consumer Electronics,CU2058,Selkirk Trading Co,Corporate & B2B Buyer,C,33.18,47.2329,43.0764,28.7122,31.4278,34.401,0.4848,0.0962,0.1862,Above stretch,True,None,0.0,692.9,0.088,92.52,92.0,-0.009
2026-06-01,20117,LED Floor Lamp - National brand,Home & Kitchen,CU2058,Selkirk Trading Co,Corporate & B2B Buyer,C,101.66,15.5127,13.9149,11.4319,12.5088,13.6856,0.3556,0.0882,0.1782,Above stretch,True,None,0.0,503.03,0.103,88.6,999.0,0.0
2026-06-01,20187,Dry Dog Food - Value,Pet Supplies,CU2058,Selkirk Trading Co,Corporate & B2B Buyer,C,104.87,53.9498,49.9388,33.5556,36.7845,40.3109,0.4596,0.0865,0.1765,Above stretch,True,None,0.0,2406.75,0.0743,105.73,0.0,0.0
2026-06-01,20229,Chew Toy Pack - National brand,Pet Supplies,CU2058,Selkirk Trading Co,Corporate & B2B Buyer,C,165.51,21.5552,19.5108,19.1714,21.0185,23.0304,0.1885,0.0755,0.1655,At target,True,None,0.0,608.56,0.0948,,0.0,0.0
2026-06-01,20138,Cutlery Block - National brand,Home & Kitchen,CU2058,Selkirk Trading Co,Corporate & B2B Buyer,C,108.78,28.256,24.3664,20.4912,22.4038,24.5161,0.4064,0.1288,0.2188,Above stretch,True,None,0.0,1077.26,0.1377,89.0,151.0,-0.0239
2026-06-01,20015,Body Wash - Value,Health & Beauty,CU2058,Selkirk Trading Co,Corporate & B2B Buyer,C,108.66,12.442,11.1711,10.7075,11.7202,12.8222,0.2156,0.0714,0.1614,At target,True,None,0.0,261.69,0.1021,104.23,0.0,0.0
2026-06-01,20051,HDMI Cable - National brand,Consumer Electronics,CU2059,Granville Bistro,Independent Retailer,D,21.13,64.7148,57.6621,48.1836,52.7329,57.7137,0.3554,0.0963,0.1863,Above stretch,True,None,0.0,433.0,0.109,,61.0,0.0181
2026-06-01,20153,Multivitamin - Premium brand,Health & Beauty,CU2059,Granville Bistro,Independent Retailer,D,83.31,24.6041,20.3875,23.0899,25.4108,28.0117,0.2391,0.1781,0.2681,Below target,True,Sales manager,49.19,406.18,0.1714,102.68,61.0,0.0502
2026-06-01,20054,Wireless Earbuds - Private label,Consumer Electronics,CU2059,Granville Bistro,Independent Retailer,D,333.49,113.45,88.3426,89.8348,98.7083,108.9218,0.453,0.2535,0.3435,Above stretch,True,None,0.0,13347.47,0.2213,79.24,0.0,0.0
2026-06-01,20182,USB-C Charger - Value,Consumer Electronics,CU2059,Granville Bistro,Independent Retailer,D,17.75,27.4953,23.325,24.489,26.671,29.0454,0.1915,0.0719,0.1619,At target,True,None,0.0,79.29,0.1517,112.01,31.0,0.051
2026-06-01,20043,HDMI Cable - Value,Consumer Electronics,CU2059,Granville Bistro,Independent Retailer,D,15.0,39.5936,34.4604,29.5748,32.1731,34.9949,0.3357,0.0634,0.1534,Above stretch,True,None,0.0,173.53,0.1296,119.95,61.0,0.1294
2026-06-01,20131,Air Fryer - Value,Home & Kitchen,CU2059,Granville Bistro,Independent Retailer,D,15.0,29.9726,25.5798,26.8371,29.3205,32.0397,0.2073,0.0966,0.1866,At target,True,None,0.0,79.55,0.1466,93.69,0.0,0.0
2026-06-01,20087,Laptop Sleeve - Value,Apparel & Accessories,CU2060,Fraser Hospitality,Subscription Box Operator,D,15.0,37.8687,34.7646,27.1524,29.7222,32.5161,0.3552,0.0678,0.1578,Above stretch,True,None,0.0,185.2,0.082,92.75,61.0,-0.0769
2026-06-01,20188,Grooming Kit - National brand,Pet Supplies,CU2060,Fraser Hospitality,Subscription Box Operator,D,39.96,11.0676,9.5081,11.4388,12.5243,13.7112,0.0554,0.0909,0.1809,Below floor,False,VP Finance,47.68,21.05,0.1409,104.8,92.0,0.0717
2026-06-01,20068,Safety Glasses - Value,Tools & Hardware,CU2060,Fraser Hospitality,Subscription Box Operator,D,66.26,19.6426,17.3733,15.1599,16.5625,18.0928,0.3195,0.0828,0.1728,Above stretch,True,None,0.0,367.74,0.1155,94.82,92.0,-0.0802
2026-06-01,20129,Filing Boxes - National brand,Office & Stationery,CU2060,Fraser Hospitality,Subscription Box Operator,D,20.17,22.9428,20.4056,19.1267,20.9474,22.9377,0.2602,0.09,0.18,Above stretch,True,None,0.0,107.09,0.1106,92.03,0.0,0.0
2026-06-01,20132,Gel Pens - Value,Office & Stationery,CU2061,Marine Trading Co,Marketplace Seller,D,15.0,9.0007,7.5514,9.1912,10.0313,10.9474,0.0574,0.0806,0.1706,Below floor,False,VP Finance,12.82,6.5,0.161,102.21,61.0,0.0318
2026-06-01,20087,Laptop Sleeve - Value,Apparel & Accessories,CU2061,Marine Trading Co,Marketplace Seller,D,15.0,37.8687,35.1836,26.7334,29.3032,32.0971,0.3628,0.0678,0.1578,Above stretch,True,None,0.0,191.49,0.0709,92.75,61.0,-0.0769
2026-06-01,20107,Adjustable Dumbbells - Private label,Sporting Goods,CU2061,Marine Trading Co,Marketplace Seller,D,69.77,50.0692,47.0039,49.1988,55.485,62.7091,0.2634,0.2495,0.3395,Below target,True,Commercial director,249.58,863.8,0.0612,97.22,61.0,-0.0173
2026-06-01,20185,Gel Pens - Private label,Office & Stationery,CU2061,Marine Trading Co,Marketplace Seller,D,25.1,11.9205,9.9117,13.5271,15.182,17.1107,0.1675,0.2836,0.3736,Below floor,False,VP Finance,51.28,41.67,0.1685,,61.0,0.0843
2026-06-01,20105,Pet Bed - Premium brand,Pet Supplies,CU2062,Summit Trading Co,Independent Retailer,C,343.76,20.8853,16.4643,22.8214,25.0946,27.6449,0.0853,0.1815,0.2715,Below floor,False,VP Finance,1054.13,482.5,0.2117,,61.0,0.1305
2026-06-01,20050,Copy Paper - National brand,Office & Stationery,CU2062,Summit Trading Co,Independent Retailer,C,15.7,15.0054,12.4639,10.8323,11.736,12.7224,0.3909,0.0843,0.1743,Above stretch,True,None,0.0,76.49,0.1694,76.33,31.0,0.0474
2026-06-01,20234,Safety Glasses - National brand,Tools & Hardware,CU2062,Summit Trading Co,Independent Retailer,C,17.98,35.4738,31.787,32.4141,35.5736,39.0288,0.1791,0.0917,0.1817,Below target,True,Rep,1.47,102.38,0.1039,102.46,31.0,-0.001
2026-06-01,20166,Storage Bins - Value,Home & Kitchen,CU2062,Summit Trading Co,Independent Retailer,C,28.46,15.6948,10.9948,18.4888,20.0285,21.7176,-0.1237,0.104,0.194,Loss-making,False,VP Finance,99.41,-38.71,0.2995,102.4,0.0,0.0
2026-06-01,20179,Nonstick Cookware Set - Private label,Home & Kitchen,CU2062,Summit Trading Co,Independent Retailer,C,37.05,45.9419,41.6222,36.7786,41.2467,46.3952,0.42,0.2562,0.3462,At target,True,None,0.0,647.61,0.094,83.32,120.0,0.0676
2026-06-01,20059,Desk Organiser - Value,Office & Stationery,CU2062,Summit Trading Co,Independent Retailer,C,15.0,12.0681,9.8416,12.6302,13.7771,15.0319,0.0418,0.0936,0.1836,Below floor,False,VP Finance,20.93,6.18,0.1845,115.8,61.0,0.0713
2026-06-01,20191,27in Monitor - Value,Consumer Electronics,CU2063,Stanley Table,Sub-Distributor,B,1230.98,55.9879,47.8547,48.247,52.6828,57.539,0.2423,0.0961,0.1861,At target,True,None,0.0,14274.2,0.1453,101.03,31.0,0.0468
2026-06-01,20006,Electric Toothbrush - Premium brand,Health & Beauty,CU2063,Stanley Table,Sub-Distributor,B,372.78,39.5369,33.9289,31.2136,34.3253,37.803,0.3732,0.1694,0.2594,Above stretch,True,None,0.0,4719.73,0.1418,,31.0,0.0267
2026-06-01,20081,Vacuum Sealer - Premium brand,Home & Kitchen,CU2063,Stanley Table,Sub-Distributor,B,346.11,72.1736,58.6282,54.7214,59.7071,65.2746,0.4148,0.1667,0.2567,Above stretch,True,None,0.0,8416.08,0.1877,128.43,61.0,0.0077
2026-06-01,20051,HDMI Cable - National brand,Consumer Electronics,CU2063,Stanley Table,Sub-Distributor,B,246.88,64.7148,55.6893,50.1564,54.7057,59.6865,0.3325,0.0963,0.1863,Above stretch,True,None,0.0,4572.04,0.1395,,61.0,0.0181
2026-06-01,20183,Cooler Box - Premium brand,Sporting Goods,CU2063,Stanley Table,Sub-Distributor,B,1419.65,81.581,70.2897,69.0664,75.9254,83.5507,0.3029,0.1519,0.2419,At target,True,None,0.0,30225.2,0.1384,143.46,61.0,-0.0696
2026-06-01,20017,Webcam - National brand,Consumer Electronics,CU2063,Stanley Table,Sub-Distributor,B,432.35,23.7358,20.4454,17.827,19.4466,21.2225,0.3617,0.1022,0.1922,Above stretch,True,None,0.0,3196.97,0.1386,101.84,31.0,0.0098
2026-06-01,20040,Blender - Private label,Home & Kitchen,CU2063,Stanley Table,Sub-Distributor,B,86.15,53.914,46.1145,50.4723,56.3313,63.0777,0.3101,0.2545,0.3445,Below target,True,Sales manager,136.51,1232.11,0.1447,99.3,61.0,-0.0009
2026-06-01,20130,HDMI Cable - Value,Consumer Electronics,CU2063,Stanley Table,Sub-Distributor,B,181.18,59.9045,51.4977,49.659,54.1139,58.9673,0.2603,0.0766,0.1666,Above stretch,True,None,0.0,2428.79,0.1403,105.13,0.0,0.0
2026-06-01,20078,27in Monitor - Value,Consumer Electronics,CU2063,Stanley Table,Sub-Distributor,B,213.95,21.3921,18.4024,18.6159,20.3081,22.1527,0.2179,0.0789,0.1689,At target,True,None,0.0,857.75,0.1398,85.28,151.0,-0.1476
2026-06-01,20092,Laptop Sleeve - National brand,Apparel & Accessories,CU2063,Stanley Table,Sub-Distributor,B,28.07,37.9929,32.8023,33.3077,36.5314,40.0878,0.25,0.125,0.215,At target,True,None,0.0,230.17,0.1366,117.6,0.0,0.0
2026-06-01,20038,Cycling Helmet - Value,Sporting Goods,CU2063,Stanley Table,Sub-Distributor,B,147.83,69.0054,59.9708,74.6795,81.7095,89.3555,-0.0184,0.0696,0.1596,Loss-making,False,VP Finance,1578.31,-163.38,0.1309,,61.0,-0.0015
2026-06-01,20063,Camping Tent - Premium brand,Sporting Goods,CU2063,Stanley Table,Sub-Distributor,B,196.22,98.3978,77.4732,93.5416,102.3,112.0719,0.2162,0.1638,0.2538,Below target,True,Sales manager,571.35,3286.86,0.2127,125.65,0.0,0.0
2026-06-01,20115,USB-C Charger - National brand,Consumer Electronics,CU2063,Stanley Table,Sub-Distributor,B,1073.1,47.0603,40.4764,39.0789,42.6756,46.6142,0.275,0.0969,0.1869,Above stretch,True,None,0.0,11943.82,0.1399,96.9,0.0,0.0
2026-06-01,20193,Wireless Earbuds - Private label,Consumer Electronics,CU2063,Stanley Table,Sub-Distributor,B,181.98,39.4741,34.0093,50.1948,56.5146,63.8467,0.0438,0.273,0.363,Below floor,False,VP Finance,1975.35,271.26,0.1384,90.8,120.0,-0.0175
2026-06-01,20007,Pet Bed - Value,Pet Supplies,CU2063,Stanley Table,Sub-Distributor,B,111.66,21.7608,16.1205,23.7283,25.6491,27.7348,-0.0519,0.0625,0.1525,Loss-making,False,VP Finance,367.96,-93.46,0.2592,114.55,31.0,0.0272
2026-06-01,20124,Cat Litter - National brand,Pet Supplies,CU2063,Stanley Table,Sub-Distributor,B,1372.56,15.8262,13.5364,15.5006,16.9062,18.4329,0.0866,0.0641,0.1541,Below target,True,Commercial director,1253.91,1609.19,0.1447,115.53,0.0,0.0
2026-06-01,20011,Cordless Drill - Value,Tools & Hardware,CU2064,Cedar Trading Co,Independent Retailer,D,29.0,21.2674,14.8466,23.5538,25.3765,27.3562,-0.0801,0.064,0.154,Loss-making,False,VP Finance,100.81,-34.51,0.3019,,92.0,-0.035
2026-06-01,20143,Tool Chest - National brand,Tools & Hardware,CU2064,Cedar Trading Co,Independent Retailer,D,186.16,61.1792,56.8465,41.3874,45.4768,49.952,0.4098,0.0945,0.1845,Above stretch,True,None,0.0,4336.32,0.0708,90.22,31.0,-0.0316
2026-06-01,20059,Desk Organiser - Value,Office & Stationery,CU2064,Cedar Trading Co,Independent Retailer,D,15.0,12.0681,9.985,12.4868,13.6337,14.8885,0.0556,0.0936,0.1836,Below floor,False,VP Finance,19.17,8.33,0.1726,115.8,61.0,0.0713
2026-06-01,20009,Toner Cartridge - Private label,Office & Stationery,CU2064,Cedar Trading Co,Independent Retailer,D,31.28,34.6318,31.4221,22.9243,25.6274,28.7388,0.5317,0.2536,0.3436,Above stretch,True,None,0.0,522.6,0.0927,117.33,31.0,0.0371
2026-06-01,20101,Multivitamin - Premium brand,Health & Beauty,CU2064,Cedar Trading Co,Independent Retailer,D,186.75,14.3234,10.9464,13.3456,14.5671,15.9348,0.2492,0.1755,0.2655,Below target,True,Rep,33.42,509.32,0.2358,98.25,31.0,-0.0035
2026-06-01,20234,Safety Glasses - National brand,Tools & Hardware,CU2064,Cedar Trading Co,Independent Retailer,D,18.21,35.4738,31.8416,32.3595,35.519,38.9742,0.1805,0.0917,0.1817,Below target,True,Rep,0.67,104.68,0.1024,102.46,31.0,-0.001
2026-06-01,20125,Hair Dryer - Value,Health & Beauty,CU2064,Cedar Trading Co,Independent Retailer,D,21.51,14.6716,12.46,12.2801,13.3552,14.5237,0.2462,0.0671,0.1571,Above stretch,True,None,0.0,65.97,0.1507,102.05,1035.0,-0.0936
2026-06-01,20236,Mechanical Keyboard - Value,Consumer Electronics,CU2065,Juniper Table,Government & Education,C,35.95,40.6558,37.1767,30.9185,33.839,37.0114,0.3095,0.0644,0.1544,Above stretch,True,None,0.0,413.58,0.0856,99.28,31.0,0.0529
2026-06-01,20125,Hair Dryer - Value,Health & Beauty,CU2065,Juniper Table,Government & Education,C,45.56,14.6716,12.7825,11.9576,13.0327,14.2012,0.2652,0.0671,0.1571,Above stretch,True,None,0.0,154.43,0.1288,102.05,1035.0,-0.0936
2026-06-01,20085,Power Bank - Value,Consumer Electronics,CU2065,Juniper Table,Government & Education,C,158.39,48.4225,44.3353,30.2884,33.1125,36.188,0.4533,0.075,0.165,Above stretch,True,None,0.0,3183.51,0.0844,86.09,0.0,0.0
2026-06-01,20074,Bluetooth Speaker - Private label,Consumer Electronics,CU2065,Juniper Table,Government & Education,C,98.48,40.9523,37.5194,34.9405,39.1427,43.9457,0.3577,0.2352,0.3252,At target,True,None,0.0,1321.84,0.0838,86.0,92.0,0.0178
2026-06-01,20083,Smart Plug - Private label,Consumer Electronics,CU2065,Juniper Table,Government & Education,C,243.18,46.9708,43.1729,42.0705,47.4308,53.6353,0.3506,0.2674,0.3574,Below target,True,Rep,71.88,3680.38,0.0809,97.68,31.0,0.0249
2026-06-01,20110,27in Monitor - National brand,Consumer Electronics,CU2065,Juniper Table,Government & Education,C,15.0,109.9573,102.1202,58.4,63.9578,70.0347,0.55,0.0912,0.1812,Above stretch,True,None,0.0,842.53,0.0713,,0.0,0.0
2026-06-01,20062,Laptop Sleeve - National brand,Apparel & Accessories,CU2065,Juniper Table,Government & Education,C,15.0,40.6669,35.2916,42.5396,46.7331,51.3438,0.0653,0.1124,0.2024,Below floor,False,VP Finance,72.58,34.57,0.1322,115.85,31.0,-0.037
2026-06-01,20025,Bedding Set - National brand,Home & Kitchen,CU2065,Juniper Table,Government & Education,C,164.19,42.9163,39.2177,34.2865,37.7165,41.4827,0.3038,0.1074,0.1974,Above stretch,True,None,0.0,1956.31,0.0862,97.42,0.0,0.0
2026-06-01,20179,Nonstick Cookware Set - Private label,Home & Kitchen,CU2065,Juniper Table,Government & Education,C,56.69,45.9419,42.1945,36.2063,40.6744,45.8229,0.4278,0.2562,0.3462,Above stretch,True,None,0.0,1023.35,0.0816,83.32,120.0,0.0676
2026-06-01,20139,Toner Cartridge - Private label,Office & Stationery,CU2066,Marine Provisions,Corporate & B2B Buyer,D,15.0,12.736,10.4944,13.8854,15.4983,17.3599,0.1793,0.2603,0.3503,Below floor,False,VP Finance,26.92,28.22,0.176,83.22,61.0,0.1109
2026-06-01,20215,Safety Boots - National brand,Apparel & Accessories,CU2066,Marine Provisions,Corporate & B2B Buyer,D,20.15,11.8721,9.8309,9.8749,10.7025,11.6002,0.2494,0.0581,0.1481,Above stretch,True,None,0.0,49.41,0.1719,99.26,1004.0,-0.1344
2026-06-01,20081,Vacuum Sealer - Premium brand,Home & Kitchen,CU2066,Marine Provisions,Corporate & B2B Buyer,D,45.02,72.1736,64.4611,48.8885,53.8742,59.4417,0.4677,0.1667,0.2567,Above stretch,True,None,0.0,1357.31,0.1069,128.43,61.0,0.0077
2026-06-01,20144,Socket Set - National brand,Tools & Hardware,CU2066,Marine Provisions,Corporate & B2B Buyer,D,21.88,25.964,21.5047,26.373,28.7888,31.4319,0.0764,0.0936,0.1836,Below floor,False,VP Finance,50.46,35.93,0.1717,,31.0,-0.027
2026-06-01,20160,Pet Bed - Private label,Pet Supplies,CU2066,Marine Provisions,Corporate & B2B Buyer,D,83.89,15.4086,13.2313,14.125,15.7403,17.5929,0.3176,0.2443,0.3343,Below target,True,Rep,18.52,352.54,0.1413,111.94,61.0,0.1223
2026-06-01,20181,Desk Organiser - National brand,Office & Stationery,CU2066,Marine Provisions,Corporate & B2B Buyer,D,15.0,19.831,17.203,17.9765,19.7468,21.7024,0.2235,0.1297,0.2197,At target,True,None,0.0,57.68,0.1325,118.14,31.0,0.0465
2026-06-01,20185,Gel Pens - Private label,Office & Stationery,CU2066,Marine Provisions,Corporate & B2B Buyer,D,35.39,11.9205,9.5744,13.8644,15.5193,17.448,0.1381,0.2836,0.3736,Below floor,False,VP Finance,79.78,46.81,0.1968,,61.0,0.0843
2026-06-01,20072,Toner Cartridge - National brand,Office & Stationery,CU2066,Marine Provisions,Corporate & B2B Buyer,D,63.47,15.2657,13.1396,14.0792,15.4147,16.8801,0.1854,0.1045,0.1945,Below target,True,Rep,7.62,154.59,0.1393,105.33,999.0,0.0
2026-06-01,20023,Adjustable Dumbbells - National brand,Sporting Goods,CU2067,Alder Bistro,Independent Retailer,D,21.97,29.6354,25.8668,26.6008,29.1682,31.9888,0.2141,0.1096,0.1996,At target,True,None,0.0,121.65,0.1272,,0.0,0.0
2026-06-01,20067,Toner Cartridge - National brand,Office & Stationery,CU2067,Alder Bistro,Independent Retailer,D,54.62,10.5402,8.8148,8.9244,9.7534,10.6689,0.2883,0.1285,0.2185,At target,True,None,0.0,138.78,0.1637,116.51,120.0,0.0349
2026-06-01,20116,Dry Dog Food - National brand,Pet Supplies,CU2067,Alder Bistro,Independent Retailer,D,128.13,12.7541,10.8014,8.2076,8.9028,9.6647,0.4789,0.1002,0.1902,Above stretch,True,None,0.0,662.84,0.1531,92.12,0.0,0.0
2026-06-01,20098,Electric Toothbrush - National brand,Health & Beauty,CU2068,Burrard Trading Co,E-commerce Pure-Play,D,17.74,22.0106,19.609,16.1595,17.6857,19.3577,0.3676,0.0987,0.1887,Above stretch,True,None,0.0,127.89,0.1091,110.74,92.0,-0.0127
2026-06-01,20085,Power Bank - Value,Consumer Electronics,CU2068,Burrard Trading Co,E-commerce Pure-Play,D,99.01,48.4225,44.8596,29.7641,32.5882,35.6637,0.4597,0.075,0.165,Above stretch,True,None,0.0,2041.93,0.0736,86.09,0.0,0.0
2026-06-01,20165,Electric Toothbrush - National brand,Health & Beauty,CU2068,Burrard Trading Co,E-commerce Pure-Play,D,33.02,18.802,16.6988,16.6627,18.2344,19.9466,0.1946,0.0763,0.1663,At target,True,None,0.0,107.32,0.1119,121.22,61.0,0.0597
2026-06-01,20234,Safety Glasses - National brand,Tools & Hardware,CU2068,Burrard Trading Co,E-commerce Pure-Play,D,28.4,35.4738,32.6059,31.5952,34.7547,38.2099,0.1997,0.0917,0.1817,At target,True,None,0.0,184.97,0.0808,102.46,31.0,-0.001
2026-06-01,20147,Laptop Sleeve - Value,Apparel & Accessories,CU2068,Burrard Trading Co,E-commerce Pure-Play,D,27.11,30.7308,28.0629,23.7081,26.0269,28.5639,0.3203,0.0934,0.1834,Above stretch,True,None,0.0,243.66,0.0868,87.78,31.0,0.0085
2026-06-01,20033,Hair Dryer - Value,Health & Beauty,CU2068,Burrard Trading Co,E-commerce Pure-Play,D,41.76,17.0921,15.071,14.4978,15.8197,17.2542,0.2222,0.0605,0.1505,At target,True,None,0.0,139.86,0.1182,104.24,0.0,0.0
2026-06-01,20004,Camping Tent - Premium brand,Sporting Goods,CU2068,Burrard Trading Co,E-commerce Pure-Play,D,147.33,28.2149,25.8192,24.7383,27.3786,30.3109,0.2631,0.1484,0.2384,At target,True,None,0.0,1000.69,0.0849,89.96,151.0,0.0473
2026-06-01,20095,Gel Pens - Private label,Office & Stationery,CU2069,Harbour Supply,E-commerce Pure-Play,C,15.11,16.5539,14.1216,19.5084,21.9034,24.6766,0.1152,0.2683,0.3583,Below floor,False,VP Finance,51.87,24.58,0.1469,103.33,1035.0,0.5058
2026-06-01,20057,Cordless Drill - National brand,Tools & Hardware,CU2069,Harbour Supply,E-commerce Pure-Play,C,33.81,39.9601,35.9737,33.5298,36.8189,40.4249,0.2622,0.1016,0.1916,At target,True,None,0.0,318.89,0.0998,80.77,0.0,0.0
2026-06-01,20239,HDMI Cable - National brand,Consumer Electronics,CU2069,Harbour Supply,E-commerce Pure-Play,C,121.31,53.4448,47.8384,48.6361,53.371,58.5495,0.1834,0.0921,0.1821,At target,True,None,0.0,1064.09,0.1049,110.47,31.0,-0.0228
2026-06-01,20046,Blender - Value,Home & Kitchen,CU2069,Harbour Supply,E-commerce Pure-Play,C,110.17,18.0297,16.0608,17.6959,19.4229,21.3108,0.1093,0.0904,0.1804,Below target,True,Commercial director,125.8,193.4,0.1092,,61.0,0.0409
2026-06-01,20051,HDMI Cable - National brand,Consumer Electronics,CU2069,Harbour Supply,E-commerce Pure-Play,C,43.32,64.7148,58.5514,47.2943,51.8436,56.8244,0.3652,0.0963,0.1863,Above stretch,True,None,0.0,926.24,0.0952,,61.0,0.0181
2026-06-01,20114,Fastener Assortment - National brand,Tools & Hardware,CU2069,Harbour Supply,E-commerce Pure-Play,C,21.07,59.7687,54.1944,48.1633,52.7482,57.7402,0.2723,0.074,0.164,Above stretch,True,None,0.0,310.93,0.0933,99.22,31.0,-0.0031
2026-06-01,20220,Body Wash - Premium brand,Health & Beauty,CU2069,Harbour Supply,E-commerce Pure-Play,C,135.66,17.6496,15.6471,12.1443,13.4042,14.8194,0.4721,0.1855,0.2755,Above stretch,True,None,0.0,1002.07,0.1135,104.34,61.0,0.0275
2026-06-01,20133,Mechanical Keyboard - Premium brand,Consumer Electronics,CU2070,Riverside Public House,Marketplace Seller,B,583.37,31.0248,25.1666,29.5982,32.5187,35.7919,0.225,0.1784,0.2684,Below target,True,Sales manager,637.57,3302.92,0.1888,114.24,31.0,0.0411
2026-06-01,20031,Body Wash - National brand,Health & Beauty,CU2070,Riverside Public House,Marketplace Seller,B,30.56,7.3149,5.8782,6.047,6.5585,7.1189,0.2932,0.0988,0.1888,Above stretch,True,None,0.0,52.67,0.1964,,61.0,-0.0154
2026-06-01,20199,Sunscreen SPF50 - Value,Health & Beauty,CU2070,Riverside Public House,Marketplace Seller,B,225.94,15.0327,12.3824,15.5837,16.9589,18.4525,0.0219,0.0636,0.1536,Below floor,False,VP Finance,368.36,61.37,0.1763,,61.0,-0.0305
2026-06-01,20160,Pet Bed - Private label,Pet Supplies,CU2070,Riverside Public House,Marketplace Seller,B,266.9,15.4086,12.4802,14.8761,16.4914,18.344,0.2765,0.2443,0.3343,Below target,True,Commercial director,192.39,921.15,0.19,111.94,61.0,0.1223
2026-06-01,20043,HDMI Cable - Value,Consumer Electronics,CU2070,Riverside Public House,Marketplace Seller,B,15.0,39.5936,32.7898,31.2454,33.8437,36.6655,0.3019,0.0634,0.1534,Above stretch,True,None,0.0,148.47,0.1718,119.95,61.0,0.1294
2026-06-01,20188,Grooming Kit - National brand,Pet Supplies,CU2070,Riverside Public House,Marketplace Seller,B,438.94,11.0676,8.931,12.0159,13.1014,14.2883,-0.0056,0.0909,0.1809,Loss-making,False,VP Finance,731.24,-22.08,0.193,104.8,92.0,0.0717
2026-06-01,20175,Cat Litter - Private label,Pet Supplies,CU2070,Riverside Public House,Marketplace Seller,B,15.0,16.1177,12.9948,16.0332,17.8015,19.8363,0.2578,0.2529,0.3429,Below target,True,Commercial director,16.6,50.24,0.1938,,0.0,0.0
2026-06-01,20072,Toner Cartridge - National brand,Office & Stationery,CU2070,Riverside Public House,Marketplace Seller,B,163.92,15.2657,12.3731,14.8457,16.1812,17.6466,0.1349,0.1045,0.1945,Below target,True,Commercial director,120.89,273.6,0.1895,105.33,999.0,0.0
2026-06-01,20193,Wireless Earbuds - Private label,Consumer Electronics,CU2070,Riverside Public House,Marketplace Seller,B,152.07,39.4741,32.6246,51.5795,57.8993,65.2314,0.0032,0.273,0.363,Below floor,False,VP Finance,1784.82,16.1,0.1735,90.8,120.0,-0.0175
2026-06-01,20107,Adjustable Dumbbells - Private label,Sporting Goods,CU2070,Riverside Public House,Marketplace Seller,B,389.47,50.0692,41.4072,54.7955,61.0817,68.3058,0.1638,0.2495,0.3395,Below floor,False,VP Finance,2832.91,2642.16,0.173,97.22,61.0,-0.0173
2026-06-01,20074,Bluetooth Speaker - Private label,Consumer Electronics,CU2070,Riverside Public House,Marketplace Seller,B,142.27,40.9523,33.7261,38.7338,42.936,47.739,0.2855,0.2352,0.3252,Below target,True,Sales manager,190.45,1369.93,0.1765,86.0,92.0,0.0178
2026-06-01,20163,Sunscreen SPF50 - National brand,Health & Beauty,CU2070,Riverside Public House,Marketplace Seller,B,921.26,18.099,14.9784,18.7947,20.5376,22.4479,0.0588,0.1006,0.1906,Below floor,False,VP Finance,1818.37,811.72,0.1724,70.54,31.0,-0.0126
2026-06-01,20145,Laminator - Premium brand,Office & Stationery,CU2070,Riverside Public House,Marketplace Seller,B,242.05,19.6128,15.9857,21.4637,23.5798,25.932,0.0531,0.1514,0.2414,Below floor,False,VP Finance,728.41,205.65,0.1849,88.3,31.0,0.0766
2026-06-01,20138,Cutlery Block - National brand,Home & Kitchen,CU2070,Riverside Public House,Marketplace Seller,B,46.58,28.256,19.539,25.3186,27.2312,29.3435,0.2598,0.1288,0.2188,At target,True,None,0.0,236.43,0.3085,89.0,151.0,-0.0239
2026-06-01,20049,Blender - Premium brand,Home & Kitchen,CU2070,Riverside Public House,Marketplace Seller,B,42.84,73.0024,60.6151,69.161,75.9884,83.6008,0.2147,0.1616,0.2516,Below target,True,Sales manager,95.74,557.61,0.1697,90.4,0.0,0.0
2026-06-01,20229,Chew Toy Pack - National brand,Pet Supplies,CU2070,Riverside Public House,Marketplace Seller,B,157.79,21.5552,17.4568,21.2254,23.0725,25.0844,0.093,0.0755,0.1655,Below target,True,Commercial director,199.79,256.08,0.1901,,0.0,0.0
2026-06-01,20181,Desk Organiser - National brand,Office & Stationery,CU2070,Riverside Public House,Marketplace Seller,B,15.0,19.831,16.2378,18.9417,20.712,22.6676,0.1774,0.1297,0.2197,Below target,True,Sales manager,10.31,43.2,0.1812,118.14,31.0,0.0465
2026-06-01,20115,USB-C Charger - National brand,Consumer Electronics,CU2070,Riverside Public House,Marketplace Seller,B,870.46,47.0603,38.7714,40.7839,44.3806,48.3192,0.2431,0.0969,0.1869,At target,True,None,0.0,8204.26,0.1761,96.9,0.0,0.0
2026-06-01,20170,Laminator - National brand,Office & Stationery,CU2070,Riverside Public House,Marketplace Seller,B,21.54,29.2528,23.6992,20.7139,22.4188,24.2919,0.4305,0.1097,0.1997,Above stretch,True,None,0.0,219.75,0.1898,97.16,0.0,0.0
2026-06-01,20221,Laptop Sleeve - National brand,Apparel & Accessories,CU2070,Riverside Public House,Marketplace Seller,B,92.56,20.9311,17.2746,24.0194,26.3224,28.8556,-0.0442,0.1142,0.2042,Loss-making,False,VP Finance,397.12,-70.61,0.1747,93.77,31.0,-0.0118
2026-06-01,20067,Toner Cartridge - National brand,Office & Stationery,CU2070,Riverside Public House,Marketplace Seller,B,72.63,10.5402,8.6179,9.1213,9.9503,10.8658,0.272,0.1285,0.2185,At target,True,None,0.0,170.24,0.1824,116.51,120.0,0.0349
2026-06-01,20082,Smart Plug - Private label,Consumer Electronics,CU2071,Harbour Table,Regional Retail Chain,B,902.29,33.2732,29.1399,24.3667,27.1034,30.2425,0.4755,0.2446,0.3346,Above stretch,True,None,0.0,12501.77,0.1242,114.55,31.0,0.0497
2026-06-01,20201,Dry Dog Food - Value,Pet Supplies,CU2071,Harbour Table,Regional Retail Chain,B,108.32,22.126,18.8931,24.1668,26.4805,29.0132,-0.002,0.0957,0.1857,Loss-making,False,VP Finance,384.09,-4.05,0.1461,107.98,31.0,0.0207
2026-06-01,20163,Sunscreen SPF50 - National brand,Health & Beauty,CU2071,Harbour Table,Regional Retail Chain,B,1227.89,18.099,15.6069,18.1662,19.9091,21.8194,0.0967,0.1006,0.1906,Below floor,False,Commercial director,1798.95,1853.62,0.1377,70.54,31.0,-0.0126
2026-06-01,20061,Multivitamin - Premium brand,Health & Beauty,CU2071,Harbour Table,Regional Retail Chain,B,363.39,23.3185,20.0114,19.2803,21.2136,23.3724,0.3346,0.1664,0.2564,At target,True,None,0.0,2433.3,0.1418,108.31,1004.0,0.0516
2026-06-01,20053,Hair Dryer - National brand,Health & Beauty,CU2071,Harbour Table,Regional Retail Chain,B,427.18,21.0476,18.4447,13.7413,14.9897,16.3603,0.4607,0.107,0.197,Above stretch,True,None,0.0,3630.22,0.1237,87.2,31.0,0.0461
2026-06-01,20188,Grooming Kit - National brand,Pet Supplies,CU2071,Harbour Table,Regional Retail Chain,B,409.77,11.0676,9.4736,11.4733,12.5588,13.7457,0.052,0.0909,0.1809,Below floor,False,VP Finance,500.52,201.73,0.144,104.8,92.0,0.0717
2026-06-01,20108,Cotton T-Shirt 5pk - Value,Apparel & Accessories,CU2071,Harbour Table,Regional Retail Chain,B,59.06,27.1312,23.2161,17.1919,18.6403,20.2215,0.4767,0.085,0.175,Above stretch,True,None,0.0,653.66,0.1443,101.13,120.0,-0.0203
2026-06-01,20135,Bluetooth Speaker - Premium brand,Consumer Electronics,CU2071,Harbour Table,Regional Retail Chain,B,149.01,58.348,50.8874,36.3185,39.7879,43.6559,0.5244,0.1614,0.2514,Above stretch,True,None,0.0,3976.66,0.1279,99.88,61.0,0.0245
2026-06-01,20218,Blender - Premium brand,Home & Kitchen,CU2071,Harbour Table,Regional Retail Chain,B,141.97,41.1473,35.4664,36.3294,40.0067,44.1047,0.274,0.1599,0.2499,At target,True,None,0.0,1379.75,0.1381,114.07,31.0,-0.0478
2026-06-01,20064,Blender - National brand,Home & Kitchen,CU2071,Harbour Table,Regional Retail Chain,B,162.16,54.383,47.7281,52.3968,57.5582,63.2331,0.1493,0.1124,0.2024,Below target,True,Commercial director,410.68,1155.81,0.1224,95.12,0.0,0.0
2026-06-01,20021,Bedding Set - National brand,Home & Kitchen,CU2071,Harbour Table,Regional Retail Chain,B,200.69,44.6055,38.7411,38.3917,41.9622,45.8652,0.236,0.0901,0.1801,At target,True,None,0.0,1835.21,0.1315,99.4,92.0,0.0256
2026-06-01,20111,27in Monitor - Private label,Consumer Electronics,CU2071,Harbour Table,Regional Retail Chain,B,215.52,30.8949,26.9763,29.6808,33.2397,37.3441,0.2919,0.2585,0.3485,Below target,True,Commercial director,329.24,1696.92,0.1268,108.16,0.0,0.0
2026-06-01,20089,Bluetooth Speaker - National brand,Consumer Electronics,CU2071,Harbour Table,Regional Retail Chain,B,502.36,58.5054,50.8863,50.6795,55.4224,60.6107,0.2324,0.0929,0.1829,At target,True,None,0.0,5941.01,0.1302,102.03,31.0,0.0614
2026-06-01,20226,Cat Litter - Private label,Pet Supplies,CU2071,Harbour Table,Regional Retail Chain,B,57.36,15.2511,13.1263,11.1247,12.3842,13.8417,0.4974,0.2669,0.3569,Above stretch,True,None,0.0,374.47,0.1393,,0.0,0.0
2026-06-01,20054,Wireless Earbuds - Private label,Consumer Electronics,CU2071,Harbour Table,Regional Retail Chain,B,418.47,113.45,83.4996,94.6778,103.5513,113.7648,0.4213,0.2535,0.3435,At target,True,None,0.0,14722.03,0.264,79.24,0.0,0.0
2026-06-01,20207,Hair Dryer - Value,Health & Beauty,CU2071,Harbour Table,Regional Retail Chain,B,224.61,12.0683,10.4833,10.3622,11.3048,12.3306,0.223,0.072,0.162,At target,True,None,0.0,525.16,0.1313,106.71,31.0,0.0492
2026-06-01,20001,Multivitamin - Private label,Health & Beauty,CU2072,Chilcotin Public House,Marketplace Seller,B,444.35,19.9168,14.5154,20.7489,22.8756,25.3303,0.2181,0.2605,0.3505,Below floor,False,VP Finance,853.93,1406.77,0.2712,89.07,31.0,-0.0099
2026-06-01,20216,Work Gloves - National brand,Tools & Hardware,CU2072,Chilcotin Public House,Marketplace Seller,B,680.14,41.3841,35.2359,35.5798,38.8062,42.332,0.2391,0.089,0.179,At target,True,None,0.0,5729.3,0.1486,,1035.0,-0.0147
2026-06-01,20096,Electric Toothbrush - Private label,Health & Beauty,CU2072,Chilcotin Public House,Marketplace Seller,B,208.11,8.647,6.8372,10.7886,12.0201,13.4377,0.0201,0.2538,0.3438,Below floor,False,VP Finance,460.64,28.55,0.2093,99.29,61.0,0.0276
2026-06-01,20118,Blender - Premium brand,Home & Kitchen,CU2072,Chilcotin Public House,Marketplace Seller,B,515.2,81.3528,69.7139,73.8864,81.6254,90.3207,0.2733,0.1861,0.2761,Below target,True,Rep,101.65,9814.92,0.1431,92.32,92.0,-0.0016
2026-06-01,20131,Air Fryer - Value,Home & Kitchen,CU2072,Chilcotin Public House,Marketplace Seller,B,15.11,29.9726,24.8295,27.5874,30.0708,32.79,0.1834,0.0966,0.1866,Below target,True,Rep,1.21,68.8,0.1716,93.69,0.0,0.0
2026-06-01,20223,Desk Organiser - Private label,Office & Stationery,CU2072,Chilcotin Public House,Marketplace Seller,B,150.64,15.1297,12.5508,14.9029,16.6141,18.5902,0.2751,0.2618,0.3518,Below target,True,Commercial director,144.94,520.19,0.1705,82.53,31.0,0.0379
2026-06-01,20067,Toner Cartridge - National brand,Office & Stationery,CU2072,Chilcotin Public House,Marketplace Seller,B,419.65,10.5402,8.5198,9.2194,10.0484,10.9639,0.2636,0.1285,0.2185,At target,True,None,0.0,942.49,0.1917,116.51,120.0,0.0349
2026-06-01,20089,Bluetooth Speaker - National brand,Consumer Electronics,CU2072,Chilcotin Public House,Marketplace Seller,B,718.63,58.5054,49.8283,51.7375,56.4804,61.6687,0.2161,0.0929,0.1829,At target,True,None,0.0,7738.35,0.1483,102.03,31.0,0.0614
2026-06-01,20129,Filing Boxes - National brand,Office & Stationery,CU2072,Chilcotin Public House,Marketplace Seller,B,176.18,22.9428,18.9881,20.5442,22.3649,24.3552,0.205,0.09,0.18,At target,True,None,0.0,685.64,0.1724,92.03,0.0,0.0
2026-06-01,20162,Gel Pens - Private label,Office & Stationery,CU2072,Chilcotin Public House,Marketplace Seller,B,34.46,22.2327,18.2599,15.2814,16.7915,18.5179,0.5268,0.236,0.326,Above stretch,True,None,0.0,331.51,0.1787,113.57,61.0,0.0768
2026-06-01,20111,27in Monitor - Private label,Consumer Electronics,CU2072,Chilcotin Public House,Marketplace Seller,B,163.59,30.8949,26.1322,30.5249,34.0838,38.1882,0.269,0.2585,0.3485,Below target,True,Commercial director,339.87,1149.96,0.1542,108.16,0.0,0.0
2026-06-01,20024,Tool Chest - Value,Tools & Hardware,CU2072,Chilcotin Public House,Marketplace Seller,B,513.36,43.8244,37.581,34.2447,37.2281,40.4696,0.3036,0.0653,0.1553,Above stretch,True,None,0.0,5856.51,0.1425,94.6,31.0,-0.0382
2026-06-01,20172,Dry-Erase Board - National brand,Office & Stationery,CU2072,Chilcotin Public House,Marketplace Seller,B,97.48,34.4733,29.3626,32.9722,36.0561,39.433,0.1431,0.0969,0.1869,Below target,True,Sales manager,125.45,409.5,0.1483,105.24,61.0,0.0918
2026-06-01,20095,Gel Pens - Private label,Office & Stationery,CU2072,Chilcotin Public House,Marketplace Seller,B,73.48,16.5539,12.6436,20.9864,23.3814,26.1546,0.0118,0.2683,0.3583,Below floor,False,VP Finance,321.93,10.95,0.2362,103.33,1035.0,0.5058
2026-06-01,20073,Gel Pens - Value,Office & Stationery,CU2072,Chilcotin Public House,Marketplace Seller,B,142.67,30.3209,24.0903,28.0841,30.4873,33.1154,0.1759,0.0916,0.1816,Below target,True,Rep,19.43,604.72,0.2055,92.17,0.0,0.0
2026-06-01,20088,Hair Dryer - Premium brand,Health & Beauty,CU2072,Chilcotin Public House,Marketplace Seller,B,537.58,17.5796,14.5086,16.4742,18.083,19.876,0.2242,0.1602,0.2502,Below target,True,Sales manager,202.91,1748.53,0.1747,73.34,0.0,0.0
2026-06-01,20199,Sunscreen SPF50 - Value,Health & Beauty,CU2072,Chilcotin Public House,Marketplace Seller,B,332.65,15.0327,12.1639,15.8022,17.1774,18.671,0.0044,0.0636,0.1536,Below floor,False,VP Finance,603.85,17.66,0.1908,,61.0,-0.0305
2026-06-01,20128,Dry-Erase Board - National brand,Office & Stationery,CU2072,Chilcotin Public House,Marketplace Seller,B,137.74,16.7816,13.879,17.9003,19.539,21.3286,0.0127,0.0863,0.1763,Below floor,False,VP Finance,312.84,24.19,0.173,,0.0,0.0
2026-06-01,20105,Pet Bed - Premium brand,Pet Supplies,CU2073,Marine Hospitality,Marketplace Seller,D,223.22,20.8853,17.0849,22.2008,24.474,27.0243,0.1185,0.1815,0.2715,Below floor,False,VP Finance,583.58,451.84,0.182,,61.0,0.1305
2026-06-01,20181,Desk Organiser - National brand,Office & Stationery,CU2073,Marine Hospitality,Marketplace Seller,D,15.0,19.831,17.7188,17.4607,19.231,21.1866,0.2461,0.1297,0.2197,At target,True,None,0.0,65.41,0.1065,118.14,31.0,0.0465
2026-06-01,20173,Safety Boots - Value,Apparel & Accessories,CU2073,Marine Hospitality,Marketplace Seller,D,296.89,22.2417,20.3548,20.0397,22.0236,24.1903,0.1853,0.0865,0.1765,At target,True,None,0.0,1119.93,0.0848,94.94,31.0,-0.0715
2026-06-01,20008,Electric Toothbrush - Value,Health & Beauty,CU2073,Marine Hospitality,Marketplace Seller,D,25.99,21.2885,19.287,18.237,19.999,21.9205,0.2261,0.0807,0.1707,At target,True,None,0.0,113.36,0.094,93.76,61.0,0.0426
2026-06-01,20142,Yoga Mat - National brand,Sporting Goods,CU2074,Burrard Provisions,Corporate & B2B Buyer,C,372.39,30.6656,27.6249,25.7969,28.3567,31.1692,0.2668,0.1099,0.1999,At target,True,None,0.0,2744.37,0.0992,111.75,0.0,0.0
2026-06-01,20103,Safety Glasses - Private label,Tools & Hardware,CU2074,Burrard Provisions,Corporate & B2B Buyer,C,358.39,37.7585,34.1757,26.379,29.4239,32.9053,0.4905,0.2362,0.3262,Above stretch,True,None,0.0,6008.05,0.0949,111.84,61.0,-0.001
2026-06-01,20104,Laminator - National brand,Office & Stationery,CU2074,Burrard Provisions,Corporate & B2B Buyer,C,151.3,17.8362,16.1994,17.0349,18.7614,20.657,0.1515,0.1073,0.1973,Below target,True,Sales manager,112.36,371.21,0.0918,134.38,0.0,0.0
2026-06-01,20125,Hair Dryer - Value,Health & Beauty,CU2074,Burrard Provisions,Corporate & B2B Buyer,C,65.92,14.6716,13.0831,11.657,12.7321,13.9006,0.2821,0.0671,0.1571,Above stretch,True,None,0.0,243.26,0.1083,102.05,1035.0,-0.0936
2026-06-01,20191,27in Monitor - Value,Consumer Electronics,CU2074,Burrard Provisions,Corporate & B2B Buyer,C,736.96,55.9879,51.5813,44.5204,48.9562,53.8124,0.2971,0.0961,0.1861,Above stretch,True,None,0.0,11292.0,0.0787,101.03,31.0,0.0468
2026-06-01,20119,HDMI Cable - National brand,Consumer Electronics,CU2074,Burrard Provisions,Corporate & B2B Buyer,C,346.59,40.4651,36.4792,26.3941,28.8242,31.474,0.4349,0.0801,0.1701,Above stretch,True,None,0.0,5498.96,0.0985,84.61,61.0,0.0129
2026-06-01,20172,Dry-Erase Board - National brand,Office & Stationery,CU2074,Burrard Provisions,Corporate & B2B Buyer,C,35.1,34.4733,31.5095,30.8253,33.9092,37.2861,0.2015,0.0969,0.1869,At target,True,None,0.0,222.81,0.086,105.24,61.0,0.0918
2026-06-01,20128,Dry-Erase Board - National brand,Office & Stationery,CU2074,Burrard Provisions,Corporate & B2B Buyer,C,33.51,16.7816,15.0186,16.7607,18.3994,20.189,0.0876,0.0863,0.1763,Below target,True,Commercial director,44.65,44.07,0.1051,,0.0,0.0
2026-06-01,20015,Body Wash - Value,Health & Beauty,CU2074,Burrard Provisions,Corporate & B2B Buyer,C,120.5,12.442,11.2484,10.6302,11.6429,12.7449,0.221,0.0714,0.1614,At target,True,None,0.0,299.51,0.0959,104.23,0.0,0.0
2026-06-01,20204,Pet Bed - Private label,Pet Supplies,CU2074,Burrard Provisions,Corporate & B2B Buyer,C,199.87,24.7525,22.5958,22.3287,25.0199,28.096,0.3174,0.2354,0.3254,Below target,True,Rep,36.05,1433.53,0.0871,86.99,151.0,0.1647
2026-06-01,20043,HDMI Cable - Value,Consumer Electronics,CU2074,Burrard Provisions,Corporate & B2B Buyer,C,15.0,39.5936,35.6629,28.3723,30.9706,33.7924,0.3581,0.0634,0.1534,Above stretch,True,None,0.0,191.56,0.0993,119.95,61.0,0.1294
2026-06-01,20121,Copy Paper - National brand,Office & Stationery,CU2074,Burrard Provisions,Corporate & B2B Buyer,C,71.98,18.8226,16.1447,17.3794,19.0471,20.8827,0.1956,0.1166,0.2066,Below target,True,Rep,12.82,227.27,0.1423,126.57,0.0,0.0
2026-06-01,20118,Blender - Premium brand,Home & Kitchen,CU2074,Burrard Provisions,Corporate & B2B Buyer,C,86.04,81.3528,75.1279,68.4724,76.2114,84.9067,0.3256,0.1861,0.2761,At target,True,None,0.0,2104.94,0.0765,92.32,92.0,-0.0016
2026-06-01,20059,Desk Organiser - Value,Office & Stationery,CU2075,Coastal Catering,Independent Retailer,D,15.0,12.0681,10.6906,11.7812,12.9281,14.1829,0.1179,0.0936,0.1836,Below target,True,Commercial director,10.53,18.91,0.1141,115.8,61.0,0.0713
2026-06-01,20066,Laser Measure - National brand,Tools & Hardware,CU2075,Coastal Catering,Independent Retailer,D,216.2,16.3595,15.1864,10.9564,12.0272,13.1969,0.4123,0.0877,0.1777,Above stretch,True,None,0.0,1353.65,0.0717,85.95,31.0,-0.0174
2026-06-01,20050,Copy Paper - National brand,Office & Stationery,CU2075,Coastal Catering,Independent Retailer,D,15.0,15.0054,13.5202,9.776,10.6797,11.6661,0.4385,0.0843,0.1743,Above stretch,True,None,0.0,88.92,0.099,76.33,31.0,0.0474
2026-06-01,20202,Tool Chest - Value,Tools & Hardware,CU2075,Coastal Catering,Independent Retailer,D,102.94,46.9027,44.5803,30.4738,33.4796,36.7468,0.4109,0.0671,0.1571,Above stretch,True,None,0.0,1885.64,0.0495,101.19,999.0,0.0
2026-06-01,20170,Laminator - National brand,Office & Stationery,CU2075,Coastal Catering,Independent Retailer,D,15.0,29.2528,27.1063,17.3068,19.0117,20.8848,0.5021,0.1097,0.1997,Above stretch,True,None,0.0,204.14,0.0734,97.16,0.0,0.0
2026-06-01,20127,Bedding Set - Premium brand,Home & Kitchen,CU2075,Coastal Catering,Independent Retailer,D,111.31,46.6331,44.2364,47.942,53.6797,60.1467,0.1718,0.1956,0.2856,Below floor,False,VP Finance,560.35,845.93,0.0514,85.5,0.0,0.0
2026-06-01,20075,Sunscreen SPF50 - Private label,Health & Beauty,CU2075,Coastal Catering,Independent Retailer,D,127.52,19.8484,16.6184,18.7703,20.8697,23.2771,0.2929,0.2438,0.3338,Below target,True,Sales manager,86.77,620.61,0.1627,92.32,151.0,0.0482
2026-06-01,20077,Wireless Earbuds - Premium brand,Consumer Electronics,CU2075,Coastal Catering,Independent Retailer,D,275.73,129.0538,123.6308,89.0573,99.2414,110.6289,0.4391,0.1709,0.2609,Above stretch,True,None,0.0,14969.27,0.042,,31.0,0.0123
2026-06-01,20001,Multivitamin - Private label,Health & Beauty,CU2076,Mount Grill House,Government & Education,C,46.87,19.9168,15.8476,19.4167,21.5434,23.9981,0.2838,0.2605,0.3505,Below target,True,Commercial director,49.52,210.83,0.2043,89.07,31.0,-0.0099
2026-06-01,20109,Vitamin C Serum - Premium brand,Health & Beauty,CU2076,Mount Grill House,Government & Education,C,149.17,28.8682,26.7146,21.3936,23.7245,26.3277,0.4001,0.1671,0.2571,Above stretch,True,None,0.0,1594.57,0.0746,,61.0,0.019
2026-06-01,20094,Body Wash - Premium brand,Health & Beauty,CU2076,Mount Grill House,Government & Education,C,891.16,17.5331,15.8261,11.9594,13.2025,14.591,0.4608,0.1677,0.2577,Above stretch,True,None,0.0,6499.23,0.0974,,92.0,0.0333
2026-06-01,20212,Resistance Bands - National brand,Sporting Goods,CU2076,Mount Grill House,Government & Education,C,43.57,43.7472,40.844,32.2525,35.5486,39.1688,0.3595,0.1086,0.1986,Above stretch,True,None,0.0,639.69,0.0664,81.07,31.0,0.0068
2026-06-01,20096,Electric Toothbrush - Private label,Health & Beauty,CU2076,Mount Grill House,Government & Education,C,264.0,8.647,7.4191,10.2067,11.4382,12.8558,0.0969,0.2538,0.3438,Below floor,False,VP Finance,483.54,189.84,0.142,99.29,61.0,0.0276
2026-06-01,20065,Adjustable Dumbbells - Private label,Sporting Goods,CU2076,Mount Grill House,Government & Education,C,281.66,39.5147,36.3547,43.7276,49.3051,55.7298,0.1691,0.2554,0.3454,Below floor,False,VP Finance,1805.11,1731.67,0.08,81.3,61.0,-0.014
2026-06-01,20129,Filing Boxes - National brand,Office & Stationery,CU2076,Mount Grill House,Government & Education,C,65.37,22.9428,21.0437,18.4886,20.3093,22.2996,0.2826,0.09,0.18,Above stretch,True,None,0.0,388.78,0.0828,92.03,0.0,0.0
2026-06-01,20075,Sunscreen SPF50 - Private label,Health & Beauty,CU2076,Mount Grill House,Government & Education,C,145.56,19.8484,15.6335,19.7552,21.8546,24.262,0.2483,0.2438,0.3338,Below target,True,Commercial director,194.55,565.05,0.2124,92.32,151.0,0.0482
2026-06-01,20020,Cutlery Block - Private label,Home & Kitchen,CU2076,Mount Grill House,Government & Education,C,346.15,74.8206,70.3663,52.6429,59.1892,66.7065,0.4847,0.2475,0.3375,Above stretch,True,None,0.0,11805.24,0.0595,100.27,0.0,0.0
2026-06-01,20215,Safety Boots - National brand,Apparel & Accessories,CU2076,Mount Grill House,Government & Education,C,51.57,11.8721,10.3101,9.3957,10.2233,11.121,0.2843,0.0581,0.1481,Above stretch,True,None,0.0,151.18,0.1316,99.26,1004.0,-0.1344
2026-06-01,20220,Body Wash - Premium brand,Health & Beauty,CU2076,Mount Grill House,Government & Education,C,313.49,17.6496,15.8676,11.9238,13.1837,14.5989,0.4794,0.1855,0.2755,Above stretch,True,None,0.0,2384.75,0.101,104.34,61.0,0.0275
2026-06-01,20159,Cooler Box - Value,Sporting Goods,CU2076,Mount Grill House,Government & Education,C,160.08,28.712,26.3434,23.6515,25.9138,28.3706,0.2432,0.0633,0.1533,Above stretch,True,None,0.0,1025.74,0.0825,95.9,151.0,0.0251
2026-06-01,20033,Hair Dryer - Value,Health & Beauty,CU2077,Burrard Public House,Corporate & B2B Buyer,B,206.83,17.0921,13.7412,15.8276,17.1495,18.584,0.147,0.0605,0.1505,Below target,True,Rep,10.08,417.65,0.196,104.24,0.0,0.0
2026-06-01,20199,Sunscreen SPF50 - Value,Health & Beauty,CU2077,Burrard Public House,Corporate & B2B Buyer,B,650.06,15.0327,11.7074,16.2587,17.6339,19.1275,-0.0345,0.0636,0.1536,Loss-making,False,VP Finance,1431.21,-262.23,0.2212,,61.0,-0.0305
2026-06-01,20081,Vacuum Sealer - Premium brand,Home & Kitchen,CU2077,Burrard Public House,Corporate & B2B Buyer,B,126.67,72.1736,54.9262,58.4234,63.4091,68.9766,0.3753,0.1667,0.2567,Above stretch,True,None,0.0,2611.2,0.239,128.43,61.0,0.0077
2026-06-01,20008,Electric Toothbrush - Value,Health & Beauty,CU2077,Burrard Public House,Corporate & B2B Buyer,B,159.53,21.2885,17.3915,20.1325,21.8945,23.816,0.1418,0.0807,0.1707,Below target,True,Sales manager,80.17,393.43,0.1831,93.76,61.0,0.0426
2026-06-01,20052,Work Gloves - Private label,Tools & Hardware,CU2077,Burrard Public House,Corporate & B2B Buyer,B,122.47,20.0117,14.2534,17.5145,19.0944,20.9036,0.3734,0.2403,0.3303,At target,True,None,0.0,651.81,0.2877,,92.0,-0.0389
2026-06-01,20171,Socket Set - Premium brand,Tools & Hardware,CU2077,Burrard Public House,Corporate & B2B Buyer,B,3215.22,52.5609,43.2354,46.3245,50.8661,55.9538,0.2955,0.1768,0.2668,At target,True,None,0.0,41083.44,0.1774,104.04,31.0,-0.0345
2026-06-01,20198,Toner Cartridge - Premium brand,Office & Stationery,CU2077,Burrard Public House,Corporate & B2B Buyer,B,116.96,10.9395,8.4678,8.8319,9.6154,10.4938,0.3836,0.1794,0.2694,Above stretch,True,None,0.0,379.96,0.2259,75.35,61.0,0.0485
2026-06-01,20005,Backpack - Private label,Apparel & Accessories,CU2077,Burrard Public House,Corporate & B2B Buyer,B,165.19,37.8386,30.365,30.4609,33.5557,37.1013,0.4258,0.2415,0.3315,Above stretch,True,None,0.0,2135.76,0.1975,,0.0,0.0
2026-06-01,20117,LED Floor Lamp - National brand,Home & Kitchen,CU2077,Burrard Public House,Corporate & B2B Buyer,B,229.61,15.5127,12.1585,13.1883,14.2652,15.442,0.2625,0.0882,0.1782,Above stretch,True,None,0.0,732.87,0.2162,88.6,999.0,0.0
2026-06-01,20113,Bedding Set - Private label,Home & Kitchen,CU2077,Burrard Public House,Corporate & B2B Buyer,B,1031.09,35.7437,29.2206,35.3569,39.2581,43.7331,0.2548,0.2448,0.3348,Below target,True,Commercial director,2410.44,7676.77,0.1825,105.78,61.0,-0.0518
2026-06-01,20230,Air Fryer - Private label,Home & Kitchen,CU2077,Burrard Public House,Corporate & B2B Buyer,B,485.98,42.2426,34.7179,33.311,36.7972,40.7955,0.4387,0.2443,0.3343,Above stretch,True,None,0.0,7402.06,0.1781,107.18,120.0,0.1276
2026-06-01,20049,Blender - Premium brand,Home & Kitchen,CU2077,Burrard Public House,Corporate & B2B Buyer,B,25.54,73.0024,61.3534,68.4227,75.2501,82.8625,0.2242,0.1616,0.2516,Below target,True,Sales manager,42.96,351.28,0.1596,90.4,0.0,0.0
2026-06-01,20166,Storage Bins - Value,Home & Kitchen,CU2077,Burrard Public House,Corporate & B2B Buyer,B,120.99,15.6948,10.6757,18.8079,20.3476,22.0367,-0.1573,0.104,0.194,Loss-making,False,VP Finance,453.73,-203.15,0.3198,102.4,0.0,0.0
2026-06-01,20238,Pet Bed - National brand,Pet Supplies,CU2077,Burrard Public House,Corporate & B2B Buyer,B,484.32,14.7492,11.7251,14.1972,15.4215,16.7592,0.1315,0.0886,0.1786,Below target,True,Sales manager,267.44,746.77,0.205,116.56,151.0,0.1071
2026-06-01,20224,Laser Measure - Value,Tools & Hardware,CU2077,Burrard Public House,Corporate & B2B Buyer,B,299.42,12.3202,9.5699,11.6133,12.5645,13.5995,0.14,0.0714,0.1614,Below target,True,Sales manager,61.35,401.13,0.2232,85.35,151.0,-0.0116
2026-06-01,20211,Storage Bins - National brand,Home & Kitchen,CU2077,Burrard Public House,Corporate & B2B Buyer,B,182.76,39.7418,33.2834,42.5301,46.5821,51.0329,0.0341,0.1088,0.1988,Below floor,False,VP Finance,1001.61,207.67,0.1625,110.52,999.0,0.0
2026-06-01,20094,Body Wash - Premium brand,Health & Beauty,CU2077,Burrard Public House,Corporate & B2B Buyer,B,986.59,17.5331,13.7724,14.0131,15.2562,16.6447,0.3804,0.1677,0.2577,Above stretch,True,None,0.0,5169.04,0.2145,,92.0,0.0333
2026-06-01,20180,Sunscreen SPF50 - National brand,Health & Beauty,CU2077,Burrard Public House,Corporate & B2B Buyer,B,1315.56,17.3155,13.9854,15.98,17.3746,18.9003,0.1802,0.0936,0.1836,Below target,True,Rep,63.44,3314.55,0.1923,96.9,61.0,-0.0207
2026-06-01,20188,Grooming Kit - National brand,Pet Supplies,CU2078,Juniper Market,E-commerce Pure-Play,C,197.94,11.0676,10.1583,10.7886,11.8741,13.061,0.1159,0.0909,0.1809,Below target,True,Commercial director,130.77,232.98,0.0822,104.8,92.0,0.0717
2026-06-01,20119,HDMI Cable - National brand,Consumer Electronics,CU2078,Juniper Market,E-commerce Pure-Play,C,331.97,40.4651,38.2118,24.6615,27.0916,29.7414,0.4606,0.0801,0.1701,Above stretch,True,None,0.0,5842.17,0.0557,84.61,61.0,0.0129
2026-06-01,20137,Bluetooth Speaker - Private label,Consumer Electronics,CU2078,Juniper Market,E-commerce Pure-Play,C,2845.81,67.4293,63.3193,53.2726,60.0247,67.8001,0.4213,0.2547,0.3447,At target,True,None,0.0,75921.66,0.061,121.68,31.0,0.0436
2026-06-01,20156,Resistance Bands - Value,Sporting Goods,CU2078,Juniper Market,E-commerce Pure-Play,C,40.32,73.2189,68.8427,50.4742,55.3494,60.6385,0.3699,0.059,0.149,Above stretch,True,None,0.0,1026.73,0.0598,84.24,92.0,-0.0022
2026-06-01,20222,Work Gloves - National brand,Tools & Hardware,CU2078,Juniper Market,E-commerce Pure-Play,C,449.3,24.0219,22.5822,17.4066,19.1926,21.1526,0.3675,0.1054,0.1954,Above stretch,True,None,0.0,3728.38,0.0599,116.15,151.0,-0.0748
2026-06-01,20239,HDMI Cable - National brand,Consumer Electronics,CU2078,Juniper Market,E-commerce Pure-Play,C,175.62,53.4448,50.5903,45.8842,50.6191,55.7976,0.2278,0.0921,0.1821,At target,True,None,0.0,2023.77,0.0534,110.47,31.0,-0.0228
2026-06-01,20170,Laminator - National brand,Office & Stationery,CU2078,Juniper Market,E-commerce Pure-Play,C,23.4,29.2528,27.2494,17.1637,18.8686,20.7417,0.5047,0.1097,0.1997,Above stretch,True,None,0.0,321.8,0.0685,97.16,0.0,0.0
2026-06-01,20233,Bedding Set - National brand,Home & Kitchen,CU2078,Juniper Market,E-commerce Pure-Play,C,15.0,53.8505,50.8349,37.1744,41.0941,45.4194,0.4125,0.1257,0.2157,Above stretch,True,None,0.0,314.55,0.056,91.85,999.0,0.0
2026-06-01,20120,Bluetooth Speaker - Premium brand,Consumer Electronics,CU2078,Juniper Market,E-commerce Pure-Play,C,109.16,68.1132,64.5006,38.3245,42.5732,47.3295,0.5559,0.1747,0.2647,Above stretch,True,None,0.0,3913.7,0.053,100.4,0.0,0.0
2026-06-01,20169,Laser Measure - Value,Tools & Hardware,CU2078,Juniper Market,E-commerce Pure-Play,C,131.46,23.5116,21.7494,19.7548,21.7684,23.9784,0.2603,0.1058,0.1958,At target,True,None,0.0,744.12,0.075,99.38,61.0,-0.0203
2026-06-01,20141,Socket Set - Premium brand,Tools & Hardware,CU2078,Juniper Market,E-commerce Pure-Play,C,390.52,48.9453,46.1389,32.1994,35.8261,39.8939,0.478,0.1806,0.2706,Above stretch,True,None,0.0,8612.65,0.0573,103.9,0.0,0.0
2026-06-01,20202,Tool Chest - Value,Tools & Hardware,CU2078,Juniper Market,E-commerce Pure-Play,C,184.7,46.9027,44.3579,30.6962,33.702,36.9692,0.4079,0.0671,0.1571,Above stretch,True,None,0.0,3342.24,0.0543,101.19,999.0,0.0
2026-06-01,20225,Air Fryer - Premium brand,Home & Kitchen,CU2078,Juniper Market,E-commerce Pure-Play,C,115.49,103.2608,98.0912,55.0226,61.0491,67.7765,0.5759,0.1655,0.2555,Above stretch,True,None,0.0,6523.9,0.0501,101.69,31.0,-0.0075
2026-06-01,20092,Laptop Sleeve - National brand,Apparel & Accessories,CU2079,Harbour Fine Foods,Marketplace Seller,D,15.0,37.9929,34.5086,31.6014,34.8251,38.3815,0.2871,0.125,0.215,At target,True,None,0.0,148.59,0.0917,117.6,0.0,0.0
2026-06-01,20120,Bluetooth Speaker - Premium brand,Consumer Electronics,CU2079,Harbour Fine Foods,Marketplace Seller,D,91.84,68.1132,63.8968,38.9283,43.177,47.9333,0.5517,0.1747,0.2647,Above stretch,True,None,0.0,3237.28,0.0619,100.4,0.0,0.0
2026-06-01,20009,Toner Cartridge - Private label,Office & Stationery,CU2079,Harbour Fine Foods,Marketplace Seller,D,33.64,34.6318,31.4838,22.8626,25.5657,28.6771,0.5326,0.2536,0.3436,Above stretch,True,None,0.0,564.1,0.0909,117.33,31.0,0.0371
2026-06-01,20189,Desk Organiser - National brand,Office & Stationery,CU2079,Harbour Fine Foods,Marketplace Seller,D,16.11,15.9551,13.4483,11.8106,12.8626,14.0196,0.387,0.114,0.204,Above stretch,True,None,0.0,83.85,0.1571,103.27,0.0,0.0
2026-06-01,20087,Laptop Sleeve - Value,Apparel & Accessories,CU2079,Harbour Fine Foods,Marketplace Seller,D,15.0,37.8687,34.3127,27.6043,30.1741,32.968,0.3467,0.0678,0.1578,Above stretch,True,None,0.0,178.42,0.0939,92.75,61.0,-0.0769
2026-06-01,20050,Copy Paper - National brand,Office & Stationery,CU2079,Harbour Fine Foods,Marketplace Seller,D,21.31,15.0054,12.7377,10.5585,11.4622,12.4486,0.404,0.0843,0.1743,Above stretch,True,None,0.0,109.66,0.1511,76.33,31.0,0.0474
2026-06-01,20091,Electric Toothbrush - Premium brand,Health & Beauty,CU2079,Harbour Fine Foods,Marketplace Seller,D,71.0,30.7122,27.7538,16.174,17.7731,19.5586,0.603,0.1662,0.2562,Above stretch,True,None,0.0,1188.16,0.0963,121.52,61.0,-0.0097
2026-06-01,20195,Mechanical Keyboard - National brand,Consumer Electronics,CU2079,Harbour Fine Foods,Marketplace Seller,D,42.28,48.5447,44.8029,29.1225,31.9485,35.0469,0.4911,0.1017,0.1917,Above stretch,True,None,0.0,930.3,0.0771,98.69,1004.0,-0.2389
2026-06-01,20173,Safety Boots - Value,Apparel & Accessories,CU2080,Cedar Catering,Government & Education,A,4781.27,22.2417,18.3543,22.0402,24.0241,26.1908,0.0965,0.0865,0.1765,Below target,True,Commercial director,7018.11,8470.98,0.1748,94.94,31.0,-0.0715
2026-06-01,20212,Resistance Bands - National brand,Sporting Goods,CU2080,Cedar Catering,Government & Education,A,611.48,43.7472,36.4587,36.6378,39.9339,43.5541,0.2824,0.1086,0.1986,Above stretch,True,None,0.0,6296.23,0.1666,81.07,31.0,0.0068
2026-06-01,20042,Wireless Earbuds - Private label,Consumer Electronics,CU2080,Cedar Catering,Government & Education,A,1388.93,73.1111,60.6624,73.9194,82.2538,91.8194,0.2362,0.2462,0.3362,Below floor,False,VP Finance,8429.28,19897.53,0.1703,81.18,31.0,0.0478
2026-06-01,20094,Body Wash - Premium brand,Health & Beauty,CU2080,Cedar Catering,Government & Education,A,5918.14,17.5331,14.1668,13.6187,14.8618,16.2503,0.3977,0.1677,0.2577,Above stretch,True,None,0.0,33341.03,0.192,,92.0,0.0333
2026-06-01,20109,Vitamin C Serum - Premium brand,Health & Beauty,CU2080,Cedar Catering,Government & Education,A,1669.96,28.8682,23.2965,24.8117,27.1426,29.7458,0.3121,0.1671,0.2571,At target,True,None,0.0,12143.11,0.193,,61.0,0.019
2026-06-01,20002,Safety Boots - Value,Apparel & Accessories,CU2080,Cedar Catering,Government & Education,A,1752.99,52.678,43.6129,45.9049,49.9547,54.383,0.2324,0.0913,0.1813,At target,True,None,0.0,17769.36,0.1721,87.93,120.0,0.0455
2026-06-01,20225,Air Fryer - Premium brand,Home & Kitchen,CU2080,Cedar Catering,Government & Education,A,223.77,103.2608,86.0579,67.0559,73.0824,79.8098,0.5166,0.1655,0.2555,Above stretch,True,None,0.0,9947.83,0.1666,101.69,31.0,-0.0075
2026-06-01,20095,Gel Pens - Private label,Office & Stationery,CU2080,Cedar Catering,Government & Education,A,486.49,16.5539,13.0064,20.6236,23.0186,25.7918,0.0393,0.2683,0.3583,Below floor,False,VP Finance,2018.15,248.99,0.2143,103.33,1035.0,0.5058
2026-06-01,20017,Webcam - National brand,Consumer Electronics,CU2080,Cedar Catering,Government & Education,A,645.46,23.7358,19.5981,18.6743,20.2939,22.0698,0.3341,0.1022,0.1922,Above stretch,True,None,0.0,4225.89,0.1743,101.84,31.0,0.0098
2026-06-01,20020,Cutlery Block - Private label,Home & Kitchen,CU2080,Cedar Catering,Government & Education,A,1720.48,74.8206,61.1307,61.8785,68.4248,75.9421,0.4068,0.2475,0.3375,At target,True,None,0.0,42786.27,0.183,100.27,0.0,0.0
2026-06-01,20235,Camping Tent - Value,Sporting Goods,CU2080,Cedar Catering,Government & Education,A,630.93,67.4618,55.0364,56.2604,60.9364,66.018,0.2563,0.0663,0.1563,Above stretch,True,None,0.0,8900.97,0.1842,97.02,61.0,-0.0784
2026-06-01,20154,Aquarium Filter - Premium brand,Pet Supplies,CU2080,Cedar Catering,Government & Education,A,113.62,48.5517,39.3351,47.5777,52.2903,57.5706,0.1978,0.1774,0.2674,Below target,True,Commercial director,311.19,883.88,0.1898,117.81,120.0,0.1172
2026-06-01,20237,Bluetooth Speaker - Value,Consumer Electronics,CU2080,Cedar Catering,Government & Education,A,2438.12,50.0799,41.2501,42.5231,46.2447,50.3182,0.261,0.0952,0.1852,At target,True,None,0.0,26244.9,0.1763,101.18,0.0,0.0
2026-06-01,20159,Cooler Box - Value,Sporting Goods,CU2080,Cedar Catering,Government & Education,A,332.57,28.712,23.8374,26.1575,28.4198,30.8766,0.1637,0.0633,0.1533,At target,True,None,0.0,1297.59,0.1698,95.9,151.0,0.0251
2026-06-01,20066,Laser Measure - National brand,Tools & Hardware,CU2080,Cedar Catering,Government & Education,A,2472.14,16.3595,13.3579,12.7849,13.8557,15.0254,0.3318,0.0877,0.1777,Above stretch,True,None,0.0,10958.01,0.1835,85.95,31.0,-0.0174
2026-06-01,20088,Hair Dryer - Premium brand,Health & Beauty,CU2080,Cedar Catering,Government & Education,A,1179.39,17.5796,14.3559,16.6269,18.2357,20.0287,0.2159,0.1602,0.2502,Below target,True,Sales manager,580.2,3655.99,0.1834,73.34,0.0,0.0
2026-06-01,20091,Electric Toothbrush - Premium brand,Health & Beauty,CU2080,Cedar Catering,Government & Education,A,962.62,30.7122,24.7098,19.218,20.8171,22.6026,0.5541,0.1662,0.2562,Above stretch,True,None,0.0,13178.85,0.1954,121.52,61.0,-0.0097
2026-06-01,20193,Wireless Earbuds - Private label,Consumer Electronics,CU2080,Cedar Catering,Government & Education,A,1014.45,39.4741,32.8241,51.38,57.6998,65.0319,0.0093,0.273,0.363,Below floor,False,VP Finance,11777.51,309.81,0.1685,90.8,120.0,-0.0175
2026-06-01,20006,Electric Toothbrush - Premium brand,Health & Beauty,CU2080,Cedar Catering,Government & Education,A,1245.58,39.5369,32.6722,32.4703,35.582,39.0597,0.349,0.1694,0.2594,Above stretch,True,None,0.0,14204.84,0.1736,,31.0,0.0267
2026-06-01,20092,Laptop Sleeve - National brand,Apparel & Accessories,CU2080,Cedar Catering,Government & Education,A,136.42,37.9929,31.0841,35.0259,38.2496,41.806,0.2085,0.125,0.215,Below target,True,Rep,27.49,884.22,0.1818,117.6,0.0,0.0
2026-06-01,20039,Blender - Premium brand,Home & Kitchen,CU2080,Cedar Catering,Government & Education,A,578.17,90.0981,74.6871,78.7593,86.4836,95.1234,0.2976,0.1719,0.2619,At target,True,None,0.0,12851.79,0.171,,61.0,0.0098
2026-06-01,20220,Body Wash - Premium brand,Health & Beauty,CU2080,Cedar Catering,Government & Education,A,825.9,17.6496,14.4551,13.3363,14.5962,16.0114,0.4285,0.1855,0.2755,Above stretch,True,None,0.0,5116.12,0.181,104.34,61.0,0.0275
2026-06-01,20182,USB-C Charger - Value,Consumer Electronics,CU2080,Cedar Catering,Government & Education,A,247.47,27.4953,22.3235,25.4905,27.6725,30.0469,0.1552,0.0719,0.1619,Below target,True,Rep,36.74,857.66,0.1881,112.01,31.0,0.051
2026-06-01,20031,Body Wash - National brand,Health & Beauty,CU2080,Cedar Catering,Government & Education,A,162.28,7.3149,5.7706,6.1546,6.6661,7.2265,0.28,0.0988,0.1888,Above stretch,True,None,0.0,262.21,0.2111,,61.0,-0.0154
2026-06-01,20174,Body Wash - National brand,Health & Beauty,CU2080,Cedar Catering,Government & Education,A,266.44,12.8281,10.2618,14.5108,15.8555,17.3333,-0.0352,0.1106,0.2006,Loss-making,False,VP Finance,644.82,-96.34,0.2001,91.89,1035.0,0.2383
2026-06-01,20102,Blender - National brand,Home & Kitchen,CU2080,Cedar Catering,Government & Education,A,524.86,68.5666,56.7796,54.4603,59.27,64.5569,0.3322,0.1115,0.2015,Above stretch,True,None,0.0,9901.17,0.1719,94.03,31.0,0.0097
2026-06-01,20219,Vitamin C Serum - Premium brand,Health & Beauty,CU2080,Cedar Catering,Government & Education,A,5165.82,11.8211,9.437,11.2864,12.3612,13.5605,0.2118,0.1645,0.2545,Below target,True,Sales manager,2079.84,10326.99,0.2017,99.11,31.0,-0.0049
2026-06-01,20105,Pet Bed - Premium brand,Pet Supplies,CU2080,Cedar Catering,Government & Education,A,2198.33,20.8853,15.2615,24.0242,26.2974,28.8477,0.0132,0.1815,0.2715,Below floor,False,VP Finance,8667.35,441.42,0.2693,,61.0,0.1305
2026-06-01,20231,Mechanical Keyboard - National brand,Consumer Electronics,CU2081,Kootenay Public House,Regional Retail Chain,C,820.47,44.5225,40.4784,23.078,25.2111,27.5529,0.58,0.1069,0.1969,Above stretch,True,None,0.0,19263.98,0.0908,98.93,999.0,0.0
2026-06-01,20093,Vacuum Sealer - Private label,Home & Kitchen,CU2081,Kootenay Public House,Regional Retail Chain,C,15.0,61.7863,55.7993,48.9682,54.6804,61.2033,0.409,0.2328,0.3228,Above stretch,True,None,0.0,342.36,0.0969,97.85,31.0,-0.0375
2026-06-01,20170,Laminator - National brand,Office & Stationery,CU2081,Kootenay Public House,Regional Retail Chain,C,15.0,29.2528,26.0338,18.3793,20.0842,21.9573,0.4816,0.1097,0.1997,Above stretch,True,None,0.0,188.05,0.11,97.16,0.0,0.0
2026-06-01,20181,Desk Organiser - National brand,Office & Stationery,CU2081,Kootenay Public House,Regional Retail Chain,C,15.0,19.831,17.2894,17.8901,19.6604,21.616,0.2274,0.1297,0.2197,At target,True,None,0.0,58.97,0.1282,118.14,31.0,0.0465
2026-06-01,20117,LED Floor Lamp - National brand,Home & Kitchen,CU2081,Kootenay Public House,Regional Retail Chain,C,106.93,15.5127,13.6514,11.6954,12.7723,13.9491,0.3432,0.0882,0.1782,Above stretch,True,None,0.0,500.93,0.12,88.6,999.0,0.0
2026-06-01,20208,Vitamin C Serum - Premium brand,Health & Beauty,CU2081,Kootenay Public House,Regional Retail Chain,C,78.74,25.2902,22.6526,19.4936,21.593,23.9529,0.3953,0.1874,0.2774,Above stretch,True,None,0.0,705.15,0.1043,107.0,92.0,0.0382
2026-06-01,20232,Webcam - Value,Consumer Electronics,CU2081,Kootenay Public House,Regional Retail Chain,C,192.54,35.6952,31.9593,28.7079,31.3954,34.3211,0.2762,0.0737,0.1637,Above stretch,True,None,0.0,1699.69,0.1047,94.31,31.0,0.0553
2026-06-01,20132,Gel Pens - Value,Office & Stationery,CU2081,Kootenay Public House,Regional Retail Chain,C,21.58,9.0007,7.4571,9.2855,10.1256,11.0417,0.0455,0.0806,0.1706,Below floor,False,VP Finance,20.13,7.32,0.1715,102.21,61.0,0.0318
2026-06-01,20016,Gel Pens - National brand,Office & Stationery,CU2081,Kootenay Public House,Regional Retail Chain,C,47.55,20.8333,16.8733,17.7476,19.265,20.9245,0.2582,0.0922,0.1822,At target,True,None,0.0,207.17,0.1901,84.47,31.0,0.0188
2026-06-01,20040,Blender - Private label,Home & Kitchen,CU2081,Kootenay Public House,Regional Retail Chain,C,15.05,53.914,48.7856,47.8012,53.6602,60.4066,0.3479,0.2545,0.3445,At target,True,None,0.0,255.44,0.0951,99.3,61.0,-0.0009
2026-06-01,20113,Bedding Set - Private label,Home & Kitchen,CU2081,Kootenay Public House,Regional Retail Chain,C,136.17,35.7437,32.4341,32.1434,36.0446,40.5196,0.3286,0.2448,0.3348,Below target,True,Rep,27.25,1451.41,0.0926,105.78,61.0,-0.0518
2026-06-01,20034,Smart Plug - Premium brand,Consumer Electronics,CU2081,Kootenay Public House,Regional Retail Chain,C,117.17,84.2948,75.9667,51.4813,56.6159,62.3271,0.5192,0.1536,0.2436,Above stretch,True,None,0.0,4621.4,0.0988,102.91,0.0,0.0
2026-06-01,20088,Hair Dryer - Premium brand,Health & Beauty,CU2081,Kootenay Public House,Regional Retail Chain,C,75.11,17.5796,15.5974,15.3854,16.9942,18.7872,0.2783,0.1602,0.2502,At target,True,None,0.0,326.08,0.1128,73.34,0.0,0.0
2026-06-01,20179,Nonstick Cookware Set - Private label,Home & Kitchen,CU2081,Kootenay Public House,Regional Retail Chain,C,18.99,45.9419,40.8484,37.5524,42.0205,47.169,0.409,0.2562,0.3462,At target,True,None,0.0,317.24,0.1109,83.32,120.0,0.0676
2026-06-01,20153,Multivitamin - Premium brand,Health & Beauty,CU2082,Harbour Butchery,E-commerce Pure-Play,D,30.5,24.6041,22.4987,20.9787,23.2996,25.9005,0.3105,0.1781,0.2681,At target,True,None,0.0,213.09,0.0856,102.68,61.0,0.0502
2026-06-01,20126,Mechanical Keyboard - National brand,Consumer Electronics,CU2082,Harbour Butchery,E-commerce Pure-Play,D,15.0,47.2329,43.9026,27.886,30.6016,33.5748,0.4945,0.0962,0.1862,Above stretch,True,None,0.0,325.64,0.0705,92.52,92.0,-0.009
2026-06-01,20002,Safety Boots - Value,Apparel & Accessories,CU2082,Harbour Butchery,E-commerce Pure-Play,D,101.66,52.678,49.3593,40.1585,44.2083,48.6366,0.3218,0.0913,0.1813,Above stretch,True,None,0.0,1614.67,0.063,87.93,120.0,0.0455
2026-06-01,20081,Vacuum Sealer - Premium brand,Home & Kitchen,CU2082,Harbour Butchery,E-commerce Pure-Play,D,66.07,72.1736,63.8738,49.4758,54.4615,60.029,0.4628,0.1667,0.2567,Above stretch,True,None,0.0,1953.15,0.115,128.43,61.0,0.0077
2026-06-01,20138,Cutlery Block - National brand,Home & Kitchen,CU2082,Harbour Butchery,E-commerce Pure-Play,D,34.18,28.256,24.1128,20.7448,22.6574,24.7697,0.4002,0.1288,0.2188,Above stretch,True,None,0.0,329.82,0.1466,89.0,151.0,-0.0239
2026-06-01,20021,Bedding Set - National brand,Home & Kitchen,CU2083,Granville Supply,Marketplace Seller,B,194.78,44.6055,36.9669,40.1659,43.7364,47.6394,0.1994,0.0901,0.1801,At target,True,None,0.0,1435.59,0.1712,99.4,92.0,0.0256
2026-06-01,20065,Adjustable Dumbbells - Private label,Sporting Goods,CU2083,Granville Supply,Marketplace Seller,B,594.35,39.5147,32.2498,47.8325,53.41,59.8347,0.0634,0.2554,0.3454,Below floor,False,VP Finance,5406.14,1214.38,0.1839,81.3,61.0,-0.014
2026-06-01,20164,LED Floor Lamp - National brand,Home & Kitchen,CU2083,Granville Supply,Marketplace Seller,B,346.24,53.0555,43.5231,55.1869,60.0639,65.3656,0.0218,0.0675,0.1575,Below floor,False,VP Finance,2044.4,329.03,0.1797,103.57,0.0,0.0
2026-06-01,20074,Bluetooth Speaker - Private label,Consumer Electronics,CU2083,Granville Supply,Marketplace Seller,B,274.53,40.9523,33.9832,38.4767,42.6789,47.4819,0.2909,0.2352,0.3252,Below target,True,Sales manager,319.86,2714.06,0.1702,86.0,92.0,0.0178
2026-06-01,20221,Laptop Sleeve - National brand,Apparel & Accessories,CU2083,Granville Supply,Marketplace Seller,B,59.54,20.9311,17.1848,24.1092,26.4122,28.9454,-0.0496,0.1142,0.2042,Loss-making,False,VP Finance,259.7,-50.77,0.179,93.77,31.0,-0.0118
2026-06-01,20210,Safety Boots - Premium brand,Apparel & Accessories,CU2083,Granville Supply,Marketplace Seller,B,568.4,47.1016,38.4835,43.5262,47.8988,52.8204,0.2666,0.1915,0.2815,Below target,True,Rep,325.58,5831.95,0.183,91.59,31.0,-0.0073
2026-06-01,20158,Cutlery Block - Value,Home & Kitchen,CU2083,Granville Supply,Marketplace Seller,B,324.35,40.8763,33.6548,36.2741,39.3891,42.7779,0.1977,0.0706,0.1606,At target,True,None,0.0,2158.0,0.1767,90.08,61.0,-0.034
2026-06-01,20162,Gel Pens - Private label,Office & Stationery,CU2083,Granville Supply,Marketplace Seller,B,53.54,22.2327,18.2173,15.324,16.8341,18.5605,0.5257,0.236,0.326,Above stretch,True,None,0.0,512.78,0.1806,113.57,61.0,0.0768
2026-06-01,20109,Vitamin C Serum - Premium brand,Health & Beauty,CU2083,Granville Supply,Marketplace Seller,B,192.3,28.8682,23.9748,24.1334,26.4643,29.0675,0.3316,0.1671,0.2571,At target,True,None,0.0,1528.75,0.1695,,61.0,0.019
2026-06-01,20173,Safety Boots - Value,Apparel & Accessories,CU2083,Granville Supply,Marketplace Seller,B,3293.65,22.2417,18.4406,21.9539,23.9378,26.1045,0.1008,0.0865,0.1765,Below target,True,Commercial director,4600.46,6119.6,0.1709,94.94,31.0,-0.0715
2026-06-01,20119,HDMI Cable - National brand,Consumer Electronics,CU2083,Granville Supply,Marketplace Seller,B,1014.3,40.4651,33.8243,29.049,31.4791,34.1289,0.3906,0.0801,0.1701,Above stretch,True,None,0.0,13399.92,0.1641,84.61,61.0,0.0129
2026-06-01,20076,LED Floor Lamp - Private label,Home & Kitchen,CU2083,Granville Supply,Marketplace Seller,B,143.62,23.1834,18.9432,18.4506,20.3089,22.4225,0.4162,0.2218,0.3118,Above stretch,True,None,0.0,1132.4,0.1829,,999.0,0.0
2026-06-01,20063,Camping Tent - Premium brand,Sporting Goods,CU2083,Granville Supply,Marketplace Seller,B,255.17,98.3978,71.9119,99.1029,107.8613,117.6332,0.1556,0.1638,0.2538,Below floor,False,Commercial director,1801.92,2855.25,0.2692,125.65,0.0,0.0
2026-06-01,20136,Safety Boots - Private label,Apparel & Accessories,CU2083,Granville Supply,Marketplace Seller,B,196.62,18.1984,14.8872,21.3047,23.8103,26.7062,0.1101,0.2637,0.3537,Below floor,False,VP Finance,713.14,322.18,0.182,96.42,61.0,-0.031
2026-06-01,20042,Wireless Earbuds - Private label,Consumer Electronics,CU2083,Granville Supply,Marketplace Seller,B,391.76,73.1111,60.3229,74.2589,82.5933,92.1589,0.2319,0.2462,0.3362,Below floor,False,VP Finance,2465.84,5479.27,0.1749,81.18,31.0,0.0478
2026-06-01,20036,Laptop Sleeve - National brand,Apparel & Accessories,CU2083,Granville Supply,Marketplace Seller,B,2075.99,11.1525,8.9788,11.0734,12.0791,13.1853,0.1214,0.1136,0.2036,Below target,True,Commercial director,1532.05,2263.04,0.1949,,0.0,0.0
2026-06-01,20161,Blender - Premium brand,Home & Kitchen,CU2083,Granville Supply,Marketplace Seller,B,222.04,36.8514,30.5946,36.0316,39.6929,43.7961,0.2001,0.1781,0.2681,Below target,True,Commercial director,461.78,1359.48,0.1698,106.2,31.0,0.0221
2026-06-01,20180,Sunscreen SPF50 - National brand,Health & Beauty,CU2084,Stanley Supply,Marketplace Seller,D,234.77,17.3155,16.1616,13.8038,15.1984,16.7241,0.2905,0.0936,0.1836,Above stretch,True,None,0.0,1102.41,0.0666,96.9,61.0,-0.0207
2026-06-01,20171,Socket Set - Premium brand,Tools & Hardware,CU2084,Stanley Supply,Marketplace Seller,D,163.95,52.5609,49.9981,39.5618,44.1034,49.1911,0.3908,0.1768,0.2668,Above stretch,True,None,0.0,3203.66,0.0488,104.04,31.0,-0.0345
2026-06-01,20020,Cutlery Block - Private label,Home & Kitchen,CU2084,Stanley Supply,Marketplace Seller,D,92.92,74.8206,71.5158,51.4934,58.0397,65.557,0.493,0.2475,0.3375,Above stretch,True,None,0.0,3275.79,0.0442,100.27,0.0,0.0
2026-06-01,20060,Storage Bins - Private label,Home & Kitchen,CU2084,Stanley Supply,Marketplace Seller,D,31.85,24.8285,23.217,22.7062,25.5841,28.8923,0.3188,0.2503,0.3403,Below target,True,Sales manager,15.88,235.76,0.0649,,151.0,0.0614
2026-06-01,20191,27in Monitor - Value,Consumer Electronics,CU2085,Chilcotin Fine Foods,Government & Education,D,85.62,55.9879,51.3695,44.7322,49.168,54.0242,0.2942,0.0961,0.1861,Above stretch,True,None,0.0,1293.77,0.0825,101.03,31.0,0.0468
2026-06-01,20054,Wireless Earbuds - Private label,Consumer Electronics,CU2085,Chilcotin Fine Foods,Government & Education,D,67.42,113.45,93.8345,84.3429,93.2164,103.4299,0.4851,0.2535,0.3435,Above stretch,True,None,0.0,3068.66,0.1729,79.24,0.0,0.0
2026-06-01,20164,LED Floor Lamp - National brand,Home & Kitchen,CU2085,Chilcotin Fine Foods,Government & Education,D,22.77,53.0555,48.4091,50.3009,55.1779,60.4796,0.1206,0.0675,0.1575,Below target,True,Sales manager,40.72,132.89,0.0876,103.57,0.0,0.0
2026-06-01,20237,Bluetooth Speaker - Value,Consumer Electronics,CU2085,Chilcotin Fine Foods,Government & Education,D,42.22,50.0799,45.652,38.1212,41.8428,45.9163,0.3322,0.0952,0.1852,Above stretch,True,None,0.0,640.32,0.0884,101.18,0.0,0.0
2026-06-01,20097,Wireless Earbuds - Private label,Consumer Electronics,CU2085,Chilcotin Fine Foods,Government & Education,D,86.8,67.0046,62.0049,47.1798,53.0827,59.9139,0.5013,0.2669,0.3569,Above stretch,True,None,0.0,2697.98,0.0746,102.36,1004.0,-0.1883
2026-06-01,20119,HDMI Cable - National brand,Consumer Electronics,CU2085,Chilcotin Fine Foods,Government & Education,D,245.38,40.4651,36.7029,26.1704,28.6005,31.2503,0.4384,0.0801,0.1701,Above stretch,True,None,0.0,3948.07,0.093,84.61,61.0,0.0129
2026-06-01,20047,Work Gloves - National brand,Tools & Hardware,CU2086,Coastal Foods,Marketplace Seller,C,67.93,19.0082,17.6972,15.3405,16.8647,18.5273,0.2719,0.0816,0.1716,Above stretch,True,None,0.0,326.91,0.069,110.82,0.0,0.0
2026-06-01,20154,Aquarium Filter - Premium brand,Pet Supplies,CU2086,Coastal Foods,Marketplace Seller,C,15.0,48.5517,45.6754,41.2374,45.95,51.2303,0.3091,0.1774,0.2674,At target,True,None,0.0,211.79,0.0592,117.81,120.0,0.1172
2026-06-01,20008,Electric Toothbrush - Value,Health & Beauty,CU2086,Coastal Foods,Marketplace Seller,C,81.04,21.2885,19.7169,17.8071,19.5691,21.4906,0.243,0.0807,0.1707,At target,True,None,0.0,388.31,0.0738,93.76,61.0,0.0426
2026-06-01,20236,Mechanical Keyboard - Value,Consumer Electronics,CU2086,Coastal Foods,Marketplace Seller,C,21.48,40.6558,38.1532,29.942,32.8625,36.0349,0.3271,0.0644,0.1544,Above stretch,True,None,0.0,268.09,0.0616,99.28,31.0,0.0529
2026-06-01,20165,Electric Toothbrush - National brand,Health & Beauty,CU2086,Coastal Foods,Marketplace Seller,C,129.23,18.802,17.3921,15.9694,17.5411,19.2533,0.2267,0.0763,0.1663,At target,True,None,0.0,509.62,0.075,121.22,61.0,0.0597
2026-06-01,20145,Laminator - Premium brand,Office & Stationery,CU2086,Coastal Foods,Marketplace Seller,C,130.33,19.6128,18.2426,19.2068,21.3229,23.6751,0.1703,0.1514,0.2414,Below target,True,Commercial director,169.07,404.87,0.0699,88.3,31.0,0.0766
2026-06-01,20189,Desk Organiser - National brand,Office & Stationery,CU2086,Coastal Foods,Marketplace Seller,C,16.32,15.9551,14.5063,10.7526,11.8046,12.9616,0.4318,0.114,0.204,Above stretch,True,None,0.0,102.21,0.0908,103.27,0.0,0.0
2026-06-01,20180,Sunscreen SPF50 - National brand,Health & Beauty,CU2086,Coastal Foods,Marketplace Seller,C,200.21,17.3155,15.9993,13.9661,15.3607,16.8864,0.2833,0.0936,0.1836,Above stretch,True,None,0.0,907.63,0.076,96.9,61.0,-0.0207
2026-06-01,20211,Storage Bins - National brand,Home & Kitchen,CU2086,Coastal Foods,Marketplace Seller,C,28.83,39.7418,37.1292,38.6843,42.7363,47.1871,0.1342,0.1088,0.1988,Below target,True,Commercial director,69.17,143.63,0.0657,110.52,999.0,0.0
2026-06-01,20209,Desk Organiser - National brand,Office & Stationery,CU2086,Coastal Foods,Marketplace Seller,C,42.14,16.1262,14.7357,14.562,16.1137,17.8357,0.2366,0.146,0.236,At target,True,None,0.0,146.95,0.0862,102.72,31.0,0.0743
2026-06-01,20128,Dry-Erase Board - National brand,Office & Stationery,CU2086,Coastal Foods,Marketplace Seller,C,24.11,16.7816,15.3545,16.4248,18.0635,19.8531,0.1075,0.0863,0.1763,Below target,True,Commercial director,25.46,39.81,0.085,,0.0,0.0
2026-06-01,20208,Vitamin C Serum - Premium brand,Health & Beauty,CU2086,Coastal Foods,Marketplace Seller,C,48.83,25.2902,23.5413,18.6049,20.7043,23.0642,0.4182,0.1874,0.2774,Above stretch,True,None,0.0,480.69,0.0692,107.0,92.0,0.0382
2026-06-01,20084,Webcam - Value,Consumer Electronics,CU2086,Coastal Foods,Marketplace Seller,C,1640.29,18.239,16.9565,10.8858,11.9068,13.0157,0.4696,0.0635,0.1535,Above stretch,True,None,0.0,13061.63,0.0703,100.24,31.0,0.0374
2026-06-01,20092,Laptop Sleeve - National brand,Apparel & Accessories,CU2087,Selkirk Fine Foods,Sub-Distributor,C,19.56,37.9929,32.7671,33.3429,36.5666,40.123,0.2492,0.125,0.215,At target,True,None,0.0,159.7,0.1375,117.6,0.0,0.0
2026-06-01,20036,Laptop Sleeve - National brand,Apparel & Accessories,CU2087,Selkirk Fine Foods,Sub-Distributor,C,467.66,11.1525,9.0656,10.9866,11.9923,13.0985,0.1298,0.1136,0.2036,Below target,True,Commercial director,312.8,550.39,0.1871,,0.0,0.0
2026-06-01,20174,Body Wash - National brand,Health & Beauty,CU2087,Selkirk Fine Foods,Sub-Distributor,C,24.98,12.8281,10.46,14.3126,15.6573,17.1351,-0.0156,0.1106,0.2006,Loss-making,False,VP Finance,56.5,-4.08,0.1846,91.89,1035.0,0.2383
2026-06-01,20076,LED Floor Lamp - Private label,Home & Kitchen,CU2087,Selkirk Fine Foods,Sub-Distributor,C,65.61,23.1834,19.9564,17.4374,19.2957,21.4093,0.4459,0.2218,0.3118,Above stretch,True,None,0.0,583.79,0.1392,,999.0,0.0
2026-06-01,20122,Dry-Erase Board - National brand,Office & Stationery,CU2087,Selkirk Fine Foods,Sub-Distributor,C,170.01,13.0336,9.457,11.1045,11.9301,12.8323,0.2751,0.0893,0.1793,Above stretch,True,None,0.0,442.25,0.2744,83.37,120.0,-0.0452
2026-06-01,20196,Cycling Helmet - National brand,Sporting Goods,CU2087,Selkirk Fine Foods,Sub-Distributor,C,40.9,30.5013,26.0722,25.5335,27.8618,30.4095,0.2668,0.0942,0.1842,Above stretch,True,None,0.0,284.49,0.1452,91.05,0.0,0.0
2026-06-01,20006,Electric Toothbrush - Premium brand,Health & Beauty,CU2087,Selkirk Fine Foods,Sub-Distributor,C,225.04,39.5369,34.3762,30.7663,33.878,37.3557,0.3813,0.1694,0.2594,Above stretch,True,None,0.0,2949.87,0.1305,,31.0,0.0267
2026-06-01,20195,Mechanical Keyboard - National brand,Consumer Electronics,CU2087,Selkirk Fine Foods,Sub-Distributor,C,15.0,48.5447,41.9399,31.9855,34.8115,37.9099,0.4564,0.1017,0.1917,Above stretch,True,None,0.0,287.11,0.1361,98.69,1004.0,-0.2389
2026-06-01,20046,Blender - Value,Home & Kitchen,CU2088,Juniper Grill House,Independent Retailer,D,79.88,18.0297,15.1573,18.5994,20.3264,22.2143,0.0562,0.0904,0.1804,Below floor,False,VP Finance,150.36,68.06,0.1593,,61.0,0.0409
2026-06-01,20059,Desk Organiser - Value,Office & Stationery,CU2088,Juniper Grill House,Independent Retailer,D,15.0,12.0681,9.9008,12.571,13.7179,14.9727,0.0476,0.0936,0.1836,Below floor,False,VP Finance,20.2,7.06,0.1796,115.8,61.0,0.0713
2026-06-01,20226,Cat Litter - Private label,Pet Supplies,CU2088,Juniper Grill House,Independent Retailer,D,18.56,15.2511,12.8142,11.4368,12.6963,14.1538,0.4851,0.2669,0.3569,Above stretch,True,None,0.0,115.38,0.1598,,0.0,0.0
2026-06-01,20019,Gel Pens - Private label,Office & Stationery,CU2088,Juniper Grill House,Independent Retailer,D,17.03,9.7389,8.0517,9.6633,10.7326,11.9564,0.2458,0.2387,0.3287,Below target,True,Commercial director,11.36,33.71,0.1732,,31.0,0.0386
2026-06-01,20153,Multivitamin - Premium brand,Health & Beauty,CU2088,Juniper Grill House,Independent Retailer,D,26.61,24.6041,21.4691,22.0083,24.3292,26.9301,0.2775,0.1781,0.2681,At target,True,None,0.0,158.52,0.1274,102.68,61.0,0.0502
2026-06-01,20078,27in Monitor - Value,Consumer Electronics,CU2088,Juniper Grill House,Independent Retailer,D,41.16,21.3921,18.3194,18.6989,20.3911,22.2357,0.2143,0.0789,0.1689,At target,True,None,0.0,161.6,0.1436,85.28,151.0,-0.1476
2026-06-01,20025,Bedding Set - National brand,Home & Kitchen,CU2088,Juniper Grill House,Independent Retailer,D,59.72,42.9163,38.8182,34.686,38.116,41.8822,0.2966,0.1074,0.1974,Above stretch,True,None,0.0,687.7,0.0955,97.42,0.0,0.0
2026-06-01,20154,Aquarium Filter - Premium brand,Pet Supplies,CU2088,Juniper Grill House,Independent Retailer,D,15.0,48.5517,43.5873,43.3255,48.0381,53.3184,0.276,0.1774,0.2674,At target,True,None,0.0,180.47,0.1022,117.81,120.0,0.1172
2026-06-01,20176,Work Gloves - Value,Tools & Hardware,CU2089,Granville Market,Marketplace Seller,D,161.94,54.8279,51.9786,31.2826,34.3374,37.662,0.4925,0.0723,0.1623,Above stretch,True,None,0.0,4145.83,0.052,,31.0,-0.037
2026-06-01,20062,Laptop Sleeve - National brand,Apparel & Accessories,CU2089,Granville Market,Marketplace Seller,D,15.0,40.6669,35.8225,42.0087,46.2022,50.8129,0.0792,0.1124,0.2024,Below floor,False,VP Finance,66.22,42.53,0.1191,115.85,31.0,-0.037
2026-06-01,20055,Smart Plug - Premium brand,Consumer Electronics,CU2089,Granville Market,Marketplace Seller,D,96.4,149.2509,144.3272,75.4419,83.7295,92.9224,0.5819,0.1442,0.2342,Above stretch,True,None,0.0,8095.45,0.033,,61.0,0.0838
2026-06-01,20230,Air Fryer - Private label,Home & Kitchen,CU2089,Granville Market,Marketplace Seller,D,277.83,42.2426,39.7293,28.2996,31.7858,35.7841,0.5095,0.2443,0.3343,Above stretch,True,None,0.0,5624.0,0.0595,107.18,120.0,0.1276
2026-06-01,20205,Aquarium Filter - National brand,Pet Supplies,CU2089,Granville Market,Marketplace Seller,D,25.67,21.5396,19.154,19.9469,21.8874,24.0115,0.1707,0.0955,0.1855,Below target,True,Rep,7.27,83.94,0.1108,80.75,0.0,0.0
2026-06-01,20168,Aquarium Filter - Premium brand,Pet Supplies,CU2090,Fraser Trading Co,Sub-Distributor,D,19.2,16.8263,14.951,18.3765,20.3543,22.5578,0.0719,0.1591,0.2491,Below floor,False,VP Finance,50.86,20.64,0.1115,101.55,1004.0,0.5487
2026-06-01,20184,Wireless Earbuds - Premium brand,Consumer Electronics,CU2090,Fraser Trading Co,Sub-Distributor,D,143.41,106.9774,100.6145,105.4401,117.526,131.0453,0.1848,0.1722,0.2622,Below target,True,Commercial director,1116.12,2667.2,0.0595,,31.0,0.0476
2026-06-01,20001,Multivitamin - Private label,Health & Beauty,CU2090,Fraser Trading Co,Sub-Distributor,D,43.05,19.9168,15.6391,19.6252,21.7519,24.2066,0.2743,0.2605,0.3505,Below target,True,Commercial director,51.31,184.67,0.2148,89.07,31.0,-0.0099
2026-06-01,20180,Sunscreen SPF50 - National brand,Health & Beauty,CU2090,Fraser Trading Co,Sub-Distributor,D,178.15,17.3155,15.6972,14.2682,15.6628,17.1885,0.2696,0.0936,0.1836,Above stretch,True,None,0.0,753.81,0.0935,96.9,61.0,-0.0207
2026-06-01,20101,Multivitamin - Premium brand,Health & Beauty,CU2090,Fraser Trading Co,Sub-Distributor,D,60.67,14.3234,11.3659,12.9261,14.1476,15.5153,0.2769,0.1755,0.2655,At target,True,None,0.0,190.92,0.2065,98.25,31.0,-0.0035
2026-06-01,20107,Adjustable Dumbbells - Private label,Sporting Goods,CU2090,Fraser Trading Co,Sub-Distributor,D,94.13,50.0692,46.721,49.4817,55.7679,62.992,0.2589,0.2495,0.3395,Below target,True,Commercial director,354.3,1138.77,0.0669,97.22,61.0,-0.0173
2026-06-01,20202,Tool Chest - Value,Tools & Hardware,CU2090,Fraser Trading Co,Sub-Distributor,D,90.47,46.9027,43.4913,31.5628,34.5686,37.8358,0.3961,0.0671,0.1571,Above stretch,True,None,0.0,1558.7,0.0727,101.19,999.0,0.0
2026-06-01,20020,Cutlery Block - Private label,Home & Kitchen,CU2091,Selkirk Catering,Independent Retailer,B,354.48,74.8206,61.8807,61.1285,67.6748,75.1921,0.414,0.2475,0.3375,At target,True,None,0.0,9081.35,0.1729,100.27,0.0,0.0
2026-06-01,20139,Toner Cartridge - Private label,Office & Stationery,CU2091,Selkirk Catering,Independent Retailer,B,63.91,12.736,9.6089,14.7709,16.3838,18.2454,0.1037,0.2603,0.3503,Below floor,False,VP Finance,151.47,63.65,0.2455,83.22,61.0,0.1109
2026-06-01,20152,Copy Paper - Private label,Office & Stationery,CU2091,Selkirk Catering,Independent Retailer,B,90.87,22.6466,17.8029,26.0495,28.9834,32.3685,0.118,0.2595,0.3495,Below floor,False,VP Finance,374.58,190.83,0.2139,107.79,120.0,0.1226
2026-06-01,20054,Wireless Earbuds - Private label,Consumer Electronics,CU2091,Selkirk Catering,Independent Retailer,B,856.52,113.45,83.3739,94.8035,103.677,113.8905,0.4205,0.2535,0.3435,At target,True,None,0.0,30025.22,0.2651,79.24,0.0,0.0
2026-06-01,20203,Laminator - National brand,Office & Stationery,CU2091,Selkirk Catering,Independent Retailer,B,355.58,18.0499,13.8884,19.2992,20.9986,22.865,0.0281,0.1083,0.1983,Below floor,False,VP Finance,840.58,138.71,0.2306,122.27,31.0,0.0595
2026-06-01,20129,Filing Boxes - National brand,Office & Stationery,CU2091,Selkirk Catering,Independent Retailer,B,76.2,22.9428,17.9295,21.6028,23.4235,25.4138,0.158,0.09,0.18,Below target,True,Sales manager,30.04,215.88,0.2185,92.03,0.0,0.0
2026-06-01,20217,Cycling Helmet - National brand,Sporting Goods,CU2091,Selkirk Catering,Independent Retailer,B,604.83,49.6842,40.9135,47.5087,51.8386,56.5896,0.1524,0.1048,0.1948,Below target,True,Sales manager,1049.23,3771.24,0.1765,90.1,0.0,0.0
2026-06-01,20068,Safety Glasses - Value,Tools & Hardware,CU2091,Selkirk Catering,Independent Retailer,B,348.78,19.6426,14.9095,17.6237,19.0263,20.5566,0.207,0.0828,0.1728,At target,True,None,0.0,1076.4,0.241,94.82,92.0,-0.0802
2026-06-01,20034,Smart Plug - Premium brand,Consumer Electronics,CU2091,Selkirk Catering,Independent Retailer,B,837.03,84.2948,70.2337,57.2143,62.3489,68.0601,0.48,0.1536,0.2436,Above stretch,True,None,0.0,28215.28,0.1668,102.91,0.0,0.0
2026-06-01,20133,Mechanical Keyboard - Premium brand,Consumer Electronics,CU2091,Selkirk Catering,Independent Retailer,B,1146.68,31.0248,23.3174,31.4474,34.3679,37.6411,0.1635,0.1784,0.2684,Below floor,False,VP Finance,2804.54,4371.83,0.2484,114.24,31.0,0.0411
2026-06-01,20137,Bluetooth Speaker - Private label,Consumer Electronics,CU2091,Selkirk Catering,Independent Retailer,B,3028.93,67.4293,55.2858,61.3061,68.0582,75.8336,0.3372,0.2547,0.3447,Below target,True,Rep,1248.27,56474.1,0.1801,121.68,31.0,0.0436
2026-06-01,20043,HDMI Cable - Value,Consumer Electronics,CU2091,Selkirk Catering,Independent Retailer,B,15.0,39.5936,31.8813,32.1539,34.7522,37.574,0.282,0.0634,0.1534,Above stretch,True,None,0.0,134.84,0.1948,119.95,61.0,0.1294
2026-06-01,20170,Laminator - National brand,Office & Stationery,CU2091,Selkirk Catering,Independent Retailer,B,40.28,29.2528,23.106,21.3071,23.012,24.8851,0.4159,0.1097,0.1997,Above stretch,True,None,0.0,387.04,0.2101,97.16,0.0,0.0
2026-06-01,20001,Multivitamin - Private label,Health & Beauty,CU2091,Selkirk Catering,Independent Retailer,B,227.32,19.9168,13.3195,21.9448,24.0715,26.5262,0.1479,0.2605,0.3505,Below floor,False,VP Finance,613.42,447.82,0.3312,89.07,31.0,-0.0099
2026-06-01,20138,Cutlery Block - National brand,Home & Kitchen,CU2091,Selkirk Catering,Independent Retailer,B,177.23,28.256,21.299,23.5586,25.4712,27.5835,0.3209,0.1288,0.2188,Above stretch,True,None,0.0,1211.49,0.2462,89.0,151.0,-0.0239
2026-06-01,20166,Storage Bins - Value,Home & Kitchen,CU2091,Selkirk Catering,Independent Retailer,B,143.89,15.6948,9.2547,20.2289,21.7686,23.4577,-0.335,0.104,0.194,Loss-making,False,VP Finance,704.42,-446.07,0.4103,102.4,0.0,0.0
2026-06-01,20148,Bluetooth Speaker - Value,Consumer Electronics,CU2091,Selkirk Catering,Independent Retailer,B,24.11,67.3491,54.5626,44.839,48.3352,52.152,0.4624,0.0849,0.1749,Above stretch,True,None,0.0,608.33,0.1899,89.27,999.0,0.0
2026-06-01,20195,Mechanical Keyboard - National brand,Consumer Electronics,CU2091,Selkirk Catering,Independent Retailer,B,28.14,48.5447,39.7246,34.2008,37.0268,40.1252,0.4261,0.1017,0.1917,Above stretch,True,None,0.0,476.27,0.1817,98.69,1004.0,-0.2389
2026-06-01,20008,Electric Toothbrush - Value,Health & Beauty,CU2092,Alder Fine Foods,Marketplace Seller,D,21.25,21.2885,18.4414,19.0826,20.8446,22.7661,0.1907,0.0807,0.1707,At target,True,None,0.0,74.72,0.1337,93.76,61.0,0.0426
2026-06-01,20217,Cycling Helmet - National brand,Sporting Goods,CU2092,Alder Fine Foods,Marketplace Seller,D,171.81,49.6842,46.5542,41.868,46.1979,50.9489,0.2551,0.1048,0.1948,At target,True,None,0.0,2040.4,0.063,90.1,0.0,0.0
2026-06-01,20161,Blender - Premium brand,Home & Kitchen,CU2092,Alder Fine Foods,Marketplace Seller,D,36.09,36.8514,33.8053,32.8209,36.4822,40.5854,0.2761,0.1781,0.2681,At target,True,None,0.0,336.84,0.0827,106.2,31.0,0.0221
2026-06-01,20085,Power Bank - Value,Consumer Electronics,CU2092,Alder Fine Foods,Marketplace Seller,D,76.08,48.4225,45.2643,29.3594,32.1835,35.259,0.4646,0.075,0.165,Above stretch,True,None,0.0,1599.83,0.0652,86.09,0.0,0.0
2026-06-01,20193,Wireless Earbuds - Private label,Consumer Electronics,CU2092,Alder Fine Foods,Marketplace Seller,D,29.67,39.4741,36.091,48.1131,54.4329,61.765,0.099,0.273,0.363,Below floor,False,VP Finance,282.72,105.99,0.0857,90.8,120.0,-0.0175
2026-06-01,20127,Bedding Set - Premium brand,Home & Kitchen,CU2092,Alder Fine Foods,Marketplace Seller,D,127.37,46.6331,43.2579,48.9205,54.6582,61.1252,0.1531,0.1956,0.2856,Below floor,False,VP Finance,730.23,843.35,0.0724,85.5,0.0,0.0
2026-06-01,20197,Hair Dryer - Premium brand,Health & Beauty,CU2093,Burrard Hospitality,Independent Retailer,D,32.1,15.9371,11.7236,16.0676,17.5132,19.1302,0.1628,0.172,0.262,Below floor,False,Commercial director,37.34,61.26,0.2644,,31.0,0.0491
2026-06-01,20007,Pet Bed - Value,Pet Supplies,CU2093,Burrard Hospitality,Independent Retailer,D,15.0,21.7608,16.5311,23.3177,25.2385,27.3242,-0.0258,0.0625,0.1525,Loss-making,False,VP Finance,44.21,-6.4,0.2403,114.55,31.0,0.0272
2026-06-01,20023,Adjustable Dumbbells - National brand,Sporting Goods,CU2093,Burrard Hospitality,Independent Retailer,D,28.36,29.6354,25.7484,26.7192,29.2866,32.1072,0.2104,0.1096,0.1996,At target,True,None,0.0,153.67,0.1312,,0.0,0.0
2026-06-01,20027,Dry Dog Food - National brand,Pet Supplies,CU2093,Burrard Hospitality,Independent Retailer,D,15.17,39.0221,34.3293,31.8517,34.8409,38.1103,0.2819,0.0923,0.1823,Above stretch,True,None,0.0,146.8,0.1203,87.86,151.0,0.1168
2026-06-01,20001,Multivitamin - Private label,Health & Beauty,CU2094,Harbour Hospitality,Regional Retail Chain,C,142.4,19.9168,15.0222,20.2421,22.3688,24.8235,0.2445,0.2605,0.3505,Below floor,False,VP Finance,226.78,522.99,0.2458,89.07,31.0,-0.0099
2026-06-01,20191,27in Monitor - Value,Consumer Electronics,CU2094,Harbour Hospitality,Regional Retail Chain,C,641.66,55.9879,50.3092,45.7925,50.2283,55.0845,0.2793,0.0961,0.1861,Above stretch,True,None,0.0,9015.52,0.1014,101.03,31.0,0.0468
2026-06-01,20232,Webcam - Value,Consumer Electronics,CU2094,Harbour Hospitality,Regional Retail Chain,C,403.9,35.6952,31.86,28.8072,31.4947,34.4204,0.274,0.0737,0.1637,Above stretch,True,None,0.0,3525.4,0.1074,94.31,31.0,0.0553
2026-06-01,20187,Dry Dog Food - Value,Pet Supplies,CU2094,Harbour Hospitality,Regional Retail Chain,C,125.39,53.9498,49.1468,34.3476,37.5765,41.1029,0.4508,0.0865,0.1765,Above stretch,True,None,0.0,2778.37,0.089,105.73,0.0,0.0
2026-06-01,20190,Work Jacket - National brand,Apparel & Accessories,CU2094,Harbour Hospitality,Regional Retail Chain,C,409.59,37.794,27.451,35.5483,38.3239,41.36,0.1669,0.0927,0.1827,Below target,True,Rep,177.39,1876.82,0.2737,,0.0,0.0
2026-06-01,20061,Multivitamin - Premium brand,Health & Beauty,CU2094,Harbour Hospitality,Regional Retail Chain,C,560.24,23.3185,20.4239,18.8678,20.8011,22.9599,0.3481,0.1664,0.2564,Above stretch,True,None,0.0,3982.52,0.1241,108.31,1004.0,0.0516
2026-06-01,20230,Air Fryer - Private label,Home & Kitchen,CU2094,Harbour Hospitality,Regional Retail Chain,C,597.26,42.2426,37.5204,30.5085,33.9947,37.993,0.4806,0.2443,0.3343,Above stretch,True,None,0.0,10770.81,0.1118,107.18,120.0,0.1276
2026-06-01,20034,Smart Plug - Premium brand,Consumer Electronics,CU2094,Harbour Hospitality,Regional Retail Chain,C,358.72,84.2948,77.4041,50.0439,55.1785,60.8897,0.5281,0.1536,0.2436,Above stretch,True,None,0.0,14664.19,0.0817,102.91,0.0,0.0
2026-06-01,20175,Cat Litter - Private label,Pet Supplies,CU2094,Harbour Hospitality,Regional Retail Chain,C,15.0,16.1177,13.106,15.922,17.6903,19.7251,0.2641,0.2529,0.3429,Below target,True,Commercial director,15.5,51.91,0.1869,,0.0,0.0
2026-06-01,20060,Storage Bins - Private label,Home & Kitchen,CU2094,Harbour Hospitality,Regional Retail Chain,C,54.12,24.8285,21.632,24.2912,27.1691,30.4773,0.2689,0.2503,0.3403,Below target,True,Commercial director,83.57,314.83,0.1287,,151.0,0.0614
2026-06-01,20182,USB-C Charger - Value,Consumer Electronics,CU2095,Riverside Fine Foods,Sub-Distributor,C,46.1,27.4953,25.2299,22.5841,24.7661,27.1405,0.2526,0.0719,0.1619,Above stretch,True,None,0.0,293.75,0.0824,112.01,31.0,0.051
2026-06-01,20136,Safety Boots - Private label,Apparel & Accessories,CU2095,Riverside Fine Foods,Sub-Distributor,C,71.28,18.1984,16.5724,19.6195,22.1251,25.021,0.2006,0.2637,0.3537,Below floor,False,VP Finance,180.9,236.92,0.0893,96.42,61.0,-0.031
2026-06-01,20053,Hair Dryer - National brand,Health & Beauty,CU2095,Riverside Fine Foods,Sub-Distributor,C,121.24,21.0476,19.3446,12.8414,14.0898,15.4604,0.4858,0.107,0.197,Above stretch,True,None,0.0,1139.41,0.0809,87.2,31.0,0.0461
2026-06-01,20175,Cat Litter - Private label,Pet Supplies,CU2095,Riverside Fine Foods,Sub-Distributor,C,15.0,16.1177,14.361,14.667,16.4353,18.4701,0.3284,0.2529,0.3429,Below target,True,Rep,3.13,70.74,0.109,,0.0,0.0
2026-06-01,20173,Safety Boots - Value,Apparel & Accessories,CU2095,Riverside Fine Foods,Sub-Distributor,C,986.97,22.2417,20.5092,19.8853,21.8692,24.0359,0.1915,0.0865,0.1765,At target,True,None,0.0,3875.44,0.0779,94.94,31.0,-0.0715
2026-06-01,20221,Laptop Sleeve - National brand,Apparel & Accessories,CU2095,Riverside Fine Foods,Sub-Distributor,C,59.09,20.9311,19.0566,22.2374,24.5404,27.0736,0.0535,0.1142,0.2042,Below floor,False,VP Finance,169.72,60.22,0.0896,93.77,31.0,-0.0118
2026-06-01,20079,Cotton T-Shirt 5pk - Value,Apparel & Accessories,CU2095,Riverside Fine Foods,Sub-Distributor,C,71.82,12.2087,10.3223,10.3217,11.226,12.2096,0.2403,0.0704,0.1604,At target,True,None,0.0,178.17,0.1545,90.72,0.0,0.0
2026-06-01,20210,Safety Boots - Premium brand,Apparel & Accessories,CU2095,Riverside Fine Foods,Sub-Distributor,C,61.88,47.1016,43.5633,38.4464,42.819,47.7406,0.3521,0.1915,0.2815,At target,True,None,0.0,949.25,0.0751,91.59,31.0,-0.0073
2026-06-01,20189,Desk Organiser - National brand,Office & Stationery,CU2096,Riverside Market,Marketplace Seller,A,87.12,15.9551,12.4254,12.8335,13.8855,15.0425,0.3366,0.114,0.204,Above stretch,True,None,0.0,364.35,0.2212,103.27,0.0,0.0
2026-06-01,20047,Work Gloves - National brand,Tools & Hardware,CU2096,Riverside Market,Marketplace Seller,A,300.1,19.0082,14.8078,18.2299,19.7541,21.4167,0.1299,0.0816,0.1716,Below target,True,Sales manager,185.44,577.12,0.221,110.82,0.0,0.0
2026-06-01,20147,Laptop Sleeve - Value,Apparel & Accessories,CU2096,Riverside Market,Marketplace Seller,A,369.09,30.7308,24.4089,27.3621,29.6809,32.2179,0.2185,0.0934,0.1834,At target,True,None,0.0,1968.69,0.2057,87.78,31.0,0.0085
2026-06-01,20044,Laminator - Private label,Office & Stationery,CU2096,Riverside Market,Marketplace Seller,A,89.38,17.2027,13.3921,17.772,19.648,21.7962,0.2079,0.2402,0.3302,Below floor,False,VP Finance,146.39,248.85,0.2215,82.33,31.0,0.0131
2026-06-01,20198,Toner Cartridge - Premium brand,Office & Stationery,CU2096,Riverside Market,Marketplace Seller,A,224.05,10.9395,8.6892,8.6105,9.394,10.2724,0.3993,0.1794,0.2694,Above stretch,True,None,0.0,777.45,0.2057,75.35,61.0,0.0485
2026-06-01,20050,Copy Paper - National brand,Office & Stationery,CU2096,Riverside Market,Marketplace Seller,A,154.98,15.0054,11.8744,11.4218,12.3255,13.3119,0.3606,0.0843,0.1743,Above stretch,True,None,0.0,663.7,0.2087,76.33,31.0,0.0474
2026-06-01,20205,Aquarium Filter - National brand,Pet Supplies,CU2096,Riverside Market,Marketplace Seller,A,808.88,21.5396,17.1224,21.9785,23.919,26.0431,0.0723,0.0955,0.1855,Below floor,False,VP Finance,1567.61,1001.56,0.2051,80.75,0.0,0.0
2026-06-01,20081,Vacuum Sealer - Premium brand,Home & Kitchen,CU2096,Riverside Market,Marketplace Seller,A,527.58,72.1736,53.7978,59.5518,64.5375,70.105,0.3622,0.1667,0.2567,Above stretch,True,None,0.0,10280.32,0.2546,128.43,61.0,0.0077
2026-06-01,20020,Cutlery Block - Private label,Home & Kitchen,CU2096,Riverside Market,Marketplace Seller,A,851.58,74.8206,60.0815,62.9277,69.474,76.9913,0.3965,0.2475,0.3375,At target,True,None,0.0,20284.29,0.197,100.27,0.0,0.0
2026-06-01,20145,Laminator - Premium brand,Office & Stationery,CU2096,Riverside Market,Marketplace Seller,A,834.04,19.6128,15.9669,21.4825,23.5986,25.9508,0.052,0.1514,0.2414,Below floor,False,VP Finance,2521.81,692.92,0.1859,88.3,31.0,0.0766
2026-06-01,20182,USB-C Charger - Value,Consumer Electronics,CU2096,Riverside Market,Marketplace Seller,A,268.5,27.4953,21.8418,25.9722,28.1542,30.5286,0.1366,0.0719,0.1619,Below target,True,Sales manager,148.26,801.2,0.2056,112.01,31.0,0.051
2026-06-01,20113,Bedding Set - Private label,Home & Kitchen,CU2096,Riverside Market,Marketplace Seller,A,1677.45,35.7437,28.4801,36.0974,39.9986,44.4736,0.2354,0.2448,0.3348,Below floor,False,Commercial director,4747.75,11246.97,0.2032,105.78,61.0,-0.0518
2026-06-01,20127,Bedding Set - Premium brand,Home & Kitchen,CU2096,Riverside Market,Marketplace Seller,A,720.71,46.6331,38.7349,53.4435,59.1812,65.6482,0.0542,0.1956,0.2856,Below floor,False,VP Finance,6460.72,1512.27,0.1694,85.5,0.0,0.0
2026-06-01,20213,Dry Dog Food - Private label,Pet Supplies,CU2096,Riverside Market,Marketplace Seller,A,2696.43,37.1125,30.6071,46.867,52.5155,59.0522,0.0333,0.2669,0.3569,Below floor,False,VP Finance,26709.96,2744.97,0.1753,110.51,31.0,0.0403
2026-06-01,20187,Dry Dog Food - Value,Pet Supplies,CU2096,Riverside Market,Marketplace Seller,A,683.15,53.9498,43.3856,40.1088,43.3377,46.8641,0.3779,0.0865,0.1765,Above stretch,True,None,0.0,11201.34,0.1958,105.73,0.0,0.0
2026-06-01,20067,Toner Cartridge - National brand,Office & Stationery,CU2096,Riverside Market,Marketplace Seller,A,423.15,10.5402,8.357,9.3822,10.2112,11.1267,0.2493,0.1285,0.2185,At target,True,None,0.0,881.46,0.2071,116.51,120.0,0.0349
2026-06-01,20188,Grooming Kit - National brand,Pet Supplies,CU2096,Riverside Market,Marketplace Seller,A,1094.07,11.0676,8.7512,12.1957,13.2812,14.4681,-0.0263,0.0909,0.1809,Loss-making,False,VP Finance,1983.76,-251.75,0.2093,104.8,92.0,0.0717
2026-06-01,20093,Vacuum Sealer - Private label,Home & Kitchen,CU2096,Riverside Market,Marketplace Seller,A,132.37,61.7863,50.4701,54.2974,60.0096,66.5325,0.3466,0.2328,0.3228,At target,True,None,0.0,2315.8,0.1832,97.85,31.0,-0.0375
2026-06-01,20146,Fastener Assortment - Value,Tools & Hardware,CU2096,Riverside Market,Marketplace Seller,A,78.28,17.6399,14.1082,16.5562,17.9665,19.5037,0.1496,0.0788,0.1688,Below target,True,Rep,21.25,165.17,0.2002,85.93,1004.0,-0.0497
2026-06-01,20071,Wireless Earbuds - Value,Consumer Electronics,CU2096,Riverside Market,Marketplace Seller,A,912.6,57.5333,46.1686,53.0301,57.6132,62.6252,0.1804,0.0918,0.1818,Below target,True,Rep,59.64,7600.22,0.1975,130.28,61.0,0.0185
2026-06-01,20148,Bluetooth Speaker - Value,Consumer Electronics,CU2096,Riverside Market,Marketplace Seller,A,124.33,67.3491,55.8457,43.5559,47.0521,50.8689,0.4748,0.0849,0.1749,Above stretch,True,None,0.0,3296.55,0.1708,89.27,999.0,0.0
2026-06-01,20021,Bedding Set - National brand,Home & Kitchen,CU2096,Riverside Market,Marketplace Seller,A,112.72,44.6055,35.8728,41.26,44.8305,48.7335,0.175,0.0901,0.1801,Below target,True,Rep,20.8,707.45,0.1958,99.4,92.0,0.0256
2026-06-01,20227,Socket Set - National brand,Tools & Hardware,CU2096,Riverside Market,Marketplace Seller,A,991.04,38.2576,30.51,35.7256,38.8346,42.2419,0.1748,0.1001,0.1901,Below target,True,Rep,463.16,5284.82,0.2025,98.9,61.0,-0.0331
2026-06-01,20229,Chew Toy Pack - National brand,Pet Supplies,CU2096,Riverside Market,Marketplace Seller,A,1704.63,21.5552,17.4014,21.2808,23.1279,25.1398,0.0901,0.0755,0.1655,Below target,True,Commercial director,2237.21,2672.01,0.1927,,0.0,0.0
2026-06-01,20056,Chew Toy Pack - Premium brand,Pet Supplies,CU2096,Riverside Market,Marketplace Seller,A,992.27,49.7535,40.4122,52.3967,57.6588,63.5476,0.1195,0.1736,0.2636,Below floor,False,VP Finance,5776.46,4793.85,0.1878,99.21,61.0,0.1081
2026-06-01,20062,Laptop Sleeve - National brand,Apparel & Accessories,CU2096,Riverside Market,Marketplace Seller,A,88.86,40.6669,30.7505,47.0807,51.2742,55.8849,-0.0727,0.1124,0.2024,Loss-making,False,VP Finance,751.79,-198.74,0.2438,115.85,31.0,-0.037
2026-06-01,20206,Camping Tent - National brand,Sporting Goods,CU2096,Riverside Market,Marketplace Seller,A,89.3,77.9305,62.0424,74.4294,80.8672,87.9072,0.1429,0.0916,0.1816,Below target,True,Sales manager,214.62,791.51,0.2039,87.7,0.0,0.0
2026-06-01,20150,Nonstick Cookware Set - National brand,Home & Kitchen,CU2096,Riverside Market,Marketplace Seller,A,47.78,23.3572,18.5145,18.0677,19.5406,21.1556,0.3585,0.1019,0.1919,Above stretch,True,None,0.0,317.12,0.2073,,92.0,-0.0055
2026-06-01,20225,Air Fryer - Premium brand,Home & Kitchen,CU2096,Riverside Market,Marketplace Seller,A,302.77,103.2608,84.3773,68.7365,74.763,81.4904,0.5069,0.1655,0.2555,Above stretch,True,None,0.0,12950.99,0.1829,101.69,31.0,-0.0075
2026-06-01,20063,Camping Tent - Premium brand,Sporting Goods,CU2096,Riverside Market,Marketplace Seller,A,140.61,98.3978,73.2535,97.7613,106.5197,116.2916,0.1711,0.1638,0.2538,Below target,True,Commercial director,852.17,1762.01,0.2555,125.65,0.0,0.0
2026-06-01,20039,Blender - Premium brand,Home & Kitchen,CU2096,Riverside Market,Marketplace Seller,A,558.6,90.0981,73.9223,79.5241,87.2484,95.8882,0.2904,0.1719,0.2619,At target,True,None,0.0,11989.57,0.1795,,61.0,0.0098
2026-06-01,20170,Laminator - National brand,Office & Stationery,CU2096,Riverside Market,Marketplace Seller,A,133.39,29.2528,23.2369,21.1762,22.8811,24.7542,0.4191,0.1097,0.1997,Above stretch,True,None,0.0,1299.18,0.2057,97.16,0.0,0.0
2026-06-01,20201,Dry Dog Food - Value,Pet Supplies,CU2096,Riverside Market,Marketplace Seller,A,228.76,22.126,17.9076,25.1523,27.466,29.9987,-0.0571,0.0957,0.1857,Loss-making,False,VP Finance,994.73,-234.0,0.1907,107.98,31.0,0.0207
2026-06-01,20041,Cordless Drill - National brand,Tools & Hardware,CU2097,Summit Butchery,Subscription Box Operator,C,188.12,39.6878,36.1006,28.7162,31.5114,34.5754,0.3742,0.1009,0.1909,Above stretch,True,None,0.0,2540.96,0.0904,101.84,0.0,0.0
2026-06-01,20061,Multivitamin - Premium brand,Health & Beauty,CU2097,Summit Butchery,Subscription Box Operator,C,128.14,23.3185,20.7624,18.5293,20.4626,22.6214,0.3587,0.1664,0.2564,Above stretch,True,None,0.0,954.27,0.1096,108.31,1004.0,0.0516
2026-06-01,20105,Pet Bed - Premium brand,Pet Supplies,CU2097,Summit Butchery,Subscription Box Operator,C,381.72,20.8853,16.538,22.7477,25.0209,27.5712,0.0893,0.1815,0.2715,Below floor,False,VP Finance,1150.03,563.91,0.2082,,61.0,0.1305
2026-06-01,20154,Aquarium Filter - Premium brand,Pet Supplies,CU2097,Summit Butchery,Subscription Box Operator,C,22.85,48.5517,43.4754,43.4374,48.15,53.4303,0.2742,0.1774,0.2674,At target,True,None,0.0,272.36,0.1046,117.81,120.0,0.1172
2026-06-01,20223,Desk Organiser - Private label,Office & Stationery,CU2097,Summit Butchery,Subscription Box Operator,C,33.0,15.1297,13.0882,14.3655,16.0767,18.0528,0.3049,0.2618,0.3518,Below target,True,Sales manager,20.26,131.69,0.1349,82.53,31.0,0.0379
2026-06-01,20145,Laminator - Premium brand,Office & Stationery,CU2097,Summit Butchery,Subscription Box Operator,C,96.84,19.6128,17.4472,20.0022,22.1183,24.4705,0.1325,0.1514,0.2414,Below floor,False,VP Finance,184.06,223.81,0.1104,88.3,31.0,0.0766
2026-06-01,20076,LED Floor Lamp - Private label,Home & Kitchen,CU2098,Fraser Catering,Subscription Box Operator,C,95.57,23.1834,18.6976,18.6962,20.5545,22.6681,0.4086,0.2218,0.3118,Above stretch,True,None,0.0,730.07,0.1935,,999.0,0.0
2026-06-01,20127,Bedding Set - Premium brand,Home & Kitchen,CU2098,Fraser Catering,Subscription Box Operator,C,165.33,46.6331,40.4105,51.7679,57.5056,63.9726,0.0934,0.1956,0.2856,Below floor,False,VP Finance,1284.17,623.94,0.1334,85.5,0.0,0.0
2026-06-01,20225,Air Fryer - Premium brand,Home & Kitchen,CU2098,Fraser Catering,Subscription Box Operator,C,41.5,103.2608,91.3278,61.786,67.8125,74.5399,0.5445,0.1655,0.2555,Above stretch,True,None,0.0,2063.61,0.1156,101.69,31.0,-0.0075
2026-06-01,20189,Desk Organiser - National brand,Office & Stationery,CU2098,Fraser Catering,Subscription Box Operator,C,53.13,15.9551,12.7302,12.5287,13.5807,14.7377,0.3525,0.114,0.204,Above stretch,True,None,0.0,238.39,0.2021,103.27,0.0,0.0
2026-06-01,20097,Wireless Earbuds - Private label,Consumer Electronics,CU2098,Fraser Catering,Subscription Box Operator,C,235.27,67.0046,59.2223,49.9624,55.8653,62.6965,0.4779,0.2669,0.3569,Above stretch,True,None,0.0,6658.16,0.1161,102.36,1004.0,-0.1883
2026-06-01,20120,Bluetooth Speaker - Premium brand,Consumer Electronics,CU2098,Fraser Catering,Subscription Box Operator,C,90.99,68.1132,60.3663,42.4588,46.7075,51.4638,0.5254,0.1747,0.2647,Above stretch,True,None,0.0,2886.08,0.1137,100.4,0.0,0.0
2026-06-01,20081,Vacuum Sealer - Premium brand,Home & Kitchen,CU2098,Fraser Catering,Subscription Box Operator,C,36.68,72.1736,59.6574,53.6922,58.6779,64.2454,0.4248,0.1667,0.2567,Above stretch,True,None,0.0,929.67,0.1734,128.43,61.0,0.0077
2026-06-01,20166,Storage Bins - Value,Home & Kitchen,CU2098,Fraser Catering,Subscription Box Operator,C,35.04,15.6948,9.6599,19.8237,21.3634,23.0525,-0.279,0.104,0.194,Loss-making,False,VP Finance,160.09,-94.43,0.3845,102.4,0.0,0.0
2026-06-01,20020,Cutlery Block - Private label,Home & Kitchen,CU2098,Fraser Catering,Subscription Box Operator,C,302.32,74.8206,66.4,56.6092,63.1555,70.6728,0.4539,0.2475,0.3375,Above stretch,True,None,0.0,9111.35,0.1125,100.27,0.0,0.0
2026-06-01,20025,Bedding Set - National brand,Home & Kitchen,CU2098,Fraser Catering,Subscription Box Operator,C,153.25,42.9163,37.218,36.2862,39.7162,43.4824,0.2664,0.1074,0.1974,At target,True,None,0.0,1519.5,0.1328,97.42,0.0,0.0
2026-06-01,20003,Storage Bins - National brand,Home & Kitchen,CU2098,Fraser Catering,Subscription Box Operator,C,359.43,31.045,25.9055,27.5104,29.9438,32.5988,0.2078,0.0826,0.1726,At target,True,None,0.0,1934.6,0.1656,99.95,0.0,0.0
2026-06-01,20212,Resistance Bands - National brand,Sporting Goods,CU2099,Cedar Provisions,E-commerce Pure-Play,B,74.38,43.7472,36.5056,36.5909,39.887,43.5072,0.2833,0.1086,0.1986,Above stretch,True,None,0.0,769.36,0.1655,81.07,31.0,0.0068
2026-06-01,20078,27in Monitor - Value,Consumer Electronics,CU2099,Cedar Provisions,E-commerce Pure-Play,B,141.55,21.3921,17.5347,19.4836,21.1758,23.0204,0.1792,0.0789,0.1689,At target,True,None,0.0,444.67,0.1803,85.28,151.0,-0.1476
2026-06-01,20098,Electric Toothbrush - National brand,Health & Beauty,CU2099,Cedar Provisions,E-commerce Pure-Play,B,79.85,22.0106,17.75,18.0185,19.5447,21.2167,0.3014,0.0987,0.1887,Above stretch,True,None,0.0,427.2,0.1936,110.74,92.0,-0.0127
2026-06-01,20017,Webcam - National brand,Consumer Electronics,CU2099,Cedar Provisions,E-commerce Pure-Play,B,384.83,23.7358,19.2297,19.0427,20.6623,22.4382,0.3213,0.1022,0.1922,Above stretch,True,None,0.0,2377.75,0.1898,101.84,31.0,0.0098
2026-06-01,20191,27in Monitor - Value,Consumer Electronics,CU2099,Cedar Provisions,E-commerce Pure-Play,B,591.19,55.9879,45.6693,50.4324,54.8682,59.7244,0.2061,0.0961,0.1861,At target,True,None,0.0,5563.33,0.1843,101.03,31.0,0.0468
2026-06-01,20183,Cooler Box - Premium brand,Sporting Goods,CU2099,Cedar Provisions,E-commerce Pure-Play,B,865.76,81.581,69.4704,69.8857,76.7447,84.37,0.2947,0.1519,0.2419,At target,True,None,0.0,17723.23,0.1484,143.46,61.0,-0.0696
2026-06-01,20040,Blender - Private label,Home & Kitchen,CU2099,Cedar Provisions,E-commerce Pure-Play,B,33.57,53.914,44.9936,51.5932,57.4522,64.1986,0.293,0.2545,0.3445,Below target,True,Commercial director,77.86,442.49,0.1655,99.3,61.0,-0.0009
2026-06-01,20115,USB-C Charger - National brand,Consumer Electronics,CU2099,Cedar Provisions,E-commerce Pure-Play,B,1254.01,47.0603,38.4383,41.117,44.7137,48.6523,0.2365,0.0969,0.1869,At target,True,None,0.0,11401.58,0.1832,96.9,0.0,0.0
2026-06-01,20148,Bluetooth Speaker - Value,Consumer Electronics,CU2099,Cedar Provisions,E-commerce Pure-Play,B,38.67,67.3491,54.8895,44.5121,48.0083,51.8251,0.4656,0.0849,0.1749,Above stretch,True,None,0.0,988.34,0.185,89.27,999.0,0.0
2026-06-01,20018,Mechanical Keyboard - Premium brand,Consumer Electronics,CU2099,Cedar Provisions,E-commerce Pure-Play,B,44.54,83.3453,68.2058,54.7838,59.3954,64.4992,0.498,0.1363,0.2263,Above stretch,True,None,0.0,1512.8,0.1816,62.25,120.0,-0.0408
2026-06-01,20157,Camping Tent - Value,Sporting Goods,CU2099,Cedar Provisions,E-commerce Pure-Play,B,186.87,51.8245,43.7228,54.9556,60.0508,65.6099,0.0167,0.0824,0.1724,Below floor,False,VP Finance,1272.23,136.36,0.1563,70.38,120.0,0.0249
2026-06-01,20108,Cotton T-Shirt 5pk - Value,Apparel & Accessories,CU2099,Cedar Provisions,E-commerce Pure-Play,B,51.47,27.1312,22.1881,18.2199,19.6683,21.2495,0.4525,0.085,0.175,Above stretch,True,None,0.0,516.75,0.1822,101.13,120.0,-0.0203
2026-06-01,20089,Bluetooth Speaker - National brand,Consumer Electronics,CU2099,Cedar Provisions,E-commerce Pure-Play,B,2159.0,58.5054,49.402,52.1638,56.9067,62.095,0.2093,0.0929,0.1829,At target,True,None,0.0,22328.16,0.1556,102.03,31.0,0.0614
2026-06-01,20136,Safety Boots - Private label,Apparel & Accessories,CU2099,Cedar Provisions,E-commerce Pure-Play,B,203.57,18.1984,14.6686,21.5233,24.0289,26.9248,0.0968,0.2637,0.3537,Below floor,False,VP Finance,767.11,289.07,0.194,96.42,61.0,-0.031
2026-06-01,20071,Wireless Earbuds - Value,Consumer Electronics,CU2099,Cedar Provisions,E-commerce Pure-Play,B,354.54,57.5333,48.734,50.4647,55.0478,60.0598,0.2235,0.0918,0.1818,At target,True,None,0.0,3862.18,0.1529,130.28,61.0,0.0185
2026-06-01,20028,Adjustable Dumbbells - Value,Sporting Goods,CU2099,Cedar Provisions,E-commerce Pure-Play,B,1168.42,32.4259,26.6529,26.4551,28.7426,31.2472,0.2987,0.0963,0.1863,Above stretch,True,None,0.0,9303.54,0.178,93.25,1035.0,-0.1147
2026-06-01,20179,Nonstick Cookware Set - Private label,Home & Kitchen,CU2100,Alder Catering,Independent Retailer,C,18.76,45.9419,40.8362,37.5646,42.0327,47.1812,0.4088,0.2562,0.3462,At target,True,None,0.0,313.17,0.1111,83.32,120.0,0.0676
2026-06-01,20235,Camping Tent - Value,Sporting Goods,CU2100,Alder Catering,Independent Retailer,C,56.33,67.4618,60.4605,50.8363,55.5123,60.5939,0.3231,0.0663,0.1563,Above stretch,True,None,0.0,1100.23,0.1038,97.02,61.0,-0.0784
2026-06-01,20100,HDMI Cable - Value,Consumer Electronics,CU2100,Alder Catering,Independent Retailer,C,301.92,18.7307,16.6031,17.2505,18.8868,20.6702,0.1604,0.0782,0.1682,Below target,True,Rep,39.2,803.95,0.1136,,92.0,0.0625
2026-06-01,20234,Safety Glasses - National brand,Tools & Hardware,CU2100,Alder Catering,Independent Retailer,C,106.21,35.4738,31.4273,32.7738,35.9333,39.3885,0.1697,0.0917,0.1817,Below target,True,Rep,39.94,566.56,0.1141,102.46,31.0,-0.001
2026-06-01,20042,Wireless Earbuds - Private label,Consumer Electronics,CU2100,Alder Catering,Independent Retailer,C,198.88,73.1111,65.459,69.1228,77.4572,87.0228,0.2921,0.2462,0.3362,Below target,True,Sales manager,573.75,3803.06,0.1047,81.18,31.0,0.0478
2026-06-01,20211,Storage Bins - National brand,Home & Kitchen,CU2100,Alder Catering,Independent Retailer,C,20.92,39.7418,35.5223,40.2912,44.3432,48.794,0.095,0.1088,0.1988,Below floor,False,VP Finance,77.12,70.61,0.1062,110.52,999.0,0.0
2026-06-01,20065,Adjustable Dumbbells - Private label,Sporting Goods,CU2100,Alder Catering,Independent Retailer,C,74.15,39.5147,34.9397,45.1426,50.7201,57.1448,0.1355,0.2554,0.3454,Below floor,False,VP Finance,543.9,350.96,0.1158,81.3,61.0,-0.014
2026-06-01,20030,Dry Dog Food - National brand,Pet Supplies,CU2101,Marine Market,Independent Retailer,D,24.48,16.4217,14.6171,15.0999,16.5583,18.1522,0.1718,0.0895,0.1795,Below target,True,Rep,2.74,61.49,0.1099,100.0,151.0,0.1754
2026-06-01,20191,27in Monitor - Value,Consumer Electronics,CU2101,Marine Market,Independent Retailer,D,322.22,55.9879,52.1927,43.909,48.3448,53.201,0.3053,0.0961,0.1861,Above stretch,True,None,0.0,5134.19,0.0678,101.03,31.0,0.0468
2026-06-01,20107,Adjustable Dumbbells - Private label,Sporting Goods,CU2101,Marine Market,Independent Retailer,D,143.04,50.0692,46.6975,49.5052,55.7914,63.0155,0.2586,0.2495,0.3395,Below target,True,Commercial director,540.62,1727.11,0.0673,97.22,61.0,-0.0173
2026-06-01,20205,Aquarium Filter - National brand,Pet Supplies,CU2101,Marine Market,Independent Retailer,D,51.82,21.5396,19.7208,19.3801,21.3206,23.4447,0.1945,0.0955,0.1855,At target,True,None,0.0,198.81,0.0844,80.75,0.0,0.0
2026-06-01,20135,Bluetooth Speaker - Premium brand,Consumer Electronics,CU2101,Marine Market,Independent Retailer,D,95.37,58.348,54.2984,32.9075,36.3769,40.2449,0.5543,0.1614,0.2514,Above stretch,True,None,0.0,2870.47,0.0694,99.88,61.0,0.0245
2026-06-01,20054,Wireless Earbuds - Private label,Consumer Electronics,CU2101,Marine Market,Independent Retailer,D,171.01,113.45,89.5615,88.6159,97.4894,107.7029,0.4605,0.2535,0.3435,Above stretch,True,None,0.0,7052.88,0.2106,79.24,0.0,0.0
2026-06-01,20233,Bedding Set - National brand,Home & Kitchen,CU2101,Marine Market,Independent Retailer,D,15.0,53.8505,50.1065,37.9028,41.8225,46.1478,0.404,0.1257,0.2157,Above stretch,True,None,0.0,303.62,0.0695,91.85,999.0,0.0
2026-06-01,20166,Storage Bins - Value,Home & Kitchen,CU2102,Harbour Bistro,Sub-Distributor,D,28.56,15.6948,11.0891,18.3945,19.9342,21.6233,-0.1141,0.104,0.194,Loss-making,False,VP Finance,97.59,-36.15,0.2935,102.4,0.0,0.0
2026-06-01,20126,Mechanical Keyboard - National brand,Consumer Electronics,CU2102,Harbour Bistro,Sub-Distributor,D,15.0,47.2329,42.9187,28.8699,31.5855,34.5587,0.4829,0.0962,0.1862,Above stretch,True,None,0.0,310.88,0.0913,92.52,92.0,-0.009
2026-06-01,20167,27in Monitor - Value,Consumer Electronics,CU2102,Harbour Bistro,Sub-Distributor,D,82.29,63.5963,58.8826,54.7966,60.0741,65.7953,0.197,0.0559,0.1459,At target,True,None,0.0,954.51,0.0741,,31.0,0.0072
2026-06-01,20155,27in Monitor - Value,Consumer Electronics,CU2102,Harbour Bistro,Sub-Distributor,D,15.0,111.994,104.1728,83.0247,91.1227,99.94,0.3317,0.0742,0.1642,Above stretch,True,None,0.0,518.24,0.0698,92.65,61.0,0.0154
2026-06-01,20226,Cat Litter - Private label,Pet Supplies,CU2102,Harbour Bistro,Sub-Distributor,D,15.0,15.2511,12.9294,11.3216,12.5811,14.0386,0.4897,0.2669,0.3569,Above stretch,True,None,0.0,94.97,0.1522,,0.0,0.0
2026-06-01,20038,Cycling Helmet - Value,Sporting Goods,CU2102,Harbour Bistro,Sub-Distributor,D,19.29,69.0054,63.7611,70.8892,77.9192,85.5652,0.0421,0.0696,0.1596,Below floor,False,VP Finance,144.5,51.8,0.076,,61.0,-0.0015
2026-06-01,20120,Bluetooth Speaker - Premium brand,Consumer Electronics,CU2102,Harbour Bistro,Sub-Distributor,D,45.72,68.1132,63.0485,39.7766,44.0253,48.7816,0.5456,0.1747,0.2647,Above stretch,True,None,0.0,1572.8,0.0744,100.4,0.0,0.0
2026-06-01,20027,Dry Dog Food - National brand,Pet Supplies,CU2103,Summit Grill House,Marketplace Seller,D,15.0,39.0221,34.8362,31.3448,34.334,37.6034,0.2923,0.0923,0.1823,Above stretch,True,None,0.0,152.76,0.1073,87.86,151.0,0.1168
2026-06-01,20110,27in Monitor - National brand,Consumer Electronics,CU2103,Summit Grill House,Marketplace Seller,D,15.0,109.9573,100.4321,60.0881,65.6459,71.7228,0.5425,0.0912,0.1812,Above stretch,True,None,0.0,817.21,0.0866,,0.0,0.0
2026-06-01,20166,Storage Bins - Value,Home & Kitchen,CU2103,Summit Grill House,Marketplace Seller,D,20.43,15.6948,10.4906,18.993,20.5327,22.2218,-0.1777,0.104,0.194,Loss-making,False,VP Finance,79.66,-38.09,0.3316,102.4,0.0,0.0
2026-06-01,20157,Camping Tent - Value,Sporting Goods,CU2103,Summit Grill House,Marketplace Seller,D,24.13,51.8245,47.2623,51.4161,56.5113,62.0704,0.0903,0.0824,0.1724,Below target,True,Commercial director,93.6,103.02,0.088,70.38,120.0,0.0249
2026-06-01,20113,Bedding Set - Private label,Home & Kitchen,CU2103,Summit Grill House,Marketplace Seller,D,52.6,35.7437,32.0765,32.501,36.4022,40.8772,0.3211,0.2448,0.3348,Below target,True,Rep,23.04,541.84,0.1026,105.78,61.0,-0.0518
2026-06-01,20053,Hair Dryer - National brand,Health & Beauty,CU2103,Summit Grill House,Marketplace Seller,D,55.58,21.0476,18.4173,13.7687,15.0171,16.3877,0.4599,0.107,0.197,Above stretch,True,None,0.0,470.8,0.125,87.2,31.0,0.0461
2026-06-01,20175,Cat Litter - Private label,Pet Supplies,CU2103,Summit Grill House,Marketplace Seller,D,15.0,16.1177,13.6248,15.4032,17.1715,19.2063,0.2921,0.2529,0.3429,Below target,True,Commercial director,10.39,59.69,0.1547,,0.0,0.0
2026-06-01,20225,Air Fryer - Premium brand,Home & Kitchen,CU2103,Summit Grill House,Marketplace Seller,D,15.0,103.2608,95.1588,57.955,63.9815,70.7089,0.5628,0.1655,0.2555,Above stretch,True,None,0.0,803.35,0.0785,101.69,31.0,-0.0075
2026-06-01,20173,Safety Boots - Value,Apparel & Accessories,CU2103,Summit Grill House,Marketplace Seller,D,89.2,22.2417,19.5553,20.8392,22.8231,24.9898,0.152,0.0865,0.1765,Below target,True,Sales manager,42.71,265.16,0.1208,94.94,31.0,-0.0715
2026-06-01,20208,Vitamin C Serum - Premium brand,Health & Beauty,CU2104,Summit Table,Corporate & B2B Buyer,C,80.21,25.2902,22.8585,19.2877,21.3871,23.747,0.4008,0.1874,0.2774,Above stretch,True,None,0.0,734.83,0.0962,107.0,92.0,0.0382
2026-06-01,20192,Laser Measure - National brand,Tools & Hardware,CU2104,Summit Table,Corporate & B2B Buyer,C,1079.37,23.9182,17.7931,21.3246,23.0275,24.897,0.2369,0.1067,0.1967,At target,True,None,0.0,4549.98,0.2561,88.78,31.0,-0.0655
2026-06-01,20178,Socket Set - National brand,Tools & Hardware,CU2104,Summit Table,Corporate & B2B Buyer,C,463.5,26.1913,23.5475,27.1196,29.8175,32.7691,0.0578,0.0935,0.1835,Below floor,False,VP Finance,1372.32,630.45,0.1009,94.53,61.0,-0.0118
2026-06-01,20136,Safety Boots - Private label,Apparel & Accessories,CU2104,Summit Table,Corporate & B2B Buyer,C,18.76,18.1984,16.0984,20.0935,22.5991,25.495,0.177,0.2637,0.3537,Below floor,False,VP Finance,53.36,53.46,0.1154,96.42,61.0,-0.031
2026-06-01,20165,Electric Toothbrush - National brand,Health & Beauty,CU2104,Summit Table,Corporate & B2B Buyer,C,94.81,18.802,16.7859,16.5756,18.1473,19.8595,0.1988,0.0763,0.1663,At target,True,None,0.0,316.41,0.1072,121.22,61.0,0.0597
2026-06-01,20108,Cotton T-Shirt 5pk - Value,Apparel & Accessories,CU2104,Summit Table,Corporate & B2B Buyer,C,15.0,27.1312,24.037,16.371,17.8194,19.4006,0.4946,0.085,0.175,Above stretch,True,None,0.0,178.33,0.114,101.13,120.0,-0.0203
2026-06-01,20114,Fastener Assortment - National brand,Tools & Hardware,CU2104,Summit Table,Corporate & B2B Buyer,C,51.18,59.7687,54.3419,48.0158,52.6007,57.5927,0.2743,0.074,0.164,Above stretch,True,None,0.0,762.81,0.0908,99.22,31.0,-0.0031
2026-06-01,20207,Hair Dryer - Value,Health & Beauty,CU2104,Summit Table,Corporate & B2B Buyer,C,46.47,12.0683,10.8029,10.0426,10.9852,12.011,0.246,0.072,0.162,Above stretch,True,None,0.0,123.5,0.1049,106.71,31.0,0.0492
2026-06-01,20224,Laser Measure - Value,Tools & Hardware,CU2104,Summit Table,Corporate & B2B Buyer,C,26.23,12.3202,10.9548,10.2284,11.1796,12.2146,0.2487,0.0714,0.1614,Above stretch,True,None,0.0,71.47,0.1108,85.35,151.0,-0.0116
2026-06-01,20167,27in Monitor - Value,Consumer Electronics,CU2104,Summit Table,Corporate & B2B Buyer,C,524.1,63.5963,57.4185,56.2607,61.5382,67.2594,0.1765,0.0559,0.1459,At target,True,None,0.0,5311.86,0.0971,,31.0,0.0072
2026-06-01,20005,Backpack - Private label,Apparel & Accessories,CU2104,Summit Table,Corporate & B2B Buyer,C,27.71,37.8386,33.3344,27.4915,30.5863,34.1319,0.4769,0.2415,0.3315,Above stretch,True,None,0.0,440.55,0.119,,0.0,0.0
2026-06-01,20133,Mechanical Keyboard - Premium brand,Consumer Electronics,CU2105,Stanley Fine Foods,Marketplace Seller,D,150.19,31.0248,27.7478,27.017,29.9375,33.2107,0.2971,0.1784,0.2684,At target,True,None,0.0,1238.02,0.1056,114.24,31.0,0.0411
2026-06-01,20082,Smart Plug - Private label,Consumer Electronics,CU2105,Stanley Fine Foods,Marketplace Seller,D,64.8,33.2732,30.9018,22.6048,25.3415,28.4806,0.5054,0.2446,0.3346,Above stretch,True,None,0.0,1012.01,0.0713,114.55,31.0,0.0497
2026-06-01,20132,Gel Pens - Value,Office & Stationery,CU2105,Stanley Fine Foods,Marketplace Seller,D,15.0,9.0007,7.6002,9.1424,9.9825,10.8986,0.0635,0.0806,0.1706,Below floor,False,VP Finance,12.21,7.23,0.1556,102.21,61.0,0.0318
2026-06-01,20142,Yoga Mat - National brand,Sporting Goods,CU2105,Stanley Fine Foods,Marketplace Seller,D,100.45,30.6656,28.5726,24.8492,27.409,30.2215,0.2911,0.1099,0.1999,Above stretch,True,None,0.0,835.47,0.0683,111.75,0.0,0.0
2026-06-01,20077,Wireless Earbuds - Premium brand,Consumer Electronics,CU2106,Fraser Kitchen Group,Sub-Distributor,D,131.74,129.0538,122.192,90.4961,100.6802,112.0677,0.4325,0.1709,0.2609,Above stretch,True,None,0.0,6962.56,0.0532,,31.0,0.0123
2026-06-01,20031,Body Wash - National brand,Health & Beauty,CU2106,Fraser Kitchen Group,Sub-Distributor,D,15.0,7.3149,5.9627,5.9625,6.474,7.0344,0.3032,0.0988,0.1888,Above stretch,True,None,0.0,27.12,0.1849,,61.0,-0.0154
2026-06-01,20216,Work Gloves - National brand,Tools & Hardware,CU2106,Fraser Kitchen Group,Sub-Distributor,D,71.01,41.3841,38.7104,32.1053,35.3317,38.8575,0.3074,0.089,0.179,Above stretch,True,None,0.0,844.89,0.0646,,1035.0,-0.0147
2026-06-01,20093,Vacuum Sealer - Private label,Home & Kitchen,CU2107,Selkirk Bistro,E-commerce Pure-Play,A,109.28,61.7863,50.8044,53.9631,59.6753,66.1982,0.3509,0.2328,0.3228,At target,True,None,0.0,1948.37,0.1777,97.85,31.0,-0.0375
2026-06-01,20229,Chew Toy Pack - National brand,Pet Supplies,CU2107,Selkirk Bistro,E-commerce Pure-Play,A,1701.24,21.5552,17.3117,21.3705,23.2176,25.2295,0.0854,0.0755,0.1655,Below target,True,Commercial director,2360.11,2514.09,0.1969,,0.0,0.0
2026-06-01,20209,Desk Organiser - National brand,Office & Stationery,CU2107,Selkirk Bistro,E-commerce Pure-Play,A,480.62,16.1262,12.9002,16.3975,17.9492,19.6712,0.128,0.146,0.236,Below floor,False,VP Finance,669.38,793.84,0.2,102.72,31.0,0.0743
2026-06-01,20019,Gel Pens - Private label,Office & Stationery,CU2107,Selkirk Bistro,E-commerce Pure-Play,A,650.07,9.7389,7.7931,9.9219,10.9912,12.215,0.2208,0.2387,0.3287,Below floor,False,VP Finance,546.51,1118.71,0.1998,,31.0,0.0386
2026-06-01,20156,Resistance Bands - Value,Sporting Goods,CU2107,Selkirk Bistro,E-commerce Pure-Play,A,359.31,73.2189,59.3221,59.9948,64.87,70.1591,0.2688,0.059,0.149,Above stretch,True,None,0.0,5728.8,0.1898,84.24,92.0,-0.0022
2026-06-01,20013,Webcam - National brand,Consumer Electronics,CU2107,Selkirk Bistro,E-commerce Pure-Play,A,4392.0,78.5651,64.3683,58.6197,63.5157,68.8721,0.3743,0.0934,0.1834,Above stretch,True,None,0.0,105823.04,0.1807,104.32,0.0,0.0
2026-06-01,20000,Wireless Earbuds - Private label,Consumer Electronics,CU2107,Selkirk Bistro,E-commerce Pure-Play,A,583.4,52.2297,42.1163,51.971,57.4283,63.6305,0.2245,0.2197,0.3097,Below target,True,Commercial director,2093.6,5515.93,0.1936,105.17,151.0,-0.1068
2026-06-01,20161,Blender - Premium brand,Home & Kitchen,CU2107,Selkirk Bistro,E-commerce Pure-Play,A,256.14,36.8514,29.7203,36.9059,40.5672,44.6704,0.1766,0.1781,0.2681,Below floor,False,Commercial director,696.6,1344.33,0.1935,106.2,31.0,0.0221
2026-06-01,20003,Storage Bins - National brand,Home & Kitchen,CU2107,Selkirk Bistro,E-commerce Pure-Play,A,2172.25,31.045,25.6589,27.757,30.1904,32.8454,0.2002,0.0826,0.1726,At target,True,None,0.0,11156.24,0.1735,99.95,0.0,0.0
2026-06-01,20076,LED Floor Lamp - Private label,Home & Kitchen,CU2107,Selkirk Bistro,E-commerce Pure-Play,A,460.51,23.1834,18.7832,18.6106,20.4689,22.5825,0.4113,0.2218,0.3118,Above stretch,True,None,0.0,3557.3,0.1898,,999.0,0.0
2026-06-01,20025,Bedding Set - National brand,Home & Kitchen,CU2107,Selkirk Bistro,E-commerce Pure-Play,A,1070.19,42.9163,35.6258,37.8784,41.3084,45.0746,0.2336,0.1074,0.1974,At target,True,None,0.0,8907.19,0.1699,97.42,0.0,0.0
2026-06-01,20158,Cutlery Block - Value,Home & Kitchen,CU2107,Selkirk Bistro,E-commerce Pure-Play,A,801.02,40.8763,33.3124,36.6165,39.7315,43.1203,0.1894,0.0706,0.1606,At target,True,None,0.0,5055.16,0.185,90.08,61.0,-0.034
2026-06-01,20131,Air Fryer - Value,Home & Kitchen,CU2107,Selkirk Bistro,E-commerce Pure-Play,A,129.14,29.9726,24.0961,28.3208,30.8042,33.5234,0.1585,0.0966,0.1866,Below target,True,Sales manager,87.35,493.3,0.1961,93.69,0.0,0.0
2026-06-01,20133,Mechanical Keyboard - Premium brand,Consumer Electronics,CU2107,Selkirk Bistro,E-commerce Pure-Play,A,1585.77,31.0248,24.0842,30.6806,33.6011,36.8743,0.1901,0.1784,0.2684,Below target,True,Commercial director,2988.86,7261.88,0.2237,114.24,31.0,0.0411
2026-06-01,20152,Copy Paper - Private label,Office & Stationery,CU2107,Selkirk Bistro,E-commerce Pure-Play,A,434.15,22.6466,18.2389,25.6135,28.5474,31.9325,0.139,0.2595,0.3495,Below floor,False,VP Finance,1666.48,1101.0,0.1946,107.79,120.0,0.1226
2026-06-01,20211,Storage Bins - National brand,Home & Kitchen,CU2107,Selkirk Bistro,E-commerce Pure-Play,A,613.06,39.7418,31.8938,43.9197,47.9717,52.4225,-0.0079,0.1088,0.1988,Loss-making,False,VP Finance,4042.39,-155.29,0.1975,110.52,999.0,0.0
2026-06-01,20102,Blender - National brand,Home & Kitchen,CU2107,Selkirk Bistro,E-commerce Pure-Play,A,119.24,68.5666,56.9479,54.292,59.1017,64.3886,0.3342,0.1115,0.2015,Above stretch,True,None,0.0,2269.46,0.1695,94.03,31.0,0.0097
2026-06-01,20179,Nonstick Cookware Set - Private label,Home & Kitchen,CU2107,Selkirk Bistro,E-commerce Pure-Play,A,389.83,45.9419,36.7819,41.6189,46.087,51.2355,0.3436,0.2562,0.3462,Below target,True,Rep,36.99,4927.06,0.1994,83.32,120.0,0.0676
2026-06-01,20038,Cycling Helmet - Value,Sporting Goods,CU2107,Selkirk Bistro,E-commerce Pure-Play,A,316.38,69.0054,56.8113,77.839,84.869,92.515,-0.0751,0.0696,0.1596,Loss-making,False,VP Finance,4217.91,-1349.27,0.1767,,61.0,-0.0015
2026-06-01,20165,Electric Toothbrush - National brand,Health & Beauty,CU2107,Selkirk Bistro,E-commerce Pure-Play,A,1102.25,18.802,14.9764,18.3851,19.9568,21.669,0.102,0.0763,0.1663,Below target,True,Commercial director,1061.22,1684.02,0.2035,121.22,61.0,0.0597
2026-06-01,20118,Blender - Premium brand,Home & Kitchen,CU2107,Selkirk Bistro,E-commerce Pure-Play,A,577.72,81.3528,65.6833,77.917,85.656,94.3513,0.2287,0.1861,0.2761,Below target,True,Sales manager,1799.63,8677.41,0.1926,92.32,92.0,-0.0016
2026-06-01,20212,Resistance Bands - National brand,Sporting Goods,CU2107,Selkirk Bistro,E-commerce Pure-Play,A,479.83,43.7472,35.3167,37.7798,41.0759,44.6961,0.2592,0.1086,0.1986,At target,True,None,0.0,4392.7,0.1927,81.07,31.0,0.0068
2026-06-01,20206,Camping Tent - National brand,Sporting Goods,CU2107,Selkirk Bistro,E-commerce Pure-Play,A,102.84,77.9305,64.7422,71.7296,78.1674,85.2074,0.1786,0.0916,0.1816,Below target,True,Rep,19.94,1189.17,0.1692,87.7,0.0,0.0
2026-06-01,20164,LED Floor Lamp - National brand,Home & Kitchen,CU2107,Selkirk Bistro,E-commerce Pure-Play,A,589.1,53.0555,43.8744,54.8356,59.7126,65.0143,0.0297,0.0675,0.1575,Below floor,False,VP Finance,3304.04,766.77,0.173,103.57,0.0,0.0
2026-06-01,20150,Nonstick Cookware Set - National brand,Home & Kitchen,CU2107,Selkirk Bistro,E-commerce Pure-Play,A,66.9,23.3572,18.6538,17.9284,19.4013,21.0163,0.3633,0.1019,0.1919,Above stretch,True,None,0.0,453.34,0.2014,,92.0,-0.0055
2026-06-01,20042,Wireless Earbuds - Private label,Consumer Electronics,CU2107,Selkirk Bistro,E-commerce Pure-Play,A,1345.92,73.1111,60.5688,74.013,82.3474,91.913,0.235,0.2462,0.3362,Below floor,False,VP Finance,8251.88,19155.4,0.1716,81.18,31.0,0.0478
2026-06-01,20090,Yoga Mat - Private label,Sporting Goods,CU2107,Selkirk Bistro,E-commerce Pure-Play,A,1195.88,31.9466,25.7202,42.0494,46.7719,52.1537,-0.0762,0.2273,0.3173,Loss-making,False,VP Finance,12103.76,-2344.16,0.1949,105.38,1004.0,0.4546
2026-06-01,20222,Work Gloves - National brand,Tools & Hardware,CU2107,Selkirk Bistro,E-commerce Pure-Play,A,2260.26,24.0219,19.6426,20.3462,22.1322,24.0922,0.2728,0.1054,0.1954,At target,True,None,0.0,12111.83,0.1823,116.15,151.0,-0.0748
2026-06-01,20120,Bluetooth Speaker - Premium brand,Consumer Electronics,CU2107,Selkirk Bistro,E-commerce Pure-Play,A,873.2,68.1132,56.1224,46.7027,50.9514,55.7077,0.4895,0.1747,0.2647,Above stretch,True,None,0.0,23990.91,0.176,100.4,0.0,0.0
2026-06-01,20217,Cycling Helmet - National brand,Sporting Goods,CU2107,Selkirk Bistro,E-commerce Pure-Play,A,2171.36,49.6842,41.1159,47.3063,51.6362,56.3872,0.1566,0.1048,0.1948,Below target,True,Sales manager,3412.89,13978.35,0.1725,90.1,0.0,0.0
2026-06-01,20205,Aquarium Filter - National brand,Pet Supplies,CU2107,Selkirk Bistro,E-commerce Pure-Play,A,818.35,21.5396,17.4564,21.6445,23.585,25.7091,0.0901,0.0955,0.1855,Below floor,False,Commercial director,1363.34,1286.61,0.1896,80.75,0.0,0.0
2026-06-01,20221,Laptop Sleeve - National brand,Apparel & Accessories,CU2107,Selkirk Bistro,E-commerce Pure-Play,A,461.73,20.9311,17.2298,24.0642,26.3672,28.9004,-0.0469,0.1142,0.2042,Loss-making,False,VP Finance,1997.46,-372.94,0.1768,93.77,31.0,-0.0118
2026-06-01,20166,Storage Bins - Value,Home & Kitchen,CU2107,Selkirk Bistro,E-commerce Pure-Play,A,333.12,15.6948,10.7413,18.7423,20.282,21.9711,-0.1502,0.104,0.194,Loss-making,False,VP Finance,1231.65,-537.49,0.3156,102.4,0.0,0.0
2026-06-01,20108,Cotton T-Shirt 5pk - Value,Apparel & Accessories,CU2108,Okanagan Market,Sub-Distributor,B,15.0,27.1312,22.4415,17.9665,19.4149,20.9961,0.4587,0.085,0.175,Above stretch,True,None,0.0,154.4,0.1729,101.13,120.0,-0.0203
2026-06-01,20114,Fastener Assortment - National brand,Tools & Hardware,CU2108,Okanagan Market,Sub-Distributor,B,87.56,59.7687,50.3956,51.9621,56.547,61.539,0.2174,0.074,0.164,At target,True,None,0.0,959.5,0.1568,99.22,31.0,-0.0031
2026-06-01,20075,Sunscreen SPF50 - Private label,Health & Beauty,CU2108,Okanagan Market,Sub-Distributor,B,513.92,19.8484,15.1245,20.2642,22.3636,24.771,0.223,0.2438,0.3338,Below floor,False,VP Finance,861.15,1733.4,0.238,92.32,151.0,0.0482
2026-06-01,20184,Wireless Earbuds - Premium brand,Consumer Electronics,CU2108,Okanagan Market,Sub-Distributor,B,1315.26,106.9774,91.9808,114.0738,126.1597,139.679,0.1083,0.1722,0.2622,Below floor,False,VP Finance,18614.44,13106.17,0.1402,,31.0,0.0476
2026-06-01,20087,Laptop Sleeve - Value,Apparel & Accessories,CU2108,Okanagan Market,Sub-Distributor,B,15.0,37.8687,32.0059,29.9111,32.4809,35.2748,0.2996,0.0678,0.1578,Above stretch,True,None,0.0,143.82,0.1548,92.75,61.0,-0.0769
2026-06-01,20190,Work Jacket - National brand,Apparel & Accessories,CU2108,Okanagan Market,Sub-Distributor,B,553.36,37.794,25.7223,37.277,40.0526,43.0887,0.1109,0.0927,0.1827,Below target,True,Commercial director,1021.48,1579.01,0.3194,,0.0,0.0
2026-06-01,20034,Smart Plug - Premium brand,Consumer Electronics,CU2108,Okanagan Market,Sub-Distributor,B,537.48,84.2948,72.2779,55.1701,60.3047,66.0159,0.4947,0.1536,0.2436,Above stretch,True,None,0.0,19216.52,0.1426,102.91,0.0,0.0
2026-06-01,20091,Electric Toothbrush - Premium brand,Health & Beauty,CU2108,Okanagan Market,Sub-Distributor,B,508.92,30.7122,25.772,18.1558,19.7549,21.5404,0.5724,0.1662,0.2562,Above stretch,True,None,0.0,7507.99,0.1609,121.52,61.0,-0.0097
2026-06-01,20211,Storage Bins - National brand,Home & Kitchen,CU2108,Okanagan Market,Sub-Distributor,B,131.85,39.7418,33.4641,42.3494,46.4014,50.8522,0.0394,0.1088,0.1988,Below floor,False,VP Finance,703.51,173.65,0.158,110.52,999.0,0.0
2026-06-01,20210,Safety Boots - Premium brand,Apparel & Accessories,CU2108,Okanagan Market,Sub-Distributor,B,191.0,47.1016,39.3286,42.6811,47.0537,51.9753,0.2824,0.1915,0.2815,At target,True,None,0.0,2121.13,0.165,91.59,31.0,-0.0073
2026-06-01,20056,Chew Toy Pack - Premium brand,Pet Supplies,CU2108,Okanagan Market,Sub-Distributor,B,565.46,49.7535,41.8913,50.9176,56.1797,62.0685,0.1506,0.1736,0.2636,Below floor,False,VP Finance,2675.9,3568.22,0.158,99.21,61.0,0.1081
2026-06-01,20206,Camping Tent - National brand,Sporting Goods,CU2108,Okanagan Market,Sub-Distributor,B,84.74,77.9305,66.8772,69.5946,76.0324,83.0724,0.2048,0.0916,0.1816,At target,True,None,0.0,1160.79,0.1418,87.7,0.0,0.0
2026-06-01,20058,Safety Glasses - Value,Tools & Hardware,CU2108,Okanagan Market,Sub-Distributor,B,949.54,37.7875,31.2586,37.8041,41.2106,44.9283,0.0832,0.0837,0.1737,Below floor,False,Commercial director,2685.79,2469.85,0.1728,85.16,182.0,0.1473
2026-06-01,20001,Multivitamin - Private label,Health & Beauty,CU2108,Okanagan Market,Sub-Distributor,B,146.17,19.9168,15.5825,19.6818,21.8085,24.2632,0.2717,0.2605,0.3505,Below target,True,Commercial director,179.59,618.74,0.2176,89.07,31.0,-0.0099
2026-06-01,20068,Safety Glasses - Value,Tools & Hardware,CU2108,Okanagan Market,Sub-Distributor,B,135.29,19.6426,16.6909,15.8423,17.2449,18.7752,0.2916,0.0828,0.1728,Above stretch,True,None,0.0,658.54,0.1503,94.82,92.0,-0.0802
2026-06-01,20216,Work Gloves - National brand,Tools & Hardware,CU2108,Okanagan Market,Sub-Distributor,B,603.38,41.3841,34.8803,35.9354,39.1618,42.6876,0.2313,0.089,0.179,At target,True,None,0.0,4868.13,0.1572,,1035.0,-0.0147
2026-06-01,20006,Electric Toothbrush - Premium brand,Health & Beauty,CU2108,Okanagan Market,Sub-Distributor,B,260.49,39.5369,33.6997,31.4428,34.5545,38.0322,0.3689,0.1694,0.2594,Above stretch,True,None,0.0,3238.33,0.1476,,31.0,0.0267
2026-06-01,20076,LED Floor Lamp - Private label,Home & Kitchen,CU2109,Kootenay Trading Co,Subscription Box Operator,C,40.52,23.1834,20.3525,17.0413,18.8996,21.0132,0.4567,0.2218,0.3118,Above stretch,True,None,0.0,376.59,0.1221,,999.0,0.0
2026-06-01,20145,Laminator - Premium brand,Office & Stationery,CU2109,Kootenay Trading Co,Subscription Box Operator,C,247.17,19.6128,17.4087,20.0407,22.1568,24.509,0.1305,0.1514,0.2414,Below floor,False,VP Finance,477.0,561.72,0.1124,88.3,31.0,0.0766
2026-06-01,20036,Laptop Sleeve - National brand,Apparel & Accessories,CU2109,Kootenay Trading Co,Subscription Box Operator,C,346.57,11.1525,9.658,10.3942,11.3999,12.5061,0.1832,0.1136,0.2036,Below target,True,Sales manager,68.3,613.19,0.134,,0.0,0.0
2026-06-01,20134,Cotton T-Shirt 5pk - Private label,Apparel & Accessories,CU2109,Kootenay Trading Co,Subscription Box Operator,C,432.74,22.6136,19.9278,18.9078,21.1947,23.8464,0.4071,0.2716,0.3616,At target,True,None,0.0,3510.26,0.1188,98.21,31.0,0.0238
2026-06-01,20211,Storage Bins - National brand,Home & Kitchen,CU2109,Kootenay Trading Co,Subscription Box Operator,C,39.38,39.7418,35.1628,40.6507,44.7027,49.1535,0.0858,0.1088,0.1988,Below floor,False,VP Finance,156.52,118.76,0.1152,110.52,999.0,0.0
2026-06-01,20057,Cordless Drill - National brand,Tools & Hardware,CU2109,Kootenay Trading Co,Subscription Box Operator,C,102.6,39.9601,35.3552,34.1483,37.4374,41.0434,0.2493,0.1016,0.1916,At target,True,None,0.0,904.25,0.1152,80.77,0.0,0.0
2026-06-01,20193,Wireless Earbuds - Private label,Consumer Electronics,CU2109,Kootenay Trading Co,Subscription Box Operator,C,39.32,39.4741,35.0608,49.1433,55.4631,62.7952,0.0725,0.273,0.363,Below floor,False,VP Finance,400.47,99.96,0.1118,90.8,120.0,-0.0175
2026-06-01,20023,Adjustable Dumbbells - National brand,Sporting Goods,CU2109,Kootenay Trading Co,Subscription Box Operator,C,58.51,29.6354,26.5283,25.9393,28.5067,31.3273,0.2337,0.1096,0.1996,At target,True,None,0.0,362.67,0.1048,,0.0,0.0
2026-06-01,20215,Safety Boots - National brand,Apparel & Accessories,CU2109,Kootenay Trading Co,Subscription Box Operator,C,99.85,11.8721,10.3735,9.3323,10.1599,11.0576,0.2887,0.0581,0.1481,Above stretch,True,None,0.0,299.04,0.1262,99.26,1004.0,-0.1344
2026-06-01,20080,Work Gloves - National brand,Tools & Hardware,CU2110,Chilcotin Table,Independent Retailer,D,32.9,29.5529,26.6102,20.4229,22.3475,24.4527,0.4039,0.0926,0.1826,Above stretch,True,None,0.0,353.63,0.0996,79.5,92.0,-0.0256
2026-06-01,20118,Blender - Premium brand,Home & Kitchen,CU2110,Chilcotin Table,Independent Retailer,D,31.09,81.3528,76.3573,67.243,74.982,83.6773,0.3365,0.1861,0.2761,At target,True,None,0.0,798.83,0.0614,92.32,92.0,-0.0016
2026-06-01,20081,Vacuum Sealer - Premium brand,Home & Kitchen,CU2110,Chilcotin Table,Independent Retailer,D,29.49,72.1736,63.0343,50.3153,55.301,60.8685,0.4557,0.1667,0.2567,Above stretch,True,None,0.0,847.02,0.1266,128.43,61.0,0.0077
2026-06-01,20153,Multivitamin - Premium brand,Health & Beauty,CU2111,Kitsilano Fine Foods,Independent Retailer,C,384.91,24.6041,22.841,20.6364,22.9573,25.5582,0.3209,0.1781,0.2681,At target,True,None,0.0,2821.01,0.0717,102.68,61.0,0.0502
2026-06-01,20009,Toner Cartridge - Private label,Office & Stationery,CU2111,Kitsilano Fine Foods,Independent Retailer,C,82.7,34.6318,32.1676,22.1788,24.8819,27.9933,0.5426,0.2536,0.3436,Above stretch,True,None,0.0,1443.33,0.0712,117.33,31.0,0.0371
2026-06-01,20217,Cycling Helmet - National brand,Sporting Goods,CU2111,Kitsilano Fine Foods,Independent Retailer,C,278.6,49.6842,46.3811,42.0411,46.371,51.122,0.2523,0.1048,0.1948,At target,True,None,0.0,3260.4,0.0665,90.1,0.0,0.0
2026-06-01,20063,Camping Tent - Premium brand,Sporting Goods,CU2111,Kitsilano Fine Foods,Independent Retailer,C,129.3,98.3978,81.7585,89.2563,98.0147,107.7866,0.2573,0.1638,0.2538,At target,True,None,0.0,2719.98,0.1691,125.65,0.0,0.0
2026-06-01,20237,Bluetooth Speaker - Value,Consumer Electronics,CU2111,Kitsilano Fine Foods,Independent Retailer,C,240.62,50.0799,46.5723,37.2009,40.9225,44.996,0.3454,0.0952,0.1852,Above stretch,True,None,0.0,3870.76,0.07,101.18,0.0,0.0
2026-06-01,20174,Body Wash - National brand,Health & Beauty,CU2111,Kitsilano Fine Foods,Independent Retailer,C,59.34,12.8281,11.7486,13.024,14.3687,15.8465,0.0958,0.1106,0.2006,Below floor,False,VP Finance,73.08,66.77,0.0842,91.89,1035.0,0.2383
2026-06-01,20198,Toner Cartridge - Premium brand,Office & Stationery,CU2111,Kitsilano Fine Foods,Independent Retailer,C,87.09,10.9395,10.0378,7.2619,8.0454,8.9238,0.48,0.1794,0.2694,Above stretch,True,None,0.0,419.65,0.0824,75.35,61.0,0.0485
2026-06-01,20132,Gel Pens - Value,Office & Stationery,CU2111,Kitsilano Fine Foods,Independent Retailer,C,54.9,9.0007,8.1484,8.5942,9.4343,10.3504,0.1265,0.0806,0.1706,Below target,True,Sales manager,19.74,56.57,0.0947,102.21,61.0,0.0318
2026-06-01,20070,Fastener Assortment - Value,Tools & Hardware,CU2111,Kitsilano Fine Foods,Independent Retailer,C,37.19,14.8741,13.6276,14.6302,16.086,17.6744,0.099,0.0826,0.1726,Below target,True,Commercial director,37.29,50.18,0.0838,65.48,61.0,0.0168
2026-06-01,20170,Laminator - National brand,Office & Stationery,CU2111,Kitsilano Fine Foods,Independent Retailer,C,23.5,29.2528,27.2085,17.2046,18.9095,20.7826,0.5039,0.1097,0.1997,Above stretch,True,None,0.0,322.22,0.0699,97.16,0.0,0.0
2026-06-01,20129,Filing Boxes - National brand,Office & Stationery,CU2111,Kitsilano Fine Foods,Independent Retailer,C,60.22,22.9428,21.168,18.3643,20.185,22.1753,0.2868,0.09,0.18,Above stretch,True,None,0.0,365.63,0.0774,92.03,0.0,0.0
2026-06-01,20019,Gel Pens - Private label,Office & Stationery,CU2111,Kitsilano Fine Foods,Independent Retailer,C,54.89,9.7389,8.9796,8.7354,9.8047,11.0285,0.3238,0.2387,0.3287,Below target,True,Rep,2.43,159.59,0.078,,31.0,0.0386
2026-06-01,20097,Wireless Earbuds - Private label,Consumer Electronics,CU2112,Stanley Provisions,Government & Education,C,178.39,67.0046,59.2999,49.8848,55.7877,62.6189,0.4785,0.2669,0.3569,Above stretch,True,None,0.0,5062.3,0.115,102.36,1004.0,-0.1883
2026-06-01,20171,Socket Set - Premium brand,Tools & Hardware,CU2112,Stanley Provisions,Government & Education,C,1017.56,52.5609,47.0368,42.5231,47.0647,52.1524,0.3525,0.1768,0.2668,Above stretch,True,None,0.0,16870.33,0.1051,104.04,31.0,-0.0345
2026-06-01,20004,Camping Tent - Premium brand,Sporting Goods,CU2112,Stanley Provisions,Government & Education,C,218.35,28.2149,24.9227,25.6348,28.2751,31.2074,0.2366,0.1484,0.2384,Below target,True,Rep,10.02,1287.33,0.1167,89.96,151.0,0.0473
2026-06-01,20174,Body Wash - National brand,Health & Beauty,CU2112,Stanley Provisions,Government & Education,C,77.07,12.8281,10.8391,13.9335,15.2782,16.756,0.0199,0.1106,0.2006,Below floor,False,VP Finance,150.95,16.62,0.1551,91.89,1035.0,0.2383
2026-06-01,20008,Electric Toothbrush - Value,Health & Beauty,CU2112,Stanley Provisions,Government & Education,C,120.1,21.2885,18.5557,18.9683,20.7303,22.6518,0.1956,0.0807,0.1707,At target,True,None,0.0,436.01,0.1284,93.76,61.0,0.0426
2026-06-01,20101,Multivitamin - Premium brand,Health & Beauty,CU2112,Stanley Provisions,Government & Education,C,218.28,14.3234,10.8688,13.4232,14.6447,16.0124,0.2438,0.1755,0.2655,Below target,True,Sales manager,51.51,578.38,0.2412,98.25,31.0,-0.0035
2026-06-01,20088,Hair Dryer - Premium brand,Health & Beauty,CU2112,Stanley Provisions,Government & Education,C,105.6,17.5796,15.0721,15.9107,17.5195,19.3125,0.2532,0.1602,0.2502,At target,True,None,0.0,402.98,0.1426,73.34,0.0,0.0
2026-06-01,20016,Gel Pens - National brand,Office & Stationery,CU2112,Stanley Provisions,Government & Education,C,25.72,20.8333,15.733,18.8879,20.4053,22.0648,0.2044,0.0922,0.1822,At target,True,None,0.0,82.73,0.2448,84.47,31.0,0.0188
2026-06-01,20111,27in Monitor - Private label,Consumer Electronics,CU2112,Stanley Provisions,Government & Education,C,114.24,30.8949,27.1509,29.5062,33.0651,37.1695,0.2964,0.2585,0.3485,Below target,True,Commercial director,161.52,919.43,0.1212,108.16,0.0,0.0
2026-06-01,20166,Storage Bins - Value,Home & Kitchen,CU2112,Stanley Provisions,Government & Education,C,101.4,15.6948,11.6356,17.848,19.3877,21.0768,-0.0618,0.104,0.194,Loss-making,False,VP Finance,301.82,-72.93,0.2586,102.4,0.0,0.0
2026-06-01,20073,Gel Pens - Value,Office & Stationery,CU2112,Stanley Provisions,Government & Education,C,47.44,30.3209,24.4329,27.7415,30.1447,32.7728,0.1875,0.0916,0.1816,At target,True,None,0.0,217.33,0.1942,92.17,0.0,0.0
2026-06-01,20122,Dry-Erase Board - National brand,Office & Stationery,CU2112,Stanley Provisions,Government & Education,C,177.23,13.0336,10.1588,10.4027,11.2283,12.1305,0.3251,0.0893,0.1793,Above stretch,True,None,0.0,585.41,0.2206,83.37,120.0,-0.0452
2026-06-01,20134,Cotton T-Shirt 5pk - Private label,Apparel & Accessories,CU2113,Coastal Hospitality,Independent Retailer,B,1238.7,22.6136,18.7109,20.1247,22.4116,25.0633,0.3685,0.2716,0.3616,At target,True,None,0.0,8540.59,0.1726,98.21,31.0,0.0238
2026-06-01,20167,27in Monitor - Value,Consumer Electronics,CU2113,Coastal Hospitality,Independent Retailer,B,521.59,63.5963,54.6974,58.9818,64.2593,69.9805,0.1355,0.0559,0.1459,Below target,True,Rep,295.35,3867.12,0.1399,,31.0,0.0072
2026-06-01,20002,Safety Boots - Value,Apparel & Accessories,CU2113,Coastal Hospitality,Independent Retailer,B,352.34,52.678,44.3237,45.1941,49.2439,53.6722,0.2447,0.0913,0.1813,At target,True,None,0.0,3821.97,0.1586,87.93,120.0,0.0455
2026-06-01,20013,Webcam - National brand,Consumer Electronics,CU2113,Coastal Hospitality,Independent Retailer,B,1274.0,78.5651,66.5763,56.4117,61.3077,66.6641,0.3951,0.0934,0.1834,Above stretch,True,None,0.0,33509.39,0.1526,104.32,0.0,0.0
2026-06-01,20185,Gel Pens - Private label,Office & Stationery,CU2113,Coastal Hospitality,Independent Retailer,B,84.77,11.9205,9.1265,14.3123,15.9672,17.8959,0.0959,0.2836,0.3736,Below floor,False,VP Finance,214.88,74.16,0.2344,,61.0,0.0843
2026-06-01,20226,Cat Litter - Private label,Pet Supplies,CU2113,Coastal Hospitality,Independent Retailer,B,59.76,15.2511,12.3298,11.9212,13.1807,14.6382,0.4649,0.2669,0.3569,Above stretch,True,None,0.0,342.54,0.1915,,0.0,0.0
2026-06-01,20198,Toner Cartridge - Premium brand,Office & Stationery,CU2113,Coastal Hospitality,Independent Retailer,B,86.11,10.9395,8.7297,8.57,9.3535,10.2319,0.4021,0.1794,0.2694,Above stretch,True,None,0.0,302.29,0.202,75.35,61.0,0.0485
2026-06-01,20050,Copy Paper - National brand,Office & Stationery,CU2113,Coastal Hospitality,Independent Retailer,B,58.29,15.0054,12.0777,11.2185,12.1222,13.1086,0.3714,0.0843,0.1743,Above stretch,True,None,0.0,261.48,0.1951,76.33,31.0,0.0474
2026-06-01,20188,Grooming Kit - National brand,Pet Supplies,CU2113,Coastal Hospitality,Independent Retailer,B,270.58,11.0676,8.7169,12.23,13.3155,14.5024,-0.0303,0.0909,0.1809,Loss-making,False,VP Finance,498.22,-71.54,0.2124,104.8,92.0,0.0717
2026-06-01,20017,Webcam - National brand,Consumer Electronics,CU2113,Coastal Hospitality,Independent Retailer,B,367.17,23.7358,19.8811,18.3913,20.0109,21.7868,0.3435,0.1022,0.1922,Above stretch,True,None,0.0,2507.81,0.1624,101.84,31.0,0.0098
2026-06-01,20237,Bluetooth Speaker - Value,Consumer Electronics,CU2113,Coastal Hospitality,Independent Retailer,B,434.16,50.0799,41.8079,41.9653,45.6869,49.7604,0.2708,0.0952,0.1852,Above stretch,True,None,0.0,4915.65,0.1652,101.18,0.0,0.0
2026-06-01,20099,Bluetooth Speaker - Premium brand,Consumer Electronics,CU2113,Coastal Hospitality,Independent Retailer,B,15.0,68.9696,58.2995,47.2436,51.6678,56.6073,0.4768,0.166,0.256,Above stretch,True,None,0.0,416.96,0.1547,72.87,61.0,-0.0337
2026-06-01,20133,Mechanical Keyboard - Premium brand,Consumer Electronics,CU2113,Coastal Hospitality,Independent Retailer,B,706.71,31.0248,24.9388,29.826,32.7465,36.0197,0.2179,0.1784,0.2684,Below target,True,Commercial director,890.15,3840.26,0.1962,114.24,31.0,0.0411
2026-06-01,20189,Desk Organiser - National brand,Office & Stationery,CU2113,Coastal Hospitality,Independent Retailer,B,40.23,15.9551,12.808,12.4509,13.5029,14.6599,0.3564,0.114,0.204,Above stretch,True,None,0.0,183.64,0.1972,103.27,0.0,0.0
2026-06-01,20137,Bluetooth Speaker - Private label,Consumer Electronics,CU2113,Coastal Hospitality,Independent Retailer,B,1013.49,67.4293,57.9793,58.6126,65.3647,73.1401,0.368,0.2547,0.3447,At target,True,None,0.0,21626.26,0.1401,121.68,31.0,0.0436
2026-06-01,20069,Cotton T-Shirt 5pk - National brand,Apparel & Accessories,CU2114,Mount Hospitality,Corporate & B2B Buyer,D,52.32,18.4163,14.3289,19.4936,21.2311,23.1413,0.0452,0.112,0.202,Below floor,False,VP Finance,117.52,33.91,0.2219,88.66,31.0,0.0051
2026-06-01,20087,Laptop Sleeve - Value,Apparel & Accessories,CU2114,Mount Hospitality,Corporate & B2B Buyer,D,15.0,37.8687,34.9017,27.0153,29.5851,32.379,0.3577,0.0678,0.1578,Above stretch,True,None,0.0,187.26,0.0783,92.75,61.0,-0.0769
2026-06-01,20021,Bedding Set - National brand,Home & Kitchen,CU2114,Mount Hospitality,Corporate & B2B Buyer,D,39.15,44.6055,41.7044,35.4284,38.9989,42.9019,0.2903,0.0901,0.1801,Above stretch,True,None,0.0,474.02,0.065,99.4,92.0,0.0256
2026-06-01,20031,Body Wash - National brand,Health & Beauty,CU2114,Mount Hospitality,Corporate & B2B Buyer,D,15.89,7.3149,6.0079,5.9173,6.4288,6.9892,0.3084,0.0988,0.1888,Above stretch,True,None,0.0,29.45,0.1787,,61.0,-0.0154
2026-06-01,20053,Hair Dryer - National brand,Health & Beauty,CU2115,Riverside Hospitality,Sub-Distributor,C,140.38,21.0476,18.6534,13.5326,14.781,16.1516,0.4668,0.107,0.197,Above stretch,True,None,0.0,1222.26,0.1138,87.2,31.0,0.0461
2026-06-01,20144,Socket Set - National brand,Tools & Hardware,CU2115,Riverside Hospitality,Sub-Distributor,C,29.68,25.964,20.4583,27.4194,29.8352,32.4783,0.0291,0.0936,0.1836,Below floor,False,VP Finance,93.8,17.68,0.2121,,31.0,-0.027
2026-06-01,20232,Webcam - Value,Consumer Electronics,CU2115,Riverside Hospitality,Sub-Distributor,C,285.23,35.6952,31.4567,29.2105,31.898,34.8237,0.2647,0.0737,0.1637,Above stretch,True,None,0.0,2374.57,0.1187,94.31,31.0,0.0553
2026-06-01,20122,Dry-Erase Board - National brand,Office & Stationery,CU2115,Riverside Hospitality,Sub-Distributor,C,248.87,13.0336,10.4969,10.0646,10.8902,11.7924,0.3469,0.0893,0.1793,Above stretch,True,None,0.0,906.19,0.1946,83.37,120.0,-0.0452
2026-06-01,20037,Socket Set - National brand,Tools & Hardware,CU2115,Riverside Hospitality,Sub-Distributor,C,215.7,32.366,26.6155,31.8234,34.7319,37.9219,0.1215,0.1032,0.1932,Below target,True,Commercial director,411.73,697.42,0.1777,84.0,0.0,0.0
2026-06-01,20115,USB-C Charger - National brand,Consumer Electronics,CU2115,Riverside Hospitality,Sub-Distributor,C,178.4,47.0603,42.0975,37.4578,41.0545,44.9931,0.3029,0.0969,0.1869,Above stretch,True,None,0.0,2274.83,0.1055,96.9,0.0,0.0
2026-06-01,20110,27in Monitor - National brand,Consumer Electronics,CU2115,Riverside Hospitality,Sub-Distributor,C,19.05,109.9573,98.409,62.1112,67.669,73.7459,0.5331,0.0912,0.1812,Above stretch,True,None,0.0,999.31,0.105,,0.0,0.0
2026-06-01,20193,Wireless Earbuds - Private label,Consumer Electronics,CU2115,Riverside Hospitality,Sub-Distributor,C,146.03,39.4741,35.2288,48.9753,55.2951,62.6272,0.0769,0.273,0.363,Below floor,False,VP Finance,1471.68,395.76,0.1075,90.8,120.0,-0.0175
2026-06-01,20141,Socket Set - Premium brand,Tools & Hardware,CU2115,Riverside Hospitality,Sub-Distributor,C,465.94,48.9453,43.3155,35.0228,38.6495,42.7173,0.444,0.1806,0.2706,Above stretch,True,None,0.0,8960.45,0.115,103.9,0.0,0.0
2026-06-01,20024,Tool Chest - Value,Tools & Hardware,CU2115,Riverside Hospitality,Sub-Distributor,C,140.56,43.8244,38.6836,33.1421,36.1255,39.367,0.3234,0.0653,0.1553,Above stretch,True,None,0.0,1758.52,0.1173,94.6,31.0,-0.0382
2026-06-01,20035,Camping Tent - Premium brand,Sporting Goods,CU2116,Stanley Grill House,Independent Retailer,D,92.93,47.4569,41.7912,33.0438,36.3187,39.9657,0.4481,0.1576,0.2476,Above stretch,True,None,0.0,1740.38,0.1194,97.02,61.0,-0.0111
2026-06-01,20140,USB-C Charger - Premium brand,Consumer Electronics,CU2116,Stanley Grill House,Independent Retailer,D,1070.23,182.1906,167.4586,187.9165,209.0337,232.6534,0.1436,0.1719,0.2619,Below floor,False,VP Finance,21204.37,25733.15,0.0809,97.39,31.0,0.0683
2026-06-01,20006,Electric Toothbrush - Premium brand,Health & Beauty,CU2116,Stanley Grill House,Independent Retailer,D,190.15,39.5369,35.0263,30.1162,33.2279,36.7056,0.3928,0.1694,0.2594,Above stretch,True,None,0.0,2616.14,0.1141,,31.0,0.0267
2026-06-01,20024,Tool Chest - Value,Tools & Hardware,CU2116,Stanley Grill House,Independent Retailer,D,113.09,43.8244,39.0756,32.7501,35.7335,38.975,0.3302,0.0653,0.1553,Above stretch,True,None,0.0,1459.18,0.1084,94.6,31.0,-0.0382
2026-06-01,20045,Safety Boots - National brand,Apparel & Accessories,CU2117,Summit Market,Marketplace Seller,C,586.23,21.4193,19.7526,19.4653,21.4506,23.6279,0.1918,0.1031,0.1931,Below target,True,Rep,14.79,2221.23,0.0778,105.72,0.0,0.0
2026-06-01,20032,Body Wash - National brand,Health & Beauty,CU2117,Summit Market,Marketplace Seller,C,110.07,17.116,15.8664,15.7267,17.2986,19.013,0.1616,0.0811,0.1711,Below target,True,Rep,16.66,282.15,0.073,107.68,151.0,-0.023
2026-06-01,20087,Laptop Sleeve - Value,Apparel & Accessories,CU2117,Summit Market,Marketplace Seller,C,15.0,37.8687,34.9915,26.9255,29.4953,32.2892,0.3593,0.0678,0.1578,Above stretch,True,None,0.0,188.61,0.076,92.75,61.0,-0.0769
2026-06-01,20222,Work Gloves - National brand,Tools & Hardware,CU2117,Summit Market,Marketplace Seller,C,313.02,24.0219,22.4036,17.5852,19.3712,21.3312,0.3624,0.1054,0.1954,Above stretch,True,None,0.0,2541.6,0.0674,116.15,151.0,-0.0748
2026-06-01,20236,Mechanical Keyboard - Value,Consumer Electronics,CU2117,Summit Market,Marketplace Seller,C,168.6,40.6558,37.6407,30.4545,33.375,36.5474,0.318,0.0644,0.1544,Above stretch,True,None,0.0,2017.87,0.0742,99.28,31.0,0.0529
2026-06-01,20155,27in Monitor - Value,Consumer Electronics,CU2117,Summit Market,Marketplace Seller,C,117.61,111.994,104.7121,82.4854,90.5834,99.4007,0.3351,0.0742,0.1642,Above stretch,True,None,0.0,4126.78,0.065,92.65,61.0,0.0154
2026-06-01,20097,Wireless Earbuds - Private label,Consumer Electronics,CU2117,Summit Market,Marketplace Seller,C,293.56,67.0046,62.4202,46.7645,52.6674,59.4986,0.5046,0.2669,0.3569,Above stretch,True,None,0.0,9246.55,0.0684,102.36,1004.0,-0.1883
2026-06-01,20017,Webcam - National brand,Consumer Electronics,CU2117,Summit Market,Marketplace Seller,C,55.62,23.7358,21.8952,16.3772,17.9968,19.7727,0.4039,0.1022,0.1922,Above stretch,True,None,0.0,491.91,0.0775,101.84,31.0,0.0098
2026-06-01,20061,Multivitamin - Premium brand,Health & Beauty,CU2117,Summit Market,Marketplace Seller,C,595.95,23.3185,21.5365,17.7552,19.6885,21.8473,0.3817,0.1664,0.2564,Above stretch,True,None,0.0,4899.42,0.0764,108.31,1004.0,0.0516
2026-06-01,20119,HDMI Cable - National brand,Consumer Electronics,CU2117,Summit Market,Marketplace Seller,C,807.0,40.4651,37.8563,25.017,27.4471,30.0969,0.4555,0.0801,0.1701,Above stretch,True,None,0.0,13915.1,0.0645,84.61,61.0,0.0129
2026-06-01,20174,Body Wash - National brand,Health & Beauty,CU2117,Summit Market,Marketplace Seller,C,31.84,12.8281,11.5435,13.2291,14.5738,16.0516,0.0797,0.1106,0.2006,Below floor,False,VP Finance,44.43,29.3,0.1001,91.89,1035.0,0.2383
2026-06-01,20099,Bluetooth Speaker - Premium brand,Consumer Electronics,CU2117,Summit Market,Marketplace Seller,C,15.0,68.9696,63.9132,41.6299,46.0541,50.9936,0.5228,0.166,0.256,Above stretch,True,None,0.0,501.16,0.0733,72.87,61.0,-0.0337
2026-06-01,20171,Socket Set - Premium brand,Tools & Hardware,CU2117,Summit Market,Marketplace Seller,C,961.67,52.5609,48.6562,40.9037,45.4453,50.533,0.374,0.1768,0.2668,Above stretch,True,None,0.0,17501.05,0.0743,104.04,31.0,-0.0345
2026-06-01,20071,Wireless Earbuds - Value,Consumer Electronics,CU2117,Summit Market,Marketplace Seller,C,269.72,57.5333,53.794,45.4047,49.9878,54.9998,0.2966,0.0918,0.1818,Above stretch,True,None,0.0,4302.98,0.065,130.28,61.0,0.0185
2026-06-01,20109,Vitamin C Serum - Premium brand,Health & Beauty,CU2118,Marine Bistro,Regional Retail Chain,D,141.67,28.8682,26.8153,21.2929,23.6238,26.227,0.4024,0.1671,0.2571,Above stretch,True,None,0.0,1528.66,0.0711,,61.0,0.019
2026-06-01,20038,Cycling Helmet - Value,Sporting Goods,CU2118,Marine Bistro,Regional Retail Chain,D,31.41,69.0054,64.9478,69.7025,76.7325,84.3785,0.0596,0.0696,0.1596,Below floor,False,Commercial director,203.97,121.61,0.0588,,61.0,-0.0015
2026-06-01,20057,Cordless Drill - National brand,Tools & Hardware,CU2118,Marine Bistro,Regional Retail Chain,D,35.76,39.9601,37.8134,31.6901,34.9792,38.5852,0.2981,0.1016,0.1916,Above stretch,True,None,0.0,403.07,0.0537,80.77,0.0,0.0
2026-06-01,20028,Adjustable Dumbbells - Value,Sporting Goods,CU2118,Marine Bistro,Regional Retail Chain,D,197.09,32.4259,30.6644,22.4436,24.7311,27.2357,0.3905,0.0963,0.1863,Above stretch,True,None,0.0,2359.96,0.0543,93.25,1035.0,-0.1147
2026-06-01,20023,Adjustable Dumbbells - National brand,Sporting Goods,CU2118,Marine Bistro,Regional Retail Chain,D,17.59,29.6354,27.275,25.1926,27.76,30.5806,0.2546,0.1096,0.1996,At target,True,None,0.0,122.17,0.0796,,0.0,0.0
2026-06-01,20237,Bluetooth Speaker - Value,Consumer Electronics,CU2118,Marine Bistro,Regional Retail Chain,D,180.66,50.0799,47.1224,36.6508,40.3724,44.4459,0.3531,0.0952,0.1852,Above stretch,True,None,0.0,3005.59,0.0591,101.18,0.0,0.0
2026-06-01,20158,Cutlery Block - Value,Home & Kitchen,CU2118,Marine Bistro,Regional Retail Chain,D,60.04,40.8763,38.1565,31.7724,34.8874,38.2762,0.2923,0.0706,0.1606,Above stretch,True,None,0.0,669.75,0.0665,90.08,61.0,-0.034
2026-06-01,20092,Laptop Sleeve - National brand,Apparel & Accessories,CU2119,Granville Trading Co,Marketplace Seller,C,15.36,37.9929,34.0445,32.0655,35.2892,38.8456,0.2773,0.125,0.215,At target,True,None,0.0,145.03,0.1039,117.6,0.0,0.0
2026-06-01,20012,Vacuum Sealer - Private label,Home & Kitchen,CU2119,Granville Trading Co,Marketplace Seller,C,51.91,17.936,15.8515,9.9575,11.0195,12.2367,0.6239,0.2428,0.3328,Above stretch,True,None,0.0,513.4,0.1162,84.02,31.0,-0.0361
2026-06-01,20048,Adjustable Dumbbells - Value,Sporting Goods,CU2119,Granville Trading Co,Marketplace Seller,C,441.62,107.9141,98.4972,102.9036,113.3789,124.8792,0.1522,0.1068,0.1968,Below target,True,Sales manager,1938.42,6622.05,0.0873,115.37,243.0,0.2042
2026-06-01,20053,Hair Dryer - National brand,Health & Beauty,CU2119,Granville Trading Co,Marketplace Seller,C,413.09,21.0476,18.7635,13.4225,14.6709,16.0415,0.4699,0.107,0.197,Above stretch,True,None,0.0,3642.17,0.1085,87.2,31.0,0.0461
2026-06-01,20101,Multivitamin - Premium brand,Health & Beauty,CU2119,Granville Trading Co,Marketplace Seller,C,291.4,14.3234,11.1866,13.1054,14.3269,15.6946,0.2653,0.1755,0.2655,Below target,True,Rep,0.74,864.73,0.219,98.25,31.0,-0.0035
2026-06-01,20035,Camping Tent - Premium brand,Sporting Goods,CU2119,Granville Trading Co,Marketplace Seller,C,193.25,47.4569,43.6991,31.1359,34.4108,38.0578,0.4722,0.1576,0.2476,Above stretch,True,None,0.0,3987.87,0.0792,97.02,61.0,-0.0111
2026-06-01,20014,Grooming Kit - Premium brand,Pet Supplies,CU2119,Granville Trading Co,Marketplace Seller,C,87.16,38.8396,35.282,26.9936,29.9313,33.2383,0.4633,0.192,0.282,Above stretch,True,None,0.0,1424.69,0.0916,114.62,0.0,0.0
2026-06-01,20004,Camping Tent - Premium brand,Sporting Goods,CU2119,Granville Trading Co,Marketplace Seller,C,282.55,28.2149,25.3645,25.193,27.8333,30.7656,0.2499,0.1484,0.2384,At target,True,None,0.0,1790.66,0.101,89.96,151.0,0.0473
2026-06-01,20083,Smart Plug - Private label,Consumer Electronics,CU2119,Granville Trading Co,Marketplace Seller,C,118.87,46.9708,42.7446,42.4988,47.8591,54.0636,0.344,0.2674,0.3574,Below target,True,Rep,67.85,1748.11,0.09,97.68,31.0,0.0249
2026-06-01,20039,Blender - Premium brand,Home & Kitchen,CU2120,Stanley Hospitality,Independent Retailer,D,90.31,90.0981,84.8579,68.5885,76.3128,84.9526,0.3818,0.1719,0.2619,Above stretch,True,None,0.0,2925.97,0.0582,,61.0,0.0098
2026-06-01,20126,Mechanical Keyboard - National brand,Consumer Electronics,CU2120,Stanley Hospitality,Independent Retailer,D,15.0,47.2329,44.3757,27.4129,30.1285,33.1017,0.4999,0.0962,0.1862,Above stretch,True,None,0.0,332.73,0.0605,92.52,92.0,-0.009
2026-06-01,20046,Blender - Value,Home & Kitchen,CU2120,Stanley Hospitality,Independent Retailer,D,19.27,18.0297,16.4851,17.2716,18.9986,20.8865,0.1322,0.0904,0.1804,Below target,True,Sales manager,15.3,42.0,0.0857,,61.0,0.0409
2026-06-01,20164,LED Floor Lamp - National brand,Home & Kitchen,CU2120,Stanley Hospitality,Independent Retailer,D,35.42,53.0555,49.8233,48.8867,53.7637,59.0654,0.1455,0.0675,0.1575,Below target,True,Rep,21.13,256.81,0.0609,103.57,0.0,0.0
2026-06-01,20133,Mechanical Keyboard - Premium brand,Consumer Electronics,CU2120,Stanley Hospitality,Independent Retailer,D,117.2,31.0248,27.5538,27.211,30.1315,33.4047,0.2921,0.1784,0.2684,At target,True,None,0.0,943.34,0.1119,114.24,31.0,0.0411
2026-06-01,20113,Bedding Set - Private label,Home & Kitchen,CU2121,Riverside Table,Corporate & B2B Buyer,B,267.91,35.7437,27.9064,36.6711,40.5723,45.0473,0.2197,0.2448,0.3348,Below floor,False,VP Finance,860.52,1642.58,0.2193,105.78,61.0,-0.0518
2026-06-01,20036,Laptop Sleeve - National brand,Apparel & Accessories,CU2121,Riverside Table,Corporate & B2B Buyer,B,432.28,11.1525,8.1673,11.8849,12.8906,13.9968,0.0341,0.1136,0.2036,Below floor,False,VP Finance,598.39,120.43,0.2677,,0.0,0.0
2026-06-01,20054,Wireless Earbuds - Private label,Consumer Electronics,CU2121,Riverside Table,Corporate & B2B Buyer,B,551.07,113.45,78.0351,100.1423,109.0158,119.2293,0.3808,0.2535,0.3435,At target,True,None,0.0,16375.65,0.3122,79.24,0.0,0.0
2026-06-01,20045,Safety Boots - National brand,Apparel & Accessories,CU2121,Riverside Table,Corporate & B2B Buyer,B,662.12,21.4193,16.0975,23.1204,25.1057,27.283,0.0083,0.1031,0.1931,Below floor,False,VP Finance,1969.49,88.66,0.2485,105.72,0.0,0.0
2026-06-01,20079,Cotton T-Shirt 5pk - Value,Apparel & Accessories,CU2121,Riverside Table,Corporate & B2B Buyer,B,217.38,12.2087,8.2637,12.3803,13.2846,14.2682,0.0511,0.0704,0.1604,Below floor,False,VP Finance,196.36,91.78,0.3231,90.72,0.0,0.0
2026-06-01,20003,Storage Bins - National brand,Home & Kitchen,CU2121,Riverside Table,Corporate & B2B Buyer,B,230.73,31.045,23.9222,29.4937,31.9271,34.5821,0.1421,0.0826,0.1726,Below target,True,Sales manager,168.4,784.27,0.2294,99.95,0.0,0.0
2026-06-01,20238,Pet Bed - National brand,Pet Supplies,CU2121,Riverside Table,Corporate & B2B Buyer,B,109.39,14.7492,10.9468,14.9755,16.1998,17.5375,0.0698,0.0886,0.1786,Below floor,False,VP Finance,130.34,83.53,0.2578,116.56,151.0,0.1071
2026-06-01,20198,Toner Cartridge - Premium brand,Office & Stationery,CU2121,Riverside Table,Corporate & B2B Buyer,B,105.57,10.9395,7.8675,9.4322,10.2157,11.0941,0.3366,0.1794,0.2694,At target,True,None,0.0,279.58,0.2808,75.35,61.0,0.0485
2026-06-01,20050,Copy Paper - National brand,Office & Stationery,CU2121,Riverside Table,Corporate & B2B Buyer,B,53.73,15.0054,10.9929,12.3033,13.207,14.1934,0.3094,0.0843,0.1743,Above stretch,True,None,0.0,182.74,0.2674,76.33,31.0,0.0474
2026-06-01,20184,Wireless Earbuds - Premium brand,Consumer Electronics,CU2121,Riverside Table,Corporate & B2B Buyer,B,971.71,106.9774,86.3106,119.744,131.8299,145.3492,0.0498,0.1722,0.2622,Below floor,False,VP Finance,17817.41,4173.01,0.1932,,31.0,0.0476
2026-06-01,20091,Electric Toothbrush - Premium brand,Health & Beauty,CU2121,Riverside Table,Corporate & B2B Buyer,B,529.68,30.7122,24.0838,19.844,21.4431,23.2286,0.5425,0.1662,0.2562,Above stretch,True,None,0.0,6920.06,0.2158,121.52,61.0,-0.0097
2026-06-01,20059,Desk Organiser - Value,Office & Stationery,CU2121,Riverside Table,Corporate & B2B Buyer,B,20.5,12.0681,8.4933,13.9785,15.1254,16.3802,-0.1103,0.0936,0.1836,Loss-making,False,VP Finance,51.17,-19.2,0.2962,115.8,61.0,0.0713
2026-06-01,20084,Webcam - Value,Consumer Electronics,CU2121,Riverside Table,Corporate & B2B Buyer,B,1608.54,18.239,13.6798,14.1625,15.1835,16.2924,0.3426,0.0635,0.1535,Above stretch,True,None,0.0,7538.1,0.25,100.24,31.0,0.0374
2026-06-01,20189,Desk Organiser - National brand,Office & Stationery,CU2121,Riverside Table,Corporate & B2B Buyer,B,22.32,15.9551,11.4823,13.7766,14.8286,15.9856,0.2821,0.114,0.204,At target,True,None,0.0,72.3,0.2803,103.27,0.0,0.0
2026-06-01,20129,Filing Boxes - National brand,Office & Stationery,CU2121,Riverside Table,Corporate & B2B Buyer,B,65.02,22.9428,17.5615,21.9708,23.7915,25.7818,0.1404,0.09,0.18,Below target,True,Sales manager,45.25,160.28,0.2346,92.03,0.0,0.0
2026-06-01,20101,Multivitamin - Premium brand,Health & Beauty,CU2121,Riverside Table,Corporate & B2B Buyer,B,372.0,14.3234,9.7724,14.5196,15.7411,17.1088,0.1589,0.1755,0.2655,Below floor,False,VP Finance,387.35,577.83,0.3177,98.25,31.0,-0.0035
2026-06-01,20017,Webcam - National brand,Consumer Electronics,CU2121,Riverside Table,Corporate & B2B Buyer,B,193.74,23.7358,18.3436,19.9288,21.5484,23.3243,0.2885,0.1022,0.1922,Above stretch,True,None,0.0,1025.39,0.2272,101.84,31.0,0.0098
2026-06-01,20102,Blender - National brand,Home & Kitchen,CU2121,Riverside Table,Corporate & B2B Buyer,B,124.34,68.5666,54.0615,57.1784,61.9881,67.275,0.2987,0.1115,0.2015,Above stretch,True,None,0.0,2007.63,0.2115,94.03,31.0,0.0097
2026-06-01,20064,Blender - National brand,Home & Kitchen,CU2121,Riverside Table,Corporate & B2B Buyer,B,55.35,54.383,43.0599,57.065,62.2264,67.9013,0.0571,0.1124,0.2024,Below floor,False,VP Finance,346.27,136.13,0.2082,95.12,0.0,0.0
2026-06-01,20236,Mechanical Keyboard - Value,Consumer Electronics,CU2121,Riverside Table,Corporate & B2B Buyer,B,146.36,40.6558,32.3714,35.7238,38.6443,41.8167,0.2069,0.0644,0.1544,At target,True,None,0.0,980.48,0.2038,99.28,31.0,0.0529
2026-06-01,20221,Laptop Sleeve - National brand,Apparel & Accessories,CU2121,Riverside Table,Corporate & B2B Buyer,B,28.85,20.9311,15.5998,25.6942,27.9972,30.5304,-0.1563,0.1142,0.2042,Loss-making,False,VP Finance,162.23,-70.33,0.2547,93.77,31.0,-0.0118
2026-06-01,20037,Socket Set - National brand,Tools & Hardware,CU2121,Riverside Table,Corporate & B2B Buyer,B,579.97,32.366,21.2643,37.1746,40.0831,43.2731,-0.0996,0.1032,0.1932,Loss-making,False,VP Finance,3610.99,-1228.32,0.343,84.0,0.0,0.0
2026-06-01,20033,Hair Dryer - Value,Health & Beauty,CU2121,Riverside Table,Corporate & B2B Buyer,B,115.12,17.0921,13.0309,16.5379,17.8598,19.2943,0.1005,0.0605,0.1505,Below target,True,Commercial director,75.08,150.69,0.2376,104.24,0.0,0.0
2026-06-01,20011,Cordless Drill - Value,Tools & Hardware,CU2121,Riverside Table,Corporate & B2B Buyer,B,110.9,21.2674,13.6822,24.7182,26.5409,28.5206,-0.1721,0.064,0.154,Loss-making,False,VP Finance,494.76,-261.09,0.3567,,92.0,-0.035
2026-06-01,20140,USB-C Charger - Premium brand,Consumer Electronics,CU2121,Riverside Table,Corporate & B2B Buyer,B,5303.35,182.1906,148.4258,206.9493,228.0665,251.6862,0.0338,0.1719,0.2619,Below floor,False,VP Finance,179576.82,26578.8,0.1853,97.39,31.0,0.0683
2026-06-01,20111,27in Monitor - Private label,Consumer Electronics,CU2122,Chilcotin Catering,Marketplace Seller,C,121.28,30.8949,26.3383,30.3188,33.8777,37.9821,0.2747,0.2585,0.3485,Below target,True,Commercial director,235.68,877.53,0.1475,108.16,0.0,0.0
2026-06-01,20164,LED Floor Lamp - National brand,Home & Kitchen,CU2122,Chilcotin Catering,Marketplace Seller,C,75.62,53.0555,46.4008,52.3092,57.1862,62.4879,0.0825,0.0675,0.1575,Below target,True,Commercial director,263.17,289.47,0.1254,103.57,0.0,0.0
2026-06-01,20121,Copy Paper - National brand,Office & Stationery,CU2122,Chilcotin Catering,Marketplace Seller,C,44.39,18.8226,14.7619,18.7622,20.4299,22.2655,0.1202,0.1166,0.2066,Below target,True,Commercial director,56.61,78.77,0.2157,126.57,0.0,0.0
2026-06-01,20139,Toner Cartridge - Private label,Office & Stationery,CU2122,Chilcotin Catering,Marketplace Seller,C,15.0,12.736,10.0237,14.3561,15.969,17.8306,0.1407,0.2603,0.3503,Below floor,False,VP Finance,31.51,21.16,0.213,83.22,61.0,0.1109
2026-06-01,20235,Camping Tent - Value,Sporting Goods,CU2122,Chilcotin Catering,Marketplace Seller,C,77.41,67.4618,59.6446,51.6522,56.3282,61.4098,0.3138,0.0663,0.1563,Above stretch,True,None,0.0,1448.8,0.1159,97.02,61.0,-0.0784
2026-06-01,20086,Vacuum Sealer - Private label,Home & Kitchen,CU2122,Chilcotin Catering,Marketplace Seller,C,90.23,48.4293,42.6237,34.4519,38.4324,43.0302,0.5042,0.2623,0.3523,Above stretch,True,None,0.0,1939.16,0.1199,107.65,0.0,0.0
2026-06-01,20025,Bedding Set - National brand,Home & Kitchen,CU2122,Chilcotin Catering,Marketplace Seller,C,53.26,42.9163,37.4356,36.0686,39.4986,43.2648,0.2707,0.1074,0.1974,At target,True,None,0.0,539.67,0.1277,97.42,0.0,0.0
2026-06-01,20189,Desk Organiser - National brand,Office & Stationery,CU2122,Chilcotin Catering,Marketplace Seller,C,29.96,15.9551,12.747,12.5119,13.5639,14.7209,0.3533,0.114,0.204,Above stretch,True,None,0.0,134.93,0.2011,103.27,0.0,0.0
2026-06-01,20035,Camping Tent - Premium brand,Sporting Goods,CU2122,Chilcotin Catering,Marketplace Seller,C,79.02,47.4569,41.4497,33.3853,36.6602,40.3072,0.4436,0.1576,0.2476,Above stretch,True,None,0.0,1452.89,0.1266,97.02,61.0,-0.0111
2026-06-01,20216,Work Gloves - National brand,Tools & Hardware,CU2123,Fraser Public House,Independent Retailer,D,173.32,41.3841,38.0833,32.7324,35.9588,39.4846,0.296,0.089,0.179,Above stretch,True,None,0.0,1953.51,0.0798,,1035.0,-0.0147
2026-06-01,20193,Wireless Earbuds - Private label,Consumer Electronics,CU2123,Fraser Public House,Independent Retailer,D,34.96,39.4741,36.6666,47.5375,53.8573,61.1894,0.1131,0.273,0.363,Below floor,False,VP Finance,320.31,145.01,0.0711,90.8,120.0,-0.0175
2026-06-01,20101,Multivitamin - Premium brand,Health & Beauty,CU2123,Fraser Public House,Independent Retailer,D,146.5,14.3234,12.0426,12.2494,13.4709,14.8386,0.3175,0.1755,0.2655,At target,True,None,0.0,560.14,0.1592,98.25,31.0,-0.0035
2026-06-01,20130,HDMI Cable - Value,Consumer Electronics,CU2123,Fraser Public House,Independent Retailer,D,16.84,59.9045,55.322,45.8347,50.2896,55.143,0.3114,0.0766,0.1666,Above stretch,True,None,0.0,290.15,0.0765,105.13,0.0,0.0
2026-06-01,20000,Wireless Earbuds - Private label,Consumer Electronics,CU2123,Fraser Public House,Independent Retailer,D,34.46,52.2297,48.4679,45.6194,51.0767,57.2789,0.3261,0.2197,0.3097,At target,True,None,0.0,544.69,0.072,105.17,151.0,-0.1068
2026-06-01,20108,Cotton T-Shirt 5pk - Value,Apparel & Accessories,CU2124,Mount Fine Foods,Marketplace Seller,B,18.29,27.1312,22.9863,17.4217,18.8701,20.4513,0.4715,0.085,0.175,Above stretch,True,None,0.0,198.23,0.1528,101.13,120.0,-0.0203
2026-06-01,20186,Camping Tent - Value,Sporting Goods,CU2124,Mount Fine Foods,Marketplace Seller,B,1205.13,72.657,52.96,75.7363,82.0923,89.0883,0.0651,0.1165,0.2065,Below floor,False,VP Finance,9022.74,4156.85,0.2711,81.91,120.0,0.1184
2026-06-01,20032,Body Wash - National brand,Health & Beauty,CU2124,Mount Fine Foods,Marketplace Seller,B,288.17,17.116,14.4039,17.1892,18.7611,20.4755,0.0764,0.0811,0.1711,Below floor,False,Commercial director,392.95,317.25,0.1585,107.68,151.0,-0.023
2026-06-01,20167,27in Monitor - Value,Consumer Electronics,CU2124,Mount Fine Foods,Marketplace Seller,B,1404.21,63.5963,54.5651,59.1141,64.3916,70.1128,0.1335,0.0559,0.1459,Below target,True,Rep,953.81,10225.18,0.142,,31.0,0.0072
2026-06-01,20003,Storage Bins - National brand,Home & Kitchen,CU2124,Mount Fine Foods,Marketplace Seller,B,1219.41,31.045,26.4522,26.9637,29.3971,32.0521,0.2241,0.0826,0.1726,At target,True,None,0.0,7230.0,0.1479,99.95,0.0,0.0
2026-06-01,20183,Cooler Box - Premium brand,Sporting Goods,CU2124,Mount Fine Foods,Marketplace Seller,B,930.94,81.581,70.3199,69.0362,75.8952,83.5205,0.3032,0.1519,0.2419,At target,True,None,0.0,19848.39,0.138,143.46,61.0,-0.0696
2026-06-01,20056,Chew Toy Pack - Premium brand,Pet Supplies,CU2124,Mount Fine Foods,Marketplace Seller,B,553.85,49.7535,43.0568,49.7521,55.0142,60.903,0.1736,0.1736,0.2636,Below target,True,Commercial director,2145.6,4140.47,0.1346,99.21,61.0,0.1081
2026-06-01,20149,Cycling Helmet - National brand,Sporting Goods,CU2124,Mount Fine Foods,Marketplace Seller,B,132.27,66.6754,58.4682,51.9198,56.8455,62.2595,0.3356,0.1113,0.2013,Above stretch,True,None,0.0,2595.24,0.1231,124.46,151.0,-0.0529
2026-06-01,20059,Desk Organiser - Value,Office & Stationery,CU2124,Mount Fine Foods,Marketplace Seller,B,57.87,12.0681,9.8028,12.669,13.8159,15.0707,0.038,0.0936,0.1836,Below floor,False,VP Finance,82.57,21.58,0.1877,115.8,61.0,0.0713
2026-06-01,20180,Sunscreen SPF50 - National brand,Health & Beauty,CU2124,Mount Fine Foods,Marketplace Seller,B,2150.59,17.3155,14.7643,15.2011,16.5957,18.1214,0.2234,0.0936,0.1836,At target,True,None,0.0,7093.51,0.1473,96.9,61.0,-0.0207
2026-06-01,20141,Socket Set - Premium brand,Tools & Hardware,CU2124,Mount Fine Foods,Marketplace Seller,B,1148.25,48.9453,42.6674,35.6709,39.2976,43.3654,0.4355,0.1806,0.2706,Above stretch,True,None,0.0,21337.7,0.1283,103.9,0.0,0.0
2026-06-01,20196,Cycling Helmet - National brand,Sporting Goods,CU2124,Mount Fine Foods,Marketplace Seller,B,164.7,30.5013,26.1592,25.4465,27.7748,30.3225,0.2692,0.0942,0.1842,Above stretch,True,None,0.0,1159.95,0.1424,91.05,0.0,0.0
2026-06-01,20174,Body Wash - National brand,Health & Beauty,CU2124,Mount Fine Foods,Marketplace Seller,B,119.87,12.8281,10.5663,14.2063,15.551,17.0288,-0.0054,0.1106,0.2006,Loss-making,False,VP Finance,260.92,-6.84,0.1763,91.89,1035.0,0.2383
2026-06-01,20069,Cotton T-Shirt 5pk - National brand,Apparel & Accessories,CU2124,Mount Fine Foods,Marketplace Seller,B,411.81,18.4163,13.9041,19.9184,21.6559,23.5661,0.0161,0.112,0.202,Below floor,False,VP Finance,1064.62,92.0,0.245,88.66,31.0,0.0051
2026-06-01,20093,Vacuum Sealer - Private label,Home & Kitchen,CU2124,Mount Fine Foods,Marketplace Seller,B,51.6,61.7863,53.7804,50.9871,56.6993,63.2222,0.3869,0.2328,0.3228,At target,True,None,0.0,1073.55,0.1296,97.85,31.0,-0.0375
2026-06-01,20130,HDMI Cable - Value,Consumer Electronics,CU2124,Mount Fine Foods,Marketplace Seller,B,123.23,59.9045,51.8605,49.2962,53.7511,58.6045,0.2655,0.0766,0.1666,Above stretch,True,None,0.0,1696.66,0.1343,105.13,0.0,0.0
2026-06-01,20136,Safety Boots - Private label,Apparel & Accessories,CU2125,Mount Bistro,Marketplace Seller,B,171.92,18.1984,13.2953,22.8966,25.4022,28.2981,0.0035,0.2637,0.3537,Below floor,False,VP Finance,800.43,8.03,0.2694,96.42,61.0,-0.031
2026-06-01,20081,Vacuum Sealer - Premium brand,Home & Kitchen,CU2125,Mount Bistro,Marketplace Seller,B,137.69,72.1736,54.2492,59.1004,64.0861,69.6536,0.3675,0.1667,0.2567,Above stretch,True,None,0.0,2745.15,0.2484,128.43,61.0,0.0077
2026-06-01,20179,Nonstick Cookware Set - Private label,Home & Kitchen,CU2125,Mount Bistro,Marketplace Seller,B,167.86,45.9419,35.7051,42.6957,47.1638,52.3123,0.3238,0.2562,0.3462,Below target,True,Sales manager,134.1,1940.83,0.2228,83.32,120.0,0.0676
2026-06-01,20024,Tool Chest - Value,Tools & Hardware,CU2125,Mount Bistro,Marketplace Seller,B,514.6,43.8244,35.3102,36.5155,39.4989,42.7404,0.2588,0.0653,0.1553,Above stretch,True,None,0.0,4702.11,0.1943,94.6,31.0,-0.0382
2026-06-01,20230,Air Fryer - Private label,Home & Kitchen,CU2125,Mount Bistro,Marketplace Seller,B,962.37,42.2426,33.2922,34.7367,38.2229,42.2212,0.4147,0.2443,0.3343,Above stretch,True,None,0.0,13286.0,0.2119,107.18,120.0,0.1276
2026-06-01,20072,Toner Cartridge - National brand,Office & Stationery,CU2125,Mount Bistro,Marketplace Seller,B,439.32,15.2657,10.9827,16.2361,17.5716,19.037,0.0254,0.1045,0.1945,Below floor,False,VP Finance,816.01,122.44,0.2806,105.33,999.0,0.0
2026-06-01,20127,Bedding Set - Premium brand,Home & Kitchen,CU2125,Mount Bistro,Marketplace Seller,B,404.9,46.6331,36.6324,55.546,61.2837,67.7507,-0.0001,0.1956,0.2856,Loss-making,False,VP Finance,4237.85,-1.7,0.2145,85.5,0.0,0.0
2026-06-01,20169,Laser Measure - Value,Tools & Hardware,CU2125,Mount Bistro,Marketplace Seller,B,260.57,23.5116,17.8818,23.6224,25.636,27.846,0.1003,0.1058,0.1958,Below floor,False,Commercial director,445.17,467.15,0.2394,99.38,61.0,-0.0203
2026-06-01,20093,Vacuum Sealer - Private label,Home & Kitchen,CU2125,Mount Bistro,Marketplace Seller,B,59.36,61.7863,48.8176,55.9499,61.6621,68.185,0.3245,0.2328,0.3228,At target,True,None,0.0,940.4,0.2099,97.85,31.0,-0.0375
2026-06-01,20162,Gel Pens - Private label,Office & Stationery,CU2125,Mount Bistro,Marketplace Seller,B,49.05,22.2327,16.5169,17.0244,18.5345,20.2609,0.4769,0.236,0.326,Above stretch,True,None,0.0,386.37,0.2571,113.57,61.0,0.0768
2026-06-01,20071,Wireless Earbuds - Value,Consumer Electronics,CU2125,Mount Bistro,Marketplace Seller,B,515.88,57.5333,46.7393,52.4594,57.0425,62.0545,0.1904,0.0918,0.1818,At target,True,None,0.0,4590.71,0.1876,130.28,61.0,0.0185
2026-06-01,20190,Work Jacket - National brand,Apparel & Accessories,CU2125,Mount Bistro,Marketplace Seller,B,653.25,37.794,25.0167,37.9826,40.7582,43.7943,0.0859,0.0927,0.1827,Below floor,False,Commercial director,1582.6,1403.12,0.3381,,0.0,0.0
2026-06-01,20233,Bedding Set - National brand,Home & Kitchen,CU2125,Mount Bistro,Marketplace Seller,B,69.86,53.8505,42.7933,45.216,49.1357,53.461,0.3021,0.1257,0.2157,Above stretch,True,None,0.0,903.17,0.2053,91.85,999.0,0.0
2026-06-01,20192,Laser Measure - National brand,Tools & Hardware,CU2125,Mount Bistro,Marketplace Seller,B,2788.42,23.9182,14.0627,25.055,26.7579,28.6274,0.0345,0.1067,0.1967,Below floor,False,VP Finance,6360.76,1352.38,0.4121,88.78,31.0,-0.0655
2026-06-01,20132,Gel Pens - Value,Office & Stationery,CU2125,Mount Bistro,Marketplace Seller,B,71.49,9.0007,6.599,10.1436,10.9837,11.8998,-0.0786,0.0806,0.1706,Loss-making,False,VP Finance,117.58,-37.1,0.2668,102.21,61.0,0.0318
2026-06-01,20239,HDMI Cable - National brand,Consumer Electronics,CU2125,Mount Bistro,Marketplace Seller,B,337.3,53.4448,41.8941,54.5804,59.3153,64.4938,0.0675,0.0921,0.1821,Below floor,False,VP Finance,1619.55,953.68,0.2161,110.47,31.0,-0.0228
2026-06-01,20049,Blender - Premium brand,Home & Kitchen,CU2125,Mount Bistro,Marketplace Seller,B,34.25,73.0024,58.0414,71.7347,78.5621,86.1745,0.1799,0.1616,0.2516,Below target,True,Commercial director,142.51,357.65,0.2049,90.4,0.0,0.0
2026-06-01,20102,Blender - National brand,Home & Kitchen,CU2125,Mount Bistro,Marketplace Seller,B,173.35,68.5666,55.9954,55.2445,60.0542,65.3411,0.3229,0.1115,0.2015,Above stretch,True,None,0.0,3134.2,0.1833,94.03,31.0,0.0097
2026-06-01,20128,Dry-Erase Board - National brand,Office & Stationery,CU2125,Mount Bistro,Marketplace Seller,B,97.59,16.7816,12.0856,19.6937,21.3324,23.122,-0.1339,0.0863,0.1763,Loss-making,False,VP Finance,365.82,-157.88,0.2798,,0.0,0.0
2026-06-01,20175,Cat Litter - Private label,Pet Supplies,CU2125,Mount Bistro,Marketplace Seller,B,27.33,16.1177,11.6942,17.3338,19.1021,21.1369,0.1752,0.2529,0.3429,Below floor,False,VP Finance,53.6,56.0,0.2744,,0.0,0.0
2026-06-01,20050,Copy Paper - National brand,Office & Stationery,CU2125,Mount Bistro,Marketplace Seller,B,63.98,15.0054,11.0193,12.2769,13.1806,14.167,0.311,0.0843,0.1743,Above stretch,True,None,0.0,219.29,0.2656,76.33,31.0,0.0474
2026-06-01,20166,Storage Bins - Value,Home & Kitchen,CU2125,Mount Bistro,Marketplace Seller,B,218.65,15.6948,8.6143,20.8693,22.409,24.0981,-0.4342,0.104,0.194,Loss-making,False,VP Finance,1183.26,-817.86,0.4511,102.4,0.0,0.0
2026-06-01,20171,Socket Set - Premium brand,Tools & Hardware,CU2126,Sunshine Foods,Marketplace Seller,C,1134.21,52.5609,46.093,43.4669,48.0085,53.0962,0.3392,0.1768,0.2668,At target,True,None,0.0,17733.83,0.1231,104.04,31.0,-0.0345
2026-06-01,20022,Tool Chest - Value,Tools & Hardware,CU2126,Sunshine Foods,Marketplace Seller,C,277.47,46.3595,38.475,48.9743,53.4595,58.3568,0.0234,0.0855,0.1755,Below floor,False,VP Finance,1624.3,249.28,0.1701,85.33,0.0,0.0
2026-06-01,20216,Work Gloves - National brand,Tools & Hardware,CU2126,Sunshine Foods,Marketplace Seller,C,564.44,41.3841,36.5369,34.2788,37.5052,41.031,0.2662,0.089,0.179,Above stretch,True,None,0.0,5489.01,0.1171,,1035.0,-0.0147
2026-06-01,20176,Work Gloves - Value,Tools & Hardware,CU2126,Sunshine Foods,Marketplace Seller,C,341.14,54.8279,48.0827,35.1785,38.2333,41.5579,0.4514,0.0723,0.1623,Above stretch,True,None,0.0,7404.48,0.123,,31.0,-0.037
2026-06-01,20212,Resistance Bands - National brand,Sporting Goods,CU2126,Sunshine Foods,Marketplace Seller,C,91.11,43.7472,38.174,34.9225,38.2186,41.8388,0.3147,0.1086,0.1986,Above stretch,True,None,0.0,1094.41,0.1274,81.07,31.0,0.0068
2026-06-01,20168,Aquarium Filter - Premium brand,Pet Supplies,CU2126,Sunshine Foods,Marketplace Seller,C,55.84,16.8263,14.4519,18.8756,20.8534,23.0569,0.0399,0.1591,0.2491,Below floor,False,VP Finance,168.86,32.16,0.1411,101.55,1004.0,0.5487
2026-06-01,20200,Toner Cartridge - National brand,Office & Stationery,CU2126,Sunshine Foods,Marketplace Seller,C,15.0,28.939,24.7459,31.6375,34.7158,38.0959,0.0103,0.1076,0.1976,Below floor,False,VP Finance,69.53,3.82,0.1449,117.78,31.0,0.0857
2026-06-01,20126,Mechanical Keyboard - National brand,Consumer Electronics,CU2126,Sunshine Foods,Marketplace Seller,C,21.02,47.2329,41.174,30.6146,33.3302,36.3034,0.461,0.0962,0.1862,Above stretch,True,None,0.0,398.97,0.1283,92.52,92.0,-0.009
2026-06-01,20196,Cycling Helmet - National brand,Sporting Goods,CU2126,Sunshine Foods,Marketplace Seller,C,59.72,30.5013,26.424,25.1817,27.51,30.0577,0.2766,0.0942,0.1842,Above stretch,True,None,0.0,436.41,0.1337,91.05,0.0,0.0
2026-06-01,20125,Hair Dryer - Value,Health & Beauty,CU2126,Sunshine Foods,Marketplace Seller,C,26.15,14.6716,12.3355,12.4046,13.4797,14.6482,0.2385,0.0671,0.1571,Above stretch,True,None,0.0,76.95,0.1592,102.05,1035.0,-0.0936
2026-06-01,20155,27in Monitor - Value,Consumer Electronics,CU2126,Sunshine Foods,Marketplace Seller,C,27.02,111.994,100.0668,87.1307,95.2287,104.046,0.3042,0.0742,0.1642,Above stretch,True,None,0.0,822.58,0.1065,92.65,61.0,0.0154
2026-06-01,20108,Cotton T-Shirt 5pk - Value,Apparel & Accessories,CU2126,Sunshine Foods,Marketplace Seller,C,25.63,27.1312,23.2857,17.1223,18.5707,20.1519,0.4783,0.085,0.175,Above stretch,True,None,0.0,285.45,0.1417,101.13,120.0,-0.0203
2026-06-01,20105,Pet Bed - Premium brand,Pet Supplies,CU2126,Sunshine Foods,Marketplace Seller,C,1026.61,20.8853,16.1062,23.1795,25.4527,28.003,0.0649,0.1815,0.2715,Below floor,False,VP Finance,3415.87,1073.32,0.2288,,61.0,0.1305
2026-06-01,20015,Body Wash - Value,Health & Beauty,CU2126,Sunshine Foods,Marketplace Seller,C,128.64,12.442,10.4454,11.4332,12.4459,13.5479,0.1611,0.0714,0.1614,Below target,True,Rep,0.42,216.45,0.1605,104.23,0.0,0.0
2026-06-01,20084,Webcam - Value,Consumer Electronics,CU2127,Sunshine Public House,Corporate & B2B Buyer,A,2006.72,18.239,14.5933,13.249,14.27,15.3789,0.3837,0.0635,0.1535,Above stretch,True,None,0.0,11237.23,0.1999,100.24,31.0,0.0374
2026-06-01,20044,Laminator - Private label,Office & Stationery,CU2127,Sunshine Public House,Corporate & B2B Buyer,A,119.54,17.2027,13.4504,17.7137,19.5897,21.7379,0.2113,0.2402,0.3302,Below floor,False,VP Finance,191.12,339.79,0.2181,82.33,31.0,0.0131
2026-06-01,20026,Socket Set - National brand,Tools & Hardware,CU2127,Sunshine Public House,Corporate & B2B Buyer,A,74.47,44.0949,35.4213,45.4553,49.6209,54.2043,0.0813,0.1153,0.2053,Below floor,False,VP Finance,327.03,214.51,0.1967,99.42,0.0,0.0
2026-06-01,20072,Toner Cartridge - National brand,Office & Stationery,CU2127,Sunshine Public House,Corporate & B2B Buyer,A,400.76,15.2657,11.6881,15.5307,16.8662,18.3316,0.0842,0.1045,0.1945,Below floor,False,VP Finance,516.67,394.39,0.2344,105.33,999.0,0.0
2026-06-01,20186,Camping Tent - Value,Sporting Goods,CU2127,Sunshine Public House,Corporate & B2B Buyer,A,1497.75,72.657,52.4597,76.2366,82.5926,89.5886,0.0562,0.1165,0.2065,Below floor,False,VP Finance,11808.15,4416.86,0.278,81.91,120.0,0.1184
2026-06-01,20113,Bedding Set - Private label,Home & Kitchen,CU2127,Sunshine Public House,Corporate & B2B Buyer,A,1207.86,35.7437,28.9904,35.5871,39.4883,43.9633,0.2489,0.2448,0.3348,Below target,True,Commercial director,3008.64,8714.83,0.1889,105.78,61.0,-0.0518
2026-06-01,20144,Socket Set - National brand,Tools & Hardware,CU2127,Sunshine Public House,Corporate & B2B Buyer,A,202.52,25.964,19.4119,28.4658,30.8816,33.5247,-0.0232,0.0936,0.1836,Loss-making,False,VP Finance,813.06,-91.28,0.2524,,31.0,-0.027
2026-06-01,20183,Cooler Box - Premium brand,Sporting Goods,CU2127,Sunshine Public House,Corporate & B2B Buyer,A,860.35,81.581,64.7278,74.6283,81.4873,89.1126,0.243,0.1519,0.2419,At target,True,None,0.0,13532.19,0.2066,143.46,61.0,-0.0696
2026-06-01,20222,Work Gloves - National brand,Tools & Hardware,CU2127,Sunshine Public House,Corporate & B2B Buyer,A,968.5,24.0219,18.7145,21.2743,23.0603,25.0203,0.2367,0.1054,0.1954,At target,True,None,0.0,4290.94,0.2209,116.15,151.0,-0.0748
2026-06-01,20010,Adjustable Dumbbells - National brand,Sporting Goods,CU2127,Sunshine Public House,Corporate & B2B Buyer,A,169.54,49.2097,40.0242,48.9422,53.3859,58.2619,0.1108,0.1048,0.1948,Below target,True,Commercial director,570.11,751.74,0.1867,,31.0,0.0183
2026-06-01,20105,Pet Bed - Premium brand,Pet Supplies,CU2127,Sunshine Public House,Corporate & B2B Buyer,A,2633.52,20.8853,14.8566,24.4291,26.7023,29.2526,-0.0137,0.1815,0.2715,Loss-making,False,VP Finance,11159.98,-537.5,0.2887,,61.0,0.1305
2026-06-01,20060,Storage Bins - Private label,Home & Kitchen,CU2127,Sunshine Public House,Corporate & B2B Buyer,A,313.35,24.8285,19.3908,26.5324,29.4103,32.7185,0.1844,0.2503,0.3403,Below floor,False,VP Finance,947.13,1120.57,0.219,,151.0,0.0614
2026-06-01,20179,Nonstick Cookware Set - Private label,Home & Kitchen,CU2127,Sunshine Public House,Corporate & B2B Buyer,A,357.21,45.9419,36.9196,41.4812,45.9493,51.0978,0.3461,0.2562,0.3462,Below target,True,Rep,1.74,4563.97,0.1964,83.32,120.0,0.0676
2026-06-01,20009,Toner Cartridge - Private label,Office & Stationery,CU2127,Sunshine Public House,Corporate & B2B Buyer,A,182.56,34.6318,28.2414,26.105,28.8081,31.9195,0.479,0.2536,0.3436,Above stretch,True,None,0.0,2469.38,0.1845,117.33,31.0,0.0371
2026-06-01,20214,Safety Boots - National brand,Apparel & Accessories,CU2127,Sunshine Public House,Corporate & B2B Buyer,A,2592.19,16.1493,10.9706,19.019,20.5199,22.1566,-0.1605,0.0801,0.1701,Loss-making,False,VP Finance,9402.39,-4565.11,0.3207,90.76,61.0,0.0039
2026-06-01,20172,Dry-Erase Board - National brand,Office & Stationery,CU2127,Sunshine Public House,Corporate & B2B Buyer,A,41.94,34.4733,27.4297,34.9051,37.989,41.3659,0.0827,0.0969,0.1869,Below floor,False,VP Finance,119.89,95.12,0.2043,105.24,61.0,0.0918
2026-06-01,20168,Aquarium Filter - Premium brand,Pet Supplies,CU2127,Sunshine Public House,Corporate & B2B Buyer,A,272.73,16.8263,13.23,20.0975,22.0753,24.2788,-0.0488,0.1591,0.2491,Loss-making,False,VP Finance,1074.96,-176.16,0.2137,101.55,1004.0,0.5487
2026-06-01,20129,Filing Boxes - National brand,Office & Stationery,CU2127,Sunshine Public House,Corporate & B2B Buyer,A,86.66,22.9428,17.6868,21.8455,23.6662,25.6565,0.1465,0.09,0.18,Below target,True,Sales manager,51.41,224.48,0.2291,92.03,0.0,0.0
2026-06-01,20046,Blender - Value,Home & Kitchen,CU2127,Sunshine Public House,Corporate & B2B Buyer,A,647.47,18.0297,13.8128,19.9439,21.6709,23.5588,-0.0357,0.0904,0.1804,Loss-making,False,VP Finance,1932.26,-318.88,0.2339,,61.0,0.0409
2026-06-01,20096,Electric Toothbrush - Private label,Health & Beauty,CU2127,Sunshine Public House,Corporate & B2B Buyer,A,443.53,8.647,6.521,11.1048,12.3363,13.7539,-0.0274,0.2538,0.3438,Loss-making,False,VP Finance,1073.75,-79.39,0.2459,99.29,61.0,0.0276
2026-06-01,20223,Desk Organiser - Private label,Office & Stationery,CU2127,Sunshine Public House,Corporate & B2B Buyer,A,160.68,15.1297,11.8711,15.5826,17.2938,19.2699,0.2336,0.2618,0.3518,Below floor,False,VP Finance,225.39,445.65,0.2154,82.53,31.0,0.0379
2026-06-01,20206,Camping Tent - National brand,Sporting Goods,CU2127,Sunshine Public House,Corporate & B2B Buyer,A,104.64,77.9305,61.7759,74.6959,81.1337,88.1737,0.1392,0.0916,0.1816,Below target,True,Sales manager,274.31,899.59,0.2073,87.7,0.0,0.0
2026-06-01,20095,Gel Pens - Private label,Office & Stationery,CU2127,Sunshine Public House,Corporate & B2B Buyer,A,298.88,16.5539,11.8081,21.8219,24.2169,26.9901,-0.0581,0.2683,0.3583,Loss-making,False,VP Finance,1469.7,-205.18,0.2867,103.33,1035.0,0.5058
2026-06-01,20212,Resistance Bands - National brand,Sporting Goods,CU2127,Sunshine Public House,Corporate & B2B Buyer,A,221.38,43.7472,34.2999,38.7966,42.0927,45.7129,0.2373,0.1086,0.1986,At target,True,None,0.0,1801.57,0.216,81.07,31.0,0.0068
2026-06-01,20062,Laptop Sleeve - National brand,Apparel & Accessories,CU2128,Granville Table,Marketplace Seller,D,15.0,40.6669,35.3313,42.4999,46.6934,51.3041,0.0664,0.1124,0.2024,Below floor,False,VP Finance,72.1,35.16,0.1312,115.85,31.0,-0.037
2026-06-01,20078,27in Monitor - Value,Consumer Electronics,CU2128,Granville Table,Marketplace Seller,D,35.19,21.3921,19.4086,17.6097,19.3019,21.1465,0.2584,0.0789,0.1689,Above stretch,True,None,0.0,176.49,0.0927,85.28,151.0,-0.1476
2026-06-01,20148,Bluetooth Speaker - Value,Consumer Electronics,CU2128,Granville Table,Marketplace Seller,D,15.0,67.3491,63.7924,35.6092,39.1054,42.9222,0.5402,0.0849,0.1749,Above stretch,True,None,0.0,516.92,0.0528,89.27,999.0,0.0
2026-06-01,20002,Safety Boots - Value,Apparel & Accessories,CU2128,Granville Table,Marketplace Seller,D,49.13,52.678,49.6737,39.8441,43.8939,48.3222,0.3261,0.0913,0.1813,Above stretch,True,None,0.0,795.78,0.057,87.93,120.0,0.0455
2026-06-01,20211,Storage Bins - National brand,Home & Kitchen,CU2128,Granville Table,Marketplace Seller,D,15.0,39.7418,36.9575,38.856,42.908,47.3588,0.1302,0.1088,0.1988,Below target,True,Commercial director,38.05,72.16,0.0701,110.52,999.0,0.0
2026-06-01,20110,27in Monitor - National brand,Consumer Electronics,CU2128,Granville Table,Marketplace Seller,D,15.0,109.9573,105.6695,54.8507,60.4085,66.4854,0.5651,0.0912,0.1812,Above stretch,True,None,0.0,895.77,0.039,,0.0,0.0
2026-06-01,20111,27in Monitor - Private label,Consumer Electronics,CU2129,Okanagan Foods,Regional Retail Chain,C,152.11,30.8949,28.0419,28.6152,32.1741,36.2785,0.3188,0.2585,0.3485,Below target,True,Sales manager,126.77,1359.74,0.0923,108.16,0.0,0.0
2026-06-01,20092,Laptop Sleeve - National brand,Apparel & Accessories,CU2129,Okanagan Foods,Regional Retail Chain,C,28.41,37.9929,34.0208,32.0892,35.3129,38.8693,0.2768,0.125,0.215,At target,True,None,0.0,267.57,0.1045,117.6,0.0,0.0
2026-06-01,20142,Yoga Mat - National brand,Sporting Goods,CU2129,Okanagan Foods,Regional Retail Chain,C,235.04,30.6656,27.6921,25.7297,28.2895,31.102,0.2686,0.1099,0.1999,At target,True,None,0.0,1747.95,0.097,111.75,0.0,0.0
2026-06-01,20113,Bedding Set - Private label,Home & Kitchen,CU2129,Okanagan Foods,Regional Retail Chain,C,357.64,35.7437,32.3183,32.2592,36.1604,40.6354,0.3262,0.2448,0.3348,Below target,True,Rep,99.13,3770.6,0.0958,105.78,61.0,-0.0518
2026-06-01,20177,Nonstick Cookware Set - Value,Home & Kitchen,CU2129,Okanagan Foods,Regional Retail Chain,C,293.18,35.3179,31.9785,30.7789,33.7329,36.9492,0.2054,0.074,0.164,At target,True,None,0.0,1926.05,0.0946,116.65,1035.0,0.0656
2026-06-01,20218,Blender - Premium brand,Home & Kitchen,CU2129,Okanagan Foods,Regional Retail Chain,C,97.52,41.1473,37.167,34.6288,38.3061,42.4041,0.3072,0.1599,0.2499,At target,True,None,0.0,1113.6,0.0967,114.07,31.0,-0.0478
2026-06-01,20085,Power Bank - Value,Consumer Electronics,CU2129,Okanagan Foods,Regional Retail Chain,C,220.94,48.4225,44.8342,29.7895,32.6136,35.6891,0.4594,0.075,0.165,Above stretch,True,None,0.0,4550.94,0.0741,86.09,0.0,0.0
2026-06-01,20070,Fastener Assortment - Value,Tools & Hardware,CU2129,Okanagan Foods,Regional Retail Chain,C,34.03,14.8741,12.7658,15.492,16.9478,18.5362,0.0382,0.0826,0.1726,Below floor,False,VP Finance,58.39,16.59,0.1417,65.48,61.0,0.0168
2026-06-01,20055,Smart Plug - Premium brand,Consumer Electronics,CU2129,Okanagan Foods,Regional Retail Chain,C,226.67,149.2509,137.4188,82.3503,90.6379,99.8308,0.5608,0.1442,0.2342,Above stretch,True,None,0.0,17469.3,0.0793,,61.0,0.0838
2026-06-01,20000,Wireless Earbuds - Private label,Consumer Electronics,CU2129,Okanagan Foods,Regional Retail Chain,C,108.48,52.2297,48.3104,45.7769,51.2342,57.4364,0.3239,0.2197,0.3097,At target,True,None,0.0,1697.59,0.075,105.17,151.0,-0.1068
2026-06-01,20024,Tool Chest - Value,Tools & Hardware,CU2129,Okanagan Foods,Regional Retail Chain,C,275.66,43.8244,40.3201,31.5056,34.489,37.7305,0.3509,0.0653,0.1553,Above stretch,True,None,0.0,3899.84,0.08,94.6,31.0,-0.0382
2026-06-01,20119,HDMI Cable - National brand,Consumer Electronics,CU2129,Okanagan Foods,Regional Retail Chain,C,356.88,40.4651,37.2143,25.659,28.0891,30.7389,0.4461,0.0801,0.1701,Above stretch,True,None,0.0,5924.56,0.0803,84.61,61.0,0.0129
2026-06-01,20060,Storage Bins - Private label,Home & Kitchen,CU2129,Okanagan Foods,Regional Retail Chain,C,92.93,24.8285,22.042,23.8812,26.7591,30.0673,0.2825,0.2503,0.3403,Below target,True,Commercial director,118.35,578.7,0.1122,,151.0,0.0614
2026-06-01,20034,Smart Plug - Premium brand,Consumer Electronics,CU2129,Okanagan Foods,Regional Retail Chain,C,433.31,84.2948,78.3771,49.0709,54.2055,59.9167,0.534,0.1536,0.2436,Above stretch,True,None,0.0,18134.98,0.0702,102.91,0.0,0.0
2026-06-01,20095,Gel Pens - Private label,Office & Stationery,CU2129,Okanagan Foods,Regional Retail Chain,C,59.14,16.5539,13.5773,20.0527,22.4477,25.2209,0.0797,0.2683,0.3583,Below floor,False,VP Finance,223.67,64.03,0.1798,103.33,1035.0,0.5058
2026-06-01,20184,Wireless Earbuds - Premium brand,Consumer Electronics,CU2130,Salish Supply,Corporate & B2B Buyer,C,389.32,106.9774,99.0563,106.9983,119.0842,132.6035,0.172,0.1722,0.2622,Below floor,False,Commercial director,3477.55,6634.09,0.074,,31.0,0.0476
2026-06-01,20091,Electric Toothbrush - Premium brand,Health & Beauty,CU2130,Salish Supply,Corporate & B2B Buyer,C,140.7,30.7122,27.8784,16.0494,17.6485,19.434,0.6047,0.1662,0.2562,Above stretch,True,None,0.0,2372.09,0.0923,121.52,61.0,-0.0097
2026-06-01,20050,Copy Paper - National brand,Office & Stationery,CU2130,Salish Supply,Corporate & B2B Buyer,C,21.72,15.0054,13.2678,10.0284,10.9321,11.9185,0.4278,0.0843,0.1743,Above stretch,True,None,0.0,123.28,0.1158,76.33,31.0,0.0474
2026-06-01,20052,Work Gloves - Private label,Tools & Hardware,CU2130,Salish Supply,Corporate & B2B Buyer,C,23.67,20.0117,16.6012,15.1667,16.7466,18.5558,0.462,0.2403,0.3303,Above stretch,True,None,0.0,181.55,0.1704,,92.0,-0.0389
2026-06-01,20111,27in Monitor - Private label,Consumer Electronics,CU2130,Salish Supply,Corporate & B2B Buyer,C,117.95,30.8949,28.3507,28.3064,31.8653,35.9697,0.3262,0.2585,0.3485,Below target,True,Sales manager,74.57,1090.8,0.0824,108.16,0.0,0.0
2026-06-01,20002,Safety Boots - Value,Apparel & Accessories,CU2130,Salish Supply,Corporate & B2B Buyer,C,217.01,52.678,48.531,40.9868,45.0366,49.4649,0.3102,0.0913,0.1813,Above stretch,True,None,0.0,3267.02,0.0787,87.93,120.0,0.0455
2026-06-01,20170,Laminator - National brand,Office & Stationery,CU2130,Salish Supply,Corporate & B2B Buyer,C,15.0,29.2528,26.4888,17.9243,19.6292,21.5023,0.4905,0.1097,0.1997,Above stretch,True,None,0.0,194.87,0.0945,97.16,0.0,0.0
2026-06-01,20172,Dry-Erase Board - National brand,Office & Stationery,CU2130,Salish Supply,Corporate & B2B Buyer,C,17.55,34.4733,31.6543,30.6805,33.7644,37.1413,0.2051,0.0969,0.1869,At target,True,None,0.0,113.95,0.0818,105.24,61.0,0.0918
2026-06-01,20200,Toner Cartridge - National brand,Office & Stationery,CU2130,Salish Supply,Corporate & B2B Buyer,C,15.0,28.939,26.3089,30.0745,33.1528,36.5329,0.0691,0.1076,0.1976,Below floor,False,VP Finance,50.72,27.26,0.0909,117.78,31.0,0.0857
2026-06-01,20051,HDMI Cable - National brand,Consumer Electronics,CU2131,Sunshine Bistro,Regional Retail Chain,C,82.55,64.7148,59.0474,46.7983,51.3476,56.3284,0.3705,0.0963,0.1863,Above stretch,True,None,0.0,1805.98,0.0876,,61.0,0.0181
2026-06-01,20174,Body Wash - National brand,Health & Beauty,CU2131,Sunshine Bistro,Regional Retail Chain,C,55.46,12.8281,11.1065,13.6661,15.0108,16.4886,0.0435,0.1106,0.2006,Below floor,False,VP Finance,96.77,26.79,0.1342,91.89,1035.0,0.2383
2026-06-01,20235,Camping Tent - Value,Sporting Goods,CU2131,Sunshine Bistro,Regional Retail Chain,C,62.83,67.4618,61.2433,50.0535,54.7295,59.8111,0.3317,0.0663,0.1563,Above stretch,True,None,0.0,1276.37,0.0922,97.02,61.0,-0.0784
2026-06-01,20075,Sunscreen SPF50 - Private label,Health & Beauty,CU2131,Sunshine Bistro,Regional Retail Chain,C,300.84,19.8484,16.2378,19.1509,21.2503,23.6577,0.2763,0.2438,0.3338,Below target,True,Commercial director,280.98,1349.63,0.1819,92.32,151.0,0.0482
2026-06-01,20004,Camping Tent - Premium brand,Sporting Goods,CU2131,Sunshine Bistro,Regional Retail Chain,C,262.18,28.2149,25.3262,25.2313,27.8716,30.8039,0.2487,0.1484,0.2384,At target,True,None,0.0,1651.52,0.1024,89.96,151.0,0.0473
2026-06-01,20108,Cotton T-Shirt 5pk - Value,Apparel & Accessories,CU2131,Sunshine Bistro,Regional Retail Chain,C,16.29,27.1312,23.9187,16.4893,17.9377,19.5189,0.4921,0.085,0.175,Above stretch,True,None,0.0,191.74,0.1184,101.13,120.0,-0.0203
2026-06-01,20025,Bedding Set - National brand,Home & Kitchen,CU2131,Sunshine Bistro,Regional Retail Chain,C,160.99,42.9163,39.1427,34.3615,37.7915,41.5577,0.3025,0.1074,0.1974,Above stretch,True,None,0.0,1906.11,0.0879,97.42,0.0,0.0
2026-06-01,20008,Electric Toothbrush - Value,Health & Beauty,CU2131,Sunshine Bistro,Regional Retail Chain,C,142.66,21.2885,18.9743,18.5497,20.3117,22.2332,0.2134,0.0807,0.1707,At target,True,None,0.0,577.63,0.1087,93.76,61.0,0.0426
2026-06-01,20066,Laser Measure - National brand,Tools & Hardware,CU2131,Sunshine Bistro,Regional Retail Chain,C,1267.08,16.3595,14.5253,11.6175,12.6883,13.858,0.3855,0.0877,0.1777,Above stretch,True,None,0.0,7095.65,0.1121,85.95,31.0,-0.0174
2026-06-01,20053,Hair Dryer - National brand,Health & Beauty,CU2131,Sunshine Bistro,Regional Retail Chain,C,121.65,21.0476,18.5863,13.5997,14.8481,16.2187,0.4648,0.107,0.197,Above stretch,True,None,0.0,1051.02,0.1169,87.2,31.0,0.0461
2026-06-01,20079,Cotton T-Shirt 5pk - Value,Apparel & Accessories,CU2131,Sunshine Bistro,Regional Retail Chain,C,119.49,12.2087,10.199,10.445,11.3493,12.3329,0.2312,0.0704,0.1604,At target,True,None,0.0,281.7,0.1646,90.72,0.0,0.0
2026-06-01,20043,HDMI Cable - Value,Consumer Electronics,CU2131,Sunshine Bistro,Regional Retail Chain,C,15.0,39.5936,35.0338,29.0014,31.5997,34.4215,0.3466,0.0634,0.1534,Above stretch,True,None,0.0,182.13,0.1152,119.95,61.0,0.1294
2026-06-01,20094,Body Wash - Premium brand,Health & Beauty,CU2131,Sunshine Bistro,Regional Retail Chain,C,787.66,17.5331,15.3543,12.4312,13.6743,15.0628,0.4443,0.1677,0.2577,Above stretch,True,None,0.0,5372.79,0.1243,,92.0,0.0333
2026-06-01,20178,Socket Set - National brand,Tools & Hardware,CU2132,Salish Provisions,Subscription Box Operator,D,74.35,26.1913,23.5801,27.087,29.7849,32.7365,0.0591,0.0935,0.1835,Below floor,False,VP Finance,218.15,103.55,0.0997,94.53,61.0,-0.0118
2026-06-01,20169,Laser Measure - Value,Tools & Hardware,CU2132,Salish Provisions,Subscription Box Operator,D,15.24,23.5116,20.9252,20.579,22.5926,24.8026,0.2311,0.1058,0.1958,At target,True,None,0.0,73.7,0.11,99.38,61.0,-0.0203
2026-06-01,20005,Backpack - Private label,Apparel & Accessories,CU2132,Salish Provisions,Subscription Box Operator,D,15.0,37.8386,33.2215,27.6044,30.6992,34.2448,0.4752,0.2415,0.3315,Above stretch,True,None,0.0,236.78,0.122,,0.0,0.0
2026-06-01,20219,Vitamin C Serum - Premium brand,Health & Beauty,CU2132,Salish Provisions,Subscription Box Operator,D,144.56,11.8211,10.0333,10.6901,11.7649,12.9642,0.2587,0.1645,0.2545,At target,True,None,0.0,375.19,0.1512,99.11,31.0,-0.0049
2026-06-01,20134,Cotton T-Shirt 5pk - Private label,Apparel & Accessories,CU2133,Okanagan Bistro,Marketplace Seller,D,152.77,22.6136,20.2646,18.571,20.8579,23.5096,0.4169,0.2716,0.3616,At target,True,None,0.0,1290.68,0.1039,98.21,31.0,0.0238
2026-06-01,20092,Laptop Sleeve - National brand,Apparel & Accessories,CU2133,Okanagan Bistro,Marketplace Seller,D,15.0,37.9929,34.8384,31.2716,34.4953,38.0517,0.2938,0.125,0.215,At target,True,None,0.0,153.54,0.083,117.6,0.0,0.0
2026-06-01,20217,Cycling Helmet - National brand,Sporting Goods,CU2133,Okanagan Bistro,Marketplace Seller,D,101.94,49.6842,46.2718,42.1504,46.4803,51.2313,0.2506,0.1048,0.1948,At target,True,None,0.0,1181.84,0.0687,90.1,0.0,0.0
2026-06-01,20187,Dry Dog Food - Value,Pet Supplies,CU2133,Okanagan Bistro,Marketplace Seller,D,15.0,53.9498,49.9552,33.5392,36.7681,40.2945,0.4597,0.0865,0.1765,Above stretch,True,None,0.0,344.49,0.074,105.73,0.0,0.0
2026-06-01,20097,Wireless Earbuds - Private label,Consumer Electronics,CU2133,Okanagan Bistro,Marketplace Seller,D,39.47,67.0046,62.7007,46.484,52.3869,59.2181,0.5068,0.2669,0.3569,Above stretch,True,None,0.0,1254.3,0.0642,102.36,1004.0,-0.1883
2026-06-01,20010,Adjustable Dumbbells - National brand,Sporting Goods,CU2133,Okanagan Bistro,Marketplace Seller,D,15.0,49.2097,45.4547,43.5117,47.9554,52.8314,0.217,0.1048,0.1948,At target,True,None,0.0,147.97,0.0763,,31.0,0.0183
2026-06-01,20212,Resistance Bands - National brand,Sporting Goods,CU2133,Okanagan Bistro,Marketplace Seller,D,33.72,43.7472,40.3355,32.761,36.0571,39.6773,0.3514,0.1086,0.1986,Above stretch,True,None,0.0,477.93,0.078,81.07,31.0,0.0068
2026-06-01,20223,Desk Organiser - Private label,Office & Stationery,CU2134,Stanley Public House,Marketplace Seller,C,58.9,15.1297,12.9592,14.4945,16.2057,18.1818,0.298,0.2618,0.3518,Below target,True,Commercial director,41.08,227.45,0.1435,82.53,31.0,0.0379
2026-06-01,20020,Cutlery Block - Private label,Home & Kitchen,CU2134,Stanley Public House,Marketplace Seller,C,230.36,74.8206,68.9482,54.061,60.6073,68.1246,0.4741,0.2475,0.3375,Above stretch,True,None,0.0,7529.62,0.0785,100.27,0.0,0.0
2026-06-01,20221,Laptop Sleeve - National brand,Apparel & Accessories,CU2134,Stanley Public House,Marketplace Seller,C,113.72,20.9311,18.3302,22.9638,25.2668,27.8,0.016,0.1142,0.2042,Below floor,False,VP Finance,392.37,33.29,0.1243,93.77,31.0,-0.0118
2026-06-01,20172,Dry-Erase Board - National brand,Office & Stationery,CU2134,Stanley Public House,Marketplace Seller,C,17.14,34.4733,30.6806,31.6542,34.7381,38.115,0.1799,0.0969,0.1869,Below target,True,Rep,3.69,94.59,0.11,105.24,61.0,0.0918
2026-06-01,20016,Gel Pens - National brand,Office & Stationery,CU2134,Stanley Public House,Marketplace Seller,C,66.22,20.8333,16.4344,18.1865,19.7039,21.3634,0.2384,0.0922,0.1822,At target,True,None,0.0,259.45,0.2111,84.47,31.0,0.0188
2026-06-01,20126,Mechanical Keyboard - National brand,Consumer Electronics,CU2134,Stanley Public House,Marketplace Seller,C,32.56,47.2329,42.5753,29.2133,31.9289,34.9021,0.4787,0.0962,0.1862,Above stretch,True,None,0.0,663.63,0.0986,92.52,92.0,-0.009
2026-06-01,20132,Gel Pens - Value,Office & Stationery,CU2134,Stanley Public House,Marketplace Seller,C,35.63,9.0007,7.2331,9.5095,10.3496,11.2657,0.0159,0.0806,0.1706,Below floor,False,VP Finance,39.86,4.1,0.1964,102.21,61.0,0.0318
2026-06-01,20049,Blender - Premium brand,Home & Kitchen,CU2134,Stanley Public House,Marketplace Seller,C,15.0,73.0024,65.7124,64.0637,70.8911,78.5035,0.2756,0.1616,0.2516,At target,True,None,0.0,271.7,0.0999,90.4,0.0,0.0
2026-06-01,20150,Nonstick Cookware Set - National brand,Home & Kitchen,CU2134,Stanley Public House,Marketplace Seller,C,20.47,23.3572,20.5661,16.0161,17.489,19.104,0.4225,0.1019,0.1919,Above stretch,True,None,0.0,177.86,0.1195,,92.0,-0.0055
2026-06-01,20108,Cotton T-Shirt 5pk - Value,Apparel & Accessories,CU2134,Stanley Public House,Marketplace Seller,C,15.0,27.1312,23.9814,16.4266,17.875,19.4562,0.4934,0.085,0.175,Above stretch,True,None,0.0,177.5,0.1161,101.13,120.0,-0.0203
2026-06-01,20000,Wireless Earbuds - Private label,Consumer Electronics,CU2134,Stanley Public House,Marketplace Seller,C,113.83,52.2297,47.4489,46.6384,52.0957,58.2979,0.3116,0.2197,0.3097,At target,True,None,0.0,1683.25,0.0915,105.17,151.0,-0.1068
2026-06-01,20105,Pet Bed - Premium brand,Pet Supplies,CU2135,Okanagan Table,Sub-Distributor,B,3192.82,20.8853,14.5067,24.779,27.0522,29.6025,-0.0382,0.1815,0.2715,Loss-making,False,VP Finance,14343.96,-1768.82,0.3054,,61.0,0.1305
2026-06-01,20216,Work Gloves - National brand,Tools & Hardware,CU2135,Okanagan Table,Sub-Distributor,B,974.28,41.3841,33.804,37.0117,40.2381,43.7639,0.2068,0.089,0.179,At target,True,None,0.0,6811.97,0.1832,,1035.0,-0.0147
2026-06-01,20089,Bluetooth Speaker - National brand,Consumer Electronics,CU2135,Okanagan Table,Sub-Distributor,B,776.55,58.5054,46.5674,54.9984,59.7413,64.9296,0.1612,0.0929,0.1829,Below target,True,Sales manager,784.22,5829.79,0.204,102.03,31.0,0.0614
2026-06-01,20122,Dry-Erase Board - National brand,Office & Stationery,CU2135,Okanagan Table,Sub-Distributor,B,525.55,13.0336,9.0468,11.5147,12.3403,13.2425,0.2422,0.0893,0.1793,At target,True,None,0.0,1151.53,0.3059,83.37,120.0,-0.0452
2026-06-01,20082,Smart Plug - Private label,Consumer Electronics,CU2135,Okanagan Table,Sub-Distributor,B,345.82,33.2732,26.5567,26.9499,29.6866,32.8257,0.4245,0.2446,0.3346,Above stretch,True,None,0.0,3898.22,0.2019,114.55,31.0,0.0497
2026-06-01,20206,Camping Tent - National brand,Sporting Goods,CU2135,Okanagan Table,Sub-Distributor,B,79.17,77.9305,63.948,72.5238,78.9616,86.0016,0.1684,0.0916,0.1816,Below target,True,Rep,66.81,852.59,0.1794,87.7,0.0,0.0
2026-06-01,20221,Laptop Sleeve - National brand,Apparel & Accessories,CU2135,Okanagan Table,Sub-Distributor,B,234.34,20.9311,16.6644,24.6296,26.9326,29.4658,-0.0824,0.1142,0.2042,Loss-making,False,VP Finance,1119.2,-321.77,0.2038,93.77,31.0,-0.0118
2026-06-01,20184,Wireless Earbuds - Premium brand,Consumer Electronics,CU2135,Okanagan Table,Sub-Distributor,B,2429.31,106.9774,87.9937,118.0609,130.1468,143.6661,0.0679,0.1722,0.2622,Below floor,False,VP Finance,41527.47,14521.44,0.1775,,31.0,0.0476
2026-06-01,20087,Laptop Sleeve - Value,Apparel & Accessories,CU2135,Okanagan Table,Sub-Distributor,B,15.0,37.8687,30.5134,31.4036,33.9734,36.7673,0.2653,0.0678,0.1578,Above stretch,True,None,0.0,121.43,0.1942,92.75,61.0,-0.0769
2026-06-01,20217,Cycling Helmet - National brand,Sporting Goods,CU2135,Okanagan Table,Sub-Distributor,B,433.9,49.6842,40.7952,47.627,51.9569,56.7079,0.1499,0.1048,0.1948,Below target,True,Sales manager,794.04,2654.12,0.1789,90.1,0.0,0.0
2026-06-01,20201,Dry Dog Food - Value,Pet Supplies,CU2135,Okanagan Table,Sub-Distributor,B,111.09,22.126,17.5644,25.4955,27.8092,30.3419,-0.0778,0.0957,0.1857,Loss-making,False,VP Finance,514.1,-151.76,0.2062,107.98,31.0,0.0207
2026-06-01,20071,Wireless Earbuds - Value,Consumer Electronics,CU2135,Okanagan Table,Sub-Distributor,B,167.68,57.5333,45.81,53.3887,57.9718,62.9838,0.174,0.0918,0.1818,Below target,True,Rep,60.16,1336.33,0.2038,130.28,61.0,0.0185
2026-06-01,20042,Wireless Earbuds - Private label,Consumer Electronics,CU2135,Okanagan Table,Sub-Distributor,B,756.13,73.1111,58.4386,76.1432,84.4776,94.0432,0.2071,0.2462,0.3362,Below floor,False,VP Finance,5705.04,9150.69,0.2007,81.18,31.0,0.0478
2026-06-01,20193,Wireless Earbuds - Private label,Consumer Electronics,CU2135,Okanagan Table,Sub-Distributor,B,224.58,39.4741,31.5928,52.6113,58.9311,66.2632,-0.0293,0.273,0.363,Loss-making,False,VP Finance,2783.46,-207.94,0.1997,90.8,120.0,-0.0175
2026-06-01,20163,Sunscreen SPF50 - National brand,Health & Beauty,CU2135,Okanagan Table,Sub-Distributor,B,1697.66,18.099,14.0189,19.7542,21.4971,23.4074,-0.0056,0.1006,0.1906,Loss-making,False,VP Finance,4669.25,-133.1,0.2254,70.54,31.0,-0.0126
2026-06-01,20064,Blender - National brand,Home & Kitchen,CU2135,Okanagan Table,Sub-Distributor,B,248.19,54.383,43.7908,56.3341,61.4955,67.1704,0.0729,0.1124,0.2024,Below floor,False,VP Finance,1407.97,791.8,0.1948,95.12,0.0,0.0
2026-06-01,20145,Laminator - Premium brand,Office & Stationery,CU2135,Okanagan Table,Sub-Distributor,B,289.83,19.6128,15.5371,21.9123,24.0284,26.3806,0.0258,0.1514,0.2414,Below floor,False,VP Finance,970.83,116.22,0.2078,88.3,31.0,0.0766
2026-06-01,20099,Bluetooth Speaker - Premium brand,Consumer Electronics,CU2135,Okanagan Table,Sub-Distributor,B,20.02,68.9696,55.227,50.3161,54.7403,59.6798,0.4477,0.166,0.256,Above stretch,True,None,0.0,494.99,0.1993,72.87,61.0,-0.0337
2026-06-01,20140,USB-C Charger - Premium brand,Consumer Electronics,CU2135,Okanagan Table,Sub-Distributor,B,3210.85,182.1906,145.4606,209.9145,231.0317,254.6514,0.0141,0.1719,0.2619,Below floor,False,VP Finance,115749.96,6571.0,0.2016,97.39,31.0,0.0683
2026-06-01,20152,Copy Paper - Private label,Office & Stationery,CU2135,Okanagan Table,Sub-Distributor,B,152.68,22.6466,17.9851,25.8673,28.8012,32.1863,0.1269,0.2595,0.3495,Below floor,False,VP Finance,611.27,348.45,0.2058,107.79,120.0,0.1226
2026-06-01,20219,Vitamin C Serum - Premium brand,Health & Beauty,CU2135,Okanagan Table,Sub-Distributor,B,1087.4,11.8211,9.451,11.2724,12.3472,13.5465,0.213,0.1645,0.2545,Below target,True,Sales manager,426.46,2189.04,0.2005,99.11,31.0,-0.0049
2026-06-01,20238,Pet Bed - National brand,Pet Supplies,CU2136,Alder Table,Government & Education,C,113.0,14.7492,13.1867,12.7356,13.9599,15.2976,0.2278,0.0886,0.1786,At target,True,None,0.0,339.4,0.1059,116.56,151.0,0.1071
2026-06-01,20145,Laminator - Premium brand,Office & Stationery,CU2136,Alder Table,Government & Education,C,175.17,19.6128,17.945,19.5044,21.6205,23.9727,0.1565,0.1514,0.2414,Below target,True,Commercial director,266.79,492.04,0.085,88.3,31.0,0.0766
2026-06-01,20133,Mechanical Keyboard - Premium brand,Consumer Electronics,CU2136,Alder Table,Government & Education,C,281.63,31.0248,27.819,26.9458,29.8663,33.1395,0.2989,0.1784,0.2684,At target,True,None,0.0,2341.53,0.1033,114.24,31.0,0.0411
2026-06-01,20212,Resistance Bands - National brand,Sporting Goods,CU2136,Alder Table,Government & Education,C,26.09,43.7472,40.586,32.5105,35.8066,39.4268,0.3554,0.1086,0.1986,Above stretch,True,None,0.0,376.32,0.0723,81.07,31.0,0.0068
2026-06-01,20184,Wireless Earbuds - Premium brand,Consumer Electronics,CU2136,Alder Table,Government & Education,C,1294.02,106.9774,100.254,105.8006,117.8865,131.4058,0.1819,0.1722,0.2622,Below target,True,Commercial director,10415.18,23600.21,0.0628,,31.0,0.0476
2026-06-01,20189,Desk Organiser - National brand,Office & Stationery,CU2136,Alder Table,Government & Education,C,39.86,15.9551,14.2916,10.9673,12.0193,13.1763,0.4232,0.114,0.204,Above stretch,True,None,0.0,241.09,0.1043,103.27,0.0,0.0
2026-06-01,20030,Dry Dog Food - National brand,Pet Supplies,CU2136,Alder Table,Government & Education,C,130.73,16.4217,14.8117,14.9053,16.3637,17.9576,0.1827,0.0895,0.1795,At target,True,None,0.0,353.79,0.098,100.0,151.0,0.1754
2026-06-01,20162,Gel Pens - Private label,Office & Stationery,CU2136,Alder Table,Government & Education,C,20.41,22.2327,20.1771,13.3642,14.8743,16.6007,0.5718,0.236,0.326,Above stretch,True,None,0.0,235.48,0.0925,113.57,61.0,0.0768
2026-06-01,20016,Gel Pens - National brand,Office & Stationery,CU2136,Alder Table,Government & Education,C,63.21,20.8333,17.4464,17.1745,18.6919,20.3514,0.2826,0.0922,0.1822,Above stretch,True,None,0.0,311.63,0.1626,84.47,31.0,0.0188
2026-06-01,20223,Desk Organiser - Private label,Office & Stationery,CU2136,Alder Table,Government & Education,C,103.71,15.1297,13.6617,13.792,15.5032,17.4793,0.3341,0.2618,0.3518,Below target,True,Rep,25.11,473.34,0.097,82.53,31.0,0.0379
2026-06-01,20130,HDMI Cable - Value,Consumer Electronics,CU2137,Juniper Fine Foods,E-commerce Pure-Play,D,15.0,59.9045,55.8122,45.3445,49.7994,54.6528,0.3175,0.0766,0.1666,Above stretch,True,None,0.0,265.8,0.0683,105.13,0.0,0.0
2026-06-01,20095,Gel Pens - Private label,Office & Stationery,CU2137,Juniper Fine Foods,E-commerce Pure-Play,D,15.0,16.5539,13.6939,19.9361,22.3311,25.1043,0.0876,0.2683,0.3583,Below floor,False,VP Finance,55.61,17.99,0.1728,103.33,1035.0,0.5058
2026-06-01,20027,Dry Dog Food - National brand,Pet Supplies,CU2137,Juniper Fine Foods,E-commerce Pure-Play,D,15.0,39.0221,35.9055,30.2755,33.2647,36.5341,0.3134,0.0923,0.1823,Above stretch,True,None,0.0,168.8,0.0799,87.86,151.0,0.1168
2026-06-01,20199,Sunscreen SPF50 - Value,Health & Beauty,CU2137,Juniper Fine Foods,E-commerce Pure-Play,D,34.95,15.0327,13.1169,14.8492,16.2244,17.718,0.0767,0.0636,0.1536,Below target,True,Commercial director,35.25,35.16,0.1274,,61.0,-0.0305
2026-06-01,20219,Vitamin C Serum - Premium brand,Health & Beauty,CU2137,Juniper Fine Foods,E-commerce Pure-Play,D,132.18,11.8211,10.2248,10.4986,11.5734,12.7727,0.2726,0.1645,0.2545,At target,True,None,0.0,368.37,0.135,99.11,31.0,-0.0049
2026-06-01,20061,Multivitamin - Premium brand,Health & Beauty,CU2137,Juniper Fine Foods,E-commerce Pure-Play,D,22.85,23.3185,20.9486,18.3431,20.2764,22.4352,0.3644,0.1664,0.2564,Above stretch,True,None,0.0,174.42,0.1016,108.31,1004.0,0.0516
2026-06-01,20208,Vitamin C Serum - Premium brand,Health & Beauty,CU2137,Juniper Fine Foods,E-commerce Pure-Play,D,15.0,25.2902,22.752,19.3942,21.4936,23.8535,0.398,0.1874,0.2774,Above stretch,True,None,0.0,135.82,0.1004,107.0,92.0,0.0382
2026-06-01,20145,Laminator - Premium brand,Office & Stationery,CU2137,Juniper Fine Foods,E-commerce Pure-Play,D,20.07,19.6128,17.4476,20.0018,22.1179,24.4701,0.1325,0.1514,0.2414,Below floor,False,VP Finance,38.14,46.39,0.1104,88.3,31.0,0.0766
2026-06-01,20163,Sunscreen SPF50 - National brand,Health & Beauty,CU2137,Juniper Fine Foods,E-commerce Pure-Play,D,182.77,18.099,16.1126,17.6605,19.4034,21.3137,0.1251,0.1006,0.1906,Below target,True,Commercial director,192.96,368.34,0.1098,70.54,31.0,-0.0126
2026-06-01,20042,Wireless Earbuds - Private label,Consumer Electronics,CU2138,Okanagan Grill House,Marketplace Seller,D,58.27,73.1111,70.3586,64.2232,72.5576,82.1232,0.3414,0.2462,0.3362,At target,True,None,0.0,1399.76,0.0376,81.18,31.0,0.0478
2026-06-01,20136,Safety Boots - Private label,Apparel & Accessories,CU2138,Okanagan Grill House,Marketplace Seller,D,15.0,18.1984,17.0417,19.1502,21.6558,24.5517,0.2226,0.2637,0.3537,Below floor,False,VP Finance,33.52,56.9,0.0636,96.42,61.0,-0.031
2026-06-01,20059,Desk Organiser - Value,Office & Stationery,CU2138,Okanagan Grill House,Marketplace Seller,D,15.0,12.0681,11.0761,11.3957,12.5426,13.7974,0.1486,0.0936,0.1836,Below target,True,Sales manager,5.81,24.69,0.0822,115.8,61.0,0.0713
2026-06-01,20112,Safety Glasses - National brand,Tools & Hardware,CU2138,Okanagan Grill House,Marketplace Seller,D,84.59,43.7766,42.0561,32.7242,36.1559,39.9137,0.3342,0.0969,0.1869,Above stretch,True,None,0.0,1189.06,0.0393,83.95,999.0,0.0
2026-06-01,20158,Cutlery Block - Value,Home & Kitchen,CU2138,Okanagan Grill House,Marketplace Seller,D,46.25,40.8763,39.1737,30.7552,33.8702,37.259,0.3107,0.0706,0.1606,Above stretch,True,None,0.0,562.96,0.0417,90.08,61.0,-0.034
2026-06-01,20041,Cordless Drill - National brand,Tools & Hardware,CU2139,Cedar Fine Foods,E-commerce Pure-Play,C,163.65,39.6878,33.2574,31.5594,34.3546,37.4186,0.3206,0.1009,0.1909,Above stretch,True,None,0.0,1745.15,0.162,101.84,0.0,0.0
2026-06-01,20225,Air Fryer - Premium brand,Home & Kitchen,CU2139,Cedar Fine Foods,E-commerce Pure-Play,C,33.83,103.2608,89.3252,63.7886,69.8151,76.5425,0.5343,0.1655,0.2555,Above stretch,True,None,0.0,1614.47,0.135,101.69,31.0,-0.0075
2026-06-01,20027,Dry Dog Food - National brand,Pet Supplies,CU2139,Cedar Fine Foods,E-commerce Pure-Play,C,34.57,39.0221,32.1404,34.0406,37.0298,40.2992,0.233,0.0923,0.1823,At target,True,None,0.0,258.87,0.1764,87.86,151.0,0.1168
2026-06-01,20014,Grooming Kit - Premium brand,Pet Supplies,CU2139,Cedar Fine Foods,E-commerce Pure-Play,C,262.69,38.8396,32.6144,29.6612,32.5989,35.9059,0.4194,0.192,0.282,Above stretch,True,None,0.0,3593.1,0.1603,114.62,0.0,0.0
2026-06-01,20202,Tool Chest - Value,Tools & Hardware,CU2139,Cedar Fine Foods,E-commerce Pure-Play,C,425.53,46.9027,39.004,36.0501,39.0559,42.3231,0.3267,0.0671,0.1571,Above stretch,True,None,0.0,5421.93,0.1684,101.19,999.0,0.0
2026-06-01,20234,Safety Glasses - National brand,Tools & Hardware,CU2139,Cedar Fine Foods,E-commerce Pure-Play,C,58.16,35.4738,29.3126,34.8885,38.048,41.5032,0.1098,0.0917,0.1817,Below target,True,Commercial director,122.51,187.25,0.1737,102.46,31.0,-0.001
2026-06-01,20140,USB-C Charger - Premium brand,Consumer Electronics,CU2139,Cedar Fine Foods,E-commerce Pure-Play,C,2017.6,182.1906,158.4892,196.8859,218.0031,241.6228,0.0951,0.1719,0.2619,Below floor,False,VP Finance,53331.67,30415.52,0.1301,97.39,31.0,0.0683
2026-06-01,20043,HDMI Cable - Value,Consumer Electronics,CU2139,Cedar Fine Foods,E-commerce Pure-Play,C,15.0,39.5936,32.627,31.4082,34.0065,36.8283,0.2984,0.0634,0.1534,Above stretch,True,None,0.0,146.03,0.176,119.95,61.0,0.1294
2026-06-01,20105,Pet Bed - Premium brand,Pet Supplies,CU2139,Cedar Fine Foods,E-commerce Pure-Play,C,1337.07,20.8853,14.7464,24.5393,26.8125,29.3628,-0.0213,0.1815,0.2715,Loss-making,False,VP Finance,5773.4,-420.24,0.2939,,61.0,0.1305
2026-06-01,20175,Cat Litter - Private label,Pet Supplies,CU2139,Cedar Fine Foods,E-commerce Pure-Play,C,15.0,16.1177,12.3502,16.6778,18.4461,20.4809,0.219,0.2529,0.3429,Below floor,False,VP Finance,22.95,40.57,0.2337,,0.0,0.0
2026-06-01,20165,Electric Toothbrush - National brand,Health & Beauty,CU2139,Cedar Fine Foods,E-commerce Pure-Play,C,163.75,18.802,14.5488,18.8127,20.3844,22.0966,0.0756,0.0763,0.1663,Below floor,False,Commercial director,216.03,180.16,0.2262,121.22,61.0,0.0597
2026-06-01,20144,Socket Set - National brand,Tools & Hardware,CU2139,Cedar Fine Foods,E-commerce Pure-Play,C,80.48,25.964,18.3423,29.5354,31.9512,34.5943,-0.0829,0.0936,0.1836,Loss-making,False,VP Finance,393.38,-122.35,0.2935,,31.0,-0.027
2026-06-01,20095,Gel Pens - Private label,Office & Stationery,CU2140,Kitsilano Foods,Subscription Box Operator,D,15.0,16.5539,13.5716,20.0584,22.4534,25.2266,0.0794,0.2683,0.3583,Below floor,False,VP Finance,56.79,16.15,0.1802,103.33,1035.0,0.5058
2026-06-01,20181,Desk Organiser - National brand,Office & Stationery,CU2140,Kitsilano Foods,Subscription Box Operator,D,15.0,19.831,17.4866,17.6929,19.4632,21.4188,0.2361,0.1297,0.2197,At target,True,None,0.0,61.93,0.1182,118.14,31.0,0.0465
2026-06-01,20168,Aquarium Filter - Premium brand,Pet Supplies,CU2140,Kitsilano Foods,Subscription Box Operator,D,43.88,16.8263,14.7354,18.5921,20.5699,22.7734,0.0583,0.1591,0.2491,Below floor,False,VP Finance,123.35,37.71,0.1243,101.55,1004.0,0.5487
2026-06-01,20180,Sunscreen SPF50 - National brand,Health & Beauty,CU2140,Kitsilano Foods,Subscription Box Operator,D,350.81,17.3155,15.3401,14.6253,16.0199,17.5456,0.2526,0.0936,0.1836,At target,True,None,0.0,1359.11,0.1141,96.9,61.0,-0.0207
2026-06-01,20140,USB-C Charger - Premium brand,Consumer Electronics,CU2141,Sunshine Supply,Marketplace Seller,C,3479.86,182.1906,166.2915,189.0836,210.2008,233.8205,0.1376,0.1719,0.2619,Below floor,False,VP Finance,71943.82,79610.15,0.0873,97.39,31.0,0.0683
2026-06-01,20174,Body Wash - National brand,Health & Beauty,CU2141,Sunshine Supply,Marketplace Seller,C,28.4,12.8281,10.4307,14.3419,15.6866,17.1644,-0.0185,0.1106,0.2006,Loss-making,False,VP Finance,64.9,-5.47,0.1869,91.89,1035.0,0.2383
2026-06-01,20118,Blender - Premium brand,Home & Kitchen,CU2141,Sunshine Supply,Marketplace Seller,C,187.25,81.3528,73.972,69.6283,77.3673,86.0626,0.3151,0.1861,0.2761,At target,True,None,0.0,4364.57,0.0907,92.32,92.0,-0.0016
2026-06-01,20114,Fastener Assortment - National brand,Tools & Hardware,CU2141,Sunshine Supply,Marketplace Seller,C,76.44,59.7687,53.9171,48.4406,53.0255,58.0175,0.2686,0.074,0.164,Above stretch,True,None,0.0,1106.83,0.0979,99.22,31.0,-0.0031
2026-06-01,20091,Electric Toothbrush - Premium brand,Health & Beauty,CU2141,Sunshine Supply,Marketplace Seller,C,235.57,30.7122,27.1983,16.7295,18.3286,20.1141,0.5949,0.1662,0.2562,Above stretch,True,None,0.0,3811.31,0.1144,121.52,61.0,-0.0097
2026-06-01,20169,Laser Measure - Value,Tools & Hardware,CU2141,Sunshine Supply,Marketplace Seller,C,137.5,23.5116,20.4444,21.0598,23.0734,25.2834,0.213,0.1058,0.1958,At target,True,None,0.0,598.87,0.1305,99.38,61.0,-0.0203
2026-06-01,20199,Sunscreen SPF50 - Value,Health & Beauty,CU2141,Sunshine Supply,Marketplace Seller,C,438.1,15.0327,12.6958,15.2703,16.6455,18.1391,0.0461,0.0636,0.1536,Below floor,False,VP Finance,598.04,256.29,0.1555,,61.0,-0.0305
2026-06-01,20056,Chew Toy Pack - Premium brand,Pet Supplies,CU2142,Mount Public House,Marketplace Seller,B,688.27,49.7535,44.0951,48.7138,53.9759,59.8647,0.1931,0.1736,0.2636,Below target,True,Commercial director,2140.08,5860.0,0.1137,99.21,61.0,0.1081
2026-06-01,20195,Mechanical Keyboard - National brand,Consumer Electronics,CU2142,Mount Public House,Marketplace Seller,B,126.35,48.5447,42.4153,31.5101,34.3361,37.4345,0.4625,0.1017,0.1917,Above stretch,True,None,0.0,2478.46,0.1263,98.69,1004.0,-0.2389
2026-06-01,20202,Tool Chest - Value,Tools & Hardware,CU2142,Mount Public House,Marketplace Seller,B,403.91,46.9027,41.7122,33.3419,36.3477,39.6149,0.3704,0.0671,0.1571,Above stretch,True,None,0.0,6240.33,0.1107,101.19,999.0,0.0
2026-06-01,20220,Body Wash - Premium brand,Health & Beauty,CU2142,Mount Public House,Marketplace Seller,B,1023.04,17.6496,15.4821,12.3093,13.5692,14.9844,0.4664,0.1855,0.2755,Above stretch,True,None,0.0,7387.99,0.1228,104.34,61.0,0.0275
2026-06-01,20022,Tool Chest - Value,Tools & Hardware,CU2142,Mount Public House,Marketplace Seller,B,259.63,46.3595,36.9157,50.5336,55.0188,59.9161,-0.0179,0.0855,0.1755,Loss-making,False,VP Finance,1853.66,-171.59,0.2037,85.33,0.0,0.0
2026-06-01,20192,Laser Measure - National brand,Tools & Hardware,CU2142,Mount Public House,Marketplace Seller,B,791.26,23.9182,17.8653,21.2524,22.9553,24.8248,0.24,0.1067,0.1967,At target,True,None,0.0,3392.61,0.2531,88.78,31.0,-0.0655
2026-06-01,20032,Body Wash - National brand,Health & Beauty,CU2142,Mount Public House,Marketplace Seller,B,118.75,17.116,14.8967,16.6964,18.2683,19.9827,0.107,0.0811,0.1711,Below target,True,Commercial director,113.42,189.25,0.1297,107.68,151.0,-0.023
2026-06-01,20077,Wireless Earbuds - Premium brand,Consumer Electronics,CU2142,Mount Public House,Marketplace Seller,B,1608.26,129.0538,115.1374,97.5507,107.7348,119.1223,0.3978,0.1709,0.2609,Above stretch,True,None,0.0,73652.2,0.1078,,31.0,0.0123
2026-06-01,20154,Aquarium Filter - Premium brand,Pet Supplies,CU2142,Mount Public House,Marketplace Seller,B,23.49,48.5517,42.6284,44.2844,48.997,54.2773,0.2597,0.1774,0.2674,Below target,True,Rep,7.66,260.1,0.122,117.81,120.0,0.1172
2026-06-01,20153,Multivitamin - Premium brand,Health & Beauty,CU2142,Mount Public House,Marketplace Seller,B,539.24,24.6041,21.5313,21.9461,24.267,26.8679,0.2796,0.1781,0.2681,At target,True,None,0.0,3245.85,0.1249,102.68,61.0,0.0502
2026-06-01,20222,Work Gloves - National brand,Tools & Hardware,CU2142,Mount Public House,Marketplace Seller,B,420.0,24.0219,20.9787,19.0101,20.7961,22.7561,0.3191,0.1054,0.1954,Above stretch,True,None,0.0,2811.77,0.1267,116.15,151.0,-0.0748
2026-06-01,20088,Hair Dryer - Premium brand,Health & Beauty,CU2142,Mount Public House,Marketplace Seller,B,700.62,17.5796,15.528,15.4548,17.0636,18.8566,0.2751,0.1602,0.2502,At target,True,None,0.0,2993.05,0.1167,73.34,0.0,0.0
2026-06-01,20082,Smart Plug - Private label,Consumer Electronics,CU2142,Mount Public House,Marketplace Seller,B,809.53,33.2732,29.19,24.3166,27.0533,30.1924,0.4764,0.2446,0.3346,Above stretch,True,None,0.0,11257.08,0.1227,114.55,31.0,0.0497
2026-06-01,20178,Socket Set - National brand,Tools & Hardware,CU2142,Mount Public House,Marketplace Seller,B,714.51,26.1913,23.0141,27.653,30.3509,33.3025,0.0359,0.0935,0.1835,Below floor,False,VP Finance,2426.68,590.76,0.1213,94.53,61.0,-0.0118
2026-06-01,20068,Safety Glasses - Value,Tools & Hardware,CU2142,Mount Public House,Marketplace Seller,B,491.37,19.6426,17.1652,15.368,16.7706,18.3009,0.3112,0.0828,0.1728,Above stretch,True,None,0.0,2624.85,0.1261,94.82,92.0,-0.0802
2026-06-01,20097,Wireless Earbuds - Private label,Consumer Electronics,CU2142,Mount Public House,Marketplace Seller,B,442.4,67.0046,59.4411,49.7436,55.6465,62.4777,0.4798,0.2669,0.3569,Above stretch,True,None,0.0,12616.76,0.1129,102.36,1004.0,-0.1883
2026-06-01,20017,Webcam - National brand,Consumer Electronics,CU2142,Mount Public House,Marketplace Seller,B,269.71,23.7358,20.8918,17.3806,19.0002,20.7761,0.3753,0.1022,0.1922,Above stretch,True,None,0.0,2114.74,0.1198,101.84,31.0,0.0098
2026-06-01,20022,Tool Chest - Value,Tools & Hardware,CU2143,Burrard Foods,Sub-Distributor,B,1131.09,46.3595,36.24,51.2093,55.6945,60.5918,-0.0369,0.0855,0.1755,Loss-making,False,VP Finance,8705.68,-1511.81,0.2183,85.33,0.0,0.0
2026-06-01,20232,Webcam - Value,Consumer Electronics,CU2143,Burrard Foods,Sub-Distributor,B,1159.64,35.6952,30.3102,30.357,33.0445,35.9702,0.2368,0.0737,0.1637,At target,True,None,0.0,8324.59,0.1509,94.31,31.0,0.0553
2026-06-01,20094,Body Wash - Premium brand,Health & Beauty,CU2143,Burrard Foods,Sub-Distributor,B,1721.39,17.5331,14.2298,13.5557,14.7988,16.1873,0.4003,0.1677,0.2577,Above stretch,True,None,0.0,9806.24,0.1884,,92.0,0.0333
2026-06-01,20193,Wireless Earbuds - Private label,Consumer Electronics,CU2143,Burrard Foods,Sub-Distributor,B,183.69,39.4741,33.7017,50.5024,56.8222,64.1543,0.0351,0.273,0.363,Below floor,False,VP Finance,2029.91,217.31,0.1462,90.8,120.0,-0.0175
2026-06-01,20154,Aquarium Filter - Premium brand,Pet Supplies,CU2143,Burrard Foods,Sub-Distributor,B,55.41,48.5517,41.3036,45.6092,50.3218,55.6021,0.236,0.1774,0.2674,Below target,True,Sales manager,71.85,540.13,0.1493,117.81,120.0,0.1172
2026-06-01,20211,Storage Bins - National brand,Home & Kitchen,CU2143,Burrard Foods,Sub-Distributor,B,55.53,39.7418,33.1595,42.654,46.706,51.1568,0.0305,0.1088,0.1988,Below floor,False,VP Finance,309.84,56.22,0.1656,110.52,999.0,0.0
2026-06-01,20096,Electric Toothbrush - Private label,Health & Beauty,CU2143,Burrard Foods,Sub-Distributor,B,478.54,8.647,6.6003,11.0255,12.257,13.6746,-0.0151,0.2538,0.3438,Loss-making,False,VP Finance,1133.61,-47.71,0.2367,99.29,61.0,0.0276
2026-06-01,20099,Bluetooth Speaker - Premium brand,Consumer Electronics,CU2143,Burrard Foods,Sub-Distributor,B,30.32,68.9696,58.5104,47.0327,51.4569,56.3964,0.4787,0.166,0.256,Above stretch,True,None,0.0,849.21,0.1516,72.87,61.0,-0.0337
2026-06-01,20017,Webcam - National brand,Consumer Electronics,CU2143,Burrard Foods,Sub-Distributor,B,441.88,23.7358,19.6061,18.6663,20.2859,22.0618,0.3343,0.1022,0.1922,Above stretch,True,None,0.0,2896.57,0.174,101.84,31.0,0.0098
2026-06-01,20115,USB-C Charger - National brand,Consumer Electronics,CU2143,Burrard Foods,Sub-Distributor,B,1289.27,47.0603,39.738,39.8173,43.414,47.3526,0.2615,0.0969,0.1869,At target,True,None,0.0,13397.84,0.1556,96.9,0.0,0.0
2026-06-01,20141,Socket Set - Premium brand,Tools & Hardware,CU2143,Burrard Foods,Sub-Distributor,B,909.86,48.9453,41.4655,36.8728,40.4995,44.5673,0.4192,0.1806,0.2706,Above stretch,True,None,0.0,15814.19,0.1528,103.9,0.0,0.0
2026-06-01,20003,Storage Bins - National brand,Home & Kitchen,CU2143,Burrard Foods,Sub-Distributor,B,846.56,31.045,26.0066,27.4093,29.8427,32.4977,0.2109,0.0826,0.1726,At target,True,None,0.0,4642.11,0.1623,99.95,0.0,0.0
2026-06-01,20030,Dry Dog Food - National brand,Pet Supplies,CU2143,Burrard Foods,Sub-Distributor,B,436.51,16.4217,13.3898,16.3272,17.7856,19.3795,0.0959,0.0895,0.1795,Below target,True,Commercial director,488.48,560.65,0.1846,100.0,151.0,0.1754
2026-06-01,20236,Mechanical Keyboard - Value,Consumer Electronics,CU2143,Burrard Foods,Sub-Distributor,B,219.5,40.6558,34.4458,33.6494,36.5699,39.7423,0.2547,0.0644,0.1544,Above stretch,True,None,0.0,1925.78,0.1527,99.28,31.0,0.0529
2026-06-01,20238,Pet Bed - National brand,Pet Supplies,CU2143,Burrard Foods,Sub-Distributor,B,137.49,14.7492,11.8558,14.0665,15.2908,16.6285,0.1411,0.0886,0.1786,Below target,True,Sales manager,61.16,229.97,0.1962,116.56,151.0,0.1071
2026-06-01,20051,HDMI Cable - National brand,Consumer Electronics,CU2143,Burrard Foods,Sub-Distributor,B,344.03,64.7148,55.8934,49.9523,54.5016,59.4824,0.335,0.0963,0.1863,Above stretch,True,None,0.0,6441.41,0.1363,,61.0,0.0181
2026-06-01,20013,Webcam - National brand,Consumer Electronics,CU2143,Burrard Foods,Sub-Distributor,B,982.17,78.5651,67.3664,55.6216,60.5176,65.874,0.4022,0.0934,0.1834,Above stretch,True,None,0.0,26609.54,0.1425,104.32,0.0,0.0
2026-06-01,20222,Work Gloves - National brand,Tools & Hardware,CU2143,Burrard Foods,Sub-Distributor,B,274.36,24.0219,19.7707,20.2181,22.0041,23.9641,0.2775,0.1054,0.1954,Above stretch,True,None,0.0,1505.33,0.177,116.15,151.0,-0.0748
2026-06-01,20188,Grooming Kit - National brand,Pet Supplies,CU2143,Burrard Foods,Sub-Distributor,B,653.26,11.0676,8.7895,12.1574,13.2429,14.4298,-0.0218,0.0909,0.1809,Loss-making,False,VP Finance,1163.99,-125.3,0.2058,104.8,92.0,0.0717
2026-06-01,20220,Body Wash - Premium brand,Health & Beauty,CU2143,Burrard Foods,Sub-Distributor,B,871.86,17.6496,14.4573,13.3341,14.594,16.0092,0.4286,0.1855,0.2755,Above stretch,True,None,0.0,5402.74,0.1809,104.34,61.0,0.0275
2026-06-01,20145,Laminator - Premium brand,Office & Stationery,CU2143,Burrard Foods,Sub-Distributor,B,167.99,19.6128,16.139,21.3104,23.4265,25.7787,0.0621,0.1514,0.2414,Below floor,False,VP Finance,486.0,168.48,0.1771,88.3,31.0,0.0766
2026-06-01,20162,Gel Pens - Private label,Office & Stationery,CU2143,Burrard Foods,Sub-Distributor,B,40.92,22.2327,18.0201,15.5212,17.0313,18.7577,0.5205,0.236,0.326,Above stretch,True,None,0.0,383.84,0.1895,113.57,61.0,0.0768
2026-06-01,20061,Multivitamin - Premium brand,Health & Beauty,CU2144,Coastal Fine Foods,Marketplace Seller,C,794.51,23.3185,20.8887,18.403,20.3363,22.4951,0.3626,0.1664,0.2564,Above stretch,True,None,0.0,6017.14,0.1042,108.31,1004.0,0.0516
2026-06-01,20151,Tool Chest - Private label,Tools & Hardware,CU2144,Coastal Fine Foods,Marketplace Seller,C,475.07,16.2665,14.0544,12.3235,13.7133,15.314,0.4642,0.2552,0.3452,Above stretch,True,None,0.0,3099.07,0.136,109.79,31.0,-0.0377
2026-06-01,20142,Yoga Mat - National brand,Sporting Goods,CU2144,Coastal Fine Foods,Marketplace Seller,C,224.72,30.6656,27.345,26.0768,28.6366,31.4491,0.2593,0.1099,0.1999,At target,True,None,0.0,1593.2,0.1083,111.75,0.0,0.0
2026-06-01,20183,Cooler Box - Premium brand,Sporting Goods,CU2144,Coastal Fine Foods,Marketplace Seller,C,780.54,81.581,72.5813,66.7748,73.6338,81.2591,0.3249,0.1519,0.2419,Above stretch,True,None,0.0,18406.85,0.1103,143.46,61.0,-0.0696
2026-06-01,20063,Camping Tent - Premium brand,Sporting Goods,CU2144,Coastal Fine Foods,Marketplace Seller,C,151.29,98.3978,78.14,92.8748,101.6332,111.4051,0.2229,0.1638,0.2538,Below target,True,Sales manager,365.25,2635.12,0.2059,125.65,0.0,0.0
2026-06-01,20105,Pet Bed - Premium brand,Pet Supplies,CU2144,Coastal Fine Foods,Marketplace Seller,C,1173.52,20.8853,17.3506,21.9351,24.2083,26.7586,0.132,0.1815,0.2715,Below floor,False,VP Finance,2840.84,2687.24,0.1692,,61.0,0.1305
2026-06-01,20001,Multivitamin - Private label,Health & Beauty,CU2144,Coastal Fine Foods,Marketplace Seller,C,71.85,19.9168,16.2889,18.9754,21.1021,23.5568,0.3032,0.2605,0.3505,Below target,True,Sales manager,55.31,354.9,0.1822,89.07,31.0,-0.0099
2026-06-01,20229,Chew Toy Pack - National brand,Pet Supplies,CU2145,Harbour Trading Co,Regional Retail Chain,D,32.4,21.5552,19.2332,19.449,21.2961,23.308,0.1767,0.0755,0.1655,At target,True,None,0.0,110.14,0.1077,,0.0,0.0
2026-06-01,20022,Tool Chest - Value,Tools & Hardware,CU2145,Harbour Trading Co,Regional Retail Chain,D,46.81,46.3595,40.5208,46.9285,51.4137,56.311,0.0727,0.0855,0.1755,Below floor,False,VP Finance,195.07,137.82,0.1259,85.33,0.0,0.0
2026-06-01,20003,Storage Bins - National brand,Home & Kitchen,CU2146,Kootenay Table,E-commerce Pure-Play,D,197.42,31.045,29.4086,24.0073,26.4407,29.0957,0.3021,0.0826,0.1726,Above stretch,True,None,0.0,1754.18,0.0527,99.95,0.0,0.0
2026-06-01,20090,Yoga Mat - Private label,Sporting Goods,CU2146,Kootenay Table,E-commerce Pure-Play,D,61.59,31.9466,30.3336,37.436,42.1585,47.5403,0.0875,0.2273,0.3173,Below floor,False,VP Finance,429.38,163.41,0.0505,105.38,1004.0,0.4546
2026-06-01,20131,Air Fryer - Value,Home & Kitchen,CU2146,Kootenay Table,E-commerce Pure-Play,D,15.0,29.9726,28.2477,24.1692,26.6526,29.3718,0.2822,0.0966,0.1866,Above stretch,True,None,0.0,119.57,0.0575,93.69,0.0,0.0
2026-06-01,20179,Nonstick Cookware Set - Private label,Home & Kitchen,CU2146,Kootenay Table,E-commerce Pure-Play,D,15.0,45.9419,43.7248,34.676,39.1441,44.2926,0.4478,0.2562,0.3462,Above stretch,True,None,0.0,293.73,0.0483,83.32,120.0,0.0676
2026-06-01,20229,Chew Toy Pack - National brand,Pet Supplies,CU2146,Kootenay Table,E-commerce Pure-Play,D,88.61,21.5552,20.2177,18.4645,20.3116,22.3235,0.2168,0.0755,0.1655,At target,True,None,0.0,388.45,0.062,,0.0,0.0
2026-06-01,20147,Laptop Sleeve - Value,Apparel & Accessories,CU2146,Kootenay Table,E-commerce Pure-Play,D,15.0,30.7308,28.7439,23.0271,25.3459,27.8829,0.3364,0.0934,0.1834,Above stretch,True,None,0.0,145.03,0.0647,87.78,31.0,0.0085
2026-06-01,20157,Camping Tent - Value,Sporting Goods,CU2147,Cedar Hospitality,Marketplace Seller,D,15.0,51.8245,49.6916,48.9868,54.082,59.6411,0.1348,0.0824,0.1724,Below target,True,Sales manager,28.02,100.48,0.0412,70.38,120.0,0.0249
2026-06-01,20201,Dry Dog Food - Value,Pet Supplies,CU2147,Cedar Hospitality,Marketplace Seller,D,15.0,22.126,20.6761,22.3838,24.6975,27.2302,0.0844,0.0957,0.1857,Below floor,False,VP Finance,31.41,26.18,0.0655,107.98,31.0,0.0207
2026-06-01,20099,Bluetooth Speaker - Premium brand,Consumer Electronics,CU2147,Cedar Hospitality,Marketplace Seller,D,15.0,68.9696,66.6368,38.9063,43.3305,48.27,0.5423,0.166,0.256,Above stretch,True,None,0.0,542.02,0.0338,72.87,61.0,-0.0337
2026-06-01,20193,Wireless Earbuds - Private label,Consumer Electronics,CU2147,Cedar Hospitality,Marketplace Seller,D,18.16,39.4741,37.6951,46.509,52.8288,60.1609,0.1373,0.273,0.363,Below floor,False,VP Finance,154.49,94.0,0.0451,90.8,120.0,-0.0175
2026-06-01,20120,Bluetooth Speaker - Premium brand,Consumer Electronics,CU2147,Cedar Hospitality,Marketplace Seller,D,28.9,68.1132,65.9491,36.876,41.1247,45.881,0.5656,0.1747,0.2647,Above stretch,True,None,0.0,1078.01,0.0318,100.4,0.0,0.0
2026-06-01,20195,Mechanical Keyboard - National brand,Consumer Electronics,CU2148,Salish Kitchen Group,Regional Retail Chain,C,52.31,48.5447,40.9409,32.9845,35.8105,38.9089,0.4431,0.1017,0.1917,Above stretch,True,None,0.0,948.98,0.1566,98.69,1004.0,-0.2389
2026-06-01,20152,Copy Paper - Private label,Office & Stationery,CU2148,Salish Kitchen Group,Regional Retail Chain,C,58.04,22.6466,18.4264,25.426,28.3599,31.745,0.1478,0.2595,0.3495,Below floor,False,VP Finance,215.71,158.07,0.1864,107.79,120.0,0.1226
2026-06-01,20028,Adjustable Dumbbells - Value,Sporting Goods,CU2148,Salish Kitchen Group,Regional Retail Chain,C,339.18,32.4259,26.9734,26.1346,28.4221,30.9267,0.3071,0.0963,0.1863,Above stretch,True,None,0.0,2809.43,0.1682,93.25,1035.0,-0.1147
2026-06-01,20201,Dry Dog Food - Value,Pet Supplies,CU2148,Salish Kitchen Group,Regional Retail Chain,C,41.06,22.126,18.0724,24.9875,27.3012,29.8339,-0.0475,0.0957,0.1857,Loss-making,False,VP Finance,173.03,-35.23,0.1832,107.98,31.0,0.0207
2026-06-01,20021,Bedding Set - National brand,Home & Kitchen,CU2148,Salish Kitchen Group,Regional Retail Chain,C,22.2,44.6055,37.9907,39.1421,42.7126,46.6156,0.221,0.0901,0.1801,At target,True,None,0.0,186.35,0.1483,99.4,92.0,0.0256
2026-06-01,20237,Bluetooth Speaker - Value,Consumer Electronics,CU2148,Salish Kitchen Group,Regional Retail Chain,C,456.93,50.0799,43.2366,40.5366,44.2582,48.3317,0.2949,0.0952,0.1852,Above stretch,True,None,0.0,5826.27,0.1366,101.18,0.0,0.0
2026-06-01,20175,Cat Litter - Private label,Pet Supplies,CU2148,Salish Kitchen Group,Regional Retail Chain,C,15.0,16.1177,12.4681,16.5599,18.3282,20.363,0.2264,0.2529,0.3429,Below floor,False,VP Finance,21.79,42.34,0.2264,,0.0,0.0
2026-06-01,20111,27in Monitor - Private label,Consumer Electronics,CU2148,Salish Kitchen Group,Regional Retail Chain,C,254.04,30.8949,26.1722,30.4849,34.0438,38.1482,0.2701,0.2585,0.3485,Below target,True,Commercial director,521.17,1795.94,0.1529,108.16,0.0,0.0
2026-06-01,20015,Body Wash - Value,Health & Beauty,CU2149,Mount Supply,Corporate & B2B Buyer,D,15.0,12.442,10.5747,11.3039,12.3166,13.4186,0.1713,0.0714,0.1614,At target,True,None,0.0,27.18,0.1501,104.23,0.0,0.0
2026-06-01,20170,Laminator - National brand,Office & Stationery,CU2149,Mount Supply,Corporate & B2B Buyer,D,15.0,29.2528,26.1998,18.2133,19.9182,21.7913,0.4848,0.1097,0.1997,Above stretch,True,None,0.0,190.54,0.1044,97.16,0.0,0.0
2026-06-01,20221,Laptop Sleeve - National brand,Apparel & Accessories,CU2149,Mount Supply,Corporate & B2B Buyer,D,15.53,20.9311,18.0252,23.2688,25.5718,28.105,-0.0007,0.1142,0.2042,Loss-making,False,VP Finance,57.35,-0.19,0.1388,93.77,31.0,-0.0118
2026-06-01,20133,Mechanical Keyboard - Premium brand,Consumer Electronics,CU2149,Mount Supply,Corporate & B2B Buyer,D,48.06,31.0248,26.9308,27.834,30.7545,34.0277,0.2757,0.1784,0.2684,At target,True,None,0.0,356.89,0.132,114.24,31.0,0.0411
2026-06-01,20232,Webcam - Value,Consumer Electronics,CU2149,Mount Supply,Corporate & B2B Buyer,D,113.31,35.6952,32.6573,28.0099,30.6974,33.6231,0.2917,0.0737,0.1637,Above stretch,True,None,0.0,1079.36,0.0851,94.31,31.0,0.0553
2026-06-01,20141,Socket Set - Premium brand,Tools & Hardware,CU2149,Mount Supply,Corporate & B2B Buyer,D,52.82,48.9453,45.4189,32.9194,36.5461,40.6139,0.4697,0.1806,0.2706,Above stretch,True,None,0.0,1126.88,0.072,103.9,0.0,0.0
