code,severity,alert,product_id,customer_id,description,pocket_margin_pct,price_index,margin_at_risk,action,category,segment,customer_name,quantity_units,list_price,pocket_price
UNDER_MARKET,4,Amber,20204,CU2107,"Adjustable Dumbbells - Premium brand, Bulk pallet 144",0.3854,80.34,71578.15,Priced well under the market with margin to spare. A price rise here is the cheapest margin in the book.,Sporting Goods,E-commerce Pure-Play,Selkirk Bistro,4169.52,55.6615,44.5433
LEAKAGE,3,Amber,20052,CU2107,"Fastener Assortment - Value, Case 24",0.2181,118.65,54203.96,More than a quarter of list never reaches us. The off-invoice deductions are where to look first.,Tools & Hardware,E-commerce Pure-Play,Selkirk Bistro,9294.55,38.6068,26.7439
OVER_MARKET,5,Amber,20052,CU2107,"Fastener Assortment - Value, Case 24",0.2181,118.65,54203.96,Priced well over the market. Volume is exposed unless the premium is one the customer can name.,Tools & Hardware,E-commerce Pure-Play,Selkirk Bistro,9294.55,38.6068,26.7439
OVER_MARKET,5,Amber,20052,CU2096,"Fastener Assortment - Value, Case 24",0.2891,118.65,53712.26,Priced well over the market. Volume is exposed unless the premium is one the customer can name.,Tools & Hardware,Marketplace Seller,Riverside Market,6316.34,38.6068,29.4158
BELOW_FLOOR,2,Red,20092,CU2016,"Yoga Mat - Premium brand, Each",0.0691,76.18,46920.26,"Pocket margin is under the floor. Reprice, or get the exception signed.",Sporting Goods,Corporate & B2B Buyer,Alder Trading Co,5821.68,50.1679,40.4148
UNDER_MARKET,4,Amber,20092,CU2016,"Yoga Mat - Premium brand, Each",0.0691,76.18,46920.26,Priced well under the market with margin to spare. A price rise here is the cheapest margin in the book.,Sporting Goods,Corporate & B2B Buyer,Alder Trading Co,5821.68,50.1679,40.4148
LEAKAGE,3,Amber,20052,CU2006,"Fastener Assortment - Value, Case 24",0.2316,118.65,41450.44,More than a quarter of list never reaches us. The off-invoice deductions are where to look first.,Tools & Hardware,Independent Retailer,Coastal Larder,6576.93,38.6068,27.2145
OVER_MARKET,5,Amber,20052,CU2006,"Fastener Assortment - Value, Case 24",0.2316,118.65,41450.44,Priced well over the market. Volume is exposed unless the premium is one the customer can name.,Tools & Hardware,Independent Retailer,Coastal Larder,6576.93,38.6068,27.2145
UNDER_MARKET,4,Amber,20029,CU2016,"27in Monitor - Private label, Inner pack 6",0.491,88.4,40176.77,Priced well under the market with margin to spare. A price rise here is the cheapest margin in the book.,Consumer Electronics,Corporate & B2B Buyer,Alder Trading Co,1392.3,75.3392,58.769
UNDER_MARKET,4,Amber,20029,CU2023,"27in Monitor - Private label, Inner pack 6",0.4741,88.4,34945.72,Priced well under the market with margin to spare. A price rise here is the cheapest margin in the book.,Consumer Electronics,E-commerce Pure-Play,Summit Provisions,1295.86,75.3392,56.8798
BELOW_FLOOR,2,Red,20164,CU2080,"27in Monitor - Value, Inner pack 6",0.0204,121.22,31645.9,"Pocket margin is under the floor. Reprice, or get the exception signed.",Consumer Electronics,Government & Education,Cedar Catering,4847.16,63.3228,52.0024
OVER_MARKET,5,Amber,20164,CU2080,"27in Monitor - Value, Inner pack 6",0.0204,121.22,31645.9,Priced well over the market. Volume is exposed unless the premium is one the customer can name.,Consumer Electronics,Government & Education,Cedar Catering,4847.16,63.3228,52.0024
BELOW_FLOOR,2,Red,20092,CU2124,"Yoga Mat - Premium brand, Each",0.134,76.18,30993.77,"Pocket margin is under the floor. Reprice, or get the exception signed.",Sporting Goods,Marketplace Seller,Mount Fine Foods,5305.44,50.1679,43.4465
UNDER_MARKET,4,Amber,20092,CU2124,"Yoga Mat - Premium brand, Each",0.134,76.18,30993.77,Priced well under the market with margin to spare. A price rise here is the cheapest margin in the book.,Sporting Goods,Marketplace Seller,Mount Fine Foods,5305.44,50.1679,43.4465
STALE,6,Green,20140,CU2107,"Work Gloves - National brand, Case 24",0.2039,114.18,29629.41,No price change in over a year while input costs moved. Review.,Tools & Hardware,E-commerce Pure-Play,Selkirk Bistro,3170.82,56.7436,45.838
UNDER_MARKET,4,Amber,20117,CU2016,"27in Monitor - Private label, Each",0.5821,87.52,29217.37,Priced well under the market with margin to spare. A price rise here is the cheapest margin in the book.,Consumer Electronics,Corporate & B2B Buyer,Alder Trading Co,1116.07,54.6112,44.9712
STALE,6,Green,20117,CU2016,"27in Monitor - Private label, Each",0.5821,87.52,29217.37,No price change in over a year while input costs moved. Review.,Consumer Electronics,Corporate & B2B Buyer,Alder Trading Co,1116.07,54.6112,44.9712
UNDER_MARKET,4,Amber,20232,CU2127,"Adjustable Dumbbells - Premium brand, Each",0.4688,91.85,29144.33,Priced well under the market with margin to spare. A price rise here is the cheapest margin in the book.,Sporting Goods,Corporate & B2B Buyer,Sunshine Public House,1019.71,75.9783,60.9612
LOSS,1,Red,20101,CU2022,"Chew Toy Pack - National brand, Each",-0.2508,85.65,27166.68,Selling below cost once every deduction is counted. Stop quoting this combination until the cost or the deductions change.,Pet Supplies,Regional Retail Chain,Summit Supply,2742.68,34.0418,22.0003
LEAKAGE,3,Amber,20101,CU2022,"Chew Toy Pack - National brand, Each",-0.2508,85.65,27166.68,More than a quarter of list never reaches us. The off-invoice deductions are where to look first.,Pet Supplies,Regional Retail Chain,Summit Supply,2742.68,34.0418,22.0003
UNDER_MARKET,4,Amber,20101,CU2022,"Chew Toy Pack - National brand, Each",-0.2508,85.65,27166.68,Priced well under the market with margin to spare. A price rise here is the cheapest margin in the book.,Pet Supplies,Regional Retail Chain,Summit Supply,2742.68,34.0418,22.0003
LEAKAGE,3,Amber,20225,CU2022,"Air Fryer - Private label, Case 24",0.3447,,25922.98,More than a quarter of list never reaches us. The off-invoice deductions are where to look first.,Home & Kitchen,Regional Retail Chain,Summit Supply,2063.34,49.3361,36.4485
UNDER_MARKET,4,Amber,20090,CU2080,"Pet Bed - National brand, Bulk pallet 144",0.3829,83.99,25288.44,Priced well under the market with margin to spare. A price rise here is the cheapest margin in the book.,Pet Supplies,Government & Education,Cedar Catering,1248.14,64.639,52.9153
OVER_MARKET,5,Amber,20202,CU2050,"Cooler Box - Premium brand, Case 24",0.3112,122.27,24597.45,Priced well over the market. Volume is exposed unless the premium is one the customer can name.,Sporting Goods,Marketplace Seller,Cedar Butchery,975.71,104.2581,81.0125
STALE,6,Green,20202,CU2050,"Cooler Box - Premium brand, Case 24",0.3112,122.27,24597.45,No price change in over a year while input costs moved. Review.,Sporting Goods,Marketplace Seller,Cedar Butchery,975.71,104.2581,81.0125
UNDER_MARKET,4,Amber,20204,CU2050,"Adjustable Dumbbells - Premium brand, Bulk pallet 144",0.3626,80.34,23168.23,Priced well under the market with margin to spare. A price rise here is the cheapest margin in the book.,Sporting Goods,Marketplace Seller,Cedar Butchery,1487.89,55.6615,42.9475
BELOW_FLOOR,2,Red,20092,CU2115,"Yoga Mat - Premium brand, Each",0.1494,76.18,22528.31,"Pocket margin is under the floor. Reprice, or get the exception signed.",Sporting Goods,Sub-Distributor,Riverside Hospitality,4276.01,50.1679,44.2303
UNDER_MARKET,4,Amber,20092,CU2115,"Yoga Mat - Premium brand, Each",0.1494,76.18,22528.31,Priced well under the market with margin to spare. A price rise here is the cheapest margin in the book.,Sporting Goods,Sub-Distributor,Riverside Hospitality,4276.01,50.1679,44.2303
UNDER_MARKET,4,Amber,20204,CU2142,"Adjustable Dumbbells - Premium brand, Bulk pallet 144",0.448,80.34,20632.46,Priced well under the market with margin to spare. A price rise here is the cheapest margin in the book.,Sporting Goods,Marketplace Seller,Mount Public House,928.47,55.6615,49.5983
UNDER_MARKET,4,Amber,20098,CU2107,"Laptop Sleeve - Private label, Each",0.5196,90.23,20385.65,Priced well under the market with margin to spare. A price rise here is the cheapest margin in the book.,Apparel & Accessories,E-commerce Pure-Play,Selkirk Bistro,1206.23,39.5264,32.5265
LEAKAGE,3,Amber,20090,CU2022,"Pet Bed - National brand, Bulk pallet 144",0.3106,83.99,19424.25,More than a quarter of list never reaches us. The off-invoice deductions are where to look first.,Pet Supplies,Regional Retail Chain,Summit Supply,1320.47,64.639,47.3645
UNDER_MARKET,4,Amber,20090,CU2022,"Pet Bed - National brand, Bulk pallet 144",0.3106,83.99,19424.25,Priced well under the market with margin to spare. A price rise here is the cheapest margin in the book.,Pet Supplies,Regional Retail Chain,Summit Supply,1320.47,64.639,47.3645
LOSS,1,Red,20033,CU2022,"Wireless Earbuds - National brand, Inner pack 6",-0.0858,105.07,19138.62,Selling below cost once every deduction is counted. Stop quoting this combination until the cost or the deductions change.,Consumer Electronics,Regional Retail Chain,Summit Supply,3727.84,25.1462,18.6029
LEAKAGE,3,Amber,20033,CU2022,"Wireless Earbuds - National brand, Inner pack 6",-0.0858,105.07,19138.62,More than a quarter of list never reaches us. The off-invoice deductions are where to look first.,Consumer Electronics,Regional Retail Chain,Summit Supply,3727.84,25.1462,18.6029
OVER_MARKET,5,Amber,20202,CU2135,"Cooler Box - Premium brand, Case 24",0.3345,122.27,17702.39,Priced well over the market. Volume is exposed unless the premium is one the customer can name.,Sporting Goods,Sub-Distributor,Okanagan Table,631.18,104.2581,83.8492
STALE,6,Green,20202,CU2135,"Cooler Box - Premium brand, Case 24",0.3345,122.27,17702.39,No price change in over a year while input costs moved. Review.,Sporting Goods,Sub-Distributor,Okanagan Table,631.18,104.2581,83.8492
LEAKAGE,3,Amber,20054,CU2107,"Work Gloves - National brand, Bulk pallet 144",0.2449,94.23,16235.32,More than a quarter of list never reaches us. The off-invoice deductions are where to look first.,Tools & Hardware,E-commerce Pure-Play,Selkirk Bistro,1272.66,77.3507,52.0839
STALE,6,Green,20140,CU2014,"Work Gloves - National brand, Case 24",0.2949,114.18,15284.47,No price change in over a year while input costs moved. Review.,Tools & Hardware,Marketplace Seller,Salish Foods,1001.61,56.7436,51.7535
UNDER_MARKET,4,Amber,20232,CU2037,"Adjustable Dumbbells - Premium brand, Each",0.5127,91.85,15000.24,Priced well under the market with margin to spare. A price rise here is the cheapest margin in the book.,Sporting Goods,Marketplace Seller,Harbour Provisions,440.25,75.9783,66.4523
UNDER_MARKET,4,Amber,20117,CU2010,"27in Monitor - Private label, Each",0.5841,87.52,14806.7,Priced well under the market with margin to spare. A price rise here is the cheapest margin in the book.,Consumer Electronics,Sub-Distributor,Coastal Table,561.1,54.6112,45.1811
STALE,6,Green,20117,CU2010,"27in Monitor - Private label, Each",0.5841,87.52,14806.7,No price change in over a year while input costs moved. Review.,Consumer Electronics,Sub-Distributor,Coastal Table,561.1,54.6112,45.1811
UNDER_MARKET,4,Amber,20027,CU2063,"Safety Boots - Premium brand, Each",0.3154,74.55,14356.46,Priced well under the market with margin to spare. A price rise here is the cheapest margin in the book.,Apparel & Accessories,Sub-Distributor,Stanley Table,574.38,91.8668,79.2586
UNDER_MARKET,4,Amber,20029,CU2071,"27in Monitor - Private label, Inner pack 6",0.5292,88.4,14324.22,Priced well under the market with margin to spare. A price rise here is the cheapest margin in the book.,Consumer Electronics,Regional Retail Chain,Harbour Table,425.98,75.3392,63.5391
UNDER_MARKET,4,Amber,20220,CU2096,"Air Fryer - Premium brand, Inner pack 6",0.2598,91.17,14220.02,Priced well under the market with margin to spare. A price rise here is the cheapest margin in the book.,Home & Kitchen,Marketplace Seller,Riverside Market,850.8,80.0931,64.325
OVER_MARKET,5,Amber,20052,CU2117,"Fastener Assortment - Value, Case 24",0.3797,118.65,14018.63,Priced well over the market. Volume is exposed unless the premium is one the customer can name.,Tools & Hardware,Marketplace Seller,Summit Market,1095.12,38.6068,33.7131
LOSS,1,Red,20033,CU2023,"Wireless Earbuds - National brand, Inner pack 6",-0.0153,105.07,12919.34,Selling below cost once every deduction is counted. Stop quoting this combination until the cost or the deductions change.,Consumer Electronics,E-commerce Pure-Play,Summit Provisions,3159.53,25.1462,19.8933
UNDER_MARKET,4,Amber,20060,CU2080,"USB-C Charger - Private label, Case 12",0.3422,88.87,12873.17,Priced well under the market with margin to spare. A price rise here is the cheapest margin in the book.,Consumer Electronics,Government & Education,Cedar Catering,1571.49,29.4791,23.9392
UNDER_MARKET,4,Amber,20073,CU2023,"HDMI Cable - National brand, Each",0.3871,88.57,11794.47,Priced well under the market with margin to spare. A price rise here is the cheapest margin in the book.,Consumer Electronics,E-commerce Pure-Play,Summit Provisions,659.34,60.1678,46.2063
STALE,6,Green,20073,CU2023,"HDMI Cable - National brand, Each",0.3871,88.57,11794.47,No price change in over a year while input costs moved. Review.,Consumer Electronics,E-commerce Pure-Play,Summit Provisions,659.34,60.1678,46.2063
LOSS,1,Red,20048,CU2127,"HDMI Cable - National brand, Master carton 48",-0.0475,99.07,11684.98,Selling below cost once every deduction is counted. Stop quoting this combination until the cost or the deductions change.,Consumer Electronics,Corporate & B2B Buyer,Sunshine Public House,628.1,108.0447,86.0083
BELOW_FLOOR,2,Red,20104,CU2127,"Bedding Set - National brand, Inner pack 6",0.0655,88.66,11536.62,"Pocket margin is under the floor. Reprice, or get the exception signed.",Home & Kitchen,Corporate & B2B Buyer,Sunshine Public House,1497.45,74.8776,61.5728
UNDER_MARKET,4,Amber,20104,CU2127,"Bedding Set - National brand, Inner pack 6",0.0655,88.66,11536.62,Priced well under the market with margin to spare. A price rise here is the cheapest margin in the book.,Home & Kitchen,Corporate & B2B Buyer,Sunshine Public House,1497.45,74.8776,61.5728
UNDER_MARKET,4,Amber,20191,CU2127,"Cat Litter - Premium brand, Case 24",0.2834,88.71,11325.91,Priced well under the market with margin to spare. A price rise here is the cheapest margin in the book.,Pet Supplies,Corporate & B2B Buyer,Sunshine Public House,1159.99,41.9389,34.4497
OVER_MARKET,5,Amber,20202,CU2053,"Cooler Box - Premium brand, Case 24",0.4406,122.27,11018.6,Priced well over the market. Volume is exposed unless the premium is one the customer can name.,Sporting Goods,Corporate & B2B Buyer,Selkirk Foods,250.71,104.2581,99.7523
STALE,6,Green,20202,CU2053,"Cooler Box - Premium brand, Case 24",0.4406,122.27,11018.6,No price change in over a year while input costs moved. Review.,Sporting Goods,Corporate & B2B Buyer,Selkirk Foods,250.71,104.2581,99.7523
OVER_MARKET,5,Amber,20052,CU2025,"Fastener Assortment - Value, Case 24",0.3501,118.65,10118.76,Priced well over the market. Volume is exposed unless the premium is one the customer can name.,Tools & Hardware,E-commerce Pure-Play,Fraser Larder,898.16,38.6068,32.1782
BELOW_FLOOR,2,Red,20092,CU2008,"Yoga Mat - Premium brand, Each",0.1314,76.18,9962.91,"Pocket margin is under the floor. Reprice, or get the exception signed.",Sporting Goods,Independent Retailer,Kitsilano Table,1677.45,50.1679,43.3133
UNDER_MARKET,4,Amber,20092,CU2008,"Yoga Mat - Premium brand, Each",0.1314,76.18,9962.91,Priced well under the market with margin to spare. A price rise here is the cheapest margin in the book.,Sporting Goods,Independent Retailer,Kitsilano Table,1677.45,50.1679,43.3133
UNDER_MARKET,4,Amber,20080,CU2135,"Bluetooth Speaker - Premium brand, Case 12",0.4408,86.81,9880.66,Priced well under the market with margin to spare. A price rise here is the cheapest margin in the book.,Consumer Electronics,Sub-Distributor,Okanagan Table,572.45,49.5575,39.1547
BELOW_FLOOR,2,Red,20149,CU2096,"Cordless Drill - Value, Each",0.0455,,9789.41,"Pocket margin is under the floor. Reprice, or get the exception signed.",Tools & Hardware,Marketplace Seller,Riverside Market,1976.19,43.3886,34.6524
UNDER_MARKET,4,Amber,20124,CU2107,"Socket Set - Value, Each",0.1954,82.71,9187.33,Priced well under the market with margin to spare. A price rise here is the cheapest margin in the book.,Tools & Hardware,E-commerce Pure-Play,Selkirk Bistro,1244.98,46.1251,37.7682
STALE,6,Green,20140,CU2010,"Work Gloves - National brand, Case 24",0.2214,114.18,9176.07,No price change in over a year while input costs moved. Review.,Tools & Hardware,Sub-Distributor,Coastal Table,884.5,56.7436,46.8679
UNDER_MARKET,4,Amber,20029,CU2070,"27in Monitor - Private label, Inner pack 6",0.5101,88.4,9149.98,Priced well under the market with margin to spare. A price rise here is the cheapest margin in the book.,Consumer Electronics,Marketplace Seller,Riverside Public House,293.83,75.3392,61.053
OVER_MARKET,5,Amber,20052,CU2064,"Fastener Assortment - Value, Case 24",0.3257,118.65,9090.52,Priced well over the market. Volume is exposed unless the premium is one the customer can name.,Tools & Hardware,Independent Retailer,Cedar Trading Co,900.15,38.6068,31.011
UNDER_MARKET,4,Amber,20117,CU2124,"27in Monitor - Private label, Each",0.6019,87.52,8988.99,Priced well under the market with margin to spare. A price rise here is the cheapest margin in the book.,Consumer Electronics,Marketplace Seller,Mount Fine Foods,316.33,54.6112,47.2089
STALE,6,Green,20117,CU2124,"27in Monitor - Private label, Each",0.6019,87.52,8988.99,No price change in over a year while input costs moved. Review.,Consumer Electronics,Marketplace Seller,Mount Fine Foods,316.33,54.6112,47.2089
STALE,6,Green,20140,CU2091,"Work Gloves - National brand, Case 24",0.2083,114.18,8682.7,No price change in over a year while input costs moved. Review.,Tools & Hardware,Independent Retailer,Selkirk Catering,904.26,56.7436,46.0956
UNDER_MARKET,4,Amber,20162,CU2016,"Electric Toothbrush - National brand, Case 12",0.4783,70.54,8653.85,Priced well under the market with margin to spare. A price rise here is the cheapest margin in the book.,Health & Beauty,Corporate & B2B Buyer,Alder Trading Co,714.71,31.47,25.3128
UNDER_MARKET,4,Amber,20090,CU2094,"Pet Bed - National brand, Bulk pallet 144",0.4427,83.99,8503.18,Priced well under the market with margin to spare. A price rise here is the cheapest margin in the book.,Pet Supplies,Regional Retail Chain,Harbour Hospitality,327.75,64.639,58.5985
OVER_MARKET,5,Amber,20052,CU2042,"Fastener Assortment - Value, Case 24",0.351,118.65,8337.85,Priced well over the market. Volume is exposed unless the premium is one the customer can name.,Tools & Hardware,Corporate & B2B Buyer,Okanagan Provisions,737.23,38.6068,32.2218
UNDER_MARKET,4,Amber,20204,CU2031,"Adjustable Dumbbells - Premium brand, Bulk pallet 144",0.4745,80.34,8165.03,Priced well under the market with margin to spare. A price rise here is the cheapest margin in the book.,Sporting Goods,Corporate & B2B Buyer,Juniper Public House,330.37,55.6615,52.0911
OVER_MARKET,5,Amber,20052,CU2046,"Fastener Assortment - Value, Case 24",0.3415,118.65,8133.78,Priced well over the market. Volume is exposed unless the premium is one the customer can name.,Tools & Hardware,Marketplace Seller,Kitsilano Catering,750.12,38.6068,31.7554
UNDER_MARKET,4,Amber,20117,CU2108,"27in Monitor - Private label, Each",0.5955,87.52,8070.45,Priced well under the market with margin to spare. A price rise here is the cheapest margin in the book.,Consumer Electronics,Sub-Distributor,Okanagan Market,291.73,54.6112,46.4565
STALE,6,Green,20117,CU2108,"27in Monitor - Private label, Each",0.5955,87.52,8070.45,No price change in over a year while input costs moved. Review.,Consumer Electronics,Sub-Distributor,Okanagan Market,291.73,54.6112,46.4565
STALE,6,Green,20210,CU2050,"Socket Set - Private label, Each",0.4222,110.52,8044.06,No price change in over a year while input costs moved. Review.,Tools & Hardware,Marketplace Seller,Cedar Butchery,589.49,41.4339,32.3232
UNDER_MARKET,4,Amber,20124,CU2078,"Socket Set - Value, Each",0.299,82.71,8024.61,Priced well under the market with margin to spare. A price rise here is the cheapest margin in the book.,Tools & Hardware,E-commerce Pure-Play,Juniper Market,619.14,46.1251,43.3496
UNDER_MARKET,4,Amber,20092,CU2136,"Yoga Mat - Premium brand, Each",0.1934,76.18,7942.17,Priced well under the market with margin to spare. A price rise here is the cheapest margin in the book.,Sporting Goods,Government & Education,Alder Table,2267.54,50.1679,46.6445
UNDER_MARKET,4,Amber,20098,CU2148,"Laptop Sleeve - Private label, Each",0.5344,90.23,7819.89,Priced well under the market with margin to spare. A price rise here is the cheapest margin in the book.,Apparel & Accessories,Regional Retail Chain,Salish Kitchen Group,436.02,39.5264,33.5609
UNDER_MARKET,4,Amber,20239,CU2043,"Multivitamin - Private label, Inner pack 6",0.4323,87.69,7671.38,Priced well under the market with margin to spare. A price rise here is the cheapest margin in the book.,Health & Beauty,Government & Education,Kootenay Hospitality,713.57,29.9798,24.8695
UNDER_MARKET,4,Amber,20080,CU2109,"Bluetooth Speaker - Premium brand, Case 12",0.5043,86.81,7448.25,Priced well under the market with margin to spare. A price rise here is the cheapest margin in the book.,Consumer Electronics,Subscription Box Operator,Kootenay Trading Co,334.41,49.5575,44.1672
LEAKAGE,3,Amber,20054,CU2063,"Work Gloves - National brand, Bulk pallet 144",0.3218,94.23,7438.86,More than a quarter of list never reaches us. The off-invoice deductions are where to look first.,Tools & Hardware,Sub-Distributor,Stanley Table,398.67,77.3507,57.9861
LEAKAGE,3,Amber,20054,CU2096,"Work Gloves - National brand, Bulk pallet 144",0.2896,94.23,7430.99,More than a quarter of list never reaches us. The off-invoice deductions are where to look first.,Tools & Hardware,Marketplace Seller,Riverside Market,463.62,77.3507,55.3551
LEAKAGE,3,Amber,20031,CU2022,"Laptop Sleeve - Premium brand, Master carton 48",0.3867,92.88,7312.76,More than a quarter of list never reaches us. The off-invoice deductions are where to look first.,Apparel & Accessories,Regional Retail Chain,Summit Supply,604.95,41.8966,31.2567
BELOW_FLOOR,2,Red,20174,CU2016,"Socket Set - National brand, Each",0.0592,,7196.96,"Pocket margin is under the floor. Reprice, or get the exception signed.",Tools & Hardware,Corporate & B2B Buyer,Alder Trading Co,2131.64,33.942,27.1518
STALE,6,Green,20174,CU2016,"Socket Set - National brand, Each",0.0592,,7196.96,No price change in over a year while input costs moved. Review.,Tools & Hardware,Corporate & B2B Buyer,Alder Trading Co,2131.64,33.942,27.1518
UNDER_MARKET,4,Amber,20027,CU2014,"Safety Boots - Premium brand, Each",0.3618,74.55,7173.33,Priced well under the market with margin to spare. A price rise here is the cheapest margin in the book.,Apparel & Accessories,Marketplace Seller,Salish Foods,233.21,91.8668,85.023
UNDER_MARKET,4,Amber,20222,CU2142,"Socket Set - National brand, Case 24",0.301,82.73,7090.05,Priced well under the market with margin to spare. A price rise here is the cheapest margin in the book.,Tools & Hardware,Marketplace Seller,Mount Public House,756.32,35.5677,31.149
LOSS,1,Red,20185,CU2016,"Bluetooth Speaker - Value, Master carton 48",-0.0874,80.66,6926.7,Selling below cost once every deduction is counted. Stop quoting this combination until the cost or the deductions change.,Consumer Electronics,Corporate & B2B Buyer,Alder Trading Co,595.61,65.3695,50.8457
UNDER_MARKET,4,Amber,20185,CU2016,"Bluetooth Speaker - Value, Master carton 48",-0.0874,80.66,6926.7,Priced well under the market with margin to spare. A price rise here is the cheapest margin in the book.,Consumer Electronics,Corporate & B2B Buyer,Alder Trading Co,595.61,65.3695,50.8457
UNDER_MARKET,4,Amber,20060,CU2077,"USB-C Charger - Private label, Case 12",0.3453,88.87,6906.02,Priced well under the market with margin to spare. A price rise here is the cheapest margin in the book.,Consumer Electronics,Corporate & B2B Buyer,Burrard Public House,831.68,29.4791,24.0512
UNDER_MARKET,4,Amber,20103,CU2135,"Power Bank - National brand, Inner pack 6",0.356,83.06,6718.5,Priced well under the market with margin to spare. A price rise here is the cheapest margin in the book.,Consumer Electronics,Sub-Distributor,Okanagan Table,427.93,54.4089,44.102
UNDER_MARKET,4,Amber,20191,CU2091,"Cat Litter - Premium brand, Case 24",0.2711,88.71,6698.75,Priced well under the market with margin to spare. A price rise here is the cheapest margin in the book.,Pet Supplies,Independent Retailer,Selkirk Catering,729.6,41.9389,33.8673
BELOW_FLOOR,2,Red,20192,CU2006,"Body Wash - National brand, Inner pack 6",0.059,88.64,6613.01,"Pocket margin is under the floor. Reprice, or get the exception signed.",Health & Beauty,Independent Retailer,Coastal Larder,3215.13,22.3688,13.9871
LEAKAGE,3,Amber,20192,CU2006,"Body Wash - National brand, Inner pack 6",0.059,88.64,6613.01,More than a quarter of list never reaches us. The off-invoice deductions are where to look first.,Health & Beauty,Independent Retailer,Coastal Larder,3215.13,22.3688,13.9871
UNDER_MARKET,4,Amber,20192,CU2006,"Body Wash - National brand, Inner pack 6",0.059,88.64,6613.01,Priced well under the market with margin to spare. A price rise here is the cheapest margin in the book.,Health & Beauty,Independent Retailer,Coastal Larder,3215.13,22.3688,13.9871
UNDER_MARKET,4,Amber,20080,CU2108,"Bluetooth Speaker - Premium brand, Case 12",0.467,86.81,6604.09,Priced well under the market with margin to spare. A price rise here is the cheapest margin in the book.,Consumer Electronics,Sub-Distributor,Okanagan Market,344.3,49.5575,41.0756
UNDER_MARKET,4,Amber,20029,CU2045,"27in Monitor - Private label, Inner pack 6",0.5554,88.4,6574.39,Priced well under the market with margin to spare. A price rise here is the cheapest margin in the book.,Consumer Electronics,Subscription Box Operator,Sunshine Butchery,175.94,75.3392,67.2798
UNDER_MARKET,4,Amber,20029,CU2121,"27in Monitor - Private label, Inner pack 6",0.4863,88.4,6510.96,Priced well under the market with margin to spare. A price rise here is the cheapest margin in the book.,Consumer Electronics,Corporate & B2B Buyer,Riverside Table,229.97,75.3392,58.2248
LOSS,1,Red,20101,CU2121,"Chew Toy Pack - National brand, Each",-0.1231,85.65,6454.76,Selling below cost once every deduction is counted. Stop quoting this combination until the cost or the deductions change.,Pet Supplies,Corporate & B2B Buyer,Riverside Table,816.82,34.0418,24.502
LEAKAGE,3,Amber,20101,CU2121,"Chew Toy Pack - National brand, Each",-0.1231,85.65,6454.76,More than a quarter of list never reaches us. The off-invoice deductions are where to look first.,Pet Supplies,Corporate & B2B Buyer,Riverside Table,816.82,34.0418,24.502
UNDER_MARKET,4,Amber,20101,CU2121,"Chew Toy Pack - National brand, Each",-0.1231,85.65,6454.76,Priced well under the market with margin to spare. A price rise here is the cheapest margin in the book.,Pet Supplies,Corporate & B2B Buyer,Riverside Table,816.82,34.0418,24.502
STALE,6,Green,20028,CU2091,"Cycling Helmet - Premium brand, Inner pack 6",0.4642,109.83,6446.88,No price change in over a year while input costs moved. Review.,Sporting Goods,Independent Retailer,Selkirk Catering,285.49,58.8591,48.6519
LOSS,1,Red,20064,CU2022,"Hair Dryer - Value, Case 24",-0.0671,90.02,6429.59,Selling below cost once every deduction is counted. Stop quoting this combination until the cost or the deductions change.,Health & Beauty,Regional Retail Chain,Summit Supply,1656.79,21.7705,16.0174
LEAKAGE,3,Amber,20064,CU2022,"Hair Dryer - Value, Case 24",-0.0671,90.02,6429.59,More than a quarter of list never reaches us. The off-invoice deductions are where to look first.,Health & Beauty,Regional Retail Chain,Summit Supply,1656.79,21.7705,16.0174
UNDER_MARKET,4,Amber,20064,CU2022,"Hair Dryer - Value, Case 24",-0.0671,90.02,6429.59,Priced well under the market with margin to spare. A price rise here is the cheapest margin in the book.,Health & Beauty,Regional Retail Chain,Summit Supply,1656.79,21.7705,16.0174
UNDER_MARKET,4,Amber,20092,CU2111,"Yoga Mat - Premium brand, Each",0.1893,76.18,6315.11,Priced well under the market with margin to spare. A price rise here is the cheapest margin in the book.,Sporting Goods,Independent Retailer,Kitsilano Fine Foods,1717.56,50.1679,46.4063
OVER_MARKET,5,Amber,20052,CU2056,"Fastener Assortment - Value, Case 24",0.3408,118.65,6294.21,Priced well over the market. Volume is exposed unless the premium is one the customer can name.,Tools & Hardware,Regional Retail Chain,Juniper Bistro,582.15,38.6068,31.7241
OVER_MARKET,5,Amber,20052,CU2062,"Fastener Assortment - Value, Case 24",0.3172,118.65,6284.89,Priced well over the market. Volume is exposed unless the premium is one the customer can name.,Tools & Hardware,Independent Retailer,Summit Trading Co,646.92,38.6068,30.6272
UNDER_MARKET,4,Amber,20090,CU2050,"Pet Bed - National brand, Bulk pallet 144",0.3402,83.99,6245.86,Priced well under the market with margin to spare. A price rise here is the cheapest margin in the book.,Pet Supplies,Marketplace Seller,Cedar Butchery,370.91,64.639,49.4937
STALE,6,Green,20210,CU2091,"Socket Set - Private label, Each",0.4561,110.52,6201.74,No price change in over a year while input costs moved. Review.,Tools & Hardware,Independent Retailer,Selkirk Catering,395.89,41.4339,34.3427
UNDER_MARKET,4,Amber,20239,CU2136,"Multivitamin - Private label, Inner pack 6",0.4889,87.69,6158.48,Priced well under the market with margin to spare. A price rise here is the cheapest margin in the book.,Health & Beauty,Government & Education,Alder Table,455.92,29.9798,27.6266
BELOW_FLOOR,2,Red,20104,CU2077,"Bedding Set - National brand, Inner pack 6",0.0688,88.66,6124.44,"Pocket margin is under the floor. Reprice, or get the exception signed.",Home & Kitchen,Corporate & B2B Buyer,Burrard Public House,813.47,74.8776,61.7895
UNDER_MARKET,4,Amber,20104,CU2077,"Bedding Set - National brand, Inner pack 6",0.0688,88.66,6124.44,Priced well under the market with margin to spare. A price rise here is the cheapest margin in the book.,Home & Kitchen,Corporate & B2B Buyer,Burrard Public House,813.47,74.8776,61.7895
UNDER_MARKET,4,Amber,20232,CU2112,"Adjustable Dumbbells - Premium brand, Each",0.5222,91.85,6118.07,Priced well under the market with margin to spare. A price rise here is the cheapest margin in the book.,Sporting Goods,Government & Education,Stanley Provisions,172.9,75.9783,67.7652
LEAKAGE,3,Amber,20054,CU2016,"Work Gloves - National brand, Bulk pallet 144",0.2142,94.23,6036.55,More than a quarter of list never reaches us. The off-invoice deductions are where to look first.,Tools & Hardware,Corporate & B2B Buyer,Alder Trading Co,563.2,77.3507,50.0452
LOSS,1,Red,20161,CU2107,"LED Floor Lamp - National brand, Case 12",-0.0429,113.78,6036.18,Selling below cost once every deduction is counted. Stop quoting this combination until the cost or the deductions change.,Home & Kitchen,E-commerce Pure-Play,Selkirk Bistro,666.25,55.5327,45.2085
UNDER_MARKET,4,Amber,20120,CU2016,"Sunscreen SPF50 - Value, Bulk pallet 144",0.2333,85.65,6010.95,Priced well under the market with margin to spare. A price rise here is the cheapest margin in the book.,Health & Beauty,Corporate & B2B Buyer,Alder Trading Co,3125.33,10.2924,8.2442
UNDER_MARKET,4,Amber,20126,CU2037,"Smart Plug - Value, Master carton 48",0.4235,91.13,6006.28,Priced well under the market with margin to spare. A price rise here is the cheapest margin in the book.,Consumer Electronics,Marketplace Seller,Harbour Provisions,382.98,42.6607,37.0348
UNDER_MARKET,4,Amber,20090,CU2125,"Pet Bed - National brand, Bulk pallet 144",0.3785,83.99,5990.2,Priced well under the market with margin to spare. A price rise here is the cheapest margin in the book.,Pet Supplies,Marketplace Seller,Mount Bistro,301.18,64.639,52.5435
UNDER_MARKET,4,Amber,20117,CU2020,"27in Monitor - Private label, Each",0.6268,87.52,5899.76,Priced well under the market with margin to spare. A price rise here is the cheapest margin in the book.,Consumer Electronics,Marketplace Seller,Cedar Larder,186.92,54.6112,50.3554
STALE,6,Green,20117,CU2020,"27in Monitor - Private label, Each",0.6268,87.52,5899.76,No price change in over a year while input costs moved. Review.,Consumer Electronics,Marketplace Seller,Cedar Larder,186.92,54.6112,50.3554
OVER_MARKET,5,Amber,20164,CU2053,"27in Monitor - Value, Inner pack 6",0.1518,121.22,5722.78,Priced well over the market. Volume is exposed unless the premium is one the customer can name.,Consumer Electronics,Corporate & B2B Buyer,Selkirk Foods,627.45,63.3228,60.0647
UNDER_MARKET,4,Amber,20027,CU2117,"Safety Boots - Premium brand, Each",0.3677,74.55,5719.71,Priced well under the market with margin to spare. A price rise here is the cheapest margin in the book.,Apparel & Accessories,Marketplace Seller,Summit Market,181.28,91.8668,85.8157
STALE,6,Green,20076,CU2071,"Bedding Set - Premium brand, Each",0.51,115.86,5688.09,No price change in over a year while input costs moved. Review.,Home & Kitchen,Regional Retail Chain,Harbour Table,434.65,29.5374,25.6596
UNDER_MARKET,4,Amber,20125,CU2091,"Webcam - Private label, Inner pack 6",0.592,84.28,5630.08,Priced well under the market with margin to spare. A price rise here is the cheapest margin in the book.,Consumer Electronics,Independent Retailer,Selkirk Catering,148.72,76.8718,63.9482
STALE,6,Green,20125,CU2091,"Webcam - Private label, Inner pack 6",0.592,84.28,5630.08,No price change in over a year while input costs moved. Review.,Consumer Electronics,Independent Retailer,Selkirk Catering,148.72,76.8718,63.9482
UNDER_MARKET,4,Amber,20090,CU2049,"Pet Bed - National brand, Bulk pallet 144",0.4409,83.99,5522.07,Priced well under the market with margin to spare. A price rise here is the cheapest margin in the book.,Pet Supplies,Independent Retailer,Mount Market,214.45,64.639,58.4043
UNDER_MARKET,4,Amber,20080,CU2117,"Bluetooth Speaker - Premium brand, Case 12",0.5263,86.81,5477.39,Priced well under the market with margin to spare. A price rise here is the cheapest margin in the book.,Consumer Electronics,Marketplace Seller,Summit Market,225.14,49.5575,46.2232
BELOW_FLOOR,2,Red,20183,CU2050,"Adjustable Dumbbells - National brand, Case 12",0.0106,,5364.49,"Pocket margin is under the floor. Reprice, or get the exception signed.",Sporting Goods,Marketplace Seller,Cedar Butchery,879.34,53.7859,39.9589
LEAKAGE,3,Amber,20183,CU2050,"Adjustable Dumbbells - National brand, Case 12",0.0106,,5364.49,More than a quarter of list never reaches us. The off-invoice deductions are where to look first.,Sporting Goods,Marketplace Seller,Cedar Butchery,879.34,53.7859,39.9589
UNDER_MARKET,4,Amber,20125,CU2134,"Webcam - Private label, Inner pack 6",0.6251,84.28,5336.69,Priced well under the market with margin to spare. A price rise here is the cheapest margin in the book.,Consumer Electronics,Marketplace Seller,Stanley Public House,122.68,76.8718,69.5922
STALE,6,Green,20125,CU2134,"Webcam - Private label, Inner pack 6",0.6251,84.28,5336.69,No price change in over a year while input costs moved. Review.,Consumer Electronics,Marketplace Seller,Stanley Public House,122.68,76.8718,69.5922
UNDER_MARKET,4,Amber,20126,CU2078,"Smart Plug - Value, Master carton 48",0.4688,91.13,5256.36,Priced well under the market with margin to spare. A price rise here is the cheapest margin in the book.,Consumer Electronics,E-commerce Pure-Play,Juniper Market,278.96,42.6607,40.1945
UNDER_MARKET,4,Amber,20027,CU2115,"Safety Boots - Premium brand, Each",0.334,74.55,5244.32,Priced well under the market with margin to spare. A price rise here is the cheapest margin in the book.,Apparel & Accessories,Sub-Distributor,Riverside Hospitality,192.72,91.8668,81.476
OVER_MARKET,5,Amber,20202,CU2123,"Cooler Box - Premium brand, Case 24",0.4218,122.27,5142.52,Priced well over the market. Volume is exposed unless the premium is one the customer can name.,Sporting Goods,Independent Retailer,Fraser Public House,126.31,104.2581,96.5162
STALE,6,Green,20202,CU2123,"Cooler Box - Premium brand, Case 24",0.4218,122.27,5142.52,No price change in over a year while input costs moved. Review.,Sporting Goods,Independent Retailer,Fraser Public House,126.31,104.2581,96.5162
UNDER_MARKET,4,Amber,20116,CU2080,"Aquarium Filter - Premium brand, Master carton 48",0.5686,86.61,5136.88,Priced well under the market with margin to spare. A price rise here is the cheapest margin in the book.,Pet Supplies,Government & Education,Cedar Catering,241.08,45.8931,37.4758
UNDER_MARKET,4,Amber,20029,CU2100,"27in Monitor - Private label, Inner pack 6",0.5378,88.4,5069.91,Priced well under the market with margin to spare. A price rise here is the cheapest margin in the book.,Consumer Electronics,Independent Retailer,Alder Catering,145.68,75.3392,64.7143
BELOW_FLOOR,2,Red,20211,CU2096,"Cat Litter - Premium brand, Each",0.0572,75.64,5041.28,"Pocket margin is under the floor. Reprice, or get the exception signed.",Pet Supplies,Marketplace Seller,Riverside Market,1085.1,28.694,23.0782
UNDER_MARKET,4,Amber,20211,CU2096,"Cat Litter - Premium brand, Each",0.0572,75.64,5041.28,Priced well under the market with margin to spare. A price rise here is the cheapest margin in the book.,Pet Supplies,Marketplace Seller,Riverside Market,1085.1,28.694,23.0782
COST_SPIKE,7,Green,20211,CU2096,"Cat Litter - Premium brand, Each",0.0572,75.64,5041.28,Input cost up more than ten points since the price was last set.,Pet Supplies,Marketplace Seller,Riverside Market,1085.1,28.694,23.0782
UNDER_MARKET,4,Amber,20090,CU2117,"Pet Bed - National brand, Bulk pallet 144",0.4566,83.99,5022.98,Priced well under the market with margin to spare. A price rise here is the cheapest margin in the book.,Pet Supplies,Marketplace Seller,Summit Market,183.08,64.639,60.0904
BELOW_FLOOR,2,Red,20001,CU2022,"Multivitamin - Private label, Case 12",0.0588,66.48,5007.58,"Pocket margin is under the floor. Reprice, or get the exception signed.",Health & Beauty,Regional Retail Chain,Summit Supply,1423.59,19.9168,12.0584
LEAKAGE,3,Amber,20001,CU2022,"Multivitamin - Private label, Case 12",0.0588,66.48,5007.58,More than a quarter of list never reaches us. The off-invoice deductions are where to look first.,Health & Beauty,Regional Retail Chain,Summit Supply,1423.59,19.9168,12.0584
UNDER_MARKET,4,Amber,20001,CU2022,"Multivitamin - Private label, Case 12",0.0588,66.48,5007.58,Priced well under the market with margin to spare. A price rise here is the cheapest margin in the book.,Health & Beauty,Regional Retail Chain,Summit Supply,1423.59,19.9168,12.0584
STALE,6,Green,20028,CU2125,"Cycling Helmet - Premium brand, Inner pack 6",0.4368,109.83,4992.47,No price change in over a year while input costs moved. Review.,Sporting Goods,Marketplace Seller,Mount Bistro,246.96,58.8591,46.2858
UNDER_MARKET,4,Amber,20192,CU2018,"Body Wash - National brand, Inner pack 6",0.2222,88.64,4971.73,Priced well under the market with margin to spare. A price rise here is the cheapest margin in the book.,Health & Beauty,Independent Retailer,Chilcotin Hospitality,1322.55,22.3688,16.9204
UNDER_MARKET,4,Amber,20192,CU2003,"Body Wash - National brand, Inner pack 6",0.2256,88.64,4886.19,Priced well under the market with margin to spare. A price rise here is the cheapest margin in the book.,Health & Beauty,Regional Retail Chain,Alder Butchery,1274.47,22.3688,16.9951
UNDER_MARKET,4,Amber,20125,CU2045,"Webcam - Private label, Inner pack 6",0.6296,84.28,4885.03,Priced well under the market with margin to spare. A price rise here is the cheapest margin in the book.,Consumer Electronics,Subscription Box Operator,Sunshine Butchery,110.13,76.8718,70.4482
STALE,6,Green,20125,CU2045,"Webcam - Private label, Inner pack 6",0.6296,84.28,4885.03,No price change in over a year while input costs moved. Review.,Consumer Electronics,Subscription Box Operator,Sunshine Butchery,110.13,76.8718,70.4482
BELOW_FLOOR,2,Red,20231,CU2080,"Mechanical Keyboard - Value, Case 12",0.0515,94.61,4884.31,"Pocket margin is under the floor. Reprice, or get the exception signed.",Consumer Electronics,Government & Education,Cedar Catering,1864.74,31.3333,25.465
LOSS,1,Red,20153,CU2050,"Body Wash - National brand, Each",-0.1483,117.81,4796.0,Selling below cost once every deduction is counted. Stop quoting this combination until the cost or the deductions change.,Health & Beauty,Marketplace Seller,Cedar Butchery,846.4,23.254,16.8955
LEAKAGE,3,Amber,20153,CU2050,"Body Wash - National brand, Each",-0.1483,117.81,4796.0,More than a quarter of list never reaches us. The off-invoice deductions are where to look first.,Health & Beauty,Marketplace Seller,Cedar Butchery,846.4,23.254,16.8955
LOSS,1,Red,20022,CU2030,"Tool Chest - Value, Bulk pallet 144",-0.0734,121.76,4699.1,Selling below cost once every deduction is counted. Stop quoting this combination until the cost or the deductions change.,Tools & Hardware,Independent Retailer,Mount Catering,539.29,46.3595,35.0068
OVER_MARKET,5,Amber,20022,CU2030,"Tool Chest - Value, Bulk pallet 144",-0.0734,121.76,4699.1,Priced well over the market. Volume is exposed unless the premium is one the customer can name.,Tools & Hardware,Independent Retailer,Mount Catering,539.29,46.3595,35.0068
UNDER_MARKET,4,Amber,20213,CU2022,"Bedding Set - Premium brand, Master carton 48",0.3196,90.06,4668.24,Priced well under the market with margin to spare. A price rise here is the cheapest margin in the book.,Home & Kitchen,Regional Retail Chain,Summit Supply,319.2,60.1219,45.7555
UNDER_MARKET,4,Amber,20103,CU2142,"Power Bank - National brand, Inner pack 6",0.4159,83.06,4576.29,Priced well under the market with margin to spare. A price rise here is the cheapest margin in the book.,Consumer Electronics,Marketplace Seller,Mount Public House,226.26,54.4089,48.6278
UNDER_MARKET,4,Amber,20232,CU2109,"Adjustable Dumbbells - Premium brand, Each",0.5262,91.85,4542.81,Priced well under the market with margin to spare. A price rise here is the cheapest margin in the book.,Sporting Goods,Subscription Box Operator,Kootenay Trading Co,126.3,75.9783,68.3486
UNDER_MARKET,4,Amber,20124,CU2057,"Socket Set - Value, Each",0.2625,82.71,4511.78,Priced well under the market with margin to spare. A price rise here is the cheapest margin in the book.,Tools & Hardware,Subscription Box Operator,Okanagan Hospitality,417.07,46.1251,41.2065
UNDER_MARKET,4,Amber,20205,CU2015,"Bedding Set - Private label, Case 12",0.3558,87.7,4486.12,Priced well under the market with margin to spare. A price rise here is the cheapest margin in the book.,Home & Kitchen,Corporate & B2B Buyer,Alder Hospitality,412.35,35.6983,30.5767
LOSS,1,Red,20197,CU2023,"Copy Paper - National brand, Master carton 48",-0.0103,75.35,4472.19,Selling below cost once every deduction is counted. Stop quoting this combination until the cost or the deductions change.,Office & Stationery,E-commerce Pure-Play,Summit Provisions,1716.51,20.965,13.6495
LEAKAGE,3,Amber,20197,CU2023,"Copy Paper - National brand, Master carton 48",-0.0103,75.35,4472.19,More than a quarter of list never reaches us. The off-invoice deductions are where to look first.,Office & Stationery,E-commerce Pure-Play,Summit Provisions,1716.51,20.965,13.6495
UNDER_MARKET,4,Amber,20197,CU2023,"Copy Paper - National brand, Master carton 48",-0.0103,75.35,4472.19,Priced well under the market with margin to spare. A price rise here is the cheapest margin in the book.,Office & Stationery,E-commerce Pure-Play,Summit Provisions,1716.51,20.965,13.6495
LOSS,1,Red,20065,CU2023,"LED Floor Lamp - National brand, Case 24",-0.1354,,4445.37,Selling below cost once every deduction is counted. Stop quoting this combination until the cost or the deductions change.,Home & Kitchen,E-commerce Pure-Play,Summit Provisions,807.61,22.0464,16.8405
LEAKAGE,3,Amber,20214,CU2134,"Vitamin C Serum - Premium brand, Case 24",0.2846,100.31,4438.87,More than a quarter of list never reaches us. The off-invoice deductions are where to look first.,Health & Beauty,Marketplace Seller,Stanley Public House,1308.86,16.0618,11.9173
OVER_MARKET,5,Amber,20045,CU2096,"Winter Gloves - Value, Inner pack 6",0.227,119.04,4437.84,Priced well over the market. Volume is exposed unless the premium is one the customer can name.,Apparel & Accessories,Marketplace Seller,Riverside Market,558.57,43.9034,34.9942
LEAKAGE,3,Amber,20214,CU2107,"Vitamin C Serum - Premium brand, Case 24",0.1874,100.31,4395.59,More than a quarter of list never reaches us. The off-invoice deductions are where to look first.,Health & Beauty,E-commerce Pure-Play,Selkirk Bistro,6242.73,16.0618,10.492
UNDER_MARKET,4,Amber,20117,CU2113,"27in Monitor - Private label, Each",0.5914,87.52,4358.02,Priced well under the market with margin to spare. A price rise here is the cheapest margin in the book.,Consumer Electronics,Independent Retailer,Coastal Hospitality,160.24,54.6112,45.9892
STALE,6,Green,20117,CU2113,"27in Monitor - Private label, Each",0.5914,87.52,4358.02,No price change in over a year while input costs moved. Review.,Consumer Electronics,Independent Retailer,Coastal Hospitality,160.24,54.6112,45.9892
STALE,6,Green,20140,CU2002,"Work Gloves - National brand, Case 24",0.3061,114.18,4355.31,No price change in over a year while input costs moved. Review.,Tools & Hardware,Marketplace Seller,Riverside Trading Co,270.6,56.7436,52.5886
UNDER_MARKET,4,Amber,20162,CU2142,"Electric Toothbrush - National brand, Case 12",0.5222,70.54,4353.04,Priced well under the market with margin to spare. A price rise here is the cheapest margin in the book.,Health & Beauty,Marketplace Seller,Mount Public House,301.62,31.47,27.6368
UNDER_MARKET,4,Amber,20080,CU2121,"Bluetooth Speaker - Premium brand, Case 12",0.4393,86.81,4319.61,Priced well under the market with margin to spare. A price rise here is the cheapest margin in the book.,Consumer Electronics,Corporate & B2B Buyer,Riverside Table,251.83,49.5575,39.0473
UNDER_MARKET,4,Amber,20098,CU2129,"Laptop Sleeve - Private label, Each",0.5643,90.23,4296.82,Priced well under the market with margin to spare. A price rise here is the cheapest margin in the book.,Apparel & Accessories,Regional Retail Chain,Okanagan Foods,212.28,39.5264,35.8675
BELOW_FLOOR,2,Red,20048,CU2142,"HDMI Cable - National brand, Master carton 48",0.062,99.07,4275.96,"Pocket margin is under the floor. Reprice, or get the exception signed.",Consumer Electronics,Marketplace Seller,Mount Public House,416.84,108.0447,96.0488
UNDER_MARKET,4,Amber,20204,CU2079,"Adjustable Dumbbells - Premium brand, Bulk pallet 144",0.4712,80.34,4270.96,Priced well under the market with margin to spare. A price rise here is the cheapest margin in the book.,Sporting Goods,Marketplace Seller,Harbour Fine Foods,175.05,55.6615,51.7748
BELOW_FLOOR,2,Red,20022,CU2142,"Tool Chest - Value, Bulk pallet 144",0.01,121.76,4229.86,"Pocket margin is under the floor. Reprice, or get the exception signed.",Tools & Hardware,Marketplace Seller,Mount Public House,673.37,46.3595,37.9563
OVER_MARKET,5,Amber,20022,CU2142,"Tool Chest - Value, Bulk pallet 144",0.01,121.76,4229.86,Priced well over the market. Volume is exposed unless the premium is one the customer can name.,Tools & Hardware,Marketplace Seller,Mount Public House,673.37,46.3595,37.9563
UNDER_MARKET,4,Amber,20191,CU2142,"Cat Litter - Premium brand, Case 24",0.3343,88.71,4188.32,Priced well under the market with margin to spare. A price rise here is the cheapest margin in the book.,Pet Supplies,Marketplace Seller,Mount Public House,337.86,41.9389,37.0825
STALE,6,Green,20140,CU2030,"Work Gloves - National brand, Case 24",0.2065,114.18,4187.84,No price change in over a year while input costs moved. Review.,Tools & Hardware,Independent Retailer,Mount Catering,441.03,56.7436,45.9892
BELOW_FLOOR,2,Red,20169,CU2127,"Grooming Kit - Premium brand, Case 12",0.1312,97.16,4149.07,"Pocket margin is under the floor. Reprice, or get the exception signed.",Pet Supplies,Corporate & B2B Buyer,Sunshine Public House,1782.89,24.7082,19.2973
BELOW_FLOOR,2,Red,20174,CU2107,"Socket Set - National brand, Each",0.0819,,4112.58,"Pocket margin is under the floor. Reprice, or get the exception signed.",Tools & Hardware,E-commerce Pure-Play,Selkirk Bistro,1454.67,33.942,27.8243
STALE,6,Green,20174,CU2107,"Socket Set - National brand, Each",0.0819,,4112.58,No price change in over a year while input costs moved. Review.,Tools & Hardware,E-commerce Pure-Play,Selkirk Bistro,1454.67,33.942,27.8243
UNDER_MARKET,4,Amber,20162,CU2096,"Electric Toothbrush - National brand, Case 12",0.471,70.54,4037.03,Priced well under the market with margin to spare. A price rise here is the cheapest margin in the book.,Health & Beauty,Marketplace Seller,Riverside Market,343.32,31.47,24.9634
UNDER_MARKET,4,Amber,20126,CU2136,"Smart Plug - Value, Master carton 48",0.4555,91.13,4016.8,Priced well under the market with margin to spare. A price rise here is the cheapest margin in the book.,Consumer Electronics,Government & Education,Alder Table,224.9,42.6607,39.2122
UNDER_MARKET,4,Amber,20090,CU2144,"Pet Bed - National brand, Bulk pallet 144",0.4419,83.99,4003.97,Priced well under the market with margin to spare. A price rise here is the cheapest margin in the book.,Pet Supplies,Marketplace Seller,Coastal Fine Foods,154.83,64.639,58.5148
BELOW_FLOOR,2,Red,20192,CU2125,"Body Wash - National brand, Inner pack 6",0.062,88.64,3997.69,"Pocket margin is under the floor. Reprice, or get the exception signed.",Health & Beauty,Marketplace Seller,Mount Bistro,1976.64,22.3688,14.0304
LEAKAGE,3,Amber,20192,CU2125,"Body Wash - National brand, Inner pack 6",0.062,88.64,3997.69,More than a quarter of list never reaches us. The off-invoice deductions are where to look first.,Health & Beauty,Marketplace Seller,Mount Bistro,1976.64,22.3688,14.0304
UNDER_MARKET,4,Amber,20192,CU2125,"Body Wash - National brand, Inner pack 6",0.062,88.64,3997.69,Priced well under the market with margin to spare. A price rise here is the cheapest margin in the book.,Health & Beauty,Marketplace Seller,Mount Bistro,1976.64,22.3688,14.0304
OVER_MARKET,5,Amber,20164,CU2008,"27in Monitor - Value, Inner pack 6",0.0743,121.22,3993.16,Priced well over the market. Volume is exposed unless the premium is one the customer can name.,Consumer Electronics,Independent Retailer,Kitsilano Table,1013.96,63.3228,55.0355
STALE,6,Green,20140,CU2092,"Work Gloves - National brand, Case 24",0.3184,114.18,3981.91,No price change in over a year while input costs moved. Review.,Tools & Hardware,Marketplace Seller,Alder Fine Foods,233.55,56.7436,53.5431
STALE,6,Green,20210,CU2121,"Socket Set - Private label, Each",0.4222,110.52,3952.74,No price change in over a year while input costs moved. Review.,Tools & Hardware,Corporate & B2B Buyer,Riverside Table,289.68,41.4339,32.3226
STALE,6,Green,20028,CU2044,"Cycling Helmet - Premium brand, Inner pack 6",0.5239,109.83,3902.55,No price change in over a year while input costs moved. Review.,Sporting Goods,Corporate & B2B Buyer,Harbour Public House,136.05,58.8591,54.7548
UNDER_MARKET,4,Amber,20090,CU2037,"Pet Bed - National brand, Bulk pallet 144",0.4246,83.99,3901.84,Priced well under the market with margin to spare. A price rise here is the cheapest margin in the book.,Pet Supplies,Marketplace Seller,Harbour Provisions,161.9,64.639,56.7547
BELOW_FLOOR,2,Red,20074,CU2096,"Vacuum Sealer - Private label, Case 24",0.195,,3839.91,"Pocket margin is under the floor. Reprice, or get the exception signed.",Home & Kitchen,Marketplace Seller,Riverside Market,1871.71,20.2118,16.5246
STALE,6,Green,20210,CU2126,"Socket Set - Private label, Each",0.4912,110.52,3836.47,No price change in over a year while input costs moved. Review.,Tools & Hardware,Marketplace Seller,Sunshine Foods,212.74,41.4339,36.711
LEAKAGE,3,Amber,20205,CU2022,"Bedding Set - Private label, Case 12",0.2584,87.7,3762.75,More than a quarter of list never reaches us. The off-invoice deductions are where to look first.,Home & Kitchen,Regional Retail Chain,Summit Supply,1647.08,35.6983,26.5601
UNDER_MARKET,4,Amber,20205,CU2022,"Bedding Set - Private label, Case 12",0.2584,87.7,3762.75,Priced well under the market with margin to spare. A price rise here is the cheapest margin in the book.,Home & Kitchen,Regional Retail Chain,Summit Supply,1647.08,35.6983,26.5601
STALE,6,Green,20061,CU2023,"Safety Glasses - Premium brand, Each",0.3431,96.48,3682.21,No price change in over a year while input costs moved. Review.,Tools & Hardware,E-commerce Pure-Play,Summit Provisions,201.81,66.7052,53.186
UNDER_MARKET,4,Amber,20090,CU2025,"Pet Bed - National brand, Bulk pallet 144",0.4484,83.99,3624.06,Priced well under the market with margin to spare. A price rise here is the cheapest margin in the book.,Pet Supplies,E-commerce Pure-Play,Fraser Larder,136.5,64.639,59.2043
BELOW_FLOOR,2,Red,20211,CU2010,"Cat Litter - Premium brand, Each",0.0563,75.64,3622.38,"Pocket margin is under the floor. Reprice, or get the exception signed.",Pet Supplies,Sub-Distributor,Coastal Table,777.0,28.694,23.0565
UNDER_MARKET,4,Amber,20211,CU2010,"Cat Litter - Premium brand, Each",0.0563,75.64,3622.38,Priced well under the market with margin to spare. A price rise here is the cheapest margin in the book.,Pet Supplies,Sub-Distributor,Coastal Table,777.0,28.694,23.0565
COST_SPIKE,7,Green,20211,CU2010,"Cat Litter - Premium brand, Each",0.0563,75.64,3622.38,Input cost up more than ten points since the price was last set.,Pet Supplies,Sub-Distributor,Coastal Table,777.0,28.694,23.0565
BELOW_FLOOR,2,Red,20092,CU2051,"Yoga Mat - Premium brand, Each",0.1646,76.18,3619.09,"Pocket margin is under the floor. Reprice, or get the exception signed.",Sporting Goods,Subscription Box Operator,Mount Butchery,773.29,50.1679,45.0347
UNDER_MARKET,4,Amber,20092,CU2051,"Yoga Mat - Premium brand, Each",0.1646,76.18,3619.09,Priced well under the market with margin to spare. A price rise here is the cheapest margin in the book.,Sporting Goods,Subscription Box Operator,Mount Butchery,773.29,50.1679,45.0347
UNDER_MARKET,4,Amber,20126,CU2127,"Smart Plug - Value, Master carton 48",0.3788,91.13,3594.1,Priced well under the market with margin to spare. A price rise here is the cheapest margin in the book.,Consumer Electronics,Corporate & B2B Buyer,Sunshine Public House,276.03,42.6607,34.3725
UNDER_MARKET,4,Amber,20213,CU2010,"Bedding Set - Premium brand, Master carton 48",0.3754,90.06,3588.27,Priced well under the market with margin to spare. A price rise here is the cheapest margin in the book.,Home & Kitchen,Sub-Distributor,Coastal Table,191.77,60.1219,49.842
UNDER_MARKET,4,Amber,20156,CU2010,"Vitamin C Serum - Private label, Inner pack 6",0.4198,70.38,3545.15,Priced well under the market with margin to spare. A price rise here is the cheapest margin in the book.,Health & Beauty,Sub-Distributor,Coastal Table,566.29,18.7243,14.9131
UNDER_MARKET,4,Amber,20117,CU2057,"27in Monitor - Private label, Each",0.6164,87.52,3506.25,Priced well under the market with margin to spare. A price rise here is the cheapest margin in the book.,Consumer Electronics,Subscription Box Operator,Okanagan Hospitality,116.11,54.6112,48.9901
STALE,6,Green,20117,CU2057,"27in Monitor - Private label, Each",0.6164,87.52,3506.25,No price change in over a year while input costs moved. Review.,Consumer Electronics,Subscription Box Operator,Okanagan Hospitality,116.11,54.6112,48.9901
OVER_MARKET,5,Amber,20030,CU2006,"Cutlery Block - National brand, Master carton 48",0.1972,126.43,3506.13,Priced well over the market. Volume is exposed unless the premium is one the customer can name.,Home & Kitchen,Independent Retailer,Coastal Larder,654.3,34.2031,27.1726
COST_SPIKE,7,Green,20030,CU2006,"Cutlery Block - National brand, Master carton 48",0.1972,126.43,3506.13,Input cost up more than ten points since the price was last set.,Home & Kitchen,Independent Retailer,Coastal Larder,654.3,34.2031,27.1726
UNDER_MARKET,4,Amber,20213,CU2077,"Bedding Set - Premium brand, Master carton 48",0.3858,90.06,3477.7,Priced well under the market with margin to spare. A price rise here is the cheapest margin in the book.,Home & Kitchen,Corporate & B2B Buyer,Burrard Public House,177.82,60.1219,50.6881
UNDER_MARKET,4,Amber,20125,CU2135,"Webcam - Private label, Inner pack 6",0.5765,84.28,3455.18,Priced well under the market with margin to spare. A price rise here is the cheapest margin in the book.,Consumer Electronics,Sub-Distributor,Okanagan Table,97.28,76.8718,61.6092
STALE,6,Green,20125,CU2135,"Webcam - Private label, Inner pack 6",0.5765,84.28,3455.18,No price change in over a year while input costs moved. Review.,Consumer Electronics,Sub-Distributor,Okanagan Table,97.28,76.8718,61.6092
UNDER_MARKET,4,Amber,20017,CU2022,"Webcam - National brand, Case 24",0.2718,88.58,3409.63,Priced well under the market with margin to spare. A price rise here is the cheapest margin in the book.,Consumer Electronics,Regional Retail Chain,Summit Supply,699.77,23.7358,17.9235
UNDER_MARKET,4,Amber,20191,CU2109,"Cat Litter - Premium brand, Case 24",0.3412,88.71,3294.7,Priced well under the market with margin to spare. A price rise here is the cheapest margin in the book.,Pet Supplies,Subscription Box Operator,Kootenay Trading Co,257.66,41.9389,37.4729
UNDER_MARKET,4,Amber,20125,CU2049,"Webcam - Private label, Inner pack 6",0.6266,84.28,3290.68,Priced well under the market with margin to spare. A price rise here is the cheapest margin in the book.,Consumer Electronics,Independent Retailer,Mount Market,75.16,76.8718,69.8736
STALE,6,Green,20125,CU2049,"Webcam - Private label, Inner pack 6",0.6266,84.28,3290.68,No price change in over a year while input costs moved. Review.,Consumer Electronics,Independent Retailer,Mount Market,75.16,76.8718,69.8736
UNDER_MARKET,4,Amber,20125,CU2055,"Webcam - Private label, Inner pack 6",0.6306,84.28,3285.2,Priced well under the market with margin to spare. A price rise here is the cheapest margin in the book.,Consumer Electronics,Marketplace Seller,Riverside Foods,73.77,76.8718,70.6243
STALE,6,Green,20125,CU2055,"Webcam - Private label, Inner pack 6",0.6306,84.28,3285.2,No price change in over a year while input costs moved. Review.,Consumer Electronics,Marketplace Seller,Riverside Foods,73.77,76.8718,70.6243
UNDER_MARKET,4,Amber,20191,CU2104,"Cat Litter - Premium brand, Case 24",0.3495,88.71,3280.23,Priced well under the market with margin to spare. A price rise here is the cheapest margin in the book.,Pet Supplies,Corporate & B2B Buyer,Summit Table,247.37,41.9389,37.9463
UNDER_MARKET,4,Amber,20126,CU2070,"Smart Plug - Value, Master carton 48",0.3946,91.13,3252.05,Priced well under the market with margin to spare. A price rise here is the cheapest margin in the book.,Consumer Electronics,Marketplace Seller,Riverside Public House,233.7,42.6607,35.2673
UNDER_MARKET,4,Amber,20205,CU2142,"Bedding Set - Private label, Case 12",0.3774,87.7,3240.28,Priced well under the market with margin to spare. A price rise here is the cheapest margin in the book.,Home & Kitchen,Marketplace Seller,Mount Public House,271.43,35.6983,31.6351
STALE,6,Green,20076,CU2019,"Bedding Set - Premium brand, Each",0.5362,115.86,3174.76,No price change in over a year while input costs moved. Review.,Home & Kitchen,E-commerce Pure-Play,Kootenay Grill House,218.41,29.5374,27.1088
LOSS,1,Red,20166,CU2006,"Electric Toothbrush - National brand, Bulk pallet 144",-0.1636,,3156.78,Selling below cost once every deduction is counted. Stop quoting this combination until the cost or the deductions change.,Health & Beauty,Independent Retailer,Coastal Larder,1160.89,12.3716,8.1004
LEAKAGE,3,Amber,20166,CU2006,"Electric Toothbrush - National brand, Bulk pallet 144",-0.1636,,3156.78,More than a quarter of list never reaches us. The off-invoice deductions are where to look first.,Health & Beauty,Independent Retailer,Coastal Larder,1160.89,12.3716,8.1004
UNDER_MARKET,4,Amber,20029,CU2129,"27in Monitor - Private label, Inner pack 6",0.5635,88.4,3137.05,Priced well under the market with margin to spare. A price rise here is the cheapest margin in the book.,Consumer Electronics,Regional Retail Chain,Okanagan Foods,81.23,75.3392,68.532
UNDER_MARKET,4,Amber,20204,CU2147,"Adjustable Dumbbells - Premium brand, Bulk pallet 144",0.4889,80.34,3135.84,Priced well under the market with margin to spare. A price rise here is the cheapest margin in the book.,Sporting Goods,Marketplace Seller,Cedar Hospitality,119.73,55.6615,53.5672
BELOW_FLOOR,2,Red,20101,CU2078,"Chew Toy Pack - National brand, Each",0.0727,85.65,3133.82,"Pocket margin is under the floor. Reprice, or get the exception signed.",Pet Supplies,E-commerce Pure-Play,Juniper Market,833.41,34.0418,29.6757
UNDER_MARKET,4,Amber,20101,CU2078,"Chew Toy Pack - National brand, Each",0.0727,85.65,3133.82,Priced well under the market with margin to spare. A price rise here is the cheapest margin in the book.,Pet Supplies,E-commerce Pure-Play,Juniper Market,833.41,34.0418,29.6757
UNDER_MARKET,4,Amber,20192,CU2078,"Body Wash - National brand, Inner pack 6",0.2637,88.64,3112.42,Priced well under the market with margin to spare. A price rise here is the cheapest margin in the book.,Health & Beauty,E-commerce Pure-Play,Juniper Market,660.46,22.3688,17.8737
UNDER_MARKET,4,Amber,20117,CU2099,"27in Monitor - Private label, Each",0.5867,87.52,3094.06,Priced well under the market with margin to spare. A price rise here is the cheapest margin in the book.,Consumer Electronics,E-commerce Pure-Play,Cedar Provisions,115.96,54.6112,45.4745
STALE,6,Green,20117,CU2099,"27in Monitor - Private label, Each",0.5867,87.52,3094.06,No price change in over a year while input costs moved. Review.,Consumer Electronics,E-commerce Pure-Play,Cedar Provisions,115.96,54.6112,45.4745
COST_SPIKE,7,Green,20237,CU2077,"Nonstick Cookware Set - Value, Each",0.2298,116.56,3081.64,Input cost up more than ten points since the price was last set.,Home & Kitchen,Corporate & B2B Buyer,Burrard Public House,611.57,26.5461,21.9304
UNDER_MARKET,4,Amber,20029,CU2134,"27in Monitor - Private label, Inner pack 6",0.5593,88.4,3054.7,Priced well under the market with margin to spare. A price rise here is the cheapest margin in the book.,Consumer Electronics,Marketplace Seller,Stanley Public House,80.46,75.3392,67.8781
BELOW_FLOOR,2,Red,20070,CU2070,"Power Bank - Value, Case 12",0.0058,93.97,3047.1,"Pocket margin is under the floor. Reprice, or get the exception signed.",Consumer Electronics,Marketplace Seller,Riverside Public House,454.28,45.1528,38.1218
UNDER_MARKET,4,Amber,20104,CU2084,"Bedding Set - National brand, Inner pack 6",0.1992,88.66,3043.03,Priced well under the market with margin to spare. A price rise here is the cheapest margin in the book.,Home & Kitchen,Marketplace Seller,Stanley Supply,212.59,74.8776,71.8553
LOSS,1,Red,20037,CU2135,"Webcam - Value, Each",-0.0771,116.39,3026.38,Selling below cost once every deduction is counted. Stop quoting this combination until the cost or the deductions change.,Consumer Electronics,Sub-Distributor,Okanagan Table,475.98,36.8428,27.2166
LEAKAGE,3,Amber,20037,CU2135,"Webcam - Value, Each",-0.0771,116.39,3026.38,More than a quarter of list never reaches us. The off-invoice deductions are where to look first.,Consumer Electronics,Sub-Distributor,Okanagan Table,475.98,36.8428,27.2166
OVER_MARKET,5,Amber,20164,CU2115,"27in Monitor - Value, Inner pack 6",0.0997,121.22,3016.04,Priced well over the market. Volume is exposed unless the premium is one the customer can name.,Consumer Electronics,Sub-Distributor,Riverside Hospitality,1152.83,63.3228,56.5833
BELOW_FLOOR,2,Red,20200,CU2107,"Resistance Bands - National brand, Bulk pallet 144",0.0455,109.45,3009.04,"Pocket margin is under the floor. Reprice, or get the exception signed.",Sporting Goods,E-commerce Pure-Play,Selkirk Bistro,559.11,47.4293,37.9703
BELOW_FLOOR,2,Red,20173,CU2010,"Nonstick Cookware Set - Value, Bulk pallet 144",0.0617,90.06,3001.75,"Pocket margin is under the floor. Reprice, or get the exception signed.",Home & Kitchen,Sub-Distributor,Coastal Table,1387.76,26.0928,21.1367
UNDER_MARKET,4,Amber,20173,CU2010,"Nonstick Cookware Set - Value, Bulk pallet 144",0.0617,90.06,3001.75,Priced well under the market with margin to spare. A price rise here is the cheapest margin in the book.,Home & Kitchen,Sub-Distributor,Coastal Table,1387.76,26.0928,21.1367
BELOW_FLOOR,2,Red,20164,CU2070,"27in Monitor - Value, Inner pack 6",0.0459,121.22,2994.88,"Pocket margin is under the floor. Reprice, or get the exception signed.",Consumer Electronics,Marketplace Seller,Riverside Public House,560.72,63.3228,53.3929
OVER_MARKET,5,Amber,20164,CU2070,"27in Monitor - Value, Inner pack 6",0.0459,121.22,2994.88,Priced well over the market. Volume is exposed unless the premium is one the customer can name.,Consumer Electronics,Marketplace Seller,Riverside Public House,560.72,63.3228,53.3929
UNDER_MARKET,4,Amber,20205,CU2051,"Bedding Set - Private label, Case 12",0.3839,87.7,2975.8,Priced well under the market with margin to spare. A price rise here is the cheapest margin in the book.,Home & Kitchen,Subscription Box Operator,Mount Butchery,242.42,35.6983,31.9727
UNDER_MARKET,4,Amber,20126,CU2045,"Smart Plug - Value, Master carton 48",0.4441,91.13,2957.37,Priced well under the market with margin to spare. A price rise here is the cheapest margin in the book.,Consumer Electronics,Subscription Box Operator,Sunshine Butchery,173.4,42.6607,38.407
UNDER_MARKET,4,Amber,20220,CU2117,"Air Fryer - Premium brand, Inner pack 6",0.3641,91.17,2955.14,Priced well under the market with margin to spare. A price rise here is the cheapest margin in the book.,Home & Kitchen,Marketplace Seller,Summit Market,108.38,80.0931,74.8778
UNDER_MARKET,4,Amber,20087,CU2010,"Blender - National brand, Each",0.2903,86.8,2938.52,Priced well under the market with margin to spare. A price rise here is the cheapest margin in the book.,Home & Kitchen,Sub-Distributor,Coastal Table,166.43,74.7226,60.8279
OVER_MARKET,5,Amber,20052,CU2068,"Fastener Assortment - Value, Case 24",0.3381,118.65,2931.67,Priced well over the market. Volume is exposed unless the premium is one the customer can name.,Tools & Hardware,E-commerce Pure-Play,Burrard Trading Co,274.45,38.6068,31.5941
LOSS,1,Red,20145,CU2050,"Aquarium Filter - National brand, Master carton 48",-0.143,88.96,2904.35,Selling below cost once every deduction is counted. Stop quoting this combination until the cost or the deductions change.,Pet Supplies,Marketplace Seller,Cedar Butchery,711.33,17.0546,12.4112
LEAKAGE,3,Amber,20145,CU2050,"Aquarium Filter - National brand, Master carton 48",-0.143,88.96,2904.35,More than a quarter of list never reaches us. The off-invoice deductions are where to look first.,Pet Supplies,Marketplace Seller,Cedar Butchery,711.33,17.0546,12.4112
UNDER_MARKET,4,Amber,20145,CU2050,"Aquarium Filter - National brand, Master carton 48",-0.143,88.96,2904.35,Priced well under the market with margin to spare. A price rise here is the cheapest margin in the book.,Pet Supplies,Marketplace Seller,Cedar Butchery,711.33,17.0546,12.4112
STALE,6,Green,20207,CU2065,"Cycling Helmet - Private label, Case 12",0.2453,107.0,2869.88,No price change in over a year while input costs moved. Review.,Sporting Goods,Government & Education,Juniper Table,1303.4,29.7315,27.0491
COST_SPIKE,7,Green,20207,CU2065,"Cycling Helmet - Private label, Case 12",0.2453,107.0,2869.88,Input cost up more than ten points since the price was last set.,Sporting Goods,Government & Education,Juniper Table,1303.4,29.7315,27.0491
LOSS,1,Red,20037,CU2050,"Webcam - Value, Each",-0.1804,116.39,2843.11,Selling below cost once every deduction is counted. Stop quoting this combination until the cost or the deductions change.,Consumer Electronics,Marketplace Seller,Cedar Butchery,339.77,36.8428,24.8342
LEAKAGE,3,Amber,20037,CU2050,"Webcam - Value, Each",-0.1804,116.39,2843.11,More than a quarter of list never reaches us. The off-invoice deductions are where to look first.,Consumer Electronics,Marketplace Seller,Cedar Butchery,339.77,36.8428,24.8342
BELOW_FLOOR,2,Red,20168,CU2010,"Vacuum Sealer - Premium brand, Inner pack 6",0.1559,98.14,2737.67,"Pocket margin is under the floor. Reprice, or get the exception signed.",Home & Kitchen,Sub-Distributor,Coastal Table,256.14,125.2574,102.0798
STALE,6,Green,20168,CU2010,"Vacuum Sealer - Premium brand, Inner pack 6",0.1559,98.14,2737.67,No price change in over a year while input costs moved. Review.,Home & Kitchen,Sub-Distributor,Coastal Table,256.14,125.2574,102.0798
COST_SPIKE,7,Green,20168,CU2010,"Vacuum Sealer - Premium brand, Inner pack 6",0.1559,98.14,2737.67,Input cost up more than ten points since the price was last set.,Home & Kitchen,Sub-Distributor,Coastal Table,256.14,125.2574,102.0798
BELOW_FLOOR,2,Red,20048,CU2113,"HDMI Cable - National brand, Master carton 48",0.0101,99.07,2730.29,"Pocket margin is under the floor. Reprice, or get the exception signed.",Consumer Electronics,Independent Retailer,Coastal Hospitality,189.06,108.0447,91.0159
UNDER_MARKET,4,Amber,20232,CU2137,"Adjustable Dumbbells - Premium brand, Each",0.5455,91.85,2671.93,Priced well under the market with margin to spare. A price rise here is the cheapest margin in the book.,Sporting Goods,E-commerce Pure-Play,Juniper Fine Foods,68.76,75.9783,71.239
UNDER_MARKET,4,Amber,20117,CU2011,"27in Monitor - Private label, Each",0.5904,87.52,2668.17,Priced well under the market with margin to spare. A price rise here is the cheapest margin in the book.,Consumer Electronics,Regional Retail Chain,Okanagan Larder,98.51,54.6112,45.8777
STALE,6,Green,20117,CU2011,"27in Monitor - Private label, Each",0.5904,87.52,2668.17,No price change in over a year while input costs moved. Review.,Consumer Electronics,Regional Retail Chain,Okanagan Larder,98.51,54.6112,45.8777
UNDER_MARKET,4,Amber,20117,CU2081,"27in Monitor - Private label, Each",0.6196,87.52,2666.34,Priced well under the market with margin to spare. A price rise here is the cheapest margin in the book.,Consumer Electronics,Regional Retail Chain,Kootenay Public House,87.11,54.6112,49.4013
STALE,6,Green,20117,CU2081,"27in Monitor - Private label, Each",0.6196,87.52,2666.34,No price change in over a year while input costs moved. Review.,Consumer Electronics,Regional Retail Chain,Kootenay Public House,87.11,54.6112,49.4013
LOSS,1,Red,20065,CU2125,"LED Floor Lamp - National brand, Case 24",-0.1685,,2661.19,Selling below cost once every deduction is counted. Stop quoting this combination until the cost or the deductions change.,Home & Kitchen,Marketplace Seller,Mount Bistro,451.77,22.0464,16.3628
LEAKAGE,3,Amber,20065,CU2125,"LED Floor Lamp - National brand, Case 24",-0.1685,,2661.19,More than a quarter of list never reaches us. The off-invoice deductions are where to look first.,Home & Kitchen,Marketplace Seller,Mount Bistro,451.77,22.0464,16.3628
UNDER_MARKET,4,Amber,20191,CU2113,"Cat Litter - Premium brand, Case 24",0.301,88.71,2619.12,Priced well under the market with margin to spare. A price rise here is the cheapest margin in the book.,Pet Supplies,Independent Retailer,Coastal Hospitality,246.44,41.9389,35.3137
BELOW_FLOOR,2,Red,20074,CU2010,"Vacuum Sealer - Private label, Case 24",0.1914,,2616.74,"Pocket margin is under the floor. Reprice, or get the exception signed.",Home & Kitchen,Sub-Distributor,Coastal Table,1244.92,20.2118,16.4506
STALE,6,Green,20061,CU2083,"Safety Glasses - Premium brand, Each",0.371,96.48,2616.54,No price change in over a year while input costs moved. Review.,Tools & Hardware,Marketplace Seller,Granville Supply,126.96,66.7052,55.5493
UNDER_MARKET,4,Amber,20117,CU2129,"27in Monitor - Private label, Each",0.6284,87.52,2509.72,Priced well under the market with margin to spare. A price rise here is the cheapest margin in the book.,Consumer Electronics,Regional Retail Chain,Okanagan Foods,78.98,54.6112,50.569
STALE,6,Green,20117,CU2129,"27in Monitor - Private label, Each",0.6284,87.52,2509.72,No price change in over a year while input costs moved. Review.,Consumer Electronics,Regional Retail Chain,Okanagan Foods,78.98,54.6112,50.569
BELOW_FLOOR,2,Red,20214,CU2135,"Vitamin C Serum - Premium brand, Case 24",0.1425,100.31,2461.01,"Pocket margin is under the floor. Reprice, or get the exception signed.",Health & Beauty,Sub-Distributor,Okanagan Table,2210.52,16.0618,9.9431
LEAKAGE,3,Amber,20214,CU2135,"Vitamin C Serum - Premium brand, Case 24",0.1425,100.31,2461.01,More than a quarter of list never reaches us. The off-invoice deductions are where to look first.,Health & Beauty,Sub-Distributor,Okanagan Table,2210.52,16.0618,9.9431
UNDER_MARKET,4,Amber,20205,CU2050,"Bedding Set - Private label, Case 12",0.2801,87.7,2408.82,Priced well under the market with margin to spare. A price rise here is the cheapest margin in the book.,Home & Kitchen,Marketplace Seller,Cedar Butchery,1369.04,35.6983,27.3609
UNDER_MARKET,4,Amber,20147,CU2070,"Smart Plug - Value, Each",0.1783,89.27,2404.71,Priced well under the market with margin to spare. A price rise here is the cheapest margin in the book.,Consumer Electronics,Marketplace Seller,Riverside Public House,424.62,37.9048,31.7575
BELOW_FLOOR,2,Red,20074,CU2125,"Vacuum Sealer - Private label, Case 24",0.0956,,2390.1,"Pocket margin is under the floor. Reprice, or get the exception signed.",Home & Kitchen,Marketplace Seller,Mount Bistro,726.73,20.2118,14.7072
LEAKAGE,3,Amber,20074,CU2125,"Vacuum Sealer - Private label, Case 24",0.0956,,2390.1,More than a quarter of list never reaches us. The off-invoice deductions are where to look first.,Home & Kitchen,Marketplace Seller,Mount Bistro,726.73,20.2118,14.7072
BELOW_FLOOR,2,Red,20217,CU2107,"Work Gloves - National brand, Each",0.0723,114.07,2380.02,"Pocket margin is under the floor. Reprice, or get the exception signed.",Tools & Hardware,E-commerce Pure-Play,Selkirk Bistro,1153.92,21.1726,16.7592
UNDER_MARKET,4,Amber,20116,CU2143,"Aquarium Filter - Premium brand, Master carton 48",0.5833,86.61,2378.67,Priced well under the market with margin to spare. A price rise here is the cheapest margin in the book.,Pet Supplies,Sub-Distributor,Burrard Foods,105.1,45.8931,38.8004
STALE,6,Green,20140,CU2050,"Work Gloves - National brand, Case 24",0.1671,114.18,2352.9,No price change in over a year while input costs moved. Review.,Tools & Hardware,Marketplace Seller,Cedar Butchery,2888.28,56.7436,43.8155
BELOW_FLOOR,2,Red,20101,CU2119,"Chew Toy Pack - National brand, Each",0.0321,85.65,2338.61,"Pocket margin is under the floor. Reprice, or get the exception signed.",Pet Supplies,Marketplace Seller,Granville Trading Co,491.6,34.0418,28.4305
UNDER_MARKET,4,Amber,20101,CU2119,"Chew Toy Pack - National brand, Each",0.0321,85.65,2338.61,Priced well under the market with margin to spare. A price rise here is the cheapest margin in the book.,Pet Supplies,Marketplace Seller,Granville Trading Co,491.6,34.0418,28.4305
BELOW_FLOOR,2,Red,20070,CU2141,"Power Bank - Value, Case 12",0.0698,93.97,2311.62,"Pocket margin is under the floor. Reprice, or get the exception signed.",Consumer Electronics,Marketplace Seller,Sunshine Supply,506.66,45.1528,40.7435
OVER_MARKET,5,Amber,20202,CU2090,"Cooler Box - Premium brand, Case 24",0.4281,122.27,2310.89,Priced well over the market. Volume is exposed unless the premium is one the customer can name.,Sporting Goods,Sub-Distributor,Fraser Trading Co,55.32,104.2581,97.5759
STALE,6,Green,20202,CU2090,"Cooler Box - Premium brand, Case 24",0.4281,122.27,2310.89,No price change in over a year while input costs moved. Review.,Sporting Goods,Sub-Distributor,Fraser Trading Co,55.32,104.2581,97.5759
UNDER_MARKET,4,Amber,20156,CU2043,"Vitamin C Serum - Private label, Inner pack 6",0.4373,70.38,2301.77,Priced well under the market with margin to spare. A price rise here is the cheapest margin in the book.,Health & Beauty,Government & Education,Kootenay Hospitality,342.27,18.7243,15.3778
UNDER_MARKET,4,Amber,20029,CU2011,"27in Monitor - Private label, Inner pack 6",0.5098,88.4,2292.28,Priced well under the market with margin to spare. A price rise here is the cheapest margin in the book.,Consumer Electronics,Regional Retail Chain,Okanagan Larder,73.69,75.3392,61.0197
OVER_MARKET,5,Amber,20030,CU2094,"Cutlery Block - National brand, Master carton 48",0.28,126.43,2261.22,Priced well over the market. Volume is exposed unless the premium is one the customer can name.,Home & Kitchen,Regional Retail Chain,Harbour Hospitality,266.59,34.2031,30.296
COST_SPIKE,7,Green,20030,CU2094,"Cutlery Block - National brand, Master carton 48",0.28,126.43,2261.22,Input cost up more than ten points since the price was last set.,Home & Kitchen,Regional Retail Chain,Harbour Hospitality,266.59,34.2031,30.296
UNDER_MARKET,4,Amber,20239,CU2031,"Multivitamin - Private label, Inner pack 6",0.4816,87.69,2256.61,Priced well under the market with margin to spare. A price rise here is the cheapest margin in the book.,Health & Beauty,Corporate & B2B Buyer,Juniper Public House,172.07,29.9798,27.2333
UNDER_MARKET,4,Amber,20017,CU2002,"Webcam - National brand, Case 24",0.3997,88.58,2228.46,Priced well under the market with margin to spare. A price rise here is the cheapest margin in the book.,Consumer Electronics,Marketplace Seller,Riverside Trading Co,256.41,23.7358,21.742
LOSS,1,Red,20166,CU2072,"Electric Toothbrush - National brand, Bulk pallet 144",-0.2037,,2170.11,Selling below cost once every deduction is counted. Stop quoting this combination until the cost or the deductions change.,Health & Beauty,Marketplace Seller,Chilcotin Public House,737.51,12.3716,7.8308
LEAKAGE,3,Amber,20166,CU2072,"Electric Toothbrush - National brand, Bulk pallet 144",-0.2037,,2170.11,More than a quarter of list never reaches us. The off-invoice deductions are where to look first.,Health & Beauty,Marketplace Seller,Chilcotin Public House,737.51,12.3716,7.8308
UNDER_MARKET,4,Amber,20122,CU2072,"Body Wash - National brand, Bulk pallet 144",0.3829,77.59,2159.53,Priced well under the market with margin to spare. A price rise here is the cheapest margin in the book.,Health & Beauty,Marketplace Seller,Chilcotin Public House,218.99,34.14,25.7533
UNDER_MARKET,4,Amber,20126,CU2129,"Smart Plug - Value, Master carton 48",0.4495,91.13,2151.92,Priced well under the market with margin to spare. A price rise here is the cheapest margin in the book.,Consumer Electronics,Regional Retail Chain,Okanagan Foods,123.41,42.6607,38.789
UNDER_MARKET,4,Amber,20155,CU2006,"Camping Tent - Private label, Case 24",0.3558,85.12,2108.58,Priced well under the market with margin to spare. A price rise here is the cheapest margin in the book.,Sporting Goods,Independent Retailer,Coastal Larder,119.41,61.0672,49.6254
UNDER_MARKET,4,Amber,20222,CU2091,"Socket Set - National brand, Case 24",0.2547,82.73,2104.19,Priced well under the market with margin to spare. A price rise here is the cheapest margin in the book.,Tools & Hardware,Independent Retailer,Selkirk Catering,282.78,35.5677,29.2157
UNDER_MARKET,4,Amber,20126,CU2092,"Smart Plug - Value, Master carton 48",0.4611,91.13,2099.17,Priced well under the market with margin to spare. A price rise here is the cheapest margin in the book.,Consumer Electronics,Marketplace Seller,Alder Fine Foods,114.92,42.6607,39.6182
UNDER_MARKET,4,Amber,20122,CU2063,"Body Wash - National brand, Bulk pallet 144",0.4213,77.59,2098.91,Priced well under the market with margin to spare. A price rise here is the cheapest margin in the book.,Health & Beauty,Sub-Distributor,Stanley Table,181.4,34.14,27.4626
UNDER_MARKET,4,Amber,20080,CU2115,"Bluetooth Speaker - Premium brand, Case 12",0.5047,86.81,2079.12,Priced well under the market with margin to spare. A price rise here is the cheapest margin in the book.,Consumer Electronics,Sub-Distributor,Riverside Hospitality,93.19,49.5575,44.205
UNDER_MARKET,4,Amber,20239,CU2119,"Multivitamin - Private label, Inner pack 6",0.4771,87.69,2077.08,Priced well under the market with margin to spare. A price rise here is the cheapest margin in the book.,Health & Beauty,Marketplace Seller,Granville Trading Co,161.21,29.9798,27.0031
LOSS,1,Red,20065,CU2124,"LED Floor Lamp - National brand, Case 24",-0.0083,,2055.14,Selling below cost once every deduction is counted. Stop quoting this combination until the cost or the deductions change.,Home & Kitchen,Marketplace Seller,Mount Fine Foods,542.38,22.0464,18.962
UNDER_MARKET,4,Amber,20125,CU2106,"Webcam - Private label, Inner pack 6",0.6417,84.28,2034.92,Priced well under the market with margin to spare. A price rise here is the cheapest margin in the book.,Consumer Electronics,Sub-Distributor,Fraser Kitchen Group,43.54,76.8718,72.8282
STALE,6,Green,20125,CU2106,"Webcam - Private label, Inner pack 6",0.6417,84.28,2034.92,No price change in over a year while input costs moved. Review.,Consumer Electronics,Sub-Distributor,Fraser Kitchen Group,43.54,76.8718,72.8282
UNDER_MARKET,4,Amber,20126,CU2123,"Smart Plug - Value, Master carton 48",0.4595,91.13,2031.97,Priced well under the market with margin to spare. A price rise here is the cheapest margin in the book.,Consumer Electronics,Independent Retailer,Fraser Public House,111.93,42.6607,39.5057
LEAKAGE,3,Amber,20073,CU2135,"HDMI Cable - National brand, Each",0.3713,88.57,1988.17,More than a quarter of list never reaches us. The off-invoice deductions are where to look first.,Consumer Electronics,Sub-Distributor,Okanagan Table,118.88,60.1678,45.0422
UNDER_MARKET,4,Amber,20073,CU2135,"HDMI Cable - National brand, Each",0.3713,88.57,1988.17,Priced well under the market with margin to spare. A price rise here is the cheapest margin in the book.,Consumer Electronics,Sub-Distributor,Okanagan Table,118.88,60.1678,45.0422
STALE,6,Green,20073,CU2135,"HDMI Cable - National brand, Each",0.3713,88.57,1988.17,No price change in over a year while input costs moved. Review.,Consumer Electronics,Sub-Distributor,Okanagan Table,118.88,60.1678,45.0422
STALE,6,Green,20210,CU2055,"Socket Set - Private label, Each",0.4936,110.52,1981.89,No price change in over a year while input costs moved. Review.,Tools & Hardware,Marketplace Seller,Riverside Foods,108.86,41.4339,36.8833
UNDER_MARKET,4,Amber,20220,CU2003,"Air Fryer - Premium brand, Inner pack 6",0.3535,91.17,1980.67,Priced well under the market with margin to spare. A price rise here is the cheapest margin in the book.,Home & Kitchen,Regional Retail Chain,Alder Butchery,76.07,80.0931,73.6487
LOSS,1,Red,20153,CU2006,"Body Wash - National brand, Each",-0.0654,117.81,1953.9,Selling below cost once every deduction is counted. Stop quoting this combination until the cost or the deductions change.,Health & Beauty,Independent Retailer,Coastal Larder,424.89,23.254,18.209
UNDER_MARKET,4,Amber,20080,CU2116,"Bluetooth Speaker - Premium brand, Case 12",0.5022,86.81,1949.75,Priced well under the market with margin to spare. A price rise here is the cheapest margin in the book.,Consumer Electronics,Independent Retailer,Stanley Grill House,88.28,49.5575,43.9804
BELOW_FLOOR,2,Red,20157,CU2125,"LED Floor Lamp - Premium brand, Case 12",0.1393,90.08,1949.43,"Pocket margin is under the floor. Reprice, or get the exception signed.",Home & Kitchen,Marketplace Seller,Mount Bistro,1092.1,20.666,15.5243
UNDER_MARKET,4,Amber,20157,CU2125,"LED Floor Lamp - Premium brand, Case 12",0.1393,90.08,1949.43,Priced well under the market with margin to spare. A price rise here is the cheapest margin in the book.,Home & Kitchen,Marketplace Seller,Mount Bistro,1092.1,20.666,15.5243
COST_SPIKE,7,Green,20157,CU2125,"LED Floor Lamp - Premium brand, Case 12",0.1393,90.08,1949.43,Input cost up more than ten points since the price was last set.,Home & Kitchen,Marketplace Seller,Mount Bistro,1092.1,20.666,15.5243
LEAKAGE,3,Amber,20054,CU2054,"Work Gloves - National brand, Bulk pallet 144",0.2747,94.23,1938.11,More than a quarter of list never reaches us. The off-invoice deductions are where to look first.,Tools & Hardware,Marketplace Seller,Cedar Public House,130.1,77.3507,54.224
UNDER_MARKET,4,Amber,20087,CU2080,"Blender - National brand, Each",0.2974,86.8,1931.76,Priced well under the market with margin to spare. A price rise here is the cheapest margin in the book.,Home & Kitchen,Government & Education,Cedar Catering,105.7,74.7226,61.4476
UNDER_MARKET,4,Amber,20090,CU2062,"Pet Bed - National brand, Bulk pallet 144",0.4476,83.99,1904.2,Priced well under the market with margin to spare. A price rise here is the cheapest margin in the book.,Pet Supplies,Independent Retailer,Summit Trading Co,71.97,64.639,59.1127
UNDER_MARKET,4,Amber,20080,CU2100,"Bluetooth Speaker - Premium brand, Case 12",0.5108,86.81,1884.62,Priced well under the market with margin to spare. A price rise here is the cheapest margin in the book.,Consumer Electronics,Independent Retailer,Alder Catering,82.45,49.5575,44.7521
UNDER_MARKET,4,Amber,20120,CU2136,"Sunscreen SPF50 - Value, Bulk pallet 144",0.3075,85.65,1880.12,Priced well under the market with margin to spare. A price rise here is the cheapest margin in the book.,Health & Beauty,Government & Education,Alder Table,669.7,10.2924,9.1283
UNDER_MARKET,4,Amber,20124,CU2036,"Socket Set - Value, Each",0.2714,82.71,1872.52,Priced well under the market with margin to spare. A price rise here is the cheapest margin in the book.,Tools & Hardware,Regional Retail Chain,Fraser Provisions,165.41,46.1251,41.7092
LOSS,1,Red,20153,CU2125,"Body Wash - National brand, Each",-0.1029,117.81,1852.36,Selling below cost once every deduction is counted. Stop quoting this combination until the cost or the deductions change.,Health & Beauty,Marketplace Seller,Mount Bistro,363.08,23.254,17.59
BELOW_FLOOR,2,Red,20105,CU2107,"Filing Boxes - Premium brand, Master carton 48",0.0662,113.09,1838.85,"Pocket margin is under the floor. Reprice, or get the exception signed.",Office & Stationery,E-commerce Pure-Play,Selkirk Bistro,600.84,20.3704,14.2451
LEAKAGE,3,Amber,20105,CU2107,"Filing Boxes - Premium brand, Master carton 48",0.0662,113.09,1838.85,More than a quarter of list never reaches us. The off-invoice deductions are where to look first.,Office & Stationery,E-commerce Pure-Play,Selkirk Bistro,600.84,20.3704,14.2451
COST_SPIKE,7,Green,20105,CU2107,"Filing Boxes - Premium brand, Master carton 48",0.0662,113.09,1838.85,Input cost up more than ten points since the price was last set.,Office & Stationery,E-commerce Pure-Play,Selkirk Bistro,600.84,20.3704,14.2451
LEAKAGE,3,Amber,20122,CU2050,"Body Wash - National brand, Bulk pallet 144",0.2992,77.59,1789.07,More than a quarter of list never reaches us. The off-invoice deductions are where to look first.,Health & Beauty,Marketplace Seller,Cedar Butchery,263.68,34.14,22.677
UNDER_MARKET,4,Amber,20122,CU2050,"Body Wash - National brand, Bulk pallet 144",0.2992,77.59,1789.07,Priced well under the market with margin to spare. A price rise here is the cheapest margin in the book.,Health & Beauty,Marketplace Seller,Cedar Butchery,263.68,34.14,22.677
BELOW_FLOOR,2,Red,20197,CU2127,"Copy Paper - National brand, Master carton 48",0.0174,75.35,1766.56,"Pocket margin is under the floor. Reprice, or get the exception signed.",Office & Stationery,Corporate & B2B Buyer,Sunshine Public House,771.39,20.965,14.0343
LEAKAGE,3,Amber,20197,CU2127,"Copy Paper - National brand, Master carton 48",0.0174,75.35,1766.56,More than a quarter of list never reaches us. The off-invoice deductions are where to look first.,Office & Stationery,Corporate & B2B Buyer,Sunshine Public House,771.39,20.965,14.0343
UNDER_MARKET,4,Amber,20197,CU2127,"Copy Paper - National brand, Master carton 48",0.0174,75.35,1766.56,Priced well under the market with margin to spare. A price rise here is the cheapest margin in the book.,Office & Stationery,Corporate & B2B Buyer,Sunshine Public House,771.39,20.965,14.0343
UNDER_MARKET,4,Amber,20087,CU2096,"Blender - National brand, Each",0.282,86.8,1765.7,Priced well under the market with margin to spare. A price rise here is the cheapest margin in the book.,Home & Kitchen,Marketplace Seller,Riverside Market,104.13,74.7226,60.1284
UNDER_MARKET,4,Amber,20147,CU2015,"Smart Plug - Value, Each",0.2069,89.27,1764.19,Priced well under the market with margin to spare. A price rise here is the cheapest margin in the book.,Consumer Electronics,Corporate & B2B Buyer,Alder Hospitality,259.2,37.9048,32.9006
UNDER_MARKET,4,Amber,20098,CU2042,"Laptop Sleeve - Private label, Each",0.5742,90.23,1763.52,Priced well under the market with margin to spare. A price rise here is the cheapest margin in the book.,Apparel & Accessories,Corporate & B2B Buyer,Okanagan Provisions,83.68,39.5264,36.7008
UNDER_MARKET,4,Amber,20213,CU2043,"Bedding Set - Premium brand, Master carton 48",0.3839,90.06,1756.43,Priced well under the market with margin to spare. A price rise here is the cheapest margin in the book.,Home & Kitchen,Government & Education,Kootenay Hospitality,90.56,60.1219,50.5259
UNDER_MARKET,4,Amber,20220,CU2087,"Air Fryer - Premium brand, Inner pack 6",0.3351,91.17,1747.16,Priced well under the market with margin to spare. A price rise here is the cheapest margin in the book.,Home & Kitchen,Sub-Distributor,Selkirk Fine Foods,72.8,80.0931,71.6107
STALE,6,Green,20207,CU2131,"Cycling Helmet - Private label, Case 12",0.2478,107.0,1738.91,No price change in over a year while input costs moved. Review.,Sporting Goods,Regional Retail Chain,Sunshine Bistro,812.46,29.7315,27.1405
COST_SPIKE,7,Green,20207,CU2131,"Cycling Helmet - Private label, Case 12",0.2478,107.0,1738.91,Input cost up more than ten points since the price was last set.,Sporting Goods,Regional Retail Chain,Sunshine Bistro,812.46,29.7315,27.1405
UNDER_MARKET,4,Amber,20092,CU2105,"Yoga Mat - Premium brand, Each",0.2041,76.18,1721.56,Priced well under the market with margin to spare. A price rise here is the cheapest margin in the book.,Sporting Goods,Marketplace Seller,Stanley Fine Foods,565.66,50.1679,47.2721
OVER_MARKET,5,Amber,20030,CU2100,"Cutlery Block - National brand, Master carton 48",0.2937,126.43,1720.46,Priced well over the market. Volume is exposed unless the premium is one the customer can name.,Home & Kitchen,Independent Retailer,Alder Catering,189.66,34.2031,30.8853
COST_SPIKE,7,Green,20030,CU2100,"Cutlery Block - National brand, Master carton 48",0.2937,126.43,1720.46,Input cost up more than ten points since the price was last set.,Home & Kitchen,Independent Retailer,Alder Catering,189.66,34.2031,30.8853
LOSS,1,Red,20196,CU2096,"Resistance Bands - Value, Each",-0.0406,,1708.69,Selling below cost once every deduction is counted. Stop quoting this combination until the cost or the deductions change.,Sporting Goods,Marketplace Seller,Riverside Market,335.96,34.4166,27.649
UNDER_MARKET,4,Amber,20126,CU2032,"Smart Plug - Value, Master carton 48",0.4508,91.13,1687.55,Priced well under the market with margin to spare. A price rise here is the cheapest margin in the book.,Consumer Electronics,Sub-Distributor,Mount Foods,96.3,42.6607,38.8757
BELOW_FLOOR,2,Red,20083,CU2022,"Grooming Kit - Value, Bulk pallet 144",0.0793,85.11,1666.55,"Pocket margin is under the floor. Reprice, or get the exception signed.",Pet Supplies,Regional Retail Chain,Summit Supply,631.41,35.4931,25.6667
LEAKAGE,3,Amber,20083,CU2022,"Grooming Kit - Value, Bulk pallet 144",0.0793,85.11,1666.55,More than a quarter of list never reaches us. The off-invoice deductions are where to look first.,Pet Supplies,Regional Retail Chain,Summit Supply,631.41,35.4931,25.6667
UNDER_MARKET,4,Amber,20083,CU2022,"Grooming Kit - Value, Bulk pallet 144",0.0793,85.11,1666.55,Priced well under the market with margin to spare. A price rise here is the cheapest margin in the book.,Pet Supplies,Regional Retail Chain,Summit Supply,631.41,35.4931,25.6667
UNDER_MARKET,4,Amber,20062,CU2010,"Fastener Assortment - National brand, Bulk pallet 144",0.2191,83.89,1656.59,Priced well under the market with margin to spare. A price rise here is the cheapest margin in the book.,Tools & Hardware,Sub-Distributor,Coastal Table,154.08,61.8525,49.0697
UNDER_MARKET,4,Amber,20147,CU2097,"Smart Plug - Value, Each",0.2415,89.27,1619.66,Priced well under the market with margin to spare. A price rise here is the cheapest margin in the book.,Consumer Electronics,Subscription Box Operator,Summit Butchery,194.91,37.9048,34.4041
BELOW_FLOOR,2,Red,20203,CU2080,"Air Fryer - Private label, Master carton 48",0.2543,86.79,1611.71,"Pocket margin is under the floor. Reprice, or get the exception signed.",Home & Kitchen,Government & Education,Cedar Catering,875.31,22.6914,18.4589
UNDER_MARKET,4,Amber,20203,CU2080,"Air Fryer - Private label, Master carton 48",0.2543,86.79,1611.71,Priced well under the market with margin to spare. A price rise here is the cheapest margin in the book.,Home & Kitchen,Government & Education,Cedar Catering,875.31,22.6914,18.4589
STALE,6,Green,20086,CU2127,"Hair Dryer - Private label, Bulk pallet 144",0.4007,,1574.88,No price change in over a year while input costs moved. Review.,Health & Beauty,Corporate & B2B Buyer,Sunshine Public House,278.34,18.4235,14.1216
UNDER_MARKET,4,Amber,20094,CU2065,"Yoga Mat - National brand, Each",0.2353,79.25,1574.7,Priced well under the market with margin to spare. A price rise here is the cheapest margin in the book.,Sporting Goods,Government & Education,Juniper Table,145.17,49.8162,46.0959
STALE,6,Green,20094,CU2065,"Yoga Mat - National brand, Each",0.2353,79.25,1574.7,No price change in over a year while input costs moved. Review.,Sporting Goods,Government & Education,Juniper Table,145.17,49.8162,46.0959
COST_SPIKE,7,Green,20094,CU2065,"Yoga Mat - National brand, Each",0.2353,79.25,1574.7,Input cost up more than ten points since the price was last set.,Sporting Goods,Government & Education,Juniper Table,145.17,49.8162,46.0959
LEAKAGE,3,Amber,20224,CU2022,"Chew Toy Pack - National brand, Case 24",0.1028,101.93,1570.48,More than a quarter of list never reaches us. The off-invoice deductions are where to look first.,Pet Supplies,Regional Retail Chain,Summit Supply,1599.71,21.2015,15.6624
UNDER_MARKET,4,Amber,20232,CU2067,"Adjustable Dumbbells - Premium brand, Each",0.5338,91.85,1559.55,Priced well under the market with margin to spare. A price rise here is the cheapest margin in the book.,Sporting Goods,Independent Retailer,Alder Bistro,42.07,75.9783,69.4505
OVER_MARKET,5,Amber,20045,CU2049,"Winter Gloves - Value, Inner pack 6",0.3213,119.04,1557.78,Priced well over the market. Volume is exposed unless the premium is one the customer can name.,Apparel & Accessories,Independent Retailer,Mount Market,121.67,43.9034,39.8525
LOSS,1,Red,20037,CU2070,"Webcam - Value, Each",-0.0511,116.39,1551.65,Selling below cost once every deduction is counted. Stop quoting this combination until the cost or the deductions change.,Consumer Electronics,Marketplace Seller,Riverside Public House,267.98,36.8428,27.89
UNDER_MARKET,4,Amber,20162,CU2045,"Electric Toothbrush - National brand, Case 12",0.527,70.54,1521.54,Priced well under the market with margin to spare. A price rise here is the cheapest margin in the book.,Health & Beauty,Subscription Box Operator,Sunshine Butchery,103.41,31.47,27.9183
UNDER_MARKET,4,Amber,20222,CU2064,"Socket Set - National brand, Case 24",0.3303,82.73,1507.19,Priced well under the market with margin to spare. A price rise here is the cheapest margin in the book.,Tools & Hardware,Independent Retailer,Cedar Trading Co,140.33,35.5677,32.5149
UNDER_MARKET,4,Amber,20205,CU2061,"Bedding Set - Private label, Case 12",0.4085,87.7,1499.06,Priced well under the market with margin to spare. A price rise here is the cheapest margin in the book.,Home & Kitchen,Marketplace Seller,Marine Trading Co,110.19,35.6983,33.3016
STALE,6,Green,20210,CU2099,"Socket Set - Private label, Each",0.4478,110.52,1498.39,No price change in over a year while input costs moved. Review.,Tools & Hardware,E-commerce Pure-Play,Cedar Provisions,98.94,41.4339,33.8218
UNDER_MARKET,4,Amber,20116,CU2129,"Aquarium Filter - Premium brand, Master carton 48",0.6104,86.61,1498.06,Priced well under the market with margin to spare. A price rise here is the cheapest margin in the book.,Pet Supplies,Regional Retail Chain,Okanagan Foods,59.13,45.8931,41.503
LOSS,1,Red,20145,CU2127,"Aquarium Filter - National brand, Master carton 48",-0.05,88.96,1494.26,Selling below cost once every deduction is counted. Stop quoting this combination until the cost or the deductions change.,Pet Supplies,Corporate & B2B Buyer,Sunshine Public House,468.68,17.0546,13.5104
UNDER_MARKET,4,Amber,20145,CU2127,"Aquarium Filter - National brand, Master carton 48",-0.05,88.96,1494.26,Priced well under the market with margin to spare. A price rise here is the cheapest margin in the book.,Pet Supplies,Corporate & B2B Buyer,Sunshine Public House,468.68,17.0546,13.5104
COST_SPIKE,7,Green,20237,CU2127,"Nonstick Cookware Set - Value, Each",0.2066,116.56,1472.62,Input cost up more than ten points since the price was last set.,Home & Kitchen,Corporate & B2B Buyer,Sunshine Public House,334.9,26.5461,21.2887
BELOW_FLOOR,2,Red,20149,CU2070,"Cordless Drill - Value, Each",0.0876,,1449.87,"Pocket margin is under the floor. Reprice, or get the exception signed.",Tools & Hardware,Marketplace Seller,Riverside Public House,396.36,43.3886,36.2491
UNDER_MARKET,4,Amber,20155,CU2015,"Camping Tent - Private label, Case 24",0.392,85.12,1444.92,Priced well under the market with margin to spare. A price rise here is the cheapest margin in the book.,Sporting Goods,Corporate & B2B Buyer,Alder Hospitality,70.1,61.0672,52.5793
UNDER_MARKET,4,Amber,20192,CU2101,"Body Wash - National brand, Inner pack 6",0.2582,88.64,1433.82,Priced well under the market with margin to spare. A price rise here is the cheapest margin in the book.,Health & Beauty,Independent Retailer,Marine Market,313.0,22.3688,17.7421
BELOW_FLOOR,2,Red,20195,CU2050,"Hair Dryer - Value, Inner pack 6",0.0194,92.36,1430.39,"Pocket margin is under the floor. Reprice, or get the exception signed.",Health & Beauty,Marketplace Seller,Cedar Butchery,909.95,13.1347,9.8224
LEAKAGE,3,Amber,20195,CU2050,"Hair Dryer - Value, Inner pack 6",0.0194,92.36,1430.39,More than a quarter of list never reaches us. The off-invoice deductions are where to look first.,Health & Beauty,Marketplace Seller,Cedar Butchery,909.95,13.1347,9.8224
STALE,6,Green,20195,CU2050,"Hair Dryer - Value, Inner pack 6",0.0194,92.36,1430.39,No price change in over a year while input costs moved. Review.,Health & Beauty,Marketplace Seller,Cedar Butchery,909.95,13.1347,9.8224
COST_SPIKE,7,Green,20195,CU2050,"Hair Dryer - Value, Inner pack 6",0.0194,92.36,1430.39,Input cost up more than ten points since the price was last set.,Health & Beauty,Marketplace Seller,Cedar Butchery,909.95,13.1347,9.8224
STALE,6,Green,20168,CU2030,"Vacuum Sealer - Premium brand, Inner pack 6",0.1799,98.14,1422.38,No price change in over a year while input costs moved. Review.,Home & Kitchen,Independent Retailer,Mount Catering,167.74,125.2574,105.0667
COST_SPIKE,7,Green,20168,CU2030,"Vacuum Sealer - Premium brand, Inner pack 6",0.1799,98.14,1422.38,Input cost up more than ten points since the price was last set.,Home & Kitchen,Independent Retailer,Mount Catering,167.74,125.2574,105.0667
UNDER_MARKET,4,Amber,20090,CU2140,"Pet Bed - National brand, Bulk pallet 144",0.462,83.99,1417.82,Priced well under the market with margin to spare. A price rise here is the cheapest margin in the book.,Pet Supplies,Subscription Box Operator,Kitsilano Foods,50.57,64.639,60.6912
UNDER_MARKET,4,Amber,20073,CU2129,"HDMI Cable - National brand, Each",0.4585,88.57,1417.28,Priced well under the market with margin to spare. A price rise here is the cheapest margin in the book.,Consumer Electronics,Regional Retail Chain,Okanagan Foods,59.12,60.1678,52.291
STALE,6,Green,20073,CU2129,"HDMI Cable - National brand, Each",0.4585,88.57,1417.28,No price change in over a year while input costs moved. Review.,Consumer Electronics,Regional Retail Chain,Okanagan Foods,59.12,60.1678,52.291
LOSS,1,Red,20038,CU2121,"Sunscreen SPF50 - National brand, Case 12",-0.0545,108.41,1414.61,Selling below cost once every deduction is counted. Stop quoting this combination until the cost or the deductions change.,Health & Beauty,Corporate & B2B Buyer,Riverside Table,304.34,27.2668,20.7198
UNDER_MARKET,4,Amber,20155,CU2104,"Camping Tent - Private label, Case 24",0.4237,85.12,1413.14,Priced well under the market with margin to spare. A price rise here is the cheapest margin in the book.,Sporting Goods,Corporate & B2B Buyer,Summit Table,60.12,61.0672,55.4725
OVER_MARKET,5,Amber,20164,CU2060,"27in Monitor - Value, Inner pack 6",0.1503,121.22,1409.38,Priced well over the market. Volume is exposed unless the premium is one the customer can name.,Consumer Electronics,Subscription Box Operator,Fraser Hospitality,156.42,63.3228,59.9542
BELOW_FLOOR,2,Red,20101,CU2081,"Chew Toy Pack - National brand, Each",0.0233,85.65,1402.28,"Pocket margin is under the floor. Reprice, or get the exception signed.",Pet Supplies,Regional Retail Chain,Kootenay Public House,282.63,34.0418,28.1752
UNDER_MARKET,4,Amber,20101,CU2081,"Chew Toy Pack - National brand, Each",0.0233,85.65,1402.28,Priced well under the market with margin to spare. A price rise here is the cheapest margin in the book.,Pet Supplies,Regional Retail Chain,Kootenay Public House,282.63,34.0418,28.1752
UNDER_MARKET,4,Amber,20079,CU2028,"Smart Plug - National brand, Case 24",0.3152,91.65,1402.17,Priced well under the market with margin to spare. A price rise here is the cheapest margin in the book.,Consumer Electronics,Independent Retailer,Riverside Butchery,88.12,60.4407,50.476
UNDER_MARKET,4,Amber,20157,CU2095,"LED Floor Lamp - Premium brand, Case 12",0.29,90.08,1390.65,Priced well under the market with margin to spare. A price rise here is the cheapest margin in the book.,Home & Kitchen,Sub-Distributor,Riverside Fine Foods,254.87,20.666,18.8178
COST_SPIKE,7,Green,20157,CU2095,"LED Floor Lamp - Premium brand, Case 12",0.29,90.08,1390.65,Input cost up more than ten points since the price was last set.,Home & Kitchen,Sub-Distributor,Riverside Fine Foods,254.87,20.666,18.8178
LOSS,1,Red,20145,CU2016,"Aquarium Filter - National brand, Master carton 48",-0.0053,88.96,1389.19,Selling below cost once every deduction is counted. Stop quoting this combination until the cost or the deductions change.,Pet Supplies,Corporate & B2B Buyer,Alder Trading Co,514.7,17.0546,14.1114
UNDER_MARKET,4,Amber,20145,CU2016,"Aquarium Filter - National brand, Master carton 48",-0.0053,88.96,1389.19,Priced well under the market with margin to spare. A price rise here is the cheapest margin in the book.,Pet Supplies,Corporate & B2B Buyer,Alder Trading Co,514.7,17.0546,14.1114
BELOW_FLOOR,2,Red,20092,CU2033,"Yoga Mat - Premium brand, Each",0.176,76.18,1382.45,"Pocket margin is under the floor. Reprice, or get the exception signed.",Sporting Goods,Independent Retailer,Selkirk Butchery,327.35,50.1679,45.6594
UNDER_MARKET,4,Amber,20092,CU2033,"Yoga Mat - Premium brand, Each",0.176,76.18,1382.45,Priced well under the market with margin to spare. A price rise here is the cheapest margin in the book.,Sporting Goods,Independent Retailer,Selkirk Butchery,327.35,50.1679,45.6594
UNDER_MARKET,4,Amber,20073,CU2065,"HDMI Cable - National brand, Each",0.4586,88.57,1378.59,Priced well under the market with margin to spare. A price rise here is the cheapest margin in the book.,Consumer Electronics,Government & Education,Juniper Table,57.48,60.1678,52.3019
STALE,6,Green,20073,CU2065,"HDMI Cable - National brand, Each",0.4586,88.57,1378.59,No price change in over a year while input costs moved. Review.,Consumer Electronics,Government & Education,Juniper Table,57.48,60.1678,52.3019
UNDER_MARKET,4,Amber,20125,CU2005,"Webcam - Private label, Inner pack 6",0.6154,84.28,1377.14,Priced well under the market with margin to spare. A price rise here is the cheapest margin in the book.,Consumer Electronics,Independent Retailer,Coastal Supply,32.99,76.8718,67.8355
STALE,6,Green,20125,CU2005,"Webcam - Private label, Inner pack 6",0.6154,84.28,1377.14,No price change in over a year while input costs moved. Review.,Consumer Electronics,Independent Retailer,Coastal Supply,32.99,76.8718,67.8355
BELOW_FLOOR,2,Red,20074,CU2006,"Vacuum Sealer - Private label, Case 24",0.1654,,1368.31,"Pocket margin is under the floor. Reprice, or get the exception signed.",Home & Kitchen,Independent Retailer,Coastal Larder,558.35,20.2118,15.9384
UNDER_MARKET,4,Amber,20147,CU2122,"Smart Plug - Value, Each",0.2051,89.27,1362.33,Priced well under the market with margin to spare. A price rise here is the cheapest margin in the book.,Consumer Electronics,Marketplace Seller,Chilcotin Catering,202.34,37.9048,32.8272
UNDER_MARKET,4,Amber,20162,CU2018,"Electric Toothbrush - National brand, Case 12",0.5469,70.54,1349.81,Priced well under the market with margin to spare. A price rise here is the cheapest margin in the book.,Health & Beauty,Independent Retailer,Chilcotin Hospitality,84.69,31.47,29.1429
UNDER_MARKET,4,Amber,20098,CU2110,"Laptop Sleeve - Private label, Each",0.567,90.23,1349.51,Priced well under the market with margin to spare. A price rise here is the cheapest margin in the book.,Apparel & Accessories,Independent Retailer,Chilcotin Table,65.95,39.5264,36.0888
UNDER_MARKET,4,Amber,20079,CU2108,"Smart Plug - National brand, Case 24",0.2936,91.65,1346.47,Priced well under the market with margin to spare. A price rise here is the cheapest margin in the book.,Consumer Electronics,Sub-Distributor,Okanagan Market,93.71,60.4407,48.9325
UNDER_MARKET,4,Amber,20173,CU2124,"Nonstick Cookware Set - Value, Bulk pallet 144",0.102,90.06,1337.38,Priced well under the market with margin to spare. A price rise here is the cheapest margin in the book.,Home & Kitchen,Marketplace Seller,Mount Fine Foods,976.85,26.0928,22.0864
UNDER_MARKET,4,Amber,20147,CU2112,"Smart Plug - Value, Each",0.2265,89.27,1330.36,Priced well under the market with margin to spare. A price rise here is the cheapest margin in the book.,Consumer Electronics,Government & Education,Stanley Provisions,174.06,37.9048,33.7374
UNDER_MARKET,4,Amber,20144,CU2001,"Winter Gloves - National brand, Inner pack 6",0.3456,90.85,1322.08,Priced well under the market with margin to spare. A price rise here is the cheapest margin in the book.,Apparel & Accessories,Subscription Box Operator,Coastal Market,170.8,28.6774,22.3999
UNDER_MARKET,4,Amber,20075,CU2071,"Resistance Bands - Private label, Each",0.2664,74.2,1313.66,Priced well under the market with margin to spare. A price rise here is the cheapest margin in the book.,Sporting Goods,Regional Retail Chain,Harbour Table,910.59,27.8218,22.2928
UNDER_MARKET,4,Amber,20116,CU2083,"Aquarium Filter - Premium brand, Master carton 48",0.5769,86.61,1308.3,Priced well under the market with margin to spare. A price rise here is the cheapest margin in the book.,Pet Supplies,Marketplace Seller,Granville Supply,59.34,45.8931,38.2155
LOSS,1,Red,20105,CU2125,"Filing Boxes - Premium brand, Master carton 48",-0.0343,113.09,1299.85,Selling below cost once every deduction is counted. Stop quoting this combination until the cost or the deductions change.,Office & Stationery,Marketplace Seller,Mount Bistro,320.55,20.3704,12.8618
LEAKAGE,3,Amber,20105,CU2125,"Filing Boxes - Premium brand, Master carton 48",-0.0343,113.09,1299.85,More than a quarter of list never reaches us. The off-invoice deductions are where to look first.,Office & Stationery,Marketplace Seller,Mount Bistro,320.55,20.3704,12.8618
COST_SPIKE,7,Green,20105,CU2125,"Filing Boxes - Premium brand, Master carton 48",-0.0343,113.09,1299.85,Input cost up more than ten points since the price was last set.,Office & Stationery,Marketplace Seller,Mount Bistro,320.55,20.3704,12.8618
LEAKAGE,3,Amber,20063,CU2107,"Smart Plug - Value, Inner pack 6",0.2376,104.63,1282.17,More than a quarter of list never reaches us. The off-invoice deductions are where to look first.,Consumer Electronics,E-commerce Pure-Play,Selkirk Bistro,224.38,34.3959,24.0528
BELOW_FLOOR,2,Red,20070,CU2055,"Power Bank - Value, Case 12",0.0626,93.97,1281.38,"Pocket margin is under the floor. Reprice, or get the exception signed.",Consumer Electronics,Marketplace Seller,Riverside Foods,265.84,45.1528,40.4286
BELOW_FLOOR,2,Red,20174,CU2030,"Socket Set - National brand, Each",0.0854,,1280.37,"Pocket margin is under the floor. Reprice, or get the exception signed.",Tools & Hardware,Independent Retailer,Mount Catering,467.35,33.942,27.9315
STALE,6,Green,20174,CU2030,"Socket Set - National brand, Each",0.0854,,1280.37,No price change in over a year while input costs moved. Review.,Tools & Hardware,Independent Retailer,Mount Catering,467.35,33.942,27.9315
UNDER_MARKET,4,Amber,20213,CU2104,"Bedding Set - Premium brand, Master carton 48",0.4258,90.06,1274.39,Priced well under the market with margin to spare. A price rise here is the cheapest margin in the book.,Home & Kitchen,Corporate & B2B Buyer,Summit Table,55.2,60.1219,54.2174
UNDER_MARKET,4,Amber,20162,CU2014,"Electric Toothbrush - National brand, Case 12",0.5304,70.54,1254.45,Priced well under the market with margin to spare. A price rise here is the cheapest margin in the book.,Health & Beauty,Marketplace Seller,Salish Foods,84.11,31.47,28.119
BELOW_FLOOR,2,Red,20177,CU2022,"Gel Pens - Premium brand, Bulk pallet 144",0.0887,94.63,1251.22,"Pocket margin is under the floor. Reprice, or get the exception signed.",Office & Stationery,Regional Retail Chain,Summit Supply,471.77,20.0495,14.6803
LEAKAGE,3,Amber,20177,CU2022,"Gel Pens - Premium brand, Bulk pallet 144",0.0887,94.63,1251.22,More than a quarter of list never reaches us. The off-invoice deductions are where to look first.,Office & Stationery,Regional Retail Chain,Summit Supply,471.77,20.0495,14.6803
STALE,6,Green,20177,CU2022,"Gel Pens - Premium brand, Bulk pallet 144",0.0887,94.63,1251.22,No price change in over a year while input costs moved. Review.,Office & Stationery,Regional Retail Chain,Summit Supply,471.77,20.0495,14.6803
COST_SPIKE,7,Green,20177,CU2022,"Gel Pens - Premium brand, Bulk pallet 144",0.0887,94.63,1251.22,Input cost up more than ten points since the price was last set.,Office & Stationery,Regional Retail Chain,Summit Supply,471.77,20.0495,14.6803
LOSS,1,Red,20133,CU2072,"Aquarium Filter - National brand, Case 24",-0.1107,,1246.21,Selling below cost once every deduction is counted. Stop quoting this combination until the cost or the deductions change.,Pet Supplies,Marketplace Seller,Chilcotin Public House,343.57,14.1912,11.1204
STALE,6,Green,20174,CU2063,"Socket Set - National brand, Each",0.1266,,1244.92,No price change in over a year while input costs moved. Review.,Tools & Hardware,Sub-Distributor,Stanley Table,747.83,33.942,29.248
STALE,6,Green,20177,CU2078,"Gel Pens - Premium brand, Bulk pallet 144",0.2846,94.63,1244.51,No price change in over a year while input costs moved. Review.,Office & Stationery,E-commerce Pure-Play,Juniper Market,233.9,20.0495,18.6983
COST_SPIKE,7,Green,20177,CU2078,"Gel Pens - Premium brand, Bulk pallet 144",0.2846,94.63,1244.51,Input cost up more than ten points since the price was last set.,Office & Stationery,E-commerce Pure-Play,Juniper Market,233.9,20.0495,18.6983
UNDER_MARKET,4,Amber,20128,CU2015,"Adjustable Dumbbells - Private label, Each",0.3671,83.7,1224.84,Priced well under the market with margin to spare. A price rise here is the cheapest margin in the book.,Sporting Goods,Corporate & B2B Buyer,Alder Hospitality,181.69,21.2655,18.3636
UNDER_MARKET,4,Amber,20128,CU2070,"Adjustable Dumbbells - Private label, Each",0.3404,83.7,1224.69,Priced well under the market with margin to spare. A price rise here is the cheapest margin in the book.,Sporting Goods,Marketplace Seller,Riverside Public House,204.22,21.2655,17.6191
UNDER_MARKET,4,Amber,20083,CU2115,"Grooming Kit - Value, Bulk pallet 144",0.244,85.11,1214.55,Priced well under the market with margin to spare. A price rise here is the cheapest margin in the book.,Pet Supplies,Sub-Distributor,Riverside Hospitality,159.21,35.4931,31.2608
BELOW_FLOOR,2,Red,20186,CU2050,"Laser Measure - National brand, Case 24",0.0475,105.73,1201.62,"Pocket margin is under the floor. Reprice, or get the exception signed.",Tools & Hardware,Marketplace Seller,Cedar Butchery,242.27,56.6822,34.2345
LEAKAGE,3,Amber,20186,CU2050,"Laser Measure - National brand, Case 24",0.0475,105.73,1201.62,More than a quarter of list never reaches us. The off-invoice deductions are where to look first.,Tools & Hardware,Marketplace Seller,Cedar Butchery,242.27,56.6822,34.2345
UNDER_MARKET,4,Amber,20029,CU2102,"27in Monitor - Private label, Inner pack 6",0.5509,88.4,1190.89,Priced well under the market with margin to spare. A price rise here is the cheapest margin in the book.,Consumer Electronics,Sub-Distributor,Harbour Bistro,32.45,75.3392,66.6119
UNDER_MARKET,4,Amber,20104,CU2001,"Bedding Set - National brand, Inner pack 6",0.123,88.66,1188.6,Priced well under the market with margin to spare. A price rise here is the cheapest margin in the book.,Home & Kitchen,Subscription Box Operator,Coastal Market,267.97,74.8776,65.6111
BELOW_FLOOR,2,Red,20001,CU2006,"Multivitamin - Private label, Case 12",0.2343,66.48,1188.16,"Pocket margin is under the floor. Reprice, or get the exception signed.",Health & Beauty,Independent Retailer,Coastal Larder,689.72,19.9168,14.8219
LEAKAGE,3,Amber,20001,CU2006,"Multivitamin - Private label, Case 12",0.2343,66.48,1188.16,More than a quarter of list never reaches us. The off-invoice deductions are where to look first.,Health & Beauty,Independent Retailer,Coastal Larder,689.72,19.9168,14.8219
UNDER_MARKET,4,Amber,20001,CU2006,"Multivitamin - Private label, Case 12",0.2343,66.48,1188.16,Priced well under the market with margin to spare. A price rise here is the cheapest margin in the book.,Health & Beauty,Independent Retailer,Coastal Larder,689.72,19.9168,14.8219
BELOW_FLOOR,2,Red,20038,CU2099,"Sunscreen SPF50 - National brand, Case 12",0.0308,108.41,1183.43,"Pocket margin is under the floor. Reprice, or get the exception signed.",Health & Beauty,E-commerce Pure-Play,Cedar Provisions,377.76,27.2668,22.5451
UNDER_MARKET,4,Amber,20079,CU2078,"Smart Plug - National brand, Case 24",0.368,91.65,1176.99,Priced well under the market with margin to spare. A price rise here is the cheapest margin in the book.,Consumer Electronics,E-commerce Pure-Play,Juniper Market,58.49,60.4407,54.6869
LEAKAGE,3,Amber,20214,CU2017,"Vitamin C Serum - Premium brand, Case 24",0.2842,100.31,1166.81,More than a quarter of list never reaches us. The off-invoice deductions are where to look first.,Health & Beauty,Government & Education,Kootenay Larder,344.61,16.0618,11.9118
UNDER_MARKET,4,Amber,20156,CU2070,"Vitamin C Serum - Private label, Inner pack 6",0.4374,70.38,1159.84,Priced well under the market with margin to spare. A price rise here is the cheapest margin in the book.,Health & Beauty,Marketplace Seller,Riverside Public House,172.38,18.7243,15.3812
OVER_MARKET,5,Amber,20030,CU2062,"Cutlery Block - National brand, Master carton 48",0.2945,126.43,1155.44,Priced well over the market. Volume is exposed unless the premium is one the customer can name.,Home & Kitchen,Independent Retailer,Summit Trading Co,126.87,34.2031,30.9213
COST_SPIKE,7,Green,20030,CU2062,"Cutlery Block - National brand, Master carton 48",0.2945,126.43,1155.44,Input cost up more than ten points since the price was last set.,Home & Kitchen,Independent Retailer,Summit Trading Co,126.87,34.2031,30.9213
UNDER_MARKET,4,Amber,20120,CU2030,"Sunscreen SPF50 - Value, Bulk pallet 144",0.2297,85.65,1154.0,Priced well under the market with margin to spare. A price rise here is the cheapest margin in the book.,Health & Beauty,Independent Retailer,Mount Catering,612.2,10.2924,8.2059
UNDER_MARKET,4,Amber,20205,CU2009,"Bedding Set - Private label, Case 12",0.4287,87.7,1146.32,Priced well under the market with margin to spare. A price rise here is the cheapest margin in the book.,Home & Kitchen,Marketplace Seller,Sunshine Kitchen Group,77.55,35.6983,34.479
BELOW_FLOOR,2,Red,20051,CU2016,"Grooming Kit - National brand, Case 12",0.0782,90.0,1142.38,"Pocket margin is under the floor. Reprice, or get the exception signed.",Pet Supplies,Corporate & B2B Buyer,Alder Trading Co,532.41,22.0294,17.8392
UNDER_MARKET,4,Amber,20051,CU2016,"Grooming Kit - National brand, Case 12",0.0782,90.0,1142.38,Priced well under the market with margin to spare. A price rise here is the cheapest margin in the book.,Pet Supplies,Corporate & B2B Buyer,Alder Trading Co,532.41,22.0294,17.8392
UNDER_MARKET,4,Amber,20103,CU2100,"Power Bank - National brand, Inner pack 6",0.4198,83.06,1130.21,Priced well under the market with margin to spare. A price rise here is the cheapest margin in the book.,Consumer Electronics,Independent Retailer,Alder Catering,55.0,54.4089,48.9513
UNDER_MARKET,4,Amber,20155,CU2053,"Camping Tent - Private label, Case 24",0.4456,85.12,1125.35,Priced well under the market with margin to spare. A price rise here is the cheapest margin in the book.,Sporting Goods,Corporate & B2B Buyer,Selkirk Foods,43.79,61.0672,57.6659
BELOW_FLOOR,2,Red,20075,CU2030,"Resistance Bands - Private label, Each",0.1838,74.2,1124.38,"Pocket margin is under the floor. Reprice, or get the exception signed.",Sporting Goods,Independent Retailer,Mount Catering,381.04,27.8218,20.0381
LEAKAGE,3,Amber,20075,CU2030,"Resistance Bands - Private label, Each",0.1838,74.2,1124.38,More than a quarter of list never reaches us. The off-invoice deductions are where to look first.,Sporting Goods,Independent Retailer,Mount Catering,381.04,27.8218,20.0381
UNDER_MARKET,4,Amber,20075,CU2030,"Resistance Bands - Private label, Each",0.1838,74.2,1124.38,Priced well under the market with margin to spare. A price rise here is the cheapest margin in the book.,Sporting Goods,Independent Retailer,Mount Catering,381.04,27.8218,20.0381
BELOW_FLOOR,2,Red,20105,CU2016,"Filing Boxes - Premium brand, Master carton 48",0.1272,113.09,1100.09,"Pocket margin is under the floor. Reprice, or get the exception signed.",Office & Stationery,Corporate & B2B Buyer,Alder Trading Co,469.18,20.3704,15.2406
LEAKAGE,3,Amber,20105,CU2016,"Filing Boxes - Premium brand, Master carton 48",0.1272,113.09,1100.09,More than a quarter of list never reaches us. The off-invoice deductions are where to look first.,Office & Stationery,Corporate & B2B Buyer,Alder Trading Co,469.18,20.3704,15.2406
COST_SPIKE,7,Green,20105,CU2016,"Filing Boxes - Premium brand, Master carton 48",0.1272,113.09,1100.09,Input cost up more than ten points since the price was last set.,Office & Stationery,Corporate & B2B Buyer,Alder Trading Co,469.18,20.3704,15.2406
UNDER_MARKET,4,Amber,20125,CU2065,"Webcam - Private label, Inner pack 6",0.6331,84.28,1098.08,Priced well under the market with margin to spare. A price rise here is the cheapest margin in the book.,Consumer Electronics,Government & Education,Juniper Table,24.39,76.8718,71.113
STALE,6,Green,20125,CU2065,"Webcam - Private label, Inner pack 6",0.6331,84.28,1098.08,No price change in over a year while input costs moved. Review.,Consumer Electronics,Government & Education,Juniper Table,24.39,76.8718,71.113
UNDER_MARKET,4,Amber,20125,CU2102,"Webcam - Private label, Inner pack 6",0.6321,84.28,1095.72,Priced well under the market with margin to spare. A price rise here is the cheapest margin in the book.,Consumer Electronics,Sub-Distributor,Harbour Bistro,24.44,76.8718,70.9244
STALE,6,Green,20125,CU2102,"Webcam - Private label, Inner pack 6",0.6321,84.28,1095.72,No price change in over a year while input costs moved. Review.,Consumer Electronics,Sub-Distributor,Harbour Bistro,24.44,76.8718,70.9244
LEAKAGE,3,Amber,20063,CU2096,"Smart Plug - Value, Inner pack 6",0.2381,104.63,1093.99,More than a quarter of list never reaches us. The off-invoice deductions are where to look first.,Consumer Electronics,Marketplace Seller,Riverside Market,190.9,34.3959,24.0692
BELOW_FLOOR,2,Red,20143,CU2078,"Copy Paper - Private label, Each",0.1619,,1086.1,"Pocket margin is under the floor. Reprice, or get the exception signed.",Office & Stationery,E-commerce Pure-Play,Juniper Market,436.86,15.5267,14.2472
STALE,6,Green,20143,CU2078,"Copy Paper - Private label, Each",0.1619,,1086.1,No price change in over a year while input costs moved. Review.,Office & Stationery,E-commerce Pure-Play,Juniper Market,436.86,15.5267,14.2472
COST_SPIKE,7,Green,20237,CU2045,"Nonstick Cookware Set - Value, Each",0.2827,116.56,1068.88,Input cost up more than ten points since the price was last set.,Home & Kitchen,Subscription Box Operator,Sunshine Butchery,160.55,26.5461,23.5491
BELOW_FLOOR,2,Red,20203,CU2023,"Air Fryer - Private label, Master carton 48",0.2095,86.79,1068.11,"Pocket margin is under the floor. Reprice, or get the exception signed.",Home & Kitchen,E-commerce Pure-Play,Summit Provisions,424.33,22.6914,17.4125
UNDER_MARKET,4,Amber,20203,CU2023,"Air Fryer - Private label, Master carton 48",0.2095,86.79,1068.11,Priced well under the market with margin to spare. A price rise here is the cheapest margin in the book.,Home & Kitchen,E-commerce Pure-Play,Summit Provisions,424.33,22.6914,17.4125
LOSS,1,Red,20190,CU2037,"Aquarium Filter - Value, Inner pack 6",-0.1348,100.32,1064.43,Selling below cost once every deduction is counted. Stop quoting this combination until the cost or the deductions change.,Pet Supplies,Marketplace Seller,Harbour Provisions,387.32,13.2305,8.5756
LEAKAGE,3,Amber,20190,CU2037,"Aquarium Filter - Value, Inner pack 6",-0.1348,100.32,1064.43,More than a quarter of list never reaches us. The off-invoice deductions are where to look first.,Pet Supplies,Marketplace Seller,Harbour Provisions,387.32,13.2305,8.5756
LOSS,1,Red,20070,CU2011,"Power Bank - Value, Case 12",-0.0058,93.97,1054.08,Selling below cost once every deduction is counted. Stop quoting this combination until the cost or the deductions change.,Consumer Electronics,Regional Retail Chain,Okanagan Larder,149.13,45.1528,37.681
UNDER_MARKET,4,Amber,20125,CU2075,"Webcam - Private label, Inner pack 6",0.6424,84.28,1052.66,Priced well under the market with margin to spare. A price rise here is the cheapest margin in the book.,Consumer Electronics,Independent Retailer,Coastal Catering,22.46,76.8718,72.9593
STALE,6,Green,20125,CU2075,"Webcam - Private label, Inner pack 6",0.6424,84.28,1052.66,No price change in over a year while input costs moved. Review.,Consumer Electronics,Independent Retailer,Coastal Catering,22.46,76.8718,72.9593
BELOW_FLOOR,2,Red,20075,CU2070,"Resistance Bands - Private label, Each",0.1858,74.2,1051.26,"Pocket margin is under the floor. Reprice, or get the exception signed.",Sporting Goods,Marketplace Seller,Riverside Public House,360.18,27.8218,20.0861
LEAKAGE,3,Amber,20075,CU2070,"Resistance Bands - Private label, Each",0.1858,74.2,1051.26,More than a quarter of list never reaches us. The off-invoice deductions are where to look first.,Sporting Goods,Marketplace Seller,Riverside Public House,360.18,27.8218,20.0861
UNDER_MARKET,4,Amber,20075,CU2070,"Resistance Bands - Private label, Each",0.1858,74.2,1051.26,Priced well under the market with margin to spare. A price rise here is the cheapest margin in the book.,Sporting Goods,Marketplace Seller,Riverside Public House,360.18,27.8218,20.0861
BELOW_FLOOR,2,Red,20197,CU2083,"Copy Paper - National brand, Master carton 48",0.0839,75.35,1045.5,"Pocket margin is under the floor. Reprice, or get the exception signed.",Office & Stationery,Marketplace Seller,Granville Supply,718.17,20.965,15.0525
LEAKAGE,3,Amber,20197,CU2083,"Copy Paper - National brand, Master carton 48",0.0839,75.35,1045.5,More than a quarter of list never reaches us. The off-invoice deductions are where to look first.,Office & Stationery,Marketplace Seller,Granville Supply,718.17,20.965,15.0525
UNDER_MARKET,4,Amber,20197,CU2083,"Copy Paper - National brand, Master carton 48",0.0839,75.35,1045.5,Priced well under the market with margin to spare. A price rise here is the cheapest margin in the book.,Office & Stationery,Marketplace Seller,Granville Supply,718.17,20.965,15.0525
UNDER_MARKET,4,Amber,20104,CU2112,"Bedding Set - National brand, Inner pack 6",0.1372,88.66,1044.49,Priced well under the market with margin to spare. A price rise here is the cheapest margin in the book.,Home & Kitchen,Government & Education,Stanley Provisions,293.28,74.8776,66.6911
BELOW_FLOOR,2,Red,20001,CU2016,"Multivitamin - Private label, Case 12",0.2052,66.48,1044.06,"Pocket margin is under the floor. Reprice, or get the exception signed.",Health & Beauty,Corporate & B2B Buyer,Alder Trading Co,503.06,19.9168,14.2788
LEAKAGE,3,Amber,20001,CU2016,"Multivitamin - Private label, Case 12",0.2052,66.48,1044.06,More than a quarter of list never reaches us. The off-invoice deductions are where to look first.,Health & Beauty,Corporate & B2B Buyer,Alder Trading Co,503.06,19.9168,14.2788
UNDER_MARKET,4,Amber,20001,CU2016,"Multivitamin - Private label, Case 12",0.2052,66.48,1044.06,Priced well under the market with margin to spare. A price rise here is the cheapest margin in the book.,Health & Beauty,Corporate & B2B Buyer,Alder Trading Co,503.06,19.9168,14.2788
LEAKAGE,3,Amber,20186,CU2112,"Laser Measure - National brand, Case 24",0.2273,105.73,1031.74,More than a quarter of list never reaches us. The off-invoice deductions are where to look first.,Tools & Hardware,Government & Education,Stanley Provisions,107.57,56.6822,42.1989
UNDER_MARKET,4,Amber,20155,CU2108,"Camping Tent - Private label, Case 24",0.3705,85.12,1030.87,Priced well under the market with margin to spare. A price rise here is the cheapest margin in the book.,Sporting Goods,Sub-Distributor,Okanagan Market,54.79,61.0672,50.782
LOSS,1,Red,20161,CU2006,"LED Floor Lamp - National brand, Case 12",-0.0598,113.78,1028.11,Selling below cost once every deduction is counted. Stop quoting this combination until the cost or the deductions change.,Home & Kitchen,Independent Retailer,Coastal Larder,106.34,55.5327,44.4866
LOSS,1,Red,20022,CU2098,"Tool Chest - Value, Bulk pallet 144",-0.0261,121.76,1022.99,Selling below cost once every deduction is counted. Stop quoting this combination until the cost or the deductions change.,Tools & Hardware,Subscription Box Operator,Fraser Catering,138.57,46.3595,36.6211
OVER_MARKET,5,Amber,20022,CU2098,"Tool Chest - Value, Bulk pallet 144",-0.0261,121.76,1022.99,Priced well over the market. Volume is exposed unless the premium is one the customer can name.,Tools & Hardware,Subscription Box Operator,Fraser Catering,138.57,46.3595,36.6211
STALE,6,Green,20028,CU2123,"Cycling Helmet - Premium brand, Inner pack 6",0.5229,109.83,1021.41,No price change in over a year while input costs moved. Review.,Sporting Goods,Independent Retailer,Fraser Public House,35.75,58.8591,54.6411
OVER_MARKET,5,Amber,20202,CU2033,"Cooler Box - Premium brand, Case 24",0.42,122.27,1020.7,Priced well over the market. Volume is exposed unless the premium is one the customer can name.,Sporting Goods,Independent Retailer,Selkirk Butchery,25.26,104.2581,96.2103
STALE,6,Green,20202,CU2033,"Cooler Box - Premium brand, Case 24",0.42,122.27,1020.7,No price change in over a year while input costs moved. Review.,Sporting Goods,Independent Retailer,Selkirk Butchery,25.26,104.2581,96.2103
STALE,6,Green,20210,CU2118,"Socket Set - Private label, Each",0.5167,110.52,1013.68,No price change in over a year while input costs moved. Review.,Tools & Hardware,Regional Retail Chain,Marine Bistro,50.76,41.4339,38.6475
UNDER_MARKET,4,Amber,20103,CU2087,"Power Bank - National brand, Inner pack 6",0.4052,83.06,1006.76,Priced well under the market with margin to spare. A price rise here is the cheapest margin in the book.,Consumer Electronics,Sub-Distributor,Selkirk Fine Foods,52.03,54.4089,47.7517
LOSS,1,Red,20145,CU2143,"Aquarium Filter - National brand, Master carton 48",-0.028,88.96,1004.57,Selling below cost once every deduction is counted. Stop quoting this combination until the cost or the deductions change.,Pet Supplies,Sub-Distributor,Burrard Foods,340.14,17.0546,13.7989
UNDER_MARKET,4,Amber,20145,CU2143,"Aquarium Filter - National brand, Master carton 48",-0.028,88.96,1004.57,Priced well under the market with margin to spare. A price rise here is the cheapest margin in the book.,Pet Supplies,Sub-Distributor,Burrard Foods,340.14,17.0546,13.7989
LEAKAGE,3,Amber,20122,CU2070,"Body Wash - National brand, Bulk pallet 144",0.377,77.59,995.92,More than a quarter of list never reaches us. The off-invoice deductions are where to look first.,Health & Beauty,Marketplace Seller,Riverside Public House,103.56,34.14,25.5088
UNDER_MARKET,4,Amber,20122,CU2070,"Body Wash - National brand, Bulk pallet 144",0.377,77.59,995.92,Priced well under the market with margin to spare. A price rise here is the cheapest margin in the book.,Health & Beauty,Marketplace Seller,Riverside Public House,103.56,34.14,25.5088
BELOW_FLOOR,2,Red,20143,CU2141,"Copy Paper - Private label, Each",0.0866,,989.84,"Pocket margin is under the floor. Reprice, or get the exception signed.",Office & Stationery,Marketplace Seller,Sunshine Supply,303.09,15.5267,13.0723
STALE,6,Green,20143,CU2141,"Copy Paper - Private label, Each",0.0866,,989.84,No price change in over a year while input costs moved. Review.,Office & Stationery,Marketplace Seller,Sunshine Supply,303.09,15.5267,13.0723
OVER_MARKET,5,Amber,20045,CU2098,"Winter Gloves - Value, Inner pack 6",0.2918,119.04,987.83,Priced well over the market. Volume is exposed unless the premium is one the customer can name.,Apparel & Accessories,Subscription Box Operator,Fraser Catering,88.62,43.9034,38.196
LOSS,1,Red,20133,CU2127,"Aquarium Filter - National brand, Case 24",-0.2062,,987.81,Selling below cost once every deduction is counted. Stop quoting this combination until the cost or the deductions change.,Pet Supplies,Corporate & B2B Buyer,Sunshine Public House,228.75,14.1912,10.2395
LEAKAGE,3,Amber,20133,CU2127,"Aquarium Filter - National brand, Case 24",-0.2062,,987.81,More than a quarter of list never reaches us. The off-invoice deductions are where to look first.,Pet Supplies,Corporate & B2B Buyer,Sunshine Public House,228.75,14.1912,10.2395
STALE,6,Green,20061,CU2030,"Safety Glasses - Premium brand, Each",0.3692,96.48,979.35,No price change in over a year while input costs moved. Review.,Tools & Hardware,Independent Retailer,Mount Catering,47.89,66.7052,55.39
UNDER_MARKET,4,Amber,20155,CU2091,"Camping Tent - Private label, Case 24",0.3657,85.12,978.92,Priced well under the market with margin to spare. A price rise here is the cheapest margin in the book.,Sporting Goods,Independent Retailer,Selkirk Catering,53.12,61.0672,50.3955
STALE,6,Green,20177,CU2018,"Gel Pens - Premium brand, Bulk pallet 144",0.2739,94.63,975.73,No price change in over a year while input costs moved. Review.,Office & Stationery,Independent Retailer,Chilcotin Hospitality,193.36,20.0495,18.4238
COST_SPIKE,7,Green,20177,CU2018,"Gel Pens - Premium brand, Bulk pallet 144",0.2739,94.63,975.73,Input cost up more than ten points since the price was last set.,Office & Stationery,Independent Retailer,Chilcotin Hospitality,193.36,20.0495,18.4238
UNDER_MARKET,4,Amber,20062,CU2070,"Fastener Assortment - National brand, Bulk pallet 144",0.2201,83.89,974.28,Priced well under the market with margin to spare. A price rise here is the cheapest margin in the book.,Tools & Hardware,Marketplace Seller,Riverside Public House,90.1,61.8525,49.1315
UNDER_MARKET,4,Amber,20073,CU2063,"HDMI Cable - National brand, Each",0.4185,88.57,966.29,Priced well under the market with margin to spare. A price rise here is the cheapest margin in the book.,Consumer Electronics,Sub-Distributor,Stanley Table,47.41,60.1678,48.6996
STALE,6,Green,20073,CU2063,"HDMI Cable - National brand, Each",0.4185,88.57,966.29,No price change in over a year while input costs moved. Review.,Consumer Electronics,Sub-Distributor,Stanley Table,47.41,60.1678,48.6996
BELOW_FLOOR,2,Red,20094,CU2050,"Yoga Mat - National brand, Each",0.055,79.25,966.2,"Pocket margin is under the floor. Reprice, or get the exception signed.",Sporting Goods,Marketplace Seller,Cedar Butchery,174.09,49.8162,37.3004
LEAKAGE,3,Amber,20094,CU2050,"Yoga Mat - National brand, Each",0.055,79.25,966.2,More than a quarter of list never reaches us. The off-invoice deductions are where to look first.,Sporting Goods,Marketplace Seller,Cedar Butchery,174.09,49.8162,37.3004
UNDER_MARKET,4,Amber,20094,CU2050,"Yoga Mat - National brand, Each",0.055,79.25,966.2,Priced well under the market with margin to spare. A price rise here is the cheapest margin in the book.,Sporting Goods,Marketplace Seller,Cedar Butchery,174.09,49.8162,37.3004
STALE,6,Green,20094,CU2050,"Yoga Mat - National brand, Each",0.055,79.25,966.2,No price change in over a year while input costs moved. Review.,Sporting Goods,Marketplace Seller,Cedar Butchery,174.09,49.8162,37.3004
COST_SPIKE,7,Green,20094,CU2050,"Yoga Mat - National brand, Each",0.055,79.25,966.2,Input cost up more than ten points since the price was last set.,Sporting Goods,Marketplace Seller,Cedar Butchery,174.09,49.8162,37.3004
OVER_MARKET,5,Amber,20030,CU2112,"Cutlery Block - National brand, Master carton 48",0.2809,126.43,966.1,Priced well over the market. Volume is exposed unless the premium is one the customer can name.,Home & Kitchen,Government & Education,Stanley Provisions,113.38,34.2031,30.3349
COST_SPIKE,7,Green,20030,CU2112,"Cutlery Block - National brand, Master carton 48",0.2809,126.43,966.1,Input cost up more than ten points since the price was last set.,Home & Kitchen,Government & Education,Stanley Provisions,113.38,34.2031,30.3349
LEAKAGE,3,Amber,20063,CU2127,"Smart Plug - Value, Inner pack 6",0.2719,104.63,960.23,More than a quarter of list never reaches us. The off-invoice deductions are where to look first.,Consumer Electronics,Corporate & B2B Buyer,Sunshine Public House,140.21,34.3959,25.187
UNDER_MARKET,4,Amber,20060,CU2004,"USB-C Charger - Private label, Case 12",0.4259,88.87,956.02,Priced well under the market with margin to spare. A price rise here is the cheapest margin in the book.,Consumer Electronics,Independent Retailer,Stanley Butchery,81.85,29.4791,27.4277
UNDER_MARKET,4,Amber,20162,CU2025,"Electric Toothbrush - National brand, Case 12",0.5349,70.54,944.09,Priced well under the market with margin to spare. A price rise here is the cheapest margin in the book.,Health & Beauty,E-commerce Pure-Play,Fraser Larder,62.16,31.47,28.3926
UNDER_MARKET,4,Amber,20220,CU2059,"Air Fryer - Premium brand, Inner pack 6",0.3412,91.17,938.9,Priced well under the market with margin to spare. A price rise here is the cheapest margin in the book.,Home & Kitchen,Independent Retailer,Granville Bistro,38.07,80.0931,72.2738
BELOW_FLOOR,2,Red,20101,CU2026,"Chew Toy Pack - National brand, Each",0.0327,85.65,938.82,"Pocket margin is under the floor. Reprice, or get the exception signed.",Pet Supplies,Marketplace Seller,Riverside Kitchen Group,197.92,34.0418,28.4476
UNDER_MARKET,4,Amber,20101,CU2026,"Chew Toy Pack - National brand, Each",0.0327,85.65,938.82,Priced well under the market with margin to spare. A price rise here is the cheapest margin in the book.,Pet Supplies,Marketplace Seller,Riverside Kitchen Group,197.92,34.0418,28.4476
STALE,6,Green,20072,CU2044,"Dry-Erase Board - National brand, Case 12",0.2228,96.41,931.11,No price change in over a year while input costs moved. Review.,Office & Stationery,Corporate & B2B Buyer,Harbour Public House,236.4,19.4974,17.6768
UNDER_MARKET,4,Amber,20120,CU2005,"Sunscreen SPF50 - Value, Bulk pallet 144",0.2301,85.65,917.99,Priced well under the market with margin to spare. A price rise here is the cheapest margin in the book.,Health & Beauty,Independent Retailer,Coastal Supply,485.84,10.2924,8.2104
BELOW_FLOOR,2,Red,20153,CU2143,"Body Wash - National brand, Each",0.0019,117.81,916.8,"Pocket margin is under the floor. Reprice, or get the exception signed.",Health & Beauty,Sub-Distributor,Burrard Foods,254.67,23.254,19.4375
STALE,6,Green,20168,CU2071,"Vacuum Sealer - Premium brand, Inner pack 6",0.2082,98.14,916.39,No price change in over a year while input costs moved. Review.,Home & Kitchen,Regional Retail Chain,Harbour Table,160.71,125.2574,108.8232
COST_SPIKE,7,Green,20168,CU2071,"Vacuum Sealer - Premium brand, Inner pack 6",0.2082,98.14,916.39,Input cost up more than ten points since the price was last set.,Home & Kitchen,Regional Retail Chain,Harbour Table,160.71,125.2574,108.8232
UNDER_MARKET,4,Amber,20147,CU2055,"Smart Plug - Value, Each",0.2273,89.27,909.46,Priced well under the market with margin to spare. A price rise here is the cheapest margin in the book.,Consumer Electronics,Marketplace Seller,Riverside Foods,118.48,37.9048,33.7704
UNDER_MARKET,4,Amber,20126,CU2086,"Smart Plug - Value, Master carton 48",0.4656,91.13,905.34,Priced well under the market with margin to spare. A price rise here is the cheapest margin in the book.,Consumer Electronics,Marketplace Seller,Coastal Foods,48.66,42.6607,39.9572
UNDER_MARKET,4,Amber,20124,CU2023,"Socket Set - Value, Each",0.1733,82.71,897.82,Priced well under the market with margin to spare. A price rise here is the cheapest margin in the book.,Tools & Hardware,E-commerce Pure-Play,Summit Provisions,2664.22,46.1251,36.7605
UNDER_MARKET,4,Amber,20060,CU2020,"USB-C Charger - Private label, Case 12",0.416,88.87,892.62,Priced well under the market with margin to spare. A price rise here is the cheapest margin in the book.,Consumer Electronics,Marketplace Seller,Cedar Larder,79.56,29.4791,26.9669
LOSS,1,Red,20233,CU2125,"Desk Organiser - National brand, Each",-0.1033,102.46,892.0,Selling below cost once every deduction is counted. Stop quoting this combination until the cost or the deductions change.,Office & Stationery,Marketplace Seller,Mount Bistro,277.0,16.1104,11.5845
LEAKAGE,3,Amber,20233,CU2125,"Desk Organiser - National brand, Each",-0.1033,102.46,892.0,More than a quarter of list never reaches us. The off-invoice deductions are where to look first.,Office & Stationery,Marketplace Seller,Mount Bistro,277.0,16.1104,11.5845
OVER_MARKET,5,Amber,20164,CU2074,"27in Monitor - Value, Inner pack 6",0.126,121.22,889.78,Priced well over the market. Volume is exposed unless the premium is one the customer can name.,Consumer Electronics,Corporate & B2B Buyer,Burrard Provisions,768.89,63.3228,58.2915
OVER_MARKET,5,Amber,20030,CU2010,"Cutlery Block - National brand, Master carton 48",0.2076,126.43,886.47,Priced well over the market. Volume is exposed unless the premium is one the customer can name.,Home & Kitchen,Sub-Distributor,Coastal Table,155.14,34.2031,27.528
COST_SPIKE,7,Green,20030,CU2010,"Cutlery Block - National brand, Master carton 48",0.2076,126.43,886.47,Input cost up more than ten points since the price was last set.,Home & Kitchen,Sub-Distributor,Coastal Table,155.14,34.2031,27.528
BELOW_FLOOR,2,Red,20154,CU2083,"Filing Boxes - National brand, Each",0.0357,92.65,873.41,"Pocket margin is under the floor. Reprice, or get the exception signed.",Office & Stationery,Marketplace Seller,Granville Supply,501.86,17.1586,13.8343
COST_SPIKE,7,Green,20154,CU2083,"Filing Boxes - National brand, Each",0.0357,92.65,873.41,Input cost up more than ten points since the price was last set.,Office & Stationery,Marketplace Seller,Granville Supply,501.86,17.1586,13.8343
OVER_MARKET,5,Amber,20102,CU2016,"Body Wash - Private label, Inner pack 6",0.4019,127.78,868.73,Priced well over the market. Volume is exposed unless the premium is one the customer can name.,Health & Beauty,Corporate & B2B Buyer,Alder Trading Co,174.82,15.0766,12.3657
COST_SPIKE,7,Green,20237,CU2006,"Nonstick Cookware Set - Value, Each",0.2068,116.56,862.74,Input cost up more than ten points since the price was last set.,Home & Kitchen,Independent Retailer,Coastal Larder,195.85,26.5461,21.2966
UNDER_MARKET,4,Amber,20157,CU2074,"LED Floor Lamp - Premium brand, Case 12",0.2813,90.08,855.53,Priced well under the market with margin to spare. A price rise here is the cheapest margin in the book.,Home & Kitchen,Corporate & B2B Buyer,Burrard Provisions,163.59,20.666,18.5912
COST_SPIKE,7,Green,20157,CU2074,"LED Floor Lamp - Premium brand, Case 12",0.2813,90.08,855.53,Input cost up more than ten points since the price was last set.,Home & Kitchen,Corporate & B2B Buyer,Burrard Provisions,163.59,20.666,18.5912
UNDER_MARKET,4,Amber,20162,CU2097,"Electric Toothbrush - National brand, Case 12",0.5294,70.54,855.15,Priced well under the market with margin to spare. A price rise here is the cheapest margin in the book.,Health & Beauty,Subscription Box Operator,Summit Butchery,57.56,31.47,28.0613
STALE,6,Green,20086,CU2043,"Hair Dryer - Private label, Bulk pallet 144",0.4426,,841.42,No price change in over a year while input costs moved. Review.,Health & Beauty,Government & Education,Kootenay Hospitality,125.18,18.4235,15.1852
UNDER_MARKET,4,Amber,20116,CU2098,"Aquarium Filter - Premium brand, Master carton 48",0.5911,86.61,831.03,Priced well under the market with margin to spare. A price rise here is the cheapest margin in the book.,Pet Supplies,Subscription Box Operator,Fraser Catering,35.56,45.8931,39.5378
BELOW_FLOOR,2,Red,20070,CU2098,"Power Bank - Value, Case 12",0.028,93.97,826.5,"Pocket margin is under the floor. Reprice, or get the exception signed.",Consumer Electronics,Subscription Box Operator,Fraser Catering,137.82,45.1528,38.9903
STALE,6,Green,20086,CU2063,"Hair Dryer - Private label, Bulk pallet 144",0.4576,,825.57,No price change in over a year while input costs moved. Review.,Health & Beauty,Sub-Distributor,Stanley Table,115.62,18.4235,15.6039
BELOW_FLOOR,2,Red,20180,CU2022,"Toner Cartridge - National brand, Inner pack 6",0.0211,118.85,824.83,"Pocket margin is under the floor. Reprice, or get the exception signed.",Office & Stationery,Regional Retail Chain,Summit Supply,404.57,16.9009,12.4507
LEAKAGE,3,Amber,20180,CU2022,"Toner Cartridge - National brand, Inner pack 6",0.0211,118.85,824.83,More than a quarter of list never reaches us. The off-invoice deductions are where to look first.,Office & Stationery,Regional Retail Chain,Summit Supply,404.57,16.9009,12.4507
OVER_MARKET,5,Amber,20180,CU2022,"Toner Cartridge - National brand, Inner pack 6",0.0211,118.85,824.83,Priced well over the market. Volume is exposed unless the premium is one the customer can name.,Office & Stationery,Regional Retail Chain,Summit Supply,404.57,16.9009,12.4507
UNDER_MARKET,4,Amber,20126,CU2011,"Smart Plug - Value, Master carton 48",0.3977,91.13,819.91,Priced well under the market with margin to spare. A price rise here is the cheapest margin in the book.,Consumer Electronics,Regional Retail Chain,Okanagan Larder,58.15,42.6607,35.4517
BELOW_FLOOR,2,Red,20033,CU2115,"Wireless Earbuds - National brand, Inner pack 6",0.0868,105.07,818.92,"Pocket margin is under the floor. Reprice, or get the exception signed.",Consumer Electronics,Sub-Distributor,Riverside Hospitality,358.03,25.1462,22.1182
UNDER_MARKET,4,Amber,20122,CU2027,"Body Wash - National brand, Bulk pallet 144",0.446,77.59,818.09,Priced well under the market with margin to spare. A price rise here is the cheapest margin in the book.,Health & Beauty,Marketplace Seller,Summit Catering,63.94,34.14,28.6866
OVER_MARKET,5,Amber,20164,CU2045,"27in Monitor - Value, Inner pack 6",0.1139,121.22,814.43,Priced well over the market. Volume is exposed unless the premium is one the customer can name.,Consumer Electronics,Subscription Box Operator,Sunshine Butchery,442.79,63.3228,57.4929
UNDER_MARKET,4,Amber,20197,CU2018,"Copy Paper - National brand, Master carton 48",0.2056,75.35,808.1,Priced well under the market with margin to spare. A price rise here is the cheapest margin in the book.,Office & Stationery,Independent Retailer,Chilcotin Hospitality,226.37,20.965,17.3596
BELOW_FLOOR,2,Red,20233,CU2143,"Desk Organiser - National brand, Each",0.0135,102.46,802.14,"Pocket margin is under the floor. Reprice, or get the exception signed.",Office & Stationery,Sub-Distributor,Burrard Foods,384.08,16.1104,12.9558
UNDER_MARKET,4,Amber,20073,CU2130,"HDMI Cable - National brand, Each",0.4528,88.57,796.74,Priced well under the market with margin to spare. A price rise here is the cheapest margin in the book.,Consumer Electronics,Corporate & B2B Buyer,Salish Supply,34.0,60.1678,51.7515
STALE,6,Green,20073,CU2130,"HDMI Cable - National brand, Each",0.4528,88.57,796.74,No price change in over a year while input costs moved. Review.,Consumer Electronics,Corporate & B2B Buyer,Salish Supply,34.0,60.1678,51.7515
UNDER_MARKET,4,Amber,20027,CU2149,"Safety Boots - Premium brand, Each",0.3801,74.55,795.2,Priced well under the market with margin to spare. A price rise here is the cheapest margin in the book.,Apparel & Accessories,Corporate & B2B Buyer,Mount Supply,23.9,91.8668,87.5357
UNDER_MARKET,4,Amber,20222,CU2005,"Socket Set - National brand, Case 24",0.2846,82.73,793.23,Priced well under the market with margin to spare. A price rise here is the cheapest margin in the book.,Tools & Hardware,Independent Retailer,Coastal Supply,91.56,35.5677,30.4381
BELOW_FLOOR,2,Red,20143,CU2001,"Copy Paper - Private label, Each",0.1215,,791.34,"Pocket margin is under the floor. Reprice, or get the exception signed.",Office & Stationery,Subscription Box Operator,Coastal Market,270.95,15.5267,13.5925
STALE,6,Green,20143,CU2001,"Copy Paper - Private label, Each",0.1215,,791.34,No price change in over a year while input costs moved. Review.,Office & Stationery,Subscription Box Operator,Coastal Market,270.95,15.5267,13.5925
UNDER_MARKET,4,Amber,20147,CU2096,"Smart Plug - Value, Each",0.1393,89.27,781.66,Priced well under the market with margin to spare. A price rise here is the cheapest margin in the book.,Consumer Electronics,Marketplace Seller,Riverside Market,1573.88,37.9048,30.3182
UNDER_MARKET,4,Amber,20073,CU2089,"HDMI Cable - National brand, Each",0.4768,88.57,777.4,Priced well under the market with margin to spare. A price rise here is the cheapest margin in the book.,Consumer Electronics,Marketplace Seller,Granville Market,30.12,60.1678,54.128
STALE,6,Green,20073,CU2089,"HDMI Cable - National brand, Each",0.4768,88.57,777.4,No price change in over a year while input costs moved. Review.,Consumer Electronics,Marketplace Seller,Granville Market,30.12,60.1678,54.128
LOSS,1,Red,20166,CU2054,"Electric Toothbrush - National brand, Bulk pallet 144",-0.115,,777.16,Selling below cost once every deduction is counted. Stop quoting this combination until the cost or the deductions change.,Health & Beauty,Marketplace Seller,Cedar Public House,320.22,12.3716,8.4535
LEAKAGE,3,Amber,20166,CU2054,"Electric Toothbrush - National brand, Bulk pallet 144",-0.115,,777.16,More than a quarter of list never reaches us. The off-invoice deductions are where to look first.,Health & Beauty,Marketplace Seller,Cedar Public House,320.22,12.3716,8.4535
UNDER_MARKET,4,Amber,20116,CU2087,"Aquarium Filter - Premium brand, Master carton 48",0.5943,86.61,774.08,Priced well under the market with margin to spare. A price rise here is the cheapest margin in the book.,Pet Supplies,Sub-Distributor,Selkirk Fine Foods,32.69,45.8931,39.8473
UNDER_MARKET,4,Amber,20106,CU2063,"Blender - Value, Each",0.2179,84.62,773.57,Priced well under the market with margin to spare. A price rise here is the cheapest margin in the book.,Home & Kitchen,Sub-Distributor,Stanley Table,226.96,18.4076,15.6399
LOSS,1,Red,20011,CU2022,"Cordless Drill - Value, Case 24",-0.26,88.29,769.83,Selling below cost once every deduction is counted. Stop quoting this combination until the cost or the deductions change.,Tools & Hardware,Regional Retail Chain,Summit Supply,146.09,21.2674,12.7269
LEAKAGE,3,Amber,20011,CU2022,"Cordless Drill - Value, Case 24",-0.26,88.29,769.83,More than a quarter of list never reaches us. The off-invoice deductions are where to look first.,Tools & Hardware,Regional Retail Chain,Summit Supply,146.09,21.2674,12.7269
UNDER_MARKET,4,Amber,20011,CU2022,"Cordless Drill - Value, Case 24",-0.26,88.29,769.83,Priced well under the market with margin to spare. A price rise here is the cheapest margin in the book.,Tools & Hardware,Regional Retail Chain,Summit Supply,146.09,21.2674,12.7269
LOSS,1,Red,20133,CU2099,"Aquarium Filter - National brand, Case 24",-0.1249,,767.25,Selling below cost once every deduction is counted. Stop quoting this combination until the cost or the deductions change.,Pet Supplies,E-commerce Pure-Play,Cedar Provisions,205.27,14.1912,10.9795
UNDER_MARKET,4,Amber,20079,CU2112,"Smart Plug - National brand, Case 24",0.3181,91.65,767.15,Priced well under the market with margin to spare. A price rise here is the cheapest margin in the book.,Consumer Electronics,Government & Education,Stanley Provisions,47.58,60.4407,50.6873
COST_SPIKE,7,Green,20237,CU2100,"Nonstick Cookware Set - Value, Each",0.2928,116.56,757.79,Input cost up more than ten points since the price was last set.,Home & Kitchen,Independent Retailer,Alder Catering,108.33,26.5461,23.8867
BELOW_FLOOR,2,Red,20154,CU2010,"Filing Boxes - National brand, Each",0.0128,92.65,756.51,"Pocket margin is under the floor. Reprice, or get the exception signed.",Office & Stationery,Sub-Distributor,Coastal Table,376.45,17.1586,13.5132
COST_SPIKE,7,Green,20154,CU2010,"Filing Boxes - National brand, Each",0.0128,92.65,756.51,Input cost up more than ten points since the price was last set.,Office & Stationery,Sub-Distributor,Coastal Table,376.45,17.1586,13.5132
LEAKAGE,3,Amber,20063,CU2023,"Smart Plug - Value, Inner pack 6",0.2641,104.63,742.63,More than a quarter of list never reaches us. The off-invoice deductions are where to look first.,Consumer Electronics,E-commerce Pure-Play,Summit Provisions,112.85,34.3959,24.9192
BELOW_FLOOR,2,Red,20154,CU2143,"Filing Boxes - National brand, Each",0.0475,92.65,732.56,"Pocket margin is under the floor. Reprice, or get the exception signed.",Office & Stationery,Sub-Distributor,Burrard Foods,458.89,17.1586,14.006
COST_SPIKE,7,Green,20154,CU2143,"Filing Boxes - National brand, Each",0.0475,92.65,732.56,Input cost up more than ten points since the price was last set.,Office & Stationery,Sub-Distributor,Burrard Foods,458.89,17.1586,14.006
UNDER_MARKET,4,Amber,20106,CU2074,"Blender - Value, Each",0.2672,84.62,729.83,Priced well under the market with margin to spare. A price rise here is the cheapest margin in the book.,Home & Kitchen,Corporate & B2B Buyer,Burrard Provisions,163.61,18.4076,16.6923
UNDER_MARKET,4,Amber,20049,CU2107,"Adjustable Dumbbells - Value, Master carton 48",0.0986,90.49,726.52,Priced well under the market with margin to spare. A price rise here is the cheapest margin in the book.,Sporting Goods,E-commerce Pure-Play,Selkirk Bistro,247.4,45.4116,37.1262
STALE,6,Green,20049,CU2107,"Adjustable Dumbbells - Value, Master carton 48",0.0986,90.49,726.52,No price change in over a year while input costs moved. Review.,Sporting Goods,E-commerce Pure-Play,Selkirk Bistro,247.4,45.4116,37.1262
COST_SPIKE,7,Green,20049,CU2107,"Adjustable Dumbbells - Value, Master carton 48",0.0986,90.49,726.52,Input cost up more than ten points since the price was last set.,Sporting Goods,E-commerce Pure-Play,Selkirk Bistro,247.4,45.4116,37.1262
UNDER_MARKET,4,Amber,20103,CU2064,"Power Bank - National brand, Inner pack 6",0.4313,83.06,722.9,Priced well under the market with margin to spare. A price rise here is the cheapest margin in the book.,Consumer Electronics,Independent Retailer,Cedar Trading Co,33.56,54.4089,49.9425
UNDER_MARKET,4,Amber,20122,CU2086,"Body Wash - National brand, Bulk pallet 144",0.4654,77.59,720.24,Priced well under the market with margin to spare. A price rise here is the cheapest margin in the book.,Health & Beauty,Marketplace Seller,Coastal Foods,52.06,34.14,29.7269
UNDER_MARKET,4,Amber,20087,CU2015,"Blender - National brand, Each",0.3307,86.8,703.13,Priced well under the market with margin to spare. A price rise here is the cheapest margin in the book.,Home & Kitchen,Corporate & B2B Buyer,Alder Hospitality,32.97,74.7226,64.498
UNDER_MARKET,4,Amber,20157,CU2078,"LED Floor Lamp - Premium brand, Case 12",0.305,90.08,701.62,Priced well under the market with margin to spare. A price rise here is the cheapest margin in the book.,Home & Kitchen,E-commerce Pure-Play,Juniper Market,119.63,20.666,19.2264
COST_SPIKE,7,Green,20157,CU2078,"LED Floor Lamp - Premium brand, Case 12",0.305,90.08,701.62,Input cost up more than ten points since the price was last set.,Home & Kitchen,E-commerce Pure-Play,Juniper Market,119.63,20.666,19.2264
UNDER_MARKET,4,Amber,20116,CU2017,"Aquarium Filter - Premium brand, Master carton 48",0.6124,86.61,697.25,Priced well under the market with margin to spare. A price rise here is the cheapest margin in the book.,Pet Supplies,Government & Education,Kootenay Larder,27.3,45.8931,41.7084
BELOW_FLOOR,2,Red,20114,CU2016,"Pet Bed - Private label, Case 12",0.1186,114.62,693.29,"Pocket margin is under the floor. Reprice, or get the exception signed.",Pet Supplies,Corporate & B2B Buyer,Alder Trading Co,153.2,28.5831,23.6852
BELOW_FLOOR,2,Red,20161,CU2054,"LED Floor Lamp - National brand, Case 12",0.0498,113.78,691.37,"Pocket margin is under the floor. Reprice, or get the exception signed.",Home & Kitchen,Marketplace Seller,Cedar Public House,129.4,55.5327,49.6204
BELOW_FLOOR,2,Red,20075,CU2139,"Resistance Bands - Private label, Each",0.2066,74.2,689.78,"Pocket margin is under the floor. Reprice, or get the exception signed.",Sporting Goods,E-commerce Pure-Play,Cedar Fine Foods,268.73,27.8218,20.6122
LEAKAGE,3,Amber,20075,CU2139,"Resistance Bands - Private label, Each",0.2066,74.2,689.78,More than a quarter of list never reaches us. The off-invoice deductions are where to look first.,Sporting Goods,E-commerce Pure-Play,Cedar Fine Foods,268.73,27.8218,20.6122
UNDER_MARKET,4,Amber,20075,CU2139,"Resistance Bands - Private label, Each",0.2066,74.2,689.78,Priced well under the market with margin to spare. A price rise here is the cheapest margin in the book.,Sporting Goods,E-commerce Pure-Play,Cedar Fine Foods,268.73,27.8218,20.6122
LEAKAGE,3,Amber,20122,CU2006,"Body Wash - National brand, Bulk pallet 144",0.3285,77.59,684.09,More than a quarter of list never reaches us. The off-invoice deductions are where to look first.,Health & Beauty,Independent Retailer,Coastal Larder,87.99,34.14,23.6666
UNDER_MARKET,4,Amber,20122,CU2006,"Body Wash - National brand, Bulk pallet 144",0.3285,77.59,684.09,Priced well under the market with margin to spare. A price rise here is the cheapest margin in the book.,Health & Beauty,Independent Retailer,Coastal Larder,87.99,34.14,23.6666
BELOW_FLOOR,2,Red,20001,CU2143,"Multivitamin - Private label, Case 12",0.2545,66.48,680.47,"Pocket margin is under the floor. Reprice, or get the exception signed.",Health & Beauty,Sub-Distributor,Burrard Foods,465.8,19.9168,15.225
UNDER_MARKET,4,Amber,20001,CU2143,"Multivitamin - Private label, Case 12",0.2545,66.48,680.47,Priced well under the market with margin to spare. A price rise here is the cheapest margin in the book.,Health & Beauty,Sub-Distributor,Burrard Foods,465.8,19.9168,15.225
LOSS,1,Red,20037,CU2011,"Webcam - Value, Each",-0.065,116.39,679.84,Selling below cost once every deduction is counted. Stop quoting this combination until the cost or the deductions change.,Consumer Electronics,Regional Retail Chain,Okanagan Larder,111.52,36.8428,27.5273
LEAKAGE,3,Amber,20037,CU2011,"Webcam - Value, Each",-0.065,116.39,679.84,More than a quarter of list never reaches us. The off-invoice deductions are where to look first.,Consumer Electronics,Regional Retail Chain,Okanagan Larder,111.52,36.8428,27.5273
STALE,6,Green,20174,CU2061,"Socket Set - National brand, Each",0.1882,,679.12,No price change in over a year while input costs moved. Review.,Tools & Hardware,Marketplace Seller,Marine Trading Co,114.66,33.942,31.4686
BELOW_FLOOR,2,Red,20040,CU2107,"Adjustable Dumbbells - Value, Case 12",0.0233,106.59,677.25,"Pocket margin is under the floor. Reprice, or get the exception signed.",Sporting Goods,E-commerce Pure-Play,Selkirk Bistro,111.4,57.9169,46.5384
UNDER_MARKET,4,Amber,20017,CU2018,"Webcam - National brand, Case 24",0.4064,88.58,670.22,Priced well under the market with margin to spare. A price rise here is the cheapest margin in the book.,Consumer Electronics,Independent Retailer,Chilcotin Hospitality,75.01,23.7358,21.9861
LOSS,1,Red,20159,CU2010,"Gel Pens - Private label, Inner pack 6",-0.0658,111.94,668.2,Selling below cost once every deduction is counted. Stop quoting this combination until the cost or the deductions change.,Office & Stationery,Sub-Distributor,Coastal Table,171.78,12.4073,9.9281
STALE,6,Green,20159,CU2010,"Gel Pens - Private label, Inner pack 6",-0.0658,111.94,668.2,No price change in over a year while input costs moved. Review.,Office & Stationery,Sub-Distributor,Coastal Table,171.78,12.4073,9.9281
COST_SPIKE,7,Green,20159,CU2010,"Gel Pens - Private label, Inner pack 6",-0.0658,111.94,668.2,Input cost up more than ten points since the price was last set.,Office & Stationery,Sub-Distributor,Coastal Table,171.78,12.4073,9.9281
STALE,6,Green,20207,CU2092,"Cycling Helmet - Private label, Case 12",0.2413,107.0,661.18,No price change in over a year while input costs moved. Review.,Sporting Goods,Marketplace Seller,Alder Fine Foods,287.77,29.7315,26.9069
COST_SPIKE,7,Green,20207,CU2092,"Cycling Helmet - Private label, Case 12",0.2413,107.0,661.18,Input cost up more than ten points since the price was last set.,Sporting Goods,Marketplace Seller,Alder Fine Foods,287.77,29.7315,26.9069
UNDER_MARKET,4,Amber,20128,CU2096,"Adjustable Dumbbells - Private label, Each",0.3126,83.7,658.59,Priced well under the market with margin to spare. A price rise here is the cheapest margin in the book.,Sporting Goods,Marketplace Seller,Riverside Market,1452.23,21.2655,16.9069
STALE,6,Green,20028,CU2052,"Cycling Helmet - Premium brand, Inner pack 6",0.5267,109.83,655.94,No price change in over a year while input costs moved. Review.,Sporting Goods,Marketplace Seller,Selkirk Supply,22.61,58.8591,55.0813
STALE,6,Green,20174,CU2095,"Socket Set - National brand, Each",0.1911,,649.47,No price change in over a year while input costs moved. Review.,Tools & Hardware,Sub-Distributor,Riverside Fine Foods,107.59,33.942,31.5822
LOSS,1,Red,20221,CU2091,"Cat Litter - Private label, Bulk pallet 144",-0.0892,116.15,648.18,Selling below cost once every deduction is counted. Stop quoting this combination until the cost or the deductions change.,Pet Supplies,Independent Retailer,Selkirk Catering,169.23,11.5309,8.586
LEAKAGE,3,Amber,20221,CU2091,"Cat Litter - Private label, Bulk pallet 144",-0.0892,116.15,648.18,More than a quarter of list never reaches us. The off-invoice deductions are where to look first.,Pet Supplies,Independent Retailer,Selkirk Catering,169.23,11.5309,8.586
UNDER_MARKET,4,Amber,20023,CU2053,"Adjustable Dumbbells - National brand, Bulk pallet 144",0.2775,85.07,645.86,Priced well under the market with margin to spare. A price rise here is the cheapest margin in the book.,Sporting Goods,Corporate & B2B Buyer,Selkirk Foods,82.7,29.6354,28.1395
UNDER_MARKET,4,Amber,20017,CU2126,"Webcam - National brand, Case 24",0.3654,88.58,642.48,Priced well under the market with margin to spare. A price rise here is the cheapest margin in the book.,Consumer Electronics,Marketplace Seller,Sunshine Foods,85.48,23.7358,20.5672
LOSS,1,Red,20228,CU2006,"Bedding Set - National brand, Case 24",-0.0265,,636.71,Selling below cost once every deduction is counted. Stop quoting this combination until the cost or the deductions change.,Home & Kitchen,Independent Retailer,Coastal Larder,76.86,42.9158,34.2101
UNDER_MARKET,4,Amber,20147,CU2034,"Smart Plug - Value, Each",0.2565,89.27,634.63,Priced well under the market with margin to spare. A price rise here is the cheapest margin in the book.,Consumer Electronics,Marketplace Seller,Harbour Foods,70.51,37.9048,35.0949
LOSS,1,Red,20190,CU2121,"Aquarium Filter - Value, Inner pack 6",-0.1997,100.32,632.35,Selling below cost once every deduction is counted. Stop quoting this combination until the cost or the deductions change.,Pet Supplies,Corporate & B2B Buyer,Riverside Table,202.29,13.2305,8.1117
LEAKAGE,3,Amber,20190,CU2121,"Aquarium Filter - Value, Inner pack 6",-0.1997,100.32,632.35,More than a quarter of list never reaches us. The off-invoice deductions are where to look first.,Pet Supplies,Corporate & B2B Buyer,Riverside Table,202.29,13.2305,8.1117
BELOW_FLOOR,2,Red,20051,CU2143,"Grooming Kit - National brand, Case 12",0.0926,90.0,613.41,"Pocket margin is under the floor. Reprice, or get the exception signed.",Pet Supplies,Sub-Distributor,Burrard Foods,319.66,22.0294,18.1221
UNDER_MARKET,4,Amber,20051,CU2143,"Grooming Kit - National brand, Case 12",0.0926,90.0,613.41,Priced well under the market with margin to spare. A price rise here is the cheapest margin in the book.,Pet Supplies,Sub-Distributor,Burrard Foods,319.66,22.0294,18.1221
LEAKAGE,3,Amber,20043,CU2022,"Work Gloves - Value, Case 24",0.2278,108.7,613.2,More than a quarter of list never reaches us. The off-invoice deductions are where to look first.,Tools & Hardware,Regional Retail Chain,Summit Supply,135.46,26.7837,19.8705
OVER_MARKET,5,Amber,20030,CU2069,"Cutlery Block - National brand, Master carton 48",0.2897,126.43,606.1,Priced well over the market. Volume is exposed unless the premium is one the customer can name.,Home & Kitchen,E-commerce Pure-Play,Harbour Supply,68.13,34.2031,30.7102
COST_SPIKE,7,Green,20030,CU2069,"Cutlery Block - National brand, Master carton 48",0.2897,126.43,606.1,Input cost up more than ten points since the price was last set.,Home & Kitchen,E-commerce Pure-Play,Harbour Supply,68.13,34.2031,30.7102
BELOW_FLOOR,2,Red,20058,CU2096,"Cotton T-Shirt 5pk - Value, Case 12",0.0882,105.86,604.27,"Pocket margin is under the floor. Reprice, or get the exception signed.",Apparel & Accessories,Marketplace Seller,Riverside Market,205.33,35.2445,28.8965
COST_SPIKE,7,Green,20058,CU2096,"Cotton T-Shirt 5pk - Value, Case 12",0.0882,105.86,604.27,Input cost up more than ten points since the price was last set.,Apparel & Accessories,Marketplace Seller,Riverside Market,205.33,35.2445,28.8965
UNDER_MARKET,4,Amber,20079,CU2071,"Smart Plug - National brand, Case 24",0.2878,91.65,601.86,Priced well under the market with margin to spare. A price rise here is the cheapest margin in the book.,Consumer Electronics,Regional Retail Chain,Harbour Table,43.08,60.4407,48.5347
UNDER_MARKET,4,Amber,20173,CU2052,"Nonstick Cookware Set - Value, Bulk pallet 144",0.167,90.06,601.8,Priced well under the market with margin to spare. A price rise here is the cheapest margin in the book.,Home & Kitchen,Marketplace Seller,Selkirk Supply,151.35,26.0928,23.8095
STALE,6,Green,20168,CU2028,"Vacuum Sealer - Premium brand, Inner pack 6",0.2265,98.14,601.56,No price change in over a year while input costs moved. Review.,Home & Kitchen,Independent Retailer,Riverside Butchery,158.4,125.2574,111.3988
COST_SPIKE,7,Green,20168,CU2028,"Vacuum Sealer - Premium brand, Inner pack 6",0.2265,98.14,601.56,Input cost up more than ten points since the price was last set.,Home & Kitchen,Independent Retailer,Riverside Butchery,158.4,125.2574,111.3988
LOSS,1,Red,20163,CU2022,"Storage Bins - Value, Bulk pallet 144",-0.0793,103.57,600.42,Selling below cost once every deduction is counted. Stop quoting this combination until the cost or the deductions change.,Home & Kitchen,Regional Retail Chain,Summit Supply,230.05,12.9619,9.5513
LEAKAGE,3,Amber,20163,CU2022,"Storage Bins - Value, Bulk pallet 144",-0.0793,103.57,600.42,More than a quarter of list never reaches us. The off-invoice deductions are where to look first.,Home & Kitchen,Regional Retail Chain,Summit Supply,230.05,12.9619,9.5513
UNDER_MARKET,4,Amber,20077,CU2107,"Storage Bins - Value, Master carton 48",0.082,73.67,599.4,Priced well under the market with margin to spare. A price rise here is the cheapest margin in the book.,Home & Kitchen,E-commerce Pure-Play,Selkirk Bistro,310.03,28.8279,23.0963
BELOW_FLOOR,2,Red,20127,CU2130,"Wireless Earbuds - Premium brand, Case 12",0.1764,86.43,591.02,"Pocket margin is under the floor. Reprice, or get the exception signed.",Consumer Electronics,Corporate & B2B Buyer,Salish Supply,251.16,27.1607,24.9433
UNDER_MARKET,4,Amber,20127,CU2130,"Wireless Earbuds - Premium brand, Case 12",0.1764,86.43,591.02,Priced well under the market with margin to spare. A price rise here is the cheapest margin in the book.,Consumer Electronics,Corporate & B2B Buyer,Salish Supply,251.16,27.1607,24.9433
BELOW_FLOOR,2,Red,20105,CU2043,"Filing Boxes - Premium brand, Master carton 48",0.0731,113.09,587.71,"Pocket margin is under the floor. Reprice, or get the exception signed.",Office & Stationery,Government & Education,Kootenay Hospitality,196.97,20.3704,14.3518
LEAKAGE,3,Amber,20105,CU2043,"Filing Boxes - Premium brand, Master carton 48",0.0731,113.09,587.71,More than a quarter of list never reaches us. The off-invoice deductions are where to look first.,Office & Stationery,Government & Education,Kootenay Hospitality,196.97,20.3704,14.3518
COST_SPIKE,7,Green,20105,CU2043,"Filing Boxes - Premium brand, Master carton 48",0.0731,113.09,587.71,Input cost up more than ten points since the price was last set.,Office & Stationery,Government & Education,Kootenay Hospitality,196.97,20.3704,14.3518
BELOW_FLOOR,2,Red,20022,CU2026,"Tool Chest - Value, Bulk pallet 144",0.0492,121.76,586.11,"Pocket margin is under the floor. Reprice, or get the exception signed.",Tools & Hardware,Marketplace Seller,Riverside Kitchen Group,117.44,46.3595,39.522
OVER_MARKET,5,Amber,20022,CU2026,"Tool Chest - Value, Bulk pallet 144",0.0492,121.76,586.11,Priced well over the market. Volume is exposed unless the premium is one the customer can name.,Tools & Hardware,Marketplace Seller,Riverside Kitchen Group,117.44,46.3595,39.522
LOSS,1,Red,20133,CU2010,"Aquarium Filter - National brand, Case 24",-0.1371,,582.42,Selling below cost once every deduction is counted. Stop quoting this combination until the cost or the deductions change.,Pet Supplies,Sub-Distributor,Coastal Table,152.07,14.1912,10.862
BELOW_FLOOR,2,Red,20203,CU2127,"Air Fryer - Private label, Master carton 48",0.2435,86.79,581.47,"Pocket margin is under the floor. Reprice, or get the exception signed.",Home & Kitchen,Corporate & B2B Buyer,Sunshine Public House,288.86,22.6914,18.1931
UNDER_MARKET,4,Amber,20203,CU2127,"Air Fryer - Private label, Master carton 48",0.2435,86.79,581.47,Priced well under the market with margin to spare. A price rise here is the cheapest margin in the book.,Home & Kitchen,Corporate & B2B Buyer,Sunshine Public House,288.86,22.6914,18.1931
LOSS,1,Red,20011,CU2050,"Cordless Drill - Value, Case 24",-0.3322,88.29,577.6,Selling below cost once every deduction is counted. Stop quoting this combination until the cost or the deductions change.,Tools & Hardware,Marketplace Seller,Cedar Butchery,98.69,21.2674,12.0376
LEAKAGE,3,Amber,20011,CU2050,"Cordless Drill - Value, Case 24",-0.3322,88.29,577.6,More than a quarter of list never reaches us. The off-invoice deductions are where to look first.,Tools & Hardware,Marketplace Seller,Cedar Butchery,98.69,21.2674,12.0376
UNDER_MARKET,4,Amber,20011,CU2050,"Cordless Drill - Value, Case 24",-0.3322,88.29,577.6,Priced well under the market with margin to spare. A price rise here is the cheapest margin in the book.,Tools & Hardware,Marketplace Seller,Cedar Butchery,98.69,21.2674,12.0376
UNDER_MARKET,4,Amber,20120,CU2098,"Sunscreen SPF50 - Value, Bulk pallet 144",0.2395,85.65,577.29,Priced well under the market with margin to spare. A price rise here is the cheapest margin in the book.,Health & Beauty,Subscription Box Operator,Fraser Catering,289.95,10.2924,8.3119
LEAKAGE,3,Amber,20134,CU2050,"Power Bank - Private label, Case 24",0.3202,100.01,575.88,More than a quarter of list never reaches us. The off-invoice deductions are where to look first.,Consumer Electronics,Marketplace Seller,Cedar Butchery,539.05,42.4974,31.6461
LEAKAGE,3,Amber,20214,CU2090,"Vitamin C Serum - Premium brand, Case 24",0.2887,100.31,574.98,More than a quarter of list never reaches us. The off-invoice deductions are where to look first.,Health & Beauty,Sub-Distributor,Fraser Trading Co,166.19,16.0618,11.9857
UNDER_MARKET,4,Amber,20128,CU2003,"Adjustable Dumbbells - Private label, Each",0.3921,83.7,574.68,Priced well under the market with margin to spare. A price rise here is the cheapest margin in the book.,Sporting Goods,Regional Retail Chain,Alder Butchery,76.65,21.2655,19.1197
BELOW_FLOOR,2,Red,20105,CU2108,"Filing Boxes - Premium brand, Master carton 48",0.089,113.09,570.84,"Pocket margin is under the floor. Reprice, or get the exception signed.",Office & Stationery,Sub-Distributor,Okanagan Market,203.61,20.3704,14.6024
LEAKAGE,3,Amber,20105,CU2108,"Filing Boxes - Premium brand, Master carton 48",0.089,113.09,570.84,More than a quarter of list never reaches us. The off-invoice deductions are where to look first.,Office & Stationery,Sub-Distributor,Okanagan Market,203.61,20.3704,14.6024
COST_SPIKE,7,Green,20105,CU2108,"Filing Boxes - Premium brand, Master carton 48",0.089,113.09,570.84,Input cost up more than ten points since the price was last set.,Office & Stationery,Sub-Distributor,Okanagan Market,203.61,20.3704,14.6024
LEAKAGE,3,Amber,20192,CU2057,"Body Wash - National brand, Inner pack 6",0.1729,88.64,569.65,More than a quarter of list never reaches us. The off-invoice deductions are where to look first.,Health & Beauty,Subscription Box Operator,Okanagan Hospitality,1078.67,22.3688,15.9127
UNDER_MARKET,4,Amber,20192,CU2057,"Body Wash - National brand, Inner pack 6",0.1729,88.64,569.65,Priced well under the market with margin to spare. A price rise here is the cheapest margin in the book.,Health & Beauty,Subscription Box Operator,Okanagan Hospitality,1078.67,22.3688,15.9127
UNDER_MARKET,4,Amber,20128,CU2147,"Adjustable Dumbbells - Private label, Each",0.4221,83.7,569.41,Priced well under the market with margin to spare. A price rise here is the cheapest margin in the book.,Sporting Goods,Marketplace Seller,Cedar Hospitality,67.09,21.2655,20.1094
BELOW_FLOOR,2,Red,20190,CU2012,"Aquarium Filter - Value, Inner pack 6",0.0429,100.32,563.94,"Pocket margin is under the floor. Reprice, or get the exception signed.",Pet Supplies,Government & Education,Burrard Grill House,388.35,13.2305,10.1672
UNDER_MARKET,4,Amber,20213,CU2045,"Bedding Set - Premium brand, Master carton 48",0.4304,90.06,561.78,Priced well under the market with margin to spare. A price rise here is the cheapest margin in the book.,Home & Kitchen,Subscription Box Operator,Sunshine Butchery,23.88,60.1219,54.6557
UNDER_MARKET,4,Amber,20173,CU2084,"Nonstick Cookware Set - Value, Bulk pallet 144",0.19,90.06,559.33,Priced well under the market with margin to spare. A price rise here is the cheapest margin in the book.,Home & Kitchen,Marketplace Seller,Stanley Supply,120.2,26.0928,24.4866
BELOW_FLOOR,2,Red,20184,CU2072,"Vacuum Sealer - Private label, Each",0.0105,,558.51,"Pocket margin is under the floor. Reprice, or get the exception signed.",Home & Kitchen,Marketplace Seller,Chilcotin Public House,84.61,24.8953,21.0986
UNDER_MARKET,4,Amber,20128,CU2075,"Adjustable Dumbbells - Private label, Each",0.4171,83.7,557.73,Priced well under the market with margin to spare. A price rise here is the cheapest margin in the book.,Sporting Goods,Independent Retailer,Coastal Catering,67.07,21.2655,19.9379
LOSS,1,Red,20185,CU2070,"Bluetooth Speaker - Value, Master carton 48",-0.029,80.66,557.17,Selling below cost once every deduction is counted. Stop quoting this combination until the cost or the deductions change.,Consumer Electronics,Marketplace Seller,Riverside Public House,60.88,65.3695,53.731
UNDER_MARKET,4,Amber,20185,CU2070,"Bluetooth Speaker - Value, Master carton 48",-0.029,80.66,557.17,Priced well under the market with margin to spare. A price rise here is the cheapest margin in the book.,Consumer Electronics,Marketplace Seller,Riverside Public House,60.88,65.3695,53.731
BELOW_FLOOR,2,Red,20185,CU2100,"Bluetooth Speaker - Value, Master carton 48",0.0345,80.66,551.4,"Pocket margin is under the floor. Reprice, or get the exception signed.",Consumer Electronics,Independent Retailer,Alder Catering,90.15,65.3695,57.266
UNDER_MARKET,4,Amber,20185,CU2100,"Bluetooth Speaker - Value, Master carton 48",0.0345,80.66,551.4,Priced well under the market with margin to spare. A price rise here is the cheapest margin in the book.,Consumer Electronics,Independent Retailer,Alder Catering,90.15,65.3695,57.266
UNDER_MARKET,4,Amber,20106,CU2076,"Blender - Value, Each",0.2678,84.62,551.09,Priced well under the market with margin to spare. A price rise here is the cheapest margin in the book.,Home & Kitchen,Government & Education,Mount Grill House,123.2,18.4076,16.7046
BELOW_FLOOR,2,Red,20046,CU2139,"Cycling Helmet - Private label, Each",0.2325,86.51,549.25,"Pocket margin is under the floor. Reprice, or get the exception signed.",Sporting Goods,E-commerce Pure-Play,Cedar Fine Foods,98.12,66.858,56.9795
UNDER_MARKET,4,Amber,20046,CU2139,"Cycling Helmet - Private label, Each",0.2325,86.51,549.25,Priced well under the market with margin to spare. A price rise here is the cheapest margin in the book.,Sporting Goods,E-commerce Pure-Play,Cedar Fine Foods,98.12,66.858,56.9795
BELOW_FLOOR,2,Red,20211,CU2008,"Cat Litter - Premium brand, Each",0.089,75.64,547.1,"Pocket margin is under the floor. Reprice, or get the exception signed.",Pet Supplies,Independent Retailer,Kitsilano Table,135.12,28.694,23.8832
UNDER_MARKET,4,Amber,20211,CU2008,"Cat Litter - Premium brand, Each",0.089,75.64,547.1,Priced well under the market with margin to spare. A price rise here is the cheapest margin in the book.,Pet Supplies,Independent Retailer,Kitsilano Table,135.12,28.694,23.8832
COST_SPIKE,7,Green,20211,CU2008,"Cat Litter - Premium brand, Each",0.089,75.64,547.1,Input cost up more than ten points since the price was last set.,Pet Supplies,Independent Retailer,Kitsilano Table,135.12,28.694,23.8832
LEAKAGE,3,Amber,20144,CU2030,"Winter Gloves - National brand, Inner pack 6",0.3177,90.85,545.92,More than a quarter of list never reaches us. The off-invoice deductions are where to look first.,Apparel & Accessories,Independent Retailer,Mount Catering,79.97,28.6774,21.486
UNDER_MARKET,4,Amber,20144,CU2030,"Winter Gloves - National brand, Inner pack 6",0.3177,90.85,545.92,Priced well under the market with margin to spare. A price rise here is the cheapest margin in the book.,Apparel & Accessories,Independent Retailer,Mount Catering,79.97,28.6774,21.486
BELOW_FLOOR,2,Red,20113,CU2050,"Electric Toothbrush - National brand, Case 24",0.069,137.98,539.52,"Pocket margin is under the floor. Reprice, or get the exception signed.",Health & Beauty,Marketplace Seller,Cedar Butchery,224.92,27.0835,20.2062
LEAKAGE,3,Amber,20113,CU2050,"Electric Toothbrush - National brand, Case 24",0.069,137.98,539.52,More than a quarter of list never reaches us. The off-invoice deductions are where to look first.,Health & Beauty,Marketplace Seller,Cedar Butchery,224.92,27.0835,20.2062
OVER_MARKET,5,Amber,20113,CU2050,"Electric Toothbrush - National brand, Case 24",0.069,137.98,539.52,Priced well over the market. Volume is exposed unless the premium is one the customer can name.,Health & Beauty,Marketplace Seller,Cedar Butchery,224.92,27.0835,20.2062
BELOW_FLOOR,2,Red,20105,CU2037,"Filing Boxes - Premium brand, Master carton 48",0.1529,113.09,538.82,"Pocket margin is under the floor. Reprice, or get the exception signed.",Office & Stationery,Marketplace Seller,Harbour Provisions,267.8,20.3704,15.7033
COST_SPIKE,7,Green,20105,CU2037,"Filing Boxes - Premium brand, Master carton 48",0.1529,113.09,538.82,Input cost up more than ten points since the price was last set.,Office & Stationery,Marketplace Seller,Harbour Provisions,267.8,20.3704,15.7033
BELOW_FLOOR,2,Red,20022,CU2025,"Tool Chest - Value, Bulk pallet 144",0.0609,121.76,529.8,"Pocket margin is under the floor. Reprice, or get the exception signed.",Tools & Hardware,E-commerce Pure-Play,Fraser Larder,115.54,46.3595,40.0136
OVER_MARKET,5,Amber,20022,CU2025,"Tool Chest - Value, Bulk pallet 144",0.0609,121.76,529.8,Priced well over the market. Volume is exposed unless the premium is one the customer can name.,Tools & Hardware,E-commerce Pure-Play,Fraser Larder,115.54,46.3595,40.0136
COST_SPIKE,7,Green,20237,CU2140,"Nonstick Cookware Set - Value, Each",0.3008,116.56,525.11,Input cost up more than ten points since the price was last set.,Home & Kitchen,Subscription Box Operator,Kitsilano Foods,72.27,26.5461,24.1574
BELOW_FLOOR,2,Red,20218,CU2080,"Desk Organiser - Private label, Case 12",0.248,99.11,523.23,"Pocket margin is under the floor. Reprice, or get the exception signed.",Office & Stationery,Government & Education,Cedar Catering,371.2,16.6363,13.5792
OVER_MARKET,5,Amber,20016,CU2142,"Gel Pens - National brand, Case 12",0.226,124.7,522.73,Priced well over the market. Volume is exposed unless the premium is one the customer can name.,Office & Stationery,Marketplace Seller,Mount Public House,142.99,20.8333,16.1721
UNDER_MARKET,4,Amber,20155,CU2118,"Camping Tent - Private label, Case 24",0.4478,85.12,515.86,Priced well under the market with margin to spare. A price rise here is the cheapest margin in the book.,Sporting Goods,Regional Retail Chain,Marine Bistro,19.9,61.0672,57.8899
STALE,6,Green,20086,CU2135,"Hair Dryer - Private label, Bulk pallet 144",0.4062,,510.2,No price change in over a year while input costs moved. Review.,Health & Beauty,Sub-Distributor,Okanagan Table,88.13,18.4235,14.2527
OVER_MARKET,5,Amber,20030,CU2019,"Cutlery Block - National brand, Master carton 48",0.3059,126.43,505.42,Priced well over the market. Volume is exposed unless the premium is one the customer can name.,Home & Kitchen,E-commerce Pure-Play,Kootenay Grill House,52.58,34.2031,31.4264
COST_SPIKE,7,Green,20030,CU2019,"Cutlery Block - National brand, Master carton 48",0.3059,126.43,505.42,Input cost up more than ten points since the price was last set.,Home & Kitchen,E-commerce Pure-Play,Kootenay Grill House,52.58,34.2031,31.4264
BELOW_FLOOR,2,Red,20218,CU2016,"Desk Organiser - Private label, Case 12",0.2587,99.11,504.47,"Pocket margin is under the floor. Reprice, or get the exception signed.",Office & Stationery,Corporate & B2B Buyer,Alder Trading Co,393.44,16.6363,13.7757
BELOW_FLOOR,2,Red,20064,CU2043,"Hair Dryer - Value, Case 24",0.0637,90.02,503.54,"Pocket margin is under the floor. Reprice, or get the exception signed.",Health & Beauty,Government & Education,Kootenay Hospitality,247.45,21.7705,18.2553
UNDER_MARKET,4,Amber,20064,CU2043,"Hair Dryer - Value, Case 24",0.0637,90.02,503.54,Priced well under the market with margin to spare. A price rise here is the cheapest margin in the book.,Health & Beauty,Government & Education,Kootenay Hospitality,247.45,21.7705,18.2553
UNDER_MARKET,4,Amber,20116,CU2089,"Aquarium Filter - Premium brand, Master carton 48",0.6243,86.61,500.41,Priced well under the market with margin to spare. A price rise here is the cheapest margin in the book.,Pet Supplies,Marketplace Seller,Granville Market,18.63,45.8931,43.0287
UNDER_MARKET,4,Amber,20083,CU2142,"Grooming Kit - Value, Bulk pallet 144",0.2435,85.11,498.48,Priced well under the market with margin to spare. A price rise here is the cheapest margin in the book.,Pet Supplies,Marketplace Seller,Mount Public House,65.55,35.4931,31.2368
BELOW_FLOOR,2,Red,20178,CU2077,"Vitamin C Serum - Private label, Case 12",0.0617,81.09,495.13,"Pocket margin is under the floor. Reprice, or get the exception signed.",Health & Beauty,Corporate & B2B Buyer,Burrard Public House,144.1,14.2666,11.1143
UNDER_MARKET,4,Amber,20178,CU2077,"Vitamin C Serum - Private label, Case 12",0.0617,81.09,495.13,Priced well under the market with margin to spare. A price rise here is the cheapest margin in the book.,Health & Beauty,Corporate & B2B Buyer,Burrard Public House,144.1,14.2666,11.1143
UNDER_MARKET,4,Amber,20017,CU2103,"Webcam - National brand, Case 24",0.3789,88.58,493.86,Priced well under the market with margin to spare. A price rise here is the cheapest margin in the book.,Consumer Electronics,Marketplace Seller,Summit Grill House,62.03,23.7358,21.0127
UNDER_MARKET,4,Amber,20079,CU2032,"Smart Plug - National brand, Case 24",0.3334,91.65,493.28,Priced well under the market with margin to spare. A price rise here is the cheapest margin in the book.,Consumer Electronics,Sub-Distributor,Mount Foods,28.53,60.4407,51.8537
UNDER_MARKET,4,Amber,20001,CU2015,"Multivitamin - Private label, Case 12",0.2623,66.48,493.22,Priced well under the market with margin to spare. A price rise here is the cheapest margin in the book.,Health & Beauty,Corporate & B2B Buyer,Alder Hospitality,363.58,19.9168,15.3856
BELOW_FLOOR,2,Red,20231,CU2011,"Mechanical Keyboard - Value, Case 12",0.0531,94.61,490.69,"Pocket margin is under the floor. Reprice, or get the exception signed.",Consumer Electronics,Regional Retail Chain,Okanagan Larder,189.98,31.3333,25.5081
BELOW_FLOOR,2,Red,20033,CU2116,"Wireless Earbuds - National brand, Inner pack 6",0.0617,105.07,490.45,"Pocket margin is under the floor. Reprice, or get the exception signed.",Consumer Electronics,Independent Retailer,Stanley Grill House,177.28,25.1462,21.5264
BELOW_FLOOR,2,Red,20105,CU2071,"Filing Boxes - Premium brand, Master carton 48",0.1382,113.09,487.71,"Pocket margin is under the floor. Reprice, or get the exception signed.",Office & Stationery,Regional Retail Chain,Harbour Table,221.32,20.3704,15.4368
COST_SPIKE,7,Green,20105,CU2071,"Filing Boxes - Premium brand, Master carton 48",0.1382,113.09,487.71,Input cost up more than ten points since the price was last set.,Office & Stationery,Regional Retail Chain,Harbour Table,221.32,20.3704,15.4368
BELOW_FLOOR,2,Red,20229,CU2050,"Safety Glasses - National brand, Case 24",0.0849,107.18,477.27,"Pocket margin is under the floor. Reprice, or get the exception signed.",Tools & Hardware,Marketplace Seller,Cedar Butchery,155.3,41.7413,31.7319
UNDER_MARKET,4,Amber,20122,CU2130,"Body Wash - National brand, Bulk pallet 144",0.4555,77.59,472.74,Priced well under the market with margin to spare. A price rise here is the cheapest margin in the book.,Health & Beauty,Corporate & B2B Buyer,Salish Supply,35.56,34.14,29.1862
UNDER_MARKET,4,Amber,20211,CU2076,"Cat Litter - Premium brand, Each",0.1727,75.64,472.69,Priced well under the market with margin to spare. A price rise here is the cheapest margin in the book.,Pet Supplies,Government & Education,Mount Grill House,209.56,28.694,26.3018
COST_SPIKE,7,Green,20211,CU2076,"Cat Litter - Premium brand, Each",0.1727,75.64,472.69,Input cost up more than ten points since the price was last set.,Pet Supplies,Government & Education,Mount Grill House,209.56,28.694,26.3018
UNDER_MARKET,4,Amber,20162,CU2061,"Electric Toothbrush - National brand, Case 12",0.5465,70.54,472.47,Priced well under the market with margin to spare. A price rise here is the cheapest margin in the book.,Health & Beauty,Marketplace Seller,Marine Trading Co,29.69,31.47,29.118
UNDER_MARKET,4,Amber,20205,CU2030,"Bedding Set - Private label, Case 12",0.3142,87.7,471.48,Priced well under the market with margin to spare. A price rise here is the cheapest margin in the book.,Home & Kitchen,Independent Retailer,Mount Catering,544.32,35.6983,28.7235
UNDER_MARKET,4,Amber,20062,CU2120,"Fastener Assortment - National brand, Bulk pallet 144",0.3094,83.89,469.85,Priced well under the market with margin to spare. A price rise here is the cheapest margin in the book.,Tools & Hardware,Independent Retailer,Stanley Hospitality,27.37,61.8525,55.4848
UNDER_MARKET,4,Amber,20205,CU2080,"Bedding Set - Private label, Case 12",0.3351,87.7,465.83,Priced well under the market with margin to spare. A price rise here is the cheapest margin in the book.,Home & Kitchen,Government & Education,Cedar Catering,1688.98,35.6983,29.624
STALE,6,Green,20061,CU2081,"Safety Glasses - Premium brand, Each",0.4265,96.48,464.67,No price change in over a year while input costs moved. Review.,Tools & Hardware,Regional Retail Chain,Kootenay Public House,17.88,66.7052,60.9283
OVER_MARKET,5,Amber,20113,CU2044,"Electric Toothbrush - National brand, Case 24",0.2425,137.98,464.43,Priced well over the market. Volume is exposed unless the premium is one the customer can name.,Health & Beauty,Corporate & B2B Buyer,Harbour Public House,77.1,27.0835,24.836
BELOW_FLOOR,2,Red,20231,CU2139,"Mechanical Keyboard - Value, Case 12",0.0557,94.61,463.38,"Pocket margin is under the floor. Reprice, or get the exception signed.",Consumer Electronics,E-commerce Pure-Play,Cedar Fine Foods,183.53,31.3333,25.5767
UNDER_MARKET,4,Amber,20079,CU2145,"Smart Plug - National brand, Case 24",0.3432,91.65,461.63,Priced well under the market with margin to spare. A price rise here is the cheapest margin in the book.,Consumer Electronics,Regional Retail Chain,Harbour Trading Co,25.56,60.4407,52.6246
UNDER_MARKET,4,Amber,20223,CU2129,"Adjustable Dumbbells - National brand, Each",0.2281,87.59,461.01,Priced well under the market with margin to spare. A price rise here is the cheapest margin in the book.,Sporting Goods,Regional Retail Chain,Okanagan Foods,59.55,37.4455,33.9464
STALE,6,Green,20223,CU2129,"Adjustable Dumbbells - National brand, Each",0.2281,87.59,461.01,No price change in over a year while input costs moved. Review.,Sporting Goods,Regional Retail Chain,Okanagan Foods,59.55,37.4455,33.9464
COST_SPIKE,7,Green,20237,CU2093,"Nonstick Cookware Set - Value, Each",0.2748,116.56,460.84,Input cost up more than ten points since the price was last set.,Home & Kitchen,Independent Retailer,Burrard Hospitality,72.0,26.5461,23.2921
COST_SPIKE,7,Green,20237,CU2131,"Nonstick Cookware Set - Value, Each",0.2883,116.56,459.19,Input cost up more than ten points since the price was last set.,Home & Kitchen,Regional Retail Chain,Sunshine Bistro,67.12,26.5461,23.7329
BELOW_FLOOR,2,Red,20178,CU2016,"Vitamin C Serum - Private label, Case 12",0.1136,81.09,458.7,"Pocket margin is under the floor. Reprice, or get the exception signed.",Health & Beauty,Corporate & B2B Buyer,Alder Trading Co,151.59,14.2666,11.766
UNDER_MARKET,4,Amber,20178,CU2016,"Vitamin C Serum - Private label, Case 12",0.1136,81.09,458.7,Priced well under the market with margin to spare. A price rise here is the cheapest margin in the book.,Health & Beauty,Corporate & B2B Buyer,Alder Trading Co,151.59,14.2666,11.766
BELOW_FLOOR,2,Red,20153,CU2099,"Body Wash - National brand, Each",0.0034,117.81,458.4,"Pocket margin is under the floor. Reprice, or get the exception signed.",Health & Beauty,E-commerce Pure-Play,Cedar Provisions,128.21,23.254,19.4677
BELOW_FLOOR,2,Red,20211,CU2115,"Cat Litter - Premium brand, Each",0.1483,75.64,455.55,"Pocket margin is under the floor. Reprice, or get the exception signed.",Pet Supplies,Sub-Distributor,Riverside Hospitality,161.85,28.694,25.5479
UNDER_MARKET,4,Amber,20211,CU2115,"Cat Litter - Premium brand, Each",0.1483,75.64,455.55,Priced well under the market with margin to spare. A price rise here is the cheapest margin in the book.,Pet Supplies,Sub-Distributor,Riverside Hospitality,161.85,28.694,25.5479
COST_SPIKE,7,Green,20211,CU2115,"Cat Litter - Premium brand, Each",0.1483,75.64,455.55,Input cost up more than ten points since the price was last set.,Pet Supplies,Sub-Distributor,Riverside Hospitality,161.85,28.694,25.5479
BELOW_FLOOR,2,Red,20143,CU2089,"Copy Paper - Private label, Each",0.122,,450.4,"Pocket margin is under the floor. Reprice, or get the exception signed.",Office & Stationery,Marketplace Seller,Granville Market,154.49,15.5267,13.6004
STALE,6,Green,20143,CU2089,"Copy Paper - Private label, Each",0.122,,450.4,No price change in over a year while input costs moved. Review.,Office & Stationery,Marketplace Seller,Granville Market,154.49,15.5267,13.6004
BELOW_FLOOR,2,Red,20159,CU2071,"Gel Pens - Private label, Inner pack 6",0.0061,111.94,450.31,"Pocket margin is under the floor. Reprice, or get the exception signed.",Office & Stationery,Regional Retail Chain,Harbour Table,132.23,12.4073,10.6467
STALE,6,Green,20159,CU2071,"Gel Pens - Private label, Inner pack 6",0.0061,111.94,450.31,No price change in over a year while input costs moved. Review.,Office & Stationery,Regional Retail Chain,Harbour Table,132.23,12.4073,10.6467
COST_SPIKE,7,Green,20159,CU2071,"Gel Pens - Private label, Inner pack 6",0.0061,111.94,450.31,Input cost up more than ten points since the price was last set.,Office & Stationery,Regional Retail Chain,Harbour Table,132.23,12.4073,10.6467
UNDER_MARKET,4,Amber,20156,CU2068,"Vitamin C Serum - Private label, Inner pack 6",0.4844,70.38,450.12,Priced well under the market with margin to spare. A price rise here is the cheapest margin in the book.,Health & Beauty,E-commerce Pure-Play,Burrard Trading Co,55.38,18.7243,16.7806
UNDER_MARKET,4,Amber,20120,CU2069,"Sunscreen SPF50 - Value, Bulk pallet 144",0.3024,85.65,449.84,Priced well under the market with margin to spare. A price rise here is the cheapest margin in the book.,Health & Beauty,E-commerce Pure-Play,Harbour Supply,164.21,10.2924,9.0603
UNDER_MARKET,4,Amber,20157,CU2004,"LED Floor Lamp - Premium brand, Case 12",0.2898,90.08,448.67,Priced well under the market with margin to spare. A price rise here is the cheapest margin in the book.,Home & Kitchen,Independent Retailer,Stanley Butchery,82.29,20.666,18.8138
COST_SPIKE,7,Green,20157,CU2004,"LED Floor Lamp - Premium brand, Case 12",0.2898,90.08,448.67,Input cost up more than ten points since the price was last set.,Home & Kitchen,Independent Retailer,Stanley Butchery,82.29,20.666,18.8138
UNDER_MARKET,4,Amber,20023,CU2136,"Adjustable Dumbbells - National brand, Bulk pallet 144",0.2572,85.07,448.22,Priced well under the market with margin to spare. A price rise here is the cheapest margin in the book.,Sporting Goods,Government & Education,Alder Table,63.66,29.6354,27.3707
UNDER_MARKET,4,Amber,20015,CU2015,"Body Wash - Value, Bulk pallet 144",0.1847,87.75,447.06,Priced well under the market with margin to spare. A price rise here is the cheapest margin in the book.,Health & Beauty,Corporate & B2B Buyer,Alder Hospitality,225.14,12.442,10.7485
UNDER_MARKET,4,Amber,20162,CU2042,"Electric Toothbrush - National brand, Case 12",0.5428,70.54,446.13,Priced well under the market with margin to spare. A price rise here is the cheapest margin in the book.,Health & Beauty,Corporate & B2B Buyer,Okanagan Provisions,28.46,31.47,28.8802
BELOW_FLOOR,2,Red,20185,CU2058,"Bluetooth Speaker - Value, Master carton 48",0.0332,80.66,444.95,"Pocket margin is under the floor. Reprice, or get the exception signed.",Consumer Electronics,Corporate & B2B Buyer,Selkirk Trading Co,71.96,65.3695,57.1882
UNDER_MARKET,4,Amber,20185,CU2058,"Bluetooth Speaker - Value, Master carton 48",0.0332,80.66,444.95,Priced well under the market with margin to spare. A price rise here is the cheapest margin in the book.,Consumer Electronics,Corporate & B2B Buyer,Selkirk Trading Co,71.96,65.3695,57.1882
BELOW_FLOOR,2,Red,20177,CU2125,"Gel Pens - Premium brand, Bulk pallet 144",0.0828,94.63,443.91,"Pocket margin is under the floor. Reprice, or get the exception signed.",Office & Stationery,Marketplace Seller,Mount Bistro,163.12,20.0495,14.5856
LEAKAGE,3,Amber,20177,CU2125,"Gel Pens - Premium brand, Bulk pallet 144",0.0828,94.63,443.91,More than a quarter of list never reaches us. The off-invoice deductions are where to look first.,Office & Stationery,Marketplace Seller,Mount Bistro,163.12,20.0495,14.5856
STALE,6,Green,20177,CU2125,"Gel Pens - Premium brand, Bulk pallet 144",0.0828,94.63,443.91,No price change in over a year while input costs moved. Review.,Office & Stationery,Marketplace Seller,Mount Bistro,163.12,20.0495,14.5856
COST_SPIKE,7,Green,20177,CU2125,"Gel Pens - Premium brand, Bulk pallet 144",0.0828,94.63,443.91,Input cost up more than ten points since the price was last set.,Office & Stationery,Marketplace Seller,Mount Bistro,163.12,20.0495,14.5856
STALE,6,Green,20207,CU2073,"Cycling Helmet - Private label, Case 12",0.2537,107.0,437.95,No price change in over a year while input costs moved. Review.,Sporting Goods,Marketplace Seller,Marine Hospitality,219.24,29.7315,27.3525
COST_SPIKE,7,Green,20207,CU2073,"Cycling Helmet - Private label, Case 12",0.2537,107.0,437.95,Input cost up more than ten points since the price was last set.,Sporting Goods,Marketplace Seller,Marine Hospitality,219.24,29.7315,27.3525
UNDER_MARKET,4,Amber,20223,CU2095,"Adjustable Dumbbells - National brand, Each",0.2426,87.59,436.61,Priced well under the market with margin to spare. A price rise here is the cheapest margin in the book.,Sporting Goods,Sub-Distributor,Riverside Fine Foods,52.02,37.4455,34.598
STALE,6,Green,20223,CU2095,"Adjustable Dumbbells - National brand, Each",0.2426,87.59,436.61,No price change in over a year while input costs moved. Review.,Sporting Goods,Sub-Distributor,Riverside Fine Foods,52.02,37.4455,34.598
BELOW_FLOOR,2,Red,20228,CU2030,"Bedding Set - National brand, Case 24",0.0011,,436.18,"Pocket margin is under the floor. Reprice, or get the exception signed.",Home & Kitchen,Independent Retailer,Mount Catering,57.82,42.9158,35.1539
STALE,6,Green,20174,CU2128,"Socket Set - National brand, Each",0.1955,,435.98,No price change in over a year while input costs moved. Review.,Tools & Hardware,Marketplace Seller,Granville Table,70.22,33.942,31.7545
OVER_MARKET,5,Amber,20113,CU2100,"Electric Toothbrush - National brand, Case 24",0.2135,137.98,428.39,Priced well over the market. Volume is exposed unless the premium is one the customer can name.,Health & Beauty,Independent Retailer,Alder Catering,83.9,27.0835,23.9181
UNDER_MARKET,4,Amber,20209,CU2045,"USB-C Charger - National brand, Bulk pallet 144",0.3566,91.62,426.12,Priced well under the market with margin to spare. A price rise here is the cheapest margin in the book.,Consumer Electronics,Subscription Box Operator,Sunshine Butchery,27.83,47.3384,42.9362
STALE,6,Green,20086,CU2076,"Hair Dryer - Private label, Bulk pallet 144",0.4896,,425.07,No price change in over a year while input costs moved. Review.,Health & Beauty,Government & Education,Mount Grill House,52.36,18.4235,16.5818
BELOW_FLOOR,2,Red,20190,CU2086,"Aquarium Filter - Value, Inner pack 6",0.0245,100.32,423.62,"Pocket margin is under the floor. Reprice, or get the exception signed.",Pet Supplies,Marketplace Seller,Coastal Foods,263.39,13.2305,9.9754
BELOW_FLOOR,2,Red,20091,CU2018,"Hair Dryer - Private label, Inner pack 6",0.2415,91.2,423.33,"Pocket margin is under the floor. Reprice, or get the exception signed.",Health & Beauty,Independent Retailer,Chilcotin Hospitality,355.07,12.2347,11.2039
UNDER_MARKET,4,Amber,20091,CU2018,"Hair Dryer - Private label, Inner pack 6",0.2415,91.2,423.33,Priced well under the market with margin to spare. A price rise here is the cheapest margin in the book.,Health & Beauty,Independent Retailer,Chilcotin Hospitality,355.07,12.2347,11.2039
STALE,6,Green,20210,CU2038,"Socket Set - Private label, Each",0.5158,110.52,422.47,No price change in over a year while input costs moved. Review.,Tools & Hardware,Marketplace Seller,Chilcotin Market,21.23,41.4339,38.577
BELOW_FLOOR,2,Red,20059,CU2107,"Desk Organiser - National brand, Inner pack 6",0.0848,116.24,422.26,"Pocket margin is under the floor. Reprice, or get the exception signed.",Office & Stationery,E-commerce Pure-Play,Selkirk Bistro,311.09,16.6279,13.3385
BELOW_FLOOR,2,Red,20044,CU2113,"Safety Boots - Value, Inner pack 6",0.0431,102.74,422.06,"Pocket margin is under the floor. Reprice, or get the exception signed.",Apparel & Accessories,Independent Retailer,Coastal Hospitality,262.43,17.6406,14.2519
UNDER_MARKET,4,Amber,20116,CU2075,"Aquarium Filter - Premium brand, Master carton 48",0.6297,86.61,421.14,Priced well under the market with margin to spare. A price rise here is the cheapest margin in the book.,Pet Supplies,Independent Retailer,Coastal Catering,15.32,45.8931,43.6575
UNDER_MARKET,4,Amber,20122,CU2042,"Body Wash - National brand, Bulk pallet 144",0.4499,77.59,420.6,Priced well under the market with margin to spare. A price rise here is the cheapest margin in the book.,Health & Beauty,Corporate & B2B Buyer,Okanagan Provisions,32.36,34.14,28.8894
LOSS,1,Red,20007,CU2043,"Pet Bed - Value, Inner pack 6",-0.0859,103.91,419.69,Selling below cost once every deduction is counted. Stop quoting this combination until the cost or the deductions change.,Pet Supplies,Government & Education,Kootenay Hospitality,112.72,21.7608,15.6156
LEAKAGE,3,Amber,20007,CU2043,"Pet Bed - Value, Inner pack 6",-0.0859,103.91,419.69,More than a quarter of list never reaches us. The off-invoice deductions are where to look first.,Pet Supplies,Government & Education,Kootenay Hospitality,112.72,21.7608,15.6156
OVER_MARKET,5,Amber,20102,CU2074,"Body Wash - Private label, Inner pack 6",0.4544,127.78,418.3,Priced well over the market. Volume is exposed unless the premium is one the customer can name.,Health & Beauty,Corporate & B2B Buyer,Burrard Provisions,67.91,15.0766,13.556
UNDER_MARKET,4,Amber,20116,CU2102,"Aquarium Filter - Premium brand, Master carton 48",0.6142,86.61,417.82,Priced well under the market with margin to spare. A price rise here is the cheapest margin in the book.,Pet Supplies,Sub-Distributor,Harbour Bistro,16.23,45.8931,41.9115
UNDER_MARKET,4,Amber,20116,CU2138,"Aquarium Filter - Premium brand, Master carton 48",0.6324,86.61,417.23,Priced well under the market with margin to spare. A price rise here is the cheapest margin in the book.,Pet Supplies,Marketplace Seller,Okanagan Grill House,15.0,45.8931,43.9832
UNDER_MARKET,4,Amber,20122,CU2100,"Body Wash - National brand, Bulk pallet 144",0.4059,77.59,416.52,Priced well under the market with margin to spare. A price rise here is the cheapest margin in the book.,Health & Beauty,Independent Retailer,Alder Catering,38.36,34.14,26.7501
UNDER_MARKET,4,Amber,20073,CU2146,"HDMI Cable - National brand, Each",0.493,88.57,413.06,Priced well under the market with margin to spare. A price rise here is the cheapest margin in the book.,Consumer Electronics,E-commerce Pure-Play,Kootenay Table,15.0,60.1678,55.8554
STALE,6,Green,20073,CU2146,"HDMI Cable - National brand, Each",0.493,88.57,413.06,No price change in over a year while input costs moved. Review.,Consumer Electronics,E-commerce Pure-Play,Kootenay Table,15.0,60.1678,55.8554
UNDER_MARKET,4,Amber,20049,CU2111,"Adjustable Dumbbells - Value, Master carton 48",0.2112,90.49,412.71,Priced well under the market with margin to spare. A price rise here is the cheapest margin in the book.,Sporting Goods,Independent Retailer,Kitsilano Fine Foods,46.05,45.4116,42.4278
STALE,6,Green,20049,CU2111,"Adjustable Dumbbells - Value, Master carton 48",0.2112,90.49,412.71,No price change in over a year while input costs moved. Review.,Sporting Goods,Independent Retailer,Kitsilano Fine Foods,46.05,45.4116,42.4278
COST_SPIKE,7,Green,20049,CU2111,"Adjustable Dumbbells - Value, Master carton 48",0.2112,90.49,412.71,Input cost up more than ten points since the price was last set.,Sporting Goods,Independent Retailer,Kitsilano Fine Foods,46.05,45.4116,42.4278
UNDER_MARKET,4,Amber,20079,CU2020,"Smart Plug - National brand, Case 24",0.3566,91.65,411.84,Priced well under the market with margin to spare. A price rise here is the cheapest margin in the book.,Consumer Electronics,Marketplace Seller,Cedar Larder,21.5,60.4407,53.7195
OVER_MARKET,5,Amber,20182,CU2135,"Camping Tent - Value, Case 12",0.0511,143.46,410.38,Priced well over the market. Volume is exposed unless the premium is one the customer can name.,Sporting Goods,Sub-Distributor,Okanagan Table,355.44,16.826,13.5839
LOSS,1,Red,20133,CU2141,"Aquarium Filter - National brand, Case 24",-0.0951,,406.83,Selling below cost once every deduction is counted. Stop quoting this combination until the cost or the deductions change.,Pet Supplies,Marketplace Seller,Sunshine Supply,116.12,14.1912,11.2781
UNDER_MARKET,4,Amber,20087,CU2114,"Blender - National brand, Each",0.3856,86.8,406.46,Priced well under the market with margin to spare. A price rise here is the cheapest margin in the book.,Home & Kitchen,Corporate & B2B Buyer,Mount Hospitality,15.0,74.7226,70.2688
OVER_MARKET,5,Amber,20113,CU2062,"Electric Toothbrush - National brand, Case 24",0.2202,137.98,403.66,Priced well over the market. Volume is exposed unless the premium is one the customer can name.,Health & Beauty,Independent Retailer,Summit Trading Co,75.99,27.0835,24.1242
BELOW_FLOOR,2,Red,20153,CU2003,"Body Wash - National brand, Each",0.0736,117.81,402.66,"Pocket margin is under the floor. Reprice, or get the exception signed.",Health & Beauty,Regional Retail Chain,Alder Butchery,169.42,23.254,20.9423
LEAKAGE,3,Amber,20119,CU2125,"Hair Dryer - National brand, Bulk pallet 144",0.3144,89.81,399.9,More than a quarter of list never reaches us. The off-invoice deductions are where to look first.,Health & Beauty,Marketplace Seller,Mount Bistro,103.08,16.7232,12.3375
UNDER_MARKET,4,Amber,20119,CU2125,"Hair Dryer - National brand, Bulk pallet 144",0.3144,89.81,399.9,Priced well under the market with margin to spare. A price rise here is the cheapest margin in the book.,Health & Beauty,Marketplace Seller,Mount Bistro,103.08,16.7232,12.3375
LOSS,1,Red,20037,CU2112,"Webcam - Value, Each",-0.0036,116.39,395.96,Selling below cost once every deduction is counted. Stop quoting this combination until the cost or the deductions change.,Consumer Electronics,Government & Education,Stanley Provisions,84.69,36.8428,29.2116
LOSS,1,Red,20007,CU2050,"Pet Bed - Value, Inner pack 6",-0.1854,103.91,394.08,Selling below cost once every deduction is counted. Stop quoting this combination until the cost or the deductions change.,Pet Supplies,Marketplace Seller,Cedar Butchery,81.52,21.7608,14.3048
LEAKAGE,3,Amber,20007,CU2050,"Pet Bed - Value, Inner pack 6",-0.1854,103.91,394.08,More than a quarter of list never reaches us. The off-invoice deductions are where to look first.,Pet Supplies,Marketplace Seller,Cedar Butchery,81.52,21.7608,14.3048
STALE,6,Green,20061,CU2103,"Safety Glasses - Premium brand, Each",0.426,96.48,388.93,No price change in over a year while input costs moved. Review.,Tools & Hardware,Marketplace Seller,Summit Grill House,15.0,66.7052,60.8687
STALE,6,Green,20177,CU2083,"Gel Pens - Premium brand, Bulk pallet 144",0.1937,94.63,388.52,No price change in over a year while input costs moved. Review.,Office & Stationery,Marketplace Seller,Granville Supply,309.26,20.0495,16.5909
COST_SPIKE,7,Green,20177,CU2083,"Gel Pens - Premium brand, Bulk pallet 144",0.1937,94.63,388.52,Input cost up more than ten points since the price was last set.,Office & Stationery,Marketplace Seller,Granville Supply,309.26,20.0495,16.5909
STALE,6,Green,20061,CU2017,"Safety Glasses - Premium brand, Each",0.4255,96.48,388.23,No price change in over a year while input costs moved. Review.,Tools & Hardware,Government & Education,Kootenay Larder,15.0,66.7052,60.8221
UNDER_MARKET,4,Amber,20223,CU2049,"Adjustable Dumbbells - National brand, Each",0.2255,87.59,381.12,Priced well under the market with margin to spare. A price rise here is the cheapest margin in the book.,Sporting Goods,Independent Retailer,Mount Market,49.95,37.4455,33.835
STALE,6,Green,20223,CU2049,"Adjustable Dumbbells - National brand, Each",0.2255,87.59,381.12,No price change in over a year while input costs moved. Review.,Sporting Goods,Independent Retailer,Mount Market,49.95,37.4455,33.835
BELOW_FLOOR,2,Red,20023,CU2050,"Adjustable Dumbbells - National brand, Bulk pallet 144",0.0919,85.07,379.39,"Pocket margin is under the floor. Reprice, or get the exception signed.",Sporting Goods,Marketplace Seller,Cedar Butchery,157.41,29.6354,22.3883
UNDER_MARKET,4,Amber,20023,CU2050,"Adjustable Dumbbells - National brand, Bulk pallet 144",0.0919,85.07,379.39,Priced well under the market with margin to spare. A price rise here is the cheapest margin in the book.,Sporting Goods,Marketplace Seller,Cedar Butchery,157.41,29.6354,22.3883
BELOW_FLOOR,2,Red,20091,CU2005,"Hair Dryer - Private label, Inner pack 6",0.1336,91.2,379.16,"Pocket margin is under the floor. Reprice, or get the exception signed.",Health & Beauty,Independent Retailer,Coastal Supply,180.37,12.2347,9.8086
UNDER_MARKET,4,Amber,20091,CU2005,"Hair Dryer - Private label, Inner pack 6",0.1336,91.2,379.16,Priced well under the market with margin to spare. A price rise here is the cheapest margin in the book.,Health & Beauty,Independent Retailer,Coastal Supply,180.37,12.2347,9.8086
UNDER_MARKET,4,Amber,20077,CU2136,"Storage Bins - Value, Master carton 48",0.2007,73.67,377.6,Priced well under the market with margin to spare. A price rise here is the cheapest margin in the book.,Home & Kitchen,Government & Education,Alder Table,70.93,28.8279,26.5261
BELOW_FLOOR,2,Red,20112,CU2010,"Bedding Set - Private label, Inner pack 6",0.1985,76.71,376.2,"Pocket margin is under the floor. Reprice, or get the exception signed.",Home & Kitchen,Sub-Distributor,Coastal Table,164.94,22.5529,18.2194
UNDER_MARKET,4,Amber,20112,CU2010,"Bedding Set - Private label, Inner pack 6",0.1985,76.71,376.2,Priced well under the market with margin to spare. A price rise here is the cheapest margin in the book.,Home & Kitchen,Sub-Distributor,Coastal Table,164.94,22.5529,18.2194
STALE,6,Green,20112,CU2010,"Bedding Set - Private label, Inner pack 6",0.1985,76.71,376.2,No price change in over a year while input costs moved. Review.,Home & Kitchen,Sub-Distributor,Coastal Table,164.94,22.5529,18.2194
LOSS,1,Red,20111,CU2070,"Vacuum Sealer - Value, Bulk pallet 144",-0.0183,109.83,371.55,Selling below cost once every deduction is counted. Stop quoting this combination until the cost or the deductions change.,Home & Kitchen,Marketplace Seller,Riverside Public House,105.15,23.1789,18.9144
STALE,6,Green,20086,CU2136,"Hair Dryer - Private label, Bulk pallet 144",0.4928,,371.37,No price change in over a year while input costs moved. Review.,Health & Beauty,Government & Education,Alder Table,45.17,18.4235,16.6851
BELOW_FLOOR,2,Red,20145,CU2002,"Aquarium Filter - National brand, Master carton 48",0.0742,88.96,369.91,"Pocket margin is under the floor. Reprice, or get the exception signed.",Pet Supplies,Marketplace Seller,Riverside Trading Co,215.99,17.0546,15.3232
UNDER_MARKET,4,Amber,20145,CU2002,"Aquarium Filter - National brand, Master carton 48",0.0742,88.96,369.91,Priced well under the market with margin to spare. A price rise here is the cheapest margin in the book.,Pet Supplies,Marketplace Seller,Riverside Trading Co,215.99,17.0546,15.3232
UNDER_MARKET,4,Amber,20116,CU2069,"Aquarium Filter - Premium brand, Master carton 48",0.6033,86.61,368.87,Priced well under the market with margin to spare. A price rise here is the cheapest margin in the book.,Pet Supplies,E-commerce Pure-Play,Harbour Supply,15.0,45.8931,40.7595
STALE,6,Green,20086,CU2097,"Hair Dryer - Private label, Bulk pallet 144",0.4808,,362.16,No price change in over a year while input costs moved. Review.,Health & Beauty,Subscription Box Operator,Summit Butchery,46.21,18.4235,16.3008
UNDER_MARKET,4,Amber,20023,CU2080,"Adjustable Dumbbells - National brand, Bulk pallet 144",0.1624,85.07,361.73,Priced well under the market with margin to spare. A price rise here is the cheapest margin in the book.,Sporting Goods,Government & Education,Cedar Catering,400.28,29.6354,24.2705
BELOW_FLOOR,2,Red,20127,CU2020,"Wireless Earbuds - Premium brand, Case 12",0.1691,86.43,360.94,"Pocket margin is under the floor. Reprice, or get the exception signed.",Consumer Electronics,Marketplace Seller,Cedar Larder,143.72,27.1607,24.7263
UNDER_MARKET,4,Amber,20127,CU2020,"Wireless Earbuds - Premium brand, Case 12",0.1691,86.43,360.94,Priced well under the market with margin to spare. A price rise here is the cheapest margin in the book.,Consumer Electronics,Marketplace Seller,Cedar Larder,143.72,27.1607,24.7263
UNDER_MARKET,4,Amber,20191,CU2102,"Cat Litter - Premium brand, Case 24",0.3537,88.71,352.76,Priced well under the market with margin to spare. A price rise here is the cheapest margin in the book.,Pet Supplies,Sub-Distributor,Harbour Bistro,26.11,41.9389,38.1964
UNDER_MARKET,4,Amber,20162,CU2067,"Electric Toothbrush - National brand, Case 12",0.5164,70.54,349.38,Priced well under the market with margin to spare. A price rise here is the cheapest margin in the book.,Health & Beauty,Independent Retailer,Alder Bistro,24.78,31.47,27.304
UNDER_MARKET,4,Amber,20155,CU2012,"Camping Tent - Private label, Case 24",0.4209,85.12,348.47,Priced well under the market with margin to spare. A price rise here is the cheapest margin in the book.,Sporting Goods,Government & Education,Burrard Grill House,15.0,61.0672,55.1987
BELOW_FLOOR,2,Red,20022,CU2128,"Tool Chest - Value, Bulk pallet 144",0.0644,121.76,348.03,"Pocket margin is under the floor. Reprice, or get the exception signed.",Tools & Hardware,Marketplace Seller,Granville Table,77.98,46.3595,40.162
OVER_MARKET,5,Amber,20022,CU2128,"Tool Chest - Value, Bulk pallet 144",0.0644,121.76,348.03,Priced well over the market. Volume is exposed unless the premium is one the customer can name.,Tools & Hardware,Marketplace Seller,Granville Table,77.98,46.3595,40.162
COST_SPIKE,7,Green,20058,CU2041,"Cotton T-Shirt 5pk - Value, Case 12",0.1947,105.86,346.93,Input cost up more than ten points since the price was last set.,Apparel & Accessories,Sub-Distributor,Okanagan Butchery,54.46,35.2445,32.7195
OVER_MARKET,5,Amber,20182,CU2124,"Camping Tent - Value, Case 12",0.0813,143.46,346.66,Priced well over the market. Volume is exposed unless the premium is one the customer can name.,Sporting Goods,Marketplace Seller,Mount Fine Foods,451.04,16.826,14.0307
LOSS,1,Red,20007,CU2072,"Pet Bed - Value, Inner pack 6",-0.0442,103.91,344.82,Selling below cost once every deduction is counted. Stop quoting this combination until the cost or the deductions change.,Pet Supplies,Marketplace Seller,Chilcotin Public House,107.93,21.7608,16.2391
LEAKAGE,3,Amber,20007,CU2072,"Pet Bed - Value, Inner pack 6",-0.0442,103.91,344.82,More than a quarter of list never reaches us. The off-invoice deductions are where to look first.,Pet Supplies,Marketplace Seller,Chilcotin Public House,107.93,21.7608,16.2391
OVER_MARKET,5,Amber,20045,CU2101,"Winter Gloves - Value, Inner pack 6",0.3306,119.04,343.79,Priced well over the market. Volume is exposed unless the premium is one the customer can name.,Apparel & Accessories,Independent Retailer,Marine Market,25.74,43.9034,40.4053
LOSS,1,Red,20069,CU2091,"Cordless Drill - National brand, Inner pack 6",-0.0982,103.12,337.64,Selling below cost once every deduction is counted. Stop quoting this combination until the cost or the deductions change.,Tools & Hardware,Independent Retailer,Selkirk Catering,110.74,15.495,10.4857
LEAKAGE,3,Amber,20069,CU2091,"Cordless Drill - National brand, Inner pack 6",-0.0982,103.12,337.64,More than a quarter of list never reaches us. The off-invoice deductions are where to look first.,Tools & Hardware,Independent Retailer,Selkirk Catering,110.74,15.495,10.4857
BELOW_FLOOR,2,Red,20111,CU2037,"Vacuum Sealer - Value, Bulk pallet 144",0.0196,109.83,337.43,"Pocket margin is under the floor. Reprice, or get the exception signed.",Home & Kitchen,Marketplace Seller,Harbour Provisions,115.36,23.1789,19.6462
LOSS,1,Red,20190,CU2042,"Aquarium Filter - Value, Inner pack 6",-0.0072,100.32,337.33,Selling below cost once every deduction is counted. Stop quoting this combination until the cost or the deductions change.,Pet Supplies,Corporate & B2B Buyer,Okanagan Provisions,180.99,13.2305,9.6617
LEAKAGE,3,Amber,20190,CU2042,"Aquarium Filter - Value, Inner pack 6",-0.0072,100.32,337.33,More than a quarter of list never reaches us. The off-invoice deductions are where to look first.,Pet Supplies,Corporate & B2B Buyer,Okanagan Provisions,180.99,13.2305,9.6617
BELOW_FLOOR,2,Red,20216,CU2050,"Laptop Sleeve - National brand, Each",0.0869,90.1,336.2,"Pocket margin is under the floor. Reprice, or get the exception signed.",Apparel & Accessories,Marketplace Seller,Cedar Butchery,163.62,23.0477,17.5139
UNDER_MARKET,4,Amber,20216,CU2050,"Laptop Sleeve - National brand, Each",0.0869,90.1,336.2,Priced well under the market with margin to spare. A price rise here is the cheapest margin in the book.,Apparel & Accessories,Marketplace Seller,Cedar Butchery,163.62,23.0477,17.5139
BELOW_FLOOR,2,Red,20033,CU2100,"Wireless Earbuds - National brand, Inner pack 6",0.0908,105.07,335.71,"Pocket margin is under the floor. Reprice, or get the exception signed.",Consumer Electronics,Independent Retailer,Alder Catering,152.03,25.1462,22.2159
OVER_MARKET,5,Amber,20180,CU2086,"Toner Cartridge - National brand, Inner pack 6",0.2219,118.85,332.92,Priced well over the market. Volume is exposed unless the premium is one the customer can name.,Office & Stationery,Marketplace Seller,Coastal Foods,95.77,16.9009,15.6648
LOSS,1,Red,20044,CU2125,"Safety Boots - Value, Inner pack 6",-0.053,102.74,330.95,Selling below cost once every deduction is counted. Stop quoting this combination until the cost or the deductions change.,Apparel & Accessories,Marketplace Seller,Mount Bistro,122.33,17.6406,12.9522
LEAKAGE,3,Amber,20044,CU2125,"Safety Boots - Value, Inner pack 6",-0.053,102.74,330.95,More than a quarter of list never reaches us. The off-invoice deductions are where to look first.,Apparel & Accessories,Marketplace Seller,Mount Bistro,122.33,17.6406,12.9522
BELOW_FLOOR,2,Red,20178,CU2072,"Vitamin C Serum - Private label, Case 12",0.0975,81.09,330.05,"Pocket margin is under the floor. Reprice, or get the exception signed.",Health & Beauty,Marketplace Seller,Chilcotin Public House,104.5,14.2666,11.5555
UNDER_MARKET,4,Amber,20178,CU2072,"Vitamin C Serum - Private label, Case 12",0.0975,81.09,330.05,Priced well under the market with margin to spare. A price rise here is the cheapest margin in the book.,Health & Beauty,Marketplace Seller,Chilcotin Public House,104.5,14.2666,11.5555
LEAKAGE,3,Amber,20214,CU2011,"Vitamin C Serum - Premium brand, Case 24",0.228,100.31,327.02,More than a quarter of list never reaches us. The off-invoice deductions are where to look first.,Health & Beauty,Regional Retail Chain,Okanagan Larder,1117.35,16.0618,11.0439
LOSS,1,Red,20133,CU2091,"Aquarium Filter - National brand, Case 24",-0.2127,,326.38,Selling below cost once every deduction is counted. Stop quoting this combination until the cost or the deductions change.,Pet Supplies,Independent Retailer,Selkirk Catering,74.84,14.1912,10.185
LEAKAGE,3,Amber,20133,CU2091,"Aquarium Filter - National brand, Case 24",-0.2127,,326.38,More than a quarter of list never reaches us. The off-invoice deductions are where to look first.,Pet Supplies,Independent Retailer,Selkirk Catering,74.84,14.1912,10.185
COST_SPIKE,7,Green,20237,CU2088,"Nonstick Cookware Set - Value, Each",0.2754,116.56,323.56,Input cost up more than ten points since the price was last set.,Home & Kitchen,Independent Retailer,Juniper Grill House,50.39,26.5461,23.3127
LOSS,1,Red,20163,CU2006,"Storage Bins - Value, Bulk pallet 144",-0.0111,103.57,321.58,Selling below cost once every deduction is counted. Stop quoting this combination until the cost or the deductions change.,Home & Kitchen,Independent Retailer,Coastal Larder,153.8,12.9619,10.1953
COST_SPIKE,7,Green,20237,CU2081,"Nonstick Cookware Set - Value, Each",0.2925,116.56,315.72,Input cost up more than ten points since the price was last set.,Home & Kitchen,Regional Retail Chain,Kootenay Public House,45.2,26.5461,23.8765
LOSS,1,Red,20148,CU2010,"Gel Pens - Value, Case 24",-0.2087,124.07,311.42,Selling below cost once every deduction is counted. Stop quoting this combination until the cost or the deductions change.,Office & Stationery,Sub-Distributor,Coastal Table,247.29,4.6148,3.3669
LEAKAGE,3,Amber,20148,CU2010,"Gel Pens - Value, Case 24",-0.2087,124.07,311.42,More than a quarter of list never reaches us. The off-invoice deductions are where to look first.,Office & Stationery,Sub-Distributor,Coastal Table,247.29,4.6148,3.3669
OVER_MARKET,5,Amber,20148,CU2010,"Gel Pens - Value, Case 24",-0.2087,124.07,311.42,Priced well over the market. Volume is exposed unless the premium is one the customer can name.,Office & Stationery,Sub-Distributor,Coastal Table,247.29,4.6148,3.3669
UNDER_MARKET,4,Amber,20073,CU2139,"HDMI Cable - National brand, Each",0.4013,88.57,311.07,Priced well under the market with margin to spare. A price rise here is the cheapest margin in the book.,Consumer Electronics,E-commerce Pure-Play,Cedar Fine Foods,16.39,60.1678,47.2971
STALE,6,Green,20073,CU2139,"HDMI Cable - National brand, Each",0.4013,88.57,311.07,No price change in over a year while input costs moved. Review.,Consumer Electronics,E-commerce Pure-Play,Cedar Fine Foods,16.39,60.1678,47.2971
BELOW_FLOOR,2,Red,20184,CU2124,"Vacuum Sealer - Private label, Each",0.0259,,308.0,"Pocket margin is under the floor. Reprice, or get the exception signed.",Home & Kitchen,Marketplace Seller,Mount Fine Foods,48.31,24.8953,21.4319
UNDER_MARKET,4,Amber,20128,CU2080,"Adjustable Dumbbells - Private label, Each",0.3313,83.7,303.51,Priced well under the market with margin to spare. A price rise here is the cheapest margin in the book.,Sporting Goods,Government & Education,Cedar Catering,2158.07,21.2655,17.3805
BELOW_FLOOR,2,Red,20167,CU2054,"Pet Bed - Private label, Bulk pallet 144",0.1952,102.14,302.33,"Pocket margin is under the floor. Reprice, or get the exception signed.",Pet Supplies,Marketplace Seller,Cedar Public House,127.93,17.502,15.2898
BELOW_FLOOR,2,Red,20145,CU2115,"Aquarium Filter - National brand, Master carton 48",0.0517,88.96,301.31,"Pocket margin is under the floor. Reprice, or get the exception signed.",Pet Supplies,Sub-Distributor,Riverside Hospitality,150.0,17.0546,14.9594
UNDER_MARKET,4,Amber,20145,CU2115,"Aquarium Filter - National brand, Master carton 48",0.0517,88.96,301.31,Priced well under the market with margin to spare. A price rise here is the cheapest margin in the book.,Pet Supplies,Sub-Distributor,Riverside Hospitality,150.0,17.0546,14.9594
BELOW_FLOOR,2,Red,20107,CU2143,"Laminator - National brand, Case 24",0.0301,91.26,301.13,"Pocket margin is under the floor. Reprice, or get the exception signed.",Office & Stationery,Sub-Distributor,Burrard Foods,175.43,13.8831,11.0827
UNDER_MARKET,4,Amber,20107,CU2143,"Laminator - National brand, Case 24",0.0301,91.26,301.13,Priced well under the market with margin to spare. A price rise here is the cheapest margin in the book.,Office & Stationery,Sub-Distributor,Burrard Foods,175.43,13.8831,11.0827
LOSS,1,Red,20111,CU2010,"Vacuum Sealer - Value, Bulk pallet 144",-0.0453,109.83,299.03,Selling below cost once every deduction is counted. Stop quoting this combination until the cost or the deductions change.,Home & Kitchen,Sub-Distributor,Coastal Table,75.91,23.1789,18.4263
UNDER_MARKET,4,Amber,20077,CU2020,"Storage Bins - Value, Master carton 48",0.1938,73.67,298.28,Priced well under the market with margin to spare. A price rise here is the cheapest margin in the book.,Home & Kitchen,Marketplace Seller,Cedar Larder,58.51,28.8279,26.3005
BELOW_FLOOR,2,Red,20145,CU2100,"Aquarium Filter - National brand, Master carton 48",0.0611,88.96,295.43,"Pocket margin is under the floor. Reprice, or get the exception signed.",Pet Supplies,Independent Retailer,Alder Catering,156.52,17.0546,15.1084
UNDER_MARKET,4,Amber,20145,CU2100,"Aquarium Filter - National brand, Master carton 48",0.0611,88.96,295.43,Priced well under the market with margin to spare. A price rise here is the cheapest margin in the book.,Pet Supplies,Independent Retailer,Alder Catering,156.52,17.0546,15.1084
BELOW_FLOOR,2,Red,20070,CU2088,"Power Bank - Value, Case 12",0.0679,93.97,295.34,"Pocket margin is under the floor. Reprice, or get the exception signed.",Consumer Electronics,Independent Retailer,Juniper Grill House,63.76,45.1528,40.6585
BELOW_FLOOR,2,Red,20221,CU2142,"Cat Litter - Private label, Bulk pallet 144",0.0578,116.15,295.11,"Pocket margin is under the floor. Reprice, or get the exception signed.",Pet Supplies,Marketplace Seller,Mount Public House,99.4,11.5309,9.9252
UNDER_MARKET,4,Amber,20077,CU2117,"Storage Bins - Value, Master carton 48",0.202,73.67,292.93,Priced well under the market with margin to spare. A price rise here is the cheapest margin in the book.,Home & Kitchen,Marketplace Seller,Summit Market,54.57,28.8279,26.5706
BELOW_FLOOR,2,Red,20203,CU2139,"Air Fryer - Private label, Master carton 48",0.2312,86.79,292.71,"Pocket margin is under the floor. Reprice, or get the exception signed.",Home & Kitchen,E-commerce Pure-Play,Cedar Fine Foods,133.04,22.6914,17.9033
UNDER_MARKET,4,Amber,20203,CU2139,"Air Fryer - Private label, Master carton 48",0.2312,86.79,292.71,Priced well under the market with margin to spare. A price rise here is the cheapest margin in the book.,Home & Kitchen,E-commerce Pure-Play,Cedar Fine Foods,133.04,22.6914,17.9033
UNDER_MARKET,4,Amber,20023,CU2020,"Adjustable Dumbbells - National brand, Bulk pallet 144",0.2526,85.07,292.43,Priced well under the market with margin to spare. A price rise here is the cheapest margin in the book.,Sporting Goods,Marketplace Seller,Cedar Larder,42.57,29.6354,27.1992
UNDER_MARKET,4,Amber,20119,CU2015,"Hair Dryer - National brand, Bulk pallet 144",0.4121,89.81,292.03,Priced well under the market with margin to spare. A price rise here is the cheapest margin in the book.,Health & Beauty,Corporate & B2B Buyer,Alder Hospitality,49.25,16.7232,14.3875
BELOW_FLOOR,2,Red,20114,CU2091,"Pet Bed - Private label, Case 12",0.0819,114.62,291.4,"Pocket margin is under the floor. Reprice, or get the exception signed.",Pet Supplies,Independent Retailer,Selkirk Catering,56.26,28.5831,22.7376
LOSS,1,Red,20166,CU2109,"Electric Toothbrush - National brand, Bulk pallet 144",-0.0199,,288.88,Selling below cost once every deduction is counted. Stop quoting this combination until the cost or the deductions change.,Health & Beauty,Subscription Box Operator,Kootenay Trading Co,162.78,12.3716,9.2414
LEAKAGE,3,Amber,20166,CU2109,"Electric Toothbrush - National brand, Bulk pallet 144",-0.0199,,288.88,More than a quarter of list never reaches us. The off-invoice deductions are where to look first.,Health & Beauty,Subscription Box Operator,Kootenay Trading Co,162.78,12.3716,9.2414
BELOW_FLOOR,2,Red,20091,CU2012,"Hair Dryer - Private label, Inner pack 6",0.2105,91.2,287.77,"Pocket margin is under the floor. Reprice, or get the exception signed.",Health & Beauty,Government & Education,Burrard Grill House,194.59,12.2347,10.7644
UNDER_MARKET,4,Amber,20091,CU2012,"Hair Dryer - Private label, Inner pack 6",0.2105,91.2,287.77,Priced well under the market with margin to spare. A price rise here is the cheapest margin in the book.,Health & Beauty,Government & Education,Burrard Grill House,194.59,12.2347,10.7644
BELOW_FLOOR,2,Red,20218,CU2083,"Desk Organiser - Private label, Case 12",0.2411,99.11,282.0,"Pocket margin is under the floor. Reprice, or get the exception signed.",Office & Stationery,Marketplace Seller,Granville Supply,189.33,16.6363,13.4559
BELOW_FLOOR,2,Red,20185,CU2051,"Bluetooth Speaker - Value, Master carton 48",0.0381,80.66,281.76,"Pocket margin is under the floor. Reprice, or get the exception signed.",Consumer Electronics,Subscription Box Operator,Mount Butchery,47.49,65.3695,57.4797
UNDER_MARKET,4,Amber,20185,CU2051,"Bluetooth Speaker - Value, Master carton 48",0.0381,80.66,281.76,Priced well under the market with margin to spare. A price rise here is the cheapest margin in the book.,Consumer Electronics,Subscription Box Operator,Mount Butchery,47.49,65.3695,57.4797
BELOW_FLOOR,2,Red,20023,CU2125,"Adjustable Dumbbells - National brand, Bulk pallet 144",0.105,85.07,280.09,"Pocket margin is under the floor. Reprice, or get the exception signed.",Sporting Goods,Marketplace Seller,Mount Bistro,130.29,29.6354,22.7137
UNDER_MARKET,4,Amber,20023,CU2125,"Adjustable Dumbbells - National brand, Bulk pallet 144",0.105,85.07,280.09,Priced well under the market with margin to spare. A price rise here is the cheapest margin in the book.,Sporting Goods,Marketplace Seller,Mount Bistro,130.29,29.6354,22.7137
BELOW_FLOOR,2,Red,20022,CU2103,"Tool Chest - Value, Bulk pallet 144",0.0102,121.76,279.07,"Pocket margin is under the floor. Reprice, or get the exception signed.",Tools & Hardware,Marketplace Seller,Summit Grill House,44.48,46.3595,37.9654
OVER_MARKET,5,Amber,20022,CU2103,"Tool Chest - Value, Bulk pallet 144",0.0102,121.76,279.07,Priced well over the market. Volume is exposed unless the premium is one the customer can name.,Tools & Hardware,Marketplace Seller,Summit Grill House,44.48,46.3595,37.9654
UNDER_MARKET,4,Amber,20015,CU2002,"Body Wash - Value, Bulk pallet 144",0.2142,87.75,275.27,Priced well under the market with margin to spare. A price rise here is the cheapest margin in the book.,Health & Beauty,Marketplace Seller,Riverside Trading Co,115.24,12.442,11.1515
UNDER_MARKET,4,Amber,20099,CU2063,"Copy Paper - Value, Bulk pallet 144",0.2311,91.9,274.07,Priced well under the market with margin to spare. A price rise here is the cheapest margin in the book.,Office & Stationery,Sub-Distributor,Stanley Table,109.99,12.6296,10.7815
COST_SPIKE,7,Green,20058,CU2037,"Cotton T-Shirt 5pk - Value, Case 12",0.1341,105.86,272.1,Input cost up more than ten points since the price was last set.,Apparel & Accessories,Marketplace Seller,Harbour Provisions,159.9,35.2445,30.4289
BELOW_FLOOR,2,Red,20178,CU2143,"Vitamin C Serum - Private label, Case 12",0.0799,81.09,267.72,"Pocket margin is under the floor. Reprice, or get the exception signed.",Health & Beauty,Sub-Distributor,Burrard Foods,81.2,14.2666,11.3351
UNDER_MARKET,4,Amber,20178,CU2143,"Vitamin C Serum - Private label, Case 12",0.0799,81.09,267.72,Priced well under the market with margin to spare. A price rise here is the cheapest margin in the book.,Health & Beauty,Sub-Distributor,Burrard Foods,81.2,14.2666,11.3351
UNDER_MARKET,4,Amber,20049,CU2010,"Adjustable Dumbbells - Value, Master carton 48",0.1051,90.49,267.38,Priced well under the market with margin to spare. A price rise here is the cheapest margin in the book.,Sporting Goods,Sub-Distributor,Coastal Table,98.47,45.4116,37.3953
STALE,6,Green,20049,CU2010,"Adjustable Dumbbells - Value, Master carton 48",0.1051,90.49,267.38,No price change in over a year while input costs moved. Review.,Sporting Goods,Sub-Distributor,Coastal Table,98.47,45.4116,37.3953
COST_SPIKE,7,Green,20049,CU2010,"Adjustable Dumbbells - Value, Master carton 48",0.1051,90.49,267.38,Input cost up more than ten points since the price was last set.,Sporting Goods,Sub-Distributor,Coastal Table,98.47,45.4116,37.3953
UNDER_MARKET,4,Amber,20209,CU2129,"USB-C Charger - National brand, Bulk pallet 144",0.3667,91.62,265.07,Priced well under the market with margin to spare. A price rise here is the cheapest margin in the book.,Consumer Electronics,Regional Retail Chain,Okanagan Foods,16.57,47.3384,43.6213
LEAKAGE,3,Amber,20025,CU2022,"Multivitamin - National brand, Bulk pallet 144",0.1166,101.23,262.52,More than a quarter of list never reaches us. The off-invoice deductions are where to look first.,Health & Beauty,Regional Retail Chain,Summit Supply,254.67,25.7229,19.1627
OVER_MARKET,5,Amber,20045,CU2089,"Winter Gloves - Value, Inner pack 6",0.3419,119.04,251.96,Priced well over the market. Volume is exposed unless the premium is one the customer can name.,Apparel & Accessories,Marketplace Seller,Granville Market,17.93,43.9034,41.1014
OVER_MARKET,5,Amber,20113,CU2126,"Electric Toothbrush - National brand, Case 24",0.1967,137.98,251.61,Priced well over the market. Volume is exposed unless the premium is one the customer can name.,Health & Beauty,Marketplace Seller,Sunshine Foods,54.63,27.0835,23.418
UNDER_MARKET,4,Amber,20209,CU2007,"USB-C Charger - National brand, Bulk pallet 144",0.377,91.62,250.8,Priced well under the market with margin to spare. A price rise here is the cheapest margin in the book.,Consumer Electronics,Sub-Distributor,Juniper Kitchen Group,15.0,47.3384,44.3443
BELOW_FLOOR,2,Red,20163,CU2080,"Storage Bins - Value, Bulk pallet 144",0.0006,103.57,250.75,"Pocket margin is under the floor. Reprice, or get the exception signed.",Home & Kitchen,Government & Education,Cedar Catering,125.68,12.9619,10.3141
LOSS,1,Red,20026,CU2023,"Copy Paper - National brand, Inner pack 6",-0.0278,,250.36,Selling below cost once every deduction is counted. Stop quoting this combination until the cost or the deductions change.,Office & Stationery,E-commerce Pure-Play,Summit Provisions,115.26,12.7349,9.4678
LEAKAGE,3,Amber,20026,CU2023,"Copy Paper - National brand, Inner pack 6",-0.0278,,250.36,More than a quarter of list never reaches us. The off-invoice deductions are where to look first.,Office & Stationery,E-commerce Pure-Play,Summit Provisions,115.26,12.7349,9.4678
UNDER_MARKET,4,Amber,20157,CU2079,"LED Floor Lamp - Premium brand, Case 12",0.2609,90.08,249.76,Priced well under the market with margin to spare. A price rise here is the cheapest margin in the book.,Home & Kitchen,Marketplace Seller,Harbour Fine Foods,52.95,20.666,18.0784
COST_SPIKE,7,Green,20157,CU2079,"LED Floor Lamp - Premium brand, Case 12",0.2609,90.08,249.76,Input cost up more than ten points since the price was last set.,Home & Kitchen,Marketplace Seller,Harbour Fine Foods,52.95,20.666,18.0784
UNDER_MARKET,4,Amber,20155,CU2050,"Camping Tent - Private label, Case 24",0.3264,85.12,248.35,Priced well under the market with margin to spare. A price rise here is the cheapest margin in the book.,Sporting Goods,Marketplace Seller,Cedar Butchery,223.3,61.0672,47.4545
UNDER_MARKET,4,Amber,20128,CU2032,"Adjustable Dumbbells - Private label, Each",0.3665,83.7,247.2,Priced well under the market with margin to spare. A price rise here is the cheapest margin in the book.,Sporting Goods,Sub-Distributor,Mount Foods,36.77,21.2655,18.3451
LOSS,1,Red,20159,CU2126,"Gel Pens - Private label, Inner pack 6",-0.0107,111.94,247.08,Selling below cost once every deduction is counted. Stop quoting this combination until the cost or the deductions change.,Office & Stationery,Marketplace Seller,Sunshine Foods,70.09,12.4073,10.4692
STALE,6,Green,20159,CU2126,"Gel Pens - Private label, Inner pack 6",-0.0107,111.94,247.08,No price change in over a year while input costs moved. Review.,Office & Stationery,Marketplace Seller,Sunshine Foods,70.09,12.4073,10.4692
COST_SPIKE,7,Green,20159,CU2126,"Gel Pens - Private label, Inner pack 6",-0.0107,111.94,247.08,Input cost up more than ten points since the price was last set.,Office & Stationery,Marketplace Seller,Sunshine Foods,70.09,12.4073,10.4692
BELOW_FLOOR,2,Red,20217,CU2098,"Work Gloves - National brand, Each",0.0977,114.07,246.86,"Pocket margin is under the floor. Reprice, or get the exception signed.",Tools & Hardware,Subscription Box Operator,Fraser Catering,146.7,21.1726,17.2312
STALE,6,Green,20195,CU2018,"Hair Dryer - Value, Inner pack 6",0.1898,92.36,246.23,No price change in over a year while input costs moved. Review.,Health & Beauty,Independent Retailer,Chilcotin Hospitality,109.15,13.1347,11.8881
COST_SPIKE,7,Green,20195,CU2018,"Hair Dryer - Value, Inner pack 6",0.1898,92.36,246.23,Input cost up more than ten points since the price was last set.,Health & Beauty,Independent Retailer,Chilcotin Hospitality,109.15,13.1347,11.8881
UNDER_MARKET,4,Amber,20015,CU2018,"Body Wash - Value, Bulk pallet 144",0.2282,87.75,245.01,Priced well under the market with margin to spare. A price rise here is the cheapest margin in the book.,Health & Beauty,Independent Retailer,Chilcotin Hospitality,94.56,12.442,11.3539
UNDER_MARKET,4,Amber,20046,CU2097,"Cycling Helmet - Private label, Each",0.2749,86.51,242.24,Priced well under the market with margin to spare. A price rise here is the cheapest margin in the book.,Sporting Goods,Subscription Box Operator,Summit Butchery,72.01,66.858,60.3169
UNDER_MARKET,4,Amber,20209,CU2041,"USB-C Charger - National brand, Bulk pallet 144",0.3683,91.62,241.61,Priced well under the market with margin to spare. A price rise here is the cheapest margin in the book.,Consumer Electronics,Sub-Distributor,Okanagan Butchery,15.0,47.3384,43.7322
BELOW_FLOOR,2,Red,20037,CU2082,"Webcam - Value, Each",0.0238,116.39,241.03,"Pocket margin is under the floor. Reprice, or get the exception signed.",Consumer Electronics,E-commerce Pure-Play,Harbour Butchery,60.5,36.8428,30.0314
OVER_MARKET,5,Amber,20102,CU2099,"Body Wash - Private label, Inner pack 6",0.3876,127.78,239.72,Priced well over the market. Volume is exposed unless the premium is one the customer can name.,Health & Beauty,E-commerce Pure-Play,Cedar Provisions,51.21,15.0766,12.0776
BELOW_FLOOR,2,Red,20218,CU2077,"Desk Organiser - Private label, Case 12",0.241,99.11,239.25,"Pocket margin is under the floor. Reprice, or get the exception signed.",Office & Stationery,Corporate & B2B Buyer,Burrard Public House,160.51,16.6363,13.4542
BELOW_FLOOR,2,Red,20127,CU2074,"Wireless Earbuds - Premium brand, Case 12",0.1623,86.43,238.92,"Pocket margin is under the floor. Reprice, or get the exception signed.",Consumer Electronics,Corporate & B2B Buyer,Burrard Provisions,89.9,27.1607,24.5258
UNDER_MARKET,4,Amber,20127,CU2074,"Wireless Earbuds - Premium brand, Case 12",0.1623,86.43,238.92,Priced well under the market with margin to spare. A price rise here is the cheapest margin in the book.,Consumer Electronics,Corporate & B2B Buyer,Burrard Provisions,89.9,27.1607,24.5258
LOSS,1,Red,20146,CU2043,"Sunscreen SPF50 - Value, Case 24",-0.0094,88.95,234.59,Selling below cost once every deduction is counted. Stop quoting this combination until the cost or the deductions change.,Health & Beauty,Government & Education,Kootenay Hospitality,264.44,6.4069,4.9624
UNDER_MARKET,4,Amber,20146,CU2043,"Sunscreen SPF50 - Value, Case 24",-0.0094,88.95,234.59,Priced well under the market with margin to spare. A price rise here is the cheapest margin in the book.,Health & Beauty,Government & Education,Kootenay Hospitality,264.44,6.4069,4.9624
BELOW_FLOOR,2,Red,20019,CU2143,"Gel Pens - Private label, Master carton 48",0.1842,95.29,233.87,"Pocket margin is under the floor. Reprice, or get the exception signed.",Office & Stationery,Sub-Distributor,Burrard Foods,217.45,9.7389,7.4433
UNDER_MARKET,4,Amber,20223,CU2118,"Adjustable Dumbbells - National brand, Each",0.2511,87.59,233.23,Priced well under the market with margin to spare. A price rise here is the cheapest margin in the book.,Sporting Goods,Regional Retail Chain,Marine Bistro,26.54,37.4455,34.9926
STALE,6,Green,20223,CU2118,"Adjustable Dumbbells - National brand, Each",0.2511,87.59,233.23,No price change in over a year while input costs moved. Review.,Sporting Goods,Regional Retail Chain,Marine Bistro,26.54,37.4455,34.9926
COST_SPIKE,7,Green,20105,CU2074,"Filing Boxes - Premium brand, Master carton 48",0.2018,113.09,231.85,Input cost up more than ten points since the price was last set.,Office & Stationery,Corporate & B2B Buyer,Burrard Provisions,175.75,20.3704,16.6669
LOSS,1,Red,20146,CU2148,"Sunscreen SPF50 - Value, Case 24",-0.0017,88.95,231.81,Selling below cost once every deduction is counted. Stop quoting this combination until the cost or the deductions change.,Health & Beauty,Regional Retail Chain,Salish Kitchen Group,270.94,6.4069,5.0004
UNDER_MARKET,4,Amber,20146,CU2148,"Sunscreen SPF50 - Value, Case 24",-0.0017,88.95,231.81,Priced well under the market with margin to spare. A price rise here is the cheapest margin in the book.,Health & Beauty,Regional Retail Chain,Salish Kitchen Group,270.94,6.4069,5.0004
BELOW_FLOOR,2,Red,20008,CU2121,"Electric Toothbrush - Value, Case 24",0.0669,104.58,229.47,"Pocket margin is under the floor. Reprice, or get the exception signed.",Health & Beauty,Corporate & B2B Buyer,Riverside Table,138.18,21.2885,15.995
BELOW_FLOOR,2,Red,20203,CU2135,"Air Fryer - Private label, Master carton 48",0.2371,86.79,229.37,"Pocket margin is under the floor. Reprice, or get the exception signed.",Home & Kitchen,Sub-Distributor,Okanagan Table,108.63,22.6914,18.0406
UNDER_MARKET,4,Amber,20203,CU2135,"Air Fryer - Private label, Master carton 48",0.2371,86.79,229.37,Priced well under the market with margin to spare. A price rise here is the cheapest margin in the book.,Home & Kitchen,Sub-Distributor,Okanagan Table,108.63,22.6914,18.0406
BELOW_FLOOR,2,Red,20153,CU2049,"Body Wash - National brand, Each",0.0665,117.81,228.79,"Pocket margin is under the floor. Reprice, or get the exception signed.",Health & Beauty,Independent Retailer,Mount Market,91.27,23.254,20.7823
UNDER_MARKET,4,Amber,20162,CU2132,"Electric Toothbrush - National brand, Case 12",0.5351,70.54,227.97,Priced well under the market with margin to spare. A price rise here is the cheapest margin in the book.,Health & Beauty,Subscription Box Operator,Salish Provisions,15.0,31.47,28.4028
UNDER_MARKET,4,Amber,20162,CU2133,"Electric Toothbrush - National brand, Case 12",0.5347,70.54,227.62,Priced well under the market with margin to spare. A price rise here is the cheapest margin in the book.,Health & Beauty,Marketplace Seller,Okanagan Bistro,15.0,31.47,28.3795
UNDER_MARKET,4,Amber,20015,CU2006,"Body Wash - Value, Bulk pallet 144",0.1129,87.75,227.6,Priced well under the market with margin to spare. A price rise here is the cheapest margin in the book.,Health & Beauty,Independent Retailer,Coastal Larder,474.72,12.442,9.8776
BELOW_FLOOR,2,Red,20143,CU2106,"Copy Paper - Private label, Each",0.1421,,227.58,"Pocket margin is under the floor. Reprice, or get the exception signed.",Office & Stationery,Sub-Distributor,Fraser Kitchen Group,84.17,15.5267,13.9192
STALE,6,Green,20143,CU2106,"Copy Paper - Private label, Each",0.1421,,227.58,No price change in over a year while input costs moved. Review.,Office & Stationery,Sub-Distributor,Fraser Kitchen Group,84.17,15.5267,13.9192
UNDER_MARKET,4,Amber,20211,CU2047,"Cat Litter - Premium brand, Each",0.1701,75.64,226.85,Priced well under the market with margin to spare. A price rise here is the cheapest margin in the book.,Pet Supplies,Corporate & B2B Buyer,Kitsilano Kitchen Group,97.89,28.694,26.2185
COST_SPIKE,7,Green,20211,CU2047,"Cat Litter - Premium brand, Each",0.1701,75.64,226.85,Input cost up more than ten points since the price was last set.,Pet Supplies,Corporate & B2B Buyer,Kitsilano Kitchen Group,97.89,28.694,26.2185
LOSS,1,Red,20011,CU2072,"Cordless Drill - Value, Case 24",-0.057,88.29,226.4,Selling below cost once every deduction is counted. Stop quoting this combination until the cost or the deductions change.,Tools & Hardware,Marketplace Seller,Chilcotin Public House,70.71,21.2674,15.171
LEAKAGE,3,Amber,20011,CU2072,"Cordless Drill - Value, Case 24",-0.057,88.29,226.4,More than a quarter of list never reaches us. The off-invoice deductions are where to look first.,Tools & Hardware,Marketplace Seller,Chilcotin Public House,70.71,21.2674,15.171
UNDER_MARKET,4,Amber,20011,CU2072,"Cordless Drill - Value, Case 24",-0.057,88.29,226.4,Priced well under the market with margin to spare. A price rise here is the cheapest margin in the book.,Tools & Hardware,Marketplace Seller,Chilcotin Public House,70.71,21.2674,15.171
UNDER_MARKET,4,Amber,20209,CU2055,"USB-C Charger - National brand, Bulk pallet 144",0.3499,91.62,225.67,Priced well under the market with margin to spare. A price rise here is the cheapest margin in the book.,Consumer Electronics,Marketplace Seller,Riverside Foods,15.18,47.3384,42.4906
OVER_MARKET,5,Amber,20180,CU2124,"Toner Cartridge - National brand, Inner pack 6",0.1504,118.85,222.04,Priced well over the market. Volume is exposed unless the premium is one the customer can name.,Office & Stationery,Marketplace Seller,Mount Fine Foods,449.78,16.9009,14.3461
BELOW_FLOOR,2,Red,20026,CU2143,"Copy Paper - National brand, Inner pack 6",0.0377,,220.76,"Pocket margin is under the floor. Reprice, or get the exception signed.",Office & Stationery,Sub-Distributor,Burrard Foods,133.18,12.7349,10.1122
UNDER_MARKET,4,Amber,20099,CU2081,"Copy Paper - Value, Bulk pallet 144",0.242,91.9,219.35,Priced well under the market with margin to spare. A price rise here is the cheapest margin in the book.,Office & Stationery,Regional Retail Chain,Kootenay Public House,82.9,12.6296,10.9356
UNDER_MARKET,4,Amber,20216,CU2006,"Laptop Sleeve - National brand, Each",0.1405,90.1,218.13,Priced well under the market with margin to spare. A price rise here is the cheapest margin in the book.,Apparel & Accessories,Independent Retailer,Coastal Larder,183.99,23.0477,18.6061
LOSS,1,Red,20065,CU2059,"LED Floor Lamp - National brand, Case 24",-0.0374,,216.69,Selling below cost once every deduction is counted. Stop quoting this combination until the cost or the deductions change.,Home & Kitchen,Independent Retailer,Granville Bistro,51.37,22.0464,18.4313
STALE,6,Green,20177,CU2108,"Gel Pens - Premium brand, Bulk pallet 144",0.2013,94.63,216.03,No price change in over a year while input costs moved. Review.,Office & Stationery,Sub-Distributor,Okanagan Market,189.47,20.0495,16.7498
COST_SPIKE,7,Green,20177,CU2108,"Gel Pens - Premium brand, Bulk pallet 144",0.2013,94.63,216.03,Input cost up more than ten points since the price was last set.,Office & Stationery,Sub-Distributor,Okanagan Market,189.47,20.0495,16.7498
OVER_MARKET,5,Amber,20113,CU2076,"Electric Toothbrush - National brand, Case 24",0.2449,137.98,212.59,Priced well over the market. Volume is exposed unless the premium is one the customer can name.,Health & Beauty,Government & Education,Mount Grill House,34.85,27.0835,24.9123
BELOW_FLOOR,2,Red,20190,CU2064,"Aquarium Filter - Value, Inner pack 6",0.0122,100.32,212.43,"Pocket margin is under the floor. Reprice, or get the exception signed.",Pet Supplies,Independent Retailer,Cedar Trading Co,124.27,13.2305,9.8513
LEAKAGE,3,Amber,20190,CU2064,"Aquarium Filter - Value, Inner pack 6",0.0122,100.32,212.43,More than a quarter of list never reaches us. The off-invoice deductions are where to look first.,Pet Supplies,Independent Retailer,Cedar Trading Co,124.27,13.2305,9.8513
BELOW_FLOOR,2,Red,20178,CU2111,"Vitamin C Serum - Private label, Case 12",0.2029,81.09,212.2,"Pocket margin is under the floor. Reprice, or get the exception signed.",Health & Beauty,Independent Retailer,Kitsilano Fine Foods,96.59,14.2666,13.0836
UNDER_MARKET,4,Amber,20178,CU2111,"Vitamin C Serum - Private label, Case 12",0.2029,81.09,212.2,Priced well under the market with margin to spare. A price rise here is the cheapest margin in the book.,Health & Beauty,Independent Retailer,Kitsilano Fine Foods,96.59,14.2666,13.0836
OVER_MARKET,5,Amber,20039,CU2018,"Pet Bed - National brand, Each",0.3248,127.06,210.87,Priced well over the market. Volume is exposed unless the premium is one the customer can name.,Pet Supplies,Independent Retailer,Chilcotin Hospitality,19.6,35.6462,33.1286
UNDER_MARKET,4,Amber,20193,CU2147,"Chew Toy Pack - Premium brand, Master carton 48",0.2723,81.41,208.74,Priced well under the market with margin to spare. A price rise here is the cheapest margin in the book.,Pet Supplies,Marketplace Seller,Cedar Hospitality,15.0,53.1382,51.0969
COST_SPIKE,7,Green,20193,CU2147,"Chew Toy Pack - Premium brand, Master carton 48",0.2723,81.41,208.74,Input cost up more than ten points since the price was last set.,Pet Supplies,Marketplace Seller,Cedar Hospitality,15.0,53.1382,51.0969
BELOW_FLOOR,2,Red,20022,CU2137,"Tool Chest - Value, Bulk pallet 144",0.0481,121.76,207.92,"Pocket margin is under the floor. Reprice, or get the exception signed.",Tools & Hardware,E-commerce Pure-Play,Juniper Fine Foods,41.35,46.3595,39.4764
OVER_MARKET,5,Amber,20022,CU2137,"Tool Chest - Value, Bulk pallet 144",0.0481,121.76,207.92,Priced well over the market. Volume is exposed unless the premium is one the customer can name.,Tools & Hardware,E-commerce Pure-Play,Juniper Fine Foods,41.35,46.3595,39.4764
UNDER_MARKET,4,Amber,20119,CU2129,"Hair Dryer - National brand, Bulk pallet 144",0.4204,89.81,205.92,Priced well under the market with margin to spare. A price rise here is the cheapest margin in the book.,Health & Beauty,Regional Retail Chain,Okanagan Foods,33.56,16.7232,14.5938
BELOW_FLOOR,2,Red,20146,CU2076,"Sunscreen SPF50 - Value, Case 24",0.0714,88.95,203.12,"Pocket margin is under the floor. Reprice, or get the exception signed.",Health & Beauty,Government & Education,Mount Grill House,384.22,6.4069,5.394
UNDER_MARKET,4,Amber,20146,CU2076,"Sunscreen SPF50 - Value, Case 24",0.0714,88.95,203.12,Priced well under the market with margin to spare. A price rise here is the cheapest margin in the book.,Health & Beauty,Government & Education,Mount Grill House,384.22,6.4069,5.394
OVER_MARKET,5,Amber,20180,CU2034,"Toner Cartridge - National brand, Inner pack 6",0.2112,118.85,199.5,Priced well over the market. Volume is exposed unless the premium is one the customer can name.,Office & Stationery,Marketplace Seller,Harbour Foods,61.14,16.9009,15.4516
UNDER_MARKET,4,Amber,20223,CU2085,"Adjustable Dumbbells - National brand, Each",0.2193,87.59,199.0,Priced well under the market with margin to spare. A price rise here is the cheapest margin in the book.,Sporting Goods,Government & Education,Chilcotin Fine Foods,27.03,37.4455,33.5672
STALE,6,Green,20223,CU2085,"Adjustable Dumbbells - National brand, Each",0.2193,87.59,199.0,No price change in over a year while input costs moved. Review.,Sporting Goods,Government & Education,Chilcotin Fine Foods,27.03,37.4455,33.5672
LEAKAGE,3,Amber,20186,CU2107,"Laser Measure - National brand, Case 24",0.1785,105.73,198.08,More than a quarter of list never reaches us. The off-invoice deductions are where to look first.,Tools & Hardware,E-commerce Pure-Play,Selkirk Bistro,357.94,56.6822,39.6907
BELOW_FLOOR,2,Red,20146,CU2041,"Sunscreen SPF50 - Value, Case 24",0.0762,88.95,197.42,"Pocket margin is under the floor. Reprice, or get the exception signed.",Health & Beauty,Sub-Distributor,Okanagan Butchery,390.83,6.4069,5.4223
UNDER_MARKET,4,Amber,20146,CU2041,"Sunscreen SPF50 - Value, Case 24",0.0762,88.95,197.42,Priced well under the market with margin to spare. A price rise here is the cheapest margin in the book.,Health & Beauty,Sub-Distributor,Okanagan Butchery,390.83,6.4069,5.4223
UNDER_MARKET,4,Amber,20001,CU2129,"Multivitamin - Private label, Case 12",0.2628,66.48,195.96,Priced well under the market with margin to spare. A price rise here is the cheapest margin in the book.,Health & Beauty,Regional Retail Chain,Okanagan Foods,145.11,19.9168,15.395
UNDER_MARKET,4,Amber,20209,CU2124,"USB-C Charger - National brand, Bulk pallet 144",0.3201,91.62,195.1,Priced well under the market with margin to spare. A price rise here is the cheapest margin in the book.,Consumer Electronics,Marketplace Seller,Mount Fine Foods,15.0,47.3384,40.631
UNDER_MARKET,4,Amber,20209,CU2005,"USB-C Charger - National brand, Bulk pallet 144",0.319,91.62,194.14,Priced well under the market with margin to spare. A price rise here is the cheapest margin in the book.,Consumer Electronics,Independent Retailer,Coastal Supply,15.0,47.3384,40.567
BELOW_FLOOR,2,Red,20058,CU2070,"Cotton T-Shirt 5pk - Value, Case 12",0.0871,105.86,192.11,"Pocket margin is under the floor. Reprice, or get the exception signed.",Apparel & Accessories,Marketplace Seller,Riverside Public House,64.71,35.2445,28.8646
COST_SPIKE,7,Green,20058,CU2070,"Cotton T-Shirt 5pk - Value, Case 12",0.0871,105.86,192.11,Input cost up more than ten points since the price was last set.,Apparel & Accessories,Marketplace Seller,Riverside Public House,64.71,35.2445,28.8646
UNDER_MARKET,4,Amber,20122,CU2036,"Body Wash - National brand, Bulk pallet 144",0.4453,77.59,191.39,Priced well under the market with margin to spare. A price rise here is the cheapest margin in the book.,Health & Beauty,Regional Retail Chain,Fraser Provisions,15.0,34.14,28.6511
BELOW_FLOOR,2,Red,20197,CU2070,"Copy Paper - National brand, Master carton 48",0.0765,75.35,191.31,"Pocket margin is under the floor. Reprice, or get the exception signed.",Office & Stationery,Marketplace Seller,Riverside Public House,123.03,20.965,14.9314
LEAKAGE,3,Amber,20197,CU2070,"Copy Paper - National brand, Master carton 48",0.0765,75.35,191.31,More than a quarter of list never reaches us. The off-invoice deductions are where to look first.,Office & Stationery,Marketplace Seller,Riverside Public House,123.03,20.965,14.9314
UNDER_MARKET,4,Amber,20197,CU2070,"Copy Paper - National brand, Master carton 48",0.0765,75.35,191.31,Priced well under the market with margin to spare. A price rise here is the cheapest margin in the book.,Office & Stationery,Marketplace Seller,Riverside Public House,123.03,20.965,14.9314
BELOW_FLOOR,2,Red,20019,CU2083,"Gel Pens - Private label, Master carton 48",0.2126,95.29,191.16,"Pocket margin is under the floor. Reprice, or get the exception signed.",Office & Stationery,Marketplace Seller,Granville Supply,213.55,9.7389,7.712
BELOW_FLOOR,2,Red,20105,CU2124,"Filing Boxes - Premium brand, Master carton 48",0.1612,113.09,190.98,"Pocket margin is under the floor. Reprice, or get the exception signed.",Office & Stationery,Marketplace Seller,Mount Fine Foods,100.51,20.3704,15.8589
COST_SPIKE,7,Green,20105,CU2124,"Filing Boxes - Premium brand, Master carton 48",0.1612,113.09,190.98,Input cost up more than ten points since the price was last set.,Office & Stationery,Marketplace Seller,Mount Fine Foods,100.51,20.3704,15.8589
UNDER_MARKET,4,Amber,20001,CU2112,"Multivitamin - Private label, Case 12",0.2638,66.48,189.15,Priced well under the market with margin to spare. A price rise here is the cheapest margin in the book.,Health & Beauty,Government & Education,Stanley Provisions,141.48,19.9168,15.4158
BELOW_FLOOR,2,Red,20019,CU2127,"Gel Pens - Private label, Master carton 48",0.1648,95.29,189.13,"Pocket margin is under the floor. Reprice, or get the exception signed.",Office & Stationery,Corporate & B2B Buyer,Sunshine Public House,158.72,9.7389,7.2704
LEAKAGE,3,Amber,20019,CU2127,"Gel Pens - Private label, Master carton 48",0.1648,95.29,189.13,More than a quarter of list never reaches us. The off-invoice deductions are where to look first.,Office & Stationery,Corporate & B2B Buyer,Sunshine Public House,158.72,9.7389,7.2704
BELOW_FLOOR,2,Red,20228,CU2115,"Bedding Set - National brand, Case 24",0.0754,,186.77,"Pocket margin is under the floor. Reprice, or get the exception signed.",Home & Kitchen,Sub-Distributor,Riverside Hospitality,35.06,42.9158,37.9803
OVER_MARKET,5,Amber,20102,CU2104,"Body Wash - Private label, Inner pack 6",0.444,127.78,184.07,Priced well over the market. Volume is exposed unless the premium is one the customer can name.,Health & Beauty,Corporate & B2B Buyer,Summit Table,31.17,15.0766,13.3018
UNDER_MARKET,4,Amber,20106,CU2099,"Blender - Value, Each",0.1773,84.62,183.03,Priced well under the market with margin to spare. A price rise here is the cheapest margin in the book.,Home & Kitchen,E-commerce Pure-Play,Cedar Provisions,69.45,18.4076,14.8669
UNDER_MARKET,4,Amber,20023,CU2120,"Adjustable Dumbbells - National brand, Bulk pallet 144",0.2688,85.07,180.83,Priced well under the market with margin to spare. A price rise here is the cheapest margin in the book.,Sporting Goods,Independent Retailer,Stanley Hospitality,24.19,29.6354,27.8051
BELOW_FLOOR,2,Red,20188,CU2125,"Multivitamin - National brand, Case 24",0.0402,103.27,180.35,"Pocket margin is under the floor. Reprice, or get the exception signed.",Health & Beauty,Marketplace Seller,Mount Bistro,80.57,22.8172,16.8321
LEAKAGE,3,Amber,20188,CU2125,"Multivitamin - National brand, Case 24",0.0402,103.27,180.35,More than a quarter of list never reaches us. The off-invoice deductions are where to look first.,Health & Beauty,Marketplace Seller,Mount Bistro,80.57,22.8172,16.8321
OVER_MARKET,5,Amber,20039,CU2098,"Pet Bed - National brand, Each",0.2479,127.06,178.98,Priced well over the market. Volume is exposed unless the premium is one the customer can name.,Pet Supplies,Subscription Box Operator,Fraser Catering,24.27,35.6462,29.7444
UNDER_MARKET,4,Amber,20223,CU2072,"Adjustable Dumbbells - National brand, Each",0.17,87.59,178.83,Priced well under the market with margin to spare. A price rise here is the cheapest margin in the book.,Sporting Goods,Marketplace Seller,Chilcotin Public House,188.07,37.4455,31.5715
STALE,6,Green,20223,CU2072,"Adjustable Dumbbells - National brand, Each",0.17,87.59,178.83,No price change in over a year while input costs moved. Review.,Sporting Goods,Marketplace Seller,Chilcotin Public House,188.07,37.4455,31.5715
LOSS,1,Red,20182,CU2091,"Camping Tent - Value, Case 12",-0.0158,143.46,177.78,Selling below cost once every deduction is counted. Stop quoting this combination until the cost or the deductions change.,Sporting Goods,Independent Retailer,Selkirk Catering,92.21,16.826,12.6886
OVER_MARKET,5,Amber,20182,CU2091,"Camping Tent - Value, Case 12",-0.0158,143.46,177.78,Priced well over the market. Volume is exposed unless the premium is one the customer can name.,Sporting Goods,Independent Retailer,Selkirk Catering,92.21,16.826,12.6886
UNDER_MARKET,4,Amber,20146,CU2136,"Sunscreen SPF50 - Value, Case 24",0.0867,88.95,177.54,Priced well under the market with margin to spare. A price rise here is the cheapest margin in the book.,Health & Beauty,Government & Education,Alder Table,391.59,6.4069,5.4846
OVER_MARKET,5,Amber,20102,CU2097,"Body Wash - Private label, Inner pack 6",0.4288,127.78,177.49,Priced well over the market. Volume is exposed unless the premium is one the customer can name.,Health & Beauty,Subscription Box Operator,Summit Butchery,31.97,15.0766,12.9482
UNDER_MARKET,4,Amber,20023,CU2091,"Adjustable Dumbbells - National brand, Bulk pallet 144",0.1465,85.07,177.35,Priced well under the market with margin to spare. A price rise here is the cheapest margin in the book.,Sporting Goods,Independent Retailer,Selkirk Catering,140.28,29.6354,23.82
BELOW_FLOOR,2,Red,20007,CU2104,"Pet Bed - Value, Inner pack 6",0.0242,103.91,173.97,"Pocket margin is under the floor. Reprice, or get the exception signed.",Pet Supplies,Corporate & B2B Buyer,Summit Table,78.03,21.7608,17.3781
UNDER_MARKET,4,Amber,20017,CU2105,"Webcam - National brand, Case 24",0.3984,88.58,173.72,Priced well under the market with margin to spare. A price rise here is the cheapest margin in the book.,Consumer Electronics,Marketplace Seller,Stanley Fine Foods,20.1,23.7358,21.6937
UNDER_MARKET,4,Amber,20094,CU2145,"Yoga Mat - National brand, Each",0.2294,79.25,173.37,Priced well under the market with margin to spare. A price rise here is the cheapest margin in the book.,Sporting Goods,Regional Retail Chain,Harbour Trading Co,16.52,49.8162,45.7429
STALE,6,Green,20094,CU2145,"Yoga Mat - National brand, Each",0.2294,79.25,173.37,No price change in over a year while input costs moved. Review.,Sporting Goods,Regional Retail Chain,Harbour Trading Co,16.52,49.8162,45.7429
COST_SPIKE,7,Green,20094,CU2145,"Yoga Mat - National brand, Each",0.2294,79.25,173.37,Input cost up more than ten points since the price was last set.,Sporting Goods,Regional Retail Chain,Harbour Trading Co,16.52,49.8162,45.7429
BELOW_FLOOR,2,Red,20146,CU2028,"Sunscreen SPF50 - Value, Case 24",0.0489,88.95,173.02,"Pocket margin is under the floor. Reprice, or get the exception signed.",Health & Beauty,Independent Retailer,Riverside Butchery,272.6,6.4069,5.2663
UNDER_MARKET,4,Amber,20146,CU2028,"Sunscreen SPF50 - Value, Case 24",0.0489,88.95,173.02,Priced well under the market with margin to spare. A price rise here is the cheapest margin in the book.,Health & Beauty,Independent Retailer,Riverside Butchery,272.6,6.4069,5.2663
BELOW_FLOOR,2,Red,20190,CU2095,"Aquarium Filter - Value, Inner pack 6",0.0747,100.32,172.67,"Pocket margin is under the floor. Reprice, or get the exception signed.",Pet Supplies,Sub-Distributor,Riverside Fine Foods,147.86,13.2305,10.5164
UNDER_MARKET,4,Amber,20216,CU2101,"Laptop Sleeve - National brand, Each",0.238,90.1,172.39,Priced well under the market with margin to spare. A price rise here is the cheapest margin in the book.,Apparel & Accessories,Independent Retailer,Marine Market,34.51,23.0477,20.9876
BELOW_FLOOR,2,Red,20015,CU2125,"Body Wash - Value, Bulk pallet 144",0.0132,87.75,171.61,"Pocket margin is under the floor. Reprice, or get the exception signed.",Health & Beauty,Marketplace Seller,Mount Bistro,130.38,12.442,8.8798
LEAKAGE,3,Amber,20015,CU2125,"Body Wash - Value, Bulk pallet 144",0.0132,87.75,171.61,More than a quarter of list never reaches us. The off-invoice deductions are where to look first.,Health & Beauty,Marketplace Seller,Mount Bistro,130.38,12.442,8.8798
UNDER_MARKET,4,Amber,20015,CU2125,"Body Wash - Value, Bulk pallet 144",0.0132,87.75,171.61,Priced well under the market with margin to spare. A price rise here is the cheapest margin in the book.,Health & Beauty,Marketplace Seller,Mount Bistro,130.38,12.442,8.8798
BELOW_FLOOR,2,Red,20049,CU2121,"Adjustable Dumbbells - Value, Master carton 48",0.0574,90.49,170.33,"Pocket margin is under the floor. Reprice, or get the exception signed.",Sporting Goods,Corporate & B2B Buyer,Riverside Table,39.87,45.4116,35.5021
UNDER_MARKET,4,Amber,20049,CU2121,"Adjustable Dumbbells - Value, Master carton 48",0.0574,90.49,170.33,Priced well under the market with margin to spare. A price rise here is the cheapest margin in the book.,Sporting Goods,Corporate & B2B Buyer,Riverside Table,39.87,45.4116,35.5021
STALE,6,Green,20049,CU2121,"Adjustable Dumbbells - Value, Master carton 48",0.0574,90.49,170.33,No price change in over a year while input costs moved. Review.,Sporting Goods,Corporate & B2B Buyer,Riverside Table,39.87,45.4116,35.5021
COST_SPIKE,7,Green,20049,CU2121,"Adjustable Dumbbells - Value, Master carton 48",0.0574,90.49,170.33,Input cost up more than ten points since the price was last set.,Sporting Goods,Corporate & B2B Buyer,Riverside Table,39.87,45.4116,35.5021
BELOW_FLOOR,2,Red,20032,CU2023,"Safety Glasses - National brand, Master carton 48",0.0714,87.44,169.27,"Pocket margin is under the floor. Reprice, or get the exception signed.",Tools & Hardware,E-commerce Pure-Play,Summit Provisions,95.75,18.1412,13.9402
UNDER_MARKET,4,Amber,20032,CU2023,"Safety Glasses - National brand, Master carton 48",0.0714,87.44,169.27,Priced well under the market with margin to spare. A price rise here is the cheapest margin in the book.,Tools & Hardware,E-commerce Pure-Play,Summit Provisions,95.75,18.1412,13.9402
UNDER_MARKET,4,Amber,20119,CU2097,"Hair Dryer - National brand, Bulk pallet 144",0.4224,89.81,168.95,Priced well under the market with margin to spare. A price rise here is the cheapest margin in the book.,Health & Beauty,Subscription Box Operator,Summit Butchery,27.32,16.7232,14.6421
BELOW_FLOOR,2,Red,20007,CU2144,"Pet Bed - Value, Inner pack 6",0.0167,103.91,168.4,"Pocket margin is under the floor. Reprice, or get the exception signed.",Pet Supplies,Marketplace Seller,Coastal Fine Foods,71.9,21.7608,17.2453
UNDER_MARKET,4,Amber,20099,CU2058,"Copy Paper - Value, Bulk pallet 144",0.2643,91.9,166.72,Priced well under the market with margin to spare. A price rise here is the cheapest margin in the book.,Office & Stationery,Corporate & B2B Buyer,Selkirk Trading Co,55.99,12.6296,11.2673
UNDER_MARKET,4,Amber,20128,CU2048,"Adjustable Dumbbells - Private label, Each",0.3773,83.7,166.54,Priced well under the market with margin to spare. A price rise here is the cheapest margin in the book.,Sporting Goods,E-commerce Pure-Play,Coastal Butchery,23.65,21.2655,18.664
LOSS,1,Red,20159,CU2121,"Gel Pens - Private label, Inner pack 6",-0.2044,111.94,165.62,Selling below cost once every deduction is counted. Stop quoting this combination until the cost or the deductions change.,Office & Stationery,Corporate & B2B Buyer,Riverside Table,35.54,12.4073,8.7854
LEAKAGE,3,Amber,20159,CU2121,"Gel Pens - Private label, Inner pack 6",-0.2044,111.94,165.62,More than a quarter of list never reaches us. The off-invoice deductions are where to look first.,Office & Stationery,Corporate & B2B Buyer,Riverside Table,35.54,12.4073,8.7854
STALE,6,Green,20159,CU2121,"Gel Pens - Private label, Inner pack 6",-0.2044,111.94,165.62,No price change in over a year while input costs moved. Review.,Office & Stationery,Corporate & B2B Buyer,Riverside Table,35.54,12.4073,8.7854
COST_SPIKE,7,Green,20159,CU2121,"Gel Pens - Private label, Inner pack 6",-0.2044,111.94,165.62,Input cost up more than ten points since the price was last set.,Office & Stationery,Corporate & B2B Buyer,Riverside Table,35.54,12.4073,8.7854
BELOW_FLOOR,2,Red,20221,CU2078,"Cat Litter - Private label, Bulk pallet 144",0.1053,116.15,163.52,"Pocket margin is under the floor. Reprice, or get the exception signed.",Pet Supplies,E-commerce Pure-Play,Juniper Market,62.18,11.5309,10.4525
BELOW_FLOOR,2,Red,20153,CU2042,"Body Wash - National brand, Each",0.0763,117.81,163.02,"Pocket margin is under the floor. Reprice, or get the exception signed.",Health & Beauty,Corporate & B2B Buyer,Okanagan Provisions,70.07,23.254,21.0041
LOSS,1,Red,20145,CU2059,"Aquarium Filter - National brand, Master carton 48",-0.0058,88.96,162.85,Selling below cost once every deduction is counted. Stop quoting this combination until the cost or the deductions change.,Pet Supplies,Independent Retailer,Granville Bistro,60.19,17.0546,14.1034
UNDER_MARKET,4,Amber,20145,CU2059,"Aquarium Filter - National brand, Master carton 48",-0.0058,88.96,162.85,Priced well under the market with margin to spare. A price rise here is the cheapest margin in the book.,Pet Supplies,Independent Retailer,Granville Bistro,60.19,17.0546,14.1034
UNDER_MARKET,4,Amber,20078,CU2113,"Filing Boxes - Value, Inner pack 6",0.1981,90.35,162.41,Priced well under the market with margin to spare. A price rise here is the cheapest margin in the book.,Office & Stationery,Independent Retailer,Coastal Hospitality,73.61,14.0661,11.1399
UNDER_MARKET,4,Amber,20051,CU2144,"Grooming Kit - National brand, Case 12",0.1643,90.0,159.32,Priced well under the market with margin to spare. A price rise here is the cheapest margin in the book.,Pet Supplies,Marketplace Seller,Coastal Fine Foods,236.61,22.0294,19.6762
UNDER_MARKET,4,Amber,20049,CU2045,"Adjustable Dumbbells - Value, Master carton 48",0.186,90.49,157.51,Priced well under the market with margin to spare. A price rise here is the cheapest margin in the book.,Sporting Goods,Subscription Box Operator,Sunshine Butchery,20.6,45.4116,41.1114
STALE,6,Green,20049,CU2045,"Adjustable Dumbbells - Value, Master carton 48",0.186,90.49,157.51,No price change in over a year while input costs moved. Review.,Sporting Goods,Subscription Box Operator,Sunshine Butchery,20.6,45.4116,41.1114
COST_SPIKE,7,Green,20049,CU2045,"Adjustable Dumbbells - Value, Master carton 48",0.186,90.49,157.51,Input cost up more than ten points since the price was last set.,Sporting Goods,Subscription Box Operator,Sunshine Butchery,20.6,45.4116,41.1114
BELOW_FLOOR,2,Red,20026,CU2030,"Copy Paper - National brand, Inner pack 6",0.0624,,156.64,"Pocket margin is under the floor. Reprice, or get the exception signed.",Office & Stationery,Independent Retailer,Mount Catering,108.45,12.7349,10.3793
UNDER_MARKET,4,Amber,20104,CU2040,"Bedding Set - National brand, Inner pack 6",0.1449,88.66,155.77,Priced well under the market with margin to spare. A price rise here is the cheapest margin in the book.,Home & Kitchen,Independent Retailer,Alder Market,50.62,74.8776,67.2892
OVER_MARKET,5,Amber,20039,CU2136,"Pet Bed - National brand, Each",0.3151,127.06,154.4,Priced well over the market. Volume is exposed unless the premium is one the customer can name.,Pet Supplies,Government & Education,Alder Table,15.0,35.6462,32.6629
BELOW_FLOOR,2,Red,20105,CU2104,"Filing Boxes - Premium brand, Master carton 48",0.1627,113.09,151.7,"Pocket margin is under the floor. Reprice, or get the exception signed.",Office & Stationery,Corporate & B2B Buyer,Summit Table,80.71,20.3704,15.8875
COST_SPIKE,7,Green,20105,CU2104,"Filing Boxes - Premium brand, Master carton 48",0.1627,113.09,151.7,Input cost up more than ten points since the price was last set.,Office & Stationery,Corporate & B2B Buyer,Summit Table,80.71,20.3704,15.8875
UNDER_MARKET,4,Amber,20119,CU2043,"Hair Dryer - National brand, Bulk pallet 144",0.3805,89.81,149.34,Priced well under the market with margin to spare. A price rise here is the cheapest margin in the book.,Health & Beauty,Government & Education,Kootenay Hospitality,28.75,16.7232,13.6523
UNDER_MARKET,4,Amber,20205,CU2077,"Bedding Set - Private label, Case 12",0.3376,87.7,148.99,Priced well under the market with margin to spare. A price rise here is the cheapest margin in the book.,Home & Kitchen,Corporate & B2B Buyer,Burrard Public House,740.49,35.6983,29.7378
BELOW_FLOOR,2,Red,20137,CU2127,"Toner Cartridge - National brand, Each",0.1114,,148.59,"Pocket margin is under the floor. Reprice, or get the exception signed.",Office & Stationery,Corporate & B2B Buyer,Sunshine Public House,111.32,18.6754,14.6529
OVER_MARKET,5,Amber,20039,CU2017,"Pet Bed - National brand, Each",0.3049,127.06,147.2,Priced well over the market. Volume is exposed unless the premium is one the customer can name.,Pet Supplies,Government & Education,Kootenay Larder,15.0,35.6462,32.1831
OVER_MARKET,5,Amber,20039,CU2025,"Pet Bed - National brand, Each",0.3039,127.06,146.51,Priced well over the market. Volume is exposed unless the premium is one the customer can name.,Pet Supplies,E-commerce Pure-Play,Fraser Larder,15.0,35.6462,32.137
LOSS,1,Red,20148,CU2018,"Gel Pens - Value, Case 24",-0.0041,124.07,142.24,Selling below cost once every deduction is counted. Stop quoting this combination until the cost or the deductions change.,Office & Stationery,Independent Retailer,Chilcotin Hospitality,207.12,4.6148,4.0529
OVER_MARKET,5,Amber,20148,CU2018,"Gel Pens - Value, Case 24",-0.0041,124.07,142.24,Priced well over the market. Volume is exposed unless the premium is one the customer can name.,Office & Stationery,Independent Retailer,Chilcotin Hospitality,207.12,4.6148,4.0529
OVER_MARKET,5,Amber,20039,CU2142,"Pet Bed - National brand, Each",0.2844,127.06,142.13,Priced well over the market. Volume is exposed unless the premium is one the customer can name.,Pet Supplies,Marketplace Seller,Mount Public House,15.99,35.6462,31.2585
LOSS,1,Red,20026,CU2127,"Copy Paper - National brand, Inner pack 6",-0.0171,,141.55,Selling below cost once every deduction is counted. Stop quoting this combination until the cost or the deductions change.,Office & Stationery,Corporate & B2B Buyer,Sunshine Public House,67.64,12.7349,9.5673
UNDER_MARKET,4,Amber,20128,CU2064,"Adjustable Dumbbells - Private label, Each",0.3621,83.7,141.46,Priced well under the market with margin to spare. A price rise here is the cheapest margin in the book.,Sporting Goods,Independent Retailer,Cedar Trading Co,21.44,21.2655,18.22
BELOW_FLOOR,2,Red,20193,CU2096,"Chew Toy Pack - Premium brand, Master carton 48",0.1409,81.41,141.0,"Pocket margin is under the floor. Reprice, or get the exception signed.",Pet Supplies,Marketplace Seller,Riverside Market,25.27,53.1382,43.2777
UNDER_MARKET,4,Amber,20193,CU2096,"Chew Toy Pack - Premium brand, Master carton 48",0.1409,81.41,141.0,Priced well under the market with margin to spare. A price rise here is the cheapest margin in the book.,Pet Supplies,Marketplace Seller,Riverside Market,25.27,53.1382,43.2777
COST_SPIKE,7,Green,20193,CU2096,"Chew Toy Pack - Premium brand, Master carton 48",0.1409,81.41,141.0,Input cost up more than ten points since the price was last set.,Pet Supplies,Marketplace Seller,Riverside Market,25.27,53.1382,43.2777
LEAKAGE,3,Amber,20136,CU2050,"Vitamin C Serum - Value, Case 24",0.09,94.13,140.99,More than a quarter of list never reaches us. The off-invoice deductions are where to look first.,Health & Beauty,Marketplace Seller,Cedar Butchery,142.72,15.5559,11.1951
BELOW_FLOOR,2,Red,20193,CU2143,"Chew Toy Pack - Premium brand, Master carton 48",0.1707,81.41,140.26,"Pocket margin is under the floor. Reprice, or get the exception signed.",Pet Supplies,Sub-Distributor,Burrard Foods,31.58,53.1382,44.8366
UNDER_MARKET,4,Amber,20193,CU2143,"Chew Toy Pack - Premium brand, Master carton 48",0.1707,81.41,140.26,Priced well under the market with margin to spare. A price rise here is the cheapest margin in the book.,Pet Supplies,Sub-Distributor,Burrard Foods,31.58,53.1382,44.8366
COST_SPIKE,7,Green,20193,CU2143,"Chew Toy Pack - Premium brand, Master carton 48",0.1707,81.41,140.26,Input cost up more than ten points since the price was last set.,Pet Supplies,Sub-Distributor,Burrard Foods,31.58,53.1382,44.8366
UNDER_MARKET,4,Amber,20046,CU2068,"Cycling Helmet - Private label, Each",0.2975,86.51,140.12,Priced well under the market with margin to spare. A price rise here is the cheapest margin in the book.,Sporting Goods,E-commerce Pure-Play,Burrard Trading Co,67.81,66.858,62.2557
OVER_MARKET,5,Amber,20180,CU2108,"Toner Cartridge - National brand, Inner pack 6",0.1494,118.85,139.46,Priced well over the market. Volume is exposed unless the premium is one the customer can name.,Office & Stationery,Sub-Distributor,Okanagan Market,274.78,16.9009,14.3291
BELOW_FLOOR,2,Red,20211,CU2109,"Cat Litter - Premium brand, Each",0.1376,75.64,138.0,"Pocket margin is under the floor. Reprice, or get the exception signed.",Pet Supplies,Subscription Box Operator,Kootenay Trading Co,45.24,28.694,25.23
UNDER_MARKET,4,Amber,20211,CU2109,"Cat Litter - Premium brand, Each",0.1376,75.64,138.0,Priced well under the market with margin to spare. A price rise here is the cheapest margin in the book.,Pet Supplies,Subscription Box Operator,Kootenay Trading Co,45.24,28.694,25.23
COST_SPIKE,7,Green,20211,CU2109,"Cat Litter - Premium brand, Each",0.1376,75.64,138.0,Input cost up more than ten points since the price was last set.,Pet Supplies,Subscription Box Operator,Kootenay Trading Co,45.24,28.694,25.23
BELOW_FLOOR,2,Red,20127,CU2048,"Wireless Earbuds - Premium brand, Case 12",0.159,86.43,137.95,"Pocket margin is under the floor. Reprice, or get the exception signed.",Consumer Electronics,E-commerce Pure-Play,Coastal Butchery,50.54,27.1607,24.4272
UNDER_MARKET,4,Amber,20127,CU2048,"Wireless Earbuds - Premium brand, Case 12",0.159,86.43,137.95,Priced well under the market with margin to spare. A price rise here is the cheapest margin in the book.,Consumer Electronics,E-commerce Pure-Play,Coastal Butchery,50.54,27.1607,24.4272
BELOW_FLOOR,2,Red,20042,CU2080,"Sunscreen SPF50 - Private label, Case 12",0.1938,106.42,136.65,"Pocket margin is under the floor. Reprice, or get the exception signed.",Health & Beauty,Government & Education,Cedar Catering,78.81,14.9032,12.098
UNDER_MARKET,4,Amber,20119,CU2005,"Hair Dryer - National brand, Bulk pallet 144",0.3647,89.81,136.51,Priced well under the market with margin to spare. A price rise here is the cheapest margin in the book.,Health & Beauty,Independent Retailer,Coastal Supply,28.11,16.7232,13.3142
BELOW_FLOOR,2,Red,20196,CU2015,"Resistance Bands - Value, Each",0.0286,,135.5,"Pocket margin is under the floor. Reprice, or get the exception signed.",Sporting Goods,Corporate & B2B Buyer,Alder Hospitality,39.87,34.4166,29.6186
LOSS,1,Red,20133,CU2031,"Aquarium Filter - National brand, Case 24",-0.0757,,135.1,Selling below cost once every deduction is counted. Stop quoting this combination until the cost or the deductions change.,Pet Supplies,Corporate & B2B Buyer,Juniper Public House,40.41,14.1912,11.4824
BELOW_FLOOR,2,Red,20153,CU2035,"Body Wash - National brand, Each",0.0508,117.81,134.87,"Pocket margin is under the floor. Reprice, or get the exception signed.",Health & Beauty,Corporate & B2B Buyer,Salish Bistro,48.42,23.254,20.4395
OVER_MARKET,5,Amber,20180,CU2030,"Toner Cartridge - National brand, Inner pack 6",0.1257,118.85,133.48,Priced well over the market. Volume is exposed unless the premium is one the customer can name.,Office & Stationery,Independent Retailer,Mount Catering,161.9,16.9009,13.9403
UNDER_MARKET,4,Amber,20146,CU2003,"Sunscreen SPF50 - Value, Case 24",0.1134,88.95,133.37,Priced well under the market with margin to spare. A price rise here is the cheapest margin in the book.,Health & Beauty,Regional Retail Chain,Alder Butchery,421.72,6.4069,5.6497
BELOW_FLOOR,2,Red,20107,CU2124,"Laminator - National brand, Case 24",0.0664,91.26,131.83,"Pocket margin is under the floor. Reprice, or get the exception signed.",Office & Stationery,Marketplace Seller,Mount Fine Foods,96.55,13.8831,11.5135
UNDER_MARKET,4,Amber,20107,CU2124,"Laminator - National brand, Case 24",0.0664,91.26,131.83,Priced well under the market with margin to spare. A price rise here is the cheapest margin in the book.,Office & Stationery,Marketplace Seller,Mount Fine Foods,96.55,13.8831,11.5135
LOSS,1,Red,20111,CU2072,"Vacuum Sealer - Value, Bulk pallet 144",-0.0077,109.83,131.51,Selling below cost once every deduction is counted. Stop quoting this combination until the cost or the deductions change.,Home & Kitchen,Marketplace Seller,Chilcotin Public House,39.05,23.1789,19.1138
BELOW_FLOOR,2,Red,20044,CU2030,"Safety Boots - Value, Inner pack 6",0.0478,102.74,129.7,"Pocket margin is under the floor. Reprice, or get the exception signed.",Apparel & Accessories,Independent Retailer,Mount Catering,83.74,17.6406,14.3223
COST_SPIKE,7,Green,20058,CU2142,"Cotton T-Shirt 5pk - Value, Case 12",0.1511,105.86,129.26,Input cost up more than ten points since the price was last set.,Apparel & Accessories,Marketplace Seller,Mount Public House,106.98,35.2445,31.0381
BELOW_FLOOR,2,Red,20007,CU2012,"Pet Bed - Value, Inner pack 6",0.0342,103.91,128.75,"Pocket margin is under the floor. Reprice, or get the exception signed.",Pet Supplies,Government & Education,Burrard Grill House,61.98,21.7608,17.5577
BELOW_FLOOR,2,Red,20221,CU2141,"Cat Litter - Private label, Bulk pallet 144",0.0021,116.15,128.68,"Pocket margin is under the floor. Reprice, or get the exception signed.",Pet Supplies,Marketplace Seller,Sunshine Supply,38.7,11.5309,9.3713
LOSS,1,Red,20133,CU2131,"Aquarium Filter - National brand, Case 24",-0.0292,,128.55,Selling below cost once every deduction is counted. Stop quoting this combination until the cost or the deductions change.,Pet Supplies,Regional Retail Chain,Sunshine Bistro,43.78,14.1912,12.0012
UNDER_MARKET,4,Amber,20049,CU2047,"Adjustable Dumbbells - Value, Master carton 48",0.2033,90.49,128.08,Priced well under the market with margin to spare. A price rise here is the cheapest margin in the book.,Sporting Goods,Corporate & B2B Buyer,Kitsilano Kitchen Group,15.0,45.4116,42.0039
STALE,6,Green,20049,CU2047,"Adjustable Dumbbells - Value, Master carton 48",0.2033,90.49,128.08,No price change in over a year while input costs moved. Review.,Sporting Goods,Corporate & B2B Buyer,Kitsilano Kitchen Group,15.0,45.4116,42.0039
COST_SPIKE,7,Green,20049,CU2047,"Adjustable Dumbbells - Value, Master carton 48",0.2033,90.49,128.08,Input cost up more than ten points since the price was last set.,Sporting Goods,Corporate & B2B Buyer,Kitsilano Kitchen Group,15.0,45.4116,42.0039
LEAKAGE,3,Amber,20016,CU2127,"Gel Pens - National brand, Case 12",0.1294,124.7,127.48,More than a quarter of list never reaches us. The off-invoice deductions are where to look first.,Office & Stationery,Corporate & B2B Buyer,Sunshine Public House,168.0,20.8333,14.3771
OVER_MARKET,5,Amber,20016,CU2127,"Gel Pens - National brand, Case 12",0.1294,124.7,127.48,Priced well over the market. Volume is exposed unless the premium is one the customer can name.,Office & Stationery,Corporate & B2B Buyer,Sunshine Public House,168.0,20.8333,14.3771
BELOW_FLOOR,2,Red,20167,CU2100,"Pet Bed - Private label, Bulk pallet 144",0.2011,102.14,127.05,"Pocket margin is under the floor. Reprice, or get the exception signed.",Pet Supplies,Independent Retailer,Alder Catering,55.47,17.502,15.4019
LOSS,1,Red,20133,CU2020,"Aquarium Filter - National brand, Case 24",-0.0071,,126.8,Selling below cost once every deduction is counted. Stop quoting this combination until the cost or the deductions change.,Pet Supplies,Marketplace Seller,Cedar Larder,46.45,14.1912,12.2644
STALE,6,Green,20072,CU2000,"Dry-Erase Board - National brand, Case 12",0.2454,96.41,126.51,No price change in over a year while input costs moved. Review.,Office & Stationery,Independent Retailer,Sunshine Table,28.32,19.4974,18.2051
UNDER_MARKET,4,Amber,20078,CU2049,"Filing Boxes - Value, Inner pack 6",0.2805,90.35,126.12,Priced well under the market with margin to spare. A price rise here is the cheapest margin in the book.,Office & Stationery,Independent Retailer,Mount Market,36.21,14.0661,12.4166
UNDER_MARKET,4,Amber,20049,CU2137,"Adjustable Dumbbells - Value, Master carton 48",0.1991,90.49,124.81,Priced well under the market with margin to spare. A price rise here is the cheapest margin in the book.,Sporting Goods,E-commerce Pure-Play,Juniper Fine Foods,15.0,45.4116,41.7859
STALE,6,Green,20049,CU2137,"Adjustable Dumbbells - Value, Master carton 48",0.1991,90.49,124.81,No price change in over a year while input costs moved. Review.,Sporting Goods,E-commerce Pure-Play,Juniper Fine Foods,15.0,45.4116,41.7859
COST_SPIKE,7,Green,20049,CU2137,"Adjustable Dumbbells - Value, Master carton 48",0.1991,90.49,124.81,Input cost up more than ten points since the price was last set.,Sporting Goods,E-commerce Pure-Play,Juniper Fine Foods,15.0,45.4116,41.7859
LOSS,1,Red,20163,CU2083,"Storage Bins - Value, Bulk pallet 144",-0.0102,103.57,124.19,Selling below cost once every deduction is counted. Stop quoting this combination until the cost or the deductions change.,Home & Kitchen,Marketplace Seller,Granville Supply,59.59,12.9619,10.2038
BELOW_FLOOR,2,Red,20238,CU2125,"Vitamin C Serum - Private label, Each",0.1764,110.47,122.19,"Pocket margin is under the floor. Reprice, or get the exception signed.",Health & Beauty,Marketplace Seller,Mount Bistro,83.29,11.1412,8.1054
LEAKAGE,3,Amber,20238,CU2125,"Vitamin C Serum - Private label, Each",0.1764,110.47,122.19,More than a quarter of list never reaches us. The off-invoice deductions are where to look first.,Health & Beauty,Marketplace Seller,Mount Bistro,83.29,11.1412,8.1054
BELOW_FLOOR,2,Red,20105,CU2087,"Filing Boxes - Premium brand, Master carton 48",0.1033,113.09,121.15,"Pocket margin is under the floor. Reprice, or get the exception signed.",Office & Stationery,Sub-Distributor,Selkirk Fine Foods,45.95,20.3704,14.8347
LEAKAGE,3,Amber,20105,CU2087,"Filing Boxes - Premium brand, Master carton 48",0.1033,113.09,121.15,More than a quarter of list never reaches us. The off-invoice deductions are where to look first.,Office & Stationery,Sub-Distributor,Selkirk Fine Foods,45.95,20.3704,14.8347
COST_SPIKE,7,Green,20105,CU2087,"Filing Boxes - Premium brand, Master carton 48",0.1033,113.09,121.15,Input cost up more than ten points since the price was last set.,Office & Stationery,Sub-Distributor,Selkirk Fine Foods,45.95,20.3704,14.8347
UNDER_MARKET,4,Amber,20064,CU2129,"Hair Dryer - Value, Case 24",0.1158,90.02,119.3,Priced well under the market with margin to spare. A price rise here is the cheapest margin in the book.,Health & Beauty,Regional Retail Chain,Okanagan Foods,103.91,21.7705,19.3305
UNDER_MARKET,4,Amber,20049,CU2012,"Adjustable Dumbbells - Value, Master carton 48",0.1908,90.49,118.36,Priced well under the market with margin to spare. A price rise here is the cheapest margin in the book.,Sporting Goods,Government & Education,Burrard Grill House,15.0,45.4116,41.3559
STALE,6,Green,20049,CU2012,"Adjustable Dumbbells - Value, Master carton 48",0.1908,90.49,118.36,No price change in over a year while input costs moved. Review.,Sporting Goods,Government & Education,Burrard Grill House,15.0,45.4116,41.3559
COST_SPIKE,7,Green,20049,CU2012,"Adjustable Dumbbells - Value, Master carton 48",0.1908,90.49,118.36,Input cost up more than ten points since the price was last set.,Sporting Goods,Government & Education,Burrard Grill House,15.0,45.4116,41.3559
UNDER_MARKET,4,Amber,20144,CU2132,"Winter Gloves - National brand, Inner pack 6",0.349,90.85,117.88,Priced well under the market with margin to spare. A price rise here is the cheapest margin in the book.,Apparel & Accessories,Subscription Box Operator,Salish Provisions,15.0,28.6774,22.5182
UNDER_MARKET,4,Amber,20049,CU2096,"Adjustable Dumbbells - Value, Master carton 48",0.1062,90.49,117.77,Priced well under the market with margin to spare. A price rise here is the cheapest margin in the book.,Sporting Goods,Marketplace Seller,Riverside Market,43.97,45.4116,37.4403
STALE,6,Green,20049,CU2096,"Adjustable Dumbbells - Value, Master carton 48",0.1062,90.49,117.77,No price change in over a year while input costs moved. Review.,Sporting Goods,Marketplace Seller,Riverside Market,43.97,45.4116,37.4403
COST_SPIKE,7,Green,20049,CU2096,"Adjustable Dumbbells - Value, Master carton 48",0.1062,90.49,117.77,Input cost up more than ten points since the price was last set.,Sporting Goods,Marketplace Seller,Riverside Market,43.97,45.4116,37.4403
STALE,6,Green,20086,CU2017,"Hair Dryer - Private label, Bulk pallet 144",0.481,,117.66,No price change in over a year while input costs moved. Review.,Health & Beauty,Government & Education,Kootenay Larder,15.0,18.4235,16.3078
UNDER_MARKET,4,Amber,20203,CU2015,"Air Fryer - Private label, Master carton 48",0.2943,86.79,117.29,Priced well under the market with margin to spare. A price rise here is the cheapest margin in the book.,Home & Kitchen,Corporate & B2B Buyer,Alder Hospitality,100.49,22.6914,19.5026
BELOW_FLOOR,2,Red,20026,CU2083,"Copy Paper - National brand, Inner pack 6",0.0437,,116.86,"Pocket margin is under the floor. Reprice, or get the exception signed.",Office & Stationery,Marketplace Seller,Granville Supply,72.74,12.7349,10.1762
BELOW_FLOOR,2,Red,20065,CU2019,"LED Floor Lamp - National brand, Case 24",0.0466,,116.05,"Pocket margin is under the floor. Reprice, or get the exception signed.",Home & Kitchen,E-commerce Pure-Play,Kootenay Grill House,39.93,22.0464,20.0539
UNDER_MARKET,4,Amber,20138,CU2112,"Nonstick Cookware Set - Value, Case 24",0.2858,88.03,115.76,Priced well under the market with margin to spare. A price rise here is the cheapest margin in the book.,Home & Kitchen,Government & Education,Stanley Provisions,15.07,33.0044,26.8748
BELOW_FLOOR,2,Red,20153,CU2047,"Body Wash - National brand, Each",0.0817,117.81,115.41,"Pocket margin is under the floor. Reprice, or get the exception signed.",Health & Beauty,Corporate & B2B Buyer,Kitsilano Kitchen Group,51.84,23.254,21.1274
BELOW_FLOOR,2,Red,20143,CU2068,"Copy Paper - Private label, Each",0.1239,,114.04,"Pocket margin is under the floor. Reprice, or get the exception signed.",Office & Stationery,E-commerce Pure-Play,Burrard Trading Co,39.38,15.5267,13.6298
STALE,6,Green,20143,CU2068,"Copy Paper - Private label, Each",0.1239,,114.04,No price change in over a year while input costs moved. Review.,Office & Stationery,E-commerce Pure-Play,Burrard Trading Co,39.38,15.5267,13.6298
OVER_MARKET,5,Amber,20102,CU2094,"Body Wash - Private label, Inner pack 6",0.4076,127.78,113.38,Priced well over the market. Volume is exposed unless the premium is one the customer can name.,Health & Beauty,Regional Retail Chain,Harbour Hospitality,22.28,15.0766,12.4852
BELOW_FLOOR,2,Red,20146,CU2070,"Sunscreen SPF50 - Value, Case 24",0.0218,88.95,112.41,"Pocket margin is under the floor. Reprice, or get the exception signed.",Health & Beauty,Marketplace Seller,Riverside Public House,148.7,6.4069,5.1203
UNDER_MARKET,4,Amber,20146,CU2070,"Sunscreen SPF50 - Value, Case 24",0.0218,88.95,112.41,Priced well under the market with margin to spare. A price rise here is the cheapest margin in the book.,Health & Beauty,Marketplace Seller,Riverside Public House,148.7,6.4069,5.1203
UNDER_MARKET,4,Amber,20075,CU2057,"Resistance Bands - Private label, Each",0.2722,74.2,112.32,Priced well under the market with margin to spare. A price rise here is the cheapest margin in the book.,Sporting Goods,Subscription Box Operator,Okanagan Hospitality,84.89,27.8218,22.4715
OVER_MARKET,5,Amber,20016,CU2034,"Gel Pens - National brand, Case 12",0.2729,124.7,111.61,Priced well over the market. Volume is exposed unless the premium is one the customer can name.,Office & Stationery,Marketplace Seller,Harbour Foods,23.76,20.8333,17.2138
OVER_MARKET,5,Amber,20102,CU2083,"Body Wash - Private label, Inner pack 6",0.3867,127.78,111.28,Priced well over the market. Volume is exposed unless the premium is one the customer can name.,Health & Beauty,Marketplace Seller,Granville Supply,23.86,15.0766,12.0603
LOSS,1,Red,20148,CU2108,"Gel Pens - Value, Case 24",-0.0656,124.07,111.27,Selling below cost once every deduction is counted. Stop quoting this combination until the cost or the deductions change.,Office & Stationery,Sub-Distributor,Okanagan Market,126.2,4.6148,3.8193
OVER_MARKET,5,Amber,20148,CU2108,"Gel Pens - Value, Case 24",-0.0656,124.07,111.27,Priced well over the market. Volume is exposed unless the premium is one the customer can name.,Office & Stationery,Sub-Distributor,Okanagan Market,126.2,4.6148,3.8193
LOSS,1,Red,20148,CU2049,"Gel Pens - Value, Case 24",-0.0466,124.07,110.53,Selling below cost once every deduction is counted. Stop quoting this combination until the cost or the deductions change.,Office & Stationery,Independent Retailer,Mount Market,134.16,4.6148,3.8886
OVER_MARKET,5,Amber,20148,CU2049,"Gel Pens - Value, Case 24",-0.0466,124.07,110.53,Priced well over the market. Volume is exposed unless the premium is one the customer can name.,Office & Stationery,Independent Retailer,Mount Market,134.16,4.6148,3.8886
LEAKAGE,3,Amber,20136,CU2125,"Vitamin C Serum - Value, Case 24",0.0917,94.13,109.35,More than a quarter of list never reaches us. The off-invoice deductions are where to look first.,Health & Beauty,Marketplace Seller,Mount Bistro,112.66,15.5559,11.2161
COST_SPIKE,7,Green,20058,CU2007,"Cotton T-Shirt 5pk - Value, Case 12",0.196,105.86,108.73,Input cost up more than ten points since the price was last set.,Apparel & Accessories,Sub-Distributor,Juniper Kitchen Group,16.93,35.2445,32.7715
BELOW_FLOOR,2,Red,20153,CU2027,"Body Wash - National brand, Each",0.0701,117.81,107.05,"Pocket margin is under the floor. Reprice, or get the exception signed.",Health & Beauty,Marketplace Seller,Summit Catering,43.85,23.254,20.863
UNDER_MARKET,4,Amber,20077,CU2034,"Storage Bins - Value, Master carton 48",0.1962,73.67,107.0,Priced well under the market with margin to spare. A price rise here is the cheapest margin in the book.,Home & Kitchen,Marketplace Seller,Harbour Foods,20.67,28.8279,26.3794
COST_SPIKE,7,Green,20055,CU2090,"Filing Boxes - Private label, Each",0.4523,96.32,104.99,Input cost up more than ten points since the price was last set.,Office & Stationery,Sub-Distributor,Fraser Trading Co,15.0,17.5617,15.4767
LOSS,1,Red,20153,CU2005,"Body Wash - National brand, Each",-0.0156,117.81,104.57,Selling below cost once every deduction is counted. Stop quoting this combination until the cost or the deductions change.,Health & Beauty,Independent Retailer,Coastal Supply,27.01,23.254,19.1033
UNDER_MARKET,4,Amber,20051,CU2131,"Grooming Kit - National brand, Case 12",0.152,90.0,103.87,Priced well under the market with margin to spare. A price rise here is the cheapest margin in the book.,Pet Supplies,Regional Retail Chain,Sunshine Bistro,115.13,22.0294,19.3906
BELOW_FLOOR,2,Red,20178,CU2119,"Vitamin C Serum - Private label, Case 12",0.1682,81.09,103.27,"Pocket margin is under the floor. Reprice, or get the exception signed.",Health & Beauty,Marketplace Seller,Granville Trading Co,40.66,14.2666,12.5385
UNDER_MARKET,4,Amber,20178,CU2119,"Vitamin C Serum - Private label, Case 12",0.1682,81.09,103.27,Priced well under the market with margin to spare. A price rise here is the cheapest margin in the book.,Health & Beauty,Marketplace Seller,Granville Trading Co,40.66,14.2666,12.5385
COST_SPIKE,7,Green,20058,CU2146,"Cotton T-Shirt 5pk - Value, Case 12",0.207,105.86,103.14,Input cost up more than ten points since the price was last set.,Apparel & Accessories,E-commerce Pure-Play,Kootenay Table,15.0,35.2445,33.2251
OVER_MARKET,5,Amber,20113,CU2031,"Electric Toothbrush - National brand, Case 24",0.2248,137.98,102.95,Priced well over the market. Volume is exposed unless the premium is one the customer can name.,Health & Beauty,Corporate & B2B Buyer,Juniper Public House,18.87,27.0835,24.268
OVER_MARKET,5,Amber,20182,CU2000,"Camping Tent - Value, Case 12",0.1821,143.46,100.96,Priced well over the market. Volume is exposed unless the premium is one the customer can name.,Sporting Goods,Independent Retailer,Sunshine Table,35.19,16.826,15.7587
UNDER_MARKET,4,Amber,20075,CU2111,"Resistance Bands - Private label, Each",0.2853,74.2,100.07,Priced well under the market with margin to spare. A price rise here is the cheapest margin in the book.,Sporting Goods,Independent Retailer,Kitsilano Fine Foods,95.41,27.8218,22.8815
BELOW_FLOOR,2,Red,20221,CU2025,"Cat Litter - Private label, Bulk pallet 144",0.0377,116.15,99.83,"Pocket margin is under the floor. Reprice, or get the exception signed.",Pet Supplies,E-commerce Pure-Play,Fraser Larder,32.18,11.5309,9.718
OVER_MARKET,5,Amber,20102,CU2009,"Body Wash - Private label, Inner pack 6",0.4677,127.78,97.48,Priced well over the market. Volume is exposed unless the premium is one the customer can name.,Health & Beauty,Marketplace Seller,Sunshine Kitchen Group,15.0,15.0766,13.8948
UNDER_MARKET,4,Amber,20023,CU2112,"Adjustable Dumbbells - National brand, Bulk pallet 144",0.2138,85.07,96.72,Priced well under the market with margin to spare. A price rise here is the cheapest margin in the book.,Sporting Goods,Government & Education,Stanley Provisions,17.49,29.6354,25.8596
UNDER_MARKET,4,Amber,20211,CU2007,"Cat Litter - Premium brand, Each",0.1803,75.64,94.24,Priced well under the market with margin to spare. A price rise here is the cheapest margin in the book.,Pet Supplies,Sub-Distributor,Juniper Kitchen Group,45.39,28.694,26.5438
COST_SPIKE,7,Green,20211,CU2007,"Cat Litter - Premium brand, Each",0.1803,75.64,94.24,Input cost up more than ten points since the price was last set.,Pet Supplies,Sub-Distributor,Juniper Kitchen Group,45.39,28.694,26.5438
UNDER_MARKET,4,Amber,20157,CU2087,"LED Floor Lamp - Premium brand, Case 12",0.2323,90.08,93.87,Priced well under the market with margin to spare. A price rise here is the cheapest margin in the book.,Home & Kitchen,Sub-Distributor,Selkirk Fine Foods,245.17,20.666,17.4046
COST_SPIKE,7,Green,20157,CU2087,"LED Floor Lamp - Premium brand, Case 12",0.2323,90.08,93.87,Input cost up more than ten points since the price was last set.,Home & Kitchen,Sub-Distributor,Selkirk Fine Foods,245.17,20.666,17.4046
UNDER_MARKET,4,Amber,20216,CU2131,"Laptop Sleeve - National brand, Each",0.218,90.1,93.4,Priced well under the market with margin to spare. A price rise here is the cheapest margin in the book.,Apparel & Accessories,Regional Retail Chain,Sunshine Bistro,20.95,23.0477,20.4504
UNDER_MARKET,4,Amber,20015,CU2043,"Body Wash - Value, Bulk pallet 144",0.1355,87.75,92.3,Priced well under the market with margin to spare. A price rise here is the cheapest margin in the book.,Health & Beauty,Government & Education,Kootenay Hospitality,350.93,12.442,10.1357
OVER_MARKET,5,Amber,20102,CU2146,"Body Wash - Private label, Inner pack 6",0.4507,127.78,91.03,Priced well over the market. Volume is exposed unless the premium is one the customer can name.,Health & Beauty,E-commerce Pure-Play,Kootenay Table,15.0,15.0766,13.4651
STALE,6,Green,20086,CU2005,"Hair Dryer - Private label, Bulk pallet 144",0.4171,,90.83,No price change in over a year while input costs moved. Review.,Health & Beauty,Independent Retailer,Coastal Supply,15.0,18.4235,14.5185
BELOW_FLOOR,2,Red,20111,CU2065,"Vacuum Sealer - Value, Bulk pallet 144",0.0753,109.83,90.15,"Pocket margin is under the floor. Reprice, or get the exception signed.",Home & Kitchen,Government & Education,Juniper Table,46.42,23.1789,20.8282
UNDER_MARKET,4,Amber,20119,CU2055,"Hair Dryer - National brand, Bulk pallet 144",0.3965,89.81,89.01,Priced well under the market with margin to spare. A price rise here is the cheapest margin in the book.,Health & Beauty,Marketplace Seller,Riverside Foods,16.02,16.7232,14.0143
OVER_MARKET,5,Amber,20113,CU2021,"Electric Toothbrush - National brand, Case 24",0.2337,137.98,86.59,Priced well over the market. Volume is exposed unless the premium is one the customer can name.,Health & Beauty,Corporate & B2B Buyer,Marine Larder,15.09,27.0835,24.5503
UNDER_MARKET,4,Amber,20051,CU2074,"Grooming Kit - National brand, Case 12",0.1818,90.0,85.43,Priced well under the market with margin to spare. A price rise here is the cheapest margin in the book.,Pet Supplies,Corporate & B2B Buyer,Burrard Provisions,254.15,22.0294,20.0969
BELOW_FLOOR,2,Red,20184,CU2039,"Vacuum Sealer - Private label, Each",0.0705,,85.19,"Pocket margin is under the floor. Reprice, or get the exception signed.",Home & Kitchen,Marketplace Seller,Okanagan Public House,15.0,24.8953,22.4609
UNDER_MARKET,4,Amber,20104,CU2079,"Bedding Set - National brand, Inner pack 6",0.178,88.66,84.64,Priced well under the market with margin to spare. A price rise here is the cheapest margin in the book.,Home & Kitchen,Marketplace Seller,Harbour Fine Foods,95.69,74.8776,69.9984
COST_SPIKE,7,Green,20154,CU2044,"Filing Boxes - National brand, Each",0.1305,92.65,84.29,Input cost up more than ten points since the price was last set.,Office & Stationery,Corporate & B2B Buyer,Harbour Public House,177.35,17.1586,15.343
BELOW_FLOOR,2,Red,20111,CU2062,"Vacuum Sealer - Value, Bulk pallet 144",0.0531,109.83,84.17,"Pocket margin is under the floor. Reprice, or get the exception signed.",Home & Kitchen,Independent Retailer,Summit Trading Co,35.85,23.1789,20.3404
UNDER_MARKET,4,Amber,20220,CU2023,"Air Fryer - Premium brand, Inner pack 6",0.2541,91.17,83.31,Priced well under the market with margin to spare. A price rise here is the cheapest margin in the book.,Home & Kitchen,E-commerce Pure-Play,Summit Provisions,910.45,80.0931,63.8278
BELOW_FLOOR,2,Red,20238,CU2077,"Vitamin C Serum - Private label, Each",0.2181,110.47,82.89,"Pocket margin is under the floor. Reprice, or get the exception signed.",Health & Beauty,Corporate & B2B Buyer,Burrard Public House,69.68,11.1412,8.5373
BELOW_FLOOR,2,Red,20105,CU2040,"Filing Boxes - Premium brand, Master carton 48",0.1254,113.09,82.63,"Pocket margin is under the floor. Reprice, or get the exception signed.",Office & Stationery,Independent Retailer,Alder Market,34.92,20.3704,15.2106
LEAKAGE,3,Amber,20105,CU2040,"Filing Boxes - Premium brand, Master carton 48",0.1254,113.09,82.63,More than a quarter of list never reaches us. The off-invoice deductions are where to look first.,Office & Stationery,Independent Retailer,Alder Market,34.92,20.3704,15.2106
COST_SPIKE,7,Green,20105,CU2040,"Filing Boxes - Premium brand, Master carton 48",0.1254,113.09,82.63,Input cost up more than ten points since the price was last set.,Office & Stationery,Independent Retailer,Alder Market,34.92,20.3704,15.2106
COST_SPIKE,7,Green,20055,CU2099,"Filing Boxes - Private label, Each",0.3927,96.32,82.22,Input cost up more than ten points since the price was last set.,Office & Stationery,E-commerce Pure-Play,Cedar Provisions,15.0,17.5617,13.9587
UNDER_MARKET,4,Amber,20193,CU2142,"Chew Toy Pack - Premium brand, Master carton 48",0.2064,81.41,81.4,Priced well under the market with margin to spare. A price rise here is the cheapest margin in the book.,Pet Supplies,Marketplace Seller,Mount Public House,27.41,53.1382,46.8517
COST_SPIKE,7,Green,20193,CU2142,"Chew Toy Pack - Premium brand, Master carton 48",0.2064,81.41,81.4,Input cost up more than ten points since the price was last set.,Pet Supplies,Marketplace Seller,Mount Public House,27.41,53.1382,46.8517
BELOW_FLOOR,2,Red,20107,CU2108,"Laminator - National brand, Case 24",0.0699,91.26,80.61,"Pocket margin is under the floor. Reprice, or get the exception signed.",Office & Stationery,Sub-Distributor,Okanagan Market,60.59,13.8831,11.5565
UNDER_MARKET,4,Amber,20107,CU2108,"Laminator - National brand, Case 24",0.0699,91.26,80.61,Priced well under the market with margin to spare. A price rise here is the cheapest margin in the book.,Office & Stationery,Sub-Distributor,Okanagan Market,60.59,13.8831,11.5565
BELOW_FLOOR,2,Red,20042,CU2139,"Sunscreen SPF50 - Private label, Case 12",0.1574,106.42,80.47,"Pocket margin is under the floor. Reprice, or get the exception signed.",Health & Beauty,E-commerce Pure-Play,Cedar Fine Foods,38.68,14.9032,11.5755
COST_SPIKE,7,Green,20055,CU2010,"Filing Boxes - Private label, Each",0.3854,96.32,79.73,Input cost up more than ten points since the price was last set.,Office & Stationery,Sub-Distributor,Coastal Table,15.0,17.5617,13.7926
UNDER_MARKET,4,Amber,20216,CU2029,"Laptop Sleeve - National brand, Each",0.2465,90.1,78.49,Priced well under the market with margin to spare. A price rise here is the cheapest margin in the book.,Apparel & Accessories,Independent Retailer,Kootenay Fine Foods,15.0,23.0477,21.2248
OVER_MARKET,5,Amber,20016,CU2105,"Gel Pens - National brand, Case 12",0.2939,124.7,78.13,Priced well over the market. Volume is exposed unless the premium is one the customer can name.,Office & Stationery,Marketplace Seller,Stanley Fine Foods,15.0,20.8333,17.7252
LEAKAGE,3,Amber,20186,CU2139,"Laser Measure - National brand, Case 24",0.1714,105.73,78.12,More than a quarter of list never reaches us. The off-invoice deductions are where to look first.,Tools & Hardware,E-commerce Pure-Play,Cedar Fine Foods,94.68,56.6822,39.3543
BELOW_FLOOR,2,Red,20228,CU2134,"Bedding Set - National brand, Case 24",0.0797,,77.86,"Pocket margin is under the floor. Reprice, or get the exception signed.",Home & Kitchen,Marketplace Seller,Stanley Public House,15.0,42.9158,38.1541
BELOW_FLOOR,2,Red,20178,CU2067,"Vitamin C Serum - Private label, Case 12",0.1298,81.09,76.95,"Pocket margin is under the floor. Reprice, or get the exception signed.",Health & Beauty,Independent Retailer,Alder Bistro,26.64,14.2666,11.9843
UNDER_MARKET,4,Amber,20178,CU2067,"Vitamin C Serum - Private label, Case 12",0.1298,81.09,76.95,Priced well under the market with margin to spare. A price rise here is the cheapest margin in the book.,Health & Beauty,Independent Retailer,Alder Bistro,26.64,14.2666,11.9843
UNDER_MARKET,4,Amber,20173,CU2085,"Nonstick Cookware Set - Value, Bulk pallet 144",0.1278,90.06,75.29,Priced well under the market with margin to spare. A price rise here is the cheapest margin in the book.,Home & Kitchen,Government & Education,Chilcotin Fine Foods,91.36,26.0928,22.7383
BELOW_FLOOR,2,Red,20211,CU2025,"Cat Litter - Premium brand, Each",0.1561,75.64,75.28,"Pocket margin is under the floor. Reprice, or get the exception signed.",Pet Supplies,E-commerce Pure-Play,Fraser Larder,28.52,28.694,25.7841
UNDER_MARKET,4,Amber,20211,CU2025,"Cat Litter - Premium brand, Each",0.1561,75.64,75.28,Priced well under the market with margin to spare. A price rise here is the cheapest margin in the book.,Pet Supplies,E-commerce Pure-Play,Fraser Larder,28.52,28.694,25.7841
COST_SPIKE,7,Green,20211,CU2025,"Cat Litter - Premium brand, Each",0.1561,75.64,75.28,Input cost up more than ten points since the price was last set.,Pet Supplies,E-commerce Pure-Play,Fraser Larder,28.52,28.694,25.7841
UNDER_MARKET,4,Amber,20106,CU2105,"Blender - Value, Each",0.2669,84.62,75.21,Priced well under the market with margin to spare. A price rise here is the cheapest margin in the book.,Home & Kitchen,Marketplace Seller,Stanley Fine Foods,16.89,18.4076,16.6847
BELOW_FLOOR,2,Red,20069,CU2097,"Cordless Drill - National brand, Inner pack 6",0.0242,103.12,74.11,"Pocket margin is under the floor. Reprice, or get the exception signed.",Tools & Hardware,Subscription Box Operator,Summit Butchery,37.29,15.495,11.8005
UNDER_MARKET,4,Amber,20049,CU2015,"Adjustable Dumbbells - Value, Master carton 48",0.1445,90.49,72.88,Priced well under the market with margin to spare. A price rise here is the cheapest margin in the book.,Sporting Goods,Corporate & B2B Buyer,Alder Hospitality,56.07,45.4116,39.1168
STALE,6,Green,20049,CU2015,"Adjustable Dumbbells - Value, Master carton 48",0.1445,90.49,72.88,No price change in over a year while input costs moved. Review.,Sporting Goods,Corporate & B2B Buyer,Alder Hospitality,56.07,45.4116,39.1168
COST_SPIKE,7,Green,20049,CU2015,"Adjustable Dumbbells - Value, Master carton 48",0.1445,90.49,72.88,Input cost up more than ten points since the price was last set.,Sporting Goods,Corporate & B2B Buyer,Alder Hospitality,56.07,45.4116,39.1168
BELOW_FLOOR,2,Red,20159,CU2076,"Gel Pens - Private label, Inner pack 6",0.0156,111.94,72.64,"Pocket margin is under the floor. Reprice, or get the exception signed.",Office & Stationery,Government & Education,Mount Grill House,21.77,12.4073,10.7489
STALE,6,Green,20159,CU2076,"Gel Pens - Private label, Inner pack 6",0.0156,111.94,72.64,No price change in over a year while input costs moved. Review.,Office & Stationery,Government & Education,Mount Grill House,21.77,12.4073,10.7489
COST_SPIKE,7,Green,20159,CU2076,"Gel Pens - Private label, Inner pack 6",0.0156,111.94,72.64,Input cost up more than ten points since the price was last set.,Office & Stationery,Government & Education,Mount Grill House,21.77,12.4073,10.7489
BELOW_FLOOR,2,Red,20178,CU2081,"Vitamin C Serum - Private label, Case 12",0.1685,81.09,72.56,"Pocket margin is under the floor. Reprice, or get the exception signed.",Health & Beauty,Regional Retail Chain,Kootenay Public House,28.6,14.2666,12.543
UNDER_MARKET,4,Amber,20178,CU2081,"Vitamin C Serum - Private label, Case 12",0.1685,81.09,72.56,Priced well under the market with margin to spare. A price rise here is the cheapest margin in the book.,Health & Beauty,Regional Retail Chain,Kootenay Public House,28.6,14.2666,12.543
UNDER_MARKET,4,Amber,20106,CU2048,"Blender - Value, Each",0.23,84.62,70.68,Priced well under the market with margin to spare. A price rise here is the cheapest margin in the book.,Home & Kitchen,E-commerce Pure-Play,Coastal Butchery,19.34,18.4076,15.8859
OVER_MARKET,5,Amber,20016,CU2138,"Gel Pens - National brand, Case 12",0.272,124.7,70.16,Priced well over the market. Volume is exposed unless the premium is one the customer can name.,Office & Stationery,Marketplace Seller,Okanagan Grill House,15.0,20.8333,17.1938
UNDER_MARKET,4,Amber,20205,CU2139,"Bedding Set - Private label, Case 12",0.3372,87.7,69.49,Priced well under the market with margin to spare. A price rise here is the cheapest margin in the book.,Home & Kitchen,E-commerce Pure-Play,Cedar Fine Foods,325.76,35.6983,29.7193
LEAKAGE,3,Amber,20055,CU2091,"Filing Boxes - Private label, Each",0.3501,96.32,68.5,More than a quarter of list never reaches us. The off-invoice deductions are where to look first.,Office & Stationery,Independent Retailer,Selkirk Catering,15.0,17.5617,13.0442
COST_SPIKE,7,Green,20055,CU2091,"Filing Boxes - Private label, Each",0.3501,96.32,68.5,Input cost up more than ten points since the price was last set.,Office & Stationery,Independent Retailer,Selkirk Catering,15.0,17.5617,13.0442
BELOW_FLOOR,2,Red,20026,CU2008,"Copy Paper - National brand, Inner pack 6",0.0504,,68.34,"Pocket margin is under the floor. Reprice, or get the exception signed.",Office & Stationery,Independent Retailer,Kitsilano Table,44.11,12.7349,10.2478
UNDER_MARKET,4,Amber,20216,CU2133,"Laptop Sleeve - National brand, Each",0.2216,90.1,68.3,Priced well under the market with margin to spare. A price rise here is the cheapest margin in the book.,Apparel & Accessories,Marketplace Seller,Okanagan Bistro,15.0,23.0477,20.5456
BELOW_FLOOR,2,Red,20069,CU2028,"Cordless Drill - National brand, Inner pack 6",0.0326,103.12,67.28,"Pocket margin is under the floor. Reprice, or get the exception signed.",Tools & Hardware,Independent Retailer,Riverside Butchery,35.32,15.495,11.9027
UNDER_MARKET,4,Amber,20203,CU2094,"Air Fryer - Private label, Master carton 48",0.3005,86.79,66.97,Priced well under the market with margin to spare. A price rise here is the cheapest margin in the book.,Home & Kitchen,Regional Retail Chain,Harbour Hospitality,63.55,22.6914,19.6781
BELOW_FLOOR,2,Red,20228,CU2079,"Bedding Set - National brand, Case 24",0.1031,,66.13,"Pocket margin is under the floor. Reprice, or get the exception signed.",Home & Kitchen,Marketplace Seller,Harbour Fine Foods,15.0,42.9158,39.1509
BELOW_FLOOR,2,Red,20167,CU2069,"Pet Bed - Private label, Bulk pallet 144",0.2077,102.14,65.51,"Pocket margin is under the floor. Reprice, or get the exception signed.",Pet Supplies,E-commerce Pure-Play,Harbour Supply,29.69,17.502,15.5311
UNDER_MARKET,4,Amber,20112,CU2144,"Bedding Set - Private label, Inner pack 6",0.2615,76.71,65.37,Priced well under the market with margin to spare. A price rise here is the cheapest margin in the book.,Home & Kitchen,Marketplace Seller,Coastal Fine Foods,53.17,22.5529,19.7741
STALE,6,Green,20112,CU2144,"Bedding Set - Private label, Inner pack 6",0.2615,76.71,65.37,No price change in over a year while input costs moved. Review.,Home & Kitchen,Marketplace Seller,Coastal Fine Foods,53.17,22.5529,19.7741
BELOW_FLOOR,2,Red,20111,CU2092,"Vacuum Sealer - Value, Bulk pallet 144",0.0524,109.83,65.28,"Pocket margin is under the floor. Reprice, or get the exception signed.",Home & Kitchen,Marketplace Seller,Alder Fine Foods,27.67,23.1789,20.3266
BELOW_FLOOR,2,Red,20091,CU2040,"Hair Dryer - Private label, Inner pack 6",0.1495,91.2,64.04,"Pocket margin is under the floor. Reprice, or get the exception signed.",Health & Beauty,Independent Retailer,Alder Market,32.3,12.2347,9.9917
UNDER_MARKET,4,Amber,20091,CU2040,"Hair Dryer - Private label, Inner pack 6",0.1495,91.2,64.04,Priced well under the market with margin to spare. A price rise here is the cheapest margin in the book.,Health & Beauty,Independent Retailer,Alder Market,32.3,12.2347,9.9917
UNDER_MARKET,4,Amber,20197,CU2108,"Copy Paper - National brand, Master carton 48",0.1391,75.35,63.96,Priced well under the market with margin to spare. A price rise here is the cheapest margin in the book.,Office & Stationery,Sub-Distributor,Okanagan Market,96.12,20.965,16.0171
STALE,6,Green,20177,CU2142,"Gel Pens - Premium brand, Bulk pallet 144",0.2446,94.63,63.51,No price change in over a year while input costs moved. Review.,Office & Stationery,Marketplace Seller,Mount Public House,144.66,20.0495,17.7095
COST_SPIKE,7,Green,20177,CU2142,"Gel Pens - Premium brand, Bulk pallet 144",0.2446,94.63,63.51,Input cost up more than ten points since the price was last set.,Office & Stationery,Marketplace Seller,Mount Public House,144.66,20.0495,17.7095
BELOW_FLOOR,2,Red,20233,CU2110,"Desk Organiser - National brand, Each",0.0591,102.46,63.46,"Pocket margin is under the floor. Reprice, or get the exception signed.",Office & Stationery,Independent Retailer,Chilcotin Table,40.42,16.1104,13.5839
BELOW_FLOOR,2,Red,20007,CU2026,"Pet Bed - Value, Inner pack 6",0.0599,103.91,63.43,"Pocket margin is under the floor. Reprice, or get the exception signed.",Pet Supplies,Marketplace Seller,Riverside Kitchen Group,37.96,21.7608,18.0373
COST_SPIKE,7,Green,20105,CU2140,"Filing Boxes - Premium brand, Master carton 48",0.1928,113.09,63.26,Input cost up more than ten points since the price was last set.,Office & Stationery,Subscription Box Operator,Kitsilano Foods,43.51,20.3704,16.4796
LEAKAGE,3,Amber,20186,CU2008,"Laser Measure - National brand, Case 24",0.1826,105.73,63.24,More than a quarter of list never reaches us. The off-invoice deductions are where to look first.,Tools & Hardware,Independent Retailer,Kitsilano Table,162.49,56.6822,39.894
OVER_MARKET,5,Amber,20016,CU2052,"Gel Pens - National brand, Case 12",0.2506,124.7,62.77,Priced well over the market. Volume is exposed unless the premium is one the customer can name.,Office & Stationery,Marketplace Seller,Selkirk Supply,15.0,20.8333,16.7008
BELOW_FLOOR,2,Red,20166,CU2009,"Electric Toothbrush - National brand, Bulk pallet 144",0.0461,,61.84,"Pocket margin is under the floor. Reprice, or get the exception signed.",Health & Beauty,Marketplace Seller,Sunshine Kitchen Group,49.68,12.3716,9.8814
UNDER_MARKET,4,Amber,20216,CU2037,"Laptop Sleeve - National brand, Each",0.1785,90.1,61.24,Priced well under the market with margin to spare. A price rise here is the cheapest margin in the book.,Apparel & Accessories,Marketplace Seller,Harbour Provisions,122.24,23.0477,19.4663
LOSS,1,Red,20131,CU2050,"Desk Organiser - Private label, Bulk pallet 144",-0.1295,106.32,59.38,Selling below cost once every deduction is counted. Stop quoting this combination until the cost or the deductions change.,Office & Stationery,Marketplace Seller,Cedar Butchery,28.38,6.429,4.3288
LEAKAGE,3,Amber,20131,CU2050,"Desk Organiser - Private label, Bulk pallet 144",-0.1295,106.32,59.38,More than a quarter of list never reaches us. The off-invoice deductions are where to look first.,Office & Stationery,Marketplace Seller,Cedar Butchery,28.38,6.429,4.3288
UNDER_MARKET,4,Amber,20015,CU2099,"Body Wash - Value, Bulk pallet 144",0.1422,87.75,58.68,Priced well under the market with margin to spare. A price rise here is the cheapest margin in the book.,Health & Beauty,E-commerce Pure-Play,Cedar Provisions,299.77,12.442,10.2159
BELOW_FLOOR,2,Red,20065,CU2084,"LED Floor Lamp - National brand, Case 24",0.0696,,56.46,"Pocket margin is under the floor. Reprice, or get the exception signed.",Home & Kitchen,Marketplace Seller,Stanley Supply,22.53,22.0464,20.5492
UNDER_MARKET,4,Amber,20051,CU2017,"Grooming Kit - National brand, Case 12",0.1609,90.0,55.69,Priced well under the market with margin to spare. A price rise here is the cheapest margin in the book.,Pet Supplies,Government & Education,Kootenay Larder,75.62,22.0294,19.5974
UNDER_MARKET,4,Amber,20107,CU2012,"Laminator - National brand, Case 24",0.1213,91.26,55.29,Priced well under the market with margin to spare. A price rise here is the cheapest margin in the book.,Office & Stationery,Government & Education,Burrard Grill House,70.92,13.8831,12.2322
COST_SPIKE,7,Green,20154,CU2144,"Filing Boxes - National brand, Each",0.1266,92.65,53.96,Input cost up more than ten points since the price was last set.,Office & Stationery,Marketplace Seller,Coastal Fine Foods,101.16,17.1586,15.2737
UNDER_MARKET,4,Amber,20197,CU2088,"Copy Paper - National brand, Master carton 48",0.134,75.35,51.55,Priced well under the market with margin to spare. A price rise here is the cheapest margin in the book.,Office & Stationery,Independent Retailer,Juniper Grill House,69.4,20.965,15.9227
BELOW_FLOOR,2,Red,20019,CU2141,"Gel Pens - Private label, Master carton 48",0.2339,95.29,49.84,"Pocket margin is under the floor. Reprice, or get the exception signed.",Office & Stationery,Marketplace Seller,Sunshine Supply,66.31,9.7389,7.9257
BELOW_FLOOR,2,Red,20167,CU2128,"Pet Bed - Private label, Bulk pallet 144",0.2107,102.14,49.76,"Pocket margin is under the floor. Reprice, or get the exception signed.",Pet Supplies,Marketplace Seller,Granville Table,22.94,17.502,15.5885
BELOW_FLOOR,2,Red,20007,CU2082,"Pet Bed - Value, Inner pack 6",0.0507,103.91,49.7,"Pocket margin is under the floor. Reprice, or get the exception signed.",Pet Supplies,E-commerce Pure-Play,Harbour Butchery,27.32,21.7608,17.8625
OVER_MARKET,5,Amber,20182,CU2112,"Camping Tent - Value, Case 12",0.1037,143.46,48.14,Priced well over the market. Volume is exposed unless the premium is one the customer can name.,Sporting Goods,Government & Education,Stanley Provisions,103.21,16.826,14.3804
BELOW_FLOOR,2,Red,20042,CU2045,"Sunscreen SPF50 - Private label, Case 12",0.2091,106.42,48.13,"Pocket margin is under the floor. Reprice, or get the exception signed.",Health & Beauty,Subscription Box Operator,Sunshine Butchery,30.48,14.9032,12.3318
OVER_MARKET,5,Amber,20164,CU2019,"27in Monitor - Value, Inner pack 6",0.1439,121.22,47.92,Priced well over the market. Volume is exposed unless the premium is one the customer can name.,Consumer Electronics,E-commerce Pure-Play,Kootenay Grill House,411.57,63.3228,59.5101
LOSS,1,Red,20131,CU2143,"Desk Organiser - Private label, Bulk pallet 144",-0.0386,106.32,47.75,Selling below cost once every deduction is counted. Stop quoting this combination until the cost or the deductions change.,Office & Stationery,Sub-Distributor,Burrard Foods,25.85,6.429,4.7078
LEAKAGE,3,Amber,20131,CU2143,"Desk Organiser - Private label, Bulk pallet 144",-0.0386,106.32,47.75,More than a quarter of list never reaches us. The off-invoice deductions are where to look first.,Office & Stationery,Sub-Distributor,Burrard Foods,25.85,6.429,4.7078
BELOW_FLOOR,2,Red,20221,CU2145,"Cat Litter - Private label, Bulk pallet 144",0.0309,116.15,47.19,"Pocket margin is under the floor. Reprice, or get the exception signed.",Pet Supplies,Regional Retail Chain,Harbour Trading Co,15.0,11.5309,9.6498
UNDER_MARKET,4,Amber,20078,CU2052,"Filing Boxes - Value, Inner pack 6",0.2601,90.35,47.1,Priced well under the market with margin to spare. A price rise here is the cheapest margin in the book.,Office & Stationery,Marketplace Seller,Selkirk Supply,15.0,14.0661,12.0736
LOSS,1,Red,20007,CU2057,"Pet Bed - Value, Inner pack 6",-0.0377,103.91,46.63,Selling below cost once every deduction is counted. Stop quoting this combination until the cost or the deductions change.,Pet Supplies,Subscription Box Operator,Okanagan Hospitality,15.0,21.7608,16.3409
UNDER_MARKET,4,Amber,20078,CU2133,"Filing Boxes - Value, Inner pack 6",0.25,90.35,46.54,Priced well under the market with margin to spare. A price rise here is the cheapest margin in the book.,Office & Stationery,Marketplace Seller,Okanagan Bistro,15.63,14.0661,11.9113
BELOW_FLOOR,2,Red,20221,CU2092,"Cat Litter - Private label, Bulk pallet 144",0.0433,116.15,45.99,"Pocket margin is under the floor. Reprice, or get the exception signed.",Pet Supplies,Marketplace Seller,Alder Fine Foods,15.0,11.5309,9.7747
STALE,6,Green,20177,CU2131,"Gel Pens - Premium brand, Bulk pallet 144",0.2539,94.63,43.78,No price change in over a year while input costs moved. Review.,Office & Stationery,Regional Retail Chain,Sunshine Bistro,157.97,20.0495,17.9311
COST_SPIKE,7,Green,20177,CU2131,"Gel Pens - Premium brand, Bulk pallet 144",0.2539,94.63,43.78,Input cost up more than ten points since the price was last set.,Office & Stationery,Regional Retail Chain,Sunshine Bistro,157.97,20.0495,17.9311
BELOW_FLOOR,2,Red,20167,CU2067,"Pet Bed - Private label, Bulk pallet 144",0.148,102.14,43.71,"Pocket margin is under the floor. Reprice, or get the exception signed.",Pet Supplies,Independent Retailer,Alder Bistro,15.0,17.502,14.4425
BELOW_FLOOR,2,Red,20238,CU2143,"Vitamin C Serum - Private label, Each",0.2199,110.47,43.35,"Pocket margin is under the floor. Reprice, or get the exception signed.",Health & Beauty,Sub-Distributor,Burrard Foods,36.84,11.1412,8.5571
BELOW_FLOOR,2,Red,20114,CU2090,"Pet Bed - Private label, Case 12",0.201,114.62,42.59,"Pocket margin is under the floor. Reprice, or get the exception signed.",Pet Supplies,Sub-Distributor,Fraser Trading Co,15.0,28.5831,26.1277
UNDER_MARKET,4,Amber,20104,CU2082,"Bedding Set - National brand, Inner pack 6",0.1884,88.66,42.55,Priced well under the market with margin to spare. A price rise here is the cheapest margin in the book.,Home & Kitchen,E-commerce Pure-Play,Harbour Butchery,266.87,74.8776,70.8942
BELOW_FLOOR,2,Red,20178,CU2131,"Vitamin C Serum - Private label, Case 12",0.1362,81.09,42.49,"Pocket margin is under the floor. Reprice, or get the exception signed.",Health & Beauty,Regional Retail Chain,Sunshine Bistro,15.0,14.2666,12.0731
UNDER_MARKET,4,Amber,20178,CU2131,"Vitamin C Serum - Private label, Case 12",0.1362,81.09,42.49,Priced well under the market with margin to spare. A price rise here is the cheapest margin in the book.,Health & Beauty,Regional Retail Chain,Sunshine Bistro,15.0,14.2666,12.0731
BELOW_FLOOR,2,Red,20069,CU2054,"Cordless Drill - National brand, Inner pack 6",0.0505,103.12,42.11,"Pocket margin is under the floor. Reprice, or get the exception signed.",Tools & Hardware,Marketplace Seller,Cedar Public House,24.43,15.495,12.1273
UNDER_MARKET,4,Amber,20216,CU2139,"Laptop Sleeve - National brand, Each",0.1199,90.1,41.93,Priced well under the market with margin to spare. A price rise here is the cheapest margin in the book.,Apparel & Accessories,E-commerce Pure-Play,Cedar Fine Foods,27.37,23.0477,18.1709
UNDER_MARKET,4,Amber,20060,CU2135,"USB-C Charger - Private label, Case 12",0.3382,88.87,41.63,Priced well under the market with margin to spare. A price rise here is the cheapest margin in the book.,Consumer Electronics,Sub-Distributor,Okanagan Table,512.27,29.4791,23.7944
BELOW_FLOOR,2,Red,20111,CU2031,"Vacuum Sealer - Value, Bulk pallet 144",0.0604,109.83,39.63,"Pocket margin is under the floor. Reprice, or get the exception signed.",Home & Kitchen,Corporate & B2B Buyer,Juniper Public House,17.89,23.1789,20.4997
BELOW_FLOOR,2,Red,20167,CU2147,"Pet Bed - Private label, Bulk pallet 144",0.243,102.14,39.39,"Pocket margin is under the floor. Reprice, or get the exception signed.",Pet Supplies,Marketplace Seller,Cedar Hospitality,22.68,17.502,16.2536
BELOW_FLOOR,2,Red,20146,CU2059,"Sunscreen SPF50 - Value, Case 24",0.0437,88.95,37.91,"Pocket margin is under the floor. Reprice, or get the exception signed.",Health & Beauty,Independent Retailer,Granville Bistro,57.56,6.4069,5.2376
UNDER_MARKET,4,Amber,20146,CU2059,"Sunscreen SPF50 - Value, Case 24",0.0437,88.95,37.91,Priced well under the market with margin to spare. A price rise here is the cheapest margin in the book.,Health & Beauty,Independent Retailer,Granville Bistro,57.56,6.4069,5.2376
STALE,6,Green,20177,CU2141,"Gel Pens - Premium brand, Bulk pallet 144",0.2234,94.63,36.62,No price change in over a year while input costs moved. Review.,Office & Stationery,Marketplace Seller,Sunshine Supply,46.24,20.0495,17.2264
COST_SPIKE,7,Green,20177,CU2141,"Gel Pens - Premium brand, Bulk pallet 144",0.2234,94.63,36.62,Input cost up more than ten points since the price was last set.,Office & Stationery,Marketplace Seller,Sunshine Supply,46.24,20.0495,17.2264
UNDER_MARKET,4,Amber,20078,CU2040,"Filing Boxes - Value, Inner pack 6",0.2139,90.35,36.45,Priced well under the market with margin to spare. A price rise here is the cheapest margin in the book.,Office & Stationery,Independent Retailer,Alder Market,15.0,14.0661,11.3637
BELOW_FLOOR,2,Red,20145,CU2120,"Aquarium Filter - National brand, Master carton 48",0.0948,88.96,35.19,"Pocket margin is under the floor. Reprice, or get the exception signed.",Pet Supplies,Independent Retailer,Stanley Hospitality,24.61,17.0546,15.6707
UNDER_MARKET,4,Amber,20145,CU2120,"Aquarium Filter - National brand, Master carton 48",0.0948,88.96,35.19,Priced well under the market with margin to spare. A price rise here is the cheapest margin in the book.,Pet Supplies,Independent Retailer,Stanley Hospitality,24.61,17.0546,15.6707
BELOW_FLOOR,2,Red,20032,CU2091,"Safety Glasses - National brand, Master carton 48",0.0448,87.44,34.16,"Pocket margin is under the floor. Reprice, or get the exception signed.",Tools & Hardware,Independent Retailer,Selkirk Catering,16.43,18.1412,13.5517
LEAKAGE,3,Amber,20032,CU2091,"Safety Glasses - National brand, Master carton 48",0.0448,87.44,34.16,More than a quarter of list never reaches us. The off-invoice deductions are where to look first.,Tools & Hardware,Independent Retailer,Selkirk Catering,16.43,18.1412,13.5517
UNDER_MARKET,4,Amber,20032,CU2091,"Safety Glasses - National brand, Master carton 48",0.0448,87.44,34.16,Priced well under the market with margin to spare. A price rise here is the cheapest margin in the book.,Tools & Hardware,Independent Retailer,Selkirk Catering,16.43,18.1412,13.5517
UNDER_MARKET,4,Amber,20107,CU2024,"Laminator - National brand, Case 24",0.0982,91.26,34.14,Priced well under the market with margin to spare. A price rise here is the cheapest margin in the book.,Office & Stationery,Corporate & B2B Buyer,Granville Foods,33.0,13.8831,11.9193
UNDER_MARKET,4,Amber,20107,CU2076,"Laminator - National brand, Case 24",0.1288,91.26,32.82,Priced well under the market with margin to spare. A price rise here is the cheapest margin in the book.,Office & Stationery,Government & Education,Mount Grill House,47.31,13.8831,12.3376
UNDER_MARKET,4,Amber,20106,CU2006,"Blender - Value, Each",0.151,84.62,32.72,Priced well under the market with margin to spare. A price rise here is the cheapest margin in the book.,Home & Kitchen,Independent Retailer,Coastal Larder,149.22,18.4076,14.4066
BELOW_FLOOR,2,Red,20069,CU2060,"Cordless Drill - National brand, Inner pack 6",0.0043,103.12,32.66,"Pocket margin is under the floor. Reprice, or get the exception signed.",Tools & Hardware,Subscription Box Operator,Fraser Hospitality,15.0,15.495,11.5652
LEAKAGE,3,Amber,20069,CU2060,"Cordless Drill - National brand, Inner pack 6",0.0043,103.12,32.66,More than a quarter of list never reaches us. The off-invoice deductions are where to look first.,Tools & Hardware,Subscription Box Operator,Fraser Hospitality,15.0,15.495,11.5652
LOSS,1,Red,20131,CU2121,"Desk Organiser - Private label, Bulk pallet 144",-0.1525,106.32,32.22,Selling below cost once every deduction is counted. Stop quoting this combination until the cost or the deductions change.,Office & Stationery,Corporate & B2B Buyer,Riverside Table,15.0,6.429,4.2426
LEAKAGE,3,Amber,20131,CU2121,"Desk Organiser - Private label, Bulk pallet 144",-0.1525,106.32,32.22,More than a quarter of list never reaches us. The off-invoice deductions are where to look first.,Office & Stationery,Corporate & B2B Buyer,Riverside Table,15.0,6.429,4.2426
UNDER_MARKET,4,Amber,20203,CU2131,"Air Fryer - Private label, Master carton 48",0.315,86.79,31.48,Priced well under the market with margin to spare. A price rise here is the cheapest margin in the book.,Home & Kitchen,Regional Retail Chain,Sunshine Bistro,40.06,22.6914,20.0931
UNDER_MARKET,4,Amber,20096,CU2143,"Desk Organiser - Value, Each",0.0549,71.98,30.28,Priced well under the market with margin to spare. A price rise here is the cheapest margin in the book.,Office & Stationery,Sub-Distributor,Burrard Foods,22.2,18.8851,15.1583
COST_SPIKE,7,Green,20096,CU2143,"Desk Organiser - Value, Each",0.0549,71.98,30.28,Input cost up more than ten points since the price was last set.,Office & Stationery,Sub-Distributor,Burrard Foods,22.2,18.8851,15.1583
UNDER_MARKET,4,Amber,20193,CU2104,"Chew Toy Pack - Premium brand, Master carton 48",0.2285,81.41,29.84,Priced well under the market with margin to spare. A price rise here is the cheapest margin in the book.,Pet Supplies,Corporate & B2B Buyer,Summit Table,15.0,53.1382,48.1949
COST_SPIKE,7,Green,20193,CU2104,"Chew Toy Pack - Premium brand, Master carton 48",0.2285,81.41,29.84,Input cost up more than ten points since the price was last set.,Pet Supplies,Corporate & B2B Buyer,Summit Table,15.0,53.1382,48.1949
UNDER_MARKET,4,Amber,20173,CU2046,"Nonstick Cookware Set - Value, Bulk pallet 144",0.1476,90.06,29.53,Priced well under the market with margin to spare. A price rise here is the cheapest margin in the book.,Home & Kitchen,Marketplace Seller,Kitsilano Catering,77.29,26.0928,23.267
STALE,6,Green,20174,CU2066,"Socket Set - National brand, Each",0.1729,,28.26,No price change in over a year while input costs moved. Review.,Tools & Hardware,Corporate & B2B Buyer,Marine Provisions,86.54,33.942,30.8869
UNDER_MARKET,4,Amber,20075,CU2047,"Resistance Bands - Private label, Each",0.3227,74.2,27.68,Priced well under the market with margin to spare. A price rise here is the cheapest margin in the book.,Sporting Goods,Corporate & B2B Buyer,Kitsilano Kitchen Group,136.63,27.8218,24.1467
BELOW_FLOOR,2,Red,20069,CU2103,"Cordless Drill - National brand, Inner pack 6",0.039,103.12,27.61,"Pocket margin is under the floor. Reprice, or get the exception signed.",Tools & Hardware,Marketplace Seller,Summit Grill House,15.0,15.495,11.9821
UNDER_MARKET,4,Amber,20203,CU2020,"Air Fryer - Private label, Master carton 48",0.3347,86.79,27.59,Priced well under the market with margin to spare. A price rise here is the cheapest margin in the book.,Home & Kitchen,Marketplace Seller,Cedar Larder,68.88,22.6914,20.6896
LOSS,1,Red,20131,CU2030,"Desk Organiser - Private label, Bulk pallet 144",-0.0351,106.32,27.55,Selling below cost once every deduction is counted. Stop quoting this combination until the cost or the deductions change.,Office & Stationery,Independent Retailer,Mount Catering,15.0,6.429,4.7239
LEAKAGE,3,Amber,20131,CU2030,"Desk Organiser - Private label, Bulk pallet 144",-0.0351,106.32,27.55,More than a quarter of list never reaches us. The off-invoice deductions are where to look first.,Office & Stationery,Independent Retailer,Mount Catering,15.0,6.429,4.7239
COST_SPIKE,7,Green,20154,CU2145,"Filing Boxes - National brand, Each",0.125,92.65,25.93,Input cost up more than ten points since the price was last set.,Office & Stationery,Regional Retail Chain,Harbour Trading Co,46.55,17.1586,15.2456
OVER_MARKET,5,Amber,20182,CU2013,"Camping Tent - Value, Case 12",0.1225,143.46,25.86,Priced well over the market. Volume is exposed unless the premium is one the customer can name.,Sporting Goods,Independent Retailer,Stanley Bistro,129.57,16.826,14.6893
UNDER_MARKET,4,Amber,20216,CU2063,"Laptop Sleeve - National brand, Each",0.1844,90.1,25.78,Priced well under the market with margin to spare. A price rise here is the cheapest margin in the book.,Apparel & Accessories,Sub-Distributor,Stanley Table,66.26,23.0477,19.607
UNDER_MARKET,4,Amber,20001,CU2076,"Multivitamin - Private label, Case 12",0.3147,66.48,24.95,Priced well under the market with margin to spare. A price rise here is the cheapest margin in the book.,Health & Beauty,Government & Education,Mount Grill House,42.08,19.9168,16.5614
BELOW_FLOOR,2,Red,20131,CU2103,"Desk Organiser - Private label, Bulk pallet 144",0.0296,106.32,24.5,"Pocket margin is under the floor. Reprice, or get the exception signed.",Office & Stationery,Marketplace Seller,Summit Grill House,15.0,6.429,5.0387
COST_SPIKE,7,Green,20105,CU2009,"Filing Boxes - Premium brand, Master carton 48",0.2482,113.09,24.27,Input cost up more than ten points since the price was last set.,Office & Stationery,Marketplace Seller,Sunshine Kitchen Group,41.75,20.3704,17.6933
BELOW_FLOOR,2,Red,20131,CU2076,"Desk Organiser - Private label, Bulk pallet 144",0.037,106.32,24.13,"Pocket margin is under the floor. Reprice, or get the exception signed.",Office & Stationery,Government & Education,Mount Grill House,15.0,6.429,5.0773
STALE,6,Green,20072,CU2115,"Dry-Erase Board - National brand, Case 12",0.1914,96.41,23.72,No price change in over a year while input costs moved. Review.,Office & Stationery,Sub-Distributor,Riverside Hospitality,136.55,19.4974,16.9895
UNDER_MARKET,4,Amber,20112,CU2149,"Bedding Set - Private label, Inner pack 6",0.2581,76.71,23.68,Priced well under the market with margin to spare. A price rise here is the cheapest margin in the book.,Home & Kitchen,Corporate & B2B Buyer,Mount Supply,18.34,22.5529,19.6824
STALE,6,Green,20112,CU2149,"Bedding Set - Private label, Inner pack 6",0.2581,76.71,23.68,No price change in over a year while input costs moved. Review.,Home & Kitchen,Corporate & B2B Buyer,Mount Supply,18.34,22.5529,19.6824
BELOW_FLOOR,2,Red,20131,CU2044,"Desk Organiser - Private label, Bulk pallet 144",0.0484,106.32,23.54,"Pocket margin is under the floor. Reprice, or get the exception signed.",Office & Stationery,Corporate & B2B Buyer,Harbour Public House,15.0,6.429,5.138
OVER_MARKET,5,Amber,20164,CU2035,"27in Monitor - Value, Inner pack 6",0.1446,121.22,23.47,Priced well over the market. Volume is exposed unless the premium is one the customer can name.,Consumer Electronics,Corporate & B2B Buyer,Salish Bistro,295.11,63.3228,59.5533
BELOW_FLOOR,2,Red,20131,CU2055,"Desk Organiser - Private label, Bulk pallet 144",0.0525,106.32,23.32,"Pocket margin is under the floor. Reprice, or get the exception signed.",Office & Stationery,Marketplace Seller,Riverside Foods,15.0,6.429,5.1602
BELOW_FLOOR,2,Red,20026,CU2052,"Copy Paper - National brand, Inner pack 6",0.1072,,22.94,"Pocket margin is under the floor. Reprice, or get the exception signed.",Office & Stationery,Marketplace Seller,Selkirk Supply,22.3,12.7349,10.8998
UNDER_MARKET,4,Amber,20015,CU2008,"Body Wash - Value, Bulk pallet 144",0.1338,87.75,22.74,Priced well under the market with margin to spare. A price rise here is the cheapest margin in the book.,Health & Beauty,Independent Retailer,Kitsilano Table,81.41,12.442,10.1162
BELOW_FLOOR,2,Red,20131,CU2109,"Desk Organiser - Private label, Bulk pallet 144",0.0676,106.32,22.51,"Pocket margin is under the floor. Reprice, or get the exception signed.",Office & Stationery,Subscription Box Operator,Kootenay Trading Co,15.0,6.429,5.2439
UNDER_MARKET,4,Amber,20146,CU2009,"Sunscreen SPF50 - Value, Case 24",0.1259,88.95,21.64,Priced well under the market with margin to spare. A price rise here is the cheapest margin in the book.,Health & Beauty,Marketplace Seller,Sunshine Kitchen Group,86.9,6.4069,5.7306
BELOW_FLOOR,2,Red,20238,CU2139,"Vitamin C Serum - Private label, Each",0.2218,110.47,21.53,"Pocket margin is under the floor. Reprice, or get the exception signed.",Health & Beauty,E-commerce Pure-Play,Cedar Fine Foods,18.51,11.1412,8.5781
COST_SPIKE,7,Green,20058,CU2040,"Cotton T-Shirt 5pk - Value, Case 12",0.1452,105.86,20.71,Input cost up more than ten points since the price was last set.,Apparel & Accessories,Independent Retailer,Alder Market,15.0,35.2445,30.8256
OVER_MARKET,5,Amber,20182,CU2085,"Camping Tent - Value, Case 12",0.0968,143.46,20.49,Priced well over the market. Volume is exposed unless the premium is one the customer can name.,Sporting Goods,Government & Education,Chilcotin Fine Foods,36.49,16.826,14.2705
STALE,6,Green,20174,CU2019,"Socket Set - National brand, Each",0.1785,,19.51,No price change in over a year while input costs moved. Review.,Tools & Hardware,E-commerce Pure-Play,Kootenay Grill House,125.6,33.942,31.0966
UNDER_MARKET,4,Amber,20075,CU2004,"Resistance Bands - Private label, Each",0.3151,74.2,19.36,Priced well under the market with margin to spare. A price rise here is the cheapest margin in the book.,Sporting Goods,Independent Retailer,Stanley Butchery,50.64,27.8218,23.878
UNDER_MARKET,4,Amber,20001,CU2138,"Multivitamin - Private label, Case 12",0.3291,66.48,18.57,Priced well under the market with margin to spare. A price rise here is the cheapest margin in the book.,Health & Beauty,Marketplace Seller,Okanagan Grill House,51.2,19.9168,16.9157
STALE,6,Green,20195,CU2081,"Hair Dryer - Value, Inner pack 6",0.1711,92.36,18.19,No price change in over a year while input costs moved. Review.,Health & Beauty,Regional Retail Chain,Kootenay Public House,188.36,13.1347,11.6203
COST_SPIKE,7,Green,20195,CU2081,"Hair Dryer - Value, Inner pack 6",0.1711,92.36,18.19,Input cost up more than ten points since the price was last set.,Health & Beauty,Regional Retail Chain,Kootenay Public House,188.36,13.1347,11.6203
UNDER_MARKET,4,Amber,20107,CU2078,"Laminator - National brand, Case 24",0.1505,91.26,17.43,Priced well under the market with margin to spare. A price rise here is the cheapest margin in the book.,Office & Stationery,E-commerce Pure-Play,Juniper Market,39.96,13.8831,12.6535
LEAKAGE,3,Amber,20186,CU2054,"Laser Measure - National brand, Case 24",0.1885,105.73,17.33,More than a quarter of list never reaches us. The off-invoice deductions are where to look first.,Tools & Hardware,Marketplace Seller,Cedar Public House,109.36,56.6822,40.1797
COST_SPIKE,7,Green,20154,CU2101,"Filing Boxes - National brand, Each",0.1479,92.65,16.9,Input cost up more than ten points since the price was last set.,Office & Stationery,Independent Retailer,Marine Market,79.47,17.1586,15.6562
UNDER_MARKET,4,Amber,20193,CU2111,"Chew Toy Pack - Premium brand, Master carton 48",0.2476,81.41,16.43,Priced well under the market with margin to spare. A price rise here is the cheapest margin in the book.,Pet Supplies,Independent Retailer,Kitsilano Fine Foods,15.0,53.1382,49.4188
COST_SPIKE,7,Green,20193,CU2111,"Chew Toy Pack - Premium brand, Master carton 48",0.2476,81.41,16.43,Input cost up more than ten points since the price was last set.,Pet Supplies,Independent Retailer,Kitsilano Fine Foods,15.0,53.1382,49.4188
UNDER_MARKET,4,Amber,20096,CU2108,"Desk Organiser - Value, Each",0.0903,71.98,16.28,Priced well under the market with margin to spare. A price rise here is the cheapest margin in the book.,Office & Stationery,Sub-Distributor,Okanagan Market,18.93,18.8851,15.7477
COST_SPIKE,7,Green,20096,CU2108,"Desk Organiser - Value, Each",0.0903,71.98,16.28,Input cost up more than ten points since the price was last set.,Office & Stationery,Sub-Distributor,Okanagan Market,18.93,18.8851,15.7477
UNDER_MARKET,4,Amber,20193,CU2042,"Chew Toy Pack - Premium brand, Master carton 48",0.2497,81.41,14.97,Priced well under the market with margin to spare. A price rise here is the cheapest margin in the book.,Pet Supplies,Corporate & B2B Buyer,Okanagan Provisions,15.0,53.1382,49.5519
COST_SPIKE,7,Green,20193,CU2042,"Chew Toy Pack - Premium brand, Master carton 48",0.2497,81.41,14.97,Input cost up more than ten points since the price was last set.,Pet Supplies,Corporate & B2B Buyer,Okanagan Provisions,15.0,53.1382,49.5519
UNDER_MARKET,4,Amber,20146,CU2120,"Sunscreen SPF50 - Value, Case 24",0.1105,88.95,14.5,Priced well under the market with margin to spare. A price rise here is the cheapest margin in the book.,Health & Beauty,Independent Retailer,Stanley Hospitality,43.75,6.4069,5.6314
STALE,6,Green,20168,CU2111,"Vacuum Sealer - Premium brand, Inner pack 6",0.259,98.14,11.48,No price change in over a year while input costs moved. Review.,Home & Kitchen,Independent Retailer,Kitsilano Fine Foods,60.35,125.2574,116.2778
COST_SPIKE,7,Green,20168,CU2111,"Vacuum Sealer - Premium brand, Inner pack 6",0.259,98.14,11.48,Input cost up more than ten points since the price was last set.,Home & Kitchen,Independent Retailer,Kitsilano Fine Foods,60.35,125.2574,116.2778
UNDER_MARKET,4,Amber,20096,CU2057,"Desk Organiser - Value, Each",0.0989,71.98,10.97,Priced well under the market with margin to spare. A price rise here is the cheapest margin in the book.,Office & Stationery,Subscription Box Operator,Okanagan Hospitality,15.0,18.8851,15.8977
COST_SPIKE,7,Green,20096,CU2057,"Desk Organiser - Value, Each",0.0989,71.98,10.97,Input cost up more than ten points since the price was last set.,Office & Stationery,Subscription Box Operator,Okanagan Hospitality,15.0,18.8851,15.8977
COST_SPIKE,7,Green,20058,CU2036,"Cotton T-Shirt 5pk - Value, Case 12",0.1738,105.86,7.82,Input cost up more than ten points since the price was last set.,Apparel & Accessories,Regional Retail Chain,Fraser Provisions,15.16,35.2445,31.893
UNDER_MARKET,4,Amber,20216,CU2085,"Laptop Sleeve - National brand, Each",0.183,90.1,6.23,Priced well under the market with margin to spare. A price rise here is the cheapest margin in the book.,Apparel & Accessories,Government & Education,Chilcotin Fine Foods,15.0,23.0477,19.5737
UNDER_MARKET,4,Amber,20197,CU2007,"Copy Paper - National brand, Master carton 48",0.1683,75.35,5.54,Priced well under the market with margin to spare. A price rise here is the cheapest margin in the book.,Office & Stationery,Sub-Distributor,Juniper Kitchen Group,27.16,20.965,16.58
STALE,6,Green,20177,CU2021,"Gel Pens - Premium brand, Bulk pallet 144",0.2495,94.63,5.37,No price change in over a year while input costs moved. Review.,Office & Stationery,Corporate & B2B Buyer,Marine Larder,15.15,20.0495,17.8256
COST_SPIKE,7,Green,20177,CU2021,"Gel Pens - Premium brand, Bulk pallet 144",0.2495,94.63,5.37,Input cost up more than ten points since the price was last set.,Office & Stationery,Corporate & B2B Buyer,Marine Larder,15.15,20.0495,17.8256
COST_SPIKE,7,Green,20058,CU2145,"Cotton T-Shirt 5pk - Value, Case 12",0.1859,105.86,4.71,Input cost up more than ten points since the price was last set.,Apparel & Accessories,Regional Retail Chain,Harbour Trading Co,35.78,35.2445,32.3674
UNDER_MARKET,4,Amber,20216,CU2126,"Laptop Sleeve - National brand, Each",0.1918,90.1,3.92,Priced well under the market with margin to spare. A price rise here is the cheapest margin in the book.,Apparel & Accessories,Marketplace Seller,Sunshine Foods,16.04,23.0477,19.7884
UNDER_MARKET,4,Amber,20099,CU2143,"Copy Paper - Value, Bulk pallet 144",0.1662,91.9,3.26,Priced well under the market with margin to spare. A price rise here is the cheapest margin in the book.,Office & Stationery,Sub-Distributor,Burrard Foods,390.9,12.6296,9.9416
UNDER_MARKET,4,Amber,20096,CU2003,"Desk Organiser - Value, Each",0.1364,71.98,2.13,Priced well under the market with margin to spare. A price rise here is the cheapest margin in the book.,Office & Stationery,Regional Retail Chain,Alder Butchery,15.0,18.8851,16.5875
COST_SPIKE,7,Green,20096,CU2003,"Desk Organiser - Value, Each",0.1364,71.98,2.13,Input cost up more than ten points since the price was last set.,Office & Stationery,Regional Retail Chain,Alder Butchery,15.0,18.8851,16.5875
LEAKAGE,3,Amber,20066,CU2121,"Laminator - Private label, Master carton 48",0.3676,98.71,1.53,More than a quarter of list never reaches us. The off-invoice deductions are where to look first.,Office & Stationery,Corporate & B2B Buyer,Riverside Table,146.92,15.4497,11.3195
COST_SPIKE,7,Green,20058,CU2034,"Cotton T-Shirt 5pk - Value, Case 12",0.1878,105.86,1.08,Input cost up more than ten points since the price was last set.,Apparel & Accessories,Marketplace Seller,Harbour Foods,15.0,35.2445,32.4406
UNDER_MARKET,4,Amber,20096,CU2044,"Desk Organiser - Value, Each",0.1434,71.98,0.38,Priced well under the market with margin to spare. A price rise here is the cheapest margin in the book.,Office & Stationery,Corporate & B2B Buyer,Harbour Public House,15.0,18.8851,16.7237
COST_SPIKE,7,Green,20096,CU2044,"Desk Organiser - Value, Each",0.1434,71.98,0.38,Input cost up more than ten points since the price was last set.,Office & Stationery,Corporate & B2B Buyer,Harbour Public House,15.0,18.8851,16.7237
