month,product_id,description,category,customer_id,customer_name,segment,salesperson,quantity_units,list_price,pocket_price,final_cost,pocket_margin_pct,leakage_pct,extended_margin,target_margin,floor_margin,verdict,margin_gap_dollars
2026-06-01,20052,"Fastener Assortment - Value, Case 24",Tools & Hardware,CU2107,Selkirk Bistro,E-commerce Pure-Play,Hollis Marchetti,9294.55,38.6068,26.7439,20.9121,0.21806094099962986,0.3072748842172881,54203.956690000006,0.1659,0.0759,Excessive leakage,0.0
2026-06-01,20052,"Fastener Assortment - Value, Case 24",Tools & Hardware,CU2006,Coastal Larder,Independent Retailer,Dana Whitfield,6576.93,38.6068,27.2145,20.9121,0.23158242848481514,0.2950853217567889,41450.44363200002,0.1659,0.0759,Excessive leakage,0.0
2026-06-01,20092,"Yoga Mat - Premium brand, Each",Sporting Goods,CU2124,Mount Fine Foods,Marketplace Seller,Yusuf Kandemir,5305.44,50.1679,43.4465,37.623,0.13403841506220301,0.1339781015350454,30896.22984000001,0.2685,0.17850000000000002,Below floor,30993.771680759983
2026-06-01,20092,"Yoga Mat - Premium brand, Each",Sporting Goods,CU2115,Riverside Hospitality,Sub-Distributor,Marcus Oyelaran,4276.01,50.1679,44.2303,37.623,0.14938401955220748,0.1183545653694893,28252.88087300001,0.2685,0.17850000000000002,Below floor,22528.310697155495
2026-06-01,20225,"Air Fryer - Private label, Case 24",Home & Kitchen,CU2022,Summit Supply,Regional Retail Chain,Priya Raghunathan,2063.34,49.3361,36.4485,23.8849,0.34469456904948087,0.2612204856079017,25922.97842400001,0.3343,0.2443,Excessive leakage,0.0
2026-06-01,20090,"Pet Bed - National brand, Bulk pallet 144",Pet Supplies,CU2022,Summit Supply,Regional Retail Chain,Priya Raghunathan,1320.47,64.639,47.3645,32.6544,0.31057226403741195,0.26724578041120683,19424.245746999997,0.205,0.11499999999999999,Excessive leakage,0.0
2026-06-01,20092,"Yoga Mat - Premium brand, Each",Sporting Goods,CU2016,Alder Trading Co,Corporate & B2B Buyer,Simone Delacroix,5821.68,50.1679,40.4148,37.623,0.06907865435434549,0.19440917399372915,16252.966224000013,0.2685,0.17850000000000002,Below floor,46920.259599984
2026-06-01,20054,"Work Gloves - National brand, Bulk pallet 144",Tools & Hardware,CU2107,Selkirk Bistro,E-commerce Pure-Play,Hollis Marchetti,1272.66,77.3507,52.0839,39.3269,0.2449317351427216,0.3266525060535975,16235.32362,0.1761,0.08610000000000001,Excessive leakage,0.0
2026-06-01,20214,"Vitamin C Serum - Premium brand, Case 24",Health & Beauty,CU2107,Selkirk Bistro,E-commerce Pure-Play,Hollis Marchetti,6242.73,16.0618,10.492,8.5259,0.18739039268013732,0.346773088943954,12273.831453000004,0.2545,0.1645,Excessive leakage,4395.593591219995
2026-06-01,20205,"Bedding Set - Private label, Case 12",Home & Kitchen,CU2022,Summit Supply,Regional Retail Chain,Priya Raghunathan,1647.08,35.6983,26.5601,19.6973,0.2583875813720581,0.2559841785183049,11303.580624,0.3444,0.25439999999999996,Excessive leakage,3762.7516905551993
2026-06-01,20092,"Yoga Mat - Premium brand, Each",Sporting Goods,CU2008,Kitsilano Table,Independent Retailer,Priya Raghunathan,1677.45,50.1679,43.3133,37.623,0.13137535122006405,0.13663318576221062,9545.193735,0.2685,0.17850000000000002,Below floor,9962.914095322501
2026-06-01,20054,"Work Gloves - National brand, Bulk pallet 144",Tools & Hardware,CU2063,Stanley Table,Sub-Distributor,Dana Whitfield,398.67,77.3507,57.9861,39.3269,0.3217874628574779,0.2503480899332521,7438.863264,0.1761,0.08610000000000001,Excessive leakage,0.0
2026-06-01,20054,"Work Gloves - National brand, Bulk pallet 144",Tools & Hardware,CU2096,Riverside Market,Marketplace Seller,Bea Okonkwo,463.62,77.3507,55.3551,39.3269,0.28955236283558333,0.28436200318807714,7430.994083999999,0.1761,0.08610000000000001,Excessive leakage,0.0
2026-06-01,20031,"Laptop Sleeve - Premium brand, Master carton 48",Apparel & Accessories,CU2022,Summit Supply,Regional Retail Chain,Priya Raghunathan,604.95,41.8966,31.2567,19.1685,0.38673948305483297,0.25395616828095835,7312.756589999999,0.2466,0.15660000000000002,Excessive leakage,0.0
2026-06-01,20104,"Bedding Set - National brand, Inner pack 6",Home & Kitchen,CU2127,Sunshine Public House,Corporate & B2B Buyer,Bea Okonkwo,1497.45,74.8776,61.5728,57.5412,0.06547696385416933,0.1776873190380034,6037.119419999996,0.1906,0.1006,Below floor,11536.617872016002
2026-06-01,20054,"Work Gloves - National brand, Bulk pallet 144",Tools & Hardware,CU2016,Alder Trading Co,Corporate & B2B Buyer,Simone Delacroix,563.2,77.3507,50.0452,39.3269,0.21417238816110235,0.3530090871834386,6036.54656,0.1761,0.08610000000000001,Excessive leakage,0.0
2026-06-01,20074,"Vacuum Sealer - Private label, Case 24",Home & Kitchen,CU2096,Riverside Market,Marketplace Seller,Bea Okonkwo,1871.71,20.2118,16.5246,13.3015,0.19504859421710655,0.1824280865632948,6032.708500999997,0.3192,0.2292,Below floor,3839.9109928672015
2026-06-01,20092,"Yoga Mat - Premium brand, Each",Sporting Goods,CU2051,Mount Butchery,Subscription Box Operator,Nikita Petrenko,773.29,50.1679,45.0347,37.623,0.16457753687711926,0.102320408069702,5731.393493000002,0.2685,0.17850000000000002,Below floor,3619.087636265498
2026-06-01,20134,"Power Bank - Private label, Case 24",Consumer Electronics,CU2050,Cedar Butchery,Marketplace Seller,Alix Fontaine,539.05,42.4974,31.6461,21.5117,0.32024167274956467,0.2553403267023394,5462.9483199999995,0.354,0.264,Excessive leakage,575.8775725700006
2026-06-01,20164,"27in Monitor - Value, Inner pack 6",Consumer Electronics,CU2080,Cedar Catering,Government & Education,Jonah Stavrides,4847.16,63.3228,52.0024,50.944,0.020352906788917415,0.17877289064918167,5130.234143999995,0.1459,0.055900000000000005,Below floor,31645.896625545607
2026-06-01,20169,"Grooming Kit - Premium brand, Case 12",Pet Supplies,CU2127,Sunshine Public House,Corporate & B2B Buyer,Bea Okonkwo,1782.89,24.7082,19.2973,16.7654,0.13120488358475021,0.21899207550529787,4514.099191000001,0.2518,0.16180000000000003,Below floor,4149.070542004601
2026-06-01,20214,"Vitamin C Serum - Premium brand, Case 24",Health & Beauty,CU2134,Stanley Public House,Marketplace Seller,Alix Fontaine,1308.86,16.0618,11.9173,8.5259,0.2845778825740729,0.25803459139075335,4438.867803999999,0.2545,0.1645,Excessive leakage,0.0
2026-06-01,20203,"Air Fryer - Private label, Master carton 48",Home & Kitchen,CU2080,Cedar Catering,Government & Education,Jonah Stavrides,875.31,22.6914,18.4589,13.7639,0.25434885068991114,0.1865244101289476,4109.58045,0.3541,0.2641,Below floor,1611.7052306618996
2026-06-01,20168,"Vacuum Sealer - Premium brand, Inner pack 6",Home & Kitchen,CU2010,Coastal Table,Sub-Distributor,Dana Whitfield,256.14,125.2574,102.0798,86.166,0.15589568161379636,0.18503976611361883,4076.160732000002,0.2606,0.1706,Below floor,2737.6744927031978
2026-06-01,20074,"Vacuum Sealer - Private label, Case 24",Home & Kitchen,CU2010,Coastal Table,Sub-Distributor,Dana Whitfield,1244.92,20.2118,16.4506,13.3015,0.19142766829173408,0.18608931416301366,3920.3775720000012,0.3192,0.2292,Below floor,2616.7365878783994
2026-06-01,20104,"Bedding Set - National brand, Inner pack 6",Home & Kitchen,CU2077,Burrard Public House,Corporate & B2B Buyer,Bea Okonkwo,813.47,74.8776,61.7895,57.5412,0.06875440001942067,0.17479326260457073,3455.8646009999948,0.1906,0.1006,Below floor,6124.435609089005
2026-06-01,20174,"Socket Set - National brand, Each",Tools & Hardware,CU2016,Alder Trading Co,Corporate & B2B Buyer,Simone Delacroix,2131.64,33.942,27.1518,25.5457,0.059152616032822916,0.2000530316422131,3423.6270040000027,0.1835,0.0935,Below floor,7196.960847691997
2026-06-01,20174,"Socket Set - National brand, Each",Tools & Hardware,CU2107,Selkirk Bistro,E-commerce Pure-Play,Hollis Marchetti,1454.67,33.942,27.8243,25.5457,0.08189244653055067,0.1802398208708974,3314.6110620000013,0.1835,0.0935,Below floor,4112.583455263499
2026-06-01,20214,"Vitamin C Serum - Premium brand, Case 24",Health & Beauty,CU2135,Okanagan Table,Sub-Distributor,Nikita Petrenko,2210.52,16.0618,9.9431,8.5259,0.1425310013979543,0.3809473408957901,3132.7489439999986,0.2545,0.1645,Below floor,2461.013805354001
2026-06-01,20149,"Cordless Drill - Value, Each",Tools & Hardware,CU2096,Riverside Market,Marketplace Seller,Bea Okonkwo,1976.19,43.3886,34.6524,33.0741,0.045546628804931225,0.2013478194733178,3119.0206769999977,0.1885,0.0985,Below floor,9789.407741106004
2026-06-01,20192,"Body Wash - National brand, Inner pack 6",Health & Beauty,CU2057,Okanagan Hospitality,Subscription Box Operator,Bea Okonkwo,1078.67,22.3688,15.9127,13.1612,0.1729122022032716,0.2886207574836379,2967.9605050000005,0.2061,0.11610000000000001,Excessive leakage,569.6536846649
2026-06-01,20214,"Vitamin C Serum - Premium brand, Case 24",Health & Beauty,CU2011,Okanagan Larder,Regional Retail Chain,Nikita Petrenko,1117.35,16.0618,11.0439,8.5259,0.22799916696094683,0.31241205842433606,2813.4873000000007,0.2545,0.1645,Excessive leakage,327.0176737424993
2026-06-01,20192,"Body Wash - National brand, Inner pack 6",Health & Beauty,CU2006,Coastal Larder,Independent Retailer,Dana Whitfield,3215.13,22.3688,13.9871,13.1612,0.059047264979874364,0.3747049461750295,2655.3758670000025,0.2061,0.11610000000000001,Below floor,6613.012201020299
2026-06-01,20092,"Yoga Mat - Premium brand, Each",Sporting Goods,CU2033,Selkirk Butchery,Independent Retailer,Simone Delacroix,327.35,50.1679,45.6594,37.623,0.17600756908763587,0.08986822250881554,2630.71554,0.2685,0.17850000000000002,Below floor,1382.4477924149999
2026-06-01,20224,"Chew Toy Pack - National brand, Case 24",Pet Supplies,CU2022,Summit Supply,Regional Retail Chain,Priya Raghunathan,1599.71,21.2015,15.6624,14.052,0.10281949126570643,0.2612598165224158,2576.1729840000007,0.1655,0.07550000000000001,Excessive leakage,1570.4788191119997
2026-06-01,20186,"Laser Measure - National brand, Case 24",Tools & Hardware,CU2107,Selkirk Bistro,E-commerce Pure-Play,Hollis Marchetti,357.94,56.6822,39.6907,32.6076,0.17845742201573672,0.29976782834822924,2535.3248140000005,0.1924,0.10239999999999999,Excessive leakage,198.0806599991993
2026-06-01,20048,"HDMI Cable - National brand, Master carton 48",Consumer Electronics,CU2142,Mount Public House,Marketplace Seller,Jonah Stavrides,416.84,108.0447,96.0488,90.0938,0.06199973346882,0.11102719522567983,2482.282199999999,0.1688,0.07880000000000001,Below floor,4275.9603264896
2026-06-01,20231,"Mechanical Keyboard - Value, Case 12",Consumer Electronics,CU2080,Cedar Catering,Government & Education,Jonah Stavrides,1864.74,31.3333,25.465,24.1525,0.05154133123895543,0.18728636945358457,2447.47125,0.1544,0.06440000000000001,Below floor,4884.306023040001
2026-06-01,20001,"Multivitamin - Private label, Case 12",Health & Beauty,CU2006,Coastal Larder,Independent Retailer,Dana Whitfield,689.72,19.9168,14.8219,11.3495,0.23427495800133577,0.2558091661311054,2394.9837279999992,0.3505,0.26049999999999995,Below floor,1188.1640562340008
2026-06-01,20157,"LED Floor Lamp - Premium brand, Case 12",Home & Kitchen,CU2125,Mount Bistro,Marketplace Seller,Nikita Petrenko,1092.1,20.666,15.5243,13.3615,0.13931707065697008,0.2487999612890739,2361.9938800000004,0.2543,0.16430000000000003,Below floor,1949.4307060289998
2026-06-01,20073,"HDMI Cable - National brand, Each",Consumer Electronics,CU2135,Okanagan Table,Sub-Distributor,Nikita Petrenko,118.88,60.1678,45.0422,28.318,0.37130069135166577,0.25139027852106943,1988.1728959999998,0.2055,0.11549999999999999,Excessive leakage,0.0
2026-06-01,20054,"Work Gloves - National brand, Bulk pallet 144",Tools & Hardware,CU2054,Cedar Public House,Marketplace Seller,Alix Fontaine,130.1,77.3507,54.224,39.3269,0.27473259073472994,0.2989850124174701,1938.1127099999992,0.1761,0.08610000000000001,Excessive leakage,0.0
2026-06-01,20173,"Nonstick Cookware Set - Value, Bulk pallet 144",Home & Kitchen,CU2010,Coastal Table,Sub-Distributor,Dana Whitfield,1387.76,26.0928,21.1367,19.8333,0.061665255219594345,0.18994128648516062,1808.8063839999998,0.164,0.07400000000000001,Below floor,3001.750969888001
2026-06-01,20001,"Multivitamin - Private label, Case 12",Health & Beauty,CU2143,Burrard Foods,Sub-Distributor,Hollis Marchetti,465.8,19.9168,15.225,11.3495,0.2545484400656814,0.23556997107969146,1805.2078999999994,0.3505,0.26049999999999995,Below floor,680.4697525000003
2026-06-01,20101,"Chew Toy Pack - National brand, Each",Pet Supplies,CU2078,Juniper Market,E-commerce Pure-Play,Dana Whitfield,833.41,34.0418,29.6757,27.5186,0.07268910253170102,0.12825702518668236,1797.7487109999997,0.1994,0.1094,Below floor,3133.8171013177994
2026-06-01,20122,"Body Wash - National brand, Bulk pallet 144",Health & Beauty,CU2050,Cedar Butchery,Marketplace Seller,Alix Fontaine,263.68,34.14,22.677,15.892,0.2992018344578207,0.3357644991212654,1789.0688,0.1982,0.10819999999999999,Excessive leakage,0.0
2026-06-01,20192,"Body Wash - National brand, Inner pack 6",Health & Beauty,CU2125,Mount Bistro,Marketplace Seller,Nikita Petrenko,1976.64,22.3688,14.0304,13.1612,0.061951191698027215,0.372769214262723,1718.0954880000022,0.2061,0.11610000000000001,Below floor,3997.6860873215983
2026-06-01,20203,"Air Fryer - Private label, Master carton 48",Home & Kitchen,CU2023,Summit Provisions,E-commerce Pure-Play,Yusuf Kandemir,424.33,22.6914,17.4125,13.7639,0.20953912419239062,0.23263879707730684,1548.2104380000007,0.3541,0.2641,Below floor,1068.1091548624995
2026-06-01,20001,"Multivitamin - Private label, Case 12",Health & Beauty,CU2016,Alder Trading Co,Corporate & B2B Buyer,Simone Delacroix,503.06,19.9168,14.2788,11.3495,0.20515029274168695,0.2830776028277634,1473.6136579999998,0.3505,0.26049999999999995,Below floor,1044.0604833640002
2026-06-01,20074,"Vacuum Sealer - Private label, Case 24",Home & Kitchen,CU2006,Coastal Larder,Independent Retailer,Dana Whitfield,558.35,20.2118,15.9384,13.3015,0.16544320634442597,0.21143094627890635,1472.3131149999995,0.3192,0.2292,Below floor,1368.3133252880007
2026-06-01,20070,"Power Bank - Value, Case 12",Consumer Electronics,CU2141,Sunshine Supply,Marketplace Seller,Simone Delacroix,506.66,45.1528,40.7435,37.8988,0.06981972584584034,0.09765285873744267,1441.295701999998,0.1818,0.09179999999999999,Below floor,2311.620188878002
2026-06-01,20211,"Cat Litter - Premium brand, Each",Pet Supplies,CU2096,Riverside Market,Marketplace Seller,Bea Okonkwo,1085.1,28.694,23.0782,21.7584,0.05718816892131957,0.1957133895587928,1432.1149799999969,0.2585,0.1685,Below floor,5041.282040970003
2026-06-01,20075,"Resistance Bands - Private label, Each",Sporting Goods,CU2030,Mount Catering,Independent Retailer,Marcus Oyelaran,381.04,27.8218,20.0381,16.3543,0.1838397852091766,0.27976982078801516,1403.6751520000007,0.3311,0.2411,Below floor,1124.3785133063996
2026-06-01,20218,"Desk Organiser - Private label, Case 12",Office & Stationery,CU2016,Alder Trading Co,Corporate & B2B Buyer,Simone Delacroix,393.44,16.6363,13.7757,10.2116,0.25872369462168887,0.17194929160931205,1402.2595039999999,0.3518,0.26180000000000003,Below floor,504.4653293344003
2026-06-01,20217,"Work Gloves - National brand, Each",Tools & Hardware,CU2107,Selkirk Bistro,E-commerce Pure-Play,Hollis Marchetti,1153.92,21.1726,16.7592,15.547,0.07233042149983289,0.20844865533755885,1398.7818239999992,0.1954,0.1054,Below floor,2380.0150189056008
2026-06-01,20164,"27in Monitor - Value, Inner pack 6",Consumer Electronics,CU2070,Riverside Public House,Marketplace Seller,Priya Raghunathan,560.72,63.3228,53.3929,50.944,0.045865648803492504,0.15681397537695752,1373.1472079999971,0.1459,0.055900000000000005,Below floor,2994.875110959203
2026-06-01,20075,"Resistance Bands - Private label, Each",Sporting Goods,CU2070,Riverside Public House,Marketplace Seller,Priya Raghunathan,360.18,27.8218,20.0861,16.3543,0.1857901733039266,0.27804455498925307,1344.119724,0.3311,0.2411,Below floor,1051.2601429877998
2026-06-01,20046,"Cycling Helmet - Private label, Each",Sporting Goods,CU2139,Cedar Fine Foods,E-commerce Pure-Play,Nikita Petrenko,98.12,66.858,56.9795,43.7341,0.2324590422871384,0.14775344760537257,1299.6386480000003,0.3307,0.2407,Below floor,549.2483501779998
2026-06-01,20083,"Grooming Kit - Value, Bulk pallet 144",Pet Supplies,CU2022,Summit Supply,Regional Retail Chain,Priya Raghunathan,631.41,35.4931,25.6667,23.6322,0.07926613082320665,0.2768538110224241,1284.6036449999986,0.1821,0.09210000000000002,Below floor,1666.5473866587015
2026-06-01,20063,"Smart Plug - Value, Inner pack 6",Consumer Electronics,CU2107,Selkirk Bistro,E-commerce Pure-Play,Hollis Marchetti,224.38,34.3959,24.0528,18.3385,0.23757317235415423,0.30070735174831875,1282.1746340000002,0.1558,0.0658,Excessive leakage,0.0
2026-06-01,20203,"Air Fryer - Private label, Master carton 48",Home & Kitchen,CU2127,Sunshine Public House,Corporate & B2B Buyer,Bea Okonkwo,288.86,22.6914,18.1931,13.7639,0.24345493621208047,0.19823809901548606,1279.4187120000006,0.3541,0.2641,Below floor,581.4684524505998
2026-06-01,20149,"Cordless Drill - Value, Each",Tools & Hardware,CU2070,Riverside Public House,Marketplace Seller,Priya Raghunathan,396.36,43.3886,36.2491,33.0741,0.08758838150464418,0.16454783053613153,1258.4429999999988,0.1885,0.0985,Below floor,1449.867182526001
2026-06-01,20218,"Desk Organiser - Private label, Case 12",Office & Stationery,CU2080,Cedar Catering,Government & Education,Jonah Stavrides,371.2,16.6363,13.5792,10.2116,0.247996936491104,0.18376081219982798,1250.0531199999998,0.3518,0.26180000000000003,Below floor,523.2296222720003
2026-06-01,20186,"Laser Measure - National brand, Case 24",Tools & Hardware,CU2008,Kitsilano Table,Independent Retailer,Priya Raghunathan,162.49,56.6822,39.894,32.6076,0.1826440066175365,0.2961811644572724,1183.9671360000002,0.1924,0.10239999999999999,Excessive leakage,63.24201794399979
2026-06-01,20214,"Vitamin C Serum - Premium brand, Case 24",Health & Beauty,CU2017,Kootenay Larder,Government & Education,Priya Raghunathan,344.61,16.0618,11.9118,8.5259,0.28424755284675696,0.25837701876502017,1166.814999,0.2545,0.1645,Excessive leakage,0.0
2026-06-01,20075,"Resistance Bands - Private label, Each",Sporting Goods,CU2139,Cedar Fine Foods,E-commerce Pure-Play,Nikita Petrenko,268.73,27.8218,20.6122,16.3543,0.20657183609706886,0.2591349229740706,1144.225467000001,0.3311,0.2411,Below floor,689.7760081365993
2026-06-01,20174,"Socket Set - National brand, Each",Tools & Hardware,CU2030,Mount Catering,Independent Retailer,Marcus Oyelaran,467.35,33.942,27.9315,25.5457,0.08541610726240981,0.17708149195686762,1115.00363,0.1835,0.0935,Below floor,1280.3661973375001
2026-06-01,20127,"Wireless Earbuds - Premium brand, Case 12",Consumer Electronics,CU2130,Salish Supply,Corporate & B2B Buyer,Bea Okonkwo,251.16,27.1607,24.9433,20.5443,0.17635998444472065,0.08164001664169174,1104.8528400000002,0.2707,0.1807,Below floor,591.0174830195998
2026-06-01,20063,"Smart Plug - Value, Inner pack 6",Consumer Electronics,CU2096,Riverside Market,Marketplace Seller,Bea Okonkwo,190.9,34.3959,24.0692,18.3385,0.23809266614594582,0.30023055073424443,1093.9906299999998,0.1558,0.0658,Excessive leakage,0.0
2026-06-01,20186,"Laser Measure - National brand, Case 24",Tools & Hardware,CU2112,Stanley Provisions,Government & Education,Nikita Petrenko,107.57,56.6822,42.1989,32.6076,0.22728791508783414,0.25551760517411104,1031.7361410000003,0.1924,0.10239999999999999,Excessive leakage,0.0
2026-06-01,20074,"Vacuum Sealer - Private label, Case 24",Home & Kitchen,CU2125,Mount Bistro,Marketplace Seller,Nikita Petrenko,726.73,20.2118,14.7072,13.3015,0.09557903611836376,0.2723458573704469,1021.5643609999996,0.3192,0.2292,Below floor,2390.0974141552
2026-06-01,20001,"Multivitamin - Private label, Case 12",Health & Beauty,CU2022,Summit Supply,Regional Retail Chain,Priya Raghunathan,1423.59,19.9168,12.0584,11.3495,0.058788894048961704,0.3945613753213367,1009.1829509999998,0.3505,0.26049999999999995,Below floor,5007.5763374279995
2026-06-01,20211,"Cat Litter - Premium brand, Each",Pet Supplies,CU2010,Coastal Table,Sub-Distributor,Dana Whitfield,777.0,28.694,23.0565,21.7584,0.05630082623121454,0.1964696452219976,1008.6236999999985,0.2585,0.1685,Below floor,3622.3780792500015
2026-06-01,20143,"Copy Paper - Private label, Each",Office & Stationery,CU2078,Juniper Market,E-commerce Pure-Play,Dana Whitfield,436.86,15.5267,14.2472,11.9406,0.16189847829749002,0.08240643536617576,1007.6612759999998,0.3364,0.24639999999999998,Below floor,1086.1030188287998
2026-06-01,20122,"Body Wash - National brand, Bulk pallet 144",Health & Beauty,CU2070,Riverside Public House,Marketplace Seller,Priya Raghunathan,103.56,34.14,25.5088,15.892,0.37699931004202475,0.2528178090216754,995.9158080000002,0.1982,0.10819999999999999,Excessive leakage,0.0
2026-06-01,20200,"Resistance Bands - National brand, Bulk pallet 144",Sporting Goods,CU2107,Selkirk Bistro,E-commerce Pure-Play,Hollis Marchetti,559.11,47.4293,37.9703,36.2441,0.04546184781263247,0.19943368339823686,965.1356819999993,0.1872,0.09720000000000001,Below floor,3009.0406518576015
2026-06-01,20091,"Hair Dryer - Private label, Inner pack 6",Health & Beauty,CU2018,Chilcotin Hospitality,Independent Retailer,Dana Whitfield,355.07,12.2347,11.2039,8.4983,0.24148733923008955,0.08425216801392754,960.6773920000002,0.3479,0.2579,Below floor,423.32752412669987
2026-06-01,20063,"Smart Plug - Value, Inner pack 6",Consumer Electronics,CU2127,Sunshine Public House,Corporate & B2B Buyer,Bea Okonkwo,140.21,34.3959,25.187,18.3385,0.2719061420574106,0.2677324913725182,960.2281850000003,0.1558,0.0658,Excessive leakage,0.0
2026-06-01,20105,"Filing Boxes - Premium brand, Master carton 48",Office & Stationery,CU2016,Alder Trading Co,Corporate & B2B Buyer,Simone Delacroix,469.18,20.3704,15.2406,13.3027,0.12715378659632828,0.2518261791619212,909.2239220000004,0.281,0.19100000000000003,Below floor,1100.0903809479998
2026-06-01,20197,"Copy Paper - National brand, Master carton 48",Office & Stationery,CU2083,Granville Supply,Marketplace Seller,Bea Okonkwo,718.17,20.965,15.0525,13.7898,0.08388639760837074,0.28201764846172195,906.8332590000003,0.1806,0.09060000000000001,Below floor,1045.4985998549996
2026-06-01,20186,"Laser Measure - National brand, Case 24",Tools & Hardware,CU2054,Cedar Public House,Marketplace Seller,Alix Fontaine,109.36,56.6822,40.1797,32.6076,0.18845586203978626,0.2911407814093314,828.0848559999998,0.1924,0.10239999999999999,Excessive leakage,17.33074726079995
2026-06-01,20051,"Grooming Kit - National brand, Case 12",Pet Supplies,CU2016,Alder Trading Co,Corporate & B2B Buyer,Simone Delacroix,532.41,22.0294,17.8392,16.4438,0.07822099645724034,0.19020944737487167,742.9249140000011,0.1985,0.10850000000000001,Below floor,1142.3821276919991
2026-06-01,20063,"Smart Plug - Value, Inner pack 6",Consumer Electronics,CU2023,Summit Provisions,E-commerce Pure-Play,Yusuf Kandemir,112.85,34.3959,24.9192,18.3385,0.2640815114449902,0.2755183030535615,742.631995,0.1558,0.0658,Excessive leakage,0.0
2026-06-01,20033,"Wireless Earbuds - National brand, Inner pack 6",Consumer Electronics,CU2115,Riverside Hospitality,Sub-Distributor,Marcus Oyelaran,358.03,25.1462,22.1182,20.1986,0.08678825582551937,0.120415808352753,687.2743880000008,0.1902,0.10020000000000001,Below floor,818.9154455691993
2026-06-01,20122,"Body Wash - National brand, Bulk pallet 144",Health & Beauty,CU2006,Coastal Larder,Independent Retailer,Dana Whitfield,87.99,34.14,23.6666,15.892,0.32850515071873443,0.3067779730521383,684.087054,0.1982,0.10819999999999999,Excessive leakage,0.0
2026-06-01,20070,"Power Bank - Value, Case 12",Consumer Electronics,CU2055,Riverside Foods,Marketplace Seller,Yusuf Kandemir,265.84,45.1528,40.4286,37.8988,0.06257451408161553,0.10462695558193502,672.5220320000003,0.1818,0.09179999999999999,Below floor,1281.3805625631994
2026-06-01,20105,"Filing Boxes - Premium brand, Master carton 48",Office & Stationery,CU2037,Harbour Provisions,Marketplace Seller,Yusuf Kandemir,267.8,20.3704,15.7033,13.3027,0.15287232619895186,0.2291118485645839,642.8806800000002,0.281,0.19100000000000003,Below floor,538.82091094
2026-06-01,20186,"Laser Measure - National brand, Case 24",Tools & Hardware,CU2139,Cedar Fine Foods,E-commerce Pure-Play,Nikita Petrenko,94.68,56.6822,39.3543,32.6076,0.1714348876742822,0.30570267209106206,638.7775560000005,0.1924,0.10239999999999999,Excessive leakage,78.11737385759962
2026-06-01,20177,"Gel Pens - Premium brand, Bulk pallet 144",Office & Stationery,CU2022,Summit Supply,Regional Retail Chain,Priya Raghunathan,471.77,20.0495,14.6803,13.3776,0.08873796857012468,0.26779720192523493,614.5747790000007,0.2694,0.17939999999999998,Below floor,1251.2155712913993
2026-06-01,20218,"Desk Organiser - Private label, Case 12",Office & Stationery,CU2083,Granville Supply,Marketplace Seller,Bea Okonkwo,189.33,16.6363,13.4559,10.2116,0.2411061318826685,0.19117231595967843,614.2433189999998,0.3518,0.26180000000000003,Below floor,282.0043124346002
2026-06-01,20211,"Cat Litter - Premium brand, Each",Pet Supplies,CU2115,Riverside Hospitality,Sub-Distributor,Marcus Oyelaran,161.85,28.694,25.5479,21.7584,0.14832921688279652,0.10964313096814671,613.3305749999995,0.2585,0.1685,Below floor,455.5482134775005
2026-06-01,20043,"Work Gloves - Value, Case 24",Tools & Hardware,CU2022,Summit Supply,Regional Retail Chain,Priya Raghunathan,135.46,26.7837,19.8705,15.3437,0.22781510279056894,0.25811221003819484,613.200328,0.1604,0.07039999999999999,Excessive leakage,0.0
2026-06-01,20066,"Laminator - Private label, Master carton 48",Office & Stationery,CU2121,Riverside Table,Corporate & B2B Buyer,Nikita Petrenko,146.92,15.4497,11.3195,7.1587,0.36757807323645036,0.26733205175505026,611.3047359999999,0.3685,0.27849999999999997,Excessive leakage,1.5332203900000048
2026-06-01,20127,"Wireless Earbuds - Premium brand, Case 12",Consumer Electronics,CU2020,Cedar Larder,Marketplace Seller,Tom Beauchemin,143.72,27.1607,24.7263,20.5443,0.16913165334077476,0.08962950144878445,601.0370399999998,0.2707,0.1807,Below floor,360.9397604052001
2026-06-01,20112,"Bedding Set - Private label, Inner pack 6",Home & Kitchen,CU2010,Coastal Table,Sub-Distributor,Dana Whitfield,164.94,22.5529,18.2194,14.6026,0.19851367223948096,0.19214823814232318,596.554992,0.3237,0.2337,Below floor,376.1984145132
2026-06-01,20214,"Vitamin C Serum - Premium brand, Case 24",Health & Beauty,CU2090,Fraser Trading Co,Sub-Distributor,Priya Raghunathan,166.19,16.0618,11.9857,8.5259,0.28866065394595225,0.25377604004532506,574.984162,0.2545,0.1645,Excessive leakage,0.0
2026-06-01,20025,"Multivitamin - National brand, Bulk pallet 144",Health & Beauty,CU2022,Summit Supply,Regional Retail Chain,Priya Raghunathan,254.67,25.7229,19.1627,16.9282,0.11660674122122668,0.2550334526822403,569.0601150000001,0.1704,0.0804,Excessive leakage,262.51996845359986
2026-06-01,20105,"Filing Boxes - Premium brand, Master carton 48",Office & Stationery,CU2107,Selkirk Bistro,E-commerce Pure-Play,Hollis Marchetti,600.84,20.3704,14.2451,13.3027,0.06615608174038799,0.3006961080783882,566.2316160000006,0.281,0.19100000000000003,Below floor,1838.8546574039997
2026-06-01,20203,"Air Fryer - Private label, Master carton 48",Home & Kitchen,CU2139,Cedar Fine Foods,E-commerce Pure-Play,Nikita Petrenko,133.04,22.6914,17.9033,13.7639,0.23120877156725306,0.21100945732744558,550.7057760000002,0.3541,0.2641,Below floor,292.70909083119983
2026-06-01,20144,"Winter Gloves - National brand, Inner pack 6",Apparel & Accessories,CU2030,Mount Catering,Independent Retailer,Marcus Oyelaran,79.97,28.6774,21.486,14.6594,0.31772316857488603,0.25076889815673664,545.9232020000001,0.1995,0.10950000000000001,Excessive leakage,0.0
2026-06-01,20051,"Grooming Kit - National brand, Case 12",Pet Supplies,CU2143,Burrard Foods,Sub-Distributor,Hollis Marchetti,319.66,22.0294,18.1221,16.4438,0.09261067977772997,0.17736751795328054,536.4853780000001,0.1985,0.10850000000000001,Below floor,613.407353471
2026-06-01,20058,"Cotton T-Shirt 5pk - Value, Case 12",Apparel & Accessories,CU2096,Riverside Market,Marketplace Seller,Bea Okonkwo,205.33,35.2445,28.8965,26.3491,0.088156005052515,0.18011320915320128,523.057642,0.19,0.1,Below floor,604.2728435500001
2026-06-01,20218,"Desk Organiser - Private label, Case 12",Office & Stationery,CU2077,Burrard Public House,Corporate & B2B Buyer,Bea Okonkwo,160.51,16.6363,13.4542,10.2116,0.2410102421548661,0.1912745021429043,520.4697259999999,0.3518,0.26180000000000003,Below floor,239.25420925560007
2026-06-01,20105,"Filing Boxes - Premium brand, Master carton 48",Office & Stationery,CU2071,Harbour Table,Regional Retail Chain,Dana Whitfield,221.32,20.3704,15.4368,13.3027,0.13824756426202323,0.24219455680791735,472.319012,0.281,0.19100000000000003,Below floor,487.709781856
2026-06-01,20203,"Air Fryer - Private label, Master carton 48",Home & Kitchen,CU2135,Okanagan Table,Sub-Distributor,Nikita Petrenko,108.63,22.6914,18.0406,13.7639,0.23705974302406801,0.20495870682284922,464.5779210000002,0.3541,0.2641,Below floor,229.3696878497999
2026-06-01,20101,"Chew Toy Pack - National brand, Each",Pet Supplies,CU2119,Granville Trading Co,Marketplace Seller,Bea Okonkwo,491.6,34.0418,28.4305,27.5186,0.03207470849967462,0.16483558448730684,448.29003999999964,0.1994,0.1094,Below floor,2338.61085972
2026-06-01,20143,"Copy Paper - Private label, Each",Office & Stationery,CU2001,Coastal Market,Subscription Box Operator,Priya Raghunathan,270.95,15.5267,13.5925,11.9406,0.12153025565569245,0.12457251057855179,447.58230499999985,0.3364,0.24639999999999998,Below floor,791.34117615
2026-06-01,20091,"Hair Dryer - Private label, Inner pack 6",Health & Beauty,CU2012,Burrard Grill House,Government & Education,Priya Raghunathan,194.59,12.2347,10.7644,8.4983,0.2105180037902716,0.12017458540054105,440.96039899999994,0.3479,0.2579,Below floor,287.76645594840005
2026-06-01,20114,"Pet Bed - Private label, Case 12",Pet Supplies,CU2016,Alder Trading Co,Corporate & B2B Buyer,Simone Delacroix,153.2,28.5831,23.6852,20.8753,0.11863526590444662,0.1713565008693949,430.4766799999998,0.3097,0.21969999999999998,Below floor,693.292266608
2026-06-01,20229,"Safety Glasses - National brand, Case 24",Tools & Hardware,CU2050,Cedar Butchery,Marketplace Seller,Alix Fontaine,155.3,41.7413,31.7319,29.0394,0.08485152165486463,0.2397960772664005,418.14524999999986,0.1817,0.0917,Below floor,477.2658215190002
2026-06-01,20119,"Hair Dryer - National brand, Bulk pallet 144",Health & Beauty,CU2125,Mount Bistro,Marketplace Seller,Nikita Petrenko,103.08,16.7232,12.3375,8.458,0.31444782168186425,0.26225243972445456,399.89886,0.1988,0.10880000000000001,Excessive leakage,0.0
2026-06-01,20186,"Laser Measure - National brand, Case 24",Tools & Hardware,CU2050,Cedar Butchery,Marketplace Seller,Alix Fontaine,242.27,56.6822,34.2345,32.6076,0.04752223634053365,0.39602732427464005,394.1490629999998,0.1924,0.10239999999999999,Below floor,1201.615058406
2026-06-01,20167,"Pet Bed - Private label, Bulk pallet 144",Pet Supplies,CU2054,Cedar Public House,Marketplace Seller,Alix Fontaine,127.93,17.502,15.2898,12.3047,0.1952347316511661,0.12639698320191972,381.8838429999999,0.3498,0.25980000000000003,Below floor,302.33339207720013
2026-06-01,20183,"Adjustable Dumbbells - National brand, Case 12",Sporting Goods,CU2050,Cedar Butchery,Marketplace Seller,Alix Fontaine,879.34,53.7859,39.9589,39.5342,0.010628420702271619,0.2570748095690506,373.45569800000123,0.1633,0.0733,Below floor,5364.491377275798
2026-06-01,20127,"Wireless Earbuds - Premium brand, Case 12",Consumer Electronics,CU2074,Burrard Provisions,Corporate & B2B Buyer,Alix Fontaine,89.9,27.1607,24.5258,20.5443,0.1623392509112853,0.0970114908673193,357.93685000000005,0.2707,0.1807,Below floor,238.92130199399992
2026-06-01,20094,"Yoga Mat - National brand, Each",Sporting Goods,CU2050,Cedar Butchery,Marketplace Seller,Alix Fontaine,174.09,49.8162,37.3004,35.2486,0.05500745300318495,0.25123955661009867,357.19786200000004,0.2038,0.11380000000000001,Below floor,966.2032464168001
2026-06-01,20059,"Desk Organiser - National brand, Inner pack 6",Office & Stationery,CU2107,Selkirk Bistro,E-commerce Pure-Play,Hollis Marchetti,311.09,16.6279,13.3385,12.2069,0.08483712561382468,0.1978241389471912,352.0294440000002,0.1866,0.09659999999999999,Below floor,422.2623978689997
2026-06-01,20019,"Gel Pens - Private label, Master carton 48",Office & Stationery,CU2083,Granville Supply,Marketplace Seller,Bea Okonkwo,213.55,9.7389,7.712,6.0722,0.21262966804979255,0.2081241207939295,350.17929000000004,0.3287,0.2387,Below floor,191.15595111999997
2026-06-01,20143,"Copy Paper - Private label, Each",Office & Stationery,CU2141,Sunshine Supply,Marketplace Seller,Simone Delacroix,303.09,15.5267,13.0723,11.9406,0.08657237058513041,0.15807608828662878,343.00695300000007,0.3364,0.24639999999999998,Below floor,989.8379051147998
2026-06-01,20023,"Adjustable Dumbbells - National brand, Bulk pallet 144",Sporting Goods,CU2050,Cedar Butchery,Marketplace Seller,Alix Fontaine,157.41,29.6354,22.3883,20.3298,0.09194534645328149,0.2445420004454132,324.02848500000033,0.1996,0.1096,Below floor,379.39031867879964
2026-06-01,20161,"LED Floor Lamp - National brand, Case 12",Home & Kitchen,CU2054,Cedar Public House,Marketplace Seller,Alix Fontaine,129.4,55.5327,49.6204,47.1481,0.04982426582615209,0.1064651997831908,319.91561999999965,0.1575,0.0675,Below floor,691.3729422000002
2026-06-01,20113,"Electric Toothbrush - National brand, Case 24",Health & Beauty,CU2050,Cedar Butchery,Marketplace Seller,Alix Fontaine,224.92,27.0835,20.2062,18.8122,0.0689887262325424,0.25392951427991217,313.5384799999996,0.1877,0.09770000000000001,Below floor,539.5164452008003
2026-06-01,20016,"Gel Pens - National brand, Case 12",Office & Stationery,CU2127,Sunshine Public House,Corporate & B2B Buyer,Bea Okonkwo,168.0,20.8333,14.3771,12.5164,0.12942109326637496,0.3098980958369534,312.59759999999994,0.1822,0.0922,Excessive leakage,127.4796801600001
2026-06-01,20023,"Adjustable Dumbbells - National brand, Bulk pallet 144",Sporting Goods,CU2125,Mount Bistro,Marketplace Seller,Nikita Petrenko,130.29,29.6354,22.7137,20.3298,0.10495427869523682,0.2335618888221519,310.59833100000003,0.1996,0.1096,Below floor,280.0915164107999
2026-06-01,20033,"Wireless Earbuds - National brand, Inner pack 6",Consumer Electronics,CU2100,Alder Catering,Independent Retailer,Priya Raghunathan,152.03,25.1462,22.2159,20.1986,0.09080433383297558,0.11653052946369624,306.6901190000004,0.1902,0.10020000000000001,Below floor,335.7072002853997
2026-06-01,20154,"Filing Boxes - National brand, Each",Office & Stationery,CU2143,Burrard Foods,Sub-Distributor,Hollis Marchetti,458.89,17.1586,14.006,13.3404,0.047522490361273706,0.18373293858473305,305.4371839999998,0.1615,0.07150000000000001,Below floor,732.5577704100002
2026-06-01,20019,"Gel Pens - Private label, Master carton 48",Office & Stationery,CU2143,Burrard Foods,Sub-Distributor,Hollis Marchetti,217.45,9.7389,7.4433,6.0722,0.18420593016538367,0.23571450574500197,298.14569500000005,0.3287,0.2387,Below floor,233.87023878949992
2026-06-01,20064,"Hair Dryer - Value, Case 24",Health & Beauty,CU2043,Kootenay Hospitality,Government & Education,Simone Delacroix,247.45,21.7705,18.2553,17.0919,0.06372943747843089,0.16146620426724234,287.88332999999983,0.1752,0.0852,Below floor,503.5430721720001
2026-06-01,20211,"Cat Litter - Premium brand, Each",Pet Supplies,CU2008,Kitsilano Table,Independent Retailer,Priya Raghunathan,135.12,28.694,23.8832,21.7584,0.08896630267300852,0.16765874398829028,287.1029759999996,0.2585,0.1685,Below floor,547.1018528640004
2026-06-01,20022,"Tool Chest - Value, Bulk pallet 144",Tools & Hardware,CU2025,Fraser Larder,E-commerce Pure-Play,Hollis Marchetti,115.54,46.3595,40.0136,37.5766,0.06090429254053616,0.13688456519160042,281.57097999999974,0.1755,0.08549999999999999,Below floor,529.7955908720002
2026-06-01,20105,"Filing Boxes - Premium brand, Master carton 48",Office & Stationery,CU2108,Okanagan Market,Sub-Distributor,Priya Raghunathan,203.61,20.3704,14.6024,13.3027,0.08900591683558864,0.2831559517731611,264.63191699999993,0.281,0.19100000000000003,Below floor,570.8357835840002
2026-06-01,20038,"Sunscreen SPF50 - National brand, Case 12",Health & Beauty,CU2099,Cedar Provisions,E-commerce Pure-Play,Priya Raghunathan,377.76,27.2668,22.5451,21.8497,0.03084483989869208,0.17316663488198092,262.69430400000107,0.1698,0.07980000000000001,Below floor,1183.430654524799
2026-06-01,20231,"Mechanical Keyboard - Value, Case 12",Consumer Electronics,CU2139,Cedar Fine Foods,E-commerce Pure-Play,Nikita Petrenko,183.53,31.3333,25.5767,24.1525,0.055683493179338975,0.18372147204411926,261.3834259999998,0.1544,0.06440000000000001,Below floor,463.3843403544002
2026-06-01,20153,"Body Wash - National brand, Each",Health & Beauty,CU2003,Alder Butchery,Regional Retail Chain,Jonah Stavrides,169.42,23.254,20.9423,19.4007,0.07361178094096632,0.09941085404661576,261.1778719999998,0.1871,0.09709999999999999,Below floor,402.66124758860013
2026-06-01,20231,"Mechanical Keyboard - Value, Case 12",Consumer Electronics,CU2011,Okanagan Larder,Regional Retail Chain,Nikita Petrenko,189.98,31.3333,25.5081,24.1525,0.0531439033091449,0.18591083607535763,257.5368879999998,0.1544,0.06440000000000001,Below floor,490.68996458720017
2026-06-01,20105,"Filing Boxes - Premium brand, Master carton 48",Office & Stationery,CU2124,Mount Fine Foods,Marketplace Seller,Yusuf Kandemir,100.51,20.3704,15.8589,13.3027,0.1611839408786234,0.22147331422063388,256.92366200000004,0.281,0.19100000000000003,Below floor,190.984166959
2026-06-01,20143,"Copy Paper - Private label, Each",Office & Stationery,CU2089,Granville Market,Marketplace Seller,Dana Whitfield,154.49,15.5267,13.6004,11.9406,0.12204052821975828,0.12406370960989777,256.4225020000001,0.3364,0.24639999999999998,Below floor,450.3962157743999
2026-06-01,20178,"Vitamin C Serum - Private label, Case 12",Health & Beauty,CU2111,Kitsilano Fine Foods,Independent Retailer,Dana Whitfield,96.59,14.2666,13.0836,10.4291,0.20288758445687735,0.08292094822872997,256.3981550000001,0.3708,0.28080000000000005,Below floor,212.19846281920002
2026-06-01,20022,"Tool Chest - Value, Bulk pallet 144",Tools & Hardware,CU2142,Mount Public House,Marketplace Seller,Jonah Stavrides,673.37,46.3595,37.9563,37.5766,0.010003609413983969,0.18126166157961143,255.6785889999998,0.1755,0.08549999999999999,Below floor,4229.8616307904995
2026-06-01,20216,"Laptop Sleeve - National brand, Each",Apparel & Accessories,CU2050,Cedar Butchery,Marketplace Seller,Alix Fontaine,163.62,23.0477,17.5139,15.9923,0.08687956423183868,0.24010204922833944,248.9641919999999,0.2042,0.1142,Below floor,336.1962937356001
2026-06-01,20154,"Filing Boxes - National brand, Each",Office & Stationery,CU2083,Granville Supply,Marketplace Seller,Bea Okonkwo,501.86,17.1586,13.8343,13.3404,0.03570111968079339,0.19373958248341938,247.86865400000002,0.1615,0.07150000000000001,Below floor,873.4067563770001
2026-06-01,20217,"Work Gloves - National brand, Each",Tools & Hardware,CU2098,Fraser Catering,Subscription Box Operator,Nikita Petrenko,146.7,21.1726,17.2312,15.547,0.09774130646733835,0.18615569179033276,247.07214000000008,0.1954,0.1054,Below floor,246.8633096159999
2026-06-01,20145,"Aquarium Filter - National brand, Master carton 48",Pet Supplies,CU2002,Riverside Trading Co,Marketplace Seller,Simone Delacroix,215.99,17.0546,15.3232,14.1857,0.07423384149524899,0.10152099726759944,245.68862499999986,0.186,0.096,Below floor,369.9077570480001
2026-06-01,20193,"Chew Toy Pack - Premium brand, Master carton 48",Pet Supplies,CU2143,Burrard Foods,Sub-Distributor,Hollis Marchetti,31.58,53.1382,44.8366,37.181,0.17074443646485238,0.15622659405098405,241.76384799999997,0.2698,0.1798,Below floor,140.25671759439996
2026-06-01,20091,"Hair Dryer - Private label, Inner pack 6",Health & Beauty,CU2005,Coastal Supply,Independent Retailer,Hollis Marchetti,180.37,12.2347,9.8086,8.4983,0.13358685235405662,0.1982966480583913,236.33881099999996,0.3479,0.2579,Below floor,379.1579306178
2026-06-01,20033,"Wireless Earbuds - National brand, Inner pack 6",Consumer Electronics,CU2116,Stanley Grill House,Independent Retailer,Nikita Petrenko,177.28,25.1462,21.5264,20.1986,0.06168239928645756,0.1439501793511545,235.39238399999996,0.1902,0.10020000000000001,Below floor,490.44889251840004
2026-06-01,20022,"Tool Chest - Value, Bulk pallet 144",Tools & Hardware,CU2026,Riverside Kitchen Group,Marketplace Seller,Nikita Petrenko,117.44,46.3595,39.522,37.5766,0.049223217448509674,0.14748864849707177,228.46777599999993,0.1755,0.08549999999999999,Below floor,586.1090998400001
2026-06-01,20105,"Filing Boxes - Premium brand, Master carton 48",Office & Stationery,CU2104,Summit Table,Corporate & B2B Buyer,Alix Fontaine,80.71,20.3704,15.8875,13.3027,0.16269394177812743,0.2200693162628128,208.61920799999996,0.281,0.19100000000000003,Below floor,151.70150712500006
2026-06-01,20105,"Filing Boxes - Premium brand, Master carton 48",Office & Stationery,CU2043,Kootenay Hospitality,Government & Education,Simone Delacroix,196.97,20.3704,14.3518,13.3027,0.07309884474421334,0.2954581156972862,206.6412270000002,0.281,0.19100000000000003,Below floor,587.7103799259999
2026-06-01,20178,"Vitamin C Serum - Private label, Case 12",Health & Beauty,CU2016,Alder Trading Co,Corporate & B2B Buyer,Simone Delacroix,151.59,14.2666,11.766,10.4291,0.11362400135985042,0.17527651998373828,202.660671,0.3708,0.28080000000000005,Below floor,458.7011531520001
2026-06-01,20022,"Tool Chest - Value, Bulk pallet 144",Tools & Hardware,CU2128,Granville Table,Marketplace Seller,Bea Okonkwo,77.98,46.3595,40.162,37.5766,0.06437428414919576,0.133683495292227,201.60949200000002,0.1755,0.08549999999999999,Below floor,348.02715737999995
2026-06-01,20177,"Gel Pens - Premium brand, Bulk pallet 144",Office & Stationery,CU2125,Mount Bistro,Marketplace Seller,Nikita Petrenko,163.12,20.0495,14.5856,13.3776,0.08282141290039492,0.2725205117334597,197.04896000000002,0.2694,0.17939999999999998,Below floor,443.9083475967999
2026-06-01,20127,"Wireless Earbuds - Premium brand, Case 12",Consumer Electronics,CU2048,Coastal Butchery,E-commerce Pure-Play,Dana Whitfield,50.54,27.1607,24.4272,20.5443,0.1589580467675378,0.10064173603773097,196.24176599999996,0.2707,0.1807,Below floor,137.9511052416
2026-06-01,20019,"Gel Pens - Private label, Master carton 48",Office & Stationery,CU2127,Sunshine Public House,Corporate & B2B Buyer,Bea Okonkwo,158.72,9.7389,7.2704,6.0722,0.16480523767605645,0.2534680508065592,190.17830400000014,0.3287,0.2387,Below floor,189.12765378559988
2026-06-01,20197,"Copy Paper - National brand, Master carton 48",Office & Stationery,CU2127,Sunshine Public House,Corporate & B2B Buyer,Bea Okonkwo,771.39,20.965,14.0343,13.7898,0.017421602787456473,0.3305843071786311,188.6048550000003,0.1806,0.09060000000000001,Below floor,1766.5560580662
2026-06-01,20101,"Chew Toy Pack - National brand, Each",Pet Supplies,CU2081,Kootenay Public House,Regional Retail Chain,Dana Whitfield,282.63,34.0418,28.1752,27.5186,0.023304182401544655,0.17233518791603264,185.57485800000026,0.1994,0.1094,Below floor,1402.2786031343996
2026-06-01,20042,"Sunscreen SPF50 - Private label, Case 12",Health & Beauty,CU2080,Cedar Catering,Government & Education,Jonah Stavrides,78.81,14.9032,12.098,9.7537,0.19377583071582083,0.18822803156369095,184.75428300000004,0.3371,0.24710000000000001,Below floor,136.651480398
2026-06-01,20101,"Chew Toy Pack - National brand, Each",Pet Supplies,CU2026,Riverside Kitchen Group,Marketplace Seller,Nikita Petrenko,197.92,34.0418,28.4476,27.5186,0.03265653341582425,0.16433326087339684,183.8676800000004,0.1994,0.1094,Below floor,938.8239090047995
2026-06-01,20137,"Toner Cartridge - National brand, Each",Office & Stationery,CU2127,Sunshine Public House,Corporate & B2B Buyer,Bea Okonkwo,111.32,18.6754,14.6529,13.0205,0.11140456837895574,0.21539029953843014,181.71876800000004,0.2025,0.11250000000000002,Below floor,148.59129966999996
2026-06-01,20185,"Bluetooth Speaker - Value, Master carton 48",Consumer Electronics,CU2100,Alder Catering,Independent Retailer,Priya Raghunathan,90.15,65.3695,57.266,55.2908,0.03449167045017988,0.12396454003778523,178.0642800000001,0.1413,0.05130000000000001,Below floor,551.40119487
2026-06-01,20070,"Power Bank - Value, Case 12",Consumer Electronics,CU2088,Juniper Grill House,Independent Retailer,Bea Okonkwo,63.76,45.1528,40.6585,37.8988,0.06787510606638207,0.09953535550397763,175.9584719999997,0.1818,0.09179999999999999,Below floor,295.3372955280002
2026-06-01,20048,"HDMI Cable - National brand, Master carton 48",Consumer Electronics,CU2113,Coastal Hospitality,Independent Retailer,Hollis Marchetti,189.06,108.0447,91.0159,90.0938,0.010131196856812933,0.15760884152577592,174.33222600000008,0.1688,0.07880000000000001,Below floor,2730.2880439152
2026-06-01,20195,"Hair Dryer - Value, Inner pack 6",Health & Beauty,CU2050,Cedar Butchery,Marketplace Seller,Alix Fontaine,909.95,13.1347,9.8224,9.6322,0.019363902915784412,0.25217934174362566,173.07249000000076,0.1794,0.08940000000000001,Below floor,1430.3854926719994
2026-06-01,20167,"Pet Bed - Private label, Bulk pallet 144",Pet Supplies,CU2100,Alder Catering,Independent Retailer,Priya Raghunathan,55.47,17.502,15.4019,12.3047,0.2010920730559216,0.11999200091418116,171.80168399999994,0.3498,0.25980000000000003,Below floor,127.04763487140004
2026-06-01,20190,"Aquarium Filter - Value, Inner pack 6",Pet Supplies,CU2012,Burrard Grill House,Government & Education,Priya Raghunathan,388.35,13.2305,10.1672,9.7313,0.042873160752222854,0.2315331998034844,169.2817650000001,0.1857,0.09570000000000001,Below floor,563.9420796839999
2026-06-01,20143,"Copy Paper - Private label, Each",Office & Stationery,CU2106,Fraser Kitchen Group,Sub-Distributor,Marcus Oyelaran,84.17,15.5267,13.9192,11.9406,0.14214897407897006,0.10353133634320233,166.53876200000002,0.3364,0.24639999999999998,Below floor,227.58043512959998
2026-06-01,20058,"Cotton T-Shirt 5pk - Value, Case 12",Apparel & Accessories,CU2070,Riverside Public House,Marketplace Seller,Priya Raghunathan,64.71,35.2445,28.8646,26.3491,0.08714827158526359,0.18101831491438392,162.77800499999995,0.19,0.1,Below floor,192.10936554000003
2026-06-01,20146,"Sunscreen SPF50 - Value, Case 24",Health & Beauty,CU2041,Okanagan Butchery,Sub-Distributor,Dana Whitfield,390.83,6.4069,5.4223,5.0089,0.07624070966195161,0.15367806583527144,161.56912200000008,0.1694,0.0794,Below floor,197.4229360245999
2026-06-01,20044,"Safety Boots - Value, Inner pack 6",Apparel & Accessories,CU2113,Coastal Hospitality,Independent Retailer,Hollis Marchetti,262.43,17.6406,14.2519,13.6383,0.043053908601660126,0.19209664070383092,161.02704799999998,0.1559,0.06590000000000001,Below floor,422.05861364030005
2026-06-01,20211,"Cat Litter - Premium brand, Each",Pet Supplies,CU2109,Kootenay Trading Co,Subscription Box Operator,Alix Fontaine,45.24,28.694,25.23,21.7584,0.1375980975029726,0.1207221021816407,157.05518399999994,0.2585,0.1685,Below floor,137.99806020000008
2026-06-01,20193,"Chew Toy Pack - Premium brand, Master carton 48",Pet Supplies,CU2096,Riverside Market,Marketplace Seller,Bea Okonkwo,25.27,53.1382,43.2777,37.181,0.14087393738576692,0.18556330474122185,154.06360900000013,0.2698,0.1798,Below floor,140.99708483419985
2026-06-01,20070,"Power Bank - Value, Case 12",Consumer Electronics,CU2098,Fraser Catering,Subscription Box Operator,Nikita Petrenko,137.82,45.1528,38.9903,37.8988,0.02799414213278678,0.136481015573785,150.4305299999995,0.1818,0.09179999999999999,Below floor,826.4977939428003
2026-06-01,20146,"Sunscreen SPF50 - Value, Case 24",Health & Beauty,CU2076,Mount Grill House,Government & Education,Tom Beauchemin,384.22,6.4069,5.394,5.0089,0.07139414163885807,0.15809517863553357,147.96312200000017,0.1694,0.0794,Below floor,203.11544399199985
2026-06-01,20008,"Electric Toothbrush - Value, Case 24",Health & Beauty,CU2121,Riverside Table,Corporate & B2B Buyer,Nikita Petrenko,138.18,21.2885,15.995,14.9253,0.06687714910909655,0.24865537731639153,147.8111459999999,0.1707,0.0807,Below floor,229.4681333700001
2026-06-01,20145,"Aquarium Filter - National brand, Master carton 48",Pet Supplies,CU2100,Alder Catering,Independent Retailer,Priya Raghunathan,156.52,17.0546,15.1084,14.1857,0.06107198644462676,0.11411583971479844,144.42100399999984,0.186,0.096,Below floor,295.4256148480002
2026-06-01,20136,"Vitamin C Serum - Value, Case 24",Health & Beauty,CU2050,Cedar Butchery,Marketplace Seller,Alix Fontaine,142.72,15.5559,11.1951,10.188,0.08995899991960764,0.2803309355292847,143.73331199999993,0.1782,0.0882,Excessive leakage,140.98835255040007
2026-06-01,20197,"Copy Paper - National brand, Master carton 48",Office & Stationery,CU2070,Riverside Public House,Marketplace Seller,Priya Raghunathan,123.03,20.965,14.9314,13.7898,0.0764563269351836,0.2877939422847603,140.45104800000004,0.1806,0.09060000000000001,Below floor,191.31298364519998
2026-06-01,20185,"Bluetooth Speaker - Value, Master carton 48",Consumer Electronics,CU2058,Selkirk Trading Co,Corporate & B2B Buyer,Alix Fontaine,71.96,65.3695,57.1882,55.2908,0.03317817311962965,0.12515469752713426,136.53690400000033,0.1413,0.05130000000000001,Below floor,444.9497398135997
2026-06-01,20238,"Vitamin C Serum - Private label, Each",Health & Beauty,CU2077,Burrard Public House,Corporate & B2B Buyer,Bea Okonkwo,69.68,11.1412,8.5373,6.6756,0.21806660185304486,0.23371809140846578,129.72325600000002,0.3574,0.26739999999999997,Below floor,82.88652147360003
2026-06-01,20153,"Body Wash - National brand, Each",Health & Beauty,CU2049,Mount Market,Independent Retailer,Marcus Oyelaran,91.27,23.254,20.7823,19.4007,0.06647964854708087,0.10629139072847693,126.09863199999988,0.1871,0.09709999999999999,Below floor,228.79274547910006
2026-06-01,20019,"Gel Pens - Private label, Master carton 48",Office & Stationery,CU2141,Sunshine Supply,Marketplace Seller,Simone Delacroix,66.31,9.7389,7.9257,6.0722,0.2338594698260091,0.18618119089424878,122.90558500000003,0.3287,0.2387,Below floor,49.843740992899974
2026-06-01,20040,"Adjustable Dumbbells - Value, Case 12",Sporting Goods,CU2107,Selkirk Bistro,E-commerce Pure-Play,Hollis Marchetti,111.4,57.9169,46.5384,45.4556,0.02326680762553087,0.19646251784884883,120.62392000000067,0.1539,0.06390000000000001,Below floor,677.2518172639994
2026-06-01,20238,"Vitamin C Serum - Private label, Each",Health & Beauty,CU2125,Mount Bistro,Marketplace Seller,Nikita Petrenko,83.29,11.1412,8.1054,6.6756,0.17640091790658072,0.27248411302193665,119.08804199999994,0.3574,0.26739999999999997,Below floor,122.19225696840006
2026-06-01,20178,"Vitamin C Serum - Private label, Case 12",Health & Beauty,CU2072,Chilcotin Public House,Marketplace Seller,Hollis Marchetti,104.5,14.2666,11.5555,10.4291,0.09747739171822943,0.1900312618283263,117.70880000000002,0.3708,0.28080000000000005,Below floor,330.0506473
2026-06-01,20190,"Aquarium Filter - Value, Inner pack 6",Pet Supplies,CU2095,Riverside Fine Foods,Sub-Distributor,Rowan Achterberg,147.86,13.2305,10.5164,9.7313,0.07465482484500414,0.20513963946940772,116.08488600000025,0.1857,0.09570000000000001,Below floor,172.6702396727998
2026-06-01,20145,"Aquarium Filter - National brand, Master carton 48",Pet Supplies,CU2115,Riverside Hospitality,Sub-Distributor,Marcus Oyelaran,150.0,17.0546,14.9594,14.1857,0.05171998876960305,0.12285248554642147,116.05499999999998,0.186,0.096,Below floor,301.31226000000004
2026-06-01,20136,"Vitamin C Serum - Value, Case 24",Health & Beauty,CU2125,Mount Bistro,Marketplace Seller,Nikita Petrenko,112.66,15.5559,11.2161,10.188,0.09166287747077863,0.2789809654214799,115.82574600000002,0.1782,0.0882,Excessive leakage,109.34881219319998
2026-06-01,20211,"Cat Litter - Premium brand, Each",Pet Supplies,CU2025,Fraser Larder,E-commerce Pure-Play,Hollis Marchetti,28.52,28.694,25.7841,21.7584,0.15613110405249736,0.1014114449013731,114.81296399999991,0.2585,0.1685,Below floor,75.27825052200008
2026-06-01,20153,"Body Wash - National brand, Each",Health & Beauty,CU2042,Okanagan Provisions,Corporate & B2B Buyer,Hollis Marchetti,70.07,23.254,21.0041,19.4007,0.0763374769687823,0.0967532467532467,112.35023800000003,0.1871,0.09709999999999999,Below floor,163.01555039769994
2026-06-01,20180,"Toner Cartridge - National brand, Inner pack 6",Office & Stationery,CU2022,Summit Supply,Regional Retail Chain,Priya Raghunathan,404.57,16.9009,12.4507,12.1886,0.02105102524356062,0.2633114212852571,106.03779700000008,0.1848,0.0948,Below floor,824.8330113751998
2026-06-01,20114,"Pet Bed - Private label, Case 12",Pet Supplies,CU2091,Selkirk Catering,Independent Retailer,Hollis Marchetti,56.26,28.5831,22.7376,20.8753,0.081903982830202,0.20450895809061997,104.77299800000006,0.3097,0.21969999999999998,Below floor,291.4006233471999
2026-06-01,20185,"Bluetooth Speaker - Value, Master carton 48",Consumer Electronics,CU2051,Mount Butchery,Subscription Box Operator,Nikita Petrenko,47.49,65.3695,57.4797,55.2908,0.038081270431126184,0.12069543135560168,103.95086100000019,0.1413,0.05130000000000001,Below floor,281.7572966588998
2026-06-01,20070,"Power Bank - Value, Case 12",Consumer Electronics,CU2070,Riverside Public House,Marketplace Seller,Priya Raghunathan,454.28,45.1528,38.1218,37.8988,0.005849671316674422,0.15571570312361582,101.30443999999953,0.1818,0.09179999999999999,Below floor,3047.1027430672007
2026-06-01,20228,"Bedding Set - National brand, Case 24",Home & Kitchen,CU2115,Riverside Hospitality,Sub-Distributor,Marcus Oyelaran,35.06,42.9158,37.9803,35.115,0.07544174216633354,0.11500426416378107,100.45741799999993,0.2157,0.1257,Below floor,186.7663978926001
2026-06-01,20178,"Vitamin C Serum - Private label, Case 12",Health & Beauty,CU2077,Burrard Public House,Corporate & B2B Buyer,Bea Okonkwo,144.1,14.2666,11.1143,10.4291,0.06165030636207409,0.22095663998429904,98.73732,0.3708,0.28080000000000005,Below floor,495.125069604
2026-06-01,20167,"Pet Bed - Private label, Bulk pallet 144",Pet Supplies,CU2069,Harbour Supply,E-commerce Pure-Play,Priya Raghunathan,29.69,17.502,15.5311,12.3047,0.2077380224195324,0.11260998743000794,95.791816,0.3498,0.25980000000000003,Below floor,65.50738597820002
2026-06-01,20032,"Safety Glasses - National brand, Master carton 48",Tools & Hardware,CU2023,Summit Provisions,E-commerce Pure-Play,Yusuf Kandemir,95.75,18.1412,13.9402,12.9451,0.07138348086828028,0.2315723325910083,95.28082500000008,0.1982,0.10819999999999999,Below floor,169.2714115299999
2026-06-01,20167,"Pet Bed - Private label, Bulk pallet 144",Pet Supplies,CU2147,Cedar Hospitality,Marketplace Seller,Dana Whitfield,22.68,17.502,16.2536,12.3047,0.24295540680218528,0.07132899097246026,89.56105199999996,0.3498,0.25980000000000003,Below floor,39.38629847040003
2026-06-01,20153,"Body Wash - National brand, Each",Health & Beauty,CU2047,Kitsilano Kitchen Group,Corporate & B2B Buyer,Marcus Oyelaran,51.84,23.254,21.1274,19.4007,0.08172799303274425,0.09145093317278752,89.51212800000006,0.1871,0.09709999999999999,Below floor,115.40810223359996
2026-06-01,20178,"Vitamin C Serum - Private label, Case 12",Health & Beauty,CU2119,Granville Trading Co,Marketplace Seller,Bea Okonkwo,40.66,14.2666,12.5385,10.4291,0.16823383977349768,0.12112907069659196,85.76820400000003,0.3708,0.28080000000000005,Below floor,103.27135002799999
2026-06-01,20049,"Adjustable Dumbbells - Value, Master carton 48",Sporting Goods,CU2121,Riverside Table,Corporate & B2B Buyer,Nikita Petrenko,39.87,45.4116,35.5021,33.4655,0.05736562062525879,0.21821516969232535,81.199242,0.1777,0.0877,Below floor,170.32955078789996
2026-06-01,20114,"Pet Bed - Private label, Case 12",Pet Supplies,CU2090,Fraser Trading Co,Sub-Distributor,Priya Raghunathan,15.0,28.5831,26.1277,20.8753,0.20102802772536432,0.08590390825347849,78.78600000000003,0.3097,0.21969999999999998,Below floor,42.59023034999997
2026-06-01,20042,"Sunscreen SPF50 - Private label, Case 12",Health & Beauty,CU2045,Sunshine Butchery,Subscription Box Operator,Hollis Marchetti,30.48,14.9032,12.3318,9.7537,0.20906112651843195,0.17254012561060716,78.58048799999997,0.3371,0.24710000000000001,Below floor,48.12638929440003
2026-06-01,20022,"Tool Chest - Value, Bulk pallet 144",Tools & Hardware,CU2137,Juniper Fine Foods,E-commerce Pure-Play,Bea Okonkwo,41.35,46.3595,39.4764,37.5766,0.04812495566971657,0.14847226566291694,78.55672999999996,0.1755,0.08549999999999999,Below floor,207.92054407
2026-06-01,20167,"Pet Bed - Private label, Bulk pallet 144",Pet Supplies,CU2128,Granville Table,Marketplace Seller,Bea Okonkwo,22.94,17.502,15.5885,12.3047,0.2106552907592135,0.10933036224431492,75.330372,0.3498,0.25980000000000003,Below floor,49.758174462000014
2026-06-01,20107,"Laminator - National brand, Case 24",Office & Stationery,CU2124,Mount Fine Foods,Marketplace Seller,Yusuf Kandemir,96.55,13.8831,11.5135,10.7489,0.06640899813262689,0.1706823403994785,73.82212999999997,0.185,0.095,Below floor,131.829128625
2026-06-01,20178,"Vitamin C Serum - Private label, Case 12",Health & Beauty,CU2143,Burrard Foods,Sub-Distributor,Hollis Marchetti,81.2,14.2666,11.3351,10.4291,0.07992871699411568,0.20547993214921567,73.56720000000006,0.3708,0.28080000000000005,Below floor,267.72087249599997
2026-06-01,20111,"Vacuum Sealer - Value, Bulk pallet 144",Home & Kitchen,CU2065,Juniper Table,Government & Education,Dana Whitfield,46.42,23.1789,20.8282,19.2608,0.07525374252215743,0.10141551152125428,72.75870799999997,0.1685,0.07850000000000001,Below floor,90.15468191400004
2026-06-01,20042,"Sunscreen SPF50 - Private label, Case 12",Health & Beauty,CU2139,Cedar Fine Foods,E-commerce Pure-Play,Nikita Petrenko,38.68,14.9032,11.5755,9.7537,0.15738413027515008,0.22328761608245207,70.46722399999999,0.3371,0.24710000000000001,Below floor,80.46604461400003
2026-06-01,20105,"Filing Boxes - Premium brand, Master carton 48",Office & Stationery,CU2087,Selkirk Fine Foods,Sub-Distributor,Alix Fontaine,45.95,20.3704,14.8347,13.3027,0.10327138398484634,0.2717521501786907,70.39540000000001,0.281,0.19100000000000003,Below floor,121.14950466500002
2026-06-01,20026,"Copy Paper - National brand, Inner pack 6",Office & Stationery,CU2030,Mount Catering,Independent Retailer,Marcus Oyelaran,108.45,12.7349,10.3793,9.7312,0.062441590473346104,0.1849720060620813,70.28644500000013,0.2016,0.1116,Below floor,156.64158813599988
2026-06-01,20146,"Sunscreen SPF50 - Value, Case 24",Health & Beauty,CU2028,Riverside Butchery,Independent Retailer,Priya Raghunathan,272.6,6.4069,5.2663,5.0089,0.04887682053813883,0.1780268148402504,70.16724000000015,0.1694,0.0794,Below floor,173.02227857199986
2026-06-01,20238,"Vitamin C Serum - Private label, Each",Health & Beauty,CU2143,Burrard Foods,Sub-Distributor,Hollis Marchetti,36.84,11.1412,8.5571,6.6756,0.21987589253368547,0.2319409040318816,69.31446000000001,0.3574,0.26739999999999997,Below floor,43.35358977360001
2026-06-01,20055,"Filing Boxes - Private label, Each",Office & Stationery,CU2091,Selkirk Catering,Independent Retailer,Hollis Marchetti,15.0,17.5617,13.0442,8.4772,0.3501172935097591,0.25723591679620983,68.505,0.3179,0.22790000000000002,Excessive leakage,0.0
2026-06-01,20221,"Cat Litter - Private label, Bulk pallet 144",Pet Supplies,CU2078,Juniper Market,E-commerce Pure-Play,Dana Whitfield,62.18,11.5309,10.4525,9.3518,0.10530495096866775,0.09352262182483584,68.44152599999998,0.3569,0.2669,Below floor,163.520793005
2026-06-01,20233,"Desk Organiser - National brand, Each",Office & Stationery,CU2143,Burrard Foods,Sub-Distributor,Hollis Marchetti,384.08,16.1104,12.9558,12.7809,0.013499745287824693,0.19581140133081731,67.17559199999968,0.1747,0.0847,Below floor,802.1427301008003
2026-06-01,20105,"Filing Boxes - Premium brand, Master carton 48",Office & Stationery,CU2040,Alder Market,Independent Retailer,Alix Fontaine,34.92,20.3704,15.2106,13.3027,0.12543226434197202,0.2532989042925029,66.62386799999999,0.281,0.19100000000000003,Below floor,82.63044871200003
2026-06-01,20143,"Copy Paper - Private label, Each",Office & Stationery,CU2068,Burrard Trading Co,E-commerce Pure-Play,Alix Fontaine,39.38,15.5267,13.6298,11.9406,0.12393432038621253,0.12217019714427413,66.52069599999999,0.3364,0.24639999999999998,Below floor,114.03915267359999
2026-06-01,20154,"Filing Boxes - National brand, Each",Office & Stationery,CU2010,Coastal Table,Sub-Distributor,Dana Whitfield,376.45,17.1586,13.5132,13.3404,0.01278749666992265,0.21245323045003672,65.05055999999952,0.1615,0.07150000000000001,Below floor,756.5070686100004
2026-06-01,20190,"Aquarium Filter - Value, Inner pack 6",Pet Supplies,CU2086,Coastal Foods,Marketplace Seller,Yusuf Kandemir,263.39,13.2305,9.9754,9.7313,0.02447019668384238,0.2460300064245493,64.29349900000034,0.1857,0.09570000000000001,Below floor,423.6185075341997
2026-06-01,20153,"Body Wash - National brand, Each",Health & Beauty,CU2027,Summit Catering,Marketplace Seller,Rowan Achterberg,43.85,23.254,20.863,19.4007,0.0700905909984182,0.10282102003956317,64.12185499999995,0.1871,0.09709999999999999,Below floor,107.04518610500004
2026-06-01,20228,"Bedding Set - National brand, Case 24",Home & Kitchen,CU2079,Harbour Fine Foods,Marketplace Seller,Jonah Stavrides,15.0,42.9158,39.1509,35.115,0.10308575281794283,0.08772759682913978,60.53849999999997,0.2157,0.1257,Below floor,66.13423695000004
2026-06-01,20178,"Vitamin C Serum - Private label, Case 12",Health & Beauty,CU2081,Kootenay Public House,Regional Retail Chain,Dana Whitfield,28.6,14.2666,12.543,10.4291,0.16853224906322245,0.12081364866190969,60.45753999999998,0.3708,0.28080000000000005,Below floor,72.55946984000003
2026-06-01,20107,"Laminator - National brand, Case 24",Office & Stationery,CU2143,Burrard Foods,Sub-Distributor,Hollis Marchetti,175.43,13.8831,11.0827,10.7489,0.03011901431961526,0.20171287392585224,58.558534000000016,0.185,0.095,Below floor,301.125507285
2026-06-01,20044,"Safety Boots - Value, Inner pack 6",Apparel & Accessories,CU2030,Mount Catering,Independent Retailer,Marcus Oyelaran,83.74,17.6406,14.3223,13.6383,0.04775769254938111,0.1881058467399067,57.278160000000085,0.1559,0.06590000000000001,Below floor,129.7004117717999
2026-06-01,20221,"Cat Litter - Private label, Bulk pallet 144",Pet Supplies,CU2142,Mount Public House,Marketplace Seller,Jonah Stavrides,99.4,11.5309,9.9252,9.3518,0.05777213557409417,0.13925192309360068,56.99595999999995,0.3569,0.2669,Below floor,295.1090456720001
2026-06-01,20188,"Multivitamin - National brand, Case 24",Health & Beauty,CU2125,Mount Bistro,Marketplace Seller,Nikita Petrenko,80.57,22.8172,16.8321,16.1552,0.04021482762103361,0.2623065056185684,54.537832999999985,0.1732,0.0832,Below floor,180.34947684040003
2026-06-01,20026,"Copy Paper - National brand, Inner pack 6",Office & Stationery,CU2143,Burrard Foods,Sub-Distributor,Hollis Marchetti,133.18,12.7349,10.1122,9.7312,0.03767726113012008,0.2059458652992956,50.741580000000035,0.2016,0.1116,Below floor,220.76176767359996
2026-06-01,20153,"Body Wash - National brand, Each",Health & Beauty,CU2035,Salish Bistro,Corporate & B2B Buyer,Hollis Marchetti,48.42,23.254,20.4395,19.4007,0.050823161036228796,0.12103294056936453,50.29869599999992,0.1871,0.09709999999999999,Below floor,134.87054238900006
2026-06-01,20107,"Laminator - National brand, Case 24",Office & Stationery,CU2108,Okanagan Market,Sub-Distributor,Priya Raghunathan,60.59,13.8831,11.5565,10.7489,0.06988274996755064,0.1675850494486102,48.93248399999994,0.185,0.095,Below floor,80.60605797500006
2026-06-01,20091,"Hair Dryer - Private label, Inner pack 6",Health & Beauty,CU2040,Alder Market,Independent Retailer,Alix Fontaine,32.3,12.2347,9.9917,8.4983,0.14946405516578753,0.18333101751575442,48.23681999999997,0.3479,0.2579,Below floor,64.041611489
2026-06-01,20228,"Bedding Set - National brand, Case 24",Home & Kitchen,CU2134,Stanley Public House,Marketplace Seller,Alix Fontaine,15.0,42.9158,38.1541,35.115,0.07965330069376549,0.11095447364373956,45.586499999999965,0.2157,0.1257,Below floor,77.86109055000004
2026-06-01,20111,"Vacuum Sealer - Value, Bulk pallet 144",Home & Kitchen,CU2037,Harbour Provisions,Marketplace Seller,Yusuf Kandemir,115.36,23.1789,19.6462,19.2608,0.019617025175352007,0.15241016614248293,44.45974400000007,0.1685,0.07850000000000001,Below floor,337.426234992
2026-06-01,20037,"Webcam - Value, Each",Consumer Electronics,CU2082,Harbour Butchery,E-commerce Pure-Play,Nikita Petrenko,60.5,36.8428,30.0314,29.3154,0.023841712341083034,0.18487737088386325,43.31800000000007,0.1565,0.0665,Below floor,241.02680304999993
2026-06-01,20178,"Vitamin C Serum - Private label, Case 12",Health & Beauty,CU2067,Alder Bistro,Independent Retailer,Jonah Stavrides,26.64,14.2666,11.9843,10.4291,0.12976978213162216,0.1599750466123674,41.43052799999998,0.3708,0.28080000000000005,Below floor,76.95172964160002
2026-06-01,20007,"Pet Bed - Value, Inner pack 6",Pet Supplies,CU2026,Riverside Kitchen Group,Marketplace Seller,Nikita Petrenko,37.96,21.7608,18.0373,16.9575,0.05986483564613323,0.1711104371162826,40.989207999999955,0.1525,0.0625,Below floor,63.426917970000034
2026-06-01,20111,"Vacuum Sealer - Value, Bulk pallet 144",Home & Kitchen,CU2062,Summit Trading Co,Independent Retailer,Hollis Marchetti,35.85,23.1789,20.3404,19.2608,0.053076635661048914,0.1224605136568172,38.70365999999997,0.1685,0.07850000000000001,Below floor,84.16710279000003
2026-06-01,20065,"LED Floor Lamp - National brand, Case 24",Home & Kitchen,CU2019,Kootenay Grill House,E-commerce Pure-Play,Yusuf Kandemir,39.93,22.0464,20.0539,19.1199,0.04657448177162535,0.09037756731257707,37.2946199999999,0.1915,0.1015,Below floor,116.0494314705001
2026-06-01,20007,"Pet Bed - Value, Inner pack 6",Pet Supplies,CU2012,Burrard Grill House,Government & Education,Priya Raghunathan,61.98,21.7608,17.5577,16.9575,0.03418443190167282,0.19315006801220536,37.200396000000055,0.1525,0.0625,Below floor,128.75410651499996
2026-06-01,20145,"Aquarium Filter - National brand, Master carton 48",Pet Supplies,CU2120,Stanley Hospitality,Independent Retailer,Marcus Oyelaran,24.61,17.0546,15.6707,14.1857,0.09476283765243412,0.0811452628616327,36.54584999999999,0.186,0.096,Below floor,35.18615242200001
2026-06-01,20238,"Vitamin C Serum - Private label, Each",Health & Beauty,CU2139,Cedar Fine Foods,E-commerce Pure-Play,Nikita Petrenko,18.51,11.1412,8.5781,6.6756,0.22178571012228807,0.23005600832944395,35.215274999999984,0.3574,0.26739999999999997,Below floor,21.532922519400014
2026-06-01,20196,"Resistance Bands - Value, Each",Sporting Goods,CU2015,Alder Hospitality,Corporate & B2B Buyer,Dana Whitfield,39.87,34.4166,29.6186,28.7729,0.028553003855685304,0.13940947101108192,33.71805900000003,0.1433,0.053300000000000014,Below floor,135.50399130059998
2026-06-01,20007,"Pet Bed - Value, Inner pack 6",Pet Supplies,CU2104,Summit Table,Corporate & B2B Buyer,Alix Fontaine,78.03,21.7608,17.3781,16.9575,0.02420287603362855,0.20140344104996144,32.81941800000003,0.1525,0.0625,Below floor,173.97258630749997
2026-06-01,20233,"Desk Organiser - National brand, Each",Office & Stationery,CU2110,Chilcotin Table,Independent Retailer,Simone Delacroix,40.42,16.1104,13.5839,12.7809,0.0591140983075552,0.15682416327341342,32.45725999999996,0.1747,0.0847,Below floor,63.46373827860003
2026-06-01,20026,"Copy Paper - National brand, Inner pack 6",Office & Stationery,CU2083,Granville Supply,Marketplace Seller,Bea Okonkwo,72.74,12.7349,10.1762,9.7312,0.043729486448772656,0.20092030561684815,32.36930000000002,0.2016,0.1116,Below floor,116.85840446079996
2026-06-01,20065,"LED Floor Lamp - National brand, Case 24",Home & Kitchen,CU2084,Stanley Supply,Marketplace Seller,Hollis Marchetti,22.53,22.0464,20.5492,19.1199,0.0695550191734957,0.06791131431889108,32.20212899999995,0.1915,0.1015,Below floor,56.45729165400005
2026-06-01,20167,"Pet Bed - Private label, Bulk pallet 144",Pet Supplies,CU2067,Alder Bistro,Independent Retailer,Jonah Stavrides,15.0,17.502,14.4425,12.3047,0.1480214644279038,0.1748085933036223,32.06700000000001,0.3498,0.25980000000000003,Below floor,43.71279749999999
2026-06-01,20111,"Vacuum Sealer - Value, Bulk pallet 144",Home & Kitchen,CU2092,Alder Fine Foods,Marketplace Seller,Yusuf Kandemir,27.67,23.1789,20.3266,19.2608,0.05243375675223596,0.12305588272092294,29.490685999999986,0.1685,0.07850000000000001,Below floor,65.27995220700002
2026-06-01,20184,"Vacuum Sealer - Private label, Each",Home & Kitchen,CU2124,Mount Fine Foods,Marketplace Seller,Yusuf Kandemir,48.31,24.8953,21.4319,20.8763,0.0259239731428384,0.1391186288174876,26.84103599999992,0.3234,0.23340000000000002,Below floor,307.9992677826001
2026-06-01,20026,"Copy Paper - National brand, Inner pack 6",Office & Stationery,CU2052,Selkirk Supply,Marketplace Seller,Simone Delacroix,22.3,12.7349,10.8998,9.7312,0.10721297638488791,0.14410007145717663,26.059780000000032,0.2016,0.1116,Below floor,22.942232863999973
2026-06-01,20007,"Pet Bed - Value, Inner pack 6",Pet Supplies,CU2082,Harbour Butchery,E-commerce Pure-Play,Nikita Petrenko,27.32,21.7608,17.8625,16.9575,0.050664800559832114,0.1791432300283078,24.72460000000003,0.1525,0.0625,Below floor,49.69593374999997
2026-06-01,20178,"Vitamin C Serum - Private label, Case 12",Health & Beauty,CU2131,Sunshine Bistro,Regional Retail Chain,Simone Delacroix,15.0,14.2666,12.0731,10.4291,0.1361704947362318,0.15375071846130128,24.660000000000004,0.3708,0.28080000000000005,Below floor,42.4905822
2026-06-01,20184,"Vacuum Sealer - Private label, Each",Home & Kitchen,CU2039,Okanagan Public House,Marketplace Seller,Marcus Oyelaran,15.0,24.8953,22.4609,20.8763,0.07054926561268686,0.09778552578197497,23.768999999999973,0.3234,0.23340000000000002,Below floor,85.18882590000003
2026-06-01,20026,"Copy Paper - National brand, Inner pack 6",Office & Stationery,CU2008,Kitsilano Table,Independent Retailer,Priya Raghunathan,44.11,12.7349,10.2478,9.7312,0.05041081988329206,0.19529796072211014,22.787226000000018,0.2016,0.1116,Below floor,68.34211433279998
2026-06-01,20166,"Electric Toothbrush - National brand, Bulk pallet 144",Health & Beauty,CU2009,Sunshine Kitchen Group,Marketplace Seller,Dana Whitfield,49.68,12.3716,9.8814,9.4256,0.04612706701479548,0.20128358498496568,22.644144,0.1721,0.0821,Below floor,61.84111453919999
2026-06-01,20111,"Vacuum Sealer - Value, Bulk pallet 144",Home & Kitchen,CU2031,Juniper Public House,Corporate & B2B Buyer,Nikita Petrenko,17.89,23.1789,20.4997,19.2608,0.0604350307565477,0.11558788380811846,22.16392100000002,0.1685,0.07850000000000001,Below floor,39.63170716049999
2026-06-01,20007,"Pet Bed - Value, Inner pack 6",Pet Supplies,CU2144,Coastal Fine Foods,Marketplace Seller,Priya Raghunathan,71.9,21.7608,17.2453,16.9575,0.01668860501122049,0.20750615786184334,20.692820000000054,0.1525,0.0625,Below floor,168.39758317499997
2026-06-01,20184,"Vacuum Sealer - Private label, Each",Home & Kitchen,CU2072,Chilcotin Public House,Marketplace Seller,Hollis Marchetti,84.61,24.8953,21.0986,20.8763,0.010536244110983695,0.15250669805143935,18.80880300000005,0.3234,0.23340000000000002,Below floor,558.5095303764
2026-06-01,20022,"Tool Chest - Value, Bulk pallet 144",Tools & Hardware,CU2103,Summit Grill House,Marketplace Seller,Alix Fontaine,44.48,46.3595,37.9654,37.5766,0.010240903559556947,0.18106536955747998,17.29382400000015,0.1755,0.08549999999999999,Below floor,279.0732000959998
2026-06-01,20146,"Sunscreen SPF50 - Value, Case 24",Health & Beauty,CU2070,Riverside Public House,Marketplace Seller,Priya Raghunathan,148.7,6.4069,5.1203,5.0089,0.02175653770286909,0.20081474660132048,16.56518000000009,0.1694,0.0794,Below floor,112.4140505339999
2026-06-01,20015,"Body Wash - Value, Bulk pallet 144",Health & Beauty,CU2125,Mount Bistro,Marketplace Seller,Nikita Petrenko,130.38,12.442,8.8798,8.7628,0.013175972431811428,0.2863044526603441,15.254459999999883,0.1614,0.07139999999999999,Below floor,171.60611949360006
2026-06-01,20069,"Cordless Drill - National brand, Inner pack 6",Tools & Hardware,CU2054,Cedar Public House,Marketplace Seller,Alix Fontaine,24.43,15.495,12.1273,11.5151,0.05048114584449957,0.2173410777670216,14.956045999999992,0.1926,0.1026,Below floor,42.1055442514
2026-06-01,20190,"Aquarium Filter - Value, Inner pack 6",Pet Supplies,CU2064,Cedar Trading Co,Independent Retailer,Jonah Stavrides,124.27,13.2305,9.8513,9.7313,0.01218113345446804,0.2554098484562185,14.912400000000122,0.1857,0.09570000000000001,Below floor,212.4254491706999
2026-06-01,20069,"Cordless Drill - National brand, Inner pack 6",Tools & Hardware,CU2028,Riverside Butchery,Independent Retailer,Priya Raghunathan,35.32,15.495,11.9027,11.5151,0.03256404009174381,0.23183607615359791,13.690031999999967,0.1926,0.1026,Below floor,67.27965590640004
2026-06-01,20146,"Sunscreen SPF50 - Value, Case 24",Health & Beauty,CU2059,Granville Bistro,Independent Retailer,Nikita Petrenko,57.56,6.4069,5.2376,5.0089,0.04366503742171986,0.182506360330269,13.163971999999996,0.1694,0.0794,Below floor,37.9061057664
2026-06-01,20221,"Cat Litter - Private label, Bulk pallet 144",Pet Supplies,CU2025,Fraser Larder,E-commerce Pure-Play,Hollis Marchetti,32.18,11.5309,9.718,9.3518,0.03768265075118329,0.1572210321830907,11.784315999999974,0.3569,0.2669,Below floor,99.82732215600004
2026-06-01,20069,"Cordless Drill - National brand, Inner pack 6",Tools & Hardware,CU2097,Summit Butchery,Subscription Box Operator,Alix Fontaine,37.29,15.495,11.8005,11.5151,0.024185415872208738,0.23843175217812196,10.64256599999997,0.1926,0.1026,Below floor,74.10926222700002
2026-06-01,20032,"Safety Glasses - National brand, Master carton 48",Tools & Hardware,CU2091,Selkirk Catering,Independent Retailer,Hollis Marchetti,16.43,18.1412,13.5517,12.9451,0.04476191178966478,0.25298767446475434,9.966438000000004,0.1982,0.10819999999999999,Below floor,34.1636702242
2026-06-01,20153,"Body Wash - National brand, Each",Health & Beauty,CU2143,Burrard Foods,Sub-Distributor,Hollis Marchetti,254.67,23.254,19.4375,19.4007,0.0018932475884244117,0.16412230153952012,9.371855999999871,0.1871,0.09709999999999999,Below floor,916.8008581875
2026-06-01,20159,"Gel Pens - Private label, Inner pack 6",Office & Stationery,CU2071,Harbour Table,Regional Retail Chain,Dana Whitfield,132.23,12.4073,10.6467,10.5814,0.006133355875529395,0.1419003328685532,8.63461899999984,0.326,0.23600000000000002,Below floor,450.3124649660001
2026-06-01,20153,"Body Wash - National brand, Each",Health & Beauty,CU2099,Cedar Provisions,E-commerce Pure-Play,Priya Raghunathan,128.21,23.254,19.4677,19.4007,0.003441598134345617,0.16282360024081877,8.590070000000022,0.1871,0.09709999999999999,Below floor,458.40288916070006
2026-06-01,20069,"Cordless Drill - National brand, Inner pack 6",Tools & Hardware,CU2103,Summit Grill House,Marketplace Seller,Alix Fontaine,15.0,15.495,11.9821,11.5151,0.03897480408275682,0.22671184252984822,7.005000000000008,0.1926,0.1026,Below floor,27.61128689999999
2026-06-01,20221,"Cat Litter - Private label, Bulk pallet 144",Pet Supplies,CU2092,Alder Fine Foods,Marketplace Seller,Yusuf Kandemir,15.0,11.5309,9.7747,9.3518,0.04326475492853986,0.1523038097633317,6.3434999999999775,0.3569,0.2669,Below floor,45.98535645000001
2026-06-01,20131,"Desk Organiser - Private label, Bulk pallet 144",Office & Stationery,CU2109,Kootenay Trading Co,Subscription Box Operator,Alix Fontaine,15.0,6.429,5.2439,4.8895,0.0675832872480406,0.18433659978223682,5.316000000000001,0.3538,0.26380000000000003,Below floor,22.513377300000002
2026-06-01,20221,"Cat Litter - Private label, Bulk pallet 144",Pet Supplies,CU2145,Harbour Trading Co,Regional Retail Chain,Dana Whitfield,15.0,11.5309,9.6498,9.3518,0.03088146904599059,0.16313557484671626,4.470000000000001,0.3569,0.2669,Below floor,47.190204300000005
2026-06-01,20131,"Desk Organiser - Private label, Bulk pallet 144",Office & Stationery,CU2055,Riverside Foods,Marketplace Seller,Yusuf Kandemir,15.0,6.429,5.1602,4.8895,0.05245920700748028,0.19735573184009958,4.060499999999996,0.3538,0.26380000000000003,Below floor,23.3246814
2026-06-01,20131,"Desk Organiser - Private label, Bulk pallet 144",Office & Stationery,CU2044,Harbour Public House,Corporate & B2B Buyer,Dana Whitfield,15.0,6.429,5.138,4.8895,0.04836512261580381,0.20080883496655788,3.727499999999999,0.3538,0.26380000000000003,Below floor,23.539866
2026-06-01,20159,"Gel Pens - Private label, Inner pack 6",Office & Stationery,CU2076,Mount Grill House,Government & Education,Tom Beauchemin,21.77,12.4073,10.7489,10.5814,0.015582989887337348,0.1336632466370603,3.646475000000009,0.326,0.23600000000000002,Below floor,72.638683278
2026-06-01,20131,"Desk Organiser - Private label, Bulk pallet 144",Office & Stationery,CU2076,Mount Grill House,Government & Education,Tom Beauchemin,15.0,6.429,5.0773,4.8895,0.03698816300001973,0.21025042774926117,2.817000000000003,0.3538,0.26380000000000003,Below floor,24.128231099999997
2026-06-01,20228,"Bedding Set - National brand, Case 24",Home & Kitchen,CU2030,Mount Catering,Independent Retailer,Marcus Oyelaran,57.82,42.9158,35.1539,35.115,0.0011065628564682199,0.180863458213525,2.2491979999998937,0.2157,0.1257,Below floor,436.18229801860014
2026-06-01,20131,"Desk Organiser - Private label, Bulk pallet 144",Office & Stationery,CU2103,Summit Grill House,Marketplace Seller,Alix Fontaine,15.0,6.429,5.0387,4.8895,0.02961081231269979,0.21625447192409397,2.2380000000000067,0.3538,0.26380000000000003,Below floor,24.502380899999995
2026-06-01,20221,"Cat Litter - Private label, Bulk pallet 144",Pet Supplies,CU2141,Sunshine Supply,Marketplace Seller,Simone Delacroix,38.7,11.5309,9.3713,9.3518,0.00208082123077897,0.18728806944817844,0.7546499999999599,0.3569,0.2669,Below floor,128.68202673900007
2026-06-01,20069,"Cordless Drill - National brand, Inner pack 6",Tools & Hardware,CU2060,Fraser Hospitality,Subscription Box Operator,Simone Delacroix,15.0,15.495,11.5652,11.5151,0.004331961401445757,0.25361729590190374,0.7515000000000072,0.1926,0.1026,Below floor,32.660362799999994
2026-06-01,20163,"Storage Bins - Value, Bulk pallet 144",Home & Kitchen,CU2080,Cedar Catering,Government & Education,Jonah Stavrides,125.68,12.9619,10.3141,10.3083,0.0005623369949875116,0.20427560774269204,0.7289440000000872,0.194,0.10400000000000001,Below floor,250.74861707199994
2026-06-01,20146,"Sunscreen SPF50 - Value, Case 24",Health & Beauty,CU2148,Salish Kitchen Group,Regional Retail Chain,Simone Delacroix,270.94,6.4069,5.0004,5.0089,-0.0016998640108790758,0.21952894535578837,-2.302989999999927,0.1694,0.0794,Loss-making,231.80752889439992
2026-06-01,20131,"Desk Organiser - Private label, Bulk pallet 144",Office & Stationery,CU2030,Mount Catering,Independent Retailer,Marcus Oyelaran,15.0,6.429,4.7239,4.8895,-0.035055780181629484,0.26522009643801525,-2.483999999999993,0.3538,0.26380000000000003,Loss-making,27.553737299999995
2026-06-01,20148,"Gel Pens - Value, Case 24",Office & Stationery,CU2018,Chilcotin Hospitality,Independent Retailer,Dana Whitfield,207.12,4.6148,4.0529,4.0697,-0.004145179994571769,0.12176042298691159,-3.479615999999985,0.1653,0.0753,Loss-making,142.23849391439998
2026-06-01,20133,"Aquarium Filter - National brand, Case 24",Pet Supplies,CU2020,Cedar Larder,Marketplace Seller,Tom Beauchemin,46.45,14.1912,12.2644,12.3512,-0.00707739473598384,0.13577428265403912,-4.03186000000001,0.2155,0.1255,Loss-making,126.79819739000001
2026-06-01,20131,"Desk Organiser - Private label, Bulk pallet 144",Office & Stationery,CU2143,Burrard Foods,Sub-Distributor,Hollis Marchetti,25.85,6.429,4.7078,4.8895,-0.03859552232465275,0.26772437393062687,-4.696945000000006,0.3538,0.26380000000000003,Loss-making,47.753212694000005
2026-06-01,20145,"Aquarium Filter - National brand, Master carton 48",Pet Supplies,CU2059,Granville Bistro,Independent Retailer,Nikita Petrenko,60.19,17.0546,14.1034,14.1857,-0.00583547229746019,0.17304422267306185,-4.953637000000002,0.186,0.096,Loss-making,162.845995156
2026-06-01,20111,"Vacuum Sealer - Value, Bulk pallet 144",Home & Kitchen,CU2072,Chilcotin Public House,Marketplace Seller,Hollis Marchetti,39.05,23.1789,19.1138,19.2608,-0.007690778390482189,0.17537933206493828,-5.74034999999994,0.1685,0.07850000000000001,Loss-making,131.50772046499995
2026-06-01,20163,"Storage Bins - Value, Bulk pallet 144",Home & Kitchen,CU2083,Granville Supply,Marketplace Seller,Bea Okonkwo,59.59,12.9619,10.2038,10.3083,-0.010241282659401382,0.21278516266905323,-6.227154999999989,0.194,0.10400000000000001,Loss-making,124.18777674799998
2026-06-01,20159,"Gel Pens - Private label, Inner pack 6",Office & Stationery,CU2126,Sunshine Foods,Marketplace Seller,Alix Fontaine,70.09,12.4073,10.4692,10.5814,-0.010717151262751655,0.15620642686160557,-7.8640979999999745,0.326,0.23600000000000002,Loss-making,247.078408328
2026-06-01,20153,"Body Wash - National brand, Each",Health & Beauty,CU2005,Coastal Supply,Independent Retailer,Hollis Marchetti,27.01,23.254,19.1033,19.4007,-0.015567990870687245,0.17849402253375768,-8.032773999999991,0.1871,0.09709999999999999,Loss-making,104.5726568843
2026-06-01,20037,"Webcam - Value, Each",Consumer Electronics,CU2112,Stanley Provisions,Government & Education,Nikita Petrenko,84.69,36.8428,29.2116,29.3154,-0.0035533829026824846,0.20712866557373477,-8.790821999999972,0.1565,0.0665,Loss-making,395.96093022599996
2026-06-01,20007,"Pet Bed - Value, Inner pack 6",Pet Supplies,CU2057,Okanagan Hospitality,Subscription Box Operator,Bea Okonkwo,15.0,21.7608,16.3409,16.9575,-0.03773353976831131,0.24906712988493063,-9.248999999999974,0.1525,0.0625,Loss-making,46.628808749999976
2026-06-01,20131,"Desk Organiser - Private label, Bulk pallet 144",Office & Stationery,CU2121,Riverside Table,Corporate & B2B Buyer,Nikita Petrenko,15.0,6.429,4.2426,4.8895,-0.15247725451374147,0.3400839944003733,-9.703499999999995,0.3538,0.26380000000000003,Loss-making,32.218978199999995
2026-06-01,20026,"Copy Paper - National brand, Inner pack 6",Office & Stationery,CU2127,Sunshine Public House,Corporate & B2B Buyer,Bea Okonkwo,67.64,12.7349,9.5673,9.7312,-0.0171312700552925,0.24873379453313338,-11.086195999999996,0.2016,0.1116,Loss-making,141.5480418752
2026-06-01,20146,"Sunscreen SPF50 - Value, Case 24",Health & Beauty,CU2043,Kootenay Hospitality,Government & Education,Simone Delacroix,264.44,6.4069,4.9624,5.0089,-0.009370465903595032,0.2254600508826422,-12.296459999999996,0.1694,0.0794,Loss-making,234.59280528639997
2026-06-01,20190,"Aquarium Filter - Value, Inner pack 6",Pet Supplies,CU2042,Okanagan Provisions,Corporate & B2B Buyer,Hollis Marchetti,180.99,13.2305,9.6617,9.7313,-0.0072037012120019705,0.2697403726238615,-12.596903999999899,0.1857,0.09570000000000001,Loss-making,337.32512411309995
2026-06-01,20133,"Aquarium Filter - National brand, Case 24",Pet Supplies,CU2131,Sunshine Bistro,Regional Retail Chain,Simone Delacroix,43.78,14.1912,12.0012,12.3512,-0.02916375029163747,0.1543209876543209,-15.322999999999984,0.2155,0.1255,Loss-making,128.549401508
2026-06-01,20131,"Desk Organiser - Private label, Bulk pallet 144",Office & Stationery,CU2050,Cedar Butchery,Marketplace Seller,Alix Fontaine,28.38,6.429,4.3288,4.8895,-0.1295278137128072,0.3266759993778192,-15.912665999999993,0.3538,0.26380000000000003,Loss-making,59.3774715072
2026-06-01,20163,"Storage Bins - Value, Bulk pallet 144",Home & Kitchen,CU2006,Coastal Larder,Independent Retailer,Dana Whitfield,153.8,12.9619,10.1953,10.3083,-0.011083538493227227,0.21344093072774828,-17.379399999999933,0.194,0.10400000000000001,Loss-making,321.57860516
2026-06-01,20182,"Camping Tent - Value, Case 12",Sporting Goods,CU2091,Selkirk Catering,Independent Retailer,Hollis Marchetti,92.21,16.826,12.6886,12.8897,-0.01584887221600494,0.2458932604302866,-18.543431000000023,0.1361,0.05,Loss-making,177.7825821966
2026-06-01,20148,"Gel Pens - Value, Case 24",Office & Stationery,CU2049,Mount Market,Independent Retailer,Marcus Oyelaran,134.16,4.6148,3.8886,4.0697,-0.04657203106516491,0.1573632660136951,-24.296376000000034,0.1653,0.0753,Loss-making,110.53248941280003
2026-06-01,20166,"Electric Toothbrush - National brand, Bulk pallet 144",Health & Beauty,CU2109,Kootenay Trading Co,Subscription Box Operator,Alix Fontaine,162.78,12.3716,9.2414,9.4256,-0.019932044928257495,0.253014969769472,-29.984075999999806,0.1721,0.0821,Loss-making,288.8767033331998
2026-06-01,20026,"Copy Paper - National brand, Inner pack 6",Office & Stationery,CU2023,Summit Provisions,E-commerce Pure-Play,Yusuf Kandemir,115.26,12.7349,9.4678,9.7312,-0.0278206130252011,0.2565469693519383,-30.35948399999988,0.2016,0.1116,Loss-making,250.3572234047999
2026-06-01,20148,"Gel Pens - Value, Case 24",Office & Stationery,CU2108,Okanagan Market,Sub-Distributor,Priya Raghunathan,126.2,4.6148,3.8193,4.0697,-0.06556175215353598,0.17238016815463286,-31.600479999999994,0.1653,0.0753,Loss-making,111.27436259800001
2026-06-01,20070,"Power Bank - Value, Case 12",Consumer Electronics,CU2011,Okanagan Larder,Regional Retail Chain,Nikita Petrenko,149.13,45.1528,37.681,37.8988,-0.005780101377352087,0.1654781098846584,-32.480514000000596,0.1818,0.09179999999999999,Loss-making,1054.0815309540003
2026-06-01,20133,"Aquarium Filter - National brand, Case 24",Pet Supplies,CU2031,Juniper Public House,Corporate & B2B Buyer,Nikita Petrenko,40.41,14.1912,11.4824,12.3512,-0.0756636243294085,0.1908788545013811,-35.108208000000005,0.2155,0.1255,Loss-making,135.10102345200002
2026-06-01,20065,"LED Floor Lamp - National brand, Case 24",Home & Kitchen,CU2059,Granville Bistro,Independent Retailer,Nikita Petrenko,51.37,22.0464,18.4313,19.1199,-0.03736035982269297,0.16397688511503006,-35.37338200000005,0.1915,0.1015,Loss-making,216.68862321150007
2026-06-01,20111,"Vacuum Sealer - Value, Bulk pallet 144",Home & Kitchen,CU2070,Riverside Public House,Marketplace Seller,Priya Raghunathan,105.15,23.1789,18.9144,19.2608,-0.018314088736623903,0.18398198361440787,-36.423959999999916,0.1685,0.07850000000000001,Loss-making,371.54504346
2026-06-01,20145,"Aquarium Filter - National brand, Master carton 48",Pet Supplies,CU2016,Alder Trading Co,Corporate & B2B Buyer,Simone Delacroix,514.7,17.0546,14.1114,14.1857,-0.005265246538259912,0.17257514101767268,-38.242210000000476,0.186,0.096,Loss-making,1389.1857998800006
2026-06-01,20011,"Cordless Drill - Value, Case 24",Tools & Hardware,CU2072,Chilcotin Public House,Marketplace Seller,Hollis Marchetti,70.71,21.2674,15.171,16.0365,-0.05704963417045685,0.2866546921579507,-61.19950500000005,0.154,0.064,Loss-making,226.40168214000002
2026-06-01,20111,"Vacuum Sealer - Value, Bulk pallet 144",Home & Kitchen,CU2010,Coastal Table,Sub-Distributor,Dana Whitfield,75.91,23.1789,18.4263,19.2608,-0.045288527810792095,0.20503992855571218,-63.34689499999988,0.1685,0.07850000000000001,Loss-making,299.0346579604999
2026-06-01,20159,"Gel Pens - Private label, Inner pack 6",Office & Stationery,CU2121,Riverside Table,Corporate & B2B Buyer,Nikita Petrenko,35.54,12.4073,8.7854,10.5814,-0.20443007717349254,0.29191685539964374,-63.82984000000004,0.326,0.23600000000000002,Loss-making,165.61783581600002
2026-06-01,20228,"Bedding Set - National brand, Case 24",Home & Kitchen,CU2006,Coastal Larder,Independent Retailer,Dana Whitfield,76.86,42.9158,34.2101,35.115,-0.026451252700226104,0.20285535863248505,-69.55061400000038,0.2157,0.1257,Loss-making,636.7096672902003
2026-06-01,20007,"Pet Bed - Value, Inner pack 6",Pet Supplies,CU2072,Chilcotin Public House,Marketplace Seller,Hollis Marchetti,107.93,21.7608,16.2391,16.9575,-0.04423890486541736,0.25374526671813535,-77.5369119999999,0.1525,0.0625,Loss-making,344.82153660749987
2026-06-01,20044,"Safety Boots - Value, Inner pack 6",Apparel & Accessories,CU2125,Mount Bistro,Marketplace Seller,Nikita Petrenko,122.33,17.6406,12.9522,13.6383,-0.052971695928104856,0.2657732730179245,-83.93061299999997,0.1559,0.06590000000000001,Loss-making,330.94521839339995
2026-06-01,20065,"LED Floor Lamp - National brand, Case 24",Home & Kitchen,CU2124,Mount Fine Foods,Marketplace Seller,Yusuf Kandemir,542.38,22.0464,18.962,19.1199,-0.00832718067714384,0.1399049277886638,-85.64180200000081,0.1915,0.1015,Loss-making,2055.1445327400006
2026-06-01,20185,"Bluetooth Speaker - Value, Master carton 48",Consumer Electronics,CU2070,Riverside Public House,Marketplace Seller,Priya Raghunathan,60.88,65.3695,53.731,55.2908,-0.02902979657925584,0.1780417472980519,-94.96062399999974,0.1413,0.05130000000000001,Loss-making,557.1731694639998
2026-06-01,20159,"Gel Pens - Private label, Inner pack 6",Office & Stationery,CU2010,Coastal Table,Sub-Distributor,Dana Whitfield,171.78,12.4073,9.9281,10.5814,-0.06580312446490262,0.19981784916944045,-112.22387399999997,0.326,0.23600000000000002,Loss-making,668.200253868
2026-06-01,20069,"Cordless Drill - National brand, Inner pack 6",Tools & Hardware,CU2091,Selkirk Catering,Independent Retailer,Hollis Marchetti,110.74,15.495,10.4857,11.5151,-0.09817179587438138,0.3232849306227815,-113.99575600000009,0.1926,0.1026,Loss-making,337.6402601068001
2026-06-01,20133,"Aquarium Filter - National brand, Case 24",Pet Supplies,CU2141,Sunshine Supply,Marketplace Seller,Simone Delacroix,116.12,14.1912,11.2781,12.3512,-0.09514900559491404,0.20527510006201022,-124.60837200000002,0.2155,0.1255,Loss-making,406.829967466
2026-06-01,20221,"Cat Litter - Private label, Bulk pallet 144",Pet Supplies,CU2091,Selkirk Catering,Independent Retailer,Hollis Marchetti,169.23,11.5309,8.586,9.3518,-0.08919170743070119,0.25539203357933904,-129.59633400000007,0.3569,0.2669,Loss-making,648.1751675820001
2026-06-01,20145,"Aquarium Filter - National brand, Master carton 48",Pet Supplies,CU2143,Burrard Foods,Sub-Distributor,Hollis Marchetti,340.14,17.0546,13.7989,14.1857,-0.02803121987984556,0.1908986431813119,-131.5661520000003,0.186,0.096,Loss-making,1004.5679113560002
2026-06-01,20022,"Tool Chest - Value, Bulk pallet 144",Tools & Hardware,CU2098,Fraser Catering,Subscription Box Operator,Nikita Petrenko,138.57,46.3595,36.6211,37.5766,-0.026091515547048034,0.2100626624532188,-132.4036350000001,0.1755,0.08549999999999999,Loss-making,1022.9934476384999
2026-06-01,20105,"Filing Boxes - Premium brand, Master carton 48",Office & Stationery,CU2125,Mount Bistro,Marketplace Seller,Nikita Petrenko,320.55,20.3704,12.8618,13.3027,-0.03427980531496363,0.36860346384950715,-141.33049499999973,0.281,0.19100000000000003,Loss-making,1299.85134219
2026-06-01,20007,"Pet Bed - Value, Inner pack 6",Pet Supplies,CU2043,Kootenay Hospitality,Government & Education,Simone Delacroix,112.72,21.7608,15.6156,16.9575,-0.08593329747175894,0.28239770596669234,-151.2589679999999,0.1525,0.0625,Loss-making,419.6880088799999
2026-06-01,20133,"Aquarium Filter - National brand, Case 24",Pet Supplies,CU2091,Selkirk Catering,Independent Retailer,Hollis Marchetti,74.84,14.1912,10.185,12.3512,-0.2126853215513009,0.2823017081007948,-162.118408,0.2155,0.1255,Loss-making,326.3822917
2026-06-01,20148,"Gel Pens - Value, Case 24",Office & Stationery,CU2010,Coastal Table,Sub-Distributor,Dana Whitfield,247.29,4.6148,3.3669,4.0697,-0.2087380082568536,0.27041258559417525,-173.79541200000008,0.1653,0.0753,Loss-making,311.4243078753001
2026-06-01,20163,"Storage Bins - Value, Bulk pallet 144",Home & Kitchen,CU2022,Summit Supply,Regional Retail Chain,Priya Raghunathan,230.05,12.9619,9.5513,10.3083,-0.0792562269010501,0.263125004821824,-174.14784999999992,0.194,0.10400000000000001,Loss-making,600.41950361
2026-06-01,20037,"Webcam - Value, Each",Consumer Electronics,CU2011,Okanagan Larder,Regional Retail Chain,Nikita Petrenko,111.52,36.8428,27.5273,29.3154,-0.06495733326552186,0.252844517789093,-199.408912,0.1565,0.0665,Loss-making,679.839575624
2026-06-01,20007,"Pet Bed - Value, Inner pack 6",Pet Supplies,CU2050,Cedar Butchery,Marketplace Seller,Alix Fontaine,81.52,21.7608,14.3048,16.9575,-0.18544125048934618,0.34263446196830993,-216.24810399999993,0.1525,0.0625,Loss-making,394.08251663999994
2026-06-01,20133,"Aquarium Filter - National brand, Case 24",Pet Supplies,CU2010,Coastal Table,Sub-Distributor,Dana Whitfield,152.07,14.1912,10.862,12.3512,-0.13710182286871667,0.23459608771633123,-226.46264400000004,0.2155,0.1255,Loss-making,582.42216927
2026-06-01,20197,"Copy Paper - National brand, Master carton 48",Office & Stationery,CU2023,Summit Provisions,E-commerce Pure-Play,Yusuf Kandemir,1716.51,20.965,13.6495,13.7898,-0.010278764789919036,0.3489387073694252,-240.82635299999978,0.1806,0.09060000000000001,Loss-making,4472.194639047
2026-06-01,20133,"Aquarium Filter - National brand, Case 24",Pet Supplies,CU2099,Cedar Provisions,E-commerce Pure-Play,Priya Raghunathan,205.27,14.1912,10.9795,12.3512,-0.12493282936381443,0.2263163086983483,-281.56885900000015,0.2155,0.1255,Loss-making,767.2545624575001
2026-06-01,20161,"LED Floor Lamp - National brand, Case 12",Home & Kitchen,CU2006,Coastal Larder,Independent Retailer,Dana Whitfield,106.34,55.5327,44.4866,47.1481,-0.05982700408662376,0.19891163224550568,-283.02390999999966,0.1575,0.0675,Loss-making,1028.1099544299998
2026-06-01,20166,"Electric Toothbrush - National brand, Bulk pallet 144",Health & Beauty,CU2054,Cedar Public House,Marketplace Seller,Alix Fontaine,320.22,12.3716,8.4535,9.4256,-0.11499378955462226,0.316701154256523,-311.2858619999998,0.1721,0.0821,Loss-making,777.1570804169999
2026-06-01,20145,"Aquarium Filter - National brand, Master carton 48",Pet Supplies,CU2127,Sunshine Public House,Corporate & B2B Buyer,Bea Okonkwo,468.68,17.0546,13.5104,14.1857,-0.04998371624822359,0.20781490037878347,-316.49960400000003,0.186,0.096,Loss-making,1494.2616985920001
2026-06-01,20190,"Aquarium Filter - Value, Inner pack 6",Pet Supplies,CU2121,Riverside Table,Corporate & B2B Buyer,Nikita Petrenko,202.29,13.2305,8.1117,9.7313,-0.1996622163048434,0.38689391935301,-327.62888399999963,0.1857,0.09570000000000001,Loss-making,632.3469467600997
2026-06-01,20233,"Desk Organiser - National brand, Each",Office & Stationery,CU2125,Mount Bistro,Marketplace Seller,Nikita Petrenko,277.0,16.1104,11.5845,12.7809,-0.10327592904311801,0.2809303307180454,-331.4028000000002,0.1747,0.0847,Loss-making,891.9987655500003
2026-06-01,20038,"Sunscreen SPF50 - National brand, Case 12",Health & Beauty,CU2121,Riverside Table,Corporate & B2B Buyer,Nikita Petrenko,304.34,27.2668,20.7198,21.8497,-0.05453237965617425,0.2401088503234703,-343.87376599999976,0.1698,0.07980000000000001,Loss-making,1414.6094616535995
2026-06-01,20196,"Resistance Bands - Value, Each",Sporting Goods,CU2096,Riverside Market,Marketplace Seller,Bea Okonkwo,335.96,34.4166,27.649,28.7729,-0.04064884805960429,0.19663766903180446,-377.58544399999965,0.1433,0.053300000000000014,Loss-making,1708.6931311319995
2026-06-01,20037,"Webcam - Value, Each",Consumer Electronics,CU2070,Riverside Public House,Marketplace Seller,Priya Raghunathan,267.98,36.8428,27.89,29.3154,-0.05110792398709214,0.24299998914306176,-381.97869199999997,0.1565,0.0665,Loss-making,1551.6537763
2026-06-01,20011,"Cordless Drill - Value, Case 24",Tools & Hardware,CU2050,Cedar Butchery,Marketplace Seller,Alix Fontaine,98.69,21.2674,12.0376,16.0365,-0.332200770917791,0.43398816968693865,-394.6514410000001,0.154,0.064,Loss-making,577.6020155760001
2026-06-01,20133,"Aquarium Filter - National brand, Case 24",Pet Supplies,CU2072,Chilcotin Public House,Marketplace Seller,Hollis Marchetti,343.57,14.1912,11.1204,12.3512,-0.11067947196144026,0.2163876204972095,-422.8659560000001,0.2155,0.1255,Loss-making,1246.212976934
2026-06-01,20190,"Aquarium Filter - Value, Inner pack 6",Pet Supplies,CU2037,Harbour Provisions,Marketplace Seller,Yusuf Kandemir,387.32,13.2305,8.5756,9.7313,-0.1347660805074863,0.3518309965609765,-447.6257239999998,0.1857,0.09570000000000001,Loss-making,1064.4285324943999
2026-06-01,20133,"Aquarium Filter - National brand, Case 24",Pet Supplies,CU2127,Sunshine Public House,Corporate & B2B Buyer,Bea Okonkwo,228.75,14.1912,10.2395,12.3512,-0.20623077298696235,0.2784612999605389,-483.0513750000002,0.2155,0.1255,Loss-making,987.8139271875002
2026-06-01,20011,"Cordless Drill - Value, Case 24",Tools & Hardware,CU2022,Summit Supply,Regional Retail Chain,Priya Raghunathan,146.09,21.2674,12.7269,16.0365,-0.2600476156801734,0.401577061606026,-483.499464,0.154,0.064,Loss-making,769.8274784339999
2026-06-01,20153,"Body Wash - National brand, Each",Health & Beauty,CU2006,Coastal Larder,Independent Retailer,Dana Whitfield,424.89,23.254,18.209,19.4007,-0.06544565874018347,0.21695192224993554,-506.34141300000033,0.1871,0.09709999999999999,Loss-making,1953.9008110710001
2026-06-01,20153,"Body Wash - National brand, Each",Health & Beauty,CU2125,Mount Bistro,Marketplace Seller,Nikita Petrenko,363.08,23.254,17.59,19.4007,-0.10293916998294489,0.243570998537886,-657.4289560000002,0.1871,0.09709999999999999,Loss-making,1852.35755012
2026-06-01,20033,"Wireless Earbuds - National brand, Inner pack 6",Consumer Electronics,CU2023,Summit Provisions,E-commerce Pure-Play,Yusuf Kandemir,3159.53,25.1462,19.8933,20.1986,-0.01534687558122579,0.20889438563281926,-964.6045089999969,0.1902,0.10020000000000001,Loss-making,12919.3360529398
2026-06-01,20037,"Webcam - Value, Each",Consumer Electronics,CU2135,Okanagan Table,Sub-Distributor,Nikita Petrenko,475.98,36.8428,27.2166,29.3154,-0.07711470205683299,0.26127764447870405,-998.9868240000004,0.1565,0.0665,Loss-making,3026.3750364420002
2026-06-01,20166,"Electric Toothbrush - National brand, Bulk pallet 144",Health & Beauty,CU2072,Chilcotin Public House,Marketplace Seller,Hollis Marchetti,737.51,12.3716,7.8308,9.4256,-0.20365735301629453,0.3670341750460733,-1176.1809479999995,0.1721,0.0821,Loss-making,2170.1089263067993
2026-06-01,20065,"LED Floor Lamp - National brand, Case 24",Home & Kitchen,CU2125,Mount Bistro,Marketplace Seller,Nikita Petrenko,451.77,22.0464,16.3628,19.1199,-0.16849805656733574,0.2578017272661296,-1245.5750670000004,0.1915,0.1015,Loss-making,2661.185609874001
2026-06-01,20145,"Aquarium Filter - National brand, Master carton 48",Pet Supplies,CU2050,Cedar Butchery,Marketplace Seller,Alix Fontaine,711.33,17.0546,12.4112,14.1857,-0.14297569936831261,0.2722667198292543,-1262.2550850000011,0.186,0.096,Loss-making,2904.348439656001
2026-06-01,20161,"LED Floor Lamp - National brand, Case 12",Home & Kitchen,CU2107,Selkirk Bistro,E-commerce Pure-Play,Hollis Marchetti,666.25,55.5327,45.2085,47.1481,-0.04290343630069564,0.18591208423145278,-1292.258499999999,0.1575,0.0675,Loss-making,6036.184192187499
2026-06-01,20022,"Tool Chest - Value, Bulk pallet 144",Tools & Hardware,CU2030,Mount Catering,Independent Retailer,Marcus Oyelaran,539.29,46.3595,35.0068,37.5766,-0.07340859490156201,0.24488400435725144,-1385.8674420000002,0.1755,0.08549999999999999,Loss-making,4699.099855686
2026-06-01,20037,"Webcam - Value, Each",Consumer Electronics,CU2050,Cedar Butchery,Marketplace Seller,Alix Fontaine,339.77,36.8428,24.8342,29.3154,-0.18044470931215828,0.3259415679590042,-1522.5773240000003,0.1565,0.0665,Loss-making,2843.111198971
2026-06-01,20166,"Electric Toothbrush - National brand, Bulk pallet 144",Health & Beauty,CU2006,Coastal Larder,Independent Retailer,Dana Whitfield,1160.89,12.3716,8.1004,9.4256,-0.16359685941434976,0.34524232920559994,-1538.4114279999988,0.1721,0.0821,Loss-making,3156.7836125675994
2026-06-01,20064,"Hair Dryer - Value, Case 24",Health & Beauty,CU2022,Summit Supply,Regional Retail Chain,Priya Raghunathan,1656.79,21.7705,16.0174,17.0919,-0.0670832969146054,0.2642612709859673,-1780.2208550000007,0.1752,0.0852,Loss-making,6429.5852741792005
2026-06-01,20065,"LED Floor Lamp - National brand, Case 24",Home & Kitchen,CU2023,Summit Provisions,E-commerce Pure-Play,Yusuf Kandemir,807.61,22.0464,16.8405,19.1199,-0.1353522757637839,0.23613379055083827,-1840.8662340000021,0.1915,0.1015,Loss-making,4445.372747257502
2026-06-01,20153,"Body Wash - National brand, Each",Health & Beauty,CU2050,Cedar Butchery,Marketplace Seller,Alix Fontaine,846.4,23.254,16.8955,19.4007,-0.14827616821047038,0.27343682807258973,-2120.401280000002,0.1871,0.09709999999999999,Loss-making,4795.99698952
2026-06-01,20101,"Chew Toy Pack - National brand, Each",Pet Supplies,CU2121,Riverside Table,Corporate & B2B Buyer,Nikita Petrenko,816.82,34.0418,24.502,27.5186,-0.1231164802873235,0.280237825261884,-2464.0192120000006,0.1994,0.1094,Loss-making,6454.755705816
2026-06-01,20048,"HDMI Cable - National brand, Master carton 48",Consumer Electronics,CU2127,Sunshine Public House,Corporate & B2B Buyer,Bea Okonkwo,628.1,108.0447,86.0083,90.0938,-0.04750122953249856,0.20395632548380438,-2566.102549999998,0.1688,0.07880000000000001,Loss-making,11684.984623223998
2026-06-01,20185,"Bluetooth Speaker - Value, Master carton 48",Consumer Electronics,CU2016,Alder Trading Co,Corporate & B2B Buyer,Simone Delacroix,595.61,65.3695,50.8457,55.2908,-0.08742332193282808,0.2221800686864669,-2647.546010999998,0.1413,0.05130000000000001,Loss-making,6926.7045133700985
2026-06-01,20033,"Wireless Earbuds - National brand, Inner pack 6",Consumer Electronics,CU2022,Summit Supply,Regional Retail Chain,Priya Raghunathan,3727.84,25.1462,18.6029,20.1986,-0.08577694875530144,0.2602102902227771,-5948.51428799999,0.1902,0.10020000000000001,Loss-making,19138.62461478719
2026-06-01,20101,"Chew Toy Pack - National brand, Each",Pet Supplies,CU2022,Summit Supply,Regional Retail Chain,Priya Raghunathan,2742.68,34.0418,22.0003,27.5186,-0.25082839779457555,0.35372688870741276,-15134.931043999999,0.1994,0.1094,Loss-making,27166.683735117604
