month,product_id,supplier,purchased_units,output_units,standard_input_cost_unit,actual_input_cost_unit,standard_sellable_rate,actual_recovery,standard_handling_unit,actual_handling_unit,labour_hours,standard_hours,purchase_price_variance,standard_input_units,yield_variance,handling_variance
2023-07-01,20000,Ningbo Hometech Manufacturing,1455.7,1410.0,35.2113,35.5433,0.9729,0.9686,0.4043,0.3891,27.33,20.74,483.29,1449.3,225.35,-21.43
2023-08-01,20000,Ningbo Hometech Manufacturing,628.3,607.5,35.2113,35.4077,0.9729,0.9669,0.4043,0.4137,9.3,8.93,123.4,624.4,137.32,5.71
2023-10-01,20000,Ningbo Hometech Manufacturing,772.4,758.0,35.2113,35.8773,0.9729,0.9813,0.4043,0.4236,16.57,11.15,514.42,779.1,-235.92,14.63
2023-11-01,20000,Ningbo Hometech Manufacturing,1302.1,1270.3,35.2113,36.4824,0.9729,0.9756,0.4043,0.44,23.47,18.68,1655.1,1305.7,-126.76,45.35
2023-12-01,20000,Ningbo Hometech Manufacturing,599.8,593.3,35.2113,35.7826,0.9729,0.9892,0.4043,0.4468,6.23,8.73,342.67,609.8,-352.11,25.22
2024-01-01,20000,Ningbo Hometech Manufacturing,887.6,874.6,35.2113,34.9204,0.9729,0.9854,0.4043,0.3647,11.81,12.86,-258.2,899.0,-401.41,-34.63
2024-02-01,20000,Ningbo Hometech Manufacturing,692.2,662.9,35.2113,34.5813,0.9729,0.9577,0.4043,0.4112,15.87,9.75,-436.09,681.4,380.28,4.57
2024-03-01,20000,Ningbo Hometech Manufacturing,599.1,568.3,35.2113,35.3831,0.9729,0.9486,0.4043,0.4208,9.6,8.36,102.93,584.1,528.17,9.38
2024-04-01,20000,Ningbo Hometech Manufacturing,1116.1,1058.1,35.2113,35.2776,0.9729,0.9481,0.4043,0.4041,13.13,15.56,74.0,1087.6,1003.52,-0.21
2024-05-01,20000,Ningbo Hometech Manufacturing,943.2,889.2,35.2113,35.5885,0.9729,0.9427,0.4043,0.4203,10.62,13.08,355.78,914.0,1028.17,14.23
2024-06-01,20000,Ningbo Hometech Manufacturing,246.9,232.8,35.2113,35.0491,0.9729,0.9429,0.4043,0.4777,3.1,3.42,-40.05,239.3,267.61,17.09
2024-09-01,20000,Ningbo Hometech Manufacturing,425.1,402.8,33.8946,34.2501,0.9729,0.9476,0.4043,0.3869,4.57,5.92,151.12,414.0,376.23,-7.01
2024-11-01,20000,Ningbo Hometech Manufacturing,1541.8,1500.2,33.8946,35.4721,0.9729,0.973,0.4043,0.4458,23.04,22.06,2432.19,1542.0,-6.78,62.26
2025-01-01,20000,Ningbo Hometech Manufacturing,259.8,256.2,33.8946,37.4495,0.9729,0.9862,0.4043,0.391,3.32,3.77,923.56,263.3,-118.63,-3.41
2025-02-01,20000,Ningbo Hometech Manufacturing,263.8,259.0,33.8946,36.3235,0.9729,0.9819,0.4043,0.4482,6.56,3.81,640.74,266.2,-81.35,11.37
2025-04-01,20000,Ningbo Hometech Manufacturing,1385.4,1348.3,33.8946,35.3508,0.9729,0.9732,0.4043,0.3649,15.01,19.83,2017.42,1385.9,-16.95,-53.12
2025-05-01,20000,Ningbo Hometech Manufacturing,328.2,318.7,33.8946,35.2639,0.9729,0.9711,0.4043,0.393,3.95,4.69,449.4,327.6,20.34,-3.6
2025-06-01,20000,Ningbo Hometech Manufacturing,815.7,811.6,33.8946,32.7812,0.9729,0.995,0.4043,0.4218,9.82,11.94,-908.2,834.2,-627.05,14.2
2025-07-01,20000,Ningbo Hometech Manufacturing,855.0,850.7,35.5272,35.7105,0.9729,0.995,0.4043,0.4313,13.1,12.51,156.72,874.4,-689.23,22.97
2025-08-01,20000,Ningbo Hometech Manufacturing,492.7,490.2,35.5272,38.4308,0.9729,0.995,0.4043,0.4299,5.75,7.21,1430.6,503.9,-397.9,12.55
2025-12-01,20000,Ningbo Hometech Manufacturing,642.7,608.6,35.5272,37.4141,0.9729,0.9469,0.4043,0.3273,10.75,8.95,1212.71,625.6,607.52,-46.86
2026-01-01,20000,Ningbo Hometech Manufacturing,503.0,477.9,35.5272,34.5636,0.9729,0.95,0.4043,0.3721,5.9,7.03,-484.69,491.2,419.22,-15.39
2026-02-01,20000,Ningbo Hometech Manufacturing,221.0,211.8,35.5272,32.685,0.9729,0.9585,0.4043,0.3998,3.4,3.11,-628.13,217.7,117.24,-0.95
2026-03-01,20000,Ningbo Hometech Manufacturing,855.9,833.9,35.5272,31.2668,0.9729,0.9743,0.4043,0.3944,21.63,12.26,-3646.48,857.1,-42.63,-8.26
2026-06-01,20000,Ningbo Hometech Manufacturing,1091.4,1056.7,35.5272,30.7639,0.9729,0.9681,0.4043,0.4073,14.45,15.54,-5198.67,1086.1,188.29,3.17
2023-07-01,20001,Ashworth Tools & Hardware,1022.8,934.0,6.7731,6.7848,0.9135,0.9132,0.4642,0.4941,18.39,13.73,11.97,1022.4,2.71,27.93
2023-08-01,20001,Ashworth Tools & Hardware,1149.8,1054.4,6.7731,6.2642,0.9135,0.917,0.4642,0.5051,15.81,15.51,-585.13,1154.2,-29.8,43.12
2023-09-01,20001,Ashworth Tools & Hardware,586.4,530.5,6.7731,6.0494,0.9135,0.9048,0.4642,0.536,10.83,7.8,-424.38,580.7,38.61,38.09
2023-11-01,20001,Ashworth Tools & Hardware,560.8,518.9,6.7731,5.9236,0.9135,0.9253,0.4642,0.4809,7.74,7.63,-476.4,568.0,-48.77,8.67
2024-01-01,20001,Ashworth Tools & Hardware,1671.8,1491.2,6.7731,5.9233,0.9135,0.892,0.4642,0.48,17.79,21.93,-1420.7,1632.4,266.86,23.56
2024-02-01,20001,Ashworth Tools & Hardware,590.1,522.0,6.7731,5.7562,0.9135,0.8846,0.4642,0.5217,8.03,7.68,-600.07,571.4,126.66,30.02
2024-03-01,20001,Ashworth Tools & Hardware,2326.5,2047.8,6.7731,5.9238,0.9135,0.8802,0.4642,0.4506,32.5,30.11,-1975.9,2241.7,574.36,-27.85
2024-04-01,20001,Ashworth Tools & Hardware,555.4,507.3,6.7731,5.9723,0.9135,0.9135,0.4642,0.4435,6.85,7.46,-444.76,555.3,0.68,-10.5
2024-05-01,20001,Ashworth Tools & Hardware,1748.2,1552.6,6.7731,6.2204,0.9135,0.8881,0.4642,0.4184,38.07,22.83,-966.23,1699.6,329.17,-71.11
2024-06-01,20001,Ashworth Tools & Hardware,1950.3,1702.0,6.7731,6.1882,0.9135,0.8727,0.4642,0.3723,35.4,25.03,-1140.73,1863.2,589.94,-156.41
2024-07-01,20001,Ashworth Tools & Hardware,493.4,436.1,6.2523,6.2912,0.9135,0.8839,0.4642,0.5406,9.54,6.41,19.19,477.4,100.04,33.32
2024-08-01,20001,Ashworth Tools & Hardware,833.6,764.1,6.2523,6.2477,0.9135,0.9166,0.4642,0.4295,16.95,11.24,-3.83,836.5,-18.13,-26.51
2024-09-01,20001,Ashworth Tools & Hardware,352.3,326.0,6.2523,6.6078,0.9135,0.9251,0.4642,0.4323,4.3,4.79,125.24,356.9,-28.76,-10.4
2024-11-01,20001,Ashworth Tools & Hardware,1092.8,987.6,6.2523,6.9245,0.9135,0.9037,0.4642,0.4494,22.86,14.52,734.58,1081.1,73.15,-14.62
2024-12-01,20001,Ashworth Tools & Hardware,1328.5,1256.8,6.2523,7.2512,0.9135,0.946,0.4642,0.4849,16.09,18.48,1327.04,1375.8,-295.73,26.02
2025-01-01,20001,Ashworth Tools & Hardware,1434.3,1322.3,6.2523,7.226,0.9135,0.9219,0.4642,0.4542,21.22,19.45,1396.58,1447.5,-82.53,-13.22
2025-02-01,20001,Ashworth Tools & Hardware,638.4,583.7,6.2523,7.2944,0.9135,0.9142,0.4642,0.4215,7.88,8.58,665.28,639.0,-3.75,-24.92
2025-03-01,20001,Ashworth Tools & Hardware,963.1,884.8,6.2523,7.248,0.9135,0.9187,0.4642,0.4241,11.66,13.01,958.96,968.6,-34.39,-35.48
2025-06-01,20001,Ashworth Tools & Hardware,1578.7,1427.5,6.2523,7.1002,0.9135,0.9042,0.4642,0.4515,15.94,20.99,1338.58,1562.7,100.04,-18.13
2025-07-01,20001,Ashworth Tools & Hardware,646.8,583.8,7.324,7.2404,0.9135,0.9026,0.4642,0.4947,7.51,8.59,-54.07,639.1,56.39,17.81
2025-08-01,20001,Ashworth Tools & Hardware,625.5,568.5,7.324,6.9388,0.9135,0.9088,0.4642,0.4841,13.43,8.36,-240.94,622.3,23.44,11.31
2025-09-01,20001,Ashworth Tools & Hardware,3420.4,3066.2,7.324,6.9551,0.9135,0.8965,0.4642,0.4555,37.09,45.09,-1261.79,3356.5,468.0,-26.68
2025-10-01,20001,Ashworth Tools & Hardware,463.8,406.1,7.324,7.0624,0.9135,0.8757,0.4642,0.4436,6.94,5.97,-121.33,444.6,140.62,-8.37
2025-11-01,20001,Ashworth Tools & Hardware,1067.8,985.4,7.324,7.4987,0.9135,0.9229,0.4642,0.4469,20.08,14.49,186.54,1078.7,-79.83,-17.05
2026-01-01,20001,Ashworth Tools & Hardware,204.8,186.7,7.324,7.862,0.9135,0.9115,0.4642,0.5386,1.98,2.75,110.18,204.4,2.93,13.89
2026-02-01,20001,Ashworth Tools & Hardware,1441.3,1318.5,7.324,7.8656,0.9135,0.9148,0.4642,0.5154,18.96,19.39,780.61,1443.3,-14.65,67.51
2026-03-01,20001,Ashworth Tools & Hardware,870.0,788.7,7.324,7.2484,0.9135,0.9065,0.4642,0.4294,20.57,11.6,-65.77,863.4,48.34,-27.45
2026-04-01,20001,Ashworth Tools & Hardware,1332.1,1214.9,7.324,7.4854,0.9135,0.912,0.4642,0.4925,30.17,17.87,215.0,1329.9,16.11,34.38
2026-05-01,20001,Ashworth Tools & Hardware,1065.7,926.6,7.324,7.7392,0.9135,0.8695,0.4642,0.484,10.99,13.63,442.48,1014.3,376.45,18.35
2026-06-01,20001,Ashworth Tools & Hardware,861.3,802.0,7.324,7.6357,0.9135,0.9312,0.4642,0.4336,8.6,11.79,268.47,877.9,-121.58,-24.54
2023-07-01,20002,Vertex Consumer Products (US),2204.4,1865.0,28.3159,28.5298,0.8354,0.846,0.4213,0.442,22.98,27.43,471.52,2232.5,-795.68,38.61
2023-08-01,20002,Vertex Consumer Products (US),1283.0,1065.1,28.3159,30.9365,0.8354,0.8302,0.4213,0.4106,27.86,15.66,3362.23,1275.0,226.53,-11.4
2023-09-01,20002,Vertex Consumer Products (US),1400.0,1160.0,28.3159,32.4067,0.8354,0.8286,0.4213,0.4408,12.73,17.06,5727.12,1388.6,322.8,22.62
2023-10-01,20002,Vertex Consumer Products (US),4191.5,3519.1,28.3159,30.9042,0.8354,0.8396,0.4213,0.4513,45.13,51.75,10848.86,4212.5,-594.63,105.57
2023-11-01,20002,Vertex Consumer Products (US),2964.6,2463.3,28.3159,30.5052,0.8354,0.8309,0.4213,0.4233,30.02,36.22,6490.4,2948.6,453.05,4.93
2024-02-01,20002,Vertex Consumer Products (US),2456.9,2050.7,28.3159,27.9855,0.8354,0.8347,0.4213,0.4041,26.04,30.16,-811.76,2454.8,59.46,-35.27
2024-03-01,20002,Vertex Consumer Products (US),2565.1,2184.9,28.3159,28.4457,0.8354,0.8518,0.4213,0.415,31.71,32.13,332.95,2615.4,-1424.29,-13.76
2024-04-01,20002,Vertex Consumer Products (US),1749.8,1475.7,28.3159,28.6604,0.8354,0.8434,0.4213,0.4611,29.84,21.7,602.81,1766.5,-472.88,58.73
2024-05-01,20002,Vertex Consumer Products (US),1316.7,1136.3,28.3159,29.1296,0.8354,0.863,0.4213,0.4049,23.9,16.71,1071.4,1360.2,-1231.74,-18.64
2024-06-01,20002,Vertex Consumer Products (US),2245.0,1984.5,28.3159,32.4061,0.8354,0.884,0.4213,0.454,29.17,29.18,9182.5,2375.5,-3695.22,64.89
2024-08-01,20002,Vertex Consumer Products (US),1569.0,1303.8,32.5717,32.0406,0.8354,0.831,0.4213,0.4399,21.13,19.17,-833.3,1560.7,270.35,24.25
2024-09-01,20002,Vertex Consumer Products (US),880.9,751.3,32.5717,31.4574,0.8354,0.8529,0.4213,0.4225,18.54,11.05,-981.59,899.3,-599.32,0.9
2024-10-01,20002,Vertex Consumer Products (US),12149.3,10516.1,32.5717,31.8652,0.8354,0.8656,0.4213,0.4178,157.16,154.65,-8583.48,12588.1,-14292.46,-36.81
2024-11-01,20002,Vertex Consumer Products (US),2250.3,1994.0,32.5717,30.799,0.8354,0.8861,0.4213,0.5029,43.27,29.32,-3989.11,2386.9,-4449.29,162.71
2024-12-01,20002,Vertex Consumer Products (US),1197.6,1014.5,32.5717,28.9932,0.8354,0.8472,0.4213,0.4304,10.58,14.92,-4285.61,1214.4,-547.2,9.23
2025-01-01,20002,Vertex Consumer Products (US),6188.8,5363.8,32.5717,28.3679,0.8354,0.8667,0.4213,0.4362,60.34,78.88,-26016.48,6420.6,-7550.12,79.92
2025-02-01,20002,Vertex Consumer Products (US),6038.7,5277.2,32.5717,28.7642,0.8354,0.8739,0.4213,0.3991,67.25,77.61,-22992.35,6317.0,-9064.7,-117.15
2025-03-01,20002,Vertex Consumer Products (US),1531.7,1301.2,32.5717,27.0241,0.8354,0.8495,0.4213,0.4155,19.55,19.14,-8497.26,1557.6,-843.61,-7.55
2025-04-01,20002,Vertex Consumer Products (US),5706.5,4979.2,32.5717,27.3361,0.8354,0.8726,0.4213,0.504,92.32,73.22,-29876.95,5960.3,-8266.7,411.78
2025-05-01,20002,Vertex Consumer Products (US),2651.3,2298.4,32.5717,27.1485,0.8354,0.8669,0.4213,0.4154,35.18,33.8,-14378.53,2751.3,-3257.17,-13.56
2025-06-01,20002,Vertex Consumer Products (US),6980.0,6064.3,32.5717,26.6189,0.8354,0.8688,0.4213,0.4734,114.82,89.18,-41550.54,7259.2,-9094.02,315.95
2025-07-01,20002,Vertex Consumer Products (US),4645.6,3755.4,28.2939,28.723,0.8354,0.8084,0.4213,0.4683,46.06,55.23,1993.43,4495.3,4252.57,176.5
2025-08-01,20002,Vertex Consumer Products (US),3762.5,3220.2,28.2939,28.9362,0.8354,0.8559,0.4213,0.4293,35.68,47.36,2416.65,3854.7,-2608.7,25.76
2025-09-01,20002,Vertex Consumer Products (US),4941.5,4128.3,28.2939,29.1025,0.8354,0.8354,0.4213,0.3383,56.86,60.71,3995.7,4941.7,-5.66,-342.65
2025-10-01,20002,Vertex Consumer Products (US),2256.9,1908.6,28.2939,29.2818,0.8354,0.8457,0.4213,0.3972,25.07,28.07,2229.59,2284.7,-786.57,-46.0
2025-11-01,20002,Vertex Consumer Products (US),1044.9,876.0,28.2939,29.0599,0.8354,0.8383,0.4213,0.421,16.86,12.88,800.39,1048.6,-104.69,-0.26
2025-12-01,20002,Vertex Consumer Products (US),3694.0,3164.1,28.2939,28.4331,0.8354,0.8565,0.4213,0.3817,34.73,46.53,514.2,3787.5,-2645.48,-125.3
2026-01-01,20002,Vertex Consumer Products (US),3105.1,2491.9,28.2939,27.6581,0.8354,0.8025,0.4213,0.4049,53.01,36.65,-1974.22,2982.9,3457.51,-40.87
2026-02-01,20002,Vertex Consumer Products (US),3620.3,2977.6,28.2939,26.2513,0.8354,0.8225,0.4213,0.3765,35.64,43.79,-7394.82,3564.3,1584.46,-133.4
2026-03-01,20002,Vertex Consumer Products (US),3948.0,3406.2,28.2939,26.0077,0.8354,0.8628,0.4213,0.3874,52.58,50.09,-9025.92,4077.3,-3658.4,-115.47
2026-04-01,20002,Vertex Consumer Products (US),2981.1,2484.7,28.2939,26.7789,0.8354,0.8335,0.4213,0.5049,38.65,36.54,-4516.37,2974.3,192.4,207.72
2026-05-01,20002,Vertex Consumer Products (US),1214.5,1026.6,28.2939,26.7821,0.8354,0.8453,0.4213,0.4061,16.39,15.1,-1836.08,1228.9,-407.43,-15.6
2026-06-01,20002,Vertex Consumer Products (US),3955.5,3440.3,28.2939,27.4688,0.8354,0.8697,0.4213,0.4301,71.5,50.59,-3263.68,4118.1,-4600.59,30.27
2023-07-01,20003,Ningbo Hometech Manufacturing,4522.3,4222.3,19.3517,19.3536,0.925,0.9337,0.3314,0.315,61.96,62.09,8.59,4564.6,-818.58,-69.25
2023-08-01,20003,Ningbo Hometech Manufacturing,7600.3,7022.6,19.3517,19.2157,0.925,0.924,0.3314,0.3458,114.35,103.27,-1033.64,7592.0,160.62,101.13
2023-09-01,20003,Ningbo Hometech Manufacturing,2613.3,2511.2,19.3517,18.8533,0.925,0.9609,0.3314,0.3408,26.79,36.93,-1302.47,2714.8,-1964.2,23.61
2023-10-01,20003,Ningbo Hometech Manufacturing,3426.3,3125.9,19.3517,18.9633,0.925,0.9123,0.3314,0.3574,58.14,45.97,-1330.77,3379.4,907.59,81.27
2023-12-01,20003,Ningbo Hometech Manufacturing,1810.0,1694.3,19.3517,18.6439,0.925,0.9361,0.3314,0.3981,25.37,24.92,-1281.12,1831.7,-419.93,113.01
2024-01-01,20003,Ningbo Hometech Manufacturing,5970.0,5348.5,19.3517,19.3045,0.925,0.8959,0.3314,0.3521,72.07,78.65,-281.78,5782.2,3634.25,110.71
2024-02-01,20003,Ningbo Hometech Manufacturing,1309.5,1193.4,19.3517,19.2692,0.925,0.9114,0.3314,0.354,26.78,17.55,-108.03,1290.2,373.49,26.97
2024-03-01,20003,Ningbo Hometech Manufacturing,2854.9,2519.0,19.3517,20.5021,0.925,0.8824,0.3314,0.3349,38.12,37.04,3284.28,2723.2,2548.62,8.82
2024-06-01,20003,Ningbo Hometech Manufacturing,2936.1,2682.6,19.3517,22.0156,0.925,0.9137,0.3314,0.2871,30.95,39.45,7821.48,2900.1,696.66,-118.84
2024-08-01,20003,Ningbo Hometech Manufacturing,6340.4,5814.6,23.1259,23.295,0.925,0.9171,0.3314,0.3443,105.38,85.51,1072.16,6286.1,1255.74,75.01
2024-09-01,20003,Ningbo Hometech Manufacturing,3194.6,2881.7,23.1259,23.7338,0.925,0.9021,0.3314,0.3235,32.62,42.38,1942.0,3115.4,1831.57,-22.77
2024-10-01,20003,Ningbo Hometech Manufacturing,3132.2,2872.0,23.1259,23.2373,0.925,0.9169,0.3314,0.306,60.22,42.23,348.93,3104.9,631.34,-72.95
2024-11-01,20003,Ningbo Hometech Manufacturing,877.4,817.3,23.1259,21.8933,0.925,0.9314,0.3314,0.3145,9.39,12.02,-1081.48,883.6,-143.38,-13.81
2024-12-01,20003,Ningbo Hometech Manufacturing,7792.4,7111.2,23.1259,21.2711,0.925,0.9126,0.3314,0.3473,137.73,104.58,-14453.34,7687.8,2418.97,113.07
2025-01-01,20003,Ningbo Hometech Manufacturing,5368.0,4961.2,23.1259,19.9096,0.925,0.9242,0.3314,0.2807,52.31,72.96,-17265.1,5363.5,104.07,-251.53
2025-02-01,20003,Ningbo Hometech Manufacturing,3705.8,3537.6,23.1259,19.6333,0.925,0.9546,0.3314,0.3406,59.65,52.02,-12942.88,3824.4,-2742.73,32.55
2025-03-01,20003,Ningbo Hometech Manufacturing,828.4,812.1,23.1259,19.9867,0.925,0.9804,0.3314,0.317,13.44,11.94,-2600.51,877.9,-1144.73,-11.69
2025-04-01,20003,Ningbo Hometech Manufacturing,2748.3,2470.0,23.1259,19.9851,0.925,0.8988,0.3314,0.3417,41.56,36.32,-8631.86,2670.3,1803.82,25.44
2025-05-01,20003,Ningbo Hometech Manufacturing,5372.6,4743.1,23.1259,20.4519,0.925,0.8828,0.3314,0.3557,71.57,69.75,-14366.33,5127.7,5663.53,115.26
2025-07-01,20003,Ningbo Hometech Manufacturing,3131.9,2818.5,17.9387,18.1267,0.925,0.9,0.3314,0.3651,30.15,41.45,588.8,3047.0,1523.0,94.98
2025-08-01,20003,Ningbo Hometech Manufacturing,4892.3,4345.2,17.9387,17.854,0.925,0.8882,0.3314,0.3183,63.08,63.9,-414.38,4697.5,3494.46,-56.92
2025-09-01,20003,Ningbo Hometech Manufacturing,2563.0,2325.8,17.9387,16.5446,0.925,0.9075,0.3314,0.4452,47.4,34.2,-3573.08,2514.4,871.82,264.68
2025-10-01,20003,Ningbo Hometech Manufacturing,1304.7,1158.0,17.9387,16.3883,0.925,0.8876,0.3314,0.3442,28.83,17.03,-2022.81,1251.9,947.16,14.82
2025-11-01,20003,Ningbo Hometech Manufacturing,1973.1,1839.4,17.9387,16.153,0.925,0.9322,0.3314,0.3054,20.74,27.05,-3523.36,1988.5,-276.26,-47.82
2025-12-01,20003,Ningbo Hometech Manufacturing,4039.2,3859.1,17.9387,15.7995,0.925,0.9554,0.3314,0.3555,56.08,56.75,-8640.66,4172.0,-2382.26,93.0
2026-02-01,20003,Ningbo Hometech Manufacturing,1045.6,943.6,17.9387,17.9726,0.925,0.9024,0.3314,0.3949,11.09,13.88,35.45,1020.1,457.44,59.92
2026-03-01,20003,Ningbo Hometech Manufacturing,3093.7,2845.8,17.9387,18.0981,0.925,0.9199,0.3314,0.3574,57.6,41.85,493.14,3076.5,308.55,73.99
2026-05-01,20003,Ningbo Hometech Manufacturing,5224.0,4530.8,17.9387,19.7004,0.925,0.8673,0.3314,0.3798,57.13,66.63,9203.12,4898.2,5844.43,219.29
2026-06-01,20003,Ningbo Hometech Manufacturing,4866.6,4401.8,17.9387,18.5299,0.925,0.9045,0.3314,0.325,80.79,64.73,2877.13,4758.7,1935.59,-28.17
2023-07-01,20004,Guangzhou Vantage Industrial,5782.8,5086.2,13.151,13.2614,0.9243,0.8795,0.2512,0.262,70.25,74.8,638.42,5502.8,3682.28,54.93
2023-08-01,20004,Guangzhou Vantage Industrial,5347.7,4737.0,13.151,13.5309,0.9243,0.8858,0.2512,0.238,70.4,69.66,2031.59,5125.0,2928.73,-62.53
2023-11-01,20004,Guangzhou Vantage Industrial,4951.5,4534.1,13.151,13.5408,0.9243,0.9157,0.2512,0.2498,81.74,66.68,1930.09,4905.4,606.26,-6.35
2023-12-01,20004,Guangzhou Vantage Industrial,4416.9,3885.2,13.151,13.7811,0.9243,0.8796,0.2512,0.2612,41.92,57.13,2783.09,4203.4,2807.74,38.85
2024-03-01,20004,Guangzhou Vantage Industrial,5193.1,4689.2,13.151,14.7518,0.9243,0.903,0.2512,0.2742,90.64,68.96,8313.11,5073.2,1576.8,107.85
2024-04-01,20004,Guangzhou Vantage Industrial,2474.1,2233.2,13.151,15.8825,0.9243,0.9026,0.2512,0.2773,58.57,32.84,6758.0,2416.1,762.76,58.29
2024-05-01,20004,Guangzhou Vantage Industrial,4087.4,3735.7,13.151,16.9201,0.9243,0.914,0.2512,0.2449,66.48,54.94,15405.82,4041.7,601.0,-23.53
2024-06-01,20004,Guangzhou Vantage Industrial,3688.3,3283.9,13.151,17.5002,0.9243,0.8904,0.2512,0.2878,67.08,48.29,16041.15,3552.9,1780.65,120.19
2024-07-01,20004,Guangzhou Vantage Industrial,2282.3,2018.2,18.2968,18.3057,0.9243,0.8843,0.2512,0.2763,28.47,29.68,20.31,2183.5,1807.72,50.66
2024-08-01,20004,Guangzhou Vantage Industrial,2029.6,1809.6,18.2968,17.7745,0.9243,0.8916,0.2512,0.2441,37.33,26.61,-1060.06,1957.8,1313.71,-12.85
2024-09-01,20004,Guangzhou Vantage Industrial,1660.8,1478.0,18.2968,17.9574,0.9243,0.89,0.2512,0.2424,26.06,21.74,-563.68,1599.0,1130.74,-13.01
2024-11-01,20004,Guangzhou Vantage Industrial,1234.1,1127.7,18.2968,17.4501,0.9243,0.9138,0.2512,0.2843,26.51,16.58,-1044.91,1220.1,256.16,37.33
2024-12-01,20004,Guangzhou Vantage Industrial,2104.7,1900.5,18.2968,17.8651,0.9243,0.903,0.2512,0.269,30.57,27.95,-908.6,2056.2,887.39,33.83
2025-01-01,20004,Guangzhou Vantage Industrial,1278.6,1130.6,18.2968,18.6718,0.9243,0.8842,0.2512,0.2359,16.26,16.63,479.48,1223.2,1013.64,-17.3
2025-02-01,20004,Guangzhou Vantage Industrial,741.0,666.5,18.2968,18.535,0.9243,0.8994,0.2512,0.2394,8.78,9.8,176.51,721.1,364.11,-7.86
2025-03-01,20004,Guangzhou Vantage Industrial,3012.7,2708.7,18.2968,18.0011,0.9243,0.8991,0.2512,0.2496,34.06,39.83,-890.86,2930.5,1504.0,-4.33
2025-05-01,20004,Guangzhou Vantage Industrial,4544.7,4091.5,18.2968,19.5708,0.9243,0.9003,0.2512,0.3007,65.74,60.17,5789.95,4426.6,2160.85,202.53
2025-07-01,20004,Guangzhou Vantage Industrial,1424.9,1297.2,17.2863,17.3481,0.9243,0.9104,0.2512,0.2549,20.2,19.08,88.06,1403.4,371.66,4.8
2025-08-01,20004,Guangzhou Vantage Industrial,1781.0,1709.0,17.2863,16.9559,0.9243,0.9596,0.2512,0.2306,25.72,25.13,-588.44,1849.0,-1175.47,-35.21
2025-10-01,20004,Guangzhou Vantage Industrial,5145.2,4722.9,17.2863,17.1087,0.9243,0.9179,0.2512,0.2591,62.56,69.45,-913.79,5109.7,613.66,37.31
2025-11-01,20004,Guangzhou Vantage Industrial,2815.6,2605.1,17.2863,16.3806,0.9243,0.9252,0.2512,0.2248,37.99,38.31,-2550.09,2818.5,-50.13,-68.77
2025-12-01,20004,Guangzhou Vantage Industrial,1711.5,1640.7,17.2863,16.7712,0.9243,0.9586,0.2512,0.2388,23.43,24.13,-881.59,1775.1,-1099.41,-20.34
2026-01-01,20004,Guangzhou Vantage Industrial,1320.9,1290.0,17.2863,16.659,0.9243,0.9766,0.2512,0.2325,16.09,18.97,-828.6,1395.7,-1293.02,-24.12
2026-02-01,20004,Guangzhou Vantage Industrial,11324.3,10990.3,17.2863,16.7564,0.9243,0.9705,0.2512,0.2668,193.28,161.62,-6000.75,11890.4,-9785.77,171.45
2026-03-01,20004,Guangzhou Vantage Industrial,3070.6,2918.6,17.2863,17.7946,0.9243,0.9505,0.2512,0.2404,42.39,42.92,1560.79,3157.6,-1503.91,-31.52
2026-04-01,20004,Guangzhou Vantage Industrial,1683.5,1542.7,17.2863,17.9287,0.9243,0.9164,0.2512,0.2442,21.06,22.69,1081.48,1669.0,250.65,-10.8
2026-06-01,20004,Guangzhou Vantage Industrial,2131.8,1972.6,17.2863,17.4533,0.9243,0.9253,0.2512,0.2764,24.17,29.01,356.01,2134.2,-41.49,49.71
2023-07-01,20005,Silverline Personal Care,554.3,485.6,17.0904,16.928,0.9006,0.8762,0.4307,0.4173,12.74,7.14,-90.02,539.2,258.07,-6.51
2023-08-01,20005,Silverline Personal Care,276.1,239.5,17.0904,16.8384,0.9006,0.8675,0.4307,0.4638,3.61,3.52,-69.58,265.9,174.32,7.93
2023-09-01,20005,Silverline Personal Care,456.5,412.2,17.0904,17.0701,0.9006,0.903,0.4307,0.4446,7.05,6.06,-9.27,457.7,-20.51,5.73
2023-10-01,20005,Silverline Personal Care,54.3,50.0,17.0904,17.3805,0.9006,0.9204,0.4307,0.3773,0.67,0.74,15.75,55.5,-20.51,-2.67
2023-11-01,20005,Silverline Personal Care,158.4,153.2,17.0904,17.29,0.9006,0.9676,0.4307,0.4606,3.21,2.25,31.62,170.1,-199.96,4.58
2023-12-01,20005,Silverline Personal Care,59.0,54.7,17.0904,16.7837,0.9006,0.9259,0.4307,0.4802,0.58,0.8,-18.1,60.7,-29.05,2.71
2024-01-01,20005,Silverline Personal Care,282.2,247.7,17.0904,15.5046,0.9006,0.8778,0.4307,0.4048,4.2,3.64,-447.51,275.0,123.05,-6.42
2024-03-01,20005,Silverline Personal Care,226.8,201.1,17.0904,15.1681,0.9006,0.8869,0.4307,0.4245,2.68,2.96,-435.98,223.3,59.82,-1.25
2024-04-01,20005,Silverline Personal Care,152.5,138.3,17.0904,15.0539,0.9006,0.907,0.4307,0.5054,2.58,2.03,-310.57,153.6,-18.8,10.33
2024-05-01,20005,Silverline Personal Care,486.7,436.9,17.0904,15.2318,0.9006,0.8977,0.4307,0.4675,5.16,6.43,-904.58,485.1,27.34,16.08
2024-06-01,20005,Silverline Personal Care,330.8,295.3,17.0904,15.0591,0.9006,0.8926,0.4307,0.5083,4.88,4.34,-671.95,327.9,49.56,22.92
2024-07-01,20005,Silverline Personal Care,215.1,194.1,15.9118,15.704,0.9006,0.9026,0.4307,0.4963,2.15,2.85,-44.7,215.5,-6.36,12.73
2024-08-01,20005,Silverline Personal Care,963.0,842.8,15.9118,16.8026,0.9006,0.8752,0.4307,0.4176,12.84,12.39,857.84,935.8,432.8,-11.04
2024-10-01,20005,Silverline Personal Care,308.5,274.7,15.9118,16.1107,0.9006,0.8904,0.4307,0.4198,3.62,4.04,61.36,305.0,55.69,-2.99
2024-12-01,20005,Silverline Personal Care,392.9,332.4,15.9118,14.2788,0.9006,0.846,0.4307,0.4401,4.53,4.89,-641.61,369.1,378.7,3.12
2025-01-01,20005,Silverline Personal Care,422.4,368.2,15.9118,14.1433,0.9006,0.8716,0.4307,0.4275,5.68,5.41,-747.01,408.8,216.4,-1.18
2025-03-01,20005,Silverline Personal Care,165.9,148.1,15.9118,13.0528,0.9006,0.8929,0.4307,0.4285,2.87,2.18,-474.31,164.4,23.87,-0.33
2025-05-01,20005,Silverline Personal Care,273.3,237.8,15.9118,13.8344,0.9006,0.8701,0.4307,0.4167,4.07,3.5,-567.75,264.0,147.98,-3.33
2025-06-01,20005,Silverline Personal Care,618.1,567.5,15.9118,14.6887,0.9006,0.918,0.4307,0.477,7.94,8.34,-756.0,630.1,-190.94,26.28
2025-07-01,20005,Silverline Personal Care,122.3,104.4,15.2449,15.134,0.9006,0.8536,0.4307,0.3922,1.96,1.54,-13.56,115.9,97.57,-4.02
2025-08-01,20005,Silverline Personal Care,93.5,86.7,15.2449,15.7666,0.9006,0.9263,0.4307,0.456,1.01,1.27,48.78,96.3,-42.69,2.19
2025-09-01,20005,Silverline Personal Care,92.2,84.3,15.2449,16.6301,0.9006,0.9146,0.4307,0.4055,1.58,1.24,127.72,93.6,-21.34,-2.12
2025-10-01,20005,Silverline Personal Care,355.1,335.4,15.2449,16.4471,0.9006,0.9446,0.4307,0.4688,3.98,4.93,426.9,372.4,-263.74,12.78
2025-12-01,20005,Silverline Personal Care,166.6,148.1,15.2449,16.0013,0.9006,0.889,0.4307,0.4279,2.76,2.18,126.02,164.4,33.54,-0.41
2026-02-01,20005,Silverline Personal Care,270.1,250.4,15.2449,15.6169,0.9006,0.9271,0.4307,0.5024,4.29,3.68,100.48,278.0,-120.43,17.95
2026-03-01,20005,Silverline Personal Care,170.7,157.3,15.2449,15.2502,0.9006,0.9214,0.4307,0.4183,3.08,2.31,0.9,174.7,-60.98,-1.95
2026-04-01,20005,Silverline Personal Care,130.5,123.4,15.2449,15.3259,0.9006,0.9454,0.4307,0.4183,1.38,1.81,10.57,137.0,-99.09,-1.53
2026-06-01,20005,Silverline Personal Care,644.8,561.0,15.2449,14.9266,0.9006,0.8699,0.4307,0.423,9.52,8.25,-205.24,622.9,333.86,-4.32
2023-07-01,20006,Guangzhou Vantage Industrial,1375.7,1218.9,17.2924,17.408,0.9012,0.886,0.4368,0.4596,24.45,17.93,159.03,1352.5,401.18,27.79
2023-08-01,20006,Guangzhou Vantage Industrial,2018.9,1802.5,17.2924,17.6884,0.9012,0.8928,0.4368,0.4993,20.48,26.51,799.48,2000.1,325.1,112.66
2023-09-01,20006,Guangzhou Vantage Industrial,1295.8,1166.9,17.2924,18.1905,0.9012,0.9005,0.4368,0.447,15.81,17.16,1163.76,1294.8,17.29,11.9
2023-10-01,20006,Guangzhou Vantage Industrial,1015.0,921.7,17.2924,17.8409,0.9012,0.9081,0.4368,0.4196,10.72,13.55,556.73,1022.7,-133.15,-15.85
2023-11-01,20006,Guangzhou Vantage Industrial,2720.1,2423.6,17.2924,17.0863,0.9012,0.891,0.4368,0.4283,37.13,35.64,-560.61,2689.3,532.61,-20.6
2023-12-01,20006,Guangzhou Vantage Industrial,1459.5,1323.9,17.2924,17.1223,0.9012,0.9071,0.4368,0.3958,30.95,19.47,-248.26,1469.0,-164.28,-54.28
2024-01-01,20006,Guangzhou Vantage Industrial,820.1,750.6,17.2924,17.3754,0.9012,0.9153,0.4368,0.4005,19.22,11.04,68.07,832.9,-221.34,-27.25
2024-02-01,20006,Guangzhou Vantage Industrial,1768.2,1577.4,17.2924,17.2817,0.9012,0.8921,0.4368,0.4488,20.73,23.2,-18.92,1750.3,309.53,18.93
2024-04-01,20006,Guangzhou Vantage Industrial,2903.4,2620.5,17.2924,17.0496,0.9012,0.9026,0.4368,0.4573,60.26,38.54,-704.95,2907.8,-76.09,53.72
2024-06-01,20006,Guangzhou Vantage Industrial,971.8,876.2,17.2924,16.9042,0.9012,0.9016,0.4368,0.4896,15.44,12.88,-377.25,972.3,-8.65,46.26
2024-07-01,20006,Guangzhou Vantage Industrial,800.6,731.9,16.7585,16.6329,0.9012,0.9142,0.4368,0.4565,17.46,10.76,-100.56,812.1,-192.72,14.42
2024-08-01,20006,Guangzhou Vantage Industrial,1253.0,1164.5,16.7585,17.5882,0.9012,0.9294,0.4368,0.408,21.84,17.12,1039.61,1292.2,-656.93,-33.54
2024-09-01,20006,Guangzhou Vantage Industrial,1757.0,1607.4,16.7585,17.6736,0.9012,0.9148,0.4368,0.3845,24.66,23.64,1607.83,1783.6,-445.78,-84.07
2024-10-01,20006,Guangzhou Vantage Industrial,1007.9,919.5,16.7585,17.2372,0.9012,0.9123,0.4368,0.3832,11.05,13.52,482.48,1020.3,-207.81,-49.29
2024-11-01,20006,Guangzhou Vantage Industrial,1798.1,1613.9,16.7585,16.6435,0.9012,0.8976,0.4368,0.4412,21.44,23.73,-206.78,1790.8,122.34,7.1
2024-12-01,20006,Guangzhou Vantage Industrial,1082.1,977.8,16.7585,16.8977,0.9012,0.9036,0.4368,0.3754,21.98,14.38,150.63,1085.0,-48.6,-60.04
2025-01-01,20006,Guangzhou Vantage Industrial,1841.3,1680.4,16.7585,17.7719,0.9012,0.9126,0.4368,0.4486,32.44,24.71,1865.97,1864.6,-390.47,19.83
2025-02-01,20006,Guangzhou Vantage Industrial,2904.3,2630.8,16.7585,17.8835,0.9012,0.9058,0.4368,0.3395,38.74,38.69,3267.34,2919.2,-249.7,-255.98
2025-03-01,20006,Guangzhou Vantage Industrial,746.7,679.6,16.7585,17.1423,0.9012,0.9102,0.4368,0.4211,12.77,9.99,286.58,754.1,-124.01,-10.67
2025-04-01,20006,Guangzhou Vantage Industrial,1212.9,1111.3,16.7585,16.5731,0.9012,0.9163,0.4368,0.4609,16.19,16.34,-224.87,1233.1,-338.52,26.78
2025-05-01,20006,Guangzhou Vantage Industrial,978.6,897.6,16.7585,15.4488,0.9012,0.9172,0.4368,0.4355,11.88,13.2,-1281.67,996.0,-291.6,-1.17
2025-07-01,20006,Guangzhou Vantage Industrial,474.9,430.1,15.5222,15.6829,0.9012,0.9057,0.4368,0.4727,6.51,6.33,76.32,477.3,-37.25,15.44
2025-09-01,20006,Guangzhou Vantage Industrial,1432.1,1291.4,15.5222,16.1123,0.9012,0.9017,0.4368,0.451,23.06,18.99,845.08,1433.0,-13.97,18.34
2025-10-01,20006,Guangzhou Vantage Industrial,2322.2,2057.1,15.5222,16.2735,0.9012,0.8858,0.4368,0.4855,27.72,30.25,1744.67,2282.6,614.68,100.18
2025-11-01,20006,Guangzhou Vantage Industrial,747.9,665.0,15.5222,16.5088,0.9012,0.8891,0.4368,0.3857,9.09,9.78,737.88,737.9,155.22,-33.98
2025-12-01,20006,Guangzhou Vantage Industrial,5785.4,5282.2,15.5222,17.1344,0.9012,0.913,0.4368,0.5164,84.69,77.68,9327.22,5861.3,-1178.13,420.46
2026-01-01,20006,Guangzhou Vantage Industrial,1148.0,1064.0,15.5222,16.6207,0.9012,0.9269,0.4368,0.3707,12.81,15.65,1261.08,1180.6,-506.02,-70.33
2026-02-01,20006,Guangzhou Vantage Industrial,2501.9,2261.3,15.5222,16.9899,0.9012,0.9038,0.4368,0.5209,29.75,33.25,3672.04,2509.2,-113.31,190.18
2026-03-01,20006,Guangzhou Vantage Industrial,937.0,825.2,15.5222,16.8882,0.9012,0.8807,0.4368,0.5328,14.84,12.14,1279.94,915.7,330.62,79.22
2026-05-01,20006,Guangzhou Vantage Industrial,2343.6,2024.0,15.5222,17.9828,0.9012,0.8637,0.4368,0.5148,24.79,29.77,5766.66,2245.9,1516.52,157.87
2026-06-01,20006,Guangzhou Vantage Industrial,3887.8,3493.8,15.5222,18.4821,0.9012,0.8986,0.4368,0.4173,45.28,51.38,11507.5,3876.8,170.74,-68.13
2023-07-01,20007,Silverline Personal Care,263.4,258.6,12.6673,12.6587,0.9652,0.9816,0.6411,0.6187,5.0,3.8,-2.27,267.9,-57.0,-5.79
2023-08-01,20007,Silverline Personal Care,341.3,329.9,12.6673,13.4599,0.9652,0.9667,0.6411,0.6111,3.44,4.85,270.51,341.8,-6.33,-9.9
2023-09-01,20007,Silverline Personal Care,246.5,228.7,12.6673,12.7049,0.9652,0.9274,0.6411,0.6869,3.25,3.36,9.27,236.9,121.61,10.47
2023-10-01,20007,Silverline Personal Care,75.1,70.9,12.6673,12.9922,0.9652,0.9439,0.6411,0.6177,1.11,1.04,24.4,73.5,20.27,-1.66
2023-11-01,20007,Silverline Personal Care,122.0,121.1,12.6673,12.9057,0.9652,0.9932,0.6411,0.6441,1.71,1.78,29.08,125.5,-44.34,0.36
2023-12-01,20007,Silverline Personal Care,661.9,612.5,12.6673,12.8641,0.9652,0.9253,0.6411,0.6138,12.6,9.01,130.26,634.6,345.82,-16.72
2024-01-01,20007,Silverline Personal Care,117.8,108.4,12.6673,12.5884,0.9652,0.92,0.6411,0.657,2.45,1.59,-9.29,112.3,69.67,1.72
2024-02-01,20007,Silverline Personal Care,121.7,115.5,12.6673,12.6189,0.9652,0.949,0.6411,0.6739,2.02,1.7,-5.89,119.7,25.33,3.79
2024-03-01,20007,Silverline Personal Care,196.4,195.4,12.6673,13.1481,0.9652,0.995,0.6411,0.574,3.93,2.87,94.43,202.4,-76.0,-13.11
2024-04-01,20007,Silverline Personal Care,644.0,620.3,12.6673,13.4645,0.9652,0.9632,0.6411,0.6655,6.81,9.12,513.4,642.7,16.47,15.14
2024-05-01,20007,Silverline Personal Care,287.2,284.6,12.6673,13.9818,0.9652,0.9909,0.6411,0.7357,5.39,4.18,377.52,294.9,-97.54,26.92
2024-07-01,20007,Silverline Personal Care,122.7,117.5,14.8817,14.822,0.9652,0.9575,0.6411,0.5897,1.75,1.73,-7.33,121.7,14.88,-6.04
2024-08-01,20007,Silverline Personal Care,448.7,435.7,14.8817,14.6934,0.9652,0.9711,0.6411,0.6563,6.03,6.41,-84.49,451.4,-40.18,6.62
2024-09-01,20007,Silverline Personal Care,273.1,258.3,14.8817,14.9419,0.9652,0.9456,0.6411,0.6304,3.31,3.8,16.44,267.6,81.85,-2.76
2024-10-01,20007,Silverline Personal Care,159.6,147.6,14.8817,15.4503,0.9652,0.9252,0.6411,0.6427,3.3,2.17,90.75,152.9,99.71,0.24
2024-11-01,20007,Silverline Personal Care,192.2,179.7,14.8817,15.0265,0.9652,0.9352,0.6411,0.6121,2.14,2.64,27.83,186.2,89.29,-5.21
2024-12-01,20007,Silverline Personal Care,226.9,221.0,14.8817,14.4635,0.9652,0.974,0.6411,0.7224,3.31,3.25,-94.89,229.0,-31.25,17.97
2025-01-01,20007,Silverline Personal Care,139.7,139.0,14.8817,14.5355,0.9652,0.995,0.6411,0.7811,1.57,2.04,-48.36,144.0,-63.99,19.46
2025-02-01,20007,Silverline Personal Care,293.3,291.8,14.8817,14.8093,0.9652,0.995,0.6411,0.6223,3.57,4.29,-21.23,302.3,-133.94,-5.49
2025-04-01,20007,Silverline Personal Care,102.1,101.6,14.8817,15.1963,0.9652,0.995,0.6411,0.596,1.12,1.49,32.12,105.3,-47.62,-4.58
2025-05-01,20007,Silverline Personal Care,171.1,170.2,14.8817,15.7971,0.9652,0.995,0.6411,0.6166,3.98,2.5,156.62,176.3,-77.38,-4.17
2025-06-01,20007,Silverline Personal Care,132.8,128.5,14.8817,16.9384,0.9652,0.9674,0.6411,0.6723,1.35,1.89,273.13,133.1,-4.46,4.01
2025-07-01,20007,Silverline Personal Care,162.5,155.2,16.6413,16.453,0.9652,0.9554,0.6411,0.7229,1.79,2.28,-30.6,160.8,28.29,12.7
2025-08-01,20007,Silverline Personal Care,135.5,130.7,16.6413,15.643,0.9652,0.9645,0.6411,0.589,2.3,1.92,-135.27,135.4,1.66,-6.81
2025-09-01,20007,Silverline Personal Care,125.8,116.2,16.6413,14.921,0.9652,0.9237,0.6411,0.6308,1.85,1.71,-216.41,120.4,89.86,-1.2
2025-10-01,20007,Silverline Personal Care,136.7,128.4,16.6413,14.2403,0.9652,0.9391,0.6411,0.6135,2.32,1.89,-328.22,133.0,61.57,-3.54
2025-11-01,20007,Silverline Personal Care,204.4,191.5,16.6413,13.4548,0.9652,0.9366,0.6411,0.5901,2.34,2.82,-651.32,198.4,99.85,-9.77
2025-12-01,20007,Silverline Personal Care,345.5,331.8,16.6413,12.8781,0.9652,0.9606,0.6411,0.6056,3.52,4.88,-1300.19,343.8,28.29,-11.78
2026-01-01,20007,Silverline Personal Care,511.9,493.5,16.6413,12.9396,0.9652,0.9642,0.6411,0.684,10.37,7.26,-1894.9,511.3,9.98,21.17
2026-03-01,20007,Silverline Personal Care,352.5,327.7,16.6413,13.1014,0.9652,0.9296,0.6411,0.7396,5.37,4.82,-1247.81,339.5,216.34,32.28
2026-04-01,20007,Silverline Personal Care,109.0,107.6,16.6413,13.2973,0.9652,0.987,0.6411,0.6893,1.5,1.58,-364.5,111.5,-41.6,5.19
2026-05-01,20007,Silverline Personal Care,228.9,216.7,16.6413,14.641,0.9652,0.9464,0.6411,0.6645,3.36,3.19,-457.87,224.5,73.22,5.07
2026-06-01,20007,Silverline Personal Care,286.1,271.0,16.6413,15.0741,0.9652,0.9473,0.6411,0.7094,2.88,3.99,-448.38,280.8,88.2,18.51
2023-07-01,20008,Ningbo Hometech Manufacturing,506.5,465.1,8.6935,8.6028,0.9244,0.9183,0.4275,0.3943,6.45,6.84,-45.94,503.1,29.56,-15.44
2023-08-01,20008,Ningbo Hometech Manufacturing,1291.9,1182.6,8.6935,8.5847,0.9244,0.9154,0.4275,0.4846,29.36,17.39,-140.56,1279.3,109.54,67.53
2023-10-01,20008,Ningbo Hometech Manufacturing,1469.1,1349.7,8.6935,8.5366,0.9244,0.9188,0.4275,0.5229,31.5,19.85,-230.5,1460.1,78.24,128.76
2023-11-01,20008,Ningbo Hometech Manufacturing,2467.7,2260.1,8.6935,8.3533,0.9244,0.9158,0.4275,0.4231,47.65,33.24,-839.51,2444.9,198.21,-9.94
2023-12-01,20008,Ningbo Hometech Manufacturing,2180.9,1990.2,8.6935,8.2142,0.9244,0.9126,0.4275,0.3991,26.85,29.27,-1045.31,2153.0,242.55,-56.52
2024-01-01,20008,Ningbo Hometech Manufacturing,1030.6,943.9,8.6935,8.5666,0.9244,0.9159,0.4275,0.501,9.94,13.88,-130.78,1021.1,82.59,69.38
2024-02-01,20008,Ningbo Hometech Manufacturing,1164.3,1036.5,8.6935,8.2452,0.9244,0.8903,0.4275,0.4525,20.47,15.24,-521.96,1121.3,373.82,25.91
2024-03-01,20008,Ningbo Hometech Manufacturing,1228.8,1095.9,8.6935,8.5145,0.9244,0.8918,0.4275,0.5028,12.52,16.12,-219.96,1185.5,376.43,82.52
2024-04-01,20008,Ningbo Hometech Manufacturing,1060.1,966.3,8.6935,8.2578,0.9244,0.9116,0.4275,0.4561,12.25,14.21,-461.89,1045.3,128.66,27.64
2024-06-01,20008,Ningbo Hometech Manufacturing,1263.2,1150.7,8.6935,8.334,0.9244,0.911,0.4275,0.4376,28.74,16.92,-454.12,1244.8,159.96,11.62
2024-07-01,20008,Ningbo Hometech Manufacturing,974.9,876.0,8.5621,8.5776,0.9244,0.8986,0.4275,0.4144,10.06,12.88,15.11,947.6,233.75,-11.48
2024-08-01,20008,Ningbo Hometech Manufacturing,947.6,839.6,8.5621,8.8762,0.9244,0.8861,0.4275,0.4022,9.51,12.35,297.64,908.3,336.49,-21.24
2024-10-01,20008,Ningbo Hometech Manufacturing,2620.2,2283.8,8.5621,9.8218,0.9244,0.8716,0.4275,0.4153,28.02,33.59,3300.67,2470.6,1280.89,-27.86
2024-11-01,20008,Ningbo Hometech Manufacturing,801.8,771.5,8.5621,9.8609,0.9244,0.9621,0.4275,0.4503,10.79,11.35,1041.38,834.6,-280.84,17.59
2024-12-01,20008,Ningbo Hometech Manufacturing,671.5,635.0,8.5621,10.2049,0.9244,0.9455,0.4275,0.4208,7.13,9.34,1103.14,686.9,-131.86,-4.25
2025-01-01,20008,Ningbo Hometech Manufacturing,1621.6,1510.5,8.5621,10.5359,0.9244,0.9315,0.4275,0.4627,18.57,22.21,3200.71,1634.0,-106.17,53.17
2025-02-01,20008,Ningbo Hometech Manufacturing,1612.3,1554.3,8.5621,10.2434,0.9244,0.964,0.4275,0.4281,16.44,22.86,2710.76,1681.4,-591.64,0.93
2025-03-01,20008,Ningbo Hometech Manufacturing,318.8,303.3,8.5621,9.5811,0.9244,0.9514,0.4275,0.4362,4.41,4.46,324.86,328.1,-79.63,2.64
2025-04-01,20008,Ningbo Hometech Manufacturing,783.5,750.5,8.5621,8.9207,0.9244,0.9578,0.4275,0.4709,15.78,11.04,280.96,811.9,-243.16,32.57
2025-06-01,20008,Ningbo Hometech Manufacturing,1305.5,1190.1,8.5621,9.3182,0.9244,0.9116,0.4275,0.4743,23.93,17.5,987.09,1287.4,154.97,55.7
2025-07-01,20008,Ningbo Hometech Manufacturing,1570.1,1459.1,8.9299,9.0104,0.9244,0.9293,0.4275,0.4521,34.11,21.46,126.39,1578.4,-74.12,35.89
2025-08-01,20008,Ningbo Hometech Manufacturing,1108.6,1048.6,8.9299,8.9919,0.9244,0.9459,0.4275,0.4537,14.61,15.42,68.73,1134.4,-230.39,27.47
2025-09-01,20008,Ningbo Hometech Manufacturing,1077.3,1050.0,8.9299,9.2717,0.9244,0.9747,0.4275,0.4731,16.27,15.44,368.22,1135.9,-523.29,47.88
2025-10-01,20008,Ningbo Hometech Manufacturing,1738.9,1596.9,8.9299,9.6302,0.9244,0.9184,0.4275,0.4329,28.57,23.48,1217.75,1727.5,101.8,8.62
2025-11-01,20008,Ningbo Hometech Manufacturing,996.6,933.4,8.9299,9.7483,0.9244,0.9366,0.4275,0.4796,13.05,13.73,815.62,1009.7,-116.98,48.63
2025-12-01,20008,Ningbo Hometech Manufacturing,1474.8,1378.6,8.9299,10.0566,0.9244,0.9348,0.4275,0.4325,34.96,20.27,1661.66,1491.3,-147.34,6.89
2026-01-01,20008,Ningbo Hometech Manufacturing,1520.6,1383.6,8.9299,10.4906,0.9244,0.9099,0.4275,0.4362,30.78,20.35,2373.2,1496.8,212.53,12.04
2026-02-01,20008,Ningbo Hometech Manufacturing,768.9,714.7,8.9299,10.2996,0.9244,0.9296,0.4275,0.4581,9.17,10.51,1053.16,773.2,-38.4,21.87
2026-04-01,20008,Ningbo Hometech Manufacturing,1045.6,1010.8,8.9299,10.3334,0.9244,0.9667,0.4275,0.4694,11.93,14.86,1467.5,1093.5,-427.74,42.35
2026-05-01,20008,Ningbo Hometech Manufacturing,452.6,447.7,8.9299,10.5393,0.9244,0.9893,0.4275,0.4118,9.8,6.58,728.41,484.3,-283.08,-7.03
2026-06-01,20008,Ningbo Hometech Manufacturing,614.4,574.3,8.9299,10.8968,0.9244,0.9347,0.4275,0.4643,6.4,8.45,1208.46,621.3,-61.62,21.13
2023-07-01,20009,Silverline Personal Care,1348.4,1305.4,12.077,12.2224,0.9788,0.9681,0.5252,0.661,24.1,19.2,196.06,1333.7,177.53,177.27
2023-08-01,20009,Silverline Personal Care,975.2,914.3,12.077,12.3456,0.9788,0.9375,0.5252,0.5586,9.95,13.45,261.94,934.1,496.36,30.54
2023-09-01,20009,Silverline Personal Care,1409.7,1312.8,12.077,11.947,0.9788,0.9313,0.5252,0.5748,15.77,19.31,-183.26,1341.2,827.27,65.11
2023-12-01,20009,Silverline Personal Care,2242.0,2230.8,12.077,12.861,0.9788,0.995,0.5252,0.4954,36.95,32.81,1757.73,2279.1,-448.06,-66.48
2024-02-01,20009,Silverline Personal Care,946.6,941.9,12.077,12.7813,0.9788,0.995,0.5252,0.4577,15.37,13.85,666.69,962.3,-189.61,-63.58
2024-03-01,20009,Silverline Personal Care,496.1,493.7,12.077,12.7587,0.9788,0.995,0.5252,0.5968,7.91,7.26,338.19,504.4,-100.24,35.35
2024-05-01,20009,Silverline Personal Care,957.9,953.1,12.077,12.7605,0.9788,0.995,0.5252,0.5553,12.16,14.02,654.72,973.7,-190.82,28.69
2024-06-01,20009,Silverline Personal Care,790.9,774.3,12.077,12.7163,0.9788,0.9789,0.5252,0.5568,11.07,11.39,505.62,791.1,-2.42,24.47
2024-07-01,20009,Silverline Personal Care,815.7,782.1,12.7232,12.7638,0.9788,0.9589,0.5252,0.4755,9.21,11.5,33.12,799.0,212.48,-38.87
2024-08-01,20009,Silverline Personal Care,2306.6,2259.2,12.7232,12.1922,0.9788,0.9795,0.5252,0.5577,27.32,33.22,-1224.8,2308.1,-19.08,73.42
2024-09-01,20009,Silverline Personal Care,554.8,552.0,12.7232,12.3972,0.9788,0.995,0.5252,0.5168,7.65,8.12,-180.86,564.0,-117.05,-4.64
2024-11-01,20009,Silverline Personal Care,357.7,345.5,12.7232,11.7978,0.9788,0.9658,0.5252,0.5642,5.96,5.08,-331.02,353.0,59.8,13.47
2024-12-01,20009,Silverline Personal Care,1543.8,1473.0,12.7232,11.7639,0.9788,0.9541,0.5252,0.5575,21.16,21.66,-1480.97,1504.9,494.93,47.58
2025-01-01,20009,Silverline Personal Care,965.4,954.8,12.7232,12.2785,0.9788,0.989,0.5252,0.4804,17.11,14.04,-429.31,975.5,-128.5,-42.78
2025-02-01,20009,Silverline Personal Care,405.7,395.6,12.7232,12.3217,0.9788,0.975,0.5252,0.5072,6.77,5.82,-162.89,404.2,19.08,-7.12
2025-03-01,20009,Silverline Personal Care,1046.1,1040.9,12.7232,12.6874,0.9788,0.995,0.5252,0.5523,15.91,15.31,-37.45,1063.4,-220.11,28.21
2025-05-01,20009,Silverline Personal Care,1423.1,1402.2,12.7232,13.0027,0.9788,0.9853,0.5252,0.523,22.97,20.62,397.76,1432.6,-120.87,-3.08
2025-06-01,20009,Silverline Personal Care,724.6,705.4,12.7232,13.5448,0.9788,0.9736,0.5252,0.4581,10.81,10.37,595.33,720.7,49.62,-47.33
2025-07-01,20009,Silverline Personal Care,1048.2,990.1,13.3677,13.5709,0.9788,0.9446,0.5252,0.476,11.83,14.56,212.99,1011.5,490.59,-48.71
2025-08-01,20009,Silverline Personal Care,315.9,302.8,13.3677,13.1843,0.9788,0.9585,0.5252,0.4716,4.11,4.45,-57.94,309.4,86.89,-16.23
2025-09-01,20009,Silverline Personal Care,780.5,754.5,13.3677,12.9025,0.9788,0.9667,0.5252,0.4623,16.24,11.1,-363.09,770.8,129.67,-47.46
2025-10-01,20009,Silverline Personal Care,187.0,176.2,13.3677,12.8351,0.9788,0.9426,0.5252,0.5939,3.77,2.59,-99.6,180.0,93.57,12.1
2025-11-01,20009,Silverline Personal Care,767.0,721.7,13.3677,12.7909,0.9788,0.941,0.5252,0.574,11.28,10.61,-442.41,737.3,397.02,35.22
2025-12-01,20009,Silverline Personal Care,955.3,884.3,13.3677,12.6161,0.9788,0.9257,0.5252,0.506,17.03,13.0,-718.0,903.5,692.45,-16.98
2026-01-01,20009,Silverline Personal Care,1593.5,1479.5,13.3677,12.6053,0.9788,0.9285,0.5252,0.4789,19.65,21.76,-1214.88,1511.5,1096.15,-68.5
2026-02-01,20009,Silverline Personal Care,949.6,888.2,13.3677,12.4477,0.9788,0.9354,0.5252,0.5235,16.05,13.06,-873.63,907.4,564.12,-1.51
2026-03-01,20009,Silverline Personal Care,998.2,993.2,13.3677,11.9217,0.9788,0.995,0.5252,0.583,13.97,14.61,-1443.4,1014.7,-220.57,57.41
2026-04-01,20009,Silverline Personal Care,3376.6,3176.7,13.3677,12.3007,0.9788,0.9408,0.5252,0.5835,76.35,46.72,-3602.83,3245.5,1752.51,185.2
2026-05-01,20009,Silverline Personal Care,421.1,407.1,13.3677,12.5702,0.9788,0.9667,0.5252,0.5247,6.81,5.99,-335.83,415.9,69.51,-0.2
2026-06-01,20009,Silverline Personal Care,599.2,595.4,13.3677,13.0857,0.9788,0.9938,0.5252,0.5261,13.17,8.76,-168.97,608.3,-121.65,0.54
2023-07-01,20010,Ashworth Tools & Hardware,450.0,407.0,26.4247,26.1635,0.927,0.9046,0.4617,0.4056,4.84,5.99,-117.54,439.1,288.03,-22.83
2023-09-01,20010,Ashworth Tools & Hardware,319.1,291.9,26.4247,26.3752,0.927,0.9147,0.4617,0.4472,5.26,4.29,-15.8,314.9,110.98,-4.23
2023-10-01,20010,Ashworth Tools & Hardware,503.8,456.2,26.4247,27.7645,0.927,0.9054,0.4617,0.4993,7.29,6.71,674.99,492.1,309.17,17.15
2023-11-01,20010,Ashworth Tools & Hardware,1489.7,1350.7,26.4247,27.4121,0.927,0.9067,0.4617,0.4242,31.98,19.86,1470.93,1457.1,861.45,-50.65
2023-12-01,20010,Ashworth Tools & Hardware,846.2,770.8,26.4247,27.8738,0.927,0.9109,0.4617,0.4451,13.74,11.34,1226.23,831.5,388.44,-12.8
2024-01-01,20010,Ashworth Tools & Hardware,405.0,389.2,26.4247,27.1168,0.927,0.961,0.4617,0.4237,9.66,5.72,280.3,419.8,-391.09,-14.79
2024-03-01,20010,Ashworth Tools & Hardware,480.8,464.1,26.4247,28.172,0.927,0.9653,0.4617,0.5253,6.38,6.83,840.1,500.6,-523.21,29.52
2024-04-01,20010,Ashworth Tools & Hardware,1275.6,1220.7,26.4247,29.7188,0.927,0.957,0.4617,0.5284,14.27,17.95,4201.95,1316.8,-1088.7,81.42
2024-05-01,20010,Ashworth Tools & Hardware,832.6,768.7,26.4247,30.2487,0.927,0.9232,0.4617,0.5119,16.12,11.3,3183.86,829.2,89.84,38.59
2024-06-01,20010,Ashworth Tools & Hardware,1605.4,1500.3,26.4247,31.2252,0.927,0.9345,0.4617,0.4405,20.79,22.06,7706.72,1618.4,-343.52,-31.81
2024-07-01,20010,Ashworth Tools & Hardware,272.8,254.0,30.007,29.9931,0.927,0.9313,0.4617,0.4452,5.14,3.74,-3.79,274.0,-36.01,-4.19
2024-09-01,20010,Ashworth Tools & Hardware,799.2,735.2,30.007,29.8854,0.927,0.9199,0.4617,0.4465,9.63,10.81,-97.18,793.1,183.04,-11.18
2024-10-01,20010,Ashworth Tools & Hardware,1791.3,1613.8,30.007,28.5448,0.927,0.9009,0.4617,0.4909,27.0,23.73,-2619.24,1740.9,1512.35,47.12
2024-11-01,20010,Ashworth Tools & Hardware,585.9,537.5,30.007,29.4142,0.927,0.9175,0.4617,0.5097,5.68,7.91,-347.32,579.8,183.04,25.8
2025-01-01,20010,Ashworth Tools & Hardware,263.1,242.5,30.007,31.5349,0.927,0.9218,0.4617,0.5014,3.18,3.57,401.99,261.6,45.01,9.63
2025-02-01,20010,Ashworth Tools & Hardware,592.9,549.4,30.007,30.9873,0.927,0.9266,0.4617,0.4158,10.75,8.08,581.22,592.7,6.0,-25.22
2025-03-01,20010,Ashworth Tools & Hardware,377.6,329.4,30.007,31.1919,0.927,0.8724,0.4617,0.5168,6.33,4.84,447.42,355.3,669.16,18.15
2025-05-01,20010,Ashworth Tools & Hardware,1900.6,1755.5,30.007,31.7362,0.927,0.9237,0.4617,0.4553,23.47,25.82,3286.52,1893.7,207.05,-11.24
2025-06-01,20010,Ashworth Tools & Hardware,648.7,603.2,30.007,30.8552,0.927,0.9298,0.4617,0.4522,10.17,8.87,550.23,650.7,-60.01,-5.73
2025-07-01,20010,Ashworth Tools & Hardware,963.7,887.4,29.8929,29.5397,0.927,0.9208,0.4617,0.4308,10.32,13.05,-340.38,957.3,191.31,-27.42
2025-08-01,20010,Ashworth Tools & Hardware,476.2,439.8,29.8929,27.6564,0.927,0.9236,0.4617,0.4424,5.74,6.47,-1065.02,474.4,53.81,-8.49
2025-10-01,20010,Ashworth Tools & Hardware,476.6,444.3,29.8929,28.7195,0.927,0.9322,0.4617,0.4646,6.8,6.53,-559.24,479.3,-80.71,1.29
2025-11-01,20010,Ashworth Tools & Hardware,677.8,628.3,29.8929,28.3347,0.927,0.927,0.4617,0.4299,15.95,9.24,-1056.15,677.8,0.0,-19.98
2025-12-01,20010,Ashworth Tools & Hardware,475.9,432.6,29.8929,28.5803,0.927,0.9091,0.4617,0.4715,9.96,6.36,-624.67,466.7,275.01,4.24
2026-01-01,20010,Ashworth Tools & Hardware,1201.9,1114.5,29.8929,31.191,0.927,0.9273,0.4617,0.4645,13.88,16.39,1560.19,1202.3,-11.96,3.12
2026-03-01,20010,Ashworth Tools & Hardware,657.8,594.8,29.8929,29.8455,0.927,0.9042,0.4617,0.511,8.02,8.75,-31.18,641.6,484.26,29.32
2023-07-01,20011,Cascadia Pet Products,200.7,199.7,16.274,16.3829,0.9638,0.995,0.06,0.0648,2.6,2.94,21.86,207.2,-105.78,0.96
2023-08-01,20011,Cascadia Pet Products,168.3,167.5,16.274,16.4857,0.9638,0.995,0.06,0.0684,4.3,2.46,35.63,173.8,-89.51,1.41
2023-09-01,20011,Cascadia Pet Products,507.4,491.7,16.274,16.7138,0.9638,0.9692,0.06,0.0702,8.01,7.23,223.15,510.2,-45.57,5.02
2023-10-01,20011,Cascadia Pet Products,123.7,118.1,16.274,17.1801,0.9638,0.9544,0.06,0.0612,2.32,1.74,112.08,122.5,19.53,0.14
2024-01-01,20011,Cascadia Pet Products,297.3,291.5,16.274,19.7814,0.9638,0.9805,0.06,0.0559,6.8,4.29,1042.75,302.4,-83.0,-1.2
2024-02-01,20011,Cascadia Pet Products,177.3,170.8,16.274,19.2775,0.9638,0.963,0.06,0.0613,4.14,2.51,532.52,177.2,1.63,0.22
2024-03-01,20011,Cascadia Pet Products,240.1,230.0,16.274,18.818,0.9638,0.9576,0.06,0.0581,2.97,3.38,610.81,238.6,24.41,-0.44
2024-04-01,20011,Cascadia Pet Products,405.6,382.1,16.274,18.2995,0.9638,0.9421,0.06,0.0673,4.08,5.62,821.54,396.5,148.09,2.79
2024-05-01,20011,Cascadia Pet Products,172.4,162.4,16.274,18.6827,0.9638,0.942,0.06,0.0598,2.86,2.39,415.26,168.5,63.47,-0.03
2024-06-01,20011,Cascadia Pet Products,336.9,327.7,16.274,17.295,0.9638,0.9727,0.06,0.0662,5.18,4.82,343.97,340.0,-50.45,2.03
2024-08-01,20011,Cascadia Pet Products,179.2,171.8,16.9877,16.0933,0.9638,0.9583,0.06,0.0593,1.86,2.53,-160.28,178.3,15.29,-0.12
2024-09-01,20011,Cascadia Pet Products,223.9,215.2,16.9877,14.4356,0.9638,0.9611,0.06,0.0442,5.24,3.16,-571.42,223.3,10.19,-3.4
2024-10-01,20011,Cascadia Pet Products,53.2,50.0,16.9877,14.4454,0.9638,0.9392,0.06,0.0619,0.67,0.74,-135.25,51.9,22.08,0.09
2024-11-01,20011,Cascadia Pet Products,172.4,154.3,16.9877,13.5411,0.9638,0.8948,0.06,0.061,1.82,2.27,-594.19,160.1,208.95,0.15
2024-12-01,20011,Cascadia Pet Products,256.2,232.7,16.9877,13.7069,0.9638,0.9083,0.06,0.0606,4.94,3.42,-840.54,241.4,251.42,0.14
2025-01-01,20011,Cascadia Pet Products,426.3,379.3,16.9877,13.6284,0.9638,0.8899,0.06,0.0547,9.05,5.58,-1432.07,393.5,557.2,-2.01
2025-03-01,20011,Cascadia Pet Products,100.0,98.2,16.9877,13.3463,0.9638,0.9825,0.06,0.0632,1.1,1.44,-364.14,101.9,-32.28,0.31
2025-05-01,20011,Cascadia Pet Products,241.8,229.5,16.9877,13.3688,0.9638,0.9488,0.06,0.0601,2.43,3.37,-875.05,238.1,62.85,0.02
2025-06-01,20011,Cascadia Pet Products,502.1,489.9,16.9877,13.3387,0.9638,0.9758,0.06,0.0554,5.67,7.2,-1832.16,508.3,-105.32,-2.25
2025-07-01,20011,Cascadia Pet Products,164.9,164.1,12.493,12.5996,0.9638,0.995,0.06,0.0686,3.09,2.41,17.58,170.3,-67.46,1.41
2025-08-01,20011,Cascadia Pet Products,122.8,117.6,12.493,12.624,0.9638,0.9576,0.06,0.0592,1.28,1.73,16.09,122.0,9.99,-0.09
2025-09-01,20011,Cascadia Pet Products,267.0,265.5,12.493,12.8815,0.9638,0.9942,0.06,0.0554,3.43,3.9,103.73,275.5,-106.19,-1.22
2025-10-01,20011,Cascadia Pet Products,285.7,282.7,12.493,13.1419,0.9638,0.9894,0.06,0.0614,7.15,4.16,185.39,293.3,-94.95,0.4
2025-11-01,20011,Cascadia Pet Products,191.1,183.5,12.493,13.0119,0.9638,0.9599,0.06,0.0596,2.86,2.7,99.16,190.4,8.75,-0.07
2025-12-01,20011,Cascadia Pet Products,201.8,195.2,12.493,14.0278,0.9638,0.967,0.06,0.0627,2.36,2.87,309.72,202.5,-8.75,0.53
2026-01-01,20011,Cascadia Pet Products,225.8,224.3,12.493,15.1032,0.9638,0.9935,0.06,0.0663,3.06,3.3,589.38,232.7,-86.2,1.41
2026-02-01,20011,Cascadia Pet Products,95.2,94.8,12.493,16.0598,0.9638,0.995,0.06,0.0596,1.9,1.39,339.56,98.4,-39.98,-0.04
2026-04-01,20011,Cascadia Pet Products,281.2,264.1,12.493,15.1684,0.9638,0.9393,0.06,0.0714,3.84,3.88,752.32,274.0,89.95,3.01
2026-05-01,20011,Cascadia Pet Products,166.4,158.1,12.493,15.3054,0.9638,0.9501,0.06,0.0571,4.0,2.32,467.98,164.0,29.98,-0.46
2023-07-01,20012,Harlow Textile Group,454.7,435.2,8.2349,8.2706,0.9589,0.9571,0.2405,0.2419,6.33,6.4,16.23,453.9,6.59,0.61
2023-08-01,20012,Harlow Textile Group,1154.6,1099.3,8.2349,8.149,0.9589,0.9521,0.2405,0.2235,12.04,16.17,-99.18,1146.4,67.53,-18.69
2023-09-01,20012,Harlow Textile Group,426.4,405.6,8.2349,7.8522,0.9589,0.9513,0.2405,0.2393,8.79,5.97,-163.18,423.0,28.0,-0.49
2023-11-01,20012,Harlow Textile Group,442.6,401.0,8.2349,6.7796,0.9589,0.906,0.2405,0.2777,4.53,5.9,-644.12,418.2,200.93,14.92
2023-12-01,20012,Harlow Textile Group,736.5,675.8,8.2349,6.6057,0.9589,0.9176,0.2405,0.2484,10.39,9.94,-1199.91,704.8,261.05,5.34
2024-01-01,20012,Harlow Textile Group,813.4,788.0,8.2349,6.849,0.9589,0.9688,0.2405,0.2871,16.8,11.59,-1127.29,821.8,-69.17,36.72
2024-02-01,20012,Harlow Textile Group,592.0,583.3,8.2349,6.7114,0.9589,0.9853,0.2405,0.2358,9.17,8.58,-901.91,608.3,-134.23,-2.74
2024-03-01,20012,Harlow Textile Group,907.3,876.5,8.2349,6.7019,0.9589,0.9661,0.2405,0.2464,12.78,12.89,-1390.89,914.1,-56.0,5.17
2024-04-01,20012,Harlow Textile Group,458.5,453.0,8.2349,6.8416,0.9589,0.988,0.2405,0.2159,5.03,6.66,-638.83,472.4,-114.47,-11.14
2024-06-01,20012,Harlow Textile Group,765.2,728.6,8.2349,6.4608,0.9589,0.9521,0.2405,0.2214,7.59,10.71,-1357.54,759.8,44.47,-13.92
2024-07-01,20012,Harlow Textile Group,690.7,639.3,6.3078,6.3765,0.9589,0.9255,0.2405,0.2418,14.06,9.4,47.45,666.7,151.39,0.83
2024-08-01,20012,Harlow Textile Group,729.7,683.1,6.3078,6.5293,0.9589,0.9361,0.2405,0.2406,13.55,10.05,161.63,712.4,109.12,0.07
2024-11-01,20012,Harlow Textile Group,611.9,566.8,6.3078,6.142,0.9589,0.9263,0.2405,0.2741,6.31,8.33,-101.45,591.1,131.2,19.04
2025-03-01,20012,Harlow Textile Group,730.8,727.1,6.3078,5.7054,0.9589,0.995,0.2405,0.297,8.15,10.69,-440.23,758.3,-173.46,41.08
2025-05-01,20012,Harlow Textile Group,846.1,808.5,6.3078,6.0607,0.9589,0.9556,0.2405,0.2587,11.84,11.89,-209.07,843.2,18.29,14.71
2025-07-01,20012,Harlow Textile Group,637.9,590.5,5.485,5.4561,0.9589,0.9256,0.2405,0.2431,7.77,8.68,-18.44,615.8,121.22,1.54
2025-08-01,20012,Harlow Textile Group,798.2,793.2,5.485,5.4934,0.9589,0.9937,0.2405,0.2295,16.22,11.66,6.7,827.2,-159.06,-8.73
2025-09-01,20012,Harlow Textile Group,582.5,559.8,5.485,5.2991,0.9589,0.961,0.2405,0.2494,6.19,8.23,-108.29,583.8,-7.13,4.98
2025-10-01,20012,Harlow Textile Group,356.4,336.0,5.485,5.1226,0.9589,0.9429,0.2405,0.2213,4.1,4.94,-129.16,350.4,32.91,-6.45
2025-11-01,20012,Harlow Textile Group,344.8,337.9,5.485,4.899,0.9589,0.98,0.2405,0.2221,5.49,4.97,-202.05,352.4,-41.69,-6.22
2025-12-01,20012,Harlow Textile Group,554.8,525.6,5.485,4.8881,0.9589,0.9473,0.2405,0.2276,9.04,7.73,-331.16,548.1,36.75,-6.78
2026-01-01,20012,Harlow Textile Group,180.3,166.8,5.485,4.8623,0.9589,0.9255,0.2405,0.2668,2.68,2.45,-112.27,173.9,35.1,4.39
2026-02-01,20012,Harlow Textile Group,334.8,313.5,5.485,5.2592,0.9589,0.9365,0.2405,0.223,3.8,4.61,-75.6,326.9,43.33,-5.49
2026-03-01,20012,Harlow Textile Group,271.7,264.3,5.485,5.2559,0.9589,0.9728,0.2405,0.2343,2.99,3.89,-62.25,275.6,-21.39,-1.64
2026-04-01,20012,Harlow Textile Group,380.0,367.0,5.485,5.3929,0.9589,0.9657,0.2405,0.288,4.27,5.4,-35.0,382.7,-14.81,17.43
2026-05-01,20012,Harlow Textile Group,1541.3,1475.0,5.485,5.4664,0.9589,0.957,0.2405,0.2758,24.26,21.69,-28.67,1538.2,17.0,52.07
2026-06-01,20012,Harlow Textile Group,639.4,621.7,5.485,5.2524,0.9589,0.9723,0.2405,0.2444,6.96,9.14,-148.72,648.3,-48.82,2.42
2023-09-01,20013,Vertex Consumer Products (US),4811.4,4042.7,46.9444,48.7746,0.8602,0.8402,0.5835,0.7074,54.71,59.45,8805.82,4699.7,5243.69,500.89
2023-10-01,20013,Vertex Consumer Products (US),3939.5,3418.7,46.9444,46.4683,0.8602,0.8678,0.5835,0.5856,82.31,50.28,-1875.6,3974.3,-1633.67,7.18
2023-11-01,20013,Vertex Consumer Products (US),6385.0,5295.3,46.9444,46.1318,0.8602,0.8293,0.5835,0.6248,104.01,77.87,-5188.45,6155.9,10754.96,218.7
2024-01-01,20013,Vertex Consumer Products (US),12224.9,10329.7,46.9444,44.0045,0.8602,0.845,0.5835,0.5136,263.4,151.91,-35939.98,12008.5,10158.77,-722.05
2024-02-01,20013,Vertex Consumer Products (US),2396.8,2063.1,46.9444,44.0782,0.8602,0.8608,0.5835,0.6182,26.79,30.34,-6869.71,2398.4,-75.11,71.59
2024-03-01,20013,Vertex Consumer Products (US),6671.9,5704.9,46.9444,44.2044,0.8602,0.8551,0.5835,0.5516,70.27,83.89,-18281.01,6632.1,1868.39,-181.99
2024-04-01,20013,Vertex Consumer Products (US),3326.6,2824.9,46.9444,44.1692,0.8602,0.8492,0.5835,0.6223,36.91,41.54,-9231.98,3284.0,1999.83,109.61
2024-05-01,20013,Vertex Consumer Products (US),3333.9,2776.7,46.9444,42.6165,0.8602,0.8329,0.5835,0.6345,45.11,40.83,-14428.79,3228.0,4971.41,141.61
2024-06-01,20013,Vertex Consumer Products (US),6180.5,5288.0,46.9444,41.1147,0.8602,0.8556,0.5835,0.5761,78.05,77.76,-36030.46,6147.4,1553.86,-39.13
2024-07-01,20013,Vertex Consumer Products (US),3329.2,2858.9,40.5855,40.7727,0.8602,0.8587,0.5835,0.6022,56.93,42.04,623.23,3323.5,231.34,53.46
2024-08-01,20013,Vertex Consumer Products (US),8392.7,6794.9,40.5855,40.7497,0.8602,0.8096,0.5835,0.5645,120.81,99.93,1378.08,7899.2,20028.94,-129.1
2024-09-01,20013,Vertex Consumer Products (US),9453.6,7758.8,40.5855,40.9866,0.8602,0.8207,0.5835,0.5329,96.1,114.1,3791.84,9019.8,17605.99,-392.6
2024-10-01,20013,Vertex Consumer Products (US),8538.7,7255.9,40.5855,41.0353,0.8602,0.8498,0.5835,0.6912,84.34,106.7,3840.71,8435.1,4204.66,781.46
2024-11-01,20013,Vertex Consumer Products (US),2805.7,2341.8,40.5855,40.7121,0.8602,0.8346,0.5835,0.5965,45.16,34.44,355.2,2722.4,3380.77,30.44
2024-12-01,20013,Vertex Consumer Products (US),4384.3,3733.9,40.5855,41.8512,0.8602,0.8516,0.5835,0.5487,43.5,54.91,5549.21,4340.7,1769.53,-129.94
2025-01-01,20013,Vertex Consumer Products (US),5985.5,5252.0,40.5855,41.4945,0.8602,0.8774,0.5835,0.5561,98.74,77.24,5440.82,6105.6,-4874.32,-143.9
2025-02-01,20013,Vertex Consumer Products (US),3957.4,3375.1,40.5855,40.8476,0.8602,0.8529,0.5835,0.664,36.1,49.63,1037.23,3923.6,1371.79,271.7
2025-03-01,20013,Vertex Consumer Products (US),2759.6,2366.4,40.5855,40.8901,0.8602,0.8575,0.5835,0.5883,27.35,34.8,840.57,2751.0,349.04,11.36
2025-04-01,20013,Vertex Consumer Products (US),3297.2,2801.3,40.5855,40.7187,0.8602,0.8496,0.5835,0.6796,31.26,41.2,439.19,3256.6,1647.77,269.2
2025-05-01,20013,Vertex Consumer Products (US),9924.3,8678.7,40.5855,40.5721,0.8602,0.8745,0.5835,0.6038,102.22,127.63,-132.99,10089.2,-6692.55,176.18
2025-07-01,20013,Vertex Consumer Products (US),12897.7,11123.2,41.523,41.8201,0.8602,0.8624,0.5835,0.5708,176.18,163.58,3831.91,12930.9,-1378.56,-141.26
2025-08-01,20013,Vertex Consumer Products (US),5939.2,5285.9,41.523,41.848,0.8602,0.89,0.5835,0.6151,107.12,77.73,1930.24,6145.0,-8545.43,167.03
2025-09-01,20013,Vertex Consumer Products (US),4134.3,3602.9,41.523,41.1325,0.8602,0.8715,0.5835,0.658,40.37,52.98,-1614.44,4188.4,-2246.39,268.42
2025-10-01,20013,Vertex Consumer Products (US),2312.7,1943.1,41.523,41.061,0.8602,0.8402,0.5835,0.5926,41.76,28.58,-1068.47,2258.9,2233.94,17.68
2025-11-01,20013,Vertex Consumer Products (US),3547.2,3090.1,41.523,41.7194,0.8602,0.8711,0.5835,0.5011,38.87,45.44,696.67,3592.3,-1872.69,-254.62
2026-01-01,20013,Vertex Consumer Products (US),8151.5,6977.5,41.523,37.5835,0.8602,0.856,0.5835,0.6164,77.51,102.61,-32112.83,8111.5,1660.92,229.56
2026-02-01,20013,Vertex Consumer Products (US),2743.2,2333.6,41.523,34.6949,0.8602,0.8507,0.5835,0.5864,36.43,34.32,-18730.84,2712.9,1258.15,6.77
2026-03-01,20013,Vertex Consumer Products (US),5791.7,5199.7,41.523,32.8604,0.8602,0.8978,0.5835,0.61,89.77,76.47,-50171.18,6044.8,-10509.47,137.79
2026-04-01,20013,Vertex Consumer Products (US),5449.5,4578.4,41.523,32.4089,0.8602,0.8402,0.5835,0.5942,64.92,67.33,-49667.29,5322.5,5273.42,48.99
2026-05-01,20013,Vertex Consumer Products (US),6124.9,5096.2,41.523,32.8027,0.8602,0.832,0.5835,0.5722,57.46,74.94,-53410.97,5924.4,8325.36,-57.59
2023-07-01,20014,Silverline Personal Care,1702.0,1691.6,15.9003,16.1,0.9696,0.9938,0.6181,0.6523,23.09,24.88,339.89,1744.6,-677.35,57.85
2023-08-01,20014,Silverline Personal Care,1584.9,1559.5,15.9003,15.989,0.9696,0.984,0.6181,0.5175,36.63,22.93,140.58,1608.4,-373.66,-156.89
2023-09-01,20014,Silverline Personal Care,2768.8,2754.9,15.9003,15.4011,0.9696,0.995,0.6181,0.6182,37.91,40.51,-1382.18,2841.3,-1152.77,0.28
2023-10-01,20014,Silverline Personal Care,874.3,834.6,15.9003,14.6929,0.9696,0.9547,0.6181,0.6047,8.96,12.27,-1055.63,860.8,214.65,-11.18
2023-11-01,20014,Silverline Personal Care,2411.2,2318.5,15.9003,14.6555,0.9696,0.9616,0.6181,0.6799,37.08,34.1,-3001.46,2391.2,318.01,143.28
2023-12-01,20014,Silverline Personal Care,2617.9,2560.4,15.9003,14.7015,0.9696,0.978,0.6181,0.541,52.57,37.65,-3138.34,2640.7,-362.53,-197.41
2024-03-01,20014,Silverline Personal Care,6140.7,6110.0,15.9003,14.692,0.9696,0.995,0.6181,0.6034,116.64,89.85,-7419.81,6301.6,-2558.36,-89.82
2024-04-01,20014,Silverline Personal Care,1107.9,1102.3,15.9003,16.1618,0.9696,0.995,0.6181,0.6579,17.49,16.21,289.72,1136.9,-461.11,43.87
2024-05-01,20014,Silverline Personal Care,2500.3,2452.6,15.9003,16.3906,0.9696,0.9809,0.6181,0.6449,31.93,36.07,1225.9,2529.5,-464.29,65.73
2024-06-01,20014,Silverline Personal Care,2125.4,2097.7,15.9003,16.4051,0.9696,0.987,0.6181,0.6282,23.36,30.85,1072.9,2163.5,-605.8,21.19
2024-07-01,20014,Silverline Personal Care,2373.5,2350.0,16.5185,16.4361,0.9696,0.9901,0.6181,0.6962,31.53,34.56,-195.58,2423.7,-829.23,183.54
2024-08-01,20014,Silverline Personal Care,1327.1,1295.0,16.5185,15.6939,0.9696,0.9758,0.6181,0.7374,25.06,19.04,-1094.33,1335.6,-140.41,154.49
2024-09-01,20014,Silverline Personal Care,1135.8,1103.0,16.5185,15.9495,0.9696,0.9711,0.6181,0.6569,19.61,16.22,-646.27,1137.6,-29.73,42.8
2024-10-01,20014,Silverline Personal Care,4077.0,3890.6,16.5185,16.5529,0.9696,0.9543,0.6181,0.5868,82.96,57.21,140.25,4012.6,1063.79,-121.78
2024-11-01,20014,Silverline Personal Care,2362.8,2277.0,16.5185,16.124,0.9696,0.9637,0.6181,0.5879,35.32,33.49,-932.12,2348.4,237.87,-68.77
2024-12-01,20014,Silverline Personal Care,1707.7,1584.6,16.5185,14.8664,0.9696,0.9279,0.6181,0.6552,23.76,23.3,-2821.29,1634.3,1212.46,58.79
2025-02-01,20014,Silverline Personal Care,1791.6,1722.4,16.5185,15.0076,0.9696,0.9613,0.6181,0.6372,40.26,25.33,-2706.93,1776.4,251.08,32.9
2025-03-01,20014,Silverline Personal Care,1348.7,1301.9,16.5185,15.0725,0.9696,0.9653,0.6181,0.6499,14.19,19.15,-1950.22,1342.7,99.11,41.4
2025-04-01,20014,Silverline Personal Care,1947.9,1901.5,16.5185,15.4401,0.9696,0.9762,0.6181,0.5783,27.24,27.96,-2100.62,1961.1,-218.04,-75.68
2025-05-01,20014,Silverline Personal Care,1767.5,1714.3,16.5185,15.3582,0.9696,0.9699,0.6181,0.5437,21.6,25.21,-2050.83,1768.0,-8.26,-127.54
2025-06-01,20014,Silverline Personal Care,2816.4,2789.0,16.5185,16.0178,0.9696,0.9903,0.6181,0.724,61.19,41.01,-1410.17,2876.4,-991.11,295.36
2025-09-01,20014,Silverline Personal Care,2064.8,2054.5,16.0659,15.947,0.9696,0.995,0.6181,0.5612,26.83,30.21,-245.5,2118.9,-869.17,-116.9
2025-10-01,20014,Silverline Personal Care,1097.8,1055.7,16.0659,15.2597,0.9696,0.9617,0.6181,0.6363,13.34,15.53,-885.05,1088.8,144.59,19.21
2025-11-01,20014,Silverline Personal Care,2473.0,2460.7,16.0659,14.4344,0.9696,0.995,0.6181,0.7267,39.17,36.19,-4034.7,2537.9,-1042.68,267.23
2025-12-01,20014,Silverline Personal Care,1283.6,1254.5,16.0659,14.0935,0.9696,0.9773,0.6181,0.7021,30.57,18.45,-2531.77,1293.8,-163.87,105.38
2026-01-01,20014,Silverline Personal Care,1987.2,1871.8,16.0659,14.7073,0.9696,0.9419,0.6181,0.6678,21.54,27.53,-2699.81,1930.5,910.94,93.03
2026-02-01,20014,Silverline Personal Care,1803.3,1729.6,16.0659,15.098,0.9696,0.9591,0.6181,0.5975,18.15,25.44,-1745.41,1783.8,313.29,-35.63
2026-04-01,20014,Silverline Personal Care,3671.9,3591.1,16.0659,14.9875,0.9696,0.978,0.6181,0.5682,84.8,52.81,-3959.78,3703.7,-510.9,-179.2
2026-05-01,20014,Silverline Personal Care,1313.0,1298.7,16.0659,16.0659,0.9696,0.9891,0.6181,0.5712,33.97,19.1,0.0,1339.4,-424.14,-60.91
2026-06-01,20014,Silverline Personal Care,1594.4,1586.4,16.0659,17.3999,0.9696,0.995,0.6181,0.6275,21.65,23.33,2126.93,1636.1,-669.95,14.91
2023-07-01,20015,Silverline Personal Care,237.2,210.4,5.1105,5.166,0.8777,0.8869,0.4599,0.4363,2.79,3.09,13.16,239.7,-12.78,-4.97
2023-08-01,20015,Silverline Personal Care,1335.6,1149.7,5.1105,5.0508,0.8777,0.8608,0.4599,0.4987,15.41,16.91,-79.74,1309.9,131.34,44.61
2023-09-01,20015,Silverline Personal Care,1175.4,1009.6,5.1105,4.8194,0.8777,0.8589,0.4599,0.4714,23.32,14.85,-342.16,1150.3,128.27,11.61
2023-10-01,20015,Silverline Personal Care,909.0,808.8,5.1105,4.5602,0.8777,0.8898,0.4599,0.4695,9.9,11.89,-500.22,921.5,-63.88,7.76
2023-11-01,20015,Silverline Personal Care,959.7,867.2,5.1105,4.3157,0.8777,0.9036,0.4599,0.4314,13.13,12.75,-762.77,988.0,-144.63,-24.72
2023-12-01,20015,Silverline Personal Care,630.3,556.9,5.1105,4.2748,0.8777,0.8836,0.4599,0.4331,14.01,8.19,-526.74,634.5,-21.46,-14.92
2024-01-01,20015,Silverline Personal Care,616.6,566.8,5.1105,4.1978,0.8777,0.9192,0.4599,0.4632,14.37,8.34,-562.77,645.8,-149.23,1.87
2024-02-01,20015,Silverline Personal Care,965.7,864.5,5.1105,4.125,0.8777,0.8952,0.4599,0.4359,16.21,12.71,-951.7,985.0,-98.63,-20.75
2024-03-01,20015,Silverline Personal Care,382.3,346.0,5.1105,4.2517,0.8777,0.9051,0.4599,0.4419,8.76,5.09,-328.32,394.2,-60.81,-6.23
2024-05-01,20015,Silverline Personal Care,464.6,404.3,5.1105,4.5486,0.8777,0.8701,0.4599,0.4246,7.1,5.95,-261.06,460.6,20.44,-14.27
2024-06-01,20015,Silverline Personal Care,992.2,878.6,5.1105,4.5599,0.8777,0.8855,0.4599,0.4642,11.3,12.92,-546.31,1001.0,-44.97,3.78
2024-07-01,20015,Silverline Personal Care,482.4,411.4,4.5292,4.5639,0.8777,0.8529,0.4599,0.4561,5.09,6.05,16.74,468.7,62.05,-1.56
2024-09-01,20015,Silverline Personal Care,494.6,440.6,4.5292,4.831,0.8777,0.8909,0.4599,0.4508,5.2,6.48,149.27,502.0,-33.52,-4.01
2024-10-01,20015,Silverline Personal Care,662.0,543.3,4.5292,4.6973,0.8777,0.8207,0.4599,0.4517,10.04,7.99,111.28,619.0,194.76,-4.46
2024-11-01,20015,Silverline Personal Care,1866.3,1588.3,4.5292,4.7446,0.8777,0.851,0.4599,0.3746,22.73,23.36,402.0,1809.6,256.81,-135.48
2024-12-01,20015,Silverline Personal Care,518.1,455.8,4.5292,4.744,0.8777,0.8798,0.4599,0.4403,4.76,6.7,111.29,519.3,-5.44,-8.93
2025-01-01,20015,Silverline Personal Care,939.5,819.3,4.5292,4.7523,0.8777,0.8721,0.4599,0.3633,14.48,12.05,209.6,933.5,27.18,-79.14
2025-02-01,20015,Silverline Personal Care,488.1,434.6,4.5292,4.8262,0.8777,0.8904,0.4599,0.4661,6.74,6.39,144.97,495.2,-32.16,2.69
2025-03-01,20015,Silverline Personal Care,803.3,735.5,4.5292,4.4372,0.8777,0.9155,0.4599,0.4677,11.59,10.82,-73.9,838.0,-157.16,5.74
2025-06-01,20015,Silverline Personal Care,323.6,293.9,4.5292,4.3674,0.8777,0.9081,0.4599,0.5374,3.57,4.32,-52.36,334.9,-51.18,22.78
2025-07-01,20015,Silverline Personal Care,903.1,807.3,4.3654,4.4319,0.8777,0.8939,0.4599,0.4453,9.83,11.87,60.06,919.8,-72.9,-11.79
2025-08-01,20015,Silverline Personal Care,1405.5,1256.3,4.3654,4.3828,0.8777,0.8938,0.4599,0.4623,16.72,18.47,24.46,1431.4,-113.06,3.02
2025-10-01,20015,Silverline Personal Care,1138.9,998.4,4.3654,4.5042,0.8777,0.8766,0.4599,0.4351,22.67,14.68,158.08,1137.5,6.11,-24.76
2025-11-01,20015,Silverline Personal Care,1250.9,1103.7,4.3654,4.6664,0.8777,0.8823,0.4599,0.4354,12.07,16.23,376.52,1257.5,-28.81,-27.04
2025-12-01,20015,Silverline Personal Care,1055.4,945.9,4.3654,4.8176,0.8777,0.8962,0.4599,0.4412,14.01,13.91,477.25,1077.7,-97.35,-17.69
2026-01-01,20015,Silverline Personal Care,422.4,356.2,4.3654,4.6774,0.8777,0.8433,0.4599,0.458,4.28,5.24,131.79,405.8,72.47,-0.68
2026-02-01,20015,Silverline Personal Care,1030.3,877.4,4.3654,4.8717,0.8777,0.8515,0.4599,0.455,11.76,12.9,521.64,999.7,133.58,-4.3
2026-03-01,20015,Silverline Personal Care,470.9,420.5,4.3654,4.7343,0.8777,0.8929,0.4599,0.4099,7.4,6.18,173.72,479.1,-35.8,-21.02
2026-04-01,20015,Silverline Personal Care,648.4,563.8,4.3654,4.7238,0.8777,0.8695,0.4599,0.4108,7.84,8.29,232.39,642.4,26.19,-27.68
2026-05-01,20015,Silverline Personal Care,1125.2,945.3,4.3654,4.9268,0.8777,0.8402,0.4599,0.5184,10.57,13.9,631.69,1077.0,210.41,55.3
2026-06-01,20015,Silverline Personal Care,1094.2,960.0,4.3654,4.8104,0.8777,0.8773,0.4599,0.5334,17.43,14.12,486.92,1093.8,1.75,70.56
2023-07-01,20016,Northbrook Paper & Board,639.8,622.6,8.2429,8.3396,0.995,0.9732,0.161,0.1559,8.88,9.16,61.87,625.7,116.22,-3.18
2023-08-01,20016,Northbrook Paper & Board,1188.8,1182.9,8.2429,8.2398,0.995,0.995,0.161,0.1487,22.66,17.4,-3.69,1188.8,0.0,-14.55
2023-09-01,20016,Northbrook Paper & Board,550.5,530.0,8.2429,7.978,0.995,0.9628,0.161,0.1578,5.72,7.79,-145.83,532.7,146.72,-1.7
2023-11-01,20016,Northbrook Paper & Board,926.7,922.1,8.2429,8.2654,0.995,0.995,0.161,0.14,10.87,13.56,20.85,926.7,0.0,-19.36
2023-12-01,20016,Northbrook Paper & Board,857.5,853.2,8.2429,8.097,0.995,0.995,0.161,0.1693,11.31,12.55,-125.11,857.5,0.0,7.08
2024-01-01,20016,Northbrook Paper & Board,476.1,473.7,8.2429,7.7712,0.995,0.995,0.161,0.1708,8.03,6.97,-224.58,476.1,0.0,4.64
2024-02-01,20016,Northbrook Paper & Board,281.0,279.6,8.2429,8.0052,0.995,0.995,0.161,0.155,3.83,4.11,-66.79,281.0,0.0,-1.68
2024-03-01,20016,Northbrook Paper & Board,384.9,368.1,8.2429,8.1097,0.995,0.9564,0.161,0.1305,4.94,5.41,-51.27,369.9,123.64,-11.23
2024-04-01,20016,Northbrook Paper & Board,539.1,518.0,8.2429,8.2475,0.995,0.961,0.161,0.1734,5.62,7.62,2.48,520.6,152.49,6.42
2024-07-01,20016,Northbrook Paper & Board,502.3,489.2,8.6294,8.7034,0.995,0.9739,0.161,0.1509,5.98,7.19,37.17,491.7,91.47,-4.94
2024-08-01,20016,Northbrook Paper & Board,536.0,528.1,8.6294,8.9071,0.995,0.9852,0.161,0.1772,10.04,7.77,148.85,530.8,44.87,8.56
2024-10-01,20016,Northbrook Paper & Board,832.1,826.2,8.6294,8.9772,0.995,0.9929,0.161,0.1691,17.62,12.15,289.4,830.4,14.67,6.69
2024-11-01,20016,Northbrook Paper & Board,132.6,131.9,8.6294,8.8549,0.995,0.995,0.161,0.1666,2.69,1.94,29.9,132.6,0.0,0.74
2024-12-01,20016,Northbrook Paper & Board,378.9,363.8,8.6294,8.6616,0.995,0.9601,0.161,0.1416,8.73,5.35,12.2,365.6,114.77,-7.06
2025-01-01,20016,Northbrook Paper & Board,406.4,394.2,8.6294,9.2081,0.995,0.9699,0.161,0.1778,4.67,5.8,235.18,396.2,88.02,6.62
2025-03-01,20016,Northbrook Paper & Board,767.0,750.3,8.6294,9.2806,0.995,0.9782,0.161,0.1431,15.69,11.03,499.47,754.1,111.32,-13.43
2025-04-01,20016,Northbrook Paper & Board,157.5,148.9,8.6294,9.66,0.995,0.9448,0.161,0.1579,1.69,2.19,162.32,149.6,68.17,-0.46
2025-06-01,20016,Northbrook Paper & Board,795.6,777.9,8.6294,9.598,0.995,0.9778,0.161,0.1377,8.85,11.44,770.62,781.8,119.09,-18.13
2025-07-01,20016,Northbrook Paper & Board,593.2,590.2,9.8419,9.9849,0.995,0.995,0.161,0.1666,13.38,8.68,84.83,593.2,0.0,3.31
2025-08-01,20016,Northbrook Paper & Board,198.8,196.0,9.8419,10.2995,0.995,0.9858,0.161,0.17,3.56,2.88,90.97,197.0,17.72,1.76
2025-09-01,20016,Northbrook Paper & Board,541.7,539.0,9.8419,9.9762,0.995,0.995,0.161,0.1447,6.15,7.93,72.75,541.7,0.0,-8.79
2025-10-01,20016,Northbrook Paper & Board,382.5,378.4,9.8419,9.4707,0.995,0.9895,0.161,0.1595,4.14,5.57,-141.98,380.3,21.65,-0.57
2025-11-01,20016,Northbrook Paper & Board,947.6,937.4,9.8419,9.36,0.995,0.9892,0.161,0.1449,10.77,13.79,-456.65,942.1,54.13,-15.09
2025-12-01,20016,Northbrook Paper & Board,439.8,416.6,9.8419,9.3794,0.995,0.9472,0.161,0.1599,6.82,6.13,-203.41,418.7,207.66,-0.46
2026-01-01,20016,Northbrook Paper & Board,188.4,183.4,9.8419,9.0953,0.995,0.9733,0.161,0.1843,2.14,2.7,-140.66,184.3,40.35,4.27
2026-02-01,20016,Northbrook Paper & Board,441.2,411.9,9.8419,9.1448,0.995,0.9337,0.161,0.1454,9.26,6.06,-307.56,414.0,267.7,-6.43
2026-03-01,20016,Northbrook Paper & Board,640.4,637.2,9.8419,9.2944,0.995,0.995,0.161,0.1603,9.05,9.37,-350.62,640.4,0.0,-0.45
2026-04-01,20016,Northbrook Paper & Board,498.4,482.5,9.8419,9.7006,0.995,0.9682,0.161,0.1444,7.36,7.1,-70.42,484.9,132.87,-8.01
2026-05-01,20016,Northbrook Paper & Board,652.7,640.3,9.8419,9.682,0.995,0.981,0.161,0.1917,11.56,9.42,-104.37,643.5,90.55,19.66
2026-06-01,20016,Northbrook Paper & Board,1205.6,1169.1,9.8419,9.9122,0.995,0.9697,0.161,0.1672,25.93,17.19,84.75,1175.0,301.16,7.25
2023-07-01,20017,Shenzhen Kaiyuan Electronics,509.0,437.0,16.865,16.8255,0.8191,0.8585,0.4185,0.3715,10.0,6.43,-20.11,533.5,-413.19,-20.54
2023-08-01,20017,Shenzhen Kaiyuan Electronics,556.9,447.5,16.865,16.7616,0.8191,0.8037,0.4185,0.402,6.14,6.58,-57.58,546.3,178.77,-7.38
2023-09-01,20017,Shenzhen Kaiyuan Electronics,365.9,311.9,16.865,17.1454,0.8191,0.8523,0.4185,0.38,3.81,4.59,102.6,380.8,-251.29,-12.01
2023-10-01,20017,Shenzhen Kaiyuan Electronics,1951.6,1538.0,16.865,16.5691,0.8191,0.7881,0.4185,0.4347,16.55,22.62,-577.48,1877.7,1246.32,24.92
2023-11-01,20017,Shenzhen Kaiyuan Electronics,927.0,736.1,16.865,15.3826,0.8191,0.794,0.4185,0.4352,14.94,10.82,-1374.18,898.7,477.28,12.29
2023-12-01,20017,Shenzhen Kaiyuan Electronics,224.9,190.6,16.865,15.1897,0.8191,0.8474,0.4185,0.4181,3.14,2.8,-376.77,232.7,-131.55,-0.08
2024-01-01,20017,Shenzhen Kaiyuan Electronics,500.4,422.7,16.865,15.0685,0.8191,0.8447,0.4185,0.4612,4.47,6.22,-898.97,516.1,-264.78,18.05
2024-02-01,20017,Shenzhen Kaiyuan Electronics,996.2,854.1,16.865,14.5476,0.8191,0.8574,0.4185,0.4454,10.01,12.56,-2308.59,1042.7,-784.22,22.98
2024-03-01,20017,Shenzhen Kaiyuan Electronics,874.0,724.7,16.865,14.1659,0.8191,0.8292,0.4185,0.441,15.25,10.66,-2359.01,884.8,-182.14,16.31
2024-04-01,20017,Shenzhen Kaiyuan Electronics,635.7,525.8,16.865,13.5912,0.8191,0.8271,0.4185,0.3896,7.07,7.73,-2081.15,641.9,-104.56,-15.2
2024-05-01,20017,Shenzhen Kaiyuan Electronics,389.0,333.6,16.865,13.3849,0.8191,0.8577,0.4185,0.43,7.4,4.91,-1353.76,407.3,-308.63,3.84
2024-06-01,20017,Shenzhen Kaiyuan Electronics,256.8,217.0,16.865,13.1324,0.8191,0.8448,0.4185,0.3286,3.95,3.19,-958.53,264.9,-136.61,-19.51
2024-07-01,20017,Shenzhen Kaiyuan Electronics,706.8,566.7,12.6107,12.6919,0.8191,0.8017,0.4185,0.4028,7.1,8.33,57.39,691.9,187.9,-8.9
2024-08-01,20017,Shenzhen Kaiyuan Electronics,481.8,388.6,12.6107,13.6445,0.8191,0.8067,0.4185,0.4053,9.53,5.72,498.08,474.4,93.32,-5.13
2024-09-01,20017,Shenzhen Kaiyuan Electronics,1218.4,997.5,12.6107,13.3787,0.8191,0.8187,0.4185,0.4228,16.78,14.67,935.73,1217.8,7.57,4.29
2024-10-01,20017,Shenzhen Kaiyuan Electronics,513.3,435.8,12.6107,13.5187,0.8191,0.8491,0.4185,0.4204,4.64,6.41,466.08,532.0,-235.82,0.83
2024-11-01,20017,Shenzhen Kaiyuan Electronics,253.0,209.4,12.6107,13.4166,0.8191,0.8276,0.4185,0.4632,2.78,3.08,203.89,255.6,-32.79,9.36
2024-12-01,20017,Shenzhen Kaiyuan Electronics,1012.1,850.5,12.6107,13.1427,0.8191,0.8403,0.4185,0.4605,12.22,12.51,538.44,1038.3,-330.4,35.72
2025-01-01,20017,Shenzhen Kaiyuan Electronics,339.2,280.7,12.6107,12.9962,0.8191,0.8276,0.4185,0.4161,3.76,4.13,130.76,342.7,-44.14,-0.67
2025-02-01,20017,Shenzhen Kaiyuan Electronics,1451.4,1210.3,12.6107,12.9613,0.8191,0.8339,0.4185,0.4293,22.38,17.8,508.86,1477.6,-330.4,13.07
2025-03-01,20017,Shenzhen Kaiyuan Electronics,2161.9,1684.4,12.6107,12.3056,0.8191,0.7791,0.4185,0.4394,18.87,24.77,-659.6,2056.4,1330.43,35.2
2025-05-01,20017,Shenzhen Kaiyuan Electronics,648.2,517.0,12.6107,11.7963,0.8191,0.7976,0.4185,0.4543,6.26,7.6,-527.89,631.2,214.38,18.51
2025-06-01,20017,Shenzhen Kaiyuan Electronics,582.4,470.6,12.6107,11.6943,0.8191,0.808,0.4185,0.3832,5.49,6.92,-533.71,574.5,99.62,-16.61
2025-07-01,20017,Shenzhen Kaiyuan Electronics,257.6,207.2,12.7058,12.5483,0.8191,0.8044,0.4185,0.4946,4.37,3.05,-40.57,253.0,58.45,15.77
2025-08-01,20017,Shenzhen Kaiyuan Electronics,936.8,731.4,12.7058,12.231,0.8191,0.7807,0.4185,0.4939,10.05,10.76,-444.79,892.9,557.78,55.15
2025-10-01,20017,Shenzhen Kaiyuan Electronics,516.9,416.1,12.7058,11.6492,0.8191,0.805,0.4185,0.3958,7.54,6.12,-546.16,508.0,113.08,-9.45
2025-11-01,20017,Shenzhen Kaiyuan Electronics,1167.2,926.9,12.7058,11.789,0.8191,0.7941,0.4185,0.4058,19.18,13.63,-1070.09,1131.6,452.33,-11.77
2025-12-01,20017,Shenzhen Kaiyuan Electronics,728.1,585.5,12.7058,11.7068,0.8191,0.8041,0.4185,0.484,8.95,8.61,-727.37,714.8,168.99,38.35
2026-01-01,20017,Shenzhen Kaiyuan Electronics,1426.5,1162.2,12.7058,10.8496,0.8191,0.8147,0.4185,0.4454,13.89,17.09,-2647.87,1418.9,96.56,31.26
2026-02-01,20017,Shenzhen Kaiyuan Electronics,699.1,577.4,12.7058,10.1711,0.8191,0.8259,0.4185,0.4861,6.07,8.49,-1772.01,704.9,-73.69,39.03
2026-03-01,20017,Shenzhen Kaiyuan Electronics,360.3,298.2,12.7058,9.8443,0.8191,0.8275,0.4185,0.4264,3.51,4.38,-1031.0,364.1,-48.28,2.36
2026-04-01,20017,Shenzhen Kaiyuan Electronics,308.9,256.7,12.7058,9.3643,0.8191,0.8309,0.4185,0.4617,4.18,3.77,-1032.19,313.4,-57.18,11.09
2026-05-01,20017,Shenzhen Kaiyuan Electronics,557.5,463.5,12.7058,9.7186,0.8191,0.8314,0.4185,0.3299,11.8,6.82,-1665.36,565.9,-106.73,-41.07
2026-06-01,20017,Shenzhen Kaiyuan Electronics,666.3,553.7,12.7058,9.8225,0.8191,0.831,0.4185,0.4472,6.15,8.14,-1921.14,676.0,-123.25,15.89
2023-07-01,20018,Meridian Private Label,386.1,348.9,44.0358,43.45,0.871,0.9037,0.5089,0.4519,7.66,5.13,-226.18,400.6,-638.52,-19.89
2023-08-01,20018,Meridian Private Label,369.6,320.4,44.0358,43.9998,0.871,0.8667,0.5089,0.5466,3.57,4.71,-13.31,367.9,74.86,12.08
2023-09-01,20018,Meridian Private Label,195.7,170.3,44.0358,44.9237,0.871,0.8705,0.5089,0.6056,1.89,2.5,173.76,195.5,8.81,16.47
2023-11-01,20018,Meridian Private Label,365.5,312.6,44.0358,41.2405,0.871,0.8554,0.5089,0.5332,4.0,4.6,-1021.68,358.9,290.64,7.6
2023-12-01,20018,Meridian Private Label,323.4,281.3,44.0358,39.7858,0.871,0.8699,0.5089,0.5501,6.46,4.14,-1374.45,323.0,17.61,11.59
2024-01-01,20018,Meridian Private Label,227.2,198.9,44.0358,40.7017,0.871,0.8757,0.5089,0.542,3.81,2.93,-757.51,228.4,-52.84,6.58
2024-02-01,20018,Meridian Private Label,310.5,262.7,44.0358,40.7971,0.871,0.846,0.5089,0.6366,4.41,3.86,-1005.62,301.6,391.92,33.55
2024-03-01,20018,Meridian Private Label,340.8,298.5,44.0358,39.1765,0.871,0.8757,0.5089,0.5452,5.48,4.39,-1656.05,342.7,-83.67,10.84
2024-04-01,20018,Meridian Private Label,687.5,604.3,44.0358,38.6622,0.871,0.879,0.5089,0.5858,7.72,8.89,-3694.35,693.8,-277.43,46.47
2024-05-01,20018,Meridian Private Label,211.6,190.8,44.0358,38.3364,0.871,0.9015,0.5089,0.5491,2.87,2.81,-1205.99,219.1,-330.27,7.67
2024-07-01,20018,Meridian Private Label,876.2,832.6,37.9143,38.1344,0.871,0.9503,0.5089,0.4813,9.06,12.24,192.85,955.9,-3021.77,-22.98
2024-08-01,20018,Meridian Private Label,209.1,194.2,37.9143,38.8652,0.871,0.929,0.5089,0.5694,2.37,2.86,198.83,223.0,-527.01,11.75
2024-09-01,20018,Meridian Private Label,757.5,694.0,37.9143,38.4998,0.871,0.9162,0.5089,0.4932,7.3,10.21,443.52,796.8,-1490.03,-10.9
2024-11-01,20018,Meridian Private Label,342.8,299.4,37.9143,40.1752,0.871,0.8734,0.5089,0.52,3.54,4.4,775.04,343.7,-34.12,3.32
2024-12-01,20018,Meridian Private Label,219.7,193.1,37.9143,41.6343,0.871,0.8788,0.5089,0.5256,2.04,2.84,817.28,221.7,-75.83,3.22
2025-02-01,20018,Meridian Private Label,332.2,294.3,37.9143,38.2616,0.871,0.8858,0.5089,0.5096,6.5,4.33,115.37,337.9,-216.11,0.21
2025-03-01,20018,Meridian Private Label,168.3,156.2,37.9143,39.3528,0.871,0.9282,0.5089,0.5074,3.67,2.3,242.1,179.3,-417.06,-0.23
2025-04-01,20018,Meridian Private Label,716.4,650.6,37.9143,39.5485,0.871,0.9082,0.5089,0.4869,10.12,9.57,1170.74,747.0,-1160.18,-14.31
2025-05-01,20018,Meridian Private Label,207.2,180.9,37.9143,38.7702,0.871,0.8729,0.5089,0.5318,4.08,2.66,177.34,207.7,-18.96,4.14
2025-06-01,20018,Meridian Private Label,247.7,220.0,37.9143,38.2813,0.871,0.8884,0.5089,0.466,5.08,3.24,90.91,252.6,-185.78,-9.44
2025-08-01,20018,Meridian Private Label,147.4,126.9,37.4255,39.3919,0.871,0.861,0.5089,0.5866,3.22,1.87,289.85,145.7,63.62,9.86
2025-09-01,20018,Meridian Private Label,196.9,172.6,37.4255,37.6918,0.871,0.8768,0.5089,0.4998,2.68,2.54,52.43,198.2,-48.65,-1.57
2025-11-01,20018,Meridian Private Label,197.4,168.7,37.4255,34.9055,0.871,0.8549,0.5089,0.4538,2.11,2.48,-497.45,193.7,138.47,-9.3
2025-12-01,20018,Meridian Private Label,305.4,259.0,37.4255,34.6718,0.871,0.848,0.5089,0.5258,3.16,3.81,-840.98,297.4,299.4,4.38
2026-01-01,20018,Meridian Private Label,226.3,197.4,37.4255,31.8178,0.871,0.8725,0.5089,0.5476,3.27,2.9,-1269.02,226.6,-11.23,7.64
2026-02-01,20018,Meridian Private Label,178.8,149.4,37.4255,30.1391,0.871,0.8353,0.5089,0.6066,1.99,2.2,-1302.81,171.5,273.21,14.6
2026-04-01,20018,Meridian Private Label,167.9,139.2,37.4255,27.8956,0.871,0.8292,0.5089,0.446,1.66,2.05,-1600.07,159.8,303.15,-8.76
2026-05-01,20018,Meridian Private Label,150.9,127.8,37.4255,28.0203,0.871,0.8468,0.5089,0.4799,1.43,1.88,-1419.24,146.7,157.19,-3.71
2026-06-01,20018,Meridian Private Label,419.1,349.9,37.4255,28.8716,0.871,0.8348,0.5089,0.5055,3.96,5.14,-3584.94,401.7,651.2,-1.19
2023-07-01,20019,Harlow Textile Group,1514.5,1406.9,4.2884,4.2427,0.9618,0.929,0.2704,0.3158,35.48,20.69,-69.21,1462.8,221.71,63.87
2023-08-01,20019,Harlow Textile Group,953.1,913.5,4.2884,4.1501,0.9618,0.9585,0.2704,0.2872,10.2,13.43,-131.81,949.8,14.15,15.35
2023-09-01,20019,Harlow Textile Group,1618.9,1519.2,4.2884,4.188,0.9618,0.9384,0.2704,0.236,31.75,22.34,-162.54,1579.5,168.96,-52.26
2023-10-01,20019,Harlow Textile Group,588.7,573.9,4.2884,4.0853,0.9618,0.975,0.2704,0.289,7.62,8.44,-119.56,596.7,-34.31,10.67
2023-11-01,20019,Harlow Textile Group,1565.1,1505.4,4.2884,4.0943,0.9618,0.9618,0.2704,0.2305,19.85,22.14,-303.79,1565.2,-0.43,-60.07
2023-12-01,20019,Harlow Textile Group,1125.8,1090.5,4.2884,3.8105,0.9618,0.9686,0.2704,0.2626,15.26,16.04,-538.02,1133.8,-34.31,-8.51
2024-01-01,20019,Harlow Textile Group,826.1,803.9,4.2884,3.8027,0.9618,0.9731,0.2704,0.2955,15.71,11.82,-401.24,835.8,-41.6,20.18
2024-02-01,20019,Harlow Textile Group,536.0,522.1,4.2884,3.8677,0.9618,0.9742,0.2704,0.2726,7.23,7.68,-225.5,542.8,-29.16,1.15
2024-03-01,20019,Harlow Textile Group,1323.4,1316.8,4.2884,3.8268,0.9618,0.995,0.2704,0.2982,19.59,19.36,-610.88,1369.1,-195.98,36.61
2024-04-01,20019,Harlow Textile Group,1697.1,1688.6,4.2884,3.9022,0.9618,0.995,0.2704,0.2754,43.52,24.83,-655.42,1755.7,-251.3,8.44
2024-05-01,20019,Harlow Textile Group,332.2,330.5,4.2884,4.1507,0.9618,0.995,0.2704,0.2846,8.01,4.86,-45.74,343.6,-48.89,4.69
2024-06-01,20019,Harlow Textile Group,1557.9,1527.0,4.2884,4.217,0.9618,0.9802,0.2704,0.2771,27.62,22.46,-111.23,1587.6,-127.37,10.23
2024-07-01,20019,Harlow Textile Group,1222.7,1216.6,4.3084,4.3727,0.9618,0.995,0.2704,0.2799,30.87,17.89,78.62,1264.9,-181.81,11.56
2024-08-01,20019,Harlow Textile Group,506.6,501.6,4.3084,4.3242,0.9618,0.9901,0.2704,0.2612,10.22,7.38,8.0,521.5,-64.2,-4.61
2024-09-01,20019,Harlow Textile Group,491.4,472.2,4.3084,4.2315,0.9618,0.961,0.2704,0.2807,8.61,6.94,-37.79,491.0,1.72,4.86
2024-10-01,20019,Harlow Textile Group,1573.8,1491.2,4.3084,4.2462,0.9618,0.9475,0.2704,0.2776,32.8,21.93,-97.89,1550.4,100.82,10.74
2024-11-01,20019,Harlow Textile Group,524.4,489.9,4.3084,4.2716,0.9618,0.9343,0.2704,0.2852,6.04,7.2,-19.3,509.4,64.63,7.25
2024-12-01,20019,Harlow Textile Group,1029.9,990.8,4.3084,4.3103,0.9618,0.962,0.2704,0.2792,18.83,14.57,1.96,1030.2,-1.29,8.72
2025-03-01,20019,Harlow Textile Group,801.5,735.8,4.3084,4.2885,0.9618,0.918,0.2704,0.2934,16.51,10.82,-15.95,765.0,157.26,16.92
2025-04-01,20019,Harlow Textile Group,612.3,555.5,4.3084,4.4746,0.9618,0.9073,0.2704,0.3065,8.34,8.17,101.76,577.6,149.5,20.05
2025-05-01,20019,Harlow Textile Group,475.6,434.4,4.3084,4.4839,0.9618,0.9134,0.2704,0.2852,4.55,6.39,83.47,451.7,102.97,6.43
2025-06-01,20019,Harlow Textile Group,1080.2,999.5,4.3084,4.7601,0.9618,0.9253,0.2704,0.2834,18.08,14.7,487.93,1039.2,176.64,12.99
2025-07-01,20019,Harlow Textile Group,327.2,300.4,4.8598,4.8244,0.9618,0.9183,0.2704,0.2292,5.4,4.42,-11.58,312.3,72.41,-12.38
2025-08-01,20019,Harlow Textile Group,847.8,790.4,4.8598,4.88,0.9618,0.9323,0.2704,0.2885,15.65,11.62,17.13,821.8,126.35,14.31
2025-09-01,20019,Harlow Textile Group,2128.5,2080.0,4.8598,4.8026,0.9618,0.9772,0.2704,0.2564,23.79,30.59,-121.75,2162.6,-165.72,-29.12
2025-10-01,20019,Harlow Textile Group,794.8,757.2,4.8598,4.8707,0.9618,0.9526,0.2704,0.2642,18.54,11.14,8.66,787.3,36.45,-4.69
2025-11-01,20019,Harlow Textile Group,596.9,538.6,4.8598,4.9068,0.9618,0.9023,0.2704,0.2229,14.01,7.92,28.05,560.0,179.33,-25.58
2025-12-01,20019,Harlow Textile Group,937.8,868.6,4.8598,4.7508,0.9618,0.9261,0.2704,0.2597,11.89,12.77,-102.22,903.1,168.64,-9.29
2026-01-01,20019,Harlow Textile Group,616.7,575.1,4.8598,4.4541,0.9618,0.9325,0.2704,0.285,6.62,8.46,-250.2,597.9,91.36,8.4
2026-02-01,20019,Harlow Textile Group,707.6,655.9,4.8598,4.4686,0.9618,0.927,0.2704,0.2615,10.66,9.65,-276.81,682.0,124.41,-5.84
2026-03-01,20019,Harlow Textile Group,941.0,900.7,4.8598,4.6082,0.9618,0.9572,0.2704,0.2689,22.88,13.24,-236.76,936.5,21.87,-1.35
2026-04-01,20019,Harlow Textile Group,392.0,365.5,4.8598,4.8407,0.9618,0.9322,0.2704,0.2509,4.53,5.37,-7.49,380.0,58.32,-7.13
2026-05-01,20019,Harlow Textile Group,1308.4,1288.3,4.8598,5.1663,0.9618,0.9846,0.2704,0.2724,20.73,18.95,401.02,1339.5,-151.14,2.58
2026-06-01,20019,Harlow Textile Group,1040.0,1005.9,4.8598,5.3833,0.9618,0.9672,0.2704,0.2644,25.85,14.79,544.44,1045.9,-28.67,-6.04
2023-08-01,20020,Guangzhou Vantage Industrial,4835.1,4802.4,31.9308,30.6122,0.974,0.9933,0.2086,0.2064,71.35,70.62,-6375.56,4930.6,-3049.39,-10.57
2023-10-01,20020,Guangzhou Vantage Industrial,3457.6,3425.8,31.9308,28.7604,0.974,0.9908,0.2086,0.2076,77.68,50.38,-10961.98,3517.2,-1903.08,-3.43
2023-12-01,20020,Guangzhou Vantage Industrial,4044.8,3992.4,31.9308,26.0354,0.974,0.987,0.2086,0.2336,77.01,58.71,-23845.71,4099.0,-1730.65,99.81
2024-01-01,20020,Guangzhou Vantage Industrial,1961.8,1831.7,31.9308,26.9044,0.974,0.9337,0.2086,0.201,22.75,26.94,-9860.79,1880.6,2592.78,-13.92
2024-02-01,20020,Guangzhou Vantage Industrial,2579.5,2399.9,31.9308,26.6607,0.974,0.9303,0.2086,0.2197,25.1,35.29,-13594.22,2464.0,3688.01,26.64
2024-03-01,20020,Guangzhou Vantage Industrial,3477.2,3255.9,31.9308,27.895,0.974,0.9364,0.2086,0.2082,50.71,47.88,-14033.28,3342.8,4291.5,-1.3
2024-04-01,20020,Guangzhou Vantage Industrial,2278.1,2143.4,31.9308,28.7875,0.974,0.9408,0.2086,0.2266,42.97,31.52,-7160.75,2200.6,2474.64,38.58
2024-05-01,20020,Guangzhou Vantage Industrial,2929.6,2883.5,31.9308,28.7196,0.974,0.9843,0.2086,0.2067,39.13,42.4,-9407.53,2960.5,-986.66,-5.48
2024-07-01,20020,Guangzhou Vantage Industrial,5521.4,5493.8,30.9751,30.708,0.974,0.995,0.2086,0.1998,98.21,80.79,-1474.77,5640.5,-3689.13,-48.35
2024-09-01,20020,Guangzhou Vantage Industrial,3433.7,3416.6,30.9751,33.8618,0.974,0.995,0.2086,0.1926,55.92,50.24,9912.06,3507.8,-2295.25,-54.67
2024-11-01,20020,Guangzhou Vantage Industrial,4528.8,4506.2,30.9751,32.2839,0.974,0.995,0.2086,0.2266,49.33,66.27,5927.29,4626.5,-3026.27,81.11
2024-12-01,20020,Guangzhou Vantage Industrial,4353.5,4325.1,30.9751,32.3733,0.974,0.9935,0.2086,0.2299,79.76,63.6,6087.06,4440.6,-2697.93,92.12
2025-01-01,20020,Guangzhou Vantage Industrial,4090.8,3941.9,30.9751,32.1134,0.974,0.9636,0.2086,0.2321,55.67,57.97,4656.56,4047.1,1353.61,92.63
2025-03-01,20020,Guangzhou Vantage Industrial,1837.8,1745.6,30.9751,32.8138,0.974,0.9499,0.2086,0.2116,32.76,25.67,3379.16,1792.2,1412.46,5.24
2025-04-01,20020,Guangzhou Vantage Industrial,2129.6,2022.0,30.9751,32.6207,0.974,0.9495,0.2086,0.2319,28.1,29.74,3504.47,2076.0,1660.27,47.11
2025-05-01,20020,Guangzhou Vantage Industrial,1736.9,1696.3,30.9751,34.0697,0.974,0.9766,0.2086,0.2592,25.62,24.95,5375.01,1741.6,-145.58,85.83
2025-06-01,20020,Guangzhou Vantage Industrial,2070.6,1987.2,30.9751,32.9655,0.974,0.9597,0.2086,0.2201,25.41,29.22,4121.32,2040.2,941.64,22.85
2025-07-01,20020,Guangzhou Vantage Industrial,2594.9,2581.9,32.8576,32.6356,0.974,0.995,0.2086,0.1987,37.53,37.97,-576.07,2650.8,-1836.74,-25.56
2025-08-01,20020,Guangzhou Vantage Industrial,3413.7,3283.7,32.8576,32.141,0.974,0.9619,0.2086,0.2242,38.37,48.29,-2446.26,3371.4,1389.88,51.23
2025-09-01,20020,Guangzhou Vantage Industrial,2824.6,2791.8,32.8576,30.3757,0.974,0.9884,0.2086,0.2137,44.82,41.06,-7010.37,2866.3,-1370.16,14.24
2025-10-01,20020,Guangzhou Vantage Industrial,1029.0,1012.1,32.8576,29.3619,0.974,0.9836,0.2086,0.2249,12.36,14.88,-3597.08,1039.1,-331.86,16.5
2025-11-01,20020,Guangzhou Vantage Industrial,1138.8,1116.2,32.8576,28.4589,0.974,0.9801,0.2086,0.2442,16.15,16.41,-5009.24,1146.0,-236.57,39.74
2025-12-01,20020,Guangzhou Vantage Industrial,6759.4,6515.9,32.8576,29.2315,0.974,0.964,0.2086,0.2327,76.83,95.82,-24510.26,6689.8,2286.89,157.03
2026-01-01,20020,Guangzhou Vantage Industrial,1768.4,1759.5,32.8576,29.1849,0.974,0.995,0.2086,0.2372,25.49,25.88,-6494.8,1806.5,-1251.87,50.32
2026-02-01,20020,Guangzhou Vantage Industrial,4739.8,4716.1,32.8576,30.2948,0.974,0.995,0.2086,0.1982,75.81,69.36,-12147.16,4842.0,-3358.05,-49.05
2026-03-01,20020,Guangzhou Vantage Industrial,3516.6,3370.7,32.8576,32.2118,0.974,0.9585,0.2086,0.2034,40.29,49.57,-2271.02,3460.7,1836.74,-17.53
2026-04-01,20020,Guangzhou Vantage Industrial,1329.0,1316.2,32.8576,33.7567,0.974,0.9904,0.2086,0.2249,31.94,19.36,1194.9,1351.3,-732.72,21.45
2026-05-01,20020,Guangzhou Vantage Industrial,2972.7,2914.3,32.8576,35.9458,0.974,0.9804,0.2086,0.2254,48.75,42.86,9180.29,2992.1,-637.44,48.96
2023-10-01,20021,Ashworth Tools & Hardware,232.7,228.9,27.982,28.5379,0.995,0.9835,0.4765,0.5955,5.69,3.37,129.36,230.1,72.75,27.24
2023-11-01,20021,Ashworth Tools & Hardware,355.9,352.5,27.982,27.4414,0.995,0.9906,0.4765,0.3948,7.73,5.18,-192.4,354.3,44.77,-28.8
2023-12-01,20021,Ashworth Tools & Hardware,360.5,357.7,27.982,26.9141,0.995,0.9921,0.4765,0.5139,4.3,5.26,-384.98,359.5,27.98,13.38
2024-01-01,20021,Ashworth Tools & Hardware,1173.1,1167.2,27.982,28.0365,0.995,0.995,0.4765,0.467,17.57,17.16,63.93,1173.1,0.0,-11.09
2024-02-01,20021,Ashworth Tools & Hardware,236.3,226.9,27.982,29.8216,0.995,0.9601,0.4765,0.4927,2.57,3.34,434.7,228.0,232.25,3.68
2024-04-01,20021,Ashworth Tools & Hardware,645.9,639.7,27.982,33.2718,0.995,0.9905,0.4765,0.5392,15.72,9.41,3416.68,642.9,83.95,40.11
2024-05-01,20021,Ashworth Tools & Hardware,577.3,562.8,27.982,31.875,0.995,0.9748,0.4765,0.5495,14.28,8.28,2247.43,565.6,327.39,41.08
2024-06-01,20021,Ashworth Tools & Hardware,335.2,325.7,27.982,31.9228,0.995,0.9717,0.4765,0.4786,5.64,4.79,1320.96,327.3,221.06,0.68
2024-07-01,20021,Ashworth Tools & Hardware,295.6,294.2,32.6903,32.7569,0.995,0.995,0.4765,0.4623,4.51,4.33,19.69,295.7,-3.27,-4.18
2024-08-01,20021,Ashworth Tools & Hardware,419.9,402.2,32.6903,34.2751,0.995,0.9579,0.4765,0.528,4.42,5.91,665.46,404.2,513.24,20.71
2024-09-01,20021,Ashworth Tools & Hardware,662.2,658.9,32.6903,34.8257,0.995,0.995,0.4765,0.5359,9.44,9.69,1414.06,662.2,0.0,39.14
2024-10-01,20021,Ashworth Tools & Hardware,1180.5,1174.6,32.6903,33.7463,0.995,0.995,0.4765,0.4386,28.73,17.27,1246.61,1180.5,0.0,-44.52
2024-11-01,20021,Ashworth Tools & Hardware,551.4,548.3,32.6903,31.7824,0.995,0.9943,0.4765,0.4589,9.44,8.06,-500.62,551.1,9.81,-9.65
2024-12-01,20021,Ashworth Tools & Hardware,170.8,169.9,32.6903,30.675,0.995,0.995,0.4765,0.4433,2.67,2.5,-344.21,170.8,0.0,-5.64
2025-01-01,20021,Ashworth Tools & Hardware,180.0,178.2,32.6903,29.5994,0.995,0.9902,0.4765,0.4237,2.76,2.62,-556.36,179.1,29.42,-9.41
2025-04-01,20021,Ashworth Tools & Hardware,476.2,473.8,32.6903,31.7011,0.995,0.995,0.4765,0.4812,6.08,6.97,-471.06,476.2,0.0,2.23
2025-05-01,20021,Ashworth Tools & Hardware,998.7,993.7,32.6903,31.5562,0.995,0.995,0.4765,0.4599,14.42,14.61,-1132.63,998.7,0.0,-16.5
2025-06-01,20021,Ashworth Tools & Hardware,607.8,604.7,32.6903,30.7217,0.995,0.995,0.4765,0.4923,7.22,8.89,-1196.52,607.7,3.27,9.55
2025-08-01,20021,Ashworth Tools & Hardware,553.6,550.8,29.3765,29.7105,0.995,0.995,0.4765,0.5197,13.91,8.1,184.9,553.6,0.0,23.79
2025-10-01,20021,Ashworth Tools & Hardware,404.4,402.4,29.3765,26.5903,0.995,0.995,0.4765,0.4132,5.27,5.92,-1126.74,404.4,0.0,-25.47
2025-11-01,20021,Ashworth Tools & Hardware,436.0,424.0,29.3765,25.5783,0.995,0.9725,0.4765,0.4428,4.61,6.24,-1656.02,426.1,290.83,-14.29
2025-12-01,20021,Ashworth Tools & Hardware,292.6,291.2,29.3765,25.2196,0.995,0.995,0.4765,0.4679,5.44,4.28,-1216.31,292.7,-2.94,-2.5
2026-02-01,20021,Ashworth Tools & Hardware,204.8,203.8,29.3765,27.5086,0.995,0.995,0.4765,0.4684,2.3,3.0,-382.55,204.8,0.0,-1.65
2026-03-01,20021,Ashworth Tools & Hardware,176.7,175.8,29.3765,27.9431,0.995,0.995,0.4765,0.424,2.91,2.59,-253.28,176.7,0.0,-9.23
2026-04-01,20021,Ashworth Tools & Hardware,161.3,160.4,29.3765,27.8965,0.995,0.995,0.4765,0.4739,2.18,2.36,-238.72,161.2,2.94,-0.42
2026-05-01,20021,Ashworth Tools & Hardware,223.5,222.4,29.3765,29.2605,0.995,0.995,0.4765,0.4216,4.92,3.27,-25.93,223.5,0.0,-12.21
2023-07-01,20022,Silverline Personal Care,1955.0,1912.0,32.2704,32.376,0.9738,0.978,0.4175,0.4461,42.01,28.12,206.45,1963.4,-271.07,54.68
2023-08-01,20022,Silverline Personal Care,1436.9,1413.0,32.2704,31.1954,0.9738,0.9833,0.4175,0.4302,17.49,20.78,-1544.67,1451.0,-455.01,17.95
2023-09-01,20022,Silverline Personal Care,3137.1,3014.9,32.2704,29.9678,0.9738,0.9611,0.4175,0.4372,53.43,44.34,-7223.49,3096.0,1326.31,59.39
2023-10-01,20022,Silverline Personal Care,1928.1,1910.3,32.2704,31.1082,0.9738,0.9908,0.4175,0.4073,29.67,28.09,-2240.84,1961.7,-1084.29,-19.49
2023-11-01,20022,Silverline Personal Care,1606.7,1596.3,32.2704,33.3724,0.9738,0.9935,0.4175,0.4693,21.08,23.47,1770.58,1639.2,-1048.79,82.69
2023-12-01,20022,Silverline Personal Care,1683.6,1663.5,32.2704,35.2315,0.9738,0.9881,0.4175,0.4706,26.94,24.46,4985.31,1708.3,-797.08,88.33
2024-01-01,20022,Silverline Personal Care,708.3,701.8,32.2704,36.2223,0.9738,0.9908,0.4175,0.415,9.76,10.32,2799.13,720.7,-400.15,-1.75
2024-02-01,20022,Silverline Personal Care,2424.5,2354.1,32.2704,36.3327,0.9738,0.971,0.4175,0.4575,50.85,34.62,9849.05,2417.4,229.12,94.16
2024-03-01,20022,Silverline Personal Care,929.1,924.4,32.2704,35.8321,0.9738,0.995,0.4175,0.4638,10.7,13.59,3309.18,949.3,-651.86,42.8
2024-04-01,20022,Silverline Personal Care,1087.6,1052.7,32.2704,35.5213,0.9738,0.968,0.4175,0.3854,15.4,15.48,3535.68,1081.0,212.98,-33.79
2024-07-01,20022,Silverline Personal Care,611.3,575.3,33.3881,33.1541,0.9738,0.9411,0.4175,0.4076,6.43,8.46,-143.04,590.8,684.46,-5.7
2024-08-01,20022,Silverline Personal Care,1408.1,1339.5,33.3881,30.234,0.9738,0.9513,0.4175,0.4091,25.11,19.7,-4441.29,1375.5,1088.45,-11.25
2024-10-01,20022,Silverline Personal Care,1357.3,1286.6,33.3881,30.2379,0.9738,0.9479,0.4175,0.4348,32.21,18.92,-4275.77,1321.2,1205.31,22.26
2024-11-01,20022,Silverline Personal Care,2422.9,2298.9,33.3881,29.8675,0.9738,0.9488,0.4175,0.3786,38.36,33.81,-8530.06,2360.8,2073.4,-89.43
2024-12-01,20022,Silverline Personal Care,1302.2,1254.6,33.3881,29.6175,0.9738,0.9635,0.4175,0.3602,15.7,18.45,-4910.08,1288.4,460.76,-71.89
2025-01-01,20022,Silverline Personal Care,1255.3,1194.0,33.3881,30.8169,0.9738,0.9511,0.4175,0.4505,15.16,17.56,-3227.63,1226.1,974.93,39.4
2025-03-01,20022,Silverline Personal Care,522.0,518.9,33.3881,30.0209,0.9738,0.9942,0.4175,0.4356,6.3,7.63,-1757.68,532.9,-363.93,9.39
2025-05-01,20022,Silverline Personal Care,2416.7,2337.8,33.3881,30.2015,0.9738,0.9674,0.4175,0.4554,30.57,34.38,-7701.06,2400.7,534.21,88.6
2025-06-01,20022,Silverline Personal Care,1326.3,1299.2,33.3881,29.6885,0.9738,0.9796,0.4175,0.4551,32.09,19.11,-4906.78,1334.2,-263.77,48.85
2025-07-01,20022,Silverline Personal Care,468.8,453.9,28.6338,28.2981,0.9738,0.9683,0.4175,0.4288,7.98,6.68,-157.38,466.1,77.31,5.13
2025-08-01,20022,Silverline Personal Care,900.5,873.1,28.6338,28.8508,0.9738,0.9696,0.4175,0.3545,15.7,12.84,195.41,896.6,111.67,-55.01
2025-09-01,20022,Silverline Personal Care,961.5,941.8,28.6338,31.2867,0.9738,0.9795,0.4175,0.3923,22.0,13.85,2550.76,967.1,-160.35,-23.73
2025-10-01,20022,Silverline Personal Care,540.2,528.9,28.6338,31.6082,0.9738,0.9791,0.4175,0.4417,7.43,7.78,1606.77,543.1,-83.04,12.8
2025-11-01,20022,Silverline Personal Care,1557.1,1503.7,28.6338,30.8496,0.9738,0.9657,0.4175,0.4043,38.78,22.11,3450.22,1544.2,369.38,-19.85
2025-12-01,20022,Silverline Personal Care,776.9,736.3,28.6338,32.8162,0.9738,0.9477,0.4175,0.4468,9.77,10.83,3249.31,756.1,595.58,21.57
2026-01-01,20022,Silverline Personal Care,889.0,856.0,28.6338,34.9675,0.9738,0.9629,0.4175,0.3989,12.1,12.59,5630.66,879.0,286.34,-15.92
2026-02-01,20022,Silverline Personal Care,2544.4,2521.3,28.6338,36.2214,0.9738,0.9909,0.4175,0.4008,57.34,37.08,19305.89,2589.1,-1279.93,-42.11
2026-05-01,20022,Silverline Personal Care,1493.3,1383.7,28.6338,35.7048,0.9738,0.9266,0.4175,0.4726,19.89,20.35,10559.12,1420.9,2073.09,76.24
2026-06-01,20022,Silverline Personal Care,487.9,483.8,28.6338,35.3542,0.9738,0.9917,0.4175,0.4072,6.29,7.12,3278.88,496.8,-254.84,-4.98
2023-07-01,20023,Harlow Textile Group,466.8,427.6,15.4025,15.3956,0.9336,0.916,0.1147,0.111,5.14,6.29,-3.22,458.0,135.54,-1.58
2023-08-01,20023,Harlow Textile Group,1482.0,1363.7,15.4025,16.4864,0.9336,0.9202,0.1147,0.125,19.84,20.05,1606.34,1460.7,328.07,14.05
2023-11-01,20023,Harlow Textile Group,175.7,166.9,15.4025,16.5782,0.9336,0.9498,0.1147,0.1156,2.15,2.45,206.57,178.8,-47.75,0.15
2024-01-01,20023,Harlow Textile Group,484.5,455.7,15.4025,16.607,0.9336,0.9405,0.1147,0.098,10.95,6.7,583.58,488.1,-55.45,-7.61
2024-02-01,20023,Harlow Textile Group,415.7,394.5,15.4025,16.5469,0.9336,0.949,0.1147,0.104,7.86,5.8,475.73,422.6,-106.28,-4.22
2024-03-01,20023,Harlow Textile Group,341.8,326.0,15.4025,16.897,0.9336,0.954,0.1147,0.1246,5.98,4.79,510.82,349.2,-113.98,3.23
2024-05-01,20023,Harlow Textile Group,758.6,688.4,15.4025,19.1344,0.9336,0.9075,0.1147,0.0906,7.58,10.12,2831.02,737.4,326.53,-16.59
2024-09-01,20023,Harlow Textile Group,250.4,239.3,19.8354,19.5058,0.9336,0.9558,0.1147,0.1248,2.64,3.52,-82.53,256.3,-117.03,2.42
2024-10-01,20023,Harlow Textile Group,266.0,244.5,19.8354,18.2522,0.9336,0.9193,0.1147,0.1122,5.32,3.6,-421.13,261.9,81.33,-0.61
2024-12-01,20023,Harlow Textile Group,300.7,290.2,19.8354,18.703,0.9336,0.9652,0.1147,0.1232,4.16,4.27,-340.51,310.8,-200.34,2.47
2025-01-01,20023,Harlow Textile Group,820.6,801.6,19.8354,20.442,0.9336,0.9768,0.1147,0.1172,11.24,11.79,497.78,858.6,-753.75,2.0
2025-02-01,20023,Harlow Textile Group,270.5,263.9,19.8354,20.9128,0.9336,0.9755,0.1147,0.1106,4.16,3.88,291.44,282.7,-241.99,-1.08
2025-03-01,20023,Harlow Textile Group,601.0,554.1,19.8354,21.7914,0.9336,0.9219,0.1147,0.1258,14.25,8.15,1175.56,593.5,148.77,6.15
2025-04-01,20023,Harlow Textile Group,316.5,304.4,19.8354,21.8072,0.9336,0.9617,0.1147,0.1104,6.15,4.48,624.07,326.0,-188.44,-1.31
2025-05-01,20023,Harlow Textile Group,329.6,315.4,19.8354,21.7196,0.9336,0.9568,0.1147,0.1168,6.62,4.64,621.03,337.8,-162.65,0.66
2025-06-01,20023,Harlow Textile Group,379.8,358.7,19.8354,20.6113,0.9336,0.9445,0.1147,0.117,5.49,5.27,294.69,384.2,-87.28,0.83
2025-07-01,20023,Harlow Textile Group,1376.2,1269.8,19.3723,19.3609,0.9336,0.9227,0.1147,0.1033,15.28,18.67,-15.69,1360.1,311.89,-14.48
2025-08-01,20023,Harlow Textile Group,1090.5,1040.0,19.3723,19.0916,0.9336,0.9537,0.1147,0.1149,11.35,15.29,-306.1,1114.0,-455.25,0.21
2025-09-01,20023,Harlow Textile Group,547.7,513.1,19.3723,18.7927,0.9336,0.9369,0.1147,0.1234,6.04,7.55,-317.45,549.6,-36.81,4.46
2025-10-01,20023,Harlow Textile Group,659.9,641.6,19.3723,18.3299,0.9336,0.9723,0.1147,0.1199,8.48,9.44,-687.88,687.2,-528.86,3.34
2025-11-01,20023,Harlow Textile Group,607.4,541.7,19.3723,17.9298,0.9336,0.8917,0.1147,0.1211,6.51,7.97,-876.17,580.2,526.93,3.47
2025-12-01,20023,Harlow Textile Group,850.6,798.4,19.3723,18.463,0.9336,0.9386,0.1147,0.1158,8.71,11.74,-773.45,855.2,-89.11,0.88
2026-01-01,20023,Harlow Textile Group,1137.1,1080.9,19.3723,18.4713,0.9336,0.9506,0.1147,0.1128,12.92,15.9,-1024.53,1157.8,-401.01,-2.05
2026-02-01,20023,Harlow Textile Group,612.0,578.1,19.3723,18.3171,0.9336,0.9445,0.1147,0.1037,12.39,8.5,-645.78,619.2,-139.48,-6.36
2026-04-01,20023,Harlow Textile Group,1480.7,1402.4,19.3723,18.9536,0.9336,0.9471,0.1147,0.1144,30.6,20.62,-619.97,1502.1,-414.57,-0.42
2026-06-01,20023,Harlow Textile Group,1019.4,930.7,19.3723,18.6778,0.9336,0.913,0.1147,0.1086,10.37,13.69,-707.97,996.9,435.88,-5.68
2023-08-01,20024,Ashworth Tools & Hardware,873.6,828.6,26.351,26.594,0.9255,0.9485,0.4477,0.5136,11.57,12.19,212.28,895.3,-571.82,54.6
2023-09-01,20024,Ashworth Tools & Hardware,1641.2,1495.3,26.351,25.7869,0.9255,0.9111,0.4477,0.4446,19.63,21.99,-925.8,1615.7,671.95,-4.64
2023-10-01,20024,Ashworth Tools & Hardware,738.2,689.1,26.351,25.3843,0.9255,0.9335,0.4477,0.4485,16.69,10.13,-713.62,744.6,-168.65,0.55
2023-11-01,20024,Ashworth Tools & Hardware,1740.8,1620.5,26.351,26.0933,0.9255,0.9309,0.4477,0.4799,19.23,23.83,-448.6,1750.9,-266.15,52.18
2023-12-01,20024,Ashworth Tools & Hardware,1132.5,1041.2,26.351,28.0466,0.9255,0.9194,0.4477,0.5354,16.78,15.31,1920.27,1125.0,197.63,91.31
2024-01-01,20024,Ashworth Tools & Hardware,1006.6,888.4,26.351,28.5203,0.9255,0.8826,0.4477,0.4823,14.11,13.07,2183.62,959.9,1230.59,30.74
2024-02-01,20024,Ashworth Tools & Hardware,1431.6,1307.6,26.351,27.4066,0.9255,0.9134,0.4477,0.4997,14.88,19.23,1511.2,1412.9,492.76,68.0
2024-03-01,20024,Ashworth Tools & Hardware,1206.5,1144.8,26.351,26.9578,0.9255,0.9489,0.4477,0.406,29.95,16.84,732.1,1237.0,-803.71,-47.74
2024-05-01,20024,Ashworth Tools & Hardware,1339.4,1244.7,26.351,25.6133,0.9255,0.9293,0.4477,0.5102,15.24,18.3,-988.08,1344.9,-144.93,77.79
2024-07-01,20024,Ashworth Tools & Hardware,2503.4,2375.3,22.7867,22.7629,0.9255,0.9488,0.4477,0.5031,26.93,34.93,-59.58,2566.5,-1437.84,131.59
2024-08-01,20024,Ashworth Tools & Hardware,1345.5,1284.8,22.7867,21.1843,0.9255,0.9549,0.4477,0.4863,32.57,18.89,-2156.03,1388.2,-972.99,49.59
2024-09-01,20024,Ashworth Tools & Hardware,455.6,411.2,22.7867,19.9294,0.9255,0.9024,0.4477,0.5635,5.2,6.05,-1301.79,444.3,257.49,47.62
2024-10-01,20024,Ashworth Tools & Hardware,2870.9,2702.4,22.7867,19.7777,0.9255,0.9413,0.4477,0.4018,35.27,39.74,-8638.54,2919.9,-1116.55,-124.04
2024-11-01,20024,Ashworth Tools & Hardware,1334.3,1211.0,22.7867,19.6643,0.9255,0.9076,0.4477,0.4739,22.87,17.81,-4166.22,1308.5,587.9,31.73
2024-12-01,20024,Ashworth Tools & Hardware,1448.1,1354.4,22.7867,19.9545,0.9255,0.9353,0.4477,0.4523,15.34,19.92,-4101.31,1463.4,-348.64,6.23
2025-01-01,20024,Ashworth Tools & Hardware,1968.0,1861.3,22.7867,20.1521,0.9255,0.9458,0.4477,0.4274,42.56,27.37,-5184.89,2011.1,-982.11,-37.78
2025-02-01,20024,Ashworth Tools & Hardware,962.4,925.5,22.7867,19.4511,0.9255,0.9616,0.4477,0.4251,22.04,13.61,-3210.18,1000.0,-856.78,-20.92
2025-04-01,20024,Ashworth Tools & Hardware,553.7,515.2,22.7867,20.719,0.9255,0.9305,0.4477,0.516,6.14,7.58,-1144.89,556.7,-68.36,35.19
2025-05-01,20024,Ashworth Tools & Hardware,1086.5,963.8,22.7867,21.6069,0.9255,0.887,0.4477,0.4705,12.58,14.17,-1281.85,1041.4,1027.68,21.97
2025-08-01,20024,Ashworth Tools & Hardware,534.8,501.3,22.1699,23.1703,0.9255,0.9374,0.4477,0.4742,10.39,7.37,535.01,541.7,-152.97,13.28
2025-11-01,20024,Ashworth Tools & Hardware,1135.0,1000.6,22.1699,25.0859,0.9255,0.8815,0.4477,0.4314,11.12,14.71,3309.66,1081.1,1194.96,-16.31
2025-12-01,20024,Ashworth Tools & Hardware,2871.8,2640.9,22.1699,25.4953,0.9255,0.9196,0.4477,0.4803,51.98,38.84,9549.88,2853.5,405.71,86.09
2026-01-01,20024,Ashworth Tools & Hardware,235.0,211.5,22.1699,27.1716,0.9255,0.9003,0.4477,0.3588,2.49,3.11,1175.4,228.5,144.1,-18.8
2026-02-01,20024,Ashworth Tools & Hardware,904.4,857.0,22.1699,27.3261,0.9255,0.9476,0.4477,0.3876,9.87,12.6,4663.27,926.0,-478.87,-51.51
2026-04-01,20024,Ashworth Tools & Hardware,2595.5,2563.3,22.1699,25.4388,0.9255,0.9876,0.4477,0.4027,55.69,37.7,8484.43,2769.6,-3859.78,-115.35
2026-05-01,20024,Ashworth Tools & Hardware,1384.7,1334.0,22.1699,24.605,0.9255,0.9634,0.4477,0.4356,19.86,19.62,3371.88,1441.4,-1257.03,-16.14
2026-06-01,20024,Ashworth Tools & Hardware,845.7,841.4,22.1699,23.6425,0.9255,0.995,0.4477,0.4934,12.46,12.37,1245.38,909.1,-1405.57,38.45
2023-07-01,20025,Shenzhen Kaiyuan Electronics,1354.6,1347.8,31.2142,31.1378,0.995,0.995,0.4436,0.4547,18.29,19.82,-103.49,1354.6,0.0,14.96
2023-08-01,20025,Shenzhen Kaiyuan Electronics,1776.9,1768.0,31.2142,30.512,0.995,0.995,0.4436,0.3547,43.25,26.0,-1247.74,1776.9,0.0,-157.18
2023-09-01,20025,Shenzhen Kaiyuan Electronics,1837.9,1786.9,31.2142,28.8319,0.995,0.9723,0.4436,0.4911,35.66,26.28,-4378.43,1795.9,1311.0,84.88
2023-10-01,20025,Shenzhen Kaiyuan Electronics,1289.9,1252.0,31.2142,28.3727,0.995,0.9706,0.4436,0.44,24.33,18.41,-3665.25,1258.3,986.37,-4.51
2023-11-01,20025,Shenzhen Kaiyuan Electronics,491.3,479.0,31.2142,29.0106,0.995,0.9748,0.4436,0.4833,8.82,7.04,-1082.63,481.4,309.02,19.02
2023-12-01,20025,Shenzhen Kaiyuan Electronics,480.0,471.4,31.2142,29.2631,0.995,0.9821,0.4436,0.486,6.91,6.93,-936.53,473.8,193.53,19.99
2024-03-01,20025,Shenzhen Kaiyuan Electronics,832.3,828.0,31.2142,32.961,0.995,0.9948,0.4436,0.5194,9.61,12.18,1453.86,832.2,3.12,62.76
2024-04-01,20025,Shenzhen Kaiyuan Electronics,1908.5,1898.9,31.2142,33.187,0.995,0.995,0.4436,0.4238,33.05,27.93,3765.09,1908.4,3.12,-37.6
2024-05-01,20025,Shenzhen Kaiyuan Electronics,1167.7,1146.9,31.2142,32.7497,0.995,0.9821,0.4436,0.5127,12.05,16.87,1793.0,1152.7,468.21,79.25
2024-06-01,20025,Shenzhen Kaiyuan Electronics,216.7,213.8,31.2142,31.871,0.995,0.9865,0.4436,0.46,3.81,3.14,142.33,214.9,56.19,3.51
2024-07-01,20025,Shenzhen Kaiyuan Electronics,1309.7,1303.1,32.9387,32.4618,0.995,0.995,0.4436,0.4455,16.88,19.16,-624.6,1309.6,3.29,2.48
2024-08-01,20025,Shenzhen Kaiyuan Electronics,1591.6,1583.6,32.9387,34.273,0.995,0.995,0.4436,0.4568,24.62,23.29,2123.67,1591.6,0.0,20.9
2024-09-01,20025,Shenzhen Kaiyuan Electronics,966.4,961.5,32.9387,33.6377,0.995,0.995,0.4436,0.442,14.04,14.14,675.51,966.3,3.29,-1.54
2024-11-01,20025,Shenzhen Kaiyuan Electronics,1110.7,1105.2,32.9387,32.2354,0.995,0.995,0.4436,0.4092,12.76,16.25,-781.16,1110.8,-3.29,-38.02
2024-12-01,20025,Shenzhen Kaiyuan Electronics,1255.6,1249.3,32.9387,30.3362,0.995,0.995,0.4436,0.4265,13.9,18.37,-3267.7,1255.6,0.0,-21.36
2025-02-01,20025,Shenzhen Kaiyuan Electronics,987.0,974.7,32.9387,29.1589,0.995,0.9875,0.4436,0.4302,20.1,14.33,-3730.66,979.6,243.75,-13.06
2025-04-01,20025,Shenzhen Kaiyuan Electronics,1529.9,1522.3,32.9387,29.561,0.995,0.995,0.4436,0.4942,34.16,22.39,-5167.54,1529.9,0.0,77.03
2025-05-01,20025,Shenzhen Kaiyuan Electronics,899.2,894.7,32.9387,30.5596,0.995,0.995,0.4436,0.461,17.19,13.16,-2139.29,899.2,0.0,15.57
2025-06-01,20025,Shenzhen Kaiyuan Electronics,376.1,373.9,32.9387,31.0325,0.995,0.9942,0.4436,0.4455,6.45,5.5,-716.92,375.8,9.88,0.71
2025-07-01,20025,Shenzhen Kaiyuan Electronics,1299.2,1292.7,28.8051,28.6913,0.995,0.995,0.4436,0.4568,18.27,19.01,-147.85,1299.2,0.0,17.06
2025-08-01,20025,Shenzhen Kaiyuan Electronics,1273.4,1233.4,28.8051,27.2237,0.995,0.9686,0.4436,0.5185,16.94,18.14,-2013.75,1239.6,973.61,92.38
2025-09-01,20025,Shenzhen Kaiyuan Electronics,384.5,365.6,28.8051,24.5144,0.995,0.9507,0.4436,0.4734,4.81,5.38,-1649.77,367.4,492.57,10.89
2025-10-01,20025,Shenzhen Kaiyuan Electronics,817.8,813.7,28.8051,24.6366,0.995,0.995,0.4436,0.5609,9.73,11.97,-3409.0,817.8,0.0,95.45
2025-11-01,20025,Shenzhen Kaiyuan Electronics,789.3,776.6,28.8051,24.5145,0.995,0.9839,0.4436,0.4229,11.72,11.42,-3386.57,780.5,253.48,-16.08
2026-01-01,20025,Shenzhen Kaiyuan Electronics,799.3,779.1,28.8051,26.1874,0.995,0.9748,0.4436,0.4154,8.41,11.46,-2092.33,783.0,469.52,-21.97
2026-02-01,20025,Shenzhen Kaiyuan Electronics,688.9,685.5,28.8051,25.9905,0.995,0.995,0.4436,0.4535,10.65,10.08,-1938.98,688.9,0.0,6.79
2026-03-01,20025,Shenzhen Kaiyuan Electronics,1307.1,1277.2,28.8051,26.0524,0.995,0.9771,0.4436,0.4368,23.14,18.78,-3598.05,1283.6,676.92,-8.68
2026-04-01,20025,Shenzhen Kaiyuan Electronics,1223.2,1209.1,28.8051,26.9335,0.995,0.9884,0.4436,0.4247,30.16,17.78,-2289.34,1215.2,230.44,-22.85
2026-05-01,20025,Shenzhen Kaiyuan Electronics,613.9,603.4,28.8051,27.0825,0.995,0.9829,0.4436,0.4194,7.54,8.87,-1057.5,606.4,216.04,-14.6
2023-07-01,20026,Ashworth Tools & Hardware,155.8,136.8,24.3194,24.5875,0.879,0.8779,0.4792,0.5668,2.76,2.01,41.77,155.6,4.86,11.98
2023-08-01,20026,Ashworth Tools & Hardware,89.7,76.0,24.3194,24.7499,0.879,0.8472,0.4792,0.4316,0.87,1.12,38.62,86.5,77.82,-3.62
2023-09-01,20026,Ashworth Tools & Hardware,127.9,110.9,24.3194,24.4194,0.879,0.8668,0.4792,0.442,1.27,1.63,12.79,126.2,41.34,-4.13
2023-10-01,20026,Ashworth Tools & Hardware,179.7,156.7,24.3194,24.5293,0.879,0.8719,0.4792,0.4193,1.64,2.3,37.72,178.3,34.05,-9.39
2023-12-01,20026,Ashworth Tools & Hardware,211.7,183.7,24.3194,25.9567,0.879,0.8675,0.4792,0.5135,2.05,2.7,346.62,209.0,65.66,6.3
2024-02-01,20026,Ashworth Tools & Hardware,144.2,126.0,24.3194,25.3382,0.879,0.8741,0.4792,0.5016,2.61,1.85,146.91,143.3,21.89,2.82
2024-03-01,20026,Ashworth Tools & Hardware,74.1,65.7,24.3194,24.6092,0.879,0.8864,0.4792,0.5071,0.89,0.97,21.47,74.7,-14.59,1.83
2024-04-01,20026,Ashworth Tools & Hardware,182.7,164.8,24.3194,24.2353,0.879,0.9021,0.4792,0.4991,1.82,2.42,-15.37,187.5,-116.73,3.28
2024-05-01,20026,Ashworth Tools & Hardware,179.3,162.6,24.3194,22.6257,0.879,0.9073,0.4792,0.5113,2.27,2.39,-303.68,185.0,-138.62,5.22
2024-07-01,20026,Ashworth Tools & Hardware,154.9,138.5,22.704,22.6718,0.879,0.8941,0.4792,0.5036,1.67,2.04,-4.99,157.6,-61.3,3.38
2024-09-01,20026,Ashworth Tools & Hardware,119.2,104.7,22.704,21.1049,0.879,0.8782,0.4792,0.5171,1.36,1.54,-190.61,119.1,2.27,3.97
2024-10-01,20026,Ashworth Tools & Hardware,147.0,126.8,22.704,21.7502,0.879,0.8621,0.4792,0.4904,3.05,1.86,-140.21,144.3,61.3,1.42
2024-11-01,20026,Ashworth Tools & Hardware,195.9,168.0,22.704,21.9789,0.879,0.8575,0.4792,0.4732,1.94,2.47,-142.05,191.1,108.98,-1.01
2024-12-01,20026,Ashworth Tools & Hardware,150.9,126.2,22.704,21.0476,0.879,0.8365,0.4792,0.4845,1.47,1.86,-249.95,143.6,165.74,0.67
2025-01-01,20026,Ashworth Tools & Hardware,59.3,50.0,22.704,21.1719,0.879,0.843,0.4792,0.4894,0.65,0.74,-90.85,56.9,54.49,0.51
2025-03-01,20026,Ashworth Tools & Hardware,130.6,109.5,22.704,20.958,0.879,0.839,0.4792,0.5077,1.4,1.61,-228.03,124.6,136.22,3.12
2025-05-01,20026,Ashworth Tools & Hardware,67.2,56.9,22.704,21.5494,0.879,0.8465,0.4792,0.5134,0.92,0.84,-77.59,64.7,56.76,1.95
2025-06-01,20026,Ashworth Tools & Hardware,135.9,118.6,22.704,21.8123,0.879,0.873,0.4792,0.5651,2.36,1.74,-121.18,134.9,22.7,10.19
2025-07-01,20026,Ashworth Tools & Hardware,266.3,232.4,20.4601,20.6341,0.879,0.8728,0.4792,0.4512,2.59,3.42,46.34,264.4,38.87,-6.51
2025-09-01,20026,Ashworth Tools & Hardware,133.7,116.6,20.4601,22.5988,0.879,0.872,0.4792,0.5359,1.36,1.71,285.94,132.7,20.46,6.61
2025-10-01,20026,Ashworth Tools & Hardware,205.6,182.7,20.4601,23.0438,0.879,0.8885,0.4792,0.5083,2.76,2.69,531.21,207.8,-45.01,5.32
2025-11-01,20026,Ashworth Tools & Hardware,336.4,293.6,20.4601,22.5311,0.879,0.8726,0.4792,0.4443,5.01,4.32,696.68,334.0,49.1,-10.25
2025-12-01,20026,Ashworth Tools & Hardware,240.3,213.8,20.4601,24.0589,0.879,0.8899,0.4792,0.5229,2.48,3.14,864.79,243.2,-59.33,9.34
2026-01-01,20026,Ashworth Tools & Hardware,235.3,216.9,20.4601,25.8749,0.879,0.9215,0.4792,0.4185,3.33,3.19,1274.1,246.8,-235.29,-13.17
2026-02-01,20026,Ashworth Tools & Hardware,309.1,273.0,20.4601,27.4463,0.879,0.8831,0.4792,0.4152,4.16,4.01,2159.43,310.6,-30.69,-17.47
2026-03-01,20026,Ashworth Tools & Hardware,195.6,169.1,20.4601,28.278,0.879,0.8643,0.4792,0.4294,1.86,2.49,1529.18,192.4,65.47,-8.42
2026-04-01,20026,Ashworth Tools & Hardware,106.3,94.0,20.4601,28.75,0.879,0.8846,0.4792,0.5056,1.05,1.38,881.22,106.9,-12.28,2.48
2026-05-01,20026,Ashworth Tools & Hardware,549.8,473.9,20.4601,27.9961,0.879,0.862,0.4792,0.4448,9.24,6.97,4143.29,539.1,218.92,-16.3
2026-06-01,20026,Ashworth Tools & Hardware,165.4,145.0,20.4601,27.7327,0.879,0.8767,0.4792,0.4574,1.9,2.13,1202.89,165.0,8.18,-3.16
2023-07-01,20027,Ashworth Tools & Hardware,1746.7,1679.8,14.5966,14.5732,0.9561,0.9617,0.4622,0.4767,18.12,24.7,-40.87,1756.9,-148.89,24.36
2023-08-01,20027,Ashworth Tools & Hardware,824.3,783.3,14.5966,15.0874,0.9561,0.9502,0.4622,0.4955,8.89,11.52,404.57,819.3,72.98,26.08
2023-09-01,20027,Ashworth Tools & Hardware,859.7,815.6,14.5966,14.8739,0.9561,0.9488,0.4622,0.4192,11.1,11.99,238.39,853.0,97.8,-35.07
2023-10-01,20027,Ashworth Tools & Hardware,326.5,324.6,14.5966,14.8041,0.9561,0.9942,0.4622,0.4079,7.11,4.77,67.75,339.5,-189.76,-17.63
2023-11-01,20027,Ashworth Tools & Hardware,750.1,726.8,14.5966,14.8782,0.9561,0.9689,0.4622,0.484,15.25,10.69,211.23,760.2,-147.43,15.84
2023-12-01,20027,Ashworth Tools & Hardware,842.1,787.3,14.5966,14.8076,0.9561,0.9349,0.4622,0.4613,9.53,11.58,177.68,823.4,272.96,-0.71
2024-02-01,20027,Ashworth Tools & Hardware,2114.2,2080.8,14.5966,15.391,0.9561,0.9842,0.4622,0.518,36.76,30.6,1679.52,2176.3,-906.45,116.11
2024-03-01,20027,Ashworth Tools & Hardware,1012.3,983.9,14.5966,15.2775,0.9561,0.9719,0.4622,0.4856,11.94,14.47,689.28,1029.1,-245.22,23.02
2024-04-01,20027,Ashworth Tools & Hardware,971.8,935.5,14.5966,16.1977,0.9561,0.9627,0.4622,0.3909,17.91,13.76,1555.95,978.5,-97.8,-66.7
2024-06-01,20027,Ashworth Tools & Hardware,1196.1,1095.1,14.5966,17.1538,0.9561,0.9155,0.4622,0.5091,12.99,16.1,3058.67,1145.4,740.05,51.36
2024-07-01,20027,Ashworth Tools & Hardware,803.3,766.3,17.7835,17.7482,0.9561,0.9539,0.4622,0.4805,15.6,11.27,-28.36,801.5,32.01,14.02
2024-09-01,20027,Ashworth Tools & Hardware,1453.8,1338.3,17.7835,17.2047,0.9561,0.9206,0.4622,0.4765,32.2,19.68,-841.46,1399.7,962.09,19.14
2024-10-01,20027,Ashworth Tools & Hardware,2020.7,1898.8,17.7835,17.9576,0.9561,0.9397,0.4622,0.4434,22.38,27.92,351.8,1986.0,617.09,-35.7
2024-12-01,20027,Ashworth Tools & Hardware,1666.8,1582.5,17.7835,16.2503,0.9561,0.9495,0.4622,0.485,37.71,23.27,-2555.54,1655.2,206.29,36.08
2025-01-01,20027,Ashworth Tools & Hardware,2197.7,2024.5,17.7835,17.4592,0.9561,0.9212,0.4622,0.4825,49.37,29.77,-712.71,2117.5,1426.24,41.1
2025-02-01,20027,Ashworth Tools & Hardware,880.7,836.9,17.7835,17.6333,0.9561,0.9504,0.4622,0.4266,9.42,12.31,-132.28,875.3,96.03,-29.79
2025-03-01,20027,Ashworth Tools & Hardware,2219.2,2160.4,17.7835,19.0209,0.9561,0.9735,0.4622,0.4669,51.08,31.77,2746.04,2259.6,-718.45,10.15
2025-04-01,20027,Ashworth Tools & Hardware,1866.1,1750.4,17.7835,18.7929,0.9561,0.938,0.4622,0.478,42.11,25.74,1883.64,1830.8,627.76,27.66
2025-05-01,20027,Ashworth Tools & Hardware,1114.6,1057.2,17.7835,20.3172,0.9561,0.9485,0.4622,0.5219,16.57,15.55,2824.06,1105.7,158.27,63.11
2025-06-01,20027,Ashworth Tools & Hardware,790.7,719.3,17.7835,20.6284,0.9561,0.9097,0.4622,0.4805,8.19,10.58,2249.46,752.3,682.89,13.16
2025-07-01,20027,Ashworth Tools & Hardware,2480.0,2457.0,21.355,21.608,0.9561,0.9907,0.4622,0.4547,30.72,36.13,627.44,2569.8,-1917.68,-18.43
2025-08-01,20027,Ashworth Tools & Hardware,1263.3,1153.8,21.355,21.2299,0.9561,0.9134,0.4622,0.5029,23.03,16.97,-158.04,1206.8,1206.56,46.96
2025-09-01,20027,Ashworth Tools & Hardware,1644.2,1557.7,21.355,20.7117,0.9561,0.9474,0.4622,0.5144,19.45,22.91,-1057.71,1629.2,320.32,81.31
2025-10-01,20027,Ashworth Tools & Hardware,1136.3,1090.9,21.355,19.9642,0.9561,0.96,0.4622,0.4518,12.68,16.04,-1580.37,1141.0,-100.37,-11.35
2025-11-01,20027,Ashworth Tools & Hardware,857.9,806.5,21.355,19.458,0.9561,0.9401,0.4622,0.4416,8.42,11.86,-1627.44,843.5,307.51,-16.61
2026-02-01,20027,Ashworth Tools & Hardware,1654.0,1607.0,21.355,20.887,0.9561,0.9716,0.4622,0.4608,41.55,23.63,-774.07,1680.8,-572.31,-2.25
2026-03-01,20027,Ashworth Tools & Hardware,1585.2,1521.7,21.355,21.3321,0.9561,0.96,0.4622,0.4462,24.39,22.38,-36.3,1591.6,-136.67,-24.35
2026-04-01,20027,Ashworth Tools & Hardware,1982.0,1828.1,21.355,21.946,0.9561,0.9224,0.4622,0.462,27.74,26.88,1171.36,1912.0,1494.85,-0.37
2026-05-01,20027,Ashworth Tools & Hardware,1592.5,1555.4,21.355,22.409,0.9561,0.9767,0.4622,0.4815,21.75,22.87,1678.49,1626.8,-732.48,30.02
2026-06-01,20027,Ashworth Tools & Hardware,1340.1,1228.4,21.355,22.8577,0.9561,0.9166,0.4622,0.4834,17.25,18.06,2013.77,1284.8,1180.93,26.04
2023-08-01,20028,Silverline Personal Care,1132.5,1066.7,18.5579,19.5338,0.9724,0.9419,0.6108,0.5566,18.15,15.69,1105.21,1097.0,658.81,-57.82
2023-10-01,20028,Silverline Personal Care,2596.0,2522.6,18.5579,19.9845,0.9724,0.9717,0.6108,0.5931,36.39,37.1,3703.45,2594.2,33.4,-44.65
2023-11-01,20028,Silverline Personal Care,1268.9,1210.5,18.5579,20.5088,0.9724,0.9539,0.6108,0.5486,27.55,17.8,2475.5,1244.9,445.39,-75.29
2023-12-01,20028,Silverline Personal Care,2829.6,2633.2,18.5579,20.1614,0.9724,0.9306,0.6108,0.617,36.1,38.72,4537.26,2707.9,2258.5,16.33
2024-02-01,20028,Silverline Personal Care,1372.6,1310.7,18.5579,20.3776,0.9724,0.9549,0.6108,0.59,30.8,19.28,2497.72,1347.9,458.38,-27.26
2024-03-01,20028,Silverline Personal Care,2407.1,2314.7,18.5579,20.1006,0.9724,0.9616,0.6108,0.574,33.27,34.04,3713.43,2380.4,495.5,-85.18
2024-04-01,20028,Silverline Personal Care,1883.1,1764.5,18.5579,21.4761,0.9724,0.937,0.6108,0.6554,25.89,25.95,5495.26,1814.6,1271.22,78.7
2024-05-01,20028,Silverline Personal Care,4868.6,4464.6,18.5579,22.2496,0.9724,0.917,0.6108,0.6452,85.94,65.66,17973.41,4591.3,5146.11,153.58
2024-06-01,20028,Silverline Personal Care,2797.2,2632.6,18.5579,22.7134,0.9724,0.9412,0.6108,0.5869,65.93,38.71,11623.76,2707.3,1668.36,-62.92
2024-08-01,20028,Silverline Personal Care,2468.9,2389.7,23.2665,22.46,0.9724,0.9679,0.6108,0.514,30.34,35.14,-1991.17,2457.5,265.24,-231.32
2024-10-01,20028,Silverline Personal Care,354.0,342.7,23.2665,21.1854,0.9724,0.9681,0.6108,0.6298,4.83,5.04,-736.71,352.4,37.23,6.51
2024-12-01,20028,Silverline Personal Care,1430.2,1423.0,23.2665,21.2617,0.9724,0.995,0.6108,0.5869,15.87,20.93,-2867.26,1463.4,-772.45,-34.01
2025-01-01,20028,Silverline Personal Care,1479.8,1472.4,23.2665,21.8975,0.9724,0.995,0.6108,0.6472,19.76,21.65,-2025.85,1514.2,-800.37,53.6
2025-02-01,20028,Silverline Personal Care,1517.1,1509.5,23.2665,22.35,0.9724,0.995,0.6108,0.6226,16.01,22.2,-1390.42,1552.3,-818.98,17.81
2025-03-01,20028,Silverline Personal Care,1683.4,1674.9,23.2665,21.9294,0.9724,0.995,0.6108,0.6174,17.96,24.63,-2250.87,1722.4,-907.39,11.05
2025-04-01,20028,Silverline Personal Care,1982.4,1950.6,23.2665,21.3801,0.9724,0.984,0.6108,0.6211,28.29,28.69,-3739.6,2006.0,-549.09,20.09
2025-05-01,20028,Silverline Personal Care,4166.6,4145.7,23.2665,21.2571,0.9724,0.995,0.6108,0.6012,90.9,60.97,-8372.37,4263.4,-2252.2,-39.8
2025-06-01,20028,Silverline Personal Care,4174.6,4050.9,23.2665,20.2436,0.9724,0.9704,0.6108,0.6111,84.12,59.57,-12619.4,4165.9,202.42,1.22
2025-07-01,20028,Silverline Personal Care,1439.4,1416.3,19.8853,19.8108,0.9724,0.984,0.6108,0.7775,16.47,20.83,-107.24,1456.5,-340.04,236.1
2025-08-01,20028,Silverline Personal Care,2093.9,2083.4,19.8853,18.8087,0.9724,0.995,0.6108,0.6084,31.28,30.64,-2254.29,2142.5,-966.43,-5.0
2025-09-01,20028,Silverline Personal Care,4145.6,4088.4,19.8853,19.0939,0.9724,0.9862,0.6108,0.6237,95.64,60.12,-3280.83,4204.4,-1169.26,52.74
2025-10-01,20028,Silverline Personal Care,1471.3,1447.9,19.8853,18.8041,0.9724,0.9841,0.6108,0.6483,19.48,21.29,-1590.77,1489.0,-351.97,54.3
2025-11-01,20028,Silverline Personal Care,1456.4,1437.8,19.8853,19.0303,0.9724,0.9873,0.6108,0.541,19.65,21.14,-1245.22,1478.6,-441.45,-100.36
2025-12-01,20028,Silverline Personal Care,1152.6,1101.2,19.8853,19.4648,0.9724,0.9554,0.6108,0.68,12.43,16.19,-484.67,1132.5,399.69,76.2
2026-01-01,20028,Silverline Personal Care,3953.2,3806.0,19.8853,19.5733,0.9724,0.9628,0.6108,0.6717,41.41,55.97,-1233.4,3914.0,779.5,231.79
2026-03-01,20028,Silverline Personal Care,3430.9,3413.8,19.8853,19.1639,0.9724,0.995,0.6108,0.5795,53.32,50.2,-2475.05,3510.7,-1586.85,-106.85
2026-04-01,20028,Silverline Personal Care,4390.9,4197.5,19.8853,18.8782,0.9724,0.956,0.6108,0.767,47.76,61.73,-4422.08,4316.6,1477.48,655.65
2026-05-01,20028,Silverline Personal Care,1628.9,1619.1,19.8853,17.8541,0.9724,0.994,0.6108,0.5618,19.06,23.81,-3308.62,1665.1,-719.85,-79.34
2023-07-01,20029,Ashworth Tools & Hardware,595.2,576.1,15.2919,15.1378,0.9542,0.9679,0.3985,0.3521,11.76,8.47,-91.72,603.8,-131.51,-26.73
2023-08-01,20029,Ashworth Tools & Hardware,265.7,255.2,15.2919,15.0475,0.9542,0.9606,0.3985,0.4225,5.15,3.75,-64.94,267.4,-26.0,6.12
2023-10-01,20029,Ashworth Tools & Hardware,441.0,424.8,15.2919,15.311,0.9542,0.9632,0.3985,0.3876,8.76,6.25,8.42,445.2,-64.23,-4.63
2023-11-01,20029,Ashworth Tools & Hardware,465.5,453.7,15.2919,15.9762,0.9542,0.9748,0.3985,0.3378,11.9,6.67,318.54,475.5,-152.92,-27.54
2023-12-01,20029,Ashworth Tools & Hardware,388.7,366.1,15.2919,17.0148,0.9542,0.9418,0.3985,0.4047,5.52,5.38,669.69,383.7,76.46,2.27
2024-01-01,20029,Ashworth Tools & Hardware,454.4,432.3,15.2919,17.5013,0.9542,0.9513,0.3985,0.4242,7.19,6.36,1003.95,453.0,21.41,11.11
2024-02-01,20029,Ashworth Tools & Hardware,1002.9,933.4,15.2919,16.3764,0.9542,0.9306,0.3985,0.4524,12.85,13.73,1087.65,978.2,377.71,50.31
2024-04-01,20029,Ashworth Tools & Hardware,152.5,137.4,15.2919,15.2331,0.9542,0.901,0.3985,0.3947,2.28,2.02,-8.97,144.0,129.98,-0.52
2024-05-01,20029,Ashworth Tools & Hardware,171.2,159.0,15.2919,14.6192,0.9542,0.9286,0.3985,0.5191,2.07,2.34,-115.17,166.6,70.34,19.18
2024-06-01,20029,Ashworth Tools & Hardware,380.5,346.1,15.2919,13.382,0.9542,0.9097,0.3985,0.4381,3.99,5.09,-726.72,362.7,272.2,13.71
2024-07-01,20029,Ashworth Tools & Hardware,287.1,264.9,12.9413,13.0737,0.9542,0.9227,0.3985,0.3515,2.88,3.9,38.01,277.6,122.94,-12.45
2024-08-01,20029,Ashworth Tools & Hardware,425.0,398.0,12.9413,12.4187,0.9542,0.9364,0.3985,0.4118,6.62,5.85,-222.11,417.1,102.24,5.29
2024-10-01,20029,Ashworth Tools & Hardware,217.2,201.1,12.9413,11.0756,0.9542,0.9257,0.3985,0.3916,2.28,2.96,-405.23,210.8,82.82,-1.39
2025-01-01,20029,Ashworth Tools & Hardware,487.9,455.1,12.9413,10.3459,0.9542,0.9328,0.3985,0.3885,6.61,6.69,-1266.3,476.9,142.35,-4.55
2025-02-01,20029,Ashworth Tools & Hardware,373.2,356.4,12.9413,9.8293,0.9542,0.9551,0.3985,0.3715,7.61,5.24,-1161.4,373.5,-3.88,-9.62
2025-03-01,20029,Ashworth Tools & Hardware,345.3,337.2,12.9413,9.9874,0.9542,0.9765,0.3985,0.4451,7.26,4.96,-1019.98,353.4,-104.82,15.71
2025-05-01,20029,Ashworth Tools & Hardware,387.4,374.0,12.9413,9.785,0.9542,0.9655,0.3985,0.4321,5.38,5.5,-1222.75,392.0,-59.53,12.57
2025-06-01,20029,Ashworth Tools & Hardware,147.1,143.7,12.9413,9.8515,0.9542,0.9765,0.3985,0.4032,1.58,2.11,-454.51,150.6,-45.29,0.68
2025-09-01,20029,Ashworth Tools & Hardware,560.1,533.1,9.1795,10.111,0.9542,0.9518,0.3985,0.3893,6.71,7.84,521.73,558.7,12.85,-4.9
2025-12-01,20029,Ashworth Tools & Hardware,472.9,458.2,9.1795,10.2142,0.9542,0.9689,0.3985,0.3978,7.34,6.74,489.31,480.2,-67.01,-0.32
2026-02-01,20029,Ashworth Tools & Hardware,373.1,358.1,9.1795,11.3662,0.9542,0.9599,0.3985,0.3561,3.79,5.27,815.86,375.3,-20.19,-15.18
2026-03-01,20029,Ashworth Tools & Hardware,1522.3,1440.3,9.1795,11.4825,0.9542,0.9461,0.3985,0.4148,30.43,21.18,3505.86,1509.4,118.42,23.48
2026-04-01,20029,Ashworth Tools & Hardware,661.9,647.4,9.1795,10.9201,0.9542,0.9782,0.3985,0.3725,7.69,9.52,1152.1,678.5,-152.38,-16.83
2026-05-01,20029,Ashworth Tools & Hardware,305.0,298.4,9.1795,11.0631,0.9542,0.9784,0.3985,0.4206,3.45,4.39,574.5,312.7,-70.68,6.59
2026-06-01,20029,Ashworth Tools & Hardware,991.0,931.6,9.1795,11.0425,0.9542,0.94,0.3985,0.3591,13.55,13.7,1846.23,976.3,134.94,-36.71
2023-08-01,20030,Harlow Textile Group,2365.3,2347.8,8.7004,8.6315,0.995,0.9926,0.1909,0.2073,35.02,34.53,-162.97,2359.6,49.59,38.5
2023-09-01,20030,Harlow Textile Group,1857.4,1848.1,8.7004,8.2198,0.995,0.995,0.1909,0.2186,41.2,27.18,-892.67,1857.4,0.0,51.19
2023-10-01,20030,Harlow Textile Group,968.2,941.4,8.7004,7.7033,0.995,0.9724,0.1909,0.2077,10.3,13.84,-965.39,946.1,192.28,15.82
2023-12-01,20030,Harlow Textile Group,1823.8,1697.0,8.7004,7.5104,0.995,0.9305,0.1909,0.2003,36.49,24.96,-2170.32,1705.5,1029.26,15.95
2024-01-01,20030,Harlow Textile Group,1516.7,1470.0,8.7004,7.5078,0.995,0.9692,0.1909,0.2133,24.41,21.62,-1808.82,1477.4,341.93,32.93
2024-02-01,20030,Harlow Textile Group,2490.8,2469.3,8.7004,7.5676,0.995,0.9913,0.1909,0.1889,25.95,36.31,-2821.58,2481.7,79.17,-4.94
2024-03-01,20030,Harlow Textile Group,2992.5,2966.9,8.7004,7.6977,0.995,0.9914,0.1909,0.1585,42.19,43.63,-3000.58,2981.8,93.09,-96.13
2024-04-01,20030,Harlow Textile Group,3083.4,3016.3,8.7004,8.6287,0.995,0.9782,0.1909,0.1774,47.19,44.36,-221.08,3031.5,451.55,-40.72
2024-07-01,20030,Harlow Textile Group,705.3,691.1,9.3402,9.234,0.995,0.9799,0.1909,0.2132,10.6,10.16,-74.9,694.6,99.94,15.41
2024-08-01,20030,Harlow Textile Group,1597.4,1509.5,9.3402,9.4231,0.995,0.945,0.1909,0.1892,19.83,22.2,132.42,1517.1,750.02,-2.57
2024-09-01,20030,Harlow Textile Group,1893.1,1838.1,9.3402,9.5808,0.995,0.971,0.1909,0.2179,39.5,27.03,455.48,1847.3,427.78,49.63
2024-10-01,20030,Harlow Textile Group,574.0,564.6,9.3402,9.5996,0.995,0.9837,0.1909,0.1707,10.68,8.3,148.9,567.4,61.65,-11.4
2024-11-01,20030,Harlow Textile Group,652.8,620.5,9.3402,9.1645,0.995,0.9505,0.1909,0.2097,11.02,9.12,-114.7,623.6,272.73,11.67
2024-12-01,20030,Harlow Textile Group,2706.7,2551.7,9.3402,8.6049,0.995,0.9427,0.1909,0.234,36.28,37.52,-1990.24,2564.5,1328.18,109.98
2025-01-01,20030,Harlow Textile Group,1158.3,1130.3,9.3402,8.759,0.995,0.9758,0.1909,0.2134,22.05,16.62,-673.2,1136.0,208.29,25.43
2025-03-01,20030,Harlow Textile Group,1984.9,1935.6,9.3402,9.1976,0.995,0.9752,0.1909,0.1937,33.06,28.46,-283.05,1945.3,369.87,5.42
2025-04-01,20030,Harlow Textile Group,974.1,969.2,9.3402,9.8992,0.995,0.995,0.1909,0.2005,13.56,14.25,544.52,974.1,0.0,9.3
2025-05-01,20030,Harlow Textile Group,843.6,839.3,9.3402,10.4845,0.995,0.995,0.1909,0.2074,9.25,12.34,965.33,843.5,0.93,13.85
2025-07-01,20030,Harlow Textile Group,2338.2,2326.5,10.5296,10.6508,0.995,0.995,0.1909,0.1992,29.51,34.21,283.39,2338.2,0.0,19.31
2025-09-01,20030,Harlow Textile Group,381.1,373.6,10.5296,10.3022,0.995,0.9802,0.1909,0.2232,6.26,5.49,-86.66,375.5,58.97,12.07
2025-10-01,20030,Harlow Textile Group,3980.1,3936.2,10.5296,9.8158,0.995,0.989,0.1909,0.1798,66.82,57.89,-2841.0,3956.0,253.76,-43.69
2025-11-01,20030,Harlow Textile Group,1363.9,1357.1,10.5296,9.5119,0.995,0.995,0.1909,0.2116,19.33,19.96,-1388.04,1363.9,0.0,28.09
2025-12-01,20030,Harlow Textile Group,1995.7,1985.8,10.5296,9.4005,0.995,0.995,0.1909,0.153,21.24,29.2,-2253.34,1995.8,-1.05,-75.26
2026-01-01,20030,Harlow Textile Group,2025.3,1949.2,10.5296,9.7619,0.995,0.9624,0.1909,0.1904,23.49,28.67,-1554.82,1959.0,698.11,-0.97
2026-02-01,20030,Harlow Textile Group,1204.3,1158.9,10.5296,10.0728,0.995,0.9623,0.1909,0.2076,14.42,17.04,-550.12,1164.7,416.97,19.35
2026-03-01,20030,Harlow Textile Group,870.6,866.3,10.5296,10.3471,0.995,0.995,0.1909,0.1889,18.98,12.74,-158.88,870.7,-1.05,-1.73
2026-04-01,20030,Harlow Textile Group,637.6,631.6,10.5296,10.5746,0.995,0.9905,0.1909,0.1967,16.59,9.29,28.69,634.8,29.48,3.66
2026-06-01,20030,Harlow Textile Group,449.9,442.6,10.5296,11.5589,0.995,0.9838,0.1909,0.1677,5.61,6.51,463.08,444.8,53.7,-10.27
2023-08-01,20031,Cascadia Pet Products,766.9,700.5,3.1264,3.2039,0.9215,0.9134,0.4929,0.5115,9.3,10.3,59.43,760.2,20.95,13.03
2023-10-01,20031,Cascadia Pet Products,657.5,608.7,3.1264,3.2239,0.9215,0.9257,0.4929,0.4972,14.88,8.95,64.11,660.6,-9.69,2.62
2023-11-01,20031,Cascadia Pet Products,453.5,434.9,3.1264,3.2101,0.9215,0.959,0.4929,0.4829,5.88,6.4,37.96,471.9,-57.53,-4.35
2023-12-01,20031,Cascadia Pet Products,273.6,252.1,3.1264,3.1225,0.9215,0.9213,0.4929,0.5492,5.48,3.71,-1.07,273.6,0.0,14.19
2024-03-01,20031,Cascadia Pet Products,358.8,339.4,3.1264,3.0045,0.9215,0.9462,0.4929,0.5144,4.07,4.99,-43.74,368.3,-29.7,7.3
2024-06-01,20031,Cascadia Pet Products,533.8,464.4,3.1264,2.9731,0.9215,0.8699,0.4929,0.4946,5.22,6.83,-81.83,504.0,93.17,0.79
2024-07-01,20031,Cascadia Pet Products,353.8,323.1,2.9899,3.0053,0.9215,0.9133,0.4929,0.5592,4.96,4.75,5.45,350.6,9.57,21.42
2024-08-01,20031,Cascadia Pet Products,646.2,571.0,2.9899,3.1192,0.9215,0.8836,0.4929,0.5484,13.8,8.4,83.55,619.6,79.53,31.69
2024-09-01,20031,Cascadia Pet Products,1274.7,1116.1,2.9899,3.2716,0.9215,0.8755,0.4929,0.4793,17.06,16.41,359.08,1211.2,189.86,-15.18
2024-10-01,20031,Cascadia Pet Products,761.9,683.1,2.9899,3.2663,0.9215,0.8966,0.4929,0.4846,13.21,10.05,210.59,741.3,61.59,-5.67
2024-11-01,20031,Cascadia Pet Products,569.3,512.0,2.9899,3.2337,0.9215,0.8994,0.4929,0.5413,13.08,7.53,138.8,555.6,40.96,24.78
2024-12-01,20031,Cascadia Pet Products,645.1,583.5,2.9899,3.4,0.9215,0.9045,0.4929,0.4881,8.86,8.58,264.56,633.2,35.58,-2.8
2025-02-01,20031,Cascadia Pet Products,1856.7,1670.7,2.9899,3.4205,0.9215,0.8999,0.4929,0.5705,27.62,24.57,799.5,1813.0,130.66,129.65
2025-03-01,20031,Cascadia Pet Products,625.7,558.5,2.9899,3.2396,0.9215,0.8927,0.4929,0.4918,6.63,8.21,156.24,606.1,58.6,-0.61
2025-04-01,20031,Cascadia Pet Products,343.2,307.8,2.9899,3.0639,0.9215,0.8968,0.4929,0.5509,5.05,4.53,25.4,334.0,27.51,17.85
2025-06-01,20031,Cascadia Pet Products,485.6,430.3,2.9899,3.0001,0.9215,0.8862,0.4929,0.4859,8.26,6.33,4.95,467.0,55.61,-3.01
2025-07-01,20031,Cascadia Pet Products,506.3,449.5,2.8563,2.8428,0.9215,0.8879,0.4929,0.5129,5.5,6.61,-6.84,487.8,52.84,8.99
2025-08-01,20031,Cascadia Pet Products,633.4,584.8,2.8563,2.7035,0.9215,0.9234,0.4929,0.4711,15.14,8.6,-96.78,634.6,-3.43,-12.75
2025-09-01,20031,Cascadia Pet Products,194.7,176.3,2.8563,2.6741,0.9215,0.9055,0.4929,0.5304,3.24,2.59,-35.47,191.3,9.71,6.61
2025-10-01,20031,Cascadia Pet Products,547.0,512.5,2.8563,2.7219,0.9215,0.9369,0.4929,0.4659,7.8,7.54,-73.52,556.2,-26.28,-13.84
2025-11-01,20031,Cascadia Pet Products,363.7,333.3,2.8563,2.6703,0.9215,0.9166,0.4929,0.5354,3.68,4.9,-67.65,361.7,5.71,14.17
2025-12-01,20031,Cascadia Pet Products,598.9,562.4,2.8563,2.7146,0.9215,0.9391,0.4929,0.5168,7.43,8.27,-84.86,610.3,-32.56,13.44
2026-01-01,20031,Cascadia Pet Products,1022.3,927.2,2.8563,2.8218,0.9215,0.907,0.4929,0.4509,14.95,13.64,-35.27,1006.2,45.99,-38.94
2026-03-01,20031,Cascadia Pet Products,591.5,540.7,2.8563,2.9708,0.9215,0.9142,0.4929,0.4567,10.68,7.95,67.73,586.8,13.42,-19.57
2026-04-01,20031,Cascadia Pet Products,362.7,322.2,2.8563,3.0635,0.9215,0.8883,0.4929,0.4443,7.05,4.74,75.15,349.6,37.42,-15.66
2026-05-01,20031,Cascadia Pet Products,342.4,304.7,2.8563,2.9911,0.9215,0.89,0.4929,0.5588,5.34,4.48,46.16,330.7,33.42,20.08
2026-06-01,20031,Cascadia Pet Products,483.1,433.6,2.8563,3.0038,0.9215,0.8974,0.4929,0.554,6.45,6.38,71.26,470.5,35.99,26.49
2023-09-01,20032,Harlow Textile Group,591.2,497.7,10.335,10.5047,0.8939,0.8418,0.5689,0.6417,9.42,7.32,100.33,556.8,355.52,36.23
2023-10-01,20032,Harlow Textile Group,1085.7,895.8,10.335,10.5573,0.8939,0.8251,0.5689,0.5858,14.7,13.17,241.35,1002.1,864.01,15.14
2023-11-01,20032,Harlow Textile Group,382.3,336.0,10.335,10.733,0.8939,0.8788,0.5689,0.5129,4.06,4.94,152.16,375.9,66.14,-18.82
2023-12-01,20032,Harlow Textile Group,414.7,367.1,10.335,10.3575,0.8939,0.8851,0.5689,0.5333,4.16,5.4,9.33,410.7,41.34,-13.07
2024-01-01,20032,Harlow Textile Group,1058.4,971.1,10.335,10.5046,0.8939,0.9175,0.5689,0.5433,15.26,14.28,179.5,1086.4,-289.38,-24.86
2024-02-01,20032,Harlow Textile Group,447.8,407.0,10.335,9.8607,0.8939,0.9087,0.5689,0.5391,8.76,5.98,-212.39,455.3,-77.51,-12.13
2024-03-01,20032,Harlow Textile Group,341.4,314.7,10.335,9.8057,0.8939,0.9217,0.5689,0.5594,4.34,4.63,-180.7,352.1,-110.58,-2.99
2024-05-01,20032,Harlow Textile Group,1050.9,900.0,10.335,9.664,0.8939,0.8564,0.5689,0.6375,14.75,13.23,-705.15,1006.8,455.77,61.74
2024-06-01,20032,Harlow Textile Group,1568.3,1378.6,10.335,9.8341,0.8939,0.8791,0.5689,0.4893,34.47,20.27,-785.56,1542.2,269.74,-109.74
2024-08-01,20032,Harlow Textile Group,756.5,686.8,9.67,10.3237,0.8939,0.9079,0.5689,0.5607,10.13,10.1,494.52,768.3,-114.11,-5.63
2024-09-01,20032,Harlow Textile Group,1241.4,1153.4,9.67,10.5842,0.8939,0.9291,0.5689,0.5936,21.44,16.96,1134.89,1290.3,-472.86,28.49
2024-10-01,20032,Harlow Textile Group,1291.9,1181.4,9.67,10.9174,0.8939,0.9144,0.5689,0.594,21.97,17.37,1611.52,1321.6,-287.2,29.65
2024-12-01,20032,Harlow Textile Group,372.6,334.5,9.67,11.5479,0.8939,0.8977,0.5689,0.5224,7.73,4.92,699.71,374.2,-15.47,-15.55
2025-01-01,20032,Harlow Textile Group,193.7,174.9,9.67,11.6287,0.8939,0.9033,0.5689,0.5597,4.16,2.57,379.4,195.7,-19.34,-1.61
2025-02-01,20032,Harlow Textile Group,318.0,281.9,9.67,11.6693,0.8939,0.8865,0.5689,0.5549,4.04,4.15,635.78,315.4,25.14,-3.95
2025-03-01,20032,Harlow Textile Group,852.5,794.1,9.67,11.1102,0.8939,0.9314,0.5689,0.4495,12.75,11.68,1227.77,888.4,-347.15,-94.82
2025-04-01,20032,Harlow Textile Group,851.4,766.2,9.67,10.7235,0.8939,0.9,0.5689,0.6498,14.34,11.27,896.95,857.1,-55.12,61.99
2025-06-01,20032,Harlow Textile Group,1122.5,992.3,9.67,10.4171,0.8939,0.8839,0.5689,0.5465,17.18,14.59,838.62,1110.1,119.91,-22.23
2025-07-01,20032,Harlow Textile Group,356.1,320.6,10.7966,10.7463,0.8939,0.9004,0.5689,0.6342,8.14,4.72,-17.91,358.7,-28.07,20.94
2025-09-01,20032,Harlow Textile Group,1241.2,1084.3,10.7966,10.4132,0.8939,0.8736,0.5689,0.569,16.58,15.95,-475.88,1213.0,304.46,0.11
2025-10-01,20032,Harlow Textile Group,1142.8,1021.0,10.7966,10.9118,0.8939,0.8935,0.5689,0.614,15.23,15.02,131.65,1142.2,6.48,46.05
2025-11-01,20032,Harlow Textile Group,827.8,740.9,10.7966,10.9932,0.8939,0.895,0.5689,0.6724,12.2,10.9,162.75,828.8,-10.8,76.68
2025-12-01,20032,Harlow Textile Group,185.4,161.0,10.7966,11.1045,0.8939,0.8685,0.5689,0.6147,2.02,2.37,57.08,180.1,57.22,7.37
2026-01-01,20032,Harlow Textile Group,283.6,246.0,10.7966,11.3108,0.8939,0.8677,0.5689,0.5077,5.91,3.62,145.83,275.2,90.69,-15.06
2026-03-01,20032,Harlow Textile Group,1856.8,1631.2,10.7966,11.1748,0.8939,0.8785,0.5689,0.586,17.32,23.99,702.24,1824.8,345.49,27.89
2026-04-01,20032,Harlow Textile Group,2066.1,1809.5,10.7966,11.0914,0.8939,0.8758,0.5689,0.6458,19.43,26.61,609.09,2024.3,451.3,139.15
2026-05-01,20032,Harlow Textile Group,331.9,285.8,10.7966,11.0949,0.8939,0.861,0.5689,0.5443,4.52,4.2,99.01,319.7,131.72,-7.03
2026-06-01,20032,Harlow Textile Group,310.2,271.2,10.7966,11.0308,0.8939,0.8742,0.5689,0.5723,7.01,3.99,72.65,303.4,73.42,0.92
2023-07-01,20033,Guangzhou Vantage Industrial,1016.7,1001.7,6.4538,6.3601,0.9695,0.9853,0.3558,0.335,18.73,14.73,-95.26,1033.2,-106.49,-20.84
2023-08-01,20033,Guangzhou Vantage Industrial,920.8,916.2,6.4538,6.4939,0.9695,0.995,0.3558,0.3553,11.5,13.47,36.92,945.0,-156.18,-0.46
2023-09-01,20033,Guangzhou Vantage Industrial,582.0,567.4,6.4538,6.4403,0.9695,0.975,0.3558,0.3762,13.55,8.34,-7.86,585.3,-21.3,11.57
2023-10-01,20033,Guangzhou Vantage Industrial,964.6,959.8,6.4538,6.5966,0.9695,0.995,0.3558,0.4023,14.51,14.11,137.74,990.0,-163.93,44.63
2023-11-01,20033,Guangzhou Vantage Industrial,715.0,705.9,6.4538,6.5655,0.9695,0.9872,0.3558,0.3324,8.85,10.38,79.87,728.1,-84.54,-16.52
2024-01-01,20033,Guangzhou Vantage Industrial,504.4,501.9,6.4538,6.5343,0.9695,0.995,0.3558,0.3984,6.42,7.38,40.6,517.7,-85.84,21.38
2024-02-01,20033,Guangzhou Vantage Industrial,1112.0,1106.4,6.4538,6.6506,0.9695,0.995,0.3558,0.4148,18.72,16.27,218.84,1141.2,-188.45,65.28
2024-03-01,20033,Guangzhou Vantage Industrial,1907.3,1897.8,6.4538,6.5882,0.9695,0.995,0.3558,0.333,25.72,27.91,256.34,1957.5,-323.98,-43.27
2024-04-01,20033,Guangzhou Vantage Industrial,409.5,404.5,6.4538,6.4531,0.9695,0.9879,0.3558,0.3483,6.49,5.95,-0.29,417.2,-49.69,-3.03
2024-05-01,20033,Guangzhou Vantage Industrial,697.8,693.4,6.4538,6.5771,0.9695,0.9937,0.3558,0.3738,16.01,10.2,86.04,715.2,-112.3,12.48
2024-06-01,20033,Guangzhou Vantage Industrial,639.7,618.6,6.4538,6.7555,0.9695,0.9669,0.3558,0.2942,8.7,9.1,193.0,638.1,10.33,-38.11
2024-07-01,20033,Guangzhou Vantage Industrial,1379.8,1346.6,6.606,6.6601,0.9695,0.976,0.3558,0.3838,18.88,19.8,74.65,1389.0,-60.78,37.7
2024-08-01,20033,Guangzhou Vantage Industrial,869.9,865.6,6.606,6.8475,0.9695,0.995,0.3558,0.441,16.59,12.73,210.08,892.8,-151.28,73.75
2024-09-01,20033,Guangzhou Vantage Industrial,524.3,514.8,6.606,7.2496,0.9695,0.9819,0.3558,0.3737,8.21,7.57,337.44,531.0,-44.26,9.21
2024-10-01,20033,Guangzhou Vantage Industrial,1629.9,1469.7,6.606,7.2144,0.9695,0.9017,0.3558,0.33,34.62,21.61,991.63,1515.9,753.08,-37.92
2024-11-01,20033,Guangzhou Vantage Industrial,1225.9,1167.8,6.606,7.0364,0.9695,0.9527,0.3558,0.3521,24.78,17.17,527.63,1204.5,141.37,-4.32
2024-12-01,20033,Guangzhou Vantage Industrial,1021.2,957.4,6.606,7.4169,0.9695,0.9376,0.3558,0.353,21.25,14.08,828.09,987.5,222.62,-2.68
2025-01-01,20033,Guangzhou Vantage Industrial,991.3,901.7,6.606,7.2933,0.9695,0.9096,0.3558,0.2896,20.31,13.26,681.32,930.1,404.29,-59.69
2025-02-01,20033,Guangzhou Vantage Industrial,906.9,881.8,6.606,7.3009,0.9695,0.9723,0.3558,0.3513,12.17,12.97,630.2,909.5,-17.18,-3.97
2025-03-01,20033,Guangzhou Vantage Industrial,983.7,955.6,6.606,7.1355,0.9695,0.9714,0.3558,0.3306,22.68,14.05,520.87,985.7,-13.21,-24.08
2025-04-01,20033,Guangzhou Vantage Industrial,810.9,785.3,6.606,6.9477,0.9695,0.9685,0.3558,0.3606,15.18,11.55,277.08,810.0,5.95,3.77
2025-05-01,20033,Guangzhou Vantage Industrial,921.7,893.8,6.606,6.871,0.9695,0.9697,0.3558,0.392,21.64,13.14,244.25,921.9,-1.32,32.36
2025-06-01,20033,Guangzhou Vantage Industrial,335.5,332.2,6.606,7.0966,0.9695,0.9902,0.3558,0.3793,6.07,4.89,164.6,342.7,-47.56,7.81
2025-07-01,20033,Guangzhou Vantage Industrial,1526.3,1518.6,7.0967,7.1871,0.9695,0.995,0.3558,0.4033,29.55,22.33,137.98,1566.4,-284.58,72.13
2025-08-01,20033,Guangzhou Vantage Industrial,548.3,537.9,7.0967,7.3687,0.9695,0.981,0.3558,0.3566,5.79,7.91,149.14,554.8,-46.13,0.43
2025-11-01,20033,Guangzhou Vantage Industrial,2199.5,2188.5,7.0967,8.2252,0.9695,0.995,0.3558,0.3461,25.15,32.18,2482.14,2257.3,-410.19,-21.23
2025-12-01,20033,Guangzhou Vantage Industrial,316.1,314.5,7.0967,8.4414,0.9695,0.995,0.3558,0.3574,3.53,4.63,425.06,324.4,-58.9,0.5
2026-01-01,20033,Guangzhou Vantage Industrial,1937.4,1800.0,7.0967,8.4186,0.9695,0.929,0.3558,0.399,23.12,26.47,2561.05,1856.6,573.41,77.76
2026-05-01,20033,Guangzhou Vantage Industrial,1639.6,1613.3,7.0967,8.5578,0.9695,0.984,0.3558,0.3699,28.17,23.73,2395.62,1664.1,-173.87,22.75
2026-06-01,20033,Guangzhou Vantage Industrial,546.0,519.9,7.0967,8.5804,0.9695,0.9523,0.3558,0.3458,12.34,7.65,810.1,536.3,68.84,-5.2
2023-07-01,20034,Meridian Private Label,5856.3,5203.2,46.0064,45.622,0.9511,0.8885,0.1465,0.1459,102.49,76.52,-2251.16,5470.7,17740.07,-3.12
2023-08-01,20034,Meridian Private Label,3677.1,3309.5,46.0064,47.5051,0.9511,0.9,0.1465,0.1229,61.81,48.67,5510.87,3479.7,9081.66,-78.1
2023-09-01,20034,Meridian Private Label,5385.6,4931.1,46.0064,47.6502,0.9511,0.9156,0.1465,0.146,55.15,72.52,8852.85,5184.6,9247.29,-2.47
2023-10-01,20034,Meridian Private Label,3827.8,3466.0,46.0064,45.7324,0.9511,0.9055,0.1465,0.1421,89.95,50.97,-1048.82,3644.2,8446.78,-15.25
2023-12-01,20034,Meridian Private Label,7947.2,7147.5,46.0064,44.5065,0.9511,0.8994,0.1465,0.1437,83.34,105.11,-11920.01,7515.0,19883.97,-20.01
2024-02-01,20034,Meridian Private Label,2240.4,2052.0,46.0064,42.868,0.9511,0.9159,0.1465,0.1491,36.4,30.18,-7031.27,2157.5,3813.93,5.34
2024-03-01,20034,Meridian Private Label,2703.8,2546.3,46.0064,43.1395,0.9511,0.9418,0.1465,0.1582,36.6,37.45,-7751.52,2677.2,1223.77,29.79
2024-04-01,20034,Meridian Private Label,5954.8,5758.3,46.0064,42.0592,0.9511,0.967,0.1465,0.1535,67.74,84.68,-23504.79,6054.4,-4582.24,40.31
2024-05-01,20034,Meridian Private Label,2704.2,2563.3,46.0064,42.5752,0.9511,0.9479,0.1465,0.1707,32.53,37.7,-9278.65,2695.1,418.66,62.03
2024-06-01,20034,Meridian Private Label,6260.2,6156.8,46.0064,42.892,0.9511,0.9835,0.1465,0.1427,104.54,90.54,-19496.77,6473.3,-9803.96,-23.4
2024-07-01,20034,Meridian Private Label,1044.8,991.8,44.3791,43.8253,0.9511,0.9492,0.1465,0.1637,14.26,14.58,-578.61,1042.8,88.76,17.06
2024-09-01,20034,Meridian Private Label,4964.1,4548.0,44.3791,45.6575,0.9511,0.9162,0.1465,0.1419,49.25,66.88,6346.11,4781.8,8090.31,-20.92
2024-10-01,20034,Meridian Private Label,2051.9,1889.5,44.3791,45.5306,0.9511,0.9208,0.1465,0.1593,40.22,27.79,2362.76,1986.6,2897.96,24.19
2024-12-01,20034,Meridian Private Label,6677.9,5843.8,44.3791,48.2698,0.9511,0.8751,0.1465,0.1593,68.81,85.94,25981.71,6144.3,23680.69,74.8
2025-01-01,20034,Meridian Private Label,2527.0,2212.8,44.3791,50.2409,0.9511,0.8757,0.1465,0.1521,39.86,32.54,14812.77,2326.6,8893.57,12.39
2025-02-01,20034,Meridian Private Label,4043.2,3564.3,44.3791,47.1722,0.9511,0.8816,0.1465,0.1551,39.09,52.42,11293.06,3747.6,13118.46,30.65
2025-03-01,20034,Meridian Private Label,3450.7,3021.9,44.3791,47.45,0.9511,0.8757,0.1465,0.1537,67.68,44.44,10596.75,3177.3,12133.25,21.76
2025-04-01,20034,Meridian Private Label,1597.1,1425.0,44.3791,48.0402,0.9511,0.8922,0.1465,0.1389,18.87,20.96,5847.14,1498.3,4384.66,-10.83
2025-05-01,20034,Meridian Private Label,2935.0,2617.2,44.3791,47.8977,0.9511,0.8917,0.1465,0.1536,42.45,38.49,10327.09,2751.8,8130.25,18.58
2025-06-01,20034,Meridian Private Label,5627.7,4902.3,44.3791,47.1725,0.9511,0.8711,0.1465,0.1652,55.68,72.09,15720.42,5154.3,21009.07,91.67
2025-07-01,20034,Meridian Private Label,4411.6,3970.0,49.2776,49.8601,0.9511,0.8999,0.1465,0.1354,69.74,58.38,2569.76,4174.1,11703.43,-44.07
2025-09-01,20034,Meridian Private Label,5173.7,4705.5,49.2776,47.7808,0.9511,0.9095,0.1465,0.1742,58.39,69.2,-7743.99,4947.4,11151.52,130.34
2025-10-01,20034,Meridian Private Label,809.5,784.7,49.2776,47.7871,0.9511,0.9694,0.1465,0.1568,11.36,11.54,-1206.56,825.0,-763.8,8.08
2025-11-01,20034,Meridian Private Label,5109.5,4845.8,49.2776,45.8614,0.9511,0.9484,0.1465,0.1649,61.61,71.26,-17455.07,5094.9,719.45,89.16
2025-12-01,20034,Meridian Private Label,5747.0,5402.2,49.2776,43.8725,0.9511,0.94,0.1465,0.1571,93.02,79.44,-31063.11,5679.9,3306.53,57.26
2026-01-01,20034,Meridian Private Label,4273.4,3989.4,49.2776,41.7952,0.9511,0.9335,0.1465,0.1409,44.9,58.67,-31975.29,4194.5,3888.0,-22.34
2026-02-01,20034,Meridian Private Label,8178.1,8005.6,49.2776,38.4192,0.9511,0.9789,0.1465,0.1689,87.81,117.73,-88801.08,8417.2,-11782.27,179.33
2026-03-01,20034,Meridian Private Label,4631.4,4320.0,49.2776,34.4592,0.9511,0.9328,0.1465,0.1514,84.95,63.53,-68629.94,4542.1,4400.49,21.17
2026-04-01,20034,Meridian Private Label,2564.7,2414.7,49.2776,32.8943,0.9511,0.9415,0.1465,0.1562,26.41,35.51,-42018.25,2538.8,1276.29,23.42
2026-05-01,20034,Meridian Private Label,11172.4,10023.2,49.2776,33.4358,0.9511,0.8971,0.1465,0.1508,127.22,147.4,-176990.93,10538.5,31237.07,43.1
2026-06-01,20034,Meridian Private Label,2176.8,1985.9,49.2776,34.2023,0.9511,0.9123,0.1465,0.1534,28.91,29.2,-32815.91,2088.0,4375.85,13.7
2023-07-01,20035,Meridian Private Label,1587.2,1498.4,21.7007,21.5883,0.9433,0.9441,0.1768,0.1749,18.15,22.04,-178.4,1588.5,-28.21,-2.85
2023-08-01,20035,Meridian Private Label,1111.8,1044.3,21.7007,22.3212,0.9433,0.9393,0.1768,0.1724,12.98,15.36,689.87,1107.1,101.99,-4.59
2023-09-01,20035,Meridian Private Label,1031.7,985.4,21.7007,21.7136,0.9433,0.9552,0.1768,0.1842,14.82,14.49,13.31,1044.6,-279.94,7.29
2023-11-01,20035,Meridian Private Label,4170.8,3810.6,21.7007,22.4694,0.9433,0.9136,0.1768,0.156,63.11,56.04,3206.09,4039.6,2847.13,-79.26
2023-12-01,20035,Meridian Private Label,1161.6,1087.3,21.7007,21.8631,0.9433,0.9361,0.1768,0.201,15.99,15.99,188.64,1152.7,193.14,26.31
2024-01-01,20035,Meridian Private Label,954.2,926.5,21.7007,21.1029,0.9433,0.9709,0.1768,0.1953,16.71,13.62,-570.42,982.2,-607.62,17.14
2024-02-01,20035,Meridian Private Label,799.6,780.0,21.7007,21.8774,0.9433,0.9756,0.1768,0.1903,10.68,11.47,141.29,826.9,-592.43,10.53
2024-03-01,20035,Meridian Private Label,1755.4,1726.9,21.7007,23.3657,0.9433,0.9837,0.1768,0.1888,32.09,25.4,2922.74,1830.7,-1634.06,20.72
2024-05-01,20035,Meridian Private Label,1324.6,1241.9,21.7007,26.3915,0.9433,0.9376,0.1768,0.1892,14.44,18.26,6213.43,1316.5,175.78,15.4
2024-06-01,20035,Meridian Private Label,2708.2,2626.1,21.7007,26.7544,0.9433,0.9697,0.1768,0.1876,55.33,38.62,13686.43,2783.9,-1642.74,28.36
2024-07-01,20035,Meridian Private Label,3997.1,3841.1,27.3366,27.6185,0.9433,0.961,0.1768,0.1699,41.07,56.49,1126.78,4072.0,-2047.51,-26.5
2024-08-01,20035,Meridian Private Label,3290.9,3252.4,27.3366,27.1068,0.9433,0.9883,0.1768,0.173,55.9,47.83,-756.25,3447.9,-4291.85,-12.36
2024-09-01,20035,Meridian Private Label,2866.2,2682.5,27.3366,26.1653,0.9433,0.9359,0.1768,0.1674,69.98,39.45,-3357.18,2843.7,615.07,-25.22
2024-10-01,20035,Meridian Private Label,2232.7,2138.8,27.3366,25.4708,0.9433,0.958,0.1768,0.1647,27.29,31.45,-4165.77,2267.4,-948.58,-25.88
2024-12-01,20035,Meridian Private Label,1428.4,1322.5,27.3366,24.6959,0.9433,0.9258,0.1768,0.1849,16.05,19.45,-3771.98,1402.0,721.69,10.71
2025-01-01,20035,Meridian Private Label,799.2,744.7,27.3366,24.2942,0.9433,0.9318,0.1768,0.1987,10.7,10.95,-2431.49,789.5,265.17,16.31
2025-03-01,20035,Meridian Private Label,2413.3,2401.2,27.3366,24.1342,0.9433,0.995,0.1768,0.1822,47.75,35.31,-7728.35,2545.5,-3613.9,12.97
2025-05-01,20035,Meridian Private Label,3313.8,3297.2,27.3366,25.1983,0.9433,0.995,0.1768,0.2048,65.24,48.49,-7085.9,3495.4,-4964.33,92.32
2025-06-01,20035,Meridian Private Label,4506.6,4484.1,27.3366,23.761,0.9433,0.995,0.1768,0.1802,108.86,65.94,-16113.8,4753.6,-6752.14,15.25
2025-07-01,20035,Meridian Private Label,2042.7,2032.4,23.4003,23.3356,0.9433,0.995,0.1768,0.1856,36.66,29.89,-132.16,2154.6,-2618.49,17.89
2025-08-01,20035,Meridian Private Label,2014.2,2004.2,23.4003,22.1894,0.9433,0.995,0.1768,0.1778,34.94,29.47,-2438.99,2124.7,-2585.73,2.0
2025-09-01,20035,Meridian Private Label,1678.6,1670.2,23.4003,22.0079,0.9433,0.995,0.1768,0.1673,30.5,24.56,-2337.28,1770.6,-2152.83,-15.87
2025-10-01,20035,Meridian Private Label,1589.2,1560.1,23.4003,20.9597,0.9433,0.9817,0.1768,0.2074,24.45,22.94,-3878.6,1653.9,-1514.0,47.74
2025-11-01,20035,Meridian Private Label,2481.7,2378.4,23.4003,20.4962,0.9433,0.9584,0.1768,0.194,29.66,34.98,-7207.1,2521.4,-928.99,40.91
2025-12-01,20035,Meridian Private Label,2303.5,2292.0,23.4003,20.5072,0.9433,0.995,0.1768,0.1833,31.6,33.71,-6664.26,2429.8,-2955.46,14.9
2026-01-01,20035,Meridian Private Label,2042.5,1938.0,23.4003,21.2389,0.9433,0.9488,0.1768,0.17,46.74,28.5,-4414.66,2054.5,-280.8,-13.18
2026-02-01,20035,Meridian Private Label,2758.4,2602.1,23.4003,20.833,0.9433,0.9433,0.1768,0.1937,33.18,38.27,-7081.64,2758.5,-2.34,43.98
2026-03-01,20035,Meridian Private Label,730.3,712.7,23.4003,21.0708,0.9433,0.9759,0.1768,0.1637,7.48,10.48,-1701.23,755.5,-589.69,-9.34
2026-04-01,20035,Meridian Private Label,2279.6,2121.7,23.4003,21.5128,0.9433,0.9307,0.1768,0.163,45.98,31.2,-4302.75,2249.2,711.37,-29.28
2026-06-01,20035,Meridian Private Label,4076.5,3945.6,23.4003,21.2684,0.9433,0.9679,0.1768,0.1819,54.2,58.02,-8690.69,4182.8,-2487.45,20.12
2023-08-01,20036,Ashworth Tools & Hardware,3534.4,2976.6,5.2789,5.7214,0.862,0.8422,0.4813,0.4962,44.62,43.77,1563.97,3453.1,429.17,44.35
2023-09-01,20036,Ashworth Tools & Hardware,8504.1,7137.4,5.2789,6.0773,0.862,0.8393,0.4813,0.5199,185.23,104.96,6789.67,8280.0,1183.0,275.5
2023-10-01,20036,Ashworth Tools & Hardware,2436.1,2048.8,5.2789,6.2601,0.862,0.841,0.4813,0.4831,29.2,30.13,2390.3,2376.8,313.04,3.69
2023-11-01,20036,Ashworth Tools & Hardware,2008.9,1741.4,5.2789,6.0666,0.862,0.8668,0.4813,0.4637,24.41,25.61,1582.41,2020.2,-59.65,-30.65
2023-12-01,20036,Ashworth Tools & Hardware,13780.3,11640.1,5.2789,5.881,0.862,0.8447,0.4813,0.5317,198.93,171.18,8297.12,13503.6,1460.67,586.66
2024-01-01,20036,Ashworth Tools & Hardware,3163.4,2732.8,5.2789,5.665,0.862,0.8639,0.4813,0.5172,28.58,40.19,1221.39,3170.3,-36.42,98.11
2024-02-01,20036,Ashworth Tools & Hardware,3717.7,3180.8,5.2789,5.8013,0.862,0.8556,0.4813,0.53,45.27,46.78,1942.13,3690.0,146.23,154.9
2024-04-01,20036,Ashworth Tools & Hardware,5323.0,4836.0,5.2789,5.8936,0.862,0.9085,0.4813,0.5827,81.72,71.12,3272.05,5610.2,-1516.1,490.37
2024-05-01,20036,Ashworth Tools & Hardware,3069.7,2670.7,5.2789,6.3958,0.862,0.87,0.4813,0.4833,39.74,39.28,3428.55,3098.3,-150.98,5.34
2024-07-01,20036,Ashworth Tools & Hardware,13405.0,11296.5,7.0068,6.9888,0.862,0.8427,0.4813,0.5259,251.85,166.13,-241.29,13105.0,2102.04,503.82
2024-09-01,20036,Ashworth Tools & Hardware,9407.2,7823.1,7.0068,6.6917,0.862,0.8316,0.4813,0.5434,90.59,115.05,-2964.21,9075.5,2324.16,485.81
2024-10-01,20036,Ashworth Tools & Hardware,2527.0,2170.3,7.0068,6.6013,0.862,0.8588,0.4813,0.466,35.6,31.92,-1024.7,2517.7,65.16,-33.21
2024-11-01,20036,Ashworth Tools & Hardware,3609.4,3093.1,7.0068,6.3537,0.862,0.857,0.4813,0.4588,45.5,45.49,-2357.3,3588.3,147.84,-69.59
2024-12-01,20036,Ashworth Tools & Hardware,7809.9,6398.7,7.0068,6.133,0.862,0.8193,0.4813,0.5128,136.55,94.1,-6824.29,7423.1,2710.23,201.56
2025-01-01,20036,Ashworth Tools & Hardware,4234.4,3504.9,7.0068,5.9691,0.862,0.8277,0.4813,0.5581,48.72,51.54,-4394.04,4066.0,1179.95,269.18
2025-02-01,20036,Ashworth Tools & Hardware,3212.3,2712.7,7.0068,6.019,0.862,0.8445,0.4813,0.5026,65.38,39.89,-3173.11,3147.0,457.54,57.78
2025-03-01,20036,Ashworth Tools & Hardware,3037.4,2615.5,7.0068,5.662,0.862,0.8611,0.4813,0.498,45.28,38.46,-4084.7,3034.2,22.42,43.68
2025-04-01,20036,Ashworth Tools & Hardware,17597.8,15060.5,7.0068,5.9608,0.862,0.8558,0.4813,0.4816,391.44,221.48,-18407.3,17471.6,884.26,4.52
2025-05-01,20036,Ashworth Tools & Hardware,2119.0,1846.5,7.0068,6.2162,0.862,0.8714,0.4813,0.4792,38.05,27.15,-1675.28,2142.1,-161.86,-3.88
2025-06-01,20036,Ashworth Tools & Hardware,1609.6,1370.8,7.0068,6.344,0.862,0.8516,0.4813,0.5541,23.74,20.16,-1066.84,1590.3,135.23,99.79
2025-07-01,20036,Ashworth Tools & Hardware,4349.3,3676.5,6.6216,6.688,0.862,0.8453,0.4813,0.4816,54.14,54.07,288.79,4265.1,557.54,1.1
2025-09-01,20036,Ashworth Tools & Hardware,4259.9,3706.0,6.6216,7.1517,0.862,0.87,0.4813,0.5277,53.19,54.5,2258.17,4299.3,-260.89,171.96
2025-10-01,20036,Ashworth Tools & Hardware,11070.1,9457.2,6.6216,6.9163,0.862,0.8543,0.4813,0.4924,144.48,139.08,3262.36,10971.2,654.88,104.97
2025-11-01,20036,Ashworth Tools & Hardware,2024.1,1701.3,6.6216,6.6941,0.862,0.8405,0.4813,0.458,39.46,25.02,146.75,1973.7,333.73,-39.64
2025-12-01,20036,Ashworth Tools & Hardware,1976.3,1718.5,6.6216,6.3967,0.862,0.8696,0.4813,0.5941,28.96,25.27,-444.47,1993.6,-114.55,193.85
2026-01-01,20036,Ashworth Tools & Hardware,11503.7,10316.0,6.6216,6.2773,0.862,0.8968,0.4813,0.5592,137.56,151.71,-3960.72,11967.5,-3071.1,803.62
2026-02-01,20036,Ashworth Tools & Hardware,2446.7,2204.3,6.6216,5.9952,0.862,0.9009,0.4813,0.4442,24.79,32.42,-1532.61,2557.2,-731.69,-81.78
2026-03-01,20036,Ashworth Tools & Hardware,3564.6,3099.3,6.6216,5.8616,0.862,0.8695,0.4813,0.4286,53.34,45.58,-2709.1,3595.5,-204.61,-163.33
2026-04-01,20036,Ashworth Tools & Hardware,4927.5,4387.8,6.6216,5.9102,0.862,0.8905,0.4813,0.4809,68.38,64.53,-3505.42,5090.3,-1078.0,-1.76
2026-05-01,20036,Ashworth Tools & Hardware,5150.3,4483.9,6.6216,5.9386,0.862,0.8706,0.4813,0.4652,53.36,65.94,-3517.65,5201.7,-340.35,-72.19
2026-06-01,20036,Ashworth Tools & Hardware,9046.3,7793.0,6.6216,5.7251,0.862,0.8615,0.4813,0.5107,165.2,114.6,-8110.01,9040.6,37.74,229.11
2023-07-01,20037,Ningbo Hometech Manufacturing,1103.7,998.3,23.6572,23.7201,0.9288,0.9044,0.6048,0.5848,16.17,14.68,69.42,1074.8,683.69,-19.97
2023-08-01,20037,Ningbo Hometech Manufacturing,1692.9,1544.1,23.6572,23.326,0.9288,0.9121,0.6048,0.6903,24.12,22.71,-560.69,1662.5,719.18,132.02
2023-09-01,20037,Ningbo Hometech Manufacturing,689.3,626.1,23.6572,21.8269,0.9288,0.9084,0.6048,0.5769,7.54,9.21,-1261.63,674.1,359.59,-17.47
2023-10-01,20037,Ningbo Hometech Manufacturing,316.3,303.2,23.6572,21.7386,0.9288,0.9586,0.6048,0.5908,7.92,4.46,-606.85,326.4,-238.94,-4.24
2023-12-01,20037,Ningbo Hometech Manufacturing,591.6,555.2,23.6572,23.0174,0.9288,0.9384,0.6048,0.6921,6.16,8.16,-378.51,597.8,-146.67,48.47
2024-01-01,20037,Ningbo Hometech Manufacturing,654.0,608.9,23.6572,24.5861,0.9288,0.931,0.6048,0.663,7.78,8.95,607.5,655.6,-37.85,35.44
2024-02-01,20037,Ningbo Hometech Manufacturing,1118.9,1036.6,23.6572,22.9291,0.9288,0.9265,0.6048,0.6173,23.77,15.24,-814.67,1116.1,66.24,12.96
2024-03-01,20037,Ningbo Hometech Manufacturing,1421.2,1248.8,23.6572,21.0725,0.9288,0.8787,0.6048,0.6098,32.02,18.37,-3673.38,1344.5,1814.51,6.24
2024-04-01,20037,Ningbo Hometech Manufacturing,2100.8,1915.0,23.6572,20.4414,0.9288,0.9116,0.6048,0.6649,21.81,28.16,-6755.75,2061.8,922.63,115.09
2024-05-01,20037,Ningbo Hometech Manufacturing,300.9,268.1,23.6572,20.1026,0.9288,0.8909,0.6048,0.6203,3.44,3.94,-1069.58,288.7,288.62,4.16
2024-06-01,20037,Ningbo Hometech Manufacturing,1009.1,888.7,23.6572,18.9716,0.9288,0.8807,0.6048,0.5157,18.45,13.07,-4728.24,956.8,1237.27,-79.18
2024-07-01,20037,Ningbo Hometech Manufacturing,1463.3,1324.5,18.5958,18.6941,0.9288,0.9051,0.6048,0.5668,25.93,19.48,143.84,1426.0,693.62,-50.33
2024-08-01,20037,Ningbo Hometech Manufacturing,1555.0,1459.6,18.5958,17.3338,0.9288,0.9386,0.6048,0.6389,17.35,21.46,-1962.41,1571.5,-306.83,49.77
2024-09-01,20037,Ningbo Hometech Manufacturing,846.5,773.9,18.5958,16.8227,0.9288,0.9143,0.6048,0.5644,16.87,11.38,-1500.93,833.2,247.32,-31.27
2024-11-01,20037,Ningbo Hometech Manufacturing,780.9,705.9,18.5958,17.0206,0.9288,0.9039,0.6048,0.6865,8.88,10.38,-1230.07,760.0,388.65,57.67
2024-12-01,20037,Ningbo Hometech Manufacturing,1079.0,981.1,18.5958,17.1682,0.9288,0.9093,0.6048,0.5132,12.83,14.43,-1540.38,1056.3,422.12,-89.87
2025-01-01,20037,Ningbo Hometech Manufacturing,1979.0,1805.4,18.5958,16.9681,0.9288,0.9123,0.6048,0.5626,46.94,26.55,-3221.22,1943.8,654.57,-76.19
2025-02-01,20037,Ningbo Hometech Manufacturing,1561.7,1493.6,18.5958,16.2563,0.9288,0.9564,0.6048,0.6203,26.6,21.96,-3653.6,1608.1,-862.85,23.15
2025-04-01,20037,Ningbo Hometech Manufacturing,1675.2,1630.9,18.5958,15.6896,0.9288,0.9736,0.6048,0.6831,24.57,23.98,-4868.47,1755.9,-1500.68,127.7
2025-05-01,20037,Ningbo Hometech Manufacturing,697.7,645.3,18.5958,16.4446,0.9288,0.9249,0.6048,0.6295,7.93,9.49,-1500.89,694.8,53.93,15.94
2025-06-01,20037,Ningbo Hometech Manufacturing,947.4,861.2,18.5958,16.4549,0.9288,0.909,0.6048,0.6632,15.18,12.67,-2028.29,927.2,375.64,50.29
2025-07-01,20037,Ningbo Hometech Manufacturing,1418.5,1322.8,15.612,15.6099,0.9288,0.9325,0.6048,0.6825,15.3,19.45,-2.98,1424.2,-88.99,102.78
2025-09-01,20037,Ningbo Hometech Manufacturing,1392.9,1324.0,15.612,16.5638,0.9288,0.9505,0.6048,0.5832,30.87,19.47,1325.76,1425.5,-508.95,-28.6
2025-10-01,20037,Ningbo Hometech Manufacturing,647.6,613.3,15.612,17.3395,0.9288,0.9471,0.6048,0.5941,11.91,9.02,1118.73,660.3,-198.27,-6.56
2025-11-01,20037,Ningbo Hometech Manufacturing,1283.6,1192.0,15.612,17.2675,0.9288,0.9286,0.6048,0.6077,15.69,17.53,2125.0,1283.4,3.12,3.46
2025-12-01,20037,Ningbo Hometech Manufacturing,1052.2,998.0,15.612,18.7925,0.9288,0.9485,0.6048,0.6452,11.32,14.68,3346.52,1074.5,-348.15,40.32
2026-01-01,20037,Ningbo Hometech Manufacturing,443.5,438.1,15.612,21.154,0.9288,0.9879,0.6048,0.6469,6.31,6.44,2457.88,471.7,-440.26,18.44
2026-02-01,20037,Ningbo Hometech Manufacturing,1512.1,1375.7,15.612,21.553,0.9288,0.9098,0.6048,0.5408,16.29,20.23,8983.39,1481.2,482.41,-88.04
2026-03-01,20037,Ningbo Hometech Manufacturing,1065.2,1024.7,15.612,20.5276,0.9288,0.962,0.6048,0.7223,22.89,15.07,5236.1,1103.3,-594.82,120.4
2026-04-01,20037,Ningbo Hometech Manufacturing,741.3,688.8,15.612,20.3948,0.9288,0.9293,0.6048,0.7524,11.2,10.13,3545.49,741.6,-4.68,101.67
2026-05-01,20037,Ningbo Hometech Manufacturing,1534.1,1489.5,15.612,21.273,0.9288,0.971,0.6048,0.6353,24.17,21.9,8684.54,1603.7,-1086.6,45.43
2023-07-01,20038,Silverline Personal Care,433.8,418.4,44.6799,44.8386,0.9217,0.9644,0.8052,0.7923,9.88,6.15,68.84,453.9,-898.07,-5.4
2023-08-01,20038,Silverline Personal Care,402.7,382.8,44.6799,46.3924,0.9217,0.9506,0.8052,0.8075,6.2,5.63,689.62,415.3,-562.97,0.88
2023-09-01,20038,Silverline Personal Care,552.3,498.4,44.6799,44.7881,0.9217,0.9024,0.8052,0.864,6.23,7.33,59.76,540.7,518.29,29.31
2023-10-01,20038,Silverline Personal Care,1005.1,949.4,44.6799,46.4295,0.9217,0.9446,0.8052,0.8567,21.3,13.96,1758.52,1030.1,-1117.0,48.89
2023-12-01,20038,Silverline Personal Care,296.3,264.2,44.6799,48.008,0.9217,0.8916,0.8052,0.8013,3.7,3.88,986.12,286.6,433.4,-1.03
2024-01-01,20038,Silverline Personal Care,660.6,611.1,44.6799,47.7239,0.9217,0.9249,0.8052,0.8373,10.49,8.99,2010.87,663.0,-107.23,19.62
2024-05-01,20038,Silverline Personal Care,571.7,511.9,44.6799,55.1824,0.9217,0.8954,0.8052,0.8613,8.39,7.53,6004.28,555.4,728.28,28.72
2024-06-01,20038,Silverline Personal Care,431.1,403.5,44.6799,56.8029,0.9217,0.9359,0.8052,0.787,8.87,5.93,5226.23,437.8,-299.36,-7.34
2024-07-01,20038,Silverline Personal Care,770.0,692.2,55.7409,56.1527,0.9217,0.899,0.8052,0.8523,11.35,10.18,317.09,751.0,1059.08,32.6
2024-08-01,20038,Silverline Personal Care,420.8,395.1,55.7409,53.824,0.9217,0.939,0.8052,0.9,6.56,5.81,-806.63,428.7,-440.35,37.46
2024-09-01,20038,Silverline Personal Care,554.1,526.8,55.7409,54.178,0.9217,0.9506,0.8052,0.8864,10.87,7.75,-866.0,571.6,-975.47,42.78
2024-10-01,20038,Silverline Personal Care,164.0,153.0,55.7409,50.2394,0.9217,0.9329,0.8052,0.9185,2.03,2.25,-902.25,166.0,-111.48,17.33
2024-12-01,20038,Silverline Personal Care,365.8,322.1,55.7409,54.382,0.9217,0.8806,0.8052,0.9127,7.27,4.74,-497.09,349.5,908.58,34.63
2025-02-01,20038,Silverline Personal Care,153.5,147.7,55.7409,53.552,0.9217,0.962,0.8052,0.7658,2.87,2.17,-336.0,160.2,-373.46,-5.82
2025-03-01,20038,Silverline Personal Care,791.0,749.1,55.7409,53.9807,0.9217,0.947,0.8052,0.8388,11.56,11.02,-1392.32,812.7,-1209.58,25.17
2025-05-01,20038,Silverline Personal Care,164.6,157.1,55.7409,56.5608,0.9217,0.9545,0.8052,0.696,1.89,2.31,134.96,170.4,-323.3,-17.16
2025-07-01,20038,Silverline Personal Care,1285.2,1206.7,51.5808,52.1859,0.9217,0.9389,0.8052,0.8869,25.33,17.74,777.67,1309.2,-1237.94,98.59
2025-10-01,20038,Silverline Personal Care,206.8,193.7,51.5808,51.5846,0.9217,0.937,0.8052,0.8254,2.03,2.85,0.79,210.2,-175.37,3.91
2025-12-01,20038,Silverline Personal Care,363.5,358.7,51.5808,53.1608,0.9217,0.9867,0.8052,0.8068,5.87,5.27,574.33,389.2,-1325.63,0.57
2026-01-01,20038,Silverline Personal Care,240.9,236.6,51.5808,53.2356,0.9217,0.9818,0.8052,0.8009,5.9,3.48,398.64,256.7,-814.98,-1.02
2026-04-01,20038,Silverline Personal Care,290.3,263.5,51.5808,55.4577,0.9217,0.9076,0.8052,0.7661,5.38,3.87,1125.46,285.9,226.96,-10.3
2026-05-01,20038,Silverline Personal Care,609.0,574.1,51.5808,53.9107,0.9217,0.9428,0.8052,0.8369,8.55,8.44,1418.91,622.9,-716.97,18.2
2026-06-01,20038,Silverline Personal Care,245.4,232.7,51.5808,55.3745,0.9217,0.948,0.8052,0.7952,3.91,3.42,930.97,252.5,-366.22,-2.33
2023-07-01,20039,Harlow Textile Group,5041.9,4564.4,41.8398,41.6998,0.8926,0.9053,0.1047,0.1132,63.4,67.12,-705.87,5113.6,-2999.91,38.8
2023-08-01,20039,Harlow Textile Group,3876.2,3581.0,41.8398,41.1202,0.8926,0.9238,0.1047,0.1149,38.46,52.66,-2789.31,4011.9,-5677.66,36.53
2023-09-01,20039,Harlow Textile Group,2735.6,2480.8,41.8398,41.0882,0.8926,0.9068,0.1047,0.1211,60.78,36.48,-2056.08,2779.3,-1828.4,40.69
2023-12-01,20039,Harlow Textile Group,1142.7,1023.4,41.8398,37.1249,0.8926,0.8956,0.1047,0.1167,15.04,15.05,-5387.72,1146.5,-158.99,12.28
2024-02-01,20039,Harlow Textile Group,4233.6,3496.6,41.8398,40.9282,0.8926,0.8259,0.1047,0.1086,84.43,51.42,-3859.35,3917.3,13233.93,13.64
2024-03-01,20039,Harlow Textile Group,2469.2,1978.0,41.8398,43.1347,0.8926,0.8011,0.1047,0.0949,32.7,29.09,3197.37,2216.0,10593.84,-19.38
2024-04-01,20039,Harlow Textile Group,888.5,799.3,41.8398,46.9783,0.8926,0.8997,0.1047,0.107,11.15,11.75,4565.56,895.5,-292.88,1.84
2024-05-01,20039,Harlow Textile Group,976.9,876.7,41.8398,44.7049,0.8926,0.8975,0.1047,0.116,11.87,12.89,2798.92,982.2,-221.75,9.91
2024-06-01,20039,Harlow Textile Group,5456.0,4909.4,41.8398,45.4298,0.8926,0.8998,0.1047,0.0968,69.32,72.2,19587.04,5500.1,-1845.14,-38.78
2024-07-01,20039,Harlow Textile Group,1335.7,1267.0,46.0712,45.9872,0.8926,0.9485,0.1047,0.1095,17.01,18.63,-112.2,1419.4,-3856.16,6.08
2024-09-01,20039,Harlow Textile Group,2337.3,2055.7,46.0712,46.0627,0.8926,0.8795,0.1047,0.094,23.87,30.23,-19.87,2303.0,1580.24,-22.0
2024-10-01,20039,Harlow Textile Group,1774.0,1634.2,46.0712,44.0007,0.8926,0.9212,0.1047,0.1116,36.31,24.03,-3673.07,1830.8,-2616.84,11.28
2024-11-01,20039,Harlow Textile Group,6540.1,5692.7,46.0712,44.4477,0.8926,0.8704,0.1047,0.1079,79.98,83.72,-10617.85,6377.7,7481.96,18.22
2024-12-01,20039,Harlow Textile Group,1814.5,1680.4,46.0712,44.3875,0.8926,0.9261,0.1047,0.1185,25.05,24.71,-3055.07,1882.6,-3137.45,23.19
2025-01-01,20039,Harlow Textile Group,634.3,586.1,46.0712,42.6663,0.8926,0.924,0.1047,0.1183,8.46,8.62,-2159.73,656.6,-1027.39,7.97
2025-02-01,20039,Harlow Textile Group,2988.4,2708.7,46.0712,43.6144,0.8926,0.9064,0.1047,0.1134,39.9,39.83,-7341.9,3034.6,-2128.49,23.57
2025-03-01,20039,Harlow Textile Group,1781.4,1608.1,46.0712,45.3782,0.8926,0.9027,0.1047,0.1072,18.78,23.65,-1234.51,1801.6,-930.64,4.02
2025-05-01,20039,Harlow Textile Group,3189.1,2827.9,46.0712,46.6528,0.8926,0.8867,0.1047,0.0967,39.58,41.59,1854.78,3168.2,962.89,-22.62
2025-08-01,20039,Harlow Textile Group,1190.4,1056.7,48.5137,46.3829,0.8926,0.8877,0.1047,0.1122,11.25,15.54,-2536.5,1183.8,320.19,7.93
2025-09-01,20039,Harlow Textile Group,1441.6,1269.0,48.5137,42.9463,0.8926,0.8802,0.1047,0.1109,15.88,18.66,-8025.96,1421.7,965.42,7.87
2025-10-01,20039,Harlow Textile Group,937.5,822.9,48.5137,41.8054,0.8926,0.8777,0.1047,0.0866,18.35,12.1,-6289.03,921.9,756.81,-14.89
2025-12-01,20039,Harlow Textile Group,2168.3,1983.5,48.5137,42.1341,0.8926,0.9148,0.1047,0.1033,42.82,29.17,-13832.89,2222.2,-2614.89,-2.78
2026-01-01,20039,Harlow Textile Group,3477.7,3229.7,48.5137,43.5749,0.8926,0.9287,0.1047,0.126,37.16,47.5,-17175.66,3618.3,-6821.03,68.79
2026-02-01,20039,Harlow Textile Group,2753.5,2481.3,48.5137,43.3252,0.8926,0.9012,0.1047,0.1082,34.86,36.49,-14286.53,2779.9,-1280.76,8.68
2026-03-01,20039,Harlow Textile Group,1879.3,1673.0,48.5137,45.2647,0.8926,0.8902,0.1047,0.1138,35.34,24.6,-6105.85,1874.3,242.57,15.22
2026-04-01,20039,Harlow Textile Group,1687.6,1557.6,48.5137,45.4527,0.8926,0.923,0.1047,0.1231,34.03,22.91,-5165.74,1745.0,-2784.69,28.66
2026-05-01,20039,Harlow Textile Group,1671.1,1532.6,48.5137,46.3578,0.8926,0.9171,0.1047,0.0914,18.3,22.54,-3602.72,1717.0,-2226.78,-20.38
2026-06-01,20039,Harlow Textile Group,1579.7,1484.0,48.5137,45.9068,0.8926,0.9394,0.1047,0.1042,32.44,21.82,-4118.12,1662.6,-4021.79,-0.74
2023-07-01,20040,Harlow Textile Group,342.0,312.3,20.6162,20.4289,0.9048,0.9133,0.5229,0.4471,3.51,4.59,-64.06,345.2,-65.97,-23.67
2023-08-01,20040,Harlow Textile Group,499.3,460.5,20.6162,20.4505,0.9048,0.9224,0.5229,0.605,7.84,6.77,-82.73,509.0,-199.98,37.81
2023-09-01,20040,Harlow Textile Group,323.1,290.0,20.6162,18.6103,0.9048,0.8976,0.5229,0.5028,7.1,4.26,-648.11,320.5,53.6,-5.83
2023-11-01,20040,Harlow Textile Group,301.0,279.2,20.6162,19.1449,0.9048,0.9275,0.5229,0.5557,3.19,4.11,-442.86,308.6,-156.68,9.16
2024-01-01,20040,Harlow Textile Group,121.1,107.9,20.6162,19.9408,0.9048,0.8906,0.5229,0.6072,1.69,1.59,-81.79,119.3,37.11,9.1
2024-03-01,20040,Harlow Textile Group,184.2,168.4,20.6162,20.1039,0.9048,0.914,0.5229,0.5846,2.15,2.48,-94.37,186.1,-39.17,10.39
2024-04-01,20040,Harlow Textile Group,389.0,362.2,20.6162,21.77,0.9048,0.9311,0.5229,0.5538,5.24,5.33,448.83,400.3,-232.96,11.19
2024-05-01,20040,Harlow Textile Group,288.7,263.0,20.6162,21.7403,0.9048,0.911,0.5229,0.5413,3.62,3.87,324.53,290.7,-41.23,4.84
2024-06-01,20040,Harlow Textile Group,286.0,245.7,20.6162,22.1698,0.9048,0.8591,0.5229,0.5798,3.62,3.61,444.33,271.6,296.87,13.98
2024-07-01,20040,Harlow Textile Group,357.9,310.6,22.5753,22.6481,0.9048,0.8676,0.5229,0.541,5.64,4.57,26.06,343.3,329.6,5.62
2024-08-01,20040,Harlow Textile Group,482.8,415.0,22.5753,23.1612,0.9048,0.8595,0.5229,0.526,5.14,6.1,282.87,458.7,544.06,1.29
2024-09-01,20040,Harlow Textile Group,327.5,285.1,22.5753,24.2151,0.9048,0.8706,0.5229,0.4599,4.54,4.19,537.03,315.1,279.93,-17.96
2024-10-01,20040,Harlow Textile Group,350.1,303.2,22.5753,24.1046,0.9048,0.8662,0.5229,0.6114,3.49,4.46,535.41,335.1,338.63,26.83
2024-11-01,20040,Harlow Textile Group,160.0,147.0,22.5753,22.9131,0.9048,0.9191,0.5229,0.5343,1.58,2.16,54.05,162.5,-56.44,1.68
2024-12-01,20040,Harlow Textile Group,450.6,407.2,22.5753,22.5165,0.9048,0.9036,0.5229,0.5861,6.51,5.99,-26.5,450.0,13.55,25.74
2025-01-01,20040,Harlow Textile Group,590.6,540.2,22.5753,21.8816,0.9048,0.9146,0.5229,0.5257,7.41,7.94,-409.7,597.0,-144.48,1.51
2025-02-01,20040,Harlow Textile Group,547.3,510.0,22.5753,22.3735,0.9048,0.9318,0.5229,0.5433,6.42,7.5,-110.45,563.7,-370.23,10.4
2025-04-01,20040,Harlow Textile Group,261.0,235.4,22.5753,25.1628,0.9048,0.902,0.5229,0.5123,5.53,3.46,675.34,260.2,18.06,-2.5
2025-05-01,20040,Harlow Textile Group,1037.0,951.4,22.5753,26.0935,0.9048,0.9175,0.5229,0.5142,15.93,13.99,3648.37,1051.5,-327.34,-8.28
2025-06-01,20040,Harlow Textile Group,84.6,79.9,22.5753,25.1961,0.9048,0.9446,0.5229,0.5402,0.87,1.18,221.72,88.3,-83.53,1.38
2025-07-01,20040,Harlow Textile Group,109.6,101.8,24.043,24.1038,0.9048,0.9295,0.5229,0.6272,1.27,1.5,6.66,112.5,-69.72,10.62
2025-08-01,20040,Harlow Textile Group,300.2,278.0,24.043,24.9633,0.9048,0.926,0.5229,0.5556,3.76,4.09,276.27,307.3,-170.71,9.09
2025-09-01,20040,Harlow Textile Group,63.2,58.4,24.043,23.4675,0.9048,0.9232,0.5229,0.5227,0.91,0.86,-36.37,64.5,-31.26,-0.01
2025-10-01,20040,Harlow Textile Group,203.8,183.2,24.043,22.7534,0.9048,0.8988,0.5229,0.4599,3.92,2.69,-262.82,202.5,31.26,-11.54
2025-11-01,20040,Harlow Textile Group,1186.6,1049.5,24.043,22.49,0.9048,0.8845,0.5229,0.484,15.36,15.43,-1842.79,1159.9,641.95,-40.83
2026-01-01,20040,Harlow Textile Group,68.0,63.1,24.043,24.5551,0.9048,0.9266,0.5229,0.6085,1.12,0.93,34.82,69.7,-40.87,5.4
2026-02-01,20040,Harlow Textile Group,158.0,150.2,24.043,25.5968,0.9048,0.9506,0.5229,0.5597,3.56,2.21,245.5,166.0,-192.34,5.53
2026-04-01,20040,Harlow Textile Group,161.3,149.4,24.043,26.0374,0.9048,0.9262,0.5229,0.5096,1.93,2.2,321.7,165.1,-91.36,-1.99
2026-05-01,20040,Harlow Textile Group,425.3,407.4,24.043,26.9538,0.9048,0.9578,0.5229,0.5612,9.02,5.99,1237.96,450.3,-601.07,15.6
2026-06-01,20040,Harlow Textile Group,604.0,560.3,24.043,26.0109,0.9048,0.9275,0.5229,0.5511,11.05,8.24,1188.61,619.3,-367.86,15.8
2023-07-01,20041,Shenzhen Kaiyuan Electronics,1777.3,1650.7,24.127,24.4358,0.9409,0.9287,0.5419,0.4822,21.59,24.27,548.83,1754.4,552.51,-98.55
2023-08-01,20041,Shenzhen Kaiyuan Electronics,648.1,596.3,24.127,24.5528,0.9409,0.9201,0.5419,0.5851,10.55,8.77,275.96,633.8,345.02,25.76
2023-09-01,20041,Shenzhen Kaiyuan Electronics,1002.1,951.5,24.127,23.9186,0.9409,0.9495,0.5419,0.5722,19.83,13.99,-208.84,1011.3,-221.97,28.83
2023-10-01,20041,Shenzhen Kaiyuan Electronics,329.8,321.5,24.127,23.2808,0.9409,0.9748,0.5419,0.5912,8.25,4.73,-279.08,341.7,-287.11,15.85
2023-11-01,20041,Shenzhen Kaiyuan Electronics,2212.9,2137.6,24.127,24.7327,0.9409,0.966,0.5419,0.5294,29.39,31.44,1340.35,2271.9,-1423.49,-26.72
2023-12-01,20041,Shenzhen Kaiyuan Electronics,775.9,757.3,24.127,25.1861,0.9409,0.976,0.5419,0.5256,19.03,11.14,821.76,804.9,-699.68,-12.34
2024-01-01,20041,Shenzhen Kaiyuan Electronics,1567.1,1485.0,24.127,24.8508,0.9409,0.9476,0.5419,0.5197,23.23,21.84,1134.27,1578.3,-270.22,-32.97
2024-02-01,20041,Shenzhen Kaiyuan Electronics,739.3,729.0,24.127,24.5194,0.9409,0.9861,0.5419,0.5099,7.94,10.72,290.1,774.8,-856.51,-23.33
2024-04-01,20041,Shenzhen Kaiyuan Electronics,901.2,857.9,24.127,23.5676,0.9409,0.9519,0.5419,0.5182,9.38,12.62,-504.13,911.8,-255.75,-20.33
2024-05-01,20041,Shenzhen Kaiyuan Electronics,1551.8,1486.7,24.127,23.1589,0.9409,0.9581,0.5419,0.5044,38.18,21.86,-1502.3,1580.1,-682.79,-55.75
2024-06-01,20041,Shenzhen Kaiyuan Electronics,938.2,892.6,24.127,22.046,0.9409,0.9514,0.5419,0.5214,16.78,13.13,-1952.39,948.7,-253.33,-18.3
2024-07-01,20041,Shenzhen Kaiyuan Electronics,1868.9,1757.3,22.0322,22.2072,0.9409,0.9403,0.5419,0.521,25.81,25.84,327.06,1867.7,26.44,-36.73
2024-08-01,20041,Shenzhen Kaiyuan Electronics,465.4,434.5,22.0322,20.2985,0.9409,0.9337,0.5419,0.5856,8.01,6.39,-806.86,461.8,79.32,18.99
2024-09-01,20041,Shenzhen Kaiyuan Electronics,2497.8,2393.9,22.0322,18.8031,0.9409,0.9584,0.5419,0.5605,33.94,35.2,-8065.65,2544.3,-1024.5,44.53
2024-10-01,20041,Shenzhen Kaiyuan Electronics,2128.6,2055.4,22.0322,19.2011,0.9409,0.9656,0.5419,0.5283,35.16,30.23,-6026.28,2184.5,-1231.6,-27.95
2024-11-01,20041,Shenzhen Kaiyuan Electronics,1037.2,960.9,22.0322,18.8407,0.9409,0.9265,0.5419,0.5122,10.08,14.13,-3310.22,1021.3,350.31,-28.54
2024-12-01,20041,Shenzhen Kaiyuan Electronics,1389.2,1288.0,22.0322,18.6772,0.9409,0.9272,0.5419,0.5753,19.23,18.94,-4660.77,1368.9,447.25,43.02
2025-01-01,20041,Shenzhen Kaiyuan Electronics,802.3,717.9,22.0322,18.4679,0.9409,0.8948,0.5419,0.5633,17.58,10.56,-2859.64,763.0,865.87,15.36
2025-02-01,20041,Shenzhen Kaiyuan Electronics,3322.9,3054.8,22.0322,19.0268,0.9409,0.9193,0.5419,0.5417,38.34,44.92,-9986.64,3246.7,1678.85,-0.61
2025-03-01,20041,Shenzhen Kaiyuan Electronics,1437.7,1376.1,22.0322,19.586,0.9409,0.9572,0.5419,0.531,17.92,20.24,-3516.9,1462.5,-546.4,-15.0
2025-05-01,20041,Shenzhen Kaiyuan Electronics,1309.3,1220.4,22.0322,19.5434,0.9409,0.932,0.5419,0.5716,15.27,17.95,-3258.59,1297.1,268.79,36.25
2025-07-01,20041,Shenzhen Kaiyuan Electronics,1134.8,1077.7,18.3269,18.1632,0.9409,0.9496,0.5419,0.5079,20.8,15.85,-185.77,1145.4,-194.27,-36.64
2025-09-01,20041,Shenzhen Kaiyuan Electronics,770.9,741.5,18.3269,18.1615,0.9409,0.9618,0.5419,0.5643,10.58,10.9,-127.51,788.1,-315.22,16.61
2025-10-01,20041,Shenzhen Kaiyuan Electronics,1161.9,1117.8,18.3269,18.5323,0.9409,0.962,0.5419,0.5981,27.25,16.44,238.65,1188.0,-478.33,62.82
2025-11-01,20041,Shenzhen Kaiyuan Electronics,898.4,857.9,18.3269,18.4978,0.9409,0.955,0.5419,0.5171,10.81,12.62,153.54,911.8,-245.58,-21.28
2025-12-01,20041,Shenzhen Kaiyuan Electronics,282.9,265.4,18.3269,19.2689,0.9409,0.9379,0.5419,0.5429,5.57,3.9,266.49,282.1,14.66,0.27
2026-01-01,20041,Shenzhen Kaiyuan Electronics,1507.8,1436.3,18.3269,20.8911,0.9409,0.9526,0.5419,0.5199,18.34,21.12,3866.3,1526.5,-342.71,-31.6
2026-02-01,20041,Shenzhen Kaiyuan Electronics,1660.2,1606.5,18.3269,21.5684,0.9409,0.9677,0.5419,0.5753,23.35,23.63,5381.54,1707.4,-865.03,53.66
2026-03-01,20041,Shenzhen Kaiyuan Electronics,795.8,762.2,18.3269,21.2872,0.9409,0.9578,0.5419,0.5817,13.44,11.21,2355.81,810.1,-262.07,30.34
2026-04-01,20041,Shenzhen Kaiyuan Electronics,1821.2,1717.0,18.3269,20.9227,0.9409,0.9428,0.5419,0.5763,25.65,25.25,4727.47,1824.8,-65.98,59.06
2026-05-01,20041,Shenzhen Kaiyuan Electronics,1063.5,1016.5,18.3269,20.771,0.9409,0.9558,0.5419,0.5707,10.79,14.95,2599.3,1080.3,-307.89,29.28
2023-07-01,20042,Ashworth Tools & Hardware,967.9,825.4,43.4702,43.8222,0.8584,0.8528,0.5119,0.5162,8.74,12.14,340.7,961.6,273.86,3.55
2023-08-01,20042,Ashworth Tools & Hardware,589.7,518.3,43.4702,45.0779,0.8584,0.8788,0.5119,0.4638,8.56,7.62,948.06,603.8,-612.93,-24.93
2023-09-01,20042,Ashworth Tools & Hardware,2008.3,1740.8,43.4702,47.3852,0.8584,0.8668,0.5119,0.5832,31.41,25.6,7862.49,2028.0,-856.36,124.12
2023-10-01,20042,Ashworth Tools & Hardware,2100.3,1876.4,43.4702,46.4074,0.8584,0.8934,0.5119,0.5571,20.06,27.59,6169.0,2185.9,-3721.05,84.81
2023-11-01,20042,Ashworth Tools & Hardware,1979.6,1725.5,43.4702,46.2972,0.8584,0.8716,0.5119,0.474,24.67,25.38,5596.33,2010.1,-1325.84,-65.4
2023-12-01,20042,Ashworth Tools & Hardware,755.9,682.3,43.4702,44.8726,0.8584,0.9026,0.5119,0.4672,9.89,10.03,1060.07,794.9,-1695.34,-30.5
2024-01-01,20042,Ashworth Tools & Hardware,1229.5,1082.7,43.4702,43.5192,0.8584,0.8806,0.5119,0.5088,20.96,15.92,60.25,1261.3,-1382.35,-3.36
2024-03-01,20042,Ashworth Tools & Hardware,962.5,846.5,43.4702,42.0659,0.8584,0.8796,0.5119,0.4519,11.54,12.45,-1351.64,986.1,-1025.9,-50.79
2024-04-01,20042,Ashworth Tools & Hardware,522.2,438.6,43.4702,40.2633,0.8584,0.8399,0.5119,0.5079,5.87,6.45,-1674.64,511.0,486.87,-1.75
2024-05-01,20042,Ashworth Tools & Hardware,750.8,660.6,43.4702,38.0172,0.8584,0.8799,0.5119,0.4571,10.94,9.72,-4094.11,769.6,-817.24,-36.2
2024-06-01,20042,Ashworth Tools & Hardware,984.2,860.2,43.4702,36.6322,0.8584,0.874,0.5119,0.4485,12.28,12.65,-6729.96,1002.1,-778.12,-54.54
2024-07-01,20042,Ashworth Tools & Hardware,1015.2,849.0,35.2144,35.6799,0.8584,0.8363,0.5119,0.5433,20.75,12.48,472.58,989.0,922.62,26.66
2024-08-01,20042,Ashworth Tools & Hardware,2772.3,2438.4,35.2144,36.5687,0.8584,0.8796,0.5119,0.5153,28.16,35.86,3754.53,2840.6,-2405.14,8.29
2024-10-01,20042,Ashworth Tools & Hardware,690.6,605.5,35.2144,36.256,0.8584,0.8768,0.5119,0.5579,6.97,8.9,719.33,705.4,-521.17,27.85
2024-11-01,20042,Ashworth Tools & Hardware,1520.0,1288.3,35.2144,37.7096,0.8584,0.8476,0.5119,0.5156,21.44,18.95,3792.7,1500.8,676.12,4.77
2024-12-01,20042,Ashworth Tools & Hardware,2023.8,1803.8,35.2144,38.8941,0.8584,0.8913,0.5119,0.418,28.16,26.53,7446.98,2101.4,-2732.64,-169.38
2025-01-01,20042,Ashworth Tools & Hardware,530.2,452.4,35.2144,38.2425,0.8584,0.8531,0.5119,0.5611,6.0,6.65,1605.5,527.0,112.69,22.26
2025-02-01,20042,Ashworth Tools & Hardware,745.1,654.0,35.2144,37.7748,0.8584,0.8777,0.5119,0.4568,11.98,9.62,1907.75,761.9,-591.6,-36.04
2025-03-01,20042,Ashworth Tools & Hardware,2303.9,2008.5,35.2144,36.8588,0.8584,0.8718,0.5119,0.4894,28.93,29.54,3788.53,2339.8,-1264.2,-45.19
2025-04-01,20042,Ashworth Tools & Hardware,563.9,478.1,35.2144,37.1401,0.8584,0.8477,0.5119,0.538,5.16,7.03,1085.9,557.0,242.98,12.48
2025-06-01,20042,Ashworth Tools & Hardware,1295.4,1075.8,35.2144,35.5481,0.8584,0.8305,0.5119,0.4835,27.74,15.82,432.27,1253.3,1482.53,-30.55
2025-08-01,20042,Ashworth Tools & Hardware,636.0,534.7,37.9241,38.6903,0.8584,0.8407,0.5119,0.4577,7.74,7.86,487.3,622.9,496.81,-28.98
2025-09-01,20042,Ashworth Tools & Hardware,1611.5,1374.0,37.9241,39.6103,0.8584,0.8526,0.5119,0.5565,15.71,20.21,2717.31,1600.7,409.58,61.28
2025-10-01,20042,Ashworth Tools & Hardware,1652.0,1448.3,37.9241,38.9399,0.8584,0.8767,0.5119,0.4474,26.76,21.3,1678.1,1687.2,-1334.93,-93.42
2025-11-01,20042,Ashworth Tools & Hardware,963.6,824.3,37.9241,39.9705,0.8584,0.8554,0.5119,0.568,18.34,12.12,1971.91,960.3,125.15,46.24
2025-12-01,20042,Ashworth Tools & Hardware,448.2,379.2,37.9241,40.0487,0.8584,0.846,0.5119,0.4755,8.27,5.58,952.25,441.8,242.71,-13.8
2026-01-01,20042,Ashworth Tools & Hardware,3224.0,2669.8,37.9241,39.1469,0.8584,0.8281,0.5119,0.5572,28.48,39.26,3942.31,3110.2,4315.76,120.94
2026-02-01,20042,Ashworth Tools & Hardware,1832.8,1626.4,37.9241,37.6732,0.8584,0.8874,0.5119,0.5326,17.01,23.92,-459.85,1894.7,-2347.5,33.67
2026-03-01,20042,Ashworth Tools & Hardware,406.2,353.8,37.9241,37.638,0.8584,0.8709,0.5119,0.584,8.26,5.2,-116.21,412.2,-227.54,25.51
2026-04-01,20042,Ashworth Tools & Hardware,555.9,497.8,37.9241,35.8959,0.8584,0.8956,0.5119,0.4608,10.44,7.32,-1127.48,579.9,-910.18,-25.44
2026-05-01,20042,Ashworth Tools & Hardware,2201.4,1887.9,37.9241,35.2005,0.8584,0.8576,0.5119,0.5372,25.1,27.76,-5995.73,2199.3,79.64,47.76
2026-06-01,20042,Ashworth Tools & Hardware,728.4,635.4,37.9241,37.0148,0.8584,0.8723,0.5119,0.5396,8.57,9.34,-662.33,740.2,-447.5,17.6
2023-08-01,20043,Silverline Personal Care,58.9,50.0,24.6395,24.1682,0.8351,0.8494,0.0791,0.0801,0.88,0.74,-27.76,59.9,-24.64,0.05
2023-09-01,20043,Silverline Personal Care,59.7,50.0,24.6395,23.9799,0.8351,0.8375,0.0791,0.095,0.93,0.74,-39.38,59.9,-4.93,0.8
2023-10-01,20043,Silverline Personal Care,60.3,50.0,24.6395,23.4635,0.8351,0.8286,0.0791,0.0671,0.53,0.74,-70.91,59.9,9.86,-0.6
2023-11-01,20043,Silverline Personal Care,58.8,50.0,24.6395,22.4564,0.8351,0.8502,0.0791,0.0883,0.75,0.74,-128.37,59.9,-27.1,0.46
2023-12-01,20043,Silverline Personal Care,59.9,50.0,24.6395,22.888,0.8351,0.8348,0.0791,0.0941,0.94,0.74,-104.91,59.9,0.0,0.75
2024-01-01,20043,Silverline Personal Care,60.0,50.0,24.6395,22.4693,0.8351,0.8336,0.0791,0.0855,0.65,0.74,-130.21,59.9,2.46,0.32
2024-02-01,20043,Silverline Personal Care,77.3,62.9,24.6395,21.541,0.8351,0.8136,0.0791,0.0845,0.68,0.92,-239.51,75.3,49.28,0.34
2024-03-01,20043,Silverline Personal Care,61.0,50.0,24.6395,21.688,0.8351,0.8191,0.0791,0.0778,0.77,0.74,-180.04,59.9,27.1,-0.07
2024-05-01,20043,Silverline Personal Care,62.1,50.0,24.6395,20.8753,0.8351,0.8057,0.0791,0.0781,0.76,0.74,-233.76,59.9,54.21,-0.05
2024-07-01,20043,Silverline Personal Care,61.9,50.0,18.8689,19.0578,0.8351,0.8081,0.0791,0.0828,0.76,0.74,11.69,59.9,37.74,0.18
2024-10-01,20043,Silverline Personal Care,60.4,50.0,18.8689,20.1471,0.8351,0.8276,0.0791,0.0825,0.71,0.74,77.2,59.9,9.43,0.17
2024-11-01,20043,Silverline Personal Care,62.0,50.0,18.8689,20.8656,0.8351,0.8069,0.0791,0.0762,0.71,0.74,123.8,59.9,39.62,-0.14
2024-12-01,20043,Silverline Personal Care,71.0,56.8,18.8689,21.4126,0.8351,0.8001,0.0791,0.0859,1.2,0.83,180.6,68.0,56.61,0.39
2025-01-01,20043,Silverline Personal Care,63.3,50.0,18.8689,21.7841,0.8351,0.7901,0.0791,0.0805,0.64,0.74,184.53,59.9,64.15,0.07
2025-04-01,20043,Silverline Personal Care,63.0,50.0,18.8689,20.4829,0.8351,0.7938,0.0791,0.0823,0.62,0.74,101.68,59.9,58.49,0.16
2025-05-01,20043,Silverline Personal Care,59.4,50.0,18.8689,20.1346,0.8351,0.8414,0.0791,0.0721,0.53,0.74,75.18,59.9,-9.43,-0.35
2025-06-01,20043,Silverline Personal Care,58.6,50.0,18.8689,19.211,0.8351,0.854,0.0791,0.0927,0.53,0.74,20.05,59.9,-24.53,0.68
2025-09-01,20043,Silverline Personal Care,61.7,53.2,20.2093,19.8176,0.8351,0.8613,0.0791,0.0813,0.7,0.78,-24.17,63.7,-40.42,0.12
2025-10-01,20043,Silverline Personal Care,59.3,50.0,20.2093,19.7492,0.8351,0.8435,0.0791,0.0867,0.58,0.74,-27.28,59.9,-12.13,0.38
2025-11-01,20043,Silverline Personal Care,86.6,73.1,20.2093,18.9363,0.8351,0.8438,0.0791,0.0812,1.13,1.07,-110.24,87.5,-18.19,0.15
2025-12-01,20043,Silverline Personal Care,56.5,50.0,20.2093,19.0849,0.8351,0.8852,0.0791,0.0825,0.76,0.74,-63.53,59.9,-68.71,0.17
2026-01-01,20043,Silverline Personal Care,57.7,50.0,20.2093,17.8678,0.8351,0.8672,0.0791,0.0946,0.73,0.74,-135.1,59.9,-44.46,0.78
2026-02-01,20043,Silverline Personal Care,57.1,50.0,20.2093,17.4341,0.8351,0.8751,0.0791,0.0742,0.71,0.74,-158.46,59.9,-56.59,-0.25
2026-03-01,20043,Silverline Personal Care,57.3,50.0,20.2093,17.2536,0.8351,0.8726,0.0791,0.0923,0.86,0.74,-169.36,59.9,-52.54,0.66
2026-05-01,20043,Silverline Personal Care,59.2,50.0,20.2093,18.0391,0.8351,0.8453,0.0791,0.0873,0.54,0.74,-128.48,59.9,-14.15,0.41
2026-06-01,20043,Silverline Personal Care,57.6,50.0,20.2093,18.8821,0.8351,0.8682,0.0791,0.0734,0.95,0.74,-76.45,59.9,-46.48,-0.28
2023-07-01,20044,Guangzhou Vantage Industrial,222.6,221.5,5.1012,5.1302,0.995,0.995,0.4583,0.4653,2.53,3.26,6.46,222.6,0.0,1.55
2023-08-01,20044,Guangzhou Vantage Industrial,295.2,287.4,5.1012,5.2195,0.995,0.9736,0.4583,0.405,4.58,4.23,34.92,288.8,32.65,-15.32
2023-09-01,20044,Guangzhou Vantage Industrial,922.7,907.9,5.1012,4.907,0.995,0.984,0.4583,0.5099,13.77,13.35,-179.19,912.5,52.03,46.85
2023-11-01,20044,Guangzhou Vantage Industrial,274.1,272.8,5.1012,4.8681,0.995,0.995,0.4583,0.4248,2.87,4.01,-63.89,274.2,-0.51,-9.14
2023-12-01,20044,Guangzhou Vantage Industrial,298.8,297.3,5.1012,4.7499,0.995,0.995,0.4583,0.5116,6.2,4.37,-104.97,298.8,0.0,15.85
2024-01-01,20044,Guangzhou Vantage Industrial,186.7,180.3,5.1012,4.8348,0.995,0.9658,0.4583,0.5596,3.71,2.65,-49.74,181.2,28.06,18.26
2024-02-01,20044,Guangzhou Vantage Industrial,814.8,807.7,5.1012,4.7643,0.995,0.9913,0.4583,0.5189,16.02,11.88,-274.51,811.8,15.3,48.95
2024-03-01,20044,Guangzhou Vantage Industrial,482.2,468.6,5.1012,4.7729,0.995,0.9718,0.4583,0.4358,9.31,6.89,-158.31,471.0,57.13,-10.54
2024-04-01,20044,Guangzhou Vantage Industrial,303.6,302.1,5.1012,4.9353,0.995,0.995,0.4583,0.492,5.72,4.44,-50.37,303.6,0.0,10.18
2024-06-01,20044,Guangzhou Vantage Industrial,263.9,262.6,5.1012,5.4832,0.995,0.995,0.4583,0.4583,5.68,3.86,100.81,263.9,0.0,0.0
2024-08-01,20044,Guangzhou Vantage Industrial,220.0,218.9,5.7406,5.6282,0.995,0.995,0.4583,0.4637,4.46,3.22,-24.73,220.0,0.0,1.18
2024-09-01,20044,Guangzhou Vantage Industrial,427.4,425.2,5.7406,5.7185,0.995,0.995,0.4583,0.5103,8.32,6.25,-9.45,427.3,0.57,22.11
2024-10-01,20044,Guangzhou Vantage Industrial,351.7,350.0,5.7406,5.9619,0.995,0.995,0.4583,0.5215,8.05,5.15,77.83,351.8,-0.57,22.12
2024-11-01,20044,Guangzhou Vantage Industrial,215.5,214.4,5.7406,5.9928,0.995,0.995,0.4583,0.4039,3.9,3.15,54.35,215.5,0.0,-11.66
2024-12-01,20044,Guangzhou Vantage Industrial,387.1,385.1,5.7406,5.98,0.995,0.995,0.4583,0.3991,4.64,5.66,92.67,387.0,0.57,-22.8
2025-01-01,20044,Guangzhou Vantage Industrial,225.6,224.4,5.7406,6.1335,0.995,0.995,0.4583,0.4579,5.68,3.3,88.64,225.5,0.57,-0.09
2025-03-01,20044,Guangzhou Vantage Industrial,533.7,531.0,5.7406,6.5029,0.995,0.995,0.4583,0.5101,6.45,7.81,406.84,533.7,0.0,27.51
2025-05-01,20044,Guangzhou Vantage Industrial,269.1,267.8,5.7406,6.9798,0.995,0.995,0.4583,0.5119,3.76,3.94,333.47,269.1,0.0,14.35
2025-06-01,20044,Guangzhou Vantage Industrial,270.1,262.4,5.7406,7.0151,0.995,0.9717,0.4583,0.4524,2.77,3.86,344.24,263.7,36.74,-1.55
2025-07-01,20044,Guangzhou Vantage Industrial,454.5,452.3,6.8385,6.9029,0.995,0.995,0.4583,0.4331,7.33,6.65,29.27,454.6,-0.68,-11.4
2025-09-01,20044,Guangzhou Vantage Industrial,443.7,441.5,6.8385,7.0207,0.995,0.995,0.4583,0.4823,6.89,6.49,80.84,443.7,0.0,10.6
2025-10-01,20044,Guangzhou Vantage Industrial,521.3,518.7,6.8385,6.8257,0.995,0.995,0.4583,0.5012,11.74,7.63,-6.67,521.3,0.0,22.25
2025-11-01,20044,Guangzhou Vantage Industrial,313.1,311.6,6.8385,6.7882,0.995,0.995,0.4583,0.4782,4.67,4.58,-15.75,313.2,-0.68,6.2
2025-12-01,20044,Guangzhou Vantage Industrial,648.5,645.2,6.8385,6.5908,0.995,0.995,0.4583,0.4812,7.56,9.49,-160.63,648.4,0.68,14.78
2026-01-01,20044,Guangzhou Vantage Industrial,213.7,212.6,6.8385,6.6928,0.995,0.995,0.4583,0.488,3.75,3.13,-31.14,213.7,0.0,6.31
2026-02-01,20044,Guangzhou Vantage Industrial,228.8,227.7,6.8385,7.0676,0.995,0.995,0.4583,0.4289,3.05,3.35,52.42,228.8,0.0,-6.69
2026-03-01,20044,Guangzhou Vantage Industrial,158.1,157.3,6.8385,6.9899,0.995,0.995,0.4583,0.4663,1.66,2.31,23.94,158.1,0.0,1.26
2026-04-01,20044,Guangzhou Vantage Industrial,147.1,140.6,6.8385,7.23,0.995,0.9561,0.4583,0.483,1.58,2.07,57.59,141.3,39.66,3.47
2026-05-01,20044,Guangzhou Vantage Industrial,181.9,181.0,6.8385,7.7537,0.995,0.995,0.4583,0.4207,2.11,2.66,166.47,181.9,0.0,-6.81
2026-06-01,20044,Guangzhou Vantage Industrial,671.5,668.1,6.8385,7.8901,0.995,0.995,0.4583,0.5094,7.56,9.83,706.15,671.5,0.0,34.14
2023-07-01,20045,Guangzhou Vantage Industrial,2229.0,1961.6,10.0041,10.012,0.8782,0.88,0.1695,0.1814,20.93,28.85,17.61,2233.7,-47.02,23.34
2023-08-01,20045,Guangzhou Vantage Industrial,5916.2,5240.3,10.0041,10.3844,0.8782,0.8858,0.1695,0.1681,76.88,77.06,2249.93,5967.1,-509.21,-7.34
2023-09-01,20045,Guangzhou Vantage Industrial,7243.6,6384.8,10.0041,9.9545,0.8782,0.8814,0.1695,0.1807,166.91,93.89,-359.28,7270.3,-267.11,71.51
2023-10-01,20045,Guangzhou Vantage Industrial,3373.5,3010.9,10.0041,10.4457,0.8782,0.8925,0.1695,0.1929,34.07,44.28,1489.74,3428.5,-550.23,70.46
2023-11-01,20045,Guangzhou Vantage Industrial,5772.4,5030.5,10.0041,10.7536,0.8782,0.8715,0.1695,0.1707,98.36,73.98,4326.41,5728.2,442.18,6.04
2024-01-01,20045,Guangzhou Vantage Industrial,5651.8,5170.1,10.0041,9.8041,0.8782,0.9148,0.1695,0.1706,65.19,76.03,-1130.36,5887.2,-2354.97,5.69
2024-02-01,20045,Guangzhou Vantage Industrial,1876.8,1662.2,10.0041,9.8327,0.8782,0.8857,0.1695,0.1747,22.46,24.44,-321.68,1892.7,-159.07,8.64
2024-03-01,20045,Guangzhou Vantage Industrial,2542.5,2240.8,10.0041,10.0471,0.8782,0.8813,0.1695,0.1536,31.13,32.95,109.33,2551.6,-91.04,-35.63
2024-04-01,20045,Guangzhou Vantage Industrial,5351.2,4865.6,10.0041,9.9737,0.8782,0.9093,0.1695,0.1528,90.14,71.55,-162.68,5540.4,-1892.78,-81.26
2024-05-01,20045,Guangzhou Vantage Industrial,2611.3,2325.0,10.0041,10.7285,0.8782,0.8903,0.1695,0.1636,24.91,34.19,1891.63,2647.5,-362.15,-13.72
2024-06-01,20045,Guangzhou Vantage Industrial,2286.1,1993.0,10.0041,11.7646,0.8782,0.8718,0.1695,0.1696,34.78,29.31,4024.68,2269.4,167.07,0.2
2024-07-01,20045,Guangzhou Vantage Industrial,2643.8,2187.6,11.7089,11.5922,0.8782,0.8274,0.1695,0.1642,30.01,32.17,-308.53,2491.0,1789.12,-11.59
2024-08-01,20045,Guangzhou Vantage Industrial,2511.7,2144.1,11.7089,11.7039,0.8782,0.8536,0.1695,0.166,54.63,31.53,-12.56,2441.5,821.96,-7.5
2024-09-01,20045,Guangzhou Vantage Industrial,5334.5,4758.9,11.7089,11.6392,0.8782,0.8921,0.1695,0.1942,94.71,69.98,-371.81,5418.9,-988.23,117.54
2024-12-01,20045,Guangzhou Vantage Industrial,1069.9,912.8,11.7089,11.2918,0.8782,0.8531,0.1695,0.1824,14.35,13.42,-446.26,1039.4,357.12,11.78
2025-01-01,20045,Guangzhou Vantage Industrial,5062.9,4486.2,11.7089,10.8699,0.8782,0.8861,0.1695,0.1679,73.8,65.97,-4247.77,5108.4,-532.75,-7.18
2025-03-01,20045,Guangzhou Vantage Industrial,4087.9,3550.9,11.7089,10.7492,0.8782,0.8686,0.1695,0.1868,61.45,52.22,-3923.16,4043.4,521.05,61.43
2025-04-01,20045,Guangzhou Vantage Industrial,2760.2,2460.0,11.7089,10.788,0.8782,0.8913,0.1695,0.1776,27.56,36.18,-2541.87,2801.2,-480.06,19.93
2025-06-01,20045,Guangzhou Vantage Industrial,2774.0,2515.3,11.7089,11.3432,0.8782,0.9067,0.1695,0.2082,27.53,36.99,-1014.45,2864.2,-1056.14,97.34
2025-07-01,20045,Guangzhou Vantage Industrial,5577.5,5152.1,12.1447,12.0827,0.8782,0.9237,0.1695,0.1885,100.98,75.77,-345.8,5866.7,-3512.25,97.89
2025-08-01,20045,Guangzhou Vantage Industrial,2084.7,1978.4,12.1447,12.4752,0.8782,0.949,0.1695,0.188,29.86,29.09,688.99,2252.8,-2041.52,36.6
2025-09-01,20045,Guangzhou Vantage Industrial,3553.4,3181.9,12.1447,13.0351,0.8782,0.8955,0.1695,0.1582,46.46,46.79,3163.95,3623.2,-847.7,-35.96
2025-10-01,20045,Guangzhou Vantage Industrial,1520.8,1379.6,12.1447,13.5701,0.8782,0.9072,0.1695,0.2007,26.04,20.29,2167.75,1570.9,-608.45,43.04
2025-11-01,20045,Guangzhou Vantage Industrial,3712.2,3364.7,12.1447,13.5525,0.8782,0.9064,0.1695,0.1793,35.75,49.48,5226.04,3831.4,-1447.65,32.97
2025-12-01,20045,Guangzhou Vantage Industrial,4311.3,3875.9,12.1447,12.7242,0.8782,0.899,0.1695,0.2025,42.4,57.0,2498.4,4413.5,-1241.19,127.9
2026-01-01,20045,Guangzhou Vantage Industrial,4335.1,3639.9,12.1447,12.5072,0.8782,0.8396,0.1695,0.1736,44.04,53.53,1571.47,4144.7,2312.35,14.92
2026-02-01,20045,Guangzhou Vantage Industrial,1776.8,1564.0,12.1447,12.482,0.8782,0.8802,0.1695,0.1701,25.17,23.0,599.31,1780.9,-49.79,0.94
2026-03-01,20045,Guangzhou Vantage Industrial,7491.0,6289.4,12.1447,12.4358,0.8782,0.8396,0.1695,0.1715,84.81,92.49,2180.63,7161.7,3999.25,12.58
2026-04-01,20045,Guangzhou Vantage Industrial,3625.4,3060.4,12.1447,12.9073,0.8782,0.8442,0.1695,0.1672,60.78,45.01,2764.73,3484.9,1706.33,-7.04
2026-05-01,20045,Guangzhou Vantage Industrial,4293.3,3772.4,12.1447,13.1573,0.8782,0.8787,0.1695,0.1723,94.7,55.48,4347.4,4295.6,-27.93,10.56
2023-07-01,20046,Ningbo Hometech Manufacturing,3758.8,3421.6,11.5443,11.5266,0.942,0.9103,0.3871,0.3955,39.43,50.32,-66.53,3632.3,1460.35,28.74
2023-08-01,20046,Ningbo Hometech Manufacturing,3047.4,2736.8,11.5443,11.1014,0.942,0.8981,0.3871,0.3715,29.3,40.25,-1349.69,2905.3,1640.45,-42.69
2023-09-01,20046,Ningbo Hometech Manufacturing,1272.4,1197.0,11.5443,10.8261,0.942,0.9408,0.3871,0.42,24.75,17.6,-913.84,1270.7,19.63,39.38
2023-10-01,20046,Ningbo Hometech Manufacturing,2101.0,1945.7,11.5443,10.5122,0.942,0.9261,0.3871,0.353,41.7,28.61,-2168.44,2065.5,409.82,-66.35
2023-11-01,20046,Ningbo Hometech Manufacturing,3918.6,3614.1,11.5443,10.1681,0.942,0.9223,0.3871,0.3903,45.91,53.15,-5392.78,3836.6,946.63,11.57
2023-12-01,20046,Ningbo Hometech Manufacturing,1193.8,1125.0,11.5443,10.5102,0.942,0.9424,0.3871,0.3709,23.42,16.54,-1234.51,1194.3,-5.77,-18.22
2024-02-01,20046,Ningbo Hometech Manufacturing,924.7,850.2,11.5443,10.8064,0.942,0.9195,0.3871,0.3782,16.1,12.5,-682.34,902.5,256.28,-7.57
2024-03-01,20046,Ningbo Hometech Manufacturing,1207.0,1166.7,11.5443,10.9552,0.942,0.9666,0.3871,0.3856,21.42,17.16,-711.04,1238.5,-363.65,-1.75
2024-04-01,20046,Ningbo Hometech Manufacturing,2545.0,2418.1,11.5443,11.4597,0.942,0.9501,0.3871,0.3674,40.01,35.56,-215.31,2567.0,-253.97,-47.64
2024-05-01,20046,Ningbo Hometech Manufacturing,1786.5,1762.4,11.5443,11.1427,0.942,0.9865,0.3871,0.4076,44.96,25.92,-717.46,1870.9,-974.34,36.13
2024-06-01,20046,Ningbo Hometech Manufacturing,1247.9,1148.6,11.5443,11.3586,0.942,0.9205,0.3871,0.3766,23.84,16.89,-231.74,1219.3,330.17,-12.06
2024-07-01,20046,Ningbo Hometech Manufacturing,1381.2,1279.2,11.2464,11.2343,0.942,0.9261,0.3871,0.4108,23.22,18.81,-16.71,1358.0,260.92,30.32
2024-08-01,20046,Ningbo Hometech Manufacturing,1189.3,1146.2,11.2464,11.4722,0.942,0.9637,0.3871,0.4372,14.04,16.86,268.54,1216.8,-309.28,57.42
2024-09-01,20046,Ningbo Hometech Manufacturing,1465.7,1408.1,11.2464,11.4151,0.942,0.9607,0.3871,0.3864,27.12,20.71,247.26,1494.8,-327.27,-0.99
2024-10-01,20046,Ningbo Hometech Manufacturing,1169.4,1116.6,11.2464,11.2138,0.942,0.9549,0.3871,0.3725,27.99,16.42,-38.12,1185.4,-179.94,-16.3
2024-11-01,20046,Ningbo Hometech Manufacturing,3025.8,2776.6,11.2464,11.4187,0.942,0.9176,0.3871,0.3624,58.58,40.83,521.35,2947.6,879.47,-68.58
2024-12-01,20046,Ningbo Hometech Manufacturing,873.4,854.0,11.2464,11.1325,0.942,0.9778,0.3871,0.467,20.12,12.56,-99.48,906.6,-373.38,68.23
2025-02-01,20046,Ningbo Hometech Manufacturing,895.9,813.1,11.2464,11.0624,0.942,0.9076,0.3871,0.3943,13.18,11.96,-164.85,863.2,367.76,5.85
2025-03-01,20046,Ningbo Hometech Manufacturing,2552.1,2424.7,11.2464,10.9723,0.942,0.9501,0.3871,0.4622,54.16,35.66,-699.53,2574.0,-246.3,182.09
2025-05-01,20046,Ningbo Hometech Manufacturing,1046.1,935.8,11.2464,11.44,0.942,0.8945,0.3871,0.3417,11.66,13.76,202.52,993.4,592.69,-42.49
2025-06-01,20046,Ningbo Hometech Manufacturing,1282.9,1242.5,11.2464,11.2365,0.942,0.9685,0.3871,0.4622,14.68,18.27,-12.7,1319.0,-406.0,93.31
2025-07-01,20046,Ningbo Hometech Manufacturing,1824.9,1694.2,11.2844,11.3449,0.942,0.9283,0.3871,0.4033,17.81,24.91,110.41,1798.5,297.91,27.45
2025-08-01,20046,Ningbo Hometech Manufacturing,4333.6,3975.0,11.2844,11.5547,0.942,0.9172,0.3871,0.4226,52.2,58.46,1171.37,4219.7,1285.29,141.11
2025-10-01,20046,Ningbo Hometech Manufacturing,5275.3,4726.1,11.2844,10.6713,0.942,0.8959,0.3871,0.4255,68.59,69.5,-3234.29,5017.1,2913.63,181.48
2025-11-01,20046,Ningbo Hometech Manufacturing,1225.5,1098.4,11.2844,10.587,0.942,0.8963,0.3871,0.4009,21.32,16.15,-854.66,1166.0,671.42,15.16
2025-12-01,20046,Ningbo Hometech Manufacturing,2289.0,2162.0,11.2844,10.5639,0.942,0.9446,0.3871,0.4343,27.09,31.79,-1649.22,2295.1,-68.83,102.05
2026-01-01,20046,Ningbo Hometech Manufacturing,1348.2,1214.2,11.2844,10.7062,0.942,0.9006,0.3871,0.4066,17.76,17.86,-779.53,1289.0,668.04,23.68
2026-02-01,20046,Ningbo Hometech Manufacturing,1802.1,1641.4,11.2844,11.0648,0.942,0.9108,0.3871,0.4207,36.12,24.14,-395.74,1742.5,672.55,55.15
2026-03-01,20046,Ningbo Hometech Manufacturing,1591.3,1457.2,11.2844,11.575,0.942,0.9157,0.3871,0.4396,28.7,21.43,462.43,1546.9,501.03,76.5
2026-04-01,20046,Ningbo Hometech Manufacturing,1496.4,1380.5,11.2844,11.894,0.942,0.9226,0.3871,0.4305,34.75,20.3,912.21,1465.5,348.69,59.91
2026-06-01,20046,Ningbo Hometech Manufacturing,2561.1,2384.4,11.2844,12.4236,0.942,0.931,0.3871,0.4148,39.29,35.06,2917.61,2531.2,337.4,66.05
2023-07-01,20047,Shenzhen Kaiyuan Electronics,2663.5,2513.8,13.1829,13.2734,0.9481,0.9438,0.5025,0.5373,27.29,36.97,241.05,2651.4,159.51,87.48
2023-08-01,20047,Shenzhen Kaiyuan Electronics,658.0,632.0,13.1829,12.9827,0.9481,0.9604,0.5025,0.5127,7.45,9.29,-131.73,666.6,-113.37,6.45
2023-09-01,20047,Shenzhen Kaiyuan Electronics,1221.6,1207.5,13.1829,13.2108,0.9481,0.9884,0.5025,0.513,15.69,17.76,34.08,1273.6,-685.51,12.68
2023-10-01,20047,Shenzhen Kaiyuan Electronics,254.7,252.9,13.1829,12.7407,0.9481,0.9929,0.5025,0.5214,4.02,3.72,-112.63,266.7,-158.19,4.78
2023-11-01,20047,Shenzhen Kaiyuan Electronics,549.7,533.9,13.1829,12.8616,0.9481,0.9714,0.5025,0.5048,7.04,7.85,-176.62,563.1,-176.65,1.23
2024-01-01,20047,Shenzhen Kaiyuan Electronics,1822.5,1813.4,13.1829,13.44,0.9481,0.995,0.5025,0.5127,30.07,26.67,468.56,1912.7,-1189.1,18.5
2024-02-01,20047,Shenzhen Kaiyuan Electronics,1009.5,977.5,13.1829,13.3813,0.9481,0.9683,0.5025,0.5985,10.33,14.37,200.28,1031.0,-283.43,93.84
2024-03-01,20047,Shenzhen Kaiyuan Electronics,1256.0,1179.7,13.1829,12.9882,0.9481,0.9392,0.5025,0.5405,19.78,17.35,-244.54,1244.3,154.24,44.83
2024-07-01,20047,Shenzhen Kaiyuan Electronics,207.9,198.7,11.699,11.5923,0.9481,0.9559,0.5025,0.5481,2.14,2.92,-22.18,209.6,-19.89,9.06
2024-08-01,20047,Shenzhen Kaiyuan Electronics,801.1,757.1,11.699,10.9717,0.9481,0.9451,0.5025,0.5306,13.51,11.13,-582.64,798.5,30.42,21.27
2024-10-01,20047,Shenzhen Kaiyuan Electronics,476.6,461.7,11.699,10.5252,0.9481,0.9688,0.5025,0.5203,5.47,6.79,-559.43,487.0,-121.67,8.22
2024-11-01,20047,Shenzhen Kaiyuan Electronics,779.8,751.5,11.699,10.4623,0.9481,0.9638,0.5025,0.5323,9.39,11.05,-964.38,792.6,-149.75,22.39
2025-01-01,20047,Shenzhen Kaiyuan Electronics,548.4,499.7,11.699,10.8431,0.9481,0.9111,0.5025,0.4661,7.5,7.35,-469.38,527.1,249.19,-18.19
2025-02-01,20047,Shenzhen Kaiyuan Electronics,408.0,364.5,11.699,10.4219,0.9481,0.8934,0.5025,0.5179,5.17,5.36,-521.06,384.5,274.93,5.61
2025-03-01,20047,Shenzhen Kaiyuan Electronics,823.4,743.3,11.699,10.7769,0.9481,0.9028,0.5025,0.4546,16.08,10.93,-759.26,784.0,460.94,-35.6
2025-05-01,20047,Shenzhen Kaiyuan Electronics,811.0,727.8,11.699,10.6441,0.9481,0.8974,0.5025,0.4442,9.45,10.7,-855.52,767.6,507.74,-42.43
2025-06-01,20047,Shenzhen Kaiyuan Electronics,330.1,304.5,11.699,10.3435,0.9481,0.9226,0.5025,0.5578,3.76,4.48,-447.45,321.2,104.12,16.84
2025-07-01,20047,Shenzhen Kaiyuan Electronics,869.4,802.4,10.1984,10.0909,0.9481,0.923,0.5025,0.4702,11.04,11.8,-93.46,846.3,235.58,-25.92
2025-08-01,20047,Shenzhen Kaiyuan Electronics,521.8,473.7,10.1984,9.8541,0.9481,0.9078,0.5025,0.4702,12.37,6.97,-179.66,499.6,226.4,-15.3
2025-09-01,20047,Shenzhen Kaiyuan Electronics,476.9,443.2,10.1984,10.3472,0.9481,0.9292,0.5025,0.5387,5.17,6.52,70.96,467.5,95.86,16.04
2025-10-01,20047,Shenzhen Kaiyuan Electronics,373.0,369.6,10.1984,10.6287,0.9481,0.9908,0.5025,0.4811,6.37,5.43,160.5,389.8,-171.33,-7.91
2025-11-01,20047,Shenzhen Kaiyuan Electronics,2993.8,2836.0,10.1984,10.2599,0.9481,0.9473,0.5025,0.4767,54.57,41.71,184.12,2991.2,26.52,-73.17
2025-12-01,20047,Shenzhen Kaiyuan Electronics,303.8,294.1,10.1984,10.5889,0.9481,0.9679,0.5025,0.5145,5.42,4.33,118.63,310.2,-65.27,3.53
2026-01-01,20047,Shenzhen Kaiyuan Electronics,584.6,536.2,10.1984,11.4813,0.9481,0.9172,0.5025,0.5592,8.04,7.88,749.98,565.6,193.77,30.4
2026-02-01,20047,Shenzhen Kaiyuan Electronics,1117.2,1025.6,10.1984,12.2333,0.9481,0.9181,0.5025,0.5139,24.27,15.08,2273.39,1081.7,362.04,11.69
2026-03-01,20047,Shenzhen Kaiyuan Electronics,559.4,530.6,10.1984,12.2909,0.9481,0.9485,0.5025,0.5866,6.22,7.8,1170.54,559.6,-2.04,44.62
2026-04-01,20047,Shenzhen Kaiyuan Electronics,424.3,395.3,10.1984,12.5347,0.9481,0.9316,0.5025,0.4563,4.41,5.81,991.29,416.9,75.47,-18.26
2026-05-01,20047,Shenzhen Kaiyuan Electronics,354.4,344.3,10.1984,11.6861,0.9481,0.9715,0.5025,0.5129,5.78,5.06,527.24,363.1,-88.73,3.58
2023-08-01,20048,Ningbo Hometech Manufacturing,5101.3,4635.1,45.5311,47.2434,0.9055,0.9086,0.2569,0.2521,56.73,68.16,8734.96,5118.8,-796.79,-22.25
2023-09-01,20048,Ningbo Hometech Manufacturing,2848.4,2617.4,45.5311,46.0784,0.9055,0.9189,0.2569,0.2748,46.11,38.49,1558.93,2890.6,-1921.41,46.85
2023-11-01,20048,Ningbo Hometech Manufacturing,4757.3,4269.9,45.5311,49.299,0.9055,0.8975,0.2569,0.2778,93.8,62.79,17925.03,4715.5,1903.2,89.24
2023-12-01,20048,Ningbo Hometech Manufacturing,4654.2,4055.3,45.5311,49.3803,0.9055,0.8713,0.2569,0.306,61.48,59.64,17914.95,4478.5,7999.81,199.12
2024-01-01,20048,Ningbo Hometech Manufacturing,4532.5,4089.2,45.5311,49.2815,0.9055,0.9022,0.2569,0.2344,77.73,60.13,16998.69,4516.0,751.26,-92.01
2024-03-01,20048,Ningbo Hometech Manufacturing,11436.5,10559.0,45.5311,50.9644,0.9055,0.9233,0.2569,0.2425,256.49,155.28,62137.94,11661.0,-10221.73,-152.05
2024-04-01,20048,Ningbo Hometech Manufacturing,4005.8,3471.1,45.5311,51.1451,0.9055,0.8665,0.2569,0.2181,38.59,51.05,22488.56,3833.4,7849.56,-134.68
2024-05-01,20048,Ningbo Hometech Manufacturing,3659.5,3411.2,45.5311,51.3702,0.9055,0.9321,0.2569,0.2547,59.23,50.16,21368.19,3767.2,-4903.7,-7.5
2024-06-01,20048,Ningbo Hometech Manufacturing,8602.1,8023.2,45.5311,52.9608,0.9055,0.9327,0.2569,0.2716,138.41,117.99,63911.02,8860.5,-11765.24,117.94
2024-08-01,20048,Ningbo Hometech Manufacturing,3308.2,3038.0,55.468,55.5534,0.9055,0.9183,0.2569,0.2504,33.63,44.68,282.52,3355.1,-2601.45,-19.75
2024-09-01,20048,Ningbo Hometech Manufacturing,6300.5,5464.2,55.468,57.2424,0.9055,0.8673,0.2569,0.3264,58.96,80.36,11179.61,6034.5,14754.49,379.76
2024-10-01,20048,Ningbo Hometech Manufacturing,6752.4,5918.8,55.468,53.0742,0.9055,0.8766,0.2569,0.2605,131.52,87.04,-16163.9,6536.5,11975.54,21.31
2024-12-01,20048,Ningbo Hometech Manufacturing,5699.2,5268.8,55.468,54.6528,0.9055,0.9245,0.2569,0.2705,60.14,77.48,-4645.99,5818.7,-6628.43,71.66
2025-02-01,20048,Ningbo Hometech Manufacturing,7035.2,6238.2,55.468,55.2127,0.9055,0.8867,0.2569,0.2423,96.43,91.74,-1796.09,6889.2,8098.33,-91.08
2025-03-01,20048,Ningbo Hometech Manufacturing,1243.2,1129.7,55.468,56.6274,0.9055,0.9087,0.2569,0.2218,12.5,16.61,1441.37,1247.6,-244.06,-39.65
2025-04-01,20048,Ningbo Hometech Manufacturing,5167.3,4782.8,55.468,57.4874,0.9055,0.9256,0.2569,0.219,85.14,70.34,10434.85,5281.9,-6356.63,-181.27
2025-05-01,20048,Ningbo Hometech Manufacturing,1521.6,1402.9,55.468,59.3852,0.9055,0.922,0.2569,0.2536,26.75,20.63,5960.41,1549.3,-1536.46,-4.63
2025-06-01,20048,Ningbo Hometech Manufacturing,8132.2,7521.9,55.468,56.7919,0.9055,0.925,0.2569,0.28,87.73,110.62,10766.22,8306.9,-9690.26,173.76
2025-07-01,20048,Ningbo Hometech Manufacturing,3457.4,3077.8,53.8168,54.3855,0.9055,0.8902,0.2569,0.2502,61.06,45.26,1966.22,3399.0,3142.9,-20.62
2025-08-01,20048,Ningbo Hometech Manufacturing,7769.0,6917.6,53.8168,55.7932,0.9055,0.8904,0.2569,0.2575,75.6,101.73,15354.65,7639.5,6969.28,4.15
2025-09-01,20048,Ningbo Hometech Manufacturing,4738.5,4288.1,53.8168,59.2977,0.9055,0.9049,0.2569,0.2464,48.11,63.06,25971.24,4735.6,156.07,-45.03
2025-11-01,20048,Ningbo Hometech Manufacturing,6454.6,6082.3,53.8168,62.6705,0.9055,0.9423,0.2569,0.239,138.21,89.45,57147.09,6717.1,-14126.91,-108.87
2026-01-01,20048,Ningbo Hometech Manufacturing,2015.8,1825.8,53.8168,71.079,0.9055,0.9057,0.2569,0.2456,20.18,26.85,34797.14,2016.3,-26.91,-20.63
2026-02-01,20048,Ningbo Hometech Manufacturing,1518.5,1375.6,53.8168,73.1084,0.9055,0.9059,0.2569,0.2434,14.45,20.23,29294.29,1519.2,-37.67,-18.57
2026-03-01,20048,Ningbo Hometech Manufacturing,1931.4,1757.6,53.8168,75.9381,0.9055,0.91,0.2569,0.2789,43.03,25.85,42725.08,1941.0,-516.64,38.67
2026-04-01,20048,Ningbo Hometech Manufacturing,12552.5,11304.8,53.8168,77.0706,0.9055,0.9006,0.2569,0.2661,157.17,166.25,291893.32,12484.6,3654.16,104.0
2026-05-01,20048,Ningbo Hometech Manufacturing,2976.1,2641.8,53.8168,74.8203,0.9055,0.8877,0.2569,0.2384,28.47,38.85,62508.52,2917.5,3153.66,-48.87
2023-07-01,20049,Northbrook Paper & Board,216.1,196.6,32.5214,32.765,0.8973,0.9099,0.2808,0.2769,4.65,2.89,52.64,219.1,-97.56,-0.77
2023-08-01,20049,Northbrook Paper & Board,252.5,234.7,32.5214,31.8429,0.8973,0.9292,0.2808,0.2691,3.15,3.45,-171.32,261.6,-295.94,-2.75
2023-09-01,20049,Northbrook Paper & Board,150.1,141.8,32.5214,29.9622,0.8973,0.9442,0.2808,0.3715,2.09,2.08,-384.14,158.0,-256.92,12.86
2023-10-01,20049,Northbrook Paper & Board,171.3,154.9,32.5214,28.7072,0.8973,0.9039,0.2808,0.2824,2.14,2.28,-653.37,172.6,-42.28,0.25
2023-11-01,20049,Northbrook Paper & Board,51.6,50.0,32.5214,28.0737,0.8973,0.9691,0.2808,0.2826,0.53,0.74,-229.5,55.7,-133.34,0.09
2024-01-01,20049,Northbrook Paper & Board,97.9,97.4,32.5214,27.9006,0.8973,0.995,0.2808,0.2755,1.3,1.43,-452.38,108.5,-344.73,-0.52
2024-02-01,20049,Northbrook Paper & Board,214.3,201.3,32.5214,29.0068,0.8973,0.9391,0.2808,0.291,2.26,2.96,-753.18,224.3,-325.21,2.05
2024-03-01,20049,Northbrook Paper & Board,181.3,159.5,32.5214,29.9343,0.8973,0.8801,0.2808,0.2718,1.78,2.35,-469.04,177.8,113.82,-1.44
2024-04-01,20049,Northbrook Paper & Board,97.2,82.8,32.5214,31.378,0.8973,0.852,0.2808,0.2778,1.04,1.22,-111.14,92.3,159.35,-0.25
2024-05-01,20049,Northbrook Paper & Board,172.5,149.8,32.5214,29.7196,0.8973,0.8687,0.2808,0.3492,2.19,2.2,-483.31,166.9,182.12,10.25
2024-06-01,20049,Northbrook Paper & Board,425.7,374.5,32.5214,28.127,0.8973,0.8798,0.2808,0.2447,6.61,5.51,-1870.7,417.4,269.93,-13.52
2024-07-01,20049,Northbrook Paper & Board,196.7,172.2,29.9274,29.6736,0.8973,0.8756,0.2808,0.2731,2.65,2.53,-49.92,191.9,143.65,-1.33
2024-08-01,20049,Northbrook Paper & Board,65.5,59.0,29.9274,29.961,0.8973,0.901,0.2808,0.3439,0.87,0.87,2.2,65.8,-8.98,3.72
2024-10-01,20049,Northbrook Paper & Board,146.9,128.7,29.9274,31.322,0.8973,0.876,0.2808,0.2651,1.75,1.89,204.87,143.4,104.75,-2.02
2024-11-01,20049,Northbrook Paper & Board,322.7,299.1,29.9274,30.9729,0.8973,0.927,0.2808,0.3346,4.9,4.4,337.38,333.3,-317.23,16.09
2024-12-01,20049,Northbrook Paper & Board,140.1,120.2,29.9274,31.1966,0.8973,0.8577,0.2808,0.311,2.28,1.77,177.81,134.0,182.56,3.63
2025-01-01,20049,Northbrook Paper & Board,200.5,177.3,29.9274,30.6504,0.8973,0.8844,0.2808,0.2824,4.23,2.61,144.96,197.6,86.79,0.28
2025-05-01,20049,Northbrook Paper & Board,120.4,108.3,29.9274,34.1708,0.8973,0.8992,0.2808,0.2701,1.99,1.59,510.91,120.7,-8.98,-1.16
2025-06-01,20049,Northbrook Paper & Board,175.7,159.2,29.9274,35.7408,0.8973,0.9062,0.2808,0.2705,2.07,2.34,1021.41,177.4,-50.88,-1.64
2025-07-01,20049,Northbrook Paper & Board,170.2,155.9,34.2849,34.1336,0.8973,0.916,0.2808,0.2833,1.69,2.29,-25.75,173.7,-120.0,0.39
2025-08-01,20049,Northbrook Paper & Board,113.1,104.0,34.2849,36.1318,0.8973,0.9198,0.2808,0.3159,1.14,1.53,208.88,115.9,-96.0,3.65
2025-09-01,20049,Northbrook Paper & Board,349.0,319.3,34.2849,34.4325,0.8973,0.9149,0.2808,0.2732,7.26,4.7,51.51,355.8,-233.14,-2.43
2025-10-01,20049,Northbrook Paper & Board,254.7,233.4,34.2849,34.5467,0.8973,0.9167,0.2808,0.2905,3.5,3.43,66.68,260.1,-185.14,2.26
2025-11-01,20049,Northbrook Paper & Board,95.9,87.4,34.2849,33.7808,0.8973,0.912,0.2808,0.3052,1.51,1.29,-48.34,97.4,-51.43,2.13
2025-12-01,20049,Northbrook Paper & Board,141.7,127.1,34.2849,33.5478,0.8973,0.8965,0.2808,0.2708,2.12,1.87,-104.45,141.6,3.43,-1.27
2026-01-01,20049,Northbrook Paper & Board,131.2,114.0,34.2849,35.9692,0.8973,0.8694,0.2808,0.2825,1.36,1.68,220.98,127.0,144.0,0.19
2026-02-01,20049,Northbrook Paper & Board,213.0,193.6,34.2849,37.5323,0.8973,0.909,0.2808,0.3074,3.74,2.85,691.7,215.8,-96.0,5.15
2026-03-01,20049,Northbrook Paper & Board,101.1,93.0,34.2849,38.8881,0.8973,0.9201,0.2808,0.3086,1.07,1.37,465.38,103.6,-85.71,2.59
2026-06-01,20049,Northbrook Paper & Board,409.7,372.7,34.2849,40.0313,0.8973,0.9095,0.2808,0.3241,4.24,5.48,2354.3,415.4,-195.42,16.14
2023-07-01,20050,Guangzhou Vantage Industrial,794.5,787.5,6.3682,6.4402,0.9483,0.9913,0.4884,0.4681,13.77,11.58,57.2,830.4,-228.62,-15.99
2023-08-01,20050,Guangzhou Vantage Industrial,513.3,505.8,6.3682,6.2464,0.9483,0.9855,0.4884,0.4795,6.61,7.44,-62.52,533.4,-128.0,-4.5
2023-10-01,20050,Guangzhou Vantage Industrial,1232.4,1188.3,6.3682,6.0399,0.9483,0.9642,0.4884,0.4946,27.43,17.47,-404.6,1253.1,-131.82,7.37
2023-11-01,20050,Guangzhou Vantage Industrial,1133.2,1064.2,6.3682,5.979,0.9483,0.9391,0.4884,0.486,14.4,15.65,-441.04,1122.2,70.05,-2.55
2024-02-01,20050,Guangzhou Vantage Industrial,1416.2,1298.7,6.3682,5.7693,0.9483,0.917,0.4884,0.4866,25.57,19.1,-848.16,1369.5,297.39,-2.34
2024-03-01,20050,Guangzhou Vantage Industrial,737.2,699.8,6.3682,5.5085,0.9483,0.9492,0.4884,0.4509,12.55,10.29,-633.77,738.0,-5.09,-26.24
2024-04-01,20050,Guangzhou Vantage Industrial,822.9,767.2,6.3682,5.2345,0.9483,0.9323,0.4884,0.4242,11.81,11.28,-932.92,809.0,88.52,-49.25
2024-06-01,20050,Guangzhou Vantage Industrial,663.3,637.1,6.3682,5.4169,0.9483,0.9606,0.4884,0.4637,11.7,9.37,-631.0,671.8,-54.13,-15.74
2024-07-01,20050,Guangzhou Vantage Industrial,1000.0,950.0,5.768,5.7347,0.9483,0.95,0.4884,0.5523,12.84,13.97,-33.3,1001.8,-10.38,60.71
2024-08-01,20050,Guangzhou Vantage Industrial,286.0,272.8,5.768,5.5986,0.9483,0.9539,0.4884,0.5243,5.77,4.01,-48.45,287.7,-9.81,9.79
2024-09-01,20050,Guangzhou Vantage Industrial,960.3,878.1,5.768,5.5922,0.9483,0.9144,0.4884,0.4418,16.65,12.91,-168.82,926.0,197.84,-40.92
2024-12-01,20050,Guangzhou Vantage Industrial,570.7,554.0,5.768,5.56,0.9483,0.9707,0.4884,0.5415,8.02,8.15,-118.71,584.2,-77.87,29.42
2025-01-01,20050,Guangzhou Vantage Industrial,435.9,404.0,5.768,5.494,0.9483,0.9268,0.4884,0.5501,5.51,5.94,-119.44,426.0,57.1,24.93
2025-02-01,20050,Guangzhou Vantage Industrial,195.5,191.2,5.768,5.3829,0.9483,0.9782,0.4884,0.5542,2.22,2.81,-75.29,201.6,-35.18,12.58
2025-03-01,20050,Guangzhou Vantage Industrial,1146.1,1107.7,5.768,5.583,0.9483,0.9665,0.4884,0.5266,11.59,16.29,-212.03,1168.1,-126.9,42.31
2025-05-01,20050,Guangzhou Vantage Industrial,1080.5,1034.6,5.768,5.8017,0.9483,0.9575,0.4884,0.4222,11.17,15.21,36.41,1091.0,-60.56,-68.49
2025-06-01,20050,Guangzhou Vantage Industrial,653.7,629.7,5.768,5.9475,0.9483,0.9633,0.4884,0.4808,9.52,9.26,117.34,664.0,-59.41,-4.79
2025-07-01,20050,Guangzhou Vantage Industrial,1107.9,1047.3,6.0888,6.1807,0.9483,0.9453,0.4884,0.4511,24.94,15.4,101.82,1104.4,21.31,-39.06
2025-08-01,20050,Guangzhou Vantage Industrial,403.5,373.7,6.0888,6.0722,0.9483,0.9261,0.4884,0.445,5.81,5.5,-6.7,394.1,57.23,-16.22
2025-09-01,20050,Guangzhou Vantage Industrial,447.6,413.7,6.0888,6.0516,0.9483,0.9242,0.4884,0.5363,5.74,6.08,-16.65,436.3,68.8,19.82
2025-10-01,20050,Guangzhou Vantage Industrial,546.2,482.3,6.0888,6.1486,0.9483,0.8831,0.4884,0.4497,8.66,7.09,32.66,508.6,228.94,-18.67
2025-11-01,20050,Guangzhou Vantage Industrial,550.4,526.2,6.0888,6.2885,0.9483,0.956,0.4884,0.462,9.16,7.74,109.91,554.9,-27.4,-13.89
2025-12-01,20050,Guangzhou Vantage Industrial,1188.3,1110.3,6.0888,6.2988,0.9483,0.9344,0.4884,0.5029,20.69,16.33,249.54,1170.8,106.55,16.1
2026-01-01,20050,Guangzhou Vantage Industrial,559.4,540.4,6.0888,5.9999,0.9483,0.9662,0.4884,0.5486,5.86,7.95,-49.73,569.9,-63.93,32.53
2026-03-01,20050,Guangzhou Vantage Industrial,677.9,622.7,6.0888,5.9923,0.9483,0.9186,0.4884,0.4954,10.21,9.16,-65.42,656.6,129.69,4.36
2026-04-01,20050,Guangzhou Vantage Industrial,1123.2,1037.6,6.0888,6.0429,0.9483,0.9239,0.4884,0.4609,12.72,15.26,-51.55,1094.2,176.58,-28.53
2026-05-01,20050,Guangzhou Vantage Industrial,445.9,397.1,6.0888,6.3279,0.9483,0.8907,0.4884,0.4523,7.0,5.84,106.61,418.7,165.62,-14.34
2023-07-01,20051,Meridian Private Label,247.3,220.5,43.2077,42.8534,0.8866,0.8915,0.5076,0.5732,3.64,3.24,-87.62,248.7,-60.49,14.46
2023-09-01,20051,Meridian Private Label,541.4,483.0,43.2077,43.7226,0.8866,0.8923,0.5076,0.4591,10.94,7.1,278.77,544.8,-146.91,-23.43
2023-10-01,20051,Meridian Private Label,506.9,438.5,43.2077,42.6217,0.8866,0.8651,0.5076,0.504,6.29,6.45,-297.04,494.6,531.45,-1.58
2023-12-01,20051,Meridian Private Label,438.1,397.8,43.2077,43.9577,0.8866,0.908,0.5076,0.4437,6.6,5.85,328.58,448.7,-458.0,-25.42
2024-01-01,20051,Meridian Private Label,364.9,310.2,43.2077,43.7478,0.8866,0.85,0.5076,0.5722,4.61,4.56,197.08,349.9,648.12,20.04
2024-02-01,20051,Meridian Private Label,489.9,452.9,43.2077,40.8533,0.8866,0.9243,0.5076,0.5301,6.5,6.66,-1153.42,510.8,-903.04,10.19
2024-03-01,20051,Meridian Private Label,507.7,449.9,43.2077,39.236,0.8866,0.8862,0.5076,0.5399,5.98,6.62,-2016.43,507.4,12.96,14.53
2024-04-01,20051,Meridian Private Label,320.2,286.6,43.2077,37.8756,0.8866,0.8951,0.5076,0.4877,3.98,4.22,-1707.34,323.3,-133.94,-5.7
2024-05-01,20051,Meridian Private Label,1171.0,1012.3,43.2077,37.8139,0.8866,0.8644,0.5076,0.5382,20.43,14.89,-6316.14,1141.8,1261.66,30.98
2024-06-01,20051,Meridian Private Label,1058.6,928.3,43.2077,37.0199,0.8866,0.8769,0.5076,0.5387,17.88,13.65,-6550.41,1047.0,501.21,28.87
2024-08-01,20051,Meridian Private Label,249.9,224.7,36.7053,37.4449,0.8866,0.8993,0.5076,0.499,2.39,3.3,184.83,253.4,-128.47,-1.93
2024-10-01,20051,Meridian Private Label,425.5,382.5,36.7053,35.7527,0.8866,0.8988,0.5076,0.455,8.79,5.62,-405.33,431.4,-216.56,-20.12
2024-11-01,20051,Meridian Private Label,1579.4,1331.1,36.7053,36.266,0.8866,0.8428,0.5076,0.5355,29.05,19.57,-693.83,1501.4,2863.01,37.14
2024-12-01,20051,Meridian Private Label,593.0,511.4,36.7053,37.1651,0.8866,0.8623,0.5076,0.4981,8.37,7.52,272.66,576.8,594.63,-4.86
2025-01-01,20051,Meridian Private Label,367.1,318.7,36.7053,36.3747,0.8866,0.8682,0.5076,0.481,6.36,4.69,-121.36,359.5,278.96,-8.48
2025-02-01,20051,Meridian Private Label,247.2,210.3,36.7053,35.9588,0.8866,0.8507,0.5076,0.5817,2.47,3.09,-184.53,237.2,367.05,15.58
2025-03-01,20051,Meridian Private Label,963.6,822.1,36.7053,35.0543,0.8866,0.8532,0.5076,0.479,10.47,12.09,-1590.9,927.3,1332.4,-23.51
2025-04-01,20051,Meridian Private Label,883.8,791.8,36.7053,35.1768,0.8866,0.8958,0.5076,0.4725,8.88,11.64,-1350.89,893.1,-341.36,-27.79
2025-05-01,20051,Meridian Private Label,250.7,223.5,36.7053,34.3509,0.8866,0.8916,0.5076,0.5632,2.59,3.29,-590.25,252.1,-51.39,12.43
2025-06-01,20051,Meridian Private Label,333.2,287.2,36.7053,34.3069,0.8866,0.8618,0.5076,0.5576,3.71,4.22,-799.15,323.9,341.36,14.36
2025-08-01,20051,Meridian Private Label,757.3,662.0,35.0259,37.0992,0.8866,0.8742,0.5076,0.5028,14.13,9.74,1570.11,746.7,371.27,-3.18
2025-09-01,20051,Meridian Private Label,428.5,389.6,35.0259,36.639,0.8866,0.9092,0.5076,0.4573,8.69,5.73,691.21,439.4,-381.78,-19.6
2025-10-01,20051,Meridian Private Label,286.6,246.6,35.0259,36.7908,0.8866,0.8607,0.5076,0.5701,3.67,3.63,505.82,278.1,297.72,15.41
2025-11-01,20051,Meridian Private Label,1004.5,912.3,35.0259,37.099,0.8866,0.9082,0.5076,0.5425,10.64,13.42,2082.43,1029.0,-858.13,31.84
2025-12-01,20051,Meridian Private Label,422.4,367.6,35.0259,37.1422,0.8866,0.8702,0.5076,0.5377,9.37,5.41,893.93,414.6,273.2,11.06
2026-02-01,20051,Meridian Private Label,197.8,175.9,35.0259,32.4357,0.8866,0.8893,0.5076,0.5057,3.02,2.59,-512.34,198.4,-21.02,-0.33
2026-03-01,20051,Meridian Private Label,500.4,449.4,35.0259,31.6091,0.8866,0.8981,0.5076,0.5231,11.0,6.61,-1709.77,506.9,-227.67,6.97
2026-04-01,20051,Meridian Private Label,322.3,287.4,35.0259,31.4728,0.8866,0.8917,0.5076,0.5409,7.17,4.23,-1145.16,324.2,-66.55,9.57
2026-05-01,20051,Meridian Private Label,383.9,353.6,35.0259,32.3315,0.8866,0.9212,0.5076,0.5431,4.23,5.2,-1034.38,398.8,-521.89,12.55
2023-07-01,20052,Northbrook Paper & Board,907.8,865.7,8.7051,8.6283,0.9518,0.9536,0.3994,0.4737,11.06,12.73,-69.72,909.5,-14.8,64.32
2023-09-01,20052,Northbrook Paper & Board,716.6,642.3,8.7051,8.0382,0.9518,0.8963,0.3994,0.36,7.23,9.45,-477.9,674.8,363.87,-25.31
2023-10-01,20052,Northbrook Paper & Board,2296.8,2124.0,8.7051,8.1987,0.9518,0.9247,0.3994,0.4531,53.69,31.23,-1163.1,2231.6,567.57,114.06
2023-11-01,20052,Northbrook Paper & Board,368.0,350.7,8.7051,8.5735,0.9518,0.953,0.3994,0.4976,3.74,5.16,-48.43,368.5,-4.35,34.44
2023-12-01,20052,Northbrook Paper & Board,604.5,581.5,8.7051,8.9903,0.9518,0.9619,0.3994,0.4048,8.67,8.55,172.4,610.9,-55.71,3.14
2024-01-01,20052,Northbrook Paper & Board,617.9,593.8,8.7051,9.2149,0.9518,0.961,0.3994,0.429,15.57,8.73,315.01,623.9,-52.23,17.58
2024-02-01,20052,Northbrook Paper & Board,440.1,435.7,8.7051,9.1622,0.9518,0.99,0.3994,0.399,4.94,6.41,201.17,457.8,-154.08,-0.17
2024-04-01,20052,Northbrook Paper & Board,355.9,346.4,8.7051,8.6738,0.9518,0.9732,0.3994,0.4016,5.87,5.09,-11.14,363.9,-69.64,0.76
2024-05-01,20052,Northbrook Paper & Board,414.8,402.0,8.7051,8.4486,0.9518,0.9691,0.3994,0.4,5.76,5.91,-106.4,422.4,-66.16,0.24
2024-07-01,20052,Northbrook Paper & Board,167.5,162.7,7.5129,7.5317,0.9518,0.971,0.3994,0.397,2.8,2.39,3.15,170.9,-25.54,-0.39
2024-08-01,20052,Northbrook Paper & Board,760.6,736.4,7.5129,6.9373,0.9518,0.9681,0.3994,0.4183,17.88,10.83,-437.8,773.7,-98.42,13.92
2024-09-01,20052,Northbrook Paper & Board,360.3,347.1,7.5129,6.5071,0.9518,0.9634,0.3994,0.3934,4.46,5.11,-362.39,364.7,-33.06,-2.08
2024-10-01,20052,Northbrook Paper & Board,196.1,191.3,7.5129,6.5972,0.9518,0.9751,0.3994,0.4652,3.84,2.81,-179.57,201.0,-36.81,12.59
2024-11-01,20052,Northbrook Paper & Board,766.1,737.5,7.5129,6.5126,0.9518,0.9626,0.3994,0.4207,14.51,10.85,-766.33,774.8,-65.36,15.71
2024-12-01,20052,Northbrook Paper & Board,1729.3,1692.0,7.5129,6.3709,0.9518,0.9784,0.3994,0.4558,18.33,24.88,-1974.86,1777.7,-363.62,95.43
2025-01-01,20052,Northbrook Paper & Board,878.6,874.2,7.5129,6.1946,0.9518,0.995,0.3994,0.3826,15.27,12.86,-1158.26,918.5,-299.76,-14.69
2025-02-01,20052,Northbrook Paper & Board,1080.8,1075.4,7.5129,6.2984,0.9518,0.995,0.3994,0.4604,17.34,15.82,-1312.63,1129.9,-368.88,65.6
2025-03-01,20052,Northbrook Paper & Board,499.4,496.9,7.5129,6.293,0.9518,0.995,0.3994,0.4411,8.89,7.31,-609.22,522.1,-170.54,20.72
2025-04-01,20052,Northbrook Paper & Board,532.2,529.6,7.5129,6.3061,0.9518,0.995,0.3994,0.4022,6.34,7.79,-642.26,556.4,-181.81,1.48
2025-05-01,20052,Northbrook Paper & Board,645.4,627.8,7.5129,6.1729,0.9518,0.9727,0.3994,0.4502,7.82,9.23,-864.84,659.6,-106.68,31.89
2025-07-01,20052,Northbrook Paper & Board,348.1,334.9,5.9692,5.9801,0.9518,0.962,0.3994,0.4131,3.71,4.92,3.79,351.9,-22.68,4.59
2025-09-01,20052,Northbrook Paper & Board,240.4,239.2,5.9692,6.4163,0.9518,0.995,0.3994,0.4101,2.8,3.52,107.48,251.3,-65.06,2.56
2025-10-01,20052,Northbrook Paper & Board,702.8,676.2,5.9692,6.5186,0.9518,0.9622,0.3994,0.4315,7.59,9.94,386.12,710.4,-45.37,21.71
2025-12-01,20052,Northbrook Paper & Board,438.3,426.6,5.9692,6.904,0.9518,0.9734,0.3994,0.4611,4.6,6.27,409.72,448.2,-59.1,26.32
2026-01-01,20052,Northbrook Paper & Board,838.8,803.3,5.9692,7.5073,0.9518,0.9576,0.3994,0.3949,12.11,11.81,1290.16,844.0,-31.04,-3.61
2026-03-01,20052,Northbrook Paper & Board,694.2,637.1,5.9692,7.7971,0.9518,0.9177,0.3994,0.4306,7.24,9.37,1268.93,669.4,148.04,19.88
2026-04-01,20052,Northbrook Paper & Board,348.4,334.5,5.9692,7.2738,0.9518,0.9601,0.3994,0.4563,4.85,4.92,454.52,351.4,-17.91,19.03
2026-05-01,20052,Northbrook Paper & Board,561.2,537.6,5.9692,7.2373,0.9518,0.9579,0.3994,0.439,7.08,7.91,711.66,564.8,-21.49,21.29
2026-06-01,20052,Northbrook Paper & Board,897.5,799.3,5.9692,7.4528,0.9518,0.8906,0.3994,0.3753,19.98,11.75,1331.53,839.8,344.42,-19.26
2023-07-01,20053,Vertex Consumer Products (US),2663.5,2576.0,9.8495,9.7303,0.9586,0.9671,0.3643,0.3145,35.85,37.88,-317.49,2687.3,-234.42,-128.28
2023-08-01,20053,Vertex Consumer Products (US),1561.3,1478.0,9.8495,9.4032,0.9586,0.9466,0.3643,0.336,24.61,21.74,-696.81,1541.8,192.07,-41.83
2023-09-01,20053,Vertex Consumer Products (US),1759.8,1723.3,9.8495,9.8048,0.9586,0.9793,0.3643,0.428,19.22,25.34,-78.66,1797.7,-373.3,109.77
2023-10-01,20053,Vertex Consumer Products (US),3326.5,3230.8,9.8495,9.67,0.9586,0.9712,0.3643,0.3948,43.16,47.51,-597.11,3370.3,-431.41,98.54
2023-11-01,20053,Vertex Consumer Products (US),7299.3,7020.0,9.8495,9.6923,0.9586,0.9617,0.3643,0.353,153.95,103.24,-1147.45,7323.2,-235.4,-79.33
2023-12-01,20053,Vertex Consumer Products (US),1143.1,1086.1,9.8495,9.7257,0.9586,0.9502,0.3643,0.3725,19.73,15.97,-141.52,1133.0,99.48,8.91
2024-01-01,20053,Vertex Consumer Products (US),4287.3,4214.2,9.8495,9.6535,0.9586,0.9829,0.3643,0.3407,77.04,61.97,-840.31,4396.2,-1072.61,-99.46
2024-02-01,20053,Vertex Consumer Products (US),3616.9,3581.9,9.8495,9.6727,0.9586,0.9903,0.3643,0.3273,80.28,52.67,-639.47,3736.6,-1178.99,-132.53
2024-03-01,20053,Vertex Consumer Products (US),1029.8,1009.4,9.8495,9.4519,0.9586,0.9803,0.3643,0.4054,20.13,14.84,-409.45,1053.0,-228.51,41.49
2024-04-01,20053,Vertex Consumer Products (US),2113.6,2103.0,9.8495,8.5111,0.9586,0.995,0.3643,0.3149,35.71,30.93,-2828.84,2193.8,-789.93,-103.89
2024-05-01,20053,Vertex Consumer Products (US),1674.6,1613.7,9.8495,8.7081,0.9586,0.9637,0.3643,0.3606,24.34,23.73,-1911.39,1683.4,-86.68,-5.97
2024-06-01,20053,Vertex Consumer Products (US),3065.7,2852.6,9.8495,8.6402,0.9586,0.9305,0.3643,0.3646,49.72,41.95,-3707.35,2975.8,885.47,0.86
2024-07-01,20053,Vertex Consumer Products (US),3302.4,3207.9,8.6866,8.6607,0.9586,0.9714,0.3643,0.3907,38.82,47.18,-85.53,3346.4,-382.21,84.69
2024-08-01,20053,Vertex Consumer Products (US),5037.0,4589.3,8.6866,9.4316,0.9586,0.9111,0.3643,0.3815,53.68,67.49,3752.56,4787.5,2167.31,78.94
2024-09-01,20053,Vertex Consumer Products (US),3456.5,3218.0,8.6866,9.2808,0.9586,0.931,0.3643,0.2815,45.23,47.32,2053.85,3357.0,864.32,-266.45
2024-10-01,20053,Vertex Consumer Products (US),2329.8,2254.6,8.6866,9.7582,0.9586,0.9677,0.3643,0.3686,36.7,33.16,2496.61,2352.0,-192.84,9.69
2024-11-01,20053,Vertex Consumer Products (US),2273.1,2171.9,8.6866,9.5235,0.9586,0.9555,0.3643,0.3779,46.89,31.94,1902.36,2265.7,64.28,29.54
2024-12-01,20053,Vertex Consumer Products (US),4588.9,4250.6,8.6866,9.7777,0.9586,0.9263,0.3643,0.3622,110.42,62.51,5006.95,4434.2,1343.82,-8.93
2025-01-01,20053,Vertex Consumer Products (US),4436.8,4045.0,8.6866,9.4091,0.9586,0.9117,0.3643,0.3121,49.83,59.49,3205.59,4219.7,1885.86,-211.15
2025-02-01,20053,Vertex Consumer Products (US),1351.3,1300.3,8.6866,9.3843,0.9586,0.9623,0.3643,0.3789,13.8,19.12,942.8,1356.5,-45.17,18.98
2025-05-01,20053,Vertex Consumer Products (US),2733.6,2593.8,8.6866,8.1579,0.9586,0.9489,0.3643,0.3482,47.92,38.14,-1445.25,2705.8,241.49,-41.76
2025-06-01,20053,Vertex Consumer Products (US),2100.6,1962.4,8.6866,8.3815,0.9586,0.9342,0.3643,0.3652,26.1,28.86,-640.89,2047.2,463.86,1.77
2025-07-01,20053,Vertex Consumer Products (US),3196.2,2920.1,8.5506,8.6766,0.9586,0.9136,0.3643,0.3617,66.32,42.94,402.72,3046.2,1282.59,-7.59
2025-08-01,20053,Vertex Consumer Products (US),1402.6,1323.7,8.5506,8.2606,0.9586,0.9438,0.3643,0.3211,24.12,19.47,-406.75,1380.9,185.55,-57.18
2025-09-01,20053,Vertex Consumer Products (US),3466.5,3273.9,8.5506,8.0128,0.9586,0.9444,0.3643,0.3908,75.62,48.15,-1864.28,3415.3,437.79,86.76
2025-10-01,20053,Vertex Consumer Products (US),3311.4,3086.4,8.5506,7.9279,0.9586,0.9321,0.3643,0.3412,78.39,45.39,-2062.01,3219.7,784.09,-71.3
2025-11-01,20053,Vertex Consumer Products (US),7118.0,6621.6,8.5506,8.2161,0.9586,0.9303,0.3643,0.3559,73.79,97.38,-2380.97,6907.6,1799.05,-55.62
2026-01-01,20053,Vertex Consumer Products (US),1931.6,1712.8,8.5506,8.7678,0.9586,0.8867,0.3643,0.3452,31.84,25.19,419.54,1786.8,1238.13,-32.71
2026-03-01,20053,Vertex Consumer Products (US),7697.0,7208.2,8.5506,8.8341,0.9586,0.9365,0.3643,0.3501,75.63,106.0,2182.1,7519.5,1517.73,-102.36
2026-06-01,20053,Vertex Consumer Products (US),1824.5,1696.1,8.5506,8.9554,0.9586,0.9297,0.3643,0.3733,18.28,24.94,738.56,1769.4,471.14,15.26
2023-07-01,20054,Northbrook Paper & Board,909.5,737.6,50.2675,50.6795,0.7928,0.8111,0.2012,0.2263,9.83,10.85,374.71,930.4,-1050.59,18.51
2023-08-01,20054,Northbrook Paper & Board,482.4,391.8,50.2675,50.8596,0.7928,0.8122,0.2012,0.2405,4.64,5.76,285.63,494.2,-593.16,15.4
2023-10-01,20054,Northbrook Paper & Board,1570.8,1311.7,50.2675,52.6887,0.7928,0.8351,0.2012,0.1843,29.18,19.29,3803.22,1654.5,-4207.39,-22.17
2023-11-01,20054,Northbrook Paper & Board,657.5,530.5,50.2675,54.6159,0.7928,0.8068,0.2012,0.2007,6.06,7.8,2859.07,669.1,-583.1,-0.27
2023-12-01,20054,Northbrook Paper & Board,1602.0,1224.4,50.2675,53.9872,0.7928,0.7643,0.2012,0.17,22.76,18.01,5958.96,1544.4,2895.41,-38.2
2024-01-01,20054,Northbrook Paper & Board,1668.9,1381.4,50.2675,53.1985,0.7928,0.8277,0.2012,0.2062,19.24,20.31,4891.55,1742.4,-3694.66,6.91
2024-02-01,20054,Northbrook Paper & Board,909.3,749.4,50.2675,54.1099,0.7928,0.8242,0.2012,0.1884,8.18,11.02,3493.89,945.3,-1809.63,-9.59
2024-03-01,20054,Northbrook Paper & Board,802.4,636.4,50.2675,54.1106,0.7928,0.7931,0.2012,0.1836,7.58,9.36,3083.7,802.7,-15.08,-11.2
2024-04-01,20054,Northbrook Paper & Board,573.1,465.0,50.2675,54.843,0.7928,0.8113,0.2012,0.1984,6.83,6.84,2622.22,586.5,-673.58,-1.3
2024-05-01,20054,Northbrook Paper & Board,864.8,682.8,50.2675,53.8947,0.7928,0.7896,0.2012,0.2171,16.98,10.04,3136.8,861.3,175.94,10.86
2024-06-01,20054,Northbrook Paper & Board,1411.7,1092.2,50.2675,53.6283,0.7928,0.7736,0.2012,0.2033,19.67,16.06,4744.44,1377.6,1714.12,2.29
2024-07-01,20054,Northbrook Paper & Board,1712.6,1334.1,55.0853,55.8181,0.7928,0.779,0.2012,0.2324,14.32,19.62,1254.99,1682.8,1641.54,41.62
2024-08-01,20054,Northbrook Paper & Board,724.7,579.6,55.0853,57.0575,0.7928,0.7997,0.2012,0.2193,7.41,8.52,1429.25,731.1,-352.55,10.49
2024-09-01,20054,Northbrook Paper & Board,1797.3,1349.5,55.0853,53.8998,0.7928,0.7509,0.2012,0.1921,18.61,19.85,-2130.7,1702.2,5238.61,-12.28
2024-10-01,20054,Northbrook Paper & Board,370.6,286.4,55.0853,50.6657,0.7928,0.7728,0.2012,0.189,3.54,4.21,-1637.9,361.3,512.29,-3.49
2024-11-01,20054,Northbrook Paper & Board,1653.0,1253.5,55.0853,52.2634,0.7928,0.7583,0.2012,0.1979,13.4,18.43,-4664.6,1581.1,3960.63,-4.14
2025-01-01,20054,Northbrook Paper & Board,1275.3,1013.7,55.0853,51.2013,0.7928,0.7948,0.2012,0.1731,10.98,14.91,-4953.27,1278.6,-181.78,-28.48
2025-02-01,20054,Northbrook Paper & Board,2199.8,1722.5,55.0853,49.777,0.7928,0.783,0.2012,0.2213,45.22,25.33,-11677.2,2172.7,1492.81,34.62
2025-03-01,20054,Northbrook Paper & Board,3723.0,2994.7,55.0853,48.6039,0.7928,0.8044,0.2012,0.2031,40.39,44.04,-24130.25,3777.4,-2996.64,5.69
2025-04-01,20054,Northbrook Paper & Board,1785.2,1461.7,55.0853,47.4656,0.7928,0.8188,0.2012,0.2092,17.66,21.5,-13602.69,1843.7,-3222.49,11.69
2025-05-01,20054,Northbrook Paper & Board,1340.3,1057.1,55.0853,47.3217,0.7928,0.7887,0.2012,0.1821,15.39,15.55,-10405.55,1333.4,380.09,-20.19
2025-06-01,20054,Northbrook Paper & Board,2482.4,1949.6,55.0853,46.945,0.7928,0.7854,0.2012,0.2076,23.4,28.67,-20207.48,2459.1,1283.49,12.48
2025-07-01,20054,Northbrook Paper & Board,564.0,441.4,47.2583,47.1786,0.7928,0.7826,0.2012,0.2189,6.14,6.49,-44.95,556.8,340.26,7.81
2025-08-01,20054,Northbrook Paper & Board,3701.7,2868.0,47.2583,49.8735,0.7928,0.7748,0.2012,0.2067,47.88,42.18,9680.69,3617.6,3974.42,15.77
2025-09-01,20054,Northbrook Paper & Board,1519.5,1149.1,47.2583,47.5136,0.7928,0.7563,0.2012,0.2246,18.11,16.9,387.93,1449.4,3312.81,26.89
2025-10-01,20054,Northbrook Paper & Board,1008.5,791.0,47.2583,47.732,0.7928,0.7844,0.2012,0.225,9.92,11.63,477.73,997.7,510.39,18.83
2025-11-01,20054,Northbrook Paper & Board,739.1,564.4,47.2583,48.3321,0.7928,0.7636,0.2012,0.1902,7.19,8.3,793.65,711.9,1285.43,-6.21
2025-12-01,20054,Northbrook Paper & Board,3327.8,2573.5,47.2583,46.2427,0.7928,0.7733,0.2012,0.193,27.9,37.85,-3379.71,3246.1,3861.0,-21.1
2026-01-01,20054,Northbrook Paper & Board,1230.0,915.9,47.2583,43.3222,0.7928,0.7446,0.2012,0.2145,16.18,13.47,-4841.4,1155.3,3530.2,12.18
2026-02-01,20054,Northbrook Paper & Board,1323.7,1085.9,47.2583,40.4942,0.7928,0.8204,0.2012,0.2,19.4,15.97,-8953.64,1369.7,-2173.88,-1.3
2026-03-01,20054,Northbrook Paper & Board,984.0,770.2,47.2583,38.3688,0.7928,0.7827,0.2012,0.2114,8.88,11.33,-8747.27,971.5,590.73,7.86
2026-05-01,20054,Northbrook Paper & Board,587.0,469.3,47.2583,36.9838,0.7928,0.7995,0.2012,0.2023,7.04,6.9,-6031.13,592.0,-236.29,0.52
2026-06-01,20054,Northbrook Paper & Board,1649.6,1343.1,47.2583,37.9048,0.7928,0.8142,0.2012,0.1935,17.28,19.75,-15429.53,1694.1,-2102.99,-10.34
2023-07-01,20055,Shenzhen Kaiyuan Electronics,3056.5,2555.1,60.5993,61.2791,0.8183,0.836,0.5408,0.5036,36.9,37.58,2077.81,3122.4,-3993.49,-95.05
2023-08-01,20055,Shenzhen Kaiyuan Electronics,1906.2,1616.3,60.5993,61.2164,0.8183,0.8479,0.5408,0.4933,39.4,23.77,1176.32,1975.2,-4181.35,-76.77
2023-09-01,20055,Shenzhen Kaiyuan Electronics,1845.2,1539.3,60.5993,62.379,0.8183,0.8342,0.5408,0.5222,21.8,22.64,3283.9,1881.1,-2175.51,-28.63
2023-10-01,20055,Shenzhen Kaiyuan Electronics,2525.6,2116.9,60.5993,63.5341,0.8183,0.8382,0.5408,0.5037,43.28,31.13,7412.13,2586.9,-3714.74,-78.54
2023-11-01,20055,Shenzhen Kaiyuan Electronics,1519.7,1176.7,60.5993,62.7161,0.8183,0.7743,0.5408,0.4975,15.33,17.3,3216.9,1438.0,4950.96,-50.95
2023-12-01,20055,Shenzhen Kaiyuan Electronics,2036.1,1677.5,60.5993,61.3107,0.8183,0.8239,0.5408,0.6197,18.89,24.67,1448.48,2050.0,-842.33,132.35
2024-01-01,20055,Shenzhen Kaiyuan Electronics,4797.3,3739.9,60.5993,62.0044,0.8183,0.7796,0.5408,0.5724,80.86,55.0,6740.69,4570.3,13756.04,118.18
2024-02-01,20055,Shenzhen Kaiyuan Electronics,2373.5,1901.1,60.5993,60.2014,0.8183,0.801,0.5408,0.6449,28.48,27.96,-944.42,2323.2,3048.14,197.9
2024-03-01,20055,Shenzhen Kaiyuan Electronics,2803.7,2218.9,60.5993,59.3561,0.8183,0.7914,0.5408,0.5584,57.9,32.63,-3485.56,2711.6,5581.2,39.05
2024-05-01,20055,Shenzhen Kaiyuan Electronics,1974.4,1612.1,60.5993,56.8677,0.8183,0.8165,0.5408,0.6413,16.91,23.71,-7367.67,1970.1,260.58,162.02
2024-06-01,20055,Shenzhen Kaiyuan Electronics,2057.6,1705.6,60.5993,54.5562,0.8183,0.8289,0.5408,0.6179,26.43,25.08,-12434.28,2084.3,-1618.0,131.5
2024-08-01,20055,Shenzhen Kaiyuan Electronics,2237.0,1764.5,56.3751,55.7464,0.8183,0.7888,0.5408,0.5837,21.59,25.95,-1406.4,2156.3,4549.47,75.7
2024-09-01,20055,Shenzhen Kaiyuan Electronics,3631.4,2788.8,56.3751,56.7071,0.8183,0.768,0.5408,0.5403,50.24,41.01,1205.62,3408.0,12594.2,-1.39
2024-10-01,20055,Shenzhen Kaiyuan Electronics,4754.5,3713.4,56.3751,58.4333,0.8183,0.781,0.5408,0.5285,43.94,54.61,9785.71,4537.9,12210.85,-45.67
2024-11-01,20055,Shenzhen Kaiyuan Electronics,1772.4,1420.9,56.3751,62.3725,0.8183,0.8017,0.5408,0.6098,15.63,20.9,10629.79,1736.4,2029.5,98.04
2024-12-01,20055,Shenzhen Kaiyuan Electronics,3382.3,2698.5,56.3751,62.5468,0.8183,0.7978,0.5408,0.5566,49.17,39.68,20874.54,3297.7,4769.33,42.64
2025-01-01,20055,Shenzhen Kaiyuan Electronics,3102.2,2526.9,56.3751,63.2651,0.8183,0.8145,0.5408,0.4953,27.42,37.16,21374.16,3088.0,800.53,-114.97
2025-02-01,20055,Shenzhen Kaiyuan Electronics,2040.0,1707.9,56.3751,61.5066,0.8183,0.8372,0.5408,0.6301,30.87,25.12,10468.26,2087.1,-2655.27,152.52
2025-03-01,20055,Shenzhen Kaiyuan Electronics,1631.0,1384.9,56.3751,59.4096,0.8183,0.8491,0.5408,0.5898,25.15,20.37,4949.27,1692.4,-3461.43,67.86
2025-04-01,20055,Shenzhen Kaiyuan Electronics,1487.4,1174.9,56.3751,61.1453,0.8183,0.7899,0.5408,0.5074,22.97,17.28,7095.2,1435.8,2908.96,-39.24
2025-05-01,20055,Shenzhen Kaiyuan Electronics,4183.3,3448.3,56.3751,59.0213,0.8183,0.8243,0.5408,0.6028,55.06,50.71,11069.85,4214.0,-1730.72,213.79
2025-06-01,20055,Shenzhen Kaiyuan Electronics,2395.7,2076.4,56.3751,61.4581,0.8183,0.8667,0.5408,0.4603,28.42,30.54,12177.34,2537.5,-7993.99,-167.15
2025-07-01,20055,Shenzhen Kaiyuan Electronics,2496.5,2160.2,60.56,60.8458,0.8183,0.8653,0.5408,0.5104,50.59,31.77,713.5,2639.9,-8684.3,-65.67
2025-08-01,20055,Shenzhen Kaiyuan Electronics,4003.4,3508.1,60.56,63.9054,0.8183,0.8763,0.5408,0.5806,46.63,51.59,13392.97,4287.1,-17180.87,139.62
2025-11-01,20055,Shenzhen Kaiyuan Electronics,1921.9,1604.5,60.56,52.4925,0.8183,0.8349,0.5408,0.4752,16.73,23.6,-15504.93,1960.8,-2355.78,-105.26
2025-12-01,20055,Shenzhen Kaiyuan Electronics,934.1,784.7,60.56,52.2675,0.8183,0.84,0.5408,0.5475,10.19,11.54,-7746.02,958.9,-1501.89,5.26
2026-01-01,20055,Shenzhen Kaiyuan Electronics,3265.1,2703.1,60.56,51.4522,0.8183,0.8279,0.5408,0.4876,40.55,39.75,-29737.88,3303.3,-2313.39,-143.8
2026-02-01,20055,Shenzhen Kaiyuan Electronics,3304.5,2643.3,60.56,47.3361,0.8183,0.7999,0.5408,0.4625,32.01,38.87,-43698.38,3230.2,4499.61,-206.97
2026-03-01,20055,Shenzhen Kaiyuan Electronics,2811.2,2338.5,60.56,45.2084,0.8183,0.8319,0.5408,0.501,36.89,34.39,-43156.42,2857.8,-2822.1,-93.07
2026-04-01,20055,Shenzhen Kaiyuan Electronics,11547.2,9782.2,60.56,42.9391,0.8183,0.8471,0.5408,0.5075,237.97,143.86,-203472.06,11954.3,-24653.98,-325.75
2026-06-01,20055,Shenzhen Kaiyuan Electronics,2114.4,1810.4,60.56,46.759,0.8183,0.8562,0.5408,0.5276,19.06,26.62,-29180.83,2212.4,-5934.88,-23.9
2023-07-01,20056,Vertex Consumer Products (US),1870.3,1804.0,21.2573,21.4807,0.9864,0.9646,0.515,0.4608,26.2,26.53,417.83,1828.9,880.05,-97.78
2023-08-01,20056,Vertex Consumer Products (US),1282.7,1233.2,21.2573,22.6242,0.9864,0.9614,0.515,0.4217,30.43,18.14,1753.32,1250.2,690.86,-115.06
2023-12-01,20056,Vertex Consumer Products (US),884.5,869.9,21.2573,22.7094,0.9864,0.9835,0.515,0.4708,13.81,12.79,1284.38,881.9,55.27,-38.45
2024-01-01,20056,Vertex Consumer Products (US),4361.3,4206.9,21.2573,21.8883,0.9864,0.9646,0.515,0.4018,53.27,61.87,2751.98,4264.9,2049.2,-476.22
2024-02-01,20056,Vertex Consumer Products (US),653.9,650.6,21.2573,22.7415,0.9864,0.995,0.515,0.5953,16.89,9.57,970.52,659.6,-121.17,52.24
2024-03-01,20056,Vertex Consumer Products (US),2488.7,2476.2,21.2573,24.5481,0.9864,0.995,0.515,0.5999,40.86,36.42,8189.81,2510.3,-459.16,210.23
2024-04-01,20056,Vertex Consumer Products (US),1950.0,1882.9,21.2573,26.4479,0.9864,0.9656,0.515,0.5164,42.94,27.69,10121.67,1908.9,873.68,2.64
2024-05-01,20056,Vertex Consumer Products (US),5964.4,5927.5,21.2573,27.8514,0.9864,0.9938,0.515,0.515,123.44,87.17,39329.85,6009.2,-952.33,0.0
2024-06-01,20056,Vertex Consumer Products (US),1442.5,1435.3,21.2573,26.471,0.9864,0.995,0.515,0.5441,27.48,21.11,7520.76,1455.1,-267.84,41.77
2024-07-01,20056,Vertex Consumer Products (US),1683.9,1675.5,27.9608,27.7311,0.9864,0.995,0.515,0.4855,22.69,24.64,-386.79,1698.6,-411.02,-49.43
2024-08-01,20056,Vertex Consumer Products (US),1103.6,1098.1,27.9608,27.9592,0.9864,0.995,0.515,0.4497,16.37,16.15,-1.77,1113.2,-268.42,-71.71
2024-10-01,20056,Vertex Consumer Products (US),2223.8,2143.9,27.9608,28.3333,0.9864,0.9641,0.515,0.5498,48.03,31.53,828.37,2173.5,1406.43,74.61
2024-11-01,20056,Vertex Consumer Products (US),3147.0,3131.3,27.9608,28.486,0.9864,0.995,0.515,0.4217,49.75,46.05,1652.8,3174.5,-768.92,-292.15
2024-12-01,20056,Vertex Consumer Products (US),811.4,800.5,27.9608,26.5482,0.9864,0.9865,0.515,0.5312,12.16,11.77,-1146.18,811.5,-2.8,12.97
2025-01-01,20056,Vertex Consumer Products (US),2144.1,2115.1,27.9608,25.9146,0.9864,0.9865,0.515,0.5378,31.73,31.1,-4387.26,2144.3,-5.59,48.22
2025-02-01,20056,Vertex Consumer Products (US),2333.8,2280.8,27.9608,28.7367,0.9864,0.9773,0.515,0.4929,26.29,33.54,1810.8,2312.2,603.95,-50.41
2025-03-01,20056,Vertex Consumer Products (US),1022.1,1017.0,27.9608,30.3543,0.9864,0.995,0.515,0.5124,23.09,14.96,2446.4,1031.0,-248.85,-2.64
2025-04-01,20056,Vertex Consumer Products (US),1663.5,1609.0,27.9608,31.5257,0.9864,0.9673,0.515,0.5071,24.43,23.66,5930.21,1631.2,903.13,-12.71
2025-05-01,20056,Vertex Consumer Products (US),914.4,909.8,27.9608,32.3983,0.9864,0.995,0.515,0.5496,16.02,13.38,4057.65,922.3,-220.89,31.48
2025-06-01,20056,Vertex Consumer Products (US),3775.6,3756.7,27.9608,33.5479,0.9864,0.995,0.515,0.5541,71.01,55.25,21094.65,3808.5,-919.91,146.89
2025-07-01,20056,Vertex Consumer Products (US),1084.2,1061.1,33.2209,33.2055,0.9864,0.9787,0.515,0.57,17.78,15.6,-16.7,1075.7,282.38,58.36
2025-08-01,20056,Vertex Consumer Products (US),1348.2,1338.8,33.2209,32.5422,0.9864,0.993,0.515,0.5334,29.86,19.69,-915.02,1357.3,-302.31,24.63
2025-09-01,20056,Vertex Consumer Products (US),1212.7,1196.2,33.2209,31.4478,0.9864,0.9863,0.515,0.5191,18.16,17.59,-2150.24,1212.7,0.0,4.9
2025-10-01,20056,Vertex Consumer Products (US),765.6,755.9,33.2209,30.6428,0.9864,0.9874,0.515,0.5272,10.59,11.12,-1973.79,766.3,-23.25,9.22
2025-11-01,20056,Vertex Consumer Products (US),2486.4,2400.6,33.2209,30.056,0.9864,0.9655,0.515,0.5128,28.42,35.3,-7869.21,2433.7,1750.74,-5.28
2025-12-01,20056,Vertex Consumer Products (US),2055.8,1903.0,33.2209,29.0979,0.9864,0.9257,0.515,0.5765,24.71,27.99,-8476.06,1929.2,4205.77,117.03
2026-01-01,20056,Vertex Consumer Products (US),1159.4,1149.1,33.2209,29.6494,0.9864,0.9911,0.515,0.6052,13.76,16.9,-4140.8,1164.9,-182.71,103.65
2026-02-01,20056,Vertex Consumer Products (US),7021.1,6986.0,33.2209,30.0737,0.9864,0.995,0.515,0.5052,90.03,102.74,-22096.81,7082.3,-2033.12,-68.46
2026-04-01,20056,Vertex Consumer Products (US),1905.0,1895.4,33.2209,31.0543,0.9864,0.995,0.515,0.4773,21.64,27.87,-4127.37,1921.5,-548.14,-71.46
2026-05-01,20056,Vertex Consumer Products (US),1502.9,1462.3,33.2209,31.9429,0.9864,0.973,0.515,0.5674,22.73,21.5,-1920.71,1482.5,677.71,76.62
2026-06-01,20056,Vertex Consumer Products (US),1846.2,1837.0,33.2209,34.4774,0.9864,0.995,0.515,0.3853,22.71,27.01,2319.75,1862.3,-534.86,-238.26
2023-07-01,20057,Cascadia Pet Products,254.7,248.5,27.425,27.1518,0.9602,0.9759,0.2673,0.3262,3.48,3.65,-69.58,258.8,-112.44,14.64
2023-08-01,20057,Cascadia Pet Products,369.6,356.9,27.425,26.4649,0.9602,0.9656,0.2673,0.2865,4.58,5.25,-354.85,371.7,-57.59,6.85
2023-09-01,20057,Cascadia Pet Products,1080.0,1044.3,27.425,25.5578,0.9602,0.9669,0.2673,0.2416,13.61,15.36,-2016.58,1087.6,-208.43,-26.84
2023-10-01,20057,Cascadia Pet Products,190.6,189.7,27.425,25.7909,0.9602,0.995,0.2673,0.2471,1.98,2.79,-311.46,197.6,-191.98,-3.83
2023-11-01,20057,Cascadia Pet Products,598.5,579.9,27.425,26.5377,0.9602,0.9688,0.2673,0.2732,14.11,8.53,-531.05,603.9,-148.09,3.42
2023-12-01,20057,Cascadia Pet Products,179.2,168.0,27.425,27.321,0.9602,0.9378,0.2673,0.2169,2.74,2.47,-18.64,175.0,115.18,-8.47
2024-01-01,20057,Cascadia Pet Products,397.7,394.0,27.425,27.7475,0.9602,0.9906,0.2673,0.2509,10.36,5.79,128.26,410.3,-345.56,-6.46
2024-02-01,20057,Cascadia Pet Products,712.7,680.1,27.425,27.9507,0.9602,0.9543,0.2673,0.2451,8.27,10.0,374.67,708.3,120.67,-15.1
2024-03-01,20057,Cascadia Pet Products,345.7,337.6,27.425,27.3457,0.9602,0.9765,0.2673,0.2828,7.14,4.96,-27.41,351.6,-161.81,5.23
2024-04-01,20057,Cascadia Pet Products,366.3,360.5,27.425,25.8741,0.9602,0.9842,0.2673,0.2781,5.71,5.3,-568.09,375.4,-249.57,3.89
2024-07-01,20057,Cascadia Pet Products,470.7,451.8,26.3506,25.9772,0.9602,0.9599,0.2673,0.2647,8.77,6.64,-175.76,470.5,5.27,-1.17
2024-08-01,20057,Cascadia Pet Products,634.7,597.1,26.3506,23.9017,0.9602,0.9408,0.2673,0.2808,8.12,8.78,-1554.32,621.8,339.92,8.06
2024-09-01,20057,Cascadia Pet Products,404.3,388.7,26.3506,22.6947,0.9602,0.9614,0.2673,0.2798,4.08,5.72,-1478.08,404.8,-13.18,4.86
2024-10-01,20057,Cascadia Pet Products,482.4,445.7,26.3506,22.0879,0.9602,0.924,0.2673,0.2734,9.28,6.55,-2056.33,464.2,479.58,2.72
2024-11-01,20057,Cascadia Pet Products,278.2,255.6,26.3506,21.1645,0.9602,0.9186,0.2673,0.277,5.62,3.76,-1442.77,266.2,316.21,2.48
2024-12-01,20057,Cascadia Pet Products,283.9,262.4,26.3506,21.5621,0.9602,0.9243,0.2673,0.3076,3.64,3.86,-1359.46,273.3,279.32,10.57
2025-01-01,20057,Cascadia Pet Products,607.0,559.9,26.3506,21.063,0.9602,0.9223,0.2673,0.2597,8.49,8.23,-3209.57,583.1,629.78,-4.26
2025-02-01,20057,Cascadia Pet Products,500.3,481.8,26.3506,20.9998,0.9602,0.963,0.2673,0.2821,9.85,7.09,-2677.01,501.8,-39.53,7.13
2025-04-01,20057,Cascadia Pet Products,498.9,485.8,26.3506,20.5293,0.9602,0.9736,0.2673,0.2516,10.52,7.14,-2904.25,505.9,-184.45,-7.63
2025-05-01,20057,Cascadia Pet Products,470.9,447.1,26.3506,20.5791,0.9602,0.9494,0.2673,0.2693,7.29,6.57,-2717.8,465.6,139.66,0.89
2025-06-01,20057,Cascadia Pet Products,317.9,310.2,26.3506,20.6043,0.9602,0.9759,0.2673,0.3044,3.32,4.56,-1826.75,323.1,-137.02,11.51
2025-07-01,20057,Cascadia Pet Products,127.5,122.2,19.4783,19.7004,0.9602,0.9585,0.2673,0.263,1.57,1.8,28.32,127.3,3.9,-0.53
2025-08-01,20057,Cascadia Pet Products,318.1,299.1,19.4783,20.1209,0.9602,0.9403,0.2673,0.2615,6.09,4.4,204.41,311.5,128.56,-1.73
2025-10-01,20057,Cascadia Pet Products,482.4,458.8,19.4783,21.0277,0.9602,0.9511,0.2673,0.2692,7.24,6.75,747.43,477.8,89.6,0.87
2025-11-01,20057,Cascadia Pet Products,381.1,363.3,19.4783,21.7586,0.9602,0.9532,0.2673,0.2779,4.24,5.34,869.02,378.4,52.59,3.85
2026-01-01,20057,Cascadia Pet Products,663.1,601.0,19.4783,25.1399,0.9602,0.9063,0.2673,0.2803,9.72,8.84,3754.21,625.9,724.59,7.81
2026-02-01,20057,Cascadia Pet Products,522.8,498.1,19.4783,25.9243,0.9602,0.9528,0.2673,0.2804,8.18,7.33,3369.97,518.7,79.86,6.53
2026-03-01,20057,Cascadia Pet Products,846.6,767.6,19.4783,25.3961,0.9602,0.9067,0.2673,0.2683,9.21,11.29,5010.01,799.4,919.38,0.77
2026-04-01,20057,Cascadia Pet Products,340.8,326.3,19.4783,24.1603,0.9602,0.9572,0.2673,0.2886,5.86,4.8,1595.63,339.8,19.48,6.95
2026-05-01,20057,Cascadia Pet Products,259.7,236.4,19.4783,23.7617,0.9602,0.9104,0.2673,0.2843,3.29,3.48,1112.4,246.2,262.96,4.02
2026-06-01,20057,Cascadia Pet Products,275.7,249.4,19.4783,22.5157,0.9602,0.9048,0.2673,0.2714,2.63,3.67,837.41,259.7,311.65,1.02
2023-07-01,20058,Ningbo Hometech Manufacturing,4081.0,3695.3,16.2425,16.4777,0.8844,0.9055,0.4677,0.4453,90.48,54.34,959.85,4178.3,-1580.4,-82.77
2023-08-01,20058,Ningbo Hometech Manufacturing,3495.6,3136.2,16.2425,16.2295,0.8844,0.8972,0.4677,0.465,38.73,46.12,-45.44,3546.1,-820.25,-8.47
2023-09-01,20058,Ningbo Hometech Manufacturing,2907.9,2589.0,16.2425,16.0271,0.8844,0.8903,0.4677,0.4891,30.15,38.07,-626.36,2927.4,-316.73,55.4
2023-10-01,20058,Ningbo Hometech Manufacturing,3239.7,2914.8,16.2425,15.0999,0.8844,0.8997,0.4677,0.5115,52.7,42.86,-3701.68,3295.8,-911.2,127.67
2023-11-01,20058,Ningbo Hometech Manufacturing,2054.1,1815.8,16.2425,15.7828,0.8844,0.884,0.4677,0.449,24.23,26.7,-944.27,2053.1,16.24,-33.96
2023-12-01,20058,Ningbo Hometech Manufacturing,2405.8,2219.3,16.2425,16.2723,0.8844,0.9225,0.4677,0.5176,25.52,32.64,71.69,2509.4,-1682.72,110.74
2024-01-01,20058,Ningbo Hometech Manufacturing,2981.2,2717.1,16.2425,17.144,0.8844,0.9114,0.4677,0.5106,44.83,39.96,2687.55,3072.3,-1479.69,116.56
2024-02-01,20058,Ningbo Hometech Manufacturing,918.9,793.6,16.2425,17.5251,0.8844,0.8636,0.4677,0.4652,8.6,11.67,1178.58,897.3,350.84,-1.98
2024-05-01,20058,Ningbo Hometech Manufacturing,1176.0,1067.9,16.2425,16.8158,0.8844,0.908,0.4677,0.4593,11.97,15.7,674.2,1207.5,-511.64,-8.97
2024-07-01,20058,Ningbo Hometech Manufacturing,918.9,841.4,16.2041,16.4318,0.8844,0.9156,0.4677,0.4268,13.26,12.37,209.23,951.4,-526.63,-34.41
2024-08-01,20058,Ningbo Hometech Manufacturing,3033.9,2650.4,16.2041,15.9541,0.8844,0.8736,0.4677,0.4706,67.15,38.98,-758.48,2996.8,601.17,7.69
2024-09-01,20058,Ningbo Hometech Manufacturing,1291.8,1099.0,16.2041,15.1059,0.8844,0.8507,0.4677,0.4982,27.7,16.16,-1418.65,1242.7,795.62,33.52
2024-10-01,20058,Ningbo Hometech Manufacturing,2733.7,2259.1,16.2041,14.8347,0.8844,0.8264,0.4677,0.5138,24.89,33.22,-3743.53,2554.4,2905.4,104.14
2024-12-01,20058,Ningbo Hometech Manufacturing,3579.4,3129.1,16.2041,15.3256,0.8844,0.8742,0.4677,0.4872,52.47,46.02,-3144.5,3538.1,669.23,61.02
2025-01-01,20058,Ningbo Hometech Manufacturing,3481.9,3119.2,16.2041,16.2194,0.8844,0.8959,0.4677,0.5407,54.87,45.87,53.27,3526.9,-729.18,227.7
2025-03-01,20058,Ningbo Hometech Manufacturing,2833.4,2586.7,16.2041,15.8143,0.8844,0.9129,0.4677,0.4889,27.01,38.04,-1104.46,2924.8,-1481.05,54.84
2025-05-01,20058,Ningbo Hometech Manufacturing,621.3,560.4,16.2041,16.0696,0.8844,0.902,0.4677,0.4209,9.38,8.24,-83.56,633.6,-199.31,-26.23
2025-06-01,20058,Ningbo Hometech Manufacturing,2104.5,1853.6,16.2041,16.2922,0.8844,0.8808,0.4677,0.4702,30.27,27.26,185.41,2095.9,139.36,4.63
2025-07-01,20058,Ningbo Hometech Manufacturing,2146.3,1905.6,17.2803,17.1511,0.8844,0.8878,0.4677,0.4333,38.59,28.02,-277.3,2154.7,-145.15,-65.55
2025-09-01,20058,Ningbo Hometech Manufacturing,5881.7,5176.0,17.2803,19.4736,0.8844,0.88,0.4677,0.5614,53.99,76.12,12900.33,5852.6,502.86,484.99
2025-10-01,20058,Ningbo Hometech Manufacturing,1317.0,1168.9,17.2803,19.8399,0.8844,0.8876,0.4677,0.4187,16.3,17.19,3370.99,1321.7,-81.22,-57.28
2025-11-01,20058,Ningbo Hometech Manufacturing,1819.2,1592.6,17.2803,19.8151,0.8844,0.8755,0.4677,0.5098,27.42,23.42,4611.31,1800.8,317.96,67.05
2025-12-01,20058,Ningbo Hometech Manufacturing,2708.0,2453.5,17.2803,21.2596,0.8844,0.906,0.4677,0.4723,32.87,36.08,10775.94,2774.2,-1143.96,11.29
2026-01-01,20058,Ningbo Hometech Manufacturing,826.8,728.4,17.2803,23.3806,0.8844,0.881,0.4677,0.4749,15.06,10.71,5043.73,823.6,55.3,5.24
2026-02-01,20058,Ningbo Hometech Manufacturing,3257.2,2944.3,17.2803,24.2108,0.8844,0.9039,0.4677,0.5204,35.95,43.3,22574.02,3329.1,-1242.45,155.16
2026-03-01,20058,Ningbo Hometech Manufacturing,5227.9,4768.2,17.2803,25.3614,0.8844,0.9121,0.4677,0.466,56.59,70.12,42247.18,5391.5,-2827.06,-8.11
2026-05-01,20058,Ningbo Hometech Manufacturing,3251.2,2963.7,17.2803,24.6395,0.8844,0.9116,0.4677,0.406,39.37,43.58,23926.23,3351.1,-1726.3,-182.86
2026-06-01,20058,Ningbo Hometech Manufacturing,2907.4,2725.8,17.2803,24.5127,0.8844,0.9376,0.4677,0.3897,39.99,40.09,21027.48,3082.1,-3018.87,-212.61
2023-08-01,20059,Silverline Personal Care,248.8,243.2,5.1756,5.2306,0.9856,0.9773,0.4102,0.3691,3.71,3.58,13.68,246.8,10.35,-10.0
2023-09-01,20059,Silverline Personal Care,121.7,120.2,5.1756,5.4199,0.9856,0.9882,0.4102,0.4093,1.31,1.77,29.73,122.0,-1.55,-0.11
2023-10-01,20059,Silverline Personal Care,302.1,300.6,5.1756,5.4288,0.9856,0.995,0.4102,0.4459,4.66,4.42,76.49,305.0,-15.01,10.73
2023-11-01,20059,Silverline Personal Care,182.2,181.3,5.1756,5.3086,0.9856,0.995,0.4102,0.4617,4.54,2.67,24.23,183.9,-8.8,9.34
2024-01-01,20059,Silverline Personal Care,244.5,239.7,5.1756,5.0472,0.9856,0.9802,0.4102,0.3446,4.38,3.52,-31.39,243.2,6.73,-15.72
2024-03-01,20059,Silverline Personal Care,200.3,199.3,5.1756,4.8606,0.9856,0.995,0.4102,0.3732,2.84,2.93,-63.09,202.2,-9.83,-7.37
2024-04-01,20059,Silverline Personal Care,86.1,85.6,5.1756,4.9406,0.9856,0.995,0.4102,0.3989,1.01,1.26,-20.23,86.9,-4.14,-0.97
2024-07-01,20059,Silverline Personal Care,80.2,77.5,5.2642,5.3337,0.9856,0.9673,0.4102,0.3988,1.34,1.14,5.57,78.6,8.42,-0.88
2024-09-01,20059,Silverline Personal Care,328.8,314.5,5.2642,5.4974,0.9856,0.9565,0.4102,0.4067,4.34,4.63,76.68,319.1,51.06,-1.1
2024-10-01,20059,Silverline Personal Care,335.0,312.6,5.2642,5.704,0.9856,0.9331,0.4102,0.3741,7.5,4.6,147.33,317.2,93.7,-11.28
2024-11-01,20059,Silverline Personal Care,807.3,762.9,5.2642,5.4317,0.9856,0.9449,0.4102,0.3788,8.68,11.22,135.22,774.0,175.3,-23.96
2025-01-01,20059,Silverline Personal Care,539.2,501.4,5.2642,5.6021,0.9856,0.9299,0.4102,0.4375,11.84,7.37,182.2,508.7,160.56,13.69
2025-02-01,20059,Silverline Personal Care,267.7,247.0,5.2642,5.736,0.9856,0.9227,0.4102,0.3758,2.89,3.63,126.3,250.6,90.02,-8.5
2025-03-01,20059,Silverline Personal Care,556.6,513.0,5.2642,6.0516,0.9856,0.9217,0.4102,0.443,6.28,7.54,438.27,520.5,190.04,16.83
2025-04-01,20059,Silverline Personal Care,525.1,508.4,5.2642,6.3237,0.9856,0.9683,0.4102,0.4033,6.01,7.48,556.34,515.8,48.96,-3.51
2025-05-01,20059,Silverline Personal Care,675.8,668.0,5.2642,6.5157,0.9856,0.9884,0.4102,0.465,14.69,9.82,845.76,677.8,-10.53,36.61
2025-08-01,20059,Silverline Personal Care,317.8,310.2,7.0256,6.9623,0.9856,0.976,0.4102,0.4309,5.02,4.56,-20.12,314.7,21.78,6.42
2025-09-01,20059,Silverline Personal Care,202.5,198.9,7.0256,7.1657,0.9856,0.9825,0.4102,0.4247,2.57,2.93,28.37,201.8,4.92,2.88
2025-10-01,20059,Silverline Personal Care,219.1,218.0,7.0256,7.0956,0.9856,0.995,0.4102,0.3889,2.38,3.21,15.34,221.2,-14.75,-4.64
2025-11-01,20059,Silverline Personal Care,519.3,508.0,7.0256,7.6285,0.9856,0.9783,0.4102,0.3882,7.11,7.47,313.09,515.4,27.4,-11.18
2026-01-01,20059,Silverline Personal Care,308.2,306.7,7.0256,7.0985,0.9856,0.995,0.4102,0.4693,4.32,4.51,22.47,311.2,-21.08,18.13
2026-02-01,20059,Silverline Personal Care,388.2,377.2,7.0256,7.2116,0.9856,0.9716,0.4102,0.4027,5.79,5.55,72.21,382.7,38.64,-2.83
2026-04-01,20059,Silverline Personal Care,465.5,458.5,7.0256,7.8957,0.9856,0.9849,0.4102,0.3398,6.74,6.74,405.03,465.2,2.11,-32.28
2026-06-01,20059,Silverline Personal Care,133.8,132.4,7.0256,8.5142,0.9856,0.9897,0.4102,0.4483,1.48,1.95,199.17,134.3,-3.51,5.04
2023-09-01,20060,Vertex Consumer Products (US),340.0,325.1,14.9639,14.3214,0.9612,0.9563,0.333,0.348,3.57,4.78,-218.45,338.2,26.94,4.88
2024-01-01,20060,Vertex Consumer Products (US),396.3,382.9,14.9639,14.9461,0.9612,0.9661,0.333,0.3318,4.18,5.63,-7.05,398.4,-31.42,-0.46
2024-02-01,20060,Vertex Consumer Products (US),233.6,225.1,14.9639,15.2042,0.9612,0.9637,0.333,0.3456,5.03,3.31,56.13,234.2,-8.98,2.84
2024-03-01,20060,Vertex Consumer Products (US),280.6,267.5,14.9639,15.9073,0.9612,0.9532,0.333,0.3721,6.68,3.93,264.72,278.3,34.42,10.46
2024-05-01,20060,Vertex Consumer Products (US),261.6,254.8,14.9639,15.4233,0.9612,0.974,0.333,0.3686,2.72,3.75,120.18,265.1,-52.37,9.07
2024-06-01,20060,Vertex Consumer Products (US),145.0,131.2,14.9639,15.4477,0.9612,0.905,0.333,0.3167,2.53,1.93,70.15,136.5,127.19,-2.14
2024-07-01,20060,Vertex Consumer Products (US),194.2,173.6,16.3275,16.203,0.9612,0.8939,0.333,0.3817,2.14,2.55,-24.18,180.6,222.05,8.45
2024-08-01,20060,Vertex Consumer Products (US),643.0,586.5,16.3275,16.3853,0.9612,0.9121,0.333,0.34,6.37,8.63,37.17,610.2,535.54,4.11
2024-09-01,20060,Vertex Consumer Products (US),231.1,213.8,16.3275,16.5235,0.9612,0.9251,0.333,0.3255,3.04,3.14,45.3,222.4,142.05,-1.6
2024-11-01,20060,Vertex Consumer Products (US),525.2,490.1,16.3275,15.7653,0.9612,0.9331,0.333,0.2601,6.75,7.21,-295.27,509.9,249.81,-35.73
2024-12-01,20060,Vertex Consumer Products (US),380.5,339.2,16.3275,15.6528,0.9612,0.8915,0.333,0.3255,3.77,4.99,-256.72,352.9,450.64,-2.54
2025-01-01,20060,Vertex Consumer Products (US),565.7,529.6,16.3275,15.7417,0.9612,0.9362,0.333,0.3187,9.96,7.79,-331.39,551.0,240.01,-7.57
2025-02-01,20060,Vertex Consumer Products (US),631.7,592.8,16.3275,15.6089,0.9612,0.9384,0.333,0.3545,6.43,8.72,-453.94,616.7,244.91,12.75
2025-05-01,20060,Vertex Consumer Products (US),528.6,525.9,16.3275,16.4418,0.9612,0.995,0.333,0.3182,6.2,7.73,60.42,547.1,-302.06,-7.78
2025-06-01,20060,Vertex Consumer Products (US),1046.4,1030.2,16.3275,15.9737,0.9612,0.9845,0.333,0.3701,17.85,15.15,-370.22,1071.8,-414.72,38.22
2025-07-01,20060,Vertex Consumer Products (US),1086.2,1080.8,15.8102,15.6565,0.9612,0.995,0.333,0.3363,12.92,15.89,-166.95,1124.4,-603.95,3.57
2025-08-01,20060,Vertex Consumer Products (US),417.0,401.3,15.8102,15.1217,0.9612,0.9623,0.333,0.3292,4.25,5.9,-287.1,417.5,-7.91,-1.52
2025-09-01,20060,Vertex Consumer Products (US),678.9,645.6,15.8102,14.4523,0.9612,0.951,0.333,0.3688,16.54,9.49,-921.88,671.7,113.83,23.11
2025-10-01,20060,Vertex Consumer Products (US),195.4,184.9,15.8102,13.5159,0.9612,0.946,0.333,0.3043,2.73,2.72,-448.31,192.4,47.43,-5.31
2025-11-01,20060,Vertex Consumer Products (US),481.0,457.4,15.8102,13.0484,0.9612,0.951,0.333,0.3683,8.91,6.73,-1328.43,475.9,80.63,16.15
2025-12-01,20060,Vertex Consumer Products (US),269.0,265.9,15.8102,12.9681,0.9612,0.9884,0.333,0.3148,2.8,3.91,-764.52,276.6,-120.16,-4.84
2026-01-01,20060,Vertex Consumer Products (US),151.7,147.8,15.8102,13.8037,0.9612,0.9747,0.333,0.3798,1.57,2.17,-304.39,153.8,-33.2,6.92
2026-03-01,20060,Vertex Consumer Products (US),281.3,269.4,15.8102,14.3534,0.9612,0.9579,0.333,0.3114,3.7,3.96,-409.8,280.3,15.81,-5.82
2026-04-01,20060,Vertex Consumer Products (US),1042.6,1004.9,15.8102,15.2873,0.9612,0.9639,0.333,0.2789,17.49,14.78,-545.18,1045.5,-45.85,-54.37
2026-05-01,20060,Vertex Consumer Products (US),302.1,293.6,15.8102,15.4492,0.9612,0.972,0.333,0.3487,3.08,4.32,-109.06,305.5,-53.75,4.61
2023-07-01,20061,Northbrook Paper & Board,1755.5,1671.2,10.6123,10.6556,0.9506,0.952,0.1097,0.097,36.17,24.58,76.01,1758.0,-26.53,-21.22
2023-08-01,20061,Northbrook Paper & Board,2611.0,2493.3,10.6123,10.7077,0.9506,0.9549,0.1097,0.1089,26.5,36.67,249.09,2622.9,-126.29,-1.99
2023-10-01,20061,Northbrook Paper & Board,2512.9,2500.3,10.6123,11.0212,0.9506,0.995,0.1097,0.1016,30.34,36.77,1027.52,2630.2,-1244.82,-20.25
2023-11-01,20061,Northbrook Paper & Board,2057.6,1993.5,10.6123,11.2174,0.9506,0.9689,0.1097,0.124,26.5,29.32,1245.05,2097.1,-419.19,28.51
2023-12-01,20061,Northbrook Paper & Board,11701.1,11626.8,10.6123,10.8347,0.9506,0.9937,0.1097,0.1094,149.26,170.98,2602.32,12231.0,-5623.46,-3.49
2024-01-01,20061,Northbrook Paper & Board,1894.6,1731.4,10.6123,10.7787,0.9506,0.9138,0.1097,0.1231,30.24,25.46,315.26,1821.4,776.82,23.2
2024-02-01,20061,Northbrook Paper & Board,4218.3,4060.9,10.6123,10.4119,0.9506,0.9627,0.1097,0.1217,88.02,59.72,-845.35,4271.9,-568.82,48.73
2024-03-01,20061,Northbrook Paper & Board,4052.2,3812.8,10.6123,10.0373,0.9506,0.9409,0.1097,0.0937,65.71,56.07,-2330.01,4010.9,438.29,-61.0
2024-04-01,20061,Northbrook Paper & Board,3295.1,3035.2,10.6123,9.6474,0.9506,0.9211,0.1097,0.1274,78.92,44.63,-3179.44,3192.9,1084.58,53.72
2024-05-01,20061,Northbrook Paper & Board,1873.8,1750.9,10.6123,10.5684,0.9506,0.9344,0.1097,0.0999,28.4,25.75,-82.26,1841.9,338.53,-17.16
2024-06-01,20061,Northbrook Paper & Board,4335.8,4068.8,10.6123,10.4211,0.9506,0.9384,0.1097,0.1158,106.11,59.83,-829.0,4280.2,590.04,24.82
2024-07-01,20061,Northbrook Paper & Board,1975.8,1838.9,10.7403,10.7969,0.9506,0.9307,0.1097,0.1123,19.68,27.04,111.83,1934.5,443.57,4.78
2024-09-01,20061,Northbrook Paper & Board,1691.0,1587.3,10.7403,11.5191,0.9506,0.9387,0.1097,0.1208,23.98,23.34,1316.95,1669.8,227.69,17.62
2024-10-01,20061,Northbrook Paper & Board,2165.6,2017.8,10.7403,11.5994,0.9506,0.9317,0.1097,0.1148,39.87,29.67,1860.47,2122.7,460.76,10.29
2024-11-01,20061,Northbrook Paper & Board,1501.4,1406.2,10.7403,11.1161,0.9506,0.9366,0.1097,0.1031,15.39,20.68,564.23,1479.3,237.36,-9.28
2024-12-01,20061,Northbrook Paper & Board,5634.7,5390.2,10.7403,11.6339,0.9506,0.9566,0.1097,0.0846,82.47,79.27,5035.17,5670.3,-382.35,-135.29
2025-01-01,20061,Northbrook Paper & Board,3634.4,3555.6,10.7403,11.158,0.9506,0.9783,0.1097,0.1019,45.07,52.29,1518.09,3740.4,-1138.47,-27.73
2025-02-01,20061,Northbrook Paper & Board,2799.0,2785.1,10.7403,11.0543,0.9506,0.995,0.1097,0.1036,32.39,40.96,878.89,2929.8,-1404.83,-16.99
2025-03-01,20061,Northbrook Paper & Board,3697.9,3463.6,10.7403,10.6976,0.9506,0.9366,0.1097,0.1225,68.46,50.93,-157.9,3643.6,583.2,44.33
2025-04-01,20061,Northbrook Paper & Board,2802.6,2642.5,10.7403,10.3925,0.9506,0.9429,0.1097,0.1031,29.62,38.86,-974.74,2779.8,244.88,-17.44
2025-05-01,20061,Northbrook Paper & Board,4188.7,3924.0,10.7403,10.0833,0.9506,0.9368,0.1097,0.129,63.89,57.71,-2751.98,4127.9,653.01,75.73
2025-07-01,20061,Northbrook Paper & Board,4874.3,4759.8,9.7911,9.8343,0.9506,0.9765,0.1097,0.1004,106.98,70.0,210.57,5007.2,-1301.24,-44.27
2025-08-01,20061,Northbrook Paper & Board,4053.1,3805.6,9.7911,9.5622,0.9506,0.9389,0.1097,0.107,60.95,55.96,-927.75,4003.4,486.62,-10.28
2025-09-01,20061,Northbrook Paper & Board,2520.8,2431.2,9.7911,9.3797,0.9506,0.9644,0.1097,0.1066,51.71,35.75,-1037.06,2557.5,-359.33,-7.54
2025-11-01,20061,Northbrook Paper & Board,2282.4,2178.4,9.7911,9.3866,0.9506,0.9544,0.1097,0.1151,48.95,32.04,-923.23,2291.6,-90.08,11.76
2025-12-01,20061,Northbrook Paper & Board,3684.3,3634.9,9.7911,9.7925,0.9506,0.9866,0.1097,0.1079,62.64,53.46,5.16,3823.8,-1365.86,-6.54
2026-02-01,20061,Northbrook Paper & Board,2045.9,1938.6,9.7911,10.3257,0.9506,0.9475,0.1097,0.1154,33.66,28.51,1093.74,2039.3,64.62,11.05
2026-03-01,20061,Northbrook Paper & Board,2708.7,2590.0,9.7911,10.6552,0.9506,0.9562,0.1097,0.1287,33.92,38.09,2340.59,2724.6,-155.68,49.21
2026-05-01,20061,Northbrook Paper & Board,7075.1,6498.4,9.7911,11.6157,0.9506,0.9185,0.1097,0.1108,140.45,95.57,12909.23,6836.1,2340.07,7.15
2026-06-01,20061,Northbrook Paper & Board,5794.4,5765.5,9.7911,11.6059,0.9506,0.995,0.1097,0.1058,64.26,84.79,10515.68,6065.1,-2650.45,-22.49
2023-07-01,20062,Harlow Textile Group,283.2,246.2,25.1911,24.8225,0.8455,0.8695,0.5363,0.5143,3.13,3.62,-104.39,291.2,-201.53,-5.42
2023-08-01,20062,Harlow Textile Group,474.4,395.5,25.1911,27.1107,0.8455,0.8336,0.5363,0.5445,4.19,5.82,910.66,467.8,166.26,3.24
2023-09-01,20062,Harlow Textile Group,176.6,149.9,25.1911,26.9613,0.8455,0.8488,0.5363,0.5872,2.44,2.2,312.62,177.3,-17.63,7.63
2023-10-01,20062,Harlow Textile Group,107.4,89.6,25.1911,27.558,0.8455,0.8344,0.5363,0.504,1.48,1.32,254.21,106.0,35.27,-2.89
2023-12-01,20062,Harlow Textile Group,276.9,226.0,25.1911,24.7474,0.8455,0.8163,0.5363,0.5335,2.93,3.32,-122.86,267.3,241.83,-0.63
2024-01-01,20062,Harlow Textile Group,224.0,191.3,25.1911,23.4607,0.8455,0.8541,0.5363,0.5201,2.37,2.81,-387.61,226.3,-57.94,-3.1
2024-03-01,20062,Harlow Textile Group,163.3,133.8,25.1911,22.026,0.8455,0.8195,0.5363,0.5331,2.68,1.97,-516.86,158.2,128.47,-0.43
2024-05-01,20062,Harlow Textile Group,197.6,163.2,25.1911,23.7495,0.8455,0.826,0.5363,0.6102,1.73,2.4,-284.86,193.0,115.88,12.06
2024-06-01,20062,Harlow Textile Group,150.7,122.8,25.1911,25.5134,0.8455,0.8147,0.5363,0.5944,1.7,1.81,48.57,145.2,138.55,7.13
2024-07-01,20062,Harlow Textile Group,107.5,91.7,24.9018,24.6838,0.8455,0.8529,0.5363,0.58,1.17,1.35,-23.43,108.5,-24.9,4.01
2024-08-01,20062,Harlow Textile Group,88.6,72.7,24.9018,25.6942,0.8455,0.8207,0.5363,0.5653,0.83,1.07,70.21,86.0,64.74,2.11
2024-09-01,20062,Harlow Textile Group,123.0,103.9,24.9018,27.6631,0.8455,0.8446,0.5363,0.5162,1.52,1.53,339.64,122.9,2.49,-2.09
2024-10-01,20062,Harlow Textile Group,196.6,166.7,24.9018,27.7703,0.8455,0.8477,0.5363,0.5289,3.47,2.45,563.95,197.2,-14.94,-1.23
2024-12-01,20062,Harlow Textile Group,399.4,335.1,24.9018,25.9105,0.8455,0.839,0.5363,0.5311,4.21,4.93,402.87,396.3,77.2,-1.74
2025-01-01,20062,Harlow Textile Group,169.2,143.1,24.9018,25.9351,0.8455,0.8459,0.5363,0.6364,2.5,2.1,174.83,169.2,0.0,14.32
2025-02-01,20062,Harlow Textile Group,244.1,206.4,24.9018,26.7755,0.8455,0.8456,0.5363,0.5811,2.57,3.04,457.37,244.1,0.0,9.25
2025-03-01,20062,Harlow Textile Group,154.2,130.1,24.9018,24.4752,0.8455,0.8438,0.5363,0.5747,1.82,1.91,-65.78,153.9,7.47,5.0
2025-05-01,20062,Harlow Textile Group,164.9,140.8,24.9018,25.0519,0.8455,0.8534,0.5363,0.5685,1.76,2.07,24.75,166.5,-39.84,4.53
2025-06-01,20062,Harlow Textile Group,63.9,53.9,24.9018,27.166,0.8455,0.8432,0.5363,0.5484,0.57,0.79,144.68,63.7,4.98,0.65
2025-07-01,20062,Harlow Textile Group,197.7,167.3,29.9235,29.7992,0.8455,0.8462,0.5363,0.5102,4.3,2.46,-24.57,197.9,-5.98,-4.37
2025-08-01,20062,Harlow Textile Group,208.2,175.4,29.9235,29.7516,0.8455,0.8424,0.5363,0.5232,2.94,2.58,-35.79,207.5,20.95,-2.3
2025-09-01,20062,Harlow Textile Group,165.8,143.8,29.9235,31.9841,0.8455,0.8669,0.5363,0.5155,1.82,2.11,341.65,170.1,-128.67,-2.99
2025-11-01,20062,Harlow Textile Group,255.8,220.8,29.9235,32.6779,0.8455,0.863,0.5363,0.5353,4.49,3.25,704.58,261.1,-158.59,-0.22
2025-12-01,20062,Harlow Textile Group,149.3,127.3,29.9235,32.2391,0.8455,0.8522,0.5363,0.5038,2.79,1.87,345.72,150.6,-38.9,-4.14
2026-01-01,20062,Harlow Textile Group,131.9,113.8,29.9235,31.0581,0.8455,0.8633,0.5363,0.5455,2.0,1.67,149.65,134.6,-80.79,1.05
2026-02-01,20062,Harlow Textile Group,286.5,243.3,29.9235,28.3011,0.8455,0.8492,0.5363,0.601,2.8,3.58,-464.82,287.8,-38.9,15.74
2026-04-01,20062,Harlow Textile Group,277.6,243.7,29.9235,28.8806,0.8455,0.8781,0.5363,0.5552,3.91,3.58,-289.51,288.2,-317.19,4.61
2026-05-01,20062,Harlow Textile Group,95.2,80.7,29.9235,28.412,0.8455,0.8479,0.5363,0.5108,1.77,1.19,-143.89,95.4,-5.98,-2.06
2026-06-01,20062,Harlow Textile Group,190.2,167.1,29.9235,27.3398,0.8455,0.8789,0.5363,0.5015,3.14,2.46,-491.42,197.6,-221.43,-5.82
2023-07-01,20063,Silverline Personal Care,637.0,598.9,41.7957,41.5497,0.9125,0.9402,0.5746,0.6076,10.27,8.81,-156.7,656.3,-806.66,19.76
2023-08-01,20063,Silverline Personal Care,426.2,383.3,41.7957,44.1929,0.9125,0.8995,0.5746,0.5417,4.01,5.64,1021.69,420.1,254.95,-12.61
2023-10-01,20063,Silverline Personal Care,823.6,754.1,41.7957,45.4186,0.9125,0.9156,0.5746,0.4995,14.45,11.09,2983.82,826.4,-117.03,-56.63
2023-11-01,20063,Silverline Personal Care,497.6,454.8,41.7957,45.9307,0.9125,0.914,0.5746,0.6092,5.15,6.69,2057.58,498.4,-33.44,15.74
2023-12-01,20063,Silverline Personal Care,223.2,204.9,41.7957,44.7553,0.9125,0.9179,0.5746,0.5469,3.57,3.01,660.58,224.5,-54.33,-5.68
2024-01-01,20063,Silverline Personal Care,315.3,289.7,41.7957,45.0619,0.9125,0.9188,0.5746,0.5448,3.41,4.26,1029.83,317.5,-91.95,-8.63
2024-02-01,20063,Silverline Personal Care,269.1,257.0,41.7957,47.8787,0.9125,0.9548,0.5746,0.4925,4.42,3.78,1636.94,281.6,-522.45,-21.1
2024-03-01,20063,Silverline Personal Care,212.2,197.1,41.7957,47.7924,0.9125,0.9288,0.5746,0.617,3.02,2.9,1272.5,216.0,-158.82,8.36
2024-07-01,20063,Silverline Personal Care,796.4,760.4,60.4213,59.6156,0.9125,0.9548,0.5746,0.4788,9.27,11.18,-641.66,833.3,-2229.55,-72.85
2024-08-01,20063,Silverline Personal Care,814.9,757.2,60.4213,59.1781,0.9125,0.9293,0.5746,0.5697,8.52,11.14,-1013.08,829.8,-900.28,-3.71
2024-09-01,20063,Silverline Personal Care,605.8,567.9,60.4213,59.0305,0.9125,0.9375,0.5746,0.5899,7.77,8.35,-842.55,622.4,-1002.99,8.69
2024-11-01,20063,Silverline Personal Care,531.3,472.7,60.4213,56.0539,0.9125,0.8897,0.5746,0.5561,7.65,6.95,-2320.4,518.0,803.6,-8.74
2024-12-01,20063,Silverline Personal Care,436.1,388.0,60.4213,57.1201,0.9125,0.8896,0.5746,0.5643,6.31,5.71,-1439.65,425.2,658.59,-4.0
2025-01-01,20063,Silverline Personal Care,875.4,812.9,60.4213,57.2193,0.9125,0.9286,0.5746,0.6567,8.58,11.96,-2803.03,890.8,-930.49,66.74
2025-02-01,20063,Silverline Personal Care,203.4,192.7,60.4213,54.9492,0.9125,0.9472,0.5746,0.5724,2.52,2.83,-1113.03,211.2,-471.29,-0.42
2025-03-01,20063,Silverline Personal Care,214.0,202.6,60.4213,58.3245,0.9125,0.9468,0.5746,0.5312,3.13,2.98,-448.72,222.0,-483.37,-8.79
2025-04-01,20063,Silverline Personal Care,344.0,319.5,60.4213,59.6836,0.9125,0.9287,0.5746,0.6083,7.1,4.7,-253.77,350.1,-368.57,10.77
2025-05-01,20063,Silverline Personal Care,150.0,137.6,60.4213,59.2438,0.9125,0.9175,0.5746,0.6816,1.79,2.02,-176.63,150.8,-48.34,14.72
2025-07-01,20063,Silverline Personal Care,246.8,227.0,58.0061,57.3853,0.9125,0.9196,0.5746,0.5984,3.63,3.34,-153.21,248.8,-116.01,5.4
2025-08-01,20063,Silverline Personal Care,550.7,510.1,58.0061,56.2231,0.9125,0.9263,0.5746,0.4111,5.95,7.5,-981.9,559.0,-481.45,-83.4
2025-10-01,20063,Silverline Personal Care,535.8,485.8,58.0061,55.3755,0.9125,0.9067,0.5746,0.6172,8.52,7.14,-1409.48,532.4,197.22,20.7
2025-11-01,20063,Silverline Personal Care,343.0,312.8,58.0061,57.6727,0.9125,0.9121,0.5746,0.5731,5.93,4.6,-114.36,342.8,11.6,-0.47
2025-12-01,20063,Silverline Personal Care,253.8,225.5,58.0061,59.1909,0.9125,0.8886,0.5746,0.5816,3.26,3.32,300.7,247.1,388.64,1.58
2026-01-01,20063,Silverline Personal Care,676.6,613.1,58.0061,59.3744,0.9125,0.9061,0.5746,0.5598,6.68,9.02,925.79,671.9,272.63,-9.07
2026-02-01,20063,Silverline Personal Care,581.6,503.8,58.0061,57.147,0.9125,0.8662,0.5746,0.5416,6.29,7.41,-499.65,552.1,1711.18,-16.63
2026-03-01,20063,Silverline Personal Care,1015.5,879.5,58.0061,57.5522,0.9125,0.8661,0.5746,0.4803,11.16,12.93,-460.94,963.8,2998.92,-82.94
2026-06-01,20063,Silverline Personal Care,444.5,391.5,58.0061,52.4824,0.9125,0.8807,0.5746,0.5457,5.03,5.76,-2455.28,429.0,899.09,-11.31
2023-08-01,20064,Cascadia Pet Products,256.2,254.9,27.8652,27.4551,0.995,0.995,0.4731,0.485,3.94,3.75,-105.07,256.2,0.0,3.03
2023-09-01,20064,Cascadia Pet Products,1447.1,1439.9,27.8652,27.8845,0.995,0.995,0.4731,0.5286,26.92,21.17,27.93,1447.1,0.0,79.91
2023-11-01,20064,Cascadia Pet Products,357.3,349.1,27.8652,24.714,0.995,0.9769,0.4731,0.5374,4.19,5.13,-1125.92,350.9,178.34,22.45
2023-12-01,20064,Cascadia Pet Products,1083.7,1078.3,27.8652,25.1824,0.995,0.995,0.4731,0.4288,13.85,15.86,-2907.35,1083.7,0.0,-47.77
2024-01-01,20064,Cascadia Pet Products,261.4,260.1,27.8652,25.9576,0.995,0.995,0.4731,0.4414,5.0,3.83,-498.65,261.4,0.0,-8.25
2024-02-01,20064,Cascadia Pet Products,1495.4,1454.6,27.8652,27.7366,0.995,0.9727,0.4731,0.5523,28.12,21.39,-192.31,1461.9,933.48,115.2
2024-04-01,20064,Cascadia Pet Products,521.0,518.4,27.8652,28.5902,0.995,0.995,0.4731,0.493,10.39,7.62,377.72,521.0,0.0,10.32
2024-06-01,20064,Cascadia Pet Products,404.8,402.8,27.8652,27.6692,0.995,0.995,0.4731,0.5211,6.13,5.92,-79.34,404.8,0.0,19.33
2024-07-01,20064,Cascadia Pet Products,1004.1,999.1,27.6622,27.6687,0.995,0.995,0.4731,0.4897,12.7,14.69,6.53,1004.1,0.0,16.59
2024-08-01,20064,Cascadia Pet Products,898.1,893.6,27.6622,29.8061,0.995,0.995,0.4731,0.5163,16.15,13.14,1925.44,898.1,0.0,38.6
2024-09-01,20064,Cascadia Pet Products,1017.7,1012.6,27.6622,29.7373,0.995,0.995,0.4731,0.4513,15.71,14.89,2111.83,1017.7,0.0,-22.07
2024-10-01,20064,Cascadia Pet Products,657.5,636.1,27.6622,29.7327,0.995,0.9675,0.4731,0.4432,13.72,9.36,1361.35,639.3,503.45,-19.02
2024-11-01,20064,Cascadia Pet Products,1178.0,1167.9,27.6622,29.0445,0.995,0.9914,0.4731,0.4943,14.01,17.17,1628.35,1173.8,116.18,24.76
2024-12-01,20064,Cascadia Pet Products,3523.3,3352.0,27.6622,28.8909,0.995,0.9514,0.4731,0.4607,45.73,49.29,4329.08,3368.8,4273.81,-41.56
2025-02-01,20064,Cascadia Pet Products,421.0,418.9,27.6622,29.7404,0.995,0.995,0.4731,0.4728,4.68,6.16,874.92,421.0,0.0,-0.13
2025-03-01,20064,Cascadia Pet Products,840.3,832.6,27.6622,31.8137,0.995,0.9908,0.4731,0.4678,10.9,12.24,3488.51,836.8,96.82,-4.41
2025-04-01,20064,Cascadia Pet Products,1182.3,1176.4,27.6622,31.6889,0.995,0.995,0.4731,0.4352,13.06,17.3,4760.77,1182.3,0.0,-44.59
2025-05-01,20064,Cascadia Pet Products,785.5,750.7,27.6622,33.2279,0.995,0.9557,0.4731,0.4619,14.65,11.04,4371.86,754.5,857.53,-8.41
2025-06-01,20064,Cascadia Pet Products,695.8,662.2,27.6622,32.0968,0.995,0.9516,0.4731,0.5087,10.53,9.74,3085.59,665.5,838.16,23.57
2025-07-01,20064,Cascadia Pet Products,1799.3,1790.3,31.4907,31.4585,0.995,0.995,0.4731,0.4428,22.69,26.33,-57.94,1799.3,0.0,-54.25
2025-08-01,20064,Cascadia Pet Products,379.1,377.2,31.4907,31.562,0.995,0.995,0.4731,0.5619,8.44,5.55,27.03,379.1,0.0,33.5
2025-10-01,20064,Cascadia Pet Products,421.1,412.5,31.4907,31.0707,0.995,0.9796,0.4731,0.5356,9.52,6.07,-176.86,414.6,204.69,25.78
2025-11-01,20064,Cascadia Pet Products,388.7,386.7,31.4907,29.795,0.995,0.9948,0.4731,0.48,5.22,5.69,-659.12,388.6,3.15,2.67
2025-12-01,20064,Cascadia Pet Products,1651.1,1642.8,31.4907,31.678,0.995,0.995,0.4731,0.5162,37.86,24.16,309.25,1651.1,0.0,70.8
2026-01-01,20064,Cascadia Pet Products,1619.7,1611.6,31.4907,33.3476,0.995,0.995,0.4731,0.4986,21.91,23.7,3007.62,1619.7,0.0,41.1
2026-03-01,20064,Cascadia Pet Products,1391.9,1384.9,31.4907,36.2169,0.995,0.995,0.4731,0.4715,27.93,20.37,6578.4,1391.9,0.0,-2.22
2026-04-01,20064,Cascadia Pet Products,640.1,636.9,31.4907,38.5306,0.995,0.995,0.4731,0.4718,13.59,9.37,4506.24,640.1,0.0,-0.83
2026-05-01,20064,Cascadia Pet Products,818.0,813.9,31.4907,40.1051,0.995,0.995,0.4731,0.5038,12.11,11.97,7046.58,818.0,0.0,24.99
2026-06-01,20064,Cascadia Pet Products,1182.1,1163.6,31.4907,39.4606,0.995,0.9843,0.4731,0.5253,14.49,17.11,9421.22,1169.4,399.93,60.74
2023-09-01,20065,Vertex Consumer Products (US),2793.0,2667.4,19.0371,17.8292,0.943,0.955,0.5531,0.4942,67.34,39.23,-3373.66,2828.6,-677.72,-157.11
2023-10-01,20065,Vertex Consumer Products (US),2520.7,2248.7,19.0371,18.5908,0.943,0.8921,0.5531,0.5932,30.41,33.07,-1124.99,2384.6,2590.95,90.17
2023-11-01,20065,Vertex Consumer Products (US),3418.5,3098.8,19.0371,19.701,0.943,0.9065,0.5531,0.6012,37.43,45.57,2269.54,3286.1,2520.51,149.05
2023-12-01,20065,Vertex Consumer Products (US),1469.1,1380.9,19.0371,19.3644,0.943,0.94,0.5531,0.563,14.9,20.31,480.84,1464.4,89.47,13.67
2024-01-01,20065,Vertex Consumer Products (US),4058.4,3874.2,19.0371,19.2552,0.943,0.9546,0.5531,0.5012,65.07,56.97,885.14,4108.4,-951.85,-201.07
2024-02-01,20065,Vertex Consumer Products (US),1557.9,1488.1,19.0371,19.6033,0.943,0.9552,0.5531,0.5455,15.72,21.88,882.08,1578.0,-382.65,-11.31
2024-03-01,20065,Vertex Consumer Products (US),954.5,899.5,19.0371,20.2168,0.943,0.9424,0.5531,0.53,9.44,13.23,1126.02,953.9,11.42,-20.78
2024-04-01,20065,Vertex Consumer Products (US),3170.2,2881.1,19.0371,21.5451,0.943,0.9088,0.5531,0.5696,36.78,42.37,7950.86,3055.2,2189.27,47.54
2024-07-01,20065,Vertex Consumer Products (US),2347.1,2299.2,23.6444,23.526,0.943,0.9796,0.5531,0.4791,52.08,33.81,-277.9,2438.2,-2154.0,-170.14
2024-08-01,20065,Vertex Consumer Products (US),1934.6,1904.0,23.6444,22.5117,0.943,0.9842,0.5531,0.4842,30.45,28.0,-2191.32,2019.1,-1997.95,-131.19
2024-09-01,20065,Vertex Consumer Products (US),2434.1,2330.9,23.6444,23.143,0.943,0.9576,0.5531,0.4943,27.19,34.28,-1220.46,2471.8,-891.39,-137.06
2024-10-01,20065,Vertex Consumer Products (US),1505.1,1417.2,23.6444,21.514,0.943,0.9416,0.5531,0.5769,17.74,20.84,-3206.47,1502.9,52.02,33.73
2024-11-01,20065,Vertex Consumer Products (US),750.1,732.3,23.6444,22.1778,0.943,0.9764,0.5531,0.4956,11.35,10.77,-1100.1,776.6,-626.58,-42.11
2024-12-01,20065,Vertex Consumer Products (US),3825.7,3650.8,23.6444,22.1019,0.943,0.9543,0.5531,0.5851,56.38,53.69,-5901.14,3871.5,-1082.91,116.83
2025-01-01,20065,Vertex Consumer Products (US),4304.3,3837.7,23.6444,23.0351,0.943,0.8916,0.5531,0.6143,56.87,56.44,-2622.61,4069.7,5546.98,234.87
2025-02-01,20065,Vertex Consumer Products (US),755.5,691.7,23.6444,22.5953,0.943,0.9156,0.5531,0.56,10.64,10.17,-792.6,733.5,520.18,4.77
2025-03-01,20065,Vertex Consumer Products (US),873.3,805.8,23.6444,23.1716,0.943,0.9227,0.5531,0.5355,10.34,11.85,-412.9,854.5,444.51,-14.18
2025-04-01,20065,Vertex Consumer Products (US),2884.4,2758.7,23.6444,24.0509,0.943,0.9564,0.5531,0.543,50.16,40.57,1172.51,2925.5,-971.78,-27.86
2025-05-01,20065,Vertex Consumer Products (US),1944.6,1853.4,23.6444,24.3407,0.943,0.9531,0.5531,0.6296,27.95,27.26,1354.02,1965.4,-491.8,141.79
2025-06-01,20065,Vertex Consumer Products (US),1047.4,974.9,23.6444,22.939,0.943,0.9307,0.5531,0.6185,11.62,14.34,-738.84,1033.8,321.56,63.76
2025-07-01,20065,Vertex Consumer Products (US),2311.5,2109.0,22.1346,21.9907,0.943,0.9124,0.5531,0.6069,30.07,31.01,-332.62,2236.5,1660.1,113.46
2025-10-01,20065,Vertex Consumer Products (US),2611.2,2324.6,22.1346,22.3094,0.943,0.8902,0.5531,0.5866,30.16,34.19,456.44,2465.1,3233.87,77.87
2025-11-01,20065,Vertex Consumer Products (US),1347.3,1271.7,22.1346,23.5974,0.943,0.9439,0.5531,0.6258,28.22,18.7,1970.83,1348.6,-28.77,92.45
2025-12-01,20065,Vertex Consumer Products (US),2083.3,1893.2,22.1346,24.5965,0.943,0.9088,0.5531,0.5001,34.55,27.84,5128.88,2007.6,1675.59,-100.34
2026-01-01,20065,Vertex Consumer Products (US),733.9,670.8,22.1346,25.7466,0.943,0.914,0.5531,0.6308,7.89,9.87,2650.85,711.3,500.24,52.12
2026-02-01,20065,Vertex Consumer Products (US),359.5,332.8,22.1346,26.2593,0.943,0.9258,0.5531,0.6148,4.56,4.89,1482.83,352.9,146.09,20.53
2026-04-01,20065,Vertex Consumer Products (US),5071.5,4845.2,22.1346,25.7391,0.943,0.9554,0.5531,0.5713,61.37,71.25,18280.22,5138.1,-1474.16,88.18
2026-06-01,20065,Vertex Consumer Products (US),1077.8,1064.0,22.1346,25.3338,0.943,0.9873,0.5531,0.6595,16.12,15.65,3448.1,1128.3,-1117.8,113.21
2023-07-01,20066,Harlow Textile Group,2547.9,2394.9,9.8638,9.9043,0.9538,0.9399,0.1412,0.158,44.96,35.22,103.19,2510.9,364.96,40.23
2023-08-01,20066,Harlow Textile Group,5902.4,5524.5,9.8638,9.5562,0.9538,0.936,0.1412,0.1416,131.2,81.24,-1815.58,5792.1,1087.98,2.21
2023-10-01,20066,Harlow Textile Group,11617.1,10750.2,9.8638,9.1382,0.9538,0.9254,0.1412,0.1551,122.83,158.09,-8429.37,11270.9,3414.85,149.43
2023-11-01,20066,Harlow Textile Group,8702.2,8188.5,9.8638,9.2994,0.9538,0.941,0.1412,0.134,91.98,120.42,-4911.52,8585.1,1155.05,-58.96
2024-01-01,20066,Harlow Textile Group,9389.8,9140.9,9.8638,9.5212,0.9538,0.9735,0.1412,0.1368,101.82,134.42,-3216.95,9583.7,-1912.59,-40.22
2024-04-01,20066,Harlow Textile Group,8061.6,7740.9,9.8638,8.3637,0.9538,0.9602,0.1412,0.1331,95.71,113.84,-12093.21,8115.9,-535.6,-62.7
2024-06-01,20066,Harlow Textile Group,17060.3,15577.9,9.8638,7.4642,0.9538,0.9131,0.1412,0.1529,342.21,229.09,-40937.9,16332.5,7178.87,182.26
2024-07-01,20066,Harlow Textile Group,2485.2,2459.9,7.6163,7.6694,0.9538,0.9898,0.1412,0.1364,56.07,36.17,131.96,2579.1,-715.17,-11.81
2024-08-01,20066,Harlow Textile Group,3157.0,3024.8,7.6163,7.1807,0.9538,0.9581,0.1412,0.1411,55.17,44.48,-1375.19,3171.3,-108.91,-0.3
2024-09-01,20066,Harlow Textile Group,12129.6,11636.9,7.6163,6.7044,0.9538,0.9594,0.1412,0.1541,231.84,171.13,-11060.98,12200.6,-540.76,150.12
2024-10-01,20066,Harlow Textile Group,3826.6,3624.6,7.6163,6.81,0.9538,0.9472,0.1412,0.1461,49.12,53.3,-3085.39,3800.2,201.07,17.76
2024-11-01,20066,Harlow Textile Group,7950.0,7040.8,7.6163,6.5471,0.9538,0.8856,0.1412,0.1522,139.31,103.54,-8500.14,7381.8,4327.58,77.45
2024-12-01,20066,Harlow Textile Group,6401.2,6143.8,7.6163,6.4826,0.9538,0.9598,0.1412,0.1416,83.11,90.35,-7257.04,6441.4,-306.18,2.46
2025-01-01,20066,Harlow Textile Group,26720.9,25731.2,7.6163,6.2943,0.9538,0.963,0.1412,0.1581,278.25,378.4,-35325.03,26977.6,-1955.1,434.86
2025-03-01,20066,Harlow Textile Group,4115.6,3928.0,7.6163,6.0331,0.9538,0.9544,0.1412,0.1639,50.75,57.76,-6515.82,4118.3,-20.56,89.17
2025-04-01,20066,Harlow Textile Group,16618.0,15921.4,7.6163,5.9757,0.9538,0.9581,0.1412,0.1446,175.86,234.14,-27263.49,16692.6,-568.18,54.13
2025-05-01,20066,Harlow Textile Group,22397.0,21104.3,7.6163,5.9995,0.9538,0.9423,0.1412,0.1499,246.8,310.36,-36211.47,22126.5,2060.21,183.61
2025-06-01,20066,Harlow Textile Group,5733.6,5569.0,7.6163,5.9441,0.9538,0.9713,0.1412,0.1235,85.82,81.9,-9587.73,5838.8,-801.23,-98.57
2025-07-01,20066,Harlow Textile Group,11786.8,11513.0,5.8423,5.857,0.9538,0.9768,0.1412,0.1416,139.23,169.31,173.27,12070.7,-1658.63,4.61
2025-08-01,20066,Harlow Textile Group,5225.7,5145.9,5.8423,5.9674,0.9538,0.9847,0.1412,0.1664,101.4,75.68,653.74,5395.2,-990.27,129.68
2025-09-01,20066,Harlow Textile Group,7830.6,7791.4,5.8423,6.5312,0.9538,0.995,0.1412,0.1463,126.83,114.58,5394.5,8168.8,-1975.87,39.74
2025-10-01,20066,Harlow Textile Group,5261.9,5235.5,5.8423,6.4716,0.9538,0.995,0.1412,0.1137,71.12,76.99,3311.31,5489.1,-1327.37,-143.98
2025-11-01,20066,Harlow Textile Group,7571.1,7533.3,5.8423,6.4839,0.9538,0.995,0.1412,0.1504,92.04,110.78,4857.62,7898.2,-1911.02,69.31
2025-12-01,20066,Harlow Textile Group,10615.6,10385.5,5.8423,7.0407,0.9538,0.9783,0.1412,0.1562,118.68,152.73,12721.74,10888.6,-1594.95,155.78
2026-01-01,20066,Harlow Textile Group,4883.0,4826.0,5.8423,7.507,0.9538,0.9883,0.1412,0.1659,92.64,70.97,8128.73,5059.8,-1032.92,119.2
2026-02-01,20066,Harlow Textile Group,12535.9,12262.1,5.8423,7.8836,0.9538,0.9782,0.1412,0.1455,128.34,180.32,25589.53,12856.0,-1870.12,52.73
2026-03-01,20066,Harlow Textile Group,5090.3,5052.7,5.8423,7.8509,0.9538,0.9926,0.1412,0.1535,54.36,74.3,10224.38,5297.4,-1209.94,62.15
2026-05-01,20066,Harlow Textile Group,5874.5,5836.3,5.8423,8.1635,0.9538,0.9935,0.1412,0.1554,90.29,85.83,13635.89,6119.0,-1428.44,82.88
2026-06-01,20066,Harlow Textile Group,3295.9,3134.8,5.8423,8.0129,0.9538,0.9511,0.1412,0.1203,58.5,46.1,7154.08,3286.6,54.33,-65.52
2023-08-01,20067,Shenzhen Kaiyuan Electronics,1678.3,1643.8,3.5628,3.5062,0.9615,0.9794,0.4719,0.4359,19.83,24.17,-94.99,1709.6,-111.52,-59.18
2023-10-01,20067,Shenzhen Kaiyuan Electronics,6317.7,6133.5,3.5628,3.3775,0.9615,0.9708,0.4719,0.4514,87.98,90.2,-1170.67,6379.1,-218.76,-125.74
2023-12-01,20067,Shenzhen Kaiyuan Electronics,5344.7,4851.8,3.5628,3.3695,0.9615,0.9078,0.4719,0.514,51.31,71.35,-1033.13,5046.1,1063.85,204.26
2024-01-01,20067,Shenzhen Kaiyuan Electronics,1766.6,1720.1,3.5628,3.4522,0.9615,0.9737,0.4719,0.5157,28.39,25.3,-195.39,1789.0,-79.81,75.34
2024-02-01,20067,Shenzhen Kaiyuan Electronics,3067.2,3021.7,3.5628,3.3934,0.9615,0.9852,0.4719,0.5594,60.71,44.44,-519.58,3142.7,-268.99,264.4
2024-03-01,20067,Shenzhen Kaiyuan Electronics,3313.8,3209.6,3.5628,3.3266,0.9615,0.9685,0.4719,0.502,50.64,47.2,-782.72,3338.1,-86.58,96.61
2024-04-01,20067,Shenzhen Kaiyuan Electronics,2248.6,2118.0,3.5628,3.2219,0.9615,0.9419,0.4719,0.452,48.33,31.15,-766.55,2202.8,163.18,-42.15
2024-05-01,20067,Shenzhen Kaiyuan Electronics,4294.9,4136.4,3.5628,3.2873,0.9615,0.9631,0.4719,0.422,96.68,60.83,-1183.24,4302.0,-25.3,-206.41
2024-06-01,20067,Shenzhen Kaiyuan Electronics,1722.8,1590.4,3.5628,3.365,0.9615,0.9231,0.4719,0.5633,16.88,23.39,-340.77,1654.1,244.76,145.36
2024-07-01,20067,Shenzhen Kaiyuan Electronics,2427.8,2266.0,3.5617,3.5122,0.9615,0.9333,0.4719,0.4338,26.54,33.32,-120.18,2356.7,253.24,-86.33
2024-08-01,20067,Shenzhen Kaiyuan Electronics,3462.3,3384.8,3.5617,3.65,0.9615,0.9776,0.4719,0.5093,53.16,49.78,305.72,3520.3,-206.58,126.59
2024-09-01,20067,Shenzhen Kaiyuan Electronics,1673.3,1516.6,3.5617,3.6623,0.9615,0.9063,0.4719,0.4635,20.71,22.3,168.33,1577.3,341.92,-12.74
2024-10-01,20067,Shenzhen Kaiyuan Electronics,2950.7,2792.3,3.5617,3.6117,0.9615,0.9463,0.4719,0.4341,63.32,41.06,147.53,2904.1,165.98,-105.55
2024-11-01,20067,Shenzhen Kaiyuan Electronics,1379.4,1265.1,3.5617,3.4733,0.9615,0.9171,0.4719,0.5064,15.89,18.6,-121.94,1315.8,226.52,43.65
2024-12-01,20067,Shenzhen Kaiyuan Electronics,977.9,965.9,3.5617,3.6785,0.9615,0.9877,0.4719,0.4652,10.99,14.2,114.22,1004.6,-95.1,-6.47
2025-01-01,20067,Shenzhen Kaiyuan Electronics,3284.7,3160.3,3.5617,3.8404,0.9615,0.9621,0.4719,0.4753,55.36,46.48,915.45,3286.8,-7.48,10.75
2025-03-01,20067,Shenzhen Kaiyuan Electronics,6484.9,6008.7,3.5617,4.0167,0.9615,0.9266,0.4719,0.5178,70.08,88.36,2950.63,6249.3,839.14,275.8
2025-04-01,20067,Shenzhen Kaiyuan Electronics,2441.9,2364.6,3.5617,4.3638,0.9615,0.9684,0.4719,0.5181,39.24,34.77,1958.65,2459.3,-61.97,109.24
2025-05-01,20067,Shenzhen Kaiyuan Electronics,2806.5,2672.3,3.5617,4.2855,0.9615,0.9522,0.4719,0.4099,27.97,39.3,2031.34,2779.3,96.88,-165.68
2025-06-01,20067,Shenzhen Kaiyuan Electronics,2667.8,2654.5,3.5617,4.2656,0.9615,0.995,0.4719,0.5485,29.29,39.04,1877.86,2760.8,-331.24,203.33
2025-07-01,20067,Shenzhen Kaiyuan Electronics,4304.6,4214.2,4.2872,4.3189,0.9615,0.979,0.4719,0.4369,61.39,61.97,136.46,4382.9,-335.69,-147.5
2025-08-01,20067,Shenzhen Kaiyuan Electronics,2418.5,2391.2,4.2872,4.4487,0.9615,0.9887,0.4719,0.4721,51.49,35.17,390.59,2486.9,-293.24,0.48
2025-09-01,20067,Shenzhen Kaiyuan Electronics,2260.4,2151.0,4.2872,4.3871,0.9615,0.9516,0.4719,0.5074,27.7,31.63,225.81,2237.1,99.89,76.36
2025-11-01,20067,Shenzhen Kaiyuan Electronics,3550.6,3368.1,4.2872,4.6048,0.9615,0.9486,0.4719,0.4441,57.24,49.53,1127.67,3503.0,204.07,-93.63
2025-12-01,20067,Shenzhen Kaiyuan Electronics,2677.6,2562.5,4.2872,4.6279,0.9615,0.957,0.4719,0.5115,40.82,37.68,912.26,2665.1,53.59,101.47
2026-01-01,20067,Shenzhen Kaiyuan Electronics,6526.1,6267.1,4.2872,4.57,0.9615,0.9603,0.4719,0.4028,68.45,92.16,1845.58,6518.0,34.73,-433.06
2026-02-01,20067,Shenzhen Kaiyuan Electronics,3094.3,2977.1,4.2872,4.9311,0.9615,0.9621,0.4719,0.4781,35.64,43.78,1992.42,3096.3,-8.57,18.46
2026-03-01,20067,Shenzhen Kaiyuan Electronics,4222.7,4131.2,4.2872,4.9082,0.9615,0.9783,0.4719,0.4732,46.69,60.75,2622.3,4296.6,-316.82,5.37
2026-04-01,20067,Shenzhen Kaiyuan Electronics,4159.5,4046.0,4.2872,4.8781,0.9615,0.9727,0.4719,0.4504,103.85,59.5,2457.85,4208.0,-207.93,-86.99
2026-05-01,20067,Shenzhen Kaiyuan Electronics,2715.5,2541.2,4.2872,5.0571,0.9615,0.9358,0.4719,0.4843,38.15,37.37,2090.66,2643.0,310.82,31.51
2026-06-01,20067,Shenzhen Kaiyuan Electronics,1290.1,1223.8,4.2872,5.1346,0.9615,0.9486,0.4719,0.502,31.34,18.0,1093.23,1272.8,74.17,36.84
2023-07-01,20068,Ashworth Tools & Hardware,3972.5,3952.7,13.8081,13.7198,0.995,0.995,0.6285,0.5828,73.48,58.13,-350.77,3972.6,-1.38,-180.64
2023-08-01,20068,Ashworth Tools & Hardware,2677.9,2664.5,13.8081,13.8849,0.995,0.995,0.6285,0.5802,68.68,39.18,205.66,2677.9,0.0,-128.7
2023-09-01,20068,Ashworth Tools & Hardware,2016.9,2006.8,13.8081,13.7198,0.995,0.995,0.6285,0.6954,44.01,29.51,-178.09,2016.9,0.0,134.25
2023-10-01,20068,Ashworth Tools & Hardware,1300.8,1294.3,13.8081,13.4106,0.995,0.995,0.6285,0.722,22.41,19.03,-517.07,1300.8,0.0,121.02
2023-11-01,20068,Ashworth Tools & Hardware,5298.2,5271.7,13.8081,13.6867,0.995,0.995,0.6285,0.684,82.88,77.53,-643.2,5298.2,0.0,292.58
2023-12-01,20068,Ashworth Tools & Hardware,843.0,838.8,13.8081,13.5347,0.995,0.995,0.6285,0.5835,9.57,12.33,-230.48,843.0,0.0,-37.75
2024-01-01,20068,Ashworth Tools & Hardware,600.4,590.9,13.8081,14.1541,0.995,0.9841,0.6285,0.6804,14.88,8.69,207.74,593.9,89.75,30.67
2024-02-01,20068,Ashworth Tools & Hardware,2680.6,2667.2,13.8081,13.2885,0.995,0.995,0.6285,0.6651,32.11,39.22,-1392.84,2680.6,0.0,97.62
2024-03-01,20068,Ashworth Tools & Hardware,1459.1,1427.4,13.8081,13.2495,0.995,0.9783,0.6285,0.6644,26.03,20.99,-815.05,1434.6,338.3,51.24
2024-04-01,20068,Ashworth Tools & Hardware,2000.4,1987.1,13.8081,12.927,0.995,0.9933,0.6285,0.689,46.15,29.22,-1762.55,1997.1,45.57,120.22
2024-05-01,20068,Ashworth Tools & Hardware,1631.4,1623.3,13.8081,13.0294,0.995,0.995,0.6285,0.6584,28.27,23.87,-1270.37,1631.5,-1.38,48.54
2024-06-01,20068,Ashworth Tools & Hardware,2180.4,2169.5,13.8081,12.0726,0.995,0.995,0.6285,0.6598,27.34,31.9,-3784.08,2180.4,0.0,67.91
2024-07-01,20068,Ashworth Tools & Hardware,2578.6,2563.0,11.9068,11.9203,0.995,0.9939,0.6285,0.6845,35.92,37.69,34.81,2575.9,32.15,143.53
2024-09-01,20068,Ashworth Tools & Hardware,1722.8,1701.7,11.9068,11.1492,0.995,0.9878,0.6285,0.6013,31.13,25.03,-1305.19,1710.3,148.84,-46.29
2024-10-01,20068,Ashworth Tools & Hardware,1410.4,1377.1,11.9068,11.3327,0.995,0.9764,0.6285,0.6056,28.63,20.25,-809.71,1384.0,314.34,-31.54
2024-11-01,20068,Ashworth Tools & Hardware,1264.8,1258.5,11.9068,10.3586,0.995,0.995,0.6285,0.6069,24.67,18.51,-1958.16,1264.8,0.0,-27.18
2024-12-01,20068,Ashworth Tools & Hardware,2696.2,2669.8,11.9068,10.5202,0.995,0.9902,0.6285,0.6099,33.91,39.26,-3738.55,2683.2,154.79,-49.66
2025-01-01,20068,Ashworth Tools & Hardware,747.7,713.0,11.9068,10.1589,0.995,0.9536,0.6285,0.5862,18.52,10.49,-1306.9,716.6,370.3,-30.16
2025-02-01,20068,Ashworth Tools & Hardware,658.0,654.7,11.9068,10.0712,0.995,0.995,0.6285,0.708,6.94,9.63,-1207.82,658.0,0.0,52.05
2025-03-01,20068,Ashworth Tools & Hardware,1260.3,1254.0,11.9068,9.9456,0.995,0.995,0.6285,0.6078,16.21,18.44,-2471.7,1260.3,0.0,-25.96
2025-04-01,20068,Ashworth Tools & Hardware,3593.6,3557.5,11.9068,10.3415,0.995,0.9899,0.6285,0.7388,55.73,52.32,-5625.06,3575.4,216.7,392.39
2025-05-01,20068,Ashworth Tools & Hardware,554.6,531.3,11.9068,9.8645,0.995,0.958,0.6285,0.5232,13.95,7.81,-1132.66,534.0,245.28,-55.95
2025-06-01,20068,Ashworth Tools & Hardware,1033.9,984.7,11.9068,9.854,0.995,0.9524,0.6285,0.5904,13.86,14.48,-2122.39,989.6,527.47,-37.52
2025-07-01,20068,Ashworth Tools & Hardware,774.6,768.0,9.8052,9.8522,0.995,0.9916,0.6285,0.593,9.29,11.29,36.41,771.9,26.47,-27.26
2025-09-01,20068,Ashworth Tools & Hardware,1821.5,1804.9,9.8052,9.8571,0.995,0.9909,0.6285,0.5973,24.67,26.54,94.54,1814.0,73.54,-56.31
2025-10-01,20068,Ashworth Tools & Hardware,3506.8,3489.3,9.8052,9.8773,0.995,0.995,0.6285,0.5297,64.13,51.31,252.84,3506.8,0.0,-344.74
2025-12-01,20068,Ashworth Tools & Hardware,2454.6,2442.3,9.8052,10.4131,0.995,0.995,0.6285,0.7441,31.36,35.92,1492.15,2454.6,0.0,282.33
2026-01-01,20068,Ashworth Tools & Hardware,1353.3,1346.6,9.8052,11.2791,0.995,0.995,0.6285,0.6716,14.21,19.8,1994.63,1353.4,-0.98,58.04
2026-02-01,20068,Ashworth Tools & Hardware,1557.5,1540.8,9.8052,11.6946,0.995,0.9893,0.6285,0.5354,27.8,22.66,2942.74,1548.5,88.25,-143.45
2026-03-01,20068,Ashworth Tools & Hardware,1331.7,1315.7,9.8052,11.8727,0.995,0.9879,0.6285,0.6885,17.28,19.35,2753.29,1322.3,92.17,78.94
2026-04-01,20068,Ashworth Tools & Hardware,1755.3,1731.6,9.8052,11.1065,0.995,0.9865,0.6285,0.6341,33.43,25.46,2284.17,1740.3,147.08,9.7
2026-05-01,20068,Ashworth Tools & Hardware,2449.5,2432.0,9.8052,11.2376,0.995,0.9928,0.6285,0.6279,40.34,35.76,3508.66,2444.2,51.97,-1.46
2026-06-01,20068,Ashworth Tools & Hardware,999.5,964.9,9.8052,10.847,0.995,0.9654,0.6285,0.5836,11.28,14.19,1041.28,969.7,292.19,-43.32
2023-07-01,20069,Cascadia Pet Products,1124.4,961.6,12.5425,12.4224,0.8583,0.8552,0.4471,0.4588,16.11,14.14,-135.04,1120.4,50.17,11.25
2023-12-01,20069,Cascadia Pet Products,1634.2,1414.5,12.5425,12.3735,0.8583,0.8656,0.4471,0.5013,19.42,20.8,-276.18,1648.0,-173.09,76.67
2024-01-01,20069,Cascadia Pet Products,575.4,515.0,12.5425,11.9555,0.8583,0.895,0.4471,0.5196,8.16,7.57,-337.76,600.0,-308.55,37.34
2024-02-01,20069,Cascadia Pet Products,187.3,159.7,12.5425,11.9425,0.8583,0.8527,0.4471,0.47,2.22,2.35,-112.38,186.1,15.05,3.66
2024-03-01,20069,Cascadia Pet Products,390.3,332.0,12.5425,11.7059,0.8583,0.8506,0.4471,0.4058,4.78,4.88,-326.52,386.8,43.9,-13.71
2024-04-01,20069,Cascadia Pet Products,516.6,430.9,12.5425,11.3559,0.8583,0.8341,0.4471,0.3845,5.4,6.34,-613.0,502.0,183.12,-26.97
2024-06-01,20069,Cascadia Pet Products,374.1,320.3,12.5425,12.4435,0.8583,0.856,0.4471,0.4933,8.17,4.71,-37.04,373.2,11.29,14.8
2024-08-01,20069,Cascadia Pet Products,824.0,697.4,12.6517,13.4508,0.8583,0.8464,0.4471,0.448,13.39,10.26,658.46,812.5,145.49,0.63
2024-10-01,20069,Cascadia Pet Products,731.3,622.9,12.6517,13.1829,0.8583,0.8517,0.4471,0.4822,8.68,9.16,388.47,725.7,70.85,21.86
2024-11-01,20069,Cascadia Pet Products,1130.2,951.4,12.6517,12.7219,0.8583,0.8418,0.4471,0.4639,13.02,13.99,79.34,1108.5,274.54,15.98
2024-12-01,20069,Cascadia Pet Products,1088.8,936.7,12.6517,12.2987,0.8583,0.8603,0.4471,0.4262,12.21,13.77,-384.35,1091.3,-31.63,-19.58
2025-02-01,20069,Cascadia Pet Products,578.5,492.6,12.6517,12.1808,0.8583,0.8515,0.4471,0.4112,6.97,7.24,-272.42,573.9,58.2,-17.68
2025-05-01,20069,Cascadia Pet Products,741.6,634.6,12.6517,10.9763,0.8583,0.8556,0.4471,0.5129,7.54,9.33,-1242.48,739.4,27.83,41.76
2025-06-01,20069,Cascadia Pet Products,1813.3,1524.7,12.6517,11.3051,0.8583,0.8408,0.4471,0.3805,34.81,22.42,-2441.79,1776.4,466.85,-101.55
2025-07-01,20069,Cascadia Pet Products,584.1,508.5,11.7672,11.7827,0.8583,0.8706,0.4471,0.4491,12.76,7.48,9.05,592.5,-98.84,1.02
2025-08-01,20069,Cascadia Pet Products,1082.3,928.3,11.7672,12.4317,0.8583,0.8577,0.4471,0.4317,18.92,13.65,719.19,1081.6,8.24,-14.3
2025-09-01,20069,Cascadia Pet Products,1270.5,1055.3,11.7672,12.9421,0.8583,0.8306,0.4471,0.3873,27.34,15.52,1492.71,1229.5,482.46,-63.11
2025-10-01,20069,Cascadia Pet Products,1053.7,924.1,11.7672,13.4248,0.8583,0.877,0.4471,0.398,15.78,13.59,1746.61,1076.7,-270.65,-45.37
2025-11-01,20069,Cascadia Pet Products,557.2,482.3,11.7672,12.9677,0.8583,0.8656,0.4471,0.4826,6.23,7.09,668.92,561.9,-55.31,17.12
2025-12-01,20069,Cascadia Pet Products,1049.3,902.4,11.7672,12.162,0.8583,0.8599,0.4471,0.4469,14.2,13.27,414.26,1051.4,-24.71,-0.18
2026-01-01,20069,Cascadia Pet Products,557.5,486.4,11.7672,11.6844,0.8583,0.8725,0.4471,0.4591,11.6,7.15,-46.16,566.7,-108.26,5.84
2026-02-01,20069,Cascadia Pet Products,588.4,508.5,11.7672,11.4306,0.8583,0.8642,0.4471,0.451,9.16,7.48,-198.06,592.5,-48.25,1.98
2026-03-01,20069,Cascadia Pet Products,2232.3,1914.3,11.7672,11.2494,0.8583,0.8575,0.4471,0.4569,23.53,28.15,-1155.88,2230.3,23.53,18.76
2026-04-01,20069,Cascadia Pet Products,473.2,415.2,11.7672,11.0161,0.8583,0.8774,0.4471,0.4922,4.9,6.11,-355.42,483.7,-123.56,18.73
2026-05-01,20069,Cascadia Pet Products,868.8,752.7,11.7672,11.015,0.8583,0.8663,0.4471,0.4234,12.17,11.07,-653.51,877.0,-96.49,-17.84
2026-06-01,20069,Cascadia Pet Products,430.4,372.7,11.7672,11.0747,0.8583,0.8659,0.4471,0.4475,8.13,5.48,-298.05,434.2,-44.72,0.15
2023-07-01,20070,Silverline Personal Care,106.1,103.8,11.6244,11.7069,0.9784,0.978,0.6301,0.6997,1.87,1.53,8.75,106.1,0.0,7.22
2023-08-01,20070,Silverline Personal Care,51.4,50.0,11.6244,11.7138,0.9784,0.9724,0.6301,0.6283,0.55,0.74,4.6,51.1,3.49,-0.09
2023-10-01,20070,Silverline Personal Care,173.0,171.4,11.6244,11.0686,0.9784,0.9908,0.6301,0.6586,3.14,2.52,-96.15,175.2,-25.57,4.88
2023-11-01,20070,Silverline Personal Care,117.9,116.9,11.6244,11.7691,0.9784,0.9915,0.6301,0.5875,1.62,1.72,17.06,119.5,-18.6,-4.98
2023-12-01,20070,Silverline Personal Care,137.2,136.5,11.6244,11.8354,0.9784,0.995,0.6301,0.5759,1.99,2.01,28.95,139.5,-26.74,-7.4
2024-01-01,20070,Silverline Personal Care,139.5,135.6,11.6244,12.7639,0.9784,0.9722,0.6301,0.664,1.91,1.99,158.96,138.6,10.46,4.6
2024-03-01,20070,Silverline Personal Care,66.7,65.9,11.6244,12.0386,0.9784,0.9879,0.6301,0.7179,1.56,0.97,27.63,67.4,-8.14,5.79
2024-04-01,20070,Silverline Personal Care,50.7,50.0,11.6244,11.8656,0.9784,0.9856,0.6301,0.6419,0.67,0.74,12.23,51.1,-4.65,0.59
2024-05-01,20070,Silverline Personal Care,110.6,104.8,11.6244,11.4366,0.9784,0.9477,0.6301,0.7242,1.62,1.54,-20.77,107.1,40.69,9.86
2024-07-01,20070,Silverline Personal Care,63.0,62.6,10.6448,10.575,0.9784,0.995,0.6301,0.7067,1.56,0.92,-4.4,64.0,-10.64,4.8
2024-08-01,20070,Silverline Personal Care,51.9,50.0,10.6448,9.3954,0.9784,0.9641,0.6301,0.5907,0.67,0.74,-64.84,51.1,8.52,-1.97
2024-09-01,20070,Silverline Personal Care,155.9,155.2,10.6448,8.818,0.9784,0.995,0.6301,0.566,1.79,2.28,-284.8,158.6,-28.74,-9.95
2024-10-01,20070,Silverline Personal Care,135.4,134.7,10.6448,8.8914,0.9784,0.995,0.6301,0.6912,2.23,1.98,-237.41,137.7,-24.48,8.23
2025-01-01,20070,Silverline Personal Care,75.8,75.2,10.6448,8.4427,0.9784,0.9919,0.6301,0.6347,0.85,1.11,-166.92,76.9,-11.71,0.35
2025-02-01,20070,Silverline Personal Care,77.7,77.3,10.6448,8.2745,0.9784,0.995,0.6301,0.7122,1.3,1.14,-184.17,79.0,-13.84,6.35
2025-03-01,20070,Silverline Personal Care,95.9,95.4,10.6448,8.6296,0.9784,0.995,0.6301,0.5888,2.48,1.4,-193.26,97.5,-17.03,-3.94
2025-05-01,20070,Silverline Personal Care,90.2,86.6,10.6448,8.5867,0.9784,0.96,0.6301,0.588,0.92,1.27,-185.64,88.5,18.1,-3.65
2025-08-01,20070,Silverline Personal Care,51.2,50.0,8.4629,8.6501,0.9784,0.9774,0.6301,0.6113,0.6,0.74,9.58,51.1,0.85,-0.94
2025-09-01,20070,Silverline Personal Care,122.8,114.6,8.4629,9.2007,0.9784,0.9336,0.6301,0.6877,1.77,1.69,90.6,117.1,48.24,6.6
2025-10-01,20070,Silverline Personal Care,221.2,212.7,8.4629,9.4926,0.9784,0.9618,0.6301,0.6215,3.68,3.13,227.77,217.4,32.16,-1.83
2025-12-01,20070,Silverline Personal Care,64.2,62.6,8.4629,9.883,0.9784,0.9751,0.6301,0.5977,0.73,0.92,91.17,64.0,1.69,-2.03
2026-03-01,20070,Silverline Personal Care,78.5,78.1,8.4629,11.0325,0.9784,0.995,0.6301,0.4647,1.0,1.15,201.71,79.8,-11.0,-12.92
2026-04-01,20070,Silverline Personal Care,68.7,68.3,8.4629,10.7803,0.9784,0.995,0.6301,0.6802,0.89,1.01,159.21,69.8,-9.31,3.42
2026-05-01,20070,Silverline Personal Care,69.4,69.1,8.4629,11.2266,0.9784,0.995,0.6301,0.595,0.89,1.02,191.8,70.6,-10.16,-2.43
2026-06-01,20070,Silverline Personal Care,52.5,50.0,8.4629,10.9793,0.9784,0.9529,0.6301,0.6885,1.24,0.74,132.11,51.1,11.85,2.92
2023-07-01,20071,Guangzhou Vantage Industrial,507.4,477.7,48.8888,48.674,0.9154,0.9415,0.1754,0.1689,5.73,7.03,-108.99,521.8,-704.0,-3.11
2023-09-01,20071,Guangzhou Vantage Industrial,518.5,492.0,48.8888,50.0968,0.9154,0.9489,0.1754,0.1864,7.33,7.24,626.35,537.5,-928.89,5.41
2023-10-01,20071,Guangzhou Vantage Industrial,620.2,592.4,48.8888,49.9905,0.9154,0.9552,0.1754,0.1838,7.1,8.71,683.27,647.1,-1315.11,4.98
2023-11-01,20071,Guangzhou Vantage Industrial,2913.3,2740.3,48.8888,49.3501,0.9154,0.9406,0.1754,0.1885,34.07,40.3,1343.91,2993.6,-3925.77,35.9
2023-12-01,20071,Guangzhou Vantage Industrial,479.3,439.8,48.8888,47.9877,0.9154,0.9177,0.1754,0.1783,9.21,6.47,-431.9,480.4,-53.78,1.28
2024-01-01,20071,Guangzhou Vantage Industrial,677.4,620.9,48.8888,44.6361,0.9154,0.9167,0.1754,0.189,7.28,9.13,-2880.78,678.3,-44.0,8.44
2024-02-01,20071,Guangzhou Vantage Industrial,675.8,620.4,48.8888,43.3225,0.9154,0.9181,0.1754,0.2039,10.46,9.12,-3761.71,677.7,-92.89,17.68
2024-04-01,20071,Guangzhou Vantage Industrial,962.4,851.2,48.8888,42.8163,0.9154,0.8844,0.1754,0.1961,21.78,12.52,-5844.17,929.9,1588.89,17.62
2024-05-01,20071,Guangzhou Vantage Industrial,718.3,622.8,48.8888,44.6086,0.9154,0.867,0.1754,0.1572,12.38,9.16,-3074.47,680.4,1852.89,-11.33
2024-06-01,20071,Guangzhou Vantage Industrial,993.8,881.1,48.8888,42.1865,0.9154,0.8866,0.1754,0.1874,20.37,12.96,-6660.75,962.5,1530.22,10.57
2024-07-01,20071,Guangzhou Vantage Industrial,1175.1,1049.5,42.4544,42.9204,0.9154,0.8931,0.1754,0.1538,24.8,15.43,547.6,1146.5,1214.2,-22.67
2024-08-01,20071,Guangzhou Vantage Industrial,1430.4,1310.9,42.4544,43.5525,0.9154,0.9164,0.1754,0.2138,29.63,19.28,1570.72,1432.1,-72.17,50.34
2024-09-01,20071,Guangzhou Vantage Industrial,794.3,714.5,42.4544,44.1811,0.9154,0.8996,0.1754,0.1733,14.2,10.51,1371.52,780.5,585.87,-1.5
2024-10-01,20071,Guangzhou Vantage Industrial,1164.4,1056.6,42.4544,44.9716,0.9154,0.9074,0.1754,0.1672,18.24,15.54,2931.03,1154.2,433.03,-8.66
2024-11-01,20071,Guangzhou Vantage Industrial,1021.9,910.2,42.4544,46.0148,0.9154,0.8907,0.1754,0.2075,16.35,13.39,3638.37,994.3,1171.74,29.22
2025-02-01,20071,Guangzhou Vantage Industrial,1193.5,1092.9,42.4544,45.9451,0.9154,0.9156,0.1754,0.1958,25.05,16.07,4166.15,1193.9,-16.98,22.3
2025-03-01,20071,Guangzhou Vantage Industrial,1877.5,1827.3,42.4544,46.2989,0.9154,0.9732,0.1754,0.1661,24.95,26.87,7218.05,1996.2,-5039.34,-16.99
2025-04-01,20071,Guangzhou Vantage Industrial,508.6,457.1,42.4544,44.9641,0.9154,0.8987,0.1754,0.1826,6.7,6.72,1276.43,499.3,394.83,3.29
2025-05-01,20071,Guangzhou Vantage Industrial,969.2,870.8,42.4544,44.4013,0.9154,0.8985,0.1754,0.2016,15.27,12.81,1886.94,951.3,759.93,22.81
2025-07-01,20071,Guangzhou Vantage Industrial,450.8,419.7,44.4716,44.5701,0.9154,0.931,0.1754,0.1838,5.17,6.17,44.4,458.5,-342.43,3.53
2025-09-01,20071,Guangzhou Vantage Industrial,1256.4,1163.8,44.4716,44.1088,0.9154,0.9263,0.1754,0.1718,17.12,17.12,-455.82,1271.4,-667.07,-4.19
2025-10-01,20071,Guangzhou Vantage Industrial,2112.6,2001.2,44.4716,43.2918,0.9154,0.9473,0.1754,0.2021,30.72,29.43,-2492.45,2186.1,-3268.66,53.43
2025-11-01,20071,Guangzhou Vantage Industrial,1586.5,1519.0,44.4716,40.7591,0.9154,0.9575,0.1754,0.1817,17.48,22.34,-5889.88,1659.4,-3241.98,9.57
2025-12-01,20071,Guangzhou Vantage Industrial,850.5,827.1,44.4716,39.4385,0.9154,0.9725,0.1754,0.1557,11.11,12.16,-4280.65,903.5,-2356.99,-16.29
2026-03-01,20071,Guangzhou Vantage Industrial,1277.1,1222.7,44.4716,33.9137,0.9154,0.9574,0.1754,0.1664,18.05,17.98,-13483.49,1335.7,-2606.04,-11.0
2026-04-01,20071,Guangzhou Vantage Industrial,1338.7,1215.9,44.4716,33.03,0.9154,0.9083,0.1754,0.177,29.34,17.88,-15316.87,1328.3,462.5,1.95
2026-05-01,20071,Guangzhou Vantage Industrial,988.8,892.1,44.4716,33.2512,0.9154,0.9022,0.1754,0.1481,12.99,13.12,-11094.73,974.5,635.94,-24.35
2026-06-01,20071,Guangzhou Vantage Industrial,629.3,599.5,44.4716,33.6607,0.9154,0.9527,0.1754,0.1733,11.17,8.82,-6803.3,654.9,-1138.47,-1.26
2023-07-01,20072,Shenzhen Kaiyuan Electronics,1469.7,1451.4,7.8129,7.8819,0.995,0.9875,0.6148,0.6732,23.63,21.34,101.41,1458.7,85.94,84.76
2023-08-01,20072,Shenzhen Kaiyuan Electronics,682.2,662.7,7.8129,7.9251,0.995,0.9714,0.6148,0.601,7.83,9.75,76.54,666.0,126.57,-9.15
2023-09-01,20072,Shenzhen Kaiyuan Electronics,2061.9,2000.2,7.8129,7.9572,0.995,0.9701,0.6148,0.5789,43.39,29.41,297.53,2010.3,403.15,-71.81
2023-11-01,20072,Shenzhen Kaiyuan Electronics,1520.7,1513.1,7.8129,8.1105,0.995,0.995,0.6148,0.5963,27.73,22.25,452.56,1520.7,0.0,-27.99
2023-12-01,20072,Shenzhen Kaiyuan Electronics,1475.0,1467.6,7.8129,8.204,0.995,0.995,0.6148,0.6567,36.75,21.58,576.87,1475.0,0.0,61.49
2024-01-01,20072,Shenzhen Kaiyuan Electronics,586.7,583.8,7.8129,8.042,0.995,0.995,0.6148,0.6047,6.24,8.59,134.41,586.7,0.0,-5.9
2024-04-01,20072,Shenzhen Kaiyuan Electronics,1774.6,1765.7,7.8129,7.61,0.995,0.995,0.6148,0.5919,26.49,25.97,-360.07,1774.6,0.0,-40.43
2024-05-01,20072,Shenzhen Kaiyuan Electronics,348.5,346.7,7.8129,7.8186,0.995,0.995,0.6148,0.5188,4.7,5.1,1.99,348.4,0.78,-33.28
2024-06-01,20072,Shenzhen Kaiyuan Electronics,2414.5,2402.4,7.8129,8.2402,0.995,0.995,0.6148,0.6324,25.79,35.33,1031.72,2414.5,0.0,42.28
2024-07-01,20072,Shenzhen Kaiyuan Electronics,1395.8,1388.8,8.4786,8.5412,0.995,0.995,0.6148,0.6022,25.06,20.42,87.38,1395.8,0.0,-17.5
2024-08-01,20072,Shenzhen Kaiyuan Electronics,7431.9,7394.7,8.4786,8.2257,0.995,0.995,0.6148,0.6944,91.2,108.75,-1879.53,7431.9,0.0,588.62
2024-09-01,20072,Shenzhen Kaiyuan Electronics,1071.8,1050.2,8.4786,8.2791,0.995,0.9798,0.6148,0.6268,18.57,15.44,-213.82,1055.5,138.2,12.6
2024-10-01,20072,Shenzhen Kaiyuan Electronics,1186.0,1180.1,8.4786,8.344,0.995,0.995,0.6148,0.6008,25.61,17.35,-159.64,1186.0,0.0,-16.52
2024-12-01,20072,Shenzhen Kaiyuan Electronics,1094.2,1088.8,8.4786,7.9455,0.995,0.995,0.6148,0.5703,24.61,16.01,-583.32,1094.3,-0.85,-48.45
2025-01-01,20072,Shenzhen Kaiyuan Electronics,431.0,428.8,8.4786,8.1903,0.995,0.995,0.6148,0.6873,7.33,6.31,-124.26,431.0,0.0,31.09
2025-03-01,20072,Shenzhen Kaiyuan Electronics,1572.7,1536.5,8.4786,7.944,0.995,0.977,0.6148,0.7101,25.43,22.6,-840.77,1544.2,241.64,146.43
2025-04-01,20072,Shenzhen Kaiyuan Electronics,1362.3,1286.7,8.4786,8.3046,0.995,0.9446,0.6148,0.6281,16.02,18.92,-237.04,1293.2,585.87,17.11
2025-05-01,20072,Shenzhen Kaiyuan Electronics,404.1,402.1,8.4786,8.5091,0.995,0.995,0.6148,0.658,8.06,5.91,12.33,404.1,0.0,17.37
2025-07-01,20072,Shenzhen Kaiyuan Electronics,779.4,750.6,8.9805,8.915,0.995,0.963,0.6148,0.6446,13.22,11.04,-51.05,754.4,224.51,22.37
2025-08-01,20072,Shenzhen Kaiyuan Electronics,1187.8,1134.2,8.9805,8.932,0.995,0.9548,0.6148,0.6386,18.91,16.68,-57.61,1139.9,430.17,26.99
2025-10-01,20072,Shenzhen Kaiyuan Electronics,1589.3,1512.4,8.9805,8.6089,0.995,0.9516,0.6148,0.5983,33.74,22.24,-590.58,1520.0,622.35,-24.95
2025-11-01,20072,Shenzhen Kaiyuan Electronics,675.6,672.2,8.9805,8.4293,0.995,0.995,0.6148,0.6012,8.11,9.89,-372.39,675.6,0.0,-9.14
2025-12-01,20072,Shenzhen Kaiyuan Electronics,1788.9,1779.9,8.9805,8.6711,0.995,0.995,0.6148,0.6587,30.6,26.18,-553.49,1788.8,0.9,78.14
2026-01-01,20072,Shenzhen Kaiyuan Electronics,1434.6,1427.4,8.9805,8.4073,0.995,0.995,0.6148,0.5487,15.65,20.99,-822.31,1434.6,0.0,-94.35
2026-03-01,20072,Shenzhen Kaiyuan Electronics,724.5,720.9,8.9805,8.1682,0.995,0.995,0.6148,0.5495,10.79,10.6,-588.51,724.5,0.0,-47.07
2026-04-01,20072,Shenzhen Kaiyuan Electronics,633.4,617.2,8.9805,8.615,0.995,0.9744,0.6148,0.7414,6.79,9.08,-231.51,620.3,117.64,78.14
2026-05-01,20072,Shenzhen Kaiyuan Electronics,1353.6,1332.8,8.9805,8.6166,0.995,0.9846,0.6148,0.6399,15.83,19.6,-492.58,1339.5,126.63,33.45
2026-06-01,20072,Shenzhen Kaiyuan Electronics,456.9,449.7,8.9805,8.9419,0.995,0.9843,0.6148,0.565,10.43,6.61,-17.64,452.0,44.0,-22.4
2023-08-01,20073,Cascadia Pet Products,3456.4,3019.2,9.7517,9.8784,0.9112,0.8735,0.5255,0.5626,37.89,44.4,437.93,3313.4,1394.49,112.01
2023-09-01,20073,Cascadia Pet Products,3478.5,3154.4,9.7517,9.7046,0.9112,0.9068,0.5255,0.4697,77.68,46.39,-163.84,3461.8,162.85,-176.02
2023-10-01,20073,Cascadia Pet Products,4421.8,4008.8,9.7517,10.0412,0.9112,0.9066,0.5255,0.5854,81.61,58.95,1280.11,4399.5,217.46,240.13
2023-11-01,20073,Cascadia Pet Products,3154.6,2823.6,9.7517,10.0574,0.9112,0.8951,0.5255,0.4906,73.49,41.52,964.36,3098.8,544.14,-98.54
2023-12-01,20073,Cascadia Pet Products,1767.6,1630.6,9.7517,10.1567,0.9112,0.9225,0.5255,0.5633,29.04,23.98,715.88,1789.5,-213.56,61.64
2024-01-01,20073,Cascadia Pet Products,2748.3,2479.3,9.7517,10.1206,0.9112,0.9021,0.5255,0.5021,26.36,36.46,1013.85,2720.9,267.2,-58.02
2024-02-01,20073,Cascadia Pet Products,5661.2,5159.5,9.7517,10.7537,0.9112,0.9114,0.5255,0.4867,130.8,75.88,5672.52,5662.3,-10.73,-200.19
2024-03-01,20073,Cascadia Pet Products,620.1,555.6,9.7517,10.6367,0.9112,0.8961,0.5255,0.4693,5.95,8.17,548.79,609.7,101.42,-31.22
2024-05-01,20073,Cascadia Pet Products,3586.2,3186.3,9.7517,11.1095,0.9112,0.8885,0.5255,0.5313,49.02,46.86,4869.34,3496.8,871.8,18.48
2024-07-01,20073,Cascadia Pet Products,3291.9,3043.3,11.916,11.9181,0.9112,0.9245,0.5255,0.515,33.49,44.75,6.91,3339.9,-571.97,-31.95
2024-08-01,20073,Cascadia Pet Products,1900.1,1799.6,11.916,12.6507,0.9112,0.9471,0.5255,0.5416,32.22,26.46,1396.0,1975.0,-892.51,28.97
2024-10-01,20073,Cascadia Pet Products,2424.4,2201.5,11.916,12.7964,0.9112,0.908,0.5255,0.5458,26.41,32.37,2134.44,2416.0,100.09,44.69
2024-11-01,20073,Cascadia Pet Products,1298.3,1216.1,11.916,12.392,0.9112,0.9367,0.5255,0.4945,18.22,17.88,617.99,1334.6,-432.55,-37.7
2024-12-01,20073,Cascadia Pet Products,1471.5,1404.0,11.916,12.1548,0.9112,0.9541,0.5255,0.4888,22.44,20.65,351.39,1540.8,-825.78,-51.53
2025-01-01,20073,Cascadia Pet Products,5038.0,4830.7,11.916,12.7141,0.9112,0.9589,0.5255,0.586,78.28,71.04,4020.83,5301.5,-3139.87,292.26
2025-03-01,20073,Cascadia Pet Products,1374.7,1275.2,11.916,12.8561,0.9112,0.9276,0.5255,0.5373,18.82,18.75,1292.36,1399.5,-295.52,15.05
2025-04-01,20073,Cascadia Pet Products,4468.1,3929.4,11.916,13.1376,0.9112,0.8794,0.5255,0.6037,59.54,57.79,5458.23,4312.3,1856.51,307.28
2025-05-01,20073,Cascadia Pet Products,2017.4,1811.8,11.916,12.6973,0.9112,0.8981,0.5255,0.5745,31.86,26.64,1576.19,1988.4,345.56,88.78
2025-06-01,20073,Cascadia Pet Products,1723.1,1534.6,11.916,13.1327,0.9112,0.8906,0.5255,0.5224,18.26,22.57,2096.5,1684.2,463.53,-4.76
2025-07-01,20073,Cascadia Pet Products,919.8,810.1,13.6199,13.4934,0.9112,0.8807,0.5255,0.5365,10.72,11.91,-116.35,889.0,419.49,8.91
2025-10-01,20073,Cascadia Pet Products,1893.5,1734.6,13.6199,13.0798,0.9112,0.9161,0.5255,0.519,22.53,25.51,-1022.68,1903.6,-137.56,-11.27
2025-11-01,20073,Cascadia Pet Products,4707.6,4116.6,13.6199,13.67,0.9112,0.8745,0.5255,0.5791,61.15,60.54,235.85,4517.8,2585.06,220.65
2025-12-01,20073,Cascadia Pet Products,2262.0,2063.5,13.6199,14.2894,0.9112,0.9122,0.5255,0.6085,51.06,30.35,1514.41,2264.6,-35.41,171.27
2026-01-01,20073,Cascadia Pet Products,4135.9,3864.1,13.6199,14.4229,0.9112,0.9343,0.5255,0.597,83.55,56.83,3321.13,4240.7,-1427.37,276.28
2026-02-01,20073,Cascadia Pet Products,2214.6,2004.7,13.6199,14.7154,0.9112,0.9052,0.5255,0.5792,22.76,29.48,2426.09,2200.1,197.49,107.65
2026-03-01,20073,Cascadia Pet Products,2056.4,1811.2,13.6199,14.1142,0.9112,0.8808,0.5255,0.4954,23.59,26.64,1016.48,1987.7,935.69,-54.52
2026-05-01,20073,Cascadia Pet Products,4962.6,4582.0,13.6199,14.6643,0.9112,0.9233,0.5255,0.611,94.87,67.38,5182.94,5028.5,-897.55,391.76
2026-06-01,20073,Cascadia Pet Products,2546.8,2290.9,13.6199,15.2877,0.9112,0.8995,0.5255,0.5844,27.69,33.69,4247.55,2514.2,444.01,134.93
2023-07-01,20074,Ashworth Tools & Hardware,607.0,516.8,25.6932,25.3137,0.8699,0.8515,0.5971,0.5626,7.38,7.6,-230.36,594.1,331.44,-17.83
2023-08-01,20074,Ashworth Tools & Hardware,530.3,456.2,25.6932,25.0309,0.8699,0.8603,0.5971,0.6617,7.28,6.71,-351.22,524.4,151.59,29.47
2023-09-01,20074,Ashworth Tools & Hardware,330.2,287.0,25.6932,25.0575,0.8699,0.8693,0.5971,0.6497,5.13,4.22,-209.91,329.9,7.71,15.1
2023-10-01,20074,Ashworth Tools & Hardware,595.2,512.4,25.6932,24.3976,0.8699,0.8609,0.5971,0.5968,5.43,7.54,-771.14,589.0,159.3,-0.15
2023-11-01,20074,Ashworth Tools & Hardware,257.7,225.2,25.6932,24.9824,0.8699,0.874,0.5971,0.6486,5.18,3.31,-183.17,258.9,-30.83,11.6
2023-12-01,20074,Ashworth Tools & Hardware,631.6,553.1,25.6932,23.658,0.8699,0.8757,0.5971,0.6221,8.17,8.13,-1285.43,635.8,-107.91,13.83
2024-01-01,20074,Ashworth Tools & Hardware,669.9,592.1,25.6932,23.3307,0.8699,0.8838,0.5971,0.6521,13.31,8.71,-1582.64,680.7,-277.49,32.57
2024-03-01,20074,Ashworth Tools & Hardware,623.5,559.2,25.6932,22.5153,0.8699,0.8968,0.5971,0.6297,12.92,8.22,-1981.42,642.8,-495.88,18.23
2024-04-01,20074,Ashworth Tools & Hardware,393.5,352.6,25.6932,22.1858,0.8699,0.8963,0.5971,0.6472,4.42,5.19,-1380.16,405.3,-303.18,17.67
2024-05-01,20074,Ashworth Tools & Hardware,577.8,511.7,25.6932,21.9265,0.8699,0.8856,0.5971,0.5977,5.69,7.52,-2176.4,588.2,-267.21,0.31
2024-06-01,20074,Ashworth Tools & Hardware,451.6,389.6,25.6932,22.0855,0.8699,0.8628,0.5971,0.6443,4.11,5.73,-1629.24,447.9,95.06,18.39
2024-07-01,20074,Ashworth Tools & Hardware,390.9,337.5,21.6502,21.8711,0.8699,0.8634,0.5971,0.6388,5.41,4.96,86.35,388.0,62.79,14.07
2024-08-01,20074,Ashworth Tools & Hardware,734.2,640.0,21.6502,22.5463,0.8699,0.8717,0.5971,0.6199,12.87,9.41,657.92,735.7,-32.48,14.59
2024-09-01,20074,Ashworth Tools & Hardware,647.7,588.2,21.6502,22.2613,0.8699,0.9081,0.5971,0.6026,9.43,8.65,395.81,676.2,-617.03,3.24
2024-10-01,20074,Ashworth Tools & Hardware,425.1,371.4,21.6502,23.0882,0.8699,0.8737,0.5971,0.6444,6.52,5.46,611.29,426.9,-38.97,17.57
2024-11-01,20074,Ashworth Tools & Hardware,299.1,260.6,21.6502,23.9233,0.8699,0.8714,0.5971,0.6488,3.98,3.83,679.88,299.6,-10.83,13.47
2024-12-01,20074,Ashworth Tools & Hardware,1159.8,1010.0,21.6502,24.1608,0.8699,0.8709,0.5971,0.6334,14.45,14.85,2911.79,1161.1,-28.15,36.66
2025-01-01,20074,Ashworth Tools & Hardware,2322.7,2035.7,21.6502,23.6575,0.8699,0.8764,0.5971,0.5846,39.66,29.94,4662.36,2340.2,-378.88,-25.45
2025-02-01,20074,Ashworth Tools & Hardware,691.6,603.9,21.6502,23.7946,0.8699,0.8732,0.5971,0.6551,7.29,8.88,1483.07,694.2,-56.29,35.03
2025-03-01,20074,Ashworth Tools & Hardware,295.7,254.5,21.6502,22.8097,0.8699,0.8604,0.5971,0.6105,2.9,3.74,342.86,292.6,67.12,3.41
2025-04-01,20074,Ashworth Tools & Hardware,485.5,427.3,21.6502,23.2865,0.8699,0.8801,0.5971,0.641,7.15,6.28,794.42,491.2,-123.41,18.76
2025-08-01,20074,Ashworth Tools & Hardware,956.2,829.2,26.304,27.0178,0.8699,0.8672,0.5971,0.631,12.51,12.19,682.54,953.2,78.91,28.11
2025-09-01,20074,Ashworth Tools & Hardware,437.0,385.0,26.304,26.186,0.8699,0.8811,0.5971,0.6188,4.45,5.66,-51.57,442.6,-147.3,8.35
2025-11-01,20074,Ashworth Tools & Hardware,532.3,467.4,26.304,23.8814,0.8699,0.8782,0.5971,0.6254,9.12,6.87,-1289.55,537.3,-131.52,13.23
2025-12-01,20074,Ashworth Tools & Hardware,653.3,556.6,26.304,23.2702,0.8699,0.8521,0.5971,0.6264,13.5,8.19,-1981.98,639.8,355.1,16.31
2026-01-01,20074,Ashworth Tools & Hardware,564.2,494.7,26.304,21.8471,0.8699,0.8768,0.5971,0.6503,7.02,7.27,-2514.58,568.7,-118.37,26.32
2026-02-01,20074,Ashworth Tools & Hardware,403.5,340.5,26.304,20.7671,0.8699,0.8439,0.5971,0.6046,6.4,5.01,-2234.14,391.4,318.28,2.55
2026-03-01,20074,Ashworth Tools & Hardware,320.7,285.8,26.304,19.6944,0.8699,0.8912,0.5971,0.5986,4.82,4.2,-2119.7,328.5,-205.17,0.43
2026-04-01,20074,Ashworth Tools & Hardware,888.3,787.6,26.304,18.9702,0.8699,0.8866,0.5971,0.5671,9.55,11.58,-6514.61,905.4,-449.8,-23.63
2026-06-01,20074,Ashworth Tools & Hardware,509.7,430.8,26.304,20.0603,0.8699,0.8452,0.5971,0.6397,6.77,6.34,-3182.41,495.2,381.41,18.35
2023-07-01,20075,Meridian Private Label,4642.4,4122.1,8.3404,8.4003,0.8827,0.8879,0.1818,0.1901,59.61,60.62,278.08,4669.9,-229.36,34.21
2023-08-01,20075,Meridian Private Label,1461.4,1333.0,8.3404,8.4283,0.8827,0.9121,0.1818,0.2102,26.86,19.6,128.46,1510.1,-406.18,37.86
2023-09-01,20075,Meridian Private Label,2144.5,1862.3,8.3404,8.5273,0.8827,0.8684,0.1818,0.2082,30.41,27.39,400.81,2109.8,289.41,49.16
2023-11-01,20075,Meridian Private Label,1062.8,925.2,8.3404,8.3028,0.8827,0.8706,0.1818,0.1774,15.73,13.61,-39.96,1048.1,122.6,-4.07
2023-12-01,20075,Meridian Private Label,2086.8,1880.3,8.3404,8.0223,0.8827,0.901,0.1818,0.1755,30.07,27.65,-663.81,2130.2,-361.97,-11.85
2024-01-01,20075,Meridian Private Label,2693.4,2378.8,8.3404,8.1734,0.8827,0.8832,0.1818,0.1567,41.94,34.98,-449.8,2694.9,-12.51,-59.71
2024-02-01,20075,Meridian Private Label,1350.7,1193.6,8.3404,7.8661,0.8827,0.8837,0.1818,0.1687,18.41,17.55,-640.64,1352.2,-12.51,-15.64
2024-04-01,20075,Meridian Private Label,2314.9,2001.6,8.3404,7.2174,0.8827,0.8647,0.1818,0.168,36.24,29.44,-2599.63,2267.6,394.5,-27.62
2024-05-01,20075,Meridian Private Label,2006.1,1800.3,8.3404,7.2089,0.8827,0.8974,0.1818,0.1938,40.21,26.47,-2269.9,2039.5,-278.57,21.6
2024-06-01,20075,Meridian Private Label,1467.2,1344.3,8.3404,7.1987,0.8827,0.9162,0.1818,0.1717,31.28,19.77,-1675.1,1522.9,-464.56,-13.58
2024-07-01,20075,Meridian Private Label,1383.0,1220.7,7.5434,7.4983,0.8827,0.8826,0.1818,0.2315,27.6,17.95,-62.37,1382.9,0.75,60.67
2024-08-01,20075,Meridian Private Label,2724.6,2321.5,7.5434,8.2068,0.8827,0.852,0.1818,0.1874,29.55,34.14,1807.5,2630.0,713.61,13.0
2024-09-01,20075,Meridian Private Label,3122.5,2674.9,7.5434,8.4168,0.8827,0.8566,0.1818,0.174,30.55,39.34,2727.19,3030.4,694.75,-20.86
2024-11-01,20075,Meridian Private Label,2391.3,2088.0,7.5434,8.1716,0.8827,0.8731,0.1818,0.2088,48.06,30.71,1502.21,2365.5,194.62,56.38
2024-12-01,20075,Meridian Private Label,2868.6,2575.9,7.5434,8.6226,0.8827,0.898,0.1818,0.1922,26.93,37.88,3095.79,2918.2,-374.15,26.79
2025-01-01,20075,Meridian Private Label,5236.1,4571.4,7.5434,8.6784,0.8827,0.8731,0.1818,0.2303,63.62,67.23,5942.97,5178.9,431.48,221.71
2025-03-01,20075,Meridian Private Label,2259.9,2051.5,7.5434,7.915,0.8827,0.9078,0.1818,0.1853,52.45,30.17,839.78,2324.1,-484.29,7.18
2025-05-01,20075,Meridian Private Label,2293.4,2061.9,7.5434,7.7566,0.8827,0.8991,0.1818,0.1976,32.15,30.32,488.95,2335.9,-320.59,32.58
2025-06-01,20075,Meridian Private Label,3573.6,3141.5,7.5434,7.7988,0.8827,0.8791,0.1818,0.185,44.71,46.2,912.7,3559.0,110.13,10.05
2025-07-01,20075,Meridian Private Label,837.8,720.8,7.8955,7.8748,0.8827,0.8604,0.1818,0.2198,9.9,10.6,-17.34,816.6,167.38,27.39
2025-08-01,20075,Meridian Private Label,1052.8,931.0,7.8955,7.5284,0.8827,0.8842,0.1818,0.1928,16.24,13.69,-386.48,1054.7,-15.0,10.24
2025-09-01,20075,Meridian Private Label,1079.8,948.2,7.8955,7.6319,0.8827,0.8781,0.1818,0.1851,10.98,13.94,-284.64,1074.2,44.21,3.13
2025-10-01,20075,Meridian Private Label,1845.8,1690.4,7.8955,8.0463,0.8827,0.9158,0.1818,0.1894,33.06,24.86,278.35,1915.0,-546.37,12.85
2025-11-01,20075,Meridian Private Label,3296.5,2938.2,7.8955,8.1557,0.8827,0.8913,0.1818,0.1918,32.92,43.21,857.75,3328.7,-254.24,29.38
2026-01-01,20075,Meridian Private Label,5047.3,4615.5,7.8955,7.5402,0.8827,0.9144,0.1818,0.1729,59.24,67.87,-1793.31,5228.8,-1433.03,-41.08
2026-02-01,20075,Meridian Private Label,5990.4,5256.2,7.8955,7.7926,0.8827,0.8774,0.1818,0.1857,82.59,77.3,-616.41,5954.7,281.87,20.5
2026-03-01,20075,Meridian Private Label,645.2,563.9,7.8955,7.96,0.8827,0.8739,0.1818,0.1855,14.39,8.29,41.62,638.8,50.53,2.09
2026-05-01,20075,Meridian Private Label,1802.2,1592.0,7.8955,7.9945,0.8827,0.8834,0.1818,0.1925,22.24,23.41,178.42,1803.6,-11.05,17.03
2026-06-01,20075,Meridian Private Label,1220.2,1096.1,7.8955,8.0168,0.8827,0.8982,0.1818,0.192,16.57,16.12,148.01,1241.8,-170.54,11.18
2023-07-01,20076,Guangzhou Vantage Industrial,1036.6,929.9,11.2768,11.3907,0.8928,0.8971,0.3177,0.2534,22.6,13.68,118.07,1041.6,-56.38,-59.79
2023-08-01,20076,Guangzhou Vantage Industrial,786.5,691.0,11.2768,11.2685,0.8928,0.8785,0.3177,0.3616,16.03,10.16,-6.53,774.0,140.96,30.33
2023-09-01,20076,Guangzhou Vantage Industrial,1277.8,1143.0,11.2768,10.6329,0.8928,0.8945,0.3177,0.3308,13.84,16.81,-822.78,1280.2,-27.06,14.97
2023-10-01,20076,Guangzhou Vantage Industrial,235.0,216.7,11.2768,10.1907,0.8928,0.922,0.3177,0.2791,4.37,3.19,-255.23,242.7,-86.83,-8.36
2023-11-01,20076,Guangzhou Vantage Industrial,568.1,519.4,11.2768,10.0157,0.8928,0.9142,0.3177,0.3421,9.51,7.64,-716.43,581.8,-154.49,12.67
2023-12-01,20076,Guangzhou Vantage Industrial,862.1,766.4,11.2768,10.1871,0.8928,0.8891,0.3177,0.3108,12.24,11.27,-939.43,858.4,41.72,-5.29
2024-02-01,20076,Guangzhou Vantage Industrial,706.7,644.2,11.2768,11.3224,0.8928,0.9117,0.3177,0.3418,15.02,9.47,32.23,721.6,-168.02,15.53
2024-03-01,20076,Guangzhou Vantage Industrial,468.8,426.0,11.2768,11.7311,0.8928,0.9087,0.3177,0.3391,5.42,6.26,212.98,477.2,-94.73,9.12
2024-04-01,20076,Guangzhou Vantage Industrial,1190.9,1103.5,11.2768,11.8477,0.8928,0.9266,0.3177,0.3102,14.64,16.23,679.88,1236.0,-508.58,-8.28
2024-05-01,20076,Guangzhou Vantage Industrial,819.4,726.6,11.2768,11.5591,0.8928,0.8868,0.3177,0.2865,9.82,10.69,231.32,813.8,63.15,-22.67
2024-06-01,20076,Guangzhou Vantage Industrial,695.5,617.7,11.2768,11.0684,0.8928,0.8881,0.3177,0.3411,7.34,9.08,-144.94,691.9,40.6,14.45
2024-07-01,20076,Guangzhou Vantage Industrial,3576.9,3187.0,10.9333,11.022,0.8928,0.891,0.3177,0.3179,50.09,46.87,317.27,3569.7,78.72,0.64
2024-08-01,20076,Guangzhou Vantage Industrial,383.2,344.1,10.9333,11.4809,0.8928,0.898,0.3177,0.3343,5.72,5.06,209.84,385.4,-24.05,5.71
2024-09-01,20076,Guangzhou Vantage Industrial,1572.7,1383.6,10.9333,11.8463,0.8928,0.8797,0.3177,0.3006,20.41,20.35,1435.88,1549.7,251.47,-23.66
2024-10-01,20076,Guangzhou Vantage Industrial,409.5,379.8,10.9333,11.2288,0.8928,0.9276,0.3177,0.3416,4.79,5.59,121.01,425.4,-173.84,9.08
2024-11-01,20076,Guangzhou Vantage Industrial,524.4,474.2,10.9333,11.1509,0.8928,0.9042,0.3177,0.3275,6.45,6.97,114.11,531.1,-73.25,4.65
2025-02-01,20076,Guangzhou Vantage Industrial,158.6,135.8,10.9333,10.059,0.8928,0.8564,0.3177,0.3525,2.25,2.0,-138.66,152.1,71.07,4.73
2025-03-01,20076,Guangzhou Vantage Industrial,433.5,397.0,10.9333,10.1605,0.8928,0.9159,0.3177,0.3434,5.1,5.84,-335.01,444.7,-122.45,10.2
2025-04-01,20076,Guangzhou Vantage Industrial,549.2,496.8,10.9333,10.3753,0.8928,0.9045,0.3177,0.3422,5.51,7.31,-306.45,556.5,-79.81,12.17
2025-05-01,20076,Guangzhou Vantage Industrial,693.7,622.3,10.9333,10.619,0.8928,0.897,0.3177,0.2905,8.43,9.15,-218.03,697.0,-36.08,-16.93
2025-08-01,20076,Guangzhou Vantage Industrial,708.5,637.6,10.1605,9.6659,0.8928,0.8999,0.3177,0.3479,16.04,9.38,-350.42,714.2,-57.91,19.26
2025-09-01,20076,Guangzhou Vantage Industrial,824.4,732.3,10.1605,9.3412,0.8928,0.8883,0.3177,0.3691,19.07,10.77,-675.43,820.2,42.67,37.64
2025-10-01,20076,Guangzhou Vantage Industrial,372.6,338.0,10.1605,9.0567,0.8928,0.9073,0.3177,0.3509,8.5,4.97,-411.28,378.6,-60.96,11.22
2025-11-01,20076,Guangzhou Vantage Industrial,923.8,831.0,10.1605,8.8432,0.8928,0.8996,0.3177,0.3103,9.29,12.22,-1216.92,930.8,-71.12,-6.15
2025-12-01,20076,Guangzhou Vantage Industrial,586.5,516.9,10.1605,9.1909,0.8928,0.8813,0.3177,0.3065,6.0,7.6,-568.67,579.0,76.2,-5.79
2026-01-01,20076,Guangzhou Vantage Industrial,906.1,784.7,10.1605,9.4662,0.8928,0.866,0.3177,0.2772,11.36,11.54,-629.11,878.9,276.37,-31.78
2026-02-01,20076,Guangzhou Vantage Industrial,440.5,394.7,10.1605,9.5916,0.8928,0.896,0.3177,0.3981,4.13,5.8,-250.6,442.1,-16.26,31.73
2026-03-01,20076,Guangzhou Vantage Industrial,263.7,249.7,10.1605,9.7217,0.8928,0.9471,0.3177,0.3054,2.98,3.67,-115.71,279.7,-162.57,-3.07
2026-04-01,20076,Guangzhou Vantage Industrial,723.0,608.9,10.1605,9.9257,0.8928,0.8421,0.3177,0.3,10.89,8.95,-169.76,682.0,416.58,-10.78
2026-06-01,20076,Guangzhou Vantage Industrial,385.2,323.1,10.1605,9.2505,0.8928,0.8387,0.3177,0.3412,6.01,4.75,-350.53,361.9,236.74,7.59
2023-07-01,20077,Cascadia Pet Products,1232.8,1094.5,94.1273,93.6077,0.8613,0.8879,0.5162,0.4497,17.0,16.1,-640.56,1270.8,-3576.84,-72.78
2023-08-01,20077,Cascadia Pet Products,2911.0,2514.1,94.1273,92.2915,0.8613,0.8636,0.5162,0.5405,40.01,36.97,-5344.01,2919.0,-753.02,61.09
2023-09-01,20077,Cascadia Pet Products,2773.7,2406.1,94.1273,91.7623,0.8613,0.8675,0.5162,0.5212,31.08,35.38,-6559.8,2793.6,-1873.13,12.03
2023-10-01,20077,Cascadia Pet Products,3588.9,3164.2,94.1273,91.0371,0.8613,0.8817,0.5162,0.5294,49.9,46.53,-11090.42,3673.7,-7982.0,41.77
2023-11-01,20077,Cascadia Pet Products,6835.4,6201.3,94.1273,85.0073,0.8613,0.9072,0.5162,0.491,98.84,91.19,-62338.85,7199.9,-34309.4,-156.27
2023-12-01,20077,Cascadia Pet Products,3025.6,2587.7,94.1273,81.4908,0.8613,0.8552,0.5162,0.4902,27.37,38.05,-38232.99,3004.4,1995.5,-67.28
2024-01-01,20077,Cascadia Pet Products,4846.5,4367.2,94.1273,76.7246,0.8613,0.9011,0.5162,0.6212,63.73,64.22,-84342.19,5070.5,-21084.52,458.56
2024-02-01,20077,Cascadia Pet Products,2513.2,2050.8,94.1273,76.7358,0.8613,0.816,0.5162,0.5244,30.95,30.16,-43708.32,2381.1,12434.22,16.82
2024-03-01,20077,Cascadia Pet Products,1036.7,896.0,94.1273,74.2775,0.8613,0.8643,0.5162,0.4984,14.54,13.18,-20578.29,1040.3,-338.86,-15.95
2024-04-01,20077,Cascadia Pet Products,2477.1,2136.6,94.1273,72.5709,0.8613,0.8626,0.5162,0.432,24.64,31.42,-53397.36,2480.7,-338.86,-179.9
2024-06-01,20077,Cascadia Pet Products,4796.7,4020.1,94.1273,71.9267,0.8613,0.8381,0.5162,0.5269,76.18,59.12,-106489.62,4667.5,12161.25,43.02
2024-07-01,20077,Cascadia Pet Products,3270.7,2743.8,74.3858,73.352,0.8613,0.8389,0.5162,0.5499,29.22,40.35,-3381.25,3185.6,6330.23,92.47
2024-08-01,20077,Cascadia Pet Products,3689.5,3216.4,74.3858,75.7418,0.8613,0.8718,0.5162,0.4876,57.95,47.3,5002.96,3734.4,-3339.92,-91.99
2024-09-01,20077,Cascadia Pet Products,7018.8,5984.9,74.3858,75.6177,0.8613,0.8527,0.5162,0.5163,99.19,88.01,8646.46,6948.7,5214.44,0.6
2024-11-01,20077,Cascadia Pet Products,5743.3,5017.1,74.3858,78.7682,0.8613,0.8736,0.5162,0.4989,116.24,73.78,25169.44,5825.0,-6077.32,-86.8
2024-12-01,20077,Cascadia Pet Products,1968.1,1706.9,74.3858,81.6107,0.8613,0.8673,0.5162,0.5116,24.6,25.1,14219.33,1981.8,-1019.09,-7.85
2025-02-01,20077,Cascadia Pet Products,1149.6,1019.9,74.3858,77.7113,0.8613,0.8871,0.5162,0.5352,11.52,15.0,3822.99,1184.1,-2566.31,19.38
2025-03-01,20077,Cascadia Pet Products,2859.4,2589.8,74.3858,78.8352,0.8613,0.9057,0.5162,0.4458,39.92,38.09,12722.61,3006.9,-10971.91,-182.32
2025-04-01,20077,Cascadia Pet Products,1943.9,1674.1,74.3858,78.0238,0.8613,0.8612,0.5162,0.5407,30.44,24.62,7071.91,1943.7,14.88,41.02
2025-05-01,20077,Cascadia Pet Products,4419.6,3847.0,74.3858,77.1179,0.8613,0.8704,0.5162,0.5488,44.59,56.57,12074.79,4466.5,-3488.69,125.41
2025-09-01,20077,Cascadia Pet Products,2892.0,2405.0,77.0942,74.6369,0.8613,0.8316,0.5162,0.603,26.57,35.37,-7106.51,2792.3,7686.29,208.75
2025-10-01,20077,Cascadia Pet Products,5339.4,4564.4,77.0942,74.5711,0.8613,0.8548,0.5162,0.5648,47.58,67.12,-13471.84,5299.4,3083.77,221.83
2025-11-01,20077,Cascadia Pet Products,6297.4,5430.6,77.0942,75.0585,0.8613,0.8624,0.5162,0.4898,91.68,79.86,-12819.62,6305.1,-593.63,-143.37
2025-12-01,20077,Cascadia Pet Products,8510.8,7259.0,77.0942,71.3653,0.8613,0.8529,0.5162,0.4473,76.46,106.75,-48757.52,8428.0,6383.4,-500.15
2026-01-01,20077,Cascadia Pet Products,2438.9,2112.1,77.0942,70.7585,0.8613,0.866,0.5162,0.5485,36.19,31.06,-15452.14,2452.2,-1025.35,68.22
2026-02-01,20077,Cascadia Pet Products,3659.6,3185.5,77.0942,65.6037,0.8613,0.8704,0.5162,0.5305,49.6,46.85,-42050.63,3698.5,-2998.96,45.55
2026-03-01,20077,Cascadia Pet Products,3186.9,2713.5,77.0942,64.0458,0.8613,0.8515,0.5162,0.5713,57.22,39.9,-41583.95,3150.5,2806.23,149.51
2026-04-01,20077,Cascadia Pet Products,1590.9,1394.0,77.0942,58.9455,0.8613,0.8763,0.5162,0.5426,17.6,20.5,-28872.77,1618.5,-2127.8,36.8
2026-05-01,20077,Cascadia Pet Products,2233.4,1964.8,77.0942,57.7669,0.8613,0.8797,0.5162,0.5253,27.21,28.89,-43165.59,2281.2,-3685.1,17.88
2026-06-01,20077,Cascadia Pet Products,2849.0,2470.4,77.0942,58.49,0.8613,0.8671,0.5162,0.484,38.56,36.33,-53003.37,2868.2,-1480.21,-79.55
2023-07-01,20078,Guangzhou Vantage Industrial,1220.4,1122.3,16.2976,16.2943,0.9054,0.9196,0.3712,0.4089,19.55,16.5,-4.03,1239.6,-312.91,42.31
2023-08-01,20078,Guangzhou Vantage Industrial,892.3,817.2,16.2976,15.5257,0.9054,0.9158,0.3712,0.3429,11.94,12.02,-688.77,902.6,-167.87,-23.13
2023-09-01,20078,Guangzhou Vantage Industrial,1805.0,1707.7,16.2976,16.6126,0.9054,0.9461,0.3712,0.394,26.69,25.11,568.58,1886.1,-1321.74,38.94
2023-10-01,20078,Guangzhou Vantage Industrial,1353.0,1254.0,16.2976,16.7922,0.9054,0.9269,0.3712,0.3696,14.18,18.44,669.19,1385.0,-521.52,-2.01
2023-12-01,20078,Guangzhou Vantage Industrial,1082.2,987.1,16.2976,16.3343,0.9054,0.9121,0.3712,0.3197,25.18,14.52,39.72,1090.2,-130.38,-50.84
2024-01-01,20078,Guangzhou Vantage Industrial,968.0,886.4,16.2976,16.331,0.9054,0.9158,0.3712,0.381,10.58,13.04,32.33,979.0,-179.27,8.69
2024-04-01,20078,Guangzhou Vantage Industrial,874.0,771.2,16.2976,17.426,0.9054,0.8824,0.3712,0.3553,8.35,11.34,986.22,851.8,361.81,-12.26
2024-05-01,20078,Guangzhou Vantage Industrial,1090.6,981.5,16.2976,17.4563,0.9054,0.9,0.3712,0.3458,12.79,14.43,1263.68,1084.1,105.93,-24.93
2024-07-01,20078,Guangzhou Vantage Industrial,1549.4,1376.4,17.8324,18.0896,0.9054,0.8884,0.3712,0.3693,15.15,20.24,398.51,1520.2,520.71,-2.62
2024-08-01,20078,Guangzhou Vantage Industrial,2038.7,1805.7,17.8324,17.9501,0.9054,0.8857,0.3712,0.3729,25.68,26.56,239.95,1994.4,789.98,3.07
2024-09-01,20078,Guangzhou Vantage Industrial,1215.5,1078.1,17.8324,17.48,0.9054,0.887,0.3712,0.3621,12.2,15.86,-428.34,1190.7,442.24,-9.81
2024-10-01,20078,Guangzhou Vantage Industrial,1005.1,908.1,17.8324,17.2489,0.9054,0.9034,0.3712,0.3499,12.23,13.35,-586.48,1003.0,37.45,-19.34
2024-12-01,20078,Guangzhou Vantage Industrial,1035.8,903.1,17.8324,17.6258,0.9054,0.8719,0.3712,0.374,9.71,13.28,-214.0,997.5,682.98,2.53
2025-01-01,20078,Guangzhou Vantage Industrial,1223.0,1101.0,17.8324,17.2588,0.9054,0.9002,0.3712,0.3822,27.8,16.19,-701.51,1216.0,124.83,12.11
2025-02-01,20078,Guangzhou Vantage Industrial,1450.1,1261.1,17.8324,16.9954,0.9054,0.8696,0.3712,0.4076,14.14,18.55,-1213.73,1392.9,1020.01,45.9
2025-03-01,20078,Guangzhou Vantage Industrial,1137.8,1046.2,17.8324,16.4737,0.9054,0.9195,0.3712,0.3772,14.79,15.39,-1545.93,1155.5,-315.63,6.28
2025-04-01,20078,Guangzhou Vantage Industrial,699.1,663.8,17.8324,16.8418,0.9054,0.9495,0.3712,0.377,9.81,9.76,-692.53,733.2,-608.08,3.85
2025-07-01,20078,Guangzhou Vantage Industrial,970.1,853.9,17.0335,16.949,0.9054,0.8802,0.3712,0.3495,20.85,12.56,-81.97,943.1,459.9,-18.53
2025-08-01,20078,Guangzhou Vantage Industrial,711.0,605.8,17.0335,17.1551,0.9054,0.8521,0.3712,0.3891,12.35,8.91,86.46,669.1,713.7,10.84
2025-09-01,20078,Guangzhou Vantage Industrial,920.4,811.2,17.0335,16.8082,0.9054,0.8813,0.3712,0.416,9.67,11.93,-207.37,896.0,415.62,36.34
2025-11-01,20078,Guangzhou Vantage Industrial,1067.3,895.5,17.0335,16.024,0.9054,0.839,0.3712,0.3675,11.85,13.17,-1077.44,989.1,1332.02,-3.31
2026-01-01,20078,Guangzhou Vantage Industrial,880.8,786.0,17.0335,14.477,0.9054,0.8925,0.3712,0.4041,10.36,11.56,-2251.77,868.1,216.33,25.86
2026-02-01,20078,Guangzhou Vantage Industrial,1390.4,1265.6,17.0335,13.7793,0.9054,0.9102,0.3712,0.3773,29.19,18.61,-4524.64,1397.8,-126.05,7.72
2026-03-01,20078,Guangzhou Vantage Industrial,940.4,822.6,17.0335,13.2328,0.9054,0.8747,0.3712,0.3226,20.76,12.1,-3574.18,908.5,543.37,-39.98
2026-05-01,20078,Guangzhou Vantage Industrial,1012.3,925.9,17.0335,12.3064,0.9054,0.9146,0.3712,0.3506,12.06,13.62,-4785.24,1022.6,-175.45,-19.07
2026-06-01,20078,Guangzhou Vantage Industrial,930.1,841.3,17.0335,12.2209,0.9054,0.9046,0.3712,0.3862,10.37,12.37,-4476.2,929.2,15.33,12.62
2023-08-01,20079,Silverline Personal Care,1443.1,1280.5,6.4819,6.9005,0.8494,0.8873,0.4062,0.446,19.28,18.83,604.08,1507.5,-417.43,50.96
2023-09-01,20079,Silverline Personal Care,534.6,468.1,6.4819,6.953,0.8494,0.8757,0.4062,0.464,7.9,6.88,251.85,551.1,-106.95,27.06
2023-10-01,20079,Silverline Personal Care,614.8,541.4,6.4819,6.9609,0.8494,0.8806,0.4062,0.4993,5.8,7.96,294.49,637.4,-146.49,50.4
2023-11-01,20079,Silverline Personal Care,799.7,684.0,6.4819,6.7795,0.8494,0.8553,0.4062,0.4026,10.58,10.06,237.99,805.3,-36.3,-2.46
2023-12-01,20079,Silverline Personal Care,744.2,651.8,6.4819,6.282,0.8494,0.8759,0.4062,0.433,10.47,9.59,-148.77,767.4,-150.38,17.47
2024-02-01,20079,Silverline Personal Care,245.1,217.5,6.4819,6.1988,0.8494,0.8875,0.4062,0.4089,2.43,3.2,-69.39,256.1,-71.3,0.59
2024-03-01,20079,Silverline Personal Care,922.7,791.3,6.4819,6.0764,0.8494,0.8576,0.4062,0.3644,12.08,11.64,-374.15,931.6,-57.69,-33.08
2024-04-01,20079,Silverline Personal Care,630.9,526.8,6.4819,6.2448,0.8494,0.835,0.4062,0.4567,6.46,7.75,-149.59,620.2,69.36,26.6
2024-05-01,20079,Silverline Personal Care,739.8,611.9,6.4819,6.5359,0.8494,0.8272,0.4062,0.4348,8.14,9.0,39.95,720.4,125.75,17.5
2024-06-01,20079,Silverline Personal Care,542.8,445.9,6.4819,6.9102,0.8494,0.8215,0.4062,0.4167,6.29,6.56,232.48,525.0,115.38,4.68
2024-07-01,20079,Silverline Personal Care,1171.4,956.0,6.9857,6.9629,0.8494,0.8161,0.4062,0.4248,22.36,14.06,-26.71,1125.5,320.64,17.78
2024-08-01,20079,Silverline Personal Care,1008.9,855.2,6.9857,6.8215,0.8494,0.8477,0.4062,0.3441,13.72,12.58,-165.66,1006.8,14.67,-53.11
2024-09-01,20079,Silverline Personal Care,1115.8,957.0,6.9857,6.7564,0.8494,0.8577,0.4062,0.3689,18.03,14.07,-255.85,1126.7,-76.14,-35.7
2024-10-01,20079,Silverline Personal Care,1212.7,1068.5,6.9857,6.5439,0.8494,0.8811,0.4062,0.4225,15.39,15.71,-535.77,1257.9,-315.75,17.42
2024-12-01,20079,Silverline Personal Care,945.1,803.6,6.9857,5.8013,0.8494,0.8503,0.4062,0.4108,8.41,11.82,-1119.38,946.1,-6.99,3.7
2025-01-01,20079,Silverline Personal Care,311.4,281.1,6.9857,5.8165,0.8494,0.9026,0.4062,0.394,3.42,4.13,-364.09,330.9,-136.22,-3.43
2025-02-01,20079,Silverline Personal Care,718.9,627.6,6.9857,5.7044,0.8494,0.873,0.4062,0.4177,16.12,9.23,-921.13,738.9,-139.71,7.22
2025-04-01,20079,Silverline Personal Care,324.6,282.0,6.9857,5.978,0.8494,0.8688,0.4062,0.4109,6.36,4.15,-327.1,332.0,-51.69,1.33
2025-05-01,20079,Silverline Personal Care,2226.9,1967.5,6.9857,6.2548,0.8494,0.8835,0.4062,0.4302,42.19,28.93,-1627.64,2316.3,-624.52,47.22
2025-06-01,20079,Silverline Personal Care,747.8,656.7,6.9857,6.4728,0.8494,0.8782,0.4062,0.3661,7.71,9.66,-383.55,773.1,-176.74,-26.33
2025-07-01,20079,Silverline Personal Care,1117.4,1002.4,6.591,6.5088,0.8494,0.8971,0.4062,0.3491,14.43,14.74,-91.85,1180.1,-413.26,-57.24
2025-08-01,20079,Silverline Personal Care,861.9,723.1,6.591,6.7571,0.8494,0.8389,0.4062,0.407,8.49,10.63,143.16,851.3,69.86,0.58
2025-09-01,20079,Silverline Personal Care,616.1,525.5,6.591,7.2449,0.8494,0.853,0.4062,0.418,6.57,7.73,402.87,618.7,-17.14,6.2
2025-10-01,20079,Silverline Personal Care,584.8,505.0,6.591,7.0917,0.8494,0.8635,0.4062,0.4988,11.96,7.43,292.81,594.5,-63.93,46.76
2025-11-01,20079,Silverline Personal Care,541.7,460.5,6.591,6.9521,0.8494,0.8502,0.4062,0.4327,9.45,6.77,195.61,542.1,-2.64,12.2
2025-12-01,20079,Silverline Personal Care,658.1,552.2,6.591,6.5559,0.8494,0.8391,0.4062,0.4691,10.47,8.12,-23.1,650.1,52.73,34.73
2026-04-01,20079,Silverline Personal Care,520.3,452.7,6.591,6.0679,0.8494,0.8702,0.4062,0.4276,8.42,6.66,-272.17,533.0,-83.71,9.69
2026-05-01,20079,Silverline Personal Care,836.1,703.3,6.591,6.1173,0.8494,0.8412,0.4062,0.3967,13.55,10.34,-396.06,828.0,53.39,-6.68
2026-06-01,20079,Silverline Personal Care,1135.0,920.2,6.591,6.0262,0.8494,0.8107,0.4062,0.417,11.29,13.53,-641.05,1083.4,340.1,9.94
2023-07-01,20080,Harlow Textile Group,606.8,579.9,18.5385,18.3072,0.9692,0.9556,0.4371,0.4519,12.49,8.53,-140.35,598.3,157.58,8.58
2023-09-01,20080,Harlow Textile Group,866.6,844.0,18.5385,18.9602,0.9692,0.9739,0.4371,0.4291,12.76,12.41,365.45,870.8,-77.86,-6.75
2023-10-01,20080,Harlow Textile Group,748.1,739.9,18.5385,19.4611,0.9692,0.9891,0.4371,0.4266,10.13,10.88,690.2,763.4,-283.64,-7.77
2023-11-01,20080,Harlow Textile Group,353.5,351.7,18.5385,20.158,0.9692,0.995,0.4371,0.4309,5.34,5.17,572.49,362.9,-174.26,-2.18
2024-01-01,20080,Harlow Textile Group,1404.8,1397.8,18.5385,20.0227,0.9692,0.995,0.4371,0.4644,23.46,20.56,2085.0,1442.2,-693.34,38.16
2024-02-01,20080,Harlow Textile Group,411.5,409.4,18.5385,20.3933,0.9692,0.995,0.4371,0.4191,5.07,6.02,763.25,422.4,-202.07,-7.37
2024-04-01,20080,Harlow Textile Group,724.5,707.5,18.5385,18.5163,0.9692,0.9765,0.4371,0.4287,8.02,10.4,-16.08,730.0,-101.96,-5.94
2024-05-01,20080,Harlow Textile Group,262.4,246.2,18.5385,17.6296,0.9692,0.9386,0.4371,0.4455,2.88,3.62,-238.5,254.0,155.72,2.07
2024-06-01,20080,Harlow Textile Group,523.6,495.3,18.5385,16.9859,0.9692,0.946,0.4371,0.4145,7.73,7.28,-812.94,511.0,233.59,-11.19
2024-08-01,20080,Harlow Textile Group,639.9,604.3,16.8028,15.3703,0.9692,0.9443,0.4371,0.4835,7.18,8.89,-916.66,623.5,275.57,28.04
2024-11-01,20080,Harlow Textile Group,602.4,586.2,16.8028,12.7385,0.9692,0.9732,0.4371,0.4851,7.18,8.62,-2448.33,604.8,-40.33,28.14
2024-12-01,20080,Harlow Textile Group,328.2,311.0,16.8028,13.3082,0.9692,0.9477,0.4371,0.4116,6.15,4.57,-1146.93,320.9,122.66,-7.93
2025-01-01,20080,Harlow Textile Group,336.2,327.8,16.8028,13.2204,0.9692,0.9751,0.4371,0.4798,8.14,4.82,-1204.4,338.2,-33.61,14.0
2025-02-01,20080,Harlow Textile Group,1038.6,1012.4,16.8028,13.5376,0.9692,0.9748,0.4371,0.523,13.94,14.89,-3391.24,1044.6,-100.82,86.97
2025-04-01,20080,Harlow Textile Group,824.2,820.1,16.8028,12.9993,0.9692,0.995,0.4371,0.4174,9.75,12.06,-3134.84,846.2,-369.66,-16.16
2025-05-01,20080,Harlow Textile Group,715.2,711.6,16.8028,12.9254,0.9692,0.995,0.4371,0.4102,10.69,10.46,-2773.12,734.2,-319.25,-19.14
2025-06-01,20080,Harlow Textile Group,424.8,422.6,16.8028,12.2214,0.9692,0.995,0.4371,0.4207,4.62,6.22,-1946.18,436.0,-188.19,-6.93
2025-07-01,20080,Harlow Textile Group,1489.1,1481.7,12.2119,12.3307,0.9692,0.995,0.4371,0.4012,19.62,21.79,176.91,1528.8,-484.81,-53.19
2025-08-01,20080,Harlow Textile Group,858.6,840.7,12.2119,12.4486,0.9692,0.9792,0.4371,0.4177,10.48,12.36,203.23,867.4,-107.46,-16.31
2025-09-01,20080,Harlow Textile Group,895.4,889.8,12.2119,13.0485,0.9692,0.9937,0.4371,0.438,21.13,13.08,749.09,918.1,-277.21,0.8
2025-10-01,20080,Harlow Textile Group,1341.7,1299.0,12.2119,13.2121,0.9692,0.9682,0.4371,0.4275,15.12,19.1,1341.97,1340.3,17.1,-12.47
2025-11-01,20080,Harlow Textile Group,262.2,260.9,12.2119,13.0086,0.9692,0.995,0.4371,0.4869,6.73,3.84,208.89,269.2,-85.48,12.99
2025-12-01,20080,Harlow Textile Group,484.4,455.0,12.2119,13.9288,0.9692,0.9393,0.4371,0.4298,4.79,6.69,831.67,469.5,181.96,-3.32
2026-02-01,20080,Harlow Textile Group,822.6,808.4,12.2119,15.1372,0.9692,0.9828,0.4371,0.3815,15.34,11.89,2406.35,834.1,-140.44,-44.95
2026-03-01,20080,Harlow Textile Group,466.6,460.7,12.2119,14.9544,0.9692,0.9874,0.4371,0.4962,4.91,6.78,1279.65,475.3,-106.24,27.23
2026-04-01,20080,Harlow Textile Group,301.0,298.1,12.2119,14.9268,0.9692,0.9905,0.4371,0.4757,6.01,4.38,817.18,307.6,-80.6,11.51
2026-05-01,20080,Harlow Textile Group,694.6,652.7,12.2119,14.7311,0.9692,0.9396,0.4371,0.5239,10.67,9.6,1749.84,673.4,258.89,56.65
2026-06-01,20080,Harlow Textile Group,567.3,521.0,12.2119,14.5499,0.9692,0.9183,0.4371,0.439,7.41,7.66,1326.35,537.6,362.69,0.99
2023-07-01,20081,Meridian Private Label,1294.4,1270.0,30.0019,29.6633,0.9126,0.9811,0.369,0.3518,19.75,18.68,-438.28,1391.6,-2916.18,-21.84
2023-08-01,20081,Meridian Private Label,381.1,356.5,30.0019,29.2585,0.9126,0.9355,0.369,0.4132,4.45,5.24,-283.31,390.6,-285.02,15.76
2023-10-01,20081,Meridian Private Label,543.7,501.9,30.0019,29.2272,0.9126,0.9231,0.369,0.4301,11.61,7.38,-421.2,550.0,-189.01,30.67
2023-11-01,20081,Meridian Private Label,1148.9,1034.1,30.0019,28.4293,0.9126,0.9001,0.369,0.4137,13.62,15.21,-1806.76,1133.1,474.03,46.22
2024-01-01,20081,Meridian Private Label,192.0,179.5,30.0019,28.9463,0.9126,0.935,0.369,0.3592,2.0,2.64,-202.68,196.7,-141.01,-1.76
2024-03-01,20081,Meridian Private Label,898.7,863.9,30.0019,30.9445,0.9126,0.9613,0.369,0.3511,9.02,12.7,847.11,946.6,-1437.09,-15.46
2024-04-01,20081,Meridian Private Label,526.0,483.0,30.0019,33.0902,0.9126,0.9182,0.369,0.3578,7.13,7.1,1624.45,529.3,-99.01,-5.41
2024-05-01,20081,Meridian Private Label,699.2,649.9,30.0019,31.1534,0.9126,0.9295,0.369,0.4046,6.9,9.56,805.13,712.1,-387.02,23.14
2024-06-01,20081,Meridian Private Label,959.6,924.7,30.0019,32.6853,0.9126,0.9637,0.369,0.413,12.37,13.6,2574.99,1013.3,-1611.1,40.69
2024-07-01,20081,Meridian Private Label,494.2,471.0,32.3545,32.1164,0.9126,0.953,0.369,0.3562,10.1,6.93,-117.67,516.1,-708.56,-6.03
2024-09-01,20081,Meridian Private Label,324.3,314.6,32.3545,36.6291,0.9126,0.9698,0.369,0.4079,5.95,4.63,1386.25,344.7,-660.03,12.24
2024-10-01,20081,Meridian Private Label,808.4,757.2,32.3545,37.5439,0.9126,0.9367,0.369,0.3475,15.5,11.14,4195.11,829.7,-689.15,-16.28
2024-12-01,20081,Meridian Private Label,446.5,425.4,32.3545,36.91,0.9126,0.9527,0.369,0.4047,5.75,6.26,2034.03,466.1,-634.15,15.19
2025-01-01,20081,Meridian Private Label,1408.4,1299.2,32.3545,36.1044,0.9126,0.9225,0.369,0.366,20.36,19.11,5281.36,1423.6,-491.79,-3.9
2025-06-01,20081,Meridian Private Label,1686.6,1514.0,32.3545,35.8655,0.9126,0.8977,0.369,0.3606,16.13,22.26,5921.65,1659.0,892.98,-12.72
2025-07-01,20081,Meridian Private Label,1165.6,1081.6,34.3385,34.7389,0.9126,0.9279,0.369,0.3735,13.41,15.91,466.71,1185.2,-673.03,4.87
2025-08-01,20081,Meridian Private Label,178.2,166.1,34.3385,34.2291,0.9126,0.9326,0.369,0.4022,2.13,2.44,-19.5,182.0,-130.49,5.51
2025-09-01,20081,Meridian Private Label,2114.8,2042.7,34.3385,32.6157,0.9126,0.9659,0.369,0.3787,31.85,30.04,-3643.38,2238.3,-4240.8,19.81
2025-11-01,20081,Meridian Private Label,338.6,327.6,34.3385,31.8741,0.9126,0.9674,0.369,0.4143,4.83,4.82,-834.45,359.0,-700.51,14.84
2025-12-01,20081,Meridian Private Label,1242.8,1180.1,34.3385,31.8057,0.9126,0.9495,0.369,0.3542,28.58,17.35,-3147.76,1293.1,-1727.23,-17.47
2026-01-01,20081,Meridian Private Label,275.0,248.6,34.3385,31.4377,0.9126,0.9041,0.369,0.3639,3.5,3.66,-797.72,272.4,89.28,-1.27
2026-02-01,20081,Meridian Private Label,555.3,503.9,34.3385,30.3718,0.9126,0.9075,0.369,0.3608,5.56,7.41,-2202.71,552.2,106.45,-4.13
2026-03-01,20081,Meridian Private Label,1880.4,1718.0,34.3385,30.2515,0.9126,0.9136,0.369,0.4035,40.13,25.26,-7685.19,1882.5,-72.11,59.27
2026-04-01,20081,Meridian Private Label,1696.7,1544.4,34.3385,30.3745,0.9126,0.9102,0.369,0.4358,38.23,22.71,-6725.72,1692.3,151.09,103.17
2026-05-01,20081,Meridian Private Label,656.1,580.6,34.3385,30.9557,0.9126,0.8849,0.369,0.3977,12.0,8.54,-2219.46,636.2,683.34,16.66
2026-06-01,20081,Meridian Private Label,937.5,856.9,34.3385,30.6145,0.9126,0.914,0.369,0.3445,10.58,12.6,-3491.25,939.0,-51.51,-20.99
2023-07-01,20082,Meridian Private Label,1970.6,1688.1,19.2713,19.0406,0.8915,0.8566,0.1749,0.1933,24.61,24.82,-454.62,1893.6,1483.89,31.06
2023-08-01,20082,Meridian Private Label,3543.1,3136.0,19.2713,18.9763,0.8915,0.8851,0.1749,0.1882,49.81,46.12,-1045.21,3517.7,489.49,41.71
2023-09-01,20082,Meridian Private Label,2441.4,2197.9,19.2713,18.9545,0.8915,0.9003,0.1749,0.1907,24.25,32.32,-773.44,2465.4,-462.51,34.73
2023-10-01,20082,Meridian Private Label,2363.2,2115.2,19.2713,18.908,0.8915,0.8951,0.1749,0.1224,34.56,31.11,-858.55,2372.6,-181.15,-111.05
2023-11-01,20082,Meridian Private Label,1712.2,1545.0,19.2713,18.4651,0.8915,0.9024,0.1749,0.1896,29.55,22.72,-1380.38,1733.0,-400.84,22.71
2023-12-01,20082,Meridian Private Label,1291.5,1131.3,19.2713,18.0217,0.8915,0.8759,0.1749,0.1993,15.85,16.64,-1613.86,1269.0,433.6,27.6
2024-01-01,20082,Meridian Private Label,1981.7,1723.5,19.2713,17.5092,0.8915,0.8697,0.1749,0.1955,23.66,25.35,-3491.95,1933.3,932.73,35.5
2024-02-01,20082,Meridian Private Label,1361.3,1144.8,19.2713,16.7873,0.8915,0.8409,0.1749,0.1762,22.74,16.84,-3381.47,1284.1,1487.74,1.49
2024-04-01,20082,Meridian Private Label,2536.3,2167.1,19.2713,15.3911,0.8915,0.8544,0.1749,0.1844,35.65,31.87,-9841.35,2430.8,2033.12,20.59
2024-05-01,20082,Meridian Private Label,1723.1,1500.3,19.2713,15.2055,0.8915,0.8707,0.1749,0.1888,28.83,22.06,-7005.78,1682.9,774.71,20.85
2024-07-01,20082,Meridian Private Label,2032.6,1804.9,14.7514,14.8416,0.8915,0.8879,0.1749,0.1806,19.06,26.54,183.34,2024.6,118.01,10.29
2024-08-01,20082,Meridian Private Label,1326.4,1154.6,14.7514,15.1832,0.8915,0.8705,0.1749,0.1738,16.16,16.98,572.74,1295.1,461.72,-1.27
2024-10-01,20082,Meridian Private Label,799.4,691.4,14.7514,15.1069,0.8915,0.8649,0.1749,0.167,10.27,10.17,284.19,775.5,352.56,-5.46
2024-11-01,20082,Meridian Private Label,2580.5,2297.2,14.7514,15.7908,0.8915,0.8902,0.1749,0.17,33.72,33.78,2682.17,2576.8,54.58,-11.26
2024-12-01,20082,Meridian Private Label,1991.6,1669.7,14.7514,16.3528,0.8915,0.8384,0.1749,0.1895,38.97,24.55,3189.35,1872.9,1750.99,24.38
2025-01-01,20082,Meridian Private Label,2246.6,1971.3,14.7514,16.4682,0.8915,0.8774,0.1749,0.1795,44.17,28.99,3856.96,2211.2,522.2,9.07
2025-02-01,20082,Meridian Private Label,2733.0,2388.2,14.7514,15.745,0.8915,0.8738,0.1749,0.1902,29.52,35.12,2715.51,2678.9,798.05,36.54
2025-03-01,20082,Meridian Private Label,1544.7,1342.2,14.7514,15.599,0.8915,0.8689,0.1749,0.2041,15.57,19.74,1309.29,1505.6,576.78,39.19
2025-04-01,20082,Meridian Private Label,1631.7,1462.4,14.7514,15.6514,0.8915,0.8962,0.1749,0.145,22.87,21.51,1468.53,1640.4,-128.34,-43.73
2025-05-01,20082,Meridian Private Label,666.7,599.1,14.7514,15.6339,0.8915,0.8986,0.1749,0.1727,10.37,8.81,588.36,672.0,-78.18,-1.32
2025-07-01,20082,Meridian Private Label,2166.3,1982.4,15.5361,15.6212,0.8915,0.9151,0.1749,0.1698,25.13,29.15,184.35,2223.7,-891.77,-10.11
2025-09-01,20082,Meridian Private Label,2356.0,2110.2,15.5361,15.1467,0.8915,0.8957,0.1749,0.1653,37.44,31.03,-917.43,2367.0,-170.9,-20.26
2025-10-01,20082,Meridian Private Label,548.9,491.7,15.5361,15.6721,0.8915,0.8957,0.1749,0.1927,6.93,7.23,74.65,551.5,-40.39,8.75
2025-11-01,20082,Meridian Private Label,3700.8,3293.3,15.5361,15.0241,0.8915,0.8899,0.1749,0.1576,56.64,48.43,-1894.81,3694.1,104.09,-56.97
2026-01-01,20082,Meridian Private Label,1872.5,1718.1,15.5361,14.7559,0.8915,0.9175,0.1749,0.1715,26.1,25.27,-1460.92,1927.2,-849.82,-5.84
2026-03-01,20082,Meridian Private Label,2040.0,1847.8,15.5361,13.2211,0.8915,0.9058,0.1749,0.1552,20.84,27.17,-4722.6,2072.7,-508.03,-36.4
2026-04-01,20082,Meridian Private Label,681.5,639.6,15.5361,12.0607,0.8915,0.9385,0.1749,0.1713,10.57,9.41,-2368.49,717.4,-557.75,-2.3
2026-05-01,20082,Meridian Private Label,3767.4,3387.1,15.5361,12.0458,0.8915,0.899,0.1749,0.1803,80.26,49.81,-13149.36,3799.3,-495.6,18.29
2026-06-01,20082,Meridian Private Label,2015.1,1767.8,15.5361,12.691,0.8915,0.8773,0.1749,0.1916,26.88,26.0,-5733.16,1983.0,498.71,29.52
2023-07-01,20083,Cascadia Pet Products,1367.5,1266.4,26.4319,26.5794,0.9165,0.9261,0.4151,0.4134,23.84,18.62,201.71,1381.8,-377.98,-2.15
2023-09-01,20083,Cascadia Pet Products,442.7,416.4,26.4319,28.5981,0.9165,0.9406,0.4151,0.3542,9.95,6.12,958.98,454.3,-306.61,-25.36
2023-10-01,20083,Cascadia Pet Products,1273.9,1192.5,26.4319,28.305,0.9165,0.9361,0.4151,0.4505,18.61,17.54,2386.14,1301.1,-718.95,42.21
2023-11-01,20083,Cascadia Pet Products,1820.0,1706.0,26.4319,26.6644,0.9165,0.9374,0.4151,0.4393,18.99,25.09,423.15,1861.4,-1094.28,41.29
2023-12-01,20083,Cascadia Pet Products,1108.1,1023.0,26.4319,26.7008,0.9165,0.9232,0.4151,0.4236,11.46,15.04,297.97,1116.2,-214.1,8.7
2024-02-01,20083,Cascadia Pet Products,1336.9,1236.8,26.4319,25.8627,0.9165,0.9251,0.4151,0.3732,13.6,18.19,-760.96,1349.5,-333.04,-51.82
2024-03-01,20083,Cascadia Pet Products,1993.0,1811.9,26.4319,26.0015,0.9165,0.9091,0.4151,0.4021,45.71,26.65,-857.79,1977.0,422.91,-23.55
2024-04-01,20083,Cascadia Pet Products,1328.5,1257.8,26.4319,25.5481,0.9165,0.9468,0.4151,0.4662,30.56,18.5,-1174.13,1372.4,-1160.36,64.27
2024-05-01,20083,Cascadia Pet Products,1256.5,1125.3,26.4319,25.6715,0.9165,0.8956,0.4151,0.4648,19.07,16.55,-955.44,1227.8,758.6,55.93
2024-06-01,20083,Cascadia Pet Products,848.8,761.0,26.4319,24.6459,0.9165,0.8966,0.4151,0.4033,8.8,11.19,-1515.96,830.3,488.99,-8.98
2024-07-01,20083,Cascadia Pet Products,1186.1,1092.9,24.2695,24.5608,0.9165,0.9214,0.4151,0.4147,21.46,16.07,345.51,1192.5,-155.32,-0.44
2024-08-01,20083,Cascadia Pet Products,398.4,342.3,24.2695,25.3822,0.9165,0.8591,0.4151,0.4372,3.88,5.03,443.3,373.5,604.31,7.56
2024-09-01,20083,Cascadia Pet Products,876.8,773.7,24.2695,25.2634,0.9165,0.8824,0.4151,0.4308,10.0,11.38,871.45,844.2,791.19,12.15
2024-10-01,20083,Cascadia Pet Products,1934.2,1567.4,24.2695,26.1165,0.9165,0.8103,0.4151,0.4463,27.1,23.05,3572.47,1710.2,5436.37,48.9
2024-11-01,20083,Cascadia Pet Products,729.8,622.3,24.2695,27.1528,0.9165,0.8528,0.4151,0.4173,14.96,9.15,2104.23,679.0,1232.89,1.37
2024-12-01,20083,Cascadia Pet Products,412.3,366.0,24.2695,27.1316,0.9165,0.8878,0.4151,0.3606,8.74,5.38,1180.04,399.3,315.5,-19.95
2025-01-01,20083,Cascadia Pet Products,768.6,695.1,24.2695,26.6306,0.9165,0.9044,0.4151,0.413,17.8,10.22,1814.74,758.4,247.55,-1.46
2025-02-01,20083,Cascadia Pet Products,611.6,554.9,24.2695,26.711,0.9165,0.9072,0.4151,0.4077,8.81,8.16,1493.22,605.5,148.04,-4.11
2025-03-01,20083,Cascadia Pet Products,1093.1,977.4,24.2695,26.2424,0.9165,0.8941,0.4151,0.4129,14.59,14.37,2156.58,1066.4,648.0,-2.15
2025-04-01,20083,Cascadia Pet Products,1734.0,1589.7,24.2695,26.1934,0.9165,0.9168,0.4151,0.404,23.59,23.38,3336.04,1734.5,-12.13,-17.65
2025-05-01,20083,Cascadia Pet Products,1275.4,1160.3,24.2695,27.4072,0.9165,0.9097,0.4151,0.3951,18.86,17.06,4001.82,1266.0,228.13,-23.21
2025-06-01,20083,Cascadia Pet Products,678.9,621.3,24.2695,28.5977,0.9165,0.9152,0.4151,0.3687,8.77,9.14,2938.41,677.9,24.27,-28.83
2025-07-01,20083,Cascadia Pet Products,800.0,718.8,30.5268,30.4021,0.9165,0.8984,0.4151,0.3848,11.82,10.57,-99.76,784.3,479.27,-21.78
2025-08-01,20083,Cascadia Pet Products,1453.0,1315.1,30.5268,32.9299,0.9165,0.9051,0.4151,0.3852,26.51,19.34,3491.7,1434.9,552.54,-39.32
2025-09-01,20083,Cascadia Pet Products,1390.7,1345.0,30.5268,31.7569,0.9165,0.9672,0.4151,0.3927,16.79,19.78,1710.7,1467.5,-2344.46,-30.13
2025-11-01,20083,Cascadia Pet Products,881.6,788.2,30.5268,31.8426,0.9165,0.8941,0.4151,0.3951,10.35,11.59,1160.01,860.0,659.38,-15.76
2025-12-01,20083,Cascadia Pet Products,1021.8,889.8,30.5268,29.9913,0.9165,0.8707,0.4151,0.3895,19.44,13.08,-547.17,970.9,1553.81,-22.78
2026-03-01,20083,Cascadia Pet Products,902.2,803.5,30.5268,25.652,0.9165,0.8906,0.4151,0.4343,13.09,11.82,-4398.04,876.7,778.43,15.43
2026-06-01,20083,Cascadia Pet Products,1530.2,1382.9,30.5268,24.7236,0.9165,0.9038,0.4151,0.4667,17.42,20.34,-8880.06,1508.9,650.22,71.36
2023-07-01,20084,Ningbo Hometech Manufacturing,2207.4,2030.8,14.4924,14.4239,0.9072,0.92,0.5582,0.5748,23.31,29.87,-151.21,2238.5,-450.71,33.71
2023-08-01,20084,Ningbo Hometech Manufacturing,5466.0,4880.0,14.4924,14.8038,0.9072,0.8928,0.5582,0.5227,53.89,71.77,1702.11,5379.2,1257.94,-173.24
2023-09-01,20084,Ningbo Hometech Manufacturing,5741.8,5192.9,14.4924,14.9115,0.9072,0.9044,0.5582,0.5538,126.02,76.37,2406.39,5724.1,256.52,-22.85
2023-11-01,20084,Ningbo Hometech Manufacturing,4347.8,4155.6,14.4924,15.4831,0.9072,0.9558,0.5582,0.6053,77.54,61.11,4307.37,4580.7,-3375.28,195.73
2023-12-01,20084,Ningbo Hometech Manufacturing,4297.5,3909.8,14.4924,15.3167,0.9072,0.9098,0.5582,0.5363,92.55,57.5,3542.43,4309.7,-176.81,-85.62
2024-02-01,20084,Ningbo Hometech Manufacturing,4339.4,3833.6,14.4924,13.9456,0.9072,0.8834,0.5582,0.5495,69.82,56.38,-2372.78,4225.7,1647.79,-33.35
2024-03-01,20084,Ningbo Hometech Manufacturing,1921.0,1695.1,14.4924,13.0593,0.9072,0.8824,0.5582,0.5386,32.06,24.93,-2752.99,1868.5,760.85,-33.22
2024-04-01,20084,Ningbo Hometech Manufacturing,2978.3,2507.0,14.4924,12.0058,0.9072,0.8417,0.5582,0.608,37.61,36.87,-7405.84,2763.4,3114.42,124.85
2024-05-01,20084,Ningbo Hometech Manufacturing,2621.7,2352.8,14.4924,11.7399,0.9072,0.8974,0.5582,0.5024,28.15,34.6,-7216.23,2593.5,408.69,-131.29
2024-06-01,20084,Ningbo Hometech Manufacturing,4432.0,3991.7,14.4924,11.2816,0.9072,0.9006,0.5582,0.6004,86.12,58.7,-14230.27,4400.0,463.76,168.45
2024-08-01,20084,Ningbo Hometech Manufacturing,4181.5,3626.9,11.5693,11.9521,0.9072,0.8674,0.5582,0.589,63.71,53.34,1600.68,3997.9,2124.12,111.71
2024-10-01,20084,Ningbo Hometech Manufacturing,4584.7,3983.9,11.5693,11.9182,0.9072,0.869,0.5582,0.6143,87.78,58.59,1599.6,4391.4,2236.35,223.5
2024-11-01,20084,Ningbo Hometech Manufacturing,5936.9,5041.2,11.5693,12.3207,0.9072,0.8491,0.5582,0.4753,79.8,74.14,4460.99,5556.9,4396.33,-417.92
2025-01-01,20084,Ningbo Hometech Manufacturing,4017.2,3549.9,11.5693,11.6133,0.9072,0.8837,0.5582,0.5172,74.96,52.2,176.76,3913.0,1205.52,-145.55
2025-03-01,20084,Ningbo Hometech Manufacturing,5999.7,5337.9,11.5693,10.9536,0.9072,0.8897,0.5582,0.5905,75.19,78.5,-3694.02,5883.9,1339.72,172.41
2025-04-01,20084,Ningbo Hometech Manufacturing,4674.0,4193.2,11.5693,10.5752,0.9072,0.8971,0.5582,0.5353,73.85,61.66,-4646.42,4622.1,600.45,-96.02
2025-05-01,20084,Ningbo Hometech Manufacturing,11527.0,10182.3,11.5693,10.2822,0.9072,0.8833,0.5582,0.5622,139.93,149.74,-14836.4,11223.9,3506.65,40.73
2025-06-01,20084,Ningbo Hometech Manufacturing,7345.9,6622.2,11.5693,9.9625,0.9072,0.9015,0.5582,0.513,81.71,97.39,-11803.39,7299.6,535.66,-299.32
2025-08-01,20084,Ningbo Hometech Manufacturing,5598.2,4926.4,9.9958,10.5909,0.9072,0.88,0.5582,0.5584,63.76,72.45,3331.49,5430.3,1678.29,0.99
2025-09-01,20084,Ningbo Hometech Manufacturing,4918.7,4306.7,9.9958,9.5514,0.9072,0.8756,0.5582,0.5726,74.83,63.33,-2185.87,4747.2,1714.28,62.02
2025-11-01,20084,Ningbo Hometech Manufacturing,3144.5,2795.0,9.9958,8.7433,0.9072,0.8888,0.5582,0.5999,31.66,41.1,-3938.49,3080.9,635.73,116.55
2025-12-01,20084,Ningbo Hometech Manufacturing,3900.6,3533.0,9.9958,8.3409,0.9072,0.9058,0.5582,0.5332,49.59,51.96,-6455.1,3894.4,61.97,-88.33
2026-01-01,20084,Ningbo Hometech Manufacturing,9789.3,8832.7,9.9958,8.0228,0.9072,0.9023,0.5582,0.5608,122.27,129.89,-19314.29,9736.2,530.78,22.97
2026-02-01,20084,Ningbo Hometech Manufacturing,7254.6,6750.0,9.9958,7.3704,0.9072,0.9304,0.5582,0.5799,82.0,99.26,-19046.23,7440.5,-1858.22,146.47
2026-03-01,20084,Ningbo Hometech Manufacturing,10474.4,9549.2,9.9958,6.9249,0.9072,0.9117,0.5582,0.5323,130.86,140.43,-32165.83,10526.0,-515.78,-247.32
2026-05-01,20084,Ningbo Hometech Manufacturing,8728.2,8354.8,9.9958,6.9181,0.9072,0.9572,0.5582,0.5954,105.42,122.86,-26862.78,9209.4,-4809.98,310.8
2023-07-01,20085,Vertex Consumer Products (US),1583.2,1330.1,33.4577,33.0879,0.8521,0.8401,0.4773,0.4638,15.53,19.56,-585.47,1561.0,742.76,-17.96
2023-08-01,20085,Vertex Consumer Products (US),2019.8,1705.4,33.4577,31.1152,0.8521,0.8443,0.4773,0.4678,26.95,25.08,-4731.38,2001.4,615.62,-16.2
2023-09-01,20085,Vertex Consumer Products (US),1451.5,1223.0,33.4577,31.1686,0.8521,0.8426,0.4773,0.4647,22.83,17.99,-3322.63,1435.3,542.01,-15.41
2023-10-01,20085,Vertex Consumer Products (US),786.9,648.1,33.4577,30.4585,0.8521,0.8236,0.4773,0.4814,7.08,9.53,-2360.07,760.6,879.94,2.66
2023-12-01,20085,Vertex Consumer Products (US),1520.3,1195.8,33.4577,28.9359,0.8521,0.7866,0.4773,0.4819,18.76,17.59,-6874.49,1403.4,3911.21,5.5
2024-01-01,20085,Vertex Consumer Products (US),804.7,673.8,33.4577,27.9256,0.8521,0.8373,0.4773,0.4243,12.18,9.91,-4451.68,790.8,465.06,-35.71
2024-02-01,20085,Vertex Consumer Products (US),410.1,341.3,33.4577,26.7872,0.8521,0.8324,0.4773,0.5052,5.74,5.02,-2735.57,400.5,321.19,9.52
2024-03-01,20085,Vertex Consumer Products (US),2585.0,2139.1,33.4577,25.5542,0.8521,0.8275,0.4773,0.4695,52.89,31.46,-20430.55,2510.4,2495.94,-16.68
2024-04-01,20085,Vertex Consumer Products (US),805.7,661.4,33.4577,25.1143,0.8521,0.821,0.4773,0.4689,11.92,9.73,-6722.28,776.2,987.0,-5.56
2024-05-01,20085,Vertex Consumer Products (US),755.2,602.6,33.4577,25.18,0.8521,0.7979,0.4773,0.5051,7.98,8.86,-6251.32,707.2,1605.97,16.75
2024-06-01,20085,Vertex Consumer Products (US),938.2,742.2,33.4577,24.3392,0.8521,0.7911,0.4773,0.5524,9.73,10.91,-8554.98,871.0,2248.36,55.74
2024-07-01,20085,Vertex Consumer Products (US),2166.9,1847.7,24.0355,24.288,0.8521,0.8527,0.4773,0.5129,22.95,27.17,547.14,2168.4,-36.05,65.78
2024-08-01,20085,Vertex Consumer Products (US),2579.6,2181.8,24.0355,24.4765,0.8521,0.8458,0.4773,0.4771,54.05,32.09,1137.6,2560.5,459.08,-0.44
2024-09-01,20085,Vertex Consumer Products (US),1166.9,987.8,24.0355,23.9173,0.8521,0.8466,0.4773,0.4877,18.02,14.53,-137.93,1159.3,182.67,10.27
2024-10-01,20085,Vertex Consumer Products (US),455.5,379.2,24.0355,23.9429,0.8521,0.8326,0.4773,0.4353,8.2,5.58,-42.18,445.0,252.37,-15.93
2024-12-01,20085,Vertex Consumer Products (US),1034.4,869.9,24.0355,25.5533,0.8521,0.8409,0.4773,0.539,12.52,12.79,1570.01,1020.9,324.48,53.67
2025-01-01,20085,Vertex Consumer Products (US),701.1,582.6,24.0355,25.6607,0.8521,0.831,0.4773,0.5061,8.95,8.57,1139.43,683.7,418.22,16.78
2025-02-01,20085,Vertex Consumer Products (US),2730.3,2234.8,24.0355,25.4169,0.8521,0.8185,0.4773,0.484,28.64,32.86,3771.64,2622.7,2586.22,14.97
2025-04-01,20085,Vertex Consumer Products (US),702.9,590.0,24.0355,23.8585,0.8521,0.8394,0.4773,0.5099,12.33,8.68,-124.41,692.4,252.37,19.23
2025-05-01,20085,Vertex Consumer Products (US),663.8,561.5,24.0355,23.6286,0.8521,0.8458,0.4773,0.5145,9.18,8.26,-270.1,659.0,115.37,20.89
2025-06-01,20085,Vertex Consumer Products (US),2178.9,1803.5,24.0355,22.5775,0.8521,0.8277,0.4773,0.509,21.43,26.52,-3176.84,2116.5,1499.82,57.17
2025-07-01,20085,Vertex Consumer Products (US),719.6,606.6,23.8449,23.7408,0.8521,0.843,0.4773,0.489,9.0,8.92,-74.91,711.9,183.61,7.1
2025-08-01,20085,Vertex Consumer Products (US),803.7,676.0,23.8449,24.6591,0.8521,0.8411,0.4773,0.561,16.35,9.94,654.37,793.3,247.99,56.58
2025-09-01,20085,Vertex Consumer Products (US),895.2,751.5,23.8449,24.2522,0.8521,0.8395,0.4773,0.5659,10.73,11.05,364.61,881.9,317.14,66.58
2025-11-01,20085,Vertex Consumer Products (US),1073.6,940.1,23.8449,23.7678,0.8521,0.8756,0.4773,0.4902,20.03,13.82,-82.77,1103.3,-708.19,12.13
2026-02-01,20085,Vertex Consumer Products (US),612.1,493.0,23.8449,20.687,0.8521,0.8054,0.4773,0.5339,10.28,7.25,-1932.95,578.6,798.8,27.9
2026-03-01,20085,Vertex Consumer Products (US),1367.5,1103.8,23.8449,20.1068,0.8521,0.8072,0.4773,0.4332,12.83,16.23,-5111.85,1295.4,1719.22,-48.68
2026-04-01,20085,Vertex Consumer Products (US),1650.0,1360.5,23.8449,18.6017,0.8521,0.8245,0.4773,0.3779,17.05,20.01,-8651.28,1596.6,1273.32,-135.23
2026-06-01,20085,Vertex Consumer Products (US),1646.9,1354.1,23.8449,19.5461,0.8521,0.8222,0.4773,0.4724,35.46,19.91,-7079.69,1589.1,1378.24,-6.64
2023-07-01,20086,Cascadia Pet Products,1952.5,1853.7,19.5641,19.3065,0.947,0.9494,0.2707,0.2749,42.73,27.26,-502.96,1957.4,-95.86,7.79
2023-08-01,20086,Cascadia Pet Products,667.0,652.3,19.5641,18.9082,0.947,0.9779,0.2707,0.2733,7.2,9.59,-437.49,688.8,-426.5,1.7
2023-09-01,20086,Cascadia Pet Products,1392.7,1304.9,19.5641,17.7135,0.947,0.937,0.2707,0.2697,21.32,19.19,-2577.33,1377.9,289.55,-1.3
2023-10-01,20086,Cascadia Pet Products,1542.6,1448.5,19.5641,17.5054,0.947,0.939,0.2707,0.2963,26.23,21.3,-3175.75,1529.6,254.33,37.08
2023-12-01,20086,Cascadia Pet Products,1848.4,1763.4,19.5641,17.1209,0.947,0.954,0.2707,0.3064,19.78,25.93,-4516.01,1862.1,-268.03,62.95
2024-01-01,20086,Cascadia Pet Products,559.9,532.5,19.5641,17.993,0.947,0.951,0.2707,0.2786,8.14,7.83,-879.66,562.3,-46.95,4.21
2024-03-01,20086,Cascadia Pet Products,1015.3,975.3,19.5641,19.4132,0.947,0.9607,0.2707,0.2848,17.29,14.34,-153.21,1029.9,-285.64,13.75
2024-04-01,20086,Cascadia Pet Products,1135.6,1070.1,19.5641,20.4622,0.947,0.9423,0.2707,0.2982,22.8,15.74,1019.88,1130.0,109.56,29.43
2024-06-01,20086,Cascadia Pet Products,1329.4,1186.2,19.5641,17.3851,0.947,0.8922,0.2707,0.286,19.22,17.44,-2896.76,1252.6,1502.52,18.15
2024-07-01,20086,Cascadia Pet Products,734.8,683.4,18.0752,18.225,0.947,0.9301,0.2707,0.2507,9.81,10.05,110.07,721.6,238.59,-13.67
2024-08-01,20086,Cascadia Pet Products,1146.5,1010.8,18.0752,17.6243,0.947,0.8817,0.2707,0.309,13.7,14.87,-516.96,1067.4,1429.75,38.71
2024-10-01,20086,Cascadia Pet Products,628.6,576.6,18.0752,18.2323,0.947,0.9173,0.2707,0.2863,13.65,8.48,98.75,608.9,356.08,8.99
2024-12-01,20086,Cascadia Pet Products,885.8,791.8,18.0752,16.795,0.947,0.8938,0.2707,0.2376,12.59,11.64,-1134.0,836.1,898.34,-26.21
2025-01-01,20086,Cascadia Pet Products,488.2,431.0,18.0752,16.0842,0.947,0.883,0.2707,0.3223,7.21,6.34,-972.01,455.1,598.29,22.24
2025-02-01,20086,Cascadia Pet Products,1109.0,1036.6,18.0752,16.1782,0.947,0.9347,0.2707,0.2409,10.92,15.24,-2103.77,1094.6,260.28,-30.89
2025-03-01,20086,Cascadia Pet Products,1407.2,1303.9,18.0752,16.9504,0.947,0.9266,0.2707,0.2707,18.36,19.18,-1582.82,1376.9,547.68,0.0
2025-04-01,20086,Cascadia Pet Products,780.0,727.8,18.0752,17.4685,0.947,0.933,0.2707,0.2697,10.34,10.7,-473.23,768.5,207.86,-0.73
2025-05-01,20086,Cascadia Pet Products,2617.6,2518.0,18.0752,17.3594,0.947,0.9619,0.2707,0.3077,65.67,37.03,-1873.68,2658.9,-746.51,93.17
2025-06-01,20086,Cascadia Pet Products,550.0,525.8,18.0752,16.9107,0.947,0.9561,0.2707,0.2574,12.58,7.73,-640.48,555.2,-93.99,-6.99
2025-07-01,20086,Cascadia Pet Products,1258.8,1178.9,16.4859,16.5497,0.947,0.9365,0.2707,0.2692,20.4,17.34,80.31,1244.9,229.15,-1.77
2025-09-01,20086,Cascadia Pet Products,668.5,650.7,16.4859,15.8733,0.947,0.9733,0.2707,0.2139,6.91,9.57,-409.52,687.1,-306.64,-36.96
2025-10-01,20086,Cascadia Pet Products,1573.0,1452.7,16.4859,15.6578,0.947,0.9235,0.2707,0.3023,17.63,21.36,-1302.6,1534.0,642.95,45.91
2025-11-01,20086,Cascadia Pet Products,728.3,678.9,16.4859,14.9236,0.947,0.9321,0.2707,0.2196,8.46,9.98,-1137.82,716.9,187.94,-34.69
2025-12-01,20086,Cascadia Pet Products,2254.9,2114.0,16.4859,14.5812,0.947,0.9375,0.2707,0.2722,32.67,31.09,-4294.91,2232.3,372.58,3.17
2026-01-01,20086,Cascadia Pet Products,2840.8,2528.9,16.4859,15.0308,0.947,0.8902,0.2707,0.2491,35.22,37.19,-4133.65,2670.4,2809.2,-54.62
2026-02-01,20086,Cascadia Pet Products,665.2,584.9,16.4859,15.1357,0.947,0.8792,0.2707,0.2505,7.35,8.6,-898.15,617.6,784.73,-11.81
2026-03-01,20086,Cascadia Pet Products,710.3,660.0,16.4859,15.5083,0.947,0.9292,0.2707,0.2756,7.14,9.71,-694.39,696.9,220.91,3.23
2026-04-01,20086,Cascadia Pet Products,4085.8,3796.0,16.4859,17.0451,0.947,0.9291,0.2707,0.2495,47.7,55.82,2284.78,4008.4,1276.01,-80.48
2026-05-01,20086,Cascadia Pet Products,665.1,605.6,16.4859,17.6073,0.947,0.9105,0.2707,0.2581,6.4,8.91,745.84,639.5,422.04,-7.63
2026-06-01,20086,Cascadia Pet Products,1081.9,979.1,16.4859,17.3212,0.947,0.905,0.2707,0.2782,10.95,14.4,903.71,1033.9,791.32,7.34
2023-07-01,20087,Vertex Consumer Products (US),59.0,50.3,15.9846,16.0165,0.8317,0.8528,0.4574,0.4861,0.55,0.74,1.88,60.5,-23.98,1.44
2023-08-01,20087,Vertex Consumer Products (US),61.5,50.0,15.9846,17.4135,0.8317,0.8129,0.4574,0.4498,1.0,0.74,87.88,60.1,22.38,-0.38
2023-09-01,20087,Vertex Consumer Products (US),61.5,50.0,15.9846,17.8469,0.8317,0.8128,0.4574,0.572,0.53,0.74,114.53,60.1,22.38,5.73
2023-10-01,20087,Vertex Consumer Products (US),59.3,50.0,15.9846,17.9486,0.8317,0.8428,0.4574,0.4625,1.03,0.74,116.47,60.1,-12.79,0.26
2023-12-01,20087,Vertex Consumer Products (US),58.3,50.0,15.9846,16.3864,0.8317,0.8577,0.4574,0.4627,0.82,0.74,23.42,60.1,-28.77,0.27
2024-01-01,20087,Vertex Consumer Products (US),57.4,50.0,15.9846,15.8098,0.8317,0.8708,0.4574,0.401,0.77,0.74,-10.03,60.1,-43.16,-2.82
2024-02-01,20087,Vertex Consumer Products (US),65.5,55.9,15.9846,16.0086,0.8317,0.8529,0.4574,0.5137,1.41,0.82,1.57,67.2,-27.17,3.15
2024-03-01,20087,Vertex Consumer Products (US),62.4,50.0,15.9846,16.2568,0.8317,0.8018,0.4574,0.4876,1.08,0.74,16.99,60.1,36.76,1.51
2024-06-01,20087,Vertex Consumer Products (US),58.4,50.0,15.9846,18.3872,0.8317,0.8555,0.4574,0.3825,0.61,0.74,140.31,60.1,-27.17,-3.74
2024-07-01,20087,Vertex Consumer Products (US),59.3,50.0,18.1328,17.9409,0.8317,0.8427,0.4574,0.4766,0.73,0.74,-11.38,60.1,-14.51,0.96
2024-08-01,20087,Vertex Consumer Products (US),60.9,50.0,18.1328,18.6403,0.8317,0.8206,0.4574,0.4803,0.64,0.74,30.91,60.1,14.51,1.15
2024-09-01,20087,Vertex Consumer Products (US),62.3,50.0,18.1328,18.8428,0.8317,0.8023,0.4574,0.4524,0.66,0.74,44.23,60.1,39.89,-0.25
2024-10-01,20087,Vertex Consumer Products (US),60.4,50.0,18.1328,18.9182,0.8317,0.8284,0.4574,0.5414,0.78,0.74,47.44,60.1,5.44,4.2
2024-12-01,20087,Vertex Consumer Products (US),58.6,50.0,18.1328,19.5702,0.8317,0.8533,0.4574,0.4804,0.56,0.74,84.23,60.1,-27.2,1.15
2025-02-01,20087,Vertex Consumer Products (US),68.4,54.6,18.1328,19.206,0.8317,0.7978,0.4574,0.5001,1.41,0.8,73.41,65.6,50.77,2.33
2025-04-01,20087,Vertex Consumer Products (US),87.0,70.5,18.1328,19.8133,0.8317,0.8109,0.4574,0.4746,1.31,1.04,146.2,84.8,39.89,1.21
2025-05-01,20087,Vertex Consumer Products (US),74.1,61.0,18.1328,19.0801,0.8317,0.8236,0.4574,0.4703,1.51,0.9,70.19,73.3,14.51,0.79
2025-06-01,20087,Vertex Consumer Products (US),61.2,50.0,18.1328,20.3556,0.8317,0.8173,0.4574,0.5329,1.14,0.74,136.04,60.1,19.95,3.78
2025-07-01,20087,Vertex Consumer Products (US),78.2,65.2,21.4963,21.4153,0.8317,0.833,0.4574,0.4346,0.76,0.96,-6.33,78.4,-4.3,-1.49
2025-08-01,20087,Vertex Consumer Products (US),61.0,50.0,21.4963,21.436,0.8317,0.8199,0.4574,0.4308,0.77,0.74,-3.68,60.1,19.35,-1.33
2025-09-01,20087,Vertex Consumer Products (US),154.6,136.7,21.4963,22.7504,0.8317,0.8842,0.4574,0.4023,1.73,2.01,193.88,164.4,-210.66,-7.53
2025-10-01,20087,Vertex Consumer Products (US),58.8,50.0,21.4963,23.6191,0.8317,0.8506,0.4574,0.4935,0.73,0.74,124.82,60.1,-27.95,1.81
2025-11-01,20087,Vertex Consumer Products (US),59.0,50.0,21.4963,21.8912,0.8317,0.8475,0.4574,0.3883,1.12,0.74,23.3,60.1,-23.65,-3.45
2025-12-01,20087,Vertex Consumer Products (US),58.3,50.0,21.4963,21.2808,0.8317,0.857,0.4574,0.5812,0.65,0.74,-12.56,60.1,-38.69,6.19
2026-01-01,20087,Vertex Consumer Products (US),87.8,73.5,21.4963,20.3505,0.8317,0.837,0.4574,0.4199,1.36,1.08,-100.6,88.4,-12.9,-2.76
2026-02-01,20087,Vertex Consumer Products (US),95.1,80.7,21.4963,19.8201,0.8317,0.848,0.4574,0.479,1.46,1.19,-159.41,97.0,-40.84,1.74
2026-03-01,20087,Vertex Consumer Products (US),58.0,50.0,21.4963,20.8352,0.8317,0.8623,0.4574,0.4209,1.26,0.74,-38.34,60.1,-45.14,-1.82
2026-04-01,20087,Vertex Consumer Products (US),58.4,50.0,21.4963,19.6452,0.8317,0.8568,0.4574,0.4557,0.74,0.74,-108.1,60.1,-36.54,-0.08
2026-05-01,20087,Vertex Consumer Products (US),59.2,50.0,21.4963,19.1378,0.8317,0.845,0.4574,0.4207,1.25,0.74,-139.62,60.1,-19.35,-1.83
2026-06-01,20087,Vertex Consumer Products (US),60.8,50.0,21.4963,18.0929,0.8317,0.8219,0.4574,0.4222,1.19,0.74,-206.93,60.1,15.05,-1.76
2023-07-01,20088,Meridian Private Label,2265.8,2041.0,7.4638,7.3834,0.9234,0.9008,0.5047,0.6057,40.97,30.02,-182.17,2210.3,414.24,206.14
2023-08-01,20088,Meridian Private Label,423.4,390.1,7.4638,7.4813,0.9234,0.9215,0.5047,0.5159,4.38,5.74,7.41,422.5,6.72,4.37
2023-09-01,20088,Meridian Private Label,1226.0,1109.6,7.4638,7.8008,0.9234,0.9051,0.5047,0.5564,13.35,16.32,413.16,1201.6,182.12,57.37
2023-10-01,20088,Meridian Private Label,2101.5,1899.3,7.4638,8.1831,0.9234,0.9038,0.5047,0.4347,36.6,27.93,1511.61,2056.9,332.89,-132.95
2023-11-01,20088,Meridian Private Label,1091.1,1021.5,7.4638,7.9535,0.9234,0.9362,0.5047,0.5502,10.77,15.02,534.31,1106.2,-112.7,46.48
2023-12-01,20088,Meridian Private Label,2402.8,2265.0,7.4638,7.8449,0.9234,0.9426,0.5047,0.5556,24.67,33.31,915.71,2452.9,-373.94,115.29
2024-01-01,20088,Meridian Private Label,3853.7,3589.8,7.4638,7.5316,0.9234,0.9315,0.5047,0.4909,47.91,52.79,261.28,3887.6,-253.02,-49.54
2024-02-01,20088,Meridian Private Label,3258.0,3031.8,7.4638,7.4382,0.9234,0.9306,0.5047,0.5014,33.05,44.59,-83.4,3283.3,-188.83,-10.0
2024-03-01,20088,Meridian Private Label,3668.3,3419.9,7.4638,7.3028,0.9234,0.9323,0.5047,0.4735,58.97,50.29,-590.6,3703.6,-263.47,-106.7
2024-04-01,20088,Meridian Private Label,2083.0,1917.0,7.4638,7.0065,0.9234,0.9203,0.5047,0.5833,43.63,28.19,-952.56,2076.0,52.25,150.68
2024-05-01,20088,Meridian Private Label,2181.9,1937.7,7.4638,7.2567,0.9234,0.8881,0.5047,0.5309,26.01,28.5,-451.87,2098.4,623.23,50.77
2024-07-01,20088,Meridian Private Label,1749.2,1603.9,7.0309,7.1349,0.9234,0.917,0.5047,0.5543,38.23,23.59,181.92,1737.0,85.78,79.55
2024-09-01,20088,Meridian Private Label,1212.3,1094.2,7.0309,7.5366,0.9234,0.9025,0.5047,0.4922,13.37,16.09,613.06,1185.0,191.94,-13.68
2024-10-01,20088,Meridian Private Label,3053.3,2850.0,7.0309,7.6376,0.9234,0.9334,0.5047,0.5538,42.51,41.91,1852.44,3086.4,-232.72,139.93
2024-12-01,20088,Meridian Private Label,3157.5,2969.1,7.0309,7.5025,0.9234,0.9403,0.5047,0.4877,32.94,43.66,1489.08,3215.4,-407.09,-50.47
2025-01-01,20088,Meridian Private Label,1604.8,1431.3,7.0309,7.3739,0.9234,0.8918,0.5047,0.5533,20.15,21.05,550.45,1550.0,385.29,69.56
2025-02-01,20088,Meridian Private Label,2992.4,2721.1,7.0309,7.0676,0.9234,0.9093,0.5047,0.4846,29.87,40.02,109.82,2946.8,320.61,-54.69
2025-03-01,20088,Meridian Private Label,930.0,863.2,7.0309,6.3678,0.9234,0.9282,0.5047,0.494,10.18,12.69,-616.68,934.8,-33.75,-9.24
2025-04-01,20088,Meridian Private Label,1129.4,1072.5,7.0309,6.1653,0.9234,0.9496,0.5047,0.4943,13.66,15.77,-977.61,1161.5,-225.69,-11.15
2025-05-01,20088,Meridian Private Label,1176.4,1083.9,7.0309,5.979,0.9234,0.9214,0.5047,0.4668,17.3,15.94,-1237.46,1173.8,18.28,-41.08
2025-07-01,20088,Meridian Private Label,1505.1,1413.7,6.4695,6.4297,0.9234,0.9393,0.5047,0.5261,22.61,20.79,-59.9,1531.0,-167.56,30.25
2025-08-01,20088,Meridian Private Label,829.2,775.8,6.4695,6.3654,0.9234,0.9356,0.5047,0.4987,12.87,11.41,-86.32,840.2,-71.16,-4.65
2025-09-01,20088,Meridian Private Label,1351.6,1296.9,6.4695,6.3383,0.9234,0.9595,0.5047,0.4777,27.07,19.07,-177.33,1404.5,-342.24,-35.02
2025-10-01,20088,Meridian Private Label,2704.2,2629.1,6.4695,6.5185,0.9234,0.9722,0.5047,0.504,29.68,38.66,132.51,2847.2,-925.14,-1.84
2025-11-01,20088,Meridian Private Label,1313.2,1252.9,6.4695,6.4094,0.9234,0.9541,0.5047,0.5343,16.22,18.43,-78.92,1356.8,-282.07,37.09
2026-01-01,20088,Meridian Private Label,2435.4,2290.2,6.4695,6.5722,0.9234,0.9404,0.5047,0.5391,56.07,33.68,250.12,2480.2,-289.83,78.78
2026-03-01,20088,Meridian Private Label,1599.1,1476.2,6.4695,6.7642,0.9234,0.9231,0.5047,0.5213,26.42,21.71,471.25,1598.7,2.59,24.5
2026-04-01,20088,Meridian Private Label,965.6,905.7,6.4695,7.1504,0.9234,0.9379,0.5047,0.5304,10.52,13.32,657.48,980.8,-98.34,23.28
2026-06-01,20088,Meridian Private Label,2332.8,2173.9,6.4695,7.4736,0.9234,0.9319,0.5047,0.5456,22.79,31.97,2342.36,2354.2,-138.45,88.91
2023-07-01,20089,Vertex Consumer Products (US),3046.0,2610.7,43.2695,43.8297,0.8679,0.8571,0.5195,0.6023,32.18,38.39,1706.37,3008.1,1639.91,216.17
2023-08-01,20089,Vertex Consumer Products (US),2099.2,1833.5,43.2695,42.8194,0.8679,0.8734,0.5195,0.5405,25.38,26.96,-944.85,2112.6,-579.81,38.5
2023-09-01,20089,Vertex Consumer Products (US),1775.4,1590.3,43.2695,43.6781,0.8679,0.8958,0.5195,0.4978,31.91,23.39,725.43,1832.4,-2466.36,-34.51
2023-11-01,20089,Vertex Consumer Products (US),1064.0,945.9,43.2695,42.2677,0.8679,0.8889,0.5195,0.5313,10.45,13.91,-1065.92,1089.9,-1120.68,11.16
2023-12-01,20089,Vertex Consumer Products (US),732.2,645.7,43.2695,40.301,0.8679,0.8817,0.5195,0.5041,13.01,9.49,-2173.54,744.0,-510.58,-9.94
2024-02-01,20089,Vertex Consumer Products (US),3030.3,2563.9,43.2695,39.7634,0.8679,0.8461,0.5195,0.5623,40.25,37.7,-10624.53,2954.1,3297.14,109.73
2024-03-01,20089,Vertex Consumer Products (US),2819.2,2390.5,43.2695,37.5786,0.8679,0.8479,0.5195,0.5444,30.49,35.15,-16043.79,2754.3,2808.19,59.52
2024-05-01,20089,Vertex Consumer Products (US),2134.6,1774.2,43.2695,37.569,0.8679,0.8312,0.5195,0.492,24.73,26.09,-12168.29,2044.2,3911.56,-48.79
2024-06-01,20089,Vertex Consumer Products (US),1832.5,1609.3,43.2695,37.3408,0.8679,0.8782,0.5195,0.5806,29.23,23.67,-10864.34,1854.2,-938.95,98.33
2024-07-01,20089,Vertex Consumer Products (US),2715.7,2237.8,37.1688,36.741,0.8679,0.824,0.5195,0.5653,24.35,32.91,-1161.78,2578.4,5103.28,102.49
2024-08-01,20089,Vertex Consumer Products (US),608.2,522.0,37.1688,38.0687,0.8679,0.8583,0.5195,0.6263,7.96,7.68,547.32,601.5,249.03,55.75
2024-10-01,20089,Vertex Consumer Products (US),3363.2,2741.1,37.1688,40.3744,0.8679,0.815,0.5195,0.547,70.1,40.31,10781.07,3158.3,7615.89,75.38
2024-11-01,20089,Vertex Consumer Products (US),3252.9,2784.0,37.1688,42.1673,0.8679,0.8558,0.5195,0.5475,72.98,40.94,16259.62,3207.7,1680.03,77.95
2025-01-01,20089,Vertex Consumer Products (US),2956.7,2450.3,37.1688,45.1735,0.8679,0.8287,0.5195,0.5187,25.58,36.03,23667.5,2823.3,4958.32,-1.96
2025-02-01,20089,Vertex Consumer Products (US),3684.1,3130.4,37.1688,42.6863,0.8679,0.8497,0.5195,0.4891,60.16,46.04,20327.02,3606.9,2869.43,-95.16
2025-04-01,20089,Vertex Consumer Products (US),1821.3,1611.5,37.1688,44.3188,0.8679,0.8848,0.5195,0.5749,17.34,23.7,13022.3,1856.8,-1319.49,89.28
2025-05-01,20089,Vertex Consumer Products (US),1059.1,889.6,37.1688,42.4031,0.8679,0.84,0.5195,0.5813,11.37,13.08,5543.65,1025.0,1267.46,54.98
2025-06-01,20089,Vertex Consumer Products (US),6184.5,5307.5,37.1688,43.4247,0.8679,0.8582,0.5195,0.5183,121.74,78.05,38689.61,6115.3,2572.08,-6.37
2025-07-01,20089,Vertex Consumer Products (US),1481.7,1227.0,44.8823,44.8685,0.8679,0.8281,0.5195,0.5059,20.35,18.04,-20.45,1413.8,3047.51,-16.69
2025-08-01,20089,Vertex Consumer Products (US),2851.4,2479.9,44.8823,45.9569,0.8679,0.8697,0.5195,0.5377,34.69,36.47,3064.11,2857.4,-269.29,45.13
2025-10-01,20089,Vertex Consumer Products (US),5584.0,4830.2,44.8823,43.1184,0.8679,0.865,0.5195,0.5624,58.9,71.03,-9849.62,5565.4,834.81,207.22
2025-11-01,20089,Vertex Consumer Products (US),1192.5,1024.4,44.8823,41.2452,0.8679,0.859,0.5195,0.5479,16.51,15.06,-4337.24,1180.3,547.56,29.09
2025-12-01,20089,Vertex Consumer Products (US),1884.4,1603.3,44.8823,40.4868,0.8679,0.8509,0.5195,0.4545,28.18,23.58,-8282.88,1847.3,1665.13,-104.21
2026-01-01,20089,Vertex Consumer Products (US),6098.5,5472.0,44.8823,36.3665,0.8679,0.8973,0.5195,0.5077,72.32,80.47,-51933.61,6304.9,-9263.71,-64.57
2026-02-01,20089,Vertex Consumer Products (US),3989.1,3586.0,44.8823,33.6866,0.8679,0.8989,0.5195,0.4953,59.81,52.74,-44660.77,4131.8,-6404.7,-86.78
2026-03-01,20089,Vertex Consumer Products (US),3693.3,3216.5,44.8823,31.8496,0.8679,0.8709,0.5195,0.569,43.75,47.3,-48133.67,3706.1,-574.49,159.22
2026-04-01,20089,Vertex Consumer Products (US),1418.3,1184.1,44.8823,30.496,0.8679,0.8348,0.5195,0.5478,17.11,17.41,-20404.09,1364.3,2423.64,33.51
2026-05-01,20089,Vertex Consumer Products (US),1136.9,965.7,44.8823,29.0634,0.8679,0.8494,0.5195,0.4904,15.76,14.2,-17984.51,1112.7,1086.15,-28.1
2026-06-01,20089,Vertex Consumer Products (US),2745.9,2387.8,44.8823,31.0244,0.8679,0.8696,0.5195,0.4778,25.61,35.11,-38052.41,2751.2,-237.88,-99.57
2023-07-01,20090,Harlow Textile Group,5486.3,5319.3,17.5788,17.4652,0.995,0.9696,0.5434,0.5509,79.3,78.22,-623.24,5346.0,2466.31,39.89
2023-08-01,20090,Harlow Textile Group,6162.0,5567.6,17.5788,18.1894,0.995,0.9035,0.5434,0.55,82.93,81.88,3762.52,5595.6,9956.63,36.75
2023-09-01,20090,Harlow Textile Group,3061.0,2936.6,17.5788,17.869,0.995,0.9594,0.5434,0.6365,43.83,43.18,888.3,2951.4,1926.64,273.4
2023-10-01,20090,Harlow Textile Group,5261.5,5146.3,17.5788,18.1452,0.995,0.9781,0.5434,0.5299,112.05,75.68,2980.11,5172.2,1569.79,-69.48
2023-11-01,20090,Harlow Textile Group,1014.8,996.3,17.5788,18.5214,0.995,0.9818,0.5434,0.5859,24.72,14.65,956.55,1001.3,237.31,42.34
2023-12-01,20090,Harlow Textile Group,5928.2,5889.3,17.5788,18.8521,0.995,0.9934,0.5434,0.5339,97.94,86.61,7548.38,5918.9,163.48,-55.95
2024-01-01,20090,Harlow Textile Group,3002.8,2987.8,17.5788,18.9419,0.995,0.995,0.5434,0.5464,53.9,43.94,4093.12,3002.8,0.0,8.96
2024-03-01,20090,Harlow Textile Group,4022.3,4002.1,17.5788,20.2,0.995,0.995,0.5434,0.5852,46.92,58.86,10543.25,4022.2,1.76,167.29
2024-06-01,20090,Harlow Textile Group,12070.3,12009.9,17.5788,22.5018,0.995,0.995,0.5434,0.557,228.35,176.62,59422.09,12070.3,0.0,163.33
2024-08-01,20090,Harlow Textile Group,5048.0,5022.7,24.04,24.0232,0.995,0.995,0.5434,0.5741,93.97,73.86,-84.81,5047.9,2.4,154.2
2024-09-01,20090,Harlow Textile Group,2879.6,2865.2,24.04,24.1567,0.995,0.995,0.5434,0.4888,33.14,42.14,336.05,2879.6,0.0,-156.44
2024-10-01,20090,Harlow Textile Group,4385.6,4363.7,24.04,21.9468,0.995,0.995,0.5434,0.5811,110.15,64.17,-9179.94,4385.6,0.0,164.51
2024-12-01,20090,Harlow Textile Group,3005.2,2990.1,24.04,21.2633,0.995,0.995,0.5434,0.4942,44.82,43.97,-8344.54,3005.1,2.4,-147.11
2025-03-01,20090,Harlow Textile Group,4637.0,4569.9,24.04,22.242,0.995,0.9855,0.5434,0.5802,105.98,67.2,-8337.33,4592.9,1060.16,168.17
2025-04-01,20090,Harlow Textile Group,9752.6,9553.8,24.04,23.2311,0.995,0.9796,0.5434,0.5505,101.4,140.5,-7888.88,9601.8,3625.23,67.83
2025-06-01,20090,Harlow Textile Group,2175.3,2161.6,24.04,23.1016,0.995,0.9937,0.5434,0.5721,25.08,31.79,-2041.3,2172.5,67.31,62.04
2025-07-01,20090,Harlow Textile Group,2038.6,2028.4,23.0547,22.8826,0.995,0.995,0.5434,0.7104,47.59,29.83,-350.84,2038.6,0.0,338.74
2025-08-01,20090,Harlow Textile Group,1641.4,1633.2,23.0547,22.4926,0.995,0.995,0.5434,0.6044,33.81,24.02,-922.63,1641.4,0.0,99.63
2025-09-01,20090,Harlow Textile Group,4671.5,4538.4,23.0547,24.2002,0.995,0.9715,0.5434,0.6015,70.58,66.74,5351.2,4561.2,2542.93,263.68
2025-10-01,20090,Harlow Textile Group,1639.6,1631.4,23.0547,24.126,0.995,0.995,0.5434,0.6288,17.56,23.99,1756.5,1639.6,0.0,139.32
2025-11-01,20090,Harlow Textile Group,2662.3,2623.6,23.0547,23.7737,0.995,0.9855,0.5434,0.6269,66.15,38.58,1914.19,2636.8,587.89,219.07
2026-02-01,20090,Harlow Textile Group,4946.6,4674.8,23.0547,26.7338,0.995,0.9451,0.5434,0.5586,78.2,68.75,18199.04,4698.3,5724.48,71.06
2026-03-01,20090,Harlow Textile Group,2044.6,1979.7,23.0547,26.9283,0.995,0.9682,0.5434,0.521,45.31,29.11,7919.96,1989.6,1268.01,-44.35
2026-04-01,20090,Harlow Textile Group,996.5,963.6,23.0547,27.727,0.995,0.967,0.5434,0.5415,12.21,14.17,4655.95,968.4,647.84,-1.83
2026-05-01,20090,Harlow Textile Group,7679.2,7336.7,23.0547,27.1686,0.995,0.9554,0.5434,0.6116,127.14,107.89,31591.46,7373.6,7045.52,500.36
2026-06-01,20090,Harlow Textile Group,2420.6,2408.5,23.0547,26.4762,0.995,0.995,0.5434,0.5045,58.41,35.42,8282.08,2420.6,0.0,-93.69
2023-07-01,20091,Cascadia Pet Products,1620.3,1612.2,12.9266,12.9052,0.995,0.995,0.5913,0.5639,21.26,23.71,-34.67,1620.3,0.0,-44.17
2023-08-01,20091,Cascadia Pet Products,2936.9,2922.2,12.9266,12.6593,0.995,0.995,0.5913,0.5697,44.92,42.97,-785.03,2936.9,0.0,-63.12
2023-10-01,20091,Cascadia Pet Products,5299.2,5272.7,12.9266,12.5522,0.995,0.995,0.5913,0.4978,83.51,77.54,-1984.02,5299.2,0.0,-493.0
2023-11-01,20091,Cascadia Pet Products,4303.4,4281.9,12.9266,12.1685,0.995,0.995,0.5913,0.6126,85.32,62.97,-3262.41,4303.4,0.0,91.2
2023-12-01,20091,Cascadia Pet Products,4182.2,4022.6,12.9266,12.2421,0.995,0.9618,0.5913,0.5739,99.43,59.16,-2862.72,4042.8,1801.97,-69.99
2024-01-01,20091,Cascadia Pet Products,5935.5,5809.0,12.9266,12.3058,0.995,0.9787,0.5913,0.6036,144.98,85.43,-3684.76,5838.2,1257.76,71.45
2024-03-01,20091,Cascadia Pet Products,2207.9,2179.6,12.9266,12.2072,0.995,0.9872,0.5913,0.5868,47.07,32.05,-1588.36,2190.6,223.63,-9.81
2024-05-01,20091,Cascadia Pet Products,7618.3,7580.2,12.9266,11.265,0.995,0.995,0.5913,0.5147,101.8,111.47,-12658.57,7618.3,0.0,-580.64
2024-06-01,20091,Cascadia Pet Products,9764.9,9716.0,12.9266,11.1232,0.995,0.995,0.5913,0.5367,204.73,142.88,-17610.02,9764.8,1.29,-530.49
2024-07-01,20091,Cascadia Pet Products,3542.5,3524.8,11.5238,11.4747,0.995,0.995,0.5913,0.6503,52.05,51.83,-173.94,3542.5,0.0,207.96
2024-09-01,20091,Cascadia Pet Products,2232.6,2096.2,11.5238,12.1256,0.995,0.9389,0.5913,0.6197,39.57,30.83,1343.58,2106.7,1450.85,59.53
2024-10-01,20091,Cascadia Pet Products,1003.7,935.7,11.5238,11.6752,0.995,0.9323,0.5913,0.5946,13.56,13.76,151.96,940.4,729.46,3.09
2024-12-01,20091,Cascadia Pet Products,1862.3,1810.1,11.5238,12.3384,0.995,0.972,0.5913,0.6909,19.07,26.62,1517.03,1819.2,496.68,180.29
2025-01-01,20091,Cascadia Pet Products,641.8,625.2,11.5238,12.6953,0.995,0.9742,0.5913,0.5573,7.18,9.19,751.87,628.3,155.57,-21.26
2025-03-01,20091,Cascadia Pet Products,1277.0,1227.7,11.5238,11.4491,0.995,0.9614,0.5913,0.5852,20.87,18.05,-95.39,1233.9,496.68,-7.49
2025-05-01,20091,Cascadia Pet Products,2274.5,2263.1,11.5238,10.4348,0.995,0.995,0.5913,0.6126,32.46,33.28,-2476.93,2274.5,0.0,48.2
2025-06-01,20091,Cascadia Pet Products,4337.2,4315.5,11.5238,10.0546,0.995,0.995,0.5913,0.6282,46.16,63.46,-6372.21,4337.2,0.0,159.24
2025-07-01,20091,Cascadia Pet Products,2323.7,2290.8,9.9891,10.0349,0.995,0.9858,0.5913,0.6803,28.08,33.69,106.43,2302.3,213.77,203.88
2025-08-01,20091,Cascadia Pet Products,3402.3,3385.2,9.9891,9.8143,0.995,0.995,0.5913,0.5822,56.82,49.78,-594.72,3402.2,1.0,-30.81
2025-09-01,20091,Cascadia Pet Products,1670.9,1593.6,9.9891,9.6963,0.995,0.9537,0.5913,0.7168,21.8,23.43,-489.24,1601.6,692.24,200.0
2025-11-01,20091,Cascadia Pet Products,5163.1,5095.1,9.9891,9.8926,0.995,0.9868,0.5913,0.548,69.84,74.93,-498.24,5120.7,423.54,-220.62
2025-12-01,20091,Cascadia Pet Products,3265.7,3249.4,9.9891,10.1143,0.995,0.995,0.5913,0.6359,50.63,47.79,408.87,3265.7,0.0,144.92
2026-01-01,20091,Cascadia Pet Products,4953.3,4928.5,9.9891,10.1171,0.995,0.995,0.5913,0.6198,56.93,72.48,634.02,4953.3,0.0,140.46
2026-02-01,20091,Cascadia Pet Products,1267.2,1260.9,9.9891,10.1231,0.995,0.995,0.5913,0.6621,15.33,18.54,169.8,1267.2,0.0,89.27
2026-03-01,20091,Cascadia Pet Products,3211.9,3195.8,9.9891,9.9199,0.995,0.995,0.5913,0.5797,43.81,47.0,-222.26,3211.9,0.0,-37.07
2026-04-01,20091,Cascadia Pet Products,2884.6,2870.2,9.9891,10.0629,0.995,0.995,0.5913,0.5495,31.21,42.21,212.88,2884.6,0.0,-119.97
2026-05-01,20091,Cascadia Pet Products,3185.2,3169.3,9.9891,9.8072,0.995,0.995,0.5913,0.5975,77.89,46.61,-579.39,3185.2,0.0,19.65
2026-06-01,20091,Cascadia Pet Products,6276.0,6159.1,9.9891,9.9557,0.995,0.9814,0.5913,0.5472,123.07,90.58,-209.62,6190.1,858.06,-271.62
2023-07-01,20092,Cascadia Pet Products,595.6,501.8,15.8869,15.9948,0.8313,0.8425,0.5099,0.5767,9.17,7.38,64.27,603.6,-127.1,33.52
2023-08-01,20092,Cascadia Pet Products,393.6,329.3,15.8869,17.3484,0.8313,0.8365,0.5099,0.5493,7.43,4.84,575.25,396.1,-39.72,12.97
2023-10-01,20092,Cascadia Pet Products,688.5,572.5,15.8869,17.4423,0.8313,0.8315,0.5099,0.5842,8.64,8.42,1070.89,688.7,-3.18,42.54
2023-11-01,20092,Cascadia Pet Products,344.8,283.5,15.8869,17.821,0.8313,0.8222,0.5099,0.4999,6.61,4.17,666.88,341.0,60.37,-2.84
2023-12-01,20092,Cascadia Pet Products,116.0,98.2,15.8869,16.6748,0.8313,0.8466,0.5099,0.5138,1.86,1.44,91.4,118.1,-33.36,0.38
2024-01-01,20092,Cascadia Pet Products,279.9,239.3,15.8869,16.4731,0.8313,0.8548,0.5099,0.5956,4.52,3.52,164.08,287.9,-127.1,20.51
2024-02-01,20092,Cascadia Pet Products,389.0,336.7,15.8869,17.1931,0.8313,0.8654,0.5099,0.5388,4.72,4.95,508.11,405.0,-254.19,9.73
2024-04-01,20092,Cascadia Pet Products,170.6,145.4,15.8869,17.9546,0.8313,0.8523,0.5099,0.5271,1.6,2.14,352.75,174.9,-68.31,2.5
2024-05-01,20092,Cascadia Pet Products,112.5,96.1,15.8869,18.7402,0.8313,0.8541,0.5099,0.5618,1.9,1.41,321.0,115.6,-49.25,4.99
2024-07-01,20092,Cascadia Pet Products,209.8,174.2,20.4017,20.2838,0.8313,0.8306,0.5099,0.4946,3.83,2.56,-24.74,209.6,4.08,-2.67
2024-08-01,20092,Cascadia Pet Products,435.5,349.2,20.4017,20.9951,0.8313,0.802,0.5099,0.5873,5.39,5.14,258.43,420.1,314.19,27.03
2024-09-01,20092,Cascadia Pet Products,307.4,251.5,20.4017,20.959,0.8313,0.8182,0.5099,0.5501,3.51,3.7,171.31,302.5,99.97,10.11
2024-11-01,20092,Cascadia Pet Products,588.4,487.5,20.4017,20.0563,0.8313,0.8285,0.5099,0.4919,10.3,7.17,-203.23,586.4,40.8,-8.78
2024-12-01,20092,Cascadia Pet Products,508.0,437.8,20.4017,19.3589,0.8313,0.8619,0.5099,0.4969,5.5,6.44,-529.74,526.6,-379.47,-5.69
2025-01-01,20092,Cascadia Pet Products,186.6,148.6,20.4017,17.8812,0.8313,0.7963,0.5099,0.55,3.21,2.19,-470.33,178.8,159.13,5.96
2025-02-01,20092,Cascadia Pet Products,407.3,348.2,20.4017,17.9094,0.8313,0.8548,0.5099,0.5615,5.87,5.12,-1015.11,418.9,-236.66,17.97
2025-03-01,20092,Cascadia Pet Products,146.0,123.2,20.4017,17.8571,0.8313,0.8437,0.5099,0.5338,2.41,1.81,-371.51,148.2,-44.88,2.94
2025-04-01,20092,Cascadia Pet Products,406.6,340.4,20.4017,18.802,0.8313,0.8371,0.5099,0.5662,4.92,5.01,-650.44,409.5,-59.16,19.16
2025-05-01,20092,Cascadia Pet Products,174.1,138.0,20.4017,18.4988,0.8313,0.7925,0.5099,0.5426,2.53,2.03,-331.29,166.0,165.25,4.51
2025-07-01,20092,Cascadia Pet Products,119.2,98.8,19.8599,19.9796,0.8313,0.8284,0.5099,0.4485,1.09,1.45,14.27,118.8,7.94,-6.07
2025-08-01,20092,Cascadia Pet Products,918.3,757.6,19.8599,20.4115,0.8313,0.8249,0.5099,0.4719,14.84,11.14,506.53,911.3,139.02,-28.79
2025-09-01,20092,Cascadia Pet Products,1077.7,887.3,19.8599,21.34,0.8313,0.8233,0.5099,0.4968,10.85,13.05,1595.1,1067.4,204.56,-11.62
2025-10-01,20092,Cascadia Pet Products,187.1,155.9,19.8599,21.3729,0.8313,0.8334,0.5099,0.5006,1.8,2.29,283.08,187.5,-7.94,-1.45
2025-11-01,20092,Cascadia Pet Products,452.4,363.6,19.8599,20.8616,0.8313,0.8037,0.5099,0.4508,7.36,5.35,453.17,437.4,297.9,-21.49
2025-12-01,20092,Cascadia Pet Products,318.5,258.6,19.8599,20.0657,0.8313,0.812,0.5099,0.5271,3.08,3.8,65.55,311.1,146.96,4.45
2026-01-01,20092,Cascadia Pet Products,463.2,385.3,19.8599,20.0737,0.8313,0.8317,0.5099,0.5498,5.73,5.67,99.03,463.5,-5.96,15.37
2026-02-01,20092,Cascadia Pet Products,323.5,275.6,19.8599,20.2894,0.8313,0.8517,0.5099,0.5096,5.03,4.05,138.94,331.5,-158.88,-0.08
2026-03-01,20092,Cascadia Pet Products,305.2,248.8,19.8599,20.5855,0.8313,0.8155,0.5099,0.4673,4.52,3.66,221.45,299.3,117.17,-10.6
2026-04-01,20092,Cascadia Pet Products,250.3,201.1,19.8599,20.2401,0.8313,0.8035,0.5099,0.4653,3.03,2.96,95.16,241.9,166.82,-8.97
2026-05-01,20092,Cascadia Pet Products,218.5,180.3,19.8599,19.9719,0.8313,0.8251,0.5099,0.4916,2.38,2.65,24.47,216.9,31.78,-3.3
2026-06-01,20092,Cascadia Pet Products,472.1,405.5,19.8599,19.5471,0.8313,0.859,0.5099,0.4194,8.38,5.96,-147.67,487.8,-311.8,-36.7
2023-07-01,20093,Ningbo Hometech Manufacturing,219.8,198.6,27.1172,26.9843,0.9164,0.9038,0.5177,0.5415,2.18,2.92,-29.21,216.7,84.06,4.73
2023-08-01,20093,Ningbo Hometech Manufacturing,308.0,299.6,27.1172,25.5171,0.9164,0.9726,0.5177,0.5388,3.74,4.41,-492.83,326.9,-512.52,6.32
2023-09-01,20093,Ningbo Hometech Manufacturing,237.9,219.0,27.1172,24.489,0.9164,0.9204,0.5177,0.5476,4.51,3.22,-625.25,239.0,-29.83,6.55
2023-10-01,20093,Ningbo Hometech Manufacturing,411.2,393.0,27.1172,23.6685,0.9164,0.9559,0.5177,0.4843,9.22,5.78,-1418.11,428.9,-479.97,-13.13
2023-11-01,20093,Ningbo Hometech Manufacturing,697.9,660.3,27.1172,23.0265,0.9164,0.9462,0.5177,0.4539,14.52,9.71,-2854.9,720.5,-612.85,-42.13
2024-01-01,20093,Ningbo Hometech Manufacturing,340.2,318.0,27.1172,24.088,0.9164,0.9347,0.5177,0.5195,5.24,4.68,-1030.53,347.0,-184.4,0.57
2024-02-01,20093,Ningbo Hometech Manufacturing,346.4,318.0,27.1172,24.4159,0.9164,0.9181,0.5177,0.534,5.89,4.68,-935.73,347.0,-16.27,5.18
2024-03-01,20093,Ningbo Hometech Manufacturing,319.2,300.2,27.1172,24.4907,0.9164,0.9406,0.5177,0.5233,4.93,4.41,-838.38,327.6,-227.78,1.68
2024-04-01,20093,Ningbo Hometech Manufacturing,578.0,533.7,27.1172,25.0631,0.9164,0.9234,0.5177,0.4946,5.69,7.85,-1187.27,582.4,-119.32,-12.33
2024-06-01,20093,Ningbo Hometech Manufacturing,672.3,629.4,27.1172,25.6075,0.9164,0.9361,0.5177,0.5764,7.58,9.26,-1014.97,686.8,-393.2,36.95
2024-07-01,20093,Ningbo Hometech Manufacturing,164.5,152.1,25.87,25.6437,0.9164,0.9245,0.5177,0.4966,1.6,2.24,-37.23,166.0,-38.8,-3.21
2024-09-01,20093,Ningbo Hometech Manufacturing,153.0,142.6,25.87,27.7271,0.9164,0.932,0.5177,0.5374,2.16,2.1,284.14,155.6,-67.26,2.81
2024-10-01,20093,Ningbo Hometech Manufacturing,432.9,393.0,25.87,26.3696,0.9164,0.908,0.5177,0.4693,4.14,5.78,216.28,428.9,103.48,-19.02
2024-11-01,20093,Ningbo Hometech Manufacturing,482.5,448.1,25.87,25.8378,0.9164,0.9286,0.5177,0.5196,8.22,6.59,-15.54,489.0,-168.16,0.85
2024-12-01,20093,Ningbo Hometech Manufacturing,150.6,132.2,25.87,24.5094,0.9164,0.878,0.5177,0.502,2.5,1.94,-204.91,144.3,162.98,-2.08
2025-01-01,20093,Ningbo Hometech Manufacturing,419.1,388.1,25.87,23.9526,0.9164,0.9262,0.5177,0.5247,4.08,5.71,-803.58,423.5,-113.83,2.72
2025-02-01,20093,Ningbo Hometech Manufacturing,492.3,438.8,25.87,23.4384,0.9164,0.8913,0.5177,0.4661,6.52,6.45,-1197.08,478.8,349.24,-22.64
2025-03-01,20093,Ningbo Hometech Manufacturing,249.1,231.7,25.87,24.9431,0.9164,0.9301,0.5177,0.4917,5.77,3.41,-230.89,252.8,-95.72,-6.02
2025-04-01,20093,Ningbo Hometech Manufacturing,222.4,207.8,25.87,25.7822,0.9164,0.9345,0.5177,0.521,3.17,3.06,-19.53,226.8,-113.83,0.69
2025-05-01,20093,Ningbo Hometech Manufacturing,117.9,109.4,25.87,25.9568,0.9164,0.9279,0.5177,0.594,1.83,1.61,10.23,119.4,-38.8,8.35
2025-06-01,20093,Ningbo Hometech Manufacturing,159.3,144.4,25.87,25.1764,0.9164,0.9063,0.5177,0.469,2.75,2.12,-110.49,157.6,43.98,-7.03
2025-07-01,20093,Ningbo Hometech Manufacturing,449.8,422.0,25.3224,25.3369,0.9164,0.9382,0.5177,0.4496,9.0,6.21,6.52,460.5,-270.95,-28.74
2025-08-01,20093,Ningbo Hometech Manufacturing,207.2,191.8,25.3224,25.0163,0.9164,0.926,0.5177,0.5074,3.0,2.82,-63.42,209.3,-53.18,-1.98
2025-10-01,20093,Ningbo Hometech Manufacturing,226.8,207.5,25.3224,22.6443,0.9164,0.9152,0.5177,0.5553,2.68,3.05,-607.39,226.4,10.13,7.8
2025-11-01,20093,Ningbo Hometech Manufacturing,228.7,213.6,25.3224,23.2583,0.9164,0.9341,0.5177,0.5054,4.69,3.14,-472.06,233.1,-111.42,-2.63
2025-12-01,20093,Ningbo Hometech Manufacturing,586.4,544.6,25.3224,25.0494,0.9164,0.9288,0.5177,0.5185,7.26,8.01,-160.09,594.3,-200.05,0.44
2026-01-01,20093,Ningbo Hometech Manufacturing,603.0,556.1,25.3224,25.6412,0.9164,0.9222,0.5177,0.5508,7.63,8.18,192.24,606.8,-96.23,18.41
2026-02-01,20093,Ningbo Hometech Manufacturing,269.9,253.6,25.3224,26.614,0.9164,0.9398,0.5177,0.5409,2.74,3.73,348.6,276.7,-172.19,5.88
2026-03-01,20093,Ningbo Hometech Manufacturing,100.0,95.1,25.3224,27.4621,0.9164,0.951,0.5177,0.4662,2.28,1.4,213.97,103.8,-96.23,-4.9
2026-05-01,20093,Ningbo Hometech Manufacturing,156.3,148.5,25.3224,30.5441,0.9164,0.9501,0.5177,0.5211,3.83,2.18,816.15,162.0,-144.34,0.5
2026-06-01,20093,Ningbo Hometech Manufacturing,312.2,288.1,25.3224,29.3658,0.9164,0.9229,0.5177,0.5001,3.27,4.24,1262.35,314.4,-55.71,-5.07
2023-07-01,20094,Meridian Private Label,1093.1,1087.6,8.6017,8.6394,0.9642,0.995,0.2006,0.1954,13.51,15.99,41.21,1128.0,-300.2,-5.66
2023-08-01,20094,Meridian Private Label,7114.2,6933.9,8.6017,8.538,0.9642,0.9747,0.2006,0.1973,180.67,101.97,-453.17,7191.4,-664.05,-22.88
2023-09-01,20094,Meridian Private Label,6491.6,6435.4,8.6017,8.2285,0.9642,0.9914,0.2006,0.1965,68.06,94.64,-2422.67,6674.3,-1571.53,-26.39
2023-10-01,20094,Meridian Private Label,4349.6,4327.8,8.6017,8.5027,0.9642,0.995,0.2006,0.1883,70.3,63.64,-430.61,4488.5,-1194.78,-53.23
2023-11-01,20094,Meridian Private Label,1873.0,1863.6,8.6017,8.0732,0.9642,0.995,0.2006,0.1917,19.5,27.41,-989.88,1932.8,-514.38,-16.59
2024-01-01,20094,Meridian Private Label,2819.5,2805.4,8.6017,7.9774,0.9642,0.995,0.2006,0.1928,35.17,41.26,-1760.21,2909.6,-775.01,-21.88
2024-02-01,20094,Meridian Private Label,2699.1,2631.2,8.6017,7.9414,0.9642,0.9748,0.2006,0.195,28.78,38.69,-1782.22,2728.9,-256.33,-14.73
2024-03-01,20094,Meridian Private Label,7792.7,7355.9,8.6017,8.0299,0.9642,0.944,0.2006,0.1891,96.63,108.18,-4455.87,7629.0,1408.1,-84.59
2024-04-01,20094,Meridian Private Label,27031.3,25608.9,8.6017,7.4813,0.9642,0.9474,0.2006,0.1892,349.23,376.6,-30285.87,26559.7,4056.56,-291.94
2024-06-01,20094,Meridian Private Label,2960.0,2788.1,8.6017,7.5705,0.9642,0.9419,0.2006,0.2053,55.84,41.0,-3052.35,2891.6,588.36,13.1
2024-07-01,20094,Meridian Private Label,6752.8,6531.2,7.4292,7.488,0.9642,0.9672,0.2006,0.1854,106.94,96.05,397.06,6773.7,-155.27,-99.27
2024-08-01,20094,Meridian Private Label,4184.8,4092.0,7.4292,7.8584,0.9642,0.9778,0.2006,0.1884,76.91,60.18,1796.12,4243.9,-439.07,-49.92
2024-09-01,20094,Meridian Private Label,2921.7,2907.0,7.4292,8.1126,0.9642,0.995,0.2006,0.1988,42.55,42.75,1996.69,3014.9,-692.4,-5.23
2024-10-01,20094,Meridian Private Label,5391.4,5325.6,7.4292,8.4205,0.9642,0.9878,0.2006,0.1745,81.16,78.32,5344.49,5523.3,-979.91,-139.0
2024-11-01,20094,Meridian Private Label,6108.0,5762.4,7.4292,8.1294,0.9642,0.9434,0.2006,0.2033,99.97,84.74,4276.82,5976.4,977.68,15.56
2024-12-01,20094,Meridian Private Label,4899.1,4646.1,7.4292,8.1843,0.9642,0.9483,0.2006,0.2207,51.93,68.32,3699.31,4818.6,598.05,93.39
2025-01-01,20094,Meridian Private Label,4052.6,3940.9,7.4292,8.1693,0.9642,0.9725,0.2006,0.2192,88.07,57.95,2999.33,4087.2,-257.05,73.3
2025-02-01,20094,Meridian Private Label,3346.6,3152.1,7.4292,7.8332,0.9642,0.9419,0.2006,0.2009,36.38,46.35,1352.03,3269.1,575.76,0.95
2025-03-01,20094,Meridian Private Label,2100.9,1966.0,7.4292,7.4481,0.9642,0.9358,0.2006,0.1916,21.33,28.91,39.71,2039.0,459.87,-17.69
2025-04-01,20094,Meridian Private Label,4594.8,4299.6,7.4292,7.1102,0.9642,0.9358,0.2006,0.207,75.5,63.23,-1465.74,4459.2,1007.4,27.52
2025-05-01,20094,Meridian Private Label,2787.2,2603.5,7.4292,6.7874,0.9642,0.9341,0.2006,0.2216,28.09,38.29,-1788.82,2700.2,646.34,54.67
2025-06-01,20094,Meridian Private Label,2452.0,2352.0,7.4292,7.177,0.9642,0.9592,0.2006,0.2226,50.59,34.59,-618.39,2439.3,94.35,51.74
2025-07-01,20094,Meridian Private Label,4165.9,3969.3,7.3499,7.3663,0.9642,0.9528,0.2006,0.1893,43.38,58.37,68.32,4116.7,361.62,-44.85
2025-09-01,20094,Meridian Private Label,2421.8,2352.5,7.3499,7.1202,0.9642,0.9714,0.2006,0.2113,24.93,34.59,-556.29,2439.8,-132.3,25.17
2025-11-01,20094,Meridian Private Label,2519.4,2506.8,7.3499,7.1831,0.9642,0.995,0.2006,0.2014,38.87,36.86,-420.24,2599.9,-591.67,2.01
2026-01-01,20094,Meridian Private Label,8996.2,8553.8,7.3499,7.5229,0.9642,0.9508,0.2006,0.1736,98.46,125.79,1556.34,8871.4,917.27,-230.95
2026-02-01,20094,Meridian Private Label,2748.8,2613.9,7.3499,7.4294,0.9642,0.9509,0.2006,0.1937,27.64,38.44,218.53,2711.0,277.83,-18.04
2026-03-01,20094,Meridian Private Label,2848.4,2756.1,7.3499,7.3982,0.9642,0.9676,0.2006,0.2084,41.29,40.53,137.58,2858.4,-73.5,21.5
2026-04-01,20094,Meridian Private Label,4514.2,4186.9,7.3499,7.8805,0.9642,0.9275,0.2006,0.1759,97.28,61.57,2395.23,4342.4,1262.71,-103.42
2026-05-01,20094,Meridian Private Label,27037.6,25169.3,7.3499,7.8736,0.9642,0.9309,0.2006,0.1987,273.13,370.14,14159.59,26103.8,6863.34,-47.82
2026-06-01,20094,Meridian Private Label,3031.4,2968.4,7.3499,7.6633,0.9642,0.9792,0.2006,0.1872,51.28,43.65,950.04,3078.6,-346.92,-39.78
2023-08-01,20095,Ashworth Tools & Hardware,600.4,583.9,6.6911,6.8256,0.9704,0.9724,0.5775,0.5717,15.04,8.59,80.75,601.7,-8.7,-3.39
2023-09-01,20095,Ashworth Tools & Hardware,389.8,387.8,6.6911,6.8445,0.9704,0.995,0.5775,0.5948,4.3,5.7,59.8,399.6,-65.57,6.71
2023-10-01,20095,Ashworth Tools & Hardware,112.2,106.9,6.6911,6.7906,0.9704,0.9531,0.5775,0.6068,2.03,1.57,11.16,110.2,13.38,3.13
2023-11-01,20095,Ashworth Tools & Hardware,416.0,400.7,6.6911,6.8825,0.9704,0.9631,0.5775,0.59,5.73,5.89,79.62,412.9,20.74,5.01
2023-12-01,20095,Ashworth Tools & Hardware,463.3,447.3,6.6911,6.8878,0.9704,0.9654,0.5775,0.533,7.16,6.58,91.13,460.9,16.06,-19.9
2024-01-01,20095,Ashworth Tools & Hardware,507.7,478.7,6.6911,6.7473,0.9704,0.9429,0.5775,0.5119,6.97,7.04,28.53,493.3,96.35,-31.4
2024-03-01,20095,Ashworth Tools & Hardware,620.4,589.8,6.6911,6.7823,0.9704,0.9507,0.5775,0.5824,7.32,8.67,56.58,607.8,84.31,2.89
2024-05-01,20095,Ashworth Tools & Hardware,1549.5,1450.2,6.6911,7.0711,0.9704,0.9359,0.5775,0.6734,33.81,21.33,588.81,1494.4,368.68,139.07
2024-06-01,20095,Ashworth Tools & Hardware,496.0,476.7,6.6911,7.2555,0.9704,0.961,0.5775,0.6101,8.88,7.01,279.94,491.2,32.12,15.54
2024-07-01,20095,Ashworth Tools & Hardware,677.1,652.7,7.1939,7.0893,0.9704,0.9638,0.5775,0.569,13.03,9.6,-70.82,672.6,32.37,-5.55
2024-08-01,20095,Ashworth Tools & Hardware,243.0,238.4,7.1939,6.9806,0.9704,0.9813,0.5775,0.5242,4.39,3.51,-51.83,245.7,-19.42,-12.71
2024-09-01,20095,Ashworth Tools & Hardware,1088.8,1083.4,7.1939,7.0676,0.9704,0.995,0.5775,0.6095,12.2,15.93,-137.52,1116.4,-198.55,34.67
2024-10-01,20095,Ashworth Tools & Hardware,243.0,241.7,7.1939,6.9692,0.9704,0.995,0.5775,0.5872,4.64,3.56,-54.6,249.1,-43.88,2.34
2024-11-01,20095,Ashworth Tools & Hardware,1121.3,1096.8,7.1939,7.2246,0.9704,0.9782,0.5775,0.5395,18.56,16.13,34.42,1130.3,-64.75,-41.68
2024-12-01,20095,Ashworth Tools & Hardware,522.9,502.0,7.1939,7.8483,0.9704,0.9601,0.5775,0.6276,7.17,7.38,342.19,517.3,40.29,25.15
2025-01-01,20095,Ashworth Tools & Hardware,282.6,275.6,7.1939,7.976,0.9704,0.9753,0.5775,0.572,5.41,4.05,221.02,284.0,-10.07,-1.52
2025-02-01,20095,Ashworth Tools & Hardware,411.6,409.5,7.1939,8.08,0.9704,0.995,0.5775,0.5241,9.0,6.02,364.72,422.0,-74.82,-21.87
2025-05-01,20095,Ashworth Tools & Hardware,885.5,854.2,7.1939,8.745,0.9704,0.9647,0.5775,0.5011,11.79,12.56,1373.5,880.3,37.41,-65.26
2025-06-01,20095,Ashworth Tools & Hardware,402.8,392.9,7.1939,8.9324,0.9704,0.9755,0.5775,0.465,5.11,5.78,700.27,404.9,-15.11,-44.2
2025-07-01,20095,Ashworth Tools & Hardware,292.6,283.3,8.875,8.9654,0.9704,0.9683,0.5775,0.5796,6.69,4.17,26.45,291.9,6.21,0.59
2025-08-01,20095,Ashworth Tools & Hardware,323.7,313.4,8.875,9.5067,0.9704,0.9681,0.5775,0.6222,7.22,4.61,204.48,323.0,6.21,14.01
2025-11-01,20095,Ashworth Tools & Hardware,296.1,286.1,8.875,10.1627,0.9704,0.9663,0.5775,0.5656,5.66,4.21,381.29,294.8,11.54,-3.4
2026-01-01,20095,Ashworth Tools & Hardware,726.7,723.0,8.875,9.8931,0.9704,0.995,0.5775,0.6067,12.15,10.63,739.85,745.1,-163.3,21.11
2026-02-01,20095,Ashworth Tools & Hardware,1415.2,1397.7,8.875,9.7241,0.9704,0.9877,0.5775,0.5807,32.09,20.55,1201.65,1440.3,-222.76,4.47
2026-03-01,20095,Ashworth Tools & Hardware,609.7,606.7,8.875,9.5015,0.9704,0.995,0.5775,0.6114,11.52,8.92,381.98,625.2,-137.56,20.57
2026-05-01,20095,Ashworth Tools & Hardware,250.3,249.1,8.875,10.5475,0.9704,0.995,0.5775,0.567,3.2,3.66,418.63,256.7,-56.8,-2.62
2026-06-01,20095,Ashworth Tools & Hardware,213.9,208.7,8.875,10.8981,0.9704,0.976,0.5775,0.5923,4.35,3.07,432.74,215.1,-10.65,3.09
2023-07-01,20096,Harlow Textile Group,1280.8,1193.1,3.839,3.8266,0.926,0.9315,0.3951,0.4699,28.27,17.55,-15.88,1288.4,-29.18,89.24
2023-08-01,20096,Harlow Textile Group,798.0,728.1,3.839,3.8105,0.926,0.9124,0.3951,0.3927,7.9,10.71,-22.74,786.3,44.92,-1.75
2023-09-01,20096,Harlow Textile Group,2102.6,1888.6,3.839,3.9004,0.926,0.8982,0.3951,0.4264,37.52,27.77,129.1,2039.5,242.24,59.11
2023-10-01,20096,Harlow Textile Group,1550.5,1346.3,3.839,4.1894,0.926,0.8683,0.3951,0.434,22.11,19.8,543.3,1453.9,370.85,52.37
2023-11-01,20096,Harlow Textile Group,1710.9,1551.2,3.839,4.1938,0.926,0.9066,0.3951,0.4192,21.85,22.81,607.03,1675.2,137.05,37.38
2023-12-01,20096,Harlow Textile Group,562.5,508.6,3.839,4.3615,0.926,0.9041,0.3951,0.4074,8.57,7.48,293.91,549.2,51.06,6.26
2024-05-01,20096,Harlow Textile Group,1182.9,1031.6,3.839,3.9802,0.926,0.8721,0.3951,0.4123,17.39,15.17,167.03,1114.0,264.51,17.74
2024-06-01,20096,Harlow Textile Group,2179.3,2011.0,3.839,3.942,0.926,0.9228,0.3951,0.3974,30.96,29.57,224.47,2171.7,29.18,4.63
2024-07-01,20096,Harlow Textile Group,518.8,480.5,3.8688,3.8932,0.926,0.9262,0.3951,0.3699,10.29,7.07,12.66,518.9,-0.39,-12.11
2024-08-01,20096,Harlow Textile Group,1802.7,1721.5,3.8688,4.1389,0.926,0.955,0.3951,0.3751,20.5,25.32,486.91,1859.1,-218.2,-34.43
2024-09-01,20096,Harlow Textile Group,649.5,626.4,3.8688,4.3056,0.926,0.9644,0.3951,0.3929,8.35,9.21,283.7,676.5,-104.46,-1.38
2024-10-01,20096,Harlow Textile Group,758.8,717.0,3.8688,4.4802,0.926,0.9449,0.3951,0.4408,9.13,10.54,463.93,774.3,-59.97,32.77
2024-11-01,20096,Harlow Textile Group,1550.8,1440.2,3.8688,4.4696,0.926,0.9287,0.3951,0.3599,22.55,21.18,931.72,1555.3,-17.41,-50.7
2024-12-01,20096,Harlow Textile Group,449.8,420.1,3.8688,4.6091,0.926,0.934,0.3951,0.3987,9.21,6.18,332.99,453.7,-15.09,1.51
2025-01-01,20096,Harlow Textile Group,1670.9,1553.9,3.8688,4.4968,0.926,0.93,0.3951,0.3644,32.14,22.85,1049.33,1678.1,-27.86,-47.7
2025-02-01,20096,Harlow Textile Group,643.1,575.6,3.8688,4.2947,0.926,0.8951,0.3951,0.4475,7.31,8.47,273.9,621.6,83.18,30.16
2025-03-01,20096,Harlow Textile Group,759.9,708.3,3.8688,4.1526,0.926,0.9321,0.3951,0.3477,16.69,10.42,215.66,764.9,-19.34,-33.57
2025-05-01,20096,Harlow Textile Group,1801.3,1638.1,3.8688,3.9666,0.926,0.9094,0.3951,0.3859,17.46,24.09,176.17,1769.0,124.96,-15.07
2025-07-01,20096,Harlow Textile Group,2120.7,2010.0,4.1292,4.1912,0.926,0.9478,0.3951,0.3838,52.74,29.56,131.48,2170.6,-206.05,-22.71
2025-09-01,20096,Harlow Textile Group,284.3,257.1,4.1292,4.4181,0.926,0.9044,0.3951,0.3906,2.69,3.78,82.13,277.6,27.67,-1.16
2025-11-01,20096,Harlow Textile Group,1109.0,1032.1,4.1292,4.4542,0.926,0.9307,0.3951,0.3177,17.28,15.18,360.43,1114.6,-23.12,-79.88
2025-12-01,20096,Harlow Textile Group,992.0,929.0,4.1292,4.739,0.926,0.9365,0.3951,0.4322,16.42,13.66,604.92,1003.2,-46.25,34.47
2026-01-01,20096,Harlow Textile Group,1638.2,1540.3,4.1292,4.7449,0.926,0.9402,0.3951,0.4163,19.15,22.65,1008.64,1663.4,-104.06,32.65
2026-02-01,20096,Harlow Textile Group,1180.3,1107.5,4.1292,4.6947,0.926,0.9384,0.3951,0.4362,17.5,16.29,667.46,1196.0,-64.83,45.52
2026-03-01,20096,Harlow Textile Group,526.9,498.3,4.1292,4.7435,0.926,0.9457,0.3951,0.4116,6.66,7.33,323.67,538.1,-46.25,8.22
2026-04-01,20096,Harlow Textile Group,244.3,237.1,4.1292,4.8313,0.926,0.9702,0.3951,0.3719,4.02,3.49,171.52,256.0,-48.31,-5.5
2026-05-01,20096,Harlow Textile Group,788.3,756.4,4.1292,4.9655,0.926,0.9596,0.3951,0.3719,13.79,11.12,659.26,816.8,-117.68,-17.55
2026-06-01,20096,Harlow Textile Group,347.2,333.5,4.1292,4.9977,0.926,0.9606,0.3951,0.4023,5.21,4.9,301.54,360.2,-53.68,2.4
2023-07-01,20097,Silverline Personal Care,1768.4,1599.0,32.4868,32.3176,0.917,0.9042,0.1329,0.1187,34.19,23.51,-299.21,1743.7,802.42,-22.71
2023-08-01,20097,Silverline Personal Care,1523.0,1359.8,32.4868,33.1354,0.917,0.8928,0.1329,0.1166,25.55,20.0,987.82,1482.9,1302.72,-22.16
2023-09-01,20097,Silverline Personal Care,1412.1,1251.6,32.4868,34.4175,0.917,0.8864,0.1329,0.1301,22.06,18.41,2726.34,1364.9,1533.38,-3.5
2023-10-01,20097,Silverline Personal Care,1185.0,1093.7,32.4868,34.2282,0.917,0.9229,0.1329,0.1469,14.89,16.08,2063.56,1192.7,-250.15,15.31
2023-11-01,20097,Silverline Personal Care,1894.8,1751.2,32.4868,36.324,0.917,0.9242,0.1329,0.1366,23.07,25.75,7270.73,1909.7,-484.05,6.48
2024-01-01,20097,Silverline Personal Care,944.6,879.0,32.4868,35.998,0.917,0.9305,0.1329,0.1251,9.22,12.93,3316.68,958.6,-454.82,-6.86
2024-02-01,20097,Silverline Personal Care,1716.0,1537.3,32.4868,34.4688,0.917,0.8959,0.1329,0.1529,21.3,22.61,3401.11,1676.4,1286.48,30.75
2024-03-01,20097,Silverline Personal Care,340.7,314.2,32.4868,33.0703,0.917,0.9223,0.1329,0.1382,5.58,4.62,198.8,342.6,-61.72,1.67
2024-04-01,20097,Silverline Personal Care,925.0,816.0,32.4868,32.9099,0.917,0.8822,0.1329,0.1399,10.38,12.0,391.37,889.9,1140.29,5.71
2024-06-01,20097,Silverline Personal Care,1387.2,1281.4,32.4868,30.6254,0.917,0.9238,0.1329,0.1091,13.8,18.84,-2582.13,1397.4,-331.37,-30.5
2024-09-01,20097,Silverline Personal Care,1248.2,1158.6,31.494,31.3018,0.917,0.9282,0.1329,0.1131,18.8,17.04,-239.9,1263.5,-481.86,-22.94
2024-10-01,20097,Silverline Personal Care,1900.4,1764.3,31.494,30.3059,0.917,0.9284,0.1329,0.1174,30.29,25.95,-2257.87,1924.0,-743.26,-27.35
2024-11-01,20097,Silverline Personal Care,610.4,580.9,31.494,31.7948,0.917,0.9516,0.1329,0.1462,8.25,8.54,183.61,633.5,-727.51,7.73
2025-02-01,20097,Silverline Personal Care,854.4,779.2,31.494,31.9922,0.917,0.9119,0.1329,0.135,13.26,11.46,425.66,849.7,148.02,1.64
2025-03-01,20097,Silverline Personal Care,2733.7,2485.2,31.494,31.3358,0.917,0.9091,0.1329,0.1031,28.49,36.55,-432.47,2710.1,743.26,-74.06
2025-05-01,20097,Silverline Personal Care,2552.6,2391.0,31.494,29.8837,0.917,0.9367,0.1329,0.1465,33.46,35.16,-4110.45,2607.4,-1725.87,32.52
2025-06-01,20097,Silverline Personal Care,1297.6,1159.9,31.494,30.2726,0.917,0.8939,0.1329,0.1513,15.15,17.06,-1584.89,1264.9,1029.85,21.34
2025-07-01,20097,Silverline Personal Care,574.3,524.6,30.6528,30.624,0.917,0.9134,0.1329,0.1416,6.53,7.71,-16.54,572.1,67.44,4.56
2025-09-01,20097,Silverline Personal Care,686.2,603.9,30.6528,31.427,0.917,0.88,0.1329,0.1256,8.2,8.88,531.26,658.6,846.02,-4.41
2025-10-01,20097,Silverline Personal Care,1989.5,1767.2,30.6528,31.4086,0.917,0.8883,0.1329,0.1425,23.77,25.99,1503.66,1927.2,1909.67,16.97
2025-12-01,20097,Silverline Personal Care,901.9,822.6,30.6528,31.2721,0.917,0.9121,0.1329,0.1558,12.18,12.1,558.55,897.1,147.13,18.84
2026-01-01,20097,Silverline Personal Care,1296.9,1133.0,30.6528,28.8857,0.917,0.8737,0.1329,0.155,11.83,16.66,-2291.75,1235.6,1879.02,25.04
2026-02-01,20097,Silverline Personal Care,2979.6,2806.1,30.6528,27.7362,0.917,0.9418,0.1329,0.1289,36.17,41.27,-8690.3,3060.1,-2467.55,-11.22
2026-03-01,20097,Silverline Personal Care,2118.1,2036.0,30.6528,26.4044,0.917,0.9613,0.1329,0.1323,25.93,29.94,-8998.54,2220.3,-3132.72,-1.22
2026-04-01,20097,Silverline Personal Care,2099.1,2024.9,30.6528,25.2143,0.917,0.9646,0.1329,0.1488,41.25,29.78,-11415.96,2208.2,-3344.22,32.2
2026-05-01,20097,Silverline Personal Care,1267.2,1222.3,30.6528,26.1408,0.917,0.9646,0.1329,0.1441,17.61,17.98,-5717.61,1332.9,-2013.89,13.69
2026-06-01,20097,Silverline Personal Care,542.9,521.4,30.6528,27.8398,0.917,0.9604,0.1329,0.1243,12.71,7.67,-1527.18,568.6,-787.78,-4.48
2023-07-01,20098,Harlow Textile Group,348.7,340.2,11.4091,11.5139,0.9519,0.9756,0.06,0.061,3.89,5.0,36.54,357.4,-99.26,0.34
2023-08-01,20098,Harlow Textile Group,281.4,260.5,11.4091,11.5985,0.9519,0.9255,0.06,0.0689,5.16,3.83,53.3,273.7,87.85,2.32
2023-09-01,20098,Harlow Textile Group,570.0,539.3,11.4091,12.2299,0.9519,0.9462,0.06,0.063,6.76,7.93,467.86,566.6,38.79,1.62
2023-11-01,20098,Harlow Textile Group,317.7,293.0,11.4091,12.991,0.9519,0.9224,0.06,0.0574,7.26,4.31,502.57,307.8,112.95,-0.76
2023-12-01,20098,Harlow Textile Group,244.0,232.8,11.4091,12.2012,0.9519,0.954,0.06,0.0631,3.36,3.42,193.27,244.6,-6.85,0.72
2024-01-01,20098,Harlow Textile Group,851.7,780.4,11.4091,12.1487,0.9519,0.9163,0.06,0.0668,11.22,11.48,629.92,819.8,363.95,5.31
2024-04-01,20098,Harlow Textile Group,1350.0,1297.0,11.4091,11.2136,0.9519,0.9607,0.06,0.0568,30.61,19.07,-263.93,1362.5,-142.61,-4.15
2024-05-01,20098,Harlow Textile Group,219.2,211.5,11.4091,10.9303,0.9519,0.9647,0.06,0.0596,5.35,3.11,-104.95,222.2,-34.23,-0.08
2024-07-01,20098,Harlow Textile Group,1519.3,1404.9,11.0269,11.0986,0.9519,0.9247,0.06,0.0644,23.13,20.66,108.93,1475.9,478.57,6.18
2024-08-01,20098,Harlow Textile Group,174.4,169.2,11.0269,11.3138,0.9519,0.9702,0.06,0.0632,3.01,2.49,50.04,177.7,-36.39,0.54
2024-09-01,20098,Harlow Textile Group,281.3,272.5,11.0269,11.813,0.9519,0.9687,0.06,0.0626,6.6,4.01,221.13,286.3,-55.13,0.71
2024-10-01,20098,Harlow Textile Group,905.9,826.0,11.0269,11.9741,0.9519,0.9118,0.06,0.0623,10.1,12.15,858.07,867.7,421.23,1.9
2024-12-01,20098,Harlow Textile Group,718.7,683.1,11.0269,12.2461,0.9519,0.9504,0.06,0.0588,13.11,10.04,876.24,717.6,12.13,-0.82
2025-01-01,20098,Harlow Textile Group,368.9,344.9,11.0269,12.1867,0.9519,0.935,0.06,0.065,5.07,5.07,427.85,362.3,72.78,1.72
2025-02-01,20098,Harlow Textile Group,502.3,471.9,11.0269,12.0795,0.9519,0.9395,0.06,0.0595,11.39,6.94,528.72,495.7,72.78,-0.24
2025-03-01,20098,Harlow Textile Group,544.6,525.6,11.0269,12.0871,0.9519,0.965,0.06,0.0591,8.12,7.73,577.38,552.2,-83.8,-0.47
2025-04-01,20098,Harlow Textile Group,439.6,411.4,11.0269,11.3226,0.9519,0.9359,0.06,0.0499,8.91,6.05,129.99,432.2,81.6,-4.16
2025-05-01,20098,Harlow Textile Group,899.4,857.8,11.0269,11.382,0.9519,0.9537,0.06,0.0622,17.45,12.61,319.38,901.1,-18.75,1.89
2025-06-01,20098,Harlow Textile Group,542.8,512.5,11.0269,11.8709,0.9519,0.9441,0.06,0.0588,5.43,7.54,458.12,538.4,48.52,-0.61
2025-07-01,20098,Harlow Textile Group,350.8,325.7,12.2946,12.3301,0.9519,0.9284,0.06,0.0629,6.72,4.79,12.45,342.2,105.73,0.94
2025-09-01,20098,Harlow Textile Group,370.2,336.5,12.2946,11.6436,0.9519,0.9088,0.06,0.0667,6.43,4.95,-241.0,353.5,205.32,2.25
2025-10-01,20098,Harlow Textile Group,691.9,666.2,12.2946,11.6494,0.9519,0.9628,0.06,0.0541,6.96,9.8,-446.41,699.9,-98.36,-3.93
2025-11-01,20098,Harlow Textile Group,443.7,424.9,12.2946,12.0104,0.9519,0.9577,0.06,0.058,8.52,6.25,-126.1,446.4,-33.2,-0.85
2025-12-01,20098,Harlow Textile Group,962.2,918.0,12.2946,12.3549,0.9519,0.954,0.06,0.0587,9.76,13.5,58.02,964.4,-27.05,-1.19
2026-01-01,20098,Harlow Textile Group,305.7,295.8,12.2946,12.1613,0.9519,0.9674,0.06,0.0592,3.21,4.35,-40.75,310.7,-61.47,-0.24
2026-02-01,20098,Harlow Textile Group,365.2,340.1,12.2946,11.9324,0.9519,0.9312,0.06,0.0477,4.77,5.0,-132.28,357.3,97.13,-4.18
2026-03-01,20098,Harlow Textile Group,348.9,321.7,12.2946,11.4763,0.9519,0.9219,0.06,0.0589,3.52,4.73,-285.5,338.0,134.01,-0.35
2026-04-01,20098,Harlow Textile Group,203.0,191.1,12.2946,11.7623,0.9519,0.9413,0.06,0.0703,3.19,2.81,-108.06,200.8,27.05,1.97
2026-05-01,20098,Harlow Textile Group,483.2,451.1,12.2946,11.4165,0.9519,0.9335,0.06,0.0668,8.89,6.63,-424.3,473.9,114.34,3.07
2026-06-01,20098,Harlow Textile Group,1167.1,1099.0,12.2946,11.3243,0.9519,0.9416,0.06,0.0604,12.92,16.16,-1132.44,1154.5,154.91,0.44
2023-07-01,20099,Harlow Textile Group,120.7,101.3,34.4067,33.9993,0.8418,0.839,0.4402,0.4293,2.55,1.49,-49.17,120.3,13.76,-1.1
2023-09-01,20099,Harlow Textile Group,155.9,137.3,34.4067,35.6998,0.8418,0.881,0.4402,0.3765,1.87,2.02,201.59,163.1,-247.73,-8.75
2023-10-01,20099,Harlow Textile Group,125.8,106.2,34.4067,33.7686,0.8418,0.8441,0.4402,0.4863,1.31,1.56,-80.27,126.2,-13.76,4.9
2023-11-01,20099,Harlow Textile Group,191.1,164.8,34.4067,32.8929,0.8418,0.8624,0.4402,0.5174,3.3,2.42,-289.29,195.8,-161.71,12.72
2023-12-01,20099,Harlow Textile Group,168.4,146.0,34.4067,31.5025,0.8418,0.867,0.4402,0.4712,2.74,2.15,-489.07,173.4,-172.03,4.53
2024-03-01,20099,Harlow Textile Group,384.4,326.7,34.4067,28.7479,0.8418,0.8499,0.4402,0.4427,4.28,4.8,-2175.24,388.1,-127.3,0.82
2024-05-01,20099,Harlow Textile Group,80.1,69.8,34.4067,28.543,0.8418,0.8716,0.4402,0.4956,1.69,1.03,-469.68,82.9,-96.34,3.87
2024-06-01,20099,Harlow Textile Group,73.9,61.0,34.4067,27.3115,0.8418,0.8261,0.4402,0.4228,1.07,0.9,-524.34,72.5,48.17,-1.06
2024-07-01,20099,Harlow Textile Group,66.3,54.1,28.2347,27.981,0.8418,0.8152,0.4402,0.39,0.64,0.8,-16.82,64.3,56.47,-2.72
2024-08-01,20099,Harlow Textile Group,147.2,121.9,28.2347,27.9856,0.8418,0.8278,0.4402,0.3774,2.93,1.79,-36.67,144.8,67.76,-7.66
2024-10-01,20099,Harlow Textile Group,59.4,50.0,28.2347,29.5946,0.8418,0.8411,0.4402,0.4835,0.71,0.74,80.78,59.4,0.0,2.16
2024-11-01,20099,Harlow Textile Group,60.9,50.0,28.2347,30.5109,0.8418,0.821,0.4402,0.3965,0.79,0.74,138.62,59.4,42.35,-2.18
2024-12-01,20099,Harlow Textile Group,102.5,85.5,28.2347,31.3238,0.8418,0.8341,0.4402,0.4078,1.08,1.26,316.63,101.6,25.41,-2.77
2025-01-01,20099,Harlow Textile Group,71.8,59.8,28.2347,30.661,0.8418,0.8324,0.4402,0.523,0.72,0.88,174.21,71.0,22.59,4.95
2025-03-01,20099,Harlow Textile Group,177.3,146.5,28.2347,30.2937,0.8418,0.8263,0.4402,0.46,2.51,2.15,365.06,174.0,93.17,2.9
2025-04-01,20099,Harlow Textile Group,354.7,283.4,28.2347,31.3317,0.8418,0.7989,0.4402,0.4684,5.63,4.17,1098.51,336.7,508.22,7.99
2025-05-01,20099,Harlow Textile Group,233.3,202.6,28.2347,30.1848,0.8418,0.8683,0.4402,0.406,5.0,2.98,454.96,240.7,-208.94,-6.93
2025-07-01,20099,Harlow Textile Group,97.7,83.0,32.511,32.2137,0.8418,0.8492,0.4402,0.4131,1.2,1.22,-29.05,98.6,-29.26,-2.25
2025-08-01,20099,Harlow Textile Group,58.9,50.1,32.511,33.5691,0.8418,0.8513,0.4402,0.5178,1.27,0.74,62.32,59.5,-19.51,3.89
2025-09-01,20099,Harlow Textile Group,58.0,50.0,32.511,31.9852,0.8418,0.8627,0.4402,0.4719,0.54,0.74,-30.5,59.4,-45.52,1.59
2025-10-01,20099,Harlow Textile Group,103.4,90.5,32.511,30.6798,0.8418,0.8749,0.4402,0.4074,1.31,1.33,-189.35,107.5,-133.3,-2.97
2025-11-01,20099,Harlow Textile Group,60.3,54.3,32.511,30.7588,0.8418,0.9003,0.4402,0.4541,1.32,0.8,-105.66,64.5,-136.55,0.75
2025-12-01,20099,Harlow Textile Group,117.8,101.2,32.511,31.16,0.8418,0.8593,0.4402,0.3871,1.56,1.49,-159.15,120.2,-78.03,-5.37
2026-01-01,20099,Harlow Textile Group,136.7,116.8,32.511,29.71,0.8418,0.854,0.4402,0.431,2.17,1.72,-382.9,138.8,-68.27,-1.07
2026-02-01,20099,Harlow Textile Group,64.4,53.4,32.511,28.8585,0.8418,0.8291,0.4402,0.4534,0.8,0.78,-235.22,63.4,32.51,0.7
2026-03-01,20099,Harlow Textile Group,60.2,50.0,32.511,27.4689,0.8418,0.8305,0.4402,0.4403,0.53,0.74,-303.53,59.4,26.01,0.01
2026-04-01,20099,Harlow Textile Group,66.4,57.8,32.511,26.1834,0.8418,0.8709,0.4402,0.4906,1.42,0.85,-420.15,68.7,-74.78,2.91
2026-06-01,20099,Harlow Textile Group,73.2,63.1,32.511,25.2888,0.8418,0.861,0.4402,0.437,0.81,0.93,-528.67,75.0,-58.52,-0.2
2023-07-01,20100,Meridian Private Label,2420.9,2163.8,15.1531,15.3645,0.8807,0.8938,0.3857,0.3855,27.62,31.82,511.78,2456.9,-545.51,-0.43
2023-08-01,20100,Meridian Private Label,1051.9,907.1,15.1531,14.9993,0.8807,0.8623,0.3857,0.3918,19.7,13.34,-161.78,1030.0,331.85,5.53
2023-09-01,20100,Meridian Private Label,4719.8,4193.2,15.1531,15.1078,0.8807,0.8884,0.3857,0.42,84.82,61.67,-213.81,4761.2,-627.34,143.83
2023-10-01,20100,Meridian Private Label,1513.5,1370.0,15.1531,15.1173,0.8807,0.9052,0.3857,0.3486,28.23,20.15,-54.18,1555.6,-637.95,-50.83
2023-11-01,20100,Meridian Private Label,2208.5,1986.8,15.1531,15.373,0.8807,0.8996,0.3857,0.4155,25.56,29.22,485.65,2255.9,-718.26,59.21
2023-12-01,20100,Meridian Private Label,2180.4,1953.9,15.1531,14.7028,0.8807,0.8961,0.3857,0.4002,21.24,28.73,-981.83,2218.6,-578.85,28.33
2024-02-01,20100,Meridian Private Label,1747.2,1538.4,15.1531,14.0994,0.8807,0.8805,0.3857,0.3551,16.84,22.62,-1841.02,1746.8,6.06,-47.08
2024-03-01,20100,Meridian Private Label,4462.9,3935.2,15.1531,14.2462,0.8807,0.8818,0.3857,0.3625,66.5,57.87,-4047.4,4468.3,-81.83,-91.3
2024-04-01,20100,Meridian Private Label,755.5,651.7,15.1531,14.3014,0.8807,0.8626,0.3857,0.344,11.62,9.58,-643.46,740.0,234.87,-27.18
2024-05-01,20100,Meridian Private Label,1301.2,1131.6,15.1531,14.596,0.8807,0.8697,0.3857,0.3697,22.17,16.64,-724.9,1284.9,247.0,-18.11
2024-07-01,20100,Meridian Private Label,2339.3,2047.9,13.9929,13.9138,0.8807,0.8754,0.3857,0.3675,44.12,30.12,-185.04,2325.3,195.9,-37.27
2024-08-01,20100,Meridian Private Label,1975.0,1714.7,13.9929,14.2904,0.8807,0.8682,0.3857,0.4006,33.52,25.22,587.56,1947.0,391.8,25.55
2024-09-01,20100,Meridian Private Label,3370.3,2972.0,13.9929,14.0252,0.8807,0.8818,0.3857,0.3979,34.23,43.71,108.86,3374.6,-60.17,36.26
2024-10-01,20100,Meridian Private Label,1933.2,1681.6,13.9929,14.1957,0.8807,0.8699,0.3857,0.3668,20.58,24.73,392.05,1909.4,333.03,-31.78
2024-12-01,20100,Meridian Private Label,2525.6,2139.3,13.9929,14.4999,0.8807,0.8471,0.3857,0.428,29.9,31.46,1280.48,2429.1,1350.31,90.49
2025-01-01,20100,Meridian Private Label,4076.6,3525.8,13.9929,14.5631,0.8807,0.8649,0.3857,0.4561,69.07,51.85,2324.48,4003.4,1024.28,248.22
2025-02-01,20100,Meridian Private Label,3711.6,3212.0,13.9929,14.104,0.8807,0.8654,0.3857,0.3987,53.46,47.24,412.36,3647.1,902.54,41.76
2025-03-01,20100,Meridian Private Label,6042.1,5266.0,13.9929,13.9694,0.8807,0.8716,0.3857,0.3524,84.42,77.44,-141.99,5979.3,878.75,-175.36
2025-04-01,20100,Meridian Private Label,2558.3,2165.3,13.9929,13.7348,0.8807,0.8464,0.3857,0.4451,37.5,31.84,-660.3,2458.6,1395.09,128.62
2025-06-01,20100,Meridian Private Label,2146.5,1891.8,13.9929,13.6656,0.8807,0.8813,0.3857,0.3872,45.85,27.82,-702.55,2148.1,-22.39,2.84
2025-07-01,20100,Meridian Private Label,950.6,840.2,14.2891,14.1995,0.8807,0.8838,0.3857,0.3936,13.35,12.36,-85.17,954.0,-48.58,6.64
2025-08-01,20100,Meridian Private Label,2221.3,1937.6,14.2891,14.645,0.8807,0.8723,0.3857,0.3745,27.77,28.49,790.56,2200.1,302.93,-21.7
2025-09-01,20100,Meridian Private Label,1656.4,1493.6,14.2891,14.0836,0.8807,0.9017,0.3857,0.4043,25.83,21.97,-340.39,1695.9,-564.42,27.78
2025-10-01,20100,Meridian Private Label,1915.8,1647.5,14.2891,14.3098,0.8807,0.86,0.3857,0.441,31.91,24.23,39.66,1870.7,644.44,91.11
2025-11-01,20100,Meridian Private Label,4475.5,3929.1,14.2891,13.3824,0.8807,0.8779,0.3857,0.3686,47.78,57.78,-4057.94,4461.3,202.91,-67.19
2025-12-01,20100,Meridian Private Label,2586.5,2309.9,14.2891,13.1496,0.8807,0.8931,0.3857,0.3595,35.64,33.97,-2947.32,2622.8,-518.69,-60.52
2026-01-01,20100,Meridian Private Label,3246.2,2850.4,14.2891,12.4681,0.8807,0.8781,0.3857,0.3728,35.0,41.92,-5911.33,3236.5,138.6,-36.77
2026-02-01,20100,Meridian Private Label,1660.4,1428.7,14.2891,11.503,0.8807,0.8605,0.3857,0.3888,15.1,21.01,-4626.04,1622.2,545.84,4.43
2026-04-01,20100,Meridian Private Label,2169.7,1842.5,14.2891,11.0515,0.8807,0.8492,0.3857,0.5071,23.39,27.1,-7024.62,2092.1,1108.83,223.68
2026-05-01,20100,Meridian Private Label,1091.6,934.7,14.2891,11.1042,0.8807,0.8563,0.3857,0.4246,10.64,13.75,-3476.64,1061.3,432.96,36.36
2026-06-01,20100,Meridian Private Label,2716.1,2361.8,14.2891,11.808,0.8807,0.8695,0.3857,0.3522,32.76,34.73,-6738.92,2681.7,491.55,-79.12
2023-08-01,20101,Harlow Textile Group,3374.2,3029.2,6.5264,6.3209,0.9579,0.8977,0.3574,0.2868,44.62,44.55,-693.4,3162.3,1382.94,-213.86
2023-09-01,20101,Harlow Textile Group,1219.2,1122.2,6.5264,6.1041,0.9579,0.9204,0.3574,0.3575,17.5,16.5,-514.87,1171.5,311.31,0.11
2023-10-01,20101,Harlow Textile Group,2237.9,2110.0,6.5264,6.1804,0.9579,0.9428,0.3574,0.317,25.3,31.03,-774.31,2202.7,229.73,-85.24
2023-11-01,20101,Harlow Textile Group,598.4,565.8,6.5264,6.401,0.9579,0.9455,0.3574,0.3191,9.25,8.32,-75.04,590.7,50.25,-21.67
2023-12-01,20101,Harlow Textile Group,1324.8,1296.1,6.5264,6.5555,0.9579,0.9783,0.3574,0.37,24.54,19.06,38.55,1353.1,-184.7,16.33
2024-01-01,20101,Harlow Textile Group,714.6,704.0,6.5264,6.8152,0.9579,0.9852,0.3574,0.3908,7.71,10.35,206.38,734.9,-132.49,23.51
2024-03-01,20101,Harlow Textile Group,1655.2,1583.6,6.5264,6.8571,0.9579,0.9567,0.3574,0.3216,29.11,23.29,547.37,1653.2,13.05,-56.69
2024-04-01,20101,Harlow Textile Group,545.8,530.2,6.5264,6.758,0.9579,0.9714,0.3574,0.3792,7.1,7.8,126.41,553.5,-50.25,11.56
2024-05-01,20101,Harlow Textile Group,3334.9,3115.2,6.5264,6.9423,0.9579,0.9341,0.3574,0.3781,37.86,45.81,1386.98,3252.1,540.39,64.48
2024-06-01,20101,Harlow Textile Group,3368.3,3303.6,6.5264,6.7687,0.9579,0.9808,0.3574,0.2936,44.12,48.58,816.14,3448.8,-525.38,-210.77
2024-07-01,20101,Harlow Textile Group,1760.1,1751.3,6.6808,6.7337,0.9579,0.995,0.3574,0.3702,19.73,25.75,93.11,1828.3,-455.63,22.42
2024-08-01,20101,Harlow Textile Group,637.4,633.7,6.6808,7.2526,0.9579,0.9941,0.3574,0.3173,10.58,9.32,364.47,661.6,-161.68,-25.41
2024-09-01,20101,Harlow Textile Group,1060.2,1025.4,6.6808,7.3097,0.9579,0.9672,0.3574,0.3838,22.05,15.08,666.76,1070.5,-68.81,27.07
2024-10-01,20101,Harlow Textile Group,1037.5,1009.9,6.6808,7.4736,0.9579,0.9734,0.3574,0.3284,11.42,14.85,822.53,1054.3,-112.24,-29.29
2024-11-01,20101,Harlow Textile Group,6827.1,6601.7,6.6808,7.2997,0.9579,0.967,0.3574,0.3229,91.22,97.08,4225.29,6891.8,-432.25,-227.76
2024-12-01,20101,Harlow Textile Group,2262.7,2057.8,6.6808,7.6384,0.9579,0.9094,0.3574,0.3794,23.96,30.26,2166.76,2148.2,764.95,45.27
2025-01-01,20101,Harlow Textile Group,2549.7,2405.3,6.6808,7.6492,0.9579,0.9434,0.3574,0.3587,27.33,35.37,2469.13,2511.0,258.55,3.13
2025-02-01,20101,Harlow Textile Group,1300.1,1260.4,6.6808,7.815,0.9579,0.9695,0.3574,0.433,13.94,18.54,1474.57,1315.8,-104.89,95.29
2025-03-01,20101,Harlow Textile Group,762.0,721.9,6.6808,7.7115,0.9579,0.9475,0.3574,0.3971,13.77,10.62,785.39,753.6,56.12,28.66
2025-05-01,20101,Harlow Textile Group,3849.6,3596.8,6.6808,7.2478,0.9579,0.9343,0.3574,0.3622,64.93,52.89,2182.72,3754.9,632.67,17.26
2025-06-01,20101,Harlow Textile Group,1478.6,1371.1,6.6808,7.4752,0.9579,0.9273,0.3574,0.3272,29.17,20.16,1174.6,1431.4,315.33,-41.41
2025-09-01,20101,Harlow Textile Group,1907.9,1852.2,7.5216,7.4098,0.9579,0.9708,0.3574,0.4076,36.0,27.24,-213.3,1933.6,-193.31,92.98
2025-10-01,20101,Harlow Textile Group,2030.5,1968.5,7.5216,7.4239,0.9579,0.9695,0.3574,0.3912,23.19,28.95,-198.38,2055.0,-184.28,66.54
2026-01-01,20101,Harlow Textile Group,684.9,658.3,7.5216,7.51,0.9579,0.9611,0.3574,0.3613,8.72,9.68,-7.94,687.2,-17.3,2.57
2026-02-01,20101,Harlow Textile Group,1452.0,1387.3,7.5216,7.5066,0.9579,0.9555,0.3574,0.3845,23.45,20.4,-21.78,1448.3,27.83,37.6
2026-03-01,20101,Harlow Textile Group,559.6,533.5,7.5216,7.4296,0.9579,0.9533,0.3574,0.3882,7.78,7.85,-51.48,556.9,20.31,16.43
2026-04-01,20101,Harlow Textile Group,4900.6,4707.0,7.5216,7.278,0.9579,0.9605,0.3574,0.3718,104.33,69.22,-1193.79,4913.9,-100.04,67.78
2026-05-01,20101,Harlow Textile Group,1270.3,1234.2,7.5216,7.1886,0.9579,0.9716,0.3574,0.381,16.51,18.15,-423.01,1288.4,-136.14,29.13
2026-06-01,20101,Harlow Textile Group,1836.1,1683.2,7.5216,7.1607,0.9579,0.9167,0.3574,0.4079,25.36,24.75,-662.65,1757.2,593.45,85.0
2023-07-01,20102,Meridian Private Label,1380.9,1336.0,31.8603,32.162,0.9772,0.9675,0.5012,0.5012,30.61,19.65,416.62,1367.2,436.49,0.0
2023-08-01,20102,Meridian Private Label,761.7,749.8,31.8603,31.625,0.9772,0.9843,0.5012,0.4683,8.71,11.03,-179.23,767.3,-178.42,-24.67
2023-10-01,20102,Meridian Private Label,822.8,800.1,31.8603,29.7429,0.9772,0.9724,0.5012,0.5617,9.03,11.77,-1742.2,818.8,127.44,48.41
2023-11-01,20102,Meridian Private Label,864.7,860.4,31.8603,29.0676,0.9772,0.995,0.5012,0.5201,18.6,12.65,-2414.85,880.5,-503.39,16.26
2024-01-01,20102,Meridian Private Label,1108.0,1060.0,31.8603,31.5677,0.9772,0.9566,0.5012,0.5557,15.01,15.59,-324.2,1084.7,742.34,57.77
2024-02-01,20102,Meridian Private Label,176.0,175.1,31.8603,31.9292,0.9772,0.995,0.5012,0.5418,3.72,2.57,12.13,179.2,-101.95,7.11
2024-03-01,20102,Meridian Private Label,543.1,540.4,31.8603,32.3914,0.9772,0.995,0.5012,0.5024,5.71,7.95,288.44,553.0,-315.42,0.65
2024-04-01,20102,Meridian Private Label,919.0,914.1,31.8603,34.9522,0.9772,0.9947,0.5012,0.5349,12.16,13.44,2841.46,935.4,-522.51,30.81
2024-05-01,20102,Meridian Private Label,1491.1,1483.7,31.8603,34.0443,0.9772,0.995,0.5012,0.5011,38.37,21.82,3256.56,1518.3,-866.6,-0.15
2024-06-01,20102,Meridian Private Label,1685.1,1676.6,31.8603,33.2291,0.9772,0.995,0.5012,0.5528,39.66,24.66,2306.56,1715.7,-974.93,86.51
2024-07-01,20102,Meridian Private Label,425.8,423.7,33.3408,33.4935,0.9772,0.995,0.5012,0.5463,5.17,6.23,65.02,433.6,-260.06,19.11
2024-08-01,20102,Meridian Private Label,691.6,688.2,33.3408,34.6339,0.9772,0.995,0.5012,0.4824,10.17,10.12,894.31,704.3,-423.43,-12.94
2024-09-01,20102,Meridian Private Label,565.5,562.7,33.3408,37.3086,0.9772,0.995,0.5012,0.5028,6.07,8.27,2243.79,575.8,-343.41,0.9
2024-10-01,20102,Meridian Private Label,1274.8,1245.1,33.3408,37.1108,0.9772,0.9767,0.5012,0.567,25.96,18.31,4806.0,1274.2,20.0,81.93
2024-11-01,20102,Meridian Private Label,710.5,696.6,33.3408,36.0981,0.9772,0.9804,0.5012,0.4869,9.28,10.24,1959.06,712.9,-80.02,-9.96
2024-12-01,20102,Meridian Private Label,764.8,734.5,33.3408,34.8671,0.9772,0.9605,0.5012,0.4487,11.68,10.8,1167.31,751.6,440.1,-38.56
2025-03-01,20102,Meridian Private Label,1025.4,1020.2,33.3408,36.7742,0.9772,0.995,0.5012,0.5195,17.03,15.0,3520.61,1044.0,-620.14,18.67
2025-04-01,20102,Meridian Private Label,1572.2,1564.3,33.3408,38.2,0.9772,0.995,0.5012,0.5566,24.19,23.0,7639.63,1600.8,-953.55,86.66
2025-05-01,20102,Meridian Private Label,1165.2,1119.2,33.3408,39.5495,0.9772,0.9605,0.5012,0.4682,22.09,16.46,7234.38,1145.3,663.48,-36.93
2025-06-01,20102,Meridian Private Label,527.5,521.8,33.3408,38.4904,0.9772,0.9892,0.5012,0.4393,6.14,7.67,2716.41,534.0,-216.72,-32.3
2025-07-01,20102,Meridian Private Label,368.8,364.2,37.5022,37.6982,0.9772,0.9875,0.5012,0.4845,4.03,5.36,72.28,372.7,-146.26,-6.08
2025-08-01,20102,Meridian Private Label,907.4,864.2,37.5022,36.1189,0.9772,0.9524,0.5012,0.5325,11.45,12.71,-1255.21,884.4,862.55,27.05
2025-09-01,20102,Meridian Private Label,743.2,739.5,37.5022,32.5692,0.9772,0.995,0.5012,0.4396,11.93,10.88,-3666.21,756.8,-510.03,-45.55
2025-10-01,20102,Meridian Private Label,468.6,448.1,37.5022,31.0026,0.9772,0.9564,0.5012,0.4955,5.26,6.59,-3045.71,458.6,375.02,-2.55
2025-11-01,20102,Meridian Private Label,843.8,819.0,37.5022,30.9604,0.9772,0.9705,0.5012,0.481,18.16,12.04,-5519.97,838.1,213.76,-16.54
2025-12-01,20102,Meridian Private Label,506.6,504.1,37.5022,30.6797,0.9772,0.995,0.5012,0.5307,7.69,7.41,-3456.28,515.9,-348.77,14.87
2026-01-01,20102,Meridian Private Label,1208.9,1202.8,37.5022,32.5044,0.9772,0.995,0.5012,0.525,22.65,17.69,-6041.84,1230.9,-825.05,28.63
2026-02-01,20102,Meridian Private Label,689.9,676.8,37.5022,32.8267,0.9772,0.9811,0.5012,0.5177,11.3,9.95,-3225.63,692.6,-101.26,11.17
2026-03-01,20102,Meridian Private Label,640.9,637.3,37.5022,33.8823,0.9772,0.9944,0.5012,0.4872,7.65,9.37,-2319.99,652.2,-423.77,-8.92
2026-04-01,20102,Meridian Private Label,1835.0,1825.9,37.5022,35.4038,0.9772,0.995,0.5012,0.57,40.24,26.85,-3850.56,1868.5,-1256.32,125.62
2026-05-01,20102,Meridian Private Label,950.3,895.6,37.5022,35.712,0.9772,0.9424,0.5012,0.4622,18.09,13.17,-1701.23,916.5,1267.57,-34.93
2026-06-01,20102,Meridian Private Label,1992.1,1904.4,37.5022,36.0689,0.9772,0.956,0.5012,0.527,38.69,28.01,-2855.28,1948.8,1623.85,49.13
2023-07-01,20103,Guangzhou Vantage Industrial,977.9,934.8,18.6949,18.7417,0.932,0.956,0.5359,0.5425,11.03,13.75,45.77,1003.0,-469.24,6.17
2023-08-01,20103,Guangzhou Vantage Industrial,1457.0,1323.1,18.6949,18.6349,0.932,0.9081,0.5359,0.5706,28.9,19.46,-87.42,1419.6,699.19,45.91
2023-09-01,20103,Guangzhou Vantage Industrial,803.9,717.3,18.6949,18.2354,0.932,0.8922,0.5359,0.5501,14.87,10.55,-369.39,769.6,641.24,10.19
2023-12-01,20103,Guangzhou Vantage Industrial,2303.4,2152.5,18.6949,19.1426,0.932,0.9345,0.5359,0.5364,43.71,31.65,1031.23,2309.5,-114.04,1.08
2024-01-01,20103,Guangzhou Vantage Industrial,515.6,469.9,18.6949,18.57,0.932,0.9112,0.5359,0.5563,7.18,6.91,-64.4,504.2,213.12,9.59
2024-03-01,20103,Guangzhou Vantage Industrial,1070.9,991.7,18.6949,17.3528,0.932,0.9261,0.5359,0.5032,21.43,14.58,-1437.25,1064.1,127.13,-32.43
2024-04-01,20103,Guangzhou Vantage Industrial,2291.3,2117.8,18.6949,16.7951,0.932,0.9243,0.5359,0.5337,30.1,31.14,-4353.01,2272.3,355.2,-4.66
2024-05-01,20103,Guangzhou Vantage Industrial,456.2,419.2,18.6949,16.3762,0.932,0.9188,0.5359,0.4622,5.2,6.16,-1057.79,449.8,119.65,-30.9
2024-07-01,20103,Guangzhou Vantage Industrial,361.9,325.1,14.5676,14.7121,0.932,0.8983,0.5359,0.5039,4.72,4.78,52.29,348.8,190.84,-10.4
2024-09-01,20103,Guangzhou Vantage Industrial,962.4,873.3,14.5676,13.5249,0.932,0.9075,0.5359,0.5003,12.36,12.84,-1003.49,937.0,370.02,-31.09
2024-10-01,20103,Guangzhou Vantage Industrial,893.2,837.6,14.5676,13.953,0.932,0.9378,0.5359,0.5338,18.86,12.32,-548.96,898.7,-80.12,-1.76
2024-11-01,20103,Guangzhou Vantage Industrial,405.9,373.6,14.5676,13.9356,0.932,0.9204,0.5359,0.5112,5.18,5.49,-256.53,400.9,72.84,-9.23
2024-12-01,20103,Guangzhou Vantage Industrial,2882.8,2664.1,14.5676,14.947,0.932,0.9241,0.5359,0.5338,51.13,39.18,1093.73,2858.5,353.99,-5.59
2025-01-01,20103,Guangzhou Vantage Industrial,912.4,868.0,14.5676,14.1573,0.932,0.9514,0.5359,0.5111,10.5,12.77,-374.36,931.3,-275.33,-21.53
2025-02-01,20103,Guangzhou Vantage Industrial,828.7,757.7,14.5676,14.2361,0.932,0.9143,0.5359,0.5699,16.46,11.14,-274.71,813.0,228.71,25.76
2025-04-01,20103,Guangzhou Vantage Industrial,1513.9,1401.9,14.5676,13.8095,0.932,0.926,0.5359,0.5907,27.31,20.62,-1147.69,1504.2,141.31,76.82
2025-05-01,20103,Guangzhou Vantage Industrial,658.5,577.1,14.5676,13.6939,0.932,0.8763,0.5359,0.527,10.53,8.49,-575.33,619.2,572.51,-5.14
2025-06-01,20103,Guangzhou Vantage Industrial,3747.3,3411.8,14.5676,13.2534,0.932,0.9105,0.5359,0.6372,65.19,50.17,-4924.7,3660.7,1261.55,345.62
2025-07-01,20103,Guangzhou Vantage Industrial,483.4,449.9,13.2399,13.0724,0.932,0.9309,0.5359,0.5791,9.58,6.62,-80.97,482.7,9.27,19.44
2025-08-01,20103,Guangzhou Vantage Industrial,384.8,370.2,13.2399,13.3391,0.932,0.962,0.5359,0.6296,9.25,5.44,38.17,397.2,-164.17,34.69
2025-09-01,20103,Guangzhou Vantage Industrial,1069.4,1036.1,13.2399,13.9947,0.932,0.9688,0.5359,0.5856,14.12,15.24,807.18,1111.7,-560.05,51.49
2025-10-01,20103,Guangzhou Vantage Industrial,495.0,472.1,13.2399,14.1074,0.932,0.9538,0.5359,0.5655,8.16,6.94,429.41,506.5,-152.26,13.97
2025-11-01,20103,Guangzhou Vantage Industrial,846.2,782.7,13.2399,13.9692,0.932,0.9249,0.5359,0.5162,12.58,11.51,617.13,839.8,84.74,-15.42
2025-12-01,20103,Guangzhou Vantage Industrial,1162.2,1099.9,13.2399,14.4626,0.932,0.9464,0.5359,0.5403,27.69,16.17,1421.02,1180.2,-238.32,4.84
2026-01-01,20103,Guangzhou Vantage Industrial,1222.8,1112.5,13.2399,15.1902,0.932,0.9098,0.5359,0.5564,24.59,16.36,2384.83,1193.7,385.28,22.81
2026-02-01,20103,Guangzhou Vantage Industrial,689.6,622.1,13.2399,15.7898,0.932,0.9021,0.5359,0.5667,8.63,9.15,1758.41,667.5,292.6,19.16
2026-03-01,20103,Guangzhou Vantage Industrial,664.0,626.3,13.2399,15.5348,0.932,0.9432,0.5359,0.5262,9.97,9.21,1523.81,672.0,-105.92,-6.08
2026-04-01,20103,Guangzhou Vantage Industrial,2204.2,2038.3,13.2399,15.0949,0.932,0.9247,0.5359,0.6245,45.15,29.97,4088.79,2187.0,227.73,180.59
2023-07-01,20104,Northbrook Paper & Board,2598.7,2514.7,6.2196,6.2288,0.9619,0.9677,0.4459,0.4312,33.72,36.98,23.91,2614.3,-97.03,-36.97
2023-09-01,20104,Northbrook Paper & Board,1691.5,1683.0,6.2196,5.9111,0.9619,0.995,0.4459,0.4276,23.47,24.75,-521.83,1749.7,-361.98,-30.8
2023-10-01,20104,Northbrook Paper & Board,2626.7,2613.5,6.2196,5.9913,0.9619,0.995,0.4459,0.489,35.17,38.43,-599.68,2717.0,-561.63,112.64
2023-11-01,20104,Northbrook Paper & Board,4348.4,4326.7,6.2196,6.1418,0.9619,0.995,0.4459,0.4774,99.7,63.63,-338.31,4498.1,-931.07,136.29
2024-01-01,20104,Northbrook Paper & Board,1305.9,1299.4,6.2196,6.2606,0.9619,0.995,0.4459,0.4764,17.58,19.11,53.54,1350.9,-279.88,39.63
2024-02-01,20104,Northbrook Paper & Board,618.0,611.6,6.2196,6.4876,0.9619,0.9897,0.4459,0.5176,14.01,8.99,165.62,635.8,-110.71,43.85
2024-03-01,20104,Northbrook Paper & Board,1143.6,1137.9,6.2196,6.3081,0.9619,0.995,0.4459,0.4854,14.77,16.73,101.21,1183.0,-245.05,44.95
2024-04-01,20104,Northbrook Paper & Board,2232.5,2183.8,6.2196,6.4191,0.9619,0.9782,0.4459,0.5435,44.38,32.11,445.38,2270.3,-235.1,213.14
2024-05-01,20104,Northbrook Paper & Board,2531.4,2466.3,6.2196,6.6856,0.9619,0.9743,0.4459,0.4581,29.76,36.27,1179.63,2564.0,-202.76,30.09
2024-07-01,20104,Northbrook Paper & Board,3835.9,3615.7,6.679,6.7616,0.9619,0.9426,0.4459,0.5431,41.55,53.17,316.85,3758.9,514.28,351.45
2024-08-01,20104,Northbrook Paper & Board,968.2,878.6,6.679,7.0986,0.9619,0.9075,0.4459,0.4698,10.1,12.92,406.26,913.4,366.01,21.0
2024-09-01,20104,Northbrook Paper & Board,2031.5,1904.0,6.679,7.1058,0.9619,0.9373,0.4459,0.3988,20.71,28.0,867.04,1979.4,347.98,-89.68
2024-10-01,20104,Northbrook Paper & Board,1751.4,1669.6,6.679,6.909,0.9619,0.9533,0.4459,0.5091,18.68,24.55,402.82,1735.7,104.86,105.52
2024-11-01,20104,Northbrook Paper & Board,1295.1,1258.9,6.679,7.0389,0.9619,0.9721,0.4459,0.4633,19.71,18.51,466.11,1308.8,-91.5,21.9
2024-12-01,20104,Northbrook Paper & Board,2902.9,2772.9,6.679,7.3722,0.9619,0.9552,0.4459,0.4838,36.97,40.78,2012.29,2882.7,134.92,105.09
2025-01-01,20104,Northbrook Paper & Board,3798.3,3572.1,6.679,7.5387,0.9619,0.9404,0.4459,0.4797,76.71,52.53,3265.4,3713.6,565.71,120.74
2025-02-01,20104,Northbrook Paper & Board,3506.6,3379.7,6.679,7.8858,0.9619,0.9638,0.4459,0.5421,47.3,49.7,4231.76,3513.6,-46.75,325.13
2025-03-01,20104,Northbrook Paper & Board,1391.7,1340.9,6.679,7.7717,0.9619,0.9635,0.4459,0.4621,21.15,19.72,1520.71,1394.0,-15.36,21.72
2025-04-01,20104,Northbrook Paper & Board,3736.0,3605.7,6.679,8.2404,0.9619,0.9651,0.4459,0.4588,40.09,53.02,5833.39,3748.5,-83.49,46.51
2025-05-01,20104,Northbrook Paper & Board,1486.3,1448.3,6.679,8.6571,0.9619,0.9745,0.4459,0.4751,16.1,21.3,2940.05,1505.7,-129.57,42.29
2025-06-01,20104,Northbrook Paper & Board,1933.3,1923.2,6.679,8.8641,0.9619,0.9948,0.4459,0.4306,42.32,28.28,4224.45,1999.4,-441.48,-29.42
2025-07-01,20104,Northbrook Paper & Board,3570.9,3448.1,8.7008,8.7161,0.9619,0.9656,0.4459,0.415,59.35,50.71,54.63,3584.7,-120.07,-106.55
2025-08-01,20104,Northbrook Paper & Board,2101.5,1978.5,8.7008,8.6042,0.9619,0.9415,0.4459,0.4943,46.99,29.1,-203.0,2056.9,388.06,95.76
2025-09-01,20104,Northbrook Paper & Board,2676.9,2492.9,8.7008,8.7575,0.9619,0.9313,0.4459,0.4707,65.54,36.66,151.78,2591.6,742.18,61.82
2025-12-01,20104,Northbrook Paper & Board,2465.9,2317.0,8.7008,9.6965,0.9619,0.9396,0.4459,0.4628,31.48,34.07,2455.3,2408.8,496.82,39.16
2026-02-01,20104,Northbrook Paper & Board,1845.6,1816.1,8.7008,9.7147,0.9619,0.984,0.4459,0.5276,44.69,26.71,1871.25,1888.0,-368.91,148.38
2026-03-01,20104,Northbrook Paper & Board,995.8,962.7,8.7008,9.7684,0.9619,0.9667,0.4459,0.3462,11.07,14.16,1063.12,1000.8,-43.5,-95.98
2026-05-01,20104,Northbrook Paper & Board,1097.9,1018.8,8.7008,11.3426,0.9619,0.9279,0.4459,0.3973,11.3,14.98,2900.43,1059.2,336.72,-49.51
2026-06-01,20104,Northbrook Paper & Board,2198.6,2066.7,8.7008,12.5663,0.9619,0.94,0.4459,0.5208,37.38,30.39,8498.69,2148.6,435.04,154.8
2023-07-01,20105,Ashworth Tools & Hardware,2425.1,2324.1,10.3434,10.4106,0.995,0.9583,0.7731,0.7061,27.41,34.18,162.97,2335.8,923.67,-155.71
2023-08-01,20105,Ashworth Tools & Hardware,2329.3,2312.4,10.3434,10.4731,0.995,0.9928,0.7731,0.7101,35.91,34.01,302.11,2324.0,54.82,-145.68
2023-09-01,20105,Ashworth Tools & Hardware,2584.5,2571.6,10.3434,10.1289,0.995,0.995,0.7731,0.8794,39.19,37.82,-554.38,2584.5,0.0,273.36
2023-11-01,20105,Ashworth Tools & Hardware,1882.6,1873.2,10.3434,9.64,0.995,0.995,0.7731,0.8267,42.81,27.55,-1324.22,1882.6,0.0,100.4
2023-12-01,20105,Ashworth Tools & Hardware,2337.6,2296.1,10.3434,9.8097,0.995,0.9822,0.7731,0.8021,25.78,33.77,-1247.58,2307.6,310.3,66.59
2024-01-01,20105,Ashworth Tools & Hardware,3847.4,3828.1,10.3434,10.0253,0.995,0.995,0.7731,0.7343,56.19,56.3,-1223.86,3847.3,1.03,-148.53
2024-02-01,20105,Ashworth Tools & Hardware,1235.4,1201.4,10.3434,10.1485,0.995,0.9724,0.7731,0.7753,18.54,17.67,-240.78,1207.4,289.62,2.64
2024-03-01,20105,Ashworth Tools & Hardware,2583.4,2570.5,10.3434,10.6045,0.995,0.995,0.7731,0.7516,49.2,37.8,674.53,2583.4,0.0,-55.27
2024-05-01,20105,Ashworth Tools & Hardware,1828.0,1818.8,10.3434,11.2964,0.995,0.995,0.7731,0.7405,25.23,26.75,1742.08,1827.9,1.03,-59.29
2024-06-01,20105,Ashworth Tools & Hardware,2401.3,2389.3,10.3434,11.0325,0.995,0.995,0.7731,0.8212,36.23,35.14,1654.74,2401.3,0.0,114.93
2024-07-01,20105,Ashworth Tools & Hardware,6512.8,6480.2,11.1812,11.266,0.995,0.995,0.7731,0.7422,149.78,95.3,552.29,6512.8,0.0,-200.24
2024-08-01,20105,Ashworth Tools & Hardware,4694.7,4671.2,11.1812,11.4395,0.995,0.995,0.7731,0.8776,54.91,68.69,1212.64,4694.7,0.0,488.14
2024-09-01,20105,Ashworth Tools & Hardware,1837.3,1828.1,11.1812,12.3726,0.995,0.995,0.7731,0.7459,20.17,26.88,2188.96,1837.3,0.0,-49.72
2024-10-01,20105,Ashworth Tools & Hardware,3157.6,2902.9,11.1812,13.1789,0.995,0.9193,0.7731,0.8129,56.55,42.69,6307.94,2917.5,2684.61,115.54
2024-11-01,20105,Ashworth Tools & Hardware,4661.6,4574.0,11.1812,13.5788,0.995,0.9812,0.7731,0.8885,56.6,67.27,11176.65,4597.0,722.31,527.84
2025-01-01,20105,Ashworth Tools & Hardware,3479.6,3347.4,11.1812,12.2938,0.995,0.962,0.7731,0.77,55.52,49.23,3871.4,3364.2,1290.31,-10.38
2025-02-01,20105,Ashworth Tools & Hardware,2832.1,2729.1,11.1812,12.6149,0.995,0.9636,0.7731,0.8578,29.97,40.13,4060.38,2742.8,998.48,231.15
2025-03-01,20105,Ashworth Tools & Hardware,2291.8,2174.2,11.1812,12.8525,0.995,0.9487,0.7731,0.7763,24.01,31.97,3830.29,2185.1,1193.03,6.96
2025-05-01,20105,Ashworth Tools & Hardware,3844.6,3580.2,11.1812,13.2026,0.995,0.9312,0.7731,0.8117,58.79,52.65,7771.47,3598.2,2755.05,138.2
2025-07-01,20105,Ashworth Tools & Hardware,768.1,735.5,14.2782,14.0923,0.995,0.9576,0.7731,0.6668,7.7,10.82,-142.79,739.2,412.64,-78.18
2025-08-01,20105,Ashworth Tools & Hardware,2314.0,2213.3,14.2782,14.2424,0.995,0.9565,0.7731,0.8227,49.85,32.55,-82.84,2224.4,1279.33,109.78
2025-10-01,20105,Ashworth Tools & Hardware,7372.2,7335.4,14.2782,12.5414,0.995,0.995,0.7731,0.7027,83.74,107.87,-12804.04,7372.3,-1.43,-516.41
2025-11-01,20105,Ashworth Tools & Hardware,1598.2,1500.7,14.2782,11.8029,0.995,0.939,0.7731,0.8003,17.18,22.07,-3956.02,1508.2,1285.04,40.82
2026-02-01,20105,Ashworth Tools & Hardware,2812.6,2798.5,14.2782,12.1283,0.995,0.995,0.7731,0.7486,44.63,41.16,-6046.81,2812.6,0.0,-68.56
2026-03-01,20105,Ashworth Tools & Hardware,1880.3,1870.9,14.2782,12.0916,0.995,0.995,0.7731,0.8235,28.13,27.51,-4111.46,1880.3,0.0,94.29
2026-04-01,20105,Ashworth Tools & Hardware,1179.1,1173.2,14.2782,11.9508,0.995,0.995,0.7731,0.7813,14.28,17.25,-2744.24,1179.1,0.0,9.62
2026-05-01,20105,Ashworth Tools & Hardware,1375.1,1368.2,14.2782,12.8359,0.995,0.995,0.7731,0.8993,22.54,20.12,-1983.31,1375.1,0.0,172.67
2026-06-01,20105,Ashworth Tools & Hardware,5091.9,5065.3,14.2782,13.681,0.995,0.9948,0.7731,0.877,69.42,74.49,-3040.88,5090.8,15.71,526.28
2023-07-01,20106,Vertex Consumer Products (US),614.9,585.5,12.466,12.5771,0.9578,0.9521,0.5483,0.5698,9.64,8.61,68.32,611.3,44.88,12.59
2023-08-01,20106,Vertex Consumer Products (US),1100.0,1080.4,12.466,12.1678,0.9578,0.9822,0.5483,0.5284,12.93,15.89,-328.02,1128.0,-349.05,-21.5
2023-09-01,20106,Vertex Consumer Products (US),701.4,661.7,12.466,12.0839,0.9578,0.9435,0.5483,0.4914,12.6,9.73,-268.0,690.9,130.89,-37.65
2023-10-01,20106,Vertex Consumer Products (US),697.6,654.3,12.466,11.9233,0.9578,0.9378,0.5483,0.5764,8.59,9.62,-378.59,683.1,180.76,18.39
2023-11-01,20106,Vertex Consumer Products (US),415.2,400.4,12.466,12.0299,0.9578,0.9645,0.5483,0.5663,7.11,5.89,-181.07,418.0,-34.9,7.21
2024-01-01,20106,Vertex Consumer Products (US),1058.6,988.8,12.466,12.3763,0.9578,0.9341,0.5483,0.6186,14.53,14.54,-94.96,1032.4,326.61,69.51
2024-02-01,20106,Vertex Consumer Products (US),1883.4,1779.6,12.466,12.5039,0.9578,0.9449,0.5483,0.4853,19.46,26.17,71.38,1858.0,316.64,-112.11
2024-03-01,20106,Vertex Consumer Products (US),387.4,362.3,12.466,12.2126,0.9578,0.9353,0.5483,0.5882,6.37,5.33,-98.17,378.3,113.44,14.46
2024-04-01,20106,Vertex Consumer Products (US),2094.8,2082.9,12.466,11.9914,0.9578,0.9943,0.5483,0.5649,26.57,30.63,-994.19,2174.7,-996.03,34.58
2024-05-01,20106,Vertex Consumer Products (US),1323.7,1288.0,12.466,11.9302,0.9578,0.973,0.5483,0.5106,21.17,18.94,-709.24,1344.7,-261.79,-48.56
2024-06-01,20106,Vertex Consumer Products (US),1108.2,1067.9,12.466,11.674,0.9578,0.9636,0.5483,0.4474,19.11,15.7,-877.69,1115.0,-84.77,-107.75
2024-07-01,20106,Vertex Consumer Products (US),807.3,765.8,11.1033,11.2138,0.9578,0.9486,0.5483,0.5327,10.8,11.26,89.21,799.5,86.61,-11.95
2024-08-01,20106,Vertex Consumer Products (US),428.1,418.2,11.1033,10.8615,0.9578,0.9768,0.5483,0.5943,9.49,6.15,-103.51,436.6,-94.38,19.24
2024-09-01,20106,Vertex Consumer Products (US),539.1,518.3,11.1033,10.542,0.9578,0.9614,0.5483,0.5396,5.67,7.62,-302.6,541.1,-22.21,-4.51
2024-10-01,20106,Vertex Consumer Products (US),300.5,298.9,11.1033,10.7174,0.9578,0.995,0.5483,0.4737,5.44,4.4,-115.96,312.1,-128.8,-22.3
2024-11-01,20106,Vertex Consumer Products (US),1102.9,1042.4,11.1033,10.7944,0.9578,0.9452,0.5483,0.5965,12.55,15.33,-340.69,1088.3,162.11,50.24
2024-12-01,20106,Vertex Consumer Products (US),682.1,678.7,11.1033,10.6335,0.9578,0.995,0.5483,0.612,10.72,9.98,-320.45,708.6,-294.24,43.23
2025-01-01,20106,Vertex Consumer Products (US),970.6,938.8,11.1033,10.5062,0.9578,0.9673,0.5483,0.5225,16.76,13.81,-579.55,980.2,-106.59,-24.22
2025-02-01,20106,Vertex Consumer Products (US),284.3,282.3,11.1033,10.0541,0.9578,0.9932,0.5483,0.554,5.27,4.15,-298.29,294.7,-115.47,1.61
2025-03-01,20106,Vertex Consumer Products (US),492.1,478.1,11.1033,10.4312,0.9578,0.9717,0.5483,0.5696,5.01,7.03,-330.74,499.2,-78.83,10.18
2025-04-01,20106,Vertex Consumer Products (US),268.8,256.6,11.1033,10.3087,0.9578,0.9548,0.5483,0.5586,3.5,3.77,-213.59,267.9,9.99,2.64
2025-05-01,20106,Vertex Consumer Products (US),586.3,583.4,11.1033,10.5503,0.9578,0.995,0.5483,0.5631,12.89,8.58,-324.22,609.1,-253.16,8.63
2025-06-01,20106,Vertex Consumer Products (US),461.9,451.4,11.1033,10.3588,0.9578,0.9772,0.5483,0.5399,7.92,6.64,-343.88,471.3,-104.37,-3.79
2025-07-01,20106,Vertex Consumer Products (US),294.0,276.8,9.8007,9.6782,0.9578,0.9413,0.5483,0.5535,3.05,4.07,-36.02,289.0,49.0,1.44
2025-08-01,20106,Vertex Consumer Products (US),532.3,487.0,9.8007,9.2044,0.9578,0.9148,0.5483,0.6459,12.22,7.16,-317.41,508.5,233.26,47.53
2025-10-01,20106,Vertex Consumer Products (US),1240.6,1172.0,9.8007,9.8521,0.9578,0.9447,0.5483,0.5264,26.28,17.24,63.77,1223.6,166.61,-25.67
2025-11-01,20106,Vertex Consumer Products (US),561.9,528.2,9.8007,9.9469,0.9578,0.9399,0.5483,0.5053,12.61,7.77,82.15,551.5,101.93,-22.71
2026-02-01,20106,Vertex Consumer Products (US),581.9,565.2,9.8007,10.6302,0.9578,0.9714,0.5483,0.4982,13.57,8.31,482.69,590.1,-80.37,-28.32
2026-03-01,20106,Vertex Consumer Products (US),364.2,352.5,9.8007,10.1564,0.9578,0.968,0.5483,0.6503,4.45,5.18,129.55,368.0,-37.24,35.95
2026-04-01,20106,Vertex Consumer Products (US),373.2,358.1,9.8007,10.2431,0.9578,0.9595,0.5483,0.6053,4.67,5.27,165.1,373.9,-6.86,20.41
2026-05-01,20106,Vertex Consumer Products (US),445.8,417.1,9.8007,10.2304,0.9578,0.9354,0.5483,0.555,4.9,6.13,191.56,435.5,100.95,2.79
2026-06-01,20106,Vertex Consumer Products (US),745.2,706.8,9.8007,9.6801,0.9578,0.9485,0.5483,0.5241,11.2,10.39,-89.87,737.9,71.55,-17.1
2023-09-01,20107,Guangzhou Vantage Industrial,2292.9,2257.1,26.5139,27.2317,0.9682,0.9844,0.3512,0.2789,26.05,33.19,1645.84,2331.2,-1015.48,-163.19
2023-10-01,20107,Guangzhou Vantage Industrial,4960.5,4736.2,26.5139,27.2811,0.9682,0.9548,0.3512,0.4085,55.28,69.65,3805.7,4891.8,1821.5,271.38
2023-11-01,20107,Guangzhou Vantage Industrial,1357.0,1291.1,26.5139,27.8371,0.9682,0.9514,0.3512,0.3536,15.69,18.99,1795.58,1333.5,623.08,3.1
2023-12-01,20107,Guangzhou Vantage Industrial,2203.7,2123.0,26.5139,26.7388,0.9682,0.9634,0.3512,0.3779,42.17,31.22,495.61,2192.7,291.65,56.68
2024-01-01,20107,Guangzhou Vantage Industrial,1986.4,1904.5,26.5139,25.2896,0.9682,0.9588,0.3512,0.3426,20.68,28.01,-2431.95,1967.1,511.72,-16.38
2024-05-01,20107,Guangzhou Vantage Industrial,4231.6,3825.8,26.5139,29.0147,0.9682,0.9041,0.3512,0.4146,58.1,56.26,10582.39,3951.5,7426.54,242.56
2024-06-01,20107,Guangzhou Vantage Industrial,2539.8,2452.9,26.5139,30.906,0.9682,0.9658,0.3512,0.3356,35.8,36.07,11155.06,2533.5,167.04,-38.27
2024-08-01,20107,Guangzhou Vantage Industrial,3385.8,3167.7,31.0823,30.76,0.9682,0.9356,0.3512,0.3608,51.23,46.58,-1091.24,3271.7,3546.49,30.41
2024-09-01,20107,Guangzhou Vantage Industrial,2134.9,2048.6,31.0823,31.3462,0.9682,0.9596,0.3512,0.3748,32.78,30.13,563.4,2115.9,590.56,48.35
2024-10-01,20107,Guangzhou Vantage Industrial,904.8,864.2,31.0823,28.8186,0.9682,0.9552,0.3512,0.3019,10.72,12.71,-2048.2,892.6,379.2,-42.61
2024-11-01,20107,Guangzhou Vantage Industrial,643.6,611.5,31.0823,28.9456,0.9682,0.9501,0.3512,0.2829,14.32,8.99,-1375.18,631.6,372.99,-41.77
2024-12-01,20107,Guangzhou Vantage Industrial,1474.5,1411.2,31.0823,30.9179,0.9682,0.9571,0.3512,0.3572,24.35,20.75,-242.41,1457.6,525.29,8.47
2025-02-01,20107,Guangzhou Vantage Industrial,11850.0,10772.2,31.0823,29.8709,0.9682,0.909,0.3512,0.3624,163.33,158.42,-14355.09,11126.0,22503.59,120.65
2025-04-01,20107,Guangzhou Vantage Industrial,564.7,541.4,31.0823,31.8582,0.9682,0.9586,0.3512,0.3958,7.13,7.96,438.15,559.2,170.95,24.15
2025-05-01,20107,Guangzhou Vantage Industrial,1576.9,1444.1,31.0823,33.2497,0.9682,0.9158,0.3512,0.3784,19.49,21.24,3417.77,1491.5,2654.43,39.28
2025-06-01,20107,Guangzhou Vantage Industrial,1197.7,1169.2,31.0823,31.3897,0.9682,0.9762,0.3512,0.3836,14.59,17.19,368.17,1207.6,-307.71,37.88
2025-07-01,20107,Guangzhou Vantage Industrial,2578.2,2496.5,29.9566,29.9484,0.9682,0.9683,0.3512,0.359,27.89,36.71,-21.14,2578.5,-8.99,19.47
2025-08-01,20107,Guangzhou Vantage Industrial,1680.7,1648.1,29.9566,30.143,0.9682,0.9806,0.3512,0.2849,41.38,24.24,313.28,1702.2,-644.07,-109.27
2025-09-01,20107,Guangzhou Vantage Industrial,1594.0,1586.0,29.9566,31.2321,0.9682,0.995,0.3512,0.333,19.59,23.32,2033.15,1638.1,-1321.09,-28.87
2025-11-01,20107,Guangzhou Vantage Industrial,1520.8,1430.2,29.9566,32.1368,0.9682,0.9404,0.3512,0.3502,22.39,21.03,3315.65,1477.2,1306.11,-1.43
2025-12-01,20107,Guangzhou Vantage Industrial,1089.4,1048.9,29.9566,33.7749,0.9682,0.9629,0.3512,0.4196,13.98,15.43,4159.66,1083.4,179.74,71.74
2026-01-01,20107,Guangzhou Vantage Industrial,532.5,491.1,29.9566,34.5475,0.9682,0.9223,0.3512,0.3938,7.23,7.22,2444.65,507.2,757.9,20.92
2026-02-01,20107,Guangzhou Vantage Industrial,1057.3,1041.9,29.9566,33.8909,0.9682,0.9854,0.3512,0.3517,11.79,15.32,4159.74,1076.1,-563.18,0.52
2026-03-01,20107,Guangzhou Vantage Industrial,2490.8,2381.3,29.9566,33.7184,0.9682,0.956,0.3512,0.3607,34.92,35.02,9369.89,2459.5,937.64,22.62
2026-06-01,20107,Guangzhou Vantage Industrial,1524.6,1472.8,29.9566,32.8734,0.9682,0.966,0.3512,0.3535,16.48,21.66,4446.95,1521.2,101.85,3.39
2023-07-01,20108,Ashworth Tools & Hardware,165.5,149.0,15.2522,15.4571,0.9149,0.9007,0.1717,0.1525,1.85,2.19,33.91,162.9,39.66,-2.86
2023-08-01,20108,Ashworth Tools & Hardware,118.8,110.4,15.2522,15.9332,0.9149,0.929,0.1717,0.1732,2.55,1.62,80.9,120.7,-28.98,0.17
2023-09-01,20108,Ashworth Tools & Hardware,113.4,104.1,15.2522,15.7207,0.9149,0.9178,0.1717,0.1814,1.26,1.53,53.13,113.8,-6.1,1.01
2023-10-01,20108,Ashworth Tools & Hardware,111.4,100.5,15.2522,16.0508,0.9149,0.9015,0.1717,0.186,1.52,1.48,88.96,109.8,24.4,1.44
2023-12-01,20108,Ashworth Tools & Hardware,431.9,390.9,15.2522,15.1192,0.9149,0.9051,0.1717,0.1893,9.22,5.75,-57.44,427.3,70.16,6.88
2024-01-01,20108,Ashworth Tools & Hardware,170.1,155.3,15.2522,14.5061,0.9149,0.913,0.1717,0.18,2.51,2.28,-126.91,169.7,6.1,1.29
2024-02-01,20108,Ashworth Tools & Hardware,250.0,236.8,15.2522,14.8488,0.9149,0.9473,0.1717,0.159,3.17,3.48,-100.85,258.8,-134.22,-3.01
2024-03-01,20108,Ashworth Tools & Hardware,55.3,50.0,15.2522,14.8644,0.9149,0.9038,0.1717,0.1703,0.57,0.74,-21.45,54.7,9.15,-0.07
2024-04-01,20108,Ashworth Tools & Hardware,67.8,61.8,15.2522,14.6659,0.9149,0.912,0.1717,0.1545,0.91,0.91,-39.75,67.5,4.58,-1.06
2024-06-01,20108,Ashworth Tools & Hardware,111.9,104.0,15.2522,14.9985,0.9149,0.9294,0.1717,0.1769,1.12,1.53,-28.39,113.7,-27.45,0.54
2024-07-01,20108,Ashworth Tools & Hardware,234.8,221.5,15.2186,15.1101,0.9149,0.9434,0.1717,0.1732,3.05,3.26,-25.48,242.1,-111.1,0.33
2024-08-01,20108,Ashworth Tools & Hardware,58.1,53.3,15.2186,14.923,0.9149,0.9168,0.1717,0.1868,0.85,0.78,-17.17,58.3,-3.04,0.8
2024-10-01,20108,Ashworth Tools & Hardware,96.8,88.8,15.2186,15.3902,0.9149,0.9178,0.1717,0.1677,1.63,1.31,16.61,97.1,-4.57,-0.36
2024-11-01,20108,Ashworth Tools & Hardware,71.2,67.6,15.2186,14.36,0.9149,0.9483,0.1717,0.1705,1.53,0.99,-61.13,73.9,-41.09,-0.08
2024-12-01,20108,Ashworth Tools & Hardware,233.3,220.0,15.2186,13.4755,0.9149,0.9431,0.1717,0.1781,3.15,3.24,-406.67,240.5,-109.57,1.41
2025-01-01,20108,Ashworth Tools & Hardware,128.1,121.2,15.2186,13.0771,0.9149,0.9463,0.1717,0.1591,1.75,1.78,-274.33,132.5,-66.96,-1.53
2025-02-01,20108,Ashworth Tools & Hardware,140.0,122.8,15.2186,13.2218,0.9149,0.8769,0.1717,0.2054,1.87,1.81,-279.55,134.2,88.27,4.14
2025-03-01,20108,Ashworth Tools & Hardware,561.5,477.3,15.2186,12.8092,0.9149,0.8501,0.1717,0.1745,5.12,7.02,-1352.88,521.7,605.7,1.34
2025-04-01,20108,Ashworth Tools & Hardware,139.7,124.7,15.2186,13.609,0.9149,0.8929,0.1717,0.1599,2.12,1.83,-224.86,136.3,51.74,-1.47
2025-06-01,20108,Ashworth Tools & Hardware,118.1,106.7,15.2186,13.0056,0.9149,0.9037,0.1717,0.1815,2.55,1.57,-261.36,116.6,22.83,1.05
2025-07-01,20108,Ashworth Tools & Hardware,249.7,230.7,13.5865,13.4979,0.9149,0.9237,0.1717,0.1733,2.79,3.39,-22.12,252.2,-33.97,0.37
2025-08-01,20108,Ashworth Tools & Hardware,202.4,177.4,13.5865,13.5778,0.9149,0.8765,0.1717,0.1763,1.86,2.61,-1.76,193.9,115.49,0.82
2025-09-01,20108,Ashworth Tools & Hardware,117.1,107.4,13.5865,14.0283,0.9149,0.917,0.1717,0.2009,1.34,1.58,51.73,117.4,-4.08,3.14
2025-10-01,20108,Ashworth Tools & Hardware,111.1,98.5,13.5865,13.4266,0.9149,0.8869,0.1717,0.1599,2.04,1.45,-17.76,107.7,46.19,-1.16
2025-11-01,20108,Ashworth Tools & Hardware,57.3,50.0,13.5865,13.1816,0.9149,0.8723,0.1717,0.1566,0.83,0.74,-23.2,54.7,35.32,-0.76
2026-01-01,20108,Ashworth Tools & Hardware,164.8,148.4,13.5865,11.3951,0.9149,0.9007,0.1717,0.1622,1.63,2.18,-361.14,162.2,35.32,-1.41
2026-02-01,20108,Ashworth Tools & Hardware,84.2,74.7,13.5865,10.847,0.9149,0.8881,0.1717,0.1601,1.0,1.1,-230.67,81.6,35.32,-0.87
2026-03-01,20108,Ashworth Tools & Hardware,129.5,114.8,13.5865,10.5546,0.9149,0.8867,0.1717,0.1843,1.5,1.69,-392.63,125.5,54.35,1.45
2026-04-01,20108,Ashworth Tools & Hardware,465.4,432.3,13.5865,10.4491,0.9149,0.929,0.1717,0.1933,9.72,6.36,-1460.15,472.5,-96.46,9.34
2026-05-01,20108,Ashworth Tools & Hardware,183.1,166.9,13.5865,10.6281,0.9149,0.9117,0.1717,0.191,2.79,2.45,-541.68,182.4,9.51,3.22
2023-08-01,20109,Shenzhen Kaiyuan Electronics,1937.0,1795.1,10.9394,11.4057,0.9229,0.9268,0.3468,0.3909,36.53,26.4,903.22,1945.1,-88.61,79.16
2023-09-01,20109,Shenzhen Kaiyuan Electronics,1053.7,970.3,10.9394,11.6273,0.9229,0.9209,0.3468,0.363,14.68,14.27,724.84,1051.4,25.16,15.72
2023-10-01,20109,Shenzhen Kaiyuan Electronics,1098.1,1062.0,10.9394,12.1193,0.9229,0.9671,0.3468,0.3513,19.2,15.62,1295.65,1150.7,-575.41,4.78
2023-11-01,20109,Shenzhen Kaiyuan Electronics,3943.5,3657.4,10.9394,12.5867,0.9229,0.9274,0.3468,0.3881,54.15,53.79,6496.13,3962.9,-212.22,151.05
2023-12-01,20109,Shenzhen Kaiyuan Electronics,4781.7,4402.6,10.9394,12.7798,0.9229,0.9207,0.3468,0.3621,50.21,64.74,8800.24,4770.4,123.62,67.36
2024-01-01,20109,Shenzhen Kaiyuan Electronics,2159.2,2029.9,10.9394,13.1769,0.9229,0.9401,0.3468,0.2995,34.58,29.85,4831.21,2199.5,-440.86,-96.01
2024-02-01,20109,Shenzhen Kaiyuan Electronics,987.0,905.3,10.9394,12.6225,0.9229,0.9173,0.3468,0.3243,15.93,13.31,1661.22,980.9,66.73,-20.37
2024-03-01,20109,Shenzhen Kaiyuan Electronics,796.5,737.6,10.9394,12.8143,0.9229,0.926,0.3468,0.3256,9.87,10.85,1493.36,799.2,-29.54,-15.64
2024-04-01,20109,Shenzhen Kaiyuan Electronics,1402.6,1292.5,10.9394,12.2367,0.9229,0.9215,0.3468,0.3065,15.25,19.01,1819.59,1400.5,22.97,-52.09
2024-05-01,20109,Shenzhen Kaiyuan Electronics,3925.5,3774.0,10.9394,12.17,0.9229,0.9614,0.3468,0.3566,70.85,55.5,4830.72,4089.3,-1791.87,36.99
2024-06-01,20109,Shenzhen Kaiyuan Electronics,2390.8,2269.7,10.9394,12.5004,0.9229,0.9494,0.3468,0.3658,32.07,33.38,3732.04,2459.3,-749.35,43.12
2024-07-01,20109,Shenzhen Kaiyuan Electronics,1409.8,1293.8,12.7403,12.7248,0.9229,0.9177,0.3468,0.3212,19.01,19.03,-21.85,1401.9,100.65,-33.12
2024-09-01,20109,Shenzhen Kaiyuan Electronics,1557.3,1461.7,12.7403,12.8697,0.9229,0.9386,0.3468,0.3327,15.56,21.5,201.51,1583.8,-337.62,-20.61
2024-10-01,20109,Shenzhen Kaiyuan Electronics,1866.3,1812.7,12.7403,12.9456,0.9229,0.9713,0.3468,0.3669,29.55,26.66,383.15,1964.1,-1246.0,36.44
2024-12-01,20109,Shenzhen Kaiyuan Electronics,2738.7,2464.4,12.7403,12.911,0.9229,0.8999,0.3468,0.2808,27.49,36.24,467.5,2670.3,871.44,-162.65
2025-01-01,20109,Shenzhen Kaiyuan Electronics,1460.4,1424.6,12.7403,12.6545,0.9229,0.9754,0.3468,0.3294,31.01,20.95,-125.3,1543.6,-1059.99,-24.79
2025-02-01,20109,Shenzhen Kaiyuan Electronics,7011.2,6550.0,12.7403,12.2289,0.9229,0.9342,0.3468,0.3503,150.62,96.32,-3585.53,7097.2,-1095.67,22.93
2025-03-01,20109,Shenzhen Kaiyuan Electronics,2963.6,2726.9,12.7403,11.9662,0.9229,0.9201,0.3468,0.3444,35.62,40.1,-2294.12,2954.7,113.39,-6.54
2025-04-01,20109,Shenzhen Kaiyuan Electronics,1894.8,1688.3,12.7403,11.7518,0.9229,0.8911,0.3468,0.3432,24.09,24.83,-1873.01,1829.3,834.49,-6.08
2025-06-01,20109,Shenzhen Kaiyuan Electronics,1526.7,1385.4,12.7403,12.7368,0.9229,0.9075,0.3468,0.3383,23.25,20.37,-5.34,1501.1,326.15,-11.78
2025-07-01,20109,Shenzhen Kaiyuan Electronics,2124.0,1914.7,12.7752,12.6633,0.9229,0.9015,0.3468,0.314,22.36,28.16,-237.68,2074.7,629.82,-62.8
2025-08-01,20109,Shenzhen Kaiyuan Electronics,3864.9,3529.8,12.7752,12.8611,0.9229,0.9133,0.3468,0.336,75.7,51.91,331.99,3824.7,513.56,-38.12
2025-09-01,20109,Shenzhen Kaiyuan Electronics,1646.0,1557.7,12.7752,12.9362,0.9229,0.9463,0.3468,0.3355,27.41,22.91,265.01,1687.8,-534.0,-17.6
2025-10-01,20109,Shenzhen Kaiyuan Electronics,5283.3,5190.9,12.7752,12.7811,0.9229,0.9825,0.3468,0.3479,101.81,76.34,31.17,5624.6,-4360.18,5.71
2025-12-01,20109,Shenzhen Kaiyuan Electronics,3472.1,3348.0,12.7752,13.6399,0.9229,0.9643,0.3468,0.4106,69.85,49.24,3002.32,3627.7,-1987.82,213.6
2026-01-01,20109,Shenzhen Kaiyuan Electronics,3438.6,3353.2,12.7752,13.551,0.9229,0.9752,0.3468,0.3475,50.14,49.31,2667.67,3633.3,-2487.33,2.35
2026-03-01,20109,Shenzhen Kaiyuan Electronics,3148.7,2906.4,12.7752,13.3277,0.9229,0.923,0.3468,0.3316,34.78,42.74,1739.66,3149.2,-6.39,-44.18
2026-05-01,20109,Shenzhen Kaiyuan Electronics,865.3,854.5,12.7752,13.7507,0.9229,0.9875,0.3468,0.3001,11.62,12.57,844.1,925.9,-774.18,-39.91
2026-06-01,20109,Shenzhen Kaiyuan Electronics,3508.9,3275.5,12.7752,14.0819,0.9229,0.9335,0.3468,0.3314,39.6,48.17,4585.08,3549.1,-513.56,-50.44
2023-07-01,20110,Harlow Textile Group,458.2,423.4,64.8085,65.0362,0.8997,0.9241,0.1065,0.1006,10.48,6.23,104.33,470.6,-803.63,-2.5
2023-09-01,20110,Harlow Textile Group,86.9,79.8,64.8085,67.0499,0.8997,0.9193,0.1065,0.1125,1.0,1.17,194.78,88.7,-116.66,0.48
2023-11-01,20110,Harlow Textile Group,366.1,326.3,64.8085,70.1341,0.8997,0.8914,0.1065,0.0909,4.38,4.8,1949.7,362.7,220.35,-5.09
2023-12-01,20110,Harlow Textile Group,226.8,201.0,64.8085,67.3003,0.8997,0.8861,0.1065,0.1061,3.0,2.96,565.14,223.4,220.35,-0.08
2024-01-01,20110,Harlow Textile Group,144.8,129.9,64.8085,69.2449,0.8997,0.8972,0.1065,0.1109,2.19,1.91,642.39,144.4,25.92,0.57
2024-02-01,20110,Harlow Textile Group,318.3,286.1,64.8085,65.6773,0.8997,0.8987,0.1065,0.127,3.44,4.21,276.54,318.0,19.44,5.87
2024-03-01,20110,Harlow Textile Group,122.9,112.3,64.8085,63.8042,0.8997,0.9134,0.1065,0.1136,1.46,1.65,-123.43,124.8,-123.14,0.8
2024-04-01,20110,Harlow Textile Group,226.7,201.2,64.8085,62.5976,0.8997,0.8877,0.1065,0.0918,4.62,2.96,-501.21,223.6,200.91,-2.96
2024-05-01,20110,Harlow Textile Group,126.8,112.5,64.8085,60.9682,0.8997,0.8874,0.1065,0.1139,1.69,1.65,-486.95,125.0,116.66,0.83
2024-06-01,20110,Harlow Textile Group,99.4,86.2,64.8085,59.8455,0.8997,0.8675,0.1065,0.1051,1.58,1.27,-493.32,95.8,233.31,-0.12
2024-07-01,20110,Harlow Textile Group,600.8,512.3,60.0031,60.7654,0.8997,0.8526,0.1065,0.1146,9.03,7.53,457.99,569.4,1884.1,4.15
2024-08-01,20110,Harlow Textile Group,243.2,203.0,60.0031,59.9026,0.8997,0.8347,0.1065,0.1017,2.22,2.99,-24.44,225.6,1056.05,-0.97
2024-09-01,20110,Harlow Textile Group,202.4,175.7,60.0031,61.7999,0.8997,0.8684,0.1065,0.1049,2.31,2.58,363.67,195.3,426.02,-0.28
2024-10-01,20110,Harlow Textile Group,491.3,437.1,60.0031,65.3159,0.8997,0.8897,0.1065,0.0975,4.68,6.43,2610.18,485.8,330.02,-3.93
2024-11-01,20110,Harlow Textile Group,218.0,193.4,60.0031,65.2978,0.8997,0.8872,0.1065,0.1014,2.48,2.84,1154.24,215.0,180.01,-0.99
2025-01-01,20110,Harlow Textile Group,149.5,134.4,60.0031,66.394,0.8997,0.8989,0.1065,0.1121,1.93,1.98,955.44,149.4,6.0,0.75
2025-02-01,20110,Harlow Textile Group,356.6,311.9,60.0031,63.3314,0.8997,0.8747,0.1065,0.1008,4.83,4.59,1186.87,346.7,594.03,-1.78
2025-03-01,20110,Harlow Textile Group,166.5,146.6,60.0031,61.4777,0.8997,0.8805,0.1065,0.12,1.62,2.16,245.52,162.9,216.01,1.98
2025-05-01,20110,Harlow Textile Group,179.0,153.8,60.0031,62.0245,0.8997,0.8597,0.1065,0.1091,1.73,2.26,361.83,170.9,486.03,0.4
2025-06-01,20110,Harlow Textile Group,130.0,120.2,60.0031,61.2897,0.8997,0.9245,0.1065,0.1182,2.14,1.77,167.26,133.6,-216.01,1.41
2025-07-01,20110,Harlow Textile Group,294.7,271.3,62.7383,61.934,0.8997,0.9205,0.1065,0.0944,3.84,3.99,-237.03,301.5,-426.62,-3.28
2025-08-01,20110,Harlow Textile Group,173.7,157.0,62.7383,60.2129,0.8997,0.9036,0.1065,0.1118,1.68,2.31,-438.66,174.5,-50.19,0.83
2025-09-01,20110,Harlow Textile Group,286.1,253.6,62.7383,57.1644,0.8997,0.8864,0.1065,0.1158,3.2,3.73,-1594.69,281.9,263.5,2.36
2025-10-01,20110,Harlow Textile Group,224.1,195.2,62.7383,54.7808,0.8997,0.8712,0.1065,0.1114,2.86,2.87,-1783.28,217.0,445.44,0.96
2025-11-01,20110,Harlow Textile Group,146.5,129.6,62.7383,54.9235,0.8997,0.8846,0.1065,0.1169,2.47,1.91,-1144.87,144.0,156.85,1.35
2025-12-01,20110,Harlow Textile Group,323.6,295.7,62.7383,52.7121,0.8997,0.9136,0.1065,0.1038,3.4,4.35,-3244.48,328.7,-319.97,-0.8
2026-01-01,20110,Harlow Textile Group,220.1,201.0,62.7383,48.9322,0.8997,0.9132,0.1065,0.0876,2.72,2.96,-3038.72,223.4,-207.04,-3.8
2026-02-01,20110,Harlow Textile Group,163.5,150.3,62.7383,48.2262,0.8997,0.9194,0.1065,0.1198,2.2,2.21,-2372.73,167.1,-225.86,2.0
2026-04-01,20110,Harlow Textile Group,101.0,89.6,62.7383,40.6302,0.8997,0.8874,0.1065,0.1111,2.34,1.32,-2232.92,99.6,87.83,0.41
2026-05-01,20110,Harlow Textile Group,163.5,149.6,62.7383,40.2048,0.8997,0.9146,0.1065,0.1111,1.87,2.2,-3684.23,166.3,-175.67,0.69
2026-06-01,20110,Harlow Textile Group,339.3,315.7,62.7383,41.1234,0.8997,0.9304,0.1065,0.1254,3.48,4.64,-7333.94,350.9,-727.76,5.97
2023-07-01,20111,Vertex Consumer Products (US),1670.1,1475.7,21.0699,21.1924,0.8684,0.8836,0.6006,0.6269,21.47,21.7,204.59,1699.3,-615.24,38.81
2023-08-01,20111,Vertex Consumer Products (US),623.4,527.4,21.0699,20.1845,0.8684,0.8459,0.6006,0.593,5.51,7.76,-551.96,607.3,339.23,-4.01
2023-09-01,20111,Vertex Consumer Products (US),535.4,463.4,21.0699,20.1143,0.8684,0.8654,0.6006,0.6767,8.44,6.81,-511.63,533.6,37.93,35.26
2023-11-01,20111,Vertex Consumer Products (US),913.0,805.1,21.0699,19.6105,0.8684,0.8818,0.6006,0.6386,10.43,11.84,-1332.43,927.1,-297.09,30.59
2023-12-01,20111,Vertex Consumer Products (US),753.9,665.7,21.0699,19.5959,0.8684,0.8831,0.6006,0.643,8.91,9.79,-1111.25,766.6,-267.59,28.23
2024-01-01,20111,Vertex Consumer Products (US),903.0,797.3,21.0699,18.117,0.8684,0.883,0.6006,0.5559,8.95,11.73,-2666.47,918.1,-318.16,-35.64
2024-02-01,20111,Vertex Consumer Products (US),1116.0,1010.0,21.0699,17.9107,0.8684,0.905,0.6006,0.669,12.93,14.85,-3525.67,1163.1,-992.39,69.08
2024-03-01,20111,Vertex Consumer Products (US),1167.0,1069.5,21.0699,18.5261,0.8684,0.9164,0.6006,0.621,19.91,15.73,-2968.61,1231.6,-1361.12,21.82
2024-04-01,20111,Vertex Consumer Products (US),5568.2,4743.2,21.0699,17.6758,0.8684,0.8518,0.6006,0.6285,93.4,69.75,-18899.03,5462.0,2237.62,132.34
2024-05-01,20111,Vertex Consumer Products (US),1326.6,1165.0,21.0699,17.3705,0.8684,0.8781,0.6006,0.6205,12.38,17.13,-4907.62,1341.5,-313.94,23.18
2024-06-01,20111,Vertex Consumer Products (US),2012.1,1744.5,21.0699,18.0709,0.8684,0.867,0.6006,0.6662,35.76,25.65,-6034.29,2008.9,67.42,114.44
2024-08-01,20111,Vertex Consumer Products (US),1312.4,1157.5,17.7988,17.8599,0.8684,0.882,0.6006,0.6813,15.85,17.02,80.19,1332.9,-364.88,93.41
2024-09-01,20111,Vertex Consumer Products (US),438.5,393.6,17.7988,17.1273,0.8684,0.8976,0.6006,0.6087,7.54,5.79,-294.45,453.2,-261.64,3.19
2024-10-01,20111,Vertex Consumer Products (US),812.6,738.1,17.7988,17.7572,0.8684,0.9083,0.6006,0.5639,11.61,10.85,-33.8,850.0,-665.68,-27.09
2024-11-01,20111,Vertex Consumer Products (US),1056.8,918.7,17.7988,18.5271,0.8684,0.8693,0.6006,0.598,15.01,13.51,769.67,1057.9,-19.58,-2.39
2024-12-01,20111,Vertex Consumer Products (US),611.7,529.3,17.7988,19.0098,0.8684,0.8653,0.6006,0.613,10.0,7.78,740.77,609.5,39.16,6.56
2025-01-01,20111,Vertex Consumer Products (US),2005.8,1756.9,17.7988,19.0494,0.8684,0.8759,0.6006,0.6288,20.6,25.84,2508.45,2023.1,-307.92,49.54
2025-03-01,20111,Vertex Consumer Products (US),3288.4,2769.1,17.7988,18.7328,0.8684,0.8421,0.6006,0.6227,64.14,40.72,3071.37,3188.7,1774.54,61.2
2025-04-01,20111,Vertex Consumer Products (US),848.3,736.9,17.7988,18.658,0.8684,0.8686,0.6006,0.5691,15.38,10.84,728.86,848.6,-5.34,-23.21
2025-06-01,20111,Vertex Consumer Products (US),1091.8,943.1,17.7988,17.4662,0.8684,0.8638,0.6006,0.5567,13.77,13.87,-363.13,1086.0,103.23,-41.4
2025-07-01,20111,Vertex Consumer Products (US),739.1,625.8,18.5447,18.4492,0.8684,0.8467,0.6006,0.6099,9.53,9.2,-70.58,720.6,343.08,5.82
2025-08-01,20111,Vertex Consumer Products (US),629.4,552.7,18.5447,19.3142,0.8684,0.8781,0.6006,0.5554,8.71,8.13,484.32,636.5,-131.67,-24.98
2025-10-01,20111,Vertex Consumer Products (US),1264.7,1116.5,18.5447,17.7805,0.8684,0.8829,0.6006,0.5399,24.46,16.42,-966.48,1285.7,-389.44,-67.77
2025-11-01,20111,Vertex Consumer Products (US),1598.5,1427.7,18.5447,18.1052,0.8684,0.8931,0.6006,0.625,18.17,21.0,-702.54,1644.1,-845.64,34.84
2026-02-01,20111,Vertex Consumer Products (US),795.5,687.7,18.5447,15.4778,0.8684,0.8645,0.6006,0.5771,10.39,10.11,-2439.72,791.9,66.76,-16.16
2026-04-01,20111,Vertex Consumer Products (US),1571.2,1325.1,18.5447,15.2263,0.8684,0.8433,0.6006,0.6304,14.75,19.49,-5213.87,1525.9,840.07,39.49
2026-05-01,20111,Vertex Consumer Products (US),823.0,737.5,18.5447,15.056,0.8684,0.8961,0.6006,0.5031,8.75,10.85,-2871.2,849.3,-487.73,-71.91
2026-06-01,20111,Vertex Consumer Products (US),964.6,893.1,18.5447,15.9054,0.8684,0.9259,0.6006,0.5869,9.92,13.13,-2545.87,1028.4,-1183.15,-12.24
2023-08-01,20112,Meridian Private Label,5193.8,5167.8,26.4141,25.4858,0.9805,0.995,0.4936,0.4501,110.45,76.0,-4821.4,5270.6,-2028.6,-224.8
2023-09-01,20112,Meridian Private Label,1889.8,1880.3,26.4141,24.7434,0.9805,0.995,0.4936,0.3949,47.25,27.65,-3157.29,1917.7,-736.95,-185.59
2023-10-01,20112,Meridian Private Label,1745.6,1736.9,26.4141,24.2251,0.9805,0.995,0.4936,0.5034,18.77,25.54,-3821.12,1771.4,-681.48,17.02
2023-11-01,20112,Meridian Private Label,2263.8,2252.5,26.4141,24.7743,0.9805,0.995,0.4936,0.4785,54.14,33.13,-3712.18,2297.3,-884.87,-34.01
2023-12-01,20112,Meridian Private Label,3790.2,3695.9,26.4141,25.5416,0.9805,0.9751,0.4936,0.5133,90.7,54.35,-3306.95,3769.4,549.41,72.81
2024-01-01,20112,Meridian Private Label,2498.3,2396.2,26.4141,25.7622,0.9805,0.9591,0.4936,0.4512,36.63,35.24,-1628.64,2443.9,1436.93,-101.6
2024-02-01,20112,Meridian Private Label,3479.5,3462.1,26.4141,25.8288,0.9805,0.995,0.4936,0.5791,39.38,50.91,-2036.55,3531.0,-1360.33,296.01
2024-03-01,20112,Meridian Private Label,4716.8,4693.2,26.4141,25.1896,0.9805,0.995,0.4936,0.515,93.67,69.02,-5775.72,4786.5,-1841.06,100.43
2024-04-01,20112,Meridian Private Label,4934.6,4554.7,26.4141,23.6481,0.9805,0.923,0.4936,0.4651,89.13,66.98,-13649.1,4645.3,7641.6,-129.81
2024-05-01,20112,Meridian Private Label,1137.0,1105.4,26.4141,24.1697,0.9805,0.9721,0.4936,0.5083,17.73,16.26,-2551.88,1127.4,253.58,16.25
2024-06-01,20112,Meridian Private Label,1160.1,1072.7,26.4141,25.2935,0.9805,0.9247,0.4936,0.4941,20.76,15.78,-1300.01,1094.0,1745.97,0.54
2024-07-01,20112,Meridian Private Label,1766.7,1703.6,24.4828,24.2073,0.9805,0.9643,0.4936,0.4966,19.96,25.05,-486.73,1737.5,714.9,5.11
2024-08-01,20112,Meridian Private Label,1384.1,1336.4,24.4828,23.5518,0.9805,0.9656,0.4936,0.555,18.2,19.65,-1288.6,1363.0,516.59,82.05
2024-09-01,20112,Meridian Private Label,7602.4,7243.9,24.4828,22.2052,0.9805,0.9529,0.4936,0.5122,134.56,106.53,-17315.23,7388.0,5249.11,134.74
2024-10-01,20112,Meridian Private Label,3047.3,3013.4,24.4828,21.9034,0.9805,0.9889,0.4936,0.4878,35.59,44.31,-7860.21,3073.3,-636.55,-17.48
2024-11-01,20112,Meridian Private Label,3722.0,3697.7,24.4828,20.7519,0.9805,0.9935,0.4936,0.4941,42.86,54.38,-13886.41,3771.2,-1204.55,1.85
2024-12-01,20112,Meridian Private Label,3215.0,3198.9,24.4828,20.2539,0.9805,0.995,0.4936,0.5171,48.13,47.04,-13595.91,3262.5,-1162.93,75.17
2025-01-01,20112,Meridian Private Label,1094.1,1088.6,24.4828,19.8867,0.9805,0.995,0.4936,0.5126,12.88,16.01,-5028.59,1110.2,-394.17,20.68
2025-02-01,20112,Meridian Private Label,3238.4,3222.2,24.4828,19.7326,0.9805,0.995,0.4936,0.5506,63.81,47.39,-15383.05,3286.3,-1172.73,183.67
2025-03-01,20112,Meridian Private Label,1782.9,1774.0,24.4828,21.7663,0.9805,0.995,0.4936,0.5087,25.45,26.09,-4843.25,1809.3,-646.35,26.79
2025-04-01,20112,Meridian Private Label,4389.7,4320.7,24.4828,21.9444,0.9805,0.9843,0.4936,0.4951,79.26,63.54,-11142.81,4406.6,-413.76,6.48
2025-05-01,20112,Meridian Private Label,2455.2,2442.9,24.4828,22.251,0.9805,0.995,0.4936,0.4845,32.45,35.93,-5479.52,2491.5,-888.73,-22.23
2025-06-01,20112,Meridian Private Label,1880.2,1870.8,24.4828,21.3989,0.9805,0.995,0.4936,0.4834,37.22,27.51,-5798.35,1908.0,-680.62,-19.08
2025-07-01,20112,Meridian Private Label,1492.7,1429.6,20.6037,20.7897,0.9805,0.9577,0.4936,0.4913,17.32,21.02,277.64,1458.0,714.95,-3.29
2025-08-01,20112,Meridian Private Label,2254.2,2117.4,20.6037,20.8249,0.9805,0.9393,0.4936,0.5086,38.49,31.14,498.63,2159.5,1951.17,31.76
2025-10-01,20112,Meridian Private Label,1823.5,1788.2,20.6037,22.8986,0.9805,0.9807,0.4936,0.5153,30.48,26.3,4184.75,1823.8,-6.18,38.8
2026-01-01,20112,Meridian Private Label,10861.7,10296.8,20.6037,25.2965,0.9805,0.948,0.4936,0.4762,261.49,151.42,50971.79,10501.6,7419.39,-179.16
2026-02-01,20112,Meridian Private Label,3441.2,3174.2,20.6037,26.7317,0.9805,0.9224,0.4936,0.4551,52.96,46.68,21087.67,3237.3,4201.09,-122.21
2026-03-01,20112,Meridian Private Label,2095.1,1944.1,20.6037,26.9208,0.9805,0.9279,0.4936,0.5318,44.22,28.59,13234.96,1982.8,2313.8,74.26
2026-04-01,20112,Meridian Private Label,4543.8,4255.3,20.6037,27.9099,0.9805,0.9365,0.4936,0.457,45.24,62.58,33197.91,4339.9,4201.09,-155.74
2026-05-01,20112,Meridian Private Label,1617.7,1609.6,20.6037,27.1382,0.9805,0.995,0.4936,0.5289,21.5,23.67,10570.86,1641.6,-492.43,56.82
2026-06-01,20112,Meridian Private Label,2134.3,2123.7,20.6037,26.5272,0.9805,0.995,0.4936,0.3913,46.54,31.23,12642.53,2165.9,-651.08,-217.25
2023-07-01,20113,Meridian Private Label,1076.7,1035.1,20.9252,21.1467,0.9573,0.9614,0.6252,0.7048,11.3,15.22,238.49,1081.3,-96.26,82.39
2023-08-01,20113,Meridian Private Label,1432.2,1425.1,20.9252,20.9649,0.9573,0.995,0.6252,0.5801,24.67,20.96,56.86,1488.7,-1182.27,-64.27
2023-09-01,20113,Meridian Private Label,1071.9,1019.2,20.9252,20.2154,0.9573,0.9509,0.6252,0.6067,19.26,14.99,-760.83,1064.7,150.66,-18.86
2023-10-01,20113,Meridian Private Label,930.0,863.0,20.9252,19.5401,0.9573,0.9279,0.6252,0.5866,13.93,12.69,-1288.14,901.5,596.37,-33.31
2023-11-01,20113,Meridian Private Label,2262.9,2114.9,20.9252,19.9946,0.9573,0.9346,0.6252,0.7232,25.02,31.1,-2105.85,2209.2,1123.68,207.26
2023-12-01,20113,Meridian Private Label,1340.7,1302.4,20.9252,19.7742,0.9573,0.9714,0.6252,0.6514,26.37,19.15,-1543.15,1360.5,-414.32,34.12
2024-01-01,20113,Meridian Private Label,2397.5,2323.6,20.9252,20.9804,0.9573,0.9692,0.6252,0.6859,27.85,34.17,132.34,2427.2,-621.48,141.04
2024-02-01,20113,Meridian Private Label,816.9,794.9,20.9252,21.1475,0.9573,0.973,0.6252,0.7086,18.07,11.69,181.6,830.4,-282.49,66.29
2024-03-01,20113,Meridian Private Label,1132.5,1120.7,20.9252,22.3316,0.9573,0.9896,0.6252,0.7325,13.32,16.48,1592.75,1170.7,-799.34,120.25
2024-04-01,20113,Meridian Private Label,1402.1,1381.5,20.9252,23.2645,0.9573,0.9854,0.6252,0.6359,29.81,20.32,3279.93,1443.1,-857.93,14.78
2024-05-01,20113,Meridian Private Label,1542.4,1473.6,20.9252,21.8257,0.9573,0.9554,0.6252,0.6743,27.91,21.67,1388.93,1539.3,64.87,72.35
2024-06-01,20113,Meridian Private Label,1374.7,1285.1,20.9252,21.7682,0.9573,0.9348,0.6252,0.6859,19.42,18.9,1158.87,1342.4,675.88,78.01
2024-07-01,20113,Meridian Private Label,1085.4,1008.2,21.26,21.2341,0.9573,0.9289,0.6252,0.6047,13.07,14.83,-28.11,1053.2,684.57,-20.67
2024-08-01,20113,Meridian Private Label,1181.1,1132.5,21.26,21.3517,0.9573,0.9588,0.6252,0.6398,18.95,16.65,108.31,1183.0,-40.39,16.53
2024-09-01,20113,Meridian Private Label,1386.8,1365.7,21.26,22.5,0.9573,0.9848,0.6252,0.6542,31.5,20.08,1719.63,1426.6,-846.15,39.61
2024-10-01,20113,Meridian Private Label,3339.5,3184.7,21.26,21.9014,0.9573,0.9537,0.6252,0.6799,72.12,46.83,2141.96,3326.8,270.0,174.2
2024-11-01,20113,Meridian Private Label,1361.7,1236.4,21.26,22.4229,0.9573,0.908,0.6252,0.5356,24.32,18.18,1583.52,1291.5,1492.45,-110.78
2024-12-01,20113,Meridian Private Label,766.9,704.1,21.26,23.1215,0.9573,0.9181,0.6252,0.6761,16.57,10.35,1427.58,735.5,667.56,35.84
2025-01-01,20113,Meridian Private Label,963.3,898.1,21.26,21.9244,0.9573,0.9323,0.6252,0.6735,11.1,13.21,640.02,938.2,533.63,43.38
2025-03-01,20113,Meridian Private Label,524.8,497.2,21.26,22.753,0.9573,0.9475,0.6252,0.5777,5.7,7.31,783.53,519.4,114.8,-23.62
2025-04-01,20113,Meridian Private Label,1005.9,941.7,21.26,24.2547,0.9573,0.9362,0.6252,0.754,22.73,13.85,3012.37,983.7,471.97,121.29
2025-05-01,20113,Meridian Private Label,1601.4,1424.1,21.26,24.2643,0.9573,0.8893,0.6252,0.6457,16.12,20.94,4811.09,1487.6,2419.39,29.19
2025-06-01,20113,Meridian Private Label,1082.5,969.5,21.26,23.882,0.9573,0.8956,0.6252,0.6745,11.72,14.26,2838.32,1012.7,1483.95,47.8
2025-07-01,20113,Meridian Private Label,1521.2,1450.2,23.2103,23.421,0.9573,0.9533,0.6252,0.6563,17.28,21.33,320.52,1514.9,146.22,45.1
2025-08-01,20113,Meridian Private Label,1066.0,1034.6,23.2103,22.6699,0.9573,0.9706,0.6252,0.6267,19.85,15.21,-576.07,1080.7,-341.19,1.55
2025-09-01,20113,Meridian Private Label,637.0,602.3,23.2103,20.6342,0.9573,0.9457,0.6252,0.67,12.53,8.86,-1640.98,629.2,181.04,26.98
2025-10-01,20113,Meridian Private Label,1750.5,1641.7,23.2103,20.5008,0.9573,0.9378,0.6252,0.5205,36.79,24.14,-4742.98,1714.9,826.29,-171.89
2025-11-01,20113,Meridian Private Label,1431.5,1371.0,23.2103,19.5087,0.9573,0.9577,0.6252,0.6582,15.46,20.16,-5298.84,1432.2,-16.25,45.24
2025-12-01,20113,Meridian Private Label,3338.5,3149.9,23.2103,19.2244,0.9573,0.9435,0.6252,0.7372,45.79,46.32,-13306.93,3290.4,1116.42,352.79
2026-01-01,20113,Meridian Private Label,578.5,559.4,23.2103,19.3963,0.9573,0.967,0.6252,0.6344,13.96,8.23,-2206.4,584.4,-136.94,5.15
2026-04-01,20113,Meridian Private Label,1775.7,1695.1,23.2103,20.8873,0.9573,0.9546,0.6252,0.7246,19.53,24.93,-4124.95,1770.7,116.05,168.49
2026-05-01,20113,Meridian Private Label,808.9,768.6,23.2103,20.7101,0.9573,0.9502,0.6252,0.6097,9.19,11.3,-2022.41,802.9,139.26,-11.91
2026-06-01,20113,Meridian Private Label,802.1,781.9,23.2103,19.7488,0.9573,0.9749,0.6252,0.6397,15.38,11.5,-2776.47,816.8,-341.19,11.34
2023-07-01,20114,Ashworth Tools & Hardware,356.8,343.6,44.8802,45.0704,0.931,0.963,0.5633,0.5656,5.52,5.05,67.86,369.1,-552.03,0.79
2023-09-01,20114,Ashworth Tools & Hardware,274.0,261.9,44.8802,45.3498,0.931,0.9559,0.5633,0.6153,3.86,3.85,128.67,281.3,-327.63,13.62
2023-10-01,20114,Ashworth Tools & Hardware,327.8,314.9,44.8802,43.4398,0.931,0.9606,0.5633,0.629,4.92,4.63,-472.16,338.2,-466.75,20.69
2023-11-01,20114,Ashworth Tools & Hardware,238.7,226.8,44.8802,42.3712,0.931,0.9501,0.5633,0.6384,2.47,3.33,-598.9,243.6,-219.91,17.03
2023-12-01,20114,Ashworth Tools & Hardware,705.1,677.5,44.8802,43.4792,0.931,0.9609,0.5633,0.5776,11.04,9.96,-987.85,727.7,-1014.29,9.69
2024-01-01,20114,Ashworth Tools & Hardware,263.0,236.2,44.8802,43.883,0.931,0.8982,0.5633,0.5982,2.72,3.47,-262.26,253.7,417.39,8.24
2024-02-01,20114,Ashworth Tools & Hardware,154.7,142.4,44.8802,42.7995,0.931,0.9209,0.5633,0.4932,1.53,2.09,-321.88,153.0,76.3,-9.98
2024-03-01,20114,Ashworth Tools & Hardware,409.7,382.5,44.8802,40.5069,0.931,0.9336,0.5633,0.4914,8.85,5.62,-1791.74,410.8,-49.37,-27.5
2024-04-01,20114,Ashworth Tools & Hardware,424.8,386.6,44.8802,37.4397,0.931,0.91,0.5633,0.5671,5.0,5.69,-3160.72,415.3,426.36,1.47
2024-05-01,20114,Ashworth Tools & Hardware,126.7,115.9,44.8802,37.9318,0.931,0.9146,0.5633,0.5105,1.45,1.7,-880.36,124.5,98.74,-6.12
2024-06-01,20114,Ashworth Tools & Hardware,629.7,590.0,44.8802,37.0847,0.931,0.937,0.5633,0.6441,7.89,8.68,-4908.83,633.7,-179.52,47.67
2024-07-01,20114,Ashworth Tools & Hardware,436.4,399.7,36.4135,36.5792,0.931,0.916,0.5633,0.5973,9.05,5.88,72.31,429.3,258.54,13.59
2024-08-01,20114,Ashworth Tools & Hardware,322.3,293.6,36.4135,35.9366,0.931,0.9111,0.5633,0.5355,3.25,4.32,-153.7,315.4,251.25,-8.16
2024-09-01,20114,Ashworth Tools & Hardware,218.1,200.7,36.4135,34.2895,0.931,0.9204,0.5633,0.5736,3.19,2.95,-463.24,215.6,91.03,2.07
2024-10-01,20114,Ashworth Tools & Hardware,936.1,847.0,36.4135,34.9327,0.931,0.9048,0.5633,0.5813,18.82,12.46,-1386.18,909.8,957.68,15.25
2024-11-01,20114,Ashworth Tools & Hardware,763.5,688.6,36.4135,32.6678,0.931,0.9019,0.5633,0.6051,10.51,10.13,-2859.84,739.6,870.28,28.78
2024-12-01,20114,Ashworth Tools & Hardware,581.6,518.6,36.4135,32.6811,0.931,0.8917,0.5633,0.6027,9.41,7.63,-2170.76,557.0,895.77,20.43
2025-01-01,20114,Ashworth Tools & Hardware,676.3,657.3,36.4135,33.3401,0.931,0.9718,0.5633,0.5567,7.95,9.67,-2078.54,706.0,-1081.48,-4.34
2025-02-01,20114,Ashworth Tools & Hardware,320.0,310.8,36.4135,32.4343,0.931,0.9711,0.5633,0.5039,6.06,4.57,-1273.34,333.8,-502.51,-18.46
2025-03-01,20114,Ashworth Tools & Hardware,827.9,794.1,36.4135,32.0978,0.931,0.9592,0.5633,0.4915,15.67,11.68,-3572.97,853.0,-913.98,-57.02
2025-04-01,20114,Ashworth Tools & Hardware,203.0,195.0,36.4135,32.775,0.931,0.9603,0.5633,0.5764,2.64,2.87,-738.62,209.5,-236.69,2.55
2025-05-01,20114,Ashworth Tools & Hardware,246.5,242.0,36.4135,33.5357,0.931,0.9817,0.5633,0.543,2.54,3.56,-709.38,259.9,-487.94,-4.91
2025-06-01,20114,Ashworth Tools & Hardware,335.8,326.8,36.4135,32.3829,0.931,0.973,0.5633,0.5853,4.39,4.81,-1353.48,351.0,-553.49,7.19
2025-07-01,20114,Ashworth Tools & Hardware,423.3,379.8,31.23,30.7814,0.931,0.8971,0.5633,0.6051,4.92,5.58,-189.89,407.9,480.94,15.88
2025-08-01,20114,Ashworth Tools & Hardware,982.9,876.5,31.23,29.1985,0.931,0.8917,0.5633,0.6675,13.4,12.89,-1996.76,941.5,1292.92,91.33
2025-10-01,20114,Ashworth Tools & Hardware,443.4,406.2,31.23,32.2521,0.931,0.916,0.5633,0.6416,5.95,5.97,453.2,436.3,221.73,31.81
2025-11-01,20114,Ashworth Tools & Hardware,185.1,167.3,31.23,31.8462,0.931,0.9037,0.5633,0.5152,2.49,2.46,114.06,179.7,168.64,-8.05
2025-12-01,20114,Ashworth Tools & Hardware,393.8,352.2,31.23,35.3141,0.931,0.8943,0.5633,0.6709,7.49,5.18,1608.32,378.3,484.06,37.9
2026-01-01,20114,Ashworth Tools & Hardware,785.7,725.5,31.23,37.5561,0.931,0.9234,0.5633,0.5947,14.4,10.67,4970.42,779.3,199.87,22.78
2026-02-01,20114,Ashworth Tools & Hardware,1179.5,1133.1,31.23,39.1399,0.931,0.9606,0.5633,0.6223,19.23,16.66,9329.73,1217.1,-1174.25,66.85
2026-03-01,20114,Ashworth Tools & Hardware,193.6,177.6,31.23,37.8573,0.931,0.9175,0.5633,0.5979,2.33,2.61,1283.05,190.8,87.44,6.14
2026-04-01,20114,Ashworth Tools & Hardware,542.6,500.4,31.23,36.3254,0.931,0.9221,0.5633,0.538,6.75,7.36,2764.76,537.5,159.27,-12.66
2026-05-01,20114,Ashworth Tools & Hardware,590.4,552.3,31.23,35.819,0.931,0.9354,0.5633,0.6084,6.32,8.12,2709.35,593.2,-87.44,24.91
2026-06-01,20114,Ashworth Tools & Hardware,713.5,650.6,31.23,35.7043,0.931,0.9118,0.5633,0.6096,7.16,9.57,3192.41,698.8,459.08,30.12
2023-07-01,20115,Cascadia Pet Products,678.2,602.3,38.7853,38.9672,0.9035,0.888,0.4798,0.4495,6.47,8.86,123.36,666.6,449.91,-18.25
2023-08-01,20115,Cascadia Pet Products,1379.5,1255.1,38.7853,37.9519,0.9035,0.9098,0.4798,0.4611,30.19,18.46,-1149.68,1389.2,-376.22,-23.47
2023-09-01,20115,Cascadia Pet Products,7668.1,6860.2,38.7853,39.0796,0.9035,0.8946,0.4798,0.4317,72.02,100.88,2256.72,7592.9,2916.65,-329.98
2023-10-01,20115,Cascadia Pet Products,7456.3,6652.2,38.7853,37.6802,0.9035,0.8922,0.4798,0.5162,72.59,97.83,-8239.96,7362.7,3630.3,242.14
2023-12-01,20115,Cascadia Pet Products,3034.8,2706.9,38.7853,35.6032,0.9035,0.892,0.4798,0.5154,34.2,39.81,-9657.04,2996.0,1504.87,96.37
2024-01-01,20115,Cascadia Pet Products,1649.8,1487.1,38.7853,34.1647,0.9035,0.9014,0.4798,0.5237,31.41,21.87,-7623.07,1645.9,151.26,65.28
2024-02-01,20115,Cascadia Pet Products,1428.5,1307.0,38.7853,32.2362,0.9035,0.9149,0.4798,0.4224,18.05,19.22,-9355.39,1446.6,-702.01,-75.02
2024-03-01,20115,Cascadia Pet Products,963.9,848.1,38.7853,32.2265,0.9035,0.8799,0.4798,0.4908,20.23,12.47,-6322.03,938.7,977.39,9.33
2024-04-01,20115,Cascadia Pet Products,1593.4,1391.0,38.7853,31.338,0.9035,0.873,0.4798,0.5649,15.36,20.46,-11866.53,1539.6,2086.65,118.37
2024-05-01,20115,Cascadia Pet Products,1024.2,908.4,38.7853,32.1922,0.9035,0.887,0.4798,0.4561,14.31,13.36,-6752.65,1005.4,729.16,-21.53
2024-06-01,20115,Cascadia Pet Products,9601.6,8153.7,38.7853,31.5525,0.9035,0.8492,0.4798,0.4605,99.26,119.91,-69446.45,9024.6,22379.12,-157.37
2024-08-01,20115,Cascadia Pet Products,3893.5,3468.0,31.6568,31.4992,0.9035,0.8907,0.4798,0.5211,62.11,51.0,-613.62,3838.4,1744.29,143.23
2024-09-01,20115,Cascadia Pet Products,1784.8,1640.7,31.6568,29.8761,0.9035,0.9193,0.4798,0.5452,23.69,24.13,-3178.19,1815.9,-984.53,107.3
2024-10-01,20115,Cascadia Pet Products,2977.7,2758.4,31.6568,28.8413,0.9035,0.9263,0.4798,0.418,33.21,40.56,-8383.71,3053.0,-2383.76,-170.47
2024-12-01,20115,Cascadia Pet Products,1274.7,1185.5,31.6568,31.5251,0.9035,0.93,0.4798,0.5286,12.76,17.43,-167.88,1312.1,-1183.96,57.85
2025-02-01,20115,Cascadia Pet Products,757.4,680.9,31.6568,30.5678,0.9035,0.8989,0.4798,0.5257,7.36,10.01,-824.81,753.6,120.3,31.25
2025-03-01,20115,Cascadia Pet Products,1291.8,1157.4,31.6568,30.0308,0.9035,0.896,0.4798,0.4936,16.93,17.02,-2100.47,1281.0,341.89,15.97
2025-04-01,20115,Cascadia Pet Products,5521.1,4799.4,31.6568,30.1177,0.9035,0.8693,0.4798,0.4894,69.87,70.58,-8497.53,5312.0,6619.44,46.07
2025-05-01,20115,Cascadia Pet Products,1182.3,1074.5,31.6568,28.7308,0.9035,0.9088,0.4798,0.4505,11.68,15.8,-3459.41,1189.3,-221.6,-31.48
2025-06-01,20115,Cascadia Pet Products,1387.0,1208.5,31.6568,27.8423,0.9035,0.8713,0.4798,0.5025,13.71,17.77,-5290.71,1337.6,1563.85,27.43
2025-07-01,20115,Cascadia Pet Products,940.5,831.9,30.7377,30.395,0.9035,0.8845,0.4798,0.5371,11.36,12.23,-322.31,920.8,605.53,47.67
2025-08-01,20115,Cascadia Pet Products,800.1,711.2,30.7377,32.5285,0.9035,0.8888,0.4798,0.4966,8.22,10.46,1432.82,787.2,396.52,11.95
2025-09-01,20115,Cascadia Pet Products,1117.5,1028.0,30.7377,31.405,0.9035,0.92,0.4798,0.4197,18.21,15.12,745.71,1137.8,-623.98,-61.78
2025-10-01,20115,Cascadia Pet Products,1926.3,1764.0,30.7377,30.5423,0.9035,0.9157,0.4798,0.4848,19.93,25.94,-376.4,1952.4,-802.25,8.82
2025-12-01,20115,Cascadia Pet Products,1466.7,1365.4,30.7377,29.1093,0.9035,0.9309,0.4798,0.5077,15.51,20.08,-2388.37,1511.2,-1367.83,38.09
2026-01-01,20115,Cascadia Pet Products,3547.9,3166.1,30.7377,28.2306,0.9035,0.8924,0.4798,0.4785,37.79,46.56,-8894.94,3504.3,1340.16,-4.12
2026-02-01,20115,Cascadia Pet Products,1226.3,1108.2,30.7377,26.279,0.9035,0.9037,0.4798,0.5299,16.18,16.3,-5467.7,1226.6,-9.22,55.52
2026-03-01,20115,Cascadia Pet Products,1504.4,1410.0,30.7377,24.6611,0.9035,0.9372,0.4798,0.5116,20.66,20.74,-9141.64,1560.6,-1727.46,44.84
2026-04-01,20115,Cascadia Pet Products,1659.6,1512.3,30.7377,24.284,0.9035,0.9112,0.4798,0.5823,19.75,22.24,-10710.56,1673.8,-436.48,155.01
2023-07-01,20116,Shenzhen Kaiyuan Electronics,1831.6,1699.1,4.7683,4.7559,0.9485,0.9277,0.2475,0.2491,38.73,24.99,-22.71,1791.4,191.69,2.72
2023-08-01,20116,Shenzhen Kaiyuan Electronics,4099.2,3842.2,4.7683,4.7247,0.9485,0.9373,0.2475,0.227,81.78,56.5,-178.73,4050.8,230.79,-78.77
2023-09-01,20116,Shenzhen Kaiyuan Electronics,1652.2,1504.8,4.7683,4.4522,0.9485,0.9108,0.2475,0.2405,35.27,22.13,-522.26,1586.5,313.28,-10.53
2023-10-01,20116,Shenzhen Kaiyuan Electronics,7032.2,6544.2,4.7683,4.1447,0.9485,0.9306,0.2475,0.2558,92.26,96.24,-4385.28,6899.5,632.75,54.32
2023-11-01,20116,Shenzhen Kaiyuan Electronics,4073.9,3889.3,4.7683,3.8147,0.9485,0.9547,0.2475,0.2509,92.91,57.2,-3884.87,4100.5,-126.84,13.22
2023-12-01,20116,Shenzhen Kaiyuan Electronics,3702.1,3563.1,4.7683,3.9046,0.9485,0.9625,0.2475,0.2942,71.47,52.4,-3197.5,3756.6,-259.87,166.4
2024-01-01,20116,Shenzhen Kaiyuan Electronics,3585.7,3370.5,4.7683,4.013,0.9485,0.94,0.2475,0.2321,48.27,49.57,-2708.28,3553.5,153.54,-51.91
2024-02-01,20116,Shenzhen Kaiyuan Electronics,2273.3,2088.4,4.7683,4.065,0.9485,0.9186,0.2475,0.2633,34.69,30.71,-1598.81,2201.8,340.93,33.0
2024-03-01,20116,Shenzhen Kaiyuan Electronics,3773.5,3447.8,4.7683,4.2269,0.9485,0.9137,0.2475,0.2481,52.31,50.7,-2042.97,3635.0,660.41,2.07
2024-04-01,20116,Shenzhen Kaiyuan Electronics,965.2,900.5,4.7683,4.5477,0.9485,0.9329,0.2475,0.2204,10.09,13.24,-212.92,949.4,75.34,-24.4
2024-05-01,20116,Shenzhen Kaiyuan Electronics,5132.9,4859.6,4.7683,4.6141,0.9485,0.9468,0.2475,0.2583,126.83,71.47,-791.49,5123.5,44.82,52.48
2024-06-01,20116,Shenzhen Kaiyuan Electronics,2681.5,2628.7,4.7683,4.5866,0.9485,0.9803,0.2475,0.2397,29.36,38.66,-487.23,2771.4,-428.67,-20.5
2024-07-01,20116,Shenzhen Kaiyuan Electronics,6533.3,6105.9,4.5187,4.5458,0.9485,0.9346,0.2475,0.2515,124.06,89.79,177.05,6437.4,433.34,24.42
2024-10-01,20116,Shenzhen Kaiyuan Electronics,1333.2,1281.3,4.5187,4.7637,0.9485,0.9611,0.2475,0.2632,19.05,18.84,326.63,1350.9,-79.98,20.12
2024-12-01,20116,Shenzhen Kaiyuan Electronics,2179.2,2138.8,4.5187,4.666,0.9485,0.9814,0.2475,0.2648,32.72,31.45,321.0,2254.9,-342.07,37.0
2025-01-01,20116,Shenzhen Kaiyuan Electronics,12480.9,11298.0,4.5187,4.8363,0.9485,0.9052,0.2475,0.2577,248.94,166.15,3963.93,11911.4,2573.4,115.24
2025-02-01,20116,Shenzhen Kaiyuan Electronics,2352.2,2184.0,4.5187,4.6828,0.9485,0.9285,0.2475,0.2304,32.27,32.12,386.0,2302.6,224.13,-37.35
2025-03-01,20116,Shenzhen Kaiyuan Electronics,1719.5,1597.4,4.5187,4.7563,0.9485,0.929,0.2475,0.24,23.31,23.49,408.55,1684.1,159.96,-11.98
2025-04-01,20116,Shenzhen Kaiyuan Electronics,3877.3,3613.8,4.5187,5.1944,0.9485,0.932,0.2475,0.2749,59.75,53.14,2619.89,3810.0,304.11,99.02
2025-05-01,20116,Shenzhen Kaiyuan Electronics,1890.5,1734.0,4.5187,5.2539,0.9485,0.9172,0.2475,0.2426,34.45,25.5,1389.9,1828.1,281.97,-8.5
2025-06-01,20116,Shenzhen Kaiyuan Electronics,1645.0,1517.4,4.5187,5.4567,0.9485,0.9224,0.2475,0.2772,30.98,22.31,1543.01,1599.8,204.25,45.07
2025-07-01,20116,Shenzhen Kaiyuan Electronics,3592.3,3390.5,5.3074,5.3468,0.9485,0.9438,0.2475,0.2286,55.04,49.86,141.54,3574.6,93.94,-64.08
2025-10-01,20116,Shenzhen Kaiyuan Electronics,2943.6,2716.1,5.3074,5.0065,0.9485,0.9227,0.2475,0.2543,42.46,39.94,-885.73,2863.6,424.59,18.47
2025-11-01,20116,Shenzhen Kaiyuan Electronics,5020.4,4612.8,5.3074,4.8121,0.9485,0.9188,0.2475,0.2533,77.31,67.84,-2486.6,4863.3,833.79,26.75
2025-12-01,20116,Shenzhen Kaiyuan Electronics,6961.7,6517.5,5.3074,4.9758,0.9485,0.9362,0.2475,0.2404,153.7,95.85,-2308.5,6871.4,479.26,-46.27
2026-01-01,20116,Shenzhen Kaiyuan Electronics,3791.1,3567.4,5.3074,5.2219,0.9485,0.941,0.2475,0.285,38.92,52.46,-324.14,3761.1,159.22,133.78
2026-02-01,20116,Shenzhen Kaiyuan Electronics,2545.4,2453.0,5.3074,5.3273,0.9485,0.9637,0.2475,0.2679,25.77,36.07,50.65,2586.2,-216.54,50.04
2026-03-01,20116,Shenzhen Kaiyuan Electronics,4757.5,4546.7,5.3074,5.3229,0.9485,0.9557,0.2475,0.218,84.12,66.86,73.74,4793.6,-191.6,-134.13
2026-04-01,20116,Shenzhen Kaiyuan Electronics,2432.7,2339.5,5.3074,5.4092,0.9485,0.9617,0.2475,0.2614,24.95,34.4,247.65,2466.5,-179.39,32.52
2026-06-01,20116,Shenzhen Kaiyuan Electronics,1131.2,1125.6,5.3074,5.3688,0.9485,0.995,0.2475,0.2617,21.64,16.55,69.46,1186.7,-294.56,15.98
2023-07-01,20117,Harlow Textile Group,2127.3,1969.1,8.9315,8.9229,0.9336,0.9256,0.2514,0.2328,22.29,28.96,-18.29,2109.1,162.55,-36.63
2023-08-01,20117,Harlow Textile Group,1742.6,1664.7,8.9315,8.5805,0.9336,0.9553,0.2514,0.25,39.73,24.48,-611.65,1783.1,-361.73,-2.33
2023-09-01,20117,Harlow Textile Group,1047.7,973.9,8.9315,7.6681,0.9336,0.9295,0.2514,0.2525,11.38,14.32,-1323.66,1043.2,40.19,1.07
2023-10-01,20117,Harlow Textile Group,982.5,917.3,8.9315,7.7997,0.9336,0.9336,0.2514,0.2403,12.02,13.49,-1111.99,982.5,0.0,-10.18
2023-11-01,20117,Harlow Textile Group,272.7,262.0,8.9315,7.4892,0.9336,0.9606,0.2514,0.2234,3.34,3.85,-393.32,280.6,-70.56,-7.34
2024-01-01,20117,Harlow Textile Group,748.3,697.5,8.9315,7.707,0.9336,0.932,0.2514,0.3082,10.75,10.26,-916.29,747.1,10.72,39.62
2024-02-01,20117,Harlow Textile Group,187.6,175.1,8.9315,7.8761,0.9336,0.9336,0.2514,0.3019,2.92,2.58,-197.99,187.6,0.0,8.84
2024-03-01,20117,Harlow Textile Group,463.2,432.8,8.9315,7.8413,0.9336,0.9342,0.2514,0.2561,11.19,6.36,-504.98,463.6,-3.57,2.03
2024-04-01,20117,Harlow Textile Group,864.1,829.5,8.9315,8.2004,0.9336,0.96,0.2514,0.2979,12.21,12.2,-631.74,888.5,-217.93,38.57
2024-05-01,20117,Harlow Textile Group,442.9,414.5,8.9315,8.2664,0.9336,0.9358,0.2514,0.2853,7.16,6.1,-294.57,444.0,-9.82,14.05
2024-06-01,20117,Harlow Textile Group,473.5,448.9,8.9315,8.4003,0.9336,0.9479,0.2514,0.236,7.69,6.6,-251.52,480.8,-65.2,-6.91
2024-07-01,20117,Harlow Textile Group,760.9,670.7,8.1875,8.1847,0.9336,0.8815,0.2514,0.2759,14.31,9.86,-2.13,718.4,347.97,16.43
2024-08-01,20117,Harlow Textile Group,1054.5,999.4,8.1875,8.0808,0.9336,0.9477,0.2514,0.2908,13.25,14.7,-112.52,1070.5,-131.0,39.38
2024-09-01,20117,Harlow Textile Group,628.5,566.5,8.1875,8.0005,0.9336,0.9013,0.2514,0.224,6.77,8.33,-117.53,606.8,177.67,-15.52
2024-10-01,20117,Harlow Textile Group,667.0,594.8,8.1875,7.7784,0.9336,0.8918,0.2514,0.2323,6.73,8.75,-272.87,637.1,244.81,-11.36
2024-11-01,20117,Harlow Textile Group,716.0,667.6,8.1875,7.5695,0.9336,0.9324,0.2514,0.2375,8.96,9.82,-442.49,715.1,7.37,-9.28
2025-02-01,20117,Harlow Textile Group,477.1,443.8,8.1875,7.5229,0.9336,0.9304,0.2514,0.2526,5.71,6.53,-317.08,475.4,13.92,0.53
2025-03-01,20117,Harlow Textile Group,712.4,676.2,8.1875,7.5885,0.9336,0.9491,0.2514,0.2661,12.35,9.94,-426.73,724.3,-97.43,9.94
2025-04-01,20117,Harlow Textile Group,1168.8,1050.8,8.1875,7.8813,0.9336,0.899,0.2514,0.243,12.47,15.45,-357.89,1125.5,354.52,-8.83
2025-05-01,20117,Harlow Textile Group,490.7,454.6,8.1875,7.9446,0.9336,0.9265,0.2514,0.2534,4.93,6.69,-119.19,486.9,31.11,0.91
2025-08-01,20117,Harlow Textile Group,1702.3,1573.6,7.815,8.0816,0.9336,0.9244,0.2514,0.261,23.2,23.14,453.83,1685.5,131.29,15.11
2025-10-01,20117,Harlow Textile Group,659.0,630.3,7.815,7.257,0.9336,0.9564,0.2514,0.2865,13.96,9.27,-367.72,675.1,-125.82,22.12
2025-11-01,20117,Harlow Textile Group,425.8,407.2,7.815,7.3141,0.9336,0.9565,0.2514,0.2841,9.07,5.99,-213.28,436.2,-81.28,13.32
2025-12-01,20117,Harlow Textile Group,766.7,731.6,7.815,7.3187,0.9336,0.9543,0.2514,0.2498,9.74,10.76,-380.51,783.6,-132.07,-1.17
2026-01-01,20117,Harlow Textile Group,724.4,686.9,7.815,7.3669,0.9336,0.9482,0.2514,0.2117,8.46,10.1,-324.6,735.8,-89.09,-27.27
2026-02-01,20117,Harlow Textile Group,676.9,653.4,7.815,7.4609,0.9336,0.9653,0.2514,0.2545,12.49,9.61,-239.69,699.9,-179.74,2.03
2026-03-01,20117,Harlow Textile Group,799.9,750.1,7.815,7.4948,0.9336,0.9377,0.2514,0.2349,16.07,11.03,-256.13,803.4,-27.35,-12.38
2026-04-01,20117,Harlow Textile Group,669.2,620.1,7.815,7.851,0.9336,0.9267,0.2514,0.2347,11.95,9.12,24.09,664.2,39.08,-10.36
2026-05-01,20117,Harlow Textile Group,1247.3,1114.6,7.815,7.8345,0.9336,0.8936,0.2514,0.2587,18.85,16.39,24.32,1193.9,417.32,8.14
2026-06-01,20117,Harlow Textile Group,433.3,412.7,7.815,7.9649,0.9336,0.9525,0.2514,0.206,7.45,6.07,64.95,442.1,-68.77,-18.74
2023-07-01,20118,Ningbo Hometech Manufacturing,1017.5,897.3,35.3495,35.4623,0.9042,0.8819,0.2906,0.282,10.2,13.2,114.77,992.4,887.27,-7.72
2023-08-01,20118,Ningbo Hometech Manufacturing,597.3,537.5,35.3495,35.2327,0.9042,0.9,0.2906,0.2837,8.75,7.91,-69.76,594.4,102.51,-3.71
2023-09-01,20118,Ningbo Hometech Manufacturing,754.9,650.6,35.3495,33.5583,0.9042,0.8619,0.2906,0.3406,6.95,9.57,-1352.18,719.5,1251.37,32.53
2023-10-01,20118,Ningbo Hometech Manufacturing,2253.3,2046.4,35.3495,34.221,0.9042,0.9082,0.2906,0.2378,43.79,30.09,-2542.85,2263.2,-349.96,-108.05
2023-11-01,20118,Ningbo Hometech Manufacturing,3454.9,3018.4,35.3495,32.472,0.9042,0.8737,0.2906,0.3186,34.03,44.39,-9941.47,3338.2,4125.29,84.52
2023-12-01,20118,Ningbo Hometech Manufacturing,2849.4,2537.3,35.3495,31.2395,0.9042,0.8905,0.2906,0.3056,26.91,37.31,-11711.03,2806.1,1530.63,38.06
2024-01-01,20118,Ningbo Hometech Manufacturing,1468.9,1302.1,35.3495,33.1129,0.9042,0.8864,0.2906,0.2375,13.92,19.15,-3285.34,1440.1,1018.07,-69.14
2024-02-01,20118,Ningbo Hometech Manufacturing,806.7,713.6,35.3495,33.7736,0.9042,0.8845,0.2906,0.2781,15.21,10.49,-1271.28,789.2,618.62,-8.92
2024-03-01,20118,Ningbo Hometech Manufacturing,1623.8,1416.4,35.3495,36.356,0.9042,0.8723,0.2906,0.3031,15.46,20.83,1634.35,1566.5,2025.53,17.7
2024-04-01,20118,Ningbo Hometech Manufacturing,3382.5,2998.3,35.3495,38.6808,0.9042,0.8864,0.2906,0.2836,44.62,44.09,11268.12,3316.0,2350.74,-20.99
2024-05-01,20118,Ningbo Hometech Manufacturing,5531.5,5012.3,35.3495,33.9736,0.9042,0.9062,0.2906,0.2732,89.12,73.71,-7610.79,5543.4,-420.66,-87.21
2024-06-01,20118,Ningbo Hometech Manufacturing,2104.5,1893.5,35.3495,34.9162,0.9042,0.8998,0.2906,0.2831,47.25,27.85,-911.88,2094.1,367.63,-14.2
2024-07-01,20118,Ningbo Hometech Manufacturing,3574.3,3310.6,34.9578,35.15,0.9042,0.9262,0.2906,0.311,86.65,48.69,686.98,3661.4,-3044.82,67.54
2024-08-01,20118,Ningbo Hometech Manufacturing,1585.4,1409.9,34.9578,36.9627,0.9042,0.8893,0.2906,0.2879,17.34,20.73,3178.57,1559.3,912.4,-3.81
2024-09-01,20118,Ningbo Hometech Manufacturing,560.2,506.0,34.9578,39.6983,0.9042,0.9032,0.2906,0.2621,10.12,7.44,2655.63,559.6,20.97,-14.42
2024-10-01,20118,Ningbo Hometech Manufacturing,1537.2,1405.4,34.9578,39.1931,0.9042,0.9142,0.2906,0.3259,15.49,20.67,6510.5,1554.3,-597.78,49.61
2024-11-01,20118,Ningbo Hometech Manufacturing,1621.3,1454.7,34.9578,39.6488,0.9042,0.8973,0.2906,0.2895,27.0,21.39,7605.52,1608.8,436.97,-1.6
2025-01-01,20118,Ningbo Hometech Manufacturing,4054.8,3609.5,34.9578,39.6648,0.9042,0.8902,0.2906,0.27,68.18,53.08,19085.94,3991.9,2198.85,-74.36
2025-05-01,20118,Ningbo Hometech Manufacturing,846.6,790.1,34.9578,43.036,0.9042,0.9332,0.2906,0.3103,14.05,11.62,6839.0,873.8,-950.85,15.56
2025-06-01,20118,Ningbo Hometech Manufacturing,1557.3,1465.3,34.9578,43.217,0.9042,0.9409,0.2906,0.2804,23.08,21.55,12862.05,1620.5,-2209.33,-14.95
2025-11-01,20118,Ningbo Hometech Manufacturing,1075.2,1009.9,43.8854,40.8152,0.9042,0.9393,0.2906,0.2874,11.0,14.85,-3301.08,1116.9,-1830.02,-3.23
2025-12-01,20118,Ningbo Hometech Manufacturing,1344.1,1206.2,43.8854,40.5254,0.9042,0.8974,0.2906,0.3008,31.26,17.74,-4516.18,1334.0,443.24,12.3
2026-01-01,20118,Ningbo Hometech Manufacturing,2784.9,2562.3,43.8854,41.0998,0.9042,0.92,0.2906,0.34,48.66,37.68,-7757.62,2833.8,-2146.0,126.58
2026-03-01,20118,Ningbo Hometech Manufacturing,876.5,831.9,43.8854,43.315,0.9042,0.9491,0.2906,0.3172,10.12,12.23,-499.96,920.0,-1909.01,22.13
2026-04-01,20118,Ningbo Hometech Manufacturing,1082.6,994.5,43.8854,46.6078,0.9042,0.9186,0.2906,0.2455,17.29,14.63,2947.27,1099.9,-759.22,-44.85
2026-05-01,20118,Ningbo Hometech Manufacturing,1375.0,1253.4,43.8854,45.8171,0.9042,0.9116,0.2906,0.2941,16.49,18.43,2656.09,1386.2,-491.52,4.39
2023-07-01,20119,Meridian Private Label,2337.2,2216.4,27.2511,26.8912,0.917,0.9483,0.4095,0.4022,41.77,32.59,-841.16,2417.0,-2174.64,-16.18
2023-08-01,20119,Meridian Private Label,3694.3,3339.9,27.2511,27.8074,0.917,0.9041,0.4095,0.463,52.63,49.12,2055.14,3642.2,1419.78,178.68
2023-09-01,20119,Meridian Private Label,2698.1,2388.8,27.2511,27.3359,0.917,0.8854,0.4095,0.3761,26.96,35.13,228.8,2605.0,2537.08,-79.79
2023-10-01,20119,Meridian Private Label,2503.4,2347.5,27.2511,25.3014,0.917,0.9377,0.4095,0.4857,24.65,34.52,-4880.88,2560.0,-1542.41,178.88
2023-12-01,20119,Meridian Private Label,1299.6,1191.0,27.2511,25.9486,0.917,0.9164,0.4095,0.3991,13.03,17.51,-1692.73,1298.8,21.8,-12.39
2024-01-01,20119,Meridian Private Label,1095.3,967.0,27.2511,24.4728,0.917,0.8829,0.4095,0.4036,16.06,14.22,-3043.07,1054.5,1111.84,-5.71
2024-02-01,20119,Meridian Private Label,3183.9,2876.3,27.2511,23.7115,0.917,0.9034,0.4095,0.3884,34.25,42.3,-11269.73,3136.6,1288.98,-60.69
2024-03-01,20119,Meridian Private Label,2815.2,2537.0,27.2511,23.0838,0.917,0.9012,0.4095,0.4118,58.99,37.31,-11731.78,2766.6,1324.4,5.84
2024-04-01,20119,Meridian Private Label,2258.2,2051.1,27.2511,22.2441,0.917,0.9083,0.4095,0.4549,37.17,30.16,-11306.81,2236.8,583.17,93.12
2024-05-01,20119,Meridian Private Label,2882.9,2633.6,27.2511,21.6489,0.917,0.9135,0.4095,0.3888,41.89,38.73,-16150.58,2872.0,297.04,-54.52
2024-06-01,20119,Meridian Private Label,15753.8,15016.3,27.2511,21.7093,0.917,0.9532,0.4095,0.3896,205.04,220.83,-87304.41,16375.5,-16942.01,-298.82
2024-07-01,20119,Meridian Private Label,979.0,930.9,22.0496,22.3424,0.917,0.9509,0.4095,0.4645,12.39,13.69,286.65,1015.2,-798.2,51.2
2024-08-01,20119,Meridian Private Label,2811.5,2692.8,22.0496,21.9408,0.917,0.9578,0.4095,0.4197,35.37,39.6,-305.89,2936.5,-2756.2,27.47
2024-09-01,20119,Meridian Private Label,1213.0,1099.9,22.0496,23.2256,0.917,0.9067,0.4095,0.4563,17.66,16.17,1426.49,1199.5,297.67,51.48
2024-10-01,20119,Meridian Private Label,4250.4,3746.8,22.0496,23.5234,0.917,0.8815,0.4095,0.4359,54.99,55.1,6264.24,4085.9,3627.16,98.92
2024-11-01,20119,Meridian Private Label,2771.1,2425.6,22.0496,25.2355,0.917,0.8753,0.4095,0.402,47.07,35.67,8828.45,2645.1,2778.25,-18.19
2025-01-01,20119,Meridian Private Label,3864.8,3461.5,22.0496,24.9758,0.917,0.8957,0.4095,0.4429,52.54,50.9,11309.18,3774.8,1984.46,115.61
2025-04-01,20119,Meridian Private Label,2265.3,1982.3,22.0496,21.2723,0.917,0.8751,0.4095,0.4782,43.53,29.15,-1760.82,2161.7,2284.34,136.18
2025-05-01,20119,Meridian Private Label,2162.3,2006.6,22.0496,20.9662,0.917,0.928,0.4095,0.3961,48.43,29.51,-2342.64,2188.2,-571.08,-26.89
2025-06-01,20119,Meridian Private Label,2420.1,2178.6,22.0496,21.0848,0.917,0.9002,0.4095,0.4344,24.12,32.04,-2334.91,2375.8,976.8,54.25
2025-07-01,20119,Meridian Private Label,5734.6,5111.1,21.6577,21.4397,0.917,0.8913,0.4095,0.4261,75.28,75.16,-1250.14,5573.7,3484.72,84.84
2025-08-01,20119,Meridian Private Label,1307.4,1229.0,21.6577,22.7112,0.917,0.9401,0.4095,0.4066,17.07,18.07,1377.35,1340.2,-710.37,-3.56
2025-09-01,20119,Meridian Private Label,3347.1,2970.3,21.6577,21.4497,0.917,0.8874,0.4095,0.4656,57.21,43.68,-696.2,3239.1,2339.03,166.63
2025-10-01,20119,Meridian Private Label,1869.2,1616.5,21.6577,19.9061,0.917,0.8648,0.4095,0.4386,27.79,23.77,-3274.09,1762.8,2304.38,47.04
2025-11-01,20119,Meridian Private Label,2600.7,2419.4,21.6577,19.0435,0.917,0.9303,0.4095,0.4126,44.32,35.58,-6798.75,2638.4,-816.5,7.5
2025-12-01,20119,Meridian Private Label,1283.9,1148.1,21.6577,18.5253,0.917,0.8942,0.4095,0.4548,28.97,16.88,-4021.69,1252.0,690.88,52.01
2026-01-01,20119,Meridian Private Label,2049.4,1921.3,21.6577,17.8112,0.917,0.9375,0.4095,0.3885,24.8,28.26,-7883.02,2095.2,-991.92,-40.35
2026-02-01,20119,Meridian Private Label,2268.0,2091.8,21.6577,17.3895,0.917,0.9223,0.4095,0.4171,32.13,30.76,-9680.28,2281.1,-283.72,15.9
2026-03-01,20119,Meridian Private Label,2015.7,1816.9,21.6577,16.7779,0.917,0.9014,0.4095,0.3863,34.63,26.72,-9836.21,1981.4,742.86,-42.15
2026-04-01,20119,Meridian Private Label,4814.9,4302.2,21.6577,16.2219,0.917,0.8935,0.4095,0.4186,77.1,63.27,-26172.83,4691.6,2670.39,39.15
2026-05-01,20119,Meridian Private Label,3051.0,2790.5,21.6577,16.3761,0.917,0.9146,0.4095,0.4411,30.95,41.04,-16114.16,3043.1,171.1,88.18
2026-06-01,20119,Meridian Private Label,2095.2,1828.3,21.6577,16.4631,0.917,0.8726,0.4095,0.4095,19.81,26.89,-10883.73,1993.8,2196.09,0.0
2023-07-01,20120,Meridian Private Label,2596.1,2250.5,35.0986,35.0571,0.8842,0.8669,0.3968,0.4444,48.3,33.1,-107.74,2545.2,1786.52,107.12
2023-08-01,20120,Meridian Private Label,1818.6,1756.8,35.0986,35.9845,0.8842,0.966,0.3968,0.3847,35.15,25.83,1611.1,1986.9,-5907.09,-21.26
2023-09-01,20120,Meridian Private Label,750.5,707.4,35.0986,38.4578,0.8842,0.9426,0.3968,0.391,12.26,10.4,2521.08,800.0,-1737.38,-4.1
2023-10-01,20120,Meridian Private Label,1150.1,1055.3,35.0986,39.6954,0.8842,0.9176,0.3968,0.4263,21.77,15.52,5286.78,1193.5,-1523.28,31.13
2023-11-01,20120,Meridian Private Label,1307.3,1223.3,35.0986,38.7442,0.8842,0.9358,0.3968,0.4063,14.05,17.99,4765.89,1383.5,-2674.51,11.62
2023-12-01,20120,Meridian Private Label,1137.8,1065.0,35.0986,39.2607,0.8842,0.936,0.3968,0.3664,15.03,15.66,4735.64,1204.5,-2341.08,-32.38
2024-01-01,20120,Meridian Private Label,909.0,801.1,35.0986,37.357,0.8842,0.8814,0.3968,0.4101,13.06,11.78,2052.89,906.0,105.3,10.65
2024-03-01,20120,Meridian Private Label,240.7,214.0,35.0986,36.1643,0.8842,0.8888,0.3968,0.4387,3.28,3.15,256.51,242.0,-45.63,8.97
2024-04-01,20120,Meridian Private Label,652.4,595.2,35.0986,34.9235,0.8842,0.9122,0.3968,0.3837,6.52,8.75,-114.24,673.2,-730.05,-7.8
2024-05-01,20120,Meridian Private Label,952.4,847.3,35.0986,34.6625,0.8842,0.8896,0.3968,0.3974,10.22,12.46,-415.34,958.3,-207.08,0.51
2024-06-01,20120,Meridian Private Label,592.8,524.5,35.0986,33.6463,0.8842,0.8848,0.3968,0.4051,7.38,7.71,-860.92,593.2,-14.04,4.35
2024-07-01,20120,Meridian Private Label,493.5,445.1,31.8238,32.1199,0.8842,0.9019,0.3968,0.3928,6.36,6.55,146.13,503.4,-315.06,-1.78
2024-08-01,20120,Meridian Private Label,614.1,560.4,31.8238,32.5242,0.8842,0.9125,0.3968,0.4448,8.27,8.24,430.12,633.8,-626.93,26.9
2024-09-01,20120,Meridian Private Label,861.2,824.8,31.8238,32.7135,0.8842,0.9578,0.3968,0.3704,12.85,12.13,766.21,932.8,-2278.58,-21.77
2024-10-01,20120,Meridian Private Label,1008.4,941.6,31.8238,31.8563,0.8842,0.9337,0.3968,0.4141,16.68,13.85,32.77,1064.9,-1798.04,16.29
2024-11-01,20120,Meridian Private Label,655.7,583.8,31.8238,32.043,0.8842,0.8903,0.3968,0.4209,7.58,8.59,143.73,660.3,-146.39,14.07
2024-12-01,20120,Meridian Private Label,1143.1,1022.1,31.8238,33.5297,0.8842,0.8941,0.3968,0.3855,17.05,15.03,1950.01,1156.0,-410.53,-11.55
2025-01-01,20120,Meridian Private Label,667.7,593.0,31.8238,31.7198,0.8842,0.8882,0.3968,0.3306,9.19,8.72,-69.44,670.7,-95.47,-39.26
2025-02-01,20120,Meridian Private Label,518.9,451.2,31.8238,30.0112,0.8842,0.8696,0.3968,0.4105,6.95,6.64,-940.56,510.3,273.68,6.18
2025-03-01,20120,Meridian Private Label,1362.6,1229.9,31.8238,29.9871,0.8842,0.9026,0.3968,0.4187,17.47,18.09,-2502.69,1391.0,-903.8,26.93
2025-04-01,20120,Meridian Private Label,2866.2,2536.4,31.8238,29.1448,0.8842,0.8849,0.3968,0.3695,34.42,37.3,-7678.55,2868.6,-76.38,-69.24
2025-05-01,20120,Meridian Private Label,1268.1,1100.5,31.8238,28.1543,0.8842,0.8678,0.3968,0.5033,27.64,16.18,-4653.29,1244.6,747.86,117.2
2025-06-01,20120,Meridian Private Label,532.3,460.0,31.8238,28.5755,0.8842,0.8642,0.3968,0.3914,8.25,6.77,-1729.07,520.2,385.07,-2.48
2025-08-01,20120,Meridian Private Label,1018.6,900.0,28.2325,30.7491,0.8842,0.8835,0.3968,0.3964,16.03,13.24,2563.41,1017.9,19.76,-0.36
2025-10-01,20120,Meridian Private Label,890.1,766.8,28.2325,30.121,0.8842,0.8614,0.3968,0.396,13.61,11.28,1680.95,867.2,646.52,-0.61
2025-11-01,20120,Meridian Private Label,441.6,395.2,28.2325,29.5761,0.8842,0.8949,0.3968,0.4173,6.54,5.81,593.33,447.0,-152.46,8.1
2025-12-01,20120,Meridian Private Label,840.7,753.4,28.2325,29.0804,0.8842,0.8962,0.3968,0.4188,17.43,11.08,712.83,852.1,-321.85,16.57
2026-01-01,20120,Meridian Private Label,1864.1,1548.6,28.2325,27.2264,0.8842,0.8307,0.3968,0.3456,19.45,22.77,-1875.47,1751.4,3181.8,-79.29
2026-03-01,20120,Meridian Private Label,700.0,588.8,28.2325,24.4959,0.8842,0.8411,0.3968,0.3958,10.77,8.66,-2615.62,665.9,962.73,-0.59
2026-04-01,20120,Meridian Private Label,640.4,520.9,28.2325,24.2829,0.8842,0.8134,0.3968,0.4448,8.07,7.66,-2529.32,589.1,1448.33,25.0
2026-05-01,20120,Meridian Private Label,641.0,556.6,28.2325,24.1133,0.8842,0.8684,0.3968,0.3667,9.82,8.19,-2640.41,629.5,324.67,-16.75
2026-06-01,20120,Meridian Private Label,820.7,689.4,28.2325,24.6123,0.8842,0.8401,0.3968,0.3562,7.81,10.14,-2971.1,779.7,1157.53,-27.99
2023-07-01,20121,Shenzhen Kaiyuan Electronics,831.9,761.3,8.6018,8.5104,0.954,0.9152,0.2195,0.2223,11.93,11.2,-76.04,798.0,291.6,2.13
2023-08-01,20121,Shenzhen Kaiyuan Electronics,982.7,916.4,8.6018,8.7891,0.954,0.9326,0.2195,0.2282,10.27,13.48,184.06,960.6,190.1,7.97
2023-09-01,20121,Shenzhen Kaiyuan Electronics,1112.8,1040.0,8.6018,8.4809,0.954,0.9346,0.2195,0.2323,19.53,15.29,-134.54,1090.1,195.26,13.31
2023-10-01,20121,Shenzhen Kaiyuan Electronics,967.0,915.0,8.6018,8.8332,0.954,0.9463,0.2195,0.2267,18.47,13.46,223.76,959.1,67.95,6.59
2023-11-01,20121,Shenzhen Kaiyuan Electronics,2333.7,2250.9,8.6018,8.5528,0.954,0.9645,0.2195,0.247,32.78,33.1,-114.35,2359.4,-221.07,61.9
2023-12-01,20121,Shenzhen Kaiyuan Electronics,478.4,439.3,8.6018,8.5185,0.954,0.9183,0.2195,0.1955,6.65,6.46,-39.85,460.5,153.97,-10.54
2024-02-01,20121,Shenzhen Kaiyuan Electronics,2665.3,2605.6,8.6018,8.3937,0.954,0.9776,0.2195,0.214,59.3,38.32,-554.65,2731.2,-566.86,-14.33
2024-03-01,20121,Shenzhen Kaiyuan Electronics,1006.9,940.2,8.6018,8.7141,0.954,0.9338,0.2195,0.2044,10.49,13.83,113.07,985.5,184.08,-14.2
2024-04-01,20121,Shenzhen Kaiyuan Electronics,5407.9,5299.0,8.6018,8.8234,0.954,0.9799,0.2195,0.1999,92.49,77.93,1198.39,5554.5,-1261.02,-103.86
2024-05-01,20121,Shenzhen Kaiyuan Electronics,1666.5,1569.7,8.6018,8.9254,0.954,0.9419,0.2195,0.2183,18.16,23.08,539.28,1645.4,181.5,-1.88
2024-07-01,20121,Shenzhen Kaiyuan Electronics,700.1,696.6,9.3491,9.2502,0.954,0.995,0.2195,0.2298,10.59,10.24,-69.24,730.2,-281.41,7.17
2024-08-01,20121,Shenzhen Kaiyuan Electronics,547.9,544.5,9.3491,9.105,0.954,0.9937,0.2195,0.2449,6.56,8.01,-133.74,570.8,-214.09,13.83
2024-09-01,20121,Shenzhen Kaiyuan Electronics,1233.3,1167.5,9.3491,9.5068,0.954,0.9467,0.2195,0.2383,23.69,17.17,194.49,1223.8,88.82,21.95
2024-10-01,20121,Shenzhen Kaiyuan Electronics,298.3,285.8,9.3491,9.7264,0.954,0.9579,0.2195,0.1875,5.73,4.2,112.55,299.6,-12.15,-9.15
2024-11-01,20121,Shenzhen Kaiyuan Electronics,1389.2,1306.0,9.3491,9.6528,0.954,0.9401,0.2195,0.2154,17.67,19.21,421.9,1369.0,188.85,-5.35
2025-01-01,20121,Shenzhen Kaiyuan Electronics,1465.0,1410.0,9.3491,10.0998,0.954,0.9625,0.2195,0.2377,23.26,20.73,1099.78,1478.0,-121.54,25.66
2025-02-01,20121,Shenzhen Kaiyuan Electronics,2351.6,2291.1,9.3491,10.4875,0.954,0.9743,0.2195,0.2678,34.14,33.69,2677.06,2401.6,-467.46,110.66
2025-04-01,20121,Shenzhen Kaiyuan Electronics,1441.1,1352.8,9.3491,10.8401,0.954,0.9388,0.2195,0.2301,16.79,19.89,2148.68,1418.0,215.96,14.34
2025-05-01,20121,Shenzhen Kaiyuan Electronics,1529.3,1497.9,9.3491,11.1229,0.954,0.9795,0.2195,0.2361,16.38,22.03,2712.67,1570.1,-381.44,24.87
2025-06-01,20121,Shenzhen Kaiyuan Electronics,1312.6,1272.3,9.3491,11.0495,0.954,0.9693,0.2195,0.2414,26.89,18.71,2231.95,1333.6,-196.33,27.86
2025-07-01,20121,Shenzhen Kaiyuan Electronics,1518.4,1492.3,10.9544,11.0118,0.954,0.9828,0.2195,0.1912,18.94,21.94,87.16,1564.3,-502.81,-42.23
2025-08-01,20121,Shenzhen Kaiyuan Electronics,2011.8,2001.7,10.9544,10.9344,0.954,0.995,0.2195,0.2442,26.46,29.44,-40.24,2098.2,-946.46,49.44
2025-10-01,20121,Shenzhen Kaiyuan Electronics,846.8,817.0,10.9544,10.9606,0.954,0.9648,0.2195,0.2339,13.86,12.01,5.25,856.4,-105.16,11.76
2025-11-01,20121,Shenzhen Kaiyuan Electronics,561.0,545.3,10.9544,11.0141,0.954,0.9721,0.2195,0.2454,13.8,8.02,33.49,571.6,-116.12,14.12
2025-12-01,20121,Shenzhen Kaiyuan Electronics,2753.1,2634.8,10.9544,10.9702,0.954,0.957,0.2195,0.2222,28.24,38.75,43.5,2761.8,-95.3,7.11
2026-01-01,20121,Shenzhen Kaiyuan Electronics,1838.2,1809.7,10.9544,10.808,0.954,0.9845,0.2195,0.2254,39.96,26.61,-269.11,1897.0,-644.12,10.68
2026-03-01,20121,Shenzhen Kaiyuan Electronics,1560.0,1528.5,10.9544,10.7883,0.954,0.9798,0.2195,0.2049,17.16,22.48,-259.12,1602.2,-462.28,-22.32
2026-04-01,20121,Shenzhen Kaiyuan Electronics,1093.1,1071.2,10.9544,11.1128,0.954,0.9799,0.2195,0.2394,17.23,15.75,173.15,1122.9,-326.44,21.32
2026-05-01,20121,Shenzhen Kaiyuan Electronics,1725.0,1716.3,10.9544,11.6519,0.954,0.995,0.2195,0.2156,24.98,25.24,1203.19,1799.1,-811.72,-6.69
2023-07-01,20122,Harlow Textile Group,6536.3,6431.8,4.842,4.8253,0.9826,0.984,0.6389,0.637,84.8,94.59,-109.16,6545.7,-45.51,-12.22
2023-08-01,20122,Harlow Textile Group,5096.5,5071.1,4.842,4.8143,0.9826,0.995,0.6389,0.5781,71.57,74.57,-141.17,5160.9,-311.82,-308.32
2023-09-01,20122,Harlow Textile Group,5903.5,5874.0,4.842,4.6128,0.9826,0.995,0.6389,0.6887,146.85,86.38,-1353.08,5978.0,-360.73,292.53
2023-10-01,20122,Harlow Textile Group,6864.6,6830.3,4.842,4.4922,0.9826,0.995,0.6389,0.7706,75.98,100.45,-2401.24,6951.3,-419.8,899.55
2023-11-01,20122,Harlow Textile Group,2773.0,2759.1,4.842,4.6449,0.9826,0.995,0.6389,0.7601,36.33,40.58,-546.56,2808.0,-169.47,334.4
2023-12-01,20122,Harlow Textile Group,5106.7,4945.1,4.842,4.5912,0.9826,0.9684,0.6389,0.7032,108.9,72.72,-1280.76,5032.7,358.31,317.97
2024-01-01,20122,Harlow Textile Group,4430.0,4407.9,4.842,4.4618,0.9826,0.995,0.6389,0.6183,76.4,64.82,-1684.29,4486.0,-271.15,-90.8
2024-02-01,20122,Harlow Textile Group,2804.7,2790.7,4.842,4.5853,0.9826,0.995,0.6389,0.6479,34.57,41.04,-719.97,2840.1,-171.41,25.12
2024-03-01,20122,Harlow Textile Group,4144.0,4115.7,4.842,4.6224,0.9826,0.9932,0.6389,0.5573,54.07,60.53,-910.02,4188.6,-215.95,-335.84
2024-04-01,20122,Harlow Textile Group,2476.1,2463.7,4.842,4.6855,0.9826,0.995,0.6389,0.8274,44.37,36.23,-387.51,2507.3,-151.07,464.41
2024-06-01,20122,Harlow Textile Group,2426.5,2363.8,4.842,5.1418,0.9826,0.9742,0.6389,0.7242,28.81,34.76,727.46,2405.7,100.71,201.63
2024-07-01,20122,Harlow Textile Group,1863.6,1814.6,5.1812,5.2436,0.9826,0.9737,0.6389,0.7295,28.9,26.69,116.29,1846.7,87.56,164.4
2024-08-01,20122,Harlow Textile Group,8159.0,8066.5,5.1812,5.1173,0.9826,0.9887,0.6389,0.625,87.1,118.63,-521.36,8209.3,-260.61,-112.12
2024-09-01,20122,Harlow Textile Group,1598.5,1568.4,5.1812,5.005,0.9826,0.9812,0.6389,0.629,16.9,23.06,-281.66,1596.2,11.92,-15.53
2024-10-01,20122,Harlow Textile Group,2890.4,2782.1,5.1812,5.1889,0.9826,0.9625,0.6389,0.6201,52.55,40.91,22.26,2831.4,305.69,-52.3
2024-12-01,20122,Harlow Textile Group,3291.1,3274.7,5.1812,5.1977,0.9826,0.995,0.6389,0.7024,35.65,48.16,54.3,3332.7,-215.54,207.94
2025-01-01,20122,Harlow Textile Group,3137.7,3085.9,5.1812,5.4594,0.9826,0.9835,0.6389,0.6661,52.18,45.38,872.91,3140.5,-14.51,83.94
2025-02-01,20122,Harlow Textile Group,3019.0,2953.2,5.1812,5.5753,0.9826,0.9782,0.6389,0.7062,69.94,43.43,1189.79,3005.5,69.95,198.75
2025-03-01,20122,Harlow Textile Group,4600.7,4494.1,5.1812,5.6494,0.9826,0.9768,0.6389,0.6742,74.03,66.09,2154.05,4573.7,139.89,158.64
2025-04-01,20122,Harlow Textile Group,4625.4,4602.2,5.1812,5.5913,0.9826,0.995,0.6389,0.7107,89.56,67.68,1896.88,4683.7,-302.06,330.44
2025-05-01,20122,Harlow Textile Group,1091.6,1086.2,5.1812,5.6183,0.9826,0.995,0.6389,0.5956,15.08,15.97,477.14,1105.4,-71.5,-47.03
2025-06-01,20122,Harlow Textile Group,1483.0,1475.6,5.1812,5.7897,0.9826,0.995,0.6389,0.6228,15.44,21.7,902.41,1501.7,-96.89,-23.76
2025-08-01,20122,Harlow Textile Group,5207.5,5181.5,5.7318,5.9084,0.9826,0.995,0.6389,0.7096,55.82,76.2,919.64,5273.3,-377.15,366.33
2025-09-01,20122,Harlow Textile Group,2100.9,2090.4,5.7318,5.879,0.9826,0.995,0.6389,0.6305,27.09,30.74,309.25,2127.4,-151.89,-17.56
2025-10-01,20122,Harlow Textile Group,3362.6,3345.8,5.7318,5.8457,0.9826,0.995,0.6389,0.6741,35.36,49.2,383.0,3405.0,-243.03,117.77
2025-12-01,20122,Harlow Textile Group,3239.1,3134.3,5.7318,5.8806,0.9826,0.9676,0.6389,0.6464,63.52,46.09,481.98,3189.8,282.58,23.51
2026-01-01,20122,Harlow Textile Group,5135.3,5075.6,5.7318,5.8216,0.9826,0.9884,0.6389,0.7299,77.99,74.64,461.15,5165.5,-173.1,461.88
2026-02-01,20122,Harlow Textile Group,3136.9,3028.4,5.7318,5.9787,0.9826,0.9654,0.6389,0.6735,33.92,44.54,774.5,3082.0,314.68,104.78
2026-03-01,20122,Harlow Textile Group,6150.7,6120.0,5.7318,5.7593,0.9826,0.995,0.6389,0.5636,123.98,90.0,169.14,6228.4,-445.36,-460.84
2026-04-01,20122,Harlow Textile Group,3325.8,3309.1,5.7318,5.8993,0.9826,0.995,0.6389,0.6584,54.47,48.66,557.07,3367.7,-240.16,64.53
2026-05-01,20122,Harlow Textile Group,3509.8,3492.2,5.7318,5.72,0.9826,0.995,0.6389,0.5901,65.69,51.36,-41.42,3554.0,-253.35,-170.42
2026-06-01,20122,Harlow Textile Group,2369.2,2261.8,5.7318,5.6599,0.9826,0.9547,0.6389,0.6364,29.49,33.26,-170.35,2301.9,385.75,-5.65
2023-07-01,20123,Silverline Personal Care,155.8,137.3,5.9499,5.9923,0.9103,0.8813,0.3127,0.302,2.76,2.02,6.61,150.8,29.75,-1.47
2023-08-01,20123,Silverline Personal Care,260.1,249.7,5.9499,6.0244,0.9103,0.9597,0.3127,0.3717,3.53,3.67,19.38,274.3,-84.49,14.73
2023-09-01,20123,Silverline Personal Care,272.4,252.7,5.9499,5.9629,0.9103,0.9276,0.3127,0.3173,2.94,3.72,3.54,277.6,-30.94,1.16
2024-01-01,20123,Silverline Personal Care,213.4,194.6,5.9499,5.5229,0.9103,0.9119,0.3127,0.2592,2.58,2.86,-91.12,213.8,-2.38,-10.41
2024-02-01,20123,Silverline Personal Care,160.8,145.4,5.9499,5.3449,0.9103,0.9041,0.3127,0.3141,2.15,2.14,-97.28,159.7,6.54,0.2
2024-04-01,20123,Silverline Personal Care,224.4,193.6,5.9499,4.9527,0.9103,0.8624,0.3127,0.3559,2.56,2.85,-223.77,212.7,69.61,8.36
2024-05-01,20123,Silverline Personal Care,444.5,385.9,5.9499,5.0829,0.9103,0.8683,0.3127,0.3494,5.06,5.68,-385.38,423.9,122.57,14.16
2024-06-01,20123,Silverline Personal Care,200.6,179.6,5.9499,5.1966,0.9103,0.8952,0.3127,0.2847,1.92,2.64,-151.11,197.3,19.63,-5.03
2024-08-01,20123,Silverline Personal Care,485.0,446.3,5.5301,5.9292,0.9103,0.9202,0.3127,0.3243,7.07,6.56,193.56,490.3,-29.31,5.18
2024-10-01,20123,Silverline Personal Care,846.3,797.9,5.5301,5.8788,0.9103,0.9428,0.3127,0.3168,8.86,11.73,295.1,876.5,-167.01,3.27
2024-11-01,20123,Silverline Personal Care,430.5,404.4,5.5301,5.8112,0.9103,0.9394,0.3127,0.3126,5.41,5.95,121.01,444.2,-75.76,-0.04
2024-12-01,20123,Silverline Personal Care,184.5,170.4,5.5301,5.7362,0.9103,0.9237,0.3127,0.3348,3.94,2.51,38.03,187.2,-14.93,3.77
2025-01-01,20123,Silverline Personal Care,89.7,83.1,5.5301,5.7158,0.9103,0.9269,0.3127,0.3181,1.05,1.22,16.66,91.3,-8.85,0.45
2025-03-01,20123,Silverline Personal Care,504.8,480.8,5.5301,5.0868,0.9103,0.9525,0.3127,0.3462,6.17,7.07,-223.78,528.2,-129.4,16.11
2025-04-01,20123,Silverline Personal Care,388.7,342.7,5.5301,4.7857,0.9103,0.8816,0.3127,0.3786,3.72,5.04,-289.35,376.5,67.47,22.58
2025-06-01,20123,Silverline Personal Care,308.6,281.5,5.5301,4.8276,0.9103,0.9123,0.3127,0.3098,3.15,4.14,-216.79,309.2,-3.32,-0.82
2025-07-01,20123,Silverline Personal Care,142.5,138.0,4.7447,4.7626,0.9103,0.9685,0.3127,0.2878,2.39,2.03,2.55,151.6,-43.18,-3.44
2025-08-01,20123,Silverline Personal Care,235.1,212.7,4.7447,4.4745,0.9103,0.9047,0.3127,0.3033,4.86,3.13,-63.52,233.7,6.64,-2.0
2025-09-01,20123,Silverline Personal Care,144.1,130.6,4.7447,4.3761,0.9103,0.9061,0.3127,0.3525,2.3,1.92,-53.12,143.5,2.85,5.2
2025-10-01,20123,Silverline Personal Care,237.2,219.8,4.7447,4.5234,0.9103,0.9263,0.3127,0.3176,2.88,3.23,-52.49,241.5,-20.4,1.08
2025-12-01,20123,Silverline Personal Care,851.4,787.3,4.7447,4.6252,0.9103,0.9247,0.3127,0.3426,20.55,11.58,-101.74,864.9,-64.05,23.54
2026-01-01,20123,Silverline Personal Care,267.8,243.9,4.7447,4.7291,0.9103,0.9109,0.3127,0.3423,2.93,3.59,-4.18,267.9,-0.47,7.22
2026-02-01,20123,Silverline Personal Care,219.9,202.4,4.7447,4.9386,0.9103,0.9202,0.3127,0.2673,2.98,2.98,42.64,222.3,-11.39,-9.19
2026-03-01,20123,Silverline Personal Care,448.3,429.5,4.7447,4.833,0.9103,0.9583,0.3127,0.3065,5.65,6.32,39.58,471.8,-111.5,-2.66
2026-04-01,20123,Silverline Personal Care,756.5,729.9,4.7447,4.9343,0.9103,0.9648,0.3127,0.3024,7.92,10.73,143.43,801.8,-214.93,-7.52
2026-05-01,20123,Silverline Personal Care,231.3,217.4,4.7447,4.9764,0.9103,0.9398,0.3127,0.3318,4.84,3.2,53.59,238.8,-35.59,4.15
2023-07-01,20124,Shenzhen Kaiyuan Electronics,2640.4,2599.9,9.5639,9.4755,0.9771,0.9847,0.2518,0.2308,62.32,38.23,-233.41,2660.8,-195.1,-54.6
2023-08-01,20124,Shenzhen Kaiyuan Electronics,3741.2,3605.1,9.5639,9.2601,0.9771,0.9636,0.2518,0.2711,73.63,53.02,-1136.58,3689.6,493.5,69.58
2023-09-01,20124,Shenzhen Kaiyuan Electronics,11571.9,10857.5,9.5639,9.124,0.9771,0.9383,0.2518,0.2621,238.3,159.67,-5090.48,11112.0,4398.44,111.83
2023-10-01,20124,Shenzhen Kaiyuan Electronics,7270.6,6848.3,9.5639,9.0927,0.9771,0.9419,0.2518,0.2666,153.18,100.71,-3425.91,7008.8,2503.83,101.35
2023-11-01,20124,Shenzhen Kaiyuan Electronics,1669.6,1661.3,9.5639,8.8683,0.9771,0.995,0.2518,0.2862,29.91,24.43,-1161.37,1700.2,-292.66,57.15
2023-12-01,20124,Shenzhen Kaiyuan Electronics,2282.6,2232.5,9.5639,8.5881,0.9771,0.9781,0.2518,0.2761,29.47,32.83,-2227.36,2284.8,-21.04,54.25
2024-02-01,20124,Shenzhen Kaiyuan Electronics,4759.4,4548.6,9.5639,8.894,0.9771,0.9557,0.2518,0.2446,57.47,66.89,-3188.32,4655.2,996.56,-32.75
2024-03-01,20124,Shenzhen Kaiyuan Electronics,10155.9,9675.1,9.5639,8.7929,0.9771,0.9527,0.2518,0.2623,209.18,142.28,-7830.2,9901.9,2429.23,101.59
2024-05-01,20124,Shenzhen Kaiyuan Electronics,3353.1,3316.1,9.5639,8.9743,0.9771,0.989,0.2518,0.2199,79.67,48.77,-1976.99,3393.8,-389.25,-105.78
2024-06-01,20124,Shenzhen Kaiyuan Electronics,1135.8,1122.1,9.5639,9.3652,0.9771,0.988,0.2518,0.2194,22.06,16.5,-225.68,1148.4,-120.51,-36.36
2024-07-01,20124,Shenzhen Kaiyuan Electronics,2679.4,2666.0,9.4383,9.4747,0.9771,0.995,0.2518,0.2465,67.86,39.21,97.53,2728.5,-463.42,-14.13
2024-08-01,20124,Shenzhen Kaiyuan Electronics,4974.2,4894.8,9.4383,9.9017,0.9771,0.984,0.2518,0.2507,88.75,71.98,2305.04,5009.5,-333.17,-5.38
2024-09-01,20124,Shenzhen Kaiyuan Electronics,5240.8,5214.6,9.4383,9.7058,0.9771,0.995,0.2518,0.2691,77.79,76.68,1401.91,5336.8,-906.08,90.21
2024-10-01,20124,Shenzhen Kaiyuan Electronics,9484.4,9305.7,9.4383,10.2289,0.9771,0.9812,0.2518,0.2281,141.44,136.85,7498.37,9523.8,-371.87,-220.55
2024-11-01,20124,Shenzhen Kaiyuan Electronics,3991.0,3845.7,9.4383,10.0053,0.9771,0.9636,0.2518,0.2713,42.75,56.56,2262.9,3935.8,520.99,74.99
2024-12-01,20124,Shenzhen Kaiyuan Electronics,8494.8,7980.5,9.4383,9.4937,0.9771,0.9395,0.2518,0.2707,144.21,117.36,470.61,8167.5,3089.16,150.83
2025-01-01,20124,Shenzhen Kaiyuan Electronics,2958.8,2858.5,9.4383,9.8609,0.9771,0.9661,0.2518,0.2735,41.64,42.04,1250.39,2925.5,314.3,62.03
2025-02-01,20124,Shenzhen Kaiyuan Electronics,2770.0,2714.0,9.4383,9.7057,0.9771,0.9798,0.2518,0.2798,68.82,39.91,740.7,2777.6,-71.73,75.99
2025-03-01,20124,Shenzhen Kaiyuan Electronics,9390.4,9218.6,9.4383,10.3189,0.9771,0.9817,0.2518,0.2824,239.61,135.57,8269.19,9434.7,-418.12,282.09
2025-04-01,20124,Shenzhen Kaiyuan Electronics,1399.3,1367.1,9.4383,10.8901,0.9771,0.977,0.2518,0.26,18.51,20.1,2031.5,1399.1,1.89,11.21
2025-05-01,20124,Shenzhen Kaiyuan Electronics,2088.9,2023.1,9.4383,11.1166,0.9771,0.9685,0.2518,0.2693,26.11,29.75,3505.8,2070.5,173.66,35.4
2025-06-01,20124,Shenzhen Kaiyuan Electronics,13267.2,13193.1,9.4383,11.1345,0.9771,0.9944,0.2518,0.3039,254.56,194.02,22503.82,13502.3,-2218.94,687.36
2025-07-01,20124,Shenzhen Kaiyuan Electronics,2887.5,2873.1,10.8486,10.9103,0.9771,0.995,0.2518,0.273,36.37,42.25,178.16,2940.4,-573.89,60.91
2025-08-01,20124,Shenzhen Kaiyuan Electronics,2960.6,2945.8,10.8486,10.6971,0.9771,0.995,0.2518,0.24,47.03,43.32,-448.53,3014.8,-587.99,-34.76
2025-09-01,20124,Shenzhen Kaiyuan Electronics,2837.7,2823.5,10.8486,10.4706,0.9771,0.995,0.2518,0.2448,70.74,41.52,-1072.65,2889.7,-564.13,-19.76
2025-11-01,20124,Shenzhen Kaiyuan Electronics,3211.2,3195.1,10.8486,9.8487,0.9771,0.995,0.2518,0.2592,36.99,46.99,-3210.88,3270.0,-637.9,23.64
2025-12-01,20124,Shenzhen Kaiyuan Electronics,4019.4,3999.3,10.8486,9.1737,0.9771,0.995,0.2518,0.2085,58.27,58.81,-6732.09,4093.0,-798.46,-173.17
2026-01-01,20124,Shenzhen Kaiyuan Electronics,1799.7,1790.7,10.8486,9.6541,0.9771,0.995,0.2518,0.2619,36.85,26.33,-2149.74,1832.7,-358.0,18.09
2026-03-01,20124,Shenzhen Kaiyuan Electronics,2772.8,2759.0,10.8486,10.1048,0.9771,0.995,0.2518,0.2881,54.33,40.57,-2062.41,2823.7,-552.19,100.15
2026-04-01,20124,Shenzhen Kaiyuan Electronics,839.3,835.1,10.8486,10.1997,0.9771,0.995,0.2518,0.2768,13.19,12.28,-544.62,854.7,-167.07,20.88
2026-05-01,20124,Shenzhen Kaiyuan Electronics,2178.7,2167.8,10.8486,10.9952,0.9771,0.995,0.2518,0.2753,30.96,31.88,319.4,2218.6,-432.86,50.94
2026-06-01,20124,Shenzhen Kaiyuan Electronics,5452.4,5249.0,10.8486,11.7794,0.9771,0.9627,0.2518,0.2625,61.74,77.19,5075.09,5372.0,872.23,56.16
2023-07-01,20125,Vertex Consumer Products (US),547.7,508.2,8.2046,8.1123,0.9224,0.9278,0.4276,0.3849,12.47,7.47,-50.55,551.0,-27.08,-21.7
2023-08-01,20125,Vertex Consumer Products (US),292.7,256.0,8.2046,8.6874,0.9224,0.8747,0.4276,0.4768,4.98,3.77,141.32,277.5,124.71,12.6
2023-09-01,20125,Vertex Consumer Products (US),1061.7,945.5,8.2046,8.4398,0.9224,0.8906,0.4276,0.4658,10.45,13.9,249.71,1025.0,301.11,36.12
2023-11-01,20125,Vertex Consumer Products (US),230.3,206.8,8.2046,8.9504,0.9224,0.8978,0.4276,0.379,2.52,3.04,171.76,224.2,50.05,-10.05
2023-12-01,20125,Vertex Consumer Products (US),239.5,211.9,8.2046,9.0075,0.9224,0.8846,0.4276,0.4803,2.23,3.12,192.29,229.7,80.41,11.17
2024-03-01,20125,Vertex Consumer Products (US),632.6,583.8,8.2046,9.3486,0.9224,0.9229,0.4276,0.4727,14.88,8.59,723.69,632.9,-2.46,26.33
2024-04-01,20125,Vertex Consumer Products (US),344.3,315.4,8.2046,8.9149,0.9224,0.9159,0.4276,0.43,5.91,4.64,244.56,341.9,19.69,0.76
2024-05-01,20125,Vertex Consumer Products (US),266.2,248.4,8.2046,8.4915,0.9224,0.9332,0.4276,0.3613,6.52,3.65,76.37,269.3,-25.43,-16.47
2024-07-01,20125,Vertex Consumer Products (US),450.1,404.6,8.2352,8.1913,0.9224,0.8988,0.4276,0.4601,4.22,5.95,-19.76,438.6,94.7,13.15
2024-08-01,20125,Vertex Consumer Products (US),768.2,679.0,8.2352,8.264,0.9224,0.8839,0.4276,0.4054,8.65,9.98,22.12,736.1,264.35,-15.07
2024-09-01,20125,Vertex Consumer Products (US),438.0,398.4,8.2352,8.1682,0.9224,0.9096,0.4276,0.398,4.4,5.86,-29.35,431.9,50.23,-11.79
2024-10-01,20125,Vertex Consumer Products (US),194.0,176.5,8.2352,8.1197,0.9224,0.9095,0.4276,0.3676,2.0,2.6,-22.41,191.3,22.24,-10.59
2024-12-01,20125,Vertex Consumer Products (US),275.7,249.8,8.2352,8.3464,0.9224,0.9058,0.4276,0.4388,2.76,3.67,30.66,270.8,40.35,2.8
2025-01-01,20125,Vertex Consumer Products (US),446.9,415.9,8.2352,8.3674,0.9224,0.9306,0.4276,0.3797,7.62,6.12,59.08,450.9,-32.94,-19.92
2025-02-01,20125,Vertex Consumer Products (US),262.2,244.8,8.2352,7.9904,0.9224,0.9336,0.4276,0.4165,4.61,3.6,-64.19,265.4,-26.35,-2.72
2025-04-01,20125,Vertex Consumer Products (US),242.9,214.3,8.2352,7.2409,0.9224,0.8822,0.4276,0.4955,2.64,3.15,-241.52,232.3,87.29,14.55
2025-05-01,20125,Vertex Consumer Products (US),267.2,248.4,8.2352,7.1365,0.9224,0.9296,0.4276,0.4488,5.07,3.65,-293.57,269.3,-17.29,5.27
2025-06-01,20125,Vertex Consumer Products (US),497.8,480.0,8.2352,7.2581,0.9224,0.9642,0.4276,0.3974,6.13,7.06,-486.4,520.4,-186.12,-14.5
2025-07-01,20125,Vertex Consumer Products (US),471.7,423.3,7.6548,7.6615,0.9224,0.8974,0.4276,0.4315,6.73,6.22,3.16,458.9,97.98,1.65
2025-08-01,20125,Vertex Consumer Products (US),481.0,414.1,7.6548,7.6114,0.9224,0.8609,0.4276,0.4099,5.96,6.09,-20.88,448.9,245.72,-7.33
2025-09-01,20125,Vertex Consumer Products (US),212.5,193.4,7.6548,7.3548,0.9224,0.9098,0.4276,0.4369,2.42,2.84,-63.75,209.7,21.43,1.8
2025-10-01,20125,Vertex Consumer Products (US),303.9,271.6,7.6548,7.2895,0.9224,0.8937,0.4276,0.4909,3.56,3.99,-111.01,294.4,72.72,17.19
2025-11-01,20125,Vertex Consumer Products (US),358.8,321.2,7.6548,7.0968,0.9224,0.8952,0.4276,0.4621,3.78,4.72,-200.21,348.2,81.14,11.08
2025-12-01,20125,Vertex Consumer Products (US),421.9,401.7,7.6548,7.2549,0.9224,0.952,0.4276,0.4673,9.73,5.91,-168.72,435.5,-104.11,15.95
2026-01-01,20125,Vertex Consumer Products (US),87.4,82.8,7.6548,7.3085,0.9224,0.9481,0.4276,0.4416,1.17,1.22,-30.27,89.8,-18.37,1.16
2023-07-01,20126,Ningbo Hometech Manufacturing,319.2,275.5,29.8188,29.4319,0.8575,0.8629,0.4631,0.419,3.41,4.05,-123.5,321.3,-62.62,-12.15
2023-08-01,20126,Ningbo Hometech Manufacturing,419.0,377.3,29.8188,31.0993,0.8575,0.9004,0.4631,0.4499,8.11,5.55,536.53,440.0,-626.19,-4.98
2023-09-01,20126,Ningbo Hometech Manufacturing,262.5,228.8,29.8188,31.9848,0.8575,0.8715,0.4631,0.5004,3.91,3.36,568.58,266.8,-128.22,8.53
2023-10-01,20126,Ningbo Hometech Manufacturing,119.2,102.8,29.8188,29.2699,0.8575,0.8628,0.4631,0.5164,1.35,1.51,-65.43,119.9,-20.87,5.48
2023-11-01,20126,Ningbo Hometech Manufacturing,59.1,50.0,29.8188,28.5565,0.8575,0.8465,0.4631,0.5149,1.06,0.74,-74.6,58.3,23.86,2.59
2023-12-01,20126,Ningbo Hometech Manufacturing,347.2,294.9,29.8188,26.8884,0.8575,0.8494,0.4631,0.4907,5.35,4.34,-1017.43,343.9,98.4,8.14
2024-02-01,20126,Ningbo Hometech Manufacturing,312.8,267.0,29.8188,25.267,0.8575,0.8537,0.4631,0.4852,3.65,3.93,-1423.8,311.4,41.75,5.9
2024-03-01,20126,Ningbo Hometech Manufacturing,358.6,306.3,29.8188,23.5481,0.8575,0.8542,0.4631,0.4248,5.26,4.5,-2248.67,357.2,41.75,-11.73
2024-04-01,20126,Ningbo Hometech Manufacturing,189.1,162.9,29.8188,22.8775,0.8575,0.8614,0.4631,0.4352,2.25,2.4,-1312.6,190.0,-26.84,-4.54
2024-06-01,20126,Ningbo Hometech Manufacturing,77.8,66.1,29.8188,22.8158,0.8575,0.8503,0.4631,0.5344,1.48,0.97,-544.83,77.1,20.87,4.71
2024-07-01,20126,Ningbo Hometech Manufacturing,113.7,96.5,22.395,22.6402,0.8575,0.8488,0.4631,0.4542,2.02,1.42,27.88,112.5,26.87,-0.86
2024-08-01,20126,Ningbo Hometech Manufacturing,133.9,109.3,22.395,22.5435,0.8575,0.8162,0.4631,0.4444,1.81,1.61,19.88,127.5,143.33,-2.04
2024-10-01,20126,Ningbo Hometech Manufacturing,159.2,135.2,22.395,22.9315,0.8575,0.8491,0.4631,0.4691,2.7,1.99,85.41,157.7,33.59,0.81
2024-11-01,20126,Ningbo Hometech Manufacturing,116.5,100.8,22.395,23.3881,0.8575,0.8653,0.4631,0.5118,1.49,1.48,115.7,117.6,-24.63,4.91
2025-01-01,20126,Ningbo Hometech Manufacturing,402.9,341.4,22.395,24.205,0.8575,0.8474,0.4631,0.4497,4.21,5.02,729.25,398.1,107.5,-4.57
2025-02-01,20126,Ningbo Hometech Manufacturing,128.8,107.8,22.395,23.5524,0.8575,0.837,0.4631,0.4169,1.27,1.59,149.07,125.7,69.42,-4.98
2025-03-01,20126,Ningbo Hometech Manufacturing,212.5,174.2,22.395,23.663,0.8575,0.82,0.4631,0.5272,3.65,2.56,269.45,203.1,210.51,11.17
2025-04-01,20126,Ningbo Hometech Manufacturing,203.4,173.4,22.395,24.1357,0.8575,0.8524,0.4631,0.4515,2.31,2.55,354.06,202.2,26.87,-2.01
2025-05-01,20126,Ningbo Hometech Manufacturing,237.0,200.0,22.395,23.0559,0.8575,0.8439,0.4631,0.4716,4.2,2.94,156.63,233.2,85.1,1.7
2025-07-01,20126,Ningbo Hometech Manufacturing,79.2,64.8,24.2664,23.911,0.8575,0.8187,0.4631,0.5246,0.91,0.95,-28.15,75.6,87.36,3.99
2025-08-01,20126,Ningbo Hometech Manufacturing,322.7,268.0,24.2664,23.94,0.8575,0.8305,0.4631,0.3799,3.08,3.94,-105.33,312.5,247.52,-22.3
2025-09-01,20126,Ningbo Hometech Manufacturing,110.0,92.0,24.2664,22.8431,0.8575,0.8363,0.4631,0.4529,2.29,1.35,-156.56,107.3,65.52,-0.94
2025-10-01,20126,Ningbo Hometech Manufacturing,225.8,186.8,24.2664,21.7159,0.8575,0.8274,0.4631,0.4374,2.7,2.75,-575.9,217.8,194.13,-4.8
2025-12-01,20126,Ningbo Hometech Manufacturing,281.5,233.3,24.2664,20.1077,0.8575,0.8287,0.4631,0.4751,2.98,3.43,-1170.67,272.1,228.1,2.8
2026-01-01,20126,Ningbo Hometech Manufacturing,202.2,167.7,24.2664,18.9723,0.8575,0.8291,0.4631,0.4747,2.13,2.47,-1070.47,195.6,160.16,1.95
2026-02-01,20126,Ningbo Hometech Manufacturing,177.5,153.3,24.2664,17.6038,0.8575,0.8635,0.4631,0.4403,2.37,2.25,-1182.61,178.8,-31.55,-3.5
2026-03-01,20126,Ningbo Hometech Manufacturing,290.2,249.9,24.2664,16.3653,0.8575,0.8611,0.4631,0.5217,2.81,3.68,-2292.9,291.4,-29.12,14.64
2026-04-01,20126,Ningbo Hometech Manufacturing,164.3,137.5,24.2664,15.4632,0.8575,0.8369,0.4631,0.5181,1.82,2.02,-1446.37,160.3,97.07,7.56
2026-05-01,20126,Ningbo Hometech Manufacturing,192.5,173.6,24.2664,15.5616,0.8575,0.9018,0.4631,0.5387,2.41,2.55,-1675.67,202.4,-240.24,13.12
2023-07-01,20127,Shenzhen Kaiyuan Electronics,607.6,531.2,27.2667,27.3286,0.8931,0.8742,0.1648,0.1803,7.7,7.81,37.61,594.8,349.01,8.23
2023-08-01,20127,Shenzhen Kaiyuan Electronics,1734.1,1578.4,27.2667,27.2304,0.8931,0.9102,0.1648,0.1605,29.46,23.21,-62.95,1767.3,-905.25,-6.79
2024-01-01,20127,Shenzhen Kaiyuan Electronics,933.2,844.5,27.2667,23.8119,0.8931,0.9049,0.1648,0.1935,12.7,12.42,-3224.02,945.6,-338.11,24.24
2024-02-01,20127,Shenzhen Kaiyuan Electronics,3697.4,3438.8,27.2667,24.1596,0.8931,0.9301,0.1648,0.1698,55.93,50.57,-11488.19,3850.4,-4171.81,17.19
2024-03-01,20127,Shenzhen Kaiyuan Electronics,2475.2,2186.8,27.2667,24.9956,0.8931,0.8835,0.1648,0.2025,28.77,32.16,-5621.43,2448.5,728.02,82.44
2024-04-01,20127,Shenzhen Kaiyuan Electronics,819.7,774.7,27.2667,26.5194,0.8931,0.9451,0.1648,0.1781,12.05,11.39,-612.56,867.4,-1300.62,10.3
2024-06-01,20127,Shenzhen Kaiyuan Electronics,1032.6,967.5,27.2667,27.4489,0.8931,0.9369,0.1648,0.168,24.07,14.23,188.14,1083.3,-1382.42,3.1
2024-07-01,20127,Shenzhen Kaiyuan Electronics,5921.9,5516.1,29.1537,28.955,0.8931,0.9315,0.1648,0.1674,87.17,81.12,-1176.68,6176.4,-7419.62,14.34
2024-09-01,20127,Shenzhen Kaiyuan Electronics,1034.6,923.9,29.1537,32.5214,0.8931,0.893,0.1648,0.1684,9.99,13.59,3484.22,1034.5,2.92,3.33
2024-10-01,20127,Shenzhen Kaiyuan Electronics,1714.3,1523.6,29.1537,33.3147,0.8931,0.8888,0.1648,0.1589,23.99,22.41,7133.2,1706.0,241.98,-8.99
2024-11-01,20127,Shenzhen Kaiyuan Electronics,3031.0,2660.4,29.1537,32.5735,0.8931,0.8777,0.1648,0.1758,45.35,39.12,10365.41,2978.8,1521.82,29.26
2024-12-01,20127,Shenzhen Kaiyuan Electronics,660.3,591.4,29.1537,31.4912,0.8931,0.8957,0.1648,0.1582,9.82,8.7,1543.45,662.2,-55.39,-3.9
2025-01-01,20127,Shenzhen Kaiyuan Electronics,930.2,847.0,29.1537,29.8124,0.8931,0.9106,0.1648,0.1733,10.68,12.46,612.72,948.4,-530.6,7.2
2025-02-01,20127,Shenzhen Kaiyuan Electronics,891.4,809.2,29.1537,28.9042,0.8931,0.9078,0.1648,0.1766,8.52,11.9,-222.4,906.1,-428.56,9.55
2025-03-01,20127,Shenzhen Kaiyuan Electronics,687.8,607.7,29.1537,30.8033,0.8931,0.8836,0.1648,0.1481,8.67,8.94,1134.59,680.4,215.74,-10.15
2025-04-01,20127,Shenzhen Kaiyuan Electronics,2108.5,1961.2,29.1537,30.9684,0.8931,0.9302,0.1648,0.1681,26.72,28.84,3826.29,2195.9,-2548.03,6.47
2025-08-01,20127,Shenzhen Kaiyuan Electronics,5062.8,4426.2,31.5979,31.3265,0.8931,0.8743,0.1648,0.1689,58.8,65.09,-1374.04,4956.0,3374.66,18.15
2025-09-01,20127,Shenzhen Kaiyuan Electronics,601.0,529.5,31.5979,28.4567,0.8931,0.8812,0.1648,0.1704,7.44,7.79,-1887.86,592.9,255.94,2.97
2025-10-01,20127,Shenzhen Kaiyuan Electronics,1188.9,1020.3,31.5979,28.1876,0.8931,0.8582,0.1648,0.1594,15.85,15.01,-4054.51,1142.4,1469.3,-5.51
2025-11-01,20127,Shenzhen Kaiyuan Electronics,1891.6,1690.3,31.5979,28.2308,0.8931,0.8936,0.1648,0.1711,18.26,24.86,-6369.21,1892.6,-31.6,10.65
2025-12-01,20127,Shenzhen Kaiyuan Electronics,1887.0,1674.5,31.5979,29.0729,0.8931,0.8874,0.1648,0.181,21.63,24.63,-4764.67,1874.9,382.33,27.13
2026-02-01,20127,Shenzhen Kaiyuan Electronics,623.2,562.8,31.5979,31.003,0.8931,0.903,0.1648,0.1696,6.6,8.28,-370.74,630.2,-221.19,2.7
2026-03-01,20127,Shenzhen Kaiyuan Electronics,880.8,750.7,31.5979,30.4369,0.8931,0.8523,0.1648,0.1827,7.87,11.04,-1022.61,840.6,1270.24,13.44
2026-05-01,20127,Shenzhen Kaiyuan Electronics,507.6,432.1,31.5979,32.6118,0.8931,0.8512,0.1648,0.1856,6.74,6.35,514.66,483.8,752.03,8.99
2026-06-01,20127,Shenzhen Kaiyuan Electronics,1891.6,1655.6,31.5979,31.5905,0.8931,0.8752,0.1648,0.189,28.23,24.35,-14.0,1853.8,1194.4,40.07
2023-07-01,20128,Ningbo Hometech Manufacturing,843.1,770.2,7.1884,7.1034,0.9587,0.9135,0.2328,0.2371,8.57,11.33,-71.66,803.4,285.38,3.31
2023-08-01,20128,Ningbo Hometech Manufacturing,2497.2,2333.7,7.1884,7.0909,0.9587,0.9346,0.2328,0.1804,33.0,34.32,-243.48,2434.2,452.87,-122.29
2023-09-01,20128,Ningbo Hometech Manufacturing,747.5,678.2,7.1884,7.065,0.9587,0.9074,0.2328,0.2593,17.71,9.97,-92.24,707.4,288.25,17.97
2023-10-01,20128,Ningbo Hometech Manufacturing,1202.5,1125.9,7.1884,6.7785,0.9587,0.9363,0.2328,0.2414,12.2,16.56,-492.9,1174.4,201.99,9.68
2023-11-01,20128,Ningbo Hometech Manufacturing,370.3,331.2,7.1884,6.9541,0.9587,0.8942,0.2328,0.2792,5.96,4.87,-86.76,345.5,178.27,15.37
2023-12-01,20128,Ningbo Hometech Manufacturing,2142.7,1885.0,7.1884,6.7175,0.9587,0.8797,0.2328,0.2599,20.33,27.72,-1009.0,1966.2,1268.75,51.08
2024-01-01,20128,Ningbo Hometech Manufacturing,848.6,791.4,7.1884,6.8134,0.9587,0.9326,0.2328,0.2216,10.12,11.64,-318.23,825.5,166.05,-8.86
2024-02-01,20128,Ningbo Hometech Manufacturing,2549.0,2389.5,7.1884,6.9509,0.9587,0.9374,0.2328,0.2345,41.59,35.14,-605.39,2492.4,406.86,4.06
2024-03-01,20128,Ningbo Hometech Manufacturing,823.5,785.0,7.1884,7.2775,0.9587,0.9531,0.2328,0.2132,11.68,11.54,73.37,818.8,33.79,-15.39
2024-04-01,20128,Ningbo Hometech Manufacturing,832.3,761.7,7.1884,7.6205,0.9587,0.9152,0.2328,0.2167,10.59,11.2,359.64,794.5,271.72,-12.26
2024-05-01,20128,Ningbo Hometech Manufacturing,473.1,435.4,7.1884,7.658,0.9587,0.9204,0.2328,0.2063,7.12,6.4,222.17,454.2,135.86,-11.54
2024-06-01,20128,Ningbo Hometech Manufacturing,1078.4,982.7,7.1884,8.0504,0.9587,0.9112,0.2328,0.2353,10.31,14.45,929.58,1025.0,383.86,2.46
2024-07-01,20128,Ningbo Hometech Manufacturing,967.4,910.1,8.2679,8.2408,0.9587,0.9407,0.2328,0.2411,22.54,13.38,-26.22,949.3,149.65,7.55
2024-08-01,20128,Ningbo Hometech Manufacturing,320.5,298.8,8.2679,7.9464,0.9587,0.9323,0.2328,0.2651,4.79,4.39,-103.04,311.7,72.76,9.65
2024-09-01,20128,Ningbo Hometech Manufacturing,532.8,489.1,8.2679,8.0008,0.9587,0.918,0.2328,0.2409,7.31,7.19,-142.31,510.2,186.85,3.96
2024-10-01,20128,Ningbo Hometech Manufacturing,905.3,854.4,8.2679,8.0166,0.9587,0.9437,0.2328,0.2489,8.96,12.56,-227.5,891.2,116.58,13.76
2024-11-01,20128,Ningbo Hometech Manufacturing,807.7,759.5,8.2679,7.7102,0.9587,0.9403,0.2328,0.2128,14.36,11.17,-450.45,792.2,128.15,-15.19
2024-12-01,20128,Ningbo Hometech Manufacturing,486.6,477.1,8.2679,8.3199,0.9587,0.9806,0.2328,0.2089,9.33,7.02,25.3,497.7,-91.77,-11.4
2025-01-01,20128,Ningbo Hometech Manufacturing,593.5,557.9,8.2679,8.6341,0.9587,0.94,0.2328,0.2509,13.48,8.2,217.34,581.9,95.91,10.1
2025-04-01,20128,Ningbo Hometech Manufacturing,1153.5,1147.7,8.2679,9.5907,0.9587,0.995,0.2328,0.2171,12.22,16.88,1525.85,1197.1,-360.48,-18.02
2025-05-01,20128,Ningbo Hometech Manufacturing,1826.3,1817.1,8.2679,9.6762,0.9587,0.995,0.2328,0.2448,36.5,26.72,2571.98,1895.4,-571.31,21.81
2025-08-01,20128,Ningbo Hometech Manufacturing,440.5,438.3,10.4682,10.837,0.9587,0.995,0.2328,0.2214,5.11,6.45,162.46,457.2,-174.82,-5.0
2025-10-01,20128,Ningbo Hometech Manufacturing,1303.6,1258.1,10.4682,10.6278,0.9587,0.9652,0.2328,0.2242,27.93,18.5,208.05,1312.3,-91.07,-10.82
2025-12-01,20128,Ningbo Hometech Manufacturing,1827.1,1722.0,10.4682,10.5951,0.9587,0.9425,0.2328,0.2439,25.89,25.32,231.86,1796.2,323.47,19.11
2026-01-01,20128,Ningbo Hometech Manufacturing,165.0,158.0,10.4682,10.6179,0.9587,0.9575,0.2328,0.2449,2.1,2.32,24.7,164.8,2.09,1.91
2026-02-01,20128,Ningbo Hometech Manufacturing,2252.0,2123.2,10.4682,10.9899,0.9587,0.9428,0.2328,0.2837,45.3,31.22,1174.87,2214.7,390.46,108.07
2026-03-01,20128,Ningbo Hometech Manufacturing,1162.2,1121.5,10.4682,11.1016,0.9587,0.965,0.2328,0.2207,27.71,16.49,736.14,1169.8,-79.56,-13.57
2026-04-01,20128,Ningbo Hometech Manufacturing,2809.7,2465.7,10.4682,11.8016,0.9587,0.8776,0.2328,0.2446,51.99,36.26,3746.45,2571.9,2489.34,29.1
2026-05-01,20128,Ningbo Hometech Manufacturing,673.1,624.3,10.4682,12.3033,0.9587,0.9275,0.2328,0.2664,7.66,9.18,1235.21,651.2,229.25,20.98
2026-06-01,20128,Ningbo Hometech Manufacturing,388.0,386.1,10.4682,12.5517,0.9587,0.995,0.2328,0.2241,5.6,5.68,808.4,402.7,-153.88,-3.36
2023-07-01,20129,Northbrook Paper & Board,1139.0,1054.2,9.1327,9.1848,0.9276,0.9256,0.3034,0.3282,17.45,15.5,59.34,1136.5,22.83,26.14
2023-08-01,20129,Northbrook Paper & Board,2041.5,1836.1,9.1327,9.284,0.9276,0.8994,0.3034,0.3023,27.93,27.0,308.88,1979.4,567.14,-2.02
2023-09-01,20129,Northbrook Paper & Board,577.5,546.5,9.1327,9.8298,0.9276,0.9463,0.3034,0.3158,7.58,8.04,402.58,589.2,-106.85,6.78
2023-10-01,20129,Northbrook Paper & Board,1054.3,994.6,9.1327,9.6882,0.9276,0.9434,0.3034,0.3088,13.54,14.63,585.66,1072.2,-163.48,5.37
2023-11-01,20129,Northbrook Paper & Board,1254.3,1177.2,9.1327,9.8085,0.9276,0.9385,0.3034,0.3068,15.79,17.31,847.66,1269.1,-135.16,4.0
2023-12-01,20129,Northbrook Paper & Board,1280.5,1194.8,9.1327,9.389,0.9276,0.9331,0.3034,0.3526,21.26,17.57,328.19,1288.1,-69.41,58.78
2024-01-01,20129,Northbrook Paper & Board,1715.8,1582.1,9.1327,8.8899,0.9276,0.9221,0.3034,0.3166,28.4,23.27,-416.6,1705.6,93.15,20.88
2024-02-01,20129,Northbrook Paper & Board,489.9,455.2,9.1327,9.0923,0.9276,0.9293,0.3034,0.288,6.22,6.69,-19.79,490.7,-7.31,-7.01
2024-03-01,20129,Northbrook Paper & Board,1174.3,1068.6,9.1327,9.3229,0.9276,0.91,0.3034,0.3646,21.93,15.71,223.35,1152.0,203.66,65.4
2024-04-01,20129,Northbrook Paper & Board,664.5,615.5,9.1327,9.3214,0.9276,0.9262,0.3034,0.3153,9.17,9.05,125.39,663.5,9.13,7.32
2024-05-01,20129,Northbrook Paper & Board,2229.9,2077.7,9.1327,9.6047,0.9276,0.9317,0.3034,0.309,30.14,30.55,1052.51,2239.9,-91.33,11.64
2024-06-01,20129,Northbrook Paper & Board,1227.5,1109.8,9.1327,9.7321,0.9276,0.9041,0.3034,0.3174,13.77,16.32,735.76,1196.4,284.03,15.54
2024-07-01,20129,Northbrook Paper & Board,1179.7,1093.2,9.9586,10.0324,0.9276,0.9266,0.3034,0.2783,12.84,16.08,87.06,1178.5,11.95,-27.44
2024-08-01,20129,Northbrook Paper & Board,1119.5,1059.9,9.9586,10.1629,0.9276,0.9468,0.3034,0.3554,19.98,15.59,228.71,1142.6,-230.04,55.11
2024-09-01,20129,Northbrook Paper & Board,739.7,672.3,9.9586,10.2214,0.9276,0.9089,0.3034,0.333,8.58,9.89,194.39,724.8,148.38,19.9
2024-10-01,20129,Northbrook Paper & Board,785.1,696.1,9.9586,10.1517,0.9276,0.8866,0.3034,0.3654,10.14,10.24,151.6,750.4,345.56,43.16
2024-11-01,20129,Northbrook Paper & Board,1438.6,1279.2,9.9586,9.7121,0.9276,0.8892,0.3034,0.344,22.84,18.81,-354.61,1379.0,593.53,51.94
2025-01-01,20129,Northbrook Paper & Board,868.8,761.8,9.9586,9.9258,0.9276,0.8769,0.3034,0.3302,10.44,11.2,-28.5,821.3,473.03,20.42
2025-02-01,20129,Northbrook Paper & Board,1950.9,1763.8,9.9586,10.2588,0.9276,0.9041,0.3034,0.2888,22.29,25.94,585.66,1901.5,491.95,-25.75
2025-03-01,20129,Northbrook Paper & Board,1060.6,931.6,9.9586,10.6973,0.9276,0.8783,0.3034,0.2654,12.4,13.7,783.47,1004.3,560.67,-35.4
2025-05-01,20129,Northbrook Paper & Board,1151.0,1081.5,9.9586,11.0173,0.9276,0.9396,0.3034,0.305,19.8,15.9,1218.56,1165.9,-148.38,1.73
2025-06-01,20129,Northbrook Paper & Board,580.1,533.6,9.9586,10.9761,0.9276,0.9199,0.3034,0.2804,11.8,7.85,590.25,575.2,48.8,-12.27
2025-08-01,20129,Northbrook Paper & Board,525.7,490.8,11.0775,11.1629,0.9276,0.9335,0.3034,0.2383,5.61,7.22,44.89,529.1,-37.66,-31.95
2025-09-01,20129,Northbrook Paper & Board,561.9,532.1,11.0775,11.4283,0.9276,0.947,0.3034,0.3258,9.88,7.82,197.11,573.6,-129.61,11.92
2025-10-01,20129,Northbrook Paper & Board,494.3,456.8,11.0775,11.5158,0.9276,0.9243,0.3034,0.3145,5.12,6.72,216.65,492.5,19.94,5.07
2025-11-01,20129,Northbrook Paper & Board,408.4,376.0,11.0775,11.4158,0.9276,0.9207,0.3034,0.3286,4.73,5.53,138.16,405.3,34.34,9.48
2025-12-01,20129,Northbrook Paper & Board,1491.7,1399.2,11.0775,10.9925,0.9276,0.938,0.3034,0.3264,18.17,20.58,-126.79,1508.4,-184.99,32.18
2026-01-01,20129,Northbrook Paper & Board,432.2,390.9,11.0775,10.945,0.9276,0.9044,0.3034,0.3243,5.21,5.75,-57.27,421.4,119.64,8.17
2026-02-01,20129,Northbrook Paper & Board,1079.3,984.5,11.0775,11.2024,0.9276,0.9122,0.3034,0.2716,20.33,14.48,134.8,1061.3,199.4,-31.31
2026-03-01,20129,Northbrook Paper & Board,352.3,328.1,11.0775,11.0346,0.9276,0.9313,0.3034,0.3328,3.74,4.83,-15.11,353.7,-15.51,9.65
2026-04-01,20129,Northbrook Paper & Board,405.3,384.6,11.0775,11.4434,0.9276,0.9489,0.3034,0.3164,5.92,5.66,148.3,414.6,-103.02,5.0
2026-06-01,20129,Northbrook Paper & Board,485.0,469.1,11.0775,12.716,0.9276,0.9672,0.3034,0.3281,7.23,6.9,794.67,505.7,-229.3,11.59
2023-07-01,20130,Cascadia Pet Products,688.2,609.5,49.5955,50.1988,0.8985,0.8856,0.4644,0.4891,7.17,8.96,415.19,678.4,486.04,15.05
2023-08-01,20130,Cascadia Pet Products,552.0,480.7,49.5955,48.3119,0.8985,0.8707,0.4644,0.5061,5.85,7.07,-708.55,535.0,843.12,20.05
2023-09-01,20130,Cascadia Pet Products,704.2,619.8,49.5955,52.0364,0.8985,0.8802,0.4644,0.5141,8.28,9.12,1718.88,689.8,714.18,30.8
2023-10-01,20130,Cascadia Pet Products,686.4,610.0,49.5955,51.078,0.8985,0.8887,0.4644,0.467,11.86,8.97,1017.59,678.9,371.97,1.59
2023-11-01,20130,Cascadia Pet Products,357.5,319.4,49.5955,52.5523,0.8985,0.8935,0.4644,0.4305,3.35,4.7,1057.06,355.5,99.19,-10.83
2023-12-01,20130,Cascadia Pet Products,290.4,251.1,49.5955,49.9678,0.8985,0.8647,0.4644,0.4944,3.31,3.69,108.12,279.5,540.59,7.53
2024-01-01,20130,Cascadia Pet Products,1097.2,968.5,49.5955,48.4525,0.8985,0.8827,0.4644,0.5165,25.05,14.24,-1254.1,1077.9,957.19,50.46
2024-02-01,20130,Cascadia Pet Products,587.8,541.8,49.5955,47.9023,0.8985,0.9218,0.4644,0.4902,6.35,7.97,-995.26,603.0,-753.85,13.98
2024-04-01,20130,Cascadia Pet Products,310.6,293.0,49.5955,46.1629,0.8985,0.9431,0.4644,0.5135,4.01,4.31,-1066.17,326.1,-768.73,14.39
2024-05-01,20130,Cascadia Pet Products,924.4,813.8,49.5955,46.4302,0.8985,0.8803,0.4644,0.4879,15.42,11.97,-2926.0,905.7,927.44,19.12
2024-06-01,20130,Cascadia Pet Products,1345.5,1221.2,49.5955,46.0056,0.8985,0.9076,0.4644,0.5423,28.13,17.96,-4830.21,1359.2,-679.46,95.13
2024-07-01,20130,Cascadia Pet Products,474.4,417.9,44.4677,44.0679,0.8985,0.8807,0.4644,0.5388,8.93,6.15,-189.67,465.1,413.55,31.09
2024-09-01,20130,Cascadia Pet Products,230.3,218.3,44.4677,44.0151,0.8985,0.9478,0.4644,0.4448,4.43,3.21,-104.23,243.0,-564.74,-4.28
2024-10-01,20130,Cascadia Pet Products,643.6,602.7,44.4677,42.8029,0.8985,0.9365,0.4644,0.4776,7.13,8.86,-1071.47,670.8,-1209.52,7.96
2024-11-01,20130,Cascadia Pet Products,324.8,287.3,44.4677,44.3545,0.8985,0.8844,0.4644,0.4605,5.08,4.22,-36.77,319.8,222.34,-1.12
2024-12-01,20130,Cascadia Pet Products,1114.5,1004.9,44.4677,46.6176,0.8985,0.9017,0.4644,0.5374,20.37,14.78,2396.06,1118.4,-173.42,73.36
2025-01-01,20130,Cascadia Pet Products,595.8,506.3,44.4677,46.6297,0.8985,0.8497,0.4644,0.4334,9.18,7.45,1288.12,563.5,1436.31,-15.7
2025-02-01,20130,Cascadia Pet Products,297.5,266.1,44.4677,44.8309,0.8985,0.8944,0.4644,0.5026,5.11,3.91,108.05,296.2,57.81,10.17
2025-04-01,20130,Cascadia Pet Products,387.0,355.8,44.4677,43.7488,0.8985,0.9194,0.4644,0.3945,3.79,5.23,-278.21,396.0,-400.21,-24.87
2025-05-01,20130,Cascadia Pet Products,621.3,567.7,44.4677,41.0836,0.8985,0.9137,0.4644,0.4028,9.82,8.35,-2102.54,631.8,-466.91,-34.97
2025-07-01,20130,Cascadia Pet Products,710.1,640.7,42.1796,42.7864,0.8985,0.9023,0.4644,0.4593,10.34,9.42,430.89,713.1,-126.54,-3.27
2025-09-01,20130,Cascadia Pet Products,916.7,832.8,42.1796,43.9888,0.8985,0.9086,0.4644,0.4836,18.31,12.25,1658.49,926.9,-430.23,15.99
2025-10-01,20130,Cascadia Pet Products,498.5,455.0,42.1796,42.1845,0.8985,0.9128,0.4644,0.5282,8.7,6.69,2.44,506.4,-333.22,29.03
2025-11-01,20130,Cascadia Pet Products,328.5,306.5,42.1796,42.3891,0.8985,0.933,0.4644,0.5226,3.24,4.51,68.82,341.1,-531.46,17.84
2025-12-01,20130,Cascadia Pet Products,423.9,392.4,42.1796,41.3616,0.8985,0.9257,0.4644,0.4774,7.86,5.77,-346.75,436.7,-539.9,5.1
2026-01-01,20130,Cascadia Pet Products,238.5,219.2,42.1796,38.1314,0.8985,0.9193,0.4644,0.4869,4.17,3.22,-965.5,244.0,-231.99,4.93
2026-02-01,20130,Cascadia Pet Products,955.1,884.6,42.1796,37.3071,0.8985,0.9262,0.4644,0.4315,19.12,13.01,-4653.72,984.5,-1240.08,-29.1
2026-03-01,20130,Cascadia Pet Products,887.0,833.9,42.1796,35.9508,0.8985,0.9402,0.4644,0.5043,16.14,12.26,-5524.95,928.1,-1733.58,33.27
2026-04-01,20130,Cascadia Pet Products,724.0,678.0,42.1796,33.0248,0.8985,0.9364,0.4644,0.4713,8.05,9.97,-6628.08,754.6,-1290.7,4.68
2026-05-01,20130,Cascadia Pet Products,110.7,102.3,42.1796,32.8889,0.8985,0.9242,0.4644,0.4621,1.69,1.5,-1028.48,113.9,-134.97,-0.24
2026-06-01,20130,Cascadia Pet Products,355.5,327.1,42.1796,33.324,0.8985,0.92,0.4644,0.5009,5.06,4.81,-3148.17,364.1,-362.74,11.94
2023-07-01,20131,Vertex Consumer Products (US),415.6,381.3,15.0352,15.1123,0.9109,0.9174,1.002,1.0515,4.81,5.61,32.04,418.6,-45.11,18.87
2023-08-01,20131,Vertex Consumer Products (US),1150.0,1062.4,15.0352,14.9131,0.9109,0.9238,1.002,0.8968,18.15,15.62,-140.41,1166.3,-245.07,-111.76
2023-09-01,20131,Vertex Consumer Products (US),239.2,215.6,15.0352,14.555,0.9109,0.9015,1.002,1.2027,2.28,3.17,-114.86,236.7,37.59,43.27
2023-10-01,20131,Vertex Consumer Products (US),132.9,116.0,15.0352,13.827,0.9109,0.8728,1.002,1.1307,1.45,1.71,-160.57,127.3,84.2,14.93
2023-12-01,20131,Vertex Consumer Products (US),220.2,188.8,15.0352,12.8414,0.9109,0.8574,1.002,1.067,2.45,2.78,-483.07,207.3,193.95,12.27
2024-01-01,20131,Vertex Consumer Products (US),226.7,199.3,15.0352,14.2768,0.9109,0.8791,1.002,0.937,3.61,2.93,-171.93,218.8,118.78,-12.95
2024-02-01,20131,Vertex Consumer Products (US),94.7,85.8,15.0352,14.4127,0.9109,0.9054,1.002,1.0922,1.34,1.26,-58.95,94.2,7.52,7.74
2024-05-01,20131,Vertex Consumer Products (US),161.4,137.9,15.0352,15.0756,0.9109,0.8545,1.002,1.0001,1.6,2.03,6.52,151.4,150.35,-0.26
2024-06-01,20131,Vertex Consumer Products (US),268.7,236.1,15.0352,15.1736,0.9109,0.8786,1.002,1.0273,3.41,3.47,37.19,259.2,142.83,5.97
2024-07-01,20131,Vertex Consumer Products (US),378.6,350.8,14.826,14.9339,0.9109,0.9267,1.002,0.964,3.8,5.16,40.85,385.1,-96.37,-13.33
2024-08-01,20131,Vertex Consumer Products (US),159.6,149.9,14.826,15.6064,0.9109,0.9391,1.002,1.0744,2.64,2.2,124.55,164.6,-74.13,10.85
2024-09-01,20131,Vertex Consumer Products (US),623.3,562.8,14.826,16.0107,0.9109,0.903,1.002,1.0025,10.94,8.28,738.42,617.9,80.06,0.28
2024-10-01,20131,Vertex Consumer Products (US),128.9,119.6,14.826,15.6543,0.9109,0.9274,1.002,1.059,2.4,1.76,106.77,131.3,-35.58,6.82
2024-11-01,20131,Vertex Consumer Products (US),335.5,302.9,14.826,14.9944,0.9109,0.9028,1.002,0.9868,3.44,4.45,56.5,332.5,44.48,-4.6
2024-12-01,20131,Vertex Consumer Products (US),348.4,311.7,14.826,14.7115,0.9109,0.8946,1.002,0.9707,3.69,4.58,-39.89,342.2,91.92,-9.76
2025-01-01,20131,Vertex Consumer Products (US),77.9,70.3,14.826,14.6327,0.9109,0.9031,1.002,1.0508,0.76,1.03,-15.06,77.2,10.38,3.43
2025-02-01,20131,Vertex Consumer Products (US),512.9,454.4,14.826,14.1453,0.9109,0.8858,1.002,0.9584,10.44,6.68,-349.13,498.8,209.05,-19.81
2025-03-01,20131,Vertex Consumer Products (US),382.7,329.2,14.826,14.626,0.9109,0.8601,1.002,1.0238,4.2,4.84,-76.54,361.4,315.79,7.18
2025-04-01,20131,Vertex Consumer Products (US),319.1,288.5,14.826,14.7198,0.9109,0.9042,1.002,1.0372,5.22,4.24,-33.89,316.7,35.58,10.16
2025-05-01,20131,Vertex Consumer Products (US),351.5,305.8,14.826,14.8925,0.9109,0.8699,1.002,0.9465,5.48,4.5,23.37,335.7,234.25,-16.97
2025-06-01,20131,Vertex Consumer Products (US),324.2,279.7,14.826,14.9669,0.9109,0.8626,1.002,0.8892,3.04,4.11,45.68,307.1,253.52,-31.55
2025-07-01,20131,Vertex Consumer Products (US),322.3,279.1,14.8932,14.7598,0.9109,0.8659,1.002,0.8753,4.05,4.1,-42.99,306.4,236.8,-35.36
2025-08-01,20131,Vertex Consumer Products (US),374.2,331.1,14.8932,15.0396,0.9109,0.8846,1.002,1.0439,3.79,4.87,54.78,363.5,159.36,13.87
2025-10-01,20131,Vertex Consumer Products (US),410.3,377.4,14.8932,14.0429,0.9109,0.9198,1.002,1.1069,5.77,5.55,-348.88,414.3,-59.57,39.59
2025-11-01,20131,Vertex Consumer Products (US),459.3,419.3,14.8932,13.5138,0.9109,0.9129,1.002,1.0193,7.17,6.17,-633.56,460.3,-14.89,7.25
2025-12-01,20131,Vertex Consumer Products (US),496.7,466.7,14.8932,13.3189,0.9109,0.9397,1.002,0.9794,6.5,6.86,-781.95,512.4,-233.82,-10.55
2026-02-01,20131,Vertex Consumer Products (US),269.2,231.5,14.8932,13.7922,0.9109,0.8601,1.002,1.0456,4.69,3.4,-296.39,254.1,224.89,10.09
2026-03-01,20131,Vertex Consumer Products (US),233.3,211.0,14.8932,13.7283,0.9109,0.9045,1.002,0.9996,3.49,3.1,-271.77,231.6,25.32,-0.51
2026-04-01,20131,Vertex Consumer Products (US),105.6,95.9,14.8932,15.0134,0.9109,0.9081,1.002,1.1695,1.3,1.41,12.69,105.3,4.47,16.06
2026-05-01,20131,Vertex Consumer Products (US),238.9,226.2,14.8932,15.3946,0.9109,0.9469,1.002,0.9996,5.17,3.33,119.78,248.3,-140.0,-0.54
2026-06-01,20131,Vertex Consumer Products (US),252.3,240.5,14.8932,15.4013,0.9109,0.9533,1.002,0.9617,5.29,3.54,128.19,264.0,-174.25,-9.69
2023-07-01,20132,Silverline Personal Care,440.1,429.3,4.8358,4.8547,0.995,0.9754,0.3352,0.3193,5.09,6.31,8.32,431.5,41.59,-6.83
2023-08-01,20132,Silverline Personal Care,904.7,891.5,4.8358,4.9619,0.995,0.9854,0.3352,0.3376,20.4,13.11,114.08,896.0,42.07,2.14
2023-09-01,20132,Silverline Personal Care,126.6,121.0,4.8358,5.2047,0.995,0.9557,0.3352,0.3389,1.35,1.78,46.7,121.6,24.18,0.45
2023-10-01,20132,Silverline Personal Care,591.0,588.1,4.8358,5.438,0.995,0.995,0.3352,0.3636,7.47,8.65,355.9,591.1,-0.48,16.7
2023-11-01,20132,Silverline Personal Care,693.1,689.7,4.8358,5.5758,0.995,0.995,0.3352,0.3114,7.85,10.14,512.89,693.2,-0.48,-16.41
2024-02-01,20132,Silverline Personal Care,397.9,395.9,4.8358,5.1678,0.995,0.995,0.3352,0.3219,6.87,5.82,132.1,397.9,0.0,-5.27
2024-03-01,20132,Silverline Personal Care,366.4,364.5,4.8358,5.0131,0.995,0.995,0.3352,0.3416,8.19,5.36,64.96,366.3,0.48,2.33
2024-04-01,20132,Silverline Personal Care,231.7,230.5,4.8358,4.8767,0.995,0.995,0.3352,0.3173,3.04,3.39,9.48,231.7,0.0,-4.13
2024-05-01,20132,Silverline Personal Care,252.1,250.9,4.8358,5.1934,0.995,0.995,0.3352,0.3707,5.71,3.69,90.15,252.2,-0.48,8.91
2024-08-01,20132,Silverline Personal Care,737.4,733.7,5.2854,5.1417,0.995,0.995,0.3352,0.3186,12.48,10.79,-105.96,737.4,0.0,-12.18
2024-10-01,20132,Silverline Personal Care,298.2,296.7,5.2854,5.3945,0.995,0.995,0.3352,0.3821,3.14,4.36,32.53,298.2,0.0,13.92
2024-11-01,20132,Silverline Personal Care,288.1,284.5,5.2854,5.557,0.995,0.9876,0.3352,0.3375,3.39,4.18,78.25,285.9,11.63,0.65
2025-01-01,20132,Silverline Personal Care,241.0,239.8,5.2854,5.6681,0.995,0.995,0.3352,0.3713,4.81,3.53,92.23,241.0,0.0,8.66
2025-02-01,20132,Silverline Personal Care,823.6,819.5,5.2854,6.1508,0.995,0.995,0.3352,0.3361,18.08,12.05,712.74,823.6,0.0,0.74
2025-03-01,20132,Silverline Personal Care,196.5,195.5,5.2854,6.3944,0.995,0.995,0.3352,0.3368,4.31,2.88,217.92,196.5,0.0,0.31
2025-04-01,20132,Silverline Personal Care,226.2,222.6,5.2854,6.4954,0.995,0.9842,0.3352,0.3667,2.8,3.27,273.7,223.7,13.21,7.01
2025-05-01,20132,Silverline Personal Care,547.1,544.4,5.2854,6.3544,0.995,0.995,0.3352,0.3796,6.44,8.01,584.85,547.1,0.0,24.17
2025-06-01,20132,Silverline Personal Care,250.3,244.8,5.2854,6.4895,0.995,0.9781,0.3352,0.3469,2.64,3.6,301.39,246.0,22.73,2.86
2025-07-01,20132,Silverline Personal Care,509.2,502.8,6.4457,6.4906,0.995,0.9875,0.3352,0.3198,5.51,7.39,22.86,505.3,25.14,-7.74
2025-08-01,20132,Silverline Personal Care,221.0,215.2,6.4457,6.5542,0.995,0.9735,0.3352,0.358,3.68,3.16,23.98,216.3,30.29,4.91
2025-10-01,20132,Silverline Personal Care,411.7,404.5,6.4457,6.347,0.995,0.9826,0.3352,0.363,4.38,5.95,-40.63,406.5,33.52,11.25
2025-11-01,20132,Silverline Personal Care,255.7,254.4,6.4457,6.235,0.995,0.995,0.3352,0.2911,3.12,3.74,-53.88,255.7,0.0,-11.22
2025-12-01,20132,Silverline Personal Care,256.3,255.0,6.4457,6.0625,0.995,0.995,0.3352,0.3708,6.01,3.75,-98.21,256.3,0.0,9.08
2026-01-01,20132,Silverline Personal Care,209.0,208.0,6.4457,5.986,0.995,0.995,0.3352,0.2883,4.04,3.06,-96.08,209.0,0.0,-9.76
2026-03-01,20132,Silverline Personal Care,644.5,641.3,6.4457,6.0154,0.995,0.995,0.3352,0.3136,13.13,9.43,-277.33,644.5,0.0,-13.85
2026-04-01,20132,Silverline Personal Care,220.3,219.2,6.4457,6.0086,0.995,0.995,0.3352,0.3859,2.72,3.22,-96.29,220.3,0.0,11.11
2026-05-01,20132,Silverline Personal Care,169.4,168.6,6.4457,6.2178,0.995,0.995,0.3352,0.357,3.91,2.48,-38.61,169.4,0.0,3.68
2023-07-01,20133,Harlow Textile Group,626.7,584.9,21.1129,21.1758,0.9287,0.9333,0.5451,0.6133,8.43,8.6,39.42,629.8,-65.45,39.89
2023-09-01,20133,Harlow Textile Group,1981.3,1783.7,21.1129,21.3438,0.9287,0.9003,0.5451,0.556,22.85,26.23,457.48,1920.6,1281.55,19.44
2023-10-01,20133,Harlow Textile Group,634.6,580.2,21.1129,20.0439,0.9287,0.9142,0.5451,0.6044,10.38,8.53,-678.39,624.7,209.02,34.41
2023-11-01,20133,Harlow Textile Group,1740.1,1587.7,21.1129,20.6351,0.9287,0.9124,0.5451,0.5711,38.88,23.35,-831.42,1709.6,643.94,41.28
2024-01-01,20133,Harlow Textile Group,2216.5,2078.8,21.1129,19.9352,0.9287,0.9379,0.5451,0.6546,40.71,30.57,-2610.37,2238.4,-462.37,227.63
2024-02-01,20133,Harlow Textile Group,1387.2,1260.0,21.1129,18.7953,0.9287,0.9084,0.5451,0.5754,13.23,18.53,-3214.97,1356.7,643.94,38.18
2024-03-01,20133,Harlow Textile Group,3127.1,2858.3,21.1129,18.5335,0.9287,0.9141,0.5451,0.6433,32.7,42.03,-8066.04,3077.7,1042.98,280.69
2024-05-01,20133,Harlow Textile Group,1325.7,1119.1,21.1129,16.3698,0.9287,0.8442,0.5451,0.487,14.26,16.46,-6287.93,1205.0,2548.33,-65.02
2024-06-01,20133,Harlow Textile Group,1389.6,1210.5,21.1129,15.3256,0.9287,0.8712,0.5451,0.5966,28.03,17.8,-8042.03,1303.4,1819.93,62.34
2024-07-01,20133,Harlow Textile Group,3806.2,3331.1,15.6152,15.5092,0.9287,0.8752,0.5451,0.5909,50.97,48.99,-403.46,3586.8,3425.97,152.56
2024-08-01,20133,Harlow Textile Group,2897.1,2603.4,15.6152,15.1734,0.9287,0.8986,0.5451,0.5313,39.94,38.28,-1279.94,2803.3,1464.71,-35.93
2024-09-01,20133,Harlow Textile Group,1195.7,1056.7,15.6152,15.0172,0.9287,0.8837,0.5451,0.7163,12.9,15.54,-715.03,1137.8,904.12,180.91
2024-10-01,20133,Harlow Textile Group,3980.6,3491.3,15.6152,15.1033,0.9287,0.8771,0.5451,0.4983,38.74,51.34,-2037.67,3759.3,3455.64,-163.39
2024-11-01,20133,Harlow Textile Group,410.9,378.0,15.6152,15.9279,0.9287,0.9198,0.5451,0.6271,3.95,5.56,128.49,407.0,60.9,31.0
2024-12-01,20133,Harlow Textile Group,1442.0,1333.1,15.6152,16.5891,0.9287,0.9245,0.5451,0.5417,17.38,19.61,1404.36,1435.4,103.06,-4.53
2025-02-01,20133,Harlow Textile Group,1599.4,1539.8,15.6152,16.7035,0.9287,0.9627,0.5451,0.5478,18.22,22.64,1740.63,1658.0,-915.05,4.16
2025-03-01,20133,Harlow Textile Group,696.2,670.1,15.6152,17.1032,0.9287,0.9625,0.5451,0.552,8.76,9.85,1035.95,721.5,-395.06,4.62
2025-04-01,20133,Harlow Textile Group,811.5,745.1,15.6152,16.8237,0.9287,0.9182,0.5451,0.5254,8.27,10.96,980.7,802.3,143.66,-14.68
2025-05-01,20133,Harlow Textile Group,850.9,769.6,15.6152,16.5948,0.9287,0.9045,0.5451,0.6573,10.67,11.32,833.54,828.7,346.66,86.35
2025-06-01,20133,Harlow Textile Group,616.1,534.8,15.6152,16.2465,0.9287,0.868,0.5451,0.4373,7.65,7.86,388.94,575.9,627.73,-57.65
2025-09-01,20133,Harlow Textile Group,879.4,813.4,17.0063,17.3111,0.9287,0.925,0.5451,0.555,20.22,11.96,268.04,875.8,61.22,8.05
2025-10-01,20133,Harlow Textile Group,1368.2,1278.4,17.0063,16.6937,0.9287,0.9344,0.5451,0.6011,17.79,18.8,-427.7,1376.5,-141.15,71.59
2025-11-01,20133,Harlow Textile Group,1491.3,1335.1,17.0063,16.2035,0.9287,0.8952,0.5451,0.5874,23.18,19.63,-1197.22,1437.6,913.24,56.47
2025-12-01,20133,Harlow Textile Group,2915.7,2734.2,17.0063,16.7523,0.9287,0.9378,0.5451,0.5191,31.98,40.21,-740.59,2944.1,-482.98,-71.09
2026-01-01,20133,Harlow Textile Group,1243.7,1172.7,17.0063,15.5005,0.9287,0.9429,0.5451,0.5384,16.2,17.25,-1872.76,1262.7,-323.12,-7.86
2026-04-01,20133,Harlow Textile Group,1092.3,964.4,17.0063,14.2309,0.9287,0.8829,0.5451,0.4842,20.09,14.18,-3031.57,1038.4,916.64,-58.73
2026-05-01,20133,Harlow Textile Group,4387.6,3872.5,17.0063,14.3441,0.9287,0.8826,0.5451,0.603,45.82,56.95,-11680.67,4169.8,3703.97,224.22
2026-06-01,20133,Harlow Textile Group,1122.6,1017.0,17.0063,15.0588,0.9287,0.9059,0.5451,0.5393,15.84,14.96,-2186.26,1095.1,467.67,-5.9
2023-08-01,20134,Cascadia Pet Products,10048.3,8509.9,8.322,8.4042,0.8383,0.8469,0.2602,0.2752,109.39,125.15,825.97,10151.4,-858.0,127.65
2023-09-01,20134,Cascadia Pet Products,3550.8,3078.6,8.322,8.6167,0.8383,0.867,0.2602,0.2598,40.12,45.27,1046.42,3672.4,-1011.96,-1.23
2023-11-01,20134,Cascadia Pet Products,3977.6,3293.9,8.322,8.4272,0.8383,0.8281,0.2602,0.2741,81.17,48.44,418.44,3929.3,401.95,45.79
2023-12-01,20134,Cascadia Pet Products,10203.2,8506.9,8.322,8.0868,0.8383,0.8337,0.2602,0.2706,95.39,125.1,-2399.79,10147.8,461.04,88.47
2024-02-01,20134,Cascadia Pet Products,1539.7,1268.4,8.322,7.262,0.8383,0.8237,0.2602,0.2872,13.4,18.65,-1632.08,1513.1,221.37,34.25
2024-03-01,20134,Cascadia Pet Products,4086.9,3685.0,8.322,7.1458,0.8383,0.9017,0.2602,0.2649,52.61,54.19,-4807.01,4395.8,-2570.67,17.32
2024-04-01,20134,Cascadia Pet Products,2358.8,1924.1,8.322,6.9876,0.8383,0.8157,0.2602,0.2701,25.78,28.3,-3147.58,2295.2,529.28,19.05
2024-05-01,20134,Cascadia Pet Products,3730.8,3199.6,8.322,7.308,0.8383,0.8576,0.2602,0.2704,45.61,47.05,-3783.03,3816.8,-715.69,32.64
2024-07-01,20134,Cascadia Pet Products,3337.1,2898.9,7.4352,7.5376,0.8383,0.8687,0.2602,0.215,30.76,42.63,341.72,3458.1,-899.66,-131.03
2024-08-01,20134,Cascadia Pet Products,2282.3,1902.3,7.4352,7.561,0.8383,0.8335,0.2602,0.2558,26.36,27.98,287.11,2269.2,97.4,-8.37
2024-09-01,20134,Cascadia Pet Products,1404.5,1161.8,7.4352,7.5434,0.8383,0.8272,0.2602,0.2679,24.78,17.09,151.97,1385.9,138.29,8.95
2024-12-01,20134,Cascadia Pet Products,6565.8,5429.2,7.4352,6.8039,0.8383,0.8269,0.2602,0.2605,69.48,79.84,-4144.99,6476.4,664.71,1.63
2025-01-01,20134,Cascadia Pet Products,13962.4,11607.8,7.4352,6.5039,0.8383,0.8314,0.2602,0.2631,291.41,170.7,-13003.18,13846.8,859.51,33.66
2025-02-01,20134,Cascadia Pet Products,2970.3,2471.6,7.4352,6.303,0.8383,0.8321,0.2602,0.2824,51.61,36.35,-3362.97,2948.3,163.57,54.87
2025-05-01,20134,Cascadia Pet Products,5215.8,4578.9,7.4352,6.3743,0.8383,0.8779,0.2602,0.2328,109.05,67.34,-5533.44,5462.1,-1831.29,-125.46
2025-07-01,20134,Cascadia Pet Products,3979.3,3311.7,6.6906,6.7786,0.8383,0.8322,0.2602,0.2466,35.56,48.7,350.18,3950.5,192.69,-45.04
2025-08-01,20134,Cascadia Pet Products,6051.0,5275.3,6.6906,7.2352,0.8383,0.8718,0.2602,0.2566,56.17,77.58,3295.37,6292.9,-1618.46,-18.99
2025-09-01,20134,Cascadia Pet Products,2011.3,1710.2,6.6906,7.4598,0.8383,0.8503,0.2602,0.2786,34.45,25.15,1547.09,2040.1,-192.69,31.47
2025-10-01,20134,Cascadia Pet Products,6815.1,5739.3,6.6906,7.5928,0.8383,0.8422,0.2602,0.2265,73.6,84.4,6148.58,6846.4,-209.42,-193.41
2025-11-01,20134,Cascadia Pet Products,4883.5,4009.9,6.6906,7.7774,0.8383,0.8211,0.2602,0.2481,56.29,58.97,5307.39,4783.4,669.73,-48.52
2025-12-01,20134,Cascadia Pet Products,5581.0,4724.7,6.6906,7.0921,0.8383,0.8466,0.2602,0.2577,68.33,69.48,2240.77,5636.0,-367.98,-11.81
2026-01-01,20134,Cascadia Pet Products,3541.0,3017.6,6.6906,6.8143,0.8383,0.8522,0.2602,0.2427,31.62,44.38,438.02,3599.7,-392.74,-52.81
2026-02-01,20134,Cascadia Pet Products,3214.8,2699.9,6.6906,6.577,0.8383,0.8398,0.2602,0.2143,41.35,39.71,-365.2,3220.7,-39.47,-123.93
2026-03-01,20134,Cascadia Pet Products,3124.9,2735.9,6.6906,6.7199,0.8383,0.8755,0.2602,0.285,30.66,40.23,91.56,3263.6,-927.99,67.85
2026-04-01,20134,Cascadia Pet Products,2415.9,2153.6,6.6906,6.9105,0.8383,0.8914,0.2602,0.2261,43.25,31.67,531.26,2569.0,-1024.33,-73.44
2026-05-01,20134,Cascadia Pet Products,1597.7,1346.8,6.6906,7.1268,0.8383,0.843,0.2602,0.253,14.37,19.81,696.92,1606.6,-59.55,-9.7
2026-06-01,20134,Cascadia Pet Products,9793.3,8411.6,6.6906,7.3571,0.8383,0.8589,0.2602,0.2921,96.28,123.7,6527.23,10034.1,-1611.1,268.33
2023-07-01,20135,Cascadia Pet Products,593.6,522.2,33.2988,33.336,0.8669,0.8798,0.712,0.711,10.53,7.68,22.08,602.4,-293.03,-0.52
2023-08-01,20135,Cascadia Pet Products,673.0,563.0,33.2988,32.9712,0.8669,0.8366,0.712,0.6521,8.5,8.28,-220.47,649.4,785.85,-33.72
2023-09-01,20135,Cascadia Pet Products,821.4,701.7,33.2988,33.7144,0.8669,0.8542,0.712,0.7583,8.81,10.32,341.37,809.4,399.59,32.49
2023-10-01,20135,Cascadia Pet Products,742.1,640.7,33.2988,33.3358,0.8669,0.8634,0.712,0.7551,8.21,9.42,27.46,739.1,99.9,27.61
2023-11-01,20135,Cascadia Pet Products,982.8,834.0,33.2988,31.8787,0.8669,0.8486,0.712,0.7322,15.74,12.26,-1395.67,962.0,692.62,16.85
2023-12-01,20135,Cascadia Pet Products,1053.7,945.7,33.2988,31.3389,0.8669,0.8975,0.712,0.8031,11.8,13.91,-2065.15,1090.9,-1238.72,86.15
2024-01-01,20135,Cascadia Pet Products,1443.4,1285.2,33.2988,30.6969,0.8669,0.8904,0.712,0.7797,14.39,18.9,-3755.58,1482.5,-1301.98,87.01
2024-02-01,20135,Cascadia Pet Products,815.1,722.3,33.2988,29.3345,0.8669,0.8862,0.712,0.7305,8.87,10.62,-3231.3,833.2,-602.71,13.36
2024-03-01,20135,Cascadia Pet Products,602.4,541.4,33.2988,28.9737,0.8669,0.8987,0.712,0.6834,9.56,7.96,-2605.44,624.5,-735.9,-15.48
2024-04-01,20135,Cascadia Pet Products,1231.8,1087.3,33.2988,27.7645,0.8669,0.8827,0.712,0.7822,12.17,15.99,-6817.15,1254.2,-745.89,76.33
2024-05-01,20135,Cascadia Pet Products,1359.8,1170.0,33.2988,27.2177,0.8669,0.8605,0.712,0.7676,13.56,17.21,-8269.08,1349.6,339.65,65.05
2024-07-01,20135,Cascadia Pet Products,337.5,309.6,26.7782,26.7698,0.8669,0.9173,0.712,0.686,4.09,4.55,-2.83,357.1,-524.85,-8.05
2024-08-01,20135,Cascadia Pet Products,324.4,288.4,26.7782,26.7333,0.8669,0.8891,0.712,0.5862,3.98,4.24,-14.57,332.7,-222.26,-36.28
2024-09-01,20135,Cascadia Pet Products,1247.4,1096.5,26.7782,25.9711,0.8669,0.879,0.712,0.7509,15.48,16.12,-1006.78,1264.9,-468.62,42.65
2024-10-01,20135,Cascadia Pet Products,463.0,402.1,26.7782,25.7287,0.8669,0.8684,0.712,0.6667,4.72,5.91,-485.92,463.8,-21.42,-18.22
2024-11-01,20135,Cascadia Pet Products,840.7,756.3,26.7782,26.7412,0.8669,0.8996,0.712,0.7083,10.53,11.12,-31.11,872.4,-848.87,-2.8
2024-12-01,20135,Cascadia Pet Products,495.0,438.5,26.7782,27.3583,0.8669,0.8857,0.712,0.736,7.07,6.45,287.15,505.8,-289.2,10.52
2025-01-01,20135,Cascadia Pet Products,507.0,469.3,26.7782,26.1585,0.8669,0.9257,0.712,0.7765,5.83,6.9,-314.19,541.4,-921.17,30.27
2025-02-01,20135,Cascadia Pet Products,1187.4,1035.3,26.7782,25.6402,0.8669,0.8719,0.712,0.777,15.64,15.22,-1351.26,1194.3,-184.77,67.29
2025-03-01,20135,Cascadia Pet Products,1221.9,1066.1,26.7782,25.1997,0.8669,0.8725,0.712,0.7857,15.75,15.68,-1928.77,1229.8,-211.55,78.57
2025-04-01,20135,Cascadia Pet Products,438.4,384.9,26.7782,26.0139,0.8669,0.878,0.712,0.7639,4.72,5.66,-335.07,444.0,-149.96,19.98
2025-05-01,20135,Cascadia Pet Products,541.3,481.0,26.7782,25.4558,0.8669,0.8885,0.712,0.902,10.1,7.07,-715.82,554.9,-364.18,91.39
2025-06-01,20135,Cascadia Pet Products,409.5,358.9,26.7782,23.5948,0.8669,0.8765,0.712,0.6975,3.81,5.28,-1303.6,414.0,-120.5,-5.2
2025-08-01,20135,Cascadia Pet Products,684.6,625.3,25.4816,26.261,0.8669,0.9133,0.712,0.7839,7.56,9.19,533.58,721.3,-935.17,44.96
2025-09-01,20135,Cascadia Pet Products,1234.0,1091.9,25.4816,26.2254,0.8669,0.8848,0.712,0.7799,15.29,16.06,917.85,1259.5,-649.78,74.14
2025-10-01,20135,Cascadia Pet Products,584.2,507.0,25.4816,25.6552,0.8669,0.8679,0.712,0.7691,12.87,7.46,101.42,584.8,-15.29,28.95
2025-11-01,20135,Cascadia Pet Products,1904.8,1639.5,25.4816,25.9699,0.8669,0.8608,0.712,0.6956,27.44,24.11,930.11,1891.2,346.55,-26.89
2025-12-01,20135,Cascadia Pet Products,423.0,371.7,25.4816,25.0661,0.8669,0.8785,0.712,0.8156,8.52,5.47,-175.76,428.8,-147.79,38.51
2026-01-01,20135,Cascadia Pet Products,1389.4,1179.8,25.4816,23.395,0.8669,0.8492,0.712,0.7502,18.02,17.35,-2899.12,1360.9,726.23,45.07
2026-02-01,20135,Cascadia Pet Products,822.3,669.1,25.4816,21.4031,0.8669,0.8137,0.712,0.7627,17.16,9.84,-3353.75,771.8,1286.82,33.92
2026-03-01,20135,Cascadia Pet Products,558.6,465.4,25.4816,20.4078,0.8669,0.8331,0.712,0.7394,4.91,6.84,-2834.22,536.9,552.95,12.75
2026-04-01,20135,Cascadia Pet Products,1693.0,1458.7,25.4816,19.6588,0.8669,0.8616,0.712,0.692,26.87,21.45,-9858.0,1682.7,262.46,-29.17
2026-05-01,20135,Cascadia Pet Products,1105.5,912.5,25.4816,19.9145,0.8669,0.8254,0.712,0.6809,15.15,13.42,-6154.43,1052.6,1347.98,-28.38
2026-06-01,20135,Cascadia Pet Products,2462.1,2105.8,25.4816,20.1605,0.8669,0.8553,0.712,0.7289,22.16,30.97,-13101.08,2429.1,840.89,35.59
2023-07-01,20136,Silverline Personal Care,184.5,165.8,9.6996,9.7181,0.8636,0.8985,0.5802,0.5998,2.29,2.44,3.41,192.0,-72.75,3.25
2023-08-01,20136,Silverline Personal Care,508.3,440.5,9.6996,10.9073,0.8636,0.8666,0.5802,0.4995,6.49,6.48,613.87,510.1,-17.46,-35.55
2023-09-01,20136,Silverline Personal Care,236.3,209.0,9.6996,10.9194,0.8636,0.8846,0.5802,0.5559,4.78,3.07,288.24,242.0,-55.29,-5.08
2023-10-01,20136,Silverline Personal Care,316.6,285.7,9.6996,11.4357,0.8636,0.9025,0.5802,0.6706,3.66,4.2,549.65,330.8,-137.73,25.83
2023-11-01,20136,Silverline Personal Care,435.5,382.9,9.6996,11.3217,0.8636,0.8791,0.5802,0.5725,7.72,5.63,706.42,443.4,-76.63,-2.95
2023-12-01,20136,Silverline Personal Care,431.7,374.0,9.6996,10.7664,0.8636,0.8664,0.5802,0.533,4.95,5.5,460.54,433.1,-13.58,-17.65
2024-02-01,20136,Silverline Personal Care,406.9,351.5,9.6996,10.3298,0.8636,0.8638,0.5802,0.5816,4.17,5.17,256.43,407.0,-0.97,0.49
2024-04-01,20136,Silverline Personal Care,329.5,291.2,9.6996,10.5081,0.8636,0.8838,0.5802,0.5489,5.94,4.28,266.4,337.2,-74.69,-9.11
2024-05-01,20136,Silverline Personal Care,198.8,174.3,9.6996,11.3714,0.8636,0.8768,0.5802,0.5612,4.5,2.56,332.35,201.8,-29.1,-3.31
2024-07-01,20136,Silverline Personal Care,428.5,364.0,11.7491,11.7399,0.8636,0.8496,0.5802,0.6045,8.14,5.35,-3.94,421.5,82.24,8.85
2024-09-01,20136,Silverline Personal Care,148.8,127.7,11.7491,11.4865,0.8636,0.8585,0.5802,0.5828,2.35,1.88,-39.07,147.9,10.57,0.33
2024-10-01,20136,Silverline Personal Care,304.5,268.0,11.7491,11.2246,0.8636,0.8801,0.5802,0.5844,4.82,3.94,-159.71,310.3,-68.14,1.13
2024-12-01,20136,Silverline Personal Care,285.5,244.4,11.7491,10.8652,0.8636,0.856,0.5802,0.5531,2.84,3.59,-252.35,283.0,29.37,-6.62
2025-01-01,20136,Silverline Personal Care,328.5,286.6,11.7491,10.5645,0.8636,0.8723,0.5802,0.5543,4.01,4.21,-389.14,331.9,-39.95,-7.42
2025-02-01,20136,Silverline Personal Care,1096.9,945.3,11.7491,10.4102,0.8636,0.8618,0.5802,0.5842,19.15,13.9,-1468.64,1094.6,27.02,3.78
2025-03-01,20136,Silverline Personal Care,274.1,244.0,11.7491,10.271,0.8636,0.89,0.5802,0.6213,3.86,3.59,-405.15,282.5,-98.69,10.03
2025-04-01,20136,Silverline Personal Care,375.6,346.8,11.7491,10.2799,0.8636,0.9234,0.5802,0.5733,5.85,5.1,-551.83,401.6,-305.48,-2.39
2025-05-01,20136,Silverline Personal Care,154.9,136.3,11.7491,10.3698,0.8636,0.8804,0.5802,0.5949,1.42,2.0,-213.65,157.8,-34.07,2.0
2025-06-01,20136,Silverline Personal Care,76.4,67.0,11.7491,11.1188,0.8636,0.877,0.5802,0.4456,0.74,0.99,-48.15,77.6,-14.1,-9.02
2025-08-01,20136,Silverline Personal Care,323.9,304.9,11.3671,11.3088,0.8636,0.9414,0.5802,0.6545,4.89,4.48,-18.88,353.1,-331.92,22.65
2025-09-01,20136,Silverline Personal Care,151.0,140.1,11.3671,11.667,0.8636,0.9283,0.5802,0.5074,1.8,2.06,45.28,162.2,-127.31,-10.2
2025-11-01,20136,Silverline Personal Care,657.1,596.2,11.3671,11.1192,0.8636,0.9074,0.5802,0.629,9.04,8.77,-162.9,690.4,-378.52,29.09
2025-12-01,20136,Silverline Personal Care,143.4,124.4,11.3671,10.882,0.8636,0.868,0.5802,0.6315,2.57,1.83,-69.56,144.0,-6.82,6.38
2026-01-01,20136,Silverline Personal Care,200.9,173.6,11.3671,10.9397,0.8636,0.8639,0.5802,0.5702,1.9,2.55,-85.86,201.0,-1.14,-1.74
2026-02-01,20136,Silverline Personal Care,160.3,141.2,11.3671,10.8633,0.8636,0.8806,0.5802,0.6416,2.15,2.08,-80.76,163.5,-36.37,8.67
2026-03-01,20136,Silverline Personal Care,248.1,214.0,11.3671,10.656,0.8636,0.8627,0.5802,0.5643,2.84,3.15,-176.42,247.8,3.41,-3.4
2026-04-01,20136,Silverline Personal Care,261.4,216.7,11.3671,10.4235,0.8636,0.829,0.5802,0.5922,3.13,3.19,-246.66,250.9,119.35,2.6
2026-05-01,20136,Silverline Personal Care,122.6,106.3,11.3671,10.5428,0.8636,0.8667,0.5802,0.5217,1.38,1.56,-101.06,123.1,-5.68,-6.22
2026-06-01,20136,Silverline Personal Care,263.9,226.8,11.3671,10.0578,0.8636,0.8595,0.5802,0.6226,4.83,3.33,-345.52,262.6,14.78,9.62
2023-07-01,20137,Shenzhen Kaiyuan Electronics,14306.9,13164.9,46.9307,46.9879,0.916,0.9202,0.279,0.3388,159.23,193.6,818.35,14372.2,-3064.57,787.26
2023-08-01,20137,Shenzhen Kaiyuan Electronics,8596.6,7776.3,46.9307,47.7589,0.916,0.9046,0.279,0.3026,90.83,114.36,7119.7,8489.4,5030.97,183.52
2023-10-01,20137,Shenzhen Kaiyuan Electronics,7888.6,7470.3,46.9307,48.3349,0.916,0.947,0.279,0.2683,139.05,109.86,11077.17,8155.3,-12516.42,-79.93
2023-11-01,20137,Shenzhen Kaiyuan Electronics,9077.5,8609.2,46.9307,48.8105,0.916,0.9484,0.279,0.2545,119.61,126.61,17063.88,9398.7,-15074.14,-210.93
2023-12-01,20137,Shenzhen Kaiyuan Electronics,19704.0,18705.7,46.9307,48.4526,0.916,0.9493,0.279,0.2857,220.28,275.08,29987.52,20421.1,-33654.0,125.33
2024-01-01,20137,Shenzhen Kaiyuan Electronics,6527.2,6032.9,46.9307,47.4467,0.916,0.9243,0.279,0.3299,126.71,88.72,3368.04,6586.1,-2764.22,307.07
2024-03-01,20137,Shenzhen Kaiyuan Electronics,5549.7,5226.4,46.9307,47.552,0.916,0.9417,0.279,0.2772,104.19,76.86,3448.03,5705.7,-7321.19,-9.41
2024-04-01,20137,Shenzhen Kaiyuan Electronics,10482.7,9162.4,46.9307,48.6805,0.916,0.874,0.279,0.2548,132.84,134.74,18342.63,10002.6,22531.43,-221.73
2024-06-01,20137,Shenzhen Kaiyuan Electronics,11844.8,11084.8,46.9307,46.3109,0.916,0.9358,0.279,0.2994,220.41,163.01,-7341.41,12101.3,-12037.72,226.13
2024-07-01,20137,Shenzhen Kaiyuan Electronics,12414.9,11461.8,43.8118,43.6233,0.916,0.9232,0.279,0.3129,130.7,168.56,-2340.21,12512.9,-4293.56,388.56
2024-08-01,20137,Shenzhen Kaiyuan Electronics,6613.3,6307.9,43.8118,42.9787,0.916,0.9538,0.279,0.2415,87.82,92.76,-5509.54,6886.4,-11965.0,-236.55
2024-09-01,20137,Shenzhen Kaiyuan Electronics,4640.8,4552.1,43.8118,41.4259,0.916,0.9809,0.279,0.3083,81.15,66.94,-11072.48,4969.5,-14400.94,133.38
2024-11-01,20137,Shenzhen Kaiyuan Electronics,5822.6,5520.7,43.8118,41.0899,0.916,0.9481,0.279,0.3138,82.52,81.19,-15848.53,6027.0,-8955.13,192.12
2024-12-01,20137,Shenzhen Kaiyuan Electronics,13387.7,12698.6,43.8118,42.9655,0.916,0.9485,0.279,0.2904,326.11,186.74,-11330.01,13863.1,-20828.13,144.76
2025-01-01,20137,Shenzhen Kaiyuan Electronics,11093.1,10438.8,43.8118,43.2716,0.916,0.941,0.279,0.2878,160.07,153.51,-5992.49,11396.1,-13274.98,91.86
2025-02-01,20137,Shenzhen Kaiyuan Electronics,6836.8,6130.6,43.8118,42.1567,0.916,0.8967,0.279,0.3211,152.17,90.16,-11315.59,6692.8,6308.9,258.1
2025-03-01,20137,Shenzhen Kaiyuan Electronics,7975.4,7157.1,43.8118,38.4958,0.916,0.8974,0.279,0.3337,124.29,105.25,-42397.23,7813.4,7097.51,391.49
2025-04-01,20137,Shenzhen Kaiyuan Electronics,6983.8,6372.4,43.8118,39.1331,0.916,0.9125,0.279,0.2493,97.89,93.71,-32675.11,6956.8,1182.92,-189.26
2025-06-01,20137,Shenzhen Kaiyuan Electronics,5194.2,4846.9,43.8118,39.7089,0.916,0.9331,0.279,0.2891,70.59,71.28,-21311.28,5291.4,-4258.51,48.95
2025-07-01,20137,Shenzhen Kaiyuan Electronics,6044.8,5630.0,43.0572,42.5275,0.916,0.9314,0.279,0.2999,81.34,82.79,-3201.93,6146.3,-4370.31,117.67
2025-08-01,20137,Shenzhen Kaiyuan Electronics,7747.9,7176.2,43.0572,43.8376,0.916,0.9262,0.279,0.2681,90.98,105.53,6046.46,7834.3,-3720.14,-78.22
2025-10-01,20137,Shenzhen Kaiyuan Electronics,7130.5,6473.5,43.0572,41.3932,0.916,0.9079,0.279,0.3264,148.92,95.2,-11865.15,7067.1,2729.83,306.84
2025-11-01,20137,Shenzhen Kaiyuan Electronics,5346.2,4957.0,43.0572,39.1403,0.916,0.9272,0.279,0.2905,84.29,72.9,-20940.53,5411.6,-2815.94,57.01
2025-12-01,20137,Shenzhen Kaiyuan Electronics,8980.8,8298.0,43.0572,39.3327,0.916,0.924,0.279,0.2406,104.58,122.03,-33448.99,9059.0,-3367.07,-318.64
2026-02-01,20137,Shenzhen Kaiyuan Electronics,14839.2,13595.8,43.0572,35.3039,0.916,0.9162,0.279,0.3003,262.78,199.94,-115052.77,14842.6,-146.39,289.59
2026-03-01,20137,Shenzhen Kaiyuan Electronics,5392.2,5003.2,43.0572,33.4304,0.916,0.9279,0.279,0.2857,125.92,73.58,-51909.63,5462.0,-3005.39,33.52
2026-04-01,20137,Shenzhen Kaiyuan Electronics,17311.6,16031.5,43.0572,31.9242,0.916,0.9261,0.279,0.3092,355.12,235.76,-192730.04,17501.6,-8180.87,484.15
2026-05-01,20137,Shenzhen Kaiyuan Electronics,3548.8,3371.1,43.0572,31.5568,0.916,0.9499,0.279,0.3125,41.12,49.57,-40812.62,3680.2,-5657.72,112.93
2026-06-01,20137,Shenzhen Kaiyuan Electronics,15544.1,14342.7,43.0572,32.959,0.916,0.9227,0.279,0.3417,283.71,210.92,-156967.43,15658.0,-4904.22,899.29
2023-07-01,20138,Northbrook Paper & Board,357.4,315.4,13.5836,13.4804,0.9341,0.8826,0.4571,0.4305,5.34,4.64,-36.88,337.7,267.6,-8.39
2023-08-01,20138,Northbrook Paper & Board,1221.0,1096.9,13.5836,13.0334,0.9341,0.8984,0.4571,0.4528,19.7,16.13,-671.79,1174.3,634.35,-4.72
2023-09-01,20138,Northbrook Paper & Board,373.6,341.8,13.5836,12.2722,0.9341,0.9148,0.4571,0.4336,5.95,5.03,-489.94,365.9,104.59,-8.03
2023-10-01,20138,Northbrook Paper & Board,631.0,573.4,13.5836,11.854,0.9341,0.9087,0.4571,0.4601,11.14,8.43,-1091.38,613.9,232.28,1.72
2023-12-01,20138,Northbrook Paper & Board,897.4,820.9,13.5836,11.1544,0.9341,0.9148,0.4571,0.5136,16.86,12.07,-2179.96,878.8,252.65,46.38
2024-03-01,20138,Northbrook Paper & Board,154.4,143.2,13.5836,11.7959,0.9341,0.9277,0.4571,0.43,2.62,2.11,-276.02,153.3,14.94,-3.88
2024-04-01,20138,Northbrook Paper & Board,409.9,378.3,13.5836,12.7771,0.9341,0.9229,0.4571,0.4704,9.88,5.56,-330.58,405.0,66.56,5.03
2024-05-01,20138,Northbrook Paper & Board,256.3,243.3,13.5836,12.872,0.9341,0.9494,0.4571,0.4062,2.81,3.58,-182.38,260.5,-57.05,-12.38
2024-06-01,20138,Northbrook Paper & Board,675.5,604.7,13.5836,12.7865,0.9341,0.8952,0.4571,0.4212,7.41,8.89,-538.44,647.4,381.7,-21.71
2024-07-01,20138,Northbrook Paper & Board,620.3,576.0,13.2735,13.3592,0.9341,0.9285,0.4571,0.4475,6.53,8.47,53.16,616.6,49.11,-5.53
2024-08-01,20138,Northbrook Paper & Board,317.1,300.9,13.2735,13.5269,0.9341,0.9488,0.4571,0.4111,4.65,4.42,80.35,322.1,-66.37,-13.84
2024-10-01,20138,Northbrook Paper & Board,711.0,648.4,13.2735,13.943,0.9341,0.912,0.4571,0.4321,15.62,9.54,476.01,694.1,224.32,-16.21
2024-11-01,20138,Northbrook Paper & Board,309.5,276.6,13.2735,14.2526,0.9341,0.8937,0.4571,0.4252,6.94,4.07,303.03,296.1,177.86,-8.82
2025-02-01,20138,Northbrook Paper & Board,452.6,432.9,13.2735,13.859,0.9341,0.9565,0.4571,0.4419,4.78,6.37,265.0,463.4,-143.35,-6.58
2025-03-01,20138,Northbrook Paper & Board,692.6,657.3,13.2735,13.799,0.9341,0.949,0.4571,0.5558,17.24,9.67,363.96,703.7,-147.34,64.88
2025-05-01,20138,Northbrook Paper & Board,418.1,395.1,13.2735,14.2779,0.9341,0.9451,0.4571,0.4172,9.13,5.81,419.94,423.0,-65.04,-15.76
2025-06-01,20138,Northbrook Paper & Board,1300.7,1223.4,13.2735,14.2628,0.9341,0.9406,0.4571,0.5395,14.92,17.99,1286.78,1309.7,-119.46,100.81
2025-07-01,20138,Northbrook Paper & Board,171.1,153.4,14.1989,14.1174,0.9341,0.8964,0.4571,0.4806,1.65,2.26,-13.94,164.2,97.97,3.6
2025-08-01,20138,Northbrook Paper & Board,369.2,346.1,14.1989,14.3804,0.9341,0.9376,0.4571,0.5441,4.63,5.09,67.01,370.5,-18.46,30.11
2025-10-01,20138,Northbrook Paper & Board,661.2,623.8,14.1989,12.7409,0.9341,0.9434,0.4571,0.4545,9.13,9.17,-964.03,667.8,-93.71,-1.62
2025-11-01,20138,Northbrook Paper & Board,1922.7,1763.0,14.1989,12.6333,0.9341,0.9169,0.4571,0.485,24.47,25.93,-3010.18,1887.4,501.22,49.19
2025-12-01,20138,Northbrook Paper & Board,500.3,476.0,14.1989,13.019,0.9341,0.9514,0.4571,0.5575,8.59,7.0,-590.3,509.6,-132.05,47.79
2026-01-01,20138,Northbrook Paper & Board,449.2,415.8,14.1989,13.1103,0.9341,0.9256,0.4571,0.4745,6.75,6.11,-489.0,445.1,58.22,7.23
2026-02-01,20138,Northbrook Paper & Board,220.7,208.2,14.1989,13.3779,0.9341,0.9432,0.4571,0.4985,2.6,3.06,-181.19,222.9,-31.24,8.62
2026-03-01,20138,Northbrook Paper & Board,827.8,765.6,14.1989,13.4968,0.9341,0.9248,0.4571,0.4168,9.58,11.26,-581.2,819.6,116.43,-30.85
2026-04-01,20138,Northbrook Paper & Board,504.6,452.8,14.1989,13.5896,0.9341,0.8973,0.4571,0.4456,5.63,6.66,-307.45,484.7,282.56,-5.21
2026-05-01,20138,Northbrook Paper & Board,619.5,559.3,14.1989,13.6418,0.9341,0.9028,0.4571,0.4488,13.24,8.22,-345.12,598.8,293.92,-4.64
2023-07-01,20139,Ashworth Tools & Hardware,314.1,312.6,5.0079,5.062,0.9661,0.995,0.453,0.5162,4.52,4.6,16.99,323.6,-47.58,19.76
2023-08-01,20139,Ashworth Tools & Hardware,415.7,410.4,5.0079,5.2722,0.9661,0.9871,0.453,0.469,10.15,6.04,109.87,424.8,-45.57,6.57
2023-09-01,20139,Ashworth Tools & Hardware,416.5,401.1,5.0079,5.2052,0.9661,0.963,0.453,0.4996,4.78,5.9,82.18,415.2,6.51,18.69
2023-11-01,20139,Ashworth Tools & Hardware,158.2,147.5,5.0079,5.0757,0.9661,0.932,0.453,0.4801,2.35,2.17,10.73,152.7,27.54,4.0
2023-12-01,20139,Ashworth Tools & Hardware,184.8,183.9,5.0079,5.008,0.9661,0.995,0.453,0.4333,2.53,2.7,0.02,190.4,-28.04,-3.62
2024-01-01,20139,Ashworth Tools & Hardware,144.1,136.8,5.0079,5.115,0.9661,0.9494,0.453,0.4951,1.65,2.01,15.43,141.6,12.52,5.76
2024-02-01,20139,Ashworth Tools & Hardware,285.1,277.9,5.0079,5.167,0.9661,0.9748,0.453,0.4456,3.19,4.09,45.36,287.7,-13.02,-2.06
2024-03-01,20139,Ashworth Tools & Hardware,190.8,180.4,5.0079,5.2856,0.9661,0.9457,0.453,0.4725,2.52,2.65,52.99,186.7,20.53,3.52
2024-05-01,20139,Ashworth Tools & Hardware,263.7,244.3,5.0079,5.8726,0.9661,0.9266,0.453,0.4711,4.16,3.59,228.02,252.9,54.09,4.42
2024-06-01,20139,Ashworth Tools & Hardware,317.4,313.0,5.0079,5.9451,0.9661,0.9863,0.453,0.5061,5.36,4.6,297.47,324.0,-33.05,16.62
2024-07-01,20139,Ashworth Tools & Hardware,177.0,169.8,6.4882,6.505,0.9661,0.9589,0.453,0.4099,2.91,2.5,2.97,175.8,7.79,-7.32
2024-08-01,20139,Ashworth Tools & Hardware,589.4,549.7,6.4882,6.3858,0.9661,0.9327,0.453,0.4598,5.93,8.08,-60.35,569.0,132.36,3.74
2024-09-01,20139,Ashworth Tools & Hardware,152.6,144.3,6.4882,6.4101,0.9661,0.946,0.453,0.4983,2.81,2.12,-11.92,149.4,20.76,6.54
2024-10-01,20139,Ashworth Tools & Hardware,72.1,68.7,6.4882,6.5925,0.9661,0.9521,0.453,0.4344,1.09,1.01,7.52,71.1,6.49,-1.28
2024-11-01,20139,Ashworth Tools & Hardware,51.5,50.0,6.4882,6.6206,0.9661,0.97,0.453,0.4503,1.23,0.74,6.82,51.8,-1.95,-0.14
2024-12-01,20139,Ashworth Tools & Hardware,148.6,147.9,6.4882,6.6957,0.9661,0.995,0.453,0.4322,1.82,2.17,30.83,153.1,-29.2,-3.08
2025-01-01,20139,Ashworth Tools & Hardware,324.4,322.7,6.4882,6.6486,0.9661,0.995,0.453,0.4945,6.92,4.75,52.03,334.0,-62.29,13.39
2025-02-01,20139,Ashworth Tools & Hardware,130.0,127.8,6.4882,6.5107,0.9661,0.9829,0.453,0.4937,2.55,1.88,2.92,132.3,-14.92,5.2
2025-03-01,20139,Ashworth Tools & Hardware,112.0,109.9,6.4882,6.5333,0.9661,0.9812,0.453,0.4452,1.18,1.62,5.05,113.8,-11.68,-0.86
2025-04-01,20139,Ashworth Tools & Hardware,212.4,211.4,6.4882,7.0515,0.9661,0.995,0.453,0.4131,2.32,3.11,119.64,218.8,-41.52,-8.43
2025-05-01,20139,Ashworth Tools & Hardware,202.4,201.4,6.4882,7.1287,0.9661,0.995,0.453,0.4883,5.25,2.96,129.64,208.5,-39.58,7.11
2025-08-01,20139,Ashworth Tools & Hardware,83.0,81.0,6.8794,6.5023,0.9661,0.9751,0.453,0.4571,1.2,1.19,-31.3,83.8,-5.5,0.33
2025-09-01,20139,Ashworth Tools & Hardware,272.1,258.9,6.8794,6.6975,0.9661,0.9515,0.453,0.4484,4.52,3.81,-49.49,268.0,28.21,-1.19
2025-10-01,20139,Ashworth Tools & Hardware,185.2,178.0,6.8794,6.6866,0.9661,0.9613,0.453,0.516,3.77,2.62,-35.71,184.2,6.88,11.21
2025-11-01,20139,Ashworth Tools & Hardware,190.2,183.6,6.8794,6.7236,0.9661,0.9656,0.453,0.4172,4.77,2.7,-29.63,190.0,1.38,-6.57
2026-01-01,20139,Ashworth Tools & Hardware,184.4,173.8,6.8794,6.5133,0.9661,0.9425,0.453,0.4509,2.44,2.56,-67.51,179.9,30.96,-0.36
2026-02-01,20139,Ashworth Tools & Hardware,273.9,265.1,6.8794,6.5247,0.9661,0.9679,0.453,0.4458,2.85,3.9,-97.15,274.4,-3.44,-1.91
2026-03-01,20139,Ashworth Tools & Hardware,94.1,87.8,6.8794,6.4862,0.9661,0.9331,0.453,0.3625,1.25,1.29,-37.0,90.9,22.01,-7.95
2026-04-01,20139,Ashworth Tools & Hardware,205.7,190.0,6.8794,6.5075,0.9661,0.924,0.453,0.406,2.0,2.79,-76.5,196.7,61.91,-8.93
2026-05-01,20139,Ashworth Tools & Hardware,366.2,344.5,6.8794,7.1505,0.9661,0.9409,0.453,0.4912,5.65,5.07,99.28,356.6,66.04,13.16
2026-06-01,20139,Ashworth Tools & Hardware,255.6,250.1,6.8794,7.3381,0.9661,0.9783,0.453,0.5364,5.52,3.68,117.24,258.9,-22.7,20.86
2023-07-01,20140,Cascadia Pet Products,5670.1,5193.2,156.9313,155.8342,0.9048,0.9159,0.4729,0.5274,117.34,76.37,-6220.67,5739.6,-10906.73,283.03
2023-08-01,20140,Cascadia Pet Products,5149.6,4682.5,156.9313,157.8301,0.9048,0.9093,0.4729,0.4795,52.4,68.86,4628.46,5175.2,-4017.44,30.9
2023-09-01,20140,Cascadia Pet Products,8191.4,7330.6,156.9313,164.0107,0.9048,0.8949,0.4729,0.466,143.58,107.8,57990.2,8101.9,14045.35,-50.58
2023-10-01,20140,Cascadia Pet Products,25005.4,22262.0,156.9313,162.8283,0.9048,0.8903,0.4729,0.5205,515.58,327.38,147456.84,24604.3,62945.14,1059.67
2023-11-01,20140,Cascadia Pet Products,11205.7,9953.2,156.9313,160.8423,0.9048,0.8882,0.4729,0.4522,165.92,146.37,43825.49,11000.4,32218.0,-206.03
2024-01-01,20140,Cascadia Pet Products,5872.4,5250.9,156.9313,162.4283,0.9048,0.8942,0.4729,0.4599,86.53,77.22,32280.58,5803.4,10828.26,-68.26
2024-02-01,20140,Cascadia Pet Products,5337.3,4812.1,156.9313,159.6265,0.9048,0.9016,0.4729,0.5712,61.35,70.77,14385.09,5318.4,2966.0,473.03
2024-03-01,20140,Cascadia Pet Products,12088.5,11020.2,156.9313,152.1107,0.9048,0.9116,0.4729,0.481,160.63,162.06,-58273.82,12179.7,-14312.13,89.26
2024-05-01,20140,Cascadia Pet Products,6132.1,5856.1,156.9313,144.7969,0.9048,0.955,0.4729,0.5141,72.25,86.12,-74409.35,6472.3,-53388.03,241.27
2024-06-01,20140,Cascadia Pet Products,5100.2,4807.5,156.9313,148.4933,0.9048,0.9426,0.4729,0.5011,112.97,70.7,-43035.49,5313.3,-33442.06,135.57
2024-07-01,20140,Cascadia Pet Products,3981.6,3723.3,150.7003,150.1332,0.9048,0.9351,0.4729,0.4475,70.87,54.75,-2257.97,4115.1,-20118.49,-94.57
2024-08-01,20140,Cascadia Pet Products,3737.5,3424.3,150.7003,152.4826,0.9048,0.9162,0.4729,0.5107,88.37,50.36,6661.35,3784.6,-7097.98,129.44
2024-09-01,20140,Cascadia Pet Products,1498.6,1420.7,150.7003,148.3992,0.9048,0.948,0.4729,0.4432,32.34,20.89,-3448.43,1570.2,-10790.14,-42.19
2024-10-01,20140,Cascadia Pet Products,5886.9,5577.2,150.7003,144.6898,0.9048,0.9474,0.4729,0.4652,94.69,82.02,-35383.21,6164.0,-41759.05,-42.94
2024-11-01,20140,Cascadia Pet Products,3971.7,3699.6,150.7003,149.7484,0.9048,0.9315,0.4729,0.482,63.92,54.41,-3780.66,4088.9,-17662.08,33.67
2024-12-01,20140,Cascadia Pet Products,3425.7,3071.3,150.7003,159.9215,0.9048,0.8966,0.4729,0.4354,40.19,45.17,31589.06,3394.5,4701.85,-115.17
2025-01-01,20140,Cascadia Pet Products,7516.5,6961.8,150.7003,155.6028,0.9048,0.9262,0.4729,0.4322,74.16,102.38,36849.64,7694.3,-26794.51,-283.35
2025-02-01,20140,Cascadia Pet Products,2959.1,2821.5,150.7003,157.1816,0.9048,0.9535,0.4729,0.512,31.1,41.49,19178.81,3118.4,-24006.56,110.32
2025-03-01,20140,Cascadia Pet Products,11977.3,11234.7,150.7003,151.3283,0.9048,0.938,0.4729,0.4858,166.73,165.22,7521.74,12416.8,-66232.78,144.93
2025-04-01,20140,Cascadia Pet Products,6670.8,6021.4,150.7003,145.1644,0.9048,0.9027,0.4729,0.4477,102.25,88.55,-36928.88,6655.0,2381.06,-151.74
2025-05-01,20140,Cascadia Pet Products,4531.5,4093.3,150.7003,148.1779,0.9048,0.9033,0.4729,0.4707,74.52,60.2,-11430.26,4524.0,1130.25,-9.01
2025-06-01,20140,Cascadia Pet Products,7490.7,6789.6,150.7003,152.692,0.9048,0.9064,0.4729,0.4812,74.31,99.85,14919.23,7504.0,-2004.31,56.35
2025-07-01,20140,Cascadia Pet Products,3941.3,3551.6,159.5397,158.7172,0.9048,0.9011,0.4729,0.4858,49.76,52.23,-3241.72,3925.3,2552.64,45.82
2025-08-01,20140,Cascadia Pet Products,13495.4,12048.6,159.5397,160.1003,0.9048,0.8928,0.4729,0.4458,184.19,177.19,7565.52,13316.3,28573.56,-326.52
2025-09-01,20140,Cascadia Pet Products,8027.6,7250.4,159.5397,153.9191,0.9048,0.9032,0.4729,0.4869,118.17,106.62,-45119.93,8013.3,2281.42,101.51
2025-10-01,20140,Cascadia Pet Products,8834.2,8190.6,159.5397,152.2417,0.9048,0.9272,0.4729,0.4661,86.1,120.45,-64471.99,9052.4,-34811.56,-55.7
2025-11-01,20140,Cascadia Pet Products,7820.1,7194.8,159.5397,157.6443,0.9048,0.92,0.4729,0.4409,91.28,105.81,-14822.22,7951.8,-21011.38,-230.23
2026-01-01,20140,Cascadia Pet Products,8758.4,7713.2,159.5397,140.8521,0.9048,0.8807,0.4729,0.4902,133.03,113.43,-163673.48,8524.8,37268.47,133.44
2026-02-01,20140,Cascadia Pet Products,6747.9,6012.6,159.5397,135.6845,0.9048,0.891,0.4729,0.5475,86.43,88.42,-160972.5,6645.2,16384.73,448.54
2026-03-01,20140,Cascadia Pet Products,14844.1,13632.0,159.5397,130.0783,0.9048,0.9183,0.4729,0.5141,181.78,200.47,-437327.97,15066.3,-35449.72,561.64
2026-04-01,20140,Cascadia Pet Products,10995.7,9581.5,159.5397,120.6305,0.9048,0.8714,0.4729,0.4813,231.08,140.9,-427833.89,10589.6,64789.07,80.48
2026-05-01,20140,Cascadia Pet Products,3501.4,3042.8,159.5397,120.6065,0.9048,0.869,0.4729,0.4513,33.59,44.75,-136320.71,3363.0,22080.29,-65.72
2026-06-01,20140,Cascadia Pet Products,5040.8,4425.2,159.5397,128.9022,0.9048,0.8779,0.4729,0.5063,57.84,65.08,-154437.51,4890.8,23930.96,147.8
2023-08-01,20141,Cascadia Pet Products,1343.2,1254.8,26.3268,25.9173,0.9486,0.9341,0.2475,0.1895,27.4,18.45,-550.04,1322.8,537.07,-72.78
2023-09-01,20141,Cascadia Pet Products,463.8,435.5,26.3268,25.2811,0.9486,0.9388,0.2475,0.2291,10.01,6.4,-485.0,459.1,123.74,-8.01
2023-10-01,20141,Cascadia Pet Products,1480.8,1418.1,26.3268,23.3676,0.9486,0.9577,0.2475,0.2835,25.03,20.86,-4381.98,1494.9,-371.21,51.05
2023-11-01,20141,Cascadia Pet Products,909.5,853.5,26.3268,25.4168,0.9486,0.9384,0.2475,0.2455,11.26,12.55,-827.65,899.7,258.0,-1.71
2023-12-01,20141,Cascadia Pet Products,1128.1,1122.4,26.3268,25.1791,0.9486,0.995,0.2475,0.2609,24.09,16.51,-1294.72,1183.2,-1450.61,15.04
2024-01-01,20141,Cascadia Pet Products,2233.9,2137.1,26.3268,25.4202,0.9486,0.9566,0.2475,0.2312,40.43,31.43,-2025.25,2252.9,-500.21,-34.83
2024-02-01,20141,Cascadia Pet Products,1369.9,1290.5,26.3268,26.274,0.9486,0.942,0.2475,0.2536,21.07,18.98,-72.33,1360.4,250.1,7.87
2024-03-01,20141,Cascadia Pet Products,1733.3,1609.4,26.3268,27.0064,0.9486,0.9285,0.2475,0.2397,27.44,23.67,1177.95,1696.6,966.19,-12.55
2024-04-01,20141,Cascadia Pet Products,1448.9,1322.5,26.3268,26.1113,0.9486,0.9128,0.2475,0.2357,14.9,19.45,-312.24,1394.2,1440.08,-15.61
2024-05-01,20141,Cascadia Pet Products,1221.8,1205.7,26.3268,25.4843,0.9486,0.9869,0.2475,0.2238,16.64,17.73,-1029.37,1271.0,-1295.28,-28.58
2024-06-01,20141,Cascadia Pet Products,1309.5,1255.7,26.3268,24.7146,0.9486,0.959,0.2475,0.2438,29.57,18.47,-2111.18,1323.7,-373.84,-4.65
2024-07-01,20141,Cascadia Pet Products,1073.0,1009.6,24.5105,24.4059,0.9486,0.941,0.2475,0.2622,10.65,14.85,-112.24,1064.3,213.24,14.84
2024-08-01,20141,Cascadia Pet Products,624.8,597.7,24.5105,23.3108,0.9486,0.9567,0.2475,0.2509,6.57,8.79,-749.57,630.1,-129.91,2.03
2024-09-01,20141,Cascadia Pet Products,803.4,768.8,24.5105,21.4887,0.9486,0.9569,0.2475,0.2433,13.42,11.31,-2427.71,810.5,-174.02,-3.23
2024-10-01,20141,Cascadia Pet Products,1199.8,1114.2,24.5105,20.5541,0.9486,0.9286,0.2475,0.2319,23.15,16.39,-4746.89,1174.6,617.66,-17.38
2024-11-01,20141,Cascadia Pet Products,888.9,841.7,24.5105,19.765,0.9486,0.947,0.2475,0.2356,17.37,12.38,-4218.27,887.3,39.22,-10.02
2024-12-01,20141,Cascadia Pet Products,818.4,774.1,24.5105,19.5486,0.9486,0.9459,0.2475,0.2402,8.72,11.38,-4060.82,816.0,58.83,-5.65
2025-01-01,20141,Cascadia Pet Products,848.2,802.8,24.5105,20.3558,0.9486,0.9465,0.2475,0.2702,18.14,11.81,-3524.02,846.3,46.57,18.22
2025-02-01,20141,Cascadia Pet Products,1215.8,1189.7,24.5105,20.8808,0.9486,0.9785,0.2475,0.2991,19.43,17.5,-4412.99,1254.2,-941.2,61.39
2025-03-01,20141,Cascadia Pet Products,2599.9,2566.7,24.5105,20.4732,0.9486,0.9872,0.2475,0.2668,45.12,37.75,-10496.58,2705.8,-2595.66,49.54
2025-06-01,20141,Cascadia Pet Products,3978.2,3635.8,24.5105,20.2353,0.9486,0.9139,0.2475,0.2538,53.44,53.47,-17007.6,3832.8,3563.83,22.91
2025-07-01,20141,Cascadia Pet Products,826.3,816.8,20.4597,20.1935,0.9486,0.9885,0.2475,0.2664,21.43,12.01,-219.96,861.1,-712.0,15.44
2025-08-01,20141,Cascadia Pet Products,2037.2,1969.3,20.4597,20.4558,0.9486,0.9667,0.2475,0.192,28.12,28.96,-7.95,2076.0,-793.84,-109.3
2025-09-01,20141,Cascadia Pet Products,1030.5,978.3,20.4597,21.1265,0.9486,0.9493,0.2475,0.2525,20.73,14.39,687.14,1031.3,-16.37,4.89
2025-10-01,20141,Cascadia Pet Products,859.7,845.7,20.4597,21.0345,0.9486,0.9837,0.2475,0.2436,15.88,12.44,494.16,891.5,-650.62,-3.3
2025-11-01,20141,Cascadia Pet Products,534.3,480.8,20.4597,20.9956,0.9486,0.8999,0.2475,0.2977,12.03,7.07,286.33,506.9,560.6,24.14
2025-12-01,20141,Cascadia Pet Products,1640.3,1574.5,20.4597,21.715,0.9486,0.9599,0.2475,0.2346,21.65,23.15,2059.07,1659.8,-398.96,-20.31
2026-01-01,20141,Cascadia Pet Products,1335.6,1327.9,20.4597,22.4941,0.9486,0.9943,0.2475,0.2453,24.1,19.53,2717.14,1399.9,-1315.56,-2.92
2026-02-01,20141,Cascadia Pet Products,606.8,603.8,20.4597,23.72,0.9486,0.995,0.2475,0.2376,6.43,8.88,1978.35,636.5,-607.65,-5.98
2026-04-01,20141,Cascadia Pet Products,1646.3,1565.0,20.4597,23.2812,0.9486,0.9506,0.2475,0.2594,25.51,23.01,4645.04,1649.8,-71.61,18.62
2026-06-01,20141,Cascadia Pet Products,1049.7,1044.5,20.4597,22.3748,0.9486,0.995,0.2475,0.2776,27.05,15.36,2010.28,1101.1,-1051.63,31.44
2023-07-01,20142,Meridian Private Label,1179.2,1137.3,18.2842,18.2441,0.9579,0.9645,0.2502,0.2761,18.25,16.73,-47.29,1187.3,-148.1,29.46
2023-09-01,20142,Meridian Private Label,544.6,510.5,18.2842,18.165,0.9579,0.9374,0.2502,0.2707,7.43,7.51,-64.92,532.9,213.93,10.47
2023-10-01,20142,Meridian Private Label,2369.8,2282.7,18.2842,18.1256,0.9579,0.9633,0.2502,0.264,24.82,33.57,-375.85,2383.0,-241.35,31.5
2023-11-01,20142,Meridian Private Label,1427.2,1315.6,18.2842,18.0377,0.9579,0.9218,0.2502,0.2638,17.48,19.35,-351.8,1373.4,983.69,17.89
2023-12-01,20142,Meridian Private Label,2125.7,2002.7,18.2842,17.6983,0.9579,0.9422,0.2502,0.2778,23.37,29.45,-1245.45,2090.7,639.95,55.27
2024-01-01,20142,Meridian Private Label,2368.8,2242.8,18.2842,17.8289,0.9579,0.9468,0.2502,0.3057,42.81,32.98,-1078.51,2341.4,500.99,124.48
2024-02-01,20142,Meridian Private Label,564.9,553.5,18.2842,17.226,0.9579,0.9798,0.2502,0.2642,8.38,8.14,-597.78,577.8,-235.87,7.75
2024-04-01,20142,Meridian Private Label,757.5,753.7,18.2842,18.7453,0.9579,0.995,0.2502,0.2197,13.3,11.08,349.28,786.8,-535.73,-22.99
2024-05-01,20142,Meridian Private Label,1764.2,1755.4,18.2842,19.0304,0.9579,0.995,0.2502,0.2678,38.98,25.81,1316.45,1832.6,-1250.64,30.9
2024-06-01,20142,Meridian Private Label,526.9,523.4,18.2842,19.9554,0.9579,0.9933,0.2502,0.2873,6.78,7.7,880.56,546.4,-356.54,19.42
2024-08-01,20142,Meridian Private Label,537.6,528.8,20.5025,20.2064,0.9579,0.9837,0.2502,0.281,8.19,7.78,-159.18,552.0,-295.24,16.29
2024-09-01,20142,Meridian Private Label,1427.9,1412.7,20.5025,19.9176,0.9579,0.9893,0.2502,0.2925,24.53,20.77,-835.18,1474.8,-961.57,59.76
2024-11-01,20142,Meridian Private Label,2108.0,2086.0,20.5025,18.3465,0.9579,0.9895,0.2502,0.2344,24.22,30.68,-4544.85,2177.7,-1429.02,-32.96
2024-12-01,20142,Meridian Private Label,836.2,774.8,20.5025,19.1105,0.9579,0.9266,0.2502,0.2331,15.36,11.39,-1163.99,808.9,559.72,-13.25
2025-02-01,20142,Meridian Private Label,1425.9,1357.2,20.5025,18.6014,0.9579,0.9519,0.2502,0.2302,14.94,19.96,-2710.78,1416.8,186.57,-27.14
2025-05-01,20142,Meridian Private Label,2035.7,1925.3,20.5025,18.8216,0.9579,0.9457,0.2502,0.2622,24.78,28.31,-3421.81,2009.9,528.96,23.1
2025-06-01,20142,Meridian Private Label,1786.4,1687.0,20.5025,17.8217,0.9579,0.9443,0.2502,0.2758,20.07,24.81,-4788.98,1761.1,518.71,43.19
2025-07-01,20142,Meridian Private Label,1861.0,1725.4,17.2073,17.3586,0.9579,0.9272,0.2502,0.2786,27.53,25.37,281.57,1801.2,1029.0,49.0
2025-09-01,20142,Meridian Private Label,1389.7,1360.4,17.2073,17.9157,0.9579,0.9789,0.2502,0.2378,17.65,20.01,984.46,1420.2,-524.82,-16.87
2025-10-01,20142,Meridian Private Label,2139.7,2069.7,17.2073,18.0813,0.9579,0.9673,0.2502,0.3029,25.61,30.44,1870.1,2160.7,-361.35,109.07
2025-11-01,20142,Meridian Private Label,2649.9,2610.2,17.2073,17.6936,0.9579,0.985,0.2502,0.2172,33.21,38.39,1288.65,2724.9,-1290.55,-86.14
2025-12-01,20142,Meridian Private Label,1836.3,1809.0,17.2073,17.963,0.9579,0.9851,0.2502,0.2861,20.05,26.6,1387.69,1888.5,-898.22,64.94
2026-01-01,20142,Meridian Private Label,915.5,851.8,17.2073,17.9675,0.9579,0.9305,0.2502,0.2564,15.01,12.53,695.96,889.2,452.55,5.28
2026-03-01,20142,Meridian Private Label,1209.3,1133.3,17.2073,18.7018,0.9579,0.9372,0.2502,0.2247,19.57,16.67,1807.3,1183.1,450.83,-28.9
2026-06-01,20142,Meridian Private Label,1528.6,1512.1,17.2073,18.9458,0.9579,0.9892,0.2502,0.2571,30.36,22.24,2657.47,1578.6,-860.36,10.43
2023-08-01,20143,Silverline Personal Care,7754.1,7630.2,41.9012,42.544,0.995,0.984,0.4904,0.5068,155.17,112.21,4984.34,7668.5,3586.74,125.14
2023-09-01,20143,Silverline Personal Care,2362.1,2350.3,41.9012,42.4598,0.995,0.995,0.4904,0.5173,25.76,34.56,1319.47,2362.1,0.0,63.22
2023-10-01,20143,Silverline Personal Care,4963.7,4734.2,41.9012,42.7209,0.995,0.9537,0.4904,0.4799,66.86,69.62,4068.74,4758.0,8619.08,-49.71
2023-11-01,20143,Silverline Personal Care,4614.4,4387.4,41.9012,42.3628,0.995,0.9508,0.4904,0.5652,65.12,64.52,2130.01,4409.4,8589.75,328.18
2023-12-01,20143,Silverline Personal Care,7316.7,7280.1,41.9012,41.987,0.995,0.995,0.4904,0.4108,103.61,107.06,627.77,7316.7,0.0,-579.5
2024-01-01,20143,Silverline Personal Care,10882.1,10827.7,41.9012,41.7823,0.995,0.995,0.4904,0.4929,156.84,159.23,-1293.88,10882.1,0.0,27.07
2024-03-01,20143,Silverline Personal Care,4297.4,4275.9,41.9012,39.3366,0.995,0.995,0.4904,0.5471,55.9,62.88,-11021.11,4297.4,0.0,242.44
2024-05-01,20143,Silverline Personal Care,1177.9,1172.0,41.9012,35.8424,0.995,0.995,0.4904,0.4857,16.07,17.24,-7136.66,1177.9,0.0,-5.51
2024-06-01,20143,Silverline Personal Care,3075.1,3059.8,41.9012,33.411,0.995,0.995,0.4904,0.4843,37.07,45.0,-26108.21,3075.2,-4.19,-18.66
2024-07-01,20143,Silverline Personal Care,5526.6,5278.3,33.7215,34.1643,0.995,0.9551,0.4904,0.479,65.14,77.62,2447.18,5304.8,7479.43,-60.17
2024-09-01,20143,Silverline Personal Care,2353.2,2316.5,33.7215,29.6216,0.995,0.9844,0.4904,0.522,43.77,34.07,-9647.88,2328.1,846.41,73.2
2024-10-01,20143,Silverline Personal Care,2861.0,2846.7,33.7215,29.7292,0.995,0.995,0.4904,0.409,31.63,41.86,-11421.97,2861.0,0.0,-231.72
2024-11-01,20143,Silverline Personal Care,3095.6,3080.1,33.7215,28.844,0.995,0.995,0.4904,0.485,60.59,45.3,-15098.79,3095.6,0.0,-16.63
2024-12-01,20143,Silverline Personal Care,1612.3,1604.2,33.7215,28.9302,0.995,0.995,0.4904,0.5241,26.35,23.59,-7725.01,1612.3,0.0,54.06
2025-01-01,20143,Silverline Personal Care,7597.5,7559.5,33.7215,28.8418,0.995,0.995,0.4904,0.4352,92.48,111.17,-37073.52,7597.5,0.0,-417.28
2025-02-01,20143,Silverline Personal Care,6075.2,6044.8,33.7215,28.8855,0.995,0.995,0.4904,0.5543,152.51,88.89,-29379.67,6075.2,0.0,386.26
2025-03-01,20143,Silverline Personal Care,2311.6,2244.6,33.7215,27.9865,0.995,0.971,0.4904,0.5679,44.03,33.01,-13257.03,2255.9,1878.29,173.96
2025-04-01,20143,Silverline Personal Care,3891.8,3725.9,33.7215,27.4108,0.995,0.9574,0.4904,0.5039,49.19,54.79,-24559.98,3744.6,4963.8,50.3
2025-05-01,20143,Silverline Personal Care,2554.6,2483.3,33.7215,27.3646,0.995,0.9721,0.4904,0.4883,41.85,36.52,-16239.34,2495.8,1982.82,-5.21
2025-06-01,20143,Silverline Personal Care,6144.4,5967.5,33.7215,27.135,0.995,0.9712,0.4904,0.5223,109.63,87.76,-40470.09,5997.5,4953.69,190.36
2025-08-01,20143,Silverline Personal Care,3044.2,2872.6,26.5563,26.7072,0.995,0.9436,0.4904,0.5127,39.71,42.24,459.37,2887.0,4174.65,64.06
2025-11-01,20143,Silverline Personal Care,1540.1,1531.3,26.5563,29.8369,0.995,0.9943,0.4904,0.5439,17.01,22.52,5052.45,1539.0,29.21,81.92
2025-12-01,20143,Silverline Personal Care,2731.4,2717.7,26.5563,30.3288,0.995,0.995,0.4904,0.4806,33.1,39.97,10304.21,2731.4,0.0,-26.63
2026-01-01,20143,Silverline Personal Care,5335.6,5047.1,26.5563,32.33,0.995,0.9459,0.4904,0.526,75.1,74.22,30806.15,5072.5,6986.96,179.68
2026-02-01,20143,Silverline Personal Care,3525.4,3507.8,26.5563,34.548,0.995,0.995,0.4904,0.5206,59.37,51.59,28173.94,3525.4,0.0,105.94
2026-03-01,20143,Silverline Personal Care,1448.2,1441.0,26.5563,35.0566,0.995,0.995,0.4904,0.4899,15.46,21.19,12310.13,1448.2,0.0,-0.72
2026-04-01,20143,Silverline Personal Care,2504.1,2415.6,26.5563,33.2767,0.995,0.9647,0.4904,0.4673,25.47,35.52,16828.55,2427.7,2028.9,-55.8
2026-05-01,20143,Silverline Personal Care,1295.3,1215.5,26.5563,33.5354,0.995,0.9384,0.4904,0.4752,24.91,17.88,9040.03,1221.6,1957.2,-18.48
2026-06-01,20143,Silverline Personal Care,3911.9,3704.0,26.5563,32.446,0.995,0.9468,0.4904,0.4569,45.39,54.47,23039.92,3722.6,5027.11,-124.08
2023-07-01,20144,Cascadia Pet Products,206.0,199.8,17.4939,17.3608,0.9738,0.9699,0.5601,0.5218,3.63,2.94,-27.42,205.2,14.0,-7.65
2023-08-01,20144,Cascadia Pet Products,122.1,115.4,17.4939,17.2446,0.9738,0.9451,0.5601,0.6131,1.4,1.7,-30.44,118.5,62.98,6.12
2023-09-01,20144,Cascadia Pet Products,274.9,256.4,17.4939,16.526,0.9738,0.9325,0.5601,0.5416,3.34,3.77,-266.08,263.3,202.93,-4.74
2023-12-01,20144,Cascadia Pet Products,205.2,194.4,17.4939,18.4034,0.9738,0.9473,0.5601,0.6536,2.93,2.86,186.63,199.6,97.97,18.18
2024-03-01,20144,Cascadia Pet Products,51.5,50.0,17.4939,17.9036,0.9738,0.9706,0.5601,0.6613,0.97,0.74,21.1,51.3,3.5,5.06
2024-04-01,20144,Cascadia Pet Products,89.5,84.2,17.4939,17.9612,0.9738,0.9404,0.5601,0.6237,0.96,1.24,41.82,86.5,52.48,5.36
2024-05-01,20144,Cascadia Pet Products,108.0,104.2,17.4939,17.6562,0.9738,0.9645,0.5601,0.6531,1.55,1.53,17.53,107.0,17.49,9.69
2024-06-01,20144,Cascadia Pet Products,279.2,275.7,17.4939,17.1142,0.9738,0.9876,0.5601,0.6573,3.96,4.06,-106.01,283.1,-68.23,26.8
2024-07-01,20144,Cascadia Pet Products,280.4,275.8,17.3085,17.2001,0.9738,0.9834,0.5601,0.5005,4.25,4.06,-30.4,283.2,-48.46,-16.44
2024-08-01,20144,Cascadia Pet Products,146.7,144.1,17.3085,15.9246,0.9738,0.9823,0.5601,0.538,2.7,2.12,-203.02,148.0,-22.5,-3.18
2024-09-01,20144,Cascadia Pet Products,167.6,166.7,17.3085,15.2912,0.9738,0.995,0.5601,0.561,2.02,2.45,-338.1,171.2,-62.31,0.15
2024-10-01,20144,Cascadia Pet Products,134.6,131.4,17.3085,15.2326,0.9738,0.9763,0.5601,0.6037,2.76,1.93,-279.42,134.9,-5.19,5.73
2024-11-01,20144,Cascadia Pet Products,114.6,109.4,17.3085,14.8844,0.9738,0.9544,0.5601,0.5303,1.97,1.61,-277.8,112.3,39.81,-3.26
2025-01-01,20144,Cascadia Pet Products,71.0,70.7,17.3085,14.4817,0.9738,0.995,0.5601,0.5652,1.12,1.04,-200.7,72.6,-27.69,0.36
2025-02-01,20144,Cascadia Pet Products,245.8,242.9,17.3085,14.3739,0.9738,0.9883,0.5601,0.5767,4.84,3.57,-721.32,249.4,-62.31,4.03
2025-03-01,20144,Cascadia Pet Products,116.8,115.4,17.3085,14.3961,0.9738,0.9883,0.5601,0.5952,1.35,1.7,-340.17,118.5,-29.42,4.05
2025-04-01,20144,Cascadia Pet Products,230.8,229.7,17.3085,14.5123,0.9738,0.995,0.5601,0.5929,4.8,3.38,-645.36,235.9,-88.27,7.53
2025-05-01,20144,Cascadia Pet Products,326.1,324.4,17.3085,14.5396,0.9738,0.995,0.5601,0.591,5.16,4.77,-902.94,333.1,-121.16,10.02
2025-06-01,20144,Cascadia Pet Products,161.9,161.1,17.3085,14.067,0.9738,0.995,0.5601,0.5974,1.75,2.37,-524.8,165.4,-60.58,6.01
2025-07-01,20144,Cascadia Pet Products,108.8,108.2,13.5508,13.6647,0.9738,0.995,0.5601,0.5042,1.62,1.59,12.39,111.1,-31.17,-6.05
2025-09-01,20144,Cascadia Pet Products,123.6,123.0,13.5508,14.7208,0.9738,0.995,0.5601,0.6022,2.56,1.81,144.61,126.3,-36.59,5.18
2026-01-01,20144,Cascadia Pet Products,117.6,117.0,13.5508,18.3719,0.9738,0.995,0.5601,0.4819,2.53,1.72,566.96,120.1,-33.88,-9.15
2026-02-01,20144,Cascadia Pet Products,577.7,574.8,13.5508,18.77,0.9738,0.995,0.5601,0.5548,8.58,8.45,3015.13,590.3,-170.74,-3.05
2026-03-01,20144,Cascadia Pet Products,153.3,152.5,13.5508,18.6414,0.9738,0.995,0.5601,0.5071,3.17,2.24,780.39,156.6,-44.72,-8.08
2026-05-01,20144,Cascadia Pet Products,261.0,257.9,13.5508,18.8448,0.9738,0.9883,0.5601,0.5416,3.42,3.79,1381.73,264.8,-51.49,-4.77
2026-06-01,20144,Cascadia Pet Products,50.3,50.0,13.5508,18.308,0.9738,0.995,0.5601,0.5907,0.59,0.74,239.29,51.3,-13.55,1.53
2023-07-01,20145,Harlow Textile Group,2838.4,2785.6,7.3248,7.3844,0.9721,0.9814,0.3756,0.4116,50.06,40.96,169.17,2865.5,-198.5,100.28
2023-08-01,20145,Harlow Textile Group,1100.4,1075.0,7.3248,7.6603,0.9721,0.977,0.3756,0.3573,14.06,15.81,369.18,1105.9,-40.29,-19.67
2023-10-01,20145,Harlow Textile Group,921.7,917.1,7.3248,7.8502,0.9721,0.995,0.3756,0.4431,18.51,13.49,484.26,943.4,-158.95,61.9
2023-11-01,20145,Harlow Textile Group,1243.1,1234.5,7.3248,7.8566,0.9721,0.9931,0.3756,0.4541,15.08,18.15,661.08,1269.9,-196.3,96.91
2023-12-01,20145,Harlow Textile Group,1787.0,1752.1,7.3248,7.9848,0.9721,0.9804,0.3756,0.4681,31.76,25.77,1179.42,1802.4,-112.8,162.07
2024-01-01,20145,Harlow Textile Group,889.7,885.3,7.3248,7.5202,0.9721,0.995,0.3756,0.3898,19.44,13.02,173.85,910.7,-153.82,12.57
2024-02-01,20145,Harlow Textile Group,2289.6,2278.1,7.3248,7.966,0.9721,0.995,0.3756,0.2999,47.21,33.5,1468.09,2343.5,-394.81,-172.45
2024-03-01,20145,Harlow Textile Group,1699.0,1649.5,7.3248,8.1177,0.9721,0.9709,0.3756,0.3677,24.64,24.26,1347.14,1696.8,16.11,-13.03
2024-04-01,20145,Harlow Textile Group,2890.3,2875.9,7.3248,8.3314,0.9721,0.995,0.3756,0.3717,40.96,42.29,2909.38,2958.4,-498.82,-11.22
2024-05-01,20145,Harlow Textile Group,1300.6,1294.1,7.3248,8.3713,0.9721,0.995,0.3756,0.4418,14.19,19.03,1361.08,1331.2,-224.14,85.67
2024-06-01,20145,Harlow Textile Group,2677.3,2663.9,7.3248,8.4665,0.9721,0.995,0.3756,0.3764,36.79,39.18,3056.67,2740.4,-462.19,2.13
2024-07-01,20145,Harlow Textile Group,1802.9,1793.9,8.6518,8.6623,0.9721,0.995,0.3756,0.4165,42.66,26.38,18.93,1845.4,-367.7,73.37
2024-08-01,20145,Harlow Textile Group,2758.9,2745.2,8.6518,8.7142,0.9721,0.995,0.3756,0.3917,32.22,40.37,172.16,2824.0,-563.23,44.2
2024-09-01,20145,Harlow Textile Group,1036.8,994.6,8.6518,8.6024,0.9721,0.9593,0.3756,0.4394,12.49,14.63,-51.22,1023.1,118.53,63.46
2024-10-01,20145,Harlow Textile Group,3268.5,3247.8,8.6518,8.8222,0.9721,0.9937,0.3756,0.3985,65.39,47.76,556.95,3341.0,-627.26,74.37
2024-11-01,20145,Harlow Textile Group,2577.0,2564.1,8.6518,8.92,0.9721,0.995,0.3756,0.38,59.11,37.71,691.15,2637.7,-525.16,11.28
2024-12-01,20145,Harlow Textile Group,4001.5,3981.5,8.6518,8.9801,0.9721,0.995,0.3756,0.4319,41.57,58.55,1313.69,4095.8,-815.86,224.16
2025-02-01,20145,Harlow Textile Group,8144.8,8054.0,8.6518,9.3165,0.9721,0.9889,0.3756,0.3799,172.04,118.44,5413.85,8285.2,-1214.71,34.63
2025-03-01,20145,Harlow Textile Group,2848.0,2773.3,8.6518,9.5394,0.9721,0.9737,0.3756,0.4157,29.1,40.78,2527.88,2852.9,-42.39,111.21
2025-05-01,20145,Harlow Textile Group,5696.9,5532.0,8.6518,10.1288,0.9721,0.9711,0.3756,0.4711,109.73,81.35,8414.32,5690.8,52.78,528.31
2025-07-01,20145,Harlow Textile Group,8060.9,7935.0,10.4014,10.5024,0.9721,0.9844,0.3756,0.3877,162.0,116.69,814.15,8162.7,-1058.86,96.01
2025-08-01,20145,Harlow Textile Group,4055.7,3938.8,10.4014,10.5919,0.9721,0.9712,0.3756,0.4061,84.56,57.92,772.61,4051.8,40.57,120.13
2025-11-01,20145,Harlow Textile Group,3240.6,3186.5,10.4014,11.4963,0.9721,0.9833,0.3756,0.4004,36.23,46.86,3548.13,3278.0,-389.01,79.03
2026-02-01,20145,Harlow Textile Group,2822.6,2745.3,10.4014,11.6084,0.9721,0.9726,0.3756,0.3774,40.81,40.37,3406.88,2824.1,-15.6,4.94
2026-03-01,20145,Harlow Textile Group,2545.8,2526.9,10.4014,11.5265,0.9721,0.9926,0.3756,0.3519,35.06,37.16,2864.28,2599.4,-557.52,-59.89
2026-05-01,20145,Harlow Textile Group,2589.0,2479.0,10.4014,12.9315,0.9721,0.9575,0.3756,0.3792,32.2,36.46,6550.43,2550.1,404.61,8.92
2023-07-01,20146,Meridian Private Label,255.3,240.0,9.75,9.7277,0.995,0.9401,0.4068,0.4249,3.53,3.53,-5.69,241.2,137.48,4.34
2023-10-01,20146,Meridian Private Label,54.7,54.4,9.75,10.2253,0.995,0.995,0.4068,0.454,1.35,0.8,26.0,54.7,0.0,2.57
2023-12-01,20146,Meridian Private Label,50.3,50.0,9.75,10.6621,0.995,0.995,0.4068,0.461,1.02,0.74,45.88,50.3,0.0,2.71
2024-01-01,20146,Meridian Private Label,146.3,145.6,9.75,11.2144,0.995,0.995,0.4068,0.3656,2.3,2.14,214.24,146.3,0.0,-6.0
2024-02-01,20146,Meridian Private Label,59.2,57.5,9.75,11.1225,0.995,0.9713,0.4068,0.4137,0.76,0.85,81.25,57.8,13.65,0.4
2024-04-01,20146,Meridian Private Label,163.7,162.8,9.75,9.5763,0.995,0.995,0.4068,0.4203,1.81,2.39,-28.43,163.6,0.97,2.2
2024-05-01,20146,Meridian Private Label,212.8,211.3,9.75,9.5613,0.995,0.9928,0.4068,0.3997,3.81,3.11,-40.16,212.4,3.9,-1.5
2024-06-01,20146,Meridian Private Label,50.3,50.0,9.75,9.6111,0.995,0.995,0.4068,0.4485,0.63,0.74,-6.99,50.3,0.0,2.09
2024-07-01,20146,Meridian Private Label,202.2,201.2,9.8181,9.834,0.995,0.995,0.4068,0.4352,3.88,2.96,3.21,202.2,0.0,5.71
2024-08-01,20146,Meridian Private Label,271.4,270.1,9.8181,9.2332,0.995,0.995,0.4068,0.4469,6.0,3.97,-158.74,271.5,-0.98,10.83
2024-09-01,20146,Meridian Private Label,59.9,59.6,9.8181,8.2099,0.995,0.995,0.4068,0.3792,0.83,0.88,-96.33,59.9,0.0,-1.64
2024-10-01,20146,Meridian Private Label,85.8,85.0,9.8181,8.5775,0.995,0.9898,0.4068,0.4421,1.52,1.25,-106.44,85.4,3.93,3.0
2024-11-01,20146,Meridian Private Label,219.7,216.2,9.8181,8.1819,0.995,0.9842,0.4068,0.4259,3.68,3.18,-359.47,217.3,23.56,4.13
2024-12-01,20146,Meridian Private Label,90.6,90.1,9.8181,8.3327,0.995,0.995,0.4068,0.4143,1.47,1.33,-134.58,90.6,0.0,0.68
2025-03-01,20146,Meridian Private Label,167.6,166.6,9.8181,7.4029,0.995,0.9936,0.4068,0.4267,3.26,2.45,-404.79,167.4,1.96,3.32
2025-04-01,20146,Meridian Private Label,51.1,50.0,9.8181,7.2308,0.995,0.9782,0.4068,0.4064,1.3,0.74,-132.21,50.3,7.85,-0.02
2025-05-01,20146,Meridian Private Label,216.7,215.6,9.8181,7.3054,0.995,0.995,0.4068,0.3772,2.71,3.17,-544.5,216.7,0.0,-6.38
2025-07-01,20146,Meridian Private Label,173.1,172.2,7.7475,7.7382,0.995,0.995,0.4068,0.4389,2.25,2.53,-1.61,173.1,0.0,5.53
2025-08-01,20146,Meridian Private Label,261.2,259.9,7.7475,7.5695,0.995,0.995,0.4068,0.4389,3.66,3.82,-46.49,261.2,0.0,8.34
2025-09-01,20146,Meridian Private Label,62.2,61.9,7.7475,8.1259,0.995,0.995,0.4068,0.4207,0.65,0.91,23.54,62.2,0.0,0.86
2025-10-01,20146,Meridian Private Label,141.3,140.6,7.7475,8.432,0.995,0.995,0.4068,0.4252,1.71,2.07,96.72,141.3,0.0,2.59
2025-11-01,20146,Meridian Private Label,54.6,54.3,7.7475,8.5163,0.995,0.995,0.4068,0.396,0.67,0.8,41.98,54.6,0.0,-0.59
2025-12-01,20146,Meridian Private Label,198.0,196.3,7.7475,8.9947,0.995,0.9913,0.4068,0.504,3.44,2.89,246.95,197.3,5.42,19.08
2026-01-01,20146,Meridian Private Label,307.8,306.2,7.7475,9.0239,0.995,0.995,0.4068,0.4064,3.48,4.5,392.88,307.7,0.77,-0.12
2026-03-01,20146,Meridian Private Label,134.2,133.5,7.7475,9.8675,0.995,0.995,0.4068,0.4158,2.21,1.96,284.5,134.2,0.0,1.2
2026-04-01,20146,Meridian Private Label,61.5,61.2,7.7475,9.3383,0.995,0.995,0.4068,0.3762,1.03,0.9,97.83,61.5,0.0,-1.87
2026-05-01,20146,Meridian Private Label,96.9,96.5,7.7475,9.3905,0.995,0.995,0.4068,0.3574,1.9,1.42,159.21,97.0,-0.77,-4.77
2026-06-01,20146,Meridian Private Label,249.4,248.2,7.7475,9.1156,0.995,0.995,0.4068,0.4267,4.06,3.65,341.2,249.4,0.0,4.94
2023-08-01,20147,Vertex Consumer Products (US),534.1,448.6,15.1531,16.3815,0.8496,0.84,0.2095,0.2062,5.4,6.6,656.09,528.0,92.43,-1.48
2023-09-01,20147,Vertex Consumer Products (US),1494.4,1253.5,15.1531,15.8661,0.8496,0.8388,0.2095,0.2022,18.98,18.43,1065.51,1475.4,287.91,-9.15
2023-10-01,20147,Vertex Consumer Products (US),1646.3,1379.2,15.1531,15.5505,0.8496,0.8378,0.2095,0.2418,14.42,20.28,654.24,1623.4,347.01,44.55
2023-11-01,20147,Vertex Consumer Products (US),867.7,759.1,15.1531,14.9334,0.8496,0.8749,0.2095,0.2628,8.78,11.16,-190.63,893.5,-390.95,40.46
2023-12-01,20147,Vertex Consumer Products (US),469.5,400.4,15.1531,14.5934,0.8496,0.8529,0.2095,0.223,5.32,5.89,-262.78,471.3,-27.28,5.41
2024-01-01,20147,Vertex Consumer Products (US),891.3,744.6,15.1531,13.9473,0.8496,0.8354,0.2095,0.2116,14.07,10.95,-1074.73,876.4,225.78,1.56
2024-02-01,20147,Vertex Consumer Products (US),971.4,839.3,15.1531,14.2766,0.8496,0.864,0.2095,0.2365,9.84,12.34,-851.43,987.9,-250.03,22.66
2024-03-01,20147,Vertex Consumer Products (US),572.9,497.8,15.1531,14.2909,0.8496,0.8689,0.2095,0.2269,5.23,7.32,-493.95,585.9,-196.99,8.66
2024-04-01,20147,Vertex Consumer Products (US),459.3,405.8,15.1531,14.7149,0.8496,0.8836,0.2095,0.2178,7.55,5.97,-201.27,477.6,-277.3,3.37
2024-05-01,20147,Vertex Consumer Products (US),456.9,395.0,15.1531,15.3618,0.8496,0.8645,0.2095,0.1868,4.32,5.81,95.36,464.9,-121.22,-8.97
2024-07-01,20147,Vertex Consumer Products (US),915.3,788.6,16.3641,16.2465,0.8496,0.8615,0.2095,0.1958,9.33,11.6,-107.64,928.2,-211.1,-10.8
2024-08-01,20147,Vertex Consumer Products (US),723.6,616.8,16.3641,16.9572,0.8496,0.8525,0.2095,0.204,7.51,9.07,429.17,726.0,-39.27,-3.39
2024-09-01,20147,Vertex Consumer Products (US),753.8,647.1,16.3641,16.0753,0.8496,0.8585,0.2095,0.2117,8.38,9.52,-217.7,761.7,-129.28,1.42
2024-10-01,20147,Vertex Consumer Products (US),540.6,465.8,16.3641,16.0638,0.8496,0.8617,0.2095,0.1823,6.55,6.85,-162.34,548.3,-126.0,-12.67
2024-11-01,20147,Vertex Consumer Products (US),843.3,709.5,16.3641,15.604,0.8496,0.8414,0.2095,0.2314,16.33,10.43,-640.99,835.1,134.19,15.54
2024-12-01,20147,Vertex Consumer Products (US),571.1,496.7,16.3641,14.8248,0.8496,0.8697,0.2095,0.1891,7.72,7.3,-879.09,584.6,-220.92,-10.13
2025-01-01,20147,Vertex Consumer Products (US),606.5,492.3,16.3641,14.6449,0.8496,0.8117,0.2095,0.2132,5.47,7.24,-1042.69,579.4,443.47,1.82
2025-03-01,20147,Vertex Consumer Products (US),467.9,395.0,16.3641,13.8611,0.8496,0.8441,0.2095,0.2229,4.19,5.81,-1171.15,464.9,49.09,5.29
2025-04-01,20147,Vertex Consumer Products (US),953.1,821.4,16.3641,14.221,0.8496,0.8618,0.2095,0.2286,9.38,12.08,-2042.59,966.8,-224.19,15.69
2025-05-01,20147,Vertex Consumer Products (US),806.9,675.1,16.3641,14.2621,0.8496,0.8366,0.2095,0.2223,8.57,9.93,-1696.1,794.6,201.28,8.64
2025-06-01,20147,Vertex Consumer Products (US),834.7,712.0,16.3641,14.7766,0.8496,0.853,0.2095,0.2337,15.61,10.47,-1325.09,838.0,-54.0,17.23
2025-07-01,20147,Vertex Consumer Products (US),1166.7,987.2,16.5267,16.5571,0.8496,0.8462,0.2095,0.222,24.62,14.52,35.47,1162.0,77.68,12.34
2025-08-01,20147,Vertex Consumer Products (US),1018.9,867.9,16.5267,16.8123,0.8496,0.8518,0.2095,0.2132,15.3,12.76,291.0,1021.5,-42.97,3.21
2025-10-01,20147,Vertex Consumer Products (US),580.7,495.2,16.5267,16.176,0.8496,0.8527,0.2095,0.1822,5.42,7.28,-203.65,582.9,-36.36,-13.52
2025-11-01,20147,Vertex Consumer Products (US),122.2,105.0,16.5267,16.1021,0.8496,0.8591,0.2095,0.2259,1.64,1.54,-51.89,123.6,-23.14,1.72
2025-12-01,20147,Vertex Consumer Products (US),1102.5,950.0,16.5267,15.3869,0.8496,0.8617,0.2095,0.2132,19.29,13.97,-1256.63,1118.2,-259.47,3.52
2026-01-01,20147,Vertex Consumer Products (US),571.9,485.1,16.5267,14.8833,0.8496,0.8483,0.2095,0.2257,5.67,7.13,-939.86,571.0,14.87,7.86
2026-02-01,20147,Vertex Consumer Products (US),718.5,614.9,16.5267,14.669,0.8496,0.8559,0.2095,0.2453,7.52,9.04,-1334.76,723.8,-87.59,22.01
2026-03-01,20147,Vertex Consumer Products (US),365.7,315.0,16.5267,15.5026,0.8496,0.8613,0.2095,0.1857,4.63,4.63,-374.51,370.8,-84.29,-7.5
2026-05-01,20147,Vertex Consumer Products (US),943.4,834.2,16.5267,15.4988,0.8496,0.8842,0.2095,0.2033,9.99,12.27,-969.72,981.9,-636.28,-5.17
2023-07-01,20148,Ningbo Hometech Manufacturing,57.5,50.6,40.1487,40.7549,0.905,0.8798,0.2908,0.2756,0.62,0.74,34.86,55.9,64.24,-0.77
2023-09-01,20148,Ningbo Hometech Manufacturing,54.8,50.0,40.1487,40.021,0.905,0.9116,0.2908,0.2785,0.58,0.74,-7.0,55.2,-16.06,-0.61
2023-10-01,20148,Ningbo Hometech Manufacturing,121.8,106.9,40.1487,38.5741,0.905,0.8774,0.2908,0.269,2.75,1.57,-191.79,118.1,148.55,-2.33
2023-11-01,20148,Ningbo Hometech Manufacturing,577.6,518.4,40.1487,37.602,0.905,0.8974,0.2908,0.3168,7.21,7.62,-1470.97,572.8,192.71,13.48
2023-12-01,20148,Ningbo Hometech Manufacturing,120.7,101.7,40.1487,37.4122,0.905,0.8427,0.2908,0.3176,2.51,1.5,-330.3,112.4,333.23,2.73
2024-01-01,20148,Ningbo Hometech Manufacturing,558.4,493.3,40.1487,37.1232,0.905,0.8834,0.2908,0.3187,12.3,7.25,-1689.44,545.1,533.98,13.76
2024-02-01,20148,Ningbo Hometech Manufacturing,84.2,75.4,40.1487,36.5906,0.905,0.8957,0.2908,0.2887,0.83,1.11,-299.59,83.3,36.13,-0.16
2024-03-01,20148,Ningbo Hometech Manufacturing,88.5,79.6,40.1487,36.8441,0.905,0.8996,0.2908,0.3203,0.92,1.17,-292.46,88.0,20.07,2.35
2024-06-01,20148,Ningbo Hometech Manufacturing,155.0,142.3,40.1487,34.3213,0.905,0.9184,0.2908,0.2989,1.75,2.09,-903.25,157.2,-88.33,1.15
2024-08-01,20148,Ningbo Hometech Manufacturing,97.0,87.1,34.3927,33.7017,0.905,0.898,0.2908,0.3063,1.18,1.28,-67.03,96.2,27.51,1.35
2024-10-01,20148,Ningbo Hometech Manufacturing,173.4,156.8,34.3927,31.5768,0.905,0.9039,0.2908,0.3165,2.19,2.31,-488.28,173.3,3.44,4.03
2024-11-01,20148,Ningbo Hometech Manufacturing,173.9,162.7,34.3927,32.0724,0.905,0.9356,0.2908,0.3009,1.84,2.39,-403.5,179.8,-202.92,1.64
2025-01-01,20148,Ningbo Hometech Manufacturing,147.3,133.3,34.3927,32.0235,0.905,0.9046,0.2908,0.3117,1.48,1.96,-348.98,147.3,0.0,2.79
2025-02-01,20148,Ningbo Hometech Manufacturing,128.3,118.2,34.3927,30.1155,0.905,0.9208,0.2908,0.285,1.9,1.74,-548.76,130.6,-79.1,-0.69
2025-03-01,20148,Ningbo Hometech Manufacturing,131.7,121.5,34.3927,30.421,0.905,0.9228,0.2908,0.3153,1.43,1.79,-523.07,134.3,-89.42,2.98
2025-04-01,20148,Ningbo Hometech Manufacturing,65.6,60.9,34.3927,31.5367,0.905,0.9292,0.2908,0.277,0.96,0.9,-187.35,67.3,-58.47,-0.84
2025-05-01,20148,Ningbo Hometech Manufacturing,87.1,79.4,34.3927,31.9102,0.905,0.9114,0.2908,0.28,1.27,1.17,-216.23,87.7,-20.64,-0.86
2025-07-01,20148,Ningbo Hometech Manufacturing,143.8,128.0,31.5885,31.4604,0.905,0.8895,0.2908,0.3046,1.91,1.88,-18.42,141.4,75.81,1.77
2025-09-01,20148,Ningbo Hometech Manufacturing,222.7,203.9,31.5885,30.9366,0.905,0.9158,0.2908,0.3008,2.32,3.0,-145.18,225.3,-82.13,2.04
2025-10-01,20148,Ningbo Hometech Manufacturing,102.5,95.0,31.5885,29.6348,0.905,0.927,0.2908,0.2979,1.14,1.4,-200.25,105.0,-78.97,0.67
2025-11-01,20148,Ningbo Hometech Manufacturing,114.2,107.4,31.5885,29.5534,0.905,0.9405,0.2908,0.3304,1.96,1.58,-232.41,118.7,-142.15,4.25
2025-12-01,20148,Ningbo Hometech Manufacturing,124.7,113.6,31.5885,28.8141,0.905,0.911,0.2908,0.3034,2.12,1.67,-345.97,125.5,-25.27,1.43
2026-01-01,20148,Ningbo Hometech Manufacturing,333.3,314.7,31.5885,28.1508,0.905,0.9442,0.2908,0.2565,4.48,4.63,-1145.79,347.7,-454.87,-10.79
2026-02-01,20148,Ningbo Hometech Manufacturing,106.2,91.7,31.5885,27.184,0.905,0.8634,0.2908,0.2811,1.44,1.35,-467.76,101.3,154.78,-0.89
2026-03-01,20148,Ningbo Hometech Manufacturing,256.8,221.8,31.5885,25.2491,0.905,0.8637,0.2908,0.3032,5.43,3.26,-1627.96,245.1,369.59,2.75
2026-04-01,20148,Ningbo Hometech Manufacturing,57.7,50.0,31.5885,23.9529,0.905,0.8661,0.2908,0.2773,0.62,0.74,-440.57,55.2,78.97,-0.68
2026-05-01,20148,Ningbo Hometech Manufacturing,80.8,66.9,31.5885,23.8279,0.905,0.8287,0.2908,0.3182,0.82,0.98,-627.06,73.9,217.96,1.83
2026-06-01,20148,Ningbo Hometech Manufacturing,217.4,185.0,31.5885,25.5558,0.905,0.8511,0.2908,0.3387,2.15,2.72,-1311.51,204.4,410.65,8.86
2023-07-01,20149,Silverline Personal Care,903.8,840.7,29.5174,29.3791,0.9152,0.9301,0.6321,0.6586,20.02,12.36,-125.0,918.6,-436.86,22.28
2023-08-01,20149,Silverline Personal Care,459.2,422.9,29.5174,29.8061,0.9152,0.9211,0.6321,0.6553,8.5,6.22,132.57,462.1,-85.6,9.81
2023-09-01,20149,Silverline Personal Care,2495.0,2254.4,29.5174,31.0228,0.9152,0.9036,0.6321,0.7879,26.78,33.15,3755.97,2463.3,935.7,351.24
2023-10-01,20149,Silverline Personal Care,1976.6,1800.9,29.5174,31.1121,0.9152,0.9111,0.6321,0.6419,21.27,26.48,3152.08,1967.8,259.75,17.65
2023-11-01,20149,Silverline Personal Care,1840.5,1692.6,29.5174,32.1427,0.9152,0.9197,0.6321,0.6838,27.37,24.89,4831.86,1849.4,-262.7,87.51
2023-12-01,20149,Silverline Personal Care,1518.3,1381.6,29.5174,31.4903,0.9152,0.91,0.6321,0.5563,24.55,20.32,2995.45,1509.6,256.8,-104.73
2024-01-01,20149,Silverline Personal Care,198.2,173.0,29.5174,32.4455,0.9152,0.8728,0.6321,0.6525,2.02,2.54,580.35,189.0,271.56,3.53
2024-02-01,20149,Silverline Personal Care,797.1,700.8,29.5174,32.2563,0.9152,0.8792,0.6321,0.5745,12.71,10.31,2183.18,765.7,926.85,-40.37
2024-04-01,20149,Silverline Personal Care,672.6,591.6,29.5174,33.9397,0.9152,0.8795,0.6321,0.6674,7.01,8.7,2974.44,646.4,773.36,20.88
2024-05-01,20149,Silverline Personal Care,3084.3,2787.2,29.5174,36.9007,0.9152,0.9037,0.6321,0.7121,38.09,40.99,22772.31,3045.5,1145.28,222.98
2024-06-01,20149,Silverline Personal Care,881.7,808.5,29.5174,38.759,0.9152,0.917,0.6321,0.6578,15.7,11.89,8148.32,883.4,-50.18,20.78
2024-07-01,20149,Silverline Personal Care,1731.8,1577.6,38.6776,39.0461,0.9152,0.9109,0.6321,0.7972,28.32,23.2,638.17,1723.8,309.42,260.46
2024-08-01,20149,Silverline Personal Care,772.0,726.3,38.6776,39.8928,0.9152,0.9408,0.6321,0.6383,8.34,10.68,938.13,793.6,-835.44,4.5
2024-09-01,20149,Silverline Personal Care,629.8,584.3,38.6776,40.5558,0.9152,0.9277,0.6321,0.7118,8.8,8.59,1182.89,638.4,-332.63,46.57
2024-10-01,20149,Silverline Personal Care,1556.1,1387.0,38.6776,39.6439,0.9152,0.8914,0.6321,0.6468,18.02,20.4,1503.66,1515.5,1570.31,20.39
2024-11-01,20149,Silverline Personal Care,1250.2,1132.5,38.6776,38.2812,0.9152,0.9059,0.6321,0.5956,16.14,16.65,-495.58,1237.4,495.07,-41.34
2024-12-01,20149,Silverline Personal Care,712.2,643.3,38.6776,39.9669,0.9152,0.9033,0.6321,0.7354,8.18,9.46,918.24,702.9,359.7,66.45
2025-01-01,20149,Silverline Personal Care,460.5,409.2,38.6776,41.7665,0.9152,0.8886,0.6321,0.547,6.87,6.02,1422.44,447.1,518.28,-34.82
2025-03-01,20149,Silverline Personal Care,459.6,425.5,38.6776,39.5668,0.9152,0.9259,0.6321,0.6746,5.24,6.26,408.68,464.9,-204.99,18.08
2025-04-01,20149,Silverline Personal Care,479.8,439.3,38.6776,40.8868,0.9152,0.9156,0.6321,0.6207,9.92,6.46,1059.97,480.0,-7.74,-5.01
2025-05-01,20149,Silverline Personal Care,1424.8,1246.7,38.6776,42.3996,0.9152,0.875,0.6321,0.6033,14.98,18.33,5303.11,1362.2,2421.22,-35.9
2025-06-01,20149,Silverline Personal Care,421.7,394.3,38.6776,39.8403,0.9152,0.935,0.6321,0.5102,5.51,5.8,490.31,430.8,-351.97,-48.07
2025-07-01,20149,Silverline Personal Care,1017.4,973.0,38.7768,39.0241,0.9152,0.9564,0.6321,0.6473,19.44,14.31,251.6,1063.2,-1775.98,14.79
2025-08-01,20149,Silverline Personal Care,1865.7,1773.4,38.7768,36.8969,0.9152,0.9505,0.6321,0.6183,39.45,26.08,-3507.33,1937.7,-2791.93,-24.47
2025-10-01,20149,Silverline Personal Care,2496.8,2309.0,38.7768,36.0666,0.9152,0.9248,0.6321,0.6708,29.93,33.96,-6766.83,2522.9,-1012.07,89.36
2025-11-01,20149,Silverline Personal Care,466.2,416.9,38.7768,35.1035,0.9152,0.8942,0.6321,0.5968,10.57,6.13,-1712.49,455.5,414.91,-14.72
2025-12-01,20149,Silverline Personal Care,358.1,329.4,38.7768,34.506,0.9152,0.9199,0.6321,0.6081,5.12,4.84,-1529.37,359.9,-69.8,-7.91
2026-01-01,20149,Silverline Personal Care,725.9,634.5,38.7768,36.5617,0.9152,0.874,0.6321,0.608,7.97,9.33,-1607.94,693.3,1264.12,-15.29
2026-02-01,20149,Silverline Personal Care,707.0,636.3,38.7768,35.4271,0.9152,0.9,0.6321,0.6216,11.75,9.36,-2368.24,695.3,453.69,-6.68
2023-08-01,20150,Northbrook Paper & Board,333.0,301.8,13.3202,12.7736,0.9119,0.9065,0.4356,0.4497,3.87,4.44,-182.02,331.0,26.64,4.26
2023-09-01,20150,Northbrook Paper & Board,320.0,286.5,13.3202,12.1243,0.9119,0.8953,0.4356,0.4518,6.34,4.21,-382.69,314.2,77.26,4.64
2023-10-01,20150,Northbrook Paper & Board,180.3,168.1,13.3202,11.5944,0.9119,0.9324,0.4356,0.4752,3.6,2.47,-311.16,184.3,-53.28,6.66
2023-11-01,20150,Northbrook Paper & Board,188.8,175.5,13.3202,11.1457,0.9119,0.9298,0.4356,0.4678,4.57,2.58,-410.55,192.5,-49.28,5.65
2023-12-01,20150,Northbrook Paper & Board,393.9,366.6,13.3202,11.1684,0.9119,0.9307,0.4356,0.4678,5.42,5.39,-847.59,402.0,-107.89,11.8
2024-01-01,20150,Northbrook Paper & Board,123.9,111.2,13.3202,11.9688,0.9119,0.8978,0.4356,0.4234,1.58,1.64,-167.44,121.9,26.64,-1.36
2024-02-01,20150,Northbrook Paper & Board,409.4,355.2,13.3202,12.333,0.9119,0.8677,0.4356,0.5073,7.52,5.22,-404.16,389.5,265.07,25.47
2024-03-01,20150,Northbrook Paper & Board,241.7,209.2,13.3202,12.1939,0.9119,0.8654,0.4356,0.3962,3.45,3.08,-272.23,229.4,163.84,-8.24
2024-04-01,20150,Northbrook Paper & Board,174.0,145.6,13.3202,13.2471,0.9119,0.8369,0.4356,0.5199,1.67,2.14,-12.72,159.7,190.48,12.27
2024-05-01,20150,Northbrook Paper & Board,205.6,181.8,13.3202,12.7723,0.9119,0.8843,0.4356,0.4061,4.71,2.67,-112.65,199.4,82.59,-5.36
2024-06-01,20150,Northbrook Paper & Board,103.6,93.4,13.3202,13.1464,0.9119,0.9021,0.4356,0.4974,2.06,1.37,-18.01,102.4,15.98,5.77
2024-07-01,20150,Northbrook Paper & Board,399.8,382.3,13.0059,13.0793,0.9119,0.9562,0.4356,0.4368,8.1,5.62,29.35,419.2,-252.31,0.46
2024-08-01,20150,Northbrook Paper & Board,166.7,156.5,13.0059,13.3457,0.9119,0.9384,0.4356,0.4644,2.24,2.3,56.64,171.6,-63.73,4.51
2024-09-01,20150,Northbrook Paper & Board,321.2,300.5,13.0059,13.2826,0.9119,0.9355,0.4356,0.4244,7.17,4.42,88.88,329.5,-107.95,-3.37
2024-10-01,20150,Northbrook Paper & Board,239.6,220.0,13.0059,13.0569,0.9119,0.9178,0.4356,0.4401,2.3,3.23,12.22,241.3,-22.11,0.99
2025-02-01,20150,Northbrook Paper & Board,179.6,160.2,13.0059,12.0408,0.9119,0.8919,0.4356,0.4469,1.78,2.36,-173.33,175.7,50.72,1.81
2025-03-01,20150,Northbrook Paper & Board,238.8,219.3,13.0059,12.327,0.9119,0.9183,0.4356,0.3848,3.22,3.23,-162.12,240.5,-22.11,-11.14
2025-05-01,20150,Northbrook Paper & Board,452.1,421.1,13.0059,12.3598,0.9119,0.9315,0.4356,0.4437,5.93,6.19,-292.1,461.8,-126.16,3.41
2025-06-01,20150,Northbrook Paper & Board,86.2,79.9,13.0059,12.369,0.9119,0.9261,0.4356,0.4252,1.03,1.17,-54.9,87.6,-18.21,-0.83
2025-07-01,20150,Northbrook Paper & Board,139.0,129.1,12.4203,12.4939,0.9119,0.9285,0.4356,0.4525,2.73,1.9,10.23,141.6,-32.29,2.18
2025-08-01,20150,Northbrook Paper & Board,234.5,205.8,12.4203,12.7484,0.9119,0.8775,0.4356,0.4571,2.34,3.03,76.94,225.7,109.3,4.42
2025-09-01,20150,Northbrook Paper & Board,137.2,128.9,12.4203,11.3295,0.9119,0.9391,0.4356,0.3686,2.13,1.9,-149.66,141.4,-52.17,-8.64
2025-10-01,20150,Northbrook Paper & Board,213.3,193.0,12.4203,10.6567,0.9119,0.905,0.4356,0.4078,4.5,2.84,-376.18,211.6,21.11,-5.37
2025-11-01,20150,Northbrook Paper & Board,118.4,106.3,12.4203,10.4685,0.9119,0.8976,0.4356,0.4535,2.61,1.56,-231.09,116.6,22.36,1.9
2025-12-01,20150,Northbrook Paper & Board,137.3,123.6,12.4203,10.1284,0.9119,0.9002,0.4356,0.4876,1.54,1.82,-314.68,135.5,22.36,6.43
2026-01-01,20150,Northbrook Paper & Board,179.5,159.9,12.4203,10.4858,0.9119,0.8906,0.4356,0.4613,1.76,2.35,-347.24,175.3,52.17,4.11
2026-02-01,20150,Northbrook Paper & Board,291.6,268.6,12.4203,10.3064,0.9119,0.9212,0.4356,0.3916,4.06,3.95,-616.41,294.5,-36.02,-11.82
2026-03-01,20150,Northbrook Paper & Board,146.0,138.1,12.4203,10.4723,0.9119,0.9456,0.4356,0.4164,2.99,2.03,-284.41,151.4,-67.07,-2.65
2026-04-01,20150,Northbrook Paper & Board,124.7,119.7,12.4203,10.5974,0.9119,0.9598,0.4356,0.4839,2.46,1.76,-227.32,131.3,-81.97,5.78
2026-05-01,20150,Northbrook Paper & Board,182.4,166.2,12.4203,10.6127,0.9119,0.9116,0.4356,0.4208,2.58,2.44,-329.71,182.3,1.24,-2.46
2023-07-01,20151,Ashworth Tools & Hardware,5353.6,4950.7,8.6128,8.5236,0.9492,0.9247,0.1679,0.1701,56.78,72.8,-477.54,5215.7,1187.71,10.89
2023-09-01,20151,Ashworth Tools & Hardware,1159.8,1113.1,8.6128,7.6038,0.9492,0.9597,0.1679,0.1625,23.36,16.37,-1170.24,1172.7,-111.11,-6.01
2023-10-01,20151,Ashworth Tools & Hardware,2842.9,2720.0,8.6128,7.4759,0.9492,0.9568,0.1679,0.166,33.86,40.0,-3232.09,2865.6,-195.51,-5.17
2023-11-01,20151,Ashworth Tools & Hardware,2873.7,2780.5,8.6128,7.9444,0.9492,0.9676,0.1679,0.1848,54.47,40.89,-1920.78,2929.3,-478.87,46.99
2024-01-01,20151,Ashworth Tools & Hardware,2662.7,2574.8,8.6128,8.2881,0.9492,0.967,0.1679,0.165,44.41,37.87,-864.58,2712.6,-429.78,-7.47
2024-03-01,20151,Ashworth Tools & Hardware,1431.7,1405.5,8.6128,7.4783,0.9492,0.9817,0.1679,0.1801,23.04,20.67,-1624.26,1480.7,-422.03,17.15
2024-04-01,20151,Ashworth Tools & Hardware,2447.0,2434.8,8.6128,6.833,0.9492,0.995,0.1679,0.1814,28.61,35.81,-4355.17,2565.1,-1017.17,32.87
2024-05-01,20151,Ashworth Tools & Hardware,4569.3,4357.1,8.6128,6.6255,0.9492,0.9536,0.1679,0.1623,47.86,64.08,-9080.57,4590.3,-180.87,-24.4
2024-06-01,20151,Ashworth Tools & Hardware,2611.2,2414.4,8.6128,6.1723,0.9492,0.9247,0.1679,0.1613,27.85,35.51,-6372.63,2543.6,582.23,-15.94
2024-07-01,20151,Ashworth Tools & Hardware,2189.3,2035.1,6.1024,6.1659,0.9492,0.9295,0.1679,0.2096,53.09,29.93,139.02,2144.0,276.44,84.86
2024-08-01,20151,Ashworth Tools & Hardware,1262.7,1196.7,6.1024,5.904,0.9492,0.9477,0.1679,0.1624,21.6,17.6,-250.52,1260.7,12.2,-6.58
2024-09-01,20151,Ashworth Tools & Hardware,9020.3,8666.8,6.1024,5.5324,0.9492,0.9608,0.1679,0.1705,98.35,127.45,-5141.57,9130.6,-673.09,22.53
2024-11-01,20151,Ashworth Tools & Hardware,5270.5,4720.7,6.1024,5.2103,0.9492,0.8957,0.1679,0.1604,72.63,69.42,-4701.81,4973.3,1813.63,-35.41
2024-12-01,20151,Ashworth Tools & Hardware,7739.4,7037.9,6.1024,5.3442,0.9492,0.9094,0.1679,0.1616,80.97,103.5,-5868.01,7414.6,1982.06,-44.34
2025-01-01,20151,Ashworth Tools & Hardware,5950.0,5343.5,6.1024,5.5044,0.9492,0.8981,0.1679,0.1843,132.74,78.58,-3558.1,5629.5,1955.82,87.63
2025-02-01,20151,Ashworth Tools & Hardware,1694.7,1527.5,6.1024,5.5208,0.9492,0.9013,0.1679,0.165,20.31,22.46,-985.64,1609.2,521.76,-4.43
2025-03-01,20151,Ashworth Tools & Hardware,2506.1,2288.8,6.1024,5.5693,0.9492,0.9133,0.1679,0.1659,25.23,33.66,-1336.0,2411.3,578.51,-4.58
2025-04-01,20151,Ashworth Tools & Hardware,1621.2,1489.5,6.1024,5.5402,0.9492,0.9188,0.1679,0.1677,17.35,21.9,-911.44,1569.2,317.32,-0.3
2025-06-01,20151,Ashworth Tools & Hardware,2376.0,2173.2,6.1024,5.2851,0.9492,0.9146,0.1679,0.1757,27.98,31.96,-1941.9,2289.5,527.86,16.95
2025-08-01,20151,Ashworth Tools & Hardware,3599.5,3518.8,5.2949,5.2918,0.9492,0.9776,0.1679,0.1907,44.61,51.75,-11.16,3707.1,-569.73,80.23
2025-09-01,20151,Ashworth Tools & Hardware,2996.1,2916.0,5.2949,5.4788,0.9492,0.9733,0.1679,0.175,66.95,42.88,550.98,3072.1,-402.41,20.7
2025-10-01,20151,Ashworth Tools & Hardware,3057.9,2813.9,5.2949,5.521,0.9492,0.9202,0.1679,0.164,43.06,41.38,691.39,2964.5,494.54,-10.97
2025-11-01,20151,Ashworth Tools & Hardware,3520.1,3262.4,5.2949,5.4195,0.9492,0.9268,0.1679,0.1464,42.22,47.98,438.6,3437.0,440.01,-70.14
2026-01-01,20151,Ashworth Tools & Hardware,5688.5,5497.2,5.2949,6.6022,0.9492,0.9664,0.1679,0.1419,77.98,80.84,7436.58,5791.4,-544.85,-142.93
2026-04-01,20151,Ashworth Tools & Hardware,3693.9,3494.6,5.2949,6.8083,0.9492,0.946,0.1679,0.1784,42.84,51.39,5590.35,3681.6,65.13,36.69
2026-05-01,20151,Ashworth Tools & Hardware,4385.6,4254.8,5.2949,7.0417,0.9492,0.9702,0.1679,0.1746,56.66,62.57,7660.77,4482.5,-513.08,28.51
2026-06-01,20151,Ashworth Tools & Hardware,1381.5,1293.2,5.2949,6.7614,0.9492,0.9361,0.1679,0.1834,15.65,19.02,2025.97,1362.4,101.13,20.04
2023-07-01,20152,Ningbo Hometech Manufacturing,1535.6,1383.6,10.3929,10.3349,0.9208,0.901,0.6142,0.5995,16.03,20.35,-89.06,1502.6,342.97,-20.34
2023-08-01,20152,Ningbo Hometech Manufacturing,502.1,468.1,10.3929,10.4546,0.9208,0.9323,0.6142,0.6371,10.57,6.88,30.98,508.4,-65.48,10.72
2023-09-01,20152,Ningbo Hometech Manufacturing,364.7,321.2,10.3929,9.8337,0.9208,0.8807,0.6142,0.7187,3.43,4.72,-203.94,348.8,165.25,33.57
2023-10-01,20152,Ningbo Hometech Manufacturing,582.1,529.8,10.3929,10.1024,0.9208,0.9101,0.6142,0.6059,5.57,7.79,-169.1,575.4,69.63,-4.4
2023-11-01,20152,Ningbo Hometech Manufacturing,897.9,822.9,10.3929,10.0909,0.9208,0.9165,0.6142,0.6568,9.75,12.1,-271.17,893.7,43.65,35.06
2023-12-01,20152,Ningbo Hometech Manufacturing,932.1,860.8,10.3929,10.0694,0.9208,0.9235,0.6142,0.6804,9.56,12.66,-301.53,934.8,-28.06,56.98
2024-01-01,20152,Ningbo Hometech Manufacturing,247.9,228.0,10.3929,9.5562,0.9208,0.9199,0.6142,0.7137,4.52,3.35,-207.42,247.6,3.12,22.69
2024-04-01,20152,Ningbo Hometech Manufacturing,1057.0,952.2,10.3929,9.6769,0.9208,0.9009,0.6142,0.681,16.79,14.0,-756.81,1034.1,238.0,63.61
2024-06-01,20152,Ningbo Hometech Manufacturing,734.8,672.3,10.3929,9.7547,0.9208,0.915,0.6142,0.6081,8.07,9.89,-468.95,730.1,48.85,-4.1
2024-07-01,20152,Ningbo Hometech Manufacturing,1561.2,1470.7,10.2703,10.1318,0.9208,0.9421,0.6142,0.4829,19.49,21.63,-216.23,1597.2,-369.73,-193.1
2024-08-01,20152,Ningbo Hometech Manufacturing,632.3,573.6,10.2703,10.1016,0.9208,0.9071,0.6142,0.625,13.9,8.43,-106.67,622.9,96.54,6.19
2024-10-01,20152,Ningbo Hometech Manufacturing,1918.8,1773.3,10.2703,9.6418,0.9208,0.9242,0.6142,0.6036,27.08,26.08,-1205.97,1925.8,-71.89,-18.8
2024-11-01,20152,Ningbo Hometech Manufacturing,1064.2,965.1,10.2703,9.3741,0.9208,0.9069,0.6142,0.6038,12.44,14.19,-953.74,1048.1,165.35,-10.04
2024-12-01,20152,Ningbo Hometech Manufacturing,987.4,896.9,10.2703,9.489,0.9208,0.9083,0.6142,0.5197,17.94,13.19,-771.46,974.0,137.62,-84.76
2025-01-01,20152,Ningbo Hometech Manufacturing,1394.9,1275.8,10.2703,9.7308,0.9208,0.9146,0.6142,0.5711,21.18,18.76,-752.55,1385.5,96.54,-54.99
2025-03-01,20152,Ningbo Hometech Manufacturing,4439.9,4207.8,10.2703,10.1786,0.9208,0.9477,0.6142,0.6818,50.25,61.88,-407.14,4569.7,-1333.08,284.45
2025-05-01,20152,Ningbo Hometech Manufacturing,1407.9,1283.8,10.2703,11.1196,0.9208,0.9118,0.6142,0.6405,18.24,18.88,1195.73,1394.2,140.7,33.76
2025-06-01,20152,Ningbo Hometech Manufacturing,653.6,604.3,10.2703,11.3805,0.9208,0.9247,0.6142,0.662,13.57,8.89,725.63,656.3,-27.73,28.89
2025-07-01,20152,Ningbo Hometech Manufacturing,853.1,760.9,11.3861,11.5383,0.9208,0.8919,0.6142,0.6179,11.56,11.19,129.84,826.3,305.15,2.82
2025-08-01,20152,Ningbo Hometech Manufacturing,1026.4,957.8,11.3861,12.052,0.9208,0.9331,0.6142,0.7133,11.06,14.08,683.48,1040.2,-157.13,94.92
2025-10-01,20152,Ningbo Hometech Manufacturing,796.4,712.1,11.3861,11.7756,0.9208,0.8941,0.6142,0.5513,9.9,10.47,310.2,773.3,263.02,-44.79
2025-11-01,20152,Ningbo Hometech Manufacturing,841.9,770.1,11.3861,12.759,0.9208,0.9148,0.6142,0.5898,8.37,11.33,1155.84,836.3,63.76,-18.79
2025-12-01,20152,Ningbo Hometech Manufacturing,415.1,373.8,11.3861,12.7394,0.9208,0.9005,0.6142,0.5557,7.47,5.5,561.75,406.0,103.61,-21.87
2026-02-01,20152,Ningbo Hometech Manufacturing,454.2,415.1,11.3861,12.2632,0.9208,0.9139,0.6142,0.6529,4.67,6.1,398.38,450.8,38.71,16.06
2026-04-01,20152,Ningbo Hometech Manufacturing,1195.8,1114.1,11.3861,12.4891,0.9208,0.9317,0.6142,0.5797,12.24,16.38,1318.97,1209.9,-160.54,-38.44
2026-06-01,20152,Ningbo Hometech Manufacturing,276.4,243.3,11.3861,13.8423,0.9208,0.8802,0.6142,0.5921,3.34,3.58,678.89,264.2,138.91,-5.38
2023-07-01,20153,Meridian Private Label,940.9,816.2,8.5208,8.5796,0.895,0.8675,0.3796,0.3886,10.9,12.0,55.32,912.0,246.25,7.35
2023-08-01,20153,Meridian Private Label,1284.1,1126.3,8.5208,8.6267,0.895,0.8771,0.3796,0.359,27.99,16.56,135.99,1258.4,218.98,-23.2
2023-09-01,20153,Meridian Private Label,905.6,777.9,8.5208,8.9124,0.895,0.859,0.3796,0.4451,10.55,11.44,354.63,869.2,310.16,50.95
2023-10-01,20153,Meridian Private Label,3418.0,2985.1,8.5208,9.1725,0.895,0.8733,0.3796,0.3728,49.54,43.9,2227.51,3335.3,704.67,-20.3
2023-11-01,20153,Meridian Private Label,1619.3,1498.7,8.5208,8.9502,0.895,0.9255,0.3796,0.4029,19.96,22.04,695.33,1674.5,-470.35,34.92
2023-12-01,20153,Meridian Private Label,1193.7,1085.6,8.5208,9.1406,0.895,0.9095,0.3796,0.3073,27.7,15.97,739.86,1213.0,-164.45,-78.49
2024-02-01,20153,Meridian Private Label,2195.9,2020.1,8.5208,8.6051,0.895,0.92,0.3796,0.419,45.84,29.71,185.11,2257.1,-521.47,79.59
2024-03-01,20153,Meridian Private Label,1528.8,1317.1,8.5208,8.6881,0.895,0.8615,0.3796,0.3361,17.16,19.37,255.77,1471.6,487.39,-57.29
2024-04-01,20153,Meridian Private Label,793.5,718.2,8.5208,8.2453,0.895,0.9052,0.3796,0.3822,8.23,10.56,-218.61,802.5,-76.69,1.87
2024-06-01,20153,Meridian Private Label,463.1,407.8,8.5208,9.2279,0.895,0.8805,0.3796,0.4075,5.52,6.0,327.46,455.6,63.91,11.38
2024-07-01,20153,Meridian Private Label,1871.7,1660.2,9.4431,9.3841,0.895,0.887,0.3796,0.3115,23.28,24.41,-110.43,1855.0,157.7,-113.06
2024-08-01,20153,Meridian Private Label,2151.6,1857.3,9.4431,9.7963,0.895,0.8632,0.3796,0.4137,27.41,27.31,759.95,2075.2,721.45,63.33
2024-09-01,20153,Meridian Private Label,1489.2,1302.9,9.4431,9.7049,0.895,0.8749,0.3796,0.4241,19.59,19.16,389.87,1455.8,315.4,57.98
2024-10-01,20153,Meridian Private Label,1516.6,1352.1,9.4431,9.8217,0.895,0.8915,0.3796,0.3651,25.08,19.88,574.18,1510.7,55.71,-19.61
2024-11-01,20153,Meridian Private Label,717.2,615.3,9.4431,9.9429,0.895,0.8578,0.3796,0.4251,11.74,9.05,358.46,687.5,280.46,28.0
2024-12-01,20153,Meridian Private Label,2053.2,1872.7,9.4431,10.8258,0.895,0.9121,0.3796,0.3996,22.55,27.54,2838.96,2092.4,-370.17,37.45
2025-01-01,20153,Meridian Private Label,3913.6,3365.6,9.4431,10.9622,0.895,0.86,0.3796,0.3921,65.66,49.49,5945.15,3760.4,1446.68,42.07
2025-02-01,20153,Meridian Private Label,735.6,658.6,9.4431,10.7367,0.895,0.8953,0.3796,0.3194,8.52,9.69,951.57,735.9,-2.83,-39.65
2025-03-01,20153,Meridian Private Label,1039.0,897.9,9.4431,10.217,0.895,0.8642,0.3796,0.3789,17.66,13.2,804.08,1003.2,338.06,-0.63
2025-04-01,20153,Meridian Private Label,1534.4,1388.7,9.4431,9.5004,0.895,0.9051,0.3796,0.4582,21.22,20.42,87.92,1551.6,-162.42,109.15
2025-05-01,20153,Meridian Private Label,1457.1,1319.6,9.4431,9.1151,0.895,0.9056,0.3796,0.3692,18.51,19.41,-477.93,1474.4,-163.37,-13.72
2025-06-01,20153,Meridian Private Label,1796.1,1541.1,9.4431,9.3134,0.895,0.858,0.3796,0.4356,27.89,22.66,-232.95,1721.9,700.68,86.3
2025-07-01,20153,Meridian Private Label,363.7,323.3,10.2572,10.1342,0.895,0.8889,0.3796,0.4226,4.52,4.75,-44.74,361.2,25.64,13.9
2025-08-01,20153,Meridian Private Label,1902.9,1659.0,10.2572,10.0172,0.895,0.8718,0.3796,0.4331,33.73,24.4,-456.7,1853.6,505.68,88.76
2025-09-01,20153,Meridian Private Label,545.0,497.8,10.2572,9.7232,0.895,0.9134,0.3796,0.3885,7.46,7.32,-291.03,556.2,-114.88,4.43
2025-10-01,20153,Meridian Private Label,2320.1,2009.5,10.2572,9.994,0.895,0.8661,0.3796,0.4004,25.6,29.55,-610.65,2245.3,767.24,41.8
2025-11-01,20153,Meridian Private Label,1280.1,1164.5,10.2572,10.1356,0.895,0.9097,0.3796,0.3973,24.45,17.12,-155.66,1301.1,-215.4,20.61
2025-12-01,20153,Meridian Private Label,1056.2,913.2,10.2572,10.114,0.895,0.8646,0.3796,0.4089,16.77,13.43,-151.25,1020.3,368.23,26.76
2026-01-01,20153,Meridian Private Label,544.3,470.9,10.2572,10.3432,0.895,0.8653,0.3796,0.3603,9.24,6.93,46.81,526.1,186.68,-9.09
2026-03-01,20153,Meridian Private Label,548.2,493.0,10.2572,10.4287,0.895,0.8994,0.3796,0.3882,6.58,7.25,94.02,550.8,-26.67,4.24
2026-04-01,20153,Meridian Private Label,741.4,641.2,10.2572,10.4237,0.895,0.8649,0.3796,0.3912,13.59,9.43,123.44,716.4,256.43,7.44
2026-05-01,20153,Meridian Private Label,1600.6,1392.3,10.2572,10.5618,0.895,0.8699,0.3796,0.3415,17.11,20.48,487.54,1555.6,461.57,-53.05
2026-06-01,20153,Meridian Private Label,1444.7,1253.6,10.2572,11.0871,0.895,0.8677,0.3796,0.3865,21.81,18.44,1198.96,1400.7,451.32,8.65
2023-07-01,20154,Northbrook Paper & Board,171.2,164.4,20.7949,21.0521,0.9859,0.9599,0.576,0.6364,2.13,2.42,44.03,166.8,91.5,9.93
2023-08-01,20154,Northbrook Paper & Board,274.1,257.7,20.7949,22.0854,0.9859,0.9404,0.576,0.6625,5.32,3.79,353.73,261.4,264.1,22.29
2023-09-01,20154,Northbrook Paper & Board,149.7,143.9,20.7949,21.1499,0.9859,0.9618,0.576,0.6453,1.94,2.12,53.14,146.0,76.94,9.97
2023-10-01,20154,Northbrook Paper & Board,171.7,166.8,20.7949,20.8932,0.9859,0.9715,0.576,0.5716,2.09,2.45,16.88,169.2,51.99,-0.73
2023-11-01,20154,Northbrook Paper & Board,374.3,353.7,20.7949,20.7795,0.9859,0.9449,0.576,0.564,4.91,5.2,-5.76,358.8,322.32,-4.24
2023-12-01,20154,Northbrook Paper & Board,276.8,267.6,20.7949,20.5212,0.9859,0.9665,0.576,0.5673,3.43,3.93,-75.76,271.4,112.29,-2.33
2024-01-01,20154,Northbrook Paper & Board,346.6,337.7,20.7949,20.109,0.9859,0.9742,0.576,0.5568,3.97,4.97,-237.73,342.5,85.26,-6.48
2024-02-01,20154,Northbrook Paper & Board,77.4,76.8,20.7949,20.9353,0.9859,0.9913,0.576,0.5558,0.97,1.13,10.87,77.9,-10.4,-1.55
2024-03-01,20154,Northbrook Paper & Board,234.1,230.0,20.7949,21.1365,0.9859,0.9825,0.576,0.6323,2.64,3.38,79.97,233.3,16.64,12.95
2024-04-01,20154,Northbrook Paper & Board,65.8,65.0,20.7949,22.3271,0.9859,0.9871,0.576,0.5626,0.79,0.96,100.82,65.9,-2.08,-0.87
2024-05-01,20154,Northbrook Paper & Board,151.5,150.8,20.7949,23.3101,0.9859,0.995,0.576,0.6681,2.21,2.22,381.05,153.0,-31.19,13.89
2024-06-01,20154,Northbrook Paper & Board,113.2,112.6,20.7949,23.6046,0.9859,0.995,0.576,0.5981,1.79,1.66,318.06,114.2,-20.79,2.49
2024-09-01,20154,Northbrook Paper & Board,78.2,77.4,24.3393,24.5659,0.9859,0.9894,0.576,0.6383,0.97,1.14,17.72,78.5,-7.3,4.82
2024-10-01,20154,Northbrook Paper & Board,130.8,130.2,24.3393,24.835,0.9859,0.995,0.576,0.6347,1.85,1.91,64.84,132.1,-31.64,7.64
2024-11-01,20154,Northbrook Paper & Board,145.8,145.1,24.3393,23.5569,0.9859,0.995,0.576,0.6537,2.58,2.13,-114.07,147.2,-34.08,11.27
2024-12-01,20154,Northbrook Paper & Board,50.9,50.0,24.3393,23.6436,0.9859,0.9828,0.576,0.6523,0.57,0.74,-35.41,50.7,4.87,3.82
2025-01-01,20154,Northbrook Paper & Board,58.9,58.6,24.3393,23.8971,0.9859,0.995,0.576,0.5289,0.67,0.86,-26.05,59.4,-12.17,-2.76
2025-02-01,20154,Northbrook Paper & Board,89.3,88.6,24.3393,23.3375,0.9859,0.9914,0.576,0.5409,1.5,1.3,-89.46,89.9,-14.6,-3.11
2025-03-01,20154,Northbrook Paper & Board,177.0,176.1,24.3393,23.9502,0.9859,0.995,0.576,0.5745,4.13,2.59,-68.87,178.6,-38.94,-0.26
2025-06-01,20154,Northbrook Paper & Board,190.5,189.6,24.3393,27.1866,0.9859,0.995,0.576,0.5409,2.12,2.79,542.41,192.3,-43.81,-6.65
2025-08-01,20154,Northbrook Paper & Board,107.1,102.4,26.4482,26.4402,0.9859,0.9563,0.576,0.6086,1.6,1.51,-0.86,103.9,84.63,3.34
2025-09-01,20154,Northbrook Paper & Board,78.6,77.8,26.4482,25.6788,0.9859,0.9891,0.576,0.6025,1.32,1.14,-60.47,78.9,-7.93,2.06
2025-10-01,20154,Northbrook Paper & Board,228.0,226.8,26.4482,25.3668,0.9859,0.995,0.576,0.5807,3.86,3.34,-246.56,230.0,-52.9,1.07
2025-11-01,20154,Northbrook Paper & Board,50.3,50.0,26.4482,24.5112,0.9859,0.995,0.576,0.6427,0.71,0.74,-97.43,50.7,-10.58,3.34
2025-12-01,20154,Northbrook Paper & Board,155.0,150.9,26.4482,25.2504,0.9859,0.9735,0.576,0.5358,1.95,2.22,-185.66,153.1,50.25,-6.07
2026-01-01,20154,Northbrook Paper & Board,247.5,242.2,26.4482,26.9769,0.9859,0.9787,0.576,0.7152,2.87,3.56,130.85,245.7,47.61,33.71
2026-02-01,20154,Northbrook Paper & Board,90.6,87.0,26.4482,26.9125,0.9859,0.96,0.576,0.5701,0.99,1.28,42.07,88.2,63.48,-0.51
2026-03-01,20154,Northbrook Paper & Board,183.0,181.7,26.4482,26.2812,0.9859,0.9931,0.576,0.5659,4.38,2.67,-30.56,184.3,-34.38,-1.84
2026-04-01,20154,Northbrook Paper & Board,340.1,338.4,26.4482,26.0592,0.9859,0.995,0.576,0.5726,3.71,4.98,-132.3,343.2,-81.99,-1.15
2026-05-01,20154,Northbrook Paper & Board,212.0,207.1,26.4482,27.477,0.9859,0.9771,0.576,0.6696,2.99,3.05,218.11,210.1,50.25,19.38
2026-06-01,20154,Northbrook Paper & Board,91.7,90.6,26.4482,30.1751,0.9859,0.9882,0.576,0.6048,1.38,1.33,341.76,91.9,-5.29,2.61
2023-07-01,20155,Cascadia Pet Products,546.1,480.6,96.724,97.4417,0.8853,0.8801,0.1583,0.1631,6.91,7.07,391.94,542.9,309.52,2.31
2023-08-01,20155,Cascadia Pet Products,320.1,282.4,96.724,96.5166,0.8853,0.8824,0.1583,0.1711,5.0,4.15,-66.39,319.0,106.4,3.61
2023-09-01,20155,Cascadia Pet Products,259.3,215.4,96.724,96.7864,0.8853,0.8306,0.1583,0.1591,3.39,3.17,16.18,243.3,1547.58,0.17
2023-10-01,20155,Cascadia Pet Products,224.3,201.5,96.724,96.1935,0.8853,0.898,0.1583,0.1695,5.2,2.96,-118.99,227.6,-319.19,2.26
2023-11-01,20155,Cascadia Pet Products,498.3,440.5,96.724,90.2017,0.8853,0.884,0.1583,0.1931,11.5,6.48,-3250.06,497.6,67.71,15.33
2023-12-01,20155,Cascadia Pet Products,322.4,299.6,96.724,86.4218,0.8853,0.9292,0.1583,0.1538,4.51,4.41,-3321.43,338.4,-1547.58,-1.35
2024-01-01,20155,Cascadia Pet Products,371.9,350.6,96.724,81.2192,0.8853,0.9426,0.1583,0.1634,5.07,5.16,-5766.24,396.0,-2331.05,1.79
2024-02-01,20155,Cascadia Pet Products,287.5,262.6,96.724,80.7167,0.8853,0.9135,0.1583,0.1757,3.41,3.86,-4602.1,296.6,-880.19,4.57
2024-03-01,20155,Cascadia Pet Products,97.3,88.7,96.724,81.6544,0.8853,0.9115,0.1583,0.1838,1.0,1.3,-1466.27,100.2,-280.5,2.26
2024-05-01,20155,Cascadia Pet Products,185.5,166.0,96.724,81.319,0.8853,0.8949,0.1583,0.1501,2.41,2.44,-2857.63,187.5,-193.45,-1.36
2024-06-01,20155,Cascadia Pet Products,269.2,240.5,96.724,75.5772,0.8853,0.8934,0.1583,0.1728,2.92,3.54,-5692.72,271.7,-241.81,3.49
2024-07-01,20155,Cascadia Pet Products,281.4,244.3,78.4036,78.556,0.8853,0.8681,0.1583,0.1467,3.73,3.59,42.89,276.0,423.38,-2.83
2024-09-01,20155,Cascadia Pet Products,190.8,172.1,78.4036,76.7951,0.8853,0.902,0.1583,0.1616,1.81,2.53,-306.9,194.4,-282.25,0.57
2024-10-01,20155,Cascadia Pet Products,191.8,168.6,78.4036,81.0558,0.8853,0.879,0.1583,0.1664,1.84,2.48,508.69,190.4,109.77,1.37
2024-11-01,20155,Cascadia Pet Products,364.3,320.8,78.4036,84.0761,0.8853,0.8805,0.1583,0.1841,5.5,4.72,2066.49,362.4,148.97,8.28
2024-12-01,20155,Cascadia Pet Products,78.6,67.4,78.4036,86.7249,0.8853,0.857,0.1583,0.1731,1.0,0.99,654.05,76.1,196.01,1.0
2025-01-01,20155,Cascadia Pet Products,424.4,361.9,78.4036,82.9744,0.8853,0.8528,0.1583,0.158,4.87,5.32,1939.85,408.8,1223.1,-0.11
2025-02-01,20155,Cascadia Pet Products,184.4,161.8,78.4036,81.1482,0.8853,0.8771,0.1583,0.1528,3.05,2.38,506.1,182.8,125.45,-0.89
2025-05-01,20155,Cascadia Pet Products,250.2,216.4,78.4036,80.4686,0.8853,0.8648,0.1583,0.172,3.33,3.18,516.66,244.4,454.74,2.96
2025-06-01,20155,Cascadia Pet Products,74.4,63.5,78.4036,79.9342,0.8853,0.8533,0.1583,0.1647,0.88,0.93,113.88,71.7,211.69,0.41
2025-07-01,20155,Cascadia Pet Products,693.2,643.8,81.0429,82.0281,0.8853,0.9288,0.1583,0.1343,15.23,9.47,682.94,727.2,-2755.46,-15.45
2025-08-01,20155,Cascadia Pet Products,171.4,154.4,81.0429,87.0812,0.8853,0.9011,0.1583,0.1661,2.8,2.27,1034.96,174.4,-243.13,1.2
2025-09-01,20155,Cascadia Pet Products,94.2,83.6,81.0429,80.1874,0.8853,0.8884,0.1583,0.1574,1.43,1.23,-80.59,94.4,-16.21,-0.08
2025-10-01,20155,Cascadia Pet Products,219.7,186.7,81.0429,78.7718,0.8853,0.8499,0.1583,0.1721,2.72,2.75,-498.96,210.9,713.18,2.58
2025-11-01,20155,Cascadia Pet Products,437.5,390.8,81.0429,77.2613,0.8853,0.8933,0.1583,0.1628,6.02,5.75,-1654.45,441.4,-316.07,1.76
2025-12-01,20155,Cascadia Pet Products,159.1,141.7,81.0429,76.2364,0.8853,0.8911,0.1583,0.142,1.57,2.08,-764.71,160.1,-81.04,-2.31
2026-01-01,20155,Cascadia Pet Products,198.8,177.1,81.0429,70.8206,0.8853,0.891,0.1583,0.1626,1.9,2.61,-2032.19,200.0,-97.25,0.76
2026-02-01,20155,Cascadia Pet Products,225.5,196.3,81.0429,69.0666,0.8853,0.8704,0.1583,0.173,3.62,2.89,-2700.66,221.7,307.96,2.89
2026-03-01,20155,Cascadia Pet Products,245.2,220.1,81.0429,65.0991,0.8853,0.8975,0.1583,0.1507,4.61,3.24,-3909.42,248.6,-275.55,-1.67
2026-04-01,20155,Cascadia Pet Products,237.7,208.4,81.0429,60.4396,0.8853,0.8766,0.1583,0.1808,3.53,3.06,-4897.4,235.4,186.4,4.69
2026-05-01,20155,Cascadia Pet Products,216.4,190.6,81.0429,59.8584,0.8853,0.8806,0.1583,0.1627,3.72,2.8,-4584.33,215.3,89.15,0.84
2026-06-01,20155,Cascadia Pet Products,225.4,201.7,81.0429,61.3744,0.8853,0.8947,0.1583,0.1892,4.58,2.97,-4433.28,227.8,-194.5,6.23
2023-09-01,20156,Silverline Personal Care,369.9,353.1,40.2735,38.8872,0.968,0.9545,0.5104,0.4625,4.82,5.19,-512.79,364.8,205.39,-16.91
2023-10-01,20156,Silverline Personal Care,985.0,928.8,40.2735,39.2834,0.968,0.943,0.5104,0.5347,17.77,13.66,-975.25,959.5,1026.97,22.57
2023-11-01,20156,Silverline Personal Care,579.7,550.3,40.2735,39.3424,0.968,0.9493,0.5104,0.4954,9.24,8.09,-539.76,568.5,451.06,-8.25
2023-12-01,20156,Silverline Personal Care,494.5,481.0,40.2735,38.2335,0.968,0.9728,0.5104,0.5185,5.05,7.07,-1008.78,496.9,-96.66,3.9
2024-01-01,20156,Silverline Personal Care,365.4,363.6,40.2735,38.7518,0.968,0.995,0.5104,0.4952,4.14,5.35,-556.03,375.6,-410.79,-5.53
2024-02-01,20156,Silverline Personal Care,308.1,306.6,40.2735,40.5453,0.968,0.995,0.5104,0.541,4.43,4.51,83.74,316.7,-346.35,9.38
2024-03-01,20156,Silverline Personal Care,815.3,803.8,40.2735,42.0163,0.968,0.9859,0.5104,0.5061,18.02,11.82,1420.9,830.4,-608.13,-3.46
2024-05-01,20156,Silverline Personal Care,510.1,499.2,40.2735,44.7283,0.968,0.9786,0.5104,0.5036,9.42,7.34,2272.39,515.7,-225.53,-3.39
2024-06-01,20156,Silverline Personal Care,485.0,482.5,40.2735,46.8262,0.968,0.995,0.5104,0.5141,9.86,7.1,3178.06,498.5,-543.69,1.79
2024-07-01,20156,Silverline Personal Care,617.8,614.7,49.1332,49.3014,0.968,0.995,0.5104,0.5777,14.35,9.04,103.91,635.0,-845.09,41.37
2024-08-01,20156,Silverline Personal Care,410.2,408.1,49.1332,48.3624,0.968,0.995,0.5104,0.5776,5.66,6.0,-316.18,421.6,-560.12,27.42
2024-09-01,20156,Silverline Personal Care,458.8,456.5,49.1332,48.6709,0.968,0.995,0.5104,0.4403,6.26,6.71,-212.1,471.6,-628.9,-32.0
2024-10-01,20156,Silverline Personal Care,961.2,899.5,49.1332,46.015,0.968,0.9358,0.5104,0.4676,10.29,13.23,-2997.21,929.2,1572.26,-38.5
2024-11-01,20156,Silverline Personal Care,199.8,191.0,49.1332,44.4802,0.968,0.9558,0.5104,0.5993,3.18,2.81,-929.67,197.3,122.83,16.98
2024-12-01,20156,Silverline Personal Care,332.0,330.3,49.1332,47.7436,0.968,0.995,0.5104,0.536,3.6,4.86,-461.35,341.2,-452.03,8.46
2025-01-01,20156,Silverline Personal Care,1066.9,1061.5,49.1332,47.1851,0.968,0.995,0.5104,0.5434,12.28,15.61,-2078.43,1096.6,-1459.26,35.03
2025-02-01,20156,Silverline Personal Care,828.0,794.6,49.1332,49.4916,0.968,0.9596,0.5104,0.5389,8.47,11.68,296.76,820.9,348.85,22.65
2025-03-01,20156,Silverline Personal Care,240.7,238.1,49.1332,50.6492,0.968,0.989,0.5104,0.548,5.97,3.5,364.9,246.0,-260.41,8.95
2025-04-01,20156,Silverline Personal Care,401.4,378.1,49.1332,52.6162,0.968,0.9418,0.5104,0.548,4.83,5.56,1398.08,390.6,530.64,14.22
2025-05-01,20156,Silverline Personal Care,645.6,610.3,49.1332,54.2781,0.968,0.9453,0.5104,0.5434,8.8,8.97,3321.55,630.5,741.91,20.14
2025-06-01,20156,Silverline Personal Care,680.0,650.0,49.1332,49.4171,0.968,0.9559,0.5104,0.5368,9.91,9.56,193.05,671.5,417.63,17.16
2025-07-01,20156,Silverline Personal Care,192.3,184.4,46.1911,46.163,0.968,0.9587,0.5104,0.487,4.2,2.71,-5.4,190.5,83.14,-4.31
2025-08-01,20156,Silverline Personal Care,607.1,585.1,46.1911,45.0375,0.968,0.9637,0.5104,0.5348,7.38,8.6,-700.35,604.4,124.72,14.28
2025-09-01,20156,Silverline Personal Care,233.6,232.5,46.1911,46.0095,0.968,0.995,0.5104,0.5668,3.24,3.42,-42.42,240.2,-304.86,13.11
2025-10-01,20156,Silverline Personal Care,463.1,460.8,46.1911,43.9487,0.968,0.995,0.5104,0.5161,11.2,6.78,-1038.46,476.0,-595.87,2.63
2025-11-01,20156,Silverline Personal Care,143.0,139.9,46.1911,42.7887,0.968,0.9781,0.5104,0.4739,1.67,2.06,-486.54,144.5,-69.29,-5.11
2025-12-01,20156,Silverline Personal Care,1148.6,1088.5,46.1911,40.9592,0.968,0.9477,0.5104,0.4338,21.61,16.01,-6009.36,1124.5,1113.21,-83.38
2026-01-01,20156,Silverline Personal Care,960.4,911.9,46.1911,40.8334,0.968,0.9495,0.5104,0.4973,23.32,13.41,-5145.54,942.0,849.92,-11.95
2026-02-01,20156,Silverline Personal Care,3475.5,3314.1,46.1911,40.1667,0.968,0.9536,0.5104,0.5298,46.79,48.74,-20937.8,3423.7,2392.7,64.29
2026-03-01,20156,Silverline Personal Care,1146.4,1061.1,46.1911,40.8799,0.968,0.9255,0.5104,0.5949,23.82,15.6,-6088.76,1096.2,2318.79,89.66
2026-04-01,20156,Silverline Personal Care,1437.3,1363.3,46.1911,41.3924,0.968,0.9485,0.5104,0.5168,17.83,20.05,-6897.17,1408.4,1334.92,8.73
2026-05-01,20156,Silverline Personal Care,968.6,882.7,46.1911,39.9427,0.968,0.9114,0.5104,0.5524,13.04,12.98,-6052.2,911.9,2619.04,37.07
2026-06-01,20156,Silverline Personal Care,471.6,448.7,46.1911,40.786,0.968,0.9515,0.5104,0.497,5.99,6.6,-2549.05,463.5,374.15,-6.01
2023-07-01,20157,Meridian Private Label,123.0,115.5,33.7675,33.8776,0.9309,0.9384,0.3431,0.3456,2.25,1.7,13.54,124.1,-37.14,0.29
2023-08-01,20157,Meridian Private Label,200.7,176.2,33.7675,33.7778,0.9309,0.8778,0.3431,0.2799,3.47,2.59,2.07,189.3,384.95,-11.14
2023-09-01,20157,Meridian Private Label,474.4,469.2,33.7675,34.8905,0.9309,0.9891,0.3431,0.3659,5.64,6.9,532.75,504.0,-999.52,10.7
2023-11-01,20157,Meridian Private Label,1081.6,996.8,33.7675,34.4068,0.9309,0.9216,0.3431,0.3312,10.47,14.66,691.47,1070.8,364.69,-11.86
2023-12-01,20157,Meridian Private Label,345.4,326.6,33.7675,34.5152,0.9309,0.9456,0.3431,0.354,4.96,4.8,258.26,350.8,-182.34,3.56
2024-02-01,20157,Meridian Private Label,534.4,489.8,33.7675,38.2028,0.9309,0.9166,0.3431,0.3652,9.11,7.2,2370.22,526.2,276.89,10.82
2024-03-01,20157,Meridian Private Label,715.5,642.9,33.7675,37.9827,0.9309,0.8985,0.3431,0.3613,9.15,9.45,3015.98,690.6,840.81,11.7
2024-04-01,20157,Meridian Private Label,294.6,273.7,33.7675,41.5209,0.9309,0.929,0.3431,0.3513,6.6,4.03,2284.15,294.0,20.26,2.24
2024-07-01,20157,Meridian Private Label,146.3,131.9,41.3393,41.5667,0.9309,0.9015,0.3431,0.3518,1.84,1.94,33.27,141.7,190.16,1.15
2024-08-01,20157,Meridian Private Label,329.6,300.9,41.3393,39.9617,0.9309,0.913,0.3431,0.3346,4.33,4.43,-454.06,323.2,264.57,-2.56
2024-09-01,20157,Meridian Private Label,577.7,527.8,41.3393,40.2932,0.9309,0.9137,0.3431,0.3719,8.37,7.76,-604.33,567.0,442.33,15.2
2024-11-01,20157,Meridian Private Label,661.5,621.4,41.3393,35.2775,0.9309,0.9394,0.3431,0.3051,13.54,9.14,-4009.88,667.5,-248.04,-23.61
2024-12-01,20157,Meridian Private Label,193.6,183.2,41.3393,36.2671,0.9309,0.9464,0.3431,0.3668,2.51,2.69,-981.98,196.8,-132.29,4.34
2025-01-01,20157,Meridian Private Label,301.4,293.1,41.3393,37.0378,0.9309,0.9724,0.3431,0.3778,3.16,4.31,-1296.47,314.9,-558.08,10.17
2025-02-01,20157,Meridian Private Label,191.2,186.9,41.3393,36.9958,0.9309,0.9775,0.3431,0.3734,2.11,2.75,-830.48,200.8,-396.86,5.66
2025-04-01,20157,Meridian Private Label,554.7,536.3,41.3393,37.8068,0.9309,0.9667,0.3431,0.3282,12.25,7.89,-1959.48,576.1,-884.66,-7.99
2025-05-01,20157,Meridian Private Label,421.8,403.2,41.3393,39.2044,0.9309,0.9558,0.3431,0.3016,10.26,5.93,-900.5,433.1,-467.13,-16.73
2025-07-01,20157,Meridian Private Label,341.1,313.2,36.1449,36.1568,0.9309,0.9183,0.3431,0.2953,5.24,4.61,4.06,336.4,169.88,-14.97
2025-08-01,20157,Meridian Private Label,422.9,401.7,36.1449,36.2428,0.9309,0.95,0.3431,0.359,8.66,5.91,41.4,431.5,-310.85,6.39
2025-09-01,20157,Meridian Private Label,642.4,589.5,36.1449,35.6101,0.9309,0.9176,0.3431,0.3567,15.11,8.67,-343.56,633.3,328.92,8.02
2025-10-01,20157,Meridian Private Label,184.2,171.4,36.1449,34.5153,0.9309,0.9305,0.3431,0.3444,2.33,2.52,-300.17,184.1,3.61,0.22
2025-12-01,20157,Meridian Private Label,265.8,251.8,36.1449,37.3091,0.9309,0.9471,0.3431,0.3363,4.61,3.7,309.44,270.5,-169.88,-1.71
2026-01-01,20157,Meridian Private Label,287.5,277.9,36.1449,38.4378,0.9309,0.9665,0.3431,0.3847,5.56,4.09,659.21,298.5,-397.59,11.56
2026-02-01,20157,Meridian Private Label,456.9,454.3,36.1449,38.5073,0.9309,0.9942,0.3431,0.3057,5.62,6.68,1079.38,488.0,-1124.11,-16.99
2026-04-01,20157,Meridian Private Label,903.8,899.3,36.1449,40.3034,0.9309,0.995,0.3431,0.3609,9.73,13.22,3758.45,966.1,-2251.83,16.01
2026-05-01,20157,Meridian Private Label,282.2,278.0,36.1449,39.4741,0.9309,0.9853,0.3431,0.3429,3.39,4.09,939.5,298.6,-592.78,-0.06
2026-06-01,20157,Meridian Private Label,568.2,520.4,36.1449,39.4779,0.9309,0.9159,0.3431,0.3507,10.24,7.65,1893.81,559.0,332.53,3.96
2023-07-01,20158,Guangzhou Vantage Industrial,2338.9,2178.7,21.6289,21.6216,0.9421,0.9315,0.4718,0.5497,52.74,32.04,-17.07,2312.6,568.84,169.72
2023-08-01,20158,Guangzhou Vantage Industrial,2850.7,2575.6,21.6289,20.744,0.9421,0.9035,0.4718,0.4178,63.1,37.88,-2522.58,2733.9,2526.26,-139.08
2023-09-01,20158,Guangzhou Vantage Industrial,2490.7,2384.5,21.6289,20.7111,0.9421,0.9574,0.4718,0.4179,35.25,35.07,-2285.96,2531.0,-871.64,-128.52
2023-10-01,20158,Guangzhou Vantage Industrial,3378.3,3183.5,21.6289,20.294,0.9421,0.9423,0.4718,0.4983,60.63,46.82,-4509.69,3379.2,-19.47,84.36
2024-01-01,20158,Guangzhou Vantage Industrial,3667.5,3445.4,21.6289,19.5291,0.9421,0.9394,0.4718,0.5482,64.3,50.67,-7701.02,3657.1,224.94,263.23
2024-02-01,20158,Guangzhou Vantage Industrial,2736.1,2627.1,21.6289,20.2836,0.9421,0.9602,0.4718,0.3824,44.11,38.63,-3680.88,2788.6,-1135.52,-234.86
2024-03-01,20158,Guangzhou Vantage Industrial,1363.4,1294.0,21.6289,22.2839,0.9421,0.9491,0.4718,0.4933,23.4,19.03,893.03,1373.5,-218.45,27.82
2024-04-01,20158,Guangzhou Vantage Industrial,3255.4,2971.2,21.6289,23.8867,0.9421,0.9127,0.4718,0.5071,37.75,43.69,7350.04,3153.8,2197.5,104.88
2024-07-01,20158,Guangzhou Vantage Industrial,1982.8,1947.4,24.8561,24.7497,0.9421,0.9821,0.4718,0.5423,31.97,28.64,-210.97,2067.1,-2095.37,137.29
2024-08-01,20158,Guangzhou Vantage Industrial,730.2,683.6,24.8561,24.8549,0.9421,0.9362,0.4718,0.5288,12.93,10.05,-0.88,725.6,114.34,38.97
2024-10-01,20158,Guangzhou Vantage Industrial,2174.3,2039.7,24.8561,25.0947,0.9421,0.9381,0.4718,0.4305,36.45,30.0,518.79,2165.1,228.68,-84.24
2024-11-01,20158,Guangzhou Vantage Industrial,3480.8,3158.3,24.8561,24.0501,0.9421,0.9074,0.4718,0.5115,69.54,46.45,-2805.52,3352.4,3191.52,125.38
2024-12-01,20158,Guangzhou Vantage Industrial,2565.5,2294.7,24.8561,24.6506,0.9421,0.8944,0.4718,0.4347,29.45,33.74,-527.21,2435.7,3226.32,-85.13
2025-01-01,20158,Guangzhou Vantage Industrial,3222.0,2871.2,24.8561,23.7015,0.9421,0.8911,0.4718,0.4887,35.05,42.22,-3720.12,3047.7,4332.42,48.52
2025-02-01,20158,Guangzhou Vantage Industrial,3125.7,2832.6,24.8561,23.4841,0.9421,0.9062,0.4718,0.5477,52.92,41.66,-4288.46,3006.7,2957.88,214.99
2025-03-01,20158,Guangzhou Vantage Industrial,3781.2,3558.2,24.8561,25.0228,0.9421,0.941,0.4718,0.4353,80.57,52.33,630.33,3776.9,106.88,-129.87
2025-04-01,20158,Guangzhou Vantage Industrial,1729.3,1622.1,24.8561,25.3898,0.9421,0.938,0.4718,0.3928,19.08,23.85,922.93,1721.8,186.42,-128.15
2025-06-01,20158,Guangzhou Vantage Industrial,7885.6,7564.6,24.8561,25.8692,0.9421,0.9593,0.4718,0.3949,129.76,111.24,7988.9,8029.5,-3576.79,-581.72
2025-07-01,20158,Guangzhou Vantage Industrial,3386.3,3305.2,25.5907,25.5439,0.9421,0.9761,0.4718,0.5143,43.39,48.61,-158.48,3508.3,-3122.07,140.47
2025-08-01,20158,Guangzhou Vantage Industrial,2008.7,1900.3,25.5907,24.9261,0.9421,0.946,0.4718,0.504,45.57,27.94,-1334.98,2017.1,-214.96,61.19
2025-09-01,20158,Guangzhou Vantage Industrial,5025.5,4747.8,25.5907,23.0189,0.9421,0.9447,0.4718,0.4464,64.18,69.82,-12924.58,5039.6,-360.83,-120.59
2025-11-01,20158,Guangzhou Vantage Industrial,3069.4,2922.2,25.5907,21.377,0.9421,0.952,0.4718,0.4033,44.42,42.97,-12933.53,3101.8,-829.14,-200.17
2025-12-01,20158,Guangzhou Vantage Industrial,3081.5,2940.3,25.5907,22.1687,0.9421,0.9542,0.4718,0.4844,44.93,43.24,-10544.89,3121.0,-1010.83,37.05
2026-01-01,20158,Guangzhou Vantage Industrial,1389.1,1250.0,25.5907,23.2763,0.9421,0.8998,0.4718,0.4992,15.76,18.38,-3214.93,1326.8,1594.3,34.25
2026-02-01,20158,Guangzhou Vantage Industrial,6882.4,6466.9,25.5907,24.2405,0.9421,0.9396,0.4718,0.5265,98.54,95.1,-9292.62,6864.3,463.19,353.74
2026-03-01,20158,Guangzhou Vantage Industrial,1918.0,1729.7,25.5907,23.6595,0.9421,0.9018,0.4718,0.4794,18.1,25.44,-3704.04,1836.0,2098.44,13.15
2026-04-01,20158,Guangzhou Vantage Industrial,1805.3,1641.1,25.5907,25.3197,0.9421,0.9091,0.4718,0.4544,27.08,24.13,-489.24,1742.0,1619.89,-28.56
2026-06-01,20158,Guangzhou Vantage Industrial,3384.2,3120.2,25.5907,24.4231,0.9421,0.922,0.4718,0.4329,36.26,45.89,-3951.39,3312.0,1847.65,-121.38
2023-07-01,20159,Cascadia Pet Products,1998.8,1840.3,11.5887,11.628,0.9463,0.9207,0.4521,0.3924,24.82,27.06,78.55,1944.7,626.95,-109.87
2023-08-01,20159,Cascadia Pet Products,1233.5,1218.5,11.5887,12.655,0.9463,0.9878,0.4521,0.3958,17.23,17.92,1315.28,1287.6,-626.95,-68.6
2023-09-01,20159,Cascadia Pet Products,2420.1,2297.2,11.5887,12.0417,0.9463,0.9492,0.4521,0.5107,36.89,33.78,1096.31,2427.6,-86.92,134.62
2023-10-01,20159,Cascadia Pet Products,2124.5,2036.5,11.5887,12.3391,0.9463,0.9586,0.4521,0.4818,21.23,29.95,1594.22,2152.1,-319.85,60.48
2023-11-01,20159,Cascadia Pet Products,1291.7,1231.1,11.5887,12.6704,0.9463,0.9531,0.4521,0.3935,18.31,18.1,1397.23,1301.0,-107.77,-72.14
2023-12-01,20159,Cascadia Pet Products,1442.6,1343.4,11.5887,12.6818,0.9463,0.9313,0.4521,0.5442,20.23,19.76,1576.91,1419.6,266.54,123.73
2024-01-01,20159,Cascadia Pet Products,2068.8,1908.6,11.5887,11.9993,0.9463,0.9226,0.4521,0.4428,28.0,28.07,849.45,2016.9,601.45,-17.75
2024-02-01,20159,Cascadia Pet Products,1180.3,1137.7,11.5887,12.6206,0.9463,0.9639,0.4521,0.4763,27.0,16.73,1217.95,1202.3,-254.95,27.53
2024-03-01,20159,Cascadia Pet Products,1207.0,1134.2,11.5887,13.067,0.9463,0.9397,0.4521,0.4477,18.09,16.68,1784.31,1198.6,97.35,-4.99
2024-04-01,20159,Cascadia Pet Products,2796.7,2684.6,11.5887,13.2888,0.9463,0.9599,0.4521,0.3839,30.59,39.48,4754.67,2836.9,-465.87,-183.09
2024-05-01,20159,Cascadia Pet Products,3533.1,3233.4,11.5887,13.7228,0.9463,0.9152,0.4521,0.4001,36.8,47.55,7539.99,3416.9,1346.61,-168.14
2024-06-01,20159,Cascadia Pet Products,1633.8,1578.6,11.5887,13.7602,0.9463,0.9662,0.4521,0.4337,20.22,23.21,3547.8,1668.2,-398.65,-29.05
2024-07-01,20159,Cascadia Pet Products,1030.6,986.3,13.9026,14.0014,0.9463,0.957,0.4521,0.5023,18.9,14.5,101.82,1042.3,-162.66,49.51
2024-10-01,20159,Cascadia Pet Products,2662.6,2554.8,13.9026,13.4447,0.9463,0.9595,0.4521,0.4769,38.77,37.57,-1219.2,2699.8,-517.18,63.36
2024-11-01,20159,Cascadia Pet Products,1332.1,1325.5,13.9026,13.2046,0.9463,0.995,0.4521,0.4983,25.41,19.49,-929.81,1400.7,-953.72,61.24
2024-12-01,20159,Cascadia Pet Products,2714.5,2683.2,13.9026,13.9281,0.9463,0.9885,0.4521,0.444,31.93,39.46,69.22,2835.5,-1682.21,-21.73
2025-01-01,20159,Cascadia Pet Products,1083.3,1077.9,13.9026,14.2314,0.9463,0.995,0.4521,0.3165,12.97,15.85,356.19,1139.1,-775.77,-146.16
2025-02-01,20159,Cascadia Pet Products,910.4,871.6,13.9026,14.2647,0.9463,0.9574,0.4521,0.4043,16.04,12.82,329.66,921.1,-148.76,-41.66
2025-03-01,20159,Cascadia Pet Products,1334.5,1201.8,13.9026,14.3772,0.9463,0.9006,0.4521,0.4489,18.32,17.67,633.35,1270.0,896.72,-3.85
2025-05-01,20159,Cascadia Pet Products,1773.4,1654.8,13.9026,14.9947,0.9463,0.9332,0.4521,0.4054,19.2,24.34,1936.73,1748.7,343.39,-77.28
2025-06-01,20159,Cascadia Pet Products,2238.2,2219.2,13.9026,14.6387,0.9463,0.9915,0.4521,0.4353,27.13,32.64,1647.54,2345.1,-1486.19,-37.28
2025-07-01,20159,Cascadia Pet Products,1501.8,1418.9,14.142,14.3323,0.9463,0.9448,0.4521,0.4702,28.83,20.87,285.79,1499.4,33.94,25.68
2025-10-01,20159,Cascadia Pet Products,691.6,667.3,14.142,14.9059,0.9463,0.9649,0.4521,0.4931,10.47,9.81,528.31,705.2,-192.33,27.36
2025-11-01,20159,Cascadia Pet Products,1011.9,971.3,14.142,15.4915,0.9463,0.9599,0.4521,0.5352,14.23,14.28,1365.56,1026.4,-205.06,80.72
2025-12-01,20159,Cascadia Pet Products,1674.2,1548.0,14.142,16.244,0.9463,0.9246,0.4521,0.4521,23.62,22.76,3519.17,1635.8,543.05,0.0
2026-02-01,20159,Cascadia Pet Products,543.6,515.1,14.142,16.5824,0.9463,0.9476,0.4521,0.4698,6.98,7.58,1326.6,544.3,-9.9,9.12
2026-03-01,20159,Cascadia Pet Products,2033.0,1945.8,14.142,17.1245,0.9463,0.9571,0.4521,0.5147,38.41,28.61,6063.42,2056.2,-328.09,121.81
2026-04-01,20159,Cascadia Pet Products,971.3,936.1,14.142,17.4356,0.9463,0.9638,0.4521,0.4762,10.94,13.77,3199.07,989.2,-253.14,22.56
2026-05-01,20159,Cascadia Pet Products,1144.7,1028.5,14.142,17.2374,0.9463,0.8985,0.4521,0.5092,11.8,15.12,3543.3,1086.9,817.41,58.73
2026-06-01,20159,Cascadia Pet Products,2894.7,2688.3,14.142,17.4431,0.9463,0.9287,0.4521,0.4191,42.15,39.53,9555.69,2840.9,760.84,-88.71
2023-07-01,20160,Guangzhou Vantage Industrial,962.0,957.2,6.1598,6.1496,0.995,0.995,0.5384,0.5554,13.51,14.08,-9.81,962.0,0.0,16.27
2023-08-01,20160,Guangzhou Vantage Industrial,989.6,984.6,6.1598,6.2204,0.995,0.995,0.5384,0.5368,11.09,14.48,59.97,989.5,0.62,-1.58
2023-09-01,20160,Guangzhou Vantage Industrial,1808.1,1799.0,6.1598,6.0277,0.995,0.995,0.5384,0.5047,28.11,26.46,-238.85,1808.0,0.62,-60.63
2023-10-01,20160,Guangzhou Vantage Industrial,709.9,706.3,6.1598,5.7495,0.995,0.995,0.5384,0.5377,13.29,10.39,-291.27,709.8,0.62,-0.49
2023-11-01,20160,Guangzhou Vantage Industrial,6000.7,5775.0,6.1598,5.7616,0.995,0.9624,0.5384,0.5022,147.28,84.93,-2389.48,5804.0,1211.63,-209.06
2024-02-01,20160,Guangzhou Vantage Industrial,2572.0,2448.3,6.1598,5.9976,0.995,0.9519,0.5384,0.5625,26.93,36.0,-417.18,2460.6,686.2,59.0
2024-03-01,20160,Guangzhou Vantage Industrial,1135.8,1066.3,6.1598,6.4,0.995,0.9388,0.5384,0.676,11.37,15.68,272.82,1071.7,394.84,146.72
2024-04-01,20160,Guangzhou Vantage Industrial,1344.4,1294.5,6.1598,7.1137,0.995,0.9629,0.5384,0.617,26.64,19.04,1282.42,1301.0,267.34,101.75
2024-05-01,20160,Guangzhou Vantage Industrial,1442.4,1435.2,6.1598,7.4846,0.995,0.995,0.5384,0.5111,34.9,21.11,1910.89,1442.4,0.0,-39.18
2024-06-01,20160,Guangzhou Vantage Industrial,1333.3,1253.3,6.1598,7.324,0.995,0.9399,0.5384,0.5893,18.28,18.43,1552.23,1259.6,453.98,63.79
2024-07-01,20160,Guangzhou Vantage Industrial,1014.5,1009.5,7.1306,7.2225,0.995,0.995,0.5384,0.4907,21.04,14.84,93.23,1014.6,-0.71,-48.15
2024-08-01,20160,Guangzhou Vantage Industrial,571.4,565.1,7.1306,7.2644,0.995,0.9888,0.5384,0.5675,8.73,8.31,76.45,567.9,24.96,16.44
2024-09-01,20160,Guangzhou Vantage Industrial,2131.1,2120.4,7.1306,7.1596,0.995,0.995,0.5384,0.4892,54.43,31.18,61.8,2131.1,0.0,-104.32
2024-10-01,20160,Guangzhou Vantage Industrial,1560.4,1552.6,7.1306,7.2275,0.995,0.995,0.5384,0.4897,37.23,22.83,151.2,1560.4,0.0,-75.61
2024-11-01,20160,Guangzhou Vantage Industrial,735.1,699.9,7.1306,7.0661,0.995,0.9521,0.5384,0.4478,11.02,10.29,-47.41,703.4,226.04,-63.41
2024-12-01,20160,Guangzhou Vantage Industrial,977.6,925.1,7.1306,6.6575,0.995,0.9463,0.5384,0.5585,15.1,13.6,-462.5,929.7,341.56,18.59
2025-01-01,20160,Guangzhou Vantage Industrial,2440.5,2321.5,7.1306,6.6957,0.995,0.9513,0.5384,0.6099,55.38,34.14,-1061.37,2333.2,765.11,165.99
2025-02-01,20160,Guangzhou Vantage Industrial,444.4,432.6,7.1306,6.7545,0.995,0.9734,0.5384,0.5646,9.84,6.36,-167.14,434.8,68.45,11.33
2025-03-01,20160,Guangzhou Vantage Industrial,561.1,542.6,7.1306,7.0951,0.995,0.9671,0.5384,0.5703,9.18,7.98,-19.92,545.3,112.66,17.31
2025-04-01,20160,Guangzhou Vantage Industrial,799.3,775.2,7.1306,7.7205,0.995,0.9698,0.5384,0.6289,11.78,11.4,471.51,779.1,144.04,70.16
2025-05-01,20160,Guangzhou Vantage Industrial,1246.5,1240.3,7.1306,7.7138,0.995,0.995,0.5384,0.5133,21.62,18.24,726.96,1246.5,0.0,-31.13
2025-06-01,20160,Guangzhou Vantage Industrial,334.5,332.8,7.1306,8.175,0.995,0.995,0.5384,0.5915,3.6,4.89,349.35,334.5,0.0,17.67
2025-07-01,20160,Guangzhou Vantage Industrial,1938.0,1928.3,8.1108,8.1643,0.995,0.995,0.5384,0.4697,50.2,28.36,103.68,1938.0,0.0,-132.47
2025-08-01,20160,Guangzhou Vantage Industrial,1078.2,1065.7,8.1108,8.3073,0.995,0.9884,0.5384,0.471,12.5,15.67,211.87,1071.1,57.59,-71.83
2025-09-01,20160,Guangzhou Vantage Industrial,3831.4,3681.6,8.1108,7.8589,0.995,0.9609,0.5384,0.5346,64.66,54.14,-965.13,3700.1,1064.95,-13.99
2025-10-01,20160,Guangzhou Vantage Industrial,904.9,881.8,8.1108,7.4575,0.995,0.9745,0.5384,0.5832,11.18,12.97,-591.17,886.2,151.67,39.5
2025-11-01,20160,Guangzhou Vantage Industrial,1282.4,1252.3,8.1108,7.3827,0.995,0.9765,0.5384,0.6034,15.86,18.42,-933.72,1258.6,193.04,81.4
2025-12-01,20160,Guangzhou Vantage Industrial,2932.7,2916.1,8.1108,6.8674,0.995,0.9943,0.5384,0.5199,42.73,42.88,-3646.52,2930.8,15.41,-53.95
2026-01-01,20160,Guangzhou Vantage Industrial,924.4,909.9,8.1108,6.9219,0.995,0.9843,0.5384,0.54,13.08,13.38,-1099.02,914.5,80.3,1.46
2026-02-01,20160,Guangzhou Vantage Industrial,1021.6,1013.3,8.1108,7.035,0.995,0.9918,0.5384,0.5588,14.41,14.9,-1099.04,1018.4,25.95,20.67
2026-03-01,20160,Guangzhou Vantage Industrial,922.6,918.0,8.1108,7.1515,0.995,0.995,0.5384,0.6498,13.7,13.5,-885.05,922.6,0.0,102.27
2026-04-01,20160,Guangzhou Vantage Industrial,917.5,912.9,8.1108,7.1426,0.995,0.995,0.5384,0.5611,13.23,13.42,-888.32,917.5,0.0,20.72
2026-05-01,20160,Guangzhou Vantage Industrial,966.1,961.3,8.1108,7.569,0.995,0.995,0.5384,0.5771,23.44,14.14,-523.43,966.1,0.0,37.2
2026-06-01,20160,Guangzhou Vantage Industrial,342.8,341.1,8.1108,8.1214,0.995,0.995,0.5384,0.5229,4.79,5.02,3.63,342.8,0.0,-5.29
2023-07-01,20161,Silverline Personal Care,745.6,719.1,20.1372,20.2064,0.9701,0.9644,0.4498,0.4748,8.17,10.58,51.6,741.3,86.59,17.98
2023-08-01,20161,Silverline Personal Care,371.3,360.8,20.1372,19.6319,0.9701,0.9715,0.4498,0.4777,6.59,5.31,-187.62,371.9,-12.08,10.07
2023-10-01,20161,Silverline Personal Care,1291.3,1214.6,20.1372,18.0304,0.9701,0.9406,0.4498,0.4219,27.03,17.86,-2720.51,1252.0,791.39,-33.89
2024-01-01,20161,Silverline Personal Care,600.5,597.5,20.1372,18.1089,0.9701,0.995,0.4498,0.4819,8.28,8.79,-1217.99,615.9,-310.11,19.18
2024-02-01,20161,Silverline Personal Care,261.9,258.0,20.1372,17.9149,0.9701,0.9853,0.4498,0.5313,5.61,3.79,-582.02,266.0,-82.56,21.03
2024-03-01,20161,Silverline Personal Care,722.9,719.3,20.1372,18.1789,0.9701,0.995,0.4498,0.4585,9.1,10.58,-1415.66,741.5,-374.55,6.26
2024-04-01,20161,Silverline Personal Care,589.0,585.8,20.1372,18.8972,0.9701,0.9947,0.4498,0.4811,11.03,8.62,-730.36,603.9,-300.04,18.34
2024-05-01,20161,Silverline Personal Care,842.6,810.8,20.1372,18.9103,0.9701,0.9623,0.4498,0.4746,9.59,11.92,-1033.79,835.8,136.93,20.11
2024-06-01,20161,Silverline Personal Care,818.0,802.9,20.1372,18.4106,0.9701,0.9815,0.4498,0.4762,18.2,11.81,-1412.36,827.6,-193.32,21.2
2024-07-01,20161,Silverline Personal Care,246.7,241.9,18.4189,18.5546,0.9701,0.9807,0.4498,0.447,4.08,3.56,33.48,249.4,-49.73,-0.68
2024-09-01,20161,Silverline Personal Care,806.9,802.9,18.4189,20.8152,0.9701,0.995,0.4498,0.5263,14.48,11.81,1933.57,827.6,-381.27,61.42
2024-10-01,20161,Silverline Personal Care,376.4,371.6,18.4189,20.0048,0.9701,0.9871,0.4498,0.4959,6.67,5.46,596.93,383.1,-123.41,17.13
2024-11-01,20161,Silverline Personal Care,1120.6,1115.0,18.4189,19.6429,0.9701,0.995,0.4498,0.498,13.39,16.4,1371.61,1149.4,-530.46,53.74
2024-12-01,20161,Silverline Personal Care,1054.9,1030.1,18.4189,18.9061,0.9701,0.9765,0.4498,0.4494,27.09,15.15,513.95,1061.8,-127.09,-0.41
2025-01-01,20161,Silverline Personal Care,1371.9,1337.5,18.4189,18.4949,0.9701,0.9749,0.4498,0.4847,16.75,19.67,104.26,1378.7,-125.25,46.68
2025-02-01,20161,Silverline Personal Care,644.6,599.5,18.4189,18.3623,0.9701,0.9301,0.4498,0.4711,6.7,8.82,-36.48,618.0,489.94,12.77
2025-03-01,20161,Silverline Personal Care,385.2,380.2,18.4189,19.1156,0.9701,0.9871,0.4498,0.4558,7.6,5.59,268.37,391.9,-123.41,2.28
2025-04-01,20161,Silverline Personal Care,598.0,553.5,18.4189,19.0307,0.9701,0.9256,0.4498,0.5127,10.95,8.14,365.86,570.6,504.68,34.82
2025-06-01,20161,Silverline Personal Care,656.1,631.1,18.4189,20.7895,0.9701,0.9619,0.4498,0.4889,7.06,9.28,1555.35,650.6,101.3,24.68
2025-09-01,20161,Silverline Personal Care,314.2,297.3,20.3646,18.5417,0.9701,0.9459,0.4498,0.4382,3.34,4.37,-572.76,306.5,156.81,-3.45
2025-10-01,20161,Silverline Personal Care,831.0,815.3,20.3646,17.7818,0.9701,0.9812,0.4498,0.4103,8.77,11.99,-2146.31,840.4,-191.43,-32.2
2025-12-01,20161,Silverline Personal Care,1793.6,1755.1,20.3646,17.6308,0.9701,0.9785,0.4498,0.4571,20.92,25.81,-4903.34,1809.2,-317.69,12.81
2026-01-01,20161,Silverline Personal Care,222.2,218.8,20.3646,18.8134,0.9701,0.9846,0.4498,0.4218,2.44,3.22,-344.68,225.5,-67.2,-6.13
2026-03-01,20161,Silverline Personal Care,582.4,579.2,20.3646,20.6781,0.9701,0.9945,0.4498,0.464,7.73,8.52,182.58,597.1,-299.36,8.22
2026-04-01,20161,Silverline Personal Care,906.1,901.6,20.3646,22.2721,0.9701,0.995,0.4498,0.4197,11.1,13.26,1728.39,929.4,-474.5,-27.14
2026-05-01,20161,Silverline Personal Care,703.7,677.7,20.3646,22.5191,0.9701,0.963,0.4498,0.4343,8.96,9.97,1516.12,698.6,103.86,-10.5
2026-06-01,20161,Silverline Personal Care,916.4,897.6,20.3646,23.0335,0.9701,0.9795,0.4498,0.4492,11.98,13.2,2445.78,925.3,-181.24,-0.54
2023-07-01,20162,Cascadia Pet Products,639.9,599.4,4.9582,5.0033,0.9185,0.9367,0.6057,0.7107,14.81,8.82,28.86,652.6,-62.97,62.94
2023-08-01,20162,Cascadia Pet Products,378.9,367.2,4.9582,5.0177,0.9185,0.9692,0.6057,0.5978,4.56,5.4,22.54,399.8,-103.63,-2.9
2023-09-01,20162,Cascadia Pet Products,637.2,588.6,4.9582,4.9554,0.9185,0.9237,0.6057,0.6057,7.45,8.66,-1.78,640.8,-17.85,0.0
2023-10-01,20162,Cascadia Pet Products,925.9,832.7,4.9582,5.2301,0.9185,0.8993,0.6057,0.6158,16.85,12.25,251.75,906.6,95.69,8.41
2023-11-01,20162,Cascadia Pet Products,997.2,918.9,4.9582,5.2454,0.9185,0.9215,0.6057,0.5822,11.96,13.51,286.4,1000.4,-15.87,-21.59
2024-01-01,20162,Cascadia Pet Products,1086.2,980.6,4.9582,4.9029,0.9185,0.9028,0.6057,0.6153,24.07,14.42,-60.07,1067.6,92.22,9.41
2024-02-01,20162,Cascadia Pet Products,946.7,841.8,4.9582,4.9777,0.9185,0.8892,0.6057,0.6163,11.36,12.38,18.46,916.5,149.74,8.92
2024-03-01,20162,Cascadia Pet Products,462.9,426.4,4.9582,5.0216,0.9185,0.9212,0.6057,0.6469,5.26,6.27,29.35,464.2,-6.45,17.57
2024-04-01,20162,Cascadia Pet Products,327.6,298.2,4.9582,5.1625,0.9185,0.9102,0.6057,0.6035,4.4,4.39,66.93,324.7,14.38,-0.66
2024-05-01,20162,Cascadia Pet Products,969.8,892.5,4.9582,5.4821,0.9185,0.9203,0.6057,0.6211,10.82,13.13,508.08,971.7,-9.42,13.74
2024-06-01,20162,Cascadia Pet Products,1219.6,1109.2,4.9582,5.6066,0.9185,0.9095,0.6057,0.6542,28.36,16.31,790.79,1207.6,59.5,53.8
2024-07-01,20162,Cascadia Pet Products,608.6,560.3,5.8357,5.765,0.9185,0.9206,0.6057,0.6538,8.22,8.24,-43.03,610.0,-8.17,26.95
2024-11-01,20162,Cascadia Pet Products,1640.9,1487.4,5.8357,5.9722,0.9185,0.9065,0.6057,0.6556,18.0,21.87,223.98,1619.4,125.47,74.22
2024-12-01,20162,Cascadia Pet Products,454.7,424.5,5.8357,6.1044,0.9185,0.9337,0.6057,0.719,6.22,6.24,122.18,462.2,-43.77,48.1
2025-01-01,20162,Cascadia Pet Products,1117.0,1046.9,5.8357,6.2288,0.9185,0.9373,0.6057,0.6786,13.22,15.4,439.09,1139.8,-133.05,76.32
2025-03-01,20162,Cascadia Pet Products,565.6,531.2,5.8357,6.5177,0.9185,0.9391,0.6057,0.5339,5.85,7.81,385.74,578.3,-74.11,-38.14
2025-05-01,20162,Cascadia Pet Products,791.1,748.5,5.8357,6.6452,0.9185,0.9462,0.6057,0.6373,9.26,11.01,640.4,814.9,-138.89,23.65
2025-06-01,20162,Cascadia Pet Products,998.3,948.5,5.8357,6.7871,0.9185,0.95,0.6057,0.6331,16.68,13.95,949.78,1032.7,-200.75,25.99
2025-07-01,20162,Cascadia Pet Products,478.2,437.7,7.0261,6.9998,0.9185,0.9153,0.6057,0.5669,10.22,6.44,-12.58,476.5,11.94,-16.98
2025-08-01,20162,Cascadia Pet Products,2096.1,1916.5,7.0261,6.8731,0.9185,0.9143,0.6057,0.6736,25.34,28.18,-320.7,2086.6,66.75,130.13
2025-09-01,20162,Cascadia Pet Products,612.3,575.4,7.0261,6.8651,0.9185,0.9397,0.6057,0.5496,9.35,8.46,-98.58,626.5,-99.77,-32.28
2025-10-01,20162,Cascadia Pet Products,884.8,852.8,7.0261,6.7197,0.9185,0.9638,0.6057,0.6862,10.22,12.54,-271.1,928.5,-307.04,68.65
2025-11-01,20162,Cascadia Pet Products,378.1,368.5,7.0261,6.7042,0.9185,0.9745,0.6057,0.6434,7.25,5.42,-121.71,401.2,-162.3,13.89
2025-12-01,20162,Cascadia Pet Products,601.5,570.3,7.0261,6.3585,0.9185,0.9481,0.6057,0.621,10.34,8.39,-401.56,620.9,-136.31,8.73
2026-02-01,20162,Cascadia Pet Products,765.7,701.6,7.0261,6.0636,0.9185,0.9163,0.6057,0.6926,8.03,10.32,-736.99,763.9,12.65,60.97
2026-03-01,20162,Cascadia Pet Products,398.0,363.1,7.0261,5.998,0.9185,0.9123,0.6057,0.5368,3.83,5.34,-409.18,395.3,18.97,-25.02
2026-04-01,20162,Cascadia Pet Products,959.8,933.6,7.0261,6.2985,0.9185,0.9728,0.6057,0.6464,20.3,13.73,-698.35,1016.4,-397.68,38.0
2026-05-01,20162,Cascadia Pet Products,828.0,767.1,7.0261,6.6821,0.9185,0.9264,0.6057,0.6849,8.48,11.28,-284.83,835.2,-50.59,60.75
2026-06-01,20162,Cascadia Pet Products,1505.7,1336.1,7.0261,6.8643,0.9185,0.8874,0.6057,0.6619,15.44,19.65,-243.62,1454.7,358.33,75.09
2023-07-01,20163,Shenzhen Kaiyuan Electronics,1047.6,978.0,11.9015,11.7305,0.9317,0.9336,0.6318,0.6123,14.04,14.38,-179.14,1049.7,-24.99,-19.07
2023-08-01,20163,Shenzhen Kaiyuan Electronics,4165.7,3895.7,11.9015,11.4958,0.9317,0.9352,0.6318,0.6184,69.74,57.29,-1690.02,4181.3,-185.66,-52.2
2023-10-01,20163,Shenzhen Kaiyuan Electronics,2268.3,2118.4,11.9015,11.7587,0.9317,0.9339,0.6318,0.6675,27.58,31.15,-323.91,2273.7,-64.27,75.63
2023-11-01,20163,Shenzhen Kaiyuan Electronics,3089.1,2794.4,11.9015,11.4856,0.9317,0.9046,0.6318,0.6698,29.39,41.09,-1284.76,2999.2,1069.94,106.19
2023-12-01,20163,Shenzhen Kaiyuan Electronics,2152.1,2031.3,11.9015,11.4665,0.9317,0.9439,0.6318,0.6405,25.85,29.87,-936.16,2180.2,-334.43,17.67
2024-01-01,20163,Shenzhen Kaiyuan Electronics,3315.5,3167.7,11.9015,11.3225,0.9317,0.9554,0.6318,0.5958,57.33,46.58,-1919.67,3399.9,-1004.49,-114.04
2024-02-01,20163,Shenzhen Kaiyuan Electronics,2813.1,2623.0,11.9015,11.2705,0.9317,0.9324,0.6318,0.5471,30.57,38.57,-1775.07,2815.3,-26.18,-222.17
2024-03-01,20163,Shenzhen Kaiyuan Electronics,1315.4,1223.4,11.9015,11.1373,0.9317,0.9301,0.6318,0.5521,15.91,17.99,-1005.23,1313.1,27.37,-97.5
2024-05-01,20163,Shenzhen Kaiyuan Electronics,1184.5,1141.7,11.9015,10.0194,0.9317,0.9638,0.6318,0.6649,15.44,16.79,-2229.35,1225.4,-486.77,37.79
2024-08-01,20163,Shenzhen Kaiyuan Electronics,1060.1,964.2,10.4344,10.5237,0.9317,0.9096,0.6318,0.5543,15.27,14.18,94.67,1034.9,262.95,-74.73
2024-09-01,20163,Shenzhen Kaiyuan Electronics,1111.4,1042.6,10.4344,10.705,0.9317,0.9381,0.6318,0.498,20.05,15.33,300.74,1119.0,-79.3,-139.5
2024-10-01,20163,Shenzhen Kaiyuan Electronics,3869.1,3587.6,10.4344,10.6026,0.9317,0.9272,0.6318,0.5092,67.06,52.76,650.78,3850.6,193.04,-439.84
2024-11-01,20163,Shenzhen Kaiyuan Electronics,901.2,852.5,10.4344,10.4379,0.9317,0.946,0.6318,0.5438,10.89,12.54,3.15,915.0,-143.99,-75.02
2024-12-01,20163,Shenzhen Kaiyuan Electronics,3668.8,3482.1,10.4344,10.5567,0.9317,0.9491,0.6318,0.519,65.06,51.21,448.69,3737.4,-715.8,-392.78
2025-01-01,20163,Shenzhen Kaiyuan Electronics,2780.7,2510.0,10.4344,10.1107,0.9317,0.9027,0.6318,0.5383,29.4,36.91,-900.11,2694.0,904.66,-234.69
2025-02-01,20163,Shenzhen Kaiyuan Electronics,1998.6,1809.5,10.4344,10.048,0.9317,0.9054,0.6318,0.7093,21.28,26.61,-772.26,1942.1,589.54,140.24
2025-03-01,20163,Shenzhen Kaiyuan Electronics,4476.2,4124.4,10.4344,9.7965,0.9317,0.9214,0.6318,0.6044,60.03,60.65,-2855.37,4426.7,516.5,-113.01
2025-04-01,20163,Shenzhen Kaiyuan Electronics,1459.9,1383.8,10.4344,9.5459,0.9317,0.9479,0.6318,0.6246,18.57,20.35,-1297.12,1485.2,-263.99,-9.96
2025-05-01,20163,Shenzhen Kaiyuan Electronics,1419.9,1308.6,10.4344,9.0031,0.9317,0.9216,0.6318,0.6247,20.7,19.24,-2032.3,1404.5,160.69,-9.29
2025-06-01,20163,Shenzhen Kaiyuan Electronics,1807.6,1704.8,10.4344,9.0876,0.9317,0.9431,0.6318,0.693,26.66,25.07,-2434.48,1829.8,-231.64,104.33
2025-07-01,20163,Shenzhen Kaiyuan Electronics,1388.9,1318.5,8.9403,8.879,0.9317,0.9493,0.6318,0.6352,27.93,19.39,-85.14,1415.2,-235.13,4.48
2025-10-01,20163,Shenzhen Kaiyuan Electronics,1614.3,1572.1,8.9403,9.3156,0.9317,0.9738,0.6318,0.6544,18.67,23.12,605.85,1687.3,-652.64,35.53
2025-11-01,20163,Shenzhen Kaiyuan Electronics,2988.7,2764.8,8.9403,9.9229,0.9317,0.9251,0.6318,0.5761,33.2,40.66,2936.7,2967.5,189.53,-154.0
2025-12-01,20163,Shenzhen Kaiyuan Electronics,2591.7,2432.2,8.9403,10.2826,0.9317,0.9385,0.6318,0.6445,48.98,35.77,3478.84,2610.5,-168.08,30.89
2026-01-01,20163,Shenzhen Kaiyuan Electronics,769.2,742.9,8.9403,10.1222,0.9317,0.9658,0.6318,0.6516,10.13,10.93,909.12,797.4,-252.12,14.71
2026-03-01,20163,Shenzhen Kaiyuan Electronics,1717.5,1623.7,8.9403,10.2868,0.9317,0.9454,0.6318,0.6941,17.49,23.88,2312.61,1742.7,-225.3,101.16
2026-04-01,20163,Shenzhen Kaiyuan Electronics,1392.5,1315.3,8.9403,10.8378,0.9317,0.9446,0.6318,0.6172,21.36,19.34,2642.27,1411.7,-171.65,-19.2
2026-05-01,20163,Shenzhen Kaiyuan Electronics,2006.7,1916.8,8.9403,10.6133,0.9317,0.9552,0.6318,0.6424,37.5,28.19,3357.21,2057.3,-452.38,20.32
2026-06-01,20163,Shenzhen Kaiyuan Electronics,3072.0,2886.3,8.9403,10.4454,0.9317,0.9396,0.6318,0.7636,52.56,42.45,4623.67,3097.9,-231.55,380.41
2023-07-01,20164,Vertex Consumer Products (US),632.5,566.1,39.2451,39.451,0.9258,0.895,0.2619,0.2547,9.28,8.32,130.23,611.5,824.15,-4.08
2023-08-01,20164,Vertex Consumer Products (US),337.8,301.2,39.2451,37.6084,0.9258,0.8918,0.2619,0.2798,3.51,4.43,-552.88,325.3,490.56,5.39
2023-09-01,20164,Vertex Consumer Products (US),307.2,281.2,39.2451,36.6771,0.9258,0.9152,0.2619,0.2914,4.79,4.14,-788.89,303.7,137.36,8.3
2023-10-01,20164,Vertex Consumer Products (US),405.7,353.2,39.2451,36.989,0.9258,0.8707,0.2619,0.2492,7.07,5.19,-915.3,381.5,949.73,-4.49
2023-12-01,20164,Vertex Consumer Products (US),373.1,346.7,39.2451,36.1275,0.9258,0.9294,0.2619,0.2902,3.95,5.1,-1163.18,374.5,-54.94,9.81
2024-01-01,20164,Vertex Consumer Products (US),737.5,626.0,39.2451,37.8296,0.9258,0.8488,0.2619,0.2624,7.55,9.21,-1043.93,676.2,2405.72,0.31
2024-03-01,20164,Vertex Consumer Products (US),264.4,245.2,39.2451,39.6973,0.9258,0.9273,0.2619,0.3069,3.44,3.61,119.56,264.9,-19.62,11.03
2024-04-01,20164,Vertex Consumer Products (US),1240.4,1145.5,39.2451,42.1878,0.9258,0.9235,0.2619,0.2842,25.94,16.85,3650.13,1237.3,121.66,25.54
2024-05-01,20164,Vertex Consumer Products (US),496.8,459.5,39.2451,41.1127,0.9258,0.925,0.2619,0.246,7.32,6.76,927.82,496.3,19.62,-7.31
2024-06-01,20164,Vertex Consumer Products (US),268.9,234.3,39.2451,38.8904,0.9258,0.8715,0.2619,0.2384,4.27,3.45,-95.38,253.1,620.07,-5.51
2024-07-01,20164,Vertex Consumer Products (US),487.2,445.3,38.6952,38.8976,0.9258,0.914,0.2619,0.2728,7.56,6.55,98.61,481.0,239.91,4.85
2024-08-01,20164,Vertex Consumer Products (US),327.5,298.4,38.6952,39.9002,0.9258,0.9112,0.2619,0.3043,3.59,4.39,394.64,322.3,201.22,12.65
2024-09-01,20164,Vertex Consumer Products (US),392.4,370.4,38.6952,40.5257,0.9258,0.9438,0.2619,0.2688,5.81,5.45,718.29,400.1,-297.95,2.56
2024-10-01,20164,Vertex Consumer Products (US),74.4,69.9,38.6952,38.6749,0.9258,0.9398,0.2619,0.2742,0.73,1.03,-1.51,75.5,-42.56,0.86
2024-11-01,20164,Vertex Consumer Products (US),328.2,303.9,38.6952,35.9118,0.9258,0.9258,0.2619,0.2616,5.32,4.47,-913.51,328.3,-3.87,-0.09
2024-12-01,20164,Vertex Consumer Products (US),331.5,310.8,38.6952,36.0544,0.9258,0.9375,0.2619,0.2849,4.94,4.57,-875.43,335.7,-162.52,7.15
2025-02-01,20164,Vertex Consumer Products (US),297.8,270.7,38.6952,35.6185,0.9258,0.9089,0.2619,0.267,3.33,3.98,-916.24,292.4,208.95,1.38
2025-04-01,20164,Vertex Consumer Products (US),205.7,196.2,38.6952,36.7979,0.9258,0.954,0.2619,0.2809,3.53,2.89,-390.27,211.9,-239.91,3.73
2025-06-01,20164,Vertex Consumer Products (US),474.5,462.4,38.6952,37.718,0.9258,0.9746,0.2619,0.2561,5.69,6.8,-463.68,499.5,-967.38,-2.68
2025-07-01,20164,Vertex Consumer Products (US),287.8,264.5,37.1713,37.393,0.9258,0.9191,0.2619,0.2782,6.68,3.89,63.81,285.7,78.06,4.31
2025-08-01,20164,Vertex Consumer Products (US),193.7,181.7,37.1713,37.212,0.9258,0.938,0.2619,0.2965,2.28,2.67,7.88,196.3,-96.65,6.29
2025-09-01,20164,Vertex Consumer Products (US),718.4,674.4,37.1713,33.8632,0.9258,0.9387,0.2619,0.251,15.79,9.92,-2376.54,728.5,-375.43,-7.35
2025-10-01,20164,Vertex Consumer Products (US),463.1,425.4,37.1713,31.5301,0.9258,0.9186,0.2619,0.2667,7.59,6.26,-2612.44,459.5,133.82,2.04
2025-11-01,20164,Vertex Consumer Products (US),400.6,384.5,37.1713,31.8293,0.9258,0.9599,0.2619,0.2706,7.84,5.66,-2140.01,415.3,-546.42,3.35
2025-12-01,20164,Vertex Consumer Products (US),365.4,345.6,37.1713,31.4731,0.9258,0.946,0.2619,0.2759,7.38,5.08,-2082.12,373.3,-293.65,4.84
2026-01-01,20164,Vertex Consumer Products (US),542.9,495.9,37.1713,33.0387,0.9258,0.9133,0.2619,0.3005,7.64,7.29,-2243.59,535.6,271.35,19.14
2026-03-01,20164,Vertex Consumer Products (US),459.5,429.9,37.1713,34.7044,0.9258,0.9355,0.2619,0.235,5.86,6.32,-1133.54,464.4,-182.14,-11.56
2026-04-01,20164,Vertex Consumer Products (US),238.1,223.8,37.1713,37.0657,0.9258,0.9398,0.2619,0.2452,3.92,3.29,-25.14,241.7,-133.82,-3.74
2026-05-01,20164,Vertex Consumer Products (US),207.1,193.8,37.1713,38.1538,0.9258,0.9359,0.2619,0.2464,4.14,2.85,203.48,209.3,-81.78,-3.0
2026-06-01,20164,Vertex Consumer Products (US),593.3,539.2,37.1713,38.9364,0.9258,0.9088,0.2619,0.2346,5.79,7.93,1047.23,582.4,405.17,-14.72
2023-07-01,20165,Vertex Consumer Products (US),462.5,409.4,10.0991,10.1557,0.8869,0.8851,0.4745,0.4388,6.36,6.02,26.18,461.6,9.09,-14.62
2023-08-01,20165,Vertex Consumer Products (US),1774.3,1615.1,10.0991,10.3532,0.8869,0.9103,0.4745,0.5298,16.99,23.75,450.85,1821.1,-472.64,89.32
2023-09-01,20165,Vertex Consumer Products (US),2113.5,1932.8,10.0991,10.3466,0.8869,0.9145,0.4745,0.4414,20.19,28.42,523.09,2179.3,-664.52,-63.98
2023-10-01,20165,Vertex Consumer Products (US),1444.6,1265.2,10.0991,10.3427,0.8869,0.8758,0.4745,0.4511,33.26,18.61,351.9,1426.5,182.79,-29.61
2023-11-01,20165,Vertex Consumer Products (US),465.0,405.9,10.0991,10.3638,0.8869,0.873,0.4745,0.3899,5.63,5.97,123.09,457.7,73.72,-34.34
2023-12-01,20165,Vertex Consumer Products (US),462.0,396.1,10.0991,10.5352,0.8869,0.8574,0.4745,0.3899,7.38,5.83,201.48,446.6,155.53,-33.51
2024-01-01,20165,Vertex Consumer Products (US),1161.2,980.7,10.0991,11.075,0.8869,0.8446,0.4745,0.4648,15.69,14.42,1133.22,1105.8,559.49,-9.51
2024-03-01,20165,Vertex Consumer Products (US),1820.7,1508.2,10.0991,10.3475,0.8869,0.8284,0.4745,0.5151,21.05,22.18,452.26,1700.5,1213.91,61.23
2024-04-01,20165,Vertex Consumer Products (US),1213.1,1068.3,10.0991,9.9747,0.8869,0.8806,0.4745,0.4446,13.78,15.71,-150.91,1204.5,86.85,-31.94
2024-05-01,20165,Vertex Consumer Products (US),3696.7,3213.8,10.0991,10.2113,0.8869,0.8694,0.4745,0.5245,48.26,47.26,414.77,3623.6,738.24,160.69
2024-06-01,20165,Vertex Consumer Products (US),461.1,397.4,10.0991,10.439,0.8869,0.8619,0.4745,0.4707,5.02,5.84,156.73,448.1,131.29,-1.51
2024-07-01,20165,Vertex Consumer Products (US),915.8,787.6,10.8508,10.7535,0.8869,0.8599,0.4745,0.5234,9.59,11.58,-89.11,888.0,301.65,38.51
2024-08-01,20165,Vertex Consumer Products (US),723.0,627.8,10.8508,11.3539,0.8869,0.8683,0.4745,0.4326,7.84,9.23,363.74,707.9,163.85,-26.3
2024-09-01,20165,Vertex Consumer Products (US),880.5,729.0,10.8508,11.6958,0.8869,0.8279,0.4745,0.5583,9.96,10.72,744.02,822.0,634.77,61.09
2024-10-01,20165,Vertex Consumer Products (US),1135.7,968.8,10.8508,11.9297,0.8869,0.853,0.4745,0.4634,12.7,14.25,1225.31,1092.3,470.92,-10.75
2024-11-01,20165,Vertex Consumer Products (US),1830.9,1647.3,10.8508,11.4714,0.8869,0.8998,0.4745,0.4392,31.13,24.23,1136.26,1857.4,-287.55,-58.15
2024-12-01,20165,Vertex Consumer Products (US),1158.8,1038.1,10.8508,11.6527,0.8869,0.8958,0.4745,0.392,19.01,15.27,929.24,1170.5,-126.95,-85.64
2025-01-01,20165,Vertex Consumer Products (US),1626.0,1443.5,10.8508,12.1582,0.8869,0.8877,0.4745,0.4484,26.65,21.23,2125.83,1627.6,-17.36,-37.68
2025-02-01,20165,Vertex Consumer Products (US),1450.7,1301.6,10.8508,11.4657,0.8869,0.8972,0.4745,0.4532,13.63,19.14,892.04,1467.6,-183.38,-27.72
2025-03-01,20165,Vertex Consumer Products (US),937.8,831.4,10.8508,10.7543,0.8869,0.8865,0.4745,0.4793,9.98,12.23,-90.5,937.4,4.34,3.99
2025-04-01,20165,Vertex Consumer Products (US),1888.6,1633.7,10.8508,10.2698,0.8869,0.8651,0.4745,0.4965,33.87,24.03,-1097.28,1842.0,505.65,35.94
2025-06-01,20165,Vertex Consumer Products (US),997.6,830.9,10.8508,10.2913,0.8869,0.8329,0.4745,0.5671,11.15,12.22,-558.16,936.9,658.64,76.94
2025-07-01,20165,Vertex Consumer Products (US),1177.6,1003.3,10.2915,10.2727,0.8869,0.8519,0.4745,0.4442,15.01,14.75,-22.14,1131.2,477.53,-30.4
2025-08-01,20165,Vertex Consumer Products (US),1187.4,1012.5,10.2915,10.3715,0.8869,0.8527,0.4745,0.4811,11.12,14.89,94.99,1141.6,471.35,6.68
2025-10-01,20165,Vertex Consumer Products (US),1494.5,1328.6,10.2915,10.5959,0.8869,0.889,0.4745,0.4149,24.47,19.54,454.93,1498.0,-36.02,-79.18
2025-11-01,20165,Vertex Consumer Products (US),900.8,765.1,10.2915,10.9057,0.8869,0.8494,0.4745,0.571,9.23,11.25,553.27,862.7,392.11,73.83
2025-12-01,20165,Vertex Consumer Products (US),1701.5,1467.0,10.2915,10.9124,0.8869,0.8622,0.4745,0.4692,32.47,21.57,1056.46,1654.1,487.82,-7.78
2026-01-01,20165,Vertex Consumer Products (US),2731.1,2269.1,10.2915,10.8238,0.8869,0.8308,0.4745,0.4578,37.26,33.37,1453.76,2558.5,1776.31,-37.89
2026-02-01,20165,Vertex Consumer Products (US),1275.2,1118.3,10.2915,10.9298,0.8869,0.8769,0.4745,0.5539,14.54,16.45,813.96,1260.9,147.17,88.79
2026-04-01,20165,Vertex Consumer Products (US),1595.2,1315.4,10.2915,10.4117,0.8869,0.8246,0.4745,0.4714,17.39,19.34,191.74,1483.1,1153.68,-4.08
2026-05-01,20165,Vertex Consumer Products (US),1003.1,847.7,10.2915,10.4624,0.8869,0.8451,0.4745,0.5371,10.6,12.47,171.43,955.8,486.79,53.07
2026-06-01,20165,Vertex Consumer Products (US),634.1,568.8,10.2915,11.0835,0.8869,0.897,0.4745,0.455,6.05,8.36,502.21,641.3,-74.1,-11.09
2023-07-01,20166,Guangzhou Vantage Industrial,108.8,108.3,10.3089,10.4244,0.995,0.995,0.513,0.5441,1.89,1.59,12.57,108.8,0.0,3.37
2023-08-01,20166,Guangzhou Vantage Industrial,395.3,385.5,10.3089,10.1005,0.995,0.9751,0.513,0.5337,4.21,5.67,-82.38,387.4,81.44,7.98
2023-11-01,20166,Guangzhou Vantage Industrial,387.0,373.3,10.3089,9.4732,0.995,0.9648,0.513,0.578,3.91,5.49,-323.42,375.2,121.65,24.26
2023-12-01,20166,Guangzhou Vantage Industrial,380.7,377.7,10.3089,9.1508,0.995,0.9919,0.513,0.5247,8.01,5.55,-440.89,379.6,11.34,4.42
2024-01-01,20166,Guangzhou Vantage Industrial,282.5,271.5,10.3089,9.3748,0.995,0.961,0.513,0.4706,6.91,3.99,-263.88,272.9,98.97,-11.51
2024-02-01,20166,Guangzhou Vantage Industrial,164.1,163.3,10.3089,9.6588,0.995,0.995,0.513,0.471,1.79,2.4,-106.68,164.1,0.0,-6.86
2024-03-01,20166,Guangzhou Vantage Industrial,167.8,167.0,10.3089,9.9223,0.995,0.995,0.513,0.5372,1.93,2.46,-64.87,167.8,0.0,4.04
2024-04-01,20166,Guangzhou Vantage Industrial,334.4,332.8,10.3089,10.3189,0.995,0.995,0.513,0.6166,4.64,4.89,3.34,334.5,-1.03,34.48
2024-05-01,20166,Guangzhou Vantage Industrial,213.8,212.1,10.3089,9.9439,0.995,0.9921,0.513,0.5993,5.58,3.12,-78.04,213.2,6.19,18.3
2024-06-01,20166,Guangzhou Vantage Industrial,466.7,464.4,10.3089,10.6902,0.995,0.995,0.513,0.5808,5.33,6.83,177.95,466.7,0.0,31.49
2024-08-01,20166,Guangzhou Vantage Industrial,153.8,148.8,10.4105,10.6372,0.995,0.9675,0.513,0.4338,1.75,2.19,34.87,149.5,44.77,-11.78
2024-09-01,20166,Guangzhou Vantage Industrial,140.0,136.9,10.4105,11.396,0.995,0.9778,0.513,0.4736,2.22,2.01,137.97,137.6,24.99,-5.39
2024-10-01,20166,Guangzhou Vantage Industrial,137.6,136.2,10.4105,11.0991,0.995,0.99,0.513,0.532,1.71,2.0,94.75,136.9,7.29,2.59
2024-11-01,20166,Guangzhou Vantage Industrial,196.8,195.8,10.4105,10.9351,0.995,0.995,0.513,0.5089,5.14,2.88,103.24,196.8,0.0,-0.8
2024-12-01,20166,Guangzhou Vantage Industrial,219.5,211.4,10.4105,10.5045,0.995,0.9628,0.513,0.5624,2.31,3.11,20.63,212.5,72.87,10.44
2025-01-01,20166,Guangzhou Vantage Industrial,169.7,164.6,10.4105,10.1289,0.995,0.9703,0.513,0.4416,3.12,2.42,-47.79,165.4,44.77,-11.75
2025-02-01,20166,Guangzhou Vantage Industrial,221.1,216.4,10.4105,10.4357,0.995,0.9785,0.513,0.5532,3.88,3.18,5.57,217.5,37.48,8.7
2025-04-01,20166,Guangzhou Vantage Industrial,237.0,235.8,10.4105,11.491,0.995,0.995,0.513,0.6025,2.94,3.47,256.08,237.0,0.0,21.1
2025-05-01,20166,Guangzhou Vantage Industrial,372.9,368.6,10.4105,11.8757,0.995,0.9885,0.513,0.4848,4.58,5.42,546.37,370.5,24.99,-10.39
2025-06-01,20166,Guangzhou Vantage Industrial,274.5,260.9,10.4105,11.9585,0.995,0.9507,0.513,0.5688,3.4,3.84,424.93,262.2,128.05,14.56
2025-07-01,20166,Guangzhou Vantage Industrial,163.4,162.5,11.3999,11.5188,0.995,0.995,0.513,0.5404,1.92,2.39,19.43,163.3,1.14,4.45
2025-09-01,20166,Guangzhou Vantage Industrial,159.7,158.9,11.3999,11.1528,0.995,0.995,0.513,0.4927,3.02,2.34,-39.46,159.7,0.0,-3.23
2025-10-01,20166,Guangzhou Vantage Industrial,184.1,183.2,11.3999,11.1405,0.995,0.995,0.513,0.5188,4.05,2.69,-47.76,184.1,0.0,1.06
2026-01-01,20166,Guangzhou Vantage Industrial,540.3,510.8,11.3999,11.0102,0.995,0.9454,0.513,0.5293,11.99,7.51,-210.55,513.4,306.66,8.33
2026-02-01,20166,Guangzhou Vantage Industrial,193.2,192.3,11.3999,11.0161,0.995,0.995,0.513,0.4947,4.45,2.83,-74.15,193.3,-1.14,-3.52
2026-03-01,20166,Guangzhou Vantage Industrial,309.4,304.2,11.3999,11.2602,0.995,0.983,0.513,0.5675,4.29,4.47,-43.22,305.7,42.18,16.58
2026-04-01,20166,Guangzhou Vantage Industrial,153.7,150.3,11.3999,11.5349,0.995,0.9782,0.513,0.4774,2.36,2.21,20.75,151.1,29.64,-5.35
2026-05-01,20166,Guangzhou Vantage Industrial,442.1,439.9,11.3999,11.8991,0.995,0.995,0.513,0.5457,4.7,6.47,220.7,442.1,0.0,14.38
2026-06-01,20166,Guangzhou Vantage Industrial,370.3,361.4,11.3999,11.6508,0.995,0.9761,0.513,0.46,6.81,5.32,92.91,363.2,80.94,-19.15
2023-07-01,20167,Harlow Textile Group,2394.4,2042.1,61.8126,61.5919,0.871,0.8529,0.3095,0.3201,23.36,30.03,-528.44,2344.5,3084.45,21.65
2023-08-01,20167,Harlow Textile Group,1731.0,1548.8,61.8126,61.4985,0.871,0.8947,0.3095,0.3193,28.71,22.78,-543.71,1778.2,-2917.55,15.18
2023-09-01,20167,Harlow Textile Group,4002.0,3504.4,61.8126,61.4395,0.871,0.8757,0.3095,0.3338,38.87,51.54,-1493.15,4023.4,-1322.79,85.16
2023-10-01,20167,Harlow Textile Group,2272.1,1936.0,61.8126,59.6723,0.871,0.8521,0.3095,0.3576,32.14,28.47,-4862.98,2222.7,3053.54,93.12
2023-11-01,20167,Harlow Textile Group,1261.8,1046.0,61.8126,56.4658,0.871,0.8289,0.3095,0.3165,13.34,15.38,-6746.59,1200.9,3764.39,7.32
2023-12-01,20167,Harlow Textile Group,986.2,814.0,61.8126,56.0288,0.871,0.8255,0.3095,0.2951,15.06,11.97,-5703.98,934.6,3189.53,-11.72
2024-02-01,20167,Harlow Textile Group,3810.1,3153.2,61.8126,50.7257,0.871,0.8276,0.3095,0.2805,36.3,46.37,-42242.2,3620.2,11738.21,-91.44
2024-03-01,20167,Harlow Textile Group,537.3,464.9,61.8126,50.0213,0.871,0.8652,0.3095,0.3076,5.28,6.84,-6335.47,533.8,216.34,-0.88
2024-04-01,20167,Harlow Textile Group,1446.7,1248.7,61.8126,48.4258,0.871,0.8631,0.3095,0.3017,22.63,18.36,-19366.68,1433.6,809.75,-9.74
2024-05-01,20167,Harlow Textile Group,4586.3,3933.2,61.8126,49.3849,0.871,0.8576,0.3095,0.3254,79.33,57.84,-56997.16,4515.7,4363.97,62.54
2024-06-01,20167,Harlow Textile Group,2936.8,2444.0,61.8126,46.4758,0.871,0.8322,0.3095,0.2774,26.45,35.94,-45041.11,2806.0,8085.09,-78.45
2024-09-01,20167,Harlow Textile Group,2685.9,2343.8,47.0361,46.3279,0.871,0.8726,0.3095,0.27,44.01,34.47,-1902.15,2690.9,-235.18,-92.58
2024-10-01,20167,Harlow Textile Group,1688.0,1457.8,47.0361,44.4134,0.871,0.8636,0.3095,0.2954,25.03,21.44,-4427.12,1673.7,672.62,-20.55
2024-11-01,20167,Harlow Textile Group,1816.7,1543.3,47.0361,45.1152,0.871,0.8495,0.3095,0.3335,27.48,22.7,-3489.7,1771.9,2107.22,37.04
2024-12-01,20167,Harlow Textile Group,3494.2,3095.8,47.0361,47.271,0.871,0.886,0.3095,0.2866,46.55,45.53,820.79,3554.3,-2826.87,-70.89
2025-01-01,20167,Harlow Textile Group,2561.1,2081.2,47.0361,47.5928,0.871,0.8126,0.3095,0.3442,31.6,30.61,1425.76,2389.4,8076.1,72.22
2025-02-01,20167,Harlow Textile Group,1935.1,1614.6,47.0361,47.7807,0.871,0.8344,0.3095,0.3258,29.14,23.74,1440.88,1853.7,3828.74,26.32
2025-03-01,20167,Harlow Textile Group,4287.1,3592.6,47.0361,48.1172,0.871,0.838,0.3095,0.3005,54.94,52.83,4634.78,4124.7,7638.66,-32.33
2025-04-01,20167,Harlow Textile Group,1327.6,1146.7,47.0361,49.6421,0.871,0.8638,0.3095,0.3332,12.68,16.86,3459.73,1316.5,522.1,27.18
2025-05-01,20167,Harlow Textile Group,2535.7,2175.7,47.0361,49.9924,0.871,0.858,0.3095,0.3465,26.44,32.0,7496.29,2497.9,1777.96,80.5
2025-06-01,20167,Harlow Textile Group,6390.4,5649.4,47.0361,48.9731,0.871,0.884,0.3095,0.348,89.63,83.08,12378.2,6486.1,-4501.35,217.5
2025-07-01,20167,Harlow Textile Group,751.0,643.8,49.9318,50.0106,0.871,0.8572,0.3095,0.3826,9.32,9.47,59.18,739.2,589.2,47.06
2025-08-01,20167,Harlow Textile Group,1445.8,1286.1,49.9318,51.3142,0.871,0.8896,0.3095,0.3072,15.34,18.91,1998.67,1476.6,-1537.9,-2.96
2025-10-01,20167,Harlow Textile Group,1031.5,877.4,49.9318,49.776,0.871,0.8507,0.3095,0.287,9.8,12.9,-160.71,1007.3,1208.35,-19.74
2025-11-01,20167,Harlow Textile Group,1727.9,1537.5,49.9318,50.2487,0.871,0.8898,0.3095,0.3321,25.11,22.61,547.57,1765.2,-1862.46,34.75
2026-01-01,20167,Harlow Textile Group,1196.3,1049.3,49.9318,45.7598,0.871,0.8771,0.3095,0.292,18.2,15.43,-4990.96,1204.7,-419.43,-18.36
2026-02-01,20167,Harlow Textile Group,1177.6,1007.2,49.9318,42.3275,0.871,0.8554,0.3095,0.3286,17.2,14.81,-8954.82,1156.4,1058.55,19.24
2026-03-01,20167,Harlow Textile Group,5521.2,4693.0,49.9318,41.5729,0.871,0.85,0.3095,0.2796,82.9,69.01,-46151.16,5388.1,6645.92,-140.32
2026-04-01,20167,Harlow Textile Group,3709.3,3085.3,49.9318,38.6657,0.871,0.8318,0.3095,0.3359,74.63,45.37,-41789.34,3542.3,8338.61,81.45
2026-05-01,20167,Harlow Textile Group,1417.6,1214.7,49.9318,40.2867,0.871,0.8568,0.3095,0.3616,15.37,17.86,-13672.89,1394.6,1148.43,63.29
2026-06-01,20167,Harlow Textile Group,3115.3,2766.4,49.9318,40.5825,0.871,0.888,0.3095,0.3239,63.63,40.68,-29125.87,3176.1,-3035.85,39.84
2023-07-01,20168,Vertex Consumer Products (US),614.0,610.9,8.2869,8.171,0.995,0.995,0.3944,0.4069,8.24,8.98,-71.16,614.0,0.0,7.64
2023-08-01,20168,Vertex Consumer Products (US),399.7,397.7,8.2869,8.1273,0.995,0.995,0.3944,0.4485,7.81,5.85,-63.79,399.7,0.0,21.52
2023-09-01,20168,Vertex Consumer Products (US),1297.7,1291.2,8.2869,8.4032,0.995,0.995,0.3944,0.3784,18.29,18.99,150.92,1297.7,0.0,-20.66
2023-11-01,20168,Vertex Consumer Products (US),515.2,512.6,8.2869,8.8316,0.995,0.995,0.3944,0.3478,5.82,7.54,280.63,515.2,0.0,-23.89
2023-12-01,20168,Vertex Consumer Products (US),684.1,680.6,8.2869,8.7763,0.995,0.995,0.3944,0.4394,10.88,10.01,334.8,684.0,0.83,30.63
2024-01-01,20168,Vertex Consumer Products (US),244.2,243.0,8.2869,8.7809,0.995,0.995,0.3944,0.3429,4.14,3.57,120.63,244.2,0.0,-12.51
2024-02-01,20168,Vertex Consumer Products (US),496.5,490.5,8.2869,8.6846,0.995,0.9879,0.3944,0.3867,6.81,7.21,197.46,493.0,29.0,-3.78
2024-03-01,20168,Vertex Consumer Products (US),417.9,415.8,8.2869,8.8933,0.995,0.995,0.3944,0.3364,4.71,6.11,253.41,417.9,0.0,-24.12
2024-04-01,20168,Vertex Consumer Products (US),863.6,859.3,8.2869,9.7568,0.995,0.995,0.3944,0.4597,13.61,12.64,1269.41,863.6,0.0,56.11
2024-05-01,20168,Vertex Consumer Products (US),1202.0,1179.2,8.2869,10.4364,0.995,0.981,0.3944,0.4015,13.06,17.34,2583.7,1185.1,140.05,8.37
2024-06-01,20168,Vertex Consumer Products (US),864.8,860.5,8.2869,10.2541,0.995,0.995,0.3944,0.4428,17.79,12.65,1701.23,864.8,0.0,41.65
2024-07-01,20168,Vertex Consumer Products (US),318.8,317.2,10.2503,10.1724,0.995,0.995,0.3944,0.3923,3.72,4.66,-24.83,318.8,0.0,-0.67
2024-08-01,20168,Vertex Consumer Products (US),605.0,588.9,10.2503,10.2227,0.995,0.9733,0.3944,0.4071,13.09,8.66,-16.7,591.9,134.28,7.48
2024-09-01,20168,Vertex Consumer Products (US),502.2,481.8,10.2503,10.1956,0.995,0.9593,0.3944,0.4266,8.39,7.09,-27.47,484.2,184.51,15.51
2024-10-01,20168,Vertex Consumer Products (US),1117.2,1103.1,10.2503,10.5393,0.995,0.9874,0.3944,0.4526,13.69,16.22,322.87,1108.6,88.15,64.2
2024-11-01,20168,Vertex Consumer Products (US),828.5,824.4,10.2503,10.9357,0.995,0.995,0.3944,0.3688,20.64,12.12,567.85,828.5,0.0,-21.1
2024-12-01,20168,Vertex Consumer Products (US),166.1,163.1,10.2503,10.7826,0.995,0.9819,0.3944,0.3701,3.58,2.4,88.42,163.9,22.55,-3.96
2025-01-01,20168,Vertex Consumer Products (US),297.3,295.8,10.2503,10.6842,0.995,0.995,0.3944,0.4527,3.2,4.35,129.0,297.3,0.0,17.25
2025-02-01,20168,Vertex Consumer Products (US),470.7,468.4,10.2503,11.2929,0.995,0.995,0.3944,0.446,6.18,6.89,490.75,470.8,-1.03,24.17
2025-04-01,20168,Vertex Consumer Products (US),897.0,876.5,10.2503,12.3832,0.995,0.9772,0.3944,0.4301,14.21,12.89,1913.21,880.9,165.03,31.29
2025-06-01,20168,Vertex Consumer Products (US),469.3,466.1,10.2503,12.9223,0.995,0.9931,0.3944,0.4243,5.55,6.85,1253.97,468.4,9.23,13.94
2025-07-01,20168,Vertex Consumer Products (US),532.6,528.1,12.4376,12.6073,0.995,0.9915,0.3944,0.3533,13.72,7.77,90.38,530.8,22.39,-21.7
2025-08-01,20168,Vertex Consumer Products (US),572.9,531.9,12.4376,12.5697,0.995,0.9284,0.3944,0.4341,7.02,7.82,75.68,534.6,476.36,21.12
2025-09-01,20168,Vertex Consumer Products (US),630.0,626.8,12.4376,12.4327,0.995,0.995,0.3944,0.4391,10.25,9.22,-3.09,629.9,1.24,28.02
2025-10-01,20168,Vertex Consumer Products (US),1119.3,1094.3,12.4376,12.2875,0.995,0.9777,0.3944,0.4501,12.64,16.09,-168.01,1099.8,242.53,60.95
2025-11-01,20168,Vertex Consumer Products (US),796.9,783.5,12.4376,11.9417,0.995,0.9832,0.3944,0.4377,10.91,11.52,-395.18,787.4,118.16,33.93
2025-12-01,20168,Vertex Consumer Products (US),622.4,599.2,12.4376,11.3867,0.995,0.9629,0.3944,0.4077,15.59,8.81,-654.08,602.2,251.24,7.97
2026-01-01,20168,Vertex Consumer Products (US),1872.9,1846.1,12.4376,11.7515,0.995,0.9857,0.3944,0.4023,35.01,27.15,-1285.0,1855.4,217.66,14.58
2026-02-01,20168,Vertex Consumer Products (US),274.1,270.0,12.4376,11.4193,0.995,0.985,0.3944,0.3698,3.98,3.97,-279.12,271.4,33.58,-6.64
2026-03-01,20168,Vertex Consumer Products (US),370.4,368.6,12.4376,11.6958,0.995,0.995,0.3944,0.4394,4.68,5.42,-274.76,370.5,-1.24,16.59
2026-04-01,20168,Vertex Consumer Products (US),891.4,878.9,12.4376,11.8825,0.995,0.986,0.3944,0.4335,22.84,12.93,-494.82,883.3,100.74,34.36
2026-05-01,20168,Vertex Consumer Products (US),464.3,462.0,12.4376,12.4919,0.995,0.995,0.3944,0.3578,5.46,6.79,25.21,464.3,0.0,-16.91
2026-06-01,20168,Vertex Consumer Products (US),394.2,374.0,12.4376,13.295,0.995,0.9488,0.3944,0.3992,6.96,5.5,337.99,375.9,227.61,1.8
2023-07-01,20169,Silverline Personal Care,511.6,492.7,14.6216,14.7512,0.9443,0.9632,0.3333,0.3286,9.17,7.25,66.3,521.8,-149.14,-2.32
2023-08-01,20169,Silverline Personal Care,1006.3,969.2,14.6216,14.7166,0.9443,0.9631,0.3333,0.3633,14.47,14.25,95.6,1026.4,-293.89,29.08
2023-09-01,20169,Silverline Personal Care,793.9,759.6,14.6216,14.2919,0.9443,0.9568,0.3333,0.338,13.21,11.17,-261.75,804.4,-153.53,3.57
2023-11-01,20169,Silverline Personal Care,544.9,503.0,14.6216,15.0823,0.9443,0.9231,0.3333,0.33,12.9,7.4,251.04,532.7,178.38,-1.66
2023-12-01,20169,Silverline Personal Care,1449.7,1385.7,14.6216,15.1768,0.9443,0.9559,0.3333,0.3644,21.66,20.38,804.87,1467.4,-258.8,43.1
2024-01-01,20169,Silverline Personal Care,512.1,487.7,14.6216,15.3171,0.9443,0.9524,0.3333,0.3343,6.18,7.17,356.17,516.5,-64.34,0.49
2024-02-01,20169,Silverline Personal Care,394.4,361.3,14.6216,15.0546,0.9443,0.9161,0.3333,0.3913,4.34,5.31,170.78,382.6,172.53,20.96
2024-03-01,20169,Silverline Personal Care,708.0,659.4,14.6216,14.6811,0.9443,0.9314,0.3333,0.3391,7.23,9.7,42.13,698.3,141.83,3.82
2024-04-01,20169,Silverline Personal Care,893.5,889.0,14.6216,14.2059,0.9443,0.995,0.3333,0.3379,10.79,13.07,-371.43,941.4,-700.37,4.09
2024-05-01,20169,Silverline Personal Care,163.3,152.6,14.6216,14.1677,0.9443,0.9342,0.3333,0.3425,2.31,2.24,-74.12,161.6,24.86,1.4
2024-06-01,20169,Silverline Personal Care,1410.4,1332.9,14.6216,13.5098,0.9443,0.9451,0.3333,0.3306,17.07,19.6,-1568.08,1411.5,-16.08,-3.6
2024-07-01,20169,Silverline Personal Care,950.4,882.5,13.9419,13.7767,0.9443,0.9285,0.3333,0.3154,13.32,12.98,-157.01,934.6,220.28,-15.8
2024-08-01,20169,Silverline Personal Care,442.6,408.2,13.9419,12.3988,0.9443,0.9222,0.3333,0.3569,5.46,6.0,-682.98,432.3,143.6,9.63
2024-09-01,20169,Silverline Personal Care,479.5,463.2,13.9419,11.9022,0.9443,0.9661,0.3333,0.3286,9.34,6.81,-978.04,490.5,-153.36,-2.18
2024-11-01,20169,Silverline Personal Care,135.4,129.2,13.9419,11.4725,0.9443,0.9543,0.3333,0.3489,2.89,1.9,-334.36,136.8,-19.52,2.02
2024-12-01,20169,Silverline Personal Care,608.0,571.8,13.9419,11.7503,0.9443,0.9404,0.3333,0.329,6.21,8.41,-1332.49,605.5,34.85,-2.46
2025-02-01,20169,Silverline Personal Care,1329.3,1279.8,13.9419,11.7839,0.9443,0.9627,0.3333,0.3532,15.89,18.82,-2868.63,1355.3,-362.49,25.47
2025-03-01,20169,Silverline Personal Care,297.9,278.7,13.9419,12.1648,0.9443,0.9355,0.3333,0.3158,4.2,4.1,-529.4,295.1,39.04,-4.88
2025-04-01,20169,Silverline Personal Care,540.9,531.5,13.9419,12.0032,0.9443,0.9826,0.3333,0.3244,5.75,7.82,-1048.64,562.9,-306.72,-4.73
2025-05-01,20169,Silverline Personal Care,233.2,221.8,13.9419,12.3561,0.9443,0.9509,0.3333,0.3065,2.51,3.26,-369.81,234.9,-23.7,-5.94
2025-06-01,20169,Silverline Personal Care,371.7,344.5,13.9419,12.2325,0.9443,0.9268,0.3333,0.351,7.61,5.07,-635.38,364.8,96.2,6.1
2025-07-01,20169,Silverline Personal Care,220.3,200.0,12.272,12.1669,0.9443,0.9078,0.3333,0.3154,3.89,2.94,-23.15,211.8,104.31,-3.58
2025-10-01,20169,Silverline Personal Care,277.9,266.6,12.272,12.5601,0.9443,0.9592,0.3333,0.3845,2.78,3.92,80.06,282.3,-54.0,13.65
2025-11-01,20169,Silverline Personal Care,409.1,385.3,12.272,12.1235,0.9443,0.9417,0.3333,0.294,9.05,5.67,-60.75,408.0,13.5,-15.14
2025-12-01,20169,Silverline Personal Care,481.3,447.8,12.272,13.0959,0.9443,0.9304,0.3333,0.3542,5.47,6.59,396.54,474.2,87.13,9.36
2026-01-01,20169,Silverline Personal Care,280.1,265.3,12.272,13.9537,0.9443,0.9472,0.3333,0.4186,6.35,3.9,471.04,280.9,-9.82,22.63
2026-03-01,20169,Silverline Personal Care,555.0,534.8,12.272,14.7228,0.9443,0.9636,0.3333,0.3929,10.86,7.86,1360.19,566.3,-138.67,31.87
2026-04-01,20169,Silverline Personal Care,566.3,555.1,12.272,14.8642,0.9443,0.9802,0.3333,0.346,9.24,8.16,1467.96,587.8,-263.85,7.05
2026-05-01,20169,Silverline Personal Care,862.6,840.5,12.272,14.7703,0.9443,0.9744,0.3333,0.2855,12.05,12.36,2155.03,890.1,-337.48,-40.18
2026-06-01,20169,Silverline Personal Care,242.4,222.8,12.272,14.5501,0.9443,0.919,0.3333,0.3674,3.53,3.28,552.21,235.9,79.77,7.6
2023-09-01,20170,Ashworth Tools & Hardware,972.3,959.7,9.901,9.6425,0.9895,0.987,0.2872,0.3004,15.37,14.11,-251.34,969.9,23.76,12.67
2023-10-01,20170,Ashworth Tools & Hardware,1694.7,1679.2,9.901,9.4788,0.9895,0.9908,0.2872,0.307,22.76,24.69,-715.5,1697.0,-22.77,33.25
2023-11-01,20170,Ashworth Tools & Hardware,737.9,723.2,9.901,9.3213,0.9895,0.9801,0.2872,0.3194,11.1,10.64,-427.76,730.9,69.31,23.29
2024-01-01,20170,Ashworth Tools & Hardware,362.0,360.2,9.901,8.9399,0.9895,0.995,0.2872,0.2783,4.02,5.3,-347.92,364.0,-19.8,-3.21
2024-02-01,20170,Ashworth Tools & Hardware,765.6,761.7,9.901,8.9079,0.9895,0.995,0.2872,0.267,15.99,11.2,-760.32,769.8,-41.58,-15.39
2024-03-01,20170,Ashworth Tools & Hardware,646.0,642.7,9.901,8.698,0.9895,0.995,0.2872,0.3149,13.63,9.45,-777.14,649.5,-34.65,17.8
2024-07-01,20170,Ashworth Tools & Hardware,205.6,201.2,9.8121,9.8184,0.9895,0.9783,0.2872,0.2704,2.16,2.96,1.3,203.3,22.57,-3.38
2024-08-01,20170,Ashworth Tools & Hardware,443.7,428.2,9.8121,9.7854,0.9895,0.965,0.2872,0.291,10.73,6.3,-11.85,432.7,107.93,1.63
2024-09-01,20170,Ashworth Tools & Hardware,578.4,549.0,9.8121,9.823,0.9895,0.9491,0.2872,0.3057,8.65,8.07,6.3,554.8,231.57,10.16
2024-10-01,20170,Ashworth Tools & Hardware,975.0,958.0,9.8121,9.6485,0.9895,0.9826,0.2872,0.2935,15.15,14.09,-159.51,968.2,66.72,6.04
2025-01-01,20170,Ashworth Tools & Hardware,1467.6,1426.2,9.8121,9.6582,0.9895,0.9718,0.2872,0.2934,26.29,20.97,-225.86,1441.3,258.06,8.84
2025-02-01,20170,Ashworth Tools & Hardware,426.6,424.4,9.8121,10.26,0.9895,0.995,0.2872,0.3389,8.93,6.24,191.07,428.9,-22.57,21.94
2025-03-01,20170,Ashworth Tools & Hardware,575.8,563.2,9.8121,11.059,0.9895,0.9781,0.2872,0.3125,8.21,8.28,717.97,569.2,64.76,14.25
2025-04-01,20170,Ashworth Tools & Hardware,698.1,694.2,9.8121,11.3872,0.9895,0.9944,0.2872,0.334,7.8,10.21,1099.58,701.6,-34.34,32.49
2025-05-01,20170,Ashworth Tools & Hardware,558.6,522.8,9.8121,11.2243,0.9895,0.936,0.2872,0.3238,5.5,7.69,788.85,528.3,297.31,19.13
2025-06-01,20170,Ashworth Tools & Hardware,394.4,368.5,9.8121,11.4041,0.9895,0.9343,0.2872,0.2878,5.09,5.42,627.88,372.4,215.87,0.22
2025-07-01,20170,Ashworth Tools & Hardware,470.1,458.0,11.6515,11.4953,0.9895,0.9741,0.2872,0.3322,7.53,6.73,-73.43,462.9,83.89,20.61
2025-08-01,20170,Ashworth Tools & Hardware,681.8,678.4,11.6515,11.9527,0.9895,0.995,0.2872,0.2905,12.54,9.98,205.36,685.6,-44.28,2.24
2025-09-01,20170,Ashworth Tools & Hardware,455.1,437.3,11.6515,12.0161,0.9895,0.961,0.2872,0.2932,8.29,6.43,165.93,441.9,153.8,2.62
2025-10-01,20170,Ashworth Tools & Hardware,778.8,774.9,11.6515,11.6905,0.9895,0.995,0.2872,0.2736,8.67,11.39,30.37,783.1,-50.1,-10.54
2025-11-01,20170,Ashworth Tools & Hardware,1002.1,997.1,11.6515,12.4215,0.9895,0.995,0.2872,0.2841,10.96,14.66,771.62,1007.7,-65.25,-3.09
2026-02-01,20170,Ashworth Tools & Hardware,289.9,278.8,11.6515,11.5276,0.9895,0.9617,0.2872,0.2898,4.65,4.1,-35.92,281.8,94.38,0.72
2026-03-01,20170,Ashworth Tools & Hardware,1114.4,1108.8,11.6515,11.2527,0.9895,0.995,0.2872,0.2535,20.47,16.31,-444.42,1120.6,-72.24,-37.37
2026-04-01,20170,Ashworth Tools & Hardware,942.7,938.0,11.6515,11.7453,0.9895,0.995,0.2872,0.2886,10.01,13.79,88.43,948.0,-61.75,1.31
2026-05-01,20170,Ashworth Tools & Hardware,567.5,554.5,11.6515,12.328,0.9895,0.9771,0.2872,0.2981,12.24,8.15,383.91,560.4,82.73,6.04
2026-06-01,20170,Ashworth Tools & Hardware,537.9,525.0,11.6515,12.7724,0.9895,0.9761,0.2872,0.2922,5.92,7.72,602.93,530.6,85.06,2.63
2023-08-01,20171,Ashworth Tools & Hardware,8010.9,7115.5,24.8647,25.9653,0.917,0.8882,0.5271,0.5663,154.67,104.64,8816.8,7759.5,6250.99,278.93
2023-09-01,20171,Ashworth Tools & Hardware,6895.2,5939.9,24.8647,25.3947,0.917,0.8615,0.5271,0.5159,140.27,87.35,3654.46,6477.5,10385.99,-66.53
2023-10-01,20171,Ashworth Tools & Hardware,10114.1,9069.8,24.8647,24.7431,0.917,0.8967,0.5271,0.5401,229.9,133.38,-1229.87,9890.7,5554.77,117.91
2023-11-01,20171,Ashworth Tools & Hardware,8823.3,7809.8,24.8647,27.3606,0.917,0.8851,0.5271,0.5195,130.73,114.85,22022.07,8516.7,7623.52,-59.35
2023-12-01,20171,Ashworth Tools & Hardware,7228.3,6529.1,24.8647,28.0985,0.917,0.9033,0.5271,0.598,71.43,96.02,23374.88,7120.1,2690.36,462.91
2024-02-01,20171,Ashworth Tools & Hardware,15593.9,13513.4,24.8647,27.5206,0.917,0.8666,0.5271,0.4882,244.74,198.73,41415.84,14736.5,21318.99,-525.67
2024-03-01,20171,Ashworth Tools & Hardware,11364.1,9821.8,24.8647,26.6754,0.917,0.8643,0.5271,0.5378,205.33,144.44,20576.98,10710.8,16244.11,105.09
2024-05-01,20171,Ashworth Tools & Hardware,16799.1,15566.8,24.8647,26.9739,0.917,0.9266,0.5271,0.5523,282.04,228.92,35432.66,16975.8,-4393.59,392.28
2024-06-01,20171,Ashworth Tools & Hardware,9948.1,9270.2,24.8647,25.314,0.917,0.9319,0.5271,0.5166,110.71,136.33,4469.68,10109.3,-4008.19,-97.34
2024-07-01,20171,Ashworth Tools & Hardware,13306.9,12176.5,25.1933,25.4973,0.917,0.9151,0.5271,0.5562,283.03,179.07,4045.3,13278.6,712.97,354.34
2024-08-01,20171,Ashworth Tools & Hardware,7171.2,6357.9,25.1933,24.0229,0.917,0.8866,0.5271,0.5834,92.27,93.5,-8393.17,6933.4,5990.97,357.95
2024-09-01,20171,Ashworth Tools & Hardware,18543.7,17393.4,25.1933,22.5857,0.917,0.938,0.5271,0.503,316.81,255.79,-48354.55,18967.7,-10681.96,-419.18
2024-10-01,20171,Ashworth Tools & Hardware,11221.8,9939.8,25.1933,23.2694,0.917,0.8858,0.5271,0.5121,147.85,146.17,-21589.62,10839.5,9631.4,-149.1
2024-11-01,20171,Ashworth Tools & Hardware,12147.7,11416.9,25.1933,22.575,0.917,0.9398,0.5271,0.581,262.66,167.9,-31806.32,12450.3,-7623.49,615.37
2024-12-01,20171,Ashworth Tools & Hardware,5612.4,5190.8,25.1933,22.795,0.917,0.9249,0.5271,0.5663,93.45,76.33,-13460.22,5660.6,-1214.32,203.48
2025-01-01,20171,Ashworth Tools & Hardware,10403.1,9607.2,25.1933,23.6731,0.917,0.9235,0.5271,0.5251,113.93,141.28,-15814.79,10476.8,-1856.75,-19.21
2025-02-01,20171,Ashworth Tools & Hardware,8062.3,7545.5,25.1933,23.0048,0.917,0.9359,0.5271,0.6391,120.84,110.96,-17644.34,8228.5,-4187.13,845.1
2025-03-01,20171,Ashworth Tools & Hardware,9146.1,8339.3,25.1933,22.3247,0.917,0.9118,0.5271,0.5838,160.63,122.64,-26236.5,9094.1,1310.05,472.84
2025-04-01,20171,Ashworth Tools & Hardware,42512.6,38244.5,25.1933,22.1214,0.917,0.8996,0.5271,0.6206,610.87,562.42,-130594.46,41706.1,20318.4,3575.86
2025-06-01,20171,Ashworth Tools & Hardware,28655.7,26757.5,25.1933,22.272,0.917,0.9338,0.5271,0.5399,334.03,393.49,-83711.9,29179.4,-13193.73,342.5
2025-07-01,20171,Ashworth Tools & Hardware,12102.9,11272.3,21.2943,21.5964,0.917,0.9314,0.5271,0.5816,192.9,165.77,3656.29,12292.6,-4039.53,614.34
2025-08-01,20171,Ashworth Tools & Hardware,6166.8,5703.4,21.2943,22.7311,0.917,0.9248,0.5271,0.5187,102.74,83.87,8860.46,6219.6,-1124.34,-47.91
2025-10-01,20171,Ashworth Tools & Hardware,12035.3,11238.5,21.2943,25.6288,0.917,0.9338,0.5271,0.5667,137.64,165.27,52167.01,12255.7,-4693.26,445.04
2025-11-01,20171,Ashworth Tools & Hardware,31774.3,29580.9,21.2943,25.5261,0.917,0.931,0.5271,0.5105,645.98,435.01,134462.48,32258.3,-10306.44,-491.04
2025-12-01,20171,Ashworth Tools & Hardware,12179.7,10820.4,21.2943,26.9765,0.917,0.8884,0.5271,0.5361,159.44,159.12,69207.49,11799.8,8089.7,97.38
2026-01-01,20171,Ashworth Tools & Hardware,17163.6,16563.2,21.2943,28.6091,0.917,0.965,0.5271,0.5104,323.98,243.58,125548.3,18062.4,-19139.32,-276.61
2026-02-01,20171,Ashworth Tools & Hardware,4000.6,3529.2,21.2943,29.4526,0.917,0.8822,0.5271,0.5963,43.36,51.9,32638.09,3848.6,3236.73,244.22
2026-03-01,20171,Ashworth Tools & Hardware,38933.9,34167.8,21.2943,29.0473,0.917,0.8776,0.5271,0.5864,512.05,502.47,301854.53,37260.4,35636.01,2026.15
2026-04-01,20171,Ashworth Tools & Hardware,7873.6,6979.7,21.2943,29.8335,0.917,0.8865,0.5271,0.5751,86.46,102.64,67234.25,7611.5,5581.24,335.03
2026-05-01,20171,Ashworth Tools & Hardware,8073.8,7221.8,21.2943,28.2113,0.917,0.8945,0.5271,0.5804,79.21,106.2,55846.47,7875.5,4222.66,384.92
2023-07-01,20172,Vertex Consumer Products (US),372.2,354.6,14.039,14.1029,0.9412,0.9529,0.2105,0.1792,5.14,5.22,23.78,376.8,-64.58,-11.1
2023-08-01,20172,Vertex Consumer Products (US),551.5,504.9,14.039,14.2353,0.9412,0.9154,0.2105,0.2232,7.13,7.42,108.26,536.4,211.99,6.41
2023-09-01,20172,Vertex Consumer Products (US),299.9,279.6,14.039,14.5806,0.9412,0.9324,0.2105,0.2158,6.06,4.11,162.43,297.1,39.31,1.48
2023-10-01,20172,Vertex Consumer Products (US),340.8,304.1,14.039,13.8765,0.9412,0.8922,0.2105,0.2116,3.73,4.47,-55.38,323.1,248.49,0.33
2023-11-01,20172,Vertex Consumer Products (US),1044.3,976.4,14.039,14.1499,0.9412,0.935,0.2105,0.2046,11.75,14.36,115.81,1037.4,96.87,-5.76
2024-01-01,20172,Vertex Consumer Products (US),1234.4,1125.2,14.039,13.9052,0.9412,0.9115,0.2105,0.197,18.15,16.55,-165.16,1195.5,546.12,-15.19
2024-03-01,20172,Vertex Consumer Products (US),652.5,619.1,14.039,15.2935,0.9412,0.9489,0.2105,0.226,9.35,9.1,818.56,657.8,-74.41,9.6
2024-05-01,20172,Vertex Consumer Products (US),504.2,492.9,14.039,15.5569,0.9412,0.9776,0.2105,0.1826,7.39,7.25,765.33,523.7,-273.76,-13.75
2024-06-01,20172,Vertex Consumer Products (US),593.1,574.7,14.039,15.8747,0.9412,0.9691,0.2105,0.2013,10.11,8.45,1088.75,610.6,-245.68,-5.29
2024-09-01,20172,Vertex Consumer Products (US),254.8,240.2,16.6085,17.1892,0.9412,0.9426,0.2105,0.2067,4.74,3.53,147.96,255.2,-6.64,-0.91
2024-10-01,20172,Vertex Consumer Products (US),322.9,301.3,16.6085,17.6225,0.9412,0.9331,0.2105,0.1737,3.37,4.43,327.42,320.1,46.5,-11.09
2024-11-01,20172,Vertex Consumer Products (US),213.5,190.0,16.6085,16.5126,0.9412,0.89,0.2105,0.2195,3.2,2.79,-20.47,201.9,192.66,1.71
2025-01-01,20172,Vertex Consumer Products (US),303.1,281.1,16.6085,17.2497,0.9412,0.9272,0.2105,0.2189,5.92,4.13,194.35,298.7,73.08,2.36
2025-02-01,20172,Vertex Consumer Products (US),1751.3,1543.4,16.6085,17.3946,0.9412,0.8813,0.2105,0.226,17.62,22.7,1376.7,1639.8,1851.85,23.92
2025-03-01,20172,Vertex Consumer Products (US),603.4,554.8,16.6085,17.9499,0.9412,0.9194,0.2105,0.2342,9.65,8.16,809.4,589.5,230.86,13.15
2025-05-01,20172,Vertex Consumer Products (US),284.7,262.3,16.6085,18.9032,0.9412,0.9211,0.2105,0.2172,2.77,3.86,653.3,278.7,99.65,1.76
2025-06-01,20172,Vertex Consumer Products (US),262.7,243.8,16.6085,18.9691,0.9412,0.9281,0.2105,0.2113,2.91,3.59,620.13,259.0,61.45,0.2
2025-08-01,20172,Vertex Consumer Products (US),156.0,146.7,20.0905,20.1774,0.9412,0.9406,0.2105,0.1744,1.69,2.16,13.56,155.9,2.01,-5.3
2025-09-01,20172,Vertex Consumer Products (US),256.2,244.5,20.0905,21.0063,0.9412,0.9545,0.2105,0.1869,3.09,3.6,234.63,259.8,-72.33,-5.77
2025-10-01,20172,Vertex Consumer Products (US),938.5,863.2,20.0905,20.7304,0.9412,0.9198,0.2105,0.2203,11.73,12.69,600.55,917.1,429.94,8.46
2025-11-01,20172,Vertex Consumer Products (US),671.0,646.5,20.0905,20.932,0.9412,0.9636,0.2105,0.232,14.38,9.51,564.65,686.9,-319.44,13.9
2025-12-01,20172,Vertex Consumer Products (US),228.2,215.5,20.0905,21.0411,0.9412,0.9444,0.2105,0.2491,2.29,3.17,216.93,229.0,-16.07,8.32
2026-01-01,20172,Vertex Consumer Products (US),368.9,338.4,20.0905,20.3016,0.9412,0.9173,0.2105,0.197,3.71,4.98,77.87,359.5,188.85,-4.57
2026-02-01,20172,Vertex Consumer Products (US),226.9,216.0,20.0905,21.086,0.9412,0.9521,0.2105,0.2438,2.27,3.18,225.88,229.5,-52.24,7.19
2026-03-01,20172,Vertex Consumer Products (US),447.9,440.0,20.0905,21.0821,0.9412,0.9826,0.2105,0.2391,7.77,6.47,444.14,467.5,-393.77,12.58
2026-04-01,20172,Vertex Consumer Products (US),369.5,347.3,20.0905,21.178,0.9412,0.9398,0.2105,0.2022,8.76,5.11,401.83,369.0,10.05,-2.88
2026-05-01,20172,Vertex Consumer Products (US),331.9,310.0,20.0905,21.7421,0.9412,0.9342,0.2105,0.2128,5.22,4.56,548.17,329.4,50.23,0.71
2023-07-01,20173,Cascadia Pet Products,2682.1,2190.0,17.1768,17.0229,0.837,0.8165,0.3748,0.3606,27.37,32.21,-412.78,2616.5,1126.8,-31.1
2023-10-01,20173,Cascadia Pet Products,7811.7,6168.0,17.1768,18.3833,0.837,0.7896,0.3748,0.3793,77.48,90.71,9424.82,7369.2,7600.73,27.76
2023-12-01,20173,Cascadia Pet Products,3333.7,2611.3,17.1768,16.8932,0.837,0.7833,0.3748,0.3395,36.42,38.4,-945.44,3119.8,3674.12,-92.18
2024-01-01,20173,Cascadia Pet Products,2849.9,2263.4,17.1768,16.2516,0.837,0.7942,0.3748,0.3784,30.61,33.29,-2636.73,2704.2,2502.66,8.15
2024-02-01,20173,Cascadia Pet Products,5144.6,4127.1,17.1768,16.3337,0.837,0.8022,0.3748,0.3642,57.69,60.69,-4337.41,4930.8,3672.4,-43.75
2024-03-01,20173,Cascadia Pet Products,7366.7,5568.6,17.1768,16.9949,0.837,0.7559,0.3748,0.4084,88.88,81.89,-1340.0,6653.0,12259.08,187.1
2024-05-01,20173,Cascadia Pet Products,19270.4,16143.4,17.1768,18.1478,0.837,0.8377,0.3748,0.3581,212.51,237.4,18711.56,19287.2,-288.57,-269.59
2024-06-01,20173,Cascadia Pet Products,2523.7,2131.5,17.1768,18.5751,0.837,0.8446,0.3748,0.3918,33.56,31.35,3528.89,2546.6,-393.35,36.24
2024-08-01,20173,Cascadia Pet Products,15499.1,12593.3,18.8044,19.0553,0.837,0.8125,0.3748,0.3998,178.75,185.2,3888.72,15045.8,8524.03,314.83
2024-10-01,20173,Cascadia Pet Products,5869.8,4908.3,18.8044,16.876,0.837,0.8362,0.3748,0.4063,110.75,72.18,-11319.32,5864.2,105.3,154.61
2025-01-01,20173,Cascadia Pet Products,2912.2,2309.5,18.8044,15.1226,0.837,0.793,0.3748,0.4061,38.59,33.96,-10722.14,2759.3,2875.19,72.29
2025-02-01,20173,Cascadia Pet Products,6265.8,5186.3,18.8044,14.93,0.837,0.8277,0.3748,0.3842,55.77,76.27,-24276.22,6196.3,1306.91,48.75
2025-03-01,20173,Cascadia Pet Products,3052.2,2472.6,18.8044,14.7067,0.837,0.8101,0.3748,0.3839,27.42,36.36,-12507.0,2954.1,1844.71,22.5
2025-04-01,20173,Cascadia Pet Products,4611.9,3855.6,18.8044,14.7382,0.837,0.836,0.3748,0.3122,61.57,56.7,-18752.91,4606.5,101.54,-241.36
2025-05-01,20173,Cascadia Pet Products,6324.3,5204.3,18.8044,14.5625,0.837,0.8229,0.3748,0.3709,106.83,76.53,-26827.05,6217.8,2002.67,-20.3
2025-06-01,20173,Cascadia Pet Products,1964.6,1668.5,18.8044,15.2607,0.837,0.8493,0.3748,0.387,34.35,24.54,-6961.95,1993.4,-541.57,20.36
2025-09-01,20173,Cascadia Pet Products,3245.2,2606.5,15.1918,15.3781,0.837,0.8032,0.3748,0.3866,39.74,38.33,604.58,3114.1,1991.64,30.76
2025-11-01,20173,Cascadia Pet Products,2112.5,1752.4,15.1918,15.6808,0.837,0.8296,0.3748,0.4126,40.1,25.77,1033.01,2093.7,285.61,66.24
2025-12-01,20173,Cascadia Pet Products,3395.5,2738.8,15.1918,15.1222,0.837,0.8066,0.3748,0.3687,29.23,40.28,-236.33,3272.2,1873.15,-16.71
2026-01-01,20173,Cascadia Pet Products,2077.1,1679.6,15.1918,14.3596,0.837,0.8086,0.3748,0.312,28.95,24.7,-1728.56,2006.7,1069.5,-105.48
2026-02-01,20173,Cascadia Pet Products,9148.7,7472.4,15.1918,14.2691,0.837,0.8168,0.3748,0.3693,100.94,109.89,-8441.51,8927.6,3358.91,-41.1
2026-04-01,20173,Cascadia Pet Products,4829.7,3954.8,15.1918,14.1423,0.837,0.8189,0.3748,0.3851,49.0,58.16,-5068.77,4725.0,1590.58,40.73
2026-05-01,20173,Cascadia Pet Products,4591.2,3691.8,15.1918,14.2981,0.837,0.8041,0.3748,0.3797,56.07,54.29,-4103.16,4410.8,2740.6,18.09
2026-06-01,20173,Cascadia Pet Products,3825.8,3121.7,15.1918,13.2286,0.837,0.816,0.3748,0.3991,50.56,45.91,-7510.81,3729.6,1461.45,75.86
2023-07-01,20174,Ningbo Hometech Manufacturing,354.2,320.5,7.2079,7.1419,0.9512,0.9049,0.4235,0.4328,5.95,4.71,-23.38,336.9,124.7,2.98
2023-08-01,20174,Ningbo Hometech Manufacturing,462.8,434.4,7.2079,7.0587,0.9512,0.9388,0.4235,0.4527,6.55,6.39,-69.05,456.7,43.97,12.68
2023-10-01,20174,Ningbo Hometech Manufacturing,1934.9,1838.7,7.2079,7.1542,0.9512,0.9503,0.4235,0.3567,23.26,27.04,-103.9,1933.0,13.7,-122.83
2023-11-01,20174,Ningbo Hometech Manufacturing,956.8,918.1,7.2079,7.2877,0.9512,0.9595,0.4235,0.3835,14.57,13.5,76.35,965.2,-60.55,-36.72
2023-12-01,20174,Ningbo Hometech Manufacturing,1283.8,1234.0,7.2079,7.2469,0.9512,0.9612,0.4235,0.3705,15.93,18.15,50.07,1297.3,-97.31,-65.4
2024-01-01,20174,Ningbo Hometech Manufacturing,423.8,395.8,7.2079,7.37,0.9512,0.934,0.4235,0.4428,6.39,5.82,68.7,416.1,55.5,7.64
2024-02-01,20174,Ningbo Hometech Manufacturing,302.8,279.5,7.2079,7.4227,0.9512,0.923,0.4235,0.4553,2.98,4.11,65.04,293.8,64.87,8.89
2024-03-01,20174,Ningbo Hometech Manufacturing,1081.0,990.0,7.2079,7.6707,0.9512,0.9158,0.4235,0.464,11.29,14.56,500.29,1040.8,289.76,40.1
2024-04-01,20174,Ningbo Hometech Manufacturing,487.3,437.9,7.2079,7.2986,0.9512,0.8987,0.4235,0.4565,8.45,6.44,44.2,460.4,193.89,14.45
2024-05-01,20174,Ningbo Hometech Manufacturing,1557.4,1440.8,7.2079,7.3295,0.9512,0.9251,0.4235,0.3749,18.27,21.19,189.38,1514.7,307.78,-70.02
2024-06-01,20174,Ningbo Hometech Manufacturing,361.5,331.0,7.2079,7.6508,0.9512,0.9156,0.4235,0.3724,6.45,4.87,160.11,348.0,97.31,-16.91
2024-07-01,20174,Ningbo Hometech Manufacturing,1115.6,1076.3,7.9417,7.9405,0.9512,0.9648,0.4235,0.456,18.3,15.83,-1.34,1131.5,-126.27,34.98
2024-08-01,20174,Ningbo Hometech Manufacturing,238.1,235.2,7.9417,7.9203,0.9512,0.988,0.4235,0.4397,3.67,3.46,-5.1,247.3,-73.06,3.81
2024-09-01,20174,Ningbo Hometech Manufacturing,688.6,682.6,7.9417,8.1223,0.9512,0.9913,0.4235,0.4287,16.92,10.04,124.36,717.6,-230.31,3.55
2024-10-01,20174,Ningbo Hometech Manufacturing,700.9,657.8,7.9417,7.8222,0.9512,0.9386,0.4235,0.3778,7.63,9.67,-83.76,691.5,74.65,-30.06
2024-11-01,20174,Ningbo Hometech Manufacturing,910.1,855.1,7.9417,7.781,0.9512,0.9396,0.4235,0.4025,17.27,12.57,-146.25,899.0,88.15,-17.96
2025-01-01,20174,Ningbo Hometech Manufacturing,1210.9,1146.7,7.9417,7.5593,0.9512,0.947,0.4235,0.3941,17.16,16.86,-463.05,1205.5,42.89,-33.71
2025-02-01,20174,Ningbo Hometech Manufacturing,338.5,320.2,7.9417,7.6984,0.9512,0.9459,0.4235,0.4759,5.11,4.71,-82.36,336.6,15.09,16.78
2025-03-01,20174,Ningbo Hometech Manufacturing,809.6,753.8,7.9417,7.5096,0.9512,0.9311,0.4235,0.4556,18.84,11.09,-349.83,792.5,135.8,24.2
2025-04-01,20174,Ningbo Hometech Manufacturing,527.4,494.5,7.9417,7.2915,0.9512,0.9377,0.4235,0.4409,7.34,7.27,-342.92,519.9,59.56,8.6
2025-06-01,20174,Ningbo Hometech Manufacturing,1990.8,1887.3,7.9417,7.5515,0.9512,0.948,0.4235,0.4543,22.36,27.75,-776.81,1984.1,53.21,58.13
2025-07-01,20174,Ningbo Hometech Manufacturing,641.0,629.9,7.9291,7.8206,0.9512,0.9826,0.4235,0.4028,10.22,9.26,-69.55,662.2,-168.1,-13.04
2025-08-01,20174,Ningbo Hometech Manufacturing,548.0,513.4,7.9291,7.7731,0.9512,0.937,0.4235,0.4247,10.56,7.55,-85.49,539.7,65.81,0.62
2025-09-01,20174,Ningbo Hometech Manufacturing,766.6,705.3,7.9291,7.9732,0.9512,0.9201,0.4235,0.4676,11.2,10.37,33.81,741.5,199.02,31.1
2025-10-01,20174,Ningbo Hometech Manufacturing,280.9,263.2,7.9291,8.0075,0.9512,0.937,0.4235,0.4838,3.25,3.87,22.02,276.7,33.3,15.87
2025-11-01,20174,Ningbo Hometech Manufacturing,593.2,558.4,7.9291,8.2012,0.9512,0.9414,0.4235,0.4238,8.7,8.21,161.41,587.0,49.16,0.17
2025-12-01,20174,Ningbo Hometech Manufacturing,909.5,904.9,7.9291,8.5743,0.9512,0.995,0.4235,0.3982,22.39,13.31,586.81,951.3,-331.44,-22.89
2026-01-01,20174,Ningbo Hometech Manufacturing,230.3,217.8,7.9291,8.7002,0.9512,0.9456,0.4235,0.4723,2.94,3.2,177.58,229.0,10.31,10.63
2026-02-01,20174,Ningbo Hometech Manufacturing,726.9,680.5,7.9291,9.101,0.9512,0.9362,0.4235,0.3514,15.95,10.01,851.85,715.4,91.18,-49.06
2026-03-01,20174,Ningbo Hometech Manufacturing,734.1,693.4,7.9291,8.8345,0.9512,0.9446,0.4235,0.3874,8.84,10.2,664.65,729.0,40.44,-25.03
2026-04-01,20174,Ningbo Hometech Manufacturing,585.6,558.6,7.9291,8.6508,0.9512,0.9538,0.4235,0.4784,9.07,8.21,422.63,587.3,-13.48,30.67
2026-05-01,20174,Ningbo Hometech Manufacturing,746.9,714.5,7.9291,8.636,0.9512,0.9567,0.4235,0.3691,7.81,10.51,527.98,751.2,-34.1,-38.87
2026-06-01,20174,Ningbo Hometech Manufacturing,1050.9,976.9,7.9291,9.0031,0.9512,0.9295,0.4235,0.4512,11.49,14.37,1128.67,1027.0,189.51,27.06
2023-07-01,20175,Northbrook Paper & Board,115.1,102.8,7.8349,7.7711,0.9354,0.8934,0.2634,0.235,1.98,1.51,-7.34,109.9,40.74,-2.92
2023-09-01,20175,Northbrook Paper & Board,129.6,113.1,7.8349,7.712,0.9354,0.8732,0.2634,0.2754,2.64,1.66,-15.93,120.9,68.16,1.36
2023-11-01,20175,Northbrook Paper & Board,146.4,135.1,7.8349,7.7859,0.9354,0.923,0.2634,0.2909,1.8,1.99,-7.17,144.4,15.67,3.72
2023-12-01,20175,Northbrook Paper & Board,53.8,50.0,7.8349,7.6025,0.9354,0.9299,0.2634,0.2042,0.66,0.74,-12.5,53.5,2.35,-2.96
2024-01-01,20175,Northbrook Paper & Board,195.5,192.7,7.8349,7.745,0.9354,0.9861,0.2634,0.2949,2.42,2.83,-17.58,206.0,-82.27,6.07
2024-02-01,20175,Northbrook Paper & Board,111.7,97.8,7.8349,7.6696,0.9354,0.8757,0.2634,0.2945,1.58,1.44,-18.46,104.6,55.63,3.04
2024-03-01,20175,Northbrook Paper & Board,98.1,91.5,7.8349,7.8755,0.9354,0.9326,0.2634,0.2734,1.67,1.35,3.98,97.8,2.35,0.91
2024-04-01,20175,Northbrook Paper & Board,118.4,108.5,7.8349,8.6446,0.9354,0.9161,0.2634,0.2453,2.3,1.6,95.87,116.0,18.8,-1.96
2024-05-01,20175,Northbrook Paper & Board,109.5,104.5,7.8349,9.0597,0.9354,0.9537,0.2634,0.2672,1.21,1.54,134.12,111.7,-17.24,0.4
2024-06-01,20175,Northbrook Paper & Board,54.6,50.0,7.8349,9.2689,0.9354,0.9151,0.2634,0.2814,0.59,0.74,78.3,53.5,8.62,0.9
2024-07-01,20175,Northbrook Paper & Board,267.3,252.2,9.0765,9.2074,0.9354,0.9435,0.2634,0.2688,2.72,3.71,34.99,269.6,-20.88,1.36
2024-08-01,20175,Northbrook Paper & Board,168.9,156.4,9.0765,9.2409,0.9354,0.926,0.2634,0.2776,2.08,2.3,27.77,167.2,15.43,2.22
2024-09-01,20175,Northbrook Paper & Board,160.6,157.3,9.0765,9.0282,0.9354,0.9799,0.2634,0.274,3.61,2.31,-7.76,168.2,-68.98,1.67
2024-12-01,20175,Northbrook Paper & Board,83.2,82.8,9.0765,8.0352,0.9354,0.995,0.2634,0.2624,1.46,1.22,-86.64,88.5,-48.11,-0.08
2025-01-01,20175,Northbrook Paper & Board,75.3,72.5,9.0765,8.0982,0.9354,0.9634,0.2634,0.2621,0.83,1.07,-73.67,77.5,-19.97,-0.09
2025-02-01,20175,Northbrook Paper & Board,310.6,304.4,9.0765,8.3199,0.9354,0.9798,0.2634,0.2768,3.56,4.48,-235.0,325.4,-134.33,4.08
2025-03-01,20175,Northbrook Paper & Board,177.6,172.4,9.0765,8.1298,0.9354,0.9703,0.2634,0.2705,2.46,2.53,-168.13,184.3,-60.81,1.22
2025-04-01,20175,Northbrook Paper & Board,146.0,136.5,9.0765,8.8768,0.9354,0.9349,0.2634,0.2581,2.38,2.01,-29.16,145.9,0.91,-0.72
2025-05-01,20175,Northbrook Paper & Board,81.2,77.5,9.0765,8.3743,0.9354,0.9549,0.2634,0.2537,0.99,1.14,-57.02,82.9,-15.43,-0.75
2025-06-01,20175,Northbrook Paper & Board,261.2,241.8,9.0765,8.4586,0.9354,0.9259,0.2634,0.2544,4.73,3.56,-161.4,258.5,24.51,-2.18
2025-07-01,20175,Northbrook Paper & Board,90.1,84.7,8.3677,8.3915,0.9354,0.9399,0.2634,0.3037,0.89,1.25,2.14,90.5,-3.35,3.41
2025-08-01,20175,Northbrook Paper & Board,94.4,90.1,8.3677,8.4259,0.9354,0.954,0.2634,0.2948,1.37,1.32,5.49,96.3,-15.9,2.83
2025-09-01,20175,Northbrook Paper & Board,126.7,121.8,8.3677,8.2865,0.9354,0.961,0.2634,0.2983,1.68,1.79,-10.29,130.2,-29.29,4.25
2025-10-01,20175,Northbrook Paper & Board,74.1,68.6,8.3677,8.171,0.9354,0.9253,0.2634,0.2539,0.84,1.01,-14.58,73.3,6.69,-0.65
2025-11-01,20175,Northbrook Paper & Board,66.4,62.1,8.3677,7.7008,0.9354,0.9361,0.2634,0.2717,0.85,0.91,-44.28,66.4,0.0,0.52
2025-12-01,20175,Northbrook Paper & Board,264.3,253.2,8.3677,7.6511,0.9354,0.9578,0.2634,0.2715,2.64,3.72,-189.4,270.7,-53.55,2.05
2026-01-01,20175,Northbrook Paper & Board,126.7,125.4,8.3677,7.9687,0.9354,0.9897,0.2634,0.2474,1.64,1.84,-50.55,134.1,-61.92,-2.01
2026-02-01,20175,Northbrook Paper & Board,65.0,63.5,8.3677,8.157,0.9354,0.977,0.2634,0.2561,0.73,0.93,-13.7,67.9,-24.27,-0.46
2026-03-01,20175,Northbrook Paper & Board,56.7,53.7,8.3677,8.1511,0.9354,0.9473,0.2634,0.262,0.61,0.79,-12.28,57.4,-5.86,-0.08
2026-04-01,20175,Northbrook Paper & Board,117.7,108.9,8.3677,7.8573,0.9354,0.9255,0.2634,0.2762,2.15,1.6,-60.07,116.4,10.88,1.39
2023-07-01,20176,Northbrook Paper & Board,1563.4,1464.5,31.1857,30.7546,0.9655,0.9367,0.3771,0.4361,31.6,21.54,-673.98,1516.8,1453.25,86.41
2023-08-01,20176,Northbrook Paper & Board,4005.9,3984.3,31.1857,31.3019,0.9655,0.9946,0.3771,0.3949,44.18,58.59,465.49,4126.7,-3767.23,70.92
2023-09-01,20176,Northbrook Paper & Board,1119.1,1086.2,31.1857,30.745,0.9655,0.9707,0.3771,0.3256,11.66,15.97,-493.19,1125.0,-184.0,-55.94
2023-10-01,20176,Northbrook Paper & Board,3379.3,3259.2,31.1857,30.092,0.9655,0.9645,0.3771,0.3688,44.51,47.93,-3695.94,3375.7,112.27,-27.05
2023-11-01,20176,Northbrook Paper & Board,1752.5,1691.3,31.1857,32.4014,0.9655,0.9651,0.3771,0.3917,29.07,24.87,2130.51,1751.7,24.95,24.69
2023-12-01,20176,Northbrook Paper & Board,2202.4,2116.7,31.1857,32.1861,0.9655,0.9611,0.3771,0.4051,24.7,31.13,2203.28,2192.3,314.98,59.27
2024-01-01,20176,Northbrook Paper & Board,3141.0,3125.3,31.1857,32.2392,0.9655,0.995,0.3771,0.4245,38.36,45.96,3309.04,3237.0,-2993.83,148.14
2024-02-01,20176,Northbrook Paper & Board,2064.0,2053.7,31.1857,32.2786,0.9655,0.995,0.3771,0.3886,36.45,30.2,2255.75,2127.1,-1967.82,23.62
2024-03-01,20176,Northbrook Paper & Board,4292.3,4212.6,31.1857,30.826,0.9655,0.9814,0.3771,0.3436,52.86,61.95,-1543.94,4363.1,-2207.95,-141.12
2024-04-01,20176,Northbrook Paper & Board,3195.9,3112.9,31.1857,29.5298,0.9655,0.974,0.3771,0.4127,35.89,45.78,-5292.09,3224.1,-879.44,110.82
2024-05-01,20176,Northbrook Paper & Board,1588.2,1580.2,31.1857,29.1013,0.9655,0.995,0.3771,0.3606,18.59,23.24,-3310.44,1636.7,-1512.51,-26.07
2024-06-01,20176,Northbrook Paper & Board,1136.4,1130.7,31.1857,28.6968,0.9655,0.995,0.3771,0.3469,29.04,16.63,-2828.39,1171.1,-1082.14,-34.15
2024-07-01,20176,Northbrook Paper & Board,2431.6,2419.5,28.3936,28.6696,0.9655,0.995,0.3771,0.3959,52.41,35.58,671.12,2506.0,-2112.48,45.49
2024-08-01,20176,Northbrook Paper & Board,2079.3,2068.9,28.3936,27.8129,0.9655,0.995,0.3771,0.3993,21.93,30.43,-1207.45,2142.8,-1802.99,45.93
2024-09-01,20176,Northbrook Paper & Board,1994.2,1984.3,28.3936,26.4585,0.9655,0.995,0.3771,0.3989,50.01,29.18,-3858.98,2055.2,-1732.01,43.26
2024-10-01,20176,Northbrook Paper & Board,2229.5,2218.3,28.3936,27.1662,0.9655,0.995,0.3771,0.3923,28.3,32.62,-2736.49,2297.6,-1933.6,33.72
2024-12-01,20176,Northbrook Paper & Board,1077.0,1071.6,28.3936,25.8295,0.9655,0.995,0.3771,0.3856,17.77,15.76,-2761.54,1109.9,-934.15,9.11
2025-01-01,20176,Northbrook Paper & Board,1730.7,1722.1,28.3936,24.5118,0.9655,0.995,0.3771,0.3992,23.01,25.32,-6718.23,1783.6,-1502.02,38.06
2025-02-01,20176,Northbrook Paper & Board,2295.3,2211.7,28.3936,23.4278,0.9655,0.9636,0.3771,0.3778,52.74,32.53,-11398.0,2290.7,130.61,1.55
2025-03-01,20176,Northbrook Paper & Board,1261.7,1222.2,28.3936,24.5558,0.9655,0.9687,0.3771,0.4289,16.25,17.97,-4842.15,1265.9,-119.25,63.31
2025-05-01,20176,Northbrook Paper & Board,1275.8,1208.1,28.3936,23.7713,0.9655,0.9469,0.3771,0.4175,13.54,17.77,-5897.13,1251.3,695.64,48.81
2025-06-01,20176,Northbrook Paper & Board,781.4,750.2,28.3936,22.6441,0.9655,0.9601,0.3771,0.4449,9.53,11.03,-4492.66,777.0,124.93,50.86
2025-07-01,20176,Northbrook Paper & Board,2278.7,2174.1,21.7753,21.629,0.9655,0.9541,0.3771,0.4056,30.85,31.97,-333.37,2251.8,585.76,61.96
2025-08-01,20176,Northbrook Paper & Board,1999.1,1965.9,21.7753,22.1112,0.9655,0.9834,0.3771,0.4175,35.7,28.91,671.5,2036.1,-805.69,79.42
2025-09-01,20176,Northbrook Paper & Board,2256.1,2244.8,21.7753,23.0342,0.9655,0.995,0.3771,0.403,28.44,33.01,2840.2,2325.0,-1500.32,58.14
2025-11-01,20176,Northbrook Paper & Board,5607.0,5503.9,21.7753,22.4377,0.9655,0.9816,0.3771,0.4087,83.65,80.94,3714.08,5700.6,-2038.17,173.92
2025-12-01,20176,Northbrook Paper & Board,1204.9,1196.9,21.7753,23.1868,0.9655,0.9933,0.3771,0.4035,13.68,17.6,1700.72,1239.7,-757.78,31.6
2026-01-01,20176,Northbrook Paper & Board,2122.5,2091.4,21.7753,24.0498,0.9655,0.9853,0.3771,0.3947,23.41,30.76,4827.63,2166.1,-949.4,36.81
2026-02-01,20176,Northbrook Paper & Board,3736.6,3475.7,21.7753,25.8642,0.9655,0.9302,0.3771,0.3726,74.02,51.11,15278.58,3599.9,2976.68,-15.64
2026-03-01,20176,Northbrook Paper & Board,2781.1,2595.4,21.7753,25.3214,0.9655,0.9332,0.3771,0.3481,66.63,38.17,9862.06,2688.1,2025.1,-75.27
2026-04-01,20176,Northbrook Paper & Board,1140.8,1084.9,21.7753,24.9187,0.9655,0.951,0.3771,0.3991,15.82,15.95,3585.99,1123.7,372.36,23.87
2026-05-01,20176,Northbrook Paper & Board,5765.3,5284.1,21.7753,25.684,0.9655,0.9165,0.3771,0.4273,81.52,77.71,22534.83,5472.9,6367.1,265.26
2026-06-01,20176,Northbrook Paper & Board,1677.5,1597.6,21.7753,24.7063,0.9655,0.9524,0.3771,0.3505,28.83,23.49,4916.75,1654.7,496.48,-42.5
2023-08-01,20177,Meridian Private Label,1782.6,1729.8,22.7189,22.655,0.9826,0.9704,0.5036,0.4723,28.87,25.44,-113.91,1760.4,504.36,-54.14
2023-09-01,20177,Meridian Private Label,3735.8,3620.4,22.7189,21.0023,0.9826,0.9691,0.5036,0.4908,84.36,53.24,-6412.87,3684.5,1165.48,-46.34
2023-10-01,20177,Meridian Private Label,2734.0,2654.5,22.7189,19.8935,0.9826,0.9709,0.5036,0.4905,34.96,39.04,-7724.64,2701.5,738.36,-34.77
2023-11-01,20177,Meridian Private Label,1120.2,1107.1,22.7189,19.4849,0.9826,0.9884,0.5036,0.5429,12.1,16.28,-3622.73,1126.7,-147.67,43.51
2023-12-01,20177,Meridian Private Label,5459.4,5295.8,22.7189,20.3002,0.9826,0.97,0.5036,0.5012,77.49,77.88,-13204.65,5389.6,1585.78,-12.71
2024-01-01,20177,Meridian Private Label,1919.2,1894.2,22.7189,21.4283,0.9826,0.987,0.5036,0.5066,45.04,27.86,-2476.92,1927.7,-193.11,5.68
2024-02-01,20177,Meridian Private Label,1851.1,1777.1,22.7189,22.0905,0.9826,0.96,0.5036,0.5835,18.68,26.13,-1163.23,1808.6,965.55,141.99
2024-03-01,20177,Meridian Private Label,2445.4,2433.2,22.7189,22.0244,0.9826,0.995,0.5036,0.5135,44.73,35.78,-1698.33,2476.3,-702.01,24.09
2024-04-01,20177,Meridian Private Label,1800.9,1791.9,22.7189,24.2939,0.9826,0.995,0.5036,0.5465,18.73,26.35,2836.42,1823.6,-515.72,76.87
2024-05-01,20177,Meridian Private Label,2426.2,2414.0,22.7189,23.9298,0.9826,0.995,0.5036,0.5864,26.43,35.5,2937.89,2456.7,-692.93,199.88
2024-07-01,20177,Meridian Private Label,5046.4,4721.9,22.6932,22.6316,0.9826,0.9357,0.5036,0.5202,92.11,69.44,-310.86,4805.5,5466.79,78.38
2024-08-01,20177,Meridian Private Label,1440.4,1373.3,22.6932,22.937,0.9826,0.9534,0.5036,0.5674,16.22,20.2,351.17,1397.6,971.27,87.62
2024-09-01,20177,Meridian Private Label,2547.3,2525.2,22.6932,23.1268,0.9826,0.9913,0.5036,0.5764,29.4,37.14,1104.51,2569.9,-512.87,183.83
2024-10-01,20177,Meridian Private Label,3799.6,3780.6,22.6932,22.3153,0.9826,0.995,0.5036,0.4645,53.24,55.6,-1435.87,3847.5,-1087.0,-147.82
2024-11-01,20177,Meridian Private Label,2898.7,2884.2,22.6932,21.6779,0.9826,0.995,0.5036,0.4199,58.24,42.42,-2943.05,2935.3,-830.57,-241.41
2024-12-01,20177,Meridian Private Label,3362.5,3178.0,22.6932,20.5316,0.9826,0.9451,0.5036,0.5461,35.23,46.74,-7268.38,3234.3,2909.27,135.06
2025-02-01,20177,Meridian Private Label,11232.5,10962.5,22.6932,19.5467,0.9826,0.976,0.5036,0.4847,120.18,161.21,-35343.06,11156.6,1722.41,-207.19
2025-04-01,20177,Meridian Private Label,2805.5,2712.7,22.6932,21.8123,0.9826,0.9669,0.5036,0.5009,36.64,39.89,-2471.36,2760.7,1016.66,-7.32
2025-05-01,20177,Meridian Private Label,1837.3,1690.5,22.6932,22.3125,0.9826,0.9201,0.5036,0.4944,34.19,24.86,-699.46,1720.4,2652.84,-15.55
2025-06-01,20177,Meridian Private Label,747.0,704.5,22.6932,22.8743,0.9826,0.9431,0.5036,0.5898,7.55,10.36,135.28,717.0,680.8,60.73
2025-07-01,20177,Meridian Private Label,3184.3,3006.2,23.0584,23.3993,0.9826,0.944,0.5036,0.496,37.48,44.21,1085.53,3059.4,2879.99,-22.85
2025-08-01,20177,Meridian Private Label,2162.7,2096.7,23.0584,23.2366,0.9826,0.9695,0.5036,0.4557,26.34,30.83,385.39,2133.8,666.39,-100.43
2025-09-01,20177,Meridian Private Label,1995.0,1904.1,23.0584,21.1493,0.9826,0.9545,0.5036,0.5166,45.29,28.0,-3808.65,1937.8,1318.94,24.75
2025-10-01,20177,Meridian Private Label,7204.9,6898.2,23.0584,19.8264,0.9826,0.9574,0.5036,0.4796,125.66,101.44,-23286.24,7020.4,4254.27,-165.56
2025-11-01,20177,Meridian Private Label,3614.4,3327.5,23.0584,19.2982,0.9826,0.9206,0.5036,0.4806,65.69,48.93,-13590.87,3386.4,5257.32,-76.53
2026-01-01,20177,Meridian Private Label,1271.1,1174.1,23.0584,20.0129,0.9826,0.9237,0.5036,0.6037,18.65,17.27,-3871.14,1194.9,1757.05,117.53
2026-02-01,20177,Meridian Private Label,1717.0,1664.0,23.0584,20.1195,0.9826,0.9691,0.5036,0.4993,20.35,24.47,-5046.09,1693.5,541.87,-7.16
2026-03-01,20177,Meridian Private Label,1280.3,1237.9,23.0584,20.6439,0.9826,0.9669,0.5036,0.5235,26.61,18.2,-3091.28,1259.8,472.7,24.63
2026-05-01,20177,Meridian Private Label,2978.9,2933.7,23.0584,23.6838,0.9826,0.9848,0.5036,0.4739,53.92,43.14,1863.0,2985.7,-156.8,-87.13
2026-06-01,20177,Meridian Private Label,2101.1,2042.7,23.0584,24.191,0.9826,0.9722,0.5036,0.6248,40.29,30.04,2379.71,2078.9,511.9,247.58
2023-07-01,20178,Northbrook Paper & Board,1094.6,1023.9,18.4053,18.6008,0.9237,0.9354,0.5505,0.5533,12.18,15.06,213.99,1108.5,-255.83,2.87
2023-08-01,20178,Northbrook Paper & Board,689.1,647.8,18.4053,17.6089,0.9237,0.94,0.5505,0.5578,16.72,9.53,-548.8,701.3,-224.54,4.73
2023-09-01,20178,Northbrook Paper & Board,3442.0,3297.1,18.4053,17.8971,0.9237,0.9579,0.5505,0.5926,43.16,48.49,-1749.22,3569.4,-2344.84,138.81
2023-10-01,20178,Northbrook Paper & Board,1027.8,939.0,18.4053,17.8987,0.9237,0.9135,0.5505,0.5036,10.79,13.81,-520.68,1016.6,206.14,-44.04
2023-11-01,20178,Northbrook Paper & Board,945.7,859.8,18.4053,19.5695,0.9237,0.9092,0.5505,0.54,17.58,12.64,1100.98,930.8,274.24,-9.03
2023-12-01,20178,Northbrook Paper & Board,1373.1,1271.1,18.4053,20.581,0.9237,0.9257,0.5505,0.5907,18.92,18.69,2987.45,1376.1,-55.22,51.1
2024-02-01,20178,Northbrook Paper & Board,831.1,766.4,18.4053,19.7886,0.9237,0.9221,0.5505,0.4416,15.1,11.27,1149.66,829.7,25.77,-83.46
2024-03-01,20178,Northbrook Paper & Board,1489.1,1363.7,18.4053,19.1906,0.9237,0.9158,0.5505,0.5766,16.46,20.05,1169.39,1476.3,235.59,35.59
2024-04-01,20178,Northbrook Paper & Board,2949.4,2700.7,18.4053,18.1221,0.9237,0.9157,0.5505,0.5784,34.68,39.72,-835.27,2923.8,471.18,75.35
2024-05-01,20178,Northbrook Paper & Board,1292.3,1250.0,18.4053,17.4992,0.9237,0.9673,0.5505,0.5651,23.2,18.38,-1170.95,1353.3,-1122.72,18.25
2024-06-01,20178,Northbrook Paper & Board,348.0,332.0,18.4053,17.0924,0.9237,0.9539,0.5505,0.564,4.26,4.88,-456.89,359.4,-209.82,4.48
2024-08-01,20178,Northbrook Paper & Board,2931.6,2710.0,16.9596,15.2942,0.9237,0.9244,0.5505,0.5188,31.6,39.85,-4882.29,2933.9,-39.01,-85.91
2024-09-01,20178,Northbrook Paper & Board,1914.9,1793.2,16.9596,14.2601,0.9237,0.9364,0.5505,0.5552,40.36,26.37,-5169.27,1941.3,-447.73,8.43
2024-10-01,20178,Northbrook Paper & Board,1221.4,1066.0,16.9596,14.2841,0.9237,0.8728,0.5505,0.5603,22.4,15.68,-3267.86,1154.1,1141.38,10.45
2024-11-01,20178,Northbrook Paper & Board,1100.8,993.7,16.9596,14.0229,0.9237,0.9027,0.5505,0.5192,15.69,14.61,-3232.72,1075.8,423.99,-31.1
2024-12-01,20178,Northbrook Paper & Board,643.3,592.5,16.9596,14.3151,0.9237,0.921,0.5505,0.5467,13.16,8.71,-1701.21,641.4,32.22,-2.25
2025-01-01,20178,Northbrook Paper & Board,1033.2,969.4,16.9596,14.2467,0.9237,0.9382,0.5505,0.5956,11.68,14.26,-2802.97,1049.5,-276.44,43.72
2025-03-01,20178,Northbrook Paper & Board,861.9,760.5,16.9596,13.8549,0.9237,0.8824,0.5505,0.4837,9.42,11.18,-2675.94,823.3,654.64,-50.8
2025-04-01,20178,Northbrook Paper & Board,1111.9,952.5,16.9596,13.9308,0.9237,0.8567,0.5505,0.5493,18.43,14.01,-3367.72,1031.2,1368.64,-1.14
2025-05-01,20178,Northbrook Paper & Board,1872.9,1681.0,16.9596,13.9634,0.9237,0.8975,0.5505,0.6063,36.88,24.72,-5611.58,1819.9,898.86,93.8
2025-06-01,20178,Northbrook Paper & Board,1919.4,1743.2,16.9596,14.2108,0.9237,0.9082,0.5505,0.5499,40.81,25.64,-5276.05,1887.2,546.1,-1.05
2025-07-01,20178,Northbrook Paper & Board,3191.9,2948.5,13.3519,13.5159,0.9237,0.9237,0.5505,0.612,31.57,43.36,523.47,3192.1,-2.67,181.33
2025-08-01,20178,Northbrook Paper & Board,833.1,792.6,13.3519,14.1881,0.9237,0.9513,0.5505,0.5431,11.71,11.66,696.64,858.1,-333.8,-5.87
2025-09-01,20178,Northbrook Paper & Board,314.3,302.7,13.3519,14.6969,0.9237,0.963,0.5505,0.4919,6.05,4.45,422.73,327.7,-178.92,-17.74
2025-11-01,20178,Northbrook Paper & Board,310.6,309.1,13.3519,14.4086,0.9237,0.995,0.5505,0.5698,3.27,4.55,328.21,334.6,-320.45,5.97
2026-01-01,20178,Northbrook Paper & Board,1774.1,1667.3,13.3519,16.8549,0.9237,0.9398,0.5505,0.5063,33.02,24.52,6214.67,1805.0,-412.57,-73.69
2026-02-01,20178,Northbrook Paper & Board,1970.2,1834.3,13.3519,17.1815,0.9237,0.9311,0.5505,0.5357,28.4,26.98,7545.08,1985.8,-208.29,-27.15
2026-03-01,20178,Northbrook Paper & Board,1543.4,1406.8,13.3519,17.8945,0.9237,0.9115,0.5505,0.5426,19.5,20.69,7011.05,1523.0,272.38,-11.11
2026-04-01,20178,Northbrook Paper & Board,1475.8,1315.3,13.3519,17.6891,0.9237,0.8912,0.5505,0.5589,14.44,19.34,6400.84,1423.9,692.96,11.05
2026-05-01,20178,Northbrook Paper & Board,1779.3,1623.6,13.3519,17.943,0.9237,0.9125,0.5505,0.4944,20.9,23.88,8168.94,1757.7,288.4,-91.08
2026-06-01,20178,Northbrook Paper & Board,1502.8,1357.0,13.3519,17.4446,0.9237,0.903,0.5505,0.6141,15.39,19.96,6150.51,1469.1,449.96,86.31
2023-07-01,20179,Harlow Textile Group,331.6,323.4,23.2854,22.9701,0.9519,0.9753,0.4141,0.5142,5.35,4.76,-104.55,339.7,-188.61,32.37
2023-08-01,20179,Harlow Textile Group,410.3,386.5,23.2854,21.7683,0.9519,0.9418,0.4141,0.3827,4.6,5.68,-622.47,406.0,100.13,-12.14
2023-09-01,20179,Harlow Textile Group,473.4,450.4,23.2854,20.6229,0.9519,0.9515,0.4141,0.4426,5.29,6.62,-1260.43,473.2,4.66,12.84
2023-10-01,20179,Harlow Textile Group,392.0,379.1,23.2854,20.9755,0.9519,0.967,0.4141,0.4137,6.43,5.58,-905.48,398.3,-146.7,-0.15
2023-11-01,20179,Harlow Textile Group,693.1,655.1,23.2854,20.913,0.9519,0.9453,0.4141,0.4314,10.37,9.63,-1644.31,688.2,114.1,11.33
2024-01-01,20179,Harlow Textile Group,351.3,345.2,23.2854,22.8844,0.9519,0.9826,0.4141,0.4818,4.58,5.08,-140.87,362.6,-263.13,23.37
2024-04-01,20179,Harlow Textile Group,592.6,543.7,23.2854,25.0125,0.9519,0.9175,0.4141,0.4551,7.11,8.0,1023.48,571.2,498.31,22.29
2024-05-01,20179,Harlow Textile Group,574.1,520.5,23.2854,23.118,0.9519,0.9067,0.4141,0.4687,6.47,7.65,-96.1,546.8,635.69,28.42
2024-06-01,20179,Harlow Textile Group,284.9,268.2,23.2854,22.871,0.9519,0.9413,0.4141,0.4271,3.51,3.94,-118.06,281.8,72.18,3.49
2024-07-01,20179,Harlow Textile Group,588.2,555.4,22.3856,22.6473,0.9519,0.9442,0.4141,0.4397,14.6,8.17,153.93,583.5,105.21,14.22
2024-08-01,20179,Harlow Textile Group,228.1,213.0,22.3856,22.6148,0.9519,0.9338,0.4141,0.4889,3.43,3.13,52.28,223.8,96.26,15.93
2024-09-01,20179,Harlow Textile Group,285.0,261.7,22.3856,23.4846,0.9519,0.9184,0.4141,0.3476,4.85,3.85,313.22,274.9,226.09,-17.4
2024-10-01,20179,Harlow Textile Group,240.6,224.5,22.3856,22.372,0.9519,0.933,0.4141,0.4066,4.03,3.3,-3.27,235.8,107.45,-1.68
2024-11-01,20179,Harlow Textile Group,305.0,290.0,22.3856,21.915,0.9519,0.9508,0.4141,0.3355,4.24,4.26,-143.53,304.7,6.72,-22.79
2024-12-01,20179,Harlow Textile Group,431.5,409.2,22.3856,21.2791,0.9519,0.9482,0.4141,0.4443,7.31,6.02,-477.45,429.9,35.82,12.36
2025-01-01,20179,Harlow Textile Group,513.2,481.5,22.3856,20.7506,0.9519,0.9382,0.4141,0.3973,10.38,7.08,-839.08,505.8,165.65,-8.09
2025-02-01,20179,Harlow Textile Group,708.5,689.6,22.3856,20.3322,0.9519,0.9733,0.4141,0.3782,8.82,10.14,-1454.83,724.4,-355.93,-24.76
2025-03-01,20179,Harlow Textile Group,522.5,504.6,22.3856,20.9821,0.9519,0.9657,0.4141,0.475,7.8,7.42,-733.33,530.1,-170.13,30.73
2025-04-01,20179,Harlow Textile Group,330.0,313.9,22.3856,21.6547,0.9519,0.951,0.4141,0.4324,5.71,4.62,-241.2,329.8,4.48,5.74
2025-05-01,20179,Harlow Textile Group,594.6,538.7,22.3856,22.9775,0.9519,0.9061,0.4141,0.3609,10.85,7.92,351.94,565.9,642.47,-28.66
2025-06-01,20179,Harlow Textile Group,747.5,688.8,22.3856,22.92,0.9519,0.9214,0.4141,0.4186,8.15,10.13,399.46,723.6,535.02,3.1
2025-07-01,20179,Harlow Textile Group,596.3,572.5,22.7637,22.8857,0.9519,0.96,0.4141,0.4747,8.82,8.42,72.75,601.4,-116.09,34.69
2025-08-01,20179,Harlow Textile Group,451.4,418.5,22.7637,22.506,0.9519,0.9271,0.4141,0.3912,6.09,6.15,-116.33,439.6,268.61,-9.58
2025-09-01,20179,Harlow Textile Group,852.2,802.3,22.7637,20.9987,0.9519,0.9415,0.4141,0.4473,10.12,11.8,-1504.13,842.8,213.98,26.64
2025-10-01,20179,Harlow Textile Group,602.9,568.0,22.7637,20.0398,0.9519,0.9421,0.4141,0.3814,12.17,8.35,-1642.24,596.7,141.13,-18.57
2025-11-01,20179,Harlow Textile Group,529.6,505.5,22.7637,20.097,0.9519,0.9546,0.4141,0.462,5.39,7.43,-1412.28,531.0,-31.87,24.21
2025-12-01,20179,Harlow Textile Group,305.6,290.9,22.7637,19.464,0.9519,0.9518,0.4141,0.3799,3.23,4.28,-1008.39,305.6,0.0,-9.95
2026-01-01,20179,Harlow Textile Group,242.8,241.6,22.7637,20.2346,0.9519,0.995,0.4141,0.5012,2.82,3.55,-614.07,253.8,-250.4,21.04
2026-02-01,20179,Harlow Textile Group,663.1,659.8,22.7637,20.9754,0.9519,0.995,0.4141,0.3818,9.34,9.7,-1185.82,693.1,-682.91,-21.31
2026-04-01,20179,Harlow Textile Group,463.3,437.3,22.7637,22.5817,0.9519,0.9438,0.4141,0.433,6.54,6.43,-84.32,459.4,88.78,8.26
2026-05-01,20179,Harlow Textile Group,409.4,400.8,22.7637,22.4815,0.9519,0.9789,0.4141,0.4178,4.34,5.89,-115.53,421.1,-266.34,1.48
2023-07-01,20180,Shenzhen Kaiyuan Electronics,6466.6,5929.7,9.9117,9.9341,0.9302,0.917,0.2443,0.2688,64.97,87.2,144.85,6374.7,910.89,145.28
2023-08-01,20180,Shenzhen Kaiyuan Electronics,3687.4,3456.0,9.9117,10.0275,0.9302,0.9372,0.2443,0.2982,46.76,50.82,427.0,3715.3,-276.54,186.28
2023-09-01,20180,Shenzhen Kaiyuan Electronics,8982.1,8170.3,9.9117,9.9951,0.9302,0.9096,0.2443,0.2878,196.27,120.15,749.11,8783.4,1969.45,355.41
2023-10-01,20180,Shenzhen Kaiyuan Electronics,7401.5,6687.1,9.9117,10.0605,0.9302,0.9035,0.2443,0.227,136.76,98.34,1101.34,7188.9,2107.23,-115.69
2023-11-01,20180,Shenzhen Kaiyuan Electronics,6774.7,6467.4,9.9117,10.1008,0.9302,0.9546,0.2443,0.2605,113.51,95.11,1281.1,6952.7,-1764.28,104.77
2023-12-01,20180,Shenzhen Kaiyuan Electronics,2620.0,2477.0,9.9117,10.0028,0.9302,0.9454,0.2443,0.2802,30.48,36.43,238.68,2662.9,-425.21,88.92
2024-01-01,20180,Shenzhen Kaiyuan Electronics,4716.7,4462.7,9.9117,9.4955,0.9302,0.9462,0.2443,0.2346,86.48,65.63,-1963.09,4797.6,-801.86,-43.29
2024-02-01,20180,Shenzhen Kaiyuan Electronics,6800.4,6280.2,9.9117,9.3103,0.9302,0.9235,0.2443,0.2209,82.55,92.36,-4089.76,6751.5,484.68,-146.96
2024-03-01,20180,Shenzhen Kaiyuan Electronics,3399.4,3126.3,9.9117,9.2387,0.9302,0.9197,0.2443,0.2901,59.17,45.98,-2287.8,3360.9,381.6,143.18
2024-04-01,20180,Shenzhen Kaiyuan Electronics,14827.1,14073.6,9.9117,9.0045,0.9302,0.9492,0.2443,0.2274,169.97,206.96,-13451.15,15129.6,-2998.29,-237.84
2024-05-01,20180,Shenzhen Kaiyuan Electronics,2212.9,2151.3,9.9117,9.2172,0.9302,0.9722,0.2443,0.2399,29.57,31.64,-1536.86,2312.7,-989.19,-9.47
2024-06-01,20180,Shenzhen Kaiyuan Electronics,8987.5,8453.9,9.9117,9.4458,0.9302,0.9406,0.2443,0.2783,137.81,124.32,-4187.28,9088.3,-999.1,287.43
2024-07-01,20180,Shenzhen Kaiyuan Electronics,2240.5,2041.9,9.5111,9.3751,0.9302,0.9114,0.2443,0.2546,32.06,30.03,-304.71,2195.1,431.8,21.03
2024-08-01,20180,Shenzhen Kaiyuan Electronics,9919.0,9489.8,9.5111,9.2045,0.9302,0.9567,0.2443,0.2631,137.96,139.56,-3041.17,10201.9,-2690.69,178.41
2024-09-01,20180,Shenzhen Kaiyuan Electronics,2824.9,2644.8,9.5111,9.7308,0.9302,0.9362,0.2443,0.2475,29.55,38.89,620.63,2843.3,-175.0,8.46
2024-10-01,20180,Shenzhen Kaiyuan Electronics,5975.8,5366.4,9.5111,9.6051,0.9302,0.898,0.2443,0.227,59.98,78.92,561.73,5769.1,1965.94,-92.84
2024-11-01,20180,Shenzhen Kaiyuan Electronics,6568.3,6218.5,9.5111,9.8224,0.9302,0.9467,0.2443,0.2766,107.66,91.45,2044.71,6685.1,-1110.9,200.86
2024-12-01,20180,Shenzhen Kaiyuan Electronics,5925.2,5239.4,9.5111,10.3334,0.9302,0.8843,0.2443,0.2282,86.16,77.05,4872.29,5632.6,2782.95,-84.35
2025-01-01,20180,Shenzhen Kaiyuan Electronics,9933.1,9176.6,9.5111,10.1661,0.9302,0.9238,0.2443,0.2409,188.37,134.95,6506.18,9865.2,645.8,-31.2
2025-02-01,20180,Shenzhen Kaiyuan Electronics,5911.3,5550.8,9.5111,10.4684,0.9302,0.939,0.2443,0.2563,111.96,81.63,5658.89,5967.3,-532.62,66.61
2025-03-01,20180,Shenzhen Kaiyuan Electronics,7061.0,6752.5,9.5111,10.0417,0.9302,0.9563,0.2443,0.2584,164.01,99.3,3746.57,7259.2,-1885.1,95.21
2025-04-01,20180,Shenzhen Kaiyuan Electronics,6372.9,5907.6,9.5111,9.5948,0.9302,0.927,0.2443,0.247,88.03,86.88,533.41,6350.9,209.24,15.95
2025-06-01,20180,Shenzhen Kaiyuan Electronics,7941.4,7227.6,9.5111,9.7913,0.9302,0.9101,0.2443,0.2795,84.46,106.29,2225.18,7769.9,1631.15,254.41
2025-08-01,20180,Shenzhen Kaiyuan Electronics,3914.3,3595.6,10.1263,9.724,0.9302,0.9186,0.2443,0.2905,63.44,52.88,-1574.72,3865.4,495.18,166.12
2025-09-01,20180,Shenzhen Kaiyuan Electronics,2734.9,2532.0,10.1263,9.4331,0.9302,0.9258,0.2443,0.3192,29.86,37.24,-1895.83,2722.0,130.63,189.65
2025-10-01,20180,Shenzhen Kaiyuan Electronics,12898.0,12074.3,10.1263,9.4244,0.9302,0.9361,0.2443,0.2643,177.87,177.56,-9053.11,12980.3,-833.39,241.49
2025-11-01,20180,Shenzhen Kaiyuan Electronics,2329.8,2113.5,10.1263,9.912,0.9302,0.9071,0.2443,0.2405,32.84,31.08,-499.28,2272.1,584.29,-8.03
2025-12-01,20180,Shenzhen Kaiyuan Electronics,9847.6,9067.2,10.1263,10.5164,0.9302,0.9208,0.2443,0.2753,221.0,133.34,3841.55,9747.6,1012.63,281.08
2026-01-01,20180,Shenzhen Kaiyuan Electronics,1949.8,1854.8,10.1263,10.4978,0.9302,0.9513,0.2443,0.2467,22.93,27.28,724.35,1994.0,-447.58,4.45
2026-02-01,20180,Shenzhen Kaiyuan Electronics,7819.7,7420.7,10.1263,10.6594,0.9302,0.949,0.2443,0.289,119.07,109.13,4168.68,7977.5,-1597.93,331.71
2026-03-01,20180,Shenzhen Kaiyuan Electronics,4206.4,4055.0,10.1263,10.1989,0.9302,0.964,0.2443,0.2213,103.55,59.63,305.38,4359.3,-1548.31,-93.26
2026-06-01,20180,Shenzhen Kaiyuan Electronics,7411.2,7136.5,10.1263,10.127,0.9302,0.9629,0.2443,0.2474,104.0,104.95,5.19,7672.0,-2640.94,22.12
2023-07-01,20181,Ningbo Hometech Manufacturing,50.3,50.0,6.4884,6.4512,0.9786,0.9938,0.5625,0.7108,0.52,0.74,-1.87,51.1,-5.19,7.41
2023-08-01,20181,Ningbo Hometech Manufacturing,50.9,50.0,6.4884,6.5891,0.9786,0.9814,0.5625,0.5636,0.72,0.74,5.13,51.1,-1.3,0.05
2023-09-01,20181,Ningbo Hometech Manufacturing,51.8,50.0,6.4884,6.6189,0.9786,0.9649,0.5625,0.6184,0.55,0.74,6.76,51.1,4.54,2.79
2023-11-01,20181,Ningbo Hometech Manufacturing,50.3,50.0,6.4884,6.6591,0.9786,0.995,0.5625,0.6773,0.6,0.74,8.59,51.1,-5.19,5.74
2023-12-01,20181,Ningbo Hometech Manufacturing,75.3,73.3,6.4884,6.5872,0.9786,0.9729,0.5625,0.5214,1.25,1.08,7.44,74.9,2.6,-3.01
2024-02-01,20181,Ningbo Hometech Manufacturing,50.3,50.0,6.4884,6.6694,0.9786,0.995,0.5625,0.5752,0.92,0.74,9.1,51.1,-5.19,0.64
2024-03-01,20181,Ningbo Hometech Manufacturing,64.9,64.6,6.4884,6.7904,0.9786,0.995,0.5625,0.5624,0.76,0.95,19.6,66.0,-7.14,-0.01
2024-04-01,20181,Ningbo Hometech Manufacturing,50.3,50.0,6.4884,6.8915,0.9786,0.995,0.5625,0.6024,0.95,0.74,20.28,51.1,-5.19,2.0
2024-05-01,20181,Ningbo Hometech Manufacturing,54.8,53.3,6.4884,7.3211,0.9786,0.973,0.5625,0.6532,0.65,0.78,45.63,54.5,1.95,4.83
2024-06-01,20181,Ningbo Hometech Manufacturing,57.5,57.2,6.4884,7.6978,0.9786,0.995,0.5625,0.6435,0.95,0.84,69.54,58.5,-6.49,4.63
2024-07-01,20181,Ningbo Hometech Manufacturing,50.3,50.0,7.8495,7.8032,0.9786,0.995,0.5625,0.6126,0.87,0.74,-2.33,51.1,-6.28,2.51
2024-08-01,20181,Ningbo Hometech Manufacturing,50.9,50.0,7.8495,7.7141,0.9786,0.9818,0.5625,0.5862,0.63,0.74,-6.89,51.1,-1.57,1.19
2024-10-01,20181,Ningbo Hometech Manufacturing,77.3,75.0,7.8495,7.765,0.9786,0.9703,0.5625,0.6269,1.9,1.1,-6.53,76.6,5.49,4.83
2024-11-01,20181,Ningbo Hometech Manufacturing,52.6,50.0,7.8495,7.3655,0.9786,0.9498,0.5625,0.5272,0.66,0.74,-25.46,51.1,11.77,-1.76
2024-12-01,20181,Ningbo Hometech Manufacturing,51.4,50.0,7.8495,7.4433,0.9786,0.9722,0.5625,0.6127,0.54,0.74,-20.88,51.1,2.35,2.51
2025-01-01,20181,Ningbo Hometech Manufacturing,51.5,50.0,7.8495,7.9008,0.9786,0.9701,0.5625,0.5567,1.24,0.74,2.64,51.1,3.14,-0.29
2025-02-01,20181,Ningbo Hometech Manufacturing,50.3,50.0,7.8495,7.8061,0.9786,0.995,0.5625,0.5801,0.84,0.74,-2.18,51.1,-6.28,0.88
2025-03-01,20181,Ningbo Hometech Manufacturing,70.0,69.6,7.8495,8.204,0.9786,0.995,0.5625,0.5155,0.74,1.02,24.82,71.1,-8.63,-3.27
2025-04-01,20181,Ningbo Hometech Manufacturing,50.3,50.0,7.8495,8.6431,0.9786,0.995,0.5625,0.5975,0.57,0.74,39.92,51.1,-6.28,1.75
2025-05-01,20181,Ningbo Hometech Manufacturing,51.3,51.1,7.8495,8.68,0.9786,0.995,0.5625,0.6586,0.96,0.75,42.6,52.2,-7.06,4.91
2025-06-01,20181,Ningbo Hometech Manufacturing,51.7,50.0,7.8495,8.9668,0.9786,0.9678,0.5625,0.5443,0.57,0.74,57.76,51.1,4.71,-0.91
2025-08-01,20181,Ningbo Hometech Manufacturing,50.3,50.0,8.9223,8.5002,0.9786,0.995,0.5625,0.5213,0.75,0.74,-21.23,51.1,-7.14,-2.06
2025-09-01,20181,Ningbo Hometech Manufacturing,66.2,64.7,8.9223,8.5897,0.9786,0.9777,0.5625,0.6412,0.77,0.95,-22.02,66.1,0.89,5.09
2025-10-01,20181,Ningbo Hometech Manufacturing,50.5,50.0,8.9223,8.2121,0.9786,0.9898,0.5625,0.6172,0.88,0.74,-35.87,51.1,-5.35,2.73
2025-11-01,20181,Ningbo Hometech Manufacturing,79.8,77.8,8.9223,8.2801,0.9786,0.9747,0.5625,0.5555,0.85,1.14,-51.25,79.5,2.68,-0.54
2025-12-01,20181,Ningbo Hometech Manufacturing,114.1,109.7,8.9223,7.9548,0.9786,0.9616,0.5625,0.6011,1.57,1.61,-110.39,112.1,17.84,4.23
2026-01-01,20181,Ningbo Hometech Manufacturing,50.3,50.0,8.9223,8.0482,0.9786,0.995,0.5625,0.499,0.67,0.74,-43.97,51.1,-7.14,-3.18
2026-02-01,20181,Ningbo Hometech Manufacturing,50.3,50.0,8.9223,8.3335,0.9786,0.995,0.5625,0.4976,1.15,0.74,-29.62,51.1,-7.14,-3.25
2026-03-01,20181,Ningbo Hometech Manufacturing,50.3,50.0,8.9223,8.5015,0.9786,0.995,0.5625,0.548,0.96,0.74,-21.17,51.1,-7.14,-0.72
2026-04-01,20181,Ningbo Hometech Manufacturing,51.0,50.0,8.9223,8.9027,0.9786,0.9804,0.5625,0.5732,0.77,0.74,-1.0,51.1,-0.89,0.54
2026-05-01,20181,Ningbo Hometech Manufacturing,50.3,50.0,8.9223,9.4188,0.9786,0.995,0.5625,0.5495,0.8,0.74,24.97,51.1,-7.14,-0.65
2026-06-01,20181,Ningbo Hometech Manufacturing,50.3,50.0,8.9223,9.9992,0.9786,0.995,0.5625,0.5167,0.58,0.74,54.17,51.1,-7.14,-2.29
2023-07-01,20182,Northbrook Paper & Board,156.9,153.1,25.292,25.0261,0.9378,0.9756,0.4887,0.5433,1.7,2.25,-41.72,163.3,-161.87,8.36
2023-08-01,20182,Northbrook Paper & Board,73.9,69.8,25.292,24.7817,0.9378,0.9449,0.4887,0.473,0.8,1.03,-37.71,74.4,-12.65,-1.1
2023-09-01,20182,Northbrook Paper & Board,162.4,155.9,25.292,24.48,0.9378,0.9601,0.4887,0.5733,2.53,2.29,-131.87,166.2,-96.11,13.19
2023-11-01,20182,Northbrook Paper & Board,232.5,221.2,25.292,23.8275,0.9378,0.9514,0.4887,0.3932,3.48,3.25,-340.5,235.9,-85.99,-21.12
2024-02-01,20182,Northbrook Paper & Board,58.0,55.6,25.292,22.1191,0.9378,0.9571,0.4887,0.4914,1.32,0.82,-184.03,59.3,-32.88,0.15
2024-04-01,20182,Northbrook Paper & Board,240.7,236.0,25.292,20.385,0.9378,0.9805,0.4887,0.5261,3.56,3.47,-1181.11,251.7,-278.21,8.83
2024-06-01,20182,Northbrook Paper & Board,105.0,99.8,25.292,21.5291,0.9378,0.9506,0.4887,0.5508,1.48,1.47,-395.1,106.4,-35.41,6.2
2024-07-01,20182,Northbrook Paper & Board,148.0,138.0,22.5947,22.6524,0.9378,0.9328,0.4887,0.4724,2.5,2.03,8.54,147.2,18.08,-2.25
2024-08-01,20182,Northbrook Paper & Board,122.8,117.4,22.5947,22.3454,0.9378,0.9567,0.4887,0.5375,1.73,1.73,-30.61,125.2,-54.23,5.73
2024-09-01,20182,Northbrook Paper & Board,179.9,168.7,22.5947,21.1589,0.9378,0.9376,0.4887,0.4935,3.42,2.48,-258.3,179.9,0.0,0.81
2024-10-01,20182,Northbrook Paper & Board,84.9,78.6,22.5947,21.9745,0.9378,0.9257,0.4887,0.5632,1.01,1.16,-52.65,83.8,24.85,5.86
2024-11-01,20182,Northbrook Paper & Board,83.9,77.5,22.5947,23.1,0.9378,0.9241,0.4887,0.5314,1.85,1.14,42.39,82.6,29.37,3.31
2024-12-01,20182,Northbrook Paper & Board,208.4,192.1,22.5947,23.4941,0.9378,0.922,0.4887,0.4525,2.26,2.83,187.43,204.8,81.34,-6.95
2025-01-01,20182,Northbrook Paper & Board,111.8,102.1,22.5947,23.4771,0.9378,0.9138,0.4887,0.4847,1.28,1.5,98.65,108.9,65.52,-0.41
2025-02-01,20182,Northbrook Paper & Board,135.1,125.7,22.5947,21.8945,0.9378,0.9301,0.4887,0.4989,1.72,1.85,-94.6,134.0,24.85,1.28
2025-03-01,20182,Northbrook Paper & Board,211.7,201.1,22.5947,21.4575,0.9378,0.9502,0.4887,0.5048,2.14,2.96,-240.75,214.4,-61.01,3.24
2025-04-01,20182,Northbrook Paper & Board,195.2,191.5,22.5947,20.5595,0.9378,0.9809,0.4887,0.5401,2.07,2.82,-397.27,204.2,-203.35,9.84
2025-06-01,20182,Northbrook Paper & Board,153.9,146.8,22.5947,19.7471,0.9378,0.9539,0.4887,0.4803,2.24,2.16,-438.25,156.5,-58.75,-1.23
2025-07-01,20182,Northbrook Paper & Board,258.4,229.5,20.0494,20.2398,0.9378,0.8882,0.4887,0.5004,4.98,3.38,49.2,244.7,274.68,2.69
2025-08-01,20182,Northbrook Paper & Board,54.6,50.0,20.0494,20.7314,0.9378,0.9165,0.4887,0.4476,0.93,0.74,37.24,53.3,26.06,-2.06
2025-09-01,20182,Northbrook Paper & Board,459.4,436.8,20.0494,20.5805,0.9378,0.9507,0.4887,0.4459,5.5,6.42,243.99,465.8,-128.32,-18.7
2025-10-01,20182,Northbrook Paper & Board,231.5,222.2,20.0494,20.1756,0.9378,0.9599,0.4887,0.4395,3.1,3.27,29.22,236.9,-108.27,-10.93
2025-11-01,20182,Northbrook Paper & Board,130.4,122.2,20.0494,19.9067,0.9378,0.9373,0.4887,0.5311,1.52,1.8,-18.61,130.3,2.0,5.18
2026-01-01,20182,Northbrook Paper & Board,274.3,259.9,20.0494,17.9166,0.9378,0.9473,0.4887,0.5136,4.69,3.82,-585.03,277.1,-56.14,6.47
2026-02-01,20182,Northbrook Paper & Board,238.8,223.1,20.0494,17.1406,0.9378,0.9343,0.4887,0.5459,5.31,3.28,-694.62,237.9,18.04,12.76
2026-04-01,20182,Northbrook Paper & Board,289.3,277.0,20.0494,16.3201,0.9378,0.9575,0.4887,0.4895,5.55,4.07,-1078.89,295.4,-122.3,0.22
2026-05-01,20182,Northbrook Paper & Board,54.1,50.0,20.0494,16.0455,0.9378,0.9237,0.4887,0.6267,0.58,0.74,-216.61,53.3,16.04,6.9
2026-06-01,20182,Northbrook Paper & Board,201.2,191.6,20.0494,16.903,0.9378,0.9523,0.4887,0.6195,3.25,2.82,-633.06,204.3,-62.15,25.06
2023-07-01,20183,Northbrook Paper & Board,1128.3,1025.2,46.8561,46.2357,0.8849,0.9087,0.3325,0.3203,15.54,15.08,-700.0,1158.5,-1415.05,-12.51
2023-08-01,20183,Northbrook Paper & Board,2402.0,2187.6,46.8561,47.826,0.8849,0.9107,0.3325,0.2936,37.71,32.17,2329.7,2472.1,-3284.61,-85.1
2023-09-01,20183,Northbrook Paper & Board,1053.6,904.1,46.8561,45.5174,0.8849,0.8581,0.3325,0.3575,22.91,13.3,-1410.45,1021.7,1494.71,22.6
2023-10-01,20183,Northbrook Paper & Board,2044.2,1725.3,46.8561,44.8187,0.8849,0.844,0.3325,0.3548,19.45,25.37,-4164.85,1949.7,4427.9,38.47
2024-01-01,20183,Northbrook Paper & Board,1997.2,1881.2,46.8561,42.3843,0.8849,0.9419,0.3325,0.2849,35.72,27.66,-8931.08,2125.9,-6030.38,-89.55
2024-02-01,20183,Northbrook Paper & Board,1778.0,1655.0,46.8561,41.4244,0.8849,0.9308,0.3325,0.3617,19.71,24.34,-9657.56,1870.3,-4324.82,48.33
2024-03-01,20183,Northbrook Paper & Board,4152.4,3930.2,46.8561,42.9519,0.8849,0.9465,0.3325,0.3463,41.25,57.8,-16211.8,4441.4,-13541.41,54.24
2024-04-01,20183,Northbrook Paper & Board,1271.0,1136.5,46.8561,47.6367,0.8849,0.8942,0.3325,0.3142,12.93,16.71,992.14,1284.3,-623.19,-20.8
2024-05-01,20183,Northbrook Paper & Board,1621.6,1515.3,46.8561,47.9216,0.8849,0.9344,0.3325,0.3308,25.31,22.28,1727.81,1712.4,-4254.53,-2.58
2024-06-01,20183,Northbrook Paper & Board,8744.3,7821.1,46.8561,50.8066,0.8849,0.8944,0.3325,0.3165,94.26,115.02,34544.36,8838.4,-4409.16,-125.14
2024-07-01,20183,Northbrook Paper & Board,4160.4,3715.7,51.1377,50.8574,0.8849,0.8931,0.3325,0.3684,59.55,54.64,-1166.16,4199.0,-1973.92,133.39
2024-10-01,20183,Northbrook Paper & Board,2245.4,2016.2,51.1377,46.6118,0.8849,0.8979,0.3325,0.2767,46.81,29.65,-10162.46,2278.4,-1687.54,-112.5
2024-11-01,20183,Northbrook Paper & Board,4653.8,4328.5,51.1377,46.5597,0.8849,0.9301,0.3325,0.3082,71.46,63.65,-21305.1,4891.5,-12155.43,-105.18
2024-12-01,20183,Northbrook Paper & Board,1712.1,1487.3,51.1377,48.1312,0.8849,0.8687,0.3325,0.3342,20.74,21.87,-5147.43,1680.8,1600.61,2.53
2025-01-01,20183,Northbrook Paper & Board,3093.4,2680.0,51.1377,47.0238,0.8849,0.8664,0.3325,0.3535,29.25,39.41,-12725.94,3028.6,3313.72,56.28
2025-02-01,20183,Northbrook Paper & Board,2743.5,2483.5,51.1377,46.0807,0.8849,0.9052,0.3325,0.3387,33.12,36.52,-13873.88,2806.5,-3221.68,15.4
2025-03-01,20183,Northbrook Paper & Board,3062.5,2718.5,51.1377,46.5479,0.8849,0.8877,0.3325,0.314,33.51,39.98,-14056.26,3072.1,-490.92,-50.29
2025-04-01,20183,Northbrook Paper & Board,1164.5,1044.7,51.1377,45.5753,0.8849,0.8971,0.3325,0.3461,11.25,15.36,-6477.41,1180.6,-823.32,14.21
2025-05-01,20183,Northbrook Paper & Board,2761.2,2465.1,51.1377,44.2535,0.8849,0.8928,0.3325,0.3703,45.19,36.25,-19008.65,2785.7,-1252.87,93.18
2025-06-01,20183,Northbrook Paper & Board,1406.1,1245.9,51.1377,40.5566,0.8849,0.8861,0.3325,0.3605,20.77,18.32,-14878.08,1408.0,-97.16,34.89
2025-07-01,20183,Northbrook Paper & Board,2658.7,2274.5,40.2428,39.9238,0.8849,0.8555,0.3325,0.35,34.79,33.45,-848.13,2570.3,3557.46,39.8
2025-08-01,20183,Northbrook Paper & Board,1362.8,1248.5,40.2428,38.8492,0.8849,0.9161,0.3325,0.3677,24.55,18.36,-1899.2,1410.9,-1935.68,43.95
2025-09-01,20183,Northbrook Paper & Board,2568.2,2189.6,40.2428,41.1463,0.8849,0.8526,0.3325,0.3521,23.14,32.2,2320.37,2474.4,3774.77,42.92
2025-10-01,20183,Northbrook Paper & Board,3342.6,2830.1,40.2428,40.5439,0.8849,0.8467,0.3325,0.3284,44.3,41.62,1006.46,3198.2,5811.06,-11.6
2025-11-01,20183,Northbrook Paper & Board,3173.2,2745.5,40.2428,40.8166,0.8849,0.8652,0.3325,0.3627,65.94,40.38,1820.78,3102.6,2841.14,82.91
2026-01-01,20183,Northbrook Paper & Board,2347.2,2119.6,40.2428,42.6474,0.8849,0.903,0.3325,0.3015,43.89,31.17,5644.08,2395.3,-1935.68,-65.71
2026-02-01,20183,Northbrook Paper & Board,2146.4,1936.5,40.2428,41.6263,0.8849,0.9022,0.3325,0.3092,29.35,28.48,2969.54,2188.4,-1690.2,-45.12
2026-03-01,20183,Northbrook Paper & Board,1238.2,1120.9,40.2428,43.1044,0.8849,0.9053,0.3325,0.3727,28.09,16.48,3543.23,1266.7,-1146.92,45.06
2026-04-01,20183,Northbrook Paper & Board,2815.8,2421.8,40.2428,45.7392,0.8849,0.8601,0.3325,0.3381,41.64,35.61,15476.76,2736.8,3179.18,13.56
2023-07-01,20184,Vertex Consumer Products (US),3653.4,3099.6,85.0555,84.8966,0.8635,0.8484,0.2898,0.3106,37.09,45.58,-580.53,3589.6,5426.54,64.47
2023-08-01,20184,Vertex Consumer Products (US),5269.0,4635.8,85.0555,84.3893,0.8635,0.8798,0.2898,0.3027,54.72,68.17,-3510.21,5368.6,-8471.53,59.8
2023-09-01,20184,Vertex Consumer Products (US),5311.8,4656.8,85.0555,87.8857,0.8635,0.8767,0.2898,0.3161,49.2,68.48,15033.46,5392.9,-6898.0,122.47
2023-10-01,20184,Vertex Consumer Products (US),3341.2,2856.1,85.0555,88.2885,0.8635,0.8548,0.2898,0.2895,35.36,42.0,10802.1,3307.6,2857.86,-0.86
2023-11-01,20184,Vertex Consumer Products (US),2864.3,2373.6,85.0555,85.6321,0.8635,0.8287,0.2898,0.3047,61.5,34.91,1651.56,2748.8,9823.91,35.37
2023-12-01,20184,Vertex Consumer Products (US),2257.6,1987.1,85.0555,84.3477,0.8635,0.8802,0.2898,0.2942,22.4,29.22,-1597.93,2301.2,-3708.42,8.74
2024-01-01,20184,Vertex Consumer Products (US),1064.3,909.8,85.0555,83.8344,0.8635,0.8548,0.2898,0.2525,23.07,13.38,-1299.62,1053.6,910.09,-33.94
2024-02-01,20184,Vertex Consumer Products (US),1691.6,1478.7,85.0555,79.6169,0.8635,0.8741,0.2898,0.2748,16.49,21.75,-9199.94,1712.4,-1769.15,-22.18
2024-03-01,20184,Vertex Consumer Products (US),5881.7,5048.6,85.0555,76.6573,0.8635,0.8584,0.2898,0.3111,58.2,74.24,-49395.69,5846.7,2976.94,107.54
2024-04-01,20184,Vertex Consumer Products (US),3635.9,3054.8,85.0555,76.9927,0.8635,0.8402,0.2898,0.284,47.45,44.92,-29315.53,3537.7,8352.45,-17.72
2024-05-01,20184,Vertex Consumer Products (US),2269.8,1906.2,85.0555,79.7584,0.8635,0.8398,0.2898,0.3042,46.37,28.03,-12023.36,2207.5,5298.96,27.45
2024-06-01,20184,Vertex Consumer Products (US),1360.9,1149.1,85.0555,79.7481,0.8635,0.8444,0.2898,0.2979,16.09,16.9,-7222.84,1330.7,2568.68,9.31
2024-07-01,20184,Vertex Consumer Products (US),2462.7,2179.6,81.2493,81.2828,0.8635,0.8851,0.2898,0.2619,24.38,32.05,82.5,2524.1,-4988.71,-60.81
2024-08-01,20184,Vertex Consumer Products (US),3326.3,2833.9,81.2493,82.0216,0.8635,0.852,0.2898,0.2726,34.57,41.68,2568.9,3281.9,3607.47,-48.74
2024-09-01,20184,Vertex Consumer Products (US),6305.2,5483.7,81.2493,79.9764,0.8635,0.8697,0.2898,0.2531,120.85,80.64,-8025.89,6350.6,-3688.72,-201.25
2024-10-01,20184,Vertex Consumer Products (US),4683.6,3998.6,81.2493,79.2406,0.8635,0.8537,0.2898,0.3518,84.72,58.8,-9407.95,4630.7,4298.09,247.91
2024-11-01,20184,Vertex Consumer Products (US),1303.0,1121.2,81.2493,82.4714,0.8635,0.8605,0.2898,0.3139,20.36,16.49,1592.4,1298.4,373.75,27.02
2024-12-01,20184,Vertex Consumer Products (US),1249.1,1042.5,81.2493,85.1469,0.8635,0.8346,0.2898,0.2992,15.47,15.33,4868.49,1207.3,3396.22,9.8
2025-01-01,20184,Vertex Consumer Products (US),3546.3,3036.4,81.2493,84.2092,0.8635,0.8562,0.2898,0.3036,38.25,44.65,10496.69,3516.4,2429.35,41.9
2025-02-01,20184,Vertex Consumer Products (US),2335.5,1980.4,81.2493,81.9209,0.8635,0.8479,0.2898,0.3322,21.1,29.12,1568.52,2293.5,3412.47,83.97
2025-03-01,20184,Vertex Consumer Products (US),1349.3,1200.6,81.2493,81.6561,0.8635,0.8898,0.2898,0.3137,28.24,17.66,548.9,1390.4,-3339.35,28.69
2025-06-01,20184,Vertex Consumer Products (US),4148.3,3455.3,81.2493,79.8184,0.8635,0.8329,0.2898,0.2833,77.88,50.81,-5935.8,4001.5,11927.4,-22.46
2025-07-01,20184,Vertex Consumer Products (US),3683.6,3072.6,82.2824,82.7535,0.8635,0.8341,0.2898,0.302,33.33,45.19,1735.34,3558.3,10309.98,37.49
2025-08-01,20184,Vertex Consumer Products (US),2365.4,2007.2,82.2824,86.916,0.8635,0.8485,0.2898,0.2725,28.65,29.52,10960.32,2324.5,3365.35,-34.72
2025-10-01,20184,Vertex Consumer Products (US),5034.8,4491.5,82.2824,82.4073,0.8635,0.8921,0.2898,0.2944,59.11,66.05,628.85,5201.5,-13716.48,20.66
2025-11-01,20184,Vertex Consumer Products (US),2241.1,1911.6,82.2824,81.2758,0.8635,0.853,0.2898,0.306,28.98,28.11,-2255.89,2213.8,2246.31,30.97
2025-12-01,20184,Vertex Consumer Products (US),3404.3,2931.5,82.2824,78.2244,0.8635,0.8611,0.2898,0.317,70.36,43.11,-13814.65,3394.9,773.45,79.74
2026-01-01,20184,Vertex Consumer Products (US),3289.3,2745.9,82.2824,74.1481,0.8635,0.8348,0.2898,0.2958,39.63,40.38,-26756.15,3180.0,8993.47,16.48
2026-02-01,20184,Vertex Consumer Products (US),6324.3,5481.7,82.2824,70.9825,0.8635,0.8668,0.2898,0.3181,83.59,80.61,-71463.96,6348.2,-1966.55,155.13
2026-03-01,20184,Vertex Consumer Products (US),2102.5,1748.5,82.2824,66.9088,0.8635,0.8316,0.2898,0.3094,37.79,25.71,-32322.99,2024.9,6385.11,34.27
2026-04-01,20184,Vertex Consumer Products (US),4379.5,3576.8,82.2824,63.1078,0.8635,0.8167,0.2898,0.3166,47.5,52.6,-83975.16,4142.2,19525.61,95.86
2026-05-01,20184,Vertex Consumer Products (US),3421.0,3030.2,82.2824,65.1981,0.8635,0.8858,0.2898,0.3116,37.55,44.56,-58445.39,3509.2,-7257.31,66.06
2026-06-01,20184,Vertex Consumer Products (US),2648.4,2435.1,82.2824,68.4143,0.8635,0.9195,0.2898,0.2797,51.73,35.81,-36728.28,2820.0,-14119.66,-24.59
2023-07-01,20185,Harlow Textile Group,535.7,533.0,4.2869,4.2739,0.9941,0.995,0.4618,0.4777,9.03,7.84,-6.96,536.2,-2.14,8.47
2023-08-01,20185,Harlow Textile Group,1158.6,1103.5,4.2869,4.3991,0.9941,0.9525,0.4618,0.449,23.78,16.23,129.99,1110.0,208.34,-14.12
2023-09-01,20185,Harlow Textile Group,829.0,806.8,4.2869,4.2429,0.9941,0.9732,0.4618,0.5131,15.09,11.86,-36.48,811.6,74.59,41.39
2023-10-01,20185,Harlow Textile Group,878.4,836.7,4.2869,4.4065,0.9941,0.9526,0.4618,0.4156,9.41,12.3,105.06,841.7,157.33,-38.66
2023-11-01,20185,Harlow Textile Group,2281.2,2243.4,4.2869,4.4574,0.9941,0.9834,0.4618,0.4676,23.63,32.99,388.94,2256.7,105.03,13.01
2024-01-01,20185,Harlow Textile Group,1541.2,1504.6,4.2869,4.3539,0.9941,0.9762,0.4618,0.4425,17.93,22.13,103.26,1513.5,118.75,-29.04
2024-02-01,20185,Harlow Textile Group,1089.1,1068.7,4.2869,4.3725,0.9941,0.9812,0.4618,0.4855,19.98,15.72,93.23,1075.0,60.45,25.33
2024-03-01,20185,Harlow Textile Group,5046.0,4797.0,4.2869,4.2757,0.9941,0.9506,0.4618,0.4531,107.39,70.54,-56.52,4825.5,945.26,-41.73
2024-05-01,20185,Harlow Textile Group,587.1,584.1,4.2869,4.3058,0.9941,0.995,0.4618,0.4352,6.23,8.59,11.1,587.6,-2.14,-15.54
2024-06-01,20185,Harlow Textile Group,990.6,977.3,4.2869,4.1958,0.9941,0.9866,0.4618,0.4623,18.7,14.37,-90.24,983.1,32.15,0.49
2024-07-01,20185,Harlow Textile Group,661.2,657.9,4.1796,4.2348,0.9941,0.995,0.4618,0.4962,7.27,9.68,36.5,661.8,-2.51,22.63
2024-09-01,20185,Harlow Textile Group,891.7,883.8,4.1796,4.2807,0.9941,0.9912,0.4618,0.4311,16.36,13.0,90.15,889.0,11.28,-27.13
2024-10-01,20185,Harlow Textile Group,636.8,625.4,4.1796,4.3815,0.9941,0.9821,0.4618,0.4617,15.62,9.2,128.57,629.1,32.18,-0.06
2024-12-01,20185,Harlow Textile Group,1689.2,1680.8,4.1796,4.7056,0.9941,0.995,0.4618,0.5098,24.04,24.72,888.52,1690.8,-6.69,80.68
2025-02-01,20185,Harlow Textile Group,718.0,714.4,4.1796,4.7243,0.9941,0.995,0.4618,0.4554,15.09,10.51,391.09,718.6,-2.51,-4.57
2025-05-01,20185,Harlow Textile Group,1053.9,1048.6,4.1796,5.2199,0.9941,0.995,0.4618,0.4488,11.86,15.42,1096.37,1054.8,-3.76,-13.63
2025-06-01,20185,Harlow Textile Group,442.6,440.4,4.1796,5.4457,0.9941,0.995,0.4618,0.4851,5.5,6.48,560.38,443.0,-1.67,10.26
2025-07-01,20185,Harlow Textile Group,596.9,593.9,5.6079,5.537,0.9941,0.995,0.4618,0.5238,10.72,8.73,-42.32,597.4,-2.8,36.82
2025-08-01,20185,Harlow Textile Group,626.9,623.8,5.6079,5.657,0.9941,0.995,0.4618,0.4299,11.4,9.17,30.78,627.5,-3.36,-19.9
2025-09-01,20185,Harlow Textile Group,800.3,796.3,5.6079,5.6058,0.9941,0.995,0.4618,0.4777,11.74,11.71,-1.68,801.0,-3.93,12.66
2025-10-01,20185,Harlow Textile Group,571.9,562.1,5.6079,5.7263,0.9941,0.983,0.4618,0.423,13.48,8.27,67.71,565.4,36.45,-21.81
2025-12-01,20185,Harlow Textile Group,1758.9,1712.7,5.6079,6.2484,0.9941,0.9737,0.4618,0.454,44.6,25.19,1126.58,1722.9,201.88,-13.36
2026-02-01,20185,Harlow Textile Group,1147.8,1142.0,5.6079,6.4365,0.9941,0.995,0.4618,0.4423,15.99,16.79,951.07,1148.8,-5.61,-22.27
2026-04-01,20185,Harlow Textile Group,1328.1,1321.5,5.6079,6.7882,0.9941,0.995,0.4618,0.4304,33.28,19.43,1567.56,1329.3,-6.73,-41.5
2026-06-01,20185,Harlow Textile Group,795.1,791.1,5.6079,7.4261,0.9941,0.995,0.4618,0.4515,11.89,11.63,1445.65,795.8,-3.93,-8.15
2023-07-01,20186,Guangzhou Vantage Industrial,1874.2,1685.7,35.0435,34.5605,0.9122,0.8994,0.3954,0.4028,19.74,24.79,-905.24,1848.0,918.14,12.47
2023-08-01,20186,Guangzhou Vantage Industrial,4207.5,3685.0,35.0435,35.7409,0.9122,0.8758,0.3954,0.4358,67.09,54.19,2934.31,4039.7,5880.3,148.87
2023-09-01,20186,Guangzhou Vantage Industrial,3717.3,3348.7,35.0435,34.0509,0.9122,0.9008,0.3954,0.3932,74.27,49.25,-3689.79,3671.0,1622.51,-7.37
2023-10-01,20186,Guangzhou Vantage Industrial,1092.4,1050.4,35.0435,34.631,0.9122,0.9615,0.3954,0.4341,21.46,15.45,-450.62,1151.5,-2071.07,40.65
2023-11-01,20186,Guangzhou Vantage Industrial,2682.6,2519.0,35.0435,33.5682,0.9122,0.939,0.3954,0.4028,51.54,37.04,-3957.64,2761.5,-2764.93,18.64
2023-12-01,20186,Guangzhou Vantage Industrial,6752.7,6236.5,35.0435,33.1228,0.9122,0.9236,0.3954,0.3802,147.86,91.71,-12969.91,6836.8,-2947.16,-94.79
2024-01-01,20186,Guangzhou Vantage Industrial,2780.0,2646.3,35.0435,32.4291,0.9122,0.9519,0.3954,0.4179,46.51,38.92,-7268.03,2901.0,-4240.26,59.54
2024-03-01,20186,Guangzhou Vantage Industrial,1711.8,1581.2,35.0435,33.668,0.9122,0.9237,0.3954,0.4524,35.09,23.25,-2354.58,1733.4,-756.94,90.13
2024-04-01,20186,Guangzhou Vantage Industrial,4434.9,4116.9,35.0435,36.7226,0.9122,0.9283,0.3954,0.4743,69.02,60.54,7446.64,4513.2,-2743.91,324.82
2024-05-01,20186,Guangzhou Vantage Industrial,2530.2,2284.5,35.0435,36.8516,0.9122,0.9029,0.3954,0.4345,53.18,33.6,4574.85,2504.4,904.12,89.32
2024-06-01,20186,Guangzhou Vantage Industrial,802.6,743.4,35.0435,38.1399,0.9122,0.9262,0.3954,0.3373,12.9,10.93,2485.17,815.0,-434.54,-43.19
2024-07-01,20186,Guangzhou Vantage Industrial,2537.8,2261.2,38.6261,38.8329,0.9122,0.891,0.3954,0.4385,28.03,33.25,524.82,2478.8,2278.94,97.46
2024-10-01,20186,Guangzhou Vantage Industrial,1835.7,1628.9,38.6261,36.2268,0.9122,0.8873,0.3954,0.3579,18.25,23.95,-4404.4,1785.7,1931.3,-61.08
2024-11-01,20186,Guangzhou Vantage Industrial,2557.0,2358.7,38.6261,36.8639,0.9122,0.9224,0.3954,0.3896,46.58,34.69,-4505.95,2585.7,-1108.57,-13.68
2024-12-01,20186,Guangzhou Vantage Industrial,2655.2,2446.1,38.6261,37.2134,0.9122,0.9213,0.3954,0.4289,40.75,35.97,-3751.0,2681.5,-1015.87,81.94
2025-04-01,20186,Guangzhou Vantage Industrial,2151.2,1876.8,38.6261,40.181,0.9122,0.8725,0.3954,0.3409,40.44,27.6,3344.9,2057.4,3623.13,-102.29
2025-05-01,20186,Guangzhou Vantage Industrial,4388.0,3873.2,38.6261,41.1156,0.9122,0.8827,0.3954,0.4068,75.28,56.96,10923.93,4246.0,5484.91,44.15
2025-06-01,20186,Guangzhou Vantage Industrial,1816.2,1555.8,38.6261,39.7686,0.9122,0.8566,0.3954,0.4586,19.76,22.88,2075.01,1705.5,4275.91,98.33
2025-07-01,20186,Guangzhou Vantage Industrial,2221.0,2049.3,37.7326,37.856,0.9122,0.9227,0.3954,0.4126,28.54,30.14,274.07,2246.5,-962.18,35.25
2025-08-01,20186,Guangzhou Vantage Industrial,3034.4,2723.0,37.7326,38.9121,0.9122,0.8974,0.3954,0.3899,30.64,40.04,3579.07,2985.1,1860.22,-14.98
2025-09-01,20186,Guangzhou Vantage Industrial,2673.7,2420.8,37.7326,40.9938,0.9122,0.9054,0.3954,0.4168,47.48,35.6,8719.47,2653.8,750.88,51.81
2025-10-01,20186,Guangzhou Vantage Industrial,2485.6,2180.4,37.7326,39.7603,0.9122,0.8772,0.3954,0.4132,24.06,32.07,5040.05,2390.3,3595.92,38.81
2025-11-01,20186,Guangzhou Vantage Industrial,2059.1,1822.4,37.7326,37.2649,0.9122,0.885,0.3954,0.3562,20.52,26.8,-963.04,1997.8,2313.01,-71.44
2025-12-01,20186,Guangzhou Vantage Industrial,1159.6,1007.4,37.7326,37.5353,0.9122,0.8688,0.3954,0.3592,10.53,14.81,-228.79,1104.4,2082.84,-36.47
2026-01-01,20186,Guangzhou Vantage Industrial,2085.5,1857.0,37.7326,39.3036,0.9122,0.8905,0.3954,0.3803,20.27,27.31,3276.32,2035.7,1879.08,-28.04
2026-02-01,20186,Guangzhou Vantage Industrial,3123.8,2791.6,37.7326,39.7769,0.9122,0.8936,0.3954,0.4659,32.25,41.05,6385.98,3060.3,2396.02,196.81
2026-03-01,20186,Guangzhou Vantage Industrial,1226.1,1093.6,37.7326,42.3262,0.9122,0.8919,0.3954,0.4448,16.83,16.08,5632.21,1198.9,1026.33,54.02
2026-04-01,20186,Guangzhou Vantage Industrial,3769.7,3502.1,37.7326,43.6966,0.9122,0.929,0.3954,0.4801,56.52,51.5,22482.49,3839.2,-2622.42,296.63
2026-06-01,20186,Guangzhou Vantage Industrial,1293.1,1172.7,37.7326,44.5586,0.9122,0.9069,0.3954,0.4172,13.01,17.25,8826.7,1285.6,282.99,25.56
2023-08-01,20187,Silverline Personal Care,1161.2,1146.4,24.372,23.9625,0.9753,0.9872,0.3321,0.3495,20.01,16.86,-475.51,1175.4,-346.08,19.95
2023-09-01,20187,Silverline Personal Care,580.0,555.3,24.372,23.0949,0.9753,0.9575,0.3321,0.351,12.64,8.17,-740.72,569.4,258.34,10.5
2023-10-01,20187,Silverline Personal Care,792.6,784.3,24.372,23.1708,0.9753,0.9896,0.3321,0.3221,10.09,11.53,-952.07,804.2,-282.72,-7.84
2023-12-01,20187,Silverline Personal Care,446.3,436.7,24.372,22.8027,0.9753,0.9785,0.3321,0.3096,10.57,6.42,-700.38,447.8,-36.56,-9.83
2024-01-01,20187,Silverline Personal Care,740.3,725.8,24.372,23.4396,0.9753,0.9804,0.3321,0.3072,8.13,10.67,-690.26,744.2,-95.05,-18.07
2024-04-01,20187,Silverline Personal Care,406.5,392.8,24.372,24.8212,0.9753,0.9663,0.3321,0.3319,6.14,5.78,182.6,402.7,92.61,-0.08
2024-05-01,20187,Silverline Personal Care,419.5,397.4,24.372,26.3489,0.9753,0.9473,0.3321,0.3339,5.8,5.84,829.31,407.5,292.46,0.72
2024-06-01,20187,Silverline Personal Care,1181.1,1117.0,24.372,26.5212,0.9753,0.9457,0.3321,0.3457,15.77,16.43,2538.42,1145.3,872.52,15.19
2024-07-01,20187,Silverline Personal Care,1023.6,928.2,26.7478,26.3975,0.9753,0.9068,0.3321,0.3837,22.17,13.65,-358.57,951.7,1923.17,47.9
2024-08-01,20187,Silverline Personal Care,1489.1,1401.8,26.7478,25.7817,0.9753,0.9413,0.3321,0.3545,27.19,20.61,-1438.62,1437.3,1385.54,31.4
2024-09-01,20187,Silverline Personal Care,622.4,608.5,26.7478,25.8808,0.9753,0.9776,0.3321,0.3392,9.79,8.95,-539.62,623.9,-40.12,4.32
2024-10-01,20187,Silverline Personal Care,596.9,593.9,26.7478,27.5116,0.9753,0.995,0.3321,0.3153,15.16,8.73,455.91,608.9,-320.97,-9.98
2024-11-01,20187,Silverline Personal Care,2183.3,2164.1,26.7478,28.0616,0.9753,0.9912,0.3321,0.3248,37.83,31.83,2868.42,2218.9,-952.22,-15.8
2024-12-01,20187,Silverline Personal Care,946.9,942.2,26.7478,25.778,0.9753,0.995,0.3321,0.3528,10.17,13.86,-918.3,966.1,-513.56,19.5
2025-01-01,20187,Silverline Personal Care,572.8,561.7,26.7478,25.5398,0.9753,0.9806,0.3321,0.3538,5.9,8.26,-691.94,575.9,-82.92,12.19
2025-02-01,20187,Silverline Personal Care,782.4,746.4,26.7478,26.479,0.9753,0.954,0.3321,0.3269,15.31,10.98,-210.31,765.3,457.39,-3.88
2025-03-01,20187,Silverline Personal Care,1456.6,1391.7,26.7478,27.1744,0.9753,0.9555,0.3321,0.3489,26.43,20.47,621.39,1426.9,794.41,23.38
2025-04-01,20187,Silverline Personal Care,978.7,973.8,26.7478,29.7943,0.9753,0.995,0.3321,0.3396,17.75,14.32,2981.61,998.5,-529.61,7.3
2025-06-01,20187,Silverline Personal Care,465.1,462.7,26.7478,28.8426,0.9753,0.995,0.3321,0.3317,8.09,6.8,974.29,474.4,-248.75,-0.19
2025-07-01,20187,Silverline Personal Care,581.5,568.2,28.5263,28.3468,0.9753,0.9771,0.3321,0.3458,6.09,8.36,-104.38,582.6,-31.38,7.78
2025-08-01,20187,Silverline Personal Care,600.9,567.2,28.5263,27.4319,0.9753,0.9439,0.3321,0.357,12.18,8.34,-657.62,581.6,550.56,14.12
2025-09-01,20187,Silverline Personal Care,975.8,910.8,28.5263,26.3591,0.9753,0.9334,0.3321,0.339,15.66,13.39,-2114.75,933.9,1195.25,6.28
2025-10-01,20187,Silverline Personal Care,495.5,477.7,28.5263,25.3983,0.9753,0.9642,0.3321,0.3475,4.99,7.03,-1549.92,489.8,162.6,7.36
2025-11-01,20187,Silverline Personal Care,1308.3,1277.4,28.5263,23.8942,0.9753,0.9764,0.3321,0.3084,27.95,18.79,-6060.18,1309.8,-42.79,-30.27
2025-12-01,20187,Silverline Personal Care,692.0,681.5,28.5263,23.2004,0.9753,0.9849,0.3321,0.3577,8.28,10.02,-3685.52,698.8,-193.98,17.45
2026-01-01,20187,Silverline Personal Care,413.4,393.9,28.5263,24.6247,0.9753,0.953,0.3321,0.3491,4.5,5.79,-1612.92,403.9,271.0,6.7
2026-02-01,20187,Silverline Personal Care,662.1,647.4,28.5263,25.2285,0.9753,0.9778,0.3321,0.35,8.84,9.52,-2183.47,663.8,-48.49,11.59
2026-03-01,20187,Silverline Personal Care,1631.1,1574.6,28.5263,25.8349,0.9753,0.9653,0.3321,0.3209,17.1,23.16,-4389.94,1614.5,473.54,-17.64
2026-04-01,20187,Silverline Personal Care,1081.2,1074.3,28.5263,26.5545,0.9753,0.9936,0.3321,0.327,14.82,15.8,-2131.91,1101.5,-579.08,-5.48
2026-05-01,20187,Silverline Personal Care,671.6,635.5,28.5263,26.3386,0.9753,0.9463,0.3321,0.3275,9.41,9.35,-1469.26,651.6,570.53,-2.92
2026-06-01,20187,Silverline Personal Care,697.8,668.6,28.5263,25.8403,0.9753,0.9581,0.3321,0.2649,12.61,9.83,-1874.29,685.5,350.87,-44.93
2023-07-01,20188,Shenzhen Kaiyuan Electronics,1657.0,1618.2,6.1808,6.092,0.995,0.9766,0.5296,0.488,30.56,23.8,-147.14,1626.3,189.75,-67.32
2023-08-01,20188,Shenzhen Kaiyuan Electronics,1714.8,1706.2,6.1808,5.9998,0.995,0.995,0.5296,0.4947,28.25,25.09,-310.38,1714.8,0.0,-59.55
2023-09-01,20188,Shenzhen Kaiyuan Electronics,1056.8,1051.5,6.1808,5.9093,0.995,0.995,0.5296,0.5609,25.38,15.46,-286.92,1056.8,0.0,32.91
2023-10-01,20188,Shenzhen Kaiyuan Electronics,1129.7,1124.0,6.1808,5.8808,0.995,0.995,0.5296,0.4756,17.13,16.53,-338.91,1129.6,0.62,-60.7
2023-11-01,20188,Shenzhen Kaiyuan Electronics,948.2,943.4,6.1808,6.0564,0.995,0.995,0.5296,0.6115,10.38,13.87,-117.96,948.1,0.62,77.26
2024-01-01,20188,Shenzhen Kaiyuan Electronics,1007.5,1002.5,6.1808,5.8603,0.995,0.995,0.5296,0.5473,10.49,14.74,-322.9,1007.5,0.0,17.74
2024-04-01,20188,Shenzhen Kaiyuan Electronics,691.6,688.1,6.1808,6.7298,0.995,0.995,0.5296,0.5564,8.36,10.12,379.69,691.6,0.0,18.44
2024-06-01,20188,Shenzhen Kaiyuan Electronics,1644.8,1636.5,6.1808,7.2229,0.995,0.995,0.5296,0.5679,17.26,24.07,1714.05,1644.7,0.62,62.68
2024-07-01,20188,Shenzhen Kaiyuan Electronics,2085.2,2043.2,6.9848,7.0545,0.995,0.9799,0.5296,0.4768,41.2,30.05,145.34,2053.5,221.42,-107.88
2024-08-01,20188,Shenzhen Kaiyuan Electronics,998.1,962.1,6.9848,7.0921,0.995,0.9639,0.5296,0.5671,12.4,14.15,107.1,966.9,217.93,36.08
2024-09-01,20188,Shenzhen Kaiyuan Electronics,1223.2,1217.1,6.9848,7.3529,0.995,0.995,0.5296,0.5307,14.54,17.9,450.26,1223.2,0.0,1.34
2024-10-01,20188,Shenzhen Kaiyuan Electronics,650.9,616.1,6.9848,7.6615,0.995,0.9466,0.5296,0.4881,7.97,9.06,440.46,619.2,221.42,-25.57
2024-11-01,20188,Shenzhen Kaiyuan Electronics,807.6,784.6,6.9848,7.3337,0.995,0.9715,0.5296,0.5605,9.29,11.54,281.77,788.5,133.41,24.24
2024-12-01,20188,Shenzhen Kaiyuan Electronics,1912.3,1841.3,6.9848,6.9087,0.995,0.9629,0.5296,0.5886,47.1,27.08,-145.53,1850.6,430.96,108.64
2025-03-01,20188,Shenzhen Kaiyuan Electronics,2089.0,1982.0,6.9848,7.4789,0.995,0.9488,0.5296,0.5674,21.7,29.15,1032.17,1992.0,677.53,74.92
2025-04-01,20188,Shenzhen Kaiyuan Electronics,888.5,856.5,6.9848,8.1762,0.995,0.964,0.5296,0.564,14.81,12.6,1058.56,860.8,193.48,29.46
2025-05-01,20188,Shenzhen Kaiyuan Electronics,1340.2,1307.8,6.9848,8.3424,0.995,0.9758,0.5296,0.4263,22.88,19.23,1819.46,1314.4,180.21,-135.1
2025-06-01,20188,Shenzhen Kaiyuan Electronics,1060.2,1008.7,6.9848,8.4814,0.995,0.9515,0.5296,0.494,18.3,14.83,1586.7,1013.8,324.09,-35.91
2025-07-01,20188,Shenzhen Kaiyuan Electronics,1087.8,1082.4,8.2185,8.2862,0.995,0.995,0.5296,0.5181,28.17,15.92,73.64,1087.8,0.0,-12.45
2025-08-01,20188,Shenzhen Kaiyuan Electronics,2071.0,2060.7,8.2185,8.0956,0.995,0.995,0.5296,0.549,42.58,30.3,-254.53,2071.1,-0.82,39.98
2025-09-01,20188,Shenzhen Kaiyuan Electronics,732.1,728.4,8.2185,7.9843,0.995,0.995,0.5296,0.5215,8.42,10.71,-171.46,732.1,0.0,-5.9
2025-10-01,20188,Shenzhen Kaiyuan Electronics,795.2,791.3,8.2185,7.6348,0.995,0.995,0.5296,0.5211,8.73,11.64,-464.16,795.3,-0.82,-6.73
2025-11-01,20188,Shenzhen Kaiyuan Electronics,763.3,758.2,8.2185,7.2531,0.995,0.9933,0.5296,0.5004,10.15,11.15,-736.89,762.0,10.68,-22.14
2025-12-01,20188,Shenzhen Kaiyuan Electronics,1627.4,1619.2,8.2185,7.2252,0.995,0.995,0.5296,0.5375,34.75,23.81,-1616.5,1627.3,0.82,12.79
2026-02-01,20188,Shenzhen Kaiyuan Electronics,1032.3,1027.1,8.2185,7.4134,0.995,0.995,0.5296,0.4981,13.38,15.1,-831.1,1032.3,0.0,-32.35
2026-03-01,20188,Shenzhen Kaiyuan Electronics,1170.3,1164.5,8.2185,7.4459,0.995,0.995,0.5296,0.587,19.75,17.12,-904.17,1170.4,-0.82,66.84
2026-04-01,20188,Shenzhen Kaiyuan Electronics,1413.8,1382.4,8.2185,7.4291,0.995,0.9778,0.5296,0.5648,14.5,20.33,-1116.05,1389.3,201.35,48.66
2026-05-01,20188,Shenzhen Kaiyuan Electronics,2495.0,2482.5,8.2185,7.6539,0.995,0.995,0.5296,0.5402,45.49,36.51,-1408.68,2495.0,0.0,26.31
2026-06-01,20188,Shenzhen Kaiyuan Electronics,1545.4,1534.1,8.2185,8.0435,0.995,0.9927,0.5296,0.5842,17.23,22.56,-270.45,1541.8,29.59,83.76
2023-07-01,20189,Ningbo Hometech Manufacturing,776.4,708.6,5.6118,5.6595,0.9206,0.9126,0.1764,0.2136,12.82,10.42,37.03,769.7,37.6,26.36
2023-09-01,20189,Ningbo Hometech Manufacturing,746.1,701.1,5.6118,5.3176,0.9206,0.9397,0.1764,0.1808,9.33,10.31,-219.5,761.6,-86.98,3.08
2023-10-01,20189,Ningbo Hometech Manufacturing,772.4,718.6,5.6118,5.1927,0.9206,0.9304,0.1764,0.1887,8.01,10.57,-323.71,780.6,-46.02,8.84
2023-12-01,20189,Ningbo Hometech Manufacturing,761.7,701.5,5.6118,5.4262,0.9206,0.9209,0.1764,0.1737,8.48,10.32,-141.37,762.0,-1.68,-1.89
2024-01-01,20189,Ningbo Hometech Manufacturing,1337.7,1178.3,5.6118,5.1181,0.9206,0.8809,0.1764,0.174,15.93,17.33,-660.42,1279.9,324.36,-2.83
2024-02-01,20189,Ningbo Hometech Manufacturing,4357.4,3903.5,5.6118,5.1166,0.9206,0.8958,0.1764,0.1755,72.14,57.4,-2157.78,4240.2,657.7,-3.51
2024-03-01,20189,Ningbo Hometech Manufacturing,2029.2,1801.8,5.6118,4.9165,0.9206,0.8879,0.1764,0.1773,19.37,26.5,-1410.9,1957.2,404.05,1.62
2024-04-01,20189,Ningbo Hometech Manufacturing,904.6,836.6,5.6118,4.8537,0.9206,0.9248,0.1764,0.1897,9.61,12.3,-685.78,908.8,-23.57,11.13
2024-05-01,20189,Ningbo Hometech Manufacturing,724.1,666.4,5.6118,5.1499,0.9206,0.9203,0.1764,0.1995,15.18,9.8,-334.46,723.9,1.12,15.39
2024-06-01,20189,Ningbo Hometech Manufacturing,993.3,933.6,5.6118,5.0603,0.9206,0.9399,0.1764,0.1781,11.05,13.73,-547.8,1014.1,-116.73,1.59
2024-07-01,20189,Ningbo Hometech Manufacturing,736.7,697.7,5.1064,5.1529,0.9206,0.947,0.1764,0.161,11.75,10.26,34.26,757.9,-108.26,-10.74
2024-08-01,20189,Ningbo Hometech Manufacturing,582.6,534.6,5.1064,5.2192,0.9206,0.9176,0.1764,0.1669,6.7,7.86,65.72,580.7,9.7,-5.08
2024-09-01,20189,Ningbo Hometech Manufacturing,568.7,498.9,5.1064,5.0166,0.9206,0.8773,0.1764,0.1752,7.8,7.34,-51.07,541.9,136.85,-0.6
2024-10-01,20189,Ningbo Hometech Manufacturing,440.9,394.8,5.1064,4.9894,0.9206,0.8954,0.1764,0.1756,6.81,5.81,-51.59,428.9,61.28,-0.32
2024-11-01,20189,Ningbo Hometech Manufacturing,1509.7,1377.9,5.1064,5.3204,0.9206,0.9127,0.1764,0.1673,28.33,20.26,323.08,1496.7,66.38,-12.54
2024-12-01,20189,Ningbo Hometech Manufacturing,710.9,668.9,5.1064,5.3825,0.9206,0.9408,0.1764,0.1752,9.01,9.84,196.28,726.6,-80.17,-0.8
2025-01-01,20189,Ningbo Hometech Manufacturing,637.9,616.3,5.1064,5.3368,0.9206,0.9663,0.1764,0.1423,13.4,9.06,146.97,669.5,-161.36,-21.02
2025-02-01,20189,Ningbo Hometech Manufacturing,740.9,676.3,5.1064,5.3123,0.9206,0.9127,0.1764,0.1827,8.19,9.95,152.55,734.6,32.17,4.26
2025-03-01,20189,Ningbo Hometech Manufacturing,878.5,819.9,5.1064,5.4008,0.9206,0.9333,0.1764,0.2126,13.21,12.06,258.63,890.6,-61.79,29.68
2025-04-01,20189,Ningbo Hometech Manufacturing,1158.4,1071.6,5.1064,5.6742,0.9206,0.925,0.1764,0.1871,27.18,15.76,657.74,1164.0,-28.6,11.47
2025-05-01,20189,Ningbo Hometech Manufacturing,862.0,764.5,5.1064,5.5645,0.9206,0.8869,0.1764,0.1748,12.61,11.24,394.88,830.4,161.36,-1.22
2025-06-01,20189,Ningbo Hometech Manufacturing,675.5,644.1,5.1064,5.763,0.9206,0.9535,0.1764,0.1705,12.81,9.47,443.53,699.7,-123.57,-3.8
2025-07-01,20189,Ningbo Hometech Manufacturing,708.8,660.6,5.5719,5.564,0.9206,0.932,0.1764,0.157,17.26,9.71,-5.6,717.6,-49.03,-12.82
2025-08-01,20189,Ningbo Hometech Manufacturing,221.6,206.5,5.5719,5.7344,0.9206,0.9318,0.1764,0.1676,3.58,3.04,36.01,224.3,-15.04,-1.82
2025-10-01,20189,Ningbo Hometech Manufacturing,404.3,371.4,5.5719,5.8744,0.9206,0.9188,0.1764,0.2036,5.39,5.46,122.3,403.4,5.01,10.1
2025-12-01,20189,Ningbo Hometech Manufacturing,1244.5,1128.1,5.5719,5.7994,0.9206,0.9065,0.1764,0.188,17.31,16.59,283.12,1225.4,106.42,13.09
2026-01-01,20189,Ningbo Hometech Manufacturing,271.6,250.6,5.5719,5.7279,0.9206,0.9227,0.1764,0.1933,5.5,3.69,42.37,272.2,-3.34,4.24
2026-02-01,20189,Ningbo Hometech Manufacturing,856.6,801.7,5.5719,5.8085,0.9206,0.9359,0.1764,0.2205,11.91,11.79,202.67,870.8,-79.12,35.35
2026-03-01,20189,Ningbo Hometech Manufacturing,1948.3,1754.1,5.5719,6.0287,0.9206,0.9003,0.1764,0.1751,43.03,25.8,889.98,1905.4,239.03,-2.28
2026-04-01,20189,Ningbo Hometech Manufacturing,518.0,452.9,5.5719,6.1489,0.9206,0.8744,0.1764,0.1889,5.35,6.66,298.89,492.0,144.87,5.66
2026-05-01,20189,Ningbo Hometech Manufacturing,1796.6,1547.5,5.5719,6.2713,0.9206,0.8613,0.1764,0.1709,19.01,22.76,1256.54,1681.0,644.11,-8.51
2026-06-01,20189,Ningbo Hometech Manufacturing,1156.5,1066.0,5.5719,6.7467,0.9206,0.9218,0.1764,0.1826,16.3,15.68,1358.66,1157.9,-7.8,6.61
2023-07-01,20190,Guangzhou Vantage Industrial,4100.3,3708.7,15.1929,15.2488,0.8987,0.9045,0.5228,0.5756,86.57,54.54,229.21,4126.7,-401.09,195.82
2023-08-01,20190,Guangzhou Vantage Industrial,3914.1,3557.3,15.1929,16.2167,0.8987,0.9089,0.5228,0.5745,51.09,52.31,4007.26,3958.3,-671.53,183.91
2023-09-01,20190,Guangzhou Vantage Industrial,1359.3,1238.4,15.1929,16.8437,0.8987,0.9111,0.5228,0.4773,17.22,18.21,2243.93,1378.0,-284.11,-56.35
2023-10-01,20190,Guangzhou Vantage Industrial,826.6,761.5,15.1929,17.3416,0.8987,0.9212,0.5228,0.63,10.39,11.2,1776.12,847.3,-314.49,81.63
2023-11-01,20190,Guangzhou Vantage Industrial,1946.6,1804.1,15.1929,16.8042,0.8987,0.9268,0.5228,0.4399,28.91,26.53,3136.56,2007.5,-925.25,-149.56
2023-12-01,20190,Guangzhou Vantage Industrial,1302.7,1158.8,15.1929,16.3332,0.8987,0.8895,0.5228,0.496,28.52,17.04,1485.47,1289.4,202.07,-31.06
2024-01-01,20190,Guangzhou Vantage Industrial,923.4,785.9,15.1929,15.3329,0.8987,0.851,0.5228,0.5588,17.1,11.56,129.28,874.5,742.93,28.29
2024-02-01,20190,Guangzhou Vantage Industrial,1252.6,1108.8,15.1929,15.348,0.8987,0.8852,0.5228,0.532,12.57,16.31,194.28,1233.8,285.63,10.2
2024-03-01,20190,Guangzhou Vantage Industrial,946.3,866.4,15.1929,14.9394,0.8987,0.9156,0.5228,0.488,14.84,12.74,-239.89,964.1,-270.43,-30.15
2024-04-01,20190,Guangzhou Vantage Industrial,1266.9,1142.8,15.1929,15.0836,0.8987,0.9021,0.5228,0.5323,13.67,16.81,-138.47,1271.6,-71.41,10.86
2024-05-01,20190,Guangzhou Vantage Industrial,2352.7,2081.2,15.1929,15.763,0.8987,0.8846,0.5228,0.5739,44.67,30.61,1341.27,2315.8,560.62,106.35
2024-07-01,20190,Guangzhou Vantage Industrial,518.9,461.1,17.4378,17.2242,0.8987,0.8885,0.5228,0.4714,6.31,6.78,-110.84,513.1,101.14,-23.7
2024-09-01,20190,Guangzhou Vantage Industrial,2145.4,1943.6,17.4378,17.416,0.8987,0.9059,0.5228,0.5256,23.53,28.58,-46.77,2162.7,-301.67,5.44
2024-10-01,20190,Guangzhou Vantage Industrial,631.5,564.7,17.4378,17.629,0.8987,0.8942,0.5228,0.6261,12.25,8.3,120.74,628.4,54.06,58.33
2024-11-01,20190,Guangzhou Vantage Industrial,2251.5,2035.0,17.4378,16.8895,0.8987,0.9038,0.5228,0.6781,46.26,29.93,-1234.5,2264.4,-224.95,316.04
2024-12-01,20190,Guangzhou Vantage Industrial,824.5,780.7,17.4378,16.966,0.8987,0.9469,0.5228,0.5604,9.5,11.48,-389.0,868.7,-770.75,29.35
2025-01-01,20190,Guangzhou Vantage Industrial,1445.8,1307.9,17.4378,15.8197,0.8987,0.9046,0.5228,0.5295,23.12,19.23,-2339.45,1455.3,-165.66,8.76
2025-04-01,20190,Guangzhou Vantage Industrial,1989.9,1775.7,17.4378,16.0485,0.8987,0.8924,0.5228,0.5811,21.19,26.11,-2764.57,1975.9,244.13,103.52
2025-05-01,20190,Guangzhou Vantage Industrial,2184.9,1932.3,17.4378,15.2839,0.8987,0.8844,0.5228,0.4973,48.14,28.42,-4706.06,2150.1,606.84,-49.27
2025-06-01,20190,Guangzhou Vantage Industrial,1884.7,1743.6,17.4378,16.7968,0.8987,0.9252,0.5228,0.5069,30.7,25.64,-1208.09,1940.1,-966.05,-27.72
2025-07-01,20190,Guangzhou Vantage Industrial,1565.2,1454.3,17.1041,17.2012,0.8987,0.9291,0.5228,0.5948,16.85,21.39,151.98,1618.2,-906.52,104.71
2025-08-01,20190,Guangzhou Vantage Industrial,1276.2,1195.2,17.1041,18.5612,0.8987,0.9365,0.5228,0.522,20.06,17.58,1859.55,1329.9,-918.49,-0.96
2025-09-01,20190,Guangzhou Vantage Industrial,2346.5,2235.1,17.1041,19.0171,0.8987,0.9525,0.5228,0.537,36.03,32.87,4488.85,2487.0,-2403.13,31.74
2025-10-01,20190,Guangzhou Vantage Industrial,2777.5,2505.2,17.1041,19.29,0.8987,0.902,0.5228,0.5191,27.12,36.84,6071.34,2787.6,-172.75,-9.27
2025-11-01,20190,Guangzhou Vantage Industrial,677.8,618.9,17.1041,18.2389,0.8987,0.913,0.5228,0.5638,7.58,9.1,769.17,688.7,-186.43,25.37
2025-12-01,20190,Guangzhou Vantage Industrial,1626.1,1578.2,17.1041,17.6955,0.8987,0.9706,0.5228,0.5693,23.43,23.21,961.68,1756.1,-2223.53,73.39
2026-01-01,20190,Guangzhou Vantage Industrial,1719.2,1600.5,17.1041,17.2757,0.8987,0.931,0.5228,0.5302,19.61,23.54,295.01,1780.9,-1055.32,11.84
2026-04-01,20190,Guangzhou Vantage Industrial,2637.2,2425.5,17.1041,17.3901,0.8987,0.9197,0.5228,0.6169,41.03,35.67,754.24,2698.9,-1055.32,228.24
2026-05-01,20190,Guangzhou Vantage Industrial,3434.8,3033.0,17.1041,17.3442,0.8987,0.883,0.5228,0.4916,32.4,44.6,824.7,3374.9,1024.54,-94.63
2023-07-01,20191,Meridian Private Label,6781.6,6107.4,30.5606,30.6637,0.8759,0.9006,0.5444,0.5019,88.89,89.81,699.18,6972.7,-5840.13,-259.56
2023-08-01,20191,Meridian Private Label,3942.4,3471.5,30.5606,30.5868,0.8759,0.8805,0.5444,0.5295,57.56,51.05,103.29,3963.4,-641.77,-51.73
2023-09-01,20191,Meridian Private Label,5603.6,4925.0,30.5606,30.9735,0.8759,0.8789,0.5444,0.5619,60.25,72.43,2313.73,5622.8,-586.76,86.19
2023-10-01,20191,Meridian Private Label,6478.3,5682.2,30.5606,30.297,0.8759,0.8771,0.5444,0.4935,110.29,83.56,-1707.68,6487.3,-275.05,-289.22
2023-11-01,20191,Meridian Private Label,4910.8,4203.2,30.5606,30.4435,0.8759,0.8559,0.5444,0.5884,51.46,61.81,-575.05,4798.7,3425.84,184.94
2023-12-01,20191,Meridian Private Label,3184.6,2745.5,30.5606,31.1,0.8759,0.8621,0.5444,0.4879,55.65,40.37,1717.77,3134.5,1531.09,-155.12
2024-01-01,20191,Meridian Private Label,4738.9,4112.7,30.5606,29.2644,0.8759,0.8678,0.5444,0.5403,72.11,60.48,-6142.56,4695.4,1329.39,-16.86
2024-02-01,20191,Meridian Private Label,5280.4,4756.9,30.5606,27.6827,0.8759,0.9009,0.5444,0.5191,113.65,69.95,-15196.46,5430.9,-4599.37,-120.35
2024-04-01,20191,Meridian Private Label,10558.3,9101.2,30.5606,27.018,0.8759,0.862,0.5444,0.6318,120.12,133.84,-37403.83,10390.7,5121.96,795.44
2024-05-01,20191,Meridian Private Label,6833.9,5892.3,30.5606,27.1375,0.8759,0.8622,0.5444,0.5875,64.68,86.65,-23393.12,6727.1,3263.87,253.96
2024-06-01,20191,Meridian Private Label,14997.7,13124.3,30.5606,26.4765,0.8759,0.8751,0.5444,0.5701,318.38,193.0,-61252.11,14983.8,424.79,337.29
2024-07-01,20191,Meridian Private Label,3234.7,2861.0,27.3893,27.0882,0.8759,0.8845,0.5444,0.488,58.68,42.07,-973.97,3266.4,-868.24,-161.36
2024-10-01,20191,Meridian Private Label,5486.0,4836.2,27.3893,30.5245,0.8759,0.8816,0.5444,0.6884,93.05,71.12,17199.71,5521.4,-969.58,696.41
2024-11-01,20191,Meridian Private Label,3444.0,3026.8,27.3893,31.0753,0.8759,0.8789,0.5444,0.5208,39.57,44.51,12694.58,3455.6,-317.72,-71.43
2024-12-01,20191,Meridian Private Label,6412.3,5673.7,27.3893,31.4568,0.8759,0.8848,0.5444,0.575,106.6,83.44,26082.03,6477.6,-1788.52,173.62
2025-01-01,20191,Meridian Private Label,4240.5,3702.5,27.3893,32.3254,0.8759,0.8731,0.5444,0.5069,39.22,54.45,20931.53,4227.1,367.02,-138.84
2025-02-01,20191,Meridian Private Label,6008.5,5089.6,27.3893,31.5876,0.8759,0.8471,0.5444,0.6154,97.92,74.85,25225.49,5810.7,5417.6,361.36
2025-03-01,20191,Meridian Private Label,3072.1,2667.6,27.3893,32.8555,0.8759,0.8683,0.5444,0.6206,43.37,39.23,16792.71,3045.6,725.82,203.27
2025-05-01,20191,Meridian Private Label,3935.4,3459.1,27.3893,32.6835,0.8759,0.879,0.5444,0.4639,49.52,50.87,20834.79,3949.2,-377.97,-278.46
2025-06-01,20191,Meridian Private Label,3953.7,3539.7,27.3893,32.6083,0.8759,0.8953,0.5444,0.6205,39.16,52.05,20634.36,4041.2,-2396.56,269.37
2025-07-01,20191,Meridian Private Label,6527.5,5787.1,35.6798,35.2225,0.8759,0.8866,0.5444,0.4606,84.79,85.1,-2985.03,6607.0,-2836.54,-484.96
2025-08-01,20191,Meridian Private Label,4020.6,3567.2,35.6798,36.5784,0.8759,0.8872,0.5444,0.4642,52.98,52.46,3612.91,4072.6,-1855.35,-286.09
2025-09-01,20191,Meridian Private Label,2993.3,2548.9,35.6798,37.0514,0.8759,0.8515,0.5444,0.5079,58.01,37.48,4105.61,2910.0,2972.13,-93.03
2025-10-01,20191,Meridian Private Label,6550.0,5464.4,35.6798,37.6402,0.8759,0.8343,0.5444,0.554,132.92,80.36,12840.62,6238.6,11110.69,52.46
2025-11-01,20191,Meridian Private Label,3053.2,2639.9,35.6798,36.7427,0.8759,0.8646,0.5444,0.5939,44.24,38.82,3245.25,3013.9,1402.22,130.68
2026-01-01,20191,Meridian Private Label,3775.5,3288.8,35.6798,34.8046,0.8759,0.8711,0.5444,0.5423,44.15,48.36,-3304.32,3754.8,738.57,-6.91
2026-02-01,20191,Meridian Private Label,2018.2,1818.7,35.6798,32.6718,0.8759,0.9012,0.5444,0.5249,21.85,26.75,-6070.75,2076.4,-2076.56,-35.46
2026-05-01,20191,Meridian Private Label,3361.6,2922.3,35.6798,29.3689,0.8759,0.8693,0.5444,0.6139,46.32,42.98,-21214.72,3336.3,902.7,203.1
2026-06-01,20191,Meridian Private Label,9460.4,8319.1,35.6798,30.7886,0.8759,0.8794,0.5444,0.5639,116.66,122.34,-46272.71,9497.8,-1334.42,162.22
2023-07-01,20192,Vertex Consumer Products (US),2022.6,1933.6,12.3754,12.374,0.9685,0.956,0.6347,0.6516,23.32,28.44,-2.83,1996.5,323.0,32.68
2023-08-01,20192,Vertex Consumer Products (US),3593.8,3575.8,12.3754,12.7215,0.9685,0.995,0.6347,0.5817,37.66,52.59,1243.81,3692.1,-1216.5,-189.52
2023-09-01,20192,Vertex Consumer Products (US),2199.1,2188.1,12.3754,12.3038,0.9685,0.995,0.6347,0.6197,31.95,32.18,-157.46,2259.3,-745.0,-32.82
2023-10-01,20192,Vertex Consumer Products (US),792.9,788.9,12.3754,12.2031,0.9685,0.995,0.6347,0.6549,12.02,11.6,-136.62,814.6,-268.55,15.94
2024-01-01,20192,Vertex Consumer Products (US),2869.8,2832.4,12.3754,13.5977,0.9685,0.987,0.6347,0.5804,55.78,41.65,3507.76,2924.5,-676.93,-153.8
2024-02-01,20192,Vertex Consumer Products (US),4208.2,4099.3,12.3754,13.0285,0.9685,0.9741,0.6347,0.7019,72.23,60.28,2748.38,4232.6,-301.96,275.47
2024-03-01,20192,Vertex Consumer Products (US),4125.7,4022.2,12.3754,12.0332,0.9685,0.9749,0.6347,0.5866,91.81,59.15,-1411.81,4153.0,-337.85,-193.47
2024-04-01,20192,Vertex Consumer Products (US),3754.8,3644.7,12.3754,11.8219,0.9685,0.9707,0.6347,0.5686,41.01,53.6,-2078.28,3763.2,-103.95,-240.91
2024-05-01,20192,Vertex Consumer Products (US),10508.2,10138.3,12.3754,11.7626,0.9685,0.9648,0.6347,0.5914,220.64,149.09,-6439.42,10468.0,497.49,-438.99
2024-06-01,20192,Vertex Consumer Products (US),4378.4,4180.3,12.3754,11.5572,0.9685,0.9547,0.6347,0.7435,78.0,61.47,-3582.41,4316.3,768.51,454.82
2024-07-01,20192,Vertex Consumer Products (US),1057.5,1029.7,11.5247,11.5851,0.9685,0.9737,0.6347,0.5335,27.01,15.14,63.87,1063.2,-65.69,-104.21
2024-08-01,20192,Vertex Consumer Products (US),1739.2,1730.5,11.5247,11.0907,0.9685,0.995,0.6347,0.7413,20.21,25.45,-754.81,1786.8,-548.58,184.47
2024-09-01,20192,Vertex Consumer Products (US),5375.5,5116.7,11.5247,10.8636,0.9685,0.9519,0.6347,0.6458,73.95,75.25,-3553.74,5283.1,1064.88,56.8
2024-11-01,20192,Vertex Consumer Products (US),8212.3,7878.4,11.5247,10.6275,0.9685,0.9593,0.6347,0.6158,92.0,115.86,-7368.08,8134.6,895.47,-148.9
2025-01-01,20192,Vertex Consumer Products (US),9383.4,8799.0,11.5247,10.7599,0.9685,0.9377,0.6347,0.5906,158.81,129.4,-7176.42,9085.2,3436.67,-388.04
2025-02-01,20192,Vertex Consumer Products (US),3416.1,3205.9,11.5247,10.3501,0.9685,0.9385,0.6347,0.7295,59.54,47.15,-4012.55,3310.2,1220.47,303.92
2025-04-01,20192,Vertex Consumer Products (US),5361.1,5334.3,11.5247,10.5609,0.9685,0.995,0.6347,0.6486,129.0,78.44,-5167.03,5507.8,-1690.67,74.15
2025-06-01,20192,Vertex Consumer Products (US),2018.5,1989.1,11.5247,10.9103,0.9685,0.9854,0.6347,0.6095,21.29,29.25,-1240.17,2053.8,-406.82,-50.13
2025-07-01,20192,Vertex Consumer Products (US),2297.4,2259.2,10.9601,10.816,0.9685,0.9834,0.6347,0.5944,50.53,33.22,-331.06,2332.7,-386.89,-91.05
2025-08-01,20192,Vertex Consumer Products (US),4773.0,4713.6,10.9601,11.1238,0.9685,0.9876,0.6347,0.6943,85.47,69.32,781.34,4866.9,-1029.15,280.93
2025-09-01,20192,Vertex Consumer Products (US),4112.0,3963.8,10.9601,11.8436,0.9685,0.964,0.6347,0.649,47.33,58.29,3632.95,4092.7,211.53,56.68
2025-10-01,20192,Vertex Consumer Products (US),1644.2,1597.3,10.9601,11.7962,0.9685,0.9715,0.6347,0.672,21.93,23.49,1374.72,1649.3,-55.9,59.58
2025-11-01,20192,Vertex Consumer Products (US),5446.1,5418.8,10.9601,12.0233,0.9685,0.995,0.6347,0.586,90.9,79.69,5790.29,5595.0,-1631.96,-263.9
2026-02-01,20192,Vertex Consumer Products (US),1277.9,1230.2,10.9601,13.9529,0.9685,0.9627,0.6347,0.7189,13.46,18.09,3824.5,1270.2,84.39,103.58
2026-03-01,20192,Vertex Consumer Products (US),6465.8,6215.0,10.9601,13.6612,0.9685,0.9612,0.6347,0.6988,73.03,91.4,17464.77,6417.1,533.76,398.38
2026-04-01,20192,Vertex Consumer Products (US),4473.6,4345.7,10.9601,13.4612,0.9685,0.9714,0.6347,0.6724,60.05,63.91,11188.92,4487.0,-146.87,163.83
2026-05-01,20192,Vertex Consumer Products (US),5683.1,5483.5,10.9601,12.9897,0.9685,0.9649,0.6347,0.7371,72.91,80.64,11534.42,5661.8,233.45,561.51
2026-06-01,20192,Vertex Consumer Products (US),4031.9,4011.8,10.9601,12.0676,0.9685,0.995,0.6347,0.6093,74.49,59.0,4465.33,4142.3,-1210.0,-101.9
2023-07-01,20193,Silverline Personal Care,772.0,709.1,20.6825,20.5045,0.8904,0.9186,0.4349,0.4693,10.33,10.43,-137.42,796.4,-504.65,24.39
2023-08-01,20193,Silverline Personal Care,422.7,385.9,20.6825,22.0061,0.8904,0.9129,0.4349,0.4522,4.32,5.68,559.49,433.4,-221.3,6.68
2023-09-01,20193,Silverline Personal Care,297.8,274.7,20.6825,21.4574,0.8904,0.9223,0.4349,0.4608,5.42,4.04,230.77,308.5,-221.3,7.11
2023-10-01,20193,Silverline Personal Care,846.2,780.9,20.6825,22.004,0.8904,0.9229,0.4349,0.4183,11.76,11.48,1118.25,877.0,-637.02,-12.96
2023-11-01,20193,Silverline Personal Care,2361.6,2201.9,20.6825,22.9166,0.8904,0.9323,0.4349,0.4895,25.58,32.38,5276.05,2472.9,-2301.96,120.22
2023-12-01,20193,Silverline Personal Care,674.9,622.2,20.6825,23.0937,0.8904,0.922,0.4349,0.4261,9.69,9.15,1627.32,698.8,-494.31,-5.48
2024-01-01,20193,Silverline Personal Care,1329.6,1239.1,20.6825,22.6446,0.8904,0.9319,0.4349,0.442,28.93,18.22,2608.81,1391.6,-1282.32,8.8
2024-02-01,20193,Silverline Personal Care,504.3,455.8,20.6825,23.7163,0.8904,0.9039,0.4349,0.4148,7.07,6.7,1529.95,511.9,-157.19,-9.16
2024-03-01,20193,Silverline Personal Care,378.6,344.5,20.6825,23.5896,0.8904,0.9098,0.4349,0.477,3.85,5.07,1100.63,386.9,-171.66,14.5
2024-04-01,20193,Silverline Personal Care,509.9,457.5,20.6825,23.2143,0.8904,0.8972,0.4349,0.4258,6.35,6.73,1290.96,513.8,-80.66,-4.16
2024-06-01,20193,Silverline Personal Care,722.3,646.6,20.6825,23.4721,0.8904,0.8951,0.4349,0.4816,8.01,9.51,2014.93,726.2,-80.66,30.2
2024-07-01,20193,Silverline Personal Care,589.5,512.3,23.2401,23.2575,0.8904,0.869,0.4349,0.4462,8.16,7.53,10.26,575.4,327.69,5.79
2024-08-01,20193,Silverline Personal Care,934.0,845.6,23.2401,23.4249,0.8904,0.9054,0.4349,0.4433,9.18,12.44,172.6,949.7,-364.87,7.1
2024-09-01,20193,Silverline Personal Care,720.1,627.5,23.2401,23.3676,0.8904,0.8715,0.4349,0.4142,9.05,9.23,91.81,704.7,357.9,-12.99
2024-10-01,20193,Silverline Personal Care,576.1,518.1,23.2401,23.7814,0.8904,0.8994,0.4349,0.3784,7.39,7.62,311.84,581.9,-134.79,-29.27
2024-11-01,20193,Silverline Personal Care,1055.9,939.3,23.2401,23.5609,0.8904,0.8896,0.4349,0.4967,13.08,13.81,338.73,1054.9,23.24,58.05
2025-01-01,20193,Silverline Personal Care,836.8,765.4,23.2401,25.5073,0.8904,0.9147,0.4349,0.4286,12.97,11.26,1897.19,859.6,-529.87,-4.82
2025-03-01,20193,Silverline Personal Care,493.2,443.1,23.2401,25.2191,0.8904,0.8984,0.4349,0.4681,9.51,6.52,976.04,497.6,-102.26,14.71
2025-04-01,20193,Silverline Personal Care,601.7,512.3,23.2401,26.0318,0.8904,0.8514,0.4349,0.3767,5.57,7.53,1679.77,575.4,611.21,-29.82
2025-05-01,20193,Silverline Personal Care,408.9,374.2,23.2401,25.1162,0.8904,0.9151,0.4349,0.4249,4.61,5.5,767.14,420.3,-264.94,-3.74
2025-06-01,20193,Silverline Personal Care,1218.0,1066.9,23.2401,25.2214,0.8904,0.8759,0.4349,0.442,23.24,15.69,2413.22,1198.2,460.15,7.57
2025-07-01,20193,Silverline Personal Care,1471.4,1243.6,25.0652,25.3628,0.8904,0.8452,0.4349,0.4077,29.46,18.29,437.89,1396.7,1872.37,-33.83
2025-08-01,20193,Silverline Personal Care,460.9,403.1,25.0652,26.8021,0.8904,0.8745,0.4349,0.3937,8.89,5.93,800.54,452.7,205.53,-16.61
2025-09-01,20193,Silverline Personal Care,792.3,682.0,25.0652,27.1044,0.8904,0.8608,0.4349,0.4632,15.35,10.03,1615.66,765.9,661.72,19.3
2025-10-01,20193,Silverline Personal Care,971.6,843.9,25.0652,28.0944,0.8904,0.8686,0.4349,0.43,9.29,12.41,2943.17,947.8,596.55,-4.14
2025-11-01,20193,Silverline Personal Care,673.6,569.3,25.0652,28.5302,0.8904,0.8452,0.4349,0.3538,9.26,8.37,2334.02,639.4,857.23,-46.17
2026-01-01,20193,Silverline Personal Care,318.8,272.7,25.0652,27.7998,0.8904,0.8555,0.4349,0.4531,3.41,4.01,871.79,306.3,313.32,4.96
2026-02-01,20193,Silverline Personal Care,922.5,774.2,25.0652,26.7456,0.8904,0.8392,0.4349,0.4958,9.62,11.39,1550.17,869.5,1328.46,47.15
2026-03-01,20193,Silverline Personal Care,788.7,706.2,25.0652,24.6833,0.8904,0.8955,0.4349,0.5013,8.06,10.39,-301.2,793.1,-110.29,46.89
2026-04-01,20193,Silverline Personal Care,604.5,542.5,25.0652,23.3867,0.8904,0.8974,0.4349,0.4303,7.24,7.98,-1014.65,609.3,-120.31,-2.5
2026-05-01,20193,Silverline Personal Care,282.9,245.5,25.0652,24.9941,0.8904,0.8676,0.4349,0.447,6.44,3.61,-20.11,275.7,180.47,2.97
2026-06-01,20193,Silverline Personal Care,640.9,583.5,25.0652,26.2312,0.8904,0.9104,0.4349,0.4425,11.89,8.58,747.29,655.3,-360.94,4.43
2023-08-01,20194,Shenzhen Kaiyuan Electronics,1650.7,1618.8,10.7029,11.174,0.9495,0.9807,0.3835,0.4111,22.17,23.81,777.64,1704.9,-580.1,44.68
2023-09-01,20194,Shenzhen Kaiyuan Electronics,1636.7,1597.7,10.7029,11.0668,0.9495,0.9761,0.3835,0.363,32.39,23.5,595.6,1682.7,-492.33,-32.75
2023-10-01,20194,Shenzhen Kaiyuan Electronics,1353.5,1317.4,10.7029,11.1275,0.9495,0.9734,0.3835,0.3942,23.6,19.37,574.7,1387.5,-363.9,14.1
2023-11-01,20194,Shenzhen Kaiyuan Electronics,3456.8,3418.0,10.7029,11.066,0.9495,0.9888,0.3835,0.3556,46.38,50.26,1255.16,3599.8,-1530.51,-95.36
2024-01-01,20194,Shenzhen Kaiyuan Electronics,4639.8,4269.0,10.7029,10.4803,0.9495,0.9201,0.3835,0.371,91.4,62.78,-1032.82,4496.1,1538.01,-53.36
2024-02-01,20194,Shenzhen Kaiyuan Electronics,2031.5,1926.7,10.7029,10.7236,0.9495,0.9484,0.3835,0.3959,30.19,28.33,42.05,2029.2,24.62,23.89
2024-03-01,20194,Shenzhen Kaiyuan Electronics,1831.1,1699.5,10.7029,11.2246,0.9495,0.9281,0.3835,0.3777,18.62,24.99,955.28,1789.9,440.96,-9.86
2024-08-01,20194,Shenzhen Kaiyuan Electronics,5045.3,5020.1,13.8697,13.8602,0.9495,0.995,0.3835,0.3892,71.84,73.82,-47.93,5287.1,-3353.69,28.61
2024-09-01,20194,Shenzhen Kaiyuan Electronics,5066.6,4835.0,13.8697,14.5984,0.9495,0.9543,0.3835,0.3873,74.45,71.1,3692.03,5092.2,-355.06,18.37
2024-10-01,20194,Shenzhen Kaiyuan Electronics,3093.2,3065.1,13.8697,15.0553,0.9495,0.9909,0.3835,0.4156,38.66,45.07,3667.3,3228.1,-1871.02,98.39
2024-11-01,20194,Shenzhen Kaiyuan Electronics,1829.8,1737.1,13.8697,14.584,0.9495,0.9493,0.3835,0.3574,23.88,25.55,1307.03,1829.5,4.16,-45.34
2025-01-01,20194,Shenzhen Kaiyuan Electronics,2680.8,2653.7,13.8697,13.9807,0.9495,0.9899,0.3835,0.3738,51.75,39.02,297.57,2794.8,-1581.15,-25.74
2025-02-01,20194,Shenzhen Kaiyuan Electronics,2781.9,2584.7,13.8697,14.7434,0.9495,0.9291,0.3835,0.4517,58.13,38.01,2430.55,2722.2,828.02,176.28
2025-03-01,20194,Shenzhen Kaiyuan Electronics,826.3,817.4,13.8697,15.5453,0.9495,0.9892,0.3835,0.4141,16.46,12.02,1384.55,860.9,-479.89,25.01
2025-05-01,20194,Shenzhen Kaiyuan Electronics,1804.2,1700.3,13.8697,16.5959,0.9495,0.9424,0.3835,0.3797,21.25,25.0,4918.61,1790.7,187.24,-6.46
2025-06-01,20194,Shenzhen Kaiyuan Electronics,1550.1,1412.6,13.8697,18.0972,0.9495,0.9113,0.3835,0.3595,27.2,20.77,6553.05,1487.7,865.47,-33.9
2025-07-01,20194,Shenzhen Kaiyuan Electronics,1268.3,1222.6,18.84,18.956,0.9495,0.964,0.3835,0.4406,18.43,17.98,147.12,1287.6,-363.61,69.81
2025-08-01,20194,Shenzhen Kaiyuan Electronics,1175.7,1127.0,18.84,18.008,0.9495,0.9586,0.3835,0.4177,28.91,16.57,-978.18,1186.9,-211.01,38.54
2025-09-01,20194,Shenzhen Kaiyuan Electronics,2783.7,2693.9,18.84,17.4433,0.9495,0.9677,0.3835,0.3742,48.12,39.62,-3887.99,2837.2,-1007.94,-25.05
2025-10-01,20194,Shenzhen Kaiyuan Electronics,2632.3,2511.3,18.84,16.4814,0.9495,0.954,0.3835,0.4172,33.96,36.93,-6208.54,2644.9,-237.38,84.63
2025-11-01,20194,Shenzhen Kaiyuan Electronics,1256.7,1222.6,18.84,16.2497,0.9495,0.9728,0.3835,0.417,21.05,17.98,-3255.23,1287.6,-582.16,40.96
2025-12-01,20194,Shenzhen Kaiyuan Electronics,2120.2,1941.0,18.84,16.7533,0.9495,0.9155,0.3835,0.3406,26.35,28.54,-4424.22,2044.2,1431.84,-83.27
2026-01-01,20194,Shenzhen Kaiyuan Electronics,912.3,891.9,18.84,17.7379,0.9495,0.9776,0.3835,0.4242,23.32,13.12,-1005.45,939.3,-508.68,36.3
2026-02-01,20194,Shenzhen Kaiyuan Electronics,791.0,767.7,18.84,18.4245,0.9495,0.9706,0.3835,0.4081,8.41,11.29,-328.66,808.5,-329.7,18.89
2026-03-01,20194,Shenzhen Kaiyuan Electronics,1560.5,1514.4,18.84,19.2897,0.9495,0.9705,0.3835,0.3263,25.34,22.27,701.76,1594.9,-648.1,-86.62
2026-04-01,20194,Shenzhen Kaiyuan Electronics,638.0,633.7,18.84,19.7242,0.9495,0.9933,0.3835,0.3638,12.25,9.32,564.12,667.4,-553.9,-12.48
2026-05-01,20194,Shenzhen Kaiyuan Electronics,1606.0,1590.9,18.84,19.9873,0.9495,0.9906,0.3835,0.3977,22.6,23.4,1842.56,1675.5,-1309.38,22.59
2026-06-01,20194,Shenzhen Kaiyuan Electronics,2269.9,2157.2,18.84,20.398,0.9495,0.9503,0.3835,0.4195,41.69,31.72,3536.5,2271.9,-37.68,77.66
2023-07-01,20195,Harlow Textile Group,947.9,856.2,26.9824,27.2769,0.9285,0.9032,0.1585,0.1646,14.41,12.59,279.16,922.1,696.15,5.22
2023-08-01,20195,Harlow Textile Group,557.6,510.8,26.9824,27.556,0.9285,0.9161,0.1585,0.1636,5.52,7.51,319.84,550.1,202.37,2.61
2023-09-01,20195,Harlow Textile Group,2906.0,2760.2,26.9824,27.4101,0.9285,0.9498,0.1585,0.1511,47.23,40.59,1242.9,2972.8,-1802.42,-20.43
2023-10-01,20195,Harlow Textile Group,1050.3,1001.3,26.9824,26.5358,0.9285,0.9534,0.1585,0.174,15.49,14.73,-469.06,1078.4,-758.21,15.52
2023-11-01,20195,Harlow Textile Group,549.0,502.3,26.9824,26.8601,0.9285,0.915,0.1585,0.136,11.01,7.39,-67.14,541.0,215.86,-11.3
2023-12-01,20195,Harlow Textile Group,786.9,732.4,26.9824,26.4524,0.9285,0.9307,0.1585,0.1871,15.17,10.77,-417.06,788.8,-51.27,20.95
2024-02-01,20195,Harlow Textile Group,975.1,900.3,26.9824,25.348,0.9285,0.9233,0.1585,0.1462,22.1,13.24,-1593.7,969.6,148.4,-11.07
2024-03-01,20195,Harlow Textile Group,660.2,600.6,26.9824,24.0259,0.9285,0.9097,0.1585,0.144,15.3,8.83,-1951.88,646.8,361.56,-8.71
2024-04-01,20195,Harlow Textile Group,683.9,631.5,26.9824,23.3871,0.9285,0.9234,0.1585,0.1683,8.32,9.29,-2458.83,680.1,102.53,6.19
2024-05-01,20195,Harlow Textile Group,706.6,631.1,26.9824,22.9283,0.9285,0.8932,0.1585,0.1577,15.98,9.28,-2864.63,679.7,725.83,-0.5
2024-06-01,20195,Harlow Textile Group,670.4,637.7,26.9824,23.3777,0.9285,0.9512,0.1585,0.1533,14.28,9.38,-2416.59,686.8,-442.51,-3.32
2024-07-01,20195,Harlow Textile Group,534.9,516.0,24.1345,24.059,0.9285,0.9647,0.1585,0.1436,5.74,7.59,-40.38,555.7,-502.0,-7.69
2024-08-01,20195,Harlow Textile Group,503.1,479.2,24.1345,24.1495,0.9285,0.9525,0.1585,0.1681,11.47,7.05,7.55,516.1,-313.75,4.6
2024-10-01,20195,Harlow Textile Group,274.7,265.6,24.1345,24.6891,0.9285,0.967,0.1585,0.1664,4.17,3.91,152.35,286.1,-275.13,2.1
2024-11-01,20195,Harlow Textile Group,433.7,403.0,24.1345,23.6782,0.9285,0.9293,0.1585,0.1565,9.05,5.93,-197.9,434.0,-7.24,-0.81
2024-12-01,20195,Harlow Textile Group,1007.1,995.4,24.1345,24.9711,0.9285,0.9884,0.1585,0.1508,15.49,14.64,842.54,1072.1,-1568.74,-7.66
2025-01-01,20195,Harlow Textile Group,1113.2,1076.3,24.1345,24.6075,0.9285,0.9669,0.1585,0.1864,12.65,15.83,526.54,1159.2,-1110.19,30.03
2025-04-01,20195,Harlow Textile Group,1327.6,1276.6,24.1345,24.0816,0.9285,0.9616,0.1585,0.1797,15.92,18.77,-70.23,1374.9,-1141.56,27.06
2025-05-01,20195,Harlow Textile Group,560.4,512.8,24.1345,23.7492,0.9285,0.9152,0.1585,0.1593,7.8,7.54,-215.92,552.3,195.49,0.41
2025-06-01,20195,Harlow Textile Group,1287.7,1190.2,24.1345,24.4672,0.9285,0.9243,0.1585,0.1919,27.41,17.5,428.42,1281.9,139.98,39.75
2025-07-01,20195,Harlow Textile Group,955.3,890.6,26.019,26.1738,0.9285,0.9322,0.1585,0.1468,22.83,13.1,147.88,959.2,-101.47,-10.42
2025-10-01,20195,Harlow Textile Group,647.0,593.0,26.019,26.5079,0.9285,0.9166,0.1585,0.1311,7.47,8.72,316.32,638.7,215.96,-16.25
2025-11-01,20195,Harlow Textile Group,421.8,387.3,26.019,26.5817,0.9285,0.9182,0.1585,0.1532,6.21,5.69,237.35,417.1,122.29,-2.05
2025-12-01,20195,Harlow Textile Group,1380.6,1266.3,26.019,25.9086,0.9285,0.9173,0.1585,0.1584,18.08,18.62,-152.42,1363.8,437.12,-0.13
2026-01-01,20195,Harlow Textile Group,989.7,891.4,26.019,24.7031,0.9285,0.9007,0.1585,0.1687,14.88,13.11,-1302.35,960.0,772.76,9.09
2026-02-01,20195,Harlow Textile Group,734.6,680.9,26.019,23.0394,0.9285,0.9268,0.1585,0.1676,10.42,10.01,-2188.81,733.3,33.82,6.2
2026-03-01,20195,Harlow Textile Group,362.8,345.9,26.019,22.8287,0.9285,0.9535,0.1585,0.1132,6.23,5.09,-1157.44,372.5,-252.38,-15.67
2026-04-01,20195,Harlow Textile Group,682.5,623.2,26.019,20.676,0.9285,0.9132,0.1585,0.1522,12.71,9.17,-3646.6,671.2,294.01,-3.93
2026-06-01,20195,Harlow Textile Group,488.0,473.4,26.019,20.7656,0.9285,0.9699,0.1585,0.1711,5.48,6.96,-2563.66,509.9,-569.82,5.96
2023-07-01,20196,Meridian Private Label,1676.3,1503.8,12.7708,12.7604,0.9204,0.8971,0.3847,0.4321,23.09,22.11,-17.43,1633.9,541.48,71.28
2023-09-01,20196,Meridian Private Label,679.7,635.5,12.7708,13.3514,0.9204,0.935,0.3847,0.3428,8.99,9.35,394.63,690.5,-137.92,-26.63
2023-10-01,20196,Meridian Private Label,860.5,816.0,12.7708,13.8198,0.9204,0.9482,0.3847,0.3717,10.03,12.0,902.66,886.6,-333.32,-10.61
2023-11-01,20196,Meridian Private Label,1345.5,1298.4,12.7708,13.9483,0.9204,0.965,0.3847,0.399,19.48,19.09,1584.33,1410.7,-832.66,18.57
2024-01-01,20196,Meridian Private Label,1275.6,1220.9,12.7708,13.7161,0.9204,0.9571,0.3847,0.4046,20.77,17.95,1205.82,1326.5,-650.03,24.3
2024-02-01,20196,Meridian Private Label,969.2,907.1,12.7708,14.446,0.9204,0.9359,0.3847,0.4415,10.42,13.34,1623.6,985.5,-208.16,51.52
2024-03-01,20196,Meridian Private Label,1293.1,1246.1,12.7708,14.59,0.9204,0.9637,0.3847,0.3656,13.55,18.33,2352.41,1353.9,-776.46,-23.8
2024-05-01,20196,Meridian Private Label,1203.2,1118.2,12.7708,15.5733,0.9204,0.9294,0.3847,0.3249,13.3,16.44,3371.97,1214.9,-149.42,-66.87
2024-06-01,20196,Meridian Private Label,1124.6,1038.2,12.7708,16.5507,0.9204,0.9232,0.3847,0.3959,16.35,15.27,4250.88,1128.0,-43.42,11.63
2024-08-01,20196,Meridian Private Label,1132.2,1068.8,16.9255,17.1171,0.9204,0.944,0.3847,0.3407,18.65,15.72,216.93,1161.2,-490.84,-47.03
2024-09-01,20196,Meridian Private Label,1175.8,1116.6,16.9255,16.6618,0.9204,0.9496,0.3847,0.4086,11.72,16.42,-310.06,1213.2,-633.01,26.69
2024-10-01,20196,Meridian Private Label,1216.5,1163.7,16.9255,15.1127,0.9204,0.9566,0.3847,0.4005,19.05,17.11,-2205.27,1264.3,-809.04,18.39
2024-11-01,20196,Meridian Private Label,877.6,818.7,16.9255,14.9659,0.9204,0.9328,0.3847,0.4008,15.96,12.04,-1719.74,889.5,-201.41,13.18
2024-12-01,20196,Meridian Private Label,2408.2,2192.2,16.9255,15.2873,0.9204,0.9103,0.3847,0.3565,31.23,32.24,-3945.11,2381.8,446.83,-61.82
2025-01-01,20196,Meridian Private Label,933.5,857.2,16.9255,16.43,0.9204,0.9183,0.3847,0.3987,10.15,12.61,-462.55,931.3,37.24,12.0
2025-02-01,20196,Meridian Private Label,422.0,383.1,16.9255,16.353,0.9204,0.9079,0.3847,0.3672,4.03,5.63,-241.59,416.2,98.17,-6.7
2025-03-01,20196,Meridian Private Label,3870.2,3679.8,16.9255,16.8474,0.9204,0.9508,0.3847,0.3884,41.31,54.11,-302.26,3998.0,-2163.08,13.62
2025-04-01,20196,Meridian Private Label,785.4,772.9,16.9255,17.0013,0.9204,0.9841,0.3847,0.3159,16.32,11.37,59.53,839.7,-919.05,-53.18
2025-05-01,20196,Meridian Private Label,1390.6,1336.7,16.9255,17.3371,0.9204,0.9613,0.3847,0.387,23.57,19.66,572.37,1452.3,-1044.3,3.07
2025-06-01,20196,Meridian Private Label,1442.9,1370.9,16.9255,16.5245,0.9204,0.9501,0.3847,0.3698,21.29,20.16,-578.6,1489.5,-788.73,-20.43
2025-08-01,20196,Meridian Private Label,573.6,550.3,16.2474,16.2634,0.9204,0.9595,0.3847,0.3993,7.69,8.09,9.18,597.9,-394.81,8.03
2025-09-01,20196,Meridian Private Label,2562.5,2371.2,16.2474,16.371,0.9204,0.9253,0.3847,0.4179,28.73,34.87,316.72,2576.3,-224.21,78.72
2025-11-01,20196,Meridian Private Label,3108.2,2779.4,16.2474,16.5681,0.9204,0.8942,0.3847,0.3906,46.37,40.87,996.8,3019.8,1436.27,16.4
2025-12-01,20196,Meridian Private Label,323.0,302.1,16.2474,16.5298,0.9204,0.9354,0.3847,0.3968,3.32,4.44,91.22,328.2,-84.49,3.66
2026-01-01,20196,Meridian Private Label,3099.4,2748.6,16.2474,17.661,0.9204,0.8868,0.3847,0.3436,30.06,40.42,4381.31,2986.3,1837.58,-112.97
2026-03-01,20196,Meridian Private Label,778.2,715.3,16.2474,17.9239,0.9204,0.9191,0.3847,0.3922,10.99,10.52,1304.65,777.2,16.25,5.36
2026-04-01,20196,Meridian Private Label,1030.3,928.7,16.2474,18.1503,0.9204,0.9014,0.3847,0.3592,19.37,13.66,1960.56,1009.0,346.07,-23.68
2026-05-01,20196,Meridian Private Label,1913.7,1736.6,16.2474,17.8974,0.9204,0.9075,0.3847,0.372,35.56,25.54,3157.61,1886.8,437.06,-22.05
2026-06-01,20196,Meridian Private Label,913.3,850.2,16.2474,17.0293,0.9204,0.9309,0.3847,0.4211,20.0,12.5,714.11,923.7,-168.97,30.95
2023-08-01,20197,Vertex Consumer Products (US),216.2,210.6,7.8709,7.618,0.9387,0.974,0.344,0.3661,2.44,3.1,-54.68,224.4,-64.54,4.65
2023-09-01,20197,Vertex Consumer Products (US),465.8,428.7,7.8709,7.7024,0.9387,0.9203,0.344,0.3958,4.64,6.3,-78.49,456.7,71.63,22.21
2023-10-01,20197,Vertex Consumer Products (US),515.7,490.3,7.8709,7.5708,0.9387,0.9508,0.344,0.3641,5.64,7.21,-154.76,522.3,-51.95,9.86
2023-11-01,20197,Vertex Consumer Products (US),468.6,447.3,7.8709,7.5999,0.9387,0.9546,0.344,0.3786,6.37,6.58,-126.99,476.5,-62.18,15.48
2023-12-01,20197,Vertex Consumer Products (US),189.6,182.0,7.8709,7.3898,0.9387,0.9597,0.344,0.3875,4.38,2.68,-91.22,193.9,-33.84,7.92
2024-01-01,20197,Vertex Consumer Products (US),600.4,563.7,7.8709,7.6435,0.9387,0.9389,0.344,0.3724,7.52,8.29,-136.53,600.5,-0.79,16.01
2024-03-01,20197,Vertex Consumer Products (US),626.3,576.7,7.8709,7.6482,0.9387,0.9208,0.344,0.3549,6.31,8.48,-139.48,614.4,93.66,6.29
2024-07-01,20197,Vertex Consumer Products (US),774.3,749.2,8.2313,8.2508,0.9387,0.9676,0.344,0.3696,9.13,11.02,15.1,798.1,-195.9,19.18
2024-08-01,20197,Vertex Consumer Products (US),486.0,470.6,8.2313,8.4779,0.9387,0.9683,0.344,0.3129,8.56,6.92,119.85,501.3,-125.94,-14.64
2024-10-01,20197,Vertex Consumer Products (US),884.7,823.3,8.2313,8.047,0.9387,0.9306,0.344,0.3118,13.86,12.11,-163.05,877.1,62.56,-26.51
2024-12-01,20197,Vertex Consumer Products (US),308.0,277.6,8.2313,8.1451,0.9387,0.9014,0.344,0.351,5.99,4.08,-26.55,295.7,101.24,1.94
2025-01-01,20197,Vertex Consumer Products (US),1010.3,885.5,8.2313,7.94,0.9387,0.8765,0.344,0.3297,12.94,13.02,-294.3,943.3,551.5,-12.66
2025-02-01,20197,Vertex Consumer Products (US),606.7,559.6,8.2313,7.9531,0.9387,0.9224,0.344,0.3826,6.41,8.23,-168.78,596.1,87.25,21.6
2025-03-01,20197,Vertex Consumer Products (US),2622.4,2424.8,8.2313,7.7743,0.9387,0.9246,0.344,0.3633,30.1,35.66,-1198.44,2583.1,323.49,46.8
2025-04-01,20197,Vertex Consumer Products (US),661.8,611.4,8.2313,7.428,0.9387,0.9238,0.344,0.3338,9.55,8.99,-531.62,651.3,86.43,-6.24
2025-05-01,20197,Vertex Consumer Products (US),946.8,891.8,8.2313,7.1697,0.9387,0.9419,0.344,0.3575,10.69,13.12,-1005.12,950.0,-26.34,12.04
2025-06-01,20197,Vertex Consumer Products (US),679.8,602.9,8.2313,7.1286,0.9387,0.887,0.344,0.3689,12.15,8.87,-749.62,642.3,308.67,15.01
2025-07-01,20197,Vertex Consumer Products (US),2855.8,2556.2,6.7447,6.7922,0.9387,0.8951,0.344,0.358,57.61,37.59,135.65,2723.1,895.02,35.79
2025-09-01,20197,Vertex Consumer Products (US),334.0,318.7,6.7447,6.8232,0.9387,0.9544,0.344,0.3505,3.48,4.69,26.22,339.5,-37.1,2.07
2025-10-01,20197,Vertex Consumer Products (US),811.8,768.3,6.7447,7.0222,0.9387,0.9465,0.344,0.3483,10.7,11.3,225.27,818.5,-45.19,3.3
2025-11-01,20197,Vertex Consumer Products (US),555.5,514.4,6.7447,7.2445,0.9387,0.9259,0.344,0.3892,8.77,7.56,277.64,548.0,50.59,23.25
2025-12-01,20197,Vertex Consumer Products (US),202.0,190.8,6.7447,7.8134,0.9387,0.9447,0.344,0.3339,2.18,2.81,215.88,203.3,-8.77,-1.93
2026-01-01,20197,Vertex Consumer Products (US),190.9,181.5,6.7447,8.0117,0.9387,0.9507,0.344,0.3647,2.2,2.67,241.87,193.4,-16.86,3.76
2026-03-01,20197,Vertex Consumer Products (US),362.3,343.7,6.7447,7.8085,0.9387,0.9487,0.344,0.3406,3.96,5.05,385.41,366.1,-25.63,-1.17
2026-04-01,20197,Vertex Consumer Products (US),444.2,402.1,6.7447,7.9636,0.9387,0.9054,0.344,0.3807,5.64,5.91,541.44,428.4,106.57,14.76
2026-05-01,20197,Vertex Consumer Products (US),344.3,332.9,6.7447,8.1194,0.9387,0.967,0.344,0.3434,6.31,4.9,473.31,354.6,-69.47,-0.2
2026-06-01,20197,Vertex Consumer Products (US),985.4,904.4,6.7447,8.5505,0.9387,0.9178,0.344,0.3217,10.53,13.3,1779.44,963.5,147.71,-20.17
2023-08-01,20198,Ningbo Hometech Manufacturing,796.0,722.8,3.6519,3.7021,0.9455,0.9081,0.4495,0.4413,17.12,10.63,39.96,764.5,115.03,-5.93
2023-09-01,20198,Ningbo Hometech Manufacturing,290.3,261.7,3.6519,3.5493,0.9455,0.9015,0.4495,0.4376,3.69,3.85,-29.78,276.8,49.3,-3.11
2023-10-01,20198,Ningbo Hometech Manufacturing,373.8,350.4,3.6519,3.5493,0.9455,0.9375,0.4495,0.4477,8.82,5.15,-38.35,370.6,11.69,-0.63
2023-11-01,20198,Ningbo Hometech Manufacturing,1085.4,1042.1,3.6519,3.5853,0.9455,0.9601,0.4495,0.4688,16.15,15.32,-72.29,1102.2,-61.35,20.11
2023-12-01,20198,Ningbo Hometech Manufacturing,1146.6,1090.6,3.6519,3.4595,0.9455,0.9512,0.4495,0.4736,15.61,16.04,-220.61,1153.5,-25.2,26.28
2024-02-01,20198,Ningbo Hometech Manufacturing,1496.6,1431.5,3.6519,3.5487,0.9455,0.9565,0.4495,0.4545,16.71,21.05,-154.45,1514.0,-63.54,7.16
2024-03-01,20198,Ningbo Hometech Manufacturing,1695.2,1653.7,3.6519,3.4526,0.9455,0.9755,0.4495,0.4726,29.26,24.32,-337.85,1749.0,-196.47,38.2
2024-04-01,20198,Ningbo Hometech Manufacturing,125.4,124.8,3.6519,3.5146,0.9455,0.995,0.4495,0.4296,1.49,1.84,-17.22,132.0,-24.1,-2.48
2024-05-01,20198,Ningbo Hometech Manufacturing,2199.0,2125.5,3.6519,3.6626,0.9455,0.9666,0.4495,0.5175,31.65,31.26,23.53,2248.0,-178.94,144.53
2024-06-01,20198,Ningbo Hometech Manufacturing,1849.4,1712.7,3.6519,3.4701,0.9455,0.9261,0.4495,0.5337,21.23,25.19,-336.22,1811.4,138.77,144.21
2024-08-01,20198,Ningbo Hometech Manufacturing,2142.2,2046.8,3.5409,3.6028,0.9455,0.9555,0.4495,0.3908,43.9,30.1,132.6,2164.8,-80.02,-120.15
2024-09-01,20198,Ningbo Hometech Manufacturing,761.1,723.3,3.5409,3.8076,0.9455,0.9504,0.4495,0.4892,7.69,10.64,202.99,765.0,-13.81,28.72
2024-11-01,20198,Ningbo Hometech Manufacturing,1875.8,1786.8,3.5409,3.7748,0.9455,0.9526,0.4495,0.4702,20.82,26.28,438.75,1889.8,-49.57,36.99
2024-12-01,20198,Ningbo Hometech Manufacturing,1017.6,1012.5,3.5409,3.9409,0.9455,0.995,0.4495,0.4872,21.96,14.89,407.04,1070.9,-188.73,38.17
2025-01-01,20198,Ningbo Hometech Manufacturing,1421.1,1363.9,3.5409,4.0876,0.9455,0.9597,0.4495,0.4313,15.18,20.06,776.92,1442.5,-75.78,-24.82
2025-02-01,20198,Ningbo Hometech Manufacturing,3055.5,2829.7,3.5409,4.1612,0.9455,0.9261,0.4495,0.4251,40.99,41.61,1895.33,2992.8,222.01,-69.04
2025-04-01,20198,Ningbo Hometech Manufacturing,1296.4,1195.2,3.5409,4.567,0.9455,0.922,0.4495,0.4945,12.86,17.58,1330.24,1264.1,114.37,53.78
2025-05-01,20198,Ningbo Hometech Manufacturing,671.3,639.3,3.5409,4.725,0.9455,0.9523,0.4495,0.4632,14.65,9.4,794.89,676.2,-17.35,8.76
2025-06-01,20198,Ningbo Hometech Manufacturing,1317.2,1297.8,3.5409,4.6856,0.9455,0.9852,0.4495,0.4737,15.68,19.08,1507.8,1372.6,-196.17,31.41
2025-07-01,20198,Ningbo Hometech Manufacturing,1277.4,1192.9,4.5415,4.5204,0.9455,0.9338,0.4495,0.4861,13.83,17.54,-26.95,1261.7,71.3,43.66
2025-08-01,20198,Ningbo Hometech Manufacturing,1049.1,1001.0,4.5415,4.4296,0.9455,0.9542,0.4495,0.442,15.99,14.72,-117.39,1058.7,-43.6,-7.51
2025-09-01,20198,Ningbo Hometech Manufacturing,831.9,818.6,4.5415,4.4556,0.9455,0.9841,0.4495,0.474,19.48,12.04,-71.46,865.8,-153.96,20.06
2025-10-01,20198,Ningbo Hometech Manufacturing,1309.4,1246.5,4.5415,4.2978,0.9455,0.9519,0.4495,0.4686,28.43,18.33,-319.1,1318.4,-40.87,23.81
2025-11-01,20198,Ningbo Hometech Manufacturing,2048.7,2002.0,4.5415,4.292,0.9455,0.9772,0.4495,0.4156,27.16,29.44,-511.15,2117.4,-312.0,-67.87
2025-12-01,20198,Ningbo Hometech Manufacturing,1515.3,1452.8,4.5415,4.2159,0.9455,0.9588,0.4495,0.4811,28.39,21.37,-493.38,1536.5,-96.28,45.91
2026-01-01,20198,Ningbo Hometech Manufacturing,1256.7,1210.6,4.5415,4.2343,0.9455,0.9633,0.4495,0.4215,13.87,17.8,-386.06,1280.4,-107.63,-33.9
2026-03-01,20198,Ningbo Hometech Manufacturing,1895.2,1795.7,4.5415,4.1259,0.9455,0.9475,0.4495,0.428,29.22,26.41,-787.65,1899.2,-18.17,-38.61
2026-04-01,20198,Ningbo Hometech Manufacturing,936.7,844.3,4.5415,4.2628,0.9455,0.9013,0.4495,0.4304,10.14,12.42,-261.06,893.0,198.46,-16.13
2026-05-01,20198,Ningbo Hometech Manufacturing,869.7,848.2,4.5415,4.2379,0.9455,0.9753,0.4495,0.4497,16.93,12.47,-264.04,897.1,-124.44,0.17
2026-06-01,20198,Ningbo Hometech Manufacturing,1385.7,1267.0,4.5415,4.4911,0.9455,0.9144,0.4495,0.4373,27.2,18.63,-69.84,1340.0,207.55,-15.46
2023-07-01,20199,Ashworth Tools & Hardware,538.9,484.4,7.5267,7.5003,0.9127,0.8989,0.3391,0.3955,10.23,7.12,-14.23,530.7,61.72,27.32
2023-08-01,20199,Ashworth Tools & Hardware,2192.5,1925.7,7.5267,7.648,0.9127,0.8783,0.3391,0.3226,20.76,28.32,265.95,2109.9,621.71,-31.77
2023-10-01,20199,Ashworth Tools & Hardware,1432.1,1342.6,7.5267,8.0174,0.9127,0.9375,0.3391,0.3549,16.01,19.74,702.73,1471.0,-292.79,21.21
2023-11-01,20199,Ashworth Tools & Hardware,2348.2,2204.9,7.5267,8.0078,0.9127,0.939,0.3391,0.4177,34.98,32.42,1129.72,2415.8,-508.8,173.31
2023-12-01,20199,Ashworth Tools & Hardware,1266.6,1206.3,7.5267,7.9848,0.9127,0.9524,0.3391,0.3216,13.67,17.74,580.23,1321.7,-414.72,-21.11
2024-01-01,20199,Ashworth Tools & Hardware,1968.1,1880.5,7.5267,7.8132,0.9127,0.9555,0.3391,0.2667,29.39,27.65,563.86,2060.4,-694.71,-136.15
2024-02-01,20199,Ashworth Tools & Hardware,1494.2,1382.0,7.5267,7.3414,0.9127,0.9249,0.3391,0.3184,16.03,20.32,-276.88,1514.2,-150.53,-28.61
2024-03-01,20199,Ashworth Tools & Hardware,2311.0,2155.4,7.5267,7.1865,0.9127,0.9327,0.3391,0.3265,32.89,31.7,-786.2,2361.6,-380.85,-27.16
2024-04-01,20199,Ashworth Tools & Hardware,2957.4,2812.4,7.5267,7.1022,0.9127,0.951,0.3391,0.3369,51.91,41.36,-1255.42,3081.4,-933.31,-6.19
2024-06-01,20199,Ashworth Tools & Hardware,898.7,835.6,7.5267,7.8931,0.9127,0.9299,0.3391,0.3077,10.75,12.29,329.28,915.5,-126.45,-26.24
2024-07-01,20199,Ashworth Tools & Hardware,682.6,607.9,7.831,7.93,0.9127,0.8906,0.3391,0.3646,10.83,8.94,67.58,666.0,129.99,15.5
2024-08-01,20199,Ashworth Tools & Hardware,2786.4,2470.4,7.831,8.5519,0.9127,0.8866,0.3391,0.391,60.96,36.33,2008.72,2706.7,624.13,128.21
2024-09-01,20199,Ashworth Tools & Hardware,1536.5,1400.6,7.831,8.5647,0.9127,0.9116,0.3391,0.3796,28.7,20.6,1127.33,1534.6,14.88,56.72
2024-11-01,20199,Ashworth Tools & Hardware,1211.3,1132.5,7.831,8.2531,0.9127,0.935,0.3391,0.297,18.04,16.65,511.29,1240.8,-231.01,-47.68
2024-12-01,20199,Ashworth Tools & Hardware,4945.7,4575.9,7.831,8.2517,0.9127,0.9252,0.3391,0.3305,75.65,67.29,2080.66,5013.6,-531.72,-39.35
2025-01-01,20199,Ashworth Tools & Hardware,1356.8,1194.1,7.831,8.2438,0.9127,0.8801,0.3391,0.3825,12.81,17.56,560.09,1308.3,379.8,51.82
2025-02-01,20199,Ashworth Tools & Hardware,1493.5,1292.1,7.831,8.6838,0.9127,0.8651,0.3391,0.312,14.36,19.0,1273.66,1415.7,609.25,-35.02
2025-03-01,20199,Ashworth Tools & Hardware,1135.2,994.0,7.831,8.4073,0.9127,0.8756,0.3391,0.3896,12.29,14.62,654.22,1089.1,361.01,50.2
2025-04-01,20199,Ashworth Tools & Hardware,2258.9,2020.5,7.831,8.1236,0.9127,0.8945,0.3391,0.3176,21.9,29.71,660.95,2213.8,353.18,-43.44
2025-06-01,20199,Ashworth Tools & Hardware,1592.6,1448.3,7.831,8.3307,0.9127,0.9094,0.3391,0.3948,21.86,21.3,795.82,1586.8,45.42,80.67
2025-07-01,20199,Ashworth Tools & Hardware,1227.1,1102.5,8.561,8.6553,0.9127,0.8985,0.3391,0.3091,22.31,16.21,115.72,1208.0,163.52,-33.08
2025-08-01,20199,Ashworth Tools & Hardware,2447.9,2190.0,8.561,8.5715,0.9127,0.8946,0.3391,0.3764,39.2,32.21,25.7,2399.5,414.35,81.69
2025-09-01,20199,Ashworth Tools & Hardware,641.5,600.1,8.561,8.6054,0.9127,0.9354,0.3391,0.3806,7.37,8.82,28.48,657.5,-136.98,24.9
2025-10-01,20199,Ashworth Tools & Hardware,1630.9,1500.6,8.561,9.0236,0.9127,0.9201,0.3391,0.3134,20.17,22.07,754.45,1644.1,-113.01,-38.57
2025-11-01,20199,Ashworth Tools & Hardware,1790.1,1578.5,8.561,9.3825,0.9127,0.8818,0.3391,0.3953,26.1,23.21,1470.57,1729.5,518.8,88.71
2025-12-01,20199,Ashworth Tools & Hardware,1241.7,1093.4,8.561,9.8478,0.9127,0.8806,0.3391,0.314,18.09,16.08,1597.82,1198.0,374.12,-27.44
2026-01-01,20199,Ashworth Tools & Hardware,1557.6,1429.7,8.561,10.5011,0.9127,0.9179,0.3391,0.3282,25.29,21.03,3021.9,1566.5,-76.19,-15.58
2026-03-01,20199,Ashworth Tools & Hardware,2341.3,2203.3,8.561,10.6475,0.9127,0.9411,0.3391,0.3661,32.13,32.4,4885.12,2414.0,-622.38,59.49
2026-05-01,20199,Ashworth Tools & Hardware,2204.0,2016.8,8.561,10.2347,0.9127,0.9151,0.3391,0.3795,35.34,29.66,3688.83,2209.7,-48.8,81.48
2023-07-01,20200,Meridian Private Label,122.3,112.9,11.6615,11.6941,0.9299,0.9229,0.3143,0.3313,1.38,1.66,3.99,121.4,10.5,1.92
2023-09-01,20200,Meridian Private Label,172.2,159.1,11.6615,11.9137,0.9299,0.924,0.3143,0.3441,2.36,2.34,43.43,171.1,12.83,4.74
2023-10-01,20200,Meridian Private Label,72.9,70.2,11.6615,11.4827,0.9299,0.964,0.3143,0.3342,1.36,1.03,-13.03,75.5,-30.32,1.4
2023-11-01,20200,Meridian Private Label,177.5,168.6,11.6615,11.4757,0.9299,0.9501,0.3143,0.3074,1.85,2.48,-32.98,181.3,-44.31,-1.16
2023-12-01,20200,Meridian Private Label,127.0,113.8,11.6615,11.2698,0.9299,0.8957,0.3143,0.3421,2.27,1.67,-49.75,122.4,53.64,3.16
2024-03-01,20200,Meridian Private Label,309.6,271.9,11.6615,10.8587,0.9299,0.8782,0.3143,0.3387,3.41,4.0,-248.55,292.4,200.58,6.63
2024-04-01,20200,Meridian Private Label,264.0,233.4,11.6615,11.0934,0.9299,0.8842,0.3143,0.3754,3.85,3.43,-149.98,251.0,151.6,14.26
2024-05-01,20200,Meridian Private Label,74.7,70.2,11.6615,11.6737,0.9299,0.9402,0.3143,0.2577,1.08,1.03,0.91,75.5,-9.33,-3.97
2024-06-01,20200,Meridian Private Label,80.7,74.0,11.6615,11.6013,0.9299,0.9172,0.3143,0.3412,0.95,1.09,-4.86,79.6,12.83,1.99
2024-08-01,20200,Meridian Private Label,249.5,245.2,11.822,12.0391,0.9299,0.9828,0.3143,0.3053,3.87,3.61,54.17,263.7,-167.87,-2.21
2024-10-01,20200,Meridian Private Label,109.4,105.1,11.822,12.7159,0.9299,0.9608,0.3143,0.3361,1.23,1.55,97.79,113.0,-42.56,2.29
2024-12-01,20200,Meridian Private Label,218.5,199.8,11.822,12.774,0.9299,0.9147,0.3143,0.3408,3.45,2.94,208.01,214.9,42.56,5.29
2025-01-01,20200,Meridian Private Label,300.2,277.0,11.822,13.626,0.9299,0.9224,0.3143,0.3172,5.86,4.07,541.56,297.9,27.19,0.8
2025-02-01,20200,Meridian Private Label,176.0,162.6,11.822,14.1743,0.9299,0.9235,0.3143,0.3235,1.83,2.39,414.0,174.9,13.0,1.5
2025-03-01,20200,Meridian Private Label,67.2,62.0,11.822,14.4253,0.9299,0.9233,0.3143,0.3229,1.16,0.91,174.94,66.7,5.91,0.53
2025-05-01,20200,Meridian Private Label,76.5,70.7,11.822,14.5214,0.9299,0.9242,0.3143,0.2862,1.44,1.04,206.5,76.0,5.91,-1.99
2025-06-01,20200,Meridian Private Label,399.1,378.8,11.822,14.9234,0.9299,0.9492,0.3143,0.3004,5.11,5.57,1237.77,407.4,-98.12,-5.27
2025-07-01,20200,Meridian Private Label,213.8,200.2,15.5409,15.6178,0.9299,0.9363,0.3143,0.3338,4.04,2.94,16.44,215.3,-23.31,3.9
2025-08-01,20200,Meridian Private Label,409.6,360.4,15.5409,16.0201,0.9299,0.8801,0.3143,0.2503,5.23,5.3,196.28,387.6,341.9,-23.07
2025-09-01,20200,Meridian Private Label,177.6,160.8,15.5409,16.6928,0.9299,0.9055,0.3143,0.2967,2.68,2.37,204.58,172.9,73.04,-2.83
2025-10-01,20200,Meridian Private Label,122.8,115.2,15.5409,16.5893,0.9299,0.9385,0.3143,0.2993,1.36,1.69,128.74,123.9,-17.09,-1.73
2025-11-01,20200,Meridian Private Label,65.9,58.7,15.5409,17.0423,0.9299,0.8908,0.3143,0.3554,0.86,0.86,98.94,63.1,43.51,2.41
2025-12-01,20200,Meridian Private Label,204.0,192.8,15.5409,18.0625,0.9299,0.9452,0.3143,0.3166,2.05,2.84,514.41,207.3,-51.28,0.44
2026-01-01,20200,Meridian Private Label,205.9,187.7,15.5409,18.3202,0.9299,0.9114,0.3143,0.3092,3.63,2.76,572.26,201.8,63.72,-0.96
2026-02-01,20200,Meridian Private Label,209.8,192.0,15.5409,19.0747,0.9299,0.9149,0.3143,0.2623,4.8,2.82,741.39,206.5,51.28,-9.98
2026-04-01,20200,Meridian Private Label,64.8,60.5,15.5409,19.6063,0.9299,0.9344,0.3143,0.286,1.19,0.89,263.44,65.1,-4.66,-1.71
2026-05-01,20200,Meridian Private Label,161.3,148.5,15.5409,20.6144,0.9299,0.9207,0.3143,0.2922,3.52,2.18,818.36,159.7,24.87,-3.28
2026-06-01,20200,Meridian Private Label,146.0,129.9,15.5409,22.4122,0.9299,0.8898,0.3143,0.3204,2.29,1.91,1003.21,139.7,97.91,0.79
2023-07-01,20201,Meridian Private Label,2408.6,2358.6,11.9512,12.0518,0.9823,0.9792,0.4787,0.5603,25.28,34.68,242.31,2401.1,89.63,192.46
2023-08-01,20201,Meridian Private Label,372.3,367.6,11.9512,12.3435,0.9823,0.9874,0.4787,0.5025,9.47,5.41,146.05,374.2,-22.71,8.75
2023-09-01,20201,Meridian Private Label,1028.4,1015.7,11.9512,11.7579,0.9823,0.9876,0.4787,0.4462,16.56,14.94,-198.79,1034.0,-66.93,-33.01
2023-10-01,20201,Meridian Private Label,228.6,227.2,11.9512,10.8939,0.9823,0.9938,0.4787,0.4326,4.17,3.34,-241.7,231.3,-32.27,-10.47
2023-11-01,20201,Meridian Private Label,1116.2,1093.3,11.9512,11.2107,0.9823,0.9795,0.4787,0.5457,13.46,16.08,-826.55,1113.0,38.24,73.25
2023-12-01,20201,Meridian Private Label,342.1,330.8,11.9512,11.3238,0.9823,0.967,0.4787,0.5051,6.25,4.86,-214.63,336.8,63.34,8.73
2024-01-01,20201,Meridian Private Label,670.5,667.2,11.9512,11.3098,0.9823,0.995,0.4787,0.4993,7.51,9.81,-430.06,679.2,-103.98,13.74
2024-02-01,20201,Meridian Private Label,442.6,440.4,11.9512,11.6845,0.9823,0.995,0.4787,0.4138,6.28,6.48,-118.04,448.3,-68.12,-28.58
2024-04-01,20201,Meridian Private Label,857.3,836.5,11.9512,13.814,0.9823,0.9757,0.4787,0.4994,8.84,12.3,1596.98,851.6,68.12,17.32
2024-05-01,20201,Meridian Private Label,1326.6,1288.8,11.9512,14.0801,0.9823,0.9715,0.4787,0.5487,18.23,18.95,2824.2,1312.0,174.49,90.22
2024-06-01,20201,Meridian Private Label,1244.9,1223.9,11.9512,14.4609,0.9823,0.9831,0.4787,0.5063,19.0,18.0,3124.33,1246.0,-13.15,33.78
2024-07-01,20201,Meridian Private Label,278.2,262.9,15.9315,15.8636,0.9823,0.9452,0.4787,0.5069,3.18,3.87,-18.89,267.6,168.87,7.41
2024-08-01,20201,Meridian Private Label,643.8,635.7,15.9315,15.6899,0.9823,0.9874,0.4787,0.4968,7.14,9.35,-155.54,647.2,-54.17,11.51
2024-09-01,20201,Meridian Private Label,647.2,644.0,15.9315,15.8325,0.9823,0.995,0.4787,0.5464,10.03,9.47,-64.07,655.6,-133.82,43.6
2024-11-01,20201,Meridian Private Label,425.3,418.7,15.9315,15.3084,0.9823,0.9845,0.4787,0.5489,7.23,6.16,-265.0,426.2,-14.34,29.39
2024-12-01,20201,Meridian Private Label,418.4,416.3,15.9315,14.1398,0.9823,0.995,0.4787,0.4768,8.57,6.12,-749.65,423.8,-86.03,-0.79
2025-01-01,20201,Meridian Private Label,524.8,522.2,15.9315,14.0109,0.9823,0.995,0.4787,0.42,13.53,7.68,-1007.93,531.6,-108.33,-30.65
2025-03-01,20201,Meridian Private Label,467.9,435.9,15.9315,15.468,0.9823,0.9316,0.4787,0.4483,9.15,6.41,-216.87,443.8,383.95,-13.25
2025-04-01,20201,Meridian Private Label,367.0,347.7,15.9315,16.8529,0.9823,0.9475,0.4787,0.5068,4.39,5.11,338.15,354.0,207.11,9.77
2025-06-01,20201,Meridian Private Label,352.7,338.4,15.9315,17.4638,0.9823,0.9596,0.4787,0.4133,6.32,4.98,540.44,344.5,130.64,-22.13
2025-08-01,20201,Meridian Private Label,719.0,674.0,17.6511,17.2322,0.9823,0.9375,0.4787,0.4148,8.28,9.91,-301.19,686.1,580.72,-43.07
2025-09-01,20201,Meridian Private Label,799.8,757.7,17.6511,16.845,0.9823,0.9474,0.4787,0.5046,10.11,11.14,-644.72,771.4,501.29,19.62
2025-11-01,20201,Meridian Private Label,1216.9,1140.4,17.6511,15.7336,0.9823,0.9371,0.4787,0.5262,20.33,16.77,-2333.41,1160.9,988.46,54.17
2025-12-01,20201,Meridian Private Label,477.6,447.6,17.6511,15.7043,0.9823,0.9372,0.4787,0.3772,4.87,6.58,-929.79,455.7,386.56,-45.43
2026-01-01,20201,Meridian Private Label,861.2,849.2,17.6511,16.5502,0.9823,0.9861,0.4787,0.4481,9.39,12.49,-948.1,864.5,-58.25,-25.99
2026-02-01,20201,Meridian Private Label,135.9,135.3,17.6511,17.9829,0.9823,0.995,0.4787,0.6078,1.76,1.99,45.09,137.7,-31.77,17.47
2026-03-01,20201,Meridian Private Label,848.9,821.6,17.6511,16.9173,0.9823,0.9678,0.4787,0.3586,16.19,12.08,-622.92,836.4,220.64,-98.67
2026-04-01,20201,Meridian Private Label,534.3,531.6,17.6511,16.5734,0.9823,0.995,0.4787,0.505,10.77,7.82,-575.82,541.2,-121.79,13.98
2026-06-01,20201,Meridian Private Label,280.8,279.4,17.6511,17.9152,0.9823,0.995,0.4787,0.4812,6.71,4.11,74.16,284.4,-63.54,0.7
2023-08-01,20202,Ashworth Tools & Hardware,695.9,656.6,29.9742,28.8735,0.9312,0.9435,0.4961,0.5255,9.66,9.66,-765.98,705.1,-275.76,19.3
2023-09-01,20202,Ashworth Tools & Hardware,5341.1,4979.2,29.9742,27.4345,0.9312,0.9322,0.4961,0.4702,92.71,73.22,-13564.79,5347.1,-179.85,-128.96
2023-10-01,20202,Ashworth Tools & Hardware,4583.8,4517.5,29.9742,27.0187,0.9312,0.9855,0.4961,0.5072,93.99,66.43,-13547.42,4851.3,-8018.1,50.14
2023-11-01,20202,Ashworth Tools & Hardware,1594.6,1529.5,29.9742,27.3899,0.9312,0.9592,0.4961,0.488,23.16,22.49,-4120.92,1642.5,-1435.76,-12.39
2023-12-01,20202,Ashworth Tools & Hardware,3875.2,3764.3,29.9742,27.9572,0.9312,0.9714,0.4961,0.4812,49.19,55.36,-7816.28,4042.4,-5011.69,-56.09
2024-01-01,20202,Ashworth Tools & Hardware,3377.5,3042.6,29.9742,28.1581,0.9312,0.9009,0.4961,0.5391,55.85,44.74,-6133.88,3267.4,3300.16,130.83
2024-02-01,20202,Ashworth Tools & Hardware,579.0,526.3,29.9742,26.1068,0.9312,0.9089,0.4961,0.4383,5.76,7.74,-2239.22,565.2,413.64,-30.42
2024-03-01,20202,Ashworth Tools & Hardware,9330.6,8975.9,29.9742,24.5276,0.9312,0.962,0.4961,0.4082,102.71,132.0,-50820.05,9639.1,-9247.04,-788.98
2024-04-01,20202,Ashworth Tools & Hardware,2965.4,2861.4,29.9742,23.4367,0.9312,0.9649,0.4961,0.5074,36.38,42.08,-19386.3,3072.8,-3219.23,32.33
2024-05-01,20202,Ashworth Tools & Hardware,1129.5,1057.1,29.9742,24.1888,0.9312,0.936,0.4961,0.5465,13.53,15.55,-6534.61,1135.2,-170.85,53.28
2024-06-01,20202,Ashworth Tools & Hardware,5323.3,4705.4,29.9742,23.056,0.9312,0.8839,0.4961,0.5688,86.16,69.2,-36827.65,5053.0,8102.03,342.08
2024-07-01,20202,Ashworth Tools & Hardware,3151.3,2836.0,22.7083,22.828,0.9312,0.9,0.4961,0.5191,32.9,41.71,377.21,3045.5,2402.54,65.23
2024-08-01,20202,Ashworth Tools & Hardware,1612.0,1443.6,22.7083,21.0919,0.9312,0.8955,0.4961,0.5906,22.48,21.23,-2605.64,1550.3,1401.1,136.42
2024-09-01,20202,Ashworth Tools & Hardware,2427.6,2306.8,22.7083,19.4965,0.9312,0.9502,0.4961,0.5546,37.04,33.92,-7796.97,2477.2,-1126.33,134.95
2024-11-01,20202,Ashworth Tools & Hardware,2199.6,2055.7,22.7083,19.6795,0.9312,0.9346,0.4961,0.5055,46.37,30.23,-6662.15,2207.6,-181.67,19.32
2024-12-01,20202,Ashworth Tools & Hardware,2318.4,2102.1,22.7083,20.2019,0.9312,0.9067,0.4961,0.4936,30.8,30.91,-5810.84,2257.4,1385.21,-5.26
2025-01-01,20202,Ashworth Tools & Hardware,2473.4,2227.5,22.7083,19.8618,0.9312,0.9006,0.4961,0.379,42.51,32.76,-7040.53,2392.1,1846.18,-260.84
2025-02-01,20202,Ashworth Tools & Hardware,1136.6,1032.2,22.7083,19.3316,0.9312,0.9081,0.4961,0.5828,23.23,15.18,-3837.96,1108.5,638.1,89.49
2025-03-01,20202,Ashworth Tools & Hardware,2265.0,2067.0,22.7083,19.999,0.9312,0.9126,0.4961,0.553,34.74,30.4,-6136.56,2219.7,1028.69,117.61
2025-04-01,20202,Ashworth Tools & Hardware,5555.6,5008.4,22.7083,19.9586,0.9312,0.9015,0.4961,0.5172,84.28,73.65,-15276.23,5378.4,4023.91,105.68
2025-05-01,20202,Ashworth Tools & Hardware,2912.9,2746.8,22.7083,19.8057,0.9312,0.943,0.4961,0.5014,52.71,40.39,-8454.98,2949.7,-835.67,14.56
2025-06-01,20202,Ashworth Tools & Hardware,3334.2,3048.1,22.7083,19.8713,0.9312,0.9142,0.4961,0.5061,35.34,44.83,-9459.13,3273.3,1382.94,30.48
2025-07-01,20202,Ashworth Tools & Hardware,6987.7,6207.6,19.1861,19.0634,0.9312,0.8884,0.4961,0.5053,132.57,91.29,-857.39,6666.2,6168.33,57.11
2025-09-01,20202,Ashworth Tools & Hardware,5245.0,4832.1,19.1861,20.0099,0.9312,0.9213,0.4961,0.4797,88.91,71.06,4320.83,5189.1,1072.5,-79.25
2025-10-01,20202,Ashworth Tools & Hardware,2771.5,2497.2,19.1861,20.5274,0.9312,0.901,0.4961,0.4232,44.76,36.72,3717.41,2681.7,1722.91,-182.05
2026-01-01,20202,Ashworth Tools & Hardware,2787.3,2545.2,19.1861,22.933,0.9312,0.9131,0.4961,0.533,33.52,37.43,10443.73,2733.2,1037.97,93.92
2026-02-01,20202,Ashworth Tools & Hardware,1493.7,1359.2,19.1861,23.8788,0.9312,0.9099,0.4961,0.5051,19.96,19.99,7009.49,1459.6,654.25,12.23
2026-03-01,20202,Ashworth Tools & Hardware,2408.4,2088.8,19.1861,24.4707,0.9312,0.8673,0.4961,0.5021,23.64,30.72,12727.43,2243.1,3171.46,12.53
2026-06-01,20202,Ashworth Tools & Hardware,5703.8,5307.8,19.1861,23.5832,0.9312,0.9306,0.4961,0.5074,64.46,78.06,25080.18,5700.0,72.91,59.98
2023-08-01,20203,Harlow Textile Group,1237.1,1229.0,10.6312,10.6425,0.995,0.9935,0.3728,0.3784,14.83,18.07,13.98,1235.2,20.2,6.88
2023-09-01,20203,Harlow Textile Group,1104.4,1098.8,10.6312,10.0845,0.995,0.995,0.3728,0.3993,20.81,16.16,-603.78,1104.3,1.06,29.12
2023-10-01,20203,Harlow Textile Group,2333.3,2248.4,10.6312,10.7447,0.995,0.9636,0.3728,0.3713,47.41,33.06,264.83,2259.7,782.46,-3.37
2023-11-01,20203,Harlow Textile Group,1959.9,1950.1,10.6312,10.7651,0.995,0.995,0.3728,0.3887,38.29,28.68,262.43,1959.9,0.0,31.01
2023-12-01,20203,Harlow Textile Group,4054.0,4006.7,10.6312,10.3724,0.995,0.9884,0.3728,0.4164,45.57,58.92,-1049.18,4026.8,289.17,174.69
2024-01-01,20203,Harlow Textile Group,1239.1,1233.0,10.6312,10.22,0.995,0.995,0.3728,0.3465,24.14,18.13,-509.52,1239.2,-1.06,-32.43
2024-03-01,20203,Harlow Textile Group,4461.9,4399.2,10.6312,10.6397,0.995,0.9859,0.3728,0.375,58.19,64.69,37.93,4421.3,431.63,9.68
2024-06-01,20203,Harlow Textile Group,2030.1,2019.9,10.6312,11.2406,0.995,0.995,0.3728,0.4049,23.66,29.7,1237.14,2030.1,0.0,64.84
2024-07-01,20203,Harlow Textile Group,3717.3,3576.7,11.6223,11.5647,0.995,0.9622,0.3728,0.3369,58.35,52.6,-214.12,3594.7,1424.89,-128.4
2024-08-01,20203,Harlow Textile Group,1992.2,1982.2,11.6223,11.943,0.995,0.995,0.3728,0.4382,30.19,29.15,638.9,1992.2,0.0,129.64
2024-09-01,20203,Harlow Textile Group,2345.5,2333.8,11.6223,11.7276,0.995,0.995,0.3728,0.3404,36.67,34.32,246.98,2345.5,0.0,-75.62
2024-10-01,20203,Harlow Textile Group,4662.7,4596.8,11.6223,11.0501,0.995,0.9859,0.3728,0.3041,56.24,67.6,-2668.0,4619.9,497.43,-315.8
2024-11-01,20203,Harlow Textile Group,1617.9,1609.8,11.6223,11.2216,0.995,0.995,0.3728,0.3986,20.43,23.67,-648.29,1617.9,0.0,41.53
2025-01-01,20203,Harlow Textile Group,1501.6,1494.1,11.6223,10.8751,0.995,0.995,0.3728,0.3964,29.98,21.97,-1122.0,1501.6,0.0,35.26
2025-02-01,20203,Harlow Textile Group,957.1,952.3,11.6223,10.6361,0.995,0.995,0.3728,0.4132,11.33,14.0,-943.89,957.1,0.0,38.47
2025-03-01,20203,Harlow Textile Group,3015.8,3000.7,11.6223,10.7353,0.995,0.995,0.3728,0.3672,41.8,44.13,-2675.01,3015.8,0.0,-16.8
2025-05-01,20203,Harlow Textile Group,814.7,810.6,11.6223,11.132,0.995,0.995,0.3728,0.3705,15.05,11.92,-399.45,814.7,0.0,-1.86
2025-06-01,20203,Harlow Textile Group,1104.9,1099.3,11.6223,11.0199,0.995,0.995,0.3728,0.3859,12.82,16.17,-665.59,1104.8,1.16,14.4
2025-07-01,20203,Harlow Textile Group,2817.2,2803.1,10.7211,10.8405,0.995,0.995,0.3728,0.3534,29.54,41.22,336.37,2817.2,0.0,-54.38
2025-08-01,20203,Harlow Textile Group,4004.0,3971.1,10.7211,11.0337,0.995,0.9918,0.3728,0.3785,69.55,58.4,1251.65,3991.1,138.3,22.64
2025-09-01,20203,Harlow Textile Group,300.7,299.2,10.7211,10.991,0.995,0.995,0.3728,0.3804,7.52,4.4,81.16,300.7,0.0,2.27
2025-10-01,20203,Harlow Textile Group,490.7,488.2,10.7211,11.0984,0.995,0.995,0.3728,0.4045,6.85,7.18,185.14,490.7,0.0,15.48
2025-11-01,20203,Harlow Textile Group,1824.6,1815.5,10.7211,11.0067,0.995,0.995,0.3728,0.408,21.17,26.7,521.11,1824.6,0.0,63.91
2025-12-01,20203,Harlow Textile Group,832.7,828.6,10.7211,11.3405,0.995,0.995,0.3728,0.3977,8.95,12.18,515.77,832.8,-1.07,20.63
2026-02-01,20203,Harlow Textile Group,3723.7,3705.0,10.7211,11.1451,0.995,0.995,0.3728,0.3999,62.25,54.49,1578.85,3723.6,1.07,100.41
2026-04-01,20203,Harlow Textile Group,4113.4,3865.6,10.7211,11.5496,0.995,0.9398,0.3728,0.3949,89.03,56.85,3407.95,3885.0,2448.7,85.43
2026-05-01,20203,Harlow Textile Group,1205.4,1145.4,10.7211,11.9267,0.995,0.9502,0.3728,0.417,24.78,16.84,1453.23,1151.2,581.08,50.63
2026-06-01,20203,Harlow Textile Group,1353.8,1315.2,10.7211,12.6813,0.995,0.9715,0.3728,0.4045,14.03,19.34,2653.72,1321.8,343.08,41.69
2023-07-01,20204,Guangzhou Vantage Industrial,1855.9,1755.3,12.4082,12.3417,0.9368,0.9458,0.2777,0.2752,43.69,25.81,-123.42,1873.7,-220.87,-4.39
2023-08-01,20204,Guangzhou Vantage Industrial,1129.0,1105.1,12.4082,12.5424,0.9368,0.9788,0.2777,0.2974,15.63,16.25,151.51,1179.7,-629.1,21.77
2023-10-01,20204,Guangzhou Vantage Industrial,671.0,611.7,12.4082,11.3455,0.9368,0.9117,0.2777,0.2465,15.34,9.0,-713.07,653.0,223.35,-19.09
2023-11-01,20204,Guangzhou Vantage Industrial,396.8,379.3,12.4082,11.2145,0.9368,0.9558,0.2777,0.2998,5.59,5.58,-473.66,404.9,-100.51,8.38
2023-12-01,20204,Guangzhou Vantage Industrial,407.6,367.5,12.4082,11.6548,0.9368,0.9016,0.2777,0.2717,5.71,5.4,-307.09,392.3,189.85,-2.21
2024-01-01,20204,Guangzhou Vantage Industrial,985.4,949.1,12.4082,11.4858,0.9368,0.9632,0.2777,0.2767,15.82,13.96,-908.93,1013.1,-343.71,-0.95
2024-02-01,20204,Guangzhou Vantage Industrial,1174.2,1134.1,12.4082,11.6542,0.9368,0.9659,0.2777,0.2751,14.43,16.68,-885.35,1210.6,-451.66,-2.95
2024-03-01,20204,Guangzhou Vantage Industrial,979.1,936.6,12.4082,11.4148,0.9368,0.9566,0.2777,0.295,10.75,13.77,-972.64,999.8,-256.85,16.2
2024-04-01,20204,Guangzhou Vantage Industrial,1511.5,1390.7,12.4082,11.9012,0.9368,0.9201,0.2777,0.2507,14.78,20.45,-766.33,1484.5,335.02,-37.55
2024-05-01,20204,Guangzhou Vantage Industrial,1646.2,1555.7,12.4082,12.4033,0.9368,0.9451,0.2777,0.2808,21.94,22.88,-8.07,1660.7,-179.92,4.82
2024-06-01,20204,Guangzhou Vantage Industrial,1715.6,1552.7,12.4082,12.1979,0.9368,0.9051,0.2777,0.3063,17.6,22.83,-360.79,1657.5,720.92,44.41
2024-08-01,20204,Guangzhou Vantage Industrial,418.8,375.0,11.9131,12.5792,0.9368,0.8954,0.2777,0.2708,5.59,5.51,278.96,400.3,220.39,-2.59
2024-09-01,20204,Guangzhou Vantage Industrial,849.7,758.5,11.9131,12.5575,0.9368,0.8927,0.2777,0.2726,17.89,11.15,547.55,809.7,476.52,-3.87
2024-10-01,20204,Guangzhou Vantage Industrial,871.1,802.1,11.9131,12.9522,0.9368,0.9208,0.2777,0.2519,15.26,11.8,905.16,856.2,177.51,-20.69
2024-11-01,20204,Guangzhou Vantage Industrial,911.8,822.7,11.9131,12.8044,0.9368,0.9022,0.2777,0.2987,13.95,12.1,812.69,878.2,400.28,17.28
2024-12-01,20204,Guangzhou Vantage Industrial,684.3,623.0,11.9131,11.8106,0.9368,0.9105,0.2777,0.2566,11.2,9.16,-70.14,665.0,229.92,-13.15
2025-01-01,20204,Guangzhou Vantage Industrial,565.5,545.7,11.9131,11.9719,0.9368,0.965,0.2777,0.2861,9.1,8.02,33.25,582.5,-202.52,4.58
2025-03-01,20204,Guangzhou Vantage Industrial,767.5,756.0,11.9131,11.8663,0.9368,0.9851,0.2777,0.2603,8.24,11.12,-35.92,807.0,-470.57,-13.15
2025-04-01,20204,Guangzhou Vantage Industrial,831.3,762.9,11.9131,12.5093,0.9368,0.9178,0.2777,0.2755,12.82,11.22,495.62,814.4,201.33,-1.68
2025-05-01,20204,Guangzhou Vantage Industrial,684.0,634.8,11.9131,13.1722,0.9368,0.9282,0.2777,0.2648,14.5,9.34,861.22,677.6,76.24,-8.19
2025-06-01,20204,Guangzhou Vantage Industrial,565.8,539.5,11.9131,13.8586,0.9368,0.9534,0.2777,0.3088,9.81,7.93,1100.76,575.9,-120.32,16.78
2025-07-01,20204,Guangzhou Vantage Industrial,894.1,824.9,13.6573,13.7653,0.9368,0.9226,0.2777,0.292,12.63,12.13,96.56,880.6,184.37,11.8
2025-08-01,20204,Guangzhou Vantage Industrial,1563.1,1419.1,13.6573,13.3971,0.9368,0.9078,0.2777,0.2926,22.61,20.87,-406.72,1514.8,659.65,21.14
2025-10-01,20204,Guangzhou Vantage Industrial,384.0,352.7,13.6573,12.2514,0.9368,0.9183,0.2777,0.2895,4.08,5.19,-539.87,376.5,102.43,4.16
2025-11-01,20204,Guangzhou Vantage Industrial,461.5,421.4,13.6573,11.7102,0.9368,0.9131,0.2777,0.3122,6.8,6.2,-898.59,449.8,159.79,14.54
2026-02-01,20204,Guangzhou Vantage Industrial,720.1,664.9,13.6573,12.1868,0.9368,0.9234,0.2777,0.2789,7.65,9.78,-1058.91,709.8,140.67,0.8
2026-03-01,20204,Guangzhou Vantage Industrial,1163.8,1070.2,13.6573,12.3378,0.9368,0.9196,0.2777,0.2823,14.47,15.74,-1535.63,1142.4,292.27,4.92
2026-05-01,20204,Guangzhou Vantage Industrial,1100.0,1008.5,13.6573,13.1365,0.9368,0.9168,0.2777,0.2359,14.75,14.83,-572.88,1076.5,320.95,-42.16
2023-08-01,20205,Shenzhen Kaiyuan Electronics,2100.4,1958.9,11.9472,12.31,0.9476,0.9326,0.5996,0.584,25.7,28.81,762.03,2067.2,396.65,-30.56
2023-09-01,20205,Shenzhen Kaiyuan Electronics,1132.3,1040.3,11.9472,11.5324,0.9476,0.9187,0.5996,0.5582,21.11,15.3,-469.68,1097.8,412.18,-43.07
2023-10-01,20205,Shenzhen Kaiyuan Electronics,824.0,804.4,11.9472,11.2315,0.9476,0.9762,0.5996,0.6147,10.6,11.83,-589.74,848.9,-297.49,12.15
2023-11-01,20205,Shenzhen Kaiyuan Electronics,598.7,572.4,11.9472,11.1658,0.9476,0.9561,0.5996,0.5625,6.12,8.42,-467.82,604.1,-64.51,-21.24
2023-12-01,20205,Shenzhen Kaiyuan Electronics,2513.9,2489.3,11.9472,10.556,0.9476,0.9902,0.5996,0.6159,44.14,36.61,-3497.34,2627.0,-1351.23,40.58
2024-01-01,20205,Shenzhen Kaiyuan Electronics,2564.3,2418.7,11.9472,10.5963,0.9476,0.9432,0.5996,0.5489,35.1,35.57,-3464.11,2552.4,142.17,-122.63
2024-02-01,20205,Shenzhen Kaiyuan Electronics,1838.2,1747.1,11.9472,10.8662,0.9476,0.9504,0.5996,0.7462,18.28,25.69,-1987.09,1843.7,-65.71,256.12
2024-03-01,20205,Shenzhen Kaiyuan Electronics,748.1,703.8,11.9472,11.9791,0.9476,0.9409,0.5996,0.5808,13.78,10.35,23.86,742.7,64.51,-13.23
2024-04-01,20205,Shenzhen Kaiyuan Electronics,657.3,632.2,11.9472,12.8394,0.9476,0.9619,0.5996,0.5944,7.13,9.3,586.44,667.2,-118.28,-3.29
2024-05-01,20205,Shenzhen Kaiyuan Electronics,1235.8,1205.6,11.9472,13.4915,0.9476,0.9755,0.5996,0.5287,16.88,17.73,1908.45,1272.3,-436.07,-85.48
2024-06-01,20205,Shenzhen Kaiyuan Electronics,608.2,536.9,11.9472,13.6296,0.9476,0.8828,0.5996,0.6086,13.72,7.9,1023.24,566.6,497.0,4.83
2024-07-01,20205,Shenzhen Kaiyuan Electronics,1349.0,1214.3,13.4458,13.5808,0.9476,0.9001,0.5996,0.5363,30.11,17.86,182.11,1281.4,908.94,-76.87
2024-08-01,20205,Shenzhen Kaiyuan Electronics,1089.1,1045.3,13.4458,13.8993,0.9476,0.9597,0.5996,0.5953,12.06,15.37,493.91,1103.1,-188.24,-4.49
2024-10-01,20205,Shenzhen Kaiyuan Electronics,3216.3,2921.0,13.4458,14.4995,0.9476,0.9082,0.5996,0.5524,70.28,42.96,3389.02,3082.5,1799.05,-137.87
2024-11-01,20205,Shenzhen Kaiyuan Electronics,1880.2,1808.0,13.4458,14.3866,0.9476,0.9616,0.5996,0.5591,37.13,26.59,1768.89,1908.0,-373.79,-73.22
2024-12-01,20205,Shenzhen Kaiyuan Electronics,376.0,368.5,13.4458,13.0734,0.9476,0.9801,0.5996,0.5238,6.95,5.42,-140.02,388.9,-173.45,-27.93
2025-01-01,20205,Shenzhen Kaiyuan Electronics,549.9,522.2,13.4458,13.2872,0.9476,0.9495,0.5996,0.5555,10.42,7.68,-87.21,551.1,-16.13,-23.03
2025-02-01,20205,Shenzhen Kaiyuan Electronics,1454.3,1440.3,13.4458,13.9166,0.9476,0.9904,0.5996,0.582,37.64,21.18,684.68,1519.9,-882.04,-25.35
2025-03-01,20205,Shenzhen Kaiyuan Electronics,3919.8,3795.1,13.4458,13.7119,0.9476,0.9682,0.5996,0.5332,42.93,55.81,1043.06,4005.0,-1145.58,-251.99
2025-04-01,20205,Shenzhen Kaiyuan Electronics,788.2,765.7,13.4458,14.2373,0.9476,0.9715,0.5996,0.5792,10.59,11.26,623.86,808.0,-266.23,-15.62
2025-06-01,20205,Shenzhen Kaiyuan Electronics,1693.9,1613.1,13.4458,14.8924,0.9476,0.9523,0.5996,0.6225,28.64,23.72,2450.4,1702.3,-112.94,36.94
2025-07-01,20205,Shenzhen Kaiyuan Electronics,622.2,619.1,14.5901,14.6044,0.9476,0.995,0.5996,0.6407,6.5,9.1,8.9,653.3,-453.75,25.45
2025-08-01,20205,Shenzhen Kaiyuan Electronics,1168.1,1162.2,14.5901,14.3384,0.9476,0.995,0.5996,0.6112,15.85,17.09,-294.01,1226.5,-852.06,13.48
2025-09-01,20205,Shenzhen Kaiyuan Electronics,1453.5,1409.1,14.5901,13.6344,0.9476,0.9694,0.5996,0.6034,16.31,20.72,-1389.11,1487.0,-488.77,5.35
2025-10-01,20205,Shenzhen Kaiyuan Electronics,1347.7,1285.3,14.5901,13.3693,0.9476,0.9538,0.5996,0.6292,27.71,18.9,-1645.27,1356.4,-126.93,38.04
2025-11-01,20205,Shenzhen Kaiyuan Electronics,670.2,654.8,14.5901,12.6826,0.9476,0.9769,0.5996,0.5826,8.18,9.63,-1278.41,691.0,-303.47,-11.13
2025-12-01,20205,Shenzhen Kaiyuan Electronics,2782.0,2624.9,14.5901,12.3552,0.9476,0.9435,0.5996,0.5818,62.72,38.6,-6217.49,2770.1,173.62,-46.72
2026-01-01,20205,Shenzhen Kaiyuan Electronics,1616.4,1516.1,14.5901,12.9957,0.9476,0.9379,0.5996,0.5492,20.61,22.3,-2577.19,1599.9,240.74,-76.41
2026-03-01,20205,Shenzhen Kaiyuan Electronics,850.6,813.0,14.5901,13.0401,0.9476,0.9558,0.5996,0.682,11.44,11.96,-1318.43,858.0,-107.97,66.99
2026-04-01,20205,Shenzhen Kaiyuan Electronics,438.0,435.8,14.5901,13.0773,0.9476,0.995,0.5996,0.5354,6.33,6.41,-662.61,459.9,-319.52,-27.98
2026-05-01,20205,Shenzhen Kaiyuan Electronics,1841.5,1780.9,14.5901,13.3121,0.9476,0.9671,0.5996,0.6502,29.42,26.19,-2353.44,1879.4,-552.96,90.11
2026-06-01,20205,Shenzhen Kaiyuan Electronics,1237.6,1170.4,14.5901,14.1738,0.9476,0.9457,0.5996,0.6018,25.0,17.21,-515.21,1235.1,36.48,2.57
2023-07-01,20206,Harlow Textile Group,433.8,405.0,26.9329,26.6693,0.9153,0.9335,0.6029,0.6391,5.0,5.96,-114.35,442.5,-234.32,14.66
2023-08-01,20206,Harlow Textile Group,1973.4,1821.0,26.9329,27.8046,0.9153,0.9228,0.6029,0.6013,19.19,26.78,1720.21,1989.5,-433.62,-2.91
2023-09-01,20206,Harlow Textile Group,373.8,351.3,26.9329,26.0084,0.9153,0.9398,0.6029,0.6057,3.8,5.17,-345.58,383.8,-269.33,0.98
2023-10-01,20206,Harlow Textile Group,374.3,330.7,26.9329,27.0705,0.9153,0.8836,0.6029,0.5711,6.07,4.86,51.5,361.3,350.13,-10.52
2023-11-01,20206,Harlow Textile Group,482.3,453.5,26.9329,29.4667,0.9153,0.9402,0.6029,0.5596,6.56,6.67,1222.05,495.5,-355.51,-19.64
2023-12-01,20206,Harlow Textile Group,732.0,690.7,26.9329,28.5863,0.9153,0.9436,0.6029,0.6122,10.12,10.16,1210.29,754.6,-608.68,6.42
2024-03-01,20206,Harlow Textile Group,926.1,859.7,26.9329,32.8079,0.9153,0.9283,0.6029,0.5485,9.44,12.64,5440.84,939.3,-355.51,-46.77
2024-04-01,20206,Harlow Textile Group,403.1,371.1,26.9329,34.4319,0.9153,0.9204,0.6029,0.5722,4.9,5.46,3022.85,405.4,-61.95,-11.39
2024-05-01,20206,Harlow Textile Group,1191.2,1071.4,26.9329,36.0347,0.9153,0.8995,0.6029,0.5404,18.38,15.76,10842.06,1170.5,557.51,-66.96
2024-07-01,20206,Harlow Textile Group,471.6,429.0,38.9273,39.4861,0.9153,0.9098,0.6029,0.6137,4.63,6.31,263.53,468.7,112.89,4.63
2024-09-01,20206,Harlow Textile Group,2889.8,2629.1,38.9273,39.4947,0.9153,0.9098,0.6029,0.5778,31.45,38.66,1639.67,2872.4,677.34,-65.99
2024-10-01,20206,Harlow Textile Group,528.7,477.2,38.9273,36.5765,0.9153,0.9026,0.6029,0.6082,10.83,7.02,-1242.87,521.4,284.17,2.53
2024-11-01,20206,Harlow Textile Group,366.3,329.8,38.9273,38.1111,0.9153,0.9003,0.6029,0.7139,6.13,4.85,-298.97,360.3,233.56,36.61
2024-12-01,20206,Harlow Textile Group,547.8,490.5,38.9273,38.3499,0.9153,0.8953,0.6029,0.5873,7.44,7.21,-316.3,535.9,463.23,-7.65
2025-01-01,20206,Harlow Textile Group,733.7,663.3,38.9273,39.5151,0.9153,0.9041,0.6029,0.6173,8.68,9.75,431.27,724.7,350.35,9.55
2025-02-01,20206,Harlow Textile Group,930.6,846.7,38.9273,38.2344,0.9153,0.9098,0.6029,0.5929,9.58,12.45,-644.81,925.1,214.1,-8.47
2025-03-01,20206,Harlow Textile Group,470.2,438.6,38.9273,39.6251,0.9153,0.9327,0.6029,0.6881,6.6,6.45,328.11,479.2,-350.35,37.37
2025-04-01,20206,Harlow Textile Group,212.5,194.7,38.9273,41.8206,0.9153,0.9165,0.6029,0.5818,2.11,2.86,614.83,212.7,-7.79,-4.11
2025-05-01,20206,Harlow Textile Group,647.0,582.1,38.9273,42.0704,0.9153,0.8998,0.6029,0.6405,11.97,8.56,2033.59,636.0,428.2,21.89
2025-07-01,20206,Harlow Textile Group,932.5,873.9,39.3736,38.9268,0.9153,0.9372,0.6029,0.5588,10.1,12.85,-416.64,954.8,-878.03,-38.54
2025-08-01,20206,Harlow Textile Group,1793.5,1679.1,39.3736,38.5872,0.9153,0.9362,0.6029,0.596,35.75,24.69,-1410.41,1834.5,-1614.32,-11.59
2025-09-01,20206,Harlow Textile Group,703.5,645.7,39.3736,41.6596,0.9153,0.9179,0.6029,0.5894,10.32,9.5,1608.2,705.5,-78.75,-8.72
2025-10-01,20206,Harlow Textile Group,783.9,723.3,39.3736,41.5087,0.9153,0.9228,0.6029,0.5947,10.5,10.64,1673.7,790.2,-248.05,-5.93
2025-11-01,20206,Harlow Textile Group,861.7,777.1,39.3736,41.3082,0.9153,0.9018,0.6029,0.5636,13.81,11.43,1667.04,849.0,500.04,-30.54
2025-12-01,20206,Harlow Textile Group,1033.5,968.6,39.3736,40.7602,0.9153,0.9372,0.6029,0.579,14.06,14.24,1433.05,1058.2,-972.53,-23.15
2026-01-01,20206,Harlow Textile Group,1477.3,1311.1,39.3736,44.5687,0.9153,0.8875,0.6029,0.6107,18.13,19.28,7674.72,1432.4,1767.87,10.23
2026-02-01,20206,Harlow Textile Group,918.1,863.8,39.3736,46.5302,0.9153,0.9408,0.6029,0.6349,9.3,12.7,6570.47,943.7,-1007.96,27.64
2026-03-01,20206,Harlow Textile Group,166.6,155.6,39.3736,49.3089,0.9153,0.9338,0.6029,0.5937,3.54,2.29,1655.22,170.0,-133.87,-1.43
2026-04-01,20206,Harlow Textile Group,660.3,635.6,39.3736,49.8643,0.9153,0.9625,0.6029,0.6825,7.36,9.35,6927.01,694.4,-1342.64,50.59
2026-05-01,20206,Harlow Textile Group,873.9,816.3,39.3736,47.8674,0.9153,0.934,0.6029,0.5155,9.82,12.0,7422.73,891.8,-704.79,-71.34
2026-06-01,20206,Harlow Textile Group,339.5,318.9,39.3736,47.7056,0.9153,0.9393,0.6029,0.5953,3.79,4.69,2828.71,348.4,-350.43,-2.42
2023-07-01,20207,Shenzhen Kaiyuan Electronics,950.5,879.7,5.4272,5.3805,0.9233,0.9255,0.205,0.1895,18.87,12.94,-44.39,952.8,-12.48,-13.64
2023-08-01,20207,Shenzhen Kaiyuan Electronics,309.9,284.5,5.4272,5.3392,0.9233,0.918,0.205,0.2178,5.47,4.18,-27.27,308.1,9.77,3.64
2023-09-01,20207,Shenzhen Kaiyuan Electronics,321.0,309.6,5.4272,5.6547,0.9233,0.9644,0.205,0.2006,3.3,4.55,73.03,335.3,-77.61,-1.36
2023-11-01,20207,Shenzhen Kaiyuan Electronics,162.4,157.8,5.4272,5.7028,0.9233,0.9718,0.205,0.223,2.67,2.32,44.76,170.9,-46.13,2.84
2023-12-01,20207,Shenzhen Kaiyuan Electronics,450.9,436.2,5.4272,5.6285,0.9233,0.9674,0.205,0.2152,8.79,6.42,90.77,472.4,-116.68,4.45
2024-01-01,20207,Shenzhen Kaiyuan Electronics,695.9,650.9,5.4272,5.5309,0.9233,0.9353,0.205,0.1907,6.99,9.57,72.16,705.0,-49.39,-9.31
2024-02-01,20207,Shenzhen Kaiyuan Electronics,440.9,414.3,5.4272,5.4935,0.9233,0.9396,0.205,0.2105,5.57,6.09,29.23,448.7,-42.33,2.28
2024-03-01,20207,Shenzhen Kaiyuan Electronics,738.7,648.3,5.4272,5.5757,0.9233,0.8775,0.205,0.2001,7.85,9.53,109.7,702.2,198.09,-3.18
2024-04-01,20207,Shenzhen Kaiyuan Electronics,177.6,157.7,5.4272,5.231,0.9233,0.8879,0.205,0.1915,1.83,2.32,-34.85,170.8,36.9,-2.13
2024-07-01,20207,Shenzhen Kaiyuan Electronics,326.3,303.8,5.6681,5.5907,0.9233,0.9309,0.205,0.2185,7.05,4.47,-25.26,329.0,-15.3,4.1
2024-08-01,20207,Shenzhen Kaiyuan Electronics,458.4,410.0,5.6681,6.0319,0.9233,0.8943,0.205,0.2277,7.37,6.03,166.77,444.1,81.05,9.31
2024-09-01,20207,Shenzhen Kaiyuan Electronics,232.5,213.1,5.6681,6.4091,0.9233,0.9167,0.205,0.2008,5.06,3.13,172.28,230.8,9.64,-0.9
2024-10-01,20207,Shenzhen Kaiyuan Electronics,976.7,869.7,5.6681,6.6184,0.9233,0.8905,0.205,0.2069,13.28,12.79,928.16,941.9,197.25,1.65
2024-11-01,20207,Shenzhen Kaiyuan Electronics,460.3,435.9,5.6681,6.5923,0.9233,0.947,0.205,0.2086,11.1,6.41,425.41,472.1,-66.88,1.57
2024-12-01,20207,Shenzhen Kaiyuan Electronics,454.5,413.6,5.6681,7.0329,0.9233,0.9098,0.205,0.2113,5.19,6.08,620.3,448.0,36.84,2.61
2025-01-01,20207,Shenzhen Kaiyuan Electronics,733.2,693.6,5.6681,6.7118,0.9233,0.946,0.205,0.2276,9.4,10.2,765.24,751.2,-102.03,15.68
2025-03-01,20207,Shenzhen Kaiyuan Electronics,590.6,550.4,5.6681,6.3236,0.9233,0.9318,0.205,0.2181,13.35,8.09,387.14,596.1,-31.17,7.21
2025-04-01,20207,Shenzhen Kaiyuan Electronics,1182.9,1112.4,5.6681,5.9399,0.9233,0.9404,0.205,0.1836,21.07,16.36,321.51,1204.8,-124.13,-23.81
2025-05-01,20207,Shenzhen Kaiyuan Electronics,843.3,793.3,5.6681,5.5005,0.9233,0.9407,0.205,0.2044,19.12,11.67,-141.34,859.2,-90.12,-0.48
2025-07-01,20207,Shenzhen Kaiyuan Electronics,445.8,421.2,5.5424,5.5742,0.9233,0.9448,0.205,0.1971,4.98,6.19,14.18,456.2,-57.64,-3.33
2025-08-01,20207,Shenzhen Kaiyuan Electronics,411.2,374.5,5.5424,5.6032,0.9233,0.9106,0.205,0.2145,3.96,5.51,25.0,405.6,31.04,3.56
2025-10-01,20207,Shenzhen Kaiyuan Electronics,307.5,268.1,5.5424,5.5981,0.9233,0.872,0.205,0.1753,3.03,3.94,17.13,290.4,94.78,-7.96
2025-11-01,20207,Shenzhen Kaiyuan Electronics,1064.3,910.0,5.5424,5.5157,0.9233,0.855,0.205,0.2196,17.7,13.38,-28.42,985.6,436.19,13.29
2025-12-01,20207,Shenzhen Kaiyuan Electronics,672.1,598.1,5.5424,5.8415,0.9233,0.8899,0.205,0.1832,6.28,8.8,201.03,647.8,134.68,-13.04
2026-01-01,20207,Shenzhen Kaiyuan Electronics,686.3,623.8,5.5424,5.9102,0.9233,0.909,0.205,0.2389,13.48,9.17,252.42,675.6,59.3,21.15
2026-02-01,20207,Shenzhen Kaiyuan Electronics,644.9,597.4,5.5424,5.8856,0.9233,0.9263,0.205,0.1966,7.97,8.79,221.33,647.0,-11.64,-5.02
2026-05-01,20207,Shenzhen Kaiyuan Electronics,408.3,366.1,5.5424,5.9743,0.9233,0.8967,0.205,0.2216,4.62,5.38,176.34,396.5,65.4,6.08
2026-06-01,20207,Shenzhen Kaiyuan Electronics,216.7,202.8,5.5424,6.3268,0.9233,0.9356,0.205,0.216,3.49,2.98,169.98,219.6,-16.07,2.23
2023-08-01,20208,Meridian Private Label,415.2,405.7,9.7809,10.1452,0.9524,0.9769,0.5823,0.6427,6.2,5.97,151.26,426.0,-105.63,24.5
2023-10-01,20208,Meridian Private Label,386.8,346.0,9.7809,10.462,0.9524,0.8944,0.5823,0.6118,4.13,5.09,263.45,363.3,229.85,10.21
2023-11-01,20208,Meridian Private Label,499.4,492.3,9.7809,10.7684,0.9524,0.9859,0.5823,0.5814,6.04,7.24,493.16,516.9,-171.17,-0.44
2023-12-01,20208,Meridian Private Label,286.4,284.9,9.7809,11.0144,0.9524,0.995,0.5823,0.6414,6.81,4.19,353.27,299.1,-124.22,16.84
2024-01-01,20208,Meridian Private Label,480.4,467.6,9.7809,11.3216,0.9524,0.9734,0.5823,0.5713,6.29,6.88,740.15,491.0,-103.68,-5.14
2024-03-01,20208,Meridian Private Label,646.0,622.5,9.7809,10.679,0.9524,0.9636,0.5823,0.6218,14.3,9.15,580.17,653.6,-74.33,24.59
2024-04-01,20208,Meridian Private Label,368.0,362.4,9.7809,9.999,0.9524,0.9849,0.5823,0.5501,6.43,5.33,80.26,380.5,-122.26,-11.67
2024-05-01,20208,Meridian Private Label,1482.2,1403.0,9.7809,10.2031,0.9524,0.9465,0.5823,0.5267,17.91,20.63,625.78,1473.1,89.01,-78.01
2024-06-01,20208,Meridian Private Label,581.8,553.2,9.7809,10.5017,0.9524,0.9508,0.5823,0.6016,7.55,8.13,419.36,580.8,9.78,10.68
2024-07-01,20208,Meridian Private Label,368.0,357.1,11.4077,11.2705,0.9524,0.9702,0.5823,0.5458,5.46,5.25,-50.49,374.9,-78.71,-13.03
2024-08-01,20208,Meridian Private Label,514.2,472.7,11.4077,11.7846,0.9524,0.9193,0.5823,0.6134,8.01,6.95,193.8,496.3,204.2,14.7
2024-09-01,20208,Meridian Private Label,828.3,775.1,11.4077,11.688,0.9524,0.9358,0.5823,0.6309,11.14,11.4,232.17,813.8,165.41,37.67
2024-10-01,20208,Meridian Private Label,344.6,322.9,11.4077,11.7584,0.9524,0.9371,0.5823,0.5463,3.95,4.75,120.85,339.0,63.88,-11.62
2024-11-01,20208,Meridian Private Label,270.8,254.3,11.4077,11.7303,0.9524,0.9393,0.5823,0.6264,3.16,3.74,87.36,267.0,43.35,11.21
2025-01-01,20208,Meridian Private Label,330.9,307.8,11.4077,11.5537,0.9524,0.9303,0.5823,0.6835,4.08,4.53,48.31,323.2,87.84,31.15
2025-03-01,20208,Meridian Private Label,284.4,275.3,11.4077,11.0402,0.9524,0.9679,0.5823,0.5903,5.14,4.05,-104.52,289.1,-53.62,2.2
2025-04-01,20208,Meridian Private Label,1707.3,1692.0,11.4077,10.6232,0.9524,0.991,0.5823,0.7004,23.75,24.88,-1339.38,1776.6,-790.55,199.83
2025-06-01,20208,Meridian Private Label,606.7,586.9,11.4077,11.2888,0.9524,0.9673,0.5823,0.6067,15.3,8.63,-72.14,616.2,-108.37,14.32
2025-07-01,20208,Meridian Private Label,1029.5,986.4,11.3862,11.4252,0.9524,0.9581,0.5823,0.6896,13.37,14.51,40.15,1035.7,-70.59,105.84
2025-08-01,20208,Meridian Private Label,251.6,250.3,11.3862,11.392,0.9524,0.995,0.5823,0.5693,4.49,3.68,1.46,262.8,-127.53,-3.25
2025-09-01,20208,Meridian Private Label,570.0,545.2,11.3862,11.4664,0.9524,0.9565,0.5823,0.5531,6.84,8.02,45.71,572.4,-27.33,-15.92
2025-10-01,20208,Meridian Private Label,774.6,744.0,11.3862,11.2635,0.9524,0.9606,0.5823,0.6269,12.65,10.94,-95.04,781.2,-75.15,33.18
2025-11-01,20208,Meridian Private Label,396.8,377.8,11.3862,10.8897,0.9524,0.9519,0.5823,0.6055,6.7,5.56,-197.01,396.7,1.14,8.76
2025-12-01,20208,Meridian Private Label,334.5,307.6,11.3862,11.4202,0.9524,0.9197,0.5823,0.738,4.2,4.52,11.37,323.0,130.94,47.89
2026-01-01,20208,Meridian Private Label,680.3,645.7,11.3862,11.3413,0.9524,0.9491,0.5823,0.5801,11.15,9.5,-30.55,678.0,26.19,-1.42
2026-02-01,20208,Meridian Private Label,1025.4,964.7,11.3862,11.3603,0.9524,0.9408,0.5823,0.6379,11.8,14.19,-26.56,1012.9,142.33,53.64
2026-04-01,20208,Meridian Private Label,186.1,177.1,11.3862,11.5316,0.9524,0.9514,0.5823,0.6386,4.5,2.6,27.06,186.0,1.14,9.97
2026-06-01,20208,Meridian Private Label,417.9,414.2,11.3862,12.0741,0.9524,0.9912,0.5823,0.5833,6.25,6.09,287.47,434.9,-193.57,0.41
2023-07-01,20209,Silverline Personal Care,2634.2,2498.0,5.3468,5.3724,0.9628,0.9483,0.06,0.062,30.02,36.74,67.44,2594.5,212.27,5.0
2023-08-01,20209,Silverline Personal Care,2771.3,2601.1,5.3468,5.4718,0.9628,0.9386,0.06,0.0533,31.89,38.25,346.41,2701.6,372.67,-17.43
2023-09-01,20209,Silverline Personal Care,4529.1,4338.9,5.3468,5.5256,0.9628,0.958,0.06,0.0579,53.99,63.81,809.8,4506.5,120.84,-9.11
2023-10-01,20209,Silverline Personal Care,1407.4,1283.1,5.3468,5.7617,0.9628,0.9117,0.06,0.0587,30.46,18.87,583.93,1332.7,399.41,-1.67
2023-11-01,20209,Silverline Personal Care,2013.6,1864.1,5.3468,5.866,0.9628,0.9257,0.06,0.0657,36.74,27.41,1045.46,1936.1,414.38,10.63
2024-01-01,20209,Silverline Personal Care,4671.5,4312.3,5.3468,5.7581,0.9628,0.9231,0.06,0.0534,84.4,63.42,1921.39,4478.9,1029.79,-28.46
2024-02-01,20209,Silverline Personal Care,5853.8,5465.0,5.3468,5.7632,0.9628,0.9336,0.06,0.0641,83.87,80.37,2437.52,5676.2,949.59,22.41
2024-03-01,20209,Silverline Personal Care,1138.7,1082.2,5.3468,5.7432,0.9628,0.9504,0.06,0.0596,16.57,15.92,451.38,1124.0,78.6,-0.43
2024-04-01,20209,Silverline Personal Care,4050.5,3772.7,5.3468,6.0129,0.9628,0.9314,0.06,0.0704,45.28,55.48,2698.04,3918.5,705.78,39.24
2024-05-01,20209,Silverline Personal Care,4908.6,4816.7,5.3468,5.9974,0.9628,0.9813,0.06,0.0601,90.3,70.83,3193.54,5002.8,-503.67,0.48
2024-06-01,20209,Silverline Personal Care,4170.1,4010.7,5.3468,6.1669,0.9628,0.9618,0.06,0.0681,60.94,58.98,3419.9,4165.7,23.53,32.49
2024-07-01,20209,Silverline Personal Care,2289.4,2201.0,6.221,6.2937,0.9628,0.9614,0.06,0.0567,23.18,32.37,166.44,2286.0,21.15,-7.26
2024-08-01,20209,Silverline Personal Care,3005.3,2990.3,6.221,6.2613,0.9628,0.995,0.06,0.0578,47.53,43.97,121.11,3105.8,-625.21,-6.58
2024-09-01,20209,Silverline Personal Care,2429.4,2417.3,6.221,6.5259,0.9628,0.995,0.06,0.0581,53.73,35.55,740.72,2510.7,-505.77,-4.59
2024-12-01,20209,Silverline Personal Care,2050.9,2040.6,6.221,6.5971,0.9628,0.995,0.06,0.0614,49.04,30.01,771.34,2119.4,-426.14,2.86
2025-01-01,20209,Silverline Personal Care,5253.9,5227.6,6.221,6.8159,0.9628,0.995,0.06,0.0535,89.16,76.88,3125.55,5429.6,-1093.03,-33.98
2025-02-01,20209,Silverline Personal Care,2219.3,2201.3,6.221,7.0524,0.9628,0.9919,0.06,0.0685,43.03,32.37,1845.13,2286.4,-417.43,18.71
2025-03-01,20209,Silverline Personal Care,3312.2,3295.7,6.221,6.8134,0.9628,0.995,0.06,0.0588,51.06,48.47,1962.15,3423.0,-689.29,-3.95
2025-04-01,20209,Silverline Personal Care,1046.1,1038.2,6.221,7.3384,0.9628,0.9925,0.06,0.0615,16.01,15.27,1168.91,1078.3,-200.32,1.56
2025-06-01,20209,Silverline Personal Care,2808.1,2794.1,6.221,7.7877,0.9628,0.995,0.06,0.0676,35.36,41.09,4399.45,2902.1,-584.77,21.24
2025-07-01,20209,Silverline Personal Care,2200.5,2179.7,8.0219,7.9718,0.9628,0.9906,0.06,0.0625,24.12,32.05,-110.25,2263.9,-508.59,5.45
2025-08-01,20209,Silverline Personal Care,2348.4,2170.8,8.0219,7.9628,0.9628,0.9243,0.06,0.0584,26.44,31.92,-138.79,2254.7,751.65,-3.47
2025-09-01,20209,Silverline Personal Care,1744.3,1626.9,8.0219,8.1709,0.9628,0.9327,0.06,0.0651,33.59,23.92,259.9,1689.8,437.19,8.3
2025-10-01,20209,Silverline Personal Care,1319.2,1290.0,8.0219,7.8853,0.9628,0.9779,0.06,0.059,25.78,18.97,-180.2,1339.8,-165.25,-1.29
2025-11-01,20209,Silverline Personal Care,2829.6,2689.7,8.0219,7.8476,0.9628,0.9506,0.06,0.0512,34.42,39.55,-493.2,2793.6,288.79,-23.67
2025-12-01,20209,Silverline Personal Care,784.8,732.7,8.0219,7.6648,0.9628,0.9337,0.06,0.0505,18.84,10.78,-280.25,761.0,190.92,-6.96
2026-01-01,20209,Silverline Personal Care,1463.3,1278.3,8.0219,7.546,0.9628,0.8735,0.06,0.0553,15.3,18.8,-696.38,1327.7,1087.77,-6.01
2026-04-01,20209,Silverline Personal Care,1547.3,1502.2,8.0219,7.9265,0.9628,0.9709,0.06,0.072,21.45,22.09,-147.61,1560.2,-103.48,18.03
2026-05-01,20209,Silverline Personal Care,2096.9,2003.9,8.0219,7.7172,0.9628,0.9556,0.06,0.0602,34.76,29.47,-638.93,2081.3,125.14,0.4
2026-06-01,20209,Silverline Personal Care,2812.7,2783.4,8.0219,8.4667,0.9628,0.9896,0.06,0.0618,57.98,40.93,1251.09,2890.9,-627.31,5.01
2023-07-01,20210,Shenzhen Kaiyuan Electronics,2361.8,2041.2,17.168,17.3211,0.873,0.8643,0.2933,0.2851,50.77,30.02,361.59,2338.1,406.88,-16.74
2023-08-01,20210,Shenzhen Kaiyuan Electronics,3531.8,3081.5,17.168,18.9088,0.873,0.8725,0.2933,0.285,37.92,45.32,6148.16,3529.8,34.34,-25.58
2023-09-01,20210,Shenzhen Kaiyuan Electronics,4247.8,3687.0,17.168,19.4899,0.873,0.868,0.2933,0.2995,55.12,54.22,9862.97,4223.4,418.9,22.86
2023-12-01,20210,Shenzhen Kaiyuan Electronics,1709.1,1532.9,17.168,17.1313,0.873,0.8969,0.2933,0.2831,20.01,22.54,-62.72,1755.9,-803.46,-15.64
2024-01-01,20210,Shenzhen Kaiyuan Electronics,3618.9,3193.9,17.168,17.3629,0.873,0.8825,0.2933,0.3273,47.79,46.97,705.32,3658.5,-679.85,108.59
2024-02-01,20210,Shenzhen Kaiyuan Electronics,5517.9,4805.6,17.168,17.7903,0.873,0.8709,0.2933,0.2991,94.89,70.67,3433.79,5504.7,226.62,27.87
2024-03-01,20210,Shenzhen Kaiyuan Electronics,1827.8,1665.6,17.168,17.8261,0.873,0.9113,0.2933,0.2952,30.4,24.49,1202.88,1907.9,-1375.16,3.16
2024-04-01,20210,Shenzhen Kaiyuan Electronics,2574.2,2253.8,17.168,18.3046,0.873,0.8755,0.2933,0.3476,25.09,33.14,2925.84,2581.7,-128.76,122.38
2024-05-01,20210,Shenzhen Kaiyuan Electronics,2350.8,2058.3,17.168,19.0601,0.873,0.8756,0.2933,0.3545,35.71,30.27,4447.95,2357.7,-118.46,125.97
2024-06-01,20210,Shenzhen Kaiyuan Electronics,1152.7,982.3,17.168,20.2434,0.873,0.8522,0.2933,0.3357,19.09,14.44,3545.01,1125.2,472.12,41.65
2024-07-01,20210,Shenzhen Kaiyuan Electronics,1882.8,1602.5,20.9965,21.1939,0.873,0.8511,0.2933,0.2719,17.91,23.57,371.66,1835.6,991.03,-34.29
2024-08-01,20210,Shenzhen Kaiyuan Electronics,1306.8,1139.6,20.9965,22.3433,0.873,0.8721,0.2933,0.3017,12.58,16.76,1760.0,1305.4,29.4,9.57
2024-09-01,20210,Shenzhen Kaiyuan Electronics,4059.6,3521.8,20.9965,21.5211,0.873,0.8675,0.2933,0.3384,61.79,51.79,2129.67,4034.1,535.41,158.83
2024-11-01,20210,Shenzhen Kaiyuan Electronics,3953.7,3458.7,20.9965,21.9068,0.873,0.8748,0.2933,0.3285,84.21,50.86,3599.05,3961.9,-172.17,121.75
2024-12-01,20210,Shenzhen Kaiyuan Electronics,3283.0,2808.2,20.9965,22.3284,0.873,0.8554,0.2933,0.3418,29.76,41.3,4372.63,3216.7,1392.07,136.2
2025-01-01,20210,Shenzhen Kaiyuan Electronics,5072.9,4588.6,20.9965,20.8243,0.873,0.9045,0.2933,0.2958,53.82,67.48,-873.55,5256.1,-3846.56,11.47
2025-03-01,20210,Shenzhen Kaiyuan Electronics,7034.8,6273.9,20.9965,22.2644,0.873,0.8918,0.2933,0.2817,138.42,92.26,8919.42,7186.6,-3187.27,-72.78
2025-04-01,20210,Shenzhen Kaiyuan Electronics,916.2,853.4,20.9965,23.2663,0.873,0.9314,0.2933,0.3052,9.29,12.55,2079.59,977.5,-1287.09,10.16
2025-05-01,20210,Shenzhen Kaiyuan Electronics,3221.5,2943.0,20.9965,23.4864,0.873,0.9136,0.2933,0.3029,31.55,43.28,8021.21,3371.1,-3141.08,28.25
2025-06-01,20210,Shenzhen Kaiyuan Electronics,3762.9,3234.0,20.9965,24.4449,0.873,0.8594,0.2933,0.3331,49.75,47.56,12975.98,3704.5,1226.2,128.71
2025-07-01,20210,Shenzhen Kaiyuan Electronics,4006.5,3506.0,26.5582,26.4869,0.873,0.8751,0.2933,0.3114,49.55,51.56,-285.66,4016.0,-252.3,63.46
2025-08-01,20210,Shenzhen Kaiyuan Electronics,9580.5,8504.5,26.5582,27.2405,0.873,0.8877,0.2933,0.2694,90.65,125.07,6536.78,9741.7,-4281.18,-203.26
2025-09-01,20210,Shenzhen Kaiyuan Electronics,1237.6,1090.3,26.5582,27.3352,0.873,0.881,0.2933,0.3126,28.06,16.03,961.62,1248.9,-300.11,21.04
2025-11-01,20210,Shenzhen Kaiyuan Electronics,1557.9,1341.1,26.5582,26.3551,0.873,0.8608,0.2933,0.3003,18.62,19.72,-316.41,1536.2,576.31,9.39
2025-12-01,20210,Shenzhen Kaiyuan Electronics,682.5,597.1,26.5582,25.2755,0.873,0.8749,0.2933,0.2531,8.34,8.78,-875.44,684.0,-39.84,-24.0
2026-01-01,20210,Shenzhen Kaiyuan Electronics,4784.5,4043.5,26.5582,25.2762,0.873,0.8451,0.2933,0.2884,53.39,59.46,-6133.73,4631.7,4058.09,-19.81
2026-02-01,20210,Shenzhen Kaiyuan Electronics,3530.2,2980.1,26.5582,23.9805,0.873,0.8442,0.2933,0.249,58.92,43.82,-9099.8,3413.6,3096.69,-132.02
2026-03-01,20210,Shenzhen Kaiyuan Electronics,3270.0,2717.9,26.5582,24.453,0.873,0.8312,0.2933,0.2838,42.42,39.97,-6884.0,3113.3,4161.67,-25.82
2026-04-01,20210,Shenzhen Kaiyuan Electronics,6506.2,5792.2,26.5582,24.4756,0.873,0.8903,0.2933,0.2953,103.38,85.18,-13549.81,6634.8,-3415.38,11.58
2026-06-01,20210,Shenzhen Kaiyuan Electronics,2196.7,1943.7,26.5582,24.0596,0.873,0.8849,0.2933,0.2639,31.6,28.58,-5488.67,2226.5,-791.43,-57.14
2023-07-01,20211,Harlow Textile Group,581.6,506.0,21.2126,21.4526,0.8905,0.87,0.4592,0.5132,10.19,7.44,139.58,568.2,284.25,27.32
2023-08-01,20211,Harlow Textile Group,1291.0,1163.3,21.2126,21.2269,0.8905,0.9011,0.4592,0.4631,20.6,17.11,18.46,1306.3,-324.55,4.54
2023-09-01,20211,Harlow Textile Group,781.3,666.5,21.2126,19.79,0.8905,0.8531,0.4592,0.4423,7.31,9.8,-1111.48,748.5,695.77,-11.26
2023-10-01,20211,Harlow Textile Group,1178.8,1038.4,21.2126,19.8411,0.8905,0.881,0.4592,0.4264,11.03,15.27,-1616.72,1166.1,269.4,-34.06
2023-11-01,20211,Harlow Textile Group,335.2,299.8,21.2126,18.9267,0.8905,0.8943,0.4592,0.4239,6.89,4.41,-766.23,336.7,-31.82,-10.58
2023-12-01,20211,Harlow Textile Group,1330.7,1202.9,21.2126,19.0648,0.8905,0.904,0.4592,0.5023,19.63,17.69,-2858.08,1350.8,-426.37,51.84
2024-01-01,20211,Harlow Textile Group,865.2,773.5,21.2126,19.8952,0.8905,0.8941,0.4592,0.417,13.29,11.38,-1139.81,868.6,-72.12,-32.64
2024-02-01,20211,Harlow Textile Group,1181.1,1079.1,21.2126,20.3784,0.8905,0.9136,0.4592,0.4441,16.3,15.87,-985.27,1211.8,-651.23,-16.29
2024-03-01,20211,Harlow Textile Group,1158.2,1076.5,21.2126,20.1997,0.8905,0.9294,0.4592,0.4636,13.91,15.83,-1173.14,1208.9,-1075.48,4.74
2024-04-01,20211,Harlow Textile Group,1681.1,1535.1,21.2126,21.8277,0.8905,0.9131,0.4592,0.4717,16.68,22.58,1034.04,1723.9,-907.9,19.19
2024-06-01,20211,Harlow Textile Group,891.4,839.2,21.2126,22.3203,0.8905,0.9415,0.4592,0.527,19.55,12.34,987.4,942.4,-1081.84,56.9
2024-07-01,20211,Harlow Textile Group,404.7,373.7,22.5641,22.2859,0.8905,0.9236,0.4592,0.4349,9.79,5.5,-112.59,419.7,-338.46,-9.08
2024-08-01,20211,Harlow Textile Group,1035.8,922.1,22.5641,23.0039,0.8905,0.8903,0.4592,0.5283,18.53,13.56,455.54,1035.5,6.77,63.72
2024-09-01,20211,Harlow Textile Group,707.9,622.8,22.5641,24.56,0.8905,0.8799,0.4592,0.4951,12.33,9.16,1412.9,699.4,191.79,22.36
2024-10-01,20211,Harlow Textile Group,1033.6,913.0,22.5641,24.6311,0.8905,0.8833,0.4592,0.4983,10.9,13.43,2136.45,1025.3,187.28,35.7
2024-12-01,20211,Harlow Textile Group,934.2,831.5,22.5641,22.8095,0.8905,0.8901,0.4592,0.4303,16.43,12.23,229.25,933.7,11.28,-24.03
2025-01-01,20211,Harlow Textile Group,751.4,646.9,22.5641,22.2653,0.8905,0.8609,0.4592,0.461,8.1,9.51,-224.52,726.4,564.1,1.16
2025-02-01,20211,Harlow Textile Group,1373.8,1208.5,22.5641,22.4994,0.8905,0.8797,0.4592,0.4774,18.59,17.77,-88.88,1357.1,376.82,21.99
2025-03-01,20211,Harlow Textile Group,544.6,491.1,22.5641,24.8126,0.8905,0.9017,0.4592,0.4112,5.89,7.22,1224.53,551.5,-155.69,-23.57
2025-05-01,20211,Harlow Textile Group,327.0,291.1,22.5641,26.526,0.8905,0.8902,0.4592,0.4697,5.79,4.28,1295.54,326.9,2.26,3.06
2025-06-01,20211,Harlow Textile Group,1636.9,1438.2,22.5641,26.8393,0.8905,0.8786,0.4592,0.4528,24.98,21.15,6998.07,1615.0,494.15,-9.2
2025-07-01,20211,Harlow Textile Group,1000.4,864.0,26.0216,25.8963,0.8905,0.8636,0.4592,0.5468,10.93,12.71,-125.35,970.2,785.85,75.69
2025-08-01,20211,Harlow Textile Group,229.7,207.0,26.0216,25.6489,0.8905,0.9012,0.4592,0.4487,4.17,3.04,-85.61,232.5,-72.86,-2.17
2025-09-01,20211,Harlow Textile Group,785.8,695.8,26.0216,23.5851,0.8905,0.8854,0.4592,0.4661,11.35,10.23,-1914.6,781.4,114.5,4.8
2025-11-01,20211,Harlow Textile Group,1472.5,1276.0,26.0216,22.7213,0.8905,0.8666,0.4592,0.503,16.3,18.76,-4859.69,1432.9,1030.46,55.89
2025-12-01,20211,Harlow Textile Group,503.3,450.2,26.0216,23.2178,0.8905,0.8944,0.4592,0.4905,9.49,6.62,-1411.15,505.6,-59.85,14.09
2026-01-01,20211,Harlow Textile Group,574.0,493.5,26.0216,24.9359,0.8905,0.8599,0.4592,0.4823,5.93,7.26,-623.19,554.2,515.23,11.4
2026-02-01,20211,Harlow Textile Group,3255.9,2897.2,26.0216,26.0003,0.8905,0.8898,0.4592,0.4631,69.63,42.61,-69.35,3253.5,62.45,11.3
2026-03-01,20211,Harlow Textile Group,569.6,509.7,26.0216,26.5904,0.8905,0.8948,0.4592,0.4502,9.31,7.5,323.99,572.4,-72.86,-4.59
2026-04-01,20211,Harlow Textile Group,217.9,189.0,26.0216,27.4925,0.8905,0.8673,0.4592,0.5066,2.23,2.78,320.51,212.2,148.32,8.96
2026-05-01,20211,Harlow Textile Group,603.8,534.9,26.0216,27.882,0.8905,0.886,0.4592,0.5398,6.29,7.87,1123.31,600.7,80.67,43.11
2026-06-01,20211,Harlow Textile Group,415.0,378.8,26.0216,27.8539,0.8905,0.9127,0.4592,0.4622,7.64,5.57,760.4,425.4,-270.62,1.14
2023-07-01,20212,Harlow Textile Group,852.5,843.3,21.037,21.2405,0.995,0.9892,0.3625,0.3524,15.44,12.4,173.48,847.5,105.18,-8.52
2023-08-01,20212,Harlow Textile Group,774.8,718.3,21.037,21.096,0.995,0.927,0.3625,0.4379,11.9,10.56,45.71,721.9,1112.86,54.16
2023-09-01,20212,Harlow Textile Group,454.3,433.6,21.037,20.4613,0.995,0.9544,0.3625,0.3559,8.16,6.38,-261.54,435.8,389.18,-2.86
2023-10-01,20212,Harlow Textile Group,1001.3,987.2,21.037,20.0279,0.995,0.9859,0.3625,0.3633,16.94,14.52,-1010.41,992.2,191.44,0.79
2023-11-01,20212,Harlow Textile Group,417.5,415.5,21.037,19.3258,0.995,0.995,0.3625,0.3713,8.17,6.11,-714.43,417.6,-2.1,3.66
2023-12-01,20212,Harlow Textile Group,543.1,540.3,21.037,19.6158,0.995,0.995,0.3625,0.3597,10.6,7.95,-771.85,543.0,2.1,-1.51
2024-01-01,20212,Harlow Textile Group,619.8,616.7,21.037,18.249,0.995,0.995,0.3625,0.3949,8.54,9.07,-1728.0,619.8,0.0,19.98
2024-02-01,20212,Harlow Textile Group,184.4,183.5,21.037,18.3119,0.995,0.995,0.3625,0.377,3.57,2.7,-502.51,184.4,0.0,2.66
2024-05-01,20212,Harlow Textile Group,480.7,478.3,21.037,19.4036,0.995,0.995,0.3625,0.3616,6.06,7.03,-785.18,480.7,0.0,-0.43
2024-06-01,20212,Harlow Textile Group,628.0,588.2,21.037,20.1344,0.995,0.9366,0.3625,0.3568,8.08,8.65,-566.83,591.2,774.16,-3.35
2024-09-01,20212,Harlow Textile Group,904.1,875.0,20.8914,20.5884,0.995,0.9679,0.3625,0.3835,21.73,12.87,-273.94,879.4,516.02,18.38
2024-10-01,20212,Harlow Textile Group,1182.5,1176.6,20.8914,19.9828,0.995,0.995,0.3625,0.4172,14.67,17.3,-1074.42,1182.5,0.0,64.36
2024-11-01,20212,Harlow Textile Group,754.8,750.7,20.8914,19.8848,0.995,0.9946,0.3625,0.3408,8.55,11.04,-759.78,754.5,6.27,-16.29
2024-12-01,20212,Harlow Textile Group,1019.0,976.8,20.8914,21.1226,0.995,0.9586,0.3625,0.4464,13.77,14.36,235.59,981.7,779.25,81.95
2025-01-01,20212,Harlow Textile Group,2107.7,2060.8,20.8914,22.4897,0.995,0.9777,0.3625,0.3585,26.83,30.31,3368.74,2071.2,762.54,-8.24
2025-02-01,20212,Harlow Textile Group,1452.6,1432.3,20.8914,22.4338,0.995,0.986,0.3625,0.3436,24.58,21.06,2240.49,1439.5,273.68,-27.07
2025-03-01,20212,Harlow Textile Group,496.9,478.6,20.8914,23.3801,0.995,0.9633,0.3625,0.3132,5.6,7.04,1236.64,481.0,332.17,-23.59
2025-05-01,20212,Harlow Textile Group,299.0,297.5,20.8914,25.6234,0.995,0.995,0.3625,0.4344,5.82,4.37,1414.87,299.0,0.0,21.39
2025-06-01,20212,Harlow Textile Group,934.8,891.3,20.8914,24.6099,0.995,0.9535,0.3625,0.3819,18.33,13.11,3476.05,895.8,814.76,17.29
2025-07-01,20212,Harlow Textile Group,924.5,895.8,23.2641,23.2475,0.995,0.9689,0.3625,0.3812,12.06,13.17,-15.35,900.3,562.99,16.75
2025-09-01,20212,Harlow Textile Group,384.7,379.3,23.2641,23.3747,0.995,0.986,0.3625,0.409,4.25,5.58,42.55,381.2,81.42,17.64
2025-10-01,20212,Harlow Textile Group,467.3,453.2,23.2641,23.2428,0.995,0.9698,0.3625,0.3903,5.8,6.67,-9.95,455.5,274.52,12.6
2025-11-01,20212,Harlow Textile Group,676.5,673.1,23.2641,24.114,0.995,0.995,0.3625,0.3868,9.67,9.9,574.96,676.5,0.0,16.36
2025-12-01,20212,Harlow Textile Group,433.7,425.2,23.2641,23.7194,0.995,0.9802,0.3625,0.3851,5.1,6.25,197.46,427.3,148.89,9.61
2026-01-01,20212,Harlow Textile Group,484.9,482.5,23.2641,23.1867,0.995,0.995,0.3625,0.3753,12.31,7.1,-37.53,484.9,0.0,6.18
2026-02-01,20212,Harlow Textile Group,1231.2,1225.1,23.2641,22.5006,0.995,0.995,0.3625,0.3941,14.69,18.02,-940.02,1231.3,-2.33,38.71
2026-03-01,20212,Harlow Textile Group,635.9,632.7,23.2641,22.2577,0.995,0.995,0.3625,0.4241,9.07,9.3,-639.97,635.9,0.0,38.97
2026-04-01,20212,Harlow Textile Group,772.6,768.7,23.2641,22.9805,0.995,0.995,0.3625,0.3219,9.83,11.31,-219.11,772.6,0.0,-31.21
2026-05-01,20212,Harlow Textile Group,654.4,651.2,23.2641,23.2299,0.995,0.995,0.3625,0.2979,9.06,9.58,-22.38,654.5,-2.33,-42.07
2026-06-01,20212,Harlow Textile Group,716.1,712.5,23.2641,23.405,0.995,0.995,0.3625,0.325,17.59,10.48,100.9,716.1,0.0,-26.72
2023-07-01,20213,Ashworth Tools & Hardware,2342.3,2064.8,17.3371,17.3649,0.8944,0.8815,0.3153,0.3159,36.09,30.37,65.12,2308.6,584.26,1.24
2023-08-01,20213,Ashworth Tools & Hardware,6667.5,5941.3,17.3371,17.8046,0.8944,0.8911,0.3153,0.32,91.57,87.37,3117.06,6642.8,428.23,27.92
2023-10-01,20213,Ashworth Tools & Hardware,2550.7,2287.4,17.3371,17.378,0.8944,0.8968,0.3153,0.3384,25.11,33.64,104.32,2557.5,-117.89,52.84
2023-11-01,20213,Ashworth Tools & Hardware,4020.7,3541.2,17.3371,17.9205,0.8944,0.8807,0.3153,0.3398,66.25,52.08,2345.68,3959.3,1064.5,86.76
2023-12-01,20213,Ashworth Tools & Hardware,7755.1,6611.1,17.3371,17.2647,0.8944,0.8525,0.3153,0.2845,136.41,97.22,-561.47,7391.7,6300.3,-203.62
2024-01-01,20213,Ashworth Tools & Hardware,13781.5,11581.1,17.3371,17.639,0.8944,0.8403,0.3153,0.3262,128.94,170.31,4160.63,12948.5,14441.8,126.23
2024-02-01,20213,Ashworth Tools & Hardware,6976.2,6372.8,17.3371,17.7739,0.8944,0.9135,0.3153,0.2973,76.78,93.72,3047.2,7125.2,-2583.23,-114.71
2024-03-01,20213,Ashworth Tools & Hardware,4356.5,3770.9,17.3371,18.0286,0.8944,0.8656,0.3153,0.3647,43.95,55.45,3012.52,4216.1,2434.13,186.28
2024-04-01,20213,Ashworth Tools & Hardware,4344.2,3906.6,17.3371,19.6534,0.8944,0.8993,0.3153,0.2978,43.04,57.45,10062.47,4367.8,-409.16,-68.37
2024-06-01,20213,Ashworth Tools & Hardware,5399.5,4818.8,17.3371,20.7847,0.8944,0.8925,0.3153,0.3241,72.43,70.87,18615.32,5387.7,204.58,42.41
2024-07-01,20213,Ashworth Tools & Hardware,11017.0,9718.5,20.6443,20.3906,0.8944,0.8821,0.3153,0.3425,127.92,142.92,-2795.01,10865.9,3119.35,264.34
2024-08-01,20213,Ashworth Tools & Hardware,1890.7,1671.9,20.6443,20.7579,0.8944,0.8843,0.3153,0.3331,42.9,24.59,214.78,1869.3,441.79,29.76
2024-09-01,20213,Ashworth Tools & Hardware,11782.2,10500.4,20.6443,21.6339,0.8944,0.8912,0.3153,0.3317,151.96,154.42,11659.67,11740.2,867.06,172.21
2024-10-01,20213,Ashworth Tools & Hardware,4760.3,4212.4,20.6443,22.1447,0.8944,0.8849,0.3153,0.348,96.0,61.95,7142.35,4709.7,1044.6,137.75
2024-11-01,20213,Ashworth Tools & Hardware,6475.4,5610.3,20.6443,21.828,0.8944,0.8664,0.3153,0.3458,60.76,82.5,7664.93,6272.7,4184.6,171.11
2025-01-01,20213,Ashworth Tools & Hardware,6634.8,5891.8,20.6443,21.529,0.8944,0.888,0.3153,0.3067,110.06,86.64,5869.81,6587.4,978.54,-50.67
2025-02-01,20213,Ashworth Tools & Hardware,3684.2,3161.0,20.6443,21.6535,0.8944,0.858,0.3153,0.3393,35.25,46.48,3718.09,3534.2,3096.64,75.86
2025-04-01,20213,Ashworth Tools & Hardware,11089.4,9703.5,20.6443,23.217,0.8944,0.875,0.3153,0.3406,135.86,142.7,28529.7,10849.2,4958.76,245.5
2025-05-01,20213,Ashworth Tools & Hardware,6406.0,5552.1,20.6443,23.4056,0.8944,0.8667,0.3153,0.3095,98.3,81.65,17688.89,6207.6,4095.83,-32.2
2025-09-01,20213,Ashworth Tools & Hardware,7781.1,7057.8,22.6474,20.8484,0.8944,0.907,0.3153,0.3481,178.97,103.79,-13998.2,7891.1,-2491.21,231.5
2025-10-01,20213,Ashworth Tools & Hardware,2598.8,2290.2,22.6474,20.4694,0.8944,0.8813,0.3153,0.362,26.33,33.68,-5660.19,2560.6,865.13,106.95
2025-11-01,20213,Ashworth Tools & Hardware,4946.2,4341.0,22.6474,20.2942,0.8944,0.8776,0.3153,0.3403,56.07,63.84,-11639.4,4853.5,2099.41,108.52
2026-01-01,20213,Ashworth Tools & Hardware,3564.8,3256.8,22.6474,20.3537,0.8944,0.9136,0.3153,0.2453,77.5,47.89,-8176.58,3641.3,-1732.53,-227.98
2026-02-01,20213,Ashworth Tools & Hardware,12576.8,11163.5,22.6474,20.3984,0.8944,0.8876,0.3153,0.319,164.03,164.17,-28285.22,12481.6,2156.03,41.3
2026-03-01,20213,Ashworth Tools & Hardware,8870.6,7879.0,22.6474,20.7921,0.8944,0.8882,0.3153,0.3241,128.1,115.87,-16457.62,8809.3,1388.29,69.34
2026-04-01,20213,Ashworth Tools & Hardware,5139.5,4456.2,22.6474,22.029,0.8944,0.867,0.3153,0.352,86.6,65.53,-3178.27,4982.3,3560.17,163.54
2026-05-01,20213,Ashworth Tools & Hardware,3858.2,3292.2,22.6474,24.3705,0.8944,0.8533,0.3153,0.3807,67.76,48.42,6648.06,3680.9,4015.38,215.31
2026-06-01,20213,Ashworth Tools & Hardware,7780.7,7023.8,22.6474,25.3951,0.8944,0.9027,0.3153,0.3287,95.42,103.29,21379.03,7853.1,-1639.67,94.12
2023-08-01,20214,Ningbo Hometech Manufacturing,3561.7,3128.9,7.658,8.0511,0.8757,0.8785,0.4563,0.5555,47.2,46.01,1400.1,3573.0,-86.54,310.39
2023-09-01,20214,Ningbo Hometech Manufacturing,2281.5,1980.4,7.658,8.4247,0.8757,0.868,0.4563,0.4936,29.38,29.12,1749.23,2261.5,153.16,73.87
2023-10-01,20214,Ningbo Hometech Manufacturing,3874.6,3476.5,7.658,8.5824,0.8757,0.8973,0.4563,0.5084,45.91,51.12,3581.68,3970.0,-730.57,181.13
2023-11-01,20214,Ningbo Hometech Manufacturing,1276.4,1136.4,7.658,8.5811,0.8757,0.8904,0.4563,0.3602,17.9,16.71,1178.24,1297.7,-163.12,-109.21
2023-12-01,20214,Ningbo Hometech Manufacturing,1214.3,1102.3,7.658,8.1469,0.8757,0.9077,0.4563,0.4374,14.98,16.21,593.67,1258.8,-340.78,-20.83
2024-01-01,20214,Ningbo Hometech Manufacturing,997.5,942.4,7.658,7.9114,0.8757,0.9447,0.4563,0.4835,10.75,13.86,252.77,1076.2,-602.68,25.63
2024-02-01,20214,Ningbo Hometech Manufacturing,3005.8,2730.1,7.658,7.9491,0.8757,0.9083,0.4563,0.4189,51.95,40.15,874.99,3117.6,-856.16,-102.11
2024-03-01,20214,Ningbo Hometech Manufacturing,4060.3,3694.8,7.658,7.9553,0.8757,0.91,0.4563,0.4628,51.47,54.34,1207.13,4219.3,-1217.62,24.02
2024-04-01,20214,Ningbo Hometech Manufacturing,3374.5,3055.9,7.658,7.9258,0.8757,0.9056,0.4563,0.4509,46.59,44.94,903.69,3489.7,-882.2,-16.5
2024-05-01,20214,Ningbo Hometech Manufacturing,1640.7,1462.7,7.658,8.2932,0.8757,0.8915,0.4563,0.4788,15.92,21.51,1042.17,1670.3,-226.68,32.91
2024-07-01,20214,Ningbo Hometech Manufacturing,2662.4,2242.2,9.1109,9.1307,0.8757,0.8422,0.4563,0.4231,39.7,32.97,52.72,2560.5,928.4,-74.44
2024-09-01,20214,Ningbo Hometech Manufacturing,5039.5,4289.3,9.1109,9.2807,0.8757,0.8511,0.4563,0.4094,48.41,63.08,855.71,4898.1,1288.28,-201.17
2024-10-01,20214,Ningbo Hometech Manufacturing,2928.6,2539.5,9.1109,9.3532,0.8757,0.8672,0.4563,0.5403,46.17,37.35,709.6,2900.0,260.57,213.32
2024-11-01,20214,Ningbo Hometech Manufacturing,2110.8,1835.2,9.1109,8.7433,0.8757,0.8694,0.4563,0.5038,19.33,26.99,-775.93,2095.7,137.57,87.17
2024-12-01,20214,Ningbo Hometech Manufacturing,1891.7,1710.6,9.1109,8.5565,0.8757,0.9043,0.4563,0.396,27.33,25.16,-1048.76,1953.4,-562.14,-103.15
2025-01-01,20214,Ningbo Hometech Manufacturing,5405.7,4756.5,9.1109,8.418,0.8757,0.8799,0.4563,0.4175,60.79,69.95,-3745.61,5431.7,-236.88,-184.55
2025-02-01,20214,Ningbo Hometech Manufacturing,1649.0,1467.4,9.1109,7.9364,0.8757,0.8899,0.4563,0.4879,37.83,21.58,-1936.75,1675.7,-243.26,46.37
2025-04-01,20214,Ningbo Hometech Manufacturing,3008.4,2503.5,9.1109,8.1589,0.8757,0.8322,0.4563,0.4457,45.68,36.82,-2864.0,2858.9,1362.08,-26.54
2025-05-01,20214,Ningbo Hometech Manufacturing,2776.3,2566.0,9.1109,7.9758,0.8757,0.9243,0.4563,0.5395,30.07,37.74,-3151.38,2930.2,-1402.17,213.49
2025-06-01,20214,Ningbo Hometech Manufacturing,1879.8,1693.4,9.1109,8.7058,0.8757,0.9008,0.4563,0.4631,23.68,24.9,-761.51,1933.8,-491.99,11.52
2025-07-01,20214,Ningbo Hometech Manufacturing,3160.3,2774.5,8.6207,8.7243,0.8757,0.8779,0.4563,0.3835,51.75,40.8,327.41,3168.3,-68.97,-201.98
2025-09-01,20214,Ningbo Hometech Manufacturing,8515.9,7161.0,8.6207,9.5166,0.8757,0.8409,0.4563,0.4845,76.17,105.31,7629.39,8177.5,2917.24,201.94
2025-10-01,20214,Ningbo Hometech Manufacturing,8724.3,7536.9,8.6207,9.5872,0.8757,0.8639,0.4563,0.501,92.62,110.84,8432.04,8606.7,1013.79,336.9
2025-11-01,20214,Ningbo Hometech Manufacturing,973.2,867.4,8.6207,9.1055,0.8757,0.8913,0.4563,0.467,20.71,12.76,471.81,990.5,-149.14,9.28
2026-02-01,20214,Ningbo Hometech Manufacturing,2846.1,2536.8,8.6207,8.3444,0.8757,0.8913,0.4563,0.4861,55.73,37.31,-786.38,2896.9,-437.93,75.6
2026-03-01,20214,Ningbo Hometech Manufacturing,2079.7,1843.9,8.6207,8.48,0.8757,0.8866,0.4563,0.4581,22.78,27.12,-292.61,2105.6,-223.28,3.32
2026-04-01,20214,Ningbo Hometech Manufacturing,2292.5,2093.8,8.6207,8.4766,0.8757,0.9133,0.4563,0.4615,52.09,30.79,-330.35,2391.0,-849.14,10.89
2026-05-01,20214,Ningbo Hometech Manufacturing,2114.3,1911.5,8.6207,8.5841,0.8757,0.9041,0.4563,0.4483,36.1,28.11,-77.38,2182.8,-590.52,-15.29
2026-06-01,20214,Ningbo Hometech Manufacturing,3007.7,2663.9,8.6207,8.5196,0.8757,0.8857,0.4563,0.5204,27.99,39.18,-304.08,3042.0,-295.69,170.76
2023-07-01,20215,Harlow Textile Group,1896.3,1602.7,5.3825,5.4497,0.8261,0.8452,0.3663,0.3649,29.0,23.57,127.43,1940.1,-235.75,-2.24
2023-08-01,20215,Harlow Textile Group,200.0,169.2,5.3825,5.7385,0.8261,0.8459,0.3663,0.3429,1.99,2.49,71.2,204.8,-25.84,-3.96
2023-09-01,20215,Harlow Textile Group,1237.3,1056.2,5.3825,5.9308,0.8261,0.8536,0.3663,0.3605,18.51,15.53,678.41,1278.5,-221.76,-6.13
2023-10-01,20215,Harlow Textile Group,876.5,740.6,5.3825,6.0714,0.8261,0.845,0.3663,0.344,9.65,10.89,603.82,896.5,-107.65,-16.52
2023-11-01,20215,Harlow Textile Group,1344.1,1110.7,5.3825,6.1222,0.8261,0.8263,0.3663,0.3808,15.54,16.33,994.23,1344.5,-2.15,16.11
2023-12-01,20215,Harlow Textile Group,579.9,481.5,5.3825,5.8651,0.8261,0.8304,0.3663,0.4014,8.2,7.08,279.86,582.9,-16.15,16.9
2024-01-01,20215,Harlow Textile Group,439.7,381.5,5.3825,5.657,0.8261,0.8678,0.3663,0.4037,8.89,5.61,120.7,461.8,-118.95,14.27
2024-02-01,20215,Harlow Textile Group,829.8,686.3,5.3825,5.3873,0.8261,0.8271,0.3663,0.3633,11.93,10.09,3.98,830.8,-5.38,-2.06
2024-03-01,20215,Harlow Textile Group,318.4,269.8,5.3825,5.5377,0.8261,0.8474,0.3663,0.3438,6.69,3.97,49.42,326.6,-44.14,-6.07
2024-04-01,20215,Harlow Textile Group,1642.4,1355.3,5.3825,5.384,0.8261,0.8252,0.3663,0.3118,18.16,19.93,2.46,1640.6,9.69,-73.86
2024-05-01,20215,Harlow Textile Group,936.5,825.4,5.3825,5.5471,0.8261,0.8813,0.3663,0.3808,17.95,12.14,154.15,999.2,-337.48,11.97
2024-06-01,20215,Harlow Textile Group,670.5,587.8,5.3825,5.9847,0.8261,0.8768,0.3663,0.4265,12.09,8.64,403.78,711.5,-220.68,35.39
2024-07-01,20215,Harlow Textile Group,1002.3,827.6,6.0678,6.1276,0.8261,0.8257,0.3663,0.4253,10.24,12.17,59.94,1001.8,3.03,48.83
2024-08-01,20215,Harlow Textile Group,731.5,604.5,6.0678,6.2206,0.8261,0.8264,0.3663,0.3593,6.36,8.89,111.77,731.8,-1.82,-4.23
2024-09-01,20215,Harlow Textile Group,481.0,406.1,6.0678,6.098,0.8261,0.8442,0.3663,0.3581,5.03,5.97,14.53,491.6,-64.32,-3.33
2024-11-01,20215,Harlow Textile Group,894.3,731.2,6.0678,5.7461,0.8261,0.8176,0.3663,0.3555,9.52,10.75,-287.7,885.1,55.82,-7.9
2024-12-01,20215,Harlow Textile Group,491.1,430.6,6.0678,5.3076,0.8261,0.8767,0.3663,0.3541,7.53,6.33,-373.33,521.2,-182.64,-5.25
2025-02-01,20215,Harlow Textile Group,824.7,636.1,6.0678,4.753,0.8261,0.7713,0.3663,0.363,14.23,9.35,-1084.32,770.0,331.91,-2.1
2025-03-01,20215,Harlow Textile Group,592.7,472.8,6.0678,4.5584,0.8261,0.7976,0.3663,0.3436,6.02,6.95,-894.62,572.3,123.78,-10.73
2025-04-01,20215,Harlow Textile Group,851.8,713.1,6.0678,4.6703,0.8261,0.8372,0.3663,0.3693,8.96,10.49,-1190.39,863.2,-69.17,2.14
2025-05-01,20215,Harlow Textile Group,775.0,630.2,6.0678,4.7676,0.8261,0.8131,0.3663,0.415,7.44,9.27,-1007.66,762.9,73.42,30.69
2025-06-01,20215,Harlow Textile Group,525.6,422.3,6.0678,4.8247,0.8261,0.8034,0.3663,0.3401,7.02,6.21,-653.37,511.2,87.38,-11.06
2025-07-01,20215,Harlow Textile Group,1705.3,1393.0,4.9868,5.0243,0.8261,0.8168,0.3663,0.3919,23.88,20.48,63.95,1686.2,95.25,35.66
2025-08-01,20215,Harlow Textile Group,416.1,349.6,4.9868,5.3255,0.8261,0.8401,0.3663,0.3362,8.84,5.14,140.93,423.2,-35.41,-10.52
2025-09-01,20215,Harlow Textile Group,729.7,624.7,4.9868,5.345,0.8261,0.8561,0.3663,0.3731,11.07,9.19,261.38,756.2,-132.15,4.25
2025-10-01,20215,Harlow Textile Group,337.2,269.8,4.9868,5.2515,0.8261,0.8,0.3663,0.3683,7.04,3.97,89.26,326.6,52.86,0.54
2025-11-01,20215,Harlow Textile Group,363.0,285.0,4.9868,5.153,0.8261,0.7852,0.3663,0.3368,7.07,4.19,60.33,345.0,89.76,-8.41
2025-12-01,20215,Harlow Textile Group,529.6,407.8,4.9868,4.9341,0.8261,0.7699,0.3663,0.3702,8.63,6.0,-27.91,493.6,179.52,1.59
2026-01-01,20215,Harlow Textile Group,575.3,463.8,4.9868,4.8162,0.8261,0.8062,0.3663,0.3354,7.8,6.82,-98.15,561.4,69.32,-14.33
2026-02-01,20215,Harlow Textile Group,1003.7,805.4,4.9868,4.7943,0.8261,0.8024,0.3663,0.4117,14.65,11.84,-193.21,974.9,143.62,36.57
2026-03-01,20215,Harlow Textile Group,598.6,489.4,4.9868,5.1036,0.8261,0.8176,0.3663,0.4053,6.15,7.2,69.92,592.4,30.92,19.09
2026-04-01,20215,Harlow Textile Group,958.1,750.1,4.9868,5.2511,0.8261,0.7829,0.3663,0.3539,9.71,11.03,253.23,908.0,249.84,-9.3
2026-05-01,20215,Harlow Textile Group,1803.2,1487.6,4.9868,5.138,0.8261,0.825,0.3663,0.3792,37.31,21.88,272.64,1800.8,11.97,19.19
2026-06-01,20215,Harlow Textile Group,1013.6,818.9,4.9868,4.9844,0.8261,0.8079,0.3663,0.4003,17.84,12.04,-2.43,991.3,111.21,27.84
2023-07-01,20216,Shenzhen Kaiyuan Electronics,1219.6,1208.4,25.676,25.465,0.995,0.9908,0.5481,0.5799,19.79,17.77,-257.34,1214.5,130.95,38.43
2023-09-01,20216,Shenzhen Kaiyuan Electronics,4773.1,4714.5,25.676,25.957,0.995,0.9877,0.5481,0.6421,87.79,69.33,1341.24,4738.2,896.09,443.16
2023-10-01,20216,Shenzhen Kaiyuan Electronics,4807.9,4753.9,25.676,26.1337,0.995,0.9888,0.5481,0.5741,73.62,69.91,2200.58,4777.8,772.85,123.6
2023-11-01,20216,Shenzhen Kaiyuan Electronics,877.2,862.5,25.676,27.9879,0.995,0.9832,0.5481,0.5603,16.7,12.68,2028.0,866.8,267.03,10.52
2023-12-01,20216,Shenzhen Kaiyuan Electronics,1959.5,1912.8,25.676,28.2864,0.995,0.9762,0.5481,0.6089,42.86,28.13,5115.08,1922.4,952.58,116.3
2024-01-01,20216,Shenzhen Kaiyuan Electronics,1628.5,1577.7,25.676,28.6136,0.995,0.9688,0.5481,0.6351,19.55,23.2,4783.88,1585.6,1101.5,137.26
2024-02-01,20216,Shenzhen Kaiyuan Electronics,1317.2,1286.8,25.676,26.2542,0.995,0.9769,0.5481,0.5151,25.4,18.92,761.61,1293.3,613.66,-42.46
2024-05-01,20216,Shenzhen Kaiyuan Electronics,980.5,975.6,25.676,24.0509,0.995,0.995,0.5481,0.6325,13.99,14.35,-1593.41,980.5,0.0,82.34
2024-06-01,20216,Shenzhen Kaiyuan Electronics,1547.3,1539.6,25.676,22.2117,0.995,0.995,0.5481,0.5565,20.92,22.64,-5360.31,1547.3,0.0,12.93
2024-07-01,20216,Shenzhen Kaiyuan Electronics,1368.0,1361.2,21.4094,21.6471,0.995,0.995,0.5481,0.5321,15.58,20.02,325.17,1368.0,0.0,-21.78
2024-08-01,20216,Shenzhen Kaiyuan Electronics,1699.9,1681.5,21.4094,20.5302,0.995,0.9892,0.5481,0.553,18.35,24.73,-1494.55,1689.9,214.09,8.24
2024-09-01,20216,Shenzhen Kaiyuan Electronics,2950.8,2927.9,21.4094,19.5638,0.995,0.9923,0.5481,0.619,34.7,43.06,-5446.0,2942.6,175.56,207.59
2024-10-01,20216,Shenzhen Kaiyuan Electronics,2701.8,2546.3,21.4094,19.8491,0.995,0.9425,0.5481,0.5737,41.23,37.45,-4215.62,2559.1,3055.12,65.19
2024-11-01,20216,Shenzhen Kaiyuan Electronics,3954.3,3854.8,21.4094,19.1182,0.995,0.9748,0.5481,0.5269,77.57,56.69,-9060.09,3874.2,1714.89,-81.72
2024-12-01,20216,Shenzhen Kaiyuan Electronics,1294.2,1262.8,21.4094,19.4921,0.995,0.9757,0.5481,0.589,16.27,18.57,-2481.37,1269.1,537.38,51.65
2025-01-01,20216,Shenzhen Kaiyuan Electronics,789.5,758.1,21.4094,18.6647,0.995,0.9602,0.5481,0.5638,10.36,11.15,-2166.94,761.9,590.9,11.9
2025-02-01,20216,Shenzhen Kaiyuan Electronics,796.7,792.8,21.4094,18.6952,0.995,0.995,0.5481,0.6077,9.34,11.66,-2162.4,796.8,-2.14,47.25
2025-03-01,20216,Shenzhen Kaiyuan Electronics,2914.8,2859.6,21.4094,18.5177,0.995,0.9811,0.5481,0.5358,54.83,42.05,-8428.73,2874.0,873.5,-35.17
2025-04-01,20216,Shenzhen Kaiyuan Electronics,2641.7,2589.3,21.4094,17.3888,0.995,0.9801,0.5481,0.49,52.4,38.08,-10621.22,2602.3,843.53,-150.44
2025-05-01,20216,Shenzhen Kaiyuan Electronics,2788.1,2717.4,21.4094,17.9237,0.995,0.9746,0.5481,0.5731,43.18,39.96,-9718.48,2731.1,1220.34,67.94
2025-09-01,20216,Shenzhen Kaiyuan Electronics,3796.6,3767.1,17.8139,18.8102,0.995,0.9922,0.5481,0.6032,44.5,55.4,3782.55,3786.0,188.83,207.57
2025-10-01,20216,Shenzhen Kaiyuan Electronics,1389.7,1382.7,17.8139,19.8268,0.995,0.995,0.5481,0.545,29.99,20.33,2797.33,1389.6,1.78,-4.29
2025-11-01,20216,Shenzhen Kaiyuan Electronics,3417.4,3400.4,17.8139,19.8102,0.995,0.995,0.5481,0.6032,53.23,50.01,6822.16,3417.5,-1.78,187.36
2025-12-01,20216,Shenzhen Kaiyuan Electronics,937.3,932.6,17.8139,21.0189,0.995,0.995,0.5481,0.599,11.49,13.71,3004.05,937.3,0.0,47.47
2026-01-01,20216,Shenzhen Kaiyuan Electronics,1720.4,1711.8,17.8139,22.2633,0.995,0.995,0.5481,0.3966,27.5,25.17,7654.75,1720.4,0.0,-259.34
2026-02-01,20216,Shenzhen Kaiyuan Electronics,530.0,527.3,17.8139,23.7372,0.995,0.995,0.5481,0.5721,7.05,7.75,3139.35,529.9,1.78,12.66
2026-04-01,20216,Shenzhen Kaiyuan Electronics,2561.1,2548.3,17.8139,25.2523,0.995,0.995,0.5481,0.5954,65.16,37.47,19050.49,2561.1,0.0,120.53
2026-06-01,20216,Shenzhen Kaiyuan Electronics,759.1,733.0,17.8139,25.3006,0.995,0.9656,0.5481,0.5855,10.39,10.78,5683.15,736.7,399.03,27.41
2023-07-01,20217,Northbrook Paper & Board,5946.7,5025.3,22.4184,22.4546,0.837,0.845,0.3702,0.3897,55.16,73.9,215.27,6003.9,-1282.33,97.99
2023-08-01,20217,Northbrook Paper & Board,1933.6,1582.5,22.4184,22.3333,0.837,0.8184,0.3702,0.359,20.44,23.27,-164.55,1890.7,961.75,-17.72
2023-09-01,20217,Northbrook Paper & Board,2182.6,1786.0,22.4184,21.1267,0.837,0.8183,0.3702,0.3752,26.41,26.26,-2819.26,2133.8,1094.02,8.93
2023-10-01,20217,Northbrook Paper & Board,3314.7,2787.9,22.4184,21.7767,0.837,0.8411,0.3702,0.4254,57.32,41.0,-2127.04,3330.8,-360.94,153.89
2023-12-01,20217,Northbrook Paper & Board,5116.2,4232.2,22.4184,23.6175,0.837,0.8272,0.3702,0.3768,53.05,62.24,6134.84,5056.4,1340.62,27.93
2024-01-01,20217,Northbrook Paper & Board,1536.2,1377.0,22.4184,23.921,0.837,0.8964,0.3702,0.3327,21.27,20.25,2308.29,1645.2,-2443.61,-51.64
2024-02-01,20217,Northbrook Paper & Board,2120.9,1749.1,22.4184,25.6163,0.837,0.8247,0.3702,0.3828,26.92,25.72,6782.43,2089.7,699.45,22.04
2024-05-01,20217,Northbrook Paper & Board,3784.5,3093.6,22.4184,27.623,0.837,0.8174,0.3702,0.3551,78.87,45.49,19696.81,3696.1,1981.79,-46.71
2024-06-01,20217,Northbrook Paper & Board,3243.5,2628.7,22.4184,28.7761,0.837,0.8104,0.3702,0.4211,62.27,38.66,20621.2,3140.6,2306.85,133.8
2024-07-01,20217,Northbrook Paper & Board,3434.9,2762.7,28.8953,28.8732,0.837,0.8043,0.3702,0.3991,39.2,40.63,-75.91,3300.7,3877.75,79.84
2024-08-01,20217,Northbrook Paper & Board,6676.8,5574.7,28.8953,28.3715,0.837,0.8349,0.3702,0.4133,136.87,81.98,-3497.31,6660.3,476.77,240.27
2024-09-01,20217,Northbrook Paper & Board,8156.2,6477.0,28.8953,27.9781,0.837,0.7941,0.3702,0.3611,75.36,95.25,-7480.87,7738.4,12072.46,-58.94
2024-10-01,20217,Northbrook Paper & Board,2736.6,2334.2,28.8953,25.0073,0.837,0.853,0.3702,0.3734,32.38,34.33,-10639.9,2788.8,-1508.33,7.47
2024-11-01,20217,Northbrook Paper & Board,5205.2,4368.6,28.8953,26.6996,0.837,0.8393,0.3702,0.4261,48.72,64.24,-11429.06,5219.4,-410.31,244.2
2025-02-01,20217,Northbrook Paper & Board,1594.5,1276.3,28.8953,29.956,0.837,0.8005,0.3702,0.4087,14.1,18.77,1691.29,1524.9,2011.11,49.14
2025-03-01,20217,Northbrook Paper & Board,3059.9,2599.9,28.8953,29.9697,0.837,0.8497,0.3702,0.3678,35.08,38.23,3287.56,3106.2,-1337.85,-6.24
2025-04-01,20217,Northbrook Paper & Board,2994.3,2390.8,28.8953,30.3164,0.837,0.7985,0.3702,0.4115,50.29,35.16,4255.2,2856.4,3984.66,98.74
2025-06-01,20217,Northbrook Paper & Board,2635.4,2134.5,28.8953,29.4484,0.837,0.8099,0.3702,0.4323,40.63,31.39,1457.64,2550.2,2461.88,132.55
2025-07-01,20217,Northbrook Paper & Board,3812.1,3090.5,28.9208,28.6182,0.837,0.8107,0.3702,0.3942,49.41,45.45,-1153.54,3692.4,3461.82,74.17
2025-08-01,20217,Northbrook Paper & Board,7669.5,6618.9,28.9208,26.6268,0.837,0.863,0.3702,0.3836,125.02,97.34,-17593.83,7907.9,-6894.72,88.69
2025-09-01,20217,Northbrook Paper & Board,2443.0,2099.0,28.9208,27.83,0.837,0.8592,0.3702,0.364,51.26,30.87,-2664.82,2507.8,-1874.07,-13.01
2025-10-01,20217,Northbrook Paper & Board,3653.3,3137.2,28.9208,26.9431,0.837,0.8587,0.3702,0.3882,39.25,46.13,-7225.13,3748.1,-2741.69,56.47
2025-11-01,20217,Northbrook Paper & Board,6482.7,5405.4,28.9208,26.8799,0.837,0.8338,0.3702,0.3805,112.69,79.49,-13230.54,6458.1,711.45,55.68
2025-12-01,20217,Northbrook Paper & Board,1753.9,1462.3,28.9208,28.0636,0.837,0.8337,0.3702,0.381,32.4,21.5,-1503.44,1747.1,196.66,15.79
2026-01-01,20217,Northbrook Paper & Board,3081.1,2538.8,28.9208,28.638,0.837,0.824,0.3702,0.4529,43.69,37.34,-871.34,3033.2,1385.31,209.96
2026-03-01,20217,Northbrook Paper & Board,5055.0,4209.8,28.9208,29.4249,0.837,0.8328,0.3702,0.4036,54.01,61.91,2548.23,5029.6,734.59,140.61
2026-04-01,20217,Northbrook Paper & Board,4349.2,3706.4,28.9208,29.4164,0.837,0.8522,0.3702,0.3868,45.49,54.51,2155.46,4428.2,-2284.74,61.53
2026-05-01,20217,Northbrook Paper & Board,1767.0,1507.5,28.9208,28.1402,0.837,0.8532,0.3702,0.4056,31.82,22.17,-1379.32,1801.1,-986.2,53.37
2026-06-01,20217,Northbrook Paper & Board,3080.5,2480.5,28.9208,27.5902,0.837,0.8052,0.3702,0.3583,41.02,36.48,-4098.91,2963.6,3380.84,-29.52
2023-07-01,20218,Northbrook Paper & Board,812.6,783.0,22.7687,22.8044,0.9422,0.9636,0.5348,0.5374,13.42,11.51,29.01,831.0,-418.94,2.04
2023-08-01,20218,Northbrook Paper & Board,451.8,424.2,22.7687,21.9374,0.9422,0.939,0.5348,0.4444,8.4,6.24,-375.58,450.2,36.43,-38.35
2023-09-01,20218,Northbrook Paper & Board,785.4,750.7,22.7687,20.3184,0.9422,0.9558,0.5348,0.5776,12.14,11.04,-1924.47,796.8,-259.56,32.13
2023-10-01,20218,Northbrook Paper & Board,528.6,516.3,22.7687,19.1623,0.9422,0.9769,0.5348,0.5488,7.53,7.59,-1906.34,548.0,-441.71,7.23
2023-11-01,20218,Northbrook Paper & Board,331.2,309.2,22.7687,17.946,0.9422,0.9337,0.5348,0.5167,4.6,4.55,-1597.28,328.2,68.31,-5.6
2023-12-01,20218,Northbrook Paper & Board,956.8,899.4,22.7687,17.4702,0.9422,0.94,0.5348,0.6274,15.55,13.23,-5069.6,954.6,50.09,83.28
2024-02-01,20218,Northbrook Paper & Board,529.1,524.3,22.7687,18.842,0.9422,0.9908,0.5348,0.5245,9.58,7.71,-2077.62,556.5,-623.86,-5.4
2024-03-01,20218,Northbrook Paper & Board,271.2,259.1,22.7687,19.1183,0.9422,0.9552,0.5348,0.5436,6.29,3.81,-989.99,275.0,-86.52,2.28
2024-04-01,20218,Northbrook Paper & Board,227.6,214.2,22.7687,19.8068,0.9422,0.941,0.5348,0.4678,4.66,3.15,-674.13,227.3,6.83,-14.35
2024-05-01,20218,Northbrook Paper & Board,873.8,772.1,22.7687,19.1054,0.9422,0.8836,0.5348,0.5939,14.75,11.35,-3200.99,819.5,1236.34,45.63
2024-06-01,20218,Northbrook Paper & Board,634.5,586.2,22.7687,18.1376,0.9422,0.9238,0.5348,0.5779,9.37,8.62,-2938.43,622.2,280.06,25.27
2024-08-01,20218,Northbrook Paper & Board,1254.2,1194.5,18.2233,18.7118,0.9422,0.9524,0.5348,0.5565,13.97,17.57,612.68,1267.8,-247.84,25.92
2024-09-01,20218,Northbrook Paper & Board,423.8,395.5,18.2233,20.8543,0.9422,0.9331,0.5348,0.5662,7.06,5.82,1115.02,419.8,72.89,12.42
2024-10-01,20218,Northbrook Paper & Board,456.9,441.6,18.2233,20.4072,0.9422,0.9666,0.5348,0.5629,8.22,6.49,997.82,468.7,-215.03,12.41
2024-11-01,20218,Northbrook Paper & Board,537.3,501.0,18.2233,19.1523,0.9422,0.9325,0.5348,0.505,7.05,7.37,499.15,531.7,102.05,-14.93
2024-12-01,20218,Northbrook Paper & Board,300.5,276.7,18.2233,17.9255,0.9422,0.9208,0.5348,0.518,3.52,4.07,-89.49,293.7,123.92,-4.65
2025-01-01,20218,Northbrook Paper & Board,2391.4,2159.0,18.2233,17.9512,0.9422,0.9028,0.5348,0.5916,26.59,31.75,-650.7,2291.4,1822.33,122.63
2025-02-01,20218,Northbrook Paper & Board,799.6,750.2,18.2233,18.1891,0.9422,0.9382,0.5348,0.4867,7.85,11.03,-27.35,796.2,61.96,-36.08
2025-03-01,20218,Northbrook Paper & Board,406.9,378.2,18.2233,18.654,0.9422,0.9293,0.5348,0.532,4.28,5.56,175.25,401.4,100.23,-1.06
2025-04-01,20218,Northbrook Paper & Board,683.5,633.6,18.2233,20.0804,0.9422,0.927,0.5348,0.5174,13.1,9.32,1269.33,672.5,200.46,-11.02
2025-05-01,20218,Northbrook Paper & Board,1338.4,1193.5,18.2233,20.3158,0.9422,0.8917,0.5348,0.6022,22.97,17.55,2800.6,1266.7,1306.61,80.44
2025-07-01,20218,Northbrook Paper & Board,465.6,401.3,20.1104,20.1093,0.9422,0.8619,0.5348,0.6414,7.5,5.9,-0.51,425.9,798.38,42.78
2025-10-01,20218,Northbrook Paper & Board,350.2,303.3,20.1104,18.2376,0.9422,0.866,0.5348,0.5483,6.25,4.46,-655.85,321.9,569.12,4.09
2025-11-01,20218,Northbrook Paper & Board,623.8,565.7,20.1104,17.7757,0.9422,0.907,0.5348,0.5146,6.43,8.32,-1456.39,600.4,470.58,-11.43
2025-12-01,20218,Northbrook Paper & Board,479.7,446.4,20.1104,17.5069,0.9422,0.9305,0.5348,0.5918,5.75,6.56,-1248.9,473.8,118.65,25.44
2026-01-01,20218,Northbrook Paper & Board,939.0,895.0,20.1104,18.7717,0.9422,0.9532,0.5348,0.6018,16.5,13.16,-1257.04,949.9,-219.2,59.96
2026-02-01,20218,Northbrook Paper & Board,586.6,542.8,20.1104,18.6505,0.9422,0.9254,0.5348,0.4721,6.49,7.98,-856.38,576.1,211.16,-34.03
2026-03-01,20218,Northbrook Paper & Board,2034.8,1896.1,20.1104,19.6695,0.9422,0.9318,0.5348,0.5437,49.52,27.88,-897.14,2012.4,450.47,16.88
2026-04-01,20218,Northbrook Paper & Board,781.4,709.9,20.1104,22.1401,0.9422,0.9084,0.5348,0.5858,8.97,10.44,1586.01,753.4,563.09,36.2
2026-05-01,20218,Northbrook Paper & Board,1137.3,1026.4,20.1104,22.624,0.9422,0.9024,0.5348,0.5252,12.14,15.09,2858.72,1089.4,963.29,-9.85
2026-06-01,20218,Northbrook Paper & Board,1696.3,1506.3,20.1104,21.4073,0.9422,0.888,0.5348,0.5518,32.56,22.15,2199.93,1598.7,1962.78,25.61
2023-07-01,20219,Meridian Private Label,2236.9,2225.7,6.9557,6.947,0.9546,0.995,0.5554,0.6174,50.5,32.73,-19.46,2331.6,-658.7,137.99
2023-08-01,20219,Meridian Private Label,1247.3,1215.5,6.9557,6.7727,0.9546,0.9745,0.5554,0.525,27.63,17.87,-228.26,1273.3,-180.85,-36.95
2023-09-01,20219,Meridian Private Label,4995.9,4914.4,6.9557,6.9435,0.9546,0.9837,0.5554,0.5591,60.99,72.27,-60.95,5148.1,-1058.66,18.18
2023-10-01,20219,Meridian Private Label,5325.9,5076.1,6.9557,7.0408,0.9546,0.9531,0.5554,0.6211,78.33,74.65,453.23,5317.5,58.43,333.5
2023-11-01,20219,Meridian Private Label,6971.9,6937.1,6.9557,6.4782,0.9546,0.995,0.5554,0.5464,150.62,102.02,-3329.08,7267.0,-2052.63,-62.43
2024-01-01,20219,Meridian Private Label,13054.1,12419.3,6.9557,6.1579,0.9546,0.9514,0.5554,0.5723,169.73,182.64,-10414.56,13010.0,306.75,209.89
2024-02-01,20219,Meridian Private Label,4247.8,4071.7,6.9557,5.8843,0.9546,0.9585,0.5554,0.6316,53.95,59.88,-4551.09,4265.3,-121.72,310.26
2024-03-01,20219,Meridian Private Label,2898.4,2648.7,6.9557,5.6096,0.9546,0.9139,0.5554,0.6012,36.43,38.95,-3901.54,2774.7,860.42,121.31
2024-04-01,20219,Meridian Private Label,7103.6,6863.5,6.9557,5.2062,0.9546,0.9662,0.5554,0.5178,85.43,100.93,-12427.75,7189.9,-600.28,-258.07
2024-06-01,20219,Meridian Private Label,5175.5,4650.6,6.9557,5.4152,0.9546,0.8986,0.5554,0.5791,59.15,68.39,-7972.86,4871.8,2112.45,110.22
2024-07-01,20219,Meridian Private Label,1250.7,1132.0,5.7698,5.7604,0.9546,0.905,0.5554,0.5498,14.32,16.65,-11.76,1185.8,374.46,-6.34
2024-09-01,20219,Meridian Private Label,9704.3,8976.9,5.7698,6.1118,0.9546,0.925,0.5554,0.5047,143.09,132.01,3318.87,9403.8,1733.82,-455.13
2024-10-01,20219,Meridian Private Label,1547.3,1501.4,5.7698,5.9476,0.9546,0.9703,0.5554,0.549,17.64,22.08,275.11,1572.8,-147.13,-9.61
2024-12-01,20219,Meridian Private Label,6591.5,6305.5,5.7698,5.9479,0.9546,0.9566,0.5554,0.6052,75.37,92.73,1173.95,6605.4,-80.2,314.01
2025-01-01,20219,Meridian Private Label,6403.4,6155.8,5.7698,5.8081,0.9546,0.9613,0.5554,0.5534,124.6,90.53,245.25,6448.6,-260.79,-12.31
2025-02-01,20219,Meridian Private Label,5647.4,5460.5,5.7698,5.7591,0.9546,0.9669,0.5554,0.4833,71.21,80.3,-60.43,5720.2,-420.04,-393.7
2025-04-01,20219,Meridian Private Label,7869.3,7430.3,5.7698,5.4386,0.9546,0.9442,0.5554,0.4859,119.46,109.27,-2606.31,7783.7,493.89,-516.41
2025-05-01,20219,Meridian Private Label,7516.1,6928.3,5.7698,5.1995,0.9546,0.9218,0.5554,0.5188,114.69,101.89,-4286.43,7257.8,1490.34,-253.58
2025-06-01,20219,Meridian Private Label,4629.3,4367.7,5.7698,5.3433,0.9546,0.9435,0.5554,0.5055,54.37,64.23,-1974.4,4575.4,310.99,-217.95
2025-07-01,20219,Meridian Private Label,5431.7,5082.0,5.4206,5.3776,0.9546,0.9356,0.5554,0.5677,69.45,74.73,-233.56,5323.7,585.42,62.51
2025-08-01,20219,Meridian Private Label,2834.8,2803.7,5.4206,5.4056,0.9546,0.989,0.5554,0.571,31.92,41.23,-42.52,2937.0,-553.99,43.74
2025-10-01,20219,Meridian Private Label,2244.0,2151.8,5.4206,5.762,0.9546,0.9589,0.5554,0.5832,43.39,31.64,766.1,2254.1,-54.75,59.82
2025-12-01,20219,Meridian Private Label,13934.9,13108.4,5.4206,6.1334,0.9546,0.9407,0.5554,0.6254,153.26,192.77,9932.8,13731.8,1100.92,917.59
2026-01-01,20219,Meridian Private Label,3223.8,3027.8,5.4206,6.3368,0.9546,0.9392,0.5554,0.5499,35.48,44.53,2953.65,3171.8,281.87,-16.65
2026-03-01,20219,Meridian Private Label,1514.0,1437.8,5.4206,6.3463,0.9546,0.9496,0.5554,0.5396,18.55,21.14,1401.51,1506.2,42.28,-22.72
2026-05-01,20219,Meridian Private Label,2766.0,2614.5,5.4206,6.6172,0.9546,0.9452,0.5554,0.4461,28.44,38.45,3309.8,2738.8,147.44,-285.76
2026-06-01,20219,Meridian Private Label,5869.6,5500.9,5.4206,6.582,0.9546,0.9372,0.5554,0.5129,80.34,80.9,6816.95,5762.5,580.55,-233.79
2023-09-01,20220,Silverline Personal Care,3951.2,3608.4,6.7549,6.4951,0.9155,0.9132,0.4229,0.4554,49.45,53.06,-1026.52,3941.5,65.52,117.27
2023-10-01,20220,Silverline Personal Care,2370.1,2165.0,6.7549,6.327,0.9155,0.9135,0.4229,0.4276,54.9,31.84,-1014.17,2364.8,35.8,10.18
2023-11-01,20220,Silverline Personal Care,2559.3,2241.7,6.7549,6.2378,0.9155,0.8759,0.4229,0.4499,46.15,32.97,-1323.41,2448.6,747.77,60.53
2023-12-01,20220,Silverline Personal Care,6571.2,5994.2,6.7549,6.4292,0.9155,0.9122,0.4229,0.4031,90.61,88.15,-2140.24,6547.5,160.09,-118.69
2024-02-01,20220,Silverline Personal Care,2455.3,2213.2,6.7549,6.5852,0.9155,0.9014,0.4229,0.4498,32.76,32.55,-416.66,2417.5,255.34,59.54
2024-03-01,20220,Silverline Personal Care,1162.1,997.0,6.7549,6.6078,0.9155,0.8579,0.4229,0.409,19.4,14.66,-170.94,1089.0,493.78,-13.86
2024-04-01,20220,Silverline Personal Care,3237.3,2913.8,6.7549,5.9717,0.9155,0.9001,0.4229,0.4052,34.72,42.85,-2535.45,3182.7,368.82,-51.57
2024-05-01,20220,Silverline Personal Care,2812.6,2498.0,6.7549,6.0448,0.9155,0.8881,0.4229,0.432,35.19,36.73,-1997.23,2728.6,567.41,22.73
2024-06-01,20220,Silverline Personal Care,954.5,859.1,6.7549,5.9989,0.9155,0.9,0.4229,0.3704,10.95,12.63,-721.6,938.4,108.75,-45.1
2024-07-01,20220,Silverline Personal Care,3228.9,2957.8,6.1977,6.2852,0.9155,0.916,0.4229,0.4343,56.82,43.5,282.53,3230.8,-11.78,33.72
2024-08-01,20220,Silverline Personal Care,1642.4,1502.1,6.1977,6.575,0.9155,0.9146,0.4229,0.5023,27.0,22.09,619.68,1640.7,10.54,119.27
2024-09-01,20220,Silverline Personal Care,1996.3,1801.7,6.1977,6.7709,0.9155,0.9025,0.4229,0.3751,33.4,26.5,1144.28,1968.0,175.39,-86.12
2024-10-01,20220,Silverline Personal Care,4967.8,4444.5,6.1977,6.8559,0.9155,0.8947,0.4229,0.4395,107.79,65.36,3269.81,4854.7,700.96,73.78
2024-11-01,20220,Silverline Personal Care,3828.8,3353.9,6.1977,7.1746,0.9155,0.876,0.4229,0.4632,56.18,49.32,3740.35,3663.5,1024.48,135.16
2024-12-01,20220,Silverline Personal Care,1651.4,1423.9,6.1977,7.0204,0.9155,0.8623,0.4229,0.4097,16.13,20.94,1358.61,1555.3,595.6,-18.8
2025-01-01,20220,Silverline Personal Care,2909.1,2647.3,6.1977,7.071,0.9155,0.91,0.4229,0.3898,46.68,38.93,2540.52,2891.6,108.46,-87.63
2025-02-01,20220,Silverline Personal Care,2963.7,2603.8,6.1977,6.883,0.9155,0.8786,0.4229,0.4244,31.38,38.29,2031.02,2844.1,741.24,3.91
2025-03-01,20220,Silverline Personal Care,10809.6,10050.7,6.1977,6.5352,0.9155,0.9298,0.4229,0.5078,131.19,147.8,3648.24,10978.4,-1046.17,853.3
2025-04-01,20220,Silverline Personal Care,1528.8,1306.4,6.1977,6.1452,0.9155,0.8545,0.4229,0.372,22.79,19.21,-80.26,1427.0,630.93,-66.5
2025-05-01,20220,Silverline Personal Care,5510.4,4720.4,6.1977,6.179,0.9155,0.8566,0.4229,0.4056,83.97,69.42,-103.04,5156.1,2195.85,-81.66
2025-06-01,20220,Silverline Personal Care,2951.9,2540.3,6.1977,6.3326,0.9155,0.8606,0.4229,0.4427,28.6,37.36,398.21,2774.8,1097.61,50.3
2025-07-01,20220,Silverline Personal Care,4328.2,3760.2,6.2616,6.3426,0.9155,0.8688,0.4229,0.4366,50.31,55.3,350.58,4107.3,1383.19,51.51
2025-08-01,20220,Silverline Personal Care,1674.6,1413.0,6.2616,6.0313,0.9155,0.8438,0.4229,0.4112,25.72,20.78,-385.66,1543.4,821.52,-16.53
2025-09-01,20220,Silverline Personal Care,2837.3,2397.2,6.2616,5.9548,0.9155,0.8449,0.4229,0.4265,31.86,35.25,-870.48,2618.5,1370.04,8.63
2025-11-01,20220,Silverline Personal Care,2167.8,2005.0,6.2616,6.0439,0.9155,0.9249,0.4229,0.475,25.15,29.49,-471.93,2190.1,-139.63,104.46
2025-12-01,20220,Silverline Personal Care,1694.8,1566.5,6.2616,6.3769,0.9155,0.9243,0.4229,0.4008,32.85,23.04,195.41,1711.1,-102.06,-34.62
2026-01-01,20220,Silverline Personal Care,1589.4,1425.4,6.2616,6.5039,0.9155,0.8968,0.4229,0.4169,25.74,20.96,385.11,1557.0,202.88,-8.55
2026-02-01,20220,Silverline Personal Care,1015.5,955.3,6.2616,6.5093,0.9155,0.9408,0.4229,0.4042,20.81,14.05,251.54,1043.5,-175.32,-17.86
2026-03-01,20220,Silverline Personal Care,2963.4,2756.5,6.2616,6.4858,0.9155,0.9302,0.4229,0.3982,30.48,40.54,664.39,3010.9,-297.43,-68.09
2026-04-01,20220,Silverline Personal Care,4677.9,4265.0,6.2616,6.6339,0.9155,0.9117,0.4229,0.4686,103.15,62.72,1741.58,4658.7,120.22,194.91
2026-05-01,20220,Silverline Personal Care,1938.2,1815.8,6.2616,6.6001,0.9155,0.9368,0.4229,0.4288,21.75,26.7,656.08,1983.4,-283.02,10.71
2026-06-01,20220,Silverline Personal Care,3826.4,3586.8,6.2616,6.8363,0.9155,0.9374,0.4229,0.4172,84.03,52.75,2199.03,3917.9,-572.94,-20.44
2023-07-01,20221,Ningbo Hometech Manufacturing,246.9,200.5,11.9113,11.7735,0.8404,0.8121,0.4507,0.4878,3.83,2.95,-34.02,238.6,98.86,7.44
2023-08-01,20221,Ningbo Hometech Manufacturing,327.7,272.4,11.9113,13.5907,0.8404,0.831,0.4507,0.534,4.46,4.01,550.34,324.1,42.88,22.69
2023-10-01,20221,Ningbo Hometech Manufacturing,325.6,275.7,11.9113,13.7604,0.8404,0.8468,0.4507,0.4652,3.41,4.06,602.07,328.1,-29.78,4.0
2023-11-01,20221,Ningbo Hometech Manufacturing,166.0,138.9,11.9113,13.6733,0.8404,0.8365,0.4507,0.3817,2.05,2.04,292.49,165.3,8.34,-9.58
2023-12-01,20221,Ningbo Hometech Manufacturing,228.3,204.2,11.9113,13.1246,0.8404,0.8944,0.4507,0.4911,3.24,3.0,277.0,243.0,-175.1,8.25
2024-01-01,20221,Ningbo Hometech Manufacturing,248.9,214.7,11.9113,12.915,0.8404,0.8626,0.4507,0.4891,2.94,3.16,249.82,255.5,-78.61,8.24
2024-02-01,20221,Ningbo Hometech Manufacturing,307.1,282.0,11.9113,13.0377,0.8404,0.9184,0.4507,0.4048,2.95,4.15,345.92,335.6,-339.47,-12.94
2024-03-01,20221,Ningbo Hometech Manufacturing,290.2,247.5,11.9113,13.3604,0.8404,0.8529,0.4507,0.5036,2.76,3.64,420.53,294.5,-51.22,13.09
2024-04-01,20221,Ningbo Hometech Manufacturing,185.8,159.9,11.9113,14.0477,0.8404,0.8608,0.4507,0.5361,3.82,2.35,396.94,190.3,-53.6,13.66
2024-05-01,20221,Ningbo Hometech Manufacturing,424.1,359.3,11.9113,13.9648,0.8404,0.8472,0.4507,0.496,5.95,5.28,870.89,427.5,-40.5,16.28
2024-06-01,20221,Ningbo Hometech Manufacturing,329.4,284.4,11.9113,14.6407,0.8404,0.8633,0.4507,0.5104,4.86,4.18,899.06,338.4,-107.2,16.98
2024-07-01,20221,Ningbo Hometech Manufacturing,306.4,252.1,14.0263,13.8272,0.8404,0.8229,0.4507,0.432,4.34,3.71,-61.0,300.0,89.77,-4.71
2024-08-01,20221,Ningbo Hometech Manufacturing,847.3,703.9,14.0263,13.6182,0.8404,0.8308,0.4507,0.434,9.35,10.35,-345.78,837.6,136.06,-11.76
2024-10-01,20221,Ningbo Hometech Manufacturing,651.4,558.6,14.0263,13.1766,0.8404,0.8576,0.4507,0.4329,7.52,8.21,-553.49,664.7,-186.55,-9.94
2024-11-01,20221,Ningbo Hometech Manufacturing,190.7,167.1,14.0263,13.6554,0.8404,0.8763,0.4507,0.4596,3.03,2.46,-70.73,198.8,-113.61,1.49
2024-12-01,20221,Ningbo Hometech Manufacturing,661.3,554.8,14.0263,13.3847,0.8404,0.8389,0.4507,0.395,7.74,8.16,-424.29,660.2,15.43,-30.9
2025-01-01,20221,Ningbo Hometech Manufacturing,460.7,370.2,14.0263,13.2112,0.8404,0.8036,0.4507,0.472,6.43,5.44,-375.52,440.5,283.33,7.89
2025-02-01,20221,Ningbo Hometech Manufacturing,146.9,118.7,14.0263,13.1684,0.8404,0.808,0.4507,0.4652,1.74,1.75,-126.03,141.2,79.95,1.72
2025-03-01,20221,Ningbo Hometech Manufacturing,621.7,498.1,14.0263,12.8487,0.8404,0.8011,0.4507,0.4696,6.79,7.32,-732.11,592.7,406.76,9.41
2025-05-01,20221,Ningbo Hometech Manufacturing,346.2,281.8,14.0263,12.9923,0.8404,0.8139,0.4507,0.4747,3.1,4.14,-357.97,335.3,152.89,6.76
2025-06-01,20221,Ningbo Hometech Manufacturing,235.2,193.7,14.0263,13.6324,0.8404,0.8236,0.4507,0.5014,3.65,2.85,-92.65,230.5,65.92,9.82
2025-07-01,20221,Ningbo Hometech Manufacturing,353.6,287.5,14.2655,14.433,0.8404,0.813,0.4507,0.3952,3.89,4.23,59.23,342.1,164.05,-15.96
2025-08-01,20221,Ningbo Hometech Manufacturing,218.4,180.1,14.2655,14.9842,0.8404,0.8244,0.4507,0.4801,3.87,2.65,156.96,214.3,58.49,5.29
2025-09-01,20221,Ningbo Hometech Manufacturing,489.3,408.0,14.2655,15.7256,0.8404,0.8339,0.4507,0.4752,5.82,6.0,714.43,485.5,54.21,10.0
2025-10-01,20221,Ningbo Hometech Manufacturing,631.9,519.8,14.2655,15.8634,0.8404,0.8226,0.4507,0.4648,10.28,7.64,1009.71,618.5,191.16,7.33
2026-01-01,20221,Ningbo Hometech Manufacturing,357.3,297.7,14.2655,14.6399,0.8404,0.8333,0.4507,0.4872,3.41,4.38,133.77,354.2,44.22,10.87
2026-03-01,20221,Ningbo Hometech Manufacturing,275.5,223.3,14.2655,15.0205,0.8404,0.8106,0.4507,0.4824,2.57,3.28,208.0,265.7,139.8,7.08
2026-05-01,20221,Ningbo Hometech Manufacturing,339.5,273.1,14.2655,14.799,0.8404,0.8045,0.4507,0.4189,3.25,4.02,181.12,325.0,206.85,-8.68
2023-07-01,20222,Cascadia Pet Products,476.6,418.5,14.0947,14.229,0.8718,0.8779,0.5961,0.4952,7.06,6.15,64.01,480.0,-47.92,-42.23
2023-09-01,20222,Cascadia Pet Products,854.4,737.1,14.0947,13.4304,0.8718,0.8627,0.5961,0.711,8.69,10.84,-567.58,845.5,125.44,84.69
2023-11-01,20222,Cascadia Pet Products,441.1,386.9,14.0947,13.6517,0.8718,0.877,0.5961,0.623,7.3,5.69,-195.41,443.8,-38.06,10.41
2023-12-01,20222,Cascadia Pet Products,1507.4,1334.0,14.0947,13.7338,0.8718,0.8849,0.5961,0.5994,22.09,19.62,-544.02,1530.2,-321.36,4.4
2024-01-01,20222,Cascadia Pet Products,577.3,515.9,14.0947,14.0213,0.8718,0.8936,0.5961,0.5956,8.85,7.59,-42.37,591.8,-204.37,-0.26
2024-02-01,20222,Cascadia Pet Products,1111.4,988.1,14.0947,14.3542,0.8718,0.8891,0.5961,0.5871,13.28,14.53,288.41,1133.4,-310.08,-8.89
2024-03-01,20222,Cascadia Pet Products,358.1,316.1,14.0947,14.2026,0.8718,0.8825,0.5961,0.6036,5.82,4.65,38.64,362.6,-63.43,2.37
2024-04-01,20222,Cascadia Pet Products,1090.2,973.7,14.0947,13.6294,0.8718,0.8931,0.5961,0.6829,13.69,14.32,-507.27,1116.9,-376.33,84.52
2024-06-01,20222,Cascadia Pet Products,1917.9,1739.1,14.0947,13.2269,0.8718,0.9068,0.5961,0.5363,20.65,25.58,-1664.35,1994.8,-1083.88,-104.0
2024-08-01,20222,Cascadia Pet Products,586.0,503.5,13.1969,12.3309,0.8718,0.8593,0.5961,0.6553,5.4,7.4,-507.48,577.5,112.17,29.81
2024-09-01,20222,Cascadia Pet Products,1114.6,1016.9,13.1969,12.2264,0.8718,0.9123,0.5961,0.6379,26.02,14.95,-1081.72,1166.4,-683.6,42.51
2024-12-01,20222,Cascadia Pet Products,938.2,822.0,13.1969,12.282,0.8718,0.8762,0.5961,0.6581,10.16,12.09,-858.36,942.9,-62.03,50.96
2025-01-01,20222,Cascadia Pet Products,1453.1,1271.3,13.1969,12.4848,0.8718,0.8749,0.5961,0.5656,17.68,18.7,-1034.75,1458.2,-67.3,-38.77
2025-02-01,20222,Cascadia Pet Products,1229.6,1019.4,13.1969,12.3907,0.8718,0.829,0.5961,0.5554,21.78,14.99,-991.3,1169.3,795.77,-41.49
2025-03-01,20222,Cascadia Pet Products,1472.5,1294.1,13.1969,11.9682,0.8718,0.8788,0.5961,0.6544,16.56,19.03,-1809.26,1484.4,-157.04,75.45
2025-06-01,20222,Cascadia Pet Products,1468.3,1336.3,13.1969,11.7046,0.8718,0.9101,0.5961,0.5626,24.88,19.65,-2191.14,1532.8,-851.2,-44.77
2025-07-01,20222,Cascadia Pet Products,922.9,829.2,11.4987,11.3893,0.8718,0.8985,0.5961,0.5851,11.91,12.19,-100.97,951.1,-324.26,-9.12
2025-08-01,20222,Cascadia Pet Products,864.9,758.4,11.4987,10.7176,0.8718,0.8768,0.5961,0.5654,12.73,11.15,-675.57,869.9,-57.49,-23.28
2025-09-01,20222,Cascadia Pet Products,707.1,630.9,11.4987,10.754,0.8718,0.8923,0.5961,0.7059,6.88,9.28,-526.58,723.7,-190.88,69.27
2025-10-01,20222,Cascadia Pet Products,762.3,696.2,11.4987,11.6534,0.8718,0.9132,0.5961,0.6587,17.03,10.24,117.93,798.6,-417.4,43.58
2025-11-01,20222,Cascadia Pet Products,1269.2,1115.1,11.4987,11.2619,0.8718,0.8786,0.5961,0.6526,24.26,16.4,-300.55,1279.1,-113.84,63.0
2025-12-01,20222,Cascadia Pet Products,992.9,907.3,11.4987,11.7791,0.8718,0.9138,0.5961,0.6296,17.31,13.34,278.41,1040.7,-549.64,30.39
2026-01-01,20222,Cascadia Pet Products,1590.7,1359.0,11.4987,12.3489,0.8718,0.8543,0.5961,0.6446,15.33,19.99,1352.41,1558.8,366.81,65.91
2026-02-01,20222,Cascadia Pet Products,1210.8,1054.1,11.4987,12.4439,0.8718,0.8705,0.5961,0.6027,11.4,15.5,1144.45,1209.1,19.55,6.96
2026-03-01,20222,Cascadia Pet Products,1229.0,1044.6,11.4987,11.6053,0.8718,0.85,0.5961,0.5772,18.21,15.36,131.01,1198.2,354.16,-19.74
2026-04-01,20222,Cascadia Pet Products,743.1,648.7,11.4987,11.4354,0.8718,0.8729,0.5961,0.6988,14.08,9.54,-47.04,744.1,-11.5,66.62
2026-06-01,20222,Cascadia Pet Products,531.6,445.8,11.4987,11.3417,0.8718,0.8386,0.5961,0.5394,5.9,6.56,-83.46,511.4,232.27,-25.28
2023-07-01,20223,Shenzhen Kaiyuan Electronics,584.0,578.4,7.0114,7.0566,0.9595,0.9905,0.382,0.3567,7.8,8.51,26.4,602.8,-131.81,-14.63
2023-08-01,20223,Shenzhen Kaiyuan Electronics,1458.9,1427.9,7.0114,6.933,0.9595,0.9787,0.382,0.3859,20.81,21.0,-114.38,1488.2,-205.43,5.57
2023-10-01,20223,Shenzhen Kaiyuan Electronics,903.4,891.9,7.0114,7.2155,0.9595,0.9873,0.382,0.4144,9.43,13.12,184.38,929.5,-183.0,28.9
2023-11-01,20223,Shenzhen Kaiyuan Electronics,2352.7,2333.3,7.0114,7.1014,0.9595,0.9918,0.382,0.368,30.74,34.31,211.74,2431.8,-554.6,-32.67
2024-01-01,20223,Shenzhen Kaiyuan Electronics,830.7,826.6,7.0114,7.0847,0.9595,0.995,0.382,0.4191,11.09,12.16,60.89,861.5,-215.95,30.67
2024-02-01,20223,Shenzhen Kaiyuan Electronics,1659.5,1635.1,7.0114,7.124,0.9595,0.9853,0.382,0.3841,23.6,24.05,186.86,1704.1,-312.71,3.43
2024-03-01,20223,Shenzhen Kaiyuan Electronics,488.2,485.8,7.0114,6.9799,0.9595,0.995,0.382,0.416,9.61,7.14,-15.38,506.3,-126.91,16.52
2024-04-01,20223,Shenzhen Kaiyuan Electronics,264.8,263.5,7.0114,7.1064,0.9595,0.995,0.382,0.3958,3.0,3.87,25.16,274.6,-68.71,3.64
2024-05-01,20223,Shenzhen Kaiyuan Electronics,1492.3,1484.8,7.0114,7.3857,0.9595,0.995,0.382,0.3867,24.24,21.84,558.57,1547.5,-387.03,6.98
2024-06-01,20223,Shenzhen Kaiyuan Electronics,896.4,882.2,7.0114,7.4622,0.9595,0.9841,0.382,0.3686,10.16,12.97,404.1,919.4,-161.26,-11.82
2024-07-01,20223,Shenzhen Kaiyuan Electronics,1179.7,1125.6,7.4206,7.4734,0.9595,0.9541,0.382,0.3886,17.27,16.55,62.29,1173.1,48.98,7.43
2024-08-01,20223,Shenzhen Kaiyuan Electronics,616.8,608.7,7.4206,7.4961,0.9595,0.9869,0.382,0.4295,13.03,8.95,46.57,634.4,-130.6,28.91
2024-09-01,20223,Shenzhen Kaiyuan Electronics,731.8,723.7,7.4206,7.4622,0.9595,0.989,0.382,0.4428,7.95,10.64,30.44,754.2,-166.22,44.0
2024-10-01,20223,Shenzhen Kaiyuan Electronics,563.0,560.2,7.4206,7.5543,0.9595,0.995,0.382,0.3558,8.64,8.24,75.27,583.8,-154.35,-14.68
2024-11-01,20223,Shenzhen Kaiyuan Electronics,351.9,347.8,7.4206,7.4186,0.9595,0.9883,0.382,0.3703,4.11,5.11,-0.7,362.5,-78.66,-4.07
2024-12-01,20223,Shenzhen Kaiyuan Electronics,1103.3,1097.8,7.4206,7.509,0.9595,0.995,0.382,0.3997,18.47,16.14,97.53,1144.1,-302.76,19.43
2025-01-01,20223,Shenzhen Kaiyuan Electronics,962.6,957.8,7.4206,7.5585,0.9595,0.995,0.382,0.4004,13.99,14.08,132.74,998.2,-264.17,17.62
2025-02-01,20223,Shenzhen Kaiyuan Electronics,458.7,456.4,7.4206,7.2065,0.9595,0.995,0.382,0.4073,11.4,6.71,-98.21,475.7,-126.15,11.55
2025-03-01,20223,Shenzhen Kaiyuan Electronics,2088.8,2044.1,7.4206,7.4421,0.9595,0.9786,0.382,0.3528,28.7,30.06,44.91,2130.4,-308.7,-59.69
2025-04-01,20223,Shenzhen Kaiyuan Electronics,1182.5,1098.3,7.4206,7.9194,0.9595,0.9288,0.382,0.3989,16.29,16.15,589.83,1144.7,280.5,18.56
2025-05-01,20223,Shenzhen Kaiyuan Electronics,276.5,259.8,7.4206,7.6568,0.9595,0.9398,0.382,0.3723,2.75,3.82,65.31,270.8,42.3,-2.52
2025-06-01,20223,Shenzhen Kaiyuan Electronics,250.5,229.4,7.4206,8.0032,0.9595,0.916,0.382,0.3839,5.93,3.37,145.94,239.1,84.59,0.44
2025-07-01,20223,Shenzhen Kaiyuan Electronics,512.9,472.0,8.2404,8.1305,0.9595,0.9203,0.382,0.3716,4.93,6.94,-56.37,491.9,173.05,-4.91
2025-10-01,20223,Shenzhen Kaiyuan Electronics,371.0,351.9,8.2404,8.2424,0.9595,0.9484,0.382,0.4208,7.73,5.17,0.74,366.8,34.61,13.65
2025-11-01,20223,Shenzhen Kaiyuan Electronics,475.1,460.2,8.2404,7.7124,0.9595,0.9687,0.382,0.3853,6.1,6.77,-250.85,479.6,-37.08,1.52
2025-12-01,20223,Shenzhen Kaiyuan Electronics,704.3,653.3,8.2404,7.4572,0.9595,0.9277,0.382,0.3588,8.05,9.61,-551.61,680.9,192.83,-15.16
2026-04-01,20223,Shenzhen Kaiyuan Electronics,439.8,397.0,8.2404,7.3712,0.9595,0.9028,0.382,0.3578,7.8,5.84,-382.27,413.8,214.25,-9.61
2026-06-01,20223,Shenzhen Kaiyuan Electronics,421.0,391.2,8.2404,7.9049,0.9595,0.9292,0.382,0.4115,7.76,5.75,-141.25,407.7,109.6,11.54
2023-07-01,20224,Guangzhou Vantage Industrial,987.6,982.6,7.6495,7.5854,0.9763,0.995,0.6692,0.7064,10.26,14.45,-63.31,1006.5,-144.58,36.55
2023-08-01,20224,Guangzhou Vantage Industrial,865.9,837.3,7.6495,7.3614,0.9763,0.967,0.6692,0.7857,10.55,12.31,-249.47,857.6,63.49,97.55
2023-09-01,20224,Guangzhou Vantage Industrial,644.2,606.8,7.6495,7.1549,0.9763,0.9419,0.6692,0.7327,9.66,8.92,-318.62,621.5,173.64,38.53
2023-10-01,20224,Guangzhou Vantage Industrial,1836.8,1775.2,7.6495,7.2975,0.9763,0.9665,0.6692,0.603,26.59,26.11,-646.55,1818.3,141.52,-117.52
2023-12-01,20224,Guangzhou Vantage Industrial,672.3,668.9,7.6495,7.4281,0.9763,0.995,0.6692,0.6734,11.26,9.84,-148.85,685.1,-97.91,2.81
2024-02-01,20224,Guangzhou Vantage Industrial,716.9,679.0,7.6495,7.9081,0.9763,0.9471,0.6692,0.5841,10.86,9.99,185.39,695.5,163.7,-57.78
2024-04-01,20224,Guangzhou Vantage Industrial,1831.7,1822.5,7.6495,7.7237,0.9763,0.995,0.6692,0.6237,40.82,26.8,135.91,1866.7,-267.73,-82.92
2024-05-01,20224,Guangzhou Vantage Industrial,948.5,938.7,7.6495,7.5936,0.9763,0.9896,0.6692,0.6414,22.83,13.8,-53.02,961.5,-99.44,-26.1
2024-06-01,20224,Guangzhou Vantage Industrial,448.9,446.7,7.6495,7.2654,0.9763,0.995,0.6692,0.7128,8.97,6.57,-172.42,457.5,-65.79,19.48
2024-07-01,20224,Guangzhou Vantage Industrial,758.5,754.7,7.4148,7.3146,0.9763,0.995,0.6692,0.6007,11.6,11.1,-76.0,773.0,-107.51,-51.7
2024-08-01,20224,Guangzhou Vantage Industrial,1123.6,1111.7,7.4148,6.6721,0.9763,0.9894,0.6692,0.7624,18.24,16.35,-834.5,1138.7,-111.96,103.61
2024-09-01,20224,Guangzhou Vantage Industrial,670.6,660.6,7.4148,6.0433,0.9763,0.9851,0.6692,0.6183,8.94,9.71,-919.73,676.6,-44.49,-33.62
2024-10-01,20224,Guangzhou Vantage Industrial,982.3,977.4,7.4148,6.2044,0.9763,0.995,0.6692,0.783,11.58,14.37,-1188.98,1001.1,-139.4,111.23
2025-01-01,20224,Guangzhou Vantage Industrial,1768.0,1673.3,7.4148,5.729,0.9763,0.9464,0.6692,0.7265,17.57,24.61,-2980.49,1713.9,401.14,95.88
2025-02-01,20224,Guangzhou Vantage Industrial,1372.2,1298.4,7.4148,5.6706,0.9763,0.9462,0.6692,0.7152,15.68,19.09,-2393.39,1329.9,313.65,59.73
2025-03-01,20224,Guangzhou Vantage Industrial,1236.3,1146.5,7.4148,5.8315,0.9763,0.9274,0.6692,0.6421,14.75,16.86,-1957.43,1174.3,459.72,-31.07
2025-04-01,20224,Guangzhou Vantage Industrial,3702.9,3442.2,7.4148,5.7342,0.9763,0.9296,0.6692,0.7095,47.43,50.62,-6223.09,3525.8,1313.16,138.72
2025-05-01,20224,Guangzhou Vantage Industrial,1113.2,1041.2,7.4148,5.8338,0.9763,0.9353,0.6692,0.7207,12.15,15.31,-1759.97,1066.5,346.27,53.62
2025-07-01,20224,Guangzhou Vantage Industrial,667.3,623.3,5.7173,5.7517,0.9763,0.934,0.6692,0.7166,8.58,9.17,22.96,638.4,165.23,29.54
2025-08-01,20224,Guangzhou Vantage Industrial,580.5,537.9,5.7173,5.874,0.9763,0.9266,0.6692,0.7477,7.98,7.91,90.96,551.0,168.66,42.23
2025-09-01,20224,Guangzhou Vantage Industrial,748.0,728.2,5.7173,6.19,0.9763,0.9735,0.6692,0.6275,11.15,10.71,353.58,745.9,12.01,-30.37
2025-10-01,20224,Guangzhou Vantage Industrial,1280.1,1273.3,5.7173,6.3135,0.9763,0.9947,0.6692,0.5112,22.01,18.73,763.2,1304.2,-137.79,-201.18
2025-11-01,20224,Guangzhou Vantage Industrial,978.9,932.7,5.7173,6.0412,0.9763,0.9528,0.6692,0.6889,19.04,13.72,317.07,955.3,134.93,18.37
2025-12-01,20224,Guangzhou Vantage Industrial,1212.5,1206.4,5.7173,6.4218,0.9763,0.995,0.6692,0.7214,14.08,17.74,854.21,1235.7,-132.64,62.97
2026-01-01,20224,Guangzhou Vantage Industrial,963.4,936.2,5.7173,6.9016,0.9763,0.9718,0.6692,0.7065,21.16,13.77,1140.95,958.9,25.73,34.92
2026-02-01,20224,Guangzhou Vantage Industrial,675.2,663.2,5.7173,7.2277,0.9763,0.9822,0.6692,0.6771,8.38,9.75,1019.82,679.3,-23.44,5.24
2026-05-01,20224,Guangzhou Vantage Industrial,777.1,758.6,5.7173,7.1798,0.9763,0.9763,0.6692,0.67,18.15,11.16,1136.51,777.0,0.57,0.61
2023-07-01,20225,Ningbo Hometech Manufacturing,530.6,517.1,40.195,39.8867,0.995,0.9745,0.4861,0.476,7.67,7.6,-163.58,519.7,438.13,-5.22
2023-08-01,20225,Ningbo Hometech Manufacturing,1563.9,1556.1,40.195,39.8391,0.995,0.995,0.4861,0.483,22.97,22.88,-556.59,1563.9,0.0,-4.82
2023-09-01,20225,Ningbo Hometech Manufacturing,757.0,753.2,40.195,38.2252,0.995,0.995,0.4861,0.4851,8.95,11.08,-1491.14,757.0,0.0,-0.75
2023-10-01,20225,Ningbo Hometech Manufacturing,340.8,326.4,40.195,37.2117,0.995,0.9578,0.4861,0.5693,5.09,4.8,-1016.71,328.0,514.5,27.16
2023-11-01,20225,Ningbo Hometech Manufacturing,880.7,830.2,40.195,37.4541,0.995,0.9426,0.4861,0.4545,15.24,12.21,-2413.91,834.4,1861.03,-26.23
2023-12-01,20225,Ningbo Hometech Manufacturing,863.0,852.7,40.195,36.0052,0.995,0.9881,0.4861,0.5211,11.02,12.54,-3615.8,857.0,241.17,29.84
2024-01-01,20225,Ningbo Hometech Manufacturing,783.2,779.3,40.195,37.1515,0.995,0.995,0.4861,0.444,16.63,11.46,-2383.67,783.2,0.0,-32.81
2024-02-01,20225,Ningbo Hometech Manufacturing,379.7,377.8,40.195,38.9035,0.995,0.995,0.4861,0.4083,6.58,5.56,-490.38,379.7,0.0,-29.39
2024-05-01,20225,Ningbo Hometech Manufacturing,928.0,908.9,40.195,41.7668,0.995,0.9794,0.4861,0.5693,10.0,13.37,1458.63,913.5,582.83,75.62
2024-06-01,20225,Ningbo Hometech Manufacturing,3453.7,3436.4,40.195,43.3544,0.995,0.995,0.4861,0.5366,40.58,50.54,10911.62,3453.7,0.0,173.54
2024-07-01,20225,Ningbo Hometech Manufacturing,640.8,637.6,43.7923,44.1068,0.995,0.995,0.4861,0.5036,16.03,9.38,201.53,640.8,0.0,11.16
2024-09-01,20225,Ningbo Hometech Manufacturing,1597.1,1589.1,43.7923,46.0243,0.995,0.995,0.4861,0.5452,17.89,23.37,3564.73,1597.1,0.0,93.92
2024-10-01,20225,Ningbo Hometech Manufacturing,674.8,671.4,43.7923,43.3223,0.995,0.995,0.4861,0.494,8.76,9.87,-317.16,674.8,0.0,5.3
2024-11-01,20225,Ningbo Hometech Manufacturing,654.6,651.4,43.7923,40.9828,0.995,0.995,0.4861,0.514,6.84,9.58,-1839.1,654.7,-4.38,18.17
2024-12-01,20225,Ningbo Hometech Manufacturing,563.7,560.8,43.7923,40.2487,0.995,0.995,0.4861,0.4834,9.66,8.25,-1997.53,563.6,4.38,-1.51
2025-01-01,20225,Ningbo Hometech Manufacturing,548.2,545.5,43.7923,39.5898,0.995,0.995,0.4861,0.5225,9.1,8.02,-2303.81,548.2,0.0,19.86
2025-03-01,20225,Ningbo Hometech Manufacturing,1406.6,1399.6,43.7923,40.2407,0.995,0.995,0.4861,0.5455,21.24,20.58,-4995.68,1406.6,0.0,83.14
2025-04-01,20225,Ningbo Hometech Manufacturing,365.5,363.6,43.7923,40.6856,0.995,0.995,0.4861,0.5204,4.64,5.35,-1135.5,365.4,4.38,12.47
2025-05-01,20225,Ningbo Hometech Manufacturing,439.5,427.3,43.7923,43.6962,0.995,0.9722,0.4861,0.5299,5.33,6.28,-42.24,429.4,442.3,18.72
2025-06-01,20225,Ningbo Hometech Manufacturing,607.4,600.2,43.7923,43.2972,0.995,0.988,0.4861,0.4709,10.44,8.83,-300.72,603.2,183.93,-9.12
2025-07-01,20225,Ningbo Hometech Manufacturing,860.6,856.3,42.8249,42.6928,0.995,0.995,0.4861,0.3939,19.66,12.59,-113.69,860.6,0.0,-78.95
2025-08-01,20225,Ningbo Hometech Manufacturing,546.1,534.0,42.8249,41.8431,0.995,0.9778,0.4861,0.4406,7.98,7.85,-536.16,536.7,402.55,-24.3
2025-09-01,20225,Ningbo Hometech Manufacturing,461.9,447.9,42.8249,38.8722,0.995,0.9696,0.4861,0.5029,5.88,6.59,-1825.75,450.2,501.05,7.52
2025-10-01,20225,Ningbo Hometech Manufacturing,323.7,322.1,42.8249,36.2957,0.995,0.995,0.4861,0.4253,3.84,4.74,-2113.5,323.7,0.0,-19.58
2025-11-01,20225,Ningbo Hometech Manufacturing,961.0,956.2,42.8249,33.9148,0.995,0.995,0.4861,0.4828,13.11,14.06,-8562.61,961.0,0.0,-3.16
2025-12-01,20225,Ningbo Hometech Manufacturing,3319.4,3302.8,42.8249,35.0307,0.995,0.995,0.4861,0.4947,39.13,48.57,-25872.07,3319.4,0.0,28.4
2026-01-01,20225,Ningbo Hometech Manufacturing,412.0,410.0,42.8249,36.0097,0.995,0.995,0.4861,0.5209,9.01,6.03,-2807.86,412.1,-4.28,14.27
2026-02-01,20225,Ningbo Hometech Manufacturing,742.5,730.9,42.8249,37.6486,0.995,0.9843,0.4861,0.5941,8.21,10.75,-3843.4,734.6,338.32,78.94
2026-04-01,20225,Ningbo Hometech Manufacturing,800.5,755.9,42.8249,41.2388,0.995,0.9444,0.4861,0.4923,14.97,11.12,-1269.67,759.7,1747.26,4.69
2026-05-01,20225,Ningbo Hometech Manufacturing,1643.3,1544.4,42.8249,40.6489,0.995,0.9398,0.4861,0.5166,20.42,22.71,-3575.82,1552.2,3901.35,47.1
2026-06-01,20225,Ningbo Hometech Manufacturing,990.0,950.0,42.8249,40.3379,0.995,0.9595,0.4861,0.4453,13.94,13.97,-2462.13,954.8,1507.44,-38.76
2023-07-01,20226,Silverline Personal Care,240.7,236.9,4.6866,4.6837,0.9516,0.9842,0.5903,0.5364,5.19,3.48,-0.7,248.9,-38.43,-12.77
2023-08-01,20226,Silverline Personal Care,237.6,224.2,4.6866,4.9263,0.9516,0.9438,0.5903,0.6083,5.48,3.3,56.95,235.6,9.37,4.04
2023-09-01,20226,Silverline Personal Care,401.8,380.1,4.6866,4.6018,0.9516,0.9461,0.5903,0.6962,6.81,5.59,-34.07,399.4,11.25,40.25
2023-10-01,20226,Silverline Personal Care,649.2,624.8,4.6866,4.6781,0.9516,0.9625,0.5903,0.5918,12.26,9.19,-5.52,656.6,-34.68,0.94
2023-11-01,20226,Silverline Personal Care,347.1,333.4,4.6866,4.7719,0.9516,0.9608,0.5903,0.6348,7.48,4.9,29.61,350.4,-15.47,14.84
2023-12-01,20226,Silverline Personal Care,134.0,133.3,4.6866,4.7392,0.9516,0.995,0.5903,0.5845,2.01,1.96,7.05,140.1,-28.59,-0.77
2024-01-01,20226,Silverline Personal Care,119.8,119.2,4.6866,4.9627,0.9516,0.995,0.5903,0.5126,1.89,1.75,33.08,125.3,-25.78,-9.26
2024-04-01,20226,Silverline Personal Care,328.8,319.3,4.6866,5.2668,0.9516,0.971,0.5903,0.6505,8.28,4.7,190.77,335.5,-31.4,19.22
2024-05-01,20226,Silverline Personal Care,331.9,321.1,4.6866,5.3556,0.9516,0.9674,0.5903,0.6561,4.8,4.72,222.04,337.4,-25.78,21.13
2024-06-01,20226,Silverline Personal Care,330.5,319.6,4.6866,5.0616,0.9516,0.9671,0.5903,0.5318,3.47,4.7,123.94,335.9,-25.31,-18.7
2024-07-01,20226,Silverline Personal Care,941.7,918.5,5.0186,5.0286,0.9516,0.9753,0.5903,0.6252,10.97,13.51,9.42,965.2,-117.94,32.06
2024-08-01,20226,Silverline Personal Care,239.5,228.1,5.0186,4.9432,0.9516,0.9522,0.5903,0.5797,2.56,3.35,-18.06,239.7,-1.0,-2.42
2024-09-01,20226,Silverline Personal Care,453.2,431.6,5.0186,4.9767,0.9516,0.9522,0.5903,0.5894,4.94,6.35,-18.99,453.6,-2.01,-0.39
2024-10-01,20226,Silverline Personal Care,205.5,198.6,5.0186,5.1408,0.9516,0.9666,0.5903,0.5159,3.25,2.92,25.11,208.7,-16.06,-14.78
2024-11-01,20226,Silverline Personal Care,276.4,274.8,5.0186,5.0882,0.9516,0.9942,0.5903,0.6305,3.31,4.04,19.24,288.8,-62.23,11.05
2025-01-01,20226,Silverline Personal Care,251.8,237.2,5.0186,4.5902,0.9516,0.9417,0.5903,0.5791,3.86,3.49,-107.87,249.3,12.55,-2.66
2025-02-01,20226,Silverline Personal Care,851.3,847.0,5.0186,4.6616,0.9516,0.995,0.5903,0.6746,9.27,12.46,-303.91,890.1,-194.72,71.4
2025-04-01,20226,Silverline Personal Care,259.2,243.7,5.0186,4.9306,0.9516,0.9404,0.5903,0.59,6.1,3.58,-22.81,256.1,15.56,-0.07
2025-05-01,20226,Silverline Personal Care,601.0,554.5,5.0186,5.0836,0.9516,0.9225,0.5903,0.6695,12.51,8.15,39.06,582.7,91.84,43.92
2025-06-01,20226,Silverline Personal Care,205.2,193.6,5.0186,4.8127,0.9516,0.9432,0.5903,0.5608,2.36,2.85,-42.25,203.4,9.03,-5.71
2025-07-01,20226,Silverline Personal Care,547.6,507.3,4.4748,4.4733,0.9516,0.9264,0.5903,0.5583,5.58,7.46,-0.82,533.1,64.88,-16.23
2025-08-01,20226,Silverline Personal Care,472.1,431.5,4.4748,4.6235,0.9516,0.9139,0.5903,0.5451,10.87,6.35,70.2,453.4,83.68,-19.5
2025-09-01,20226,Silverline Personal Care,367.2,331.7,4.4748,4.3823,0.9516,0.9035,0.5903,0.5617,4.95,4.88,-33.97,348.6,83.23,-9.49
2025-10-01,20226,Silverline Personal Care,155.8,135.2,4.4748,4.3291,0.9516,0.8677,0.5903,0.5851,2.11,1.99,-22.7,142.1,61.3,-0.7
2026-01-01,20226,Silverline Personal Care,159.0,152.1,4.4748,4.4953,0.9516,0.9568,0.5903,0.5154,2.45,2.24,3.26,159.8,-3.58,-11.39
2026-02-01,20226,Silverline Personal Care,685.0,648.0,4.4748,4.713,0.9516,0.9459,0.5903,0.5921,10.37,9.53,163.17,681.0,17.9,1.17
2026-03-01,20226,Silverline Personal Care,403.0,384.0,4.4748,4.5977,0.9516,0.9528,0.5903,0.6402,4.9,5.65,49.53,403.5,-2.24,19.16
2026-04-01,20226,Silverline Personal Care,801.1,768.3,4.4748,4.5555,0.9516,0.9591,0.5903,0.5754,14.55,11.3,64.65,807.4,-28.19,-11.45
2026-05-01,20226,Silverline Personal Care,1003.1,912.0,4.4748,4.5287,0.9516,0.9092,0.5903,0.5635,14.4,13.41,54.07,958.4,200.02,-24.44
2026-06-01,20226,Silverline Personal Care,298.7,278.2,4.4748,4.5996,0.9516,0.9312,0.5903,0.5035,3.28,4.09,37.28,292.3,28.64,-24.15
2023-08-01,20227,Silverline Personal Care,1048.8,1040.2,23.2982,23.539,0.9489,0.9918,0.3566,0.382,11.31,15.3,252.55,1096.2,-1104.33,26.42
2023-10-01,20227,Silverline Personal Care,1631.4,1594.5,23.2982,23.0737,0.9489,0.9774,0.3566,0.3843,22.69,23.45,-366.25,1680.4,-1141.61,44.17
2023-11-01,20227,Silverline Personal Care,471.0,447.3,23.2982,24.3046,0.9489,0.9498,0.3566,0.3249,5.54,6.58,474.01,471.4,-9.32,-14.18
2023-12-01,20227,Silverline Personal Care,1858.7,1730.9,23.2982,24.0103,0.9489,0.9313,0.3566,0.3799,33.97,25.45,1323.58,1824.1,806.12,40.33
2024-01-01,20227,Silverline Personal Care,1178.9,1143.7,23.2982,24.8566,0.9489,0.9701,0.3566,0.354,20.66,16.82,1837.2,1205.3,-615.07,-2.97
2024-02-01,20227,Silverline Personal Care,2135.4,2020.6,23.2982,24.205,0.9489,0.9462,0.3566,0.352,23.03,29.71,1936.38,2129.4,139.79,-9.29
2024-03-01,20227,Silverline Personal Care,1047.5,991.4,23.2982,23.4225,0.9489,0.9465,0.3566,0.4058,11.58,14.58,130.2,1044.8,62.91,48.78
2024-04-01,20227,Silverline Personal Care,655.8,635.5,23.2982,23.4363,0.9489,0.9691,0.3566,0.3179,12.26,9.35,90.57,669.7,-323.84,-24.59
2024-06-01,20227,Silverline Personal Care,770.2,758.7,23.2982,23.9806,0.9489,0.9851,0.3566,0.3413,9.87,11.16,525.58,799.6,-684.97,-11.61
2024-07-01,20227,Silverline Personal Care,1777.6,1711.0,23.5392,23.3797,0.9489,0.9625,0.3566,0.3467,18.58,25.16,-283.53,1803.1,-600.25,-16.94
2024-08-01,20227,Silverline Personal Care,981.9,920.3,23.5392,21.8168,0.9489,0.9373,0.3566,0.3434,12.64,13.53,-1691.22,969.9,282.47,-12.15
2024-09-01,20227,Silverline Personal Care,1528.3,1503.3,23.5392,21.0722,0.9489,0.9837,0.3566,0.2951,25.86,22.11,-3770.32,1584.3,-1318.2,-92.45
2024-11-01,20227,Silverline Personal Care,2555.4,2431.7,23.5392,19.9243,0.9489,0.9516,0.3566,0.3437,31.54,35.76,-9237.52,2562.7,-171.84,-31.37
2025-01-01,20227,Silverline Personal Care,1757.6,1735.1,23.5392,19.9937,0.9489,0.9872,0.3566,0.3596,19.29,25.52,-6231.57,1828.5,-1668.93,5.21
2025-02-01,20227,Silverline Personal Care,1219.4,1163.6,23.5392,21.1891,0.9489,0.9543,0.3566,0.3368,14.3,17.11,-2865.71,1226.3,-162.42,-23.04
2025-03-01,20227,Silverline Personal Care,1254.4,1218.5,23.5392,21.5366,0.9489,0.9714,0.3566,0.3836,24.83,17.92,-2512.06,1284.1,-699.11,32.9
2025-05-01,20227,Silverline Personal Care,2379.1,2319.8,23.5392,21.183,0.9489,0.9751,0.3566,0.3761,39.41,34.12,-5605.64,2444.7,-1544.17,45.24
2025-07-01,20227,Silverline Personal Care,2491.3,2389.9,19.6451,19.8477,0.9489,0.9593,0.3566,0.3452,26.31,35.15,504.74,2518.6,-536.31,-27.24
2025-08-01,20227,Silverline Personal Care,2668.5,2556.6,19.6451,20.0775,0.9489,0.9581,0.3566,0.4077,37.96,37.6,1153.86,2694.3,-506.84,130.64
2025-09-01,20227,Silverline Personal Care,1451.7,1386.1,19.6451,21.9501,0.9489,0.9548,0.3566,0.3532,26.03,20.38,3346.17,1460.7,-176.81,-4.71
2025-10-01,20227,Silverline Personal Care,1186.5,1128.1,19.6451,22.6457,0.9489,0.9508,0.3566,0.4479,12.08,16.59,3560.21,1188.9,-47.15,103.0
2025-12-01,20227,Silverline Personal Care,1077.5,1032.1,19.6451,22.979,0.9489,0.9579,0.3566,0.4253,20.03,15.18,3592.28,1087.7,-200.38,70.91
2026-02-01,20227,Silverline Personal Care,832.3,779.7,19.6451,24.8058,0.9489,0.9368,0.3566,0.3726,8.58,11.47,4295.25,821.7,208.24,12.48
2026-03-01,20227,Silverline Personal Care,1479.6,1442.2,19.6451,24.5623,0.9489,0.9747,0.3566,0.3753,20.57,21.21,7275.49,1519.9,-791.7,26.97
2026-04-01,20227,Silverline Personal Care,5691.5,5338.0,19.6451,23.9977,0.9489,0.9379,0.3566,0.3877,133.28,78.5,24772.82,5625.5,1296.58,166.01
2026-06-01,20227,Silverline Personal Care,1684.1,1486.3,19.6451,23.1794,0.9489,0.8825,0.3566,0.4065,33.55,21.86,5952.11,1566.3,2314.19,74.17
2023-08-01,20228,Northbrook Paper & Board,510.5,464.7,23.4743,23.6383,0.9278,0.9103,0.3236,0.3268,5.78,6.83,83.72,500.9,225.35,1.49
2023-09-01,20228,Northbrook Paper & Board,929.3,880.2,23.4743,23.2989,0.9278,0.9472,0.3236,0.3629,12.71,12.94,-163.0,948.7,-455.4,34.59
2023-11-01,20228,Northbrook Paper & Board,345.1,317.9,23.4743,23.4856,0.9278,0.9212,0.3236,0.3007,4.08,4.67,3.9,342.6,58.69,-7.28
2023-12-01,20228,Northbrook Paper & Board,1054.8,946.0,23.4743,23.0588,0.9278,0.8969,0.3236,0.3708,11.06,13.91,-438.27,1019.6,826.3,44.65
2024-01-01,20228,Northbrook Paper & Board,173.7,165.2,23.4743,22.7403,0.9278,0.9508,0.3236,0.3003,3.02,2.43,-127.5,178.1,-103.29,-3.85
2024-03-01,20228,Northbrook Paper & Board,525.6,473.0,23.4743,23.8123,0.9278,0.8999,0.3236,0.2877,10.96,6.96,177.65,509.8,370.89,-16.98
2024-04-01,20228,Northbrook Paper & Board,572.7,522.7,23.4743,25.0794,0.9278,0.9127,0.3236,0.3439,12.21,7.69,919.24,563.4,218.31,10.61
2024-05-01,20228,Northbrook Paper & Board,493.1,437.7,23.4743,26.3629,0.9278,0.8877,0.3236,0.3407,10.69,6.44,1424.37,471.8,500.0,7.48
2024-06-01,20228,Northbrook Paper & Board,638.7,567.8,23.4743,25.923,0.9278,0.8889,0.3236,0.3456,5.94,8.35,1563.98,612.0,626.76,12.49
2024-07-01,20228,Northbrook Paper & Board,668.4,591.3,26.4237,26.1946,0.9278,0.8847,0.3236,0.2776,14.7,8.7,-153.13,637.3,821.78,-27.2
2024-08-01,20228,Northbrook Paper & Board,345.3,318.0,26.4237,24.9847,0.9278,0.9208,0.3236,0.3347,5.26,4.68,-496.89,342.7,68.7,3.53
2024-09-01,20228,Northbrook Paper & Board,704.9,655.9,26.4237,25.23,0.9278,0.9305,0.3236,0.3027,16.41,9.65,-841.44,706.9,-52.85,-13.71
2024-10-01,20228,Northbrook Paper & Board,829.3,764.1,26.4237,24.4955,0.9278,0.9214,0.3236,0.2787,12.8,11.24,-1599.06,823.6,150.62,-34.31
2024-11-01,20228,Northbrook Paper & Board,208.4,192.7,26.4237,25.0612,0.9278,0.9246,0.3236,0.3584,4.42,2.83,-283.95,207.7,18.5,6.71
2024-12-01,20228,Northbrook Paper & Board,200.3,191.1,26.4237,25.6309,0.9278,0.9544,0.3236,0.2965,3.0,2.81,-158.8,206.0,-150.62,-5.18
2025-02-01,20228,Northbrook Paper & Board,840.1,809.5,26.4237,25.2668,0.9278,0.9637,0.3236,0.3569,11.36,11.91,-971.91,872.5,-856.13,26.96
2025-03-01,20228,Northbrook Paper & Board,1050.4,1045.1,26.4237,26.668,0.9278,0.995,0.3236,0.341,14.17,15.37,256.61,1126.4,-2008.2,18.18
2025-04-01,20228,Northbrook Paper & Board,323.4,314.6,26.4237,26.6225,0.9278,0.9728,0.3236,0.3487,7.77,4.63,64.29,339.1,-414.85,7.9
2025-05-01,20228,Northbrook Paper & Board,997.1,954.1,26.4237,26.3614,0.9278,0.9568,0.3236,0.3536,13.34,14.03,-62.12,1028.3,-824.42,28.62
2025-06-01,20228,Northbrook Paper & Board,326.7,317.3,26.4237,24.9114,0.9278,0.9714,0.3236,0.3659,5.08,4.67,-494.07,342.0,-404.28,13.42
2025-07-01,20228,Northbrook Paper & Board,701.7,671.9,24.4656,24.1927,0.9278,0.9576,0.3236,0.3418,8.71,9.88,-191.49,724.2,-550.48,12.23
2025-08-01,20228,Northbrook Paper & Board,295.8,287.6,24.4656,23.2787,0.9278,0.972,0.3236,0.3663,3.85,4.23,-351.09,310.0,-347.41,12.28
2025-09-01,20228,Northbrook Paper & Board,1199.8,1160.0,24.4656,24.552,0.9278,0.9668,0.3236,0.3268,16.3,17.06,103.66,1250.3,-1235.51,3.71
2025-10-01,20228,Northbrook Paper & Board,524.0,488.8,24.4656,23.9519,0.9278,0.9328,0.3236,0.3562,6.21,7.19,-269.18,526.8,-68.5,15.93
2025-11-01,20228,Northbrook Paper & Board,143.6,138.9,24.4656,23.8825,0.9278,0.9677,0.3236,0.3164,2.12,2.04,-83.73,149.7,-149.24,-1.0
2026-01-01,20228,Northbrook Paper & Board,305.8,293.8,24.4656,25.0404,0.9278,0.9609,0.3236,0.3248,5.85,4.32,175.77,316.7,-266.68,0.35
2026-02-01,20228,Northbrook Paper & Board,1286.9,1266.9,24.4656,25.2155,0.9278,0.9845,0.3236,0.2925,15.45,18.63,965.05,1365.5,-1923.0,-39.4
2026-03-01,20228,Northbrook Paper & Board,2362.1,2176.6,24.4656,25.7917,0.9278,0.9214,0.3236,0.2929,52.22,32.01,3132.38,2346.0,393.9,-66.82
2026-04-01,20228,Northbrook Paper & Board,678.4,633.6,24.4656,26.4083,0.9278,0.9339,0.3236,0.3358,10.09,9.32,1317.93,682.9,-110.1,7.73
2026-06-01,20228,Northbrook Paper & Board,891.2,821.1,24.4656,24.8068,0.9278,0.9213,0.3236,0.2462,10.34,12.07,304.08,885.0,151.69,-63.55
2023-07-01,20229,Harlow Textile Group,1978.3,1968.4,10.184,10.1073,0.95,0.995,0.3947,0.4176,31.36,28.95,-151.74,2072.0,-954.24,45.08
2023-08-01,20229,Harlow Textile Group,1145.3,1106.6,10.184,10.4981,0.95,0.9662,0.3947,0.4199,14.62,16.27,359.74,1164.8,-198.59,27.89
2023-09-01,20229,Harlow Textile Group,3751.7,3672.0,10.184,10.1199,0.95,0.9788,0.3947,0.3359,48.16,54.0,-240.48,3865.3,-1156.9,-215.91
2023-10-01,20229,Harlow Textile Group,1152.9,1100.2,10.184,9.8527,0.95,0.9544,0.3947,0.3952,19.5,16.18,-381.96,1158.1,-52.96,0.55
2023-11-01,20229,Harlow Textile Group,3178.5,3162.6,10.184,9.6856,0.95,0.995,0.3947,0.3673,61.9,46.51,-1584.16,3329.1,-1533.71,-86.66
2024-01-01,20229,Harlow Textile Group,3053.9,2983.7,10.184,9.386,0.95,0.977,0.3947,0.344,34.24,43.88,-2437.01,3140.7,-883.97,-151.27
2024-02-01,20229,Harlow Textile Group,983.4,964.6,10.184,9.1753,0.95,0.981,0.3947,0.3528,14.02,14.19,-991.96,1015.4,-325.89,-40.42
2024-04-01,20229,Harlow Textile Group,498.9,491.0,10.184,9.758,0.95,0.9841,0.3947,0.4228,7.42,7.22,-212.53,516.8,-182.29,13.8
2024-05-01,20229,Harlow Textile Group,1462.6,1415.5,10.184,9.6759,0.95,0.9678,0.3947,0.4054,31.12,20.82,-743.15,1490.0,-279.04,15.15
2024-06-01,20229,Harlow Textile Group,1635.9,1626.8,10.184,9.9237,0.95,0.9944,0.3947,0.407,26.98,23.92,-425.82,1712.4,-779.08,20.01
2024-08-01,20229,Harlow Textile Group,3378.9,3102.3,9.8376,9.985,0.95,0.9181,0.3947,0.4206,48.17,45.62,498.05,3265.6,1114.6,80.35
2024-11-01,20229,Harlow Textile Group,3885.0,3682.3,9.8376,10.1188,0.95,0.9478,0.3947,0.4269,49.58,54.15,1092.46,3876.1,87.55,118.57
2024-12-01,20229,Harlow Textile Group,2167.6,2042.4,9.8376,9.3081,0.95,0.9422,0.3947,0.4615,24.27,30.04,-1147.74,2149.9,174.13,136.43
2025-01-01,20229,Harlow Textile Group,1729.1,1644.3,9.8376,9.5543,0.95,0.9509,0.3947,0.3457,20.35,24.18,-489.85,1730.8,-16.72,-80.57
2025-02-01,20229,Harlow Textile Group,1463.1,1367.7,9.8376,9.6548,0.95,0.9348,0.3947,0.4243,30.97,20.11,-267.45,1439.7,230.2,40.48
2025-03-01,20229,Harlow Textile Group,1595.8,1523.3,9.8376,10.0596,0.95,0.9546,0.3947,0.391,16.0,22.4,354.27,1603.5,-75.75,-5.64
2025-04-01,20229,Harlow Textile Group,3631.2,3462.1,9.8376,10.9023,0.95,0.9534,0.3947,0.3741,45.12,50.91,3866.14,3644.3,-128.87,-71.32
2025-06-01,20229,Harlow Textile Group,2514.0,2406.0,9.8376,11.9651,0.95,0.957,0.3947,0.4152,40.75,35.38,5348.53,2532.6,-182.98,49.32
2025-07-01,20229,Harlow Textile Group,1110.6,1073.7,12.3315,12.4785,0.95,0.9667,0.3947,0.4351,15.45,15.79,163.26,1130.2,-241.7,43.38
2025-08-01,20229,Harlow Textile Group,4530.9,4484.2,12.3315,12.1279,0.95,0.9897,0.3947,0.3434,65.35,65.94,-922.49,4720.2,-2334.35,-230.04
2025-09-01,20229,Harlow Textile Group,1596.0,1588.0,12.3315,12.3368,0.95,0.995,0.3947,0.4181,19.88,23.35,8.46,1671.6,-932.26,37.16
2025-12-01,20229,Harlow Textile Group,1836.5,1740.8,12.3315,12.3193,0.95,0.9479,0.3947,0.3586,20.38,25.6,-22.41,1832.4,50.56,-62.84
2026-01-01,20229,Harlow Textile Group,535.0,521.0,12.3315,12.6664,0.95,0.9737,0.3947,0.4074,8.8,7.66,179.17,548.4,-165.24,6.62
2026-03-01,20229,Harlow Textile Group,2118.8,1980.2,12.3315,13.0295,0.95,0.9346,0.3947,0.4211,38.17,29.12,1478.92,2084.4,424.2,52.28
2026-04-01,20229,Harlow Textile Group,933.7,893.1,12.3315,13.5663,0.95,0.9564,0.3947,0.3459,10.07,13.13,1152.93,940.1,-78.92,-43.58
2023-07-01,20230,Harlow Textile Group,3393.8,3284.7,18.1897,18.1276,0.9557,0.9679,0.2743,0.3081,58.27,48.31,-210.75,3437.0,-785.8,111.02
2023-09-01,20230,Harlow Textile Group,3458.2,3155.9,18.1897,16.7295,0.9557,0.9126,0.2743,0.2783,68.67,46.41,-5049.66,3302.2,2837.59,12.62
2023-10-01,20230,Harlow Textile Group,4766.3,4407.0,18.1897,15.9577,0.9557,0.9246,0.2743,0.2369,49.68,64.81,-10638.38,4611.3,2819.4,-164.82
2023-11-01,20230,Harlow Textile Group,2788.4,2569.4,18.1897,15.4093,0.9557,0.9214,0.2743,0.2983,26.96,37.78,-7752.87,2688.5,1817.15,61.67
2023-12-01,20230,Harlow Textile Group,1226.7,1125.6,18.1897,14.9896,0.9557,0.9176,0.2743,0.2862,16.41,16.55,-3925.56,1177.8,889.48,13.39
2024-01-01,20230,Harlow Textile Group,5901.6,5787.0,18.1897,15.6228,0.9557,0.9806,0.2743,0.3045,109.22,85.1,-15148.82,6055.2,-2793.94,174.77
2024-05-01,20230,Harlow Textile Group,4880.9,4765.1,18.1897,15.0266,0.9557,0.9763,0.2743,0.2487,70.69,70.07,-15438.77,4986.0,-1911.74,-121.99
2024-06-01,20230,Harlow Textile Group,2577.1,2452.4,18.1897,15.5307,0.9557,0.9516,0.2743,0.3109,60.62,36.07,-6852.51,2566.1,200.09,89.76
2024-07-01,20230,Harlow Textile Group,4957.5,4832.1,15.5728,15.5312,0.9557,0.9747,0.2743,0.3158,52.56,71.06,-206.23,5056.1,-1535.48,200.53
2024-08-01,20230,Harlow Textile Group,3042.1,2808.0,15.5728,16.3116,0.9557,0.923,0.2743,0.2353,51.36,41.29,2247.5,2938.2,1618.01,-109.51
2024-09-01,20230,Harlow Textile Group,2349.8,2260.1,15.5728,16.692,0.9557,0.9618,0.2743,0.2396,32.21,33.24,2629.9,2364.9,-235.15,-78.43
2024-10-01,20230,Harlow Textile Group,1767.6,1692.8,15.5728,15.8976,0.9557,0.9577,0.2743,0.303,17.84,24.89,574.12,1771.3,-57.62,48.58
2024-11-01,20230,Harlow Textile Group,1268.2,1202.5,15.5728,15.7388,0.9557,0.9482,0.2743,0.3297,21.29,17.68,210.52,1258.2,155.73,66.62
2024-12-01,20230,Harlow Textile Group,3778.4,3624.5,15.5728,15.593,0.9557,0.9593,0.2743,0.2298,66.36,53.3,76.32,3792.5,-219.58,-161.29
2025-01-01,20230,Harlow Textile Group,2745.1,2527.7,15.5728,15.0061,0.9557,0.9208,0.2743,0.2772,32.26,37.17,-1555.65,2644.9,1560.39,7.33
2025-02-01,20230,Harlow Textile Group,3012.6,2739.5,15.5728,14.3622,0.9557,0.9093,0.2743,0.2647,49.8,40.29,-3647.05,2866.5,2275.19,-26.3
2025-03-01,20230,Harlow Textile Group,7359.6,7068.0,15.5728,14.9125,0.9557,0.9604,0.2743,0.319,83.87,103.94,-4859.54,7395.6,-560.62,315.94
2025-04-01,20230,Harlow Textile Group,6379.8,6161.2,15.5728,14.8272,0.9557,0.9657,0.2743,0.2631,68.63,90.61,-4756.78,6446.8,-1043.38,-69.01
2025-05-01,20230,Harlow Textile Group,4280.2,3913.0,15.5728,14.5807,0.9557,0.9142,0.2743,0.3371,54.57,57.54,-4246.39,4094.4,2893.43,245.74
2025-06-01,20230,Harlow Textile Group,1298.2,1210.1,15.5728,14.4077,0.9557,0.9322,0.2743,0.3248,21.75,17.8,-1512.53,1266.2,498.33,61.11
2025-09-01,20230,Harlow Textile Group,4493.7,4273.4,13.7048,12.8126,0.9557,0.951,0.2743,0.2827,48.51,62.84,-4009.28,4471.5,304.25,35.9
2025-10-01,20230,Harlow Textile Group,3586.4,3356.4,13.7048,13.2565,0.9557,0.9359,0.2743,0.3111,65.35,49.36,-1607.78,3512.0,1019.64,123.52
2025-11-01,20230,Harlow Textile Group,2995.9,2885.1,13.7048,13.5421,0.9557,0.963,0.2743,0.2758,32.3,42.43,-487.43,3018.8,-313.84,4.33
2025-12-01,20230,Harlow Textile Group,3280.2,3108.2,13.7048,13.008,0.9557,0.9476,0.2743,0.2402,64.46,45.71,-2285.64,3252.3,382.36,-105.99
2026-02-01,20230,Harlow Textile Group,2554.6,2507.6,13.7048,14.0413,0.9557,0.9816,0.2743,0.2946,34.39,36.88,859.62,2623.8,-948.37,50.9
2026-04-01,20230,Harlow Textile Group,4828.6,4786.9,13.7048,15.1626,0.9557,0.9914,0.2743,0.2652,52.64,70.4,7039.13,5008.8,-2469.6,-43.56
2026-05-01,20230,Harlow Textile Group,3679.1,3659.0,13.7048,15.5834,0.9557,0.9945,0.2743,0.2824,61.86,53.81,6911.56,3828.6,-2048.87,29.64
2026-06-01,20230,Harlow Textile Group,3210.6,3194.5,13.7048,16.1484,0.9557,0.995,0.2743,0.2961,53.06,46.98,7845.42,3342.6,-1809.03,69.64
2023-07-01,20231,Shenzhen Kaiyuan Electronics,7762.5,7012.7,24.4596,24.7909,0.9029,0.9034,0.2539,0.2583,130.72,103.13,2571.72,7766.9,-107.62,30.86
2023-08-01,20231,Shenzhen Kaiyuan Electronics,16271.7,14456.4,24.4596,23.9043,0.9029,0.8884,0.2539,0.2598,214.44,212.59,-9035.68,16011.1,6374.17,85.29
2023-09-01,20231,Shenzhen Kaiyuan Electronics,8690.6,8079.5,24.4596,24.332,0.9029,0.9297,0.2539,0.2682,89.29,118.82,-1108.92,8948.4,-6305.68,115.54
2023-11-01,20231,Shenzhen Kaiyuan Electronics,15878.4,15063.5,24.4596,24.5077,0.9029,0.9487,0.2539,0.2438,194.93,221.52,763.75,16683.5,-19692.42,-152.14
2024-02-01,20231,Shenzhen Kaiyuan Electronics,5176.0,4847.4,24.4596,21.8002,0.9029,0.9365,0.2539,0.2966,91.24,71.29,-13765.05,5368.7,-4713.36,206.98
2024-03-01,20231,Shenzhen Kaiyuan Electronics,7424.5,6804.4,24.4596,21.1827,0.9029,0.9165,0.2539,0.239,159.31,100.06,-24329.34,7536.2,-2732.14,-101.39
2024-04-01,20231,Shenzhen Kaiyuan Electronics,19578.6,18198.1,24.4596,21.2911,0.9029,0.9295,0.2539,0.231,216.62,267.62,-62034.79,20155.2,-14103.41,-416.74
2024-05-01,20231,Shenzhen Kaiyuan Electronics,21911.9,19070.2,24.4596,21.483,0.9029,0.8703,0.2539,0.2635,216.85,280.44,-65222.96,21121.1,19342.65,183.07
2024-06-01,20231,Shenzhen Kaiyuan Electronics,13476.7,11989.4,24.4596,21.3016,0.9029,0.8896,0.2539,0.2571,144.33,176.31,-42559.42,13278.8,4840.55,38.37
2024-07-01,20231,Shenzhen Kaiyuan Electronics,8599.1,7730.8,21.046,21.1773,0.9029,0.899,0.2539,0.3355,84.33,113.69,1129.06,8562.2,776.6,630.83
2024-08-01,20231,Shenzhen Kaiyuan Electronics,7201.2,6710.5,21.046,21.2468,0.9029,0.9319,0.2539,0.2505,81.34,98.68,1446.0,7432.2,-4861.63,-22.82
2024-09-01,20231,Shenzhen Kaiyuan Electronics,12855.2,11483.2,21.046,21.4987,0.9029,0.8933,0.2539,0.2325,231.47,168.87,5819.55,12718.1,2885.41,-245.74
2024-10-01,20231,Shenzhen Kaiyuan Electronics,8127.0,7305.8,21.046,22.012,0.9029,0.899,0.2539,0.2563,103.28,107.44,7850.68,8091.5,747.13,17.53
2024-11-01,20231,Shenzhen Kaiyuan Electronics,5650.1,5052.8,21.046,22.3355,0.9029,0.8943,0.2539,0.2752,77.42,74.31,7285.8,5596.2,1134.38,107.62
2025-01-01,20231,Shenzhen Kaiyuan Electronics,14878.3,13559.0,21.046,21.8522,0.9029,0.9113,0.2539,0.2383,252.78,199.4,11994.89,15017.2,-2923.29,-211.52
2025-02-01,20231,Shenzhen Kaiyuan Electronics,4017.7,3598.0,21.046,20.7654,0.9029,0.8956,0.2539,0.2586,69.67,52.91,-1127.37,3984.9,690.31,16.91
2025-03-01,20231,Shenzhen Kaiyuan Electronics,12142.2,10780.6,21.046,19.9713,0.9029,0.8879,0.2539,0.309,117.12,158.54,-13049.22,11940.0,4255.5,594.01
2025-04-01,20231,Shenzhen Kaiyuan Electronics,2720.4,2513.4,21.046,19.0919,0.9029,0.9239,0.2539,0.2728,46.51,36.96,-5315.93,2783.7,-1332.21,47.5
2025-05-01,20231,Shenzhen Kaiyuan Electronics,5336.8,4952.1,21.046,18.1408,0.9029,0.9279,0.2539,0.2755,89.56,72.83,-15504.47,5484.7,-3112.7,106.97
2025-06-01,20231,Shenzhen Kaiyuan Electronics,5863.3,5424.7,21.046,18.0998,0.9029,0.9252,0.2539,0.2457,120.07,79.77,-17274.45,6008.1,-3047.46,-44.48
2025-09-01,20231,Shenzhen Kaiyuan Electronics,3381.5,2992.2,18.2448,18.0776,0.9029,0.8849,0.2539,0.2708,38.85,44.0,-565.39,3314.0,1231.52,50.57
2025-10-01,20231,Shenzhen Kaiyuan Electronics,15987.1,13751.7,18.2448,18.4668,0.9029,0.8602,0.2539,0.279,176.91,202.23,3549.14,15230.6,13802.19,345.17
2025-11-01,20231,Shenzhen Kaiyuan Electronics,9335.2,8458.9,18.2448,18.1139,0.9029,0.9061,0.2539,0.2414,222.03,124.4,-1221.98,9368.6,-609.38,-105.74
2025-12-01,20231,Shenzhen Kaiyuan Electronics,10565.5,9502.2,18.2448,17.774,0.9029,0.8994,0.2539,0.2434,165.09,139.74,-4974.24,10524.1,755.33,-99.77
2026-01-01,20231,Shenzhen Kaiyuan Electronics,13265.6,11561.5,18.2448,16.5251,0.9029,0.8715,0.2539,0.3034,288.86,170.02,-22812.85,12804.9,8405.38,572.29
2026-02-01,20231,Shenzhen Kaiyuan Electronics,8499.4,7622.9,18.2448,15.3704,0.9029,0.8969,0.2539,0.2867,82.16,112.1,-24430.68,8442.7,1034.48,250.03
2026-03-01,20231,Shenzhen Kaiyuan Electronics,4550.1,4124.4,18.2448,14.7548,0.9029,0.9064,0.2539,0.25,95.75,60.65,-15879.85,4567.9,-324.76,-16.09
2026-05-01,20231,Shenzhen Kaiyuan Electronics,5701.3,5437.5,18.2448,14.5808,0.9029,0.9537,0.2539,0.2641,91.86,79.96,-20889.56,6022.3,-5856.58,55.46
2026-06-01,20231,Shenzhen Kaiyuan Electronics,7155.1,6783.0,18.2448,14.8336,0.9029,0.948,0.2539,0.269,107.79,99.75,-24407.48,7512.5,-6520.69,102.42
2023-08-01,20232,Cascadia Pet Products,1385.8,1126.8,26.651,26.4071,0.818,0.8132,0.3812,0.3619,14.66,16.57,-338.0,1377.5,221.2,-21.75
2023-09-01,20232,Cascadia Pet Products,1548.0,1292.6,26.651,28.3354,0.818,0.835,0.3812,0.4099,32.9,19.01,2607.45,1580.2,-858.16,37.1
2023-10-01,20232,Cascadia Pet Products,2484.2,2060.7,26.651,27.1763,0.818,0.8295,0.3812,0.4431,25.05,30.3,1304.95,2519.2,-932.78,127.56
2023-11-01,20232,Cascadia Pet Products,2391.8,2003.9,26.651,25.782,0.818,0.8378,0.3812,0.3749,44.75,29.47,-2078.47,2449.8,-1545.76,-12.62
2023-12-01,20232,Cascadia Pet Products,1707.3,1403.4,26.651,25.4465,0.818,0.822,0.3812,0.4322,20.23,20.64,-2056.44,1715.6,-221.2,71.57
2024-03-01,20232,Cascadia Pet Products,673.3,565.3,26.651,23.8352,0.818,0.8395,0.3812,0.4507,7.5,8.31,-1895.88,691.1,-474.39,39.29
2024-04-01,20232,Cascadia Pet Products,1691.7,1414.3,26.651,22.2685,0.818,0.8361,0.3812,0.3822,22.76,20.8,-7413.88,1729.0,-994.08,1.41
2024-05-01,20232,Cascadia Pet Products,1170.9,961.9,26.651,21.8321,0.818,0.8215,0.3812,0.4138,11.05,14.15,-5642.45,1175.9,-133.26,31.36
2024-06-01,20232,Cascadia Pet Products,1740.3,1463.5,26.651,20.5062,0.818,0.841,0.3812,0.428,31.35,21.52,-10693.8,1789.1,-1300.57,68.49
2024-07-01,20232,Cascadia Pet Products,1895.0,1536.0,20.3416,20.416,0.818,0.8105,0.3812,0.3622,19.32,22.59,140.99,1877.8,349.88,-29.18
2024-08-01,20232,Cascadia Pet Products,683.7,548.5,20.3416,20.6432,0.818,0.8023,0.3812,0.4074,6.59,8.07,206.2,670.5,268.51,14.37
2024-09-01,20232,Cascadia Pet Products,2669.5,2165.4,20.3416,21.0206,0.818,0.8112,0.3812,0.4135,37.31,31.84,1812.59,2647.2,453.62,69.94
2024-10-01,20232,Cascadia Pet Products,674.3,530.1,20.3416,21.0535,0.818,0.7862,0.3812,0.3674,7.66,7.8,480.03,648.0,534.98,-7.32
2024-11-01,20232,Cascadia Pet Products,1484.0,1166.7,20.3416,22.4627,0.818,0.7861,0.3812,0.3781,13.89,17.16,3147.71,1426.3,1173.71,-3.62
2024-12-01,20232,Cascadia Pet Products,666.0,532.9,20.3416,22.7563,0.818,0.8003,0.3812,0.404,7.22,7.84,1608.19,651.5,294.95,12.15
2025-02-01,20232,Cascadia Pet Products,1087.5,876.4,20.3416,22.9373,0.818,0.8059,0.3812,0.4061,13.85,12.89,2822.82,1071.4,327.5,21.82
2025-06-01,20232,Cascadia Pet Products,1740.9,1485.1,20.3416,22.4207,0.818,0.8531,0.3812,0.4366,18.51,21.84,3619.51,1815.5,-1517.48,82.27
2025-07-01,20232,Cascadia Pet Products,1147.8,900.1,22.3991,22.5553,0.818,0.7842,0.3812,0.3503,13.66,13.24,179.29,1100.4,1061.72,-27.81
2025-08-01,20232,Cascadia Pet Products,1224.4,951.2,22.3991,23.4507,0.818,0.7768,0.3812,0.4198,15.57,13.99,1287.58,1162.8,1379.78,36.72
2025-09-01,20232,Cascadia Pet Products,543.0,441.7,22.3991,22.9628,0.818,0.8135,0.3812,0.3939,6.37,6.5,306.09,540.0,67.2,5.61
2025-11-01,20232,Cascadia Pet Products,1291.7,1083.4,22.3991,22.4286,0.818,0.8387,0.3812,0.3697,15.17,15.93,38.11,1324.4,-732.45,-12.46
2025-12-01,20232,Cascadia Pet Products,983.9,818.9,22.3991,22.0327,0.818,0.8324,0.3812,0.3922,14.09,12.04,-360.5,1001.1,-385.26,9.01
2026-03-01,20232,Cascadia Pet Products,322.3,268.2,22.3991,17.4164,0.818,0.8319,0.3812,0.4482,3.69,3.94,-1605.92,327.9,-125.43,17.97
2026-05-01,20232,Cascadia Pet Products,1105.1,893.2,22.3991,17.2042,0.818,0.8083,0.3812,0.3735,12.51,13.14,-5740.88,1091.9,295.67,-6.88
2023-07-01,20233,Meridian Private Label,90.4,86.2,28.3878,28.2909,0.9374,0.9536,0.337,0.3113,1.47,1.27,-8.76,92.0,-45.42,-2.22
2023-09-01,20233,Meridian Private Label,151.0,146.6,28.3878,25.9744,0.9374,0.9714,0.337,0.3514,1.56,2.16,-364.42,156.4,-153.29,2.11
2023-10-01,20233,Meridian Private Label,154.6,139.9,28.3878,26.388,0.9374,0.9045,0.337,0.3866,1.9,2.06,-309.17,149.2,153.29,6.94
2023-11-01,20233,Meridian Private Label,257.0,236.8,28.3878,25.0926,0.9374,0.9213,0.337,0.384,4.4,3.48,-846.87,252.6,124.91,11.13
2023-12-01,20233,Meridian Private Label,141.1,131.0,28.3878,24.7056,0.9374,0.9287,0.337,0.3246,2.27,1.93,-519.56,139.7,39.74,-1.62
2024-01-01,20233,Meridian Private Label,173.3,161.6,28.3878,25.6958,0.9374,0.9325,0.337,0.3496,2.74,2.38,-466.52,172.4,25.55,2.04
2024-02-01,20233,Meridian Private Label,367.7,329.9,28.3878,25.5695,0.9374,0.8972,0.337,0.3992,6.79,4.85,-1036.29,351.9,448.53,20.52
2024-03-01,20233,Meridian Private Label,191.5,178.6,28.3878,26.4987,0.9374,0.9326,0.337,0.3324,2.25,2.63,-361.76,190.5,28.39,-0.82
2024-05-01,20233,Meridian Private Label,122.2,115.7,28.3878,26.8597,0.9374,0.9464,0.337,0.3245,1.24,1.7,-186.73,123.4,-34.07,-1.45
2024-06-01,20233,Meridian Private Label,104.3,95.8,28.3878,27.0664,0.9374,0.9183,0.337,0.3026,1.9,1.41,-137.82,102.2,59.61,-3.3
2024-07-01,20233,Meridian Private Label,178.9,162.1,26.8281,26.9398,0.9374,0.9062,0.337,0.4143,2.23,2.38,19.98,172.9,160.97,12.53
2024-08-01,20233,Meridian Private Label,193.4,178.8,26.8281,27.0293,0.9374,0.9246,0.337,0.3608,1.88,2.63,38.91,190.7,72.44,4.26
2024-09-01,20233,Meridian Private Label,375.6,357.2,26.8281,28.1518,0.9374,0.951,0.337,0.3858,4.37,5.25,497.18,381.1,-147.55,17.43
2024-10-01,20233,Meridian Private Label,156.3,145.2,26.8281,28.21,0.9374,0.9289,0.337,0.3417,1.85,2.14,215.99,154.9,37.56,0.68
2024-11-01,20233,Meridian Private Label,208.6,197.0,26.8281,25.832,0.9374,0.9445,0.337,0.3622,2.37,2.9,-207.79,210.2,-42.92,4.96
2024-12-01,20233,Meridian Private Label,172.1,164.6,26.8281,25.3859,0.9374,0.9561,0.337,0.3117,3.9,2.42,-248.2,175.6,-93.9,-4.16
2025-01-01,20233,Meridian Private Label,380.2,353.4,26.8281,23.962,0.9374,0.9296,0.337,0.4071,7.74,5.2,-1089.69,377.0,85.85,24.77
2025-02-01,20233,Meridian Private Label,689.4,622.3,26.8281,24.4643,0.9374,0.9027,0.337,0.4022,6.75,9.15,-1629.6,663.9,684.12,40.57
2025-03-01,20233,Meridian Private Label,261.4,239.5,26.8281,25.8091,0.9374,0.9164,0.337,0.3632,5.77,3.52,-266.37,255.5,158.29,6.27
2025-04-01,20233,Meridian Private Label,739.1,690.0,26.8281,25.9684,0.9374,0.9336,0.337,0.3892,10.52,10.15,-635.4,736.1,80.48,36.02
2025-05-01,20233,Meridian Private Label,100.5,96.7,26.8281,26.7421,0.9374,0.9618,0.337,0.3418,1.5,1.42,-8.64,103.2,-72.44,0.46
2025-07-01,20233,Meridian Private Label,373.5,345.7,24.5627,24.8062,0.9374,0.9255,0.337,0.3796,3.94,5.08,90.95,368.8,115.44,14.73
2025-08-01,20233,Meridian Private Label,157.0,144.9,24.5627,24.4879,0.9374,0.9231,0.337,0.3166,1.57,2.13,-11.74,154.6,58.95,-2.96
2025-09-01,20233,Meridian Private Label,174.1,160.6,24.5627,21.6974,0.9374,0.9225,0.337,0.3069,1.99,2.36,-498.85,171.3,68.78,-4.83
2025-10-01,20233,Meridian Private Label,109.1,100.4,24.5627,21.8571,0.9374,0.9199,0.337,0.4074,1.11,1.48,-295.18,107.1,49.13,7.07
2025-12-01,20233,Meridian Private Label,201.3,189.1,24.5627,22.9465,0.9374,0.9392,0.337,0.348,2.66,2.78,-325.34,201.7,-9.83,2.08
2026-01-01,20233,Meridian Private Label,340.3,320.9,24.5627,23.4194,0.9374,0.9429,0.337,0.3212,5.12,4.72,-389.06,342.3,-49.13,-5.07
2026-02-01,20233,Meridian Private Label,144.5,139.1,24.5627,23.2318,0.9374,0.9628,0.337,0.3243,1.49,2.05,-192.32,148.4,-95.79,-1.77
2026-04-01,20233,Meridian Private Label,291.9,276.4,24.5627,25.307,0.9374,0.9466,0.337,0.3402,5.22,4.06,217.26,294.9,-73.69,0.88
2026-05-01,20233,Meridian Private Label,194.2,180.7,24.5627,26.2208,0.9374,0.9303,0.337,0.3615,2.23,2.66,322.0,192.8,34.39,4.43
2026-06-01,20233,Meridian Private Label,183.4,177.7,24.5627,25.253,0.9374,0.9686,0.337,0.3696,3.73,2.61,126.6,189.6,-152.29,5.79
2023-07-01,20234,Cascadia Pet Products,305.6,289.5,19.9659,20.0061,0.9486,0.9474,0.3591,0.3391,4.09,4.26,12.29,305.2,7.99,-5.79
2023-08-01,20234,Cascadia Pet Products,490.8,466.1,19.9659,21.3113,0.9486,0.9496,0.3591,0.3244,8.23,6.85,660.32,491.4,-11.98,-16.17
2023-09-01,20234,Cascadia Pet Products,1110.1,1010.7,19.9659,21.8463,0.9486,0.9104,0.3591,0.3795,18.34,14.86,2087.43,1065.5,890.48,20.62
2023-11-01,20234,Cascadia Pet Products,153.2,147.2,19.9659,21.7585,0.9486,0.9606,0.3591,0.418,2.37,2.16,274.63,155.2,-39.93,8.67
2023-12-01,20234,Cascadia Pet Products,257.5,251.7,19.9659,21.0913,0.9486,0.9775,0.3591,0.3991,2.69,3.7,289.79,265.3,-155.73,10.07
2024-01-01,20234,Cascadia Pet Products,571.6,540.8,19.9659,20.412,0.9486,0.9461,0.3591,0.4088,5.69,7.95,254.99,570.1,29.95,26.88
2024-02-01,20234,Cascadia Pet Products,245.0,239.8,19.9659,20.5984,0.9486,0.9788,0.3591,0.3724,2.77,3.53,154.96,252.8,-155.73,3.19
2024-03-01,20234,Cascadia Pet Products,246.7,241.6,19.9659,20.2982,0.9486,0.9793,0.3591,0.3846,6.04,3.55,81.98,254.7,-159.73,6.16
2024-05-01,20234,Cascadia Pet Products,134.2,125.5,19.9659,21.0418,0.9486,0.9352,0.3591,0.4146,2.33,1.85,144.39,132.3,37.94,6.97
2024-06-01,20234,Cascadia Pet Products,553.9,512.4,19.9659,20.504,0.9486,0.9251,0.3591,0.3954,6.19,7.54,298.05,540.2,273.53,18.6
2024-09-01,20234,Cascadia Pet Products,262.2,232.3,20.0362,16.9516,0.9486,0.8858,0.3591,0.3113,2.44,3.42,-808.78,244.9,346.63,-11.1
2024-10-01,20234,Cascadia Pet Products,448.4,397.7,20.0362,17.1537,0.9486,0.887,0.3591,0.3921,6.57,5.85,-1292.51,419.2,585.06,13.12
2025-01-01,20234,Cascadia Pet Products,238.2,229.3,20.0362,16.4566,0.9486,0.9628,0.3591,0.391,3.41,3.37,-852.66,241.7,-70.13,7.31
2025-02-01,20234,Cascadia Pet Products,509.3,473.1,20.0362,16.7292,0.9486,0.9289,0.3591,0.3538,5.19,6.96,-1684.26,498.7,212.38,-2.51
2025-03-01,20234,Cascadia Pet Products,240.2,232.8,20.0362,16.8077,0.9486,0.9694,0.3591,0.3798,3.28,3.42,-775.49,245.4,-104.19,4.82
2025-05-01,20234,Cascadia Pet Products,427.7,420.5,20.0362,16.7527,0.9486,0.983,0.3591,0.3934,8.22,6.18,-1404.35,443.3,-312.56,14.42
2025-06-01,20234,Cascadia Pet Products,335.2,319.9,20.0362,16.5907,0.9486,0.9544,0.3591,0.3783,6.33,4.7,-1154.93,337.2,-40.07,6.14
2025-08-01,20234,Cascadia Pet Products,463.6,427.7,16.7663,16.7121,0.9486,0.9226,0.3591,0.3685,5.57,6.29,-25.13,450.9,212.93,4.02
2025-09-01,20234,Cascadia Pet Products,390.5,353.6,16.7663,17.7733,0.9486,0.9056,0.3591,0.3912,6.35,5.2,393.23,372.8,296.76,11.35
2025-12-01,20234,Cascadia Pet Products,381.8,350.5,16.7663,19.3202,0.9486,0.918,0.3591,0.3499,4.58,5.15,975.08,369.5,206.23,-3.22
2026-01-01,20234,Cascadia Pet Products,159.4,149.4,16.7663,21.055,0.9486,0.9372,0.3591,0.3494,1.59,2.2,683.62,157.5,31.86,-1.45
2026-02-01,20234,Cascadia Pet Products,243.2,223.2,16.7663,21.7949,0.9486,0.9178,0.3591,0.398,2.98,3.28,1222.96,235.3,132.45,8.68
2026-03-01,20234,Cascadia Pet Products,1074.5,992.2,16.7663,21.2295,0.9486,0.9235,0.3591,0.4019,12.35,14.59,4795.71,1046.0,477.84,42.47
2026-04-01,20234,Cascadia Pet Products,807.5,762.1,16.7663,21.5191,0.9486,0.9438,0.3591,0.4366,13.75,11.21,3837.89,803.4,68.74,59.06
2026-05-01,20234,Cascadia Pet Products,806.2,745.5,16.7663,22.313,0.9486,0.9248,0.3591,0.3348,17.07,10.96,4471.75,785.9,340.36,-18.12
2023-07-01,20235,Shenzhen Kaiyuan Electronics,334.8,330.7,43.8367,43.6613,0.995,0.9879,0.7444,0.7721,7.81,4.86,-58.72,332.4,105.21,9.16
2023-09-01,20235,Shenzhen Kaiyuan Electronics,675.2,671.8,43.8367,43.4162,0.995,0.995,0.7444,0.7644,10.78,9.88,-283.92,675.2,0.0,13.44
2023-10-01,20235,Shenzhen Kaiyuan Electronics,2080.8,2070.4,43.8367,43.6601,0.995,0.995,0.7444,0.7753,24.93,30.45,-367.47,2080.8,0.0,63.98
2023-11-01,20235,Shenzhen Kaiyuan Electronics,1059.9,1054.6,43.8367,44.6355,0.995,0.995,0.7444,0.7936,11.21,15.51,846.65,1059.9,0.0,51.89
2023-12-01,20235,Shenzhen Kaiyuan Electronics,1104.3,1053.6,43.8367,43.4233,0.995,0.9541,0.7444,0.6339,11.92,15.49,-456.52,1058.9,1990.19,-116.42
2024-01-01,20235,Shenzhen Kaiyuan Electronics,1187.8,1140.2,43.8367,43.439,0.995,0.9599,0.7444,0.8167,14.45,16.77,-472.39,1145.9,1836.76,82.44
2024-02-01,20235,Shenzhen Kaiyuan Electronics,600.7,562.5,43.8367,43.5289,0.995,0.9365,0.7444,0.7013,7.89,8.27,-184.9,565.3,1551.82,-24.24
2024-05-01,20235,Shenzhen Kaiyuan Electronics,509.3,492.8,43.8367,47.2121,0.995,0.9675,0.7444,0.9325,6.56,7.25,1719.09,495.3,613.71,92.7
2024-06-01,20235,Shenzhen Kaiyuan Electronics,1018.8,1013.7,43.8367,48.8648,0.995,0.995,0.7444,0.7752,12.5,14.91,5122.63,1018.8,0.0,31.22
2024-07-01,20235,Shenzhen Kaiyuan Electronics,518.5,515.9,48.6907,48.1879,0.995,0.995,0.7444,0.7893,10.62,7.59,-260.7,518.5,0.0,23.16
2024-08-01,20235,Shenzhen Kaiyuan Electronics,1513.7,1506.2,48.6907,47.159,0.995,0.995,0.7444,0.851,22.03,22.15,-2318.53,1513.8,-4.87,160.56
2024-09-01,20235,Shenzhen Kaiyuan Electronics,1544.6,1536.9,48.6907,48.4899,0.995,0.995,0.7444,0.8429,21.32,22.6,-310.16,1544.6,0.0,151.38
2024-11-01,20235,Shenzhen Kaiyuan Electronics,1232.8,1158.5,48.6907,46.607,0.995,0.9398,0.7444,0.725,14.52,17.04,-2568.79,1164.3,3335.31,-22.47
2024-12-01,20235,Shenzhen Kaiyuan Electronics,1781.1,1709.1,48.6907,48.4845,0.995,0.9595,0.7444,0.6406,44.0,25.13,-367.26,1717.7,3086.99,-177.4
2025-01-01,20235,Shenzhen Kaiyuan Electronics,1173.8,1127.2,48.6907,51.6995,0.995,0.9603,0.7444,0.7685,28.93,16.58,3531.73,1132.9,1991.45,27.17
2025-02-01,20235,Shenzhen Kaiyuan Electronics,840.1,813.8,48.6907,51.4166,0.995,0.9687,0.7444,0.7857,19.8,11.97,2290.03,817.9,1080.93,33.61
2025-03-01,20235,Shenzhen Kaiyuan Electronics,1648.7,1618.7,48.6907,52.0973,0.995,0.9818,0.7444,0.7417,20.42,23.8,5616.46,1626.8,1066.33,-4.37
2025-06-01,20235,Shenzhen Kaiyuan Electronics,1104.8,1099.3,48.6907,47.7189,0.995,0.995,0.7444,0.7449,20.35,16.17,-1073.64,1104.8,0.0,0.55
2025-07-01,20235,Shenzhen Kaiyuan Electronics,1068.8,1063.4,46.3552,46.4787,0.995,0.995,0.7444,0.7088,24.68,15.64,132.0,1068.7,4.64,-37.86
2025-08-01,20235,Shenzhen Kaiyuan Electronics,1703.9,1695.4,46.3552,44.1464,0.995,0.995,0.7444,0.7549,26.55,24.93,-3763.57,1703.9,0.0,17.8
2025-09-01,20235,Shenzhen Kaiyuan Electronics,1110.4,1104.9,46.3552,46.8033,0.995,0.995,0.7444,0.8126,12.52,16.25,497.57,1110.5,-4.64,75.35
2025-10-01,20235,Shenzhen Kaiyuan Electronics,1603.9,1595.8,46.3552,44.1226,0.995,0.995,0.7444,0.8091,23.97,23.47,-3580.87,1603.8,4.64,103.25
2025-11-01,20235,Shenzhen Kaiyuan Electronics,599.4,596.4,46.3552,43.3618,0.995,0.995,0.7444,0.8097,12.18,8.77,-1794.24,599.4,0.0,38.94
2025-12-01,20235,Shenzhen Kaiyuan Electronics,1699.2,1690.7,46.3552,45.423,0.995,0.995,0.7444,0.7365,22.0,24.86,-1583.99,1699.2,0.0,-13.36
2026-01-01,20235,Shenzhen Kaiyuan Electronics,507.0,504.4,46.3552,46.961,0.995,0.995,0.7444,0.7177,11.15,7.42,307.14,506.9,4.64,-13.47
2026-02-01,20235,Shenzhen Kaiyuan Electronics,967.7,962.9,46.3552,44.3827,0.995,0.995,0.7444,0.7311,10.5,14.16,-1908.79,967.7,0.0,-12.81
2026-03-01,20235,Shenzhen Kaiyuan Electronics,601.9,598.9,46.3552,45.0131,0.995,0.995,0.7444,0.7157,8.46,8.81,-807.81,601.9,0.0,-17.19
2026-04-01,20235,Shenzhen Kaiyuan Electronics,805.1,801.1,46.3552,43.0253,0.995,0.995,0.7444,0.7874,9.7,11.78,-2680.9,805.1,0.0,34.45
2026-05-01,20235,Shenzhen Kaiyuan Electronics,1312.7,1306.1,46.3552,41.2381,0.995,0.995,0.7444,0.7408,18.65,19.21,-6717.22,1312.7,0.0,-4.7
2026-06-01,20235,Shenzhen Kaiyuan Electronics,2204.6,2190.2,46.3552,39.5615,0.995,0.9934,0.7444,0.8666,23.51,32.21,-14977.39,2201.2,157.61,267.64
2023-07-01,20236,Cascadia Pet Products,725.8,626.9,30.2694,30.2752,0.8893,0.8637,0.4049,0.3471,15.58,9.22,4.21,704.9,632.63,-36.23
2023-08-01,20236,Cascadia Pet Products,259.9,222.7,30.2694,30.9679,0.8893,0.8566,0.4049,0.4827,2.91,3.27,181.54,250.4,287.56,17.33
2023-09-01,20236,Cascadia Pet Products,257.7,225.5,30.2694,30.8601,0.8893,0.8751,0.4049,0.3655,4.12,3.32,152.22,253.6,124.1,-8.88
2023-12-01,20236,Cascadia Pet Products,161.7,141.2,30.2694,30.309,0.8893,0.8731,0.4049,0.4007,2.82,2.08,6.4,158.8,87.78,-0.59
2024-01-01,20236,Cascadia Pet Products,590.3,525.3,30.2694,27.7464,0.8893,0.8899,0.4049,0.4433,10.04,7.73,-1489.33,590.7,-12.11,20.17
2024-02-01,20236,Cascadia Pet Products,366.4,336.9,30.2694,27.0107,0.8893,0.9197,0.4049,0.364,3.7,4.96,-1193.99,378.8,-375.34,-13.78
2024-04-01,20236,Cascadia Pet Products,422.1,374.5,30.2694,24.1817,0.8893,0.8872,0.4049,0.4479,6.33,5.51,-2569.62,421.1,30.27,16.1
2024-05-01,20236,Cascadia Pet Products,679.7,610.9,30.2694,25.0199,0.8893,0.8988,0.4049,0.4261,6.64,8.98,-3568.09,686.9,-217.94,12.95
2024-06-01,20236,Cascadia Pet Products,472.3,414.4,30.2694,23.4319,0.8893,0.8774,0.4049,0.368,4.33,6.09,-3229.35,466.0,190.7,-15.29
2024-07-01,20236,Cascadia Pet Products,466.9,412.9,24.3073,24.1939,0.8893,0.8842,0.4049,0.3945,4.94,6.07,-52.95,464.3,63.2,-4.29
2024-08-01,20236,Cascadia Pet Products,802.6,712.4,24.3073,24.968,0.8893,0.8875,0.4049,0.4417,13.26,10.48,530.28,801.1,36.46,26.22
2024-09-01,20236,Cascadia Pet Products,658.0,577.4,24.3073,24.9392,0.8893,0.8774,0.4049,0.4513,7.37,8.49,415.79,649.3,211.47,26.79
2025-01-01,20236,Cascadia Pet Products,518.4,461.2,24.3073,24.2773,0.8893,0.8897,0.4049,0.4116,7.08,6.78,-15.55,518.6,-4.86,3.09
2025-02-01,20236,Cascadia Pet Products,383.4,334.6,24.3073,23.5509,0.8893,0.8727,0.4049,0.4404,6.43,4.92,-290.0,376.3,172.58,11.88
2025-03-01,20236,Cascadia Pet Products,1385.5,1231.1,24.3073,23.9771,0.8893,0.8886,0.4049,0.3888,17.9,18.1,-457.49,1384.3,29.17,-19.82
2025-04-01,20236,Cascadia Pet Products,335.5,306.2,24.3073,24.4357,0.8893,0.9127,0.4049,0.47,3.32,4.5,43.08,344.3,-213.9,19.93
2025-05-01,20236,Cascadia Pet Products,892.5,783.0,24.3073,23.8506,0.8893,0.8773,0.4049,0.4074,17.19,11.52,-407.6,880.5,291.69,1.96
2025-06-01,20236,Cascadia Pet Products,333.3,296.6,24.3073,23.2054,0.8893,0.8897,0.4049,0.4502,3.46,4.36,-367.26,333.5,-4.86,13.44
2025-07-01,20236,Cascadia Pet Products,411.6,374.1,23.3892,23.4089,0.8893,0.9087,0.4049,0.4337,5.39,5.5,8.11,420.7,-212.84,10.77
2025-08-01,20236,Cascadia Pet Products,861.1,763.6,23.3892,24.2741,0.8893,0.8869,0.4049,0.4564,19.31,11.23,761.99,858.7,56.13,39.33
2025-09-01,20236,Cascadia Pet Products,340.5,307.3,23.3892,23.1697,0.8893,0.9023,0.4049,0.3878,5.97,4.52,-74.74,345.6,-119.28,-5.25
2025-10-01,20236,Cascadia Pet Products,711.7,670.9,23.3892,22.3224,0.8893,0.9426,0.4049,0.3683,9.84,9.87,-759.24,754.4,-998.72,-24.55
2025-11-01,20236,Cascadia Pet Products,343.0,320.3,23.3892,22.2049,0.8893,0.9337,0.4049,0.3931,5.52,4.71,-406.21,360.2,-402.29,-3.78
2025-12-01,20236,Cascadia Pet Products,598.9,556.2,23.3892,22.2557,0.8893,0.9288,0.4049,0.4539,12.31,8.18,-678.85,625.4,-619.81,27.25
2026-01-01,20236,Cascadia Pet Products,230.4,214.4,23.3892,21.8755,0.8893,0.9304,0.4049,0.4299,2.41,3.15,-348.76,241.1,-250.26,5.36
2026-02-01,20236,Cascadia Pet Products,486.3,445.3,23.3892,21.0488,0.8893,0.9156,0.4049,0.4126,8.18,6.55,-1138.14,500.7,-336.8,3.43
2026-03-01,20236,Cascadia Pet Products,387.0,359.3,23.3892,21.4542,0.8893,0.9284,0.4049,0.421,6.02,5.28,-748.84,404.0,-397.62,5.78
2026-05-01,20236,Cascadia Pet Products,594.3,535.9,23.3892,20.7574,0.8893,0.9018,0.4049,0.453,8.87,7.88,-1564.08,602.6,-194.13,25.78
2026-06-01,20236,Cascadia Pet Products,291.8,267.2,23.3892,21.9045,0.8893,0.9157,0.4049,0.4245,4.97,3.93,-433.24,300.5,-203.49,5.24
2023-07-01,20237,Guangzhou Vantage Industrial,960.6,892.4,49.0825,49.1468,0.9235,0.9291,0.459,0.505,20.83,13.12,61.77,966.3,-279.77,41.05
2023-08-01,20237,Guangzhou Vantage Industrial,1513.5,1405.8,49.0825,50.2152,0.9235,0.9288,0.459,0.4405,27.3,20.67,1714.34,1522.3,-431.93,-26.01
2023-09-01,20237,Guangzhou Vantage Industrial,962.3,899.9,49.0825,50.3949,0.9235,0.9351,0.459,0.5367,13.12,13.23,1262.92,974.4,-593.9,69.92
2023-11-01,20237,Guangzhou Vantage Industrial,1388.2,1358.6,49.0825,47.9018,0.9235,0.9787,0.459,0.3814,23.15,19.98,-1639.05,1471.1,-4068.94,-105.43
2023-12-01,20237,Guangzhou Vantage Industrial,828.3,781.9,49.0825,46.4353,0.9235,0.944,0.459,0.5084,14.71,11.5,-2192.68,846.7,-903.12,38.63
2024-01-01,20237,Guangzhou Vantage Industrial,1634.2,1509.9,49.0825,43.169,0.9235,0.9239,0.459,0.4246,19.82,22.2,-9663.84,1635.0,-39.27,-51.94
2024-02-01,20237,Guangzhou Vantage Industrial,970.6,883.0,49.0825,39.6079,0.9235,0.9098,0.459,0.52,10.5,12.99,-9196.05,956.1,711.7,53.86
2024-03-01,20237,Guangzhou Vantage Industrial,864.6,792.3,49.0825,39.836,0.9235,0.9164,0.459,0.436,15.98,11.65,-7994.52,857.9,328.85,-18.22
2024-04-01,20237,Guangzhou Vantage Industrial,853.8,756.5,49.0825,40.2228,0.9235,0.886,0.459,0.4571,14.23,11.13,-7564.41,819.2,1698.25,-1.44
2024-05-01,20237,Guangzhou Vantage Industrial,1066.9,924.7,49.0825,40.648,0.9235,0.8667,0.459,0.3976,13.4,13.6,-8998.77,1001.3,3219.81,-56.78
2024-07-01,20237,Guangzhou Vantage Industrial,681.0,628.7,38.7681,38.8169,0.9235,0.9232,0.459,0.4256,8.25,9.25,33.23,680.8,7.75,-21.0
2024-08-01,20237,Guangzhou Vantage Industrial,1909.8,1797.1,38.7681,39.4159,0.9235,0.941,0.459,0.5307,30.15,26.43,1237.17,1946.0,-1403.41,128.85
2024-09-01,20237,Guangzhou Vantage Industrial,821.3,789.8,38.7681,37.6732,0.9235,0.9616,0.459,0.4235,15.12,11.61,-899.24,855.2,-1314.24,-28.04
2024-11-01,20237,Guangzhou Vantage Industrial,377.4,355.7,38.7681,39.7511,0.9235,0.9425,0.459,0.4415,6.67,5.23,370.98,385.2,-302.39,-6.22
2024-12-01,20237,Guangzhou Vantage Industrial,1460.6,1395.8,38.7681,41.3468,0.9235,0.9556,0.459,0.4382,27.71,20.53,3766.45,1511.4,-1969.42,-29.03
2025-01-01,20237,Guangzhou Vantage Industrial,1114.1,1003.7,38.7681,41.7267,0.9235,0.9009,0.459,0.41,13.31,14.76,3296.18,1086.8,1058.37,-49.18
2025-02-01,20237,Guangzhou Vantage Industrial,1199.9,1097.5,38.7681,40.3017,0.9235,0.9147,0.459,0.4571,15.69,16.14,1840.17,1188.4,445.83,-2.09
2025-03-01,20237,Guangzhou Vantage Industrial,511.9,487.3,38.7681,40.825,0.9235,0.9519,0.459,0.4766,6.35,7.17,1052.93,527.7,-612.54,8.58
2025-04-01,20237,Guangzhou Vantage Industrial,661.5,591.3,38.7681,40.9185,0.9235,0.8939,0.459,0.4424,12.57,8.7,1422.49,640.3,821.88,-9.82
2025-05-01,20237,Guangzhou Vantage Industrial,1558.0,1443.3,38.7681,38.5365,0.9235,0.9264,0.459,0.4483,21.08,21.23,-360.83,1562.9,-189.96,-15.44
2025-07-01,20237,Guangzhou Vantage Industrial,582.4,532.2,37.3761,37.5195,0.9235,0.9138,0.459,0.4844,8.54,7.83,83.52,576.3,227.99,13.52
2025-08-01,20237,Guangzhou Vantage Industrial,448.8,402.4,37.3761,36.0569,0.9235,0.8968,0.459,0.4221,8.66,5.92,-592.06,435.7,489.63,-14.85
2025-09-01,20237,Guangzhou Vantage Industrial,1020.2,931.1,37.3761,33.9218,0.9235,0.9127,0.459,0.4727,17.87,13.69,-3524.08,1008.2,448.51,12.76
2025-10-01,20237,Guangzhou Vantage Industrial,1155.8,1034.1,37.3761,32.653,0.9235,0.8947,0.459,0.5267,18.09,15.21,-5458.96,1119.8,1345.54,70.01
2025-11-01,20237,Guangzhou Vantage Industrial,507.8,474.9,37.3761,32.2912,0.9235,0.9352,0.459,0.4832,5.12,6.98,-2582.11,514.2,-239.21,11.49
2026-01-01,20237,Guangzhou Vantage Industrial,1327.5,1211.5,37.3761,27.8601,0.9235,0.9126,0.459,0.4736,17.15,17.82,-12632.49,1311.9,583.07,17.69
2026-03-01,20237,Guangzhou Vantage Industrial,1463.2,1385.4,37.3761,27.1124,0.9235,0.9468,0.459,0.5517,22.35,20.37,-15017.85,1500.2,-1382.92,128.43
2026-04-01,20237,Guangzhou Vantage Industrial,507.1,476.8,37.3761,25.8594,0.9235,0.9402,0.459,0.4783,5.57,7.01,-5840.12,516.3,-343.86,9.2
2026-06-01,20237,Guangzhou Vantage Industrial,905.0,899.7,37.3761,27.0696,0.9235,0.9942,0.459,0.4771,10.94,13.23,-9327.38,974.2,-2586.43,16.28
2023-08-01,20238,Harlow Textile Group,757.4,697.7,6.2383,6.5952,0.9826,0.9212,0.5722,0.561,9.14,10.26,270.32,710.1,295.07,-7.81
2023-09-01,20238,Harlow Textile Group,860.8,820.6,6.2383,6.7616,0.9826,0.9532,0.5722,0.6015,10.74,12.07,450.46,835.1,160.32,24.04
2023-10-01,20238,Harlow Textile Group,663.8,609.4,6.2383,6.5873,0.9826,0.918,0.5722,0.6047,6.39,8.96,231.67,620.2,271.99,19.81
2023-11-01,20238,Harlow Textile Group,273.0,252.7,6.2383,6.8391,0.9826,0.9255,0.5722,0.592,3.48,3.72,164.02,257.2,98.57,5.0
2024-01-01,20238,Harlow Textile Group,511.5,496.8,6.2383,6.616,0.9826,0.9712,0.5722,0.5146,10.53,7.31,193.19,505.6,36.81,-28.62
2024-02-01,20238,Harlow Textile Group,554.8,532.5,6.2383,6.6273,0.9826,0.9598,0.5722,0.4784,7.57,7.83,215.82,541.9,80.47,-49.95
2024-03-01,20238,Harlow Textile Group,352.0,336.2,6.2383,6.8729,0.9826,0.9549,0.5722,0.569,5.24,4.94,223.38,342.2,61.14,-1.08
2024-04-01,20238,Harlow Textile Group,571.3,532.4,6.2383,7.1553,0.9826,0.932,0.5722,0.6705,6.58,7.83,523.88,541.8,184.03,52.33
2024-05-01,20238,Harlow Textile Group,722.5,690.4,6.2383,7.1539,0.9826,0.9556,0.5722,0.5066,11.88,10.15,661.52,702.6,124.14,-45.29
2024-06-01,20238,Harlow Textile Group,765.0,723.9,6.2383,7.2277,0.9826,0.9462,0.5722,0.5299,8.43,10.65,756.89,736.7,176.54,-30.62
2024-07-01,20238,Harlow Textile Group,1403.0,1281.2,7.2039,7.1331,0.9826,0.9131,0.5722,0.5809,17.36,18.84,-99.33,1303.9,713.91,11.15
2024-08-01,20238,Harlow Textile Group,236.4,226.1,7.2039,6.9615,0.9826,0.9567,0.5722,0.6012,2.42,3.33,-57.3,230.1,45.38,6.56
2024-09-01,20238,Harlow Textile Group,483.7,476.9,7.2039,7.0211,0.9826,0.9859,0.5722,0.5547,5.67,7.01,-88.42,485.3,-11.53,-8.35
2024-10-01,20238,Harlow Textile Group,675.2,652.6,7.2039,7.0104,0.9826,0.9665,0.5722,0.615,9.97,9.6,-130.65,664.2,79.24,27.93
2024-11-01,20238,Harlow Textile Group,570.2,557.7,7.2039,6.9357,0.9826,0.9782,0.5722,0.6195,7.36,8.2,-152.93,567.6,18.73,26.38
2024-12-01,20238,Harlow Textile Group,803.1,799.1,7.2039,6.5902,0.9826,0.995,0.5722,0.5795,11.18,11.75,-492.86,813.3,-73.48,5.83
2025-01-01,20238,Harlow Textile Group,267.8,266.5,7.2039,6.2535,0.9826,0.995,0.5722,0.4567,4.87,3.92,-254.52,271.2,-24.49,-30.78
2025-02-01,20238,Harlow Textile Group,480.4,478.0,7.2039,6.212,0.9826,0.995,0.5722,0.5241,7.04,7.03,-476.51,486.5,-43.94,-22.99
2025-03-01,20238,Harlow Textile Group,537.6,524.7,7.2039,6.2173,0.9826,0.9759,0.5722,0.5235,9.78,7.72,-530.4,534.0,25.93,-25.55
2025-04-01,20238,Harlow Textile Group,1132.4,1126.7,7.2039,6.654,0.9826,0.995,0.5722,0.5452,12.41,16.57,-622.71,1146.7,-103.02,-30.42
2025-05-01,20238,Harlow Textile Group,230.1,214.7,7.2039,6.591,0.9826,0.9328,0.5722,0.5339,2.28,3.16,-141.03,218.5,83.57,-8.22
2025-06-01,20238,Harlow Textile Group,346.1,331.1,7.2039,6.8856,0.9826,0.9564,0.5722,0.5445,4.08,4.87,-110.16,337.0,65.56,-9.17
2025-07-01,20238,Harlow Textile Group,1488.3,1437.1,6.7621,6.7318,0.9826,0.9656,0.5722,0.6105,14.98,21.13,-45.1,1462.5,174.46,55.04
2025-09-01,20238,Harlow Textile Group,334.5,318.8,6.7621,6.9887,0.9826,0.9531,0.5722,0.5675,7.16,4.69,75.8,324.4,68.3,-1.5
2025-10-01,20238,Harlow Textile Group,1295.5,1262.3,6.7621,6.6296,0.9826,0.9744,0.5722,0.5684,27.58,18.56,-171.65,1284.7,73.03,-4.8
2025-11-01,20238,Harlow Textile Group,507.2,476.8,6.7621,6.267,0.9826,0.9401,0.5722,0.5021,8.77,7.01,-251.11,485.2,148.77,-33.42
2025-12-01,20238,Harlow Textile Group,401.8,399.8,6.7621,5.9038,0.9826,0.995,0.5722,0.6046,6.17,5.88,-344.86,406.9,-34.49,12.95
2026-01-01,20238,Harlow Textile Group,390.7,384.9,6.7621,6.1731,0.9826,0.9852,0.5722,0.5593,5.63,5.66,-230.12,391.7,-6.76,-4.97
2026-03-01,20238,Harlow Textile Group,354.9,344.5,6.7621,5.9687,0.9826,0.9708,0.5722,0.5016,4.61,5.07,-281.58,350.6,29.08,-24.32
2026-04-01,20238,Harlow Textile Group,575.5,556.2,6.7621,6.0904,0.9826,0.9666,0.5722,0.5327,6.8,8.18,-386.56,566.0,64.24,-21.97
2026-06-01,20238,Harlow Textile Group,746.8,723.6,6.7621,7.1413,0.9826,0.969,0.5722,0.5962,9.77,10.64,283.19,736.4,70.33,17.37
2023-07-01,20239,Guangzhou Vantage Industrial,409.3,394.2,54.1897,54.4645,0.9444,0.963,0.5896,0.6401,6.93,5.8,112.48,417.4,-438.94,19.91
2023-08-01,20239,Guangzhou Vantage Industrial,875.6,790.8,54.1897,52.1818,0.9444,0.9032,0.5896,0.5898,9.17,11.63,-1758.12,837.4,2070.05,0.16
2023-10-01,20239,Guangzhou Vantage Industrial,761.9,703.8,54.1897,49.2043,0.9444,0.9237,0.5896,0.6177,10.51,10.35,-3798.38,745.2,904.97,19.78
2023-11-01,20239,Guangzhou Vantage Industrial,265.7,251.0,54.1897,50.5966,0.9444,0.9448,0.5896,0.6203,4.17,3.69,-954.69,265.8,-5.42,7.71
2023-12-01,20239,Guangzhou Vantage Industrial,1457.8,1356.4,54.1897,48.8348,0.9444,0.9305,0.5896,0.5777,18.16,19.95,-7806.37,1436.3,1165.08,-16.14
2024-01-01,20239,Guangzhou Vantage Industrial,505.0,484.9,54.1897,47.7808,0.9444,0.9603,0.5896,0.6465,8.34,7.13,-3236.49,513.4,-455.19,27.59
2024-03-01,20239,Guangzhou Vantage Industrial,102.9,102.3,54.1897,47.4556,0.9444,0.9943,0.5896,0.5669,1.08,1.51,-692.94,108.3,-292.62,-2.32
2024-05-01,20239,Guangzhou Vantage Industrial,1798.6,1688.6,54.1897,46.5501,0.9444,0.9388,0.5896,0.5619,19.21,24.83,-13740.58,1788.0,574.41,-46.77
2024-06-01,20239,Guangzhou Vantage Industrial,1364.0,1234.0,54.1897,46.1176,0.9444,0.9047,0.5896,0.5149,14.36,18.15,-11010.34,1306.6,3110.49,-92.18
2024-07-01,20239,Guangzhou Vantage Industrial,833.7,786.4,45.5985,45.0195,0.9444,0.9433,0.5896,0.6481,12.09,11.57,-482.71,832.7,45.6,46.0
2024-08-01,20239,Guangzhou Vantage Industrial,271.1,257.7,45.5985,44.6534,0.9444,0.9504,0.5896,0.6157,4.5,3.79,-256.22,272.9,-82.08,6.73
2024-09-01,20239,Guangzhou Vantage Industrial,228.6,206.8,45.5985,45.082,0.9444,0.9049,0.5896,0.5845,4.23,3.04,-118.07,219.0,437.75,-1.05
2024-10-01,20239,Guangzhou Vantage Industrial,978.2,876.2,45.5985,44.3532,0.9444,0.8957,0.5896,0.6213,16.64,12.88,-1218.15,927.8,2298.16,27.78
2024-11-01,20239,Guangzhou Vantage Industrial,854.9,796.4,45.5985,45.1391,0.9444,0.9316,0.5896,0.6529,12.65,11.71,-392.74,843.3,528.94,50.41
2024-12-01,20239,Guangzhou Vantage Industrial,302.3,282.8,45.5985,44.738,0.9444,0.9356,0.5896,0.6821,5.1,4.16,-260.13,299.4,132.24,26.16
2025-01-01,20239,Guangzhou Vantage Industrial,1206.7,1127.3,45.5985,43.034,0.9444,0.9341,0.5896,0.6667,13.89,16.58,-3094.58,1193.7,592.78,86.91
2025-02-01,20239,Guangzhou Vantage Industrial,852.8,768.8,45.5985,41.4546,0.9444,0.9015,0.5896,0.6067,9.76,11.31,-3533.92,814.1,1764.66,13.15
2025-03-01,20239,Guangzhou Vantage Industrial,400.4,373.0,45.5985,40.5468,0.9444,0.9314,0.5896,0.6021,6.1,5.49,-2022.7,395.0,246.23,4.66
2025-04-01,20239,Guangzhou Vantage Industrial,463.1,435.7,45.5985,41.5117,0.9444,0.9408,0.5896,0.6047,7.04,6.41,-1892.6,461.4,77.52,6.58
2025-05-01,20239,Guangzhou Vantage Industrial,708.7,705.2,45.5985,43.1308,0.9444,0.995,0.5896,0.5044,9.86,10.37,-1748.86,746.7,-1732.74,-60.08
2025-06-01,20239,Guangzhou Vantage Industrial,407.3,391.0,45.5985,42.8984,0.9444,0.9599,0.5896,0.571,4.56,5.75,-1099.75,414.0,-305.51,-7.27
2025-07-01,20239,Guangzhou Vantage Industrial,460.5,439.8,45.9316,45.5088,0.9444,0.9551,0.5896,0.6514,4.65,6.47,-194.7,465.7,-238.84,27.18
2025-10-01,20239,Guangzhou Vantage Industrial,337.6,327.3,45.9316,44.0316,0.9444,0.9695,0.5896,0.4845,3.58,4.81,-641.44,346.6,-413.38,-34.4
2025-11-01,20239,Guangzhou Vantage Industrial,1240.3,1139.9,45.9316,43.8056,0.9444,0.9191,0.5896,0.6161,22.87,16.76,-2636.88,1207.0,1529.52,30.21
2025-12-01,20239,Guangzhou Vantage Industrial,464.8,417.8,45.9316,44.0554,0.9444,0.899,0.5896,0.5716,5.21,6.14,-872.06,442.4,1028.87,-7.52
2026-01-01,20239,Guangzhou Vantage Industrial,296.3,257.6,45.9316,41.253,0.9444,0.8693,0.5896,0.6384,3.88,3.79,-1386.27,272.8,1079.39,12.57
2026-02-01,20239,Guangzhou Vantage Industrial,585.6,546.2,45.9316,39.024,0.9444,0.9328,0.5896,0.6052,6.31,8.03,-4045.09,578.4,330.71,8.52
2026-03-01,20239,Guangzhou Vantage Industrial,352.3,329.1,45.9316,37.0121,0.9444,0.9341,0.5896,0.6737,5.8,4.84,-3142.34,348.5,174.54,27.68
2026-04-01,20239,Guangzhou Vantage Industrial,536.3,513.5,45.9316,36.5499,0.9444,0.9575,0.5896,0.6603,7.86,7.55,-5031.41,543.7,-339.89,36.3
2026-05-01,20239,Guangzhou Vantage Industrial,661.3,648.7,45.9316,36.6734,0.9444,0.981,0.5896,0.6118,7.85,9.54,-6122.45,686.9,-1175.85,14.4
