quote_id,month,customer_id,product_id,segment,quantity_units,list_price,quoted_price,competitor_price,price_ratio,final_cost,won,outcome,loss_reason
Q100000,2024-06-01,CU2068,20189,E-commerce Pure-Play,945.1,12.4575,10.7607,10.455,1.02923,6.4114,0,Lost,Incumbent supplier
Q100001,2023-11-01,CU2114,20091,Corporate & B2B Buyer,392.0,25.4718,23.1485,21.6449,1.06946,13.2431,1,Won,
Q100002,2023-09-01,CU2077,20087,Corporate & B2B Buyer,583.1,28.4969,27.8826,23.6978,1.17659,22.122,1,Won,
Q100003,2023-11-01,CU2021,20049,Corporate & B2B Buyer,49.3,73.2049,56.5047,62.7623,0.9003,34.2729,0,Lost,Incumbent supplier
Q100004,2024-04-01,CU2050,20231,Marketplace Seller,136.7,44.5225,39.7023,39.167,1.01367,24.1512,0,Lost,Lead time
Q100005,2024-06-01,CU2016,20216,Corporate & B2B Buyer,1130.2,41.3841,37.2252,34.2735,1.08612,23.7078,0,Lost,Incumbent supplier
Q100006,2026-02-01,CU2101,20029,Independent Retailer,254.8,34.5837,28.4584,31.1932,0.91233,15.0517,0,Lost,Price
Q100007,2023-09-01,CU2103,20194,Marketplace Seller,242.5,18.5195,16.2508,15.0251,1.08158,12.2147,0,Lost,Lead time
Q100008,2024-06-01,CU2008,20084,Independent Retailer,1023.9,22.5345,21.0097,23.026,0.91243,13.4791,0,Lost,Specification
Q100009,2025-07-01,CU2115,20010,Sub-Distributor,922.3,49.2508,45.7763,45.7656,1.00023,32.7299,0,Lost,Price
Q100010,2024-02-01,CU2037,20069,Marketplace Seller,292.8,23.4565,21.305,19.6869,1.08219,14.6917,0,Lost,Lead time
Q100011,2026-04-01,CU2079,20084,Marketplace Seller,217.2,19.7454,18.2164,16.775,1.08592,8.2509,0,Lost,Price
Q100012,2024-10-01,CU2005,20123,Independent Retailer,593.1,11.1058,9.1388,9.5849,0.95346,7.1913,0,Lost,Price
Q100013,2024-12-01,CU2131,20207,Regional Retail Chain,143.2,12.4183,12.3467,11.9212,1.03569,8.9099,0,Lost,Specification
Q100014,2024-09-01,CU2043,20033,Government & Education,364.5,11.169,11.3924,10.8599,1.04903,10.3492,1,Won,
Q100015,2024-07-01,CU2139,20092,E-commerce Pure-Play,841.5,34.3675,35.0549,29.0772,1.20558,25.4886,1,Won,
Q100016,2024-02-01,CU2046,20185,Marketplace Seller,924.8,9.0821,7.7297,9.6035,0.80488,5.1799,1,Won,
Q100017,2025-12-01,CU2050,20154,Marketplace Seller,1736.6,48.3333,45.3824,39.6605,1.14427,26.5607,1,Won,
Q100018,2024-12-01,CU2078,20055,E-commerce Pure-Play,342.3,152.9962,141.6887,153.2779,0.92439,79.643,0,Lost,Specification
Q100019,2025-05-01,CU2054,20150,Marketplace Seller,932.2,25.486,21.049,23.5859,0.89244,14.0132,1,Won,
Q100020,2023-09-01,CU2021,20018,Corporate & B2B Buyer,348.4,98.9927,85.6397,99.9167,0.85711,52.6703,1,Won,
Q100021,2024-12-01,CU2081,20036,Regional Retail Chain,542.3,12.3455,10.954,10.3284,1.06057,8.3618,0,Lost,Incumbent supplier
Q100022,2025-02-01,CU2128,20088,Marketplace Seller,824.8,17.8359,16.2649,14.4294,1.12721,10.8164,0,Lost,Specification
Q100023,2025-02-01,CU2065,20172,Government & Education,131.4,23.1191,21.6576,23.7414,0.91223,19.0261,1,Won,
Q100024,2025-11-01,CU2107,20086,E-commerce Pure-Play,76.5,44.7277,38.0327,39.6109,0.96016,18.6007,1,Won,
Q100025,2026-06-01,CU2002,20068,Marketplace Seller,271.2,19.6426,16.323,16.0922,1.01434,11.8233,0,Lost,Price
Q100026,2023-07-01,CU2080,20187,Government & Education,1007.4,36.8233,36.2109,31.4996,1.14957,25.1705,0,Lost,Price
Q100027,2025-04-01,CU2087,20231,Sub-Distributor,1206.8,44.5225,37.8439,35.9883,1.05156,21.7156,0,Lost,Incumbent supplier
Q100028,2024-09-01,CU2050,20000,Marketplace Seller,424.5,62.5945,61.5567,65.2584,0.94328,36.2449,1,Won,
Q100029,2024-05-01,CU2132,20103,Subscription Box Operator,140.6,35.6898,28.6237,30.9805,0.92393,18.8031,0,Lost,Incumbent supplier
Q100030,2024-07-01,CU2022,20046,Regional Retail Chain,458.1,16.7446,13.595,15.3769,0.88412,13.0428,0,Lost,Specification
Q100031,2024-11-01,CU2031,20129,Corporate & B2B Buyer,865.5,18.4509,16.823,14.777,1.13846,11.858,0,Lost,Specification
Q100032,2024-10-01,CU2137,20115,E-commerce Pure-Play,493.3,59.1489,60.3319,56.5074,1.06768,32.7717,0,Lost,Price
Q100033,2023-09-01,CU2048,20172,E-commerce Pure-Play,471.4,24.3646,19.2776,23.9421,0.80518,16.0363,1,Won,
Q100034,2025-01-01,CU2128,20113,Marketplace Seller,358.7,37.2597,33.5625,35.2046,0.95336,24.0479,1,Won,
Q100035,2025-07-01,CU2057,20128,Subscription Box Operator,781.7,17.2066,14.4259,17.8469,0.80832,11.413,0,Lost,Lead time
Q100036,2025-06-01,CU2040,20181,Independent Retailer,292.3,16.0053,13.1584,13.972,0.94177,12.3028,1,Won,
Q100037,2024-10-01,CU2095,20186,Sub-Distributor,269.8,76.9156,75.3312,71.2169,1.05777,40.377,0,Lost,Specification
Q100038,2024-01-01,CU2072,20030,Marketplace Seller,386.8,14.7254,13.0569,15.4578,0.84468,8.034,1,Won,
Q100039,2023-07-01,CU2083,20077,Marketplace Seller,213.6,210.5479,214.7589,203.298,1.05637,110.1142,0,Lost,Price
Q100040,2025-08-01,CU2083,20209,Marketplace Seller,113.7,15.1911,13.1536,14.8394,0.88639,10.7252,1,Won,
Q100041,2024-08-01,CU2103,20141,Marketplace Seller,182.2,48.8083,47.8954,47.291,1.01278,25.0714,1,Won,
Q100042,2026-02-01,CU2099,20063,E-commerce Pure-Play,206.1,96.7511,91.9608,82.6527,1.11262,65.8342,0,Lost,Lead time
Q100043,2025-09-01,CU2101,20050,Independent Retailer,174.4,14.1912,13.1689,11.6937,1.12615,6.9569,0,Lost,Specification
Q100044,2025-12-01,CU2032,20069,Sub-Distributor,1361.8,19.7136,15.9976,18.5912,0.86049,14.9474,1,Won,
Q100045,2024-10-01,CU2108,20233,Sub-Distributor,353.2,53.8505,45.0133,52.0521,0.86477,33.0196,1,Won,
Q100046,2023-12-01,CU2067,20015,Independent Retailer,481.0,13.608,11.361,12.1147,0.93778,8.1527,1,Won,
Q100047,2026-04-01,CU2110,20109,Independent Retailer,601.0,28.8682,25.1704,25.0425,1.00511,15.7259,1,Won,
Q100048,2024-11-01,CU2028,20002,Independent Retailer,410.3,53.3806,44.7109,48.3577,0.92459,37.4626,0,Lost,Price
Q100049,2025-10-01,CU2106,20164,Sub-Distributor,252.6,52.2241,43.022,43.0229,0.99998,34.5729,0,Lost,Incumbent supplier
Q100050,2023-09-01,CU2047,20163,Corporate & B2B Buyer,365.1,22.3357,18.8206,20.0415,0.93908,15.5955,0,Lost,Lead time
Q100051,2024-01-01,CU2126,20080,Marketplace Seller,317.1,29.4847,25.7057,25.2611,1.0176,21.5083,0,Lost,Price
Q100052,2024-06-01,CU2085,20047,Government & Education,252.1,20.1113,17.7545,20.4696,0.86736,13.1079,0,Lost,Price
Q100053,2024-05-01,CU2092,20089,Marketplace Seller,286.9,68.5844,66.6712,72.1754,0.92374,46.6009,1,Won,
Q100054,2025-07-01,CU2028,20018,Independent Retailer,73.2,92.1369,74.6492,76.0978,0.98096,44.2367,0,Lost,Incumbent supplier
Q100055,2025-06-01,CU2132,20100,Subscription Box Operator,199.5,22.7422,21.08,18.405,1.14534,16.0495,0,Lost,Incumbent supplier
Q100056,2024-12-01,CU2120,20090,Independent Retailer,158.8,31.9466,32.5855,32.4292,1.00482,22.4413,1,Won,
Q100057,2025-09-01,CU2038,20127,Marketplace Seller,458.1,44.7136,41.558,37.0563,1.12148,33.1277,0,Lost,Price
Q100058,2024-10-01,CU2033,20011,Independent Retailer,299.0,19.2829,16.6509,18.2374,0.91301,15.3327,1,Won,
Q100059,2024-10-01,CU2117,20207,Marketplace Seller,617.1,12.6209,10.695,12.6954,0.84243,8.4611,1,Won,
Q100060,2025-07-01,CU2012,20206,Government & Education,1912.2,50.8759,45.2212,46.1582,0.9797,43.5877,1,Won,
Q100061,2024-06-01,CU2146,20057,E-commerce Pure-Play,138.5,41.7968,32.3254,41.5847,0.77734,29.7481,1,Won,
Q100062,2025-11-01,CU2036,20190,Regional Retail Chain,1750.8,36.6516,36.0396,38.2714,0.94169,23.5664,1,Won,
Q100063,2024-02-01,CU2055,20099,Marketplace Seller,146.2,80.1444,72.0525,74.5743,0.96618,34.6349,1,Won,
Q100064,2024-12-01,CU2040,20202,Independent Retailer,460.3,46.9027,40.9838,41.4949,0.98768,22.6312,1,Won,
Q100065,2025-05-01,CU2027,20138,Marketplace Seller,183.1,27.8306,26.038,27.5385,0.94551,16.0671,1,Won,
Q100066,2026-04-01,CU2113,20071,Independent Retailer,161.6,57.5333,55.0679,58.4445,0.94223,37.1516,0,Lost,Price
Q100067,2025-10-01,CU2126,20067,Marketplace Seller,495.1,10.6594,8.6315,9.2645,0.93167,5.6247,1,Won,
Q100068,2023-09-01,CU2114,20109,Corporate & B2B Buyer,354.2,24.1548,20.3658,21.4103,0.95122,13.3654,1,Won,
Q100069,2025-04-01,CU2114,20215,Corporate & B2B Buyer,1131.4,11.8721,9.2969,10.3995,0.89398,6.9984,1,Won,
Q100070,2026-02-01,CU2047,20059,Corporate & B2B Buyer,183.5,11.685,10.2313,10.3731,0.98633,8.1083,1,Won,
Q100071,2025-02-01,CU2052,20169,Marketplace Seller,86.5,20.5249,18.1217,16.9836,1.06701,13.1596,0,Lost,Price
Q100072,2024-08-01,CU2092,20111,Marketplace Seller,649.5,39.2154,38.383,33.826,1.13472,21.3533,0,Lost,Price
Q100073,2025-10-01,CU2091,20193,Independent Retailer,170.7,43.6001,44.4721,35.203,1.2633,34.6112,0,Lost,Specification
Q100074,2023-07-01,CU2106,20070,Sub-Distributor,4049.0,18.9605,15.4374,17.8714,0.86381,13.0218,1,Won,
Q100075,2025-11-01,CU2088,20097,Independent Retailer,420.4,67.0046,57.767,56.4568,1.02321,34.7257,0,Lost,Price
Q100076,2025-04-01,CU2128,20013,Marketplace Seller,160.1,79.717,74.015,63.9321,1.15771,48.1041,0,Lost,Price
Q100077,2024-01-01,CU2052,20104,Marketplace Seller,626.7,11.054,9.969,11.6525,0.85552,7.1904,1,Won,
Q100078,2023-11-01,CU2135,20157,Sub-Distributor,183.5,52.5274,41.9755,46.0088,0.91234,37.5456,1,Won,
Q100079,2025-04-01,CU2057,20131,Subscription Box Operator,280.3,23.1724,19.8684,21.0717,0.94289,19.528,1,Won,
Q100080,2024-05-01,CU2073,20197,Marketplace Seller,513.2,17.2138,15.8704,17.5278,0.90544,9.2658,1,Won,
Q100081,2026-06-01,CU2127,20084,Corporate & B2B Buyer,2513.8,18.239,16.5394,18.804,0.87957,8.9935,0,Lost,Price
Q100082,2025-02-01,CU2010,20183,Sub-Distributor,61.2,92.3818,82.3332,90.3881,0.91089,53.0499,1,Won,
Q100083,2024-08-01,CU2138,20070,Marketplace Seller,775.7,15.8471,13.8042,13.9041,0.99281,10.6593,1,Won,
Q100084,2025-08-01,CU2052,20066,Marketplace Seller,102.1,14.317,12.0283,14.3747,0.83677,6.7808,1,Won,
Q100085,2026-01-01,CU2074,20186,Corporate & B2B Buyer,92.8,72.2648,56.809,60.5083,0.93886,43.7499,0,Lost,Price
Q100086,2023-08-01,CU2112,20207,Government & Education,228.1,9.727,8.1426,9.7096,0.83861,7.0755,1,Won,
Q100087,2026-06-01,CU2060,20116,Subscription Box Operator,137.3,12.7541,11.4665,12.5348,0.91478,5.6282,1,Won,
Q100088,2026-03-01,CU2122,20099,Marketplace Seller,516.7,69.7055,65.0675,73.7217,0.88261,33.0921,1,Won,
Q100089,2026-01-01,CU2024,20216,Corporate & B2B Buyer,3024.2,41.3841,32.6904,37.1775,0.8793,23.7596,1,Won,
Q100090,2026-02-01,CU2019,20156,E-commerce Pure-Play,82.4,72.3396,55.6215,69.8916,0.79583,42.7384,1,Won,
Q100091,2024-01-01,CU2056,20047,Regional Retail Chain,681.3,22.672,17.4022,23.687,0.73467,14.9108,1,Won,
Q100092,2025-12-01,CU2017,20201,Government & Education,274.6,22.5429,20.0311,21.2363,0.94324,16.6798,1,Won,
Q100093,2025-02-01,CU2007,20219,Sub-Distributor,173.3,12.6775,10.4883,12.4714,0.84098,6.5758,1,Won,
Q100094,2025-05-01,CU2116,20140,Independent Retailer,1312.6,226.6059,171.6412,192.5769,0.89129,164.718,1,Won,
Q100095,2024-10-01,CU2138,20155,Marketplace Seller,195.2,139.8058,137.1719,123.5064,1.11065,91.8548,0,Lost,Price
Q100096,2025-05-01,CU2070,20044,Marketplace Seller,1034.7,15.6874,14.1565,12.5657,1.12659,9.693,0,Lost,Price
Q100097,2023-08-01,CU2127,20091,Corporate & B2B Buyer,105.6,26.5688,22.6957,27.8811,0.81402,13.7364,0,Lost,Specification
Q100098,2024-02-01,CU2107,20160,E-commerce Pure-Play,311.6,12.8819,10.1246,10.9207,0.9271,6.8944,1,Won,
Q100099,2023-09-01,CU2070,20121,Marketplace Seller,152.9,16.0613,12.7467,16.1092,0.79127,9.3797,1,Won,
Q100100,2025-06-01,CU2113,20157,Independent Retailer,176.6,54.6373,54.8506,56.8629,0.96461,40.7737,1,Won,
Q100101,2026-06-01,CU2041,20136,Sub-Distributor,620.8,18.1984,13.216,18.1974,0.72626,13.2486,1,Won,
Q100102,2025-04-01,CU2020,20232,Marketplace Seller,117.9,39.7058,30.8273,39.8485,0.77361,30.0477,1,Won,
Q100103,2025-04-01,CU2092,20000,Marketplace Seller,235.3,63.5084,57.0975,59.2239,0.96409,37.3763,0,Lost,Incumbent supplier
Q100104,2024-04-01,CU2120,20165,Independent Retailer,342.4,18.9464,16.0958,19.5782,0.82213,12.1984,1,Won,
Q100105,2025-04-01,CU2140,20128,Subscription Box Operator,1258.5,16.1085,13.4276,14.6045,0.91942,10.6149,1,Won,
Q100106,2024-11-01,CU2061,20217,Marketplace Seller,664.0,57.4793,55.9402,51.1268,1.09415,33.6143,0,Lost,Incumbent supplier
Q100107,2024-11-01,CU2125,20115,Marketplace Seller,1546.6,59.1489,53.6816,58.0594,0.9246,33.2271,0,Lost,Price
Q100108,2024-08-01,CU2085,20075,Government & Education,212.8,20.6995,18.3978,20.3536,0.90391,11.9669,0,Lost,Specification
Q100109,2025-09-01,CU2092,20237,Marketplace Seller,207.3,57.0453,51.6316,50.7309,1.01775,37.9054,0,Lost,Price
Q100110,2023-11-01,CU2051,20084,Subscription Box Operator,558.4,23.0641,18.8301,23.6046,0.79773,18.1104,1,Won,
Q100111,2023-09-01,CU2130,20196,Corporate & B2B Buyer,63.0,23.6827,19.0097,24.25,0.7839,15.1205,0,Lost,Price
Q100112,2025-01-01,CU2020,20005,Marketplace Seller,23.4,37.4517,37.9978,32.2585,1.17791,16.5662,0,Lost,Specification
Q100113,2026-06-01,CU2135,20077,Sub-Distributor,352.7,129.0538,122.6175,118.1568,1.03775,69.3412,1,Won,
Q100114,2024-10-01,CU2118,20228,Regional Retail Chain,605.3,49.73,42.3312,40.2785,1.05096,27.1591,0,Lost,Price
Q100115,2025-04-01,CU2124,20055,Marketplace Seller,568.9,167.6133,160.4984,161.6127,0.9931,77.9302,1,Won,
Q100116,2026-06-01,CU2030,20059,Independent Retailer,157.3,12.0681,10.3783,10.8422,0.95722,9.4299,0,Lost,Price
Q100117,2023-08-01,CU2130,20006,Corporate & B2B Buyer,1040.0,38.5388,37.028,37.7268,0.98148,20.3873,0,Lost,Incumbent supplier
Q100118,2024-09-01,CU2108,20017,Sub-Distributor,208.5,26.8941,19.6343,22.8455,0.85944,17.3925,1,Won,
Q100119,2026-06-01,CU2040,20038,Independent Retailer,1222.0,69.0054,60.4767,57.5297,1.05123,61.076,1,Won,
Q100120,2024-01-01,CU2052,20148,Marketplace Seller,320.8,67.3491,63.2828,69.6292,0.90885,42.1128,0,Lost,Price
Q100121,2025-02-01,CU2024,20182,Corporate & B2B Buyer,185.0,34.7811,30.676,36.7569,0.83457,24.1803,1,Won,
Q100122,2025-04-01,CU2141,20061,Marketplace Seller,419.9,23.3185,21.9859,21.1158,1.04121,12.0389,0,Lost,Lead time
Q100123,2025-04-01,CU2062,20235,Independent Retailer,258.0,74.1877,62.527,64.4332,0.97042,54.4876,1,Won,
Q100124,2025-09-01,CU2131,20181,Regional Retail Chain,304.7,17.3456,14.7792,17.8742,0.82684,11.9175,1,Won,
Q100125,2023-11-01,CU2038,20222,Marketplace Seller,2993.5,27.8997,25.5664,28.896,0.88477,16.9337,1,Won,
Q100126,2023-07-01,CU2036,20127,Regional Retail Chain,243.7,63.0345,51.8446,59.7437,0.86778,31.8646,1,Won,
Q100127,2024-01-01,CU2043,20134,Government & Education,583.4,24.7093,24.1752,24.6738,0.97979,11.8817,0,Lost,Price
Q100128,2024-06-01,CU2073,20057,Marketplace Seller,454.1,41.7968,36.4002,36.9958,0.9839,29.7481,0,Lost,Incumbent supplier
Q100129,2024-05-01,CU2146,20040,E-commerce Pure-Play,180.7,50.1799,47.1681,41.0078,1.15022,27.0927,0,Lost,Price
Q100130,2024-10-01,CU2133,20231,Marketplace Seller,88.0,44.5225,40.116,38.8024,1.03385,24.9496,0,Lost,Price
Q100131,2025-05-01,CU2030,20199,Independent Retailer,270.6,14.7736,12.267,14.3008,0.85778,9.6574,1,Won,
Q100132,2026-06-01,CU2040,20059,Independent Retailer,1296.5,12.0681,11.9087,9.8543,1.20849,9.4299,0,Lost,Price
Q100133,2023-12-01,CU2141,20197,Marketplace Seller,273.8,16.6897,16.4786,15.2131,1.08319,8.5786,0,Lost,Price
Q100134,2025-06-01,CU2043,20009,Government & Education,286.9,29.6931,24.955,28.4051,0.87854,15.184,1,Won,
Q100135,2025-07-01,CU2045,20174,Subscription Box Operator,260.8,12.8281,12.1011,13.1484,0.92034,9.3802,0,Lost,Specification
Q100136,2024-05-01,CU2057,20140,Subscription Box Operator,673.8,304.8485,272.2736,254.1548,1.07129,160.9812,0,Lost,Specification
Q100137,2025-02-01,CU2017,20219,Government & Education,165.1,12.6775,11.2367,11.3716,0.98813,6.5758,0,Lost,Price
Q100138,2025-08-01,CU2053,20017,Corporate & B2B Buyer,730.1,29.802,26.1846,30.0994,0.86994,15.9914,1,Won,
Q100139,2024-02-01,CU2124,20134,Marketplace Seller,226.1,23.4064,21.0759,22.1236,0.95264,11.7027,1,Won,
Q100140,2024-10-01,CU2023,20026,E-commerce Pure-Play,108.9,41.3068,33.5578,40.3863,0.83092,25.7347,1,Won,
Q100141,2024-06-01,CU2007,20234,Sub-Distributor,655.9,34.4102,31.1567,29.2586,1.06487,24.2134,1,Won,
Q100142,2024-09-01,CU2108,20027,Sub-Distributor,901.0,24.4998,21.0673,20.3115,1.03721,18.7396,0,Lost,Incumbent supplier
Q100143,2025-05-01,CU2092,20163,Marketplace Seller,529.6,17.8857,17.2337,18.6481,0.92415,12.5493,1,Won,
Q100144,2026-01-01,CU2137,20062,E-commerce Pure-Play,755.8,44.8365,37.0781,44.0863,0.84103,37.3848,1,Won,
Q100145,2025-09-01,CU2125,20144,Marketplace Seller,546.4,24.4329,19.6981,21.8615,0.90104,16.1789,1,Won,
Q100146,2023-08-01,CU2013,20075,Independent Retailer,579.7,21.6893,16.855,18.3093,0.92057,12.2179,1,Won,
Q100147,2023-08-01,CU2117,20085,Marketplace Seller,3232.5,57.8973,50.7094,59.6629,0.84993,37.8131,1,Won,
Q100148,2024-08-01,CU2060,20020,Subscription Box Operator,179.1,56.5018,49.1733,54.654,0.89972,34.1511,0,Lost,Lead time
Q100149,2023-11-01,CU2004,20036,Independent Retailer,158.8,11.8384,9.9712,9.9648,1.00065,8.2849,0,Lost,Incumbent supplier
Q100150,2024-11-01,CU2042,20144,Corporate & B2B Buyer,484.5,30.9157,28.1056,28.8299,0.97488,16.3469,0,Lost,Price
Q100151,2025-07-01,CU2035,20230,Corporate & B2B Buyer,127.6,37.1908,34.1167,31.5054,1.08288,16.8483,1,Won,
Q100152,2024-06-01,CU2064,20018,Independent Retailer,256.6,98.8846,93.9728,81.048,1.15947,44.2216,0,Lost,Specification
Q100153,2023-09-01,CU2107,20149,E-commerce Pure-Play,1394.0,52.9775,45.0344,51.417,0.87587,34.9631,1,Won,
Q100154,2023-09-01,CU2085,20100,Government & Education,384.3,25.6002,24.2542,22.8771,1.06019,17.6872,0,Lost,Lead time
Q100155,2024-06-01,CU2009,20213,Marketplace Seller,653.8,38.6894,32.0947,40.9062,0.78459,24.4344,1,Won,
Q100156,2024-06-01,CU2021,20032,Corporate & B2B Buyer,444.4,19.7351,16.9238,19.1691,0.88287,11.9642,1,Won,
Q100157,2024-08-01,CU2039,20025,Marketplace Seller,88.0,46.961,47.2034,44.9076,1.05112,35.139,1,Won,
Q100158,2024-03-01,CU2016,20044,Corporate & B2B Buyer,293.9,13.9973,12.1311,14.2594,0.85075,7.4749,0,Lost,Lead time
Q100159,2026-06-01,CU2004,20179,Independent Retailer,53.4,45.9419,40.9311,39.4537,1.03745,24.1429,0,Lost,Price
Q100160,2025-04-01,CU2127,20000,Corporate & B2B Buyer,406.3,63.5084,56.0938,58.2595,0.96283,37.3763,0,Lost,Incumbent supplier
Q100161,2025-03-01,CU2083,20166,Marketplace Seller,711.7,15.3726,14.9844,13.2079,1.1345,12.1578,0,Lost,Price
Q100162,2025-10-01,CU2111,20019,Independent Retailer,150.5,9.323,8.7145,7.7005,1.13169,5.5393,0,Lost,Lead time
Q100163,2026-01-01,CU2020,20163,Marketplace Seller,1015.6,17.7795,15.0901,16.6969,0.90377,13.7504,1,Won,
Q100164,2025-09-01,CU2080,20127,Government & Education,892.4,44.7136,42.8084,35.8829,1.193,33.1277,0,Lost,Price
Q100165,2026-06-01,CU2092,20139,Marketplace Seller,2170.9,12.736,11.3133,10.5118,1.07624,8.6129,0,Lost,Price
Q100166,2024-06-01,CU2147,20130,Marketplace Seller,148.7,72.1353,67.7225,61.5088,1.10102,52.2065,0,Lost,Lead time
Q100167,2026-04-01,CU2132,20225,Subscription Box Operator,265.6,102.7118,92.4724,94.0839,0.98287,42.5077,1,Won,
Q100168,2023-09-01,CU2112,20112,Government & Education,796.1,43.7766,39.7573,40.6518,0.978,26.1801,0,Lost,Price
Q100169,2026-04-01,CU2107,20153,E-commerce Pure-Play,1416.1,24.6041,21.1723,24.6882,0.85759,14.7707,0,Lost,Price
Q100170,2026-06-01,CU2071,20023,Regional Retail Chain,76.7,29.6354,29.6048,24.2767,1.21947,20.3298,0,Lost,Specification
Q100171,2025-10-01,CU2075,20095,Independent Retailer,28.7,16.5539,15.2023,13.9548,1.08939,11.3183,0,Lost,Specification
Q100172,2026-02-01,CU2035,20143,Corporate & B2B Buyer,150.5,62.4548,49.6641,63.1851,0.78601,35.6656,1,Won,
Q100173,2024-03-01,CU2054,20062,Marketplace Seller,268.0,47.899,33.9968,40.9407,0.83039,26.7023,1,Won,
Q100174,2023-07-01,CU2033,20111,Independent Retailer,163.9,45.8472,38.393,45.6968,0.84017,25.1909,0,Lost,Price
Q100175,2024-04-01,CU2131,20140,Regional Retail Chain,311.3,334.0161,340.6964,345.9233,0.98489,165.234,1,Won,
Q100176,2023-10-01,CU2105,20089,Marketplace Seller,86.1,85.6085,74.3756,69.7396,1.06648,53.1853,0,Lost,Lead time
Q100177,2024-06-01,CU2096,20039,Marketplace Seller,250.3,95.1485,91.5963,80.7773,1.13394,51.9242,0,Lost,Lead time
Q100178,2023-11-01,CU2081,20168,Regional Retail Chain,1040.5,16.8263,15.8883,16.6186,0.95606,9.3901,0,Lost,Price
Q100179,2023-08-01,CU2005,20221,Independent Retailer,182.6,24.1353,21.4831,25.4137,0.84534,16.8153,1,Won,
Q100180,2024-11-01,CU2132,20096,Subscription Box Operator,283.2,10.3189,9.0307,10.5304,0.85759,6.1297,1,Won,
Q100181,2023-08-01,CU2028,20093,Independent Retailer,133.9,53.3402,53.4419,45.4966,1.17464,28.7755,0,Lost,Price
Q100182,2024-10-01,CU2137,20218,E-commerce Pure-Play,473.6,52.1921,46.0096,50.3961,0.91296,24.6864,1,Won,
Q100183,2025-07-01,CU2126,20014,Marketplace Seller,1696.3,45.0311,37.398,43.3335,0.86303,17.4506,0,Lost,Specification
Q100184,2025-05-01,CU2116,20113,Independent Retailer,46.1,40.8827,38.5102,33.4257,1.15211,26.4922,1,Won,
Q100185,2024-01-01,CU2058,20148,Corporate & B2B Buyer,525.4,67.3491,65.1762,59.6418,1.09279,42.1128,0,Lost,Incumbent supplier
Q100186,2023-09-01,CU2072,20093,Marketplace Seller,156.2,53.3402,51.9165,53.8017,0.96496,27.6536,0,Lost,Incumbent supplier
Q100187,2025-06-01,CU2047,20125,Corporate & B2B Buyer,59.9,14.6716,11.4063,15.1002,0.75537,8.813,1,Won,
Q100188,2026-03-01,CU2047,20048,Corporate & B2B Buyer,175.7,107.9141,91.4529,99.6911,0.91736,84.0959,0,Lost,Price
Q100189,2025-06-01,CU2011,20187,Regional Retail Chain,928.2,43.494,37.7523,40.5038,0.93207,30.0672,0,Lost,Price
Q100190,2024-04-01,CU2022,20219,Regional Retail Chain,571.9,14.3058,14.1988,12.5148,1.13455,5.9967,0,Lost,Price
Q100191,2024-11-01,CU2014,20230,Marketplace Seller,338.8,39.653,36.1748,34.7997,1.03951,19.0581,0,Lost,Lead time
Q100192,2025-10-01,CU2147,20079,Marketplace Seller,1041.2,11.667,11.5596,11.3305,1.02022,9.0958,0,Lost,Price
Q100193,2026-02-01,CU2138,20005,Marketplace Seller,837.7,37.8903,35.8482,31.7874,1.12775,18.2025,0,Lost,Incumbent supplier
Q100194,2023-12-01,CU2127,20118,Corporate & B2B Buyer,278.4,84.3497,80.8294,76.4449,1.05735,37.3891,0,Lost,Price
Q100195,2023-10-01,CU2106,20125,Sub-Distributor,2014.6,14.6716,11.8305,12.8582,0.92007,10.258,1,Won,
Q100196,2025-05-01,CU2005,20084,Independent Retailer,192.4,20.4167,19.5757,16.3583,1.19668,12.3774,0,Lost,Price
Q100197,2026-06-01,CU2084,20157,Marketplace Seller,287.9,51.8245,44.5853,53.6197,0.83151,42.9931,1,Won,
Q100198,2025-06-01,CU2050,20076,Marketplace Seller,145.4,23.1834,21.2691,18.5837,1.1445,11.969,0,Lost,Incumbent supplier
Q100199,2026-06-01,CU2107,20109,E-commerce Pure-Play,917.0,28.8682,26.0698,28.9482,0.90057,16.025,1,Won,
Q100200,2023-10-01,CU2129,20120,Regional Retail Chain,118.8,78.023,64.9494,68.1927,0.95244,45.7062,0,Lost,Price
Q100201,2025-07-01,CU2019,20166,E-commerce Pure-Play,349.4,15.0477,13.7948,12.1231,1.1379,12.2221,0,Lost,Price
Q100202,2025-03-01,CU2124,20213,Marketplace Seller,427.0,39.2202,33.2832,36.5151,0.91149,25.8295,0,Lost,Lead time
Q100203,2026-01-01,CU2021,20196,Corporate & B2B Buyer,195.0,22.418,20.8468,20.9999,0.99271,19.8028,0,Lost,Incumbent supplier
Q100204,2024-11-01,CU2142,20194,Marketplace Seller,153.2,20.5986,18.6044,19.1557,0.97122,15.9189,0,Lost,Lead time
Q100205,2023-10-01,CU2102,20057,Sub-Distributor,163.2,45.8742,38.6176,46.5547,0.82951,29.9528,1,Won,
Q100206,2025-07-01,CU2086,20002,Marketplace Seller,835.8,48.9767,45.1665,51.2629,0.88108,34.9776,0,Lost,Price
Q100207,2025-01-01,CU2146,20159,E-commerce Pure-Play,89.8,21.2533,19.2609,22.4707,0.85716,16.5417,0,Lost,Incumbent supplier
Q100208,2025-10-01,CU2052,20061,Marketplace Seller,614.6,23.3185,21.7601,23.5049,0.92577,10.9818,1,Won,
Q100209,2024-04-01,CU2140,20019,Subscription Box Operator,474.8,8.4505,7.5722,6.7721,1.11813,4.5324,1,Won,
Q100210,2026-05-01,CU2014,20076,Marketplace Seller,94.3,23.1834,16.684,19.864,0.83991,11.5952,1,Won,
Q100211,2026-01-01,CU2053,20050,Corporate & B2B Buyer,248.1,14.8161,13.9387,12.1552,1.14672,6.9025,0,Lost,Incumbent supplier
Q100212,2024-02-01,CU2057,20057,Subscription Box Operator,2488.4,45.7562,42.8003,40.7387,1.0506,32.2022,0,Lost,Lead time
Q100213,2023-09-01,CU2048,20219,E-commerce Pure-Play,317.5,14.3205,12.8528,14.2721,0.90055,7.8165,1,Won,
Q100214,2024-04-01,CU2114,20143,Corporate & B2B Buyer,893.7,70.1642,58.6082,73.138,0.80134,38.1979,0,Lost,Lead time
Q100215,2023-11-01,CU2133,20028,Marketplace Seller,400.0,32.4259,26.6796,27.6015,0.9666,22.1149,1,Won,
Q100216,2024-09-01,CU2002,20030,Marketplace Seller,1932.8,15.2431,12.3638,15.293,0.80846,10.1175,1,Won,
Q100217,2024-03-01,CU2092,20235,Marketplace Seller,357.3,68.2424,56.7594,55.7702,1.01774,43.6027,0,Lost,Lead time
Q100218,2025-04-01,CU2055,20167,Marketplace Seller,895.8,84.2831,76.1647,73.1959,1.04056,57.6847,0,Lost,Price
Q100219,2025-03-01,CU2035,20117,Corporate & B2B Buyer,461.6,15.5127,14.8784,16.2738,0.91426,8.5635,0,Lost,Price
Q100220,2023-08-01,CU2048,20020,E-commerce Pure-Play,79.9,58.8122,55.7289,55.6875,1.00074,31.9091,1,Won,
Q100221,2025-05-01,CU2010,20232,Sub-Distributor,107.3,39.3195,35.0803,37.4735,0.93614,29.7681,0,Lost,Incumbent supplier
Q100222,2024-03-01,CU2052,20027,Marketplace Seller,707.4,23.3844,21.5116,22.2677,0.96605,16.7239,0,Lost,Lead time
Q100223,2026-01-01,CU2076,20010,Government & Education,508.7,47.346,37.6682,38.304,0.9834,34.5113,0,Lost,Price
Q100224,2025-02-01,CU2142,20198,Marketplace Seller,694.3,9.5383,8.5651,8.2866,1.03361,4.8702,1,Won,
Q100225,2026-01-01,CU2066,20177,Corporate & B2B Buyer,416.2,35.3179,29.2767,32.2116,0.90889,21.1569,1,Won,
Q100226,2025-02-01,CU2132,20047,Subscription Box Operator,495.3,17.7178,13.5895,15.0854,0.90084,11.7275,1,Won,
Q100227,2024-05-01,CU2034,20099,Marketplace Seller,579.9,75.4047,67.249,73.334,0.91702,34.368,1,Won,
Q100228,2023-11-01,CU2100,20090,Independent Retailer,65.4,31.9466,29.997,27.0647,1.10834,19.6856,0,Lost,Price
Q100229,2025-11-01,CU2109,20072,Subscription Box Operator,314.5,15.2657,13.2547,12.2526,1.08178,10.1888,0,Lost,Incumbent supplier
Q100230,2023-11-01,CU2018,20214,Independent Retailer,67.9,18.6709,17.1651,15.3436,1.11871,12.8019,0,Lost,Lead time
Q100231,2024-08-01,CU2127,20093,Corporate & B2B Buyer,444.0,57.2436,53.3117,52.7266,1.0111,30.5213,1,Won,
Q100232,2024-05-01,CU2054,20192,Marketplace Seller,1252.4,21.8605,19.8076,18.2793,1.08361,13.2628,0,Lost,Specification
Q100233,2026-05-01,CU2099,20094,E-commerce Pure-Play,134.4,17.5331,15.171,18.5726,0.81685,8.7512,0,Lost,Incumbent supplier
Q100234,2023-10-01,CU2139,20029,E-commerce Pure-Play,149.4,33.9494,27.4194,28.0341,0.97807,19.1858,0,Lost,Incumbent supplier
Q100235,2024-02-01,CU2109,20087,Subscription Box Operator,317.5,27.2842,23.1051,25.2719,0.91426,19.9118,1,Won,
Q100236,2023-11-01,CU2008,20088,Independent Retailer,121.3,20.3687,16.7428,19.3739,0.86419,11.7758,1,Won,
Q100237,2025-02-01,CU2043,20064,Government & Education,252.8,48.3651,44.2251,45.2158,0.97809,30.8315,1,Won,
Q100238,2025-04-01,CU2051,20029,Subscription Box Operator,131.1,34.7227,29.406,31.5276,0.93271,13.4728,0,Lost,Lead time
Q100239,2023-11-01,CU2131,20143,Regional Retail Chain,64.6,65.515,56.9987,56.1446,1.01521,43.5196,0,Lost,Price
Q100240,2025-04-01,CU2036,20195,Regional Retail Chain,413.8,48.5447,34.3831,49.413,0.69583,26.3709,1,Won,
Q100241,2024-05-01,CU2018,20231,Independent Retailer,325.0,44.5225,42.9051,42.1162,1.01873,24.3638,1,Won,
Q100242,2024-02-01,CU2067,20230,Independent Retailer,265.5,37.0136,28.5453,31.6183,0.90281,18.7628,1,Won,
Q100243,2024-05-01,CU2124,20196,Marketplace Seller,231.8,21.9123,20.4129,17.69,1.15392,17.5345,0,Lost,Incumbent supplier
Q100244,2024-08-01,CU2081,20187,Regional Retail Chain,488.8,37.2078,33.4317,32.9833,1.0136,26.9288,0,Lost,Price
Q100245,2024-02-01,CU2121,20105,Corporate & B2B Buyer,118.6,23.5297,20.3902,20.3312,1.0029,11.5104,1,Won,
Q100246,2024-10-01,CU2126,20026,Marketplace Seller,203.0,41.3068,34.1894,33.8311,1.01059,25.7347,1,Won,
Q100247,2024-06-01,CU2099,20131,E-commerce Pure-Play,398.9,23.813,20.2894,22.4662,0.90311,20.0263,0,Lost,Price
Q100248,2023-09-01,CU2048,20164,E-commerce Pure-Play,809.9,62.9246,49.8335,57.1734,0.87162,40.1324,1,Won,
Q100249,2023-07-01,CU2057,20112,Subscription Box Operator,401.6,43.7766,39.908,41.0875,0.97129,27.901,0,Lost,Price
Q100250,2023-11-01,CU2059,20145,Independent Retailer,209.8,15.3185,13.369,14.3673,0.93051,8.8384,0,Lost,Price
Q100251,2024-11-01,CU2096,20028,Marketplace Seller,2513.0,32.4259,32.1317,26.0179,1.23498,22.6199,1,Won,
Q100252,2025-10-01,CU2111,20208,Independent Retailer,98.3,23.8716,21.4758,19.6704,1.09178,12.8462,1,Won,
Q100253,2023-08-01,CU2091,20084,Independent Retailer,714.5,24.074,20.5347,21.2966,0.96422,17.3615,1,Won,
Q100254,2026-01-01,CU2095,20070,Sub-Distributor,229.9,15.2465,13.8574,13.0257,1.06385,11.8278,0,Lost,Incumbent supplier
Q100255,2025-01-01,CU2083,20024,Marketplace Seller,110.7,34.469,31.304,28.9882,1.07989,22.4013,0,Lost,Price
Q100256,2025-06-01,CU2012,20172,Government & Education,646.7,25.0292,19.2807,23.9289,0.80575,20.6989,0,Lost,Price
Q100257,2025-04-01,CU2098,20053,Subscription Box Operator,267.8,19.5548,16.9625,18.3808,0.92284,9.5531,0,Lost,Specification
Q100258,2023-12-01,CU2061,20238,Marketplace Seller,1107.2,14.383,13.5258,13.4245,1.00754,9.7626,1,Won,
Q100259,2025-08-01,CU2017,20122,Government & Education,491.7,12.771,11.9328,11.3728,1.04925,7.1086,1,Won,
Q100260,2023-12-01,CU2022,20024,Regional Retail Chain,299.4,40.8823,36.9778,37.6402,0.9824,30.9313,1,Won,
Q100261,2023-09-01,CU2079,20237,Marketplace Seller,281.6,81.873,83.5105,83.1249,1.00464,55.7431,1,Won,
Q100262,2025-08-01,CU2128,20095,Marketplace Seller,150.5,16.5539,14.8928,15.3524,0.97006,11.0608,1,Won,
Q100263,2023-10-01,CU2098,20103,Subscription Box Operator,243.2,34.4948,28.1335,30.749,0.91494,19.7688,1,Won,
Q100264,2025-08-01,CU2143,20058,Sub-Distributor,578.9,27.2399,26.1821,27.883,0.939,22.3377,1,Won,
Q100265,2024-01-01,CU2146,20103,E-commerce Pure-Play,193.8,34.7145,31.9991,33.7335,0.94859,21.157,0,Lost,Price
Q100266,2024-12-01,CU2075,20203,Independent Retailer,544.7,19.0215,18.678,18.2442,1.02378,11.9563,1,Won,
Q100267,2026-01-01,CU2096,20046,Marketplace Seller,651.8,16.4135,15.8452,16.2293,0.97633,12.4822,1,Won,
Q100268,2023-10-01,CU2031,20068,Corporate & B2B Buyer,669.0,21.1391,19.6742,22.3436,0.88053,14.3998,1,Won,
Q100269,2025-06-01,CU2014,20063,Marketplace Seller,380.8,91.1136,83.3848,92.6946,0.89956,65.9728,0,Lost,Price
Q100270,2025-02-01,CU2055,20089,Marketplace Seller,370.0,73.8269,67.0865,70.4844,0.95179,52.497,1,Won,
Q100271,2024-04-01,CU2037,20030,Marketplace Seller,317.6,14.7254,14.2731,15.4975,0.92099,9.1606,0,Lost,Incumbent supplier
Q100272,2026-01-01,CU2127,20197,Corporate & B2B Buyer,136.9,15.1865,13.1054,12.9524,1.01181,9.2411,1,Won,
Q100273,2024-06-01,CU2149,20143,Corporate & B2B Buyer,1071.0,64.7116,56.0236,61.3783,0.91276,34.5229,1,Won,
Q100274,2024-11-01,CU2142,20018,Marketplace Seller,1401.5,91.0714,88.0946,77.7259,1.1334,47.2185,0,Lost,Incumbent supplier
Q100275,2026-01-01,CU2088,20031,Independent Retailer,156.5,7.2833,5.9891,6.2235,0.96233,3.9573,0,Lost,Price
Q100276,2026-02-01,CU2005,20190,Independent Retailer,165.4,39.1102,38.6885,38.5497,1.0036,22.3414,0,Lost,Incumbent supplier
Q100277,2023-12-01,CU2138,20227,Marketplace Seller,196.9,38.8957,28.3311,37.5205,0.75508,26.0531,0,Lost,Price
Q100278,2024-05-01,CU2023,20148,E-commerce Pure-Play,509.6,67.3491,57.62,59.3357,0.97108,41.174,1,Won,
Q100279,2025-11-01,CU2083,20208,Marketplace Seller,110.7,23.8716,22.992,24.4772,0.93932,12.4537,1,Won,
Q100280,2026-04-01,CU2112,20072,Government & Education,164.1,15.2657,12.932,15.3258,0.84381,10.3755,1,Won,
Q100281,2025-10-01,CU2093,20061,Independent Retailer,803.6,23.3185,21.3237,22.298,0.95631,10.9818,0,Lost,Incumbent supplier
Q100282,2024-07-01,CU2006,20082,Independent Retailer,644.0,37.5707,36.1942,39.4571,0.9173,17.6967,0,Lost,Price
Q100283,2024-03-01,CU2075,20068,Independent Retailer,230.9,21.5255,19.1135,22.6516,0.8438,14.238,1,Won,
Q100284,2023-10-01,CU2044,20000,Corporate & B2B Buyer,101.0,64.5408,60.686,55.3761,1.09589,37.9174,0,Lost,Price
Q100285,2024-10-01,CU2112,20146,Government & Education,316.0,17.6399,15.5296,14.2396,1.09059,11.4573,0,Lost,Specification
Q100286,2025-03-01,CU2148,20229,Regional Retail Chain,1439.8,19.5348,16.3635,15.846,1.03266,11.6854,1,Won,
Q100287,2024-11-01,CU2107,20177,E-commerce Pure-Play,274.7,35.3179,33.216,31.975,1.03881,22.8514,0,Lost,Lead time
Q100288,2023-08-01,CU2141,20013,Marketplace Seller,300.4,86.5538,76.7486,69.5958,1.10278,57.5298,0,Lost,Lead time
Q100289,2024-07-01,CU2011,20071,Regional Retail Chain,468.3,72.5473,57.3478,70.1325,0.81771,47.956,1,Won,
Q100290,2024-06-01,CU2075,20105,Independent Retailer,329.7,23.954,19.1538,19.3918,0.98773,12.3988,0,Lost,Price
Q100291,2025-01-01,CU2011,20065,Regional Retail Chain,1745.0,44.0852,38.9937,38.2894,1.01839,27.769,0,Lost,Incumbent supplier
Q100292,2024-12-01,CU2045,20052,Subscription Box Operator,309.3,15.0933,14.4078,13.6361,1.05659,7.7945,0,Lost,Lead time
Q100293,2024-11-01,CU2047,20178,Corporate & B2B Buyer,1224.9,23.5067,20.4617,21.3715,0.95743,18.483,0,Lost,Incumbent supplier
Q100294,2025-03-01,CU2000,20068,Independent Retailer,390.4,17.1829,15.4025,16.9356,0.90947,10.9174,1,Won,
Q100295,2023-08-01,CU2116,20087,Independent Retailer,105.3,28.4969,24.1748,23.0192,1.0502,21.601,0,Lost,Lead time
Q100296,2025-08-01,CU2065,20095,Government & Education,392.8,16.5539,13.4793,13.8784,0.97124,11.0608,0,Lost,Incumbent supplier
Q100297,2024-06-01,CU2146,20083,E-commerce Pure-Play,280.9,51.9493,52.9883,53.4027,0.99224,27.9537,0,Lost,Lead time
Q100298,2024-02-01,CU2078,20139,E-commerce Pure-Play,186.0,9.4838,9.6735,7.7622,1.24624,6.3655,0,Lost,Price
Q100299,2025-07-01,CU2012,20074,Government & Education,194.7,48.5266,45.7288,46.6468,0.98032,30.9314,0,Lost,Incumbent supplier
Q100300,2024-07-01,CU2051,20070,Subscription Box Operator,1313.9,15.8471,14.3293,15.0025,0.95513,11.865,0,Lost,Price
Q100301,2023-12-01,CU2001,20169,Subscription Box Operator,258.8,23.3043,20.1982,24.6184,0.82045,16.7527,1,Won,
Q100302,2024-11-01,CU2132,20056,Subscription Box Operator,52.8,47.9107,40.6376,46.8127,0.86809,29.507,1,Won,
Q100303,2024-05-01,CU2132,20179,Subscription Box Operator,347.0,42.9314,38.4707,40.8438,0.9419,24.8647,0,Lost,Price
Q100304,2024-11-01,CU2129,20090,Regional Retail Chain,438.4,31.9466,28.9647,31.9462,0.90667,22.7653,1,Won,
Q100305,2026-03-01,CU2111,20238,Independent Retailer,97.3,14.7492,14.1115,13.6508,1.03375,8.9898,1,Won,
Q100306,2025-08-01,CU2058,20116,Corporate & B2B Buyer,203.1,10.4748,9.5844,10.372,0.92406,5.6178,1,Won,
Q100307,2025-03-01,CU2122,20225,Marketplace Seller,593.2,90.7471,76.1278,88.8842,0.85648,41.5046,1,Won,
Q100308,2024-08-01,CU2077,20064,Corporate & B2B Buyer,205.6,43.7563,38.6741,35.8237,1.07957,30.8974,1,Won,
Q100309,2024-06-01,CU2044,20053,Corporate & B2B Buyer,430.0,19.3763,16.0589,16.3495,0.98223,9.6178,1,Won,
Q100310,2026-06-01,CU2071,20077,Regional Retail Chain,40.1,129.0538,126.9617,106.2604,1.19482,69.3412,0,Lost,Incumbent supplier
Q100311,2024-06-01,CU2025,20113,E-commerce Pure-Play,749.5,42.1613,40.2276,35.8939,1.12074,23.8848,0,Lost,Lead time
Q100312,2024-08-01,CU2023,20207,E-commerce Pure-Play,526.6,9.267,7.1192,7.717,0.92253,7.8258,1,Won,
Q100313,2026-03-01,CU2005,20118,Independent Retailer,469.6,81.3528,69.8928,65.4473,1.06793,50.7439,1,Won,
Q100314,2024-03-01,CU2091,20192,Independent Retailer,1842.3,23.6103,20.3176,24.9847,0.8132,13.5422,1,Won,
Q100315,2025-03-01,CU2079,20236,Marketplace Seller,645.3,43.9429,34.0147,42.9797,0.79141,28.0028,1,Won,
Q100316,2025-05-01,CU2054,20236,Marketplace Seller,209.8,44.7815,40.7972,40.7432,1.00133,27.8606,1,Won,
Q100317,2024-07-01,CU2110,20102,Independent Retailer,1403.1,58.3078,53.7011,54.2129,0.99056,35.2797,0,Lost,Specification
Q100318,2023-10-01,CU2023,20202,E-commerce Pure-Play,215.3,46.9027,41.8717,38.3594,1.09156,29.9516,0,Lost,Lead time
Q100319,2023-07-01,CU2013,20137,Independent Retailer,130.3,94.0118,76.6899,78.2263,0.98036,51.9563,1,Won,
Q100320,2024-05-01,CU2133,20157,Marketplace Seller,243.2,54.4083,44.1327,56.2453,0.78465,44.6671,1,Won,
Q100321,2023-08-01,CU2024,20110,Corporate & B2B Buyer,1121.2,113.0078,101.1729,91.9569,1.10022,71.6757,1,Won,
Q100322,2025-11-01,CU2072,20232,Marketplace Seller,1344.6,40.3495,34.9381,41.5972,0.83992,28.3063,1,Won,
Q100323,2025-07-01,CU2113,20086,Independent Retailer,263.1,50.1898,40.7959,40.2542,1.01346,20.3178,0,Lost,Specification
Q100324,2023-09-01,CU2044,20080,Corporate & B2B Buyer,770.5,29.4847,27.6131,27.9414,0.98825,20.412,1,Won,
Q100325,2025-04-01,CU2012,20177,Government & Education,405.2,35.3179,34.0158,31.8548,1.06784,22.9883,0,Lost,Price
Q100326,2026-01-01,CU2142,20132,Marketplace Seller,808.4,8.558,7.4142,8.764,0.84598,6.8756,1,Won,
Q100327,2024-01-01,CU2127,20086,Corporate & B2B Buyer,295.2,40.1608,34.8662,41.5606,0.83893,21.8419,1,Won,
Q100328,2023-09-01,CU2044,20135,Corporate & B2B Buyer,228.0,74.3775,66.4685,61.1121,1.08765,39.8351,0,Lost,Specification
Q100329,2025-07-01,CU2068,20022,E-commerce Pure-Play,341.8,42.6892,37.5566,41.5089,0.90478,30.3306,0,Lost,Price
Q100330,2025-03-01,CU2030,20215,Independent Retailer,304.2,11.8721,10.3116,11.3963,0.90482,6.8629,1,Won,
Q100331,2023-08-01,CU2109,20029,Subscription Box Operator,556.6,35.292,26.9657,29.1717,0.92438,18.9097,1,Won,
Q100332,2023-07-01,CU2130,20087,Corporate & B2B Buyer,788.4,28.4969,24.9053,22.9285,1.08622,19.9213,1,Won,
Q100333,2023-11-01,CU2067,20172,Independent Retailer,719.5,24.7017,22.2922,21.9826,1.01408,15.5787,1,Won,
Q100334,2024-03-01,CU2097,20169,Subscription Box Operator,45.6,25.2739,21.8389,20.7432,1.05282,16.2277,0,Lost,Price
Q100335,2025-12-01,CU2110,20042,Independent Retailer,1233.8,91.9727,72.2698,75.6779,0.95497,49.8711,0,Lost,Lead time
Q100336,2026-03-01,CU2098,20056,Subscription Box Operator,408.9,49.2632,43.8064,41.1667,1.06412,31.5424,0,Lost,Price
Q100337,2023-07-01,CU2018,20007,Independent Retailer,910.5,20.5482,19.5992,17.8735,1.09655,14.455,0,Lost,Incumbent supplier
Q100338,2025-09-01,CU2032,20018,Sub-Distributor,271.6,100.9265,85.9977,100.8048,0.85311,44.3674,1,Won,
Q100339,2025-12-01,CU2005,20146,Independent Retailer,477.1,17.6399,15.1519,16.7189,0.90627,11.8766,1,Won,
Q100340,2024-06-01,CU2141,20082,Marketplace Seller,342.2,37.5707,34.6996,34.4123,1.00835,17.77,1,Won,
Q100341,2026-01-01,CU2125,20091,Marketplace Seller,720.9,30.4782,28.8634,27.9713,1.03189,11.1814,0,Lost,Incumbent supplier
Q100342,2024-06-01,CU2066,20195,Corporate & B2B Buyer,100.0,48.5447,43.8736,39.179,1.11982,25.6128,1,Won,
Q100343,2024-12-01,CU2148,20131,Regional Retail Chain,1202.9,23.8262,21.656,22.5489,0.9604,19.5189,1,Won,
Q100344,2024-03-01,CU2034,20077,Marketplace Seller,89.3,201.7462,172.8726,183.9214,0.93993,87.6711,0,Lost,Specification
Q100345,2024-05-01,CU2087,20078,Sub-Distributor,110.7,26.1651,23.7362,23.5316,1.0087,20.1756,1,Won,
Q100346,2023-11-01,CU2118,20099,Regional Retail Chain,1546.0,83.7298,85.0903,79.01,1.07696,39.5355,1,Won,
Q100347,2026-04-01,CU2085,20125,Government & Education,578.6,14.6716,12.8042,12.131,1.05549,9.0252,0,Lost,Specification
Q100348,2026-02-01,CU2129,20218,Regional Retail Chain,245.8,42.6091,38.2169,40.133,0.95226,22.8219,1,Won,
Q100349,2025-09-01,CU2045,20031,Subscription Box Operator,481.3,6.9035,5.5117,7.0337,0.78362,3.7969,1,Won,
Q100350,2024-04-01,CU2118,20070,Regional Retail Chain,234.2,16.6126,13.9012,13.6719,1.01677,13.1841,0,Lost,Lead time
Q100351,2024-09-01,CU2089,20083,Marketplace Seller,226.5,53.3025,48.2312,55.9914,0.8614,28.6275,0,Lost,Incumbent supplier
Q100352,2024-12-01,CU2013,20146,Independent Retailer,271.6,17.6399,14.9416,14.7145,1.01543,11.2113,1,Won,
Q100353,2023-11-01,CU2043,20180,Government & Education,65.7,17.2434,14.7513,14.3146,1.03051,11.4377,0,Lost,Specification
Q100354,2024-02-01,CU2048,20145,E-commerce Pure-Play,268.1,14.3843,12.3488,12.0939,1.02108,8.9509,0,Lost,Price
Q100355,2023-09-01,CU2138,20227,Marketplace Seller,586.6,39.85,35.8179,35.9902,0.99521,25.6278,0,Lost,Price
Q100356,2025-05-01,CU2022,20220,Regional Retail Chain,376.1,15.9136,14.8637,14.7935,1.00474,7.5425,1,Won,
Q100357,2024-02-01,CU2041,20085,Sub-Distributor,211.8,59.9237,53.5554,61.2852,0.87387,32.734,1,Won,
Q100358,2024-09-01,CU2011,20081,Regional Retail Chain,40.4,63.9641,58.5783,51.6738,1.13362,40.9026,0,Lost,Price
Q100359,2024-12-01,CU2093,20057,Independent Retailer,118.1,36.3271,32.559,31.0398,1.04894,25.5487,1,Won,
Q100360,2025-10-01,CU2115,20104,Sub-Distributor,567.5,17.2286,15.916,18.0767,0.88047,10.368,1,Won,
Q100361,2023-07-01,CU2089,20161,Marketplace Seller,285.9,41.6256,34.4301,42.2981,0.81399,21.5576,1,Won,
Q100362,2023-10-01,CU2082,20077,E-commerce Pure-Play,241.1,199.7719,175.0792,167.0234,1.04823,107.1295,0,Lost,Specification
Q100363,2023-08-01,CU2016,20025,Corporate & B2B Buyer,450.0,50.8458,46.8878,43.9071,1.06789,31.359,0,Lost,Price
Q100364,2023-09-01,CU2111,20114,Independent Retailer,249.3,72.0156,73.4559,70.8566,1.03668,49.7978,0,Lost,Price
Q100365,2024-03-01,CU2003,20042,Regional Retail Chain,350.9,88.6712,66.0357,75.9293,0.8697,52.221,1,Won,
Q100366,2025-06-01,CU2140,20232,Subscription Box Operator,513.6,39.3195,34.0915,37.0962,0.919,28.2967,0,Lost,Specification
Q100367,2023-08-01,CU2021,20028,Corporate & B2B Buyer,551.4,32.4259,30.3491,30.1545,1.00645,21.1122,0,Lost,Price
Q100368,2025-09-01,CU2043,20207,Government & Education,96.3,12.7584,13.0136,12.0139,1.08321,7.4142,0,Lost,Incumbent supplier
Q100369,2025-02-01,CU2137,20218,E-commerce Pure-Play,669.4,46.0232,40.2528,43.2918,0.9298,22.3322,1,Won,
Q100370,2025-10-01,CU2071,20238,Regional Retail Chain,154.8,14.7709,12.6482,11.8507,1.06729,9.6624,0,Lost,Lead time
Q100371,2025-03-01,CU2070,20183,Marketplace Seller,144.0,92.3818,87.8373,77.8464,1.12834,53.5779,0,Lost,Incumbent supplier
Q100372,2023-12-01,CU2115,20042,Sub-Distributor,384.7,92.962,78.1596,86.2854,0.90583,55.4907,1,Won,
Q100373,2025-08-01,CU2126,20027,Marketplace Seller,548.8,35.2869,34.3031,34.4514,0.9957,22.9496,1,Won,
Q100374,2025-09-01,CU2060,20133,Subscription Box Operator,159.3,42.8387,39.0333,41.6403,0.93739,21.93,0,Lost,Price
Q100375,2026-02-01,CU2023,20164,E-commerce Pure-Play,468.7,51.3665,47.8445,50.7598,0.94257,39.0459,1,Won,
Q100376,2026-02-01,CU2037,20235,Marketplace Seller,127.4,70.3977,61.2386,74.1419,0.82597,45.774,0,Lost,Lead time
Q100377,2026-03-01,CU2038,20045,Marketplace Seller,382.0,21.1076,18.7293,18.847,0.99375,15.0946,0,Lost,Price
Q100378,2024-06-01,CU2120,20075,Independent Retailer,986.0,21.141,18.7905,22.2581,0.84421,10.8249,1,Won,
Q100379,2023-12-01,CU2063,20238,Sub-Distributor,308.8,14.383,12.394,12.1905,1.01669,9.7626,1,Won,
Q100380,2025-08-01,CU2138,20201,Marketplace Seller,1684.8,23.8967,20.0421,19.2172,1.04292,18.2352,0,Lost,Lead time
Q100381,2023-11-01,CU2024,20136,Corporate & B2B Buyer,559.6,25.1979,23.801,20.2788,1.17369,14.7121,0,Lost,Price
Q100382,2025-05-01,CU2113,20234,Independent Retailer,364.2,33.5835,28.2206,27.8715,1.01252,20.2589,0,Lost,Price
Q100383,2025-04-01,CU2063,20047,Sub-Distributor,388.8,17.2977,14.7514,14.7673,0.99892,11.7923,1,Won,
Q100384,2025-05-01,CU2007,20137,Sub-Distributor,559.5,75.3005,67.016,64.3689,1.04112,43.2629,0,Lost,Incumbent supplier
Q100385,2023-11-01,CU2096,20063,Marketplace Seller,495.6,85.3854,75.9081,87.266,0.86985,53.5424,1,Won,
Q100386,2026-01-01,CU2065,20107,Government & Education,97.3,51.4429,45.9959,45.5752,1.00923,36.3523,1,Won,
Q100387,2023-09-01,CU2096,20179,Marketplace Seller,289.4,44.4877,38.0918,42.5469,0.89529,22.2436,0,Lost,Price
Q100388,2023-11-01,CU2124,20196,Marketplace Seller,420.8,23.6827,20.1731,19.7154,1.02322,15.769,0,Lost,Price
Q100389,2026-05-01,CU2063,20233,Sub-Distributor,165.6,53.8505,54.9275,44.146,1.24423,30.8975,0,Lost,Incumbent supplier
Q100390,2023-11-01,CU2135,20093,Sub-Distributor,247.5,48.7766,44.5448,47.89,0.93015,26.0576,1,Won,
Q100391,2023-09-01,CU2120,20137,Independent Retailer,910.2,97.7245,90.7324,88.0335,1.03066,54.96,0,Lost,Price
Q100392,2025-11-01,CU2060,20041,Subscription Box Operator,288.0,34.1983,30.6498,29.0189,1.0562,20.7316,0,Lost,Specification
Q100393,2025-04-01,CU2059,20076,Independent Retailer,256.6,23.1834,19.5996,21.4301,0.91458,12.3184,1,Won,
Q100394,2026-02-01,CU2020,20092,Marketplace Seller,275.9,40.0794,36.2256,34.3212,1.05549,25.4954,0,Lost,Specification
Q100395,2023-09-01,CU2103,20000,Marketplace Seller,60.9,64.5408,62.0867,64.8932,0.95675,38.0112,1,Won,
Q100396,2026-01-01,CU2138,20034,Marketplace Seller,513.9,84.0539,71.0872,82.723,0.85934,44.5081,1,Won,
Q100397,2025-09-01,CU2140,20076,Subscription Box Operator,212.6,23.1834,20.2742,24.3191,0.83367,11.1601,1,Won,
Q100398,2025-03-01,CU2077,20029,Corporate & B2B Buyer,117.3,34.7227,28.6083,36.6765,0.78002,13.6067,1,Won,
Q100399,2024-12-01,CU2121,20062,Corporate & B2B Buyer,232.1,49.8424,42.6767,42.4079,1.00634,31.2966,0,Lost,Price
Q100400,2025-03-01,CU2013,20172,Independent Retailer,950.5,23.1191,23.3627,23.8169,0.98093,19.6161,1,Won,
Q100401,2024-01-01,CU2130,20104,Corporate & B2B Buyer,163.1,11.054,9.9628,9.9168,1.00464,7.1904,0,Lost,Incumbent supplier
Q100402,2025-11-01,CU2034,20000,Marketplace Seller,105.4,58.5689,58.2754,51.9347,1.12209,39.6491,0,Lost,Lead time
Q100403,2024-05-01,CU2144,20223,Marketplace Seller,581.6,15.4419,14.5752,14.7832,0.98593,8.5565,0,Lost,Price
Q100404,2024-05-01,CU2013,20190,Independent Retailer,221.1,32.4171,30.0305,30.9253,0.97107,20.8114,1,Won,
Q100405,2025-06-01,CU2144,20236,Marketplace Seller,77.3,44.7815,38.3608,46.7315,0.82088,27.1351,1,Won,
Q100406,2023-09-01,CU2043,20144,Government & Education,362.2,30.7578,30.0523,29.4127,1.02175,18.0326,0,Lost,Price
Q100407,2024-12-01,CU2062,20016,Independent Retailer,403.1,17.5643,15.9268,16.6694,0.95545,11.2595,0,Lost,Lead time
Q100408,2026-03-01,CU2021,20022,Corporate & B2B Buyer,1595.0,45.8218,39.0591,42.9129,0.9102,39.9006,1,Won,
Q100409,2023-08-01,CU2101,20051,Independent Retailer,1384.1,77.3654,63.1146,76.9231,0.82049,49.0713,0,Lost,Lead time
Q100410,2023-09-01,CU2074,20139,Corporate & B2B Buyer,301.3,11.419,9.9259,11.8241,0.83946,6.405,1,Won,
Q100411,2025-05-01,CU2010,20029,Sub-Distributor,600.6,34.7227,27.7764,28.7347,0.96665,13.3946,1,Won,
Q100412,2024-06-01,CU2001,20045,Subscription Box Operator,586.2,18.4836,16.7302,16.3586,1.02272,14.3303,0,Lost,Price
Q100413,2023-12-01,CU2119,20117,Marketplace Seller,431.0,15.5127,14.1854,15.412,0.92041,8.1897,0,Lost,Specification
Q100414,2024-02-01,CU2068,20180,E-commerce Pure-Play,335.0,17.4942,17.2497,18.0734,0.95443,10.5879,0,Lost,Specification
Q100415,2023-10-01,CU2084,20105,Marketplace Seller,402.1,23.2514,17.6117,23.9837,0.73432,11.2381,1,Won,
Q100416,2023-09-01,CU2065,20139,Government & Education,183.9,11.419,9.5816,9.8245,0.97528,6.405,0,Lost,Price
Q100417,2024-01-01,CU2088,20136,Independent Retailer,505.1,23.4045,21.9991,22.4914,0.97811,13.5236,0,Lost,Incumbent supplier
Q100418,2024-03-01,CU2080,20001,Government & Education,168.3,18.5889,17.4668,15.6401,1.11679,9.4755,1,Won,
Q100419,2025-05-01,CU2098,20087,Subscription Box Operator,252.4,27.7601,24.7373,25.6354,0.96497,23.6048,0,Lost,Price
Q100420,2024-04-01,CU2051,20087,Subscription Box Operator,1916.8,28.4527,26.6489,28.0708,0.94935,19.9293,1,Won,
Q100421,2025-05-01,CU2025,20099,E-commerce Pure-Play,203.8,86.7396,79.0196,85.7265,0.92176,36.3184,1,Won,
Q100422,2024-03-01,CU2124,20108,Marketplace Seller,421.0,23.7209,23.3643,24.8583,0.9399,16.7911,0,Lost,Price
Q100423,2025-03-01,CU2063,20227,Sub-Distributor,637.7,36.2487,34.1223,29.0805,1.17337,23.4462,0,Lost,Price
Q100424,2025-08-01,CU2148,20138,Regional Retail Chain,316.3,29.2776,28.9128,23.9498,1.20723,16.1769,0,Lost,Price
Q100425,2026-05-01,CU2002,20225,Marketplace Seller,593.9,103.2608,89.6057,91.5449,0.97882,41.9148,1,Won,
Q100426,2024-04-01,CU2060,20186,Subscription Box Operator,360.1,66.8787,46.9373,66.7734,0.70293,40.9205,1,Won,
Q100427,2025-05-01,CU2129,20183,Regional Retail Chain,590.9,93.9166,68.6888,95.8186,0.71686,50.9851,1,Won,
Q100428,2024-11-01,CU2006,20176,Independent Retailer,1111.6,44.0683,43.8835,41.0307,1.06953,27.2503,0,Lost,Incumbent supplier
Q100429,2026-04-01,CU2048,20114,E-commerce Pure-Play,1222.7,60.4228,58.268,56.854,1.02487,40.1045,0,Lost,Lead time
Q100430,2023-09-01,CU2092,20220,Marketplace Seller,341.9,15.9779,14.2448,13.0934,1.08794,7.8877,1,Won,
Q100431,2024-02-01,CU2013,20094,Independent Retailer,1214.1,17.8157,16.6737,15.9649,1.0444,8.8216,1,Won,
Q100432,2024-11-01,CU2005,20030,Independent Retailer,63.8,15.2431,14.6926,15.4452,0.95128,9.699,0,Lost,Price
Q100433,2025-07-01,CU2024,20006,Corporate & B2B Buyer,314.0,40.3535,34.3663,42.0253,0.81775,18.1619,1,Won,
Q100434,2024-08-01,CU2023,20098,E-commerce Pure-Play,351.6,18.1915,17.668,15.8164,1.11707,12.389,0,Lost,Specification
Q100435,2024-02-01,CU2076,20109,Government & Education,314.5,26.7263,20.6765,22.9287,0.90177,14.4437,0,Lost,Incumbent supplier
Q100436,2024-09-01,CU2105,20014,Marketplace Seller,651.9,40.1371,36.1461,37.1551,0.97284,17.4404,0,Lost,Incumbent supplier
Q100437,2025-05-01,CU2141,20177,Marketplace Seller,393.3,35.3179,31.3505,33.6751,0.93097,23.4973,0,Lost,Lead time
Q100438,2024-11-01,CU2122,20171,Marketplace Seller,117.3,37.8044,35.6906,33.0043,1.08139,25.3992,0,Lost,Specification
Q100439,2024-10-01,CU2078,20036,E-commerce Pure-Play,233.3,12.482,9.4294,12.4155,0.75949,8.9052,1,Won,
Q100440,2025-08-01,CU2012,20125,Government & Education,359.8,14.6716,12.631,14.3923,0.87762,9.1959,1,Won,
Q100441,2023-11-01,CU2124,20198,Marketplace Seller,477.1,8.8714,8.5426,7.7184,1.10678,4.2611,0,Lost,Lead time
Q100442,2024-12-01,CU2045,20142,Subscription Box Operator,266.3,28.5821,23.7642,25.0808,0.94751,20.4273,1,Won,
Q100443,2024-06-01,CU2108,20186,Sub-Distributor,694.5,66.8787,49.6157,64.248,0.77225,42.4742,1,Won,
Q100444,2024-05-01,CU2028,20190,Independent Retailer,121.0,32.4171,33.0407,27.2164,1.214,20.8114,0,Lost,Price
Q100445,2025-08-01,CU2143,20170,Sub-Distributor,93.0,23.2663,19.1288,19.3148,0.99037,12.6688,1,Won,
Q100446,2023-12-01,CU2089,20138,Marketplace Seller,338.1,24.8446,22.0675,24.1136,0.91515,12.7233,0,Lost,Price
Q100447,2024-03-01,CU2052,20021,Marketplace Seller,166.3,41.2117,40.2837,35.5087,1.13448,32.3707,0,Lost,Incumbent supplier
Q100448,2024-03-01,CU2085,20001,Government & Education,123.2,18.5889,16.5388,18.4411,0.89684,9.4755,0,Lost,Price
Q100449,2025-03-01,CU2057,20108,Subscription Box Operator,180.2,24.5248,22.037,22.0353,1.00007,14.5447,1,Won,
Q100450,2025-01-01,CU2046,20118,Marketplace Seller,243.3,85.601,72.571,76.8258,0.94462,46.707,1,Won,
Q100451,2024-07-01,CU2110,20124,Independent Retailer,269.4,14.5257,13.2173,12.3171,1.07308,10.0053,0,Lost,Incumbent supplier
Q100452,2023-08-01,CU2137,20108,E-commerce Pure-Play,702.6,25.1117,24.5864,22.1983,1.10758,17.9593,0,Lost,Price
Q100453,2024-05-01,CU2127,20162,Corporate & B2B Buyer,1130.2,13.9735,11.4989,12.255,0.9383,7.1349,1,Won,
Q100454,2024-08-01,CU2015,20066,Corporate & B2B Buyer,143.4,13.5628,12.7889,14.2631,0.89664,8.0528,0,Lost,Price
Q100455,2025-09-01,CU2051,20016,Subscription Box Operator,158.0,19.8476,17.4332,20.1544,0.86498,12.5807,1,Won,
Q100456,2023-10-01,CU2107,20209,E-commerce Pure-Play,95.6,14.0914,13.4959,11.76,1.14762,8.439,0,Lost,Price
Q100457,2025-12-01,CU2115,20036,Sub-Distributor,742.5,12.7493,11.4094,12.4977,0.91292,8.6678,0,Lost,Incumbent supplier
Q100458,2023-10-01,CU2048,20164,E-commerce Pure-Play,1014.3,62.9246,53.6921,62.9393,0.85308,40.4693,1,Won,
Q100459,2025-04-01,CU2046,20052,Marketplace Seller,81.6,16.2177,12.6351,13.5579,0.93194,7.7265,1,Won,
Q100460,2025-12-01,CU2076,20162,Government & Education,458.4,19.8528,16.31,20.8208,0.78335,8.0891,1,Won,
Q100461,2025-01-01,CU2006,20148,Independent Retailer,995.0,67.3491,58.4069,67.5543,0.86459,36.4777,0,Lost,Lead time
Q100462,2023-12-01,CU2048,20146,E-commerce Pure-Play,176.4,17.6399,16.3836,17.4468,0.93906,13.5524,0,Lost,Price
Q100463,2026-03-01,CU2001,20108,Subscription Box Operator,167.8,27.1312,23.9749,25.8207,0.92851,12.0804,1,Won,
Q100464,2025-12-01,CU2027,20048,Marketplace Seller,566.9,107.9141,93.9115,111.7048,0.84071,74.1896,1,Won,
Q100465,2024-02-01,CU2053,20063,Corporate & B2B Buyer,68.1,90.3471,89.1009,83.3211,1.06937,55.6772,0,Lost,Lead time
Q100466,2026-05-01,CU2107,20037,E-commerce Pure-Play,322.7,33.4874,28.491,35.2657,0.80789,23.6433,1,Won,
Q100467,2025-03-01,CU2130,20013,Corporate & B2B Buyer,82.0,79.717,70.0491,83.0979,0.84297,48.3035,1,Won,
Q100468,2025-01-01,CU2135,20049,Sub-Distributor,92.9,75.0118,71.8436,72.5914,0.9897,37.1445,0,Lost,Price
Q100469,2024-12-01,CU2042,20033,Corporate & B2B Buyer,345.3,14.6078,13.5855,12.0178,1.13045,10.5219,0,Lost,Lead time
Q100470,2023-12-01,CU2136,20090,Government & Education,212.7,31.9466,27.6479,26.374,1.0483,20.018,0,Lost,Incumbent supplier
Q100471,2025-11-01,CU2059,20203,Independent Retailer,100.2,17.8179,13.1335,14.3817,0.9132,11.8153,1,Won,
Q100472,2025-08-01,CU2088,20146,Independent Retailer,983.6,17.6399,15.7572,16.3857,0.96164,10.4443,0,Lost,Lead time
Q100473,2023-12-01,CU2016,20223,Corporate & B2B Buyer,297.2,15.0794,13.0385,13.3474,0.97686,8.225,0,Lost,Price
Q100474,2026-05-01,CU2038,20179,Marketplace Seller,1877.4,45.9419,39.1396,41.1603,0.95091,24.196,1,Won,
Q100475,2023-07-01,CU2040,20226,Independent Retailer,313.9,12.3278,11.6918,10.3208,1.13284,6.6862,0,Lost,Specification
Q100476,2026-03-01,CU2140,20142,Subscription Box Operator,322.1,33.1195,26.2123,29.4577,0.88983,20.0006,0,Lost,Lead time
Q100477,2025-08-01,CU2090,20193,Sub-Distributor,140.1,43.6001,39.5189,45.6253,0.86616,33.1599,1,Won,
Q100478,2025-03-01,CU2003,20112,Regional Retail Chain,625.3,43.7766,38.8135,38.8843,0.99818,23.1439,1,Won,
Q100479,2023-10-01,CU2051,20201,Subscription Box Operator,1021.1,19.1483,17.9424,16.5334,1.08522,11.7827,1,Won,
Q100480,2025-08-01,CU2070,20171,Marketplace Seller,173.0,38.8975,36.8177,36.0226,1.02207,25.5696,0,Lost,Incumbent supplier
Q100481,2025-01-01,CU2105,20099,Marketplace Seller,530.4,85.789,82.4226,87.7296,0.93951,36.8841,1,Won,
Q100482,2026-06-01,CU2047,20033,Corporate & B2B Buyer,780.8,17.0921,13.3617,15.4976,0.86218,11.7219,0,Lost,Price
Q100483,2025-07-01,CU2090,20208,Sub-Distributor,455.7,24.7639,23.4674,23.5264,0.99749,13.0159,1,Won,
Q100484,2026-01-01,CU2130,20071,Corporate & B2B Buyer,757.8,65.7625,56.6795,66.2922,0.85499,41.9218,1,Won,
Q100485,2023-09-01,CU2096,20128,Marketplace Seller,885.6,12.3784,10.8157,12.2428,0.88343,7.9804,1,Won,
Q100486,2024-10-01,CU2134,20125,Marketplace Seller,227.5,14.6716,13.379,14.459,0.92531,9.747,1,Won,
Q100487,2023-08-01,CU2148,20100,Regional Retail Chain,956.5,26.0394,23.0184,27.0259,0.85172,17.5639,1,Won,
Q100488,2025-08-01,CU2122,20137,Marketplace Seller,269.8,80.6206,61.8672,74.6121,0.82919,48.5171,1,Won,
Q100489,2025-05-01,CU2061,20018,Marketplace Seller,945.7,92.1369,83.5722,91.7535,0.91083,45.6055,0,Lost,Lead time
Q100490,2025-04-01,CU2147,20133,Marketplace Seller,274.3,41.5704,33.4459,34.5787,0.96724,21.4053,0,Lost,Specification
Q100491,2023-09-01,CU2078,20114,E-commerce Pure-Play,203.8,72.0156,56.6108,69.5805,0.8136,49.7978,1,Won,
Q100492,2024-12-01,CU2058,20211,Corporate & B2B Buyer,846.5,39.7418,35.6269,37.727,0.94433,26.4824,1,Won,
Q100493,2025-05-01,CU2069,20121,E-commerce Pure-Play,1386.3,16.0103,13.4193,14.7868,0.90752,12.149,1,Won,
Q100494,2025-04-01,CU2020,20097,Marketplace Seller,815.0,67.0046,55.9007,60.0234,0.93132,34.556,1,Won,
Q100495,2026-02-01,CU2025,20083,E-commerce Pure-Play,547.8,47.8377,41.6396,45.2517,0.92018,29.7907,1,Won,
Q100496,2024-07-01,CU2144,20154,Marketplace Seller,437.2,42.4731,37.3734,35.5918,1.05006,25.3835,0,Lost,Specification
Q100497,2023-07-01,CU2136,20053,Government & Education,694.4,17.0868,14.9287,16.2253,0.92009,10.755,1,Won,
Q100498,2026-01-01,CU2063,20008,Sub-Distributor,290.8,20.8489,20.4447,19.4896,1.049,14.4859,0,Lost,Price
Q100499,2025-04-01,CU2026,20014,Marketplace Seller,99.9,40.1896,32.6488,39.5518,0.82547,16.9151,1,Won,
Q100500,2024-05-01,CU2046,20143,Marketplace Seller,262.3,64.7116,56.0113,60.1145,0.93174,36.9665,1,Won,
Q100501,2026-03-01,CU2116,20073,Independent Retailer,413.7,21.6086,18.3942,19.7445,0.93161,18.5638,0,Lost,Price
Q100502,2026-01-01,CU2024,20192,Corporate & B2B Buyer,255.9,20.8993,17.1654,16.8674,1.01767,14.6447,0,Lost,Specification
Q100503,2025-11-01,CU2130,20044,Corporate & B2B Buyer,141.1,16.6536,14.117,15.2683,0.92459,9.5004,1,Won,
Q100504,2026-05-01,CU2027,20157,Marketplace Seller,199.6,51.8245,48.0001,42.8206,1.12096,42.9891,0,Lost,Lead time
Q100505,2023-09-01,CU2033,20201,Independent Retailer,394.6,19.1483,14.5991,19.0992,0.76438,12.6623,1,Won,
Q100506,2025-05-01,CU2098,20007,Subscription Box Operator,806.2,22.4198,20.0343,19.1408,1.04668,17.7065,0,Lost,Lead time
Q100507,2025-05-01,CU2142,20088,Marketplace Seller,170.9,17.4015,15.061,18.1604,0.82933,9.6375,1,Won,
Q100508,2025-09-01,CU2012,20159,Government & Education,294.4,21.2533,18.1612,18.9451,0.95862,17.2264,0,Lost,Price
Q100509,2024-03-01,CU2017,20204,Government & Education,406.7,23.0004,17.9689,20.9902,0.85606,12.6683,1,Won,
Q100510,2023-07-01,CU2060,20107,Subscription Box Operator,1328.3,50.0298,43.6532,52.3339,0.83413,27.8687,1,Won,
Q100511,2024-04-01,CU2065,20008,Government & Education,358.9,19.1588,18.216,16.7521,1.08739,12.0705,0,Lost,Price
Q100512,2023-10-01,CU2078,20148,E-commerce Pure-Play,325.0,67.3491,57.8608,60.0376,0.96374,43.716,1,Won,
Q100513,2024-07-01,CU2060,20197,Subscription Box Operator,566.7,17.2138,15.8104,16.8364,0.93906,9.4959,1,Won,
Q100514,2026-05-01,CU2147,20037,Marketplace Seller,335.5,33.4874,30.2738,31.4727,0.96191,23.6433,1,Won,
Q100515,2025-07-01,CU2060,20128,Subscription Box Operator,515.4,17.2066,17.2827,16.549,1.04433,11.413,1,Won,
Q100516,2024-06-01,CU2000,20225,Independent Retailer,39.7,90.5597,84.125,83.8347,1.00346,44.6339,1,Won,
Q100517,2024-04-01,CU2010,20047,Sub-Distributor,394.2,22.0725,20.8497,18.1733,1.14727,14.1332,0,Lost,Price
Q100518,2024-07-01,CU2032,20151,Sub-Distributor,46.2,17.4083,16.4859,14.8678,1.10883,6.9036,0,Lost,Price
Q100519,2023-09-01,CU2127,20016,Corporate & B2B Buyer,406.9,17.3203,16.1141,17.1272,0.94085,10.5725,1,Won,
Q100520,2024-02-01,CU2104,20152,Corporate & B2B Buyer,357.0,20.2112,16.5073,20.4239,0.80823,11.4453,1,Won,
Q100521,2023-10-01,CU2054,20077,Marketplace Seller,365.9,199.7719,190.6982,189.2894,1.00744,107.1295,0,Lost,Lead time
Q100522,2025-07-01,CU2146,20043,E-commerce Pure-Play,265.0,44.1082,41.9837,44.7124,0.93897,24.2991,1,Won,
Q100523,2025-06-01,CU2140,20073,Subscription Box Operator,542.3,21.6086,17.8884,17.4681,1.02406,17.4867,1,Won,
Q100524,2024-12-01,CU2140,20218,Subscription Box Operator,499.9,49.5534,44.045,47.2219,0.93272,22.0524,0,Lost,Lead time
Q100525,2025-10-01,CU2109,20037,Subscription Box Operator,48.5,33.3862,29.2147,33.9946,0.85939,19.4082,0,Lost,Specification
Q100526,2025-01-01,CU2082,20170,E-commerce Pure-Play,43.6,19.8924,18.2864,17.7737,1.02885,10.3499,0,Lost,Price
Q100527,2024-07-01,CU2055,20138,Marketplace Seller,2085.4,27.5895,23.1029,22.3044,1.0358,15.0837,1,Won,
Q100528,2024-02-01,CU2019,20110,E-commerce Pure-Play,843.5,120.9785,90.0784,100.2096,0.8989,73.2428,0,Lost,Price
Q100529,2024-12-01,CU2141,20014,Marketplace Seller,474.4,39.3071,39.3666,39.0796,1.00735,16.3233,0,Lost,Price
Q100530,2025-07-01,CU2053,20008,Corporate & B2B Buyer,103.0,18.2448,18.3491,18.9467,0.96846,12.8847,0,Lost,Price
Q100531,2024-06-01,CU2140,20095,Subscription Box Operator,111.3,16.5539,15.8079,13.6544,1.15771,8.7409,0,Lost,Price
Q100532,2023-08-01,CU2119,20202,Marketplace Seller,539.8,46.9027,41.0409,39.2891,1.04459,31.9435,0,Lost,Incumbent supplier
Q100533,2025-10-01,CU2019,20086,E-commerce Pure-Play,246.3,44.7277,38.9838,42.1959,0.92388,19.376,1,Won,
Q100534,2024-08-01,CU2032,20155,Sub-Distributor,408.9,133.9232,108.1777,120.0702,0.90095,90.9451,1,Won,
Q100535,2026-01-01,CU2017,20214,Government & Education,1164.3,16.4327,13.4075,13.8528,0.96785,12.8798,0,Lost,Lead time
Q100536,2024-07-01,CU2089,20046,Marketplace Seller,124.0,16.7446,14.3907,14.1365,1.01798,13.0428,0,Lost,Incumbent supplier
Q100537,2025-03-01,CU2113,20065,Independent Retailer,552.6,44.0852,38.633,41.9513,0.9209,27.9137,0,Lost,Price
Q100538,2023-10-01,CU2026,20145,Marketplace Seller,1032.3,15.7244,13.076,13.7296,0.9524,8.8317,1,Won,
Q100539,2024-10-01,CU2122,20133,Marketplace Seller,423.8,43.5137,40.5952,44.115,0.92021,19.5527,1,Won,
Q100540,2024-01-01,CU2037,20110,Marketplace Seller,885.6,120.9785,114.4096,99.6559,1.14805,77.2082,1,Won,
Q100541,2025-05-01,CU2127,20174,Corporate & B2B Buyer,186.9,12.8281,11.5191,10.7325,1.07329,8.5869,0,Lost,Specification
Q100542,2026-03-01,CU2058,20172,Corporate & B2B Buyer,128.6,34.0262,30.6048,34.1704,0.89565,22.9439,1,Won,
Q100543,2024-12-01,CU2074,20142,Corporate & B2B Buyer,298.3,28.5821,25.4895,29.9221,0.85186,20.4273,1,Won,
Q100544,2025-03-01,CU2046,20193,Marketplace Seller,265.5,41.942,38.6221,38.8947,0.99299,31.382,0,Lost,Lead time
Q100545,2023-07-01,CU2121,20237,Corporate & B2B Buyer,552.5,80.4222,74.7664,79.8196,0.93669,54.3916,0,Lost,Price
Q100546,2023-12-01,CU2148,20016,Regional Retail Chain,20.7,18.2652,15.3538,15.0541,1.01991,10.6921,1,Won,
Q100547,2024-01-01,CU2039,20006,Marketplace Seller,575.9,39.2293,39.4368,35.2438,1.11897,20.04,0,Lost,Specification
Q100548,2024-05-01,CU2124,20000,Marketplace Seller,607.9,68.1604,69.5236,71.0823,0.97807,37.6205,1,Won,
Q100549,2023-07-01,CU2039,20119,Marketplace Seller,69.2,49.169,42.6461,47.2616,0.90234,31.9853,1,Won,
Q100550,2025-03-01,CU2038,20084,Marketplace Seller,105.1,22.1674,19.396,18.9958,1.02107,13.1175,0,Lost,Price
Q100551,2024-06-01,CU2097,20143,Subscription Box Operator,195.2,64.7116,56.6598,66.0041,0.85843,34.5229,1,Won,
Q100552,2026-04-01,CU2103,20204,Marketplace Seller,460.0,24.7525,23.698,25.1475,0.94236,14.2681,0,Lost,Price
Q100553,2025-05-01,CU2053,20023,Corporate & B2B Buyer,103.6,32.4767,29.8383,31.3772,0.95095,23.588,0,Lost,Price
Q100554,2024-01-01,CU2046,20144,Marketplace Seller,120.1,31.9568,29.2231,28.3129,1.03215,19.7323,0,Lost,Lead time
Q100555,2024-10-01,CU2127,20156,Corporate & B2B Buyer,506.8,71.0354,65.7804,67.9623,0.9679,48.7801,0,Lost,Lead time
Q100556,2024-10-01,CU2107,20203,E-commerce Pure-Play,259.0,19.1604,16.2027,17.6718,0.91686,11.8589,1,Won,
Q100557,2026-02-01,CU2067,20010,Independent Retailer,221.0,48.9022,41.1759,51.7056,0.79635,33.0016,1,Won,
Q100558,2023-09-01,CU2136,20228,Government & Education,362.8,41.451,35.7665,43.2107,0.82772,25.8694,0,Lost,Specification
Q100559,2024-09-01,CU2143,20028,Sub-Distributor,288.0,32.4259,27.089,30.012,0.9026,24.6707,1,Won,
Q100560,2024-05-01,CU2096,20113,Marketplace Seller,390.9,42.1613,35.7516,39.9284,0.89539,23.9448,1,Won,
Q100561,2025-07-01,CU2033,20222,Independent Retailer,119.4,22.3331,20.6194,18.7045,1.10238,14.3386,0,Lost,Price
Q100562,2023-08-01,CU2073,20164,Marketplace Seller,376.7,65.3076,52.4356,61.4224,0.85369,41.1384,0,Lost,Price
Q100563,2026-05-01,CU2034,20113,Marketplace Seller,21.0,35.7437,34.3279,30.0452,1.14254,22.7795,0,Lost,Price
Q100564,2023-11-01,CU2000,20084,Independent Retailer,161.9,23.0641,21.5756,22.4703,0.96018,18.1104,0,Lost,Price
Q100565,2024-12-01,CU2006,20183,Independent Retailer,476.3,89.5027,77.9894,89.9166,0.86735,55.3671,0,Lost,Specification
Q100566,2024-07-01,CU2024,20215,Corporate & B2B Buyer,655.4,11.8721,11.5223,10.0385,1.1478,8.7624,0,Lost,Lead time
Q100567,2024-09-01,CU2033,20039,Independent Retailer,94.0,96.161,80.8715,90.2105,0.89648,52.6333,0,Lost,Incumbent supplier
Q100568,2025-06-01,CU2115,20133,Sub-Distributor,335.3,40.8324,34.4238,39.853,0.86377,20.7837,1,Won,
Q100569,2024-03-01,CU2020,20074,Marketplace Seller,865.3,48.6415,44.0632,43.1405,1.02139,26.9192,1,Won,
Q100570,2024-09-01,CU2037,20158,Marketplace Seller,227.0,39.4333,36.3443,38.9546,0.93299,28.6434,1,Won,
Q100571,2025-09-01,CU2064,20017,Independent Retailer,391.3,29.802,23.5428,29.7762,0.79066,15.8227,0,Lost,Price
Q100572,2024-09-01,CU2073,20113,Marketplace Seller,291.7,39.6842,29.9308,34.8098,0.85984,24.6491,1,Won,
Q100573,2024-12-01,CU2042,20012,Corporate & B2B Buyer,114.8,17.1448,17.1626,16.4954,1.04045,6.6731,0,Lost,Price
Q100574,2025-01-01,CU2073,20179,Marketplace Seller,1656.5,47.1026,34.8885,46.4985,0.75032,22.3777,1,Won,
Q100575,2024-09-01,CU2020,20128,Marketplace Seller,357.8,12.8154,10.7472,10.6704,1.00719,8.9565,0,Lost,Price
Q100576,2025-01-01,CU2021,20108,Corporate & B2B Buyer,670.5,25.5996,26.1116,23.3109,1.12014,14.8375,0,Lost,Specification
Q100577,2024-12-01,CU2024,20178,Corporate & B2B Buyer,574.7,23.5067,22.7349,22.5565,1.00791,18.7993,0,Lost,Lead time
Q100578,2023-10-01,CU2135,20001,Sub-Distributor,1051.7,18.3159,16.9663,16.3418,1.03821,9.7856,1,Won,
Q100579,2024-07-01,CU2086,20102,Marketplace Seller,1030.7,58.3078,49.461,49.1409,1.00651,35.2797,1,Won,
Q100580,2025-09-01,CU2126,20208,Marketplace Seller,3237.1,23.8716,19.2363,19.5963,0.98163,13.0592,1,Won,
Q100581,2025-11-01,CU2063,20047,Sub-Distributor,567.6,17.3719,15.7007,18.0758,0.8686,11.5567,1,Won,
Q100582,2024-02-01,CU2131,20211,Regional Retail Chain,154.8,39.7418,33.8861,33.7118,1.00517,23.7524,1,Won,
Q100583,2026-04-01,CU2125,20010,Marketplace Seller,909.4,48.9022,47.8064,48.341,0.98894,35.0496,0,Lost,Price
Q100584,2025-11-01,CU2067,20154,Independent Retailer,229.5,48.3333,44.7801,49.6508,0.9019,25.8109,1,Won,
Q100585,2024-10-01,CU2013,20238,Independent Retailer,485.5,13.9566,12.143,12.5595,0.96683,10.0499,0,Lost,Price
Q100586,2023-09-01,CU2003,20058,Regional Retail Chain,955.6,27.2399,25.0185,27.2789,0.91714,19.0626,1,Won,
Q100587,2025-07-01,CU2045,20043,Subscription Box Operator,41.8,44.1082,38.6378,37.9333,1.01857,24.2991,0,Lost,Incumbent supplier
Q100588,2025-08-01,CU2055,20146,Marketplace Seller,876.0,17.6399,15.6138,17.8575,0.87436,10.4443,1,Won,
Q100589,2024-01-01,CU2093,20145,Independent Retailer,253.8,15.3185,12.5573,12.3213,1.01915,8.4922,0,Lost,Incumbent supplier
Q100590,2024-04-01,CU2012,20218,Government & Education,572.2,47.2637,40.7949,41.2531,0.98889,24.0492,1,Won,
Q100591,2025-07-01,CU2029,20031,Independent Retailer,395.5,6.9035,7.0296,6.5673,1.07039,3.98,0,Lost,Price
Q100592,2024-01-01,CU2031,20003,Corporate & B2B Buyer,273.6,29.3806,27.0274,24.0351,1.1245,21.3604,0,Lost,Price
Q100593,2024-03-01,CU2052,20023,Marketplace Seller,577.5,26.2896,24.065,24.6711,0.97543,18.4223,0,Lost,Price
Q100594,2023-12-01,CU2042,20023,Corporate & B2B Buyer,280.0,26.4337,21.4843,24.3891,0.8809,18.0977,0,Lost,Incumbent supplier
Q100595,2025-05-01,CU2044,20112,Corporate & B2B Buyer,282.3,43.7766,40.345,38.6591,1.04361,23.6383,0,Lost,Price
Q100596,2025-04-01,CU2023,20200,E-commerce Pure-Play,88.0,26.04,23.652,23.2195,1.01863,16.7156,1,Won,
Q100597,2024-07-01,CU2080,20232,Government & Education,1509.2,43.3853,38.8124,43.826,0.8856,25.846,1,Won,
Q100598,2023-10-01,CU2063,20110,Sub-Distributor,658.3,117.2092,111.6525,95.3919,1.17046,71.7825,0,Lost,Lead time
Q100599,2023-07-01,CU2050,20059,Marketplace Seller,103.2,8.8756,8.3271,8.2601,1.00812,6.0146,0,Lost,Specification
Q100600,2023-10-01,CU2098,20015,Subscription Box Operator,105.2,14.3952,13.8075,13.8977,0.99351,8.4778,0,Lost,Specification
Q100601,2024-10-01,CU2014,20231,Marketplace Seller,1329.3,44.5225,41.0709,38.8679,1.05668,24.9496,0,Lost,Price
Q100602,2025-08-01,CU2039,20126,Marketplace Seller,82.0,54.596,52.1134,49.7011,1.04854,31.2288,0,Lost,Incumbent supplier
Q100603,2025-11-01,CU2055,20035,Marketplace Seller,357.6,47.0606,43.1259,38.0447,1.13356,22.2448,0,Lost,Price
Q100604,2024-01-01,CU2104,20024,Corporate & B2B Buyer,953.6,40.8823,40.0805,33.0002,1.21455,31.4431,0,Lost,Incumbent supplier
Q100605,2025-01-01,CU2116,20162,Independent Retailer,266.6,16.1106,12.5276,13.3859,0.93588,7.9479,1,Won,
Q100606,2025-06-01,CU2017,20183,Government & Education,257.7,93.9166,81.0477,89.3444,0.90714,46.8073,0,Lost,Price
Q100607,2025-07-01,CU2009,20038,Marketplace Seller,143.1,77.9956,56.1912,71.1769,0.78946,57.6165,1,Won,
Q100608,2025-04-01,CU2051,20011,Subscription Box Operator,1930.0,19.3151,18.6324,19.9254,0.93511,14.0327,1,Won,
Q100609,2024-01-01,CU2087,20053,Sub-Distributor,1082.7,18.5853,16.3054,16.3564,0.99688,10.6749,0,Lost,Price
Q100610,2025-11-01,CU2149,20146,Corporate & B2B Buyer,208.7,17.6399,15.5808,15.9796,0.97504,11.3958,0,Lost,Incumbent supplier
Q100611,2024-09-01,CU2065,20082,Government & Education,164.9,38.6949,33.8739,36.0542,0.93952,18.1136,0,Lost,Lead time
Q100612,2025-12-01,CU2095,20018,Sub-Distributor,172.5,100.9265,93.6828,93.3465,1.0036,40.9,0,Lost,Price
Q100613,2024-09-01,CU2053,20032,Corporate & B2B Buyer,204.3,18.0593,13.794,18.0591,0.76383,12.8033,1,Won,
Q100614,2026-06-01,CU2061,20026,Marketplace Seller,318.2,44.0949,44.8832,35.5531,1.26243,32.5408,0,Lost,Price
Q100615,2025-08-01,CU2146,20173,E-commerce Pure-Play,641.2,24.9955,23.5475,24.3719,0.96617,18.5393,1,Won,
Q100616,2023-08-01,CU2043,20073,Government & Education,183.3,20.1823,16.1841,19.6601,0.82319,13.9152,1,Won,
Q100617,2026-05-01,CU2067,20051,Independent Retailer,614.7,64.7148,58.3084,62.5757,0.9318,37.4773,1,Won,
Q100618,2024-05-01,CU2123,20074,Independent Retailer,879.7,48.6415,39.747,40.8591,0.97278,26.2424,1,Won,
Q100619,2024-08-01,CU2030,20118,Independent Retailer,620.7,84.0652,76.9129,84.2999,0.91237,43.7186,1,Won,
Q100620,2026-05-01,CU2081,20223,Regional Retail Chain,487.5,15.1297,12.8295,15.5281,0.82621,8.7655,1,Won,
Q100621,2023-09-01,CU2090,20146,Sub-Distributor,448.3,17.6399,15.0293,16.3539,0.919,12.6259,1,Won,
Q100622,2025-09-01,CU2096,20036,Marketplace Seller,295.6,13.0388,12.8466,11.2604,1.14086,9.5437,0,Lost,Price
Q100623,2025-09-01,CU2143,20163,Sub-Distributor,708.7,19.0583,17.2275,16.4953,1.04439,12.5364,0,Lost,Price
Q100624,2023-10-01,CU2046,20138,Marketplace Seller,88.1,24.8446,23.6995,23.7724,0.99693,13.4723,1,Won,
Q100625,2023-08-01,CU2034,20094,Marketplace Seller,200.1,18.173,15.3524,16.8948,0.90871,9.4403,1,Won,
Q100626,2025-10-01,CU2040,20138,Independent Retailer,132.7,29.2776,27.3967,28.4209,0.96396,14.4218,0,Lost,Incumbent supplier
Q100627,2025-06-01,CU2031,20015,Corporate & B2B Buyer,646.0,12.6197,10.4642,12.7587,0.82016,8.2581,0,Lost,Price
Q100628,2023-09-01,CU2142,20044,Marketplace Seller,112.2,14.2218,12.9229,11.4624,1.12742,7.6097,0,Lost,Price
Q100629,2023-11-01,CU2085,20070,Government & Education,865.8,17.6262,17.3799,18.3009,0.94967,13.0855,1,Won,
Q100630,2026-02-01,CU2138,20197,Marketplace Seller,146.8,16.0776,15.8745,16.0296,0.99032,9.3268,0,Lost,Specification
Q100631,2023-08-01,CU2071,20101,Regional Retail Chain,532.3,15.02,14.817,15.7527,0.9406,7.3424,1,Won,
Q100632,2024-03-01,CU2018,20154,Independent Retailer,86.3,42.4731,36.8408,41.3781,0.89035,22.388,1,Won,
Q100633,2026-06-01,CU2137,20052,E-commerce Pure-Play,677.4,20.0117,17.1889,20.9866,0.81905,8.9312,1,Won,
Q100634,2024-10-01,CU2013,20151,Independent Retailer,258.2,16.912,15.3551,16.2892,0.94266,6.1648,0,Lost,Specification
Q100635,2023-12-01,CU2125,20083,Marketplace Seller,199.9,59.5411,53.0207,61.6824,0.85958,30.1959,1,Won,
Q100636,2024-12-01,CU2002,20084,Marketplace Seller,1081.4,22.2739,20.1204,19.6414,1.02439,14.6661,1,Won,
Q100637,2025-10-01,CU2148,20209,Regional Retail Chain,1329.1,15.1911,14.3341,13.137,1.09112,10.6447,0,Lost,Price
Q100638,2024-04-01,CU2005,20135,Independent Retailer,293.0,68.2762,64.2614,57.6237,1.11519,32.9716,0,Lost,Incumbent supplier
Q100639,2025-12-01,CU2015,20148,Corporate & B2B Buyer,187.9,67.3491,61.4455,70.8954,0.86671,32.9314,1,Won,
Q100640,2025-10-01,CU2050,20216,Marketplace Seller,2037.7,41.3841,37.7982,39.1227,0.96614,21.3109,1,Won,
Q100641,2026-02-01,CU2137,20128,E-commerce Pure-Play,60.9,17.3446,15.132,16.6552,0.90855,12.0744,1,Won,
Q100642,2025-08-01,CU2000,20000,Independent Retailer,418.5,58.5689,55.8572,60.3363,0.92576,40.542,1,Won,
Q100643,2024-11-01,CU2096,20005,Marketplace Seller,265.3,37.5068,31.6681,35.5709,0.89028,17.6607,1,Won,
Q100644,2025-01-01,CU2018,20182,Independent Retailer,254.0,35.5345,35.1348,33.846,1.03808,25.8678,1,Won,
Q100645,2024-04-01,CU2063,20210,Sub-Distributor,328.7,40.3322,36.5436,40.3906,0.90476,21.6309,1,Won,
Q100646,2024-02-01,CU2102,20060,Sub-Distributor,94.6,26.8635,25.1001,27.6787,0.90684,16.3564,0,Lost,Price
Q100647,2026-05-01,CU2143,20074,Sub-Distributor,308.3,40.9523,37.3013,37.9568,0.98273,23.4817,1,Won,
Q100648,2025-08-01,CU2124,20190,Marketplace Seller,943.8,33.1216,29.4936,28.5,1.03486,23.925,0,Lost,Incumbent supplier
Q100649,2024-05-01,CU2066,20150,Corporate & B2B Buyer,302.5,24.4719,21.933,21.0939,1.03978,14.4656,1,Won,
Q100650,2025-03-01,CU2040,20238,Independent Retailer,147.1,13.945,12.2692,11.4495,1.0716,9.2428,1,Won,
Q100651,2026-06-01,CU2041,20190,Sub-Distributor,763.8,37.794,31.2167,30.3101,1.02991,22.8688,1,Won,
Q100652,2025-07-01,CU2085,20010,Government & Education,722.8,49.2508,42.3313,40.5326,1.04438,32.7299,1,Won,
Q100653,2025-02-01,CU2120,20147,Independent Retailer,212.2,29.3147,27.586,28.9433,0.9531,17.7182,0,Lost,Lead time
Q100654,2023-09-01,CU2056,20153,Regional Retail Chain,519.6,24.5423,24.8115,25.0074,0.99217,13.0821,1,Won,
Q100655,2024-12-01,CU2027,20093,Marketplace Seller,132.5,56.0758,55.7035,54.6859,1.01861,27.6758,0,Lost,Specification
Q100656,2024-02-01,CU2028,20179,Independent Retailer,439.5,42.9314,39.881,40.6515,0.98105,24.8805,0,Lost,Price
Q100657,2025-07-01,CU2121,20094,Corporate & B2B Buyer,1862.5,18.7872,17.3005,15.2347,1.1356,8.225,0,Lost,Incumbent supplier
Q100658,2023-12-01,CU2029,20079,Independent Retailer,337.4,11.6082,9.7198,9.6705,1.0051,8.1426,0,Lost,Specification
Q100659,2024-06-01,CU2002,20082,Marketplace Seller,754.8,37.5707,36.6935,38.5183,0.95262,17.77,0,Lost,Price
Q100660,2026-05-01,CU2044,20077,Corporate & B2B Buyer,553.3,129.0538,106.98,110.9563,0.96416,68.5017,0,Lost,Incumbent supplier
Q100661,2026-01-01,CU2146,20170,E-commerce Pure-Play,370.3,26.2846,19.7772,25.723,0.76885,12.7456,1,Won,
Q100662,2025-02-01,CU2018,20091,Independent Retailer,230.1,26.568,24.8532,22.8458,1.08787,12.9872,0,Lost,Lead time
Q100663,2024-03-01,CU2054,20110,Marketplace Seller,2406.4,119.8102,106.5654,122.4725,0.87012,71.1609,0,Lost,Price
Q100664,2024-08-01,CU2141,20069,Marketplace Seller,105.8,22.7575,20.2575,18.9191,1.07074,16.449,0,Lost,Price
Q100665,2026-04-01,CU2011,20010,Regional Retail Chain,181.4,48.9022,48.0385,44.5145,1.07916,35.0496,0,Lost,Price
Q100666,2024-08-01,CU2020,20179,Marketplace Seller,674.0,47.1026,40.631,41.7033,0.97429,24.3361,1,Won,
Q100667,2024-09-01,CU2022,20143,Regional Retail Chain,53.1,58.6139,50.8793,61.6123,0.8258,30.7144,0,Lost,Lead time
Q100668,2025-01-01,CU2068,20099,E-commerce Pure-Play,776.1,85.789,63.6243,88.0621,0.72249,36.8841,1,Won,
Q100669,2025-06-01,CU2016,20083,Corporate & B2B Buyer,468.8,54.7921,51.6556,50.611,1.02064,32.2656,0,Lost,Price
Q100670,2024-04-01,CU2136,20044,Government & Education,115.4,13.9973,11.8592,11.3975,1.04051,7.6382,0,Lost,Price
Q100671,2025-08-01,CU2135,20187,Sub-Distributor,163.5,43.494,42.217,38.8477,1.08673,28.6209,0,Lost,Price
Q100672,2023-07-01,CU2134,20229,Marketplace Seller,579.9,17.9411,15.997,14.4378,1.108,11.7357,0,Lost,Price
Q100673,2026-06-01,CU2070,20141,Marketplace Seller,1416.1,48.9453,43.6716,40.2166,1.08591,24.0846,0,Lost,Incumbent supplier
Q100674,2023-07-01,CU2148,20143,Regional Retail Chain,395.4,66.9651,64.0075,54.0811,1.18355,42.8061,0,Lost,Incumbent supplier
Q100675,2023-09-01,CU2090,20188,Sub-Distributor,1231.8,11.0455,10.0287,9.2873,1.07983,6.8363,0,Lost,Incumbent supplier
Q100676,2025-04-01,CU2062,20190,Independent Retailer,309.2,29.5588,25.7481,27.7892,0.92655,21.1291,1,Won,
Q100677,2025-03-01,CU2070,20007,Marketplace Seller,2693.4,21.4324,20.0152,18.7889,1.06527,16.6016,0,Lost,Price
Q100678,2025-05-01,CU2129,20184,Regional Retail Chain,70.8,146.4725,133.8105,143.0329,0.93552,96.3752,0,Lost,Price
Q100679,2024-04-01,CU2044,20062,Corporate & B2B Buyer,237.3,47.899,37.806,48.6874,0.7765,27.3856,1,Won,
Q100680,2025-08-01,CU2092,20074,Marketplace Seller,33.5,48.5266,42.7745,42.9141,0.99675,32.0951,1,Won,
Q100681,2024-09-01,CU2075,20040,Independent Retailer,142.0,51.2163,49.9513,45.4911,1.09805,29.8278,0,Lost,Lead time
Q100682,2025-03-01,CU2097,20181,Subscription Box Operator,247.6,15.7917,15.5758,12.735,1.22307,11.5234,0,Lost,Price
Q100683,2023-08-01,CU2143,20122,Sub-Distributor,3596.9,9.5588,7.532,9.1314,0.82485,5.9952,1,Won,
Q100684,2025-04-01,CU2061,20099,Marketplace Seller,313.1,86.7396,80.3619,81.5111,0.9859,37.6809,0,Lost,Price
Q100685,2024-01-01,CU2093,20086,Independent Retailer,348.4,40.1608,34.8484,36.6433,0.95102,21.8419,0,Lost,Lead time
Q100686,2023-07-01,CU2017,20059,Government & Education,1183.3,8.8756,7.6491,8.1358,0.94018,6.0146,0,Lost,Price
Q100687,2024-07-01,CU2045,20105,Subscription Box Operator,146.8,23.8127,23.2008,24.6333,0.94185,12.6335,0,Lost,Price
Q100688,2025-05-01,CU2081,20094,Regional Retail Chain,110.4,18.7872,16.0063,15.7694,1.01502,7.6247,0,Lost,Price
Q100689,2024-01-01,CU2140,20019,Subscription Box Operator,101.1,8.5388,8.3479,7.2207,1.15612,4.4289,0,Lost,Lead time
Q100690,2024-04-01,CU2139,20093,E-commerce Pure-Play,98.0,52.0115,48.2672,46.6243,1.03524,28.28,0,Lost,Lead time
Q100691,2025-07-01,CU2017,20029,Government & Education,404.0,34.7227,33.0808,35.518,0.93138,12.8407,1,Won,
Q100692,2024-02-01,CU2129,20070,Regional Retail Chain,999.2,18.2129,17.3062,18.0994,0.95618,14.0369,0,Lost,Price
Q100693,2024-11-01,CU2148,20091,Regional Retail Chain,465.3,25.8168,23.2251,22.8352,1.01707,12.7475,0,Lost,Price
Q100694,2025-04-01,CU2143,20077,Sub-Distributor,258.9,171.0767,163.6968,138.3267,1.18341,92.0207,0,Lost,Specification
Q100695,2024-03-01,CU2004,20100,Independent Retailer,413.5,23.0143,18.6884,20.8082,0.89813,16.7088,1,Won,
Q100696,2024-03-01,CU2123,20089,Independent Retailer,205.5,65.9241,59.0735,60.6293,0.97434,46.6119,0,Lost,Lead time
Q100697,2025-10-01,CU2003,20186,Regional Retail Chain,1179.2,72.2648,67.4801,61.6188,1.09512,44.2506,0,Lost,Specification
Q100698,2025-07-01,CU2123,20109,Independent Retailer,1240.1,28.1151,24.1778,28.472,0.84918,14.4879,1,Won,
Q100699,2026-05-01,CU2081,20116,Regional Retail Chain,776.7,12.3172,10.5481,11.6955,0.90189,5.6364,1,Won,
Q100700,2024-08-01,CU2052,20011,Marketplace Seller,172.0,24.1398,23.0275,22.3702,1.02938,17.0426,0,Lost,Lead time
Q100701,2024-11-01,CU2012,20166,Government & Education,180.7,16.5165,13.2443,16.507,0.80235,11.6355,1,Won,
Q100702,2024-09-01,CU2071,20050,Regional Retail Chain,83.3,13.4513,10.4155,13.6787,0.76144,6.4724,1,Won,
Q100703,2023-08-01,CU2139,20155,E-commerce Pure-Play,97.6,159.081,162.2626,162.4939,0.99858,109.3187,0,Lost,Lead time
Q100704,2025-09-01,CU2122,20167,Marketplace Seller,34.1,77.052,70.6596,72.4522,0.97526,59.7014,0,Lost,Incumbent supplier
Q100705,2025-04-01,CU2027,20193,Marketplace Seller,644.8,41.942,36.1859,39.1225,0.92494,32.2948,0,Lost,Price
Q100706,2024-10-01,CU2026,20239,Marketplace Seller,108.1,87.9253,84.416,81.7582,1.03251,48.1114,0,Lost,Lead time
Q100707,2026-01-01,CU2088,20195,Independent Retailer,93.5,48.5447,42.836,49.6143,0.86338,27.0403,1,Won,
Q100708,2023-09-01,CU2127,20202,Corporate & B2B Buyer,97.8,46.9027,38.754,44.4224,0.8724,30.3981,1,Won,
Q100709,2026-02-01,CU2054,20020,Marketplace Seller,130.8,55.5739,39.0474,54.5555,0.71574,31.5832,1,Won,
Q100710,2023-07-01,CU2130,20187,Corporate & B2B Buyer,1418.3,36.8233,27.0362,36.8472,0.73374,25.1705,1,Won,
Q100711,2024-03-01,CU2133,20075,Marketplace Seller,597.8,21.141,18.7049,19.2386,0.97226,11.1727,1,Won,
Q100712,2024-10-01,CU2052,20142,Marketplace Seller,120.2,29.7903,24.9968,28.9764,0.86266,19.4023,1,Won,
Q100713,2025-09-01,CU2079,20091,Marketplace Seller,85.1,29.6963,24.843,30.4777,0.81512,10.7585,1,Won,
Q100714,2026-01-01,CU2110,20239,Independent Retailer,400.0,66.2679,66.0752,59.8889,1.1033,44.8287,0,Lost,Incumbent supplier
Q100715,2023-09-01,CU2081,20007,Regional Retail Chain,93.7,21.5397,17.7431,18.7544,0.94608,14.5028,0,Lost,Price
Q100716,2026-02-01,CU2070,20084,Marketplace Seller,316.1,19.7454,18.2957,18.4539,0.99143,9.1678,1,Won,
Q100717,2024-11-01,CU2132,20122,Subscription Box Operator,59.5,10.5871,8.9474,10.3946,0.86078,6.3317,1,Won,
Q100718,2025-10-01,CU2041,20062,Sub-Distributor,280.7,44.17,35.4345,35.6442,0.99412,39.1657,1,Won,
Q100719,2025-07-01,CU2063,20056,Sub-Distributor,525.3,48.5979,43.8264,40.2338,1.08929,34.2916,0,Lost,Price
Q100720,2025-08-01,CU2138,20020,Marketplace Seller,223.8,63.1341,53.2752,54.1481,0.98388,33.4788,0,Lost,Price
Q100721,2026-03-01,CU2058,20206,Corporate & B2B Buyer,1420.7,77.4725,69.3147,72.2013,0.96002,54.9305,1,Won,
Q100722,2026-02-01,CU2032,20075,Sub-Distributor,219.2,19.8484,15.2262,16.1183,0.94465,11.4976,1,Won,
Q100723,2023-12-01,CU2069,20227,E-commerce Pure-Play,400.1,38.8957,37.3606,40.3114,0.9268,26.0531,1,Won,
Q100724,2025-06-01,CU2146,20086,E-commerce Pure-Play,435.5,50.1898,45.0583,43.1878,1.04331,20.699,0,Lost,Incumbent supplier
Q100725,2025-03-01,CU2106,20179,Sub-Distributor,565.8,42.6626,40.3827,34.7969,1.16052,22.6209,1,Won,
Q100726,2024-12-01,CU2124,20074,Marketplace Seller,204.0,46.5718,38.001,46.4457,0.81818,28.8108,1,Won,
Q100727,2025-02-01,CU2006,20234,Independent Retailer,943.4,33.9429,30.4573,29.3922,1.03623,20.2341,0,Lost,Price
Q100728,2025-09-01,CU2112,20094,Government & Education,284.9,17.8472,13.8889,18.4817,0.75149,7.9698,1,Won,
Q100729,2024-05-01,CU2043,20069,Government & Education,202.4,23.0811,22.2608,20.5941,1.08093,14.5711,0,Lost,Lead time
Q100730,2025-03-01,CU2120,20230,Independent Retailer,65.0,37.1908,29.5111,33.8072,0.87293,18.1935,1,Won,
Q100731,2025-01-01,CU2007,20233,Sub-Distributor,1096.5,53.8505,54.5767,53.1646,1.02656,28.4879,0,Lost,Price
Q100732,2026-06-01,CU2011,20055,Regional Retail Chain,1710.5,149.2509,141.0582,139.5947,1.01048,60.3495,0,Lost,Incumbent supplier
Q100733,2023-09-01,CU2071,20091,Regional Retail Chain,124.4,26.5688,21.486,27.506,0.78114,13.5671,0,Lost,Incumbent supplier
Q100734,2023-09-01,CU2009,20038,Marketplace Seller,281.1,71.1681,71.4522,60.8587,1.17407,49.5903,0,Lost,Price
Q100735,2023-11-01,CU2009,20071,Marketplace Seller,112.3,78.3166,59.15,77.196,0.76623,54.9799,1,Won,
Q100736,2026-05-01,CU2131,20233,Regional Retail Chain,1040.7,53.8505,49.8211,56.1495,0.88729,30.8975,0,Lost,Incumbent supplier
Q100737,2026-04-01,CU2121,20099,Corporate & B2B Buyer,494.3,68.9696,50.3827,62.7246,0.80324,31.5651,1,Won,
Q100738,2025-10-01,CU2088,20224,Independent Retailer,486.1,11.3257,10.3125,9.5352,1.08151,7.7247,0,Lost,Price
Q100739,2025-11-01,CU2140,20123,Subscription Box Operator,1040.3,10.8342,9.6129,10.3168,0.93178,5.7336,0,Lost,Incumbent supplier
Q100740,2024-08-01,CU2006,20114,Independent Retailer,870.0,65.5427,59.2106,65.011,0.91078,39.687,1,Won,
Q100741,2026-04-01,CU2136,20055,Government & Education,760.2,149.2509,141.3518,128.6536,1.0987,55.6813,0,Lost,Specification
Q100742,2023-07-01,CU2048,20080,E-commerce Pure-Play,435.9,30.8065,23.4626,27.4758,0.85394,19.7383,1,Won,
Q100743,2025-04-01,CU2100,20149,Independent Retailer,612.9,64.1297,53.957,51.5984,1.04571,45.7412,1,Won,
Q100744,2024-12-01,CU2075,20180,Independent Retailer,310.5,17.7451,16.8093,18.1142,0.92796,11.6878,0,Lost,Price
Q100745,2025-06-01,CU2057,20145,Subscription Box Operator,271.6,17.153,15.938,14.4482,1.10311,11.1998,0,Lost,Lead time
Q100746,2023-09-01,CU2099,20187,E-commerce Pure-Play,386.1,35.921,30.8631,31.9136,0.96708,24.174,0,Lost,Lead time
Q100747,2024-08-01,CU2085,20118,Government & Education,416.3,84.0652,76.3904,69.9299,1.09239,43.7186,1,Won,
Q100748,2024-09-01,CU2114,20167,Corporate & B2B Buyer,541.6,80.8206,72.8898,67.3489,1.08227,53.8796,0,Lost,Price
Q100749,2025-09-01,CU2067,20093,Independent Retailer,127.7,54.7045,52.0139,51.1597,1.0167,26.2748,0,Lost,Specification
Q100750,2025-12-01,CU2092,20170,Marketplace Seller,1247.5,26.2846,20.2411,23.4479,0.86324,12.7021,1,Won,
Q100751,2024-04-01,CU2075,20181,Independent Retailer,651.5,14.2122,12.6156,13.3423,0.94554,10.1822,0,Lost,Lead time
Q100752,2024-04-01,CU2122,20200,Marketplace Seller,179.9,17.9419,17.3128,14.4756,1.196,12.3193,0,Lost,Lead time
Q100753,2024-01-01,CU2023,20058,E-commerce Pure-Play,477.1,27.2399,20.3664,27.8619,0.73098,20.3255,1,Won,
Q100754,2023-07-01,CU2042,20100,Corporate & B2B Buyer,312.1,26.0394,20.6847,26.2748,0.78724,17.9786,1,Won,
Q100755,2025-04-01,CU2064,20015,Independent Retailer,318.4,13.6506,11.1558,12.9553,0.8611,8.2034,1,Won,
Q100756,2023-07-01,CU2116,20197,Independent Retailer,356.9,17.5284,15.9776,15.0843,1.05922,9.1535,1,Won,
Q100757,2026-04-01,CU2075,20194,Independent Retailer,60.1,28.4961,25.1714,27.3154,0.92151,21.3325,1,Won,
Q100758,2025-07-01,CU2034,20036,Marketplace Seller,796.5,11.8895,11.4724,12.2286,0.93817,9.0057,1,Won,
Q100759,2024-09-01,CU2094,20023,Regional Retail Chain,633.7,30.2509,30.0267,30.777,0.97562,21.2167,0,Lost,Incumbent supplier
Q100760,2024-10-01,CU2004,20150,Independent Retailer,413.5,26.4508,20.8568,26.7052,0.781,14.7777,1,Won,
Q100761,2024-08-01,CU2044,20028,Corporate & B2B Buyer,254.1,32.4259,30.1859,32.5634,0.92699,24.1214,1,Won,
Q100762,2025-11-01,CU2054,20073,Marketplace Seller,619.6,21.6086,18.5949,20.0015,0.92968,18.0764,1,Won,
Q100763,2025-10-01,CU2086,20140,Marketplace Seller,783.8,234.0004,228.7908,193.2159,1.18412,169.2094,0,Lost,Price
Q100764,2024-01-01,CU2140,20203,Subscription Box Operator,85.8,16.7133,13.7644,15.7402,0.87448,11.0246,1,Won,
Q100765,2025-10-01,CU2149,20058,Corporate & B2B Buyer,521.9,27.2399,23.4667,23.1262,1.01472,23.3739,1,Won,
Q100766,2026-01-01,CU2119,20097,Marketplace Seller,383.9,67.0046,65.6798,60.6097,1.08365,32.0627,0,Lost,Specification
Q100767,2024-06-01,CU2098,20138,Subscription Box Operator,217.2,24.5507,23.7282,22.3195,1.06311,14.4706,0,Lost,Price
Q100768,2024-09-01,CU2050,20221,Marketplace Seller,205.8,24.9549,21.8541,25.5389,0.85572,15.9711,1,Won,
Q100769,2024-11-01,CU2148,20232,Regional Retail Chain,1731.9,39.321,36.3721,41.2776,0.88116,28.3481,1,Won,
Q100770,2026-02-01,CU2013,20179,Independent Retailer,375.5,45.9419,42.4144,45.3343,0.93559,22.6139,1,Won,
Q100771,2025-11-01,CU2009,20157,Marketplace Seller,141.9,55.1385,48.8565,45.9375,1.06354,39.8466,1,Won,
Q100772,2025-01-01,CU2132,20018,Subscription Box Operator,442.9,91.0714,88.2505,83.093,1.06207,45.8355,0,Lost,Lead time
Q100773,2025-03-01,CU2135,20057,Sub-Distributor,244.1,35.6261,27.954,36.9481,0.75657,25.1276,1,Won,
Q100774,2026-04-01,CU2136,20006,Government & Education,589.5,39.9216,33.651,42.1827,0.79775,20.3464,1,Won,
Q100775,2023-08-01,CU2048,20234,E-commerce Pure-Play,610.1,32.5008,29.087,27.4255,1.06058,25.0644,1,Won,
Q100776,2024-11-01,CU2121,20077,Corporate & B2B Buyer,287.0,178.6666,158.3944,178.7842,0.88595,92.8849,0,Lost,Incumbent supplier
Q100777,2025-07-01,CU2024,20065,Corporate & B2B Buyer,682.0,43.6658,44.5391,39.536,1.12655,26.6615,1,Won,
Q100778,2025-08-01,CU2110,20129,Independent Retailer,107.4,20.629,20.1536,21.3826,0.94252,13.4221,1,Won,
Q100779,2025-01-01,CU2038,20019,Marketplace Seller,3393.5,8.4667,8.6308,7.5119,1.14895,4.9536,0,Lost,Price
Q100780,2024-09-01,CU2055,20069,Marketplace Seller,493.9,22.7575,20.1318,18.7679,1.07267,16.3894,0,Lost,Price
Q100781,2025-09-01,CU2025,20237,E-commerce Pure-Play,216.3,57.0453,54.5198,51.6783,1.05498,37.9054,0,Lost,Price
Q100782,2026-06-01,CU2064,20045,Independent Retailer,403.2,21.4193,18.3108,20.5023,0.89311,15.9636,1,Won,
Q100783,2023-10-01,CU2130,20208,Corporate & B2B Buyer,1223.2,23.415,22.0983,21.1135,1.04664,12.0046,1,Won,
Q100784,2023-11-01,CU2042,20223,Corporate & B2B Buyer,125.8,15.0794,14.0637,13.9882,1.0054,8.2602,1,Won,
Q100785,2023-08-01,CU2057,20139,Subscription Box Operator,174.3,11.419,10.4771,11.4619,0.91408,6.4744,1,Won,
Q100786,2025-06-01,CU2074,20094,Corporate & B2B Buyer,190.8,18.7872,16.6806,18.3024,0.91139,8.0288,1,Won,
Q100787,2023-09-01,CU2021,20222,Corporate & B2B Buyer,471.2,27.8997,24.4119,26.9855,0.90463,16.6799,1,Won,
Q100788,2025-11-01,CU2076,20101,Government & Education,916.4,15.2489,13.8952,14.5048,0.95797,8.2168,1,Won,
Q100789,2023-08-01,CU2034,20017,Marketplace Seller,191.2,34.5414,33.3207,33.4529,0.99605,21.5225,1,Won,
Q100790,2026-03-01,CU2144,20203,Marketplace Seller,1780.7,17.5241,15.808,14.3362,1.10267,11.8174,0,Lost,Specification
Q100791,2023-10-01,CU2068,20110,E-commerce Pure-Play,632.5,117.2092,92.0882,96.6782,0.95252,71.7825,1,Won,
Q100792,2023-09-01,CU2056,20076,Regional Retail Chain,166.7,23.1834,20.5523,23.2312,0.88469,12.6069,0,Lost,Price
Q100793,2025-10-01,CU2035,20172,Corporate & B2B Buyer,310.0,24.9176,22.0192,20.7093,1.06325,22.5703,1,Won,
Q100794,2025-09-01,CU2076,20234,Government & Education,492.0,33.6042,27.7063,27.0125,1.02568,21.3347,0,Lost,Incumbent supplier
Q100795,2026-03-01,CU2114,20135,Corporate & B2B Buyer,419.0,64.5671,60.5301,54.1865,1.11707,24.4854,0,Lost,Specification
Q100796,2026-03-01,CU2146,20034,E-commerce Pure-Play,138.7,77.1103,69.9176,70.6555,0.98956,36.795,0,Lost,Lead time
Q100797,2025-08-01,CU2071,20145,Regional Retail Chain,236.9,18.2357,15.1085,16.5669,0.91197,11.6521,1,Won,
Q100798,2023-11-01,CU2005,20141,Independent Retailer,571.2,53.3713,45.177,43.6555,1.03485,27.2915,1,Won,
Q100799,2025-08-01,CU2090,20202,Sub-Distributor,391.2,46.9027,42.8051,48.2919,0.88638,21.3984,1,Won,
Q100800,2024-01-01,CU2102,20093,Sub-Distributor,138.6,48.7766,41.914,41.1106,1.01954,27.216,0,Lost,Specification
Q100801,2024-09-01,CU2054,20089,Marketplace Seller,184.8,65.8805,55.0891,62.3519,0.88352,48.3672,1,Won,
Q100802,2023-11-01,CU2124,20213,Marketplace Seller,44.3,38.4785,31.1547,38.4939,0.80934,21.232,1,Won,
Q100803,2025-12-01,CU2006,20099,Independent Retailer,115.1,76.7886,72.7978,64.2359,1.13329,37.4768,0,Lost,Price
Q100804,2023-08-01,CU2081,20185,Regional Retail Chain,116.5,9.6174,8.1661,9.0137,0.90597,5.2067,1,Won,
Q100805,2025-05-01,CU2096,20206,Marketplace Seller,69.7,51.8403,44.1195,50.2443,0.8781,47.0222,1,Won,
Q100806,2026-05-01,CU2124,20179,Marketplace Seller,242.2,45.9419,39.2192,43.5191,0.90119,24.196,1,Won,
Q100807,2024-09-01,CU2106,20168,Sub-Distributor,1340.2,16.8263,15.9062,17.1046,0.92994,10.7609,1,Won,
Q100808,2024-09-01,CU2085,20123,Government & Education,4212.2,10.946,9.1196,11.4871,0.7939,7.2741,1,Won,
Q100809,2026-03-01,CU2084,20000,Marketplace Seller,596.6,52.2297,36.2467,42.8951,0.84501,33.1785,1,Won,
Q100810,2025-08-01,CU2059,20049,Independent Retailer,261.9,80.4347,70.9563,70.9193,1.00052,43.2532,0,Lost,Incumbent supplier
Q100811,2026-05-01,CU2029,20146,Independent Retailer,499.5,17.6399,15.3458,18.3635,0.83567,12.2744,1,Won,
Q100812,2026-05-01,CU2104,20027,Corporate & B2B Buyer,194.0,39.0221,38.0195,34.5936,1.09904,24.1828,1,Won,
Q100813,2026-04-01,CU2041,20021,Sub-Distributor,1279.6,44.6055,37.5168,39.4031,0.95213,28.811,0,Lost,Price
Q100814,2025-12-01,CU2009,20087,Marketplace Seller,553.0,40.7093,40.8283,38.709,1.05475,26.2509,1,Won,
Q100815,2025-05-01,CU2125,20078,Marketplace Seller,2511.5,24.885,20.9844,22.6181,0.92777,18.9834,0,Lost,Price
Q100816,2024-03-01,CU2016,20056,Corporate & B2B Buyer,163.5,42.1984,37.958,42.447,0.89424,25.5148,1,Won,
Q100817,2024-11-01,CU2027,20044,Marketplace Seller,201.4,14.1056,13.6804,11.7581,1.16349,8.701,0,Lost,Price
Q100818,2026-05-01,CU2002,20194,Marketplace Seller,275.1,28.4961,21.4092,25.0406,0.85498,21.6096,1,Won,
Q100819,2025-01-01,CU2066,20118,Corporate & B2B Buyer,611.0,85.601,84.4366,68.6885,1.22927,46.707,0,Lost,Specification
Q100820,2026-06-01,CU2053,20093,Corporate & B2B Buyer,82.9,61.7863,56.8397,56.2769,1.01,32.9752,1,Won,
Q100821,2026-02-01,CU2079,20201,Marketplace Seller,52.7,23.1642,21.4853,20.3987,1.05327,18.9994,0,Lost,Price
Q100822,2024-06-01,CU2103,20130,Marketplace Seller,217.2,72.1353,59.6126,71.0319,0.83924,52.2065,1,Won,
Q100823,2023-12-01,CU2010,20092,Sub-Distributor,64.0,32.9341,30.8122,31.8245,0.96819,21.1473,1,Won,
Q100824,2024-09-01,CU2005,20062,Independent Retailer,149.5,51.619,42.9281,50.1085,0.8567,33.3694,1,Won,
Q100825,2024-10-01,CU2000,20075,Independent Retailer,549.0,20.6995,15.9207,20.7376,0.76772,12.2599,1,Won,
Q100826,2025-07-01,CU2119,20171,Marketplace Seller,521.8,39.711,35.6268,34.4518,1.0341,24.3321,0,Lost,Incumbent supplier
Q100827,2025-02-01,CU2064,20226,Independent Retailer,655.3,12.9362,11.5476,13.0268,0.88645,6.663,0,Lost,Price
Q100828,2024-09-01,CU2099,20082,E-commerce Pure-Play,126.5,38.6949,32.6802,33.6317,0.97171,18.1136,0,Lost,Specification
Q100829,2025-02-01,CU2101,20163,Independent Retailer,137.7,19.068,16.103,18.9183,0.85118,13.6707,1,Won,
Q100830,2024-11-01,CU2049,20100,Independent Retailer,490.4,23.0289,18.3814,22.4151,0.82004,16.9466,1,Won,
Q100831,2024-10-01,CU2032,20030,Sub-Distributor,438.0,15.2431,12.9645,15.7532,0.82297,10.1364,1,Won,
Q100832,2024-05-01,CU2055,20155,Marketplace Seller,2085.1,132.1623,111.2115,117.0872,0.94982,92.1521,1,Won,
Q100833,2024-10-01,CU2089,20124,Marketplace Seller,200.1,15.235,14.6726,13.2152,1.11028,10.7772,0,Lost,Incumbent supplier
Q100834,2023-09-01,CU2106,20058,Sub-Distributor,541.6,27.2399,23.9283,26.3672,0.90751,19.0626,1,Won,
Q100835,2023-08-01,CU2053,20003,Corporate & B2B Buyer,194.6,33.0172,29.5826,32.7479,0.90334,21.2645,1,Won,
Q100836,2024-11-01,CU2008,20106,Independent Retailer,105.1,21.4875,19.8489,22.3803,0.88689,12.6505,0,Lost,Price
Q100837,2024-03-01,CU2064,20050,Independent Retailer,548.7,12.2214,9.6563,11.3768,0.84877,6.3842,0,Lost,Specification
Q100838,2024-04-01,CU2011,20073,Regional Retail Chain,194.7,21.6086,17.8872,19.328,0.92546,15.2677,1,Won,
Q100839,2025-09-01,CU2093,20162,Independent Retailer,740.2,18.604,15.7282,17.6251,0.89237,8.6406,0,Lost,Specification
Q100840,2024-08-01,CU2056,20134,Regional Retail Chain,338.0,24.4893,22.9945,20.1795,1.1395,12.0593,0,Lost,Incumbent supplier
Q100841,2025-09-01,CU2008,20144,Independent Retailer,187.0,24.4329,22.1449,22.71,0.97512,16.1789,0,Lost,Lead time
Q100842,2025-12-01,CU2089,20226,Marketplace Seller,21.5,12.9318,11.2839,10.8921,1.03597,6.3205,0,Lost,Specification
Q100843,2025-09-01,CU2115,20119,Sub-Distributor,577.0,45.4609,40.1247,36.8627,1.08849,26.0512,0,Lost,Specification
Q100844,2023-07-01,CU2098,20031,Subscription Box Operator,154.2,6.7653,6.4005,6.216,1.02968,4.3018,0,Lost,Price
Q100845,2026-04-01,CU2106,20046,Sub-Distributor,67.9,18.0297,14.8211,18.8916,0.78454,13.7431,1,Won,
Q100846,2024-06-01,CU2115,20056,Sub-Distributor,240.7,46.656,46.7725,46.3449,1.00923,27.4642,0,Lost,Price
Q100847,2024-09-01,CU2061,20107,Marketplace Seller,222.2,58.842,53.0507,61.367,0.86448,33.0459,1,Won,
Q100848,2025-06-01,CU2047,20216,Corporate & B2B Buyer,281.5,41.3841,42.2118,33.5915,1.25662,19.2715,0,Lost,Incumbent supplier
Q100849,2026-02-01,CU2007,20215,Sub-Distributor,172.4,11.8721,9.5663,11.2263,0.85214,7.1484,0,Lost,Specification
Q100850,2023-08-01,CU2109,20037,Subscription Box Operator,191.8,41.552,41.2931,43.0959,0.95817,25.8536,0,Lost,Price
Q100851,2026-06-01,CU2137,20008,E-commerce Pure-Play,312.5,21.2885,18.9491,21.3128,0.8891,14.9253,0,Lost,Price
Q100852,2024-03-01,CU2017,20050,Government & Education,204.4,12.2214,11.0754,12.8771,0.86008,6.3842,0,Lost,Price
Q100853,2024-04-01,CU2086,20015,Marketplace Seller,363.0,13.5851,10.9264,11.0619,0.98775,8.136,0,Lost,Price
Q100854,2026-02-01,CU2076,20017,Government & Education,187.5,25.601,20.2944,21.8498,0.92881,13.4764,0,Lost,Incumbent supplier
Q100855,2024-01-01,CU2064,20026,Independent Retailer,377.5,48.2455,37.9884,43.8779,0.86578,30.1803,1,Won,
Q100856,2024-02-01,CU2026,20020,Marketplace Seller,586.3,55.4804,50.5864,55.3953,0.91319,27.8521,1,Won,
Q100857,2025-01-01,CU2086,20029,Marketplace Seller,395.3,31.0172,26.0146,31.7864,0.81842,13.9824,1,Won,
Q100858,2025-07-01,CU2129,20099,Regional Retail Chain,552.2,83.5987,72.4092,76.3691,0.94815,38.7285,1,Won,
Q100859,2025-11-01,CU2115,20064,Sub-Distributor,461.1,47.3931,40.0759,48.0345,0.83431,30.8863,0,Lost,Lead time
Q100860,2025-08-01,CU2064,20117,Independent Retailer,361.7,15.5127,13.6643,15.4781,0.88282,9.0917,0,Lost,Price
Q100861,2023-09-01,CU2055,20221,Marketplace Seller,196.4,24.1353,22.4977,23.3105,0.96513,16.8763,1,Won,
Q100862,2026-01-01,CU2118,20176,Regional Retail Chain,289.7,49.282,41.7042,40.262,1.03582,25.6976,0,Lost,Specification
Q100863,2025-11-01,CU2079,20124,Marketplace Seller,569.7,14.8765,13.6681,12.7301,1.07369,10.388,0,Lost,Price
Q100864,2025-10-01,CU2094,20110,Regional Retail Chain,384.6,129.8879,116.6252,113.0575,1.03156,61.1316,0,Lost,Price
Q100865,2024-09-01,CU2052,20064,Marketplace Seller,335.3,46.9973,33.5096,41.5428,0.80663,30.8284,1,Won,
Q100866,2024-04-01,CU2016,20033,Corporate & B2B Buyer,293.8,12.7799,12.0113,11.2934,1.06357,9.5277,0,Lost,Lead time
Q100867,2025-04-01,CU2108,20089,Sub-Distributor,260.5,73.8269,66.5804,64.4191,1.03355,54.378,1,Won,
Q100868,2025-07-01,CU2006,20228,Independent Retailer,762.6,48.9327,45.2693,43.1104,1.05008,26.8328,0,Lost,Price
Q100869,2025-05-01,CU2000,20134,Independent Retailer,181.6,22.8756,20.9403,19.8228,1.05638,10.6437,0,Lost,Price
Q100870,2023-08-01,CU2050,20146,Marketplace Seller,66.4,18.2817,16.0781,16.0133,1.00405,12.7213,0,Lost,Incumbent supplier
Q100871,2025-06-01,CU2050,20006,Marketplace Seller,147.4,40.3535,32.8211,37.4578,0.87621,17.8459,0,Lost,Specification
Q100872,2023-11-01,CU2142,20019,Marketplace Seller,85.1,8.5388,8.0466,7.9855,1.00764,4.7321,0,Lost,Specification
Q100873,2025-07-01,CU2098,20197,Subscription Box Operator,507.1,14.9198,11.7919,13.7297,0.85886,7.942,0,Lost,Specification
Q100874,2025-10-01,CU2115,20237,Sub-Distributor,850.5,57.0453,50.2806,57.2858,0.87772,36.5316,1,Won,
Q100875,2026-01-01,CU2025,20181,E-commerce Pure-Play,815.8,18.0404,14.9037,14.8489,1.00369,11.3642,1,Won,
Q100876,2024-10-01,CU2128,20016,Marketplace Seller,288.9,17.9975,15.136,18.1479,0.83404,11.5767,1,Won,
Q100877,2024-11-01,CU2122,20062,Marketplace Seller,150.3,49.8424,44.4346,52.4773,0.84674,33.0785,1,Won,
Q100878,2024-07-01,CU2072,20090,Marketplace Seller,1079.5,31.9466,28.3537,30.8359,0.9195,25.3286,0,Lost,Price
Q100879,2024-04-01,CU2090,20220,Sub-Distributor,298.0,15.9978,14.5556,14.9341,0.97465,7.3161,0,Lost,Price
Q100880,2024-03-01,CU2100,20210,Independent Retailer,84.2,40.3322,33.4758,35.4179,0.94516,21.0828,0,Lost,Price
Q100881,2023-07-01,CU2087,20209,Sub-Distributor,320.3,13.4167,10.6371,12.2615,0.86751,8.0347,1,Won,
Q100882,2023-12-01,CU2117,20160,Marketplace Seller,131.1,12.78,12.1783,11.424,1.06603,6.8514,1,Won,
Q100883,2023-12-01,CU2077,20206,Corporate & B2B Buyer,342.8,47.863,41.5773,41.1245,1.01101,32.2903,0,Lost,Price
Q100884,2026-01-01,CU2055,20151,Marketplace Seller,233.1,16.305,13.6944,14.8918,0.9196,7.3633,1,Won,
Q100885,2025-11-01,CU2070,20028,Marketplace Seller,121.9,32.4259,29.8897,31.7192,0.94232,20.5945,0,Lost,Price
Q100886,2024-01-01,CU2056,20196,Regional Retail Chain,179.5,21.4735,19.3528,19.3596,0.99965,15.5167,0,Lost,Price
Q100887,2024-05-01,CU2081,20206,Regional Retail Chain,576.4,47.6096,40.8285,39.2156,1.04113,40.428,0,Lost,Price
Q100888,2024-06-01,CU2106,20233,Sub-Distributor,153.3,53.8505,51.3694,48.8968,1.05057,31.7996,0,Lost,Price
Q100889,2026-01-01,CU2018,20090,Independent Retailer,183.2,31.9466,31.084,32.9403,0.94365,27.4834,1,Won,
Q100890,2025-09-01,CU2128,20151,Marketplace Seller,409.5,17.1171,14.1964,17.1841,0.82614,6.1798,1,Won,
Q100891,2023-10-01,CU2096,20099,Marketplace Seller,828.6,83.7298,70.8012,74.6251,0.94876,40.5756,0,Lost,Price
Q100892,2025-05-01,CU2095,20043,Sub-Distributor,224.0,42.5158,38.9654,40.4128,0.96419,24.3918,0,Lost,Specification
Q100893,2024-11-01,CU2088,20078,Independent Retailer,259.5,23.667,22.776,23.8397,0.95538,20.624,0,Lost,Price
Q100894,2024-06-01,CU2047,20157,Corporate & B2B Buyer,569.5,54.4083,55.4965,50.677,1.0951,45.5021,1,Won,
Q100895,2026-01-01,CU2130,20065,Corporate & B2B Buyer,516.6,40.7111,38.901,32.7508,1.18779,30.6443,0,Lost,Specification
Q100896,2024-06-01,CU2058,20225,Corporate & B2B Buyer,194.8,90.5597,77.3918,87.5365,0.88411,44.6339,1,Won,
Q100897,2024-12-01,CU2028,20155,Independent Retailer,182.7,139.8058,121.2361,119.8676,1.01142,98.2584,0,Lost,Price
Q100898,2024-03-01,CU2031,20051,Corporate & B2B Buyer,482.7,70.897,61.4626,63.1522,0.97325,45.265,1,Won,
Q100899,2024-03-01,CU2072,20013,Marketplace Seller,366.3,74.4863,64.1521,64.4258,0.99575,52.1564,0,Lost,Price
Q100900,2024-01-01,CU2076,20024,Government & Education,134.1,40.8823,36.7152,35.5394,1.03309,31.4431,1,Won,
Q100901,2024-09-01,CU2055,20098,Marketplace Seller,445.6,20.5194,18.6662,18.9712,0.98392,12.9134,1,Won,
Q100902,2025-11-01,CU2023,20019,E-commerce Pure-Play,473.9,9.624,8.2765,8.0542,1.02759,5.5769,0,Lost,Lead time
Q100903,2025-10-01,CU2063,20099,Sub-Distributor,199.9,76.7886,69.5489,73.3383,0.94833,36.9064,1,Won,
Q100904,2024-01-01,CU2016,20164,Corporate & B2B Buyer,1264.3,50.2923,40.704,47.621,0.85475,41.3773,1,Won,
Q100905,2024-05-01,CU2141,20112,Marketplace Seller,718.3,43.7766,39.7692,44.3705,0.8963,25.5951,1,Won,
Q100906,2024-10-01,CU2108,20219,Sub-Distributor,472.7,13.643,12.7138,13.1874,0.96409,6.7733,0,Lost,Price
Q100907,2024-07-01,CU2038,20161,Marketplace Seller,196.4,34.4856,30.2246,31.4786,0.96016,19.8549,0,Lost,Lead time
Q100908,2024-07-01,CU2137,20180,E-commerce Pure-Play,328.5,17.4905,13.8682,15.1441,0.91575,10.6576,1,Won,
Q100909,2024-06-01,CU2117,20197,Marketplace Seller,76.6,17.2138,16.9076,13.9017,1.21622,9.4746,0,Lost,Lead time
Q100910,2023-12-01,CU2105,20026,Marketplace Seller,1246.4,48.2455,44.9595,45.127,0.99629,30.5202,0,Lost,Price
Q100911,2025-02-01,CU2006,20002,Independent Retailer,281.0,48.9767,39.3721,50.5043,0.77958,35.0269,1,Won,
Q100912,2024-02-01,CU2107,20209,E-commerce Pure-Play,2068.5,13.0524,11.2089,13.1279,0.85382,8.4406,1,Won,
Q100913,2026-04-01,CU2039,20221,Marketplace Seller,436.7,21.7365,20.3166,20.5423,0.98902,18.2855,0,Lost,Price
Q100914,2023-11-01,CU2072,20127,Marketplace Seller,424.8,57.9808,54.7737,51.341,1.06686,28.9677,0,Lost,Price
Q100915,2024-10-01,CU2125,20198,Marketplace Seller,191.7,9.4269,7.8585,8.7183,0.90138,4.547,1,Won,
Q100916,2024-09-01,CU2079,20017,Marketplace Seller,192.1,26.8941,25.3991,22.4782,1.12995,17.3925,0,Lost,Lead time
Q100917,2024-07-01,CU2145,20032,Regional Retail Chain,468.9,18.0593,15.3302,16.7969,0.91268,11.8657,1,Won,
Q100918,2024-12-01,CU2033,20041,Independent Retailer,378.0,34.6954,31.328,28.0573,1.11657,20.9222,0,Lost,Price
Q100919,2025-09-01,CU2118,20149,Regional Retail Chain,1222.9,64.8486,54.1273,63.1762,0.85677,41.6013,1,Won,
Q100920,2025-09-01,CU2034,20059,Marketplace Seller,149.4,11.0386,10.0647,10.9483,0.91929,8.0616,1,Won,
Q100921,2025-04-01,CU2093,20055,Independent Retailer,2118.3,167.6133,136.4874,137.6596,0.99148,77.9302,0,Lost,Price
Q100922,2025-10-01,CU2056,20064,Regional Retail Chain,259.9,47.3931,40.9437,41.1876,0.99408,32.1684,0,Lost,Price
Q100923,2023-07-01,CU2039,20171,Marketplace Seller,159.7,53.3051,44.274,47.0317,0.94136,27.6554,1,Won,
Q100924,2026-02-01,CU2142,20048,Marketplace Seller,338.5,107.9141,90.2145,99.1313,0.91005,80.9709,1,Won,
Q100925,2024-01-01,CU2090,20122,Sub-Distributor,333.4,9.5588,8.2554,7.7055,1.07136,5.6364,1,Won,
Q100926,2024-10-01,CU2049,20009,Independent Retailer,151.2,27.3662,27.2207,28.9688,0.93965,13.3793,1,Won,
Q100927,2023-10-01,CU2016,20016,Corporate & B2B Buyer,211.4,17.3203,14.4061,17.3404,0.83079,10.7246,0,Lost,Price
Q100928,2024-04-01,CU2117,20059,Marketplace Seller,200.7,8.987,8.1395,8.2414,0.98764,5.8041,1,Won,
Q100929,2024-05-01,CU2048,20136,E-commerce Pure-Play,449.3,22.6947,18.1218,21.1549,0.85662,14.7696,0,Lost,Incumbent supplier
Q100930,2026-03-01,CU2106,20079,Sub-Distributor,1032.2,12.1016,9.368,11.4204,0.82029,7.9433,1,Won,
Q100931,2025-05-01,CU2097,20171,Subscription Box Operator,56.4,39.711,34.6123,33.3147,1.03895,24.6492,1,Won,
Q100932,2024-07-01,CU2015,20214,Corporate & B2B Buyer,173.2,18.5842,17.0388,15.0491,1.13222,13.4295,0,Lost,Specification
Q100933,2025-07-01,CU2027,20169,Marketplace Seller,230.6,19.5467,17.161,20.3468,0.84343,13.5652,1,Won,
Q100934,2026-04-01,CU2094,20041,Regional Retail Chain,644.6,43.4232,39.2157,39.5531,0.99147,23.3088,0,Lost,Price
Q100935,2024-06-01,CU2063,20131,Sub-Distributor,781.7,23.813,20.6808,22.9996,0.89918,20.0263,1,Won,
Q100936,2024-03-01,CU2034,20040,Marketplace Seller,158.7,44.8082,38.4843,41.9312,0.9178,25.2841,1,Won,
Q100937,2025-05-01,CU2092,20042,Marketplace Seller,1310.7,91.5658,82.0118,82.8299,0.99012,47.1667,1,Won,
Q100938,2025-10-01,CU2134,20087,Marketplace Seller,136.7,40.7093,32.4842,41.479,0.78315,29.0623,1,Won,
Q100939,2024-08-01,CU2085,20085,Government & Education,33.5,56.1486,52.4639,57.1766,0.91758,30.0222,0,Lost,Incumbent supplier
Q100940,2024-10-01,CU2102,20040,Sub-Distributor,461.5,53.5119,47.8763,48.8608,0.97985,29.7057,1,Won,
Q100941,2024-08-01,CU2097,20230,Subscription Box Operator,110.2,39.653,32.8132,36.8805,0.88972,19.6574,1,Won,
Q100942,2024-07-01,CU2124,20154,Marketplace Seller,746.1,42.4731,40.6938,37.5251,1.08444,25.3835,0,Lost,Lead time
Q100943,2026-01-01,CU2002,20041,Marketplace Seller,523.7,39.3449,35.2961,35.6853,0.98909,23.2753,1,Won,
Q100944,2023-09-01,CU2097,20087,Subscription Box Operator,384.9,28.4969,25.4293,28.1059,0.90477,22.122,1,Won,
Q100945,2025-08-01,CU2013,20177,Independent Retailer,1361.1,35.3179,35.6722,36.4407,0.97891,24.4378,0,Lost,Price
Q100946,2025-08-01,CU2032,20000,Sub-Distributor,1833.6,58.5689,55.3327,48.4155,1.14287,40.542,0,Lost,Price
Q100947,2025-02-01,CU2111,20051,Independent Retailer,131.2,77.9579,71.8304,71.8913,0.99915,41.5686,1,Won,
Q100948,2025-02-01,CU2113,20226,Independent Retailer,218.5,12.9362,11.2664,12.9089,0.87276,6.663,1,Won,
Q100949,2023-08-01,CU2091,20063,Independent Retailer,512.2,92.3109,77.1515,82.1039,0.93968,51.6379,1,Won,
Q100950,2024-05-01,CU2133,20099,Marketplace Seller,734.3,75.4047,67.4279,66.3986,1.0155,34.368,0,Lost,Lead time
Q100951,2024-01-01,CU2055,20221,Marketplace Seller,90.3,24.0883,19.6472,19.6397,1.00038,16.0112,1,Won,
Q100952,2025-03-01,CU2140,20024,Subscription Box Operator,561.4,36.4094,26.5546,34.4871,0.76999,22.9166,1,Won,
Q100953,2025-08-01,CU2038,20164,Marketplace Seller,623.1,54.6384,46.3773,52.0351,0.89127,40.7102,1,Won,
Q100954,2024-01-01,CU2090,20055,Sub-Distributor,211.2,156.6099,150.8074,146.1525,1.03185,78.98,0,Lost,Lead time
Q100955,2024-11-01,CU2080,20103,Government & Education,187.6,30.737,30.657,28.3171,1.08263,16.1845,0,Lost,Incumbent supplier
Q100956,2023-07-01,CU2076,20173,Government & Education,676.5,30.8916,31.0057,28.9617,1.07058,21.1159,1,Won,
Q100957,2024-06-01,CU2052,20172,Marketplace Seller,120.3,22.1846,16.0164,23.0194,0.69578,17.4112,1,Won,
Q100958,2024-02-01,CU2003,20084,Regional Retail Chain,204.0,22.2637,19.9137,22.8806,0.87033,16.4156,1,Won,
Q100959,2025-10-01,CU2079,20234,Marketplace Seller,519.0,33.6042,30.5749,31.8414,0.96023,21.7359,0,Lost,Lead time
Q100960,2024-07-01,CU2015,20106,Corporate & B2B Buyer,120.2,24.1687,22.9289,25.2485,0.90813,13.0883,0,Lost,Incumbent supplier
Q100961,2023-12-01,CU2131,20197,Regional Retail Chain,226.8,16.6897,14.0845,17.1173,0.82282,8.5786,1,Won,
Q100962,2025-10-01,CU2017,20114,Government & Education,165.7,52.922,47.8292,55.2096,0.86632,35.7293,0,Lost,Price
Q100963,2025-08-01,CU2011,20191,Regional Retail Chain,164.4,59.9264,48.0655,60.3465,0.79649,42.869,1,Won,
Q100964,2025-04-01,CU2104,20106,Corporate & B2B Buyer,125.5,20.3111,15.4801,18.9492,0.81693,12.1433,0,Lost,Price
Q100965,2025-09-01,CU2004,20013,Independent Retailer,880.4,82.7513,84.4063,72.6406,1.16197,48.5852,0,Lost,Lead time
Q100966,2025-02-01,CU2099,20114,E-commerce Pure-Play,205.8,57.1072,46.9752,51.1011,0.91926,35.925,1,Won,
Q100967,2023-10-01,CU2049,20078,Independent Retailer,241.0,27.3859,21.9258,26.9082,0.81484,19.4422,1,Won,
Q100968,2024-11-01,CU2144,20101,Marketplace Seller,540.9,15.9219,15.4023,15.7133,0.98021,8.3642,1,Won,
Q100969,2023-11-01,CU2018,20089,Independent Retailer,405.1,80.2677,69.5322,78.17,0.8895,52.0147,1,Won,
Q100970,2024-12-01,CU2100,20162,Independent Retailer,1244.8,16.63,16.263,16.1987,1.00397,7.8124,0,Lost,Price
Q100971,2025-09-01,CU2063,20118,Sub-Distributor,177.4,75.2024,63.171,76.1839,0.82919,47.2273,1,Won,
Q100972,2025-01-01,CU2021,20192,Corporate & B2B Buyer,197.5,18.5984,18.9704,16.5124,1.14886,12.2275,0,Lost,Lead time
Q100973,2026-05-01,CU2043,20050,Government & Education,603.2,15.0054,12.8973,12.8447,1.0041,7.2483,1,Won,
Q100974,2024-02-01,CU2148,20056,Regional Retail Chain,395.6,42.1984,36.4383,44.7026,0.81513,23.6833,1,Won,
Q100975,2024-10-01,CU2110,20118,Independent Retailer,2469.0,85.601,74.585,89.4482,0.83383,46.1853,1,Won,
Q100976,2024-08-01,CU2007,20072,Sub-Distributor,1195.6,15.2657,12.5285,13.096,0.95666,9.9842,1,Won,
Q100977,2023-09-01,CU2085,20049,Government & Education,263.2,73.2049,64.9054,62.4832,1.03876,36.3775,0,Lost,Lead time
Q100978,2025-04-01,CU2091,20187,Independent Retailer,304.4,40.9813,35.845,37.9899,0.94354,31.0431,1,Won,
Q100979,2024-09-01,CU2070,20152,Marketplace Seller,499.3,20.8043,17.8795,21.2961,0.83957,11.4079,1,Won,
Q100980,2026-06-01,CU2060,20214,Subscription Box Operator,286.7,16.1493,16.4723,15.1022,1.09072,12.7317,1,Won,
Q100981,2025-10-01,CU2038,20146,Marketplace Seller,579.4,17.6399,16.7119,16.1712,1.03344,11.3111,0,Lost,Specification
Q100982,2026-01-01,CU2056,20038,Regional Retail Chain,51.9,72.1206,57.6296,63.9179,0.90162,58.7554,1,Won,
Q100983,2025-07-01,CU2008,20076,Independent Retailer,200.5,23.1834,20.0066,24.0571,0.83163,11.9974,0,Lost,Incumbent supplier
Q100984,2025-09-01,CU2121,20088,Corporate & B2B Buyer,807.6,16.2311,13.6506,16.0528,0.85036,10.0266,1,Won,
Q100985,2025-01-01,CU2089,20003,Marketplace Seller,324.1,34.1265,32.2715,27.9722,1.1537,22.0146,0,Lost,Incumbent supplier
Q100986,2025-07-01,CU2141,20073,Marketplace Seller,265.0,21.6086,19.4561,22.1993,0.87643,17.8825,0,Lost,Incumbent supplier
Q100987,2023-08-01,CU2147,20113,Marketplace Seller,130.8,41.4175,40.2173,37.0567,1.08529,23.0456,0,Lost,Price
Q100988,2024-03-01,CU2108,20174,Sub-Distributor,951.7,12.8281,11.4723,13.0939,0.87616,9.2226,1,Won,
Q100989,2026-04-01,CU2136,20122,Government & Education,71.1,13.0336,11.4928,13.3662,0.85984,7.0993,1,Won,
Q100990,2026-06-01,CU2041,20113,Sub-Distributor,319.2,35.7437,30.4423,35.1231,0.86673,21.7753,1,Won,
Q100991,2024-04-01,CU2046,20082,Marketplace Seller,1777.0,38.1682,35.9055,39.9893,0.89788,18.3131,0,Lost,Lead time
Q100992,2023-12-01,CU2051,20194,Subscription Box Operator,59.0,18.5195,15.363,18.6637,0.82315,11.3977,1,Won,
Q100993,2026-02-01,CU2044,20012,Corporate & B2B Buyer,468.6,16.7165,12.5614,15.1639,0.82837,5.9685,1,Won,
Q100994,2025-10-01,CU2096,20148,Marketplace Seller,376.9,67.3491,63.7655,70.8998,0.89938,33.8383,1,Won,
Q100995,2024-09-01,CU2087,20064,Sub-Distributor,417.9,46.9973,41.4478,41.8654,0.99003,30.8284,0,Lost,Specification
Q100996,2025-06-01,CU2058,20142,Corporate & B2B Buyer,281.3,27.7794,28.335,28.5185,0.99356,19.0819,1,Won,
Q100997,2023-12-01,CU2096,20145,Marketplace Seller,559.5,15.3185,14.8396,14.4158,1.0294,8.9702,0,Lost,Price
Q100998,2025-05-01,CU2124,20039,Marketplace Seller,413.1,93.8047,87.1444,94.4408,0.92274,53.2944,1,Won,
Q100999,2025-06-01,CU2000,20217,Independent Retailer,280.3,53.3854,41.902,43.0077,0.97429,36.8985,1,Won,
Q101000,2023-11-01,CU2044,20069,Corporate & B2B Buyer,243.4,24.2497,22.6303,22.9129,0.98767,15.9769,1,Won,
Q101001,2026-06-01,CU2111,20162,Independent Retailer,792.9,22.2327,20.8535,22.7892,0.91506,8.6398,0,Lost,Lead time
Q101002,2025-07-01,CU2025,20206,E-commerce Pure-Play,272.0,50.8759,40.0859,44.4132,0.90257,43.5877,0,Lost,Incumbent supplier
Q101003,2024-12-01,CU2044,20194,Corporate & B2B Buyer,110.4,20.5986,17.5692,19.4135,0.905,15.2964,1,Won,
Q101004,2026-01-01,CU2104,20199,Corporate & B2B Buyer,86.9,14.3276,13.911,11.5987,1.19936,12.4922,0,Lost,Incumbent supplier
Q101005,2024-12-01,CU2142,20028,Marketplace Seller,177.3,32.4259,31.1337,32.9424,0.9451,22.8892,1,Won,
Q101006,2024-11-01,CU2089,20238,Marketplace Seller,223.7,13.9566,11.5514,14.1204,0.81807,9.9739,1,Won,
Q101007,2023-09-01,CU2117,20034,Marketplace Seller,340.7,92.1832,83.8053,97.6863,0.8579,50.6642,1,Won,
Q101008,2024-02-01,CU2070,20238,Marketplace Seller,233.5,14.3487,14.3649,13.389,1.07289,9.6601,0,Lost,Price
Q101009,2025-01-01,CU2130,20154,Corporate & B2B Buyer,441.4,41.9689,39.0033,36.1547,1.07879,25.188,1,Won,
Q101010,2024-12-01,CU2129,20080,Regional Retail Chain,698.4,25.4523,22.5796,26.397,0.85539,14.5805,1,Won,
Q101011,2023-07-01,CU2040,20128,Independent Retailer,140.1,12.422,11.1884,11.8935,0.94071,8.0204,0,Lost,Incumbent supplier
Q101012,2024-05-01,CU2007,20162,Sub-Distributor,351.9,13.9735,13.745,11.2881,1.21766,7.1349,0,Lost,Price
Q101013,2024-01-01,CU2010,20188,Sub-Distributor,151.2,11.0455,10.5868,10.033,1.0552,6.7871,0,Lost,Incumbent supplier
Q101014,2025-07-01,CU2081,20175,Regional Retail Chain,489.5,16.8594,15.4959,14.7446,1.05095,9.7502,0,Lost,Lead time
Q101015,2024-05-01,CU2049,20142,Independent Retailer,758.5,29.5888,22.8451,25.4744,0.89679,20.3436,0,Lost,Price
Q101016,2025-11-01,CU2003,20137,Regional Retail Chain,1192.0,74.9186,61.2435,75.6367,0.80971,43.389,1,Won,
Q101017,2024-03-01,CU2033,20046,Independent Retailer,341.4,16.9235,16.3826,16.9847,0.96455,12.7466,1,Won,
Q101018,2024-04-01,CU2096,20128,Marketplace Seller,87.2,10.478,9.7132,8.6583,1.12185,8.5598,0,Lost,Price
Q101019,2025-08-01,CU2057,20089,Subscription Box Operator,578.8,77.724,67.8257,75.0767,0.90342,56.2654,1,Won,
Q101020,2024-07-01,CU2115,20073,Sub-Distributor,217.5,21.6086,20.2999,18.4402,1.10085,16.1537,0,Lost,Incumbent supplier
Q101021,2026-04-01,CU2029,20009,Independent Retailer,105.7,32.5708,29.1798,27.086,1.0773,13.9131,0,Lost,Price
Q101022,2024-12-01,CU2062,20103,Independent Retailer,463.9,30.737,27.3216,28.7655,0.9498,17.2697,1,Won,
Q101023,2026-03-01,CU2062,20200,Independent Retailer,498.2,26.853,25.5119,24.394,1.04583,20.3655,1,Won,
Q101024,2026-01-01,CU2073,20091,Marketplace Seller,381.4,30.4782,25.0729,30.7468,0.81546,11.1814,1,Won,
Q101025,2026-01-01,CU2079,20105,Marketplace Seller,83.8,20.5362,18.4623,17.6772,1.04442,12.7181,0,Lost,Incumbent supplier
Q101026,2024-09-01,CU2031,20017,Corporate & B2B Buyer,186.1,26.8941,26.1197,28.3735,0.92057,17.3925,1,Won,
Q101027,2024-11-01,CU2086,20015,Marketplace Seller,693.7,13.0019,11.416,13.6728,0.83494,8.6879,0,Lost,Incumbent supplier
Q101028,2023-08-01,CU2080,20110,Government & Education,352.2,113.0078,107.2604,99.957,1.07307,71.6757,1,Won,
Q101029,2024-02-01,CU2000,20200,Independent Retailer,169.8,17.9419,16.7203,17.5043,0.95521,11.9952,0,Lost,Price
Q101030,2024-01-01,CU2118,20160,Regional Retail Chain,1934.9,12.8819,9.8355,12.5883,0.78133,6.8798,1,Won,
Q101031,2025-08-01,CU2113,20101,Independent Retailer,708.9,15.0437,12.527,13.8091,0.90715,8.4281,1,Won,
Q101032,2023-07-01,CU2037,20176,Marketplace Seller,165.2,46.9443,38.3188,40.5546,0.94487,32.642,0,Lost,Price
Q101033,2023-11-01,CU2112,20221,Government & Education,112.1,24.0883,22.147,22.8375,0.96976,16.9136,0,Lost,Price
Q101034,2026-02-01,CU2033,20210,Independent Retailer,73.4,45.1838,39.1902,41.4989,0.94437,28.1326,1,Won,
Q101035,2026-04-01,CU2046,20208,Marketplace Seller,643.4,25.2902,20.9625,25.9665,0.80729,13.1276,1,Won,
Q101036,2025-08-01,CU2095,20075,Sub-Distributor,149.3,20.793,21.2089,18.2073,1.16485,11.1983,0,Lost,Price
Q101037,2024-11-01,CU2021,20031,Corporate & B2B Buyer,2013.0,6.8459,5.4064,6.1235,0.8829,4.4042,1,Won,
Q101038,2024-11-01,CU2085,20078,Government & Education,857.8,23.667,19.892,23.6669,0.8405,20.624,0,Lost,Price
Q101039,2025-10-01,CU2077,20031,Corporate & B2B Buyer,143.5,7.1298,7.0086,6.0559,1.15731,3.8488,1,Won,
Q101040,2026-03-01,CU2077,20018,Corporate & B2B Buyer,200.8,83.3453,72.7377,70.205,1.03608,34.1876,0,Lost,Lead time
Q101041,2024-02-01,CU2112,20021,Government & Education,175.5,41.2561,38.4606,43.5949,0.88223,30.7458,1,Won,
Q101042,2025-10-01,CU2119,20100,Marketplace Seller,677.7,22.8907,18.7819,20.2493,0.92753,16.7811,1,Won,
Q101043,2023-09-01,CU2109,20088,Subscription Box Operator,430.7,20.3687,16.3775,19.9068,0.82271,11.6104,1,Won,
Q101044,2024-01-01,CU2024,20106,Corporate & B2B Buyer,535.8,25.5176,23.2802,26.3672,0.88292,14.302,1,Won,
Q101045,2023-11-01,CU2111,20036,Independent Retailer,375.8,11.8384,9.3423,11.2628,0.82948,8.2849,0,Lost,Price
Q101046,2025-10-01,CU2130,20171,Corporate & B2B Buyer,415.8,38.8975,36.2587,40.7044,0.89078,28.7295,1,Won,
Q101047,2024-11-01,CU2089,20059,Marketplace Seller,728.1,10.2102,9.7714,8.2038,1.19108,6.3023,0,Lost,Price
Q101048,2025-05-01,CU2018,20233,Independent Retailer,674.1,53.8505,51.5973,50.8405,1.01489,31.4536,1,Won,
Q101049,2024-12-01,CU2002,20065,Marketplace Seller,283.1,43.4957,39.2361,44.6861,0.87804,26.7793,1,Won,
Q101050,2025-07-01,CU2134,20227,Marketplace Seller,1055.8,32.5432,27.417,26.0913,1.05081,21.6663,0,Lost,Specification
Q101051,2024-12-01,CU2063,20141,Sub-Distributor,133.9,43.5371,39.4029,40.4019,0.97527,21.1052,1,Won,
Q101052,2023-10-01,CU2027,20183,Marketplace Seller,403.7,99.7006,78.5461,86.8376,0.90452,51.6238,1,Won,
Q101053,2026-03-01,CU2025,20017,E-commerce Pure-Play,402.1,25.601,20.8032,25.3625,0.82024,13.0775,1,Won,
Q101054,2026-05-01,CU2043,20068,Government & Education,437.3,19.6426,15.7871,20.083,0.78609,12.2159,0,Lost,Price
Q101055,2026-02-01,CU2141,20189,Marketplace Seller,321.1,15.7788,13.5939,14.6324,0.92903,7.2241,0,Lost,Specification
Q101056,2024-11-01,CU2063,20122,Sub-Distributor,855.9,10.5871,9.5981,10.0072,0.95912,6.3317,0,Lost,Price
Q101057,2025-06-01,CU2109,20098,Subscription Box Operator,1060.8,21.4774,19.2532,21.2932,0.90419,12.9743,1,Won,
Q101058,2026-03-01,CU2128,20195,Marketplace Seller,569.6,48.5447,42.9018,48.6963,0.88101,25.0216,0,Lost,Lead time
Q101059,2024-02-01,CU2143,20083,Sub-Distributor,210.9,56.4653,52.0226,45.6591,1.13937,29.2814,0,Lost,Incumbent supplier
Q101060,2024-03-01,CU2117,20049,Marketplace Seller,531.0,72.2216,65.2849,66.4363,0.98267,36.3464,1,Won,
Q101061,2026-05-01,CU2098,20227,Subscription Box Operator,552.3,38.2576,32.3932,32.7507,0.98909,26.155,1,Won,
Q101062,2024-05-01,CU2012,20212,Government & Education,188.2,41.1592,38.3743,38.3764,0.99995,22.1405,1,Won,
Q101063,2023-11-01,CU2146,20071,E-commerce Pure-Play,648.2,78.3166,69.5888,72.0319,0.96608,54.9799,1,Won,
Q101064,2024-04-01,CU2128,20227,Marketplace Seller,108.0,39.6654,34.6122,36.2813,0.954,25.4482,1,Won,
Q101065,2024-07-01,CU2132,20014,Subscription Box Operator,475.4,39.5247,33.493,32.675,1.02503,17.9423,1,Won,
Q101066,2025-01-01,CU2045,20135,Subscription Box Operator,231.4,65.3003,51.7134,64.7165,0.79908,31.1191,1,Won,
Q101067,2025-09-01,CU2122,20142,Marketplace Seller,322.6,30.5371,28.8833,29.0077,0.99571,19.18,0,Lost,Incumbent supplier
Q101068,2024-05-01,CU2095,20184,Sub-Distributor,712.4,157.4857,146.5723,140.1284,1.04599,95.1535,0,Lost,Lead time
Q101069,2024-05-01,CU2085,20067,Government & Education,281.9,8.6392,8.0478,7.4816,1.07569,4.3526,0,Lost,Price
Q101070,2023-07-01,CU2027,20190,Marketplace Seller,270.2,31.5923,29.4099,33.3194,0.88267,20.2393,1,Won,
Q101071,2023-08-01,CU2118,20188,Regional Retail Chain,346.2,10.9337,8.9349,9.0641,0.98575,6.9274,0,Lost,Price
Q101072,2026-02-01,CU2029,20199,Independent Retailer,647.1,14.3276,13.2857,13.1697,1.00881,12.6673,0,Lost,Price
Q101073,2023-08-01,CU2092,20119,Marketplace Seller,419.0,49.169,42.1913,41.5786,1.01474,32.9844,0,Lost,Price
Q101074,2024-07-01,CU2087,20195,Sub-Distributor,220.0,48.5447,41.9607,51.3156,0.8177,26.3466,1,Won,
Q101075,2026-06-01,CU2061,20102,Marketplace Seller,144.1,68.5666,59.9366,66.7823,0.89749,37.9152,1,Won,
Q101076,2026-01-01,CU2032,20127,Sub-Distributor,722.1,43.7254,31.9715,45.895,0.69662,33.7612,1,Won,
Q101077,2025-03-01,CU2037,20237,Marketplace Seller,158.7,61.421,53.7916,63.3768,0.84876,45.3805,1,Won,
Q101078,2025-02-01,CU2068,20190,E-commerce Pure-Play,78.3,33.6301,29.4183,28.1381,1.04549,21.0085,0,Lost,Price
Q101079,2024-04-01,CU2095,20140,Sub-Distributor,595.2,334.0161,268.5429,338.4654,0.79341,165.234,0,Lost,Price
Q101080,2024-07-01,CU2121,20047,Corporate & B2B Buyer,685.9,20.1113,19.8404,18.3013,1.0841,12.9619,1,Won,
Q101081,2025-07-01,CU2069,20134,E-commerce Pure-Play,629.7,22.8756,23.3331,19.0686,1.22364,11.1259,0,Lost,Price
Q101082,2025-01-01,CU2069,20088,E-commerce Pure-Play,143.1,17.8359,15.2377,16.6959,0.91266,11.148,1,Won,
Q101083,2023-12-01,CU2146,20044,E-commerce Pure-Play,304.3,13.4397,10.6207,11.5805,0.91712,7.4519,0,Lost,Incumbent supplier
Q101084,2024-01-01,CU2056,20063,Regional Retail Chain,162.2,90.3471,78.5108,88.5497,0.88663,52.5903,1,Won,
Q101085,2025-05-01,CU2130,20032,Corporate & B2B Buyer,520.5,18.0485,16.8609,18.6728,0.90297,12.1422,0,Lost,Incumbent supplier
Q101086,2023-08-01,CU2080,20112,Government & Education,97.3,43.7766,41.7915,39.7334,1.0518,26.9373,0,Lost,Incumbent supplier
Q101087,2026-03-01,CU2053,20237,Corporate & B2B Buyer,242.2,51.1638,48.9348,47.0989,1.03898,30.5319,0,Lost,Price
Q101088,2026-01-01,CU2059,20045,Independent Retailer,1192.5,20.8726,19.7511,16.7692,1.17781,15.1759,0,Lost,Lead time
Q101089,2024-03-01,CU2110,20193,Independent Retailer,228.4,43.9539,44.833,43.199,1.03782,29.5519,0,Lost,Lead time
Q101090,2024-05-01,CU2076,20172,Government & Education,2197.8,22.1846,19.6532,19.6573,0.99979,17.0736,0,Lost,Specification
Q101091,2025-03-01,CU2129,20065,Regional Retail Chain,134.6,44.0852,39.1827,36.0323,1.08743,27.9137,0,Lost,Specification
Q101092,2026-04-01,CU2097,20090,Subscription Box Operator,313.9,31.9466,22.066,29.2739,0.75378,28.9375,1,Won,
Q101093,2026-03-01,CU2148,20188,Regional Retail Chain,218.9,11.0676,10.8772,11.5189,0.9443,8.3807,0,Lost,Price
Q101094,2026-03-01,CU2042,20189,Corporate & B2B Buyer,128.2,14.9724,13.322,14.4654,0.92095,7.4633,0,Lost,Price
Q101095,2026-01-01,CU2013,20159,Independent Retailer,205.4,28.712,24.7952,28.2306,0.87831,19.4483,1,Won,
Q101096,2025-09-01,CU2074,20221,Corporate & B2B Buyer,300.5,25.3047,25.2725,23.4102,1.07955,19.3556,0,Lost,Specification
Q101097,2024-05-01,CU2145,20135,Regional Retail Chain,191.4,68.2762,53.3396,70.4738,0.75687,32.3409,1,Won,
Q101098,2024-06-01,CU2100,20105,Independent Retailer,130.4,23.954,22.5568,24.065,0.93733,12.3988,0,Lost,Lead time
Q101099,2025-09-01,CU2095,20083,Sub-Distributor,607.0,53.0255,49.195,47.6523,1.03237,35.7126,0,Lost,Lead time
Q101100,2024-05-01,CU2111,20163,Independent Retailer,56.7,18.6222,16.8863,17.6085,0.95898,13.6401,1,Won,
Q101101,2024-02-01,CU2003,20088,Regional Retail Chain,126.5,20.3177,19.921,18.2259,1.093,11.2178,1,Won,
Q101102,2023-12-01,CU2096,20142,Marketplace Seller,931.5,29.7377,26.8569,30.233,0.88833,18.953,1,Won,
Q101103,2025-12-01,CU2040,20163,Independent Retailer,1494.9,17.7795,16.7957,16.6092,1.01123,13.9225,0,Lost,Lead time
Q101104,2023-07-01,CU2015,20130,Corporate & B2B Buyer,257.1,82.2149,78.847,71.6585,1.10032,56.8734,1,Won,
Q101105,2023-11-01,CU2061,20136,Marketplace Seller,135.5,25.1979,23.6476,24.4145,0.96859,14.7121,0,Lost,Specification
Q101106,2024-08-01,CU2082,20197,E-commerce Pure-Play,27.7,17.535,15.4802,17.9641,0.86173,9.7378,1,Won,
Q101107,2025-06-01,CU2034,20049,Marketplace Seller,96.9,80.4347,75.3095,70.5609,1.0673,42.8175,1,Won,
Q101108,2023-07-01,CU2049,20226,Independent Retailer,427.1,12.3278,11.1403,12.6559,0.88024,6.6862,1,Won,
Q101109,2026-05-01,CU2038,20152,Marketplace Seller,1033.5,22.6466,18.9382,20.1857,0.9382,15.7515,1,Won,
Q101110,2026-06-01,CU2017,20018,Government & Education,136.9,83.3453,76.9828,70.2215,1.09629,34.2408,1,Won,
Q101111,2024-08-01,CU2052,20068,Marketplace Seller,852.6,21.5255,17.9914,20.09,0.89554,12.6357,1,Won,
Q101112,2023-08-01,CU2000,20234,Independent Retailer,60.1,32.5008,29.1358,32.318,0.90153,25.0644,1,Won,
Q101113,2025-11-01,CU2046,20039,Marketplace Seller,445.9,81.5405,68.3604,84.1972,0.81191,46.1362,1,Won,
Q101114,2025-11-01,CU2120,20168,Independent Retailer,917.3,16.8263,13.0999,16.9728,0.77182,12.5158,0,Lost,Specification
Q101115,2024-02-01,CU2045,20217,Subscription Box Operator,516.3,46.9189,38.9734,39.0187,0.99884,32.32,1,Won,
Q101116,2026-03-01,CU2098,20094,Subscription Box Operator,771.1,17.5331,16.3921,15.9343,1.02873,8.2582,0,Lost,Price
Q101117,2023-08-01,CU2035,20198,Corporate & B2B Buyer,224.6,8.2901,7.5994,7.6982,0.98716,4.3847,1,Won,
Q101118,2025-11-01,CU2122,20164,Marketplace Seller,125.0,52.2241,47.2298,49.3958,0.95615,34.8961,1,Won,
Q101119,2024-07-01,CU2001,20031,Subscription Box Operator,90.3,6.3106,5.6911,6.4748,0.87896,4.1563,1,Won,
Q101120,2025-11-01,CU2040,20007,Independent Retailer,237.5,21.2631,19.9237,20.8874,0.95386,15.2798,0,Lost,Lead time
Q101121,2024-06-01,CU2089,20088,Marketplace Seller,1432.5,18.0427,18.4036,15.2355,1.20794,10.8682,0,Lost,Price
Q101122,2025-10-01,CU2025,20051,E-commerce Pure-Play,314.1,75.053,69.8058,76.0757,0.91758,42.5071,1,Won,
Q101123,2025-07-01,CU2066,20198,Corporate & B2B Buyer,851.3,10.2498,8.9276,9.8092,0.91013,5.2501,0,Lost,Price
Q101124,2024-01-01,CU2069,20161,E-commerce Pure-Play,60.1,37.6374,32.0858,33.6916,0.95234,19.3954,1,Won,
Q101125,2024-06-01,CU2000,20153,Independent Retailer,243.8,23.6342,22.7641,18.9602,1.20063,13.4346,1,Won,
Q101126,2024-08-01,CU2039,20235,Marketplace Seller,825.3,78.502,68.2344,79.478,0.85853,48.5643,1,Won,
Q101127,2026-04-01,CU2087,20120,Sub-Distributor,183.6,64.5819,57.2328,52.4479,1.09123,28.2751,0,Lost,Price
Q101128,2025-03-01,CU2005,20025,Independent Retailer,262.8,41.0126,38.4983,42.6959,0.90168,30.0989,1,Won,
Q101129,2026-03-01,CU2053,20231,Corporate & B2B Buyer,207.3,44.5225,39.8692,37.9252,1.05126,16.912,0,Lost,Specification
Q101130,2023-07-01,CU2007,20026,Sub-Distributor,208.3,46.4944,45.4783,48.9448,0.92917,28.9626,0,Lost,Lead time
Q101131,2024-09-01,CU2107,20144,E-commerce Pure-Play,958.4,28.8943,26.3832,24.9494,1.05747,16.7646,0,Lost,Lead time
Q101132,2026-01-01,CU2001,20025,Subscription Box Operator,137.7,38.9009,33.7026,37.2447,0.9049,27.0127,1,Won,
Q101133,2024-04-01,CU2078,20233,E-commerce Pure-Play,818.7,53.8505,45.1466,45.9901,0.98166,32.0543,1,Won,
Q101134,2025-06-01,CU2078,20056,E-commerce Pure-Play,669.5,49.85,42.5828,51.8655,0.82102,34.6387,0,Lost,Price
Q101135,2025-01-01,CU2080,20237,Government & Education,21.3,66.1511,67.2341,62.1313,1.08213,46.3569,0,Lost,Price
Q101136,2025-05-01,CU2137,20095,E-commerce Pure-Play,1188.9,16.5539,14.9727,14.0734,1.0639,10.2759,0,Lost,Price
Q101137,2025-03-01,CU2072,20123,Marketplace Seller,97.7,11.4198,9.994,10.4142,0.95965,6.3212,1,Won,
Q101138,2023-10-01,CU2025,20033,E-commerce Pure-Play,146.3,12.9592,10.498,12.8238,0.81864,9.6757,1,Won,
Q101139,2023-10-01,CU2001,20151,Subscription Box Operator,734.4,16.1498,13.8472,16.652,0.83157,8.2838,1,Won,
Q101140,2026-01-01,CU2067,20045,Independent Retailer,329.6,20.8726,18.4706,21.1175,0.87466,15.1759,0,Lost,Lead time
Q101141,2025-08-01,CU2089,20115,Marketplace Seller,279.5,56.5936,46.7637,47.9168,0.97594,36.8527,0,Lost,Specification
Q101142,2025-10-01,CU2076,20228,Government & Education,435.3,41.8527,33.865,37.6408,0.89969,26.5733,1,Won,
Q101143,2024-02-01,CU2139,20142,E-commerce Pure-Play,355.3,29.7377,25.6771,27.9592,0.91838,18.4599,1,Won,
Q101144,2026-05-01,CU2039,20059,Marketplace Seller,186.6,12.0681,11.1191,12.3208,0.90247,9.2413,1,Won,
Q101145,2024-07-01,CU2017,20048,Government & Education,248.7,75.9837,66.5368,67.3647,0.98771,61.5201,0,Lost,Lead time
Q101146,2026-01-01,CU2115,20034,Sub-Distributor,1289.3,84.0539,79.6438,86.3295,0.92256,44.5081,1,Won,
Q101147,2025-07-01,CU2085,20095,Government & Education,136.1,16.5539,14.3944,16.6862,0.86266,10.5029,1,Won,
Q101148,2025-06-01,CU2019,20213,E-commerce Pure-Play,1566.3,39.3522,39.074,34.346,1.13766,26.8939,0,Lost,Incumbent supplier
Q101149,2023-09-01,CU2114,20181,Corporate & B2B Buyer,648.8,15.2291,14.3048,12.6344,1.13221,9.9035,0,Lost,Price
Q101150,2024-02-01,CU2031,20123,Corporate & B2B Buyer,627.5,11.0594,9.1178,9.6266,0.94715,6.6048,1,Won,
Q101151,2025-07-01,CU2071,20185,Regional Retail Chain,610.6,10.356,8.8944,9.8539,0.90263,6.3513,1,Won,
Q101152,2026-02-01,CU2128,20027,Marketplace Seller,3766.4,39.0221,35.9864,37.0022,0.97255,22.5909,0,Lost,Price
Q101153,2025-03-01,CU2119,20178,Marketplace Seller,1299.5,23.3648,21.2298,23.0225,0.92213,18.3011,1,Won,
Q101154,2024-05-01,CU2114,20118,Corporate & B2B Buyer,324.8,84.0652,71.8443,88.0542,0.81591,40.4128,1,Won,
Q101155,2024-10-01,CU2059,20116,Independent Retailer,278.3,9.7289,8.1586,9.6954,0.84149,4.9903,1,Won,
Q101156,2025-02-01,CU2069,20172,E-commerce Pure-Play,620.0,23.1191,20.787,24.1129,0.86207,19.0261,0,Lost,Incumbent supplier
Q101157,2026-05-01,CU2141,20096,Marketplace Seller,269.2,8.647,6.9205,7.5276,0.91935,6.6652,0,Lost,Specification
Q101158,2023-11-01,CU2060,20055,Subscription Box Operator,365.1,154.4208,157.0997,123.8445,1.26852,79.8497,0,Lost,Specification
Q101159,2024-11-01,CU2106,20020,Sub-Distributor,744.7,58.6747,49.0403,50.6805,0.96764,33.6255,1,Won,
Q101160,2025-10-01,CU2060,20143,Subscription Box Operator,704.1,51.0105,48.8645,43.3309,1.12771,31.3434,0,Lost,Lead time
Q101161,2024-07-01,CU2092,20215,Marketplace Seller,173.1,11.8721,10.1179,11.534,0.87722,8.7624,0,Lost,Price
Q101162,2024-01-01,CU2098,20230,Subscription Box Operator,696.5,38.6433,37.5397,40.3767,0.92974,18.9368,1,Won,
Q101163,2025-05-01,CU2064,20093,Independent Retailer,890.3,55.2667,49.0795,56.9634,0.8616,29.2552,0,Lost,Price
Q101164,2025-10-01,CU2139,20110,E-commerce Pure-Play,213.3,129.8879,114.0641,123.9596,0.92017,61.1316,1,Won,
Q101165,2024-05-01,CU2075,20028,Independent Retailer,155.0,32.4259,31.8218,32.3765,0.98287,23.9051,0,Lost,Incumbent supplier
Q101166,2026-02-01,CU2077,20038,Corporate & B2B Buyer,247.1,72.1206,64.4926,63.7603,1.01149,61.0196,0,Lost,Price
Q101167,2025-02-01,CU2084,20223,Marketplace Seller,542.8,15.1716,14.3786,13.5056,1.06464,8.3697,1,Won,
Q101168,2026-04-01,CU2012,20063,Government & Education,230.3,96.0678,78.8318,86.2334,0.91417,65.5203,0,Lost,Specification
Q101169,2026-01-01,CU2017,20050,Government & Education,150.4,14.8161,11.3696,12.2364,0.92917,6.9025,1,Won,
Q101170,2025-01-01,CU2085,20190,Government & Education,683.7,33.6301,30.5609,35.0902,0.87092,20.8746,1,Won,
Q101171,2026-03-01,CU2126,20079,Marketplace Seller,339.4,12.1016,9.7675,11.5395,0.84644,7.9433,1,Won,
Q101172,2024-12-01,CU2065,20152,Government & Education,1409.3,20.8043,17.014,20.2371,0.84073,10.9752,1,Won,
Q101173,2025-01-01,CU2135,20209,Sub-Distributor,390.9,13.637,11.8222,12.8935,0.91691,9.534,1,Won,
Q101174,2024-03-01,CU2125,20088,Marketplace Seller,281.6,20.3769,16.0071,21.0519,0.76036,11.0711,1,Won,
Q101175,2025-03-01,CU2024,20130,Corporate & B2B Buyer,803.0,71.7007,60.7415,60.2471,1.00821,49.9871,0,Lost,Incumbent supplier
Q101176,2024-03-01,CU2030,20143,Independent Retailer,316.5,70.1642,70.6991,60.3294,1.17188,40.4782,1,Won,
Q101177,2024-03-01,CU2042,20162,Corporate & B2B Buyer,184.3,13.6663,12.9347,12.6958,1.01882,6.6336,1,Won,
Q101178,2024-05-01,CU2068,20136,E-commerce Pure-Play,87.1,22.6947,19.6244,18.831,1.04213,14.7696,0,Lost,Lead time
Q101179,2026-06-01,CU2137,20144,E-commerce Pure-Play,122.5,25.964,23.1143,24.808,0.93173,19.8626,1,Won,
Q101180,2023-09-01,CU2111,20220,Independent Retailer,86.6,15.9779,14.628,16.8816,0.86651,7.8877,1,Won,
Q101181,2023-12-01,CU2054,20049,Marketplace Seller,115.1,71.2267,62.0548,58.701,1.05713,33.651,0,Lost,Price
Q101182,2023-07-01,CU2012,20148,Government & Education,123.8,67.3491,65.9121,70.8665,0.93009,46.1257,0,Lost,Lead time
Q101183,2026-03-01,CU2115,20046,Sub-Distributor,144.9,16.4135,14.3033,15.2741,0.93644,13.4045,1,Won,
Q101184,2025-05-01,CU2041,20046,Sub-Distributor,681.1,17.4124,15.6726,16.1707,0.9692,13.2612,1,Won,
Q101185,2023-07-01,CU2033,20104,Independent Retailer,532.1,11.3753,10.37,9.6388,1.07585,7.1573,1,Won,
Q101186,2026-02-01,CU2059,20078,Independent Retailer,441.6,21.3921,18.8184,21.9996,0.8554,16.1145,1,Won,
Q101187,2025-04-01,CU2023,20215,E-commerce Pure-Play,859.1,11.8721,10.4904,11.4337,0.9175,6.9984,1,Won,
Q101188,2024-09-01,CU2100,20177,Independent Retailer,518.5,35.3179,32.5454,29.1691,1.11575,24.3261,0,Lost,Lead time
Q101189,2023-12-01,CU2094,20192,Regional Retail Chain,264.6,23.2474,22.2416,19.8233,1.12199,15.3048,0,Lost,Price
Q101190,2025-09-01,CU2000,20128,Independent Retailer,245.7,17.0073,15.4963,14.6241,1.05964,11.9155,0,Lost,Price
Q101191,2023-12-01,CU2040,20025,Independent Retailer,1088.9,43.945,40.1125,43.8197,0.9154,30.1039,1,Won,
Q101192,2024-01-01,CU2061,20233,Marketplace Seller,51.3,53.8505,47.7684,46.1996,1.03396,30.3374,1,Won,
Q101193,2025-12-01,CU2034,20182,Marketplace Seller,961.5,31.4568,28.1976,29.4197,0.95846,21.3364,0,Lost,Price
Q101194,2025-01-01,CU2033,20197,Independent Retailer,246.7,16.4973,14.866,15.5781,0.95429,9.1648,0,Lost,Incumbent supplier
Q101195,2023-08-01,CU2078,20092,E-commerce Pure-Play,434.3,33.0384,24.6126,31.7848,0.77435,21.9575,1,Won,
Q101196,2024-08-01,CU2049,20084,Independent Retailer,268.0,23.3022,21.3178,19.4692,1.09495,14.2182,0,Lost,Price
Q101197,2025-04-01,CU2054,20180,Marketplace Seller,388.8,16.6857,16.14,13.9474,1.15721,10.8938,0,Lost,Price
Q101198,2025-09-01,CU2108,20078,Sub-Distributor,131.3,23.944,22.9117,23.3337,0.98192,19.4598,0,Lost,Specification
Q101199,2025-05-01,CU2039,20048,Marketplace Seller,252.4,75.9837,72.6532,77.4498,0.93807,65.8155,0,Lost,Incumbent supplier
Q101200,2024-12-01,CU2123,20238,Independent Retailer,55.3,13.9566,12.8347,13.6044,0.94342,9.6223,1,Won,
Q101201,2025-07-01,CU2027,20032,Marketplace Seller,1462.2,17.2199,14.486,16.3746,0.88466,12.9847,1,Won,
Q101202,2023-07-01,CU2123,20224,Independent Retailer,189.2,12.969,10.6004,11.7415,0.90281,9.0275,1,Won,
Q101203,2025-09-01,CU2135,20114,Sub-Distributor,465.3,52.922,46.6458,45.6675,1.02142,34.9076,0,Lost,Price
Q101204,2025-10-01,CU2142,20193,Marketplace Seller,311.9,43.6001,40.4445,35.7943,1.12992,34.6112,0,Lost,Price
Q101205,2024-02-01,CU2041,20187,Sub-Distributor,285.6,35.0419,28.5623,31.6196,0.90331,24.3955,1,Won,
Q101206,2025-08-01,CU2066,20108,Corporate & B2B Buyer,1011.0,25.539,25.2583,24.2628,1.04103,15.3848,0,Lost,Specification
Q101207,2024-07-01,CU2129,20215,Regional Retail Chain,292.6,11.8721,10.7365,11.2605,0.95347,8.7624,1,Won,
Q101208,2024-06-01,CU2051,20006,Subscription Box Operator,428.8,39.1636,29.4474,36.317,0.81084,19.5171,1,Won,
Q101209,2023-11-01,CU2142,20211,Marketplace Seller,120.9,39.7418,36.3924,38.3197,0.9497,22.1222,1,Won,
Q101210,2025-05-01,CU2093,20109,Independent Retailer,401.7,26.4942,23.8501,23.6096,1.01019,13.5163,0,Lost,Lead time
Q101211,2023-11-01,CU2134,20121,Marketplace Seller,170.7,16.0613,14.3611,13.2456,1.08422,9.455,0,Lost,Price
Q101212,2024-06-01,CU2088,20165,Independent Retailer,673.4,18.9464,18.3189,16.1612,1.13351,12.7219,0,Lost,Lead time
Q101213,2025-05-01,CU2136,20132,Government & Education,393.0,9.0989,8.8389,8.2629,1.06971,7.2458,0,Lost,Specification
Q101214,2025-06-01,CU2109,20056,Subscription Box Operator,669.3,49.85,39.5009,48.5415,0.81376,34.6387,1,Won,
Q101215,2024-07-01,CU2015,20126,Corporate & B2B Buyer,97.3,55.3402,54.535,54.6071,0.99868,29.713,1,Won,
Q101216,2024-11-01,CU2129,20227,Regional Retail Chain,310.1,35.5785,31.6133,35.6895,0.88579,21.747,1,Won,
Q101217,2026-01-01,CU2055,20144,Marketplace Seller,595.0,22.8454,18.1544,20.6787,0.87793,19.9282,0,Lost,Lead time
Q101218,2025-11-01,CU2123,20169,Independent Retailer,110.4,21.2604,20.6523,21.5074,0.96024,13.5192,1,Won,
Q101219,2023-09-01,CU2048,20023,E-commerce Pure-Play,97.8,27.6616,25.9652,27.32,0.95041,17.052,0,Lost,Specification
Q101220,2024-10-01,CU2146,20202,E-commerce Pure-Play,152.9,46.9027,43.4439,40.8292,1.06404,22.1945,0,Lost,Price
Q101221,2026-04-01,CU2074,20099,Corporate & B2B Buyer,36.1,68.9696,58.2676,67.8217,0.85913,31.5651,0,Lost,Price
Q101222,2026-05-01,CU2079,20207,Marketplace Seller,168.4,12.0683,10.5508,11.2356,0.93905,7.7635,1,Won,
Q101223,2025-09-01,CU2086,20181,Marketplace Seller,732.7,17.3456,14.9947,17.2943,0.86703,11.9175,1,Won,
Q101224,2024-11-01,CU2130,20002,Corporate & B2B Buyer,757.5,53.3806,46.3935,52.9955,0.87542,37.4626,0,Lost,Specification
Q101225,2025-12-01,CU2057,20089,Subscription Box Operator,1024.3,67.6809,69.0345,70.1922,0.98351,49.9628,1,Won,
Q101226,2024-10-01,CU2029,20154,Independent Retailer,177.6,41.9689,39.4444,35.5475,1.10962,26.1393,0,Lost,Specification
Q101227,2026-01-01,CU2075,20166,Independent Retailer,85.4,14.4892,12.9995,15.2434,0.8528,11.711,1,Won,
Q101228,2026-06-01,CU2083,20126,Marketplace Seller,142.6,47.2329,40.4817,41.6171,0.97272,22.1934,0,Lost,Price
Q101229,2025-04-01,CU2082,20056,E-commerce Pure-Play,468.3,49.85,49.6077,42.731,1.16093,32.5886,0,Lost,Price
Q101230,2024-01-01,CU2067,20006,Independent Retailer,103.7,39.2293,36.4811,35.5038,1.02753,20.04,1,Won,
Q101231,2026-06-01,CU2054,20018,Marketplace Seller,343.3,83.3453,71.7027,76.9518,0.93179,34.2408,0,Lost,Specification
Q101232,2025-06-01,CU2016,20136,Corporate & B2B Buyer,66.0,18.8934,16.5101,15.259,1.08199,14.4772,1,Won,
Q101233,2025-11-01,CU2128,20230,Marketplace Seller,311.5,41.5532,36.0343,40.2279,0.89575,16.7596,0,Lost,Price
Q101234,2025-12-01,CU2121,20020,Corporate & B2B Buyer,392.0,55.5739,47.8153,47.1896,1.01326,30.4916,1,Won,
Q101235,2024-08-01,CU2082,20144,E-commerce Pure-Play,334.2,28.8943,25.5885,26.6261,0.96103,17.415,1,Won,
Q101236,2024-10-01,CU2118,20002,Regional Retail Chain,183.7,53.3806,54.4482,53.9589,1.00907,38.7389,0,Lost,Price
Q101237,2025-02-01,CU2082,20001,E-commerce Pure-Play,154.2,18.177,16.5124,15.3648,1.07469,10.9759,0,Lost,Incumbent supplier
Q101238,2025-08-01,CU2102,20095,Sub-Distributor,1388.8,16.5539,14.9463,14.3004,1.04517,11.0608,0,Lost,Specification
Q101239,2026-06-01,CU2054,20014,Marketplace Seller,832.9,38.8396,34.3986,40.1851,0.856,18.9363,0,Lost,Specification
Q101240,2024-07-01,CU2145,20156,Regional Retail Chain,233.6,66.5391,65.0326,66.5185,0.97766,52.1751,0,Lost,Price
Q101241,2026-01-01,CU2012,20207,Government & Education,619.0,13.146,11.7494,10.9439,1.0736,7.6941,0,Lost,Incumbent supplier
Q101242,2023-11-01,CU2136,20042,Government & Education,28.6,92.962,70.5433,84.3764,0.83606,57.1503,1,Won,
Q101243,2024-12-01,CU2144,20229,Marketplace Seller,218.5,20.5884,16.5309,19.6585,0.84091,10.8944,0,Lost,Price
Q101244,2023-07-01,CU2003,20213,Regional Retail Chain,650.2,38.0015,33.9471,33.3945,1.01655,20.6108,1,Won,
Q101245,2023-08-01,CU2104,20141,Corporate & B2B Buyer,1093.3,55.3401,49.9603,48.779,1.02422,27.819,0,Lost,Lead time
Q101246,2026-06-01,CU2138,20174,Marketplace Seller,80.3,12.8281,12.4067,10.973,1.13065,10.6234,0,Lost,Price
Q101247,2025-01-01,CU2050,20179,Marketplace Seller,154.1,47.1026,44.1385,40.1499,1.09934,22.3777,1,Won,
Q101248,2026-02-01,CU2086,20118,Marketplace Seller,101.2,75.2024,65.0048,78.6619,0.82638,50.3113,1,Won,
Q101249,2024-03-01,CU2005,20198,Independent Retailer,195.6,8.4003,6.8599,7.9988,0.85762,4.1208,0,Lost,Specification
Q101250,2024-05-01,CU2142,20098,Marketplace Seller,452.7,18.1915,15.963,15.1582,1.05309,11.9862,1,Won,
Q101251,2025-09-01,CU2083,20154,Marketplace Seller,328.3,48.3333,45.3862,40.5245,1.11997,26.9952,0,Lost,Price
Q101252,2024-08-01,CU2070,20096,Marketplace Seller,427.7,9.8211,8.6274,8.197,1.05251,5.7725,0,Lost,Price
Q101253,2023-08-01,CU2109,20015,Subscription Box Operator,882.2,13.1709,11.7161,10.643,1.10082,9.0368,0,Lost,Price
Q101254,2024-12-01,CU2090,20050,Sub-Distributor,169.2,13.0066,11.3774,11.2643,1.01004,6.4385,0,Lost,Incumbent supplier
Q101255,2023-08-01,CU2114,20082,Corporate & B2B Buyer,450.6,37.6973,34.3646,34.5811,0.99374,22.3345,1,Won,
Q101256,2025-12-01,CU2009,20137,Marketplace Seller,308.2,74.9186,76.2615,61.4606,1.24082,43.5991,0,Lost,Price
Q101257,2024-08-01,CU2048,20228,E-commerce Pure-Play,379.8,49.73,45.3754,40.4383,1.12209,27.6864,0,Lost,Specification
Q101258,2025-07-01,CU2062,20067,Independent Retailer,115.8,10.2148,8.9947,8.2079,1.09586,5.4255,1,Won,
Q101259,2026-01-01,CU2072,20227,Marketplace Seller,154.4,37.3363,34.2324,30.7312,1.11393,25.7587,0,Lost,Specification
Q101260,2026-01-01,CU2109,20216,Subscription Box Operator,1381.0,41.3841,36.7036,41.6429,0.88139,23.7596,1,Won,
Q101261,2024-10-01,CU2081,20059,Regional Retail Chain,217.5,10.2102,7.7009,10.6484,0.72319,6.5786,0,Lost,Specification
Q101262,2024-03-01,CU2074,20206,Corporate & B2B Buyer,159.5,47.6096,40.0641,48.1947,0.8313,36.9026,1,Won,
Q101263,2025-04-01,CU2113,20117,Independent Retailer,147.1,15.5127,13.6814,14.3349,0.95441,8.8772,1,Won,
Q101264,2024-02-01,CU2081,20099,Regional Retail Chain,245.0,80.1444,75.9353,73.8928,1.02764,34.6349,1,Won,
Q101265,2026-05-01,CU2143,20104,Sub-Distributor,71.3,17.0702,15.9212,17.452,0.91228,12.4736,1,Won,
Q101266,2024-07-01,CU2028,20059,Independent Retailer,466.7,10.1048,8.9727,9.5128,0.94322,6.2029,1,Won,
Q101267,2024-01-01,CU2117,20062,Marketplace Seller,240.6,52.1545,49.3999,43.8415,1.12678,28.3991,0,Lost,Lead time
Q101268,2024-10-01,CU2077,20196,Corporate & B2B Buyer,159.0,23.7053,21.4796,19.246,1.11606,17.0341,0,Lost,Specification
Q101269,2024-12-01,CU2023,20234,E-commerce Pure-Play,238.9,33.0581,27.5955,31.263,0.88269,20.0171,1,Won,
Q101270,2025-11-01,CU2101,20185,Independent Retailer,63.1,10.7635,9.8526,11.3303,0.86957,6.6492,1,Won,
Q101271,2024-10-01,CU2123,20038,Independent Retailer,154.2,74.6369,63.5369,78.2614,0.81185,55.5047,1,Won,
Q101272,2026-04-01,CU2008,20052,Independent Retailer,1856.2,20.0117,19.4561,20.2192,0.96226,8.7431,0,Lost,Specification
Q101273,2025-11-01,CU2117,20129,Marketplace Seller,259.6,22.0081,19.3876,17.7552,1.09193,13.6948,0,Lost,Price
Q101274,2023-10-01,CU2147,20117,Marketplace Seller,140.7,15.5127,15.3357,14.944,1.02621,8.7897,1,Won,
Q101275,2023-07-01,CU2000,20121,Independent Retailer,160.4,15.1318,12.5162,12.8926,0.97081,9.4106,1,Won,
Q101276,2025-11-01,CU2101,20070,Independent Retailer,389.4,14.4755,13.128,13.7054,0.95787,10.1926,1,Won,
Q101277,2024-04-01,CU2030,20177,Independent Retailer,374.6,35.3179,31.4077,37.3764,0.84031,25.5138,1,Won,
Q101278,2026-04-01,CU2084,20093,Marketplace Seller,331.9,59.3348,47.6943,48.8745,0.97585,32.6302,0,Lost,Price
Q101279,2025-06-01,CU2088,20014,Independent Retailer,479.0,45.0311,36.5654,45.0889,0.81096,17.5108,1,Won,
Q101280,2026-03-01,CU2075,20200,Independent Retailer,208.8,26.853,20.3364,26.5657,0.76551,20.3655,1,Won,
Q101281,2024-03-01,CU2077,20210,Corporate & B2B Buyer,47.6,40.3322,38.7772,34.3113,1.13016,21.0828,0,Lost,Price
Q101282,2025-08-01,CU2072,20230,Marketplace Seller,1109.2,41.5532,38.0836,39.4479,0.96542,16.9155,1,Won,
Q101283,2026-01-01,CU2104,20020,Corporate & B2B Buyer,280.4,55.5739,42.9797,51.4533,0.83532,30.4437,1,Won,
Q101284,2023-08-01,CU2066,20070,Corporate & B2B Buyer,96.2,18.9605,17.2874,17.2157,1.00417,13.029,1,Won,
Q101285,2024-06-01,CU2040,20019,Independent Retailer,157.2,8.5951,7.838,8.5317,0.91869,4.8596,1,Won,
Q101286,2025-07-01,CU2016,20062,Corporate & B2B Buyer,134.5,39.8322,39.1074,41.4403,0.9437,35.8959,0,Lost,Price
Q101287,2025-06-01,CU2093,20079,Independent Retailer,335.7,10.8789,9.6765,10.3426,0.9356,8.3672,0,Lost,Incumbent supplier
Q101288,2025-09-01,CU2139,20086,E-commerce Pure-Play,123.5,44.7277,43.2726,37.3777,1.15771,19.6035,1,Won,
Q101289,2025-01-01,CU2131,20132,Regional Retail Chain,229.6,8.5528,6.8949,8.0479,0.85673,6.5561,1,Won,
Q101290,2026-04-01,CU2018,20207,Independent Retailer,272.8,13.0406,9.6976,13.2631,0.73117,7.6401,1,Won,
Q101291,2024-09-01,CU2010,20214,Sub-Distributor,146.6,18.5842,14.9095,15.4754,0.96344,13.6008,0,Lost,Price
Q101292,2024-02-01,CU2077,20228,Corporate & B2B Buyer,286.6,43.5853,38.5175,36.9705,1.04185,25.7183,1,Won,
Q101293,2025-12-01,CU2143,20101,Sub-Distributor,272.7,15.2489,11.7792,13.3467,0.88255,8.3396,0,Lost,Price
Q101294,2023-07-01,CU2120,20113,Independent Retailer,960.8,41.4175,37.9239,34.0649,1.11328,23.2355,1,Won,
Q101295,2025-07-01,CU2038,20012,Marketplace Seller,407.4,18.1807,15.1895,18.1067,0.83889,6.1739,1,Won,
Q101296,2026-02-01,CU2104,20068,Corporate & B2B Buyer,380.2,17.362,14.1648,14.6468,0.96709,12.6753,0,Lost,Specification
Q101297,2023-12-01,CU2025,20066,E-commerce Pure-Play,89.2,17.0141,13.5858,16.6726,0.81486,10.4826,1,Won,
Q101298,2026-02-01,CU2050,20202,Marketplace Seller,383.3,46.9027,36.6312,45.815,0.79955,26.5798,1,Won,
Q101299,2024-11-01,CU2091,20068,Independent Retailer,317.7,18.3404,16.9479,16.331,1.03777,11.3325,0,Lost,Specification
Q101300,2023-07-01,CU2081,20180,Regional Retail Chain,363.8,17.5932,14.257,17.014,0.83796,11.2585,0,Lost,Price
Q101301,2025-11-01,CU2009,20029,Marketplace Seller,74.8,34.5837,28.8825,36.3985,0.79351,13.8999,1,Won,
Q101302,2023-11-01,CU2040,20035,Independent Retailer,1427.3,47.1777,39.8084,44.6993,0.89058,24.3366,1,Won,
Q101303,2025-08-01,CU2134,20022,Marketplace Seller,204.9,42.6892,40.6417,34.6252,1.17376,30.8982,0,Lost,Price
Q101304,2024-12-01,CU2077,20172,Corporate & B2B Buyer,333.2,23.7487,23.0047,21.2462,1.08277,18.3767,0,Lost,Specification
Q101305,2025-11-01,CU2072,20202,Marketplace Seller,1209.4,46.9027,44.5958,40.5683,1.09928,22.137,0,Lost,Incumbent supplier
Q101306,2024-08-01,CU2062,20097,Independent Retailer,636.6,67.0046,63.9285,58.3033,1.09648,35.5954,1,Won,
Q101307,2025-01-01,CU2077,20218,Corporate & B2B Buyer,91.2,49.5534,44.556,48.4853,0.91896,22.0797,1,Won,
Q101308,2024-12-01,CU2072,20114,Marketplace Seller,282.7,60.3351,49.7215,60.5787,0.82078,36.1902,1,Won,
Q101309,2025-10-01,CU2048,20210,E-commerce Pure-Play,1407.4,44.3103,35.8291,36.0628,0.99352,32.2933,0,Lost,Incumbent supplier
Q101310,2026-03-01,CU2063,20034,Sub-Distributor,771.8,77.1103,76.7837,74.6584,1.02847,36.795,0,Lost,Specification
Q101311,2025-06-01,CU2034,20012,Marketplace Seller,347.5,18.1807,15.3681,17.9918,0.85417,6.5414,1,Won,
Q101312,2024-01-01,CU2092,20038,Marketplace Seller,114.3,72.6578,57.8056,71.4274,0.80929,52.7754,1,Won,
Q101313,2023-07-01,CU2088,20227,Independent Retailer,65.1,39.85,36.5691,33.7054,1.08496,25.2984,1,Won,
Q101314,2024-06-01,CU2082,20040,E-commerce Pure-Play,256.6,50.1799,48.0929,52.5069,0.91594,27.5674,1,Won,
Q101315,2023-09-01,CU2039,20101,Marketplace Seller,84.6,15.02,13.8226,12.6491,1.09277,7.1161,0,Lost,Price
Q101316,2024-06-01,CU2033,20075,Independent Retailer,739.7,21.141,17.4132,21.2403,0.81982,10.8249,1,Won,
Q101317,2024-11-01,CU2073,20183,Marketplace Seller,166.0,89.5027,67.592,74.3779,0.90876,53.5912,1,Won,
Q101318,2024-12-01,CU2141,20048,Marketplace Seller,344.1,75.9837,67.608,62.6255,1.07956,60.5892,0,Lost,Incumbent supplier
Q101319,2025-12-01,CU2145,20017,Regional Retail Chain,1737.6,28.3985,27.9093,28.0669,0.99439,15.3513,1,Won,
Q101320,2026-04-01,CU2076,20133,Government & Education,483.7,32.8995,25.0202,31.557,0.79286,18.6133,1,Won,
Q101321,2025-09-01,CU2140,20222,Subscription Box Operator,239.5,22.3331,20.816,18.2029,1.14355,13.61,0,Lost,Price
Q101322,2023-09-01,CU2012,20212,Government & Education,327.3,38.8731,34.219,34.6533,0.98747,23.2035,1,Won,
Q101323,2024-10-01,CU2031,20061,Corporate & B2B Buyer,615.8,23.3185,22.6223,20.7492,1.09028,13.3084,0,Lost,Lead time
Q101324,2025-02-01,CU2139,20220,E-commerce Pure-Play,664.5,17.4076,17.0661,17.0225,1.00256,8.3115,0,Lost,Incumbent supplier
Q101325,2026-06-01,CU2066,20015,Corporate & B2B Buyer,306.2,12.442,10.949,10.8868,1.00571,8.7628,1,Won,
Q101326,2024-04-01,CU2106,20038,Sub-Distributor,580.6,77.3495,67.0881,73.546,0.91219,57.3883,0,Lost,Incumbent supplier
Q101327,2024-06-01,CU2010,20191,Sub-Distributor,1415.2,44.6026,42.2638,44.6489,0.94658,31.3359,1,Won,
Q101328,2026-05-01,CU2046,20082,Marketplace Seller,403.6,33.2732,30.8562,31.1067,0.99195,14.5605,0,Lost,Price
Q101329,2025-12-01,CU2123,20195,Independent Retailer,1172.4,48.5447,42.2924,40.607,1.0415,28.3386,0,Lost,Price
Q101330,2025-08-01,CU2077,20004,Corporate & B2B Buyer,477.0,27.5803,22.8228,29.0633,0.78528,18.4889,1,Won,
Q101331,2023-11-01,CU2029,20134,Independent Retailer,457.0,24.7093,24.6702,24.9518,0.98871,13.0926,0,Lost,Price
Q101332,2024-06-01,CU2055,20075,Marketplace Seller,50.1,21.141,21.0299,19.1564,1.0978,10.8249,0,Lost,Price
Q101333,2023-11-01,CU2094,20114,Regional Retail Chain,149.9,74.5574,52.1151,69.856,0.74604,46.5984,1,Won,
Q101334,2026-04-01,CU2007,20037,Sub-Distributor,223.9,33.4874,31.1822,32.9468,0.94644,22.6977,1,Won,
Q101335,2025-07-01,CU2146,20053,E-commerce Pure-Play,148.3,19.2926,17.1635,20.2662,0.8469,9.6558,1,Won,
Q101336,2025-07-01,CU2013,20188,Independent Retailer,190.0,11.8463,9.6041,10.1823,0.94321,9.2252,0,Lost,Price
Q101337,2025-03-01,CU2053,20183,Corporate & B2B Buyer,140.7,92.3818,86.4581,77.0809,1.12165,53.5779,1,Won,
Q101338,2025-01-01,CU2029,20029,Independent Retailer,84.8,31.0172,28.384,31.061,0.91381,13.9824,1,Won,
Q101339,2024-04-01,CU2126,20017,Marketplace Seller,2450.0,28.6926,23.9685,27.4778,0.87229,17.652,1,Won,
Q101340,2024-07-01,CU2052,20065,Marketplace Seller,118.1,44.7816,38.3709,45.907,0.83584,28.2896,1,Won,
Q101341,2026-05-01,CU2007,20175,Sub-Distributor,747.3,15.3091,13.1503,14.1625,0.92852,9.4514,1,Won,
Q101342,2025-05-01,CU2082,20123,E-commerce Pure-Play,109.2,10.5938,9.9214,9.258,1.07166,5.8634,0,Lost,Price
Q101343,2025-03-01,CU2142,20203,Marketplace Seller,535.7,19.2708,17.1641,16.3664,1.04874,11.5425,1,Won,
Q101344,2026-01-01,CU2147,20228,Marketplace Seller,401.0,41.8527,38.7018,37.1292,1.04235,27.7464,0,Lost,Specification
Q101345,2025-05-01,CU2032,20105,Sub-Distributor,752.8,21.438,20.744,19.8089,1.0472,14.5799,0,Lost,Price
Q101346,2025-06-01,CU2041,20075,Sub-Distributor,188.2,20.6846,19.9482,19.3457,1.03114,11.5046,1,Won,
Q101347,2023-07-01,CU2132,20099,Subscription Box Operator,342.6,77.594,70.9762,74.9197,0.94736,40.8498,1,Won,
Q101348,2025-11-01,CU2070,20129,Marketplace Seller,634.3,22.0081,18.4439,21.9622,0.8398,13.6948,1,Won,
Q101349,2024-08-01,CU2135,20145,Sub-Distributor,1148.1,14.9289,12.9984,14.0172,0.92732,9.7206,0,Lost,Price
Q101350,2025-09-01,CU2055,20090,Marketplace Seller,666.5,31.9466,25.9892,32.5251,0.79905,25.393,1,Won,
Q101351,2025-10-01,CU2007,20166,Sub-Distributor,52.5,14.425,12.4116,13.5273,0.91753,11.842,1,Won,
Q101352,2024-09-01,CU2040,20112,Independent Retailer,299.4,43.7766,37.1104,43.7462,0.84831,23.5916,1,Won,
Q101353,2024-07-01,CU2049,20012,Independent Retailer,422.6,15.9776,12.9297,13.3356,0.96956,7.1338,1,Won,
Q101354,2026-01-01,CU2053,20109,Corporate & B2B Buyer,111.5,29.5028,26.191,24.8016,1.05602,15.4498,0,Lost,Lead time
Q101355,2023-09-01,CU2021,20131,Corporate & B2B Buyer,291.1,25.4281,22.5022,21.0104,1.071,19.3472,1,Won,
Q101356,2025-11-01,CU2054,20163,Marketplace Seller,505.5,17.7795,15.2061,14.5048,1.04834,13.5365,0,Lost,Price
Q101357,2025-08-01,CU2014,20041,Marketplace Seller,426.8,34.5477,31.6587,31.9585,0.99062,20.3263,0,Lost,Price
Q101358,2024-06-01,CU2031,20084,Corporate & B2B Buyer,272.5,22.5345,22.1598,19.2339,1.15212,13.4791,0,Lost,Price
Q101359,2025-10-01,CU2054,20089,Marketplace Seller,362.6,77.724,68.5066,64.864,1.05616,52.9949,0,Lost,Incumbent supplier
Q101360,2026-02-01,CU2041,20097,Sub-Distributor,493.8,67.0046,63.6353,56.2136,1.13203,30.8092,0,Lost,Price
Q101361,2026-05-01,CU2114,20092,Corporate & B2B Buyer,334.9,37.554,34.9269,30.1595,1.15808,25.1134,0,Lost,Price
Q101362,2025-03-01,CU2138,20067,Marketplace Seller,250.6,10.2148,8.7749,8.4989,1.03247,5.1112,0,Lost,Lead time
Q101363,2024-07-01,CU2142,20002,Marketplace Seller,183.0,49.5932,49.613,52.406,0.94671,39.3155,1,Won,
Q101364,2025-03-01,CU2124,20051,Marketplace Seller,267.8,77.9579,67.0172,63.3894,1.05723,40.5485,0,Lost,Lead time
Q101365,2023-11-01,CU2110,20087,Independent Retailer,706.6,30.6951,28.2677,30.2105,0.93569,21.4689,0,Lost,Price
Q101366,2026-05-01,CU2025,20051,E-commerce Pure-Play,571.7,64.7148,58.4937,58.5105,0.99971,37.4773,1,Won,
Q101367,2025-10-01,CU2024,20209,Corporate & B2B Buyer,42.5,15.1911,13.925,15.9527,0.8729,10.6447,1,Won,
Q101368,2024-04-01,CU2138,20085,Marketplace Seller,337.7,57.2764,54.0509,60.2609,0.89695,30.7707,1,Won,
Q101369,2025-07-01,CU2094,20034,Regional Retail Chain,788.7,84.9322,79.1733,70.7198,1.11954,52.9878,1,Won,
Q101370,2025-09-01,CU2105,20057,Marketplace Seller,677.3,36.4469,30.9656,35.8978,0.8626,24.7431,1,Won,
Q101371,2026-05-01,CU2026,20055,Marketplace Seller,224.4,149.2509,139.6343,146.9776,0.95004,56.3269,1,Won,
Q101372,2024-02-01,CU2079,20096,Marketplace Seller,1377.2,9.8316,10.0282,10.3742,0.96665,5.8021,0,Lost,Specification
Q101373,2025-04-01,CU2111,20043,Independent Retailer,926.0,42.5158,33.2821,41.4938,0.8021,24.8089,1,Won,
Q101374,2025-06-01,CU2127,20115,Corporate & B2B Buyer,158.9,56.5936,51.4744,51.1617,1.00611,31.666,0,Lost,Lead time
Q101375,2024-03-01,CU2060,20079,Subscription Box Operator,339.0,11.272,9.8685,11.6501,0.84707,7.9006,1,Won,
Q101376,2024-01-01,CU2003,20078,Regional Retail Chain,147.4,26.1651,23.0021,23.6414,0.97296,18.9328,0,Lost,Lead time
Q101377,2025-06-01,CU2029,20188,Independent Retailer,697.0,11.8463,8.4417,10.203,0.82737,9.4214,1,Won,
Q101378,2024-06-01,CU2051,20023,Subscription Box Operator,505.6,28.4875,22.894,25.272,0.9059,21.2236,0,Lost,Incumbent supplier
Q101379,2023-09-01,CU2018,20220,Independent Retailer,181.1,15.9779,14.2609,14.0614,1.01419,7.8877,0,Lost,Price
Q101380,2024-10-01,CU2131,20183,Regional Retail Chain,466.1,89.5027,82.7385,72.9686,1.13389,53.6501,0,Lost,Incumbent supplier
Q101381,2024-01-01,CU2029,20229,Independent Retailer,103.7,19.8503,17.1816,16.066,1.06944,10.9764,0,Lost,Specification
Q101382,2025-08-01,CU2010,20223,Sub-Distributor,505.6,15.742,13.8701,13.5551,1.02324,9.3129,0,Lost,Price
Q101383,2023-11-01,CU2038,20097,Marketplace Seller,65.9,67.0046,62.677,60.8597,1.02986,40.1742,0,Lost,Price
Q101384,2023-07-01,CU2093,20046,Independent Retailer,573.9,19.6281,19.9243,16.9655,1.1744,13.3532,0,Lost,Incumbent supplier
Q101385,2025-05-01,CU2138,20062,Marketplace Seller,407.8,39.8322,36.8731,40.9244,0.90101,30.281,1,Won,
Q101386,2025-04-01,CU2060,20190,Subscription Box Operator,612.0,29.5588,27.2756,27.954,0.97573,21.1291,0,Lost,Incumbent supplier
Q101387,2024-03-01,CU2084,20191,Marketplace Seller,1313.0,48.659,41.4034,39.0808,1.05943,32.3134,1,Won,
Q101388,2023-08-01,CU2055,20102,Marketplace Seller,891.2,55.234,51.5228,46.1054,1.1175,33.3676,0,Lost,Incumbent supplier
Q101389,2026-01-01,CU2041,20115,Sub-Distributor,842.2,54.7503,45.4354,52.574,0.86422,32.0958,1,Won,
Q101390,2025-02-01,CU2006,20010,Independent Retailer,248.7,47.2046,38.4948,39.6336,0.97127,34.2915,0,Lost,Price
Q101391,2024-01-01,CU2047,20097,Corporate & B2B Buyer,1520.2,67.0046,56.5038,57.2155,0.98756,39.8187,0,Lost,Price
Q101392,2026-03-01,CU2067,20205,Independent Retailer,1468.8,21.5534,19.1208,20.9452,0.91289,14.6878,1,Won,
Q101393,2026-03-01,CU2009,20233,Marketplace Seller,228.8,53.8505,49.7991,45.604,1.09199,27.3663,0,Lost,Specification
Q101394,2024-07-01,CU2003,20062,Regional Retail Chain,69.9,49.5818,41.1226,46.0316,0.89336,29.8456,1,Won,
Q101395,2024-12-01,CU2142,20130,Marketplace Seller,407.1,75.8908,70.7437,68.7607,1.02884,52.8876,0,Lost,Lead time
Q101396,2025-07-01,CU2080,20040,Government & Education,177.1,54.9154,51.0412,53.3714,0.95634,29.7049,0,Lost,Lead time
Q101397,2025-12-01,CU2127,20177,Corporate & B2B Buyer,47.7,35.3179,33.8558,34.1177,0.99233,20.4618,0,Lost,Price
Q101398,2023-10-01,CU2119,20169,Marketplace Seller,709.5,23.3043,22.3249,23.2977,0.95824,15.8574,0,Lost,Specification
Q101399,2023-10-01,CU2024,20100,Corporate & B2B Buyer,121.9,25.6002,23.3716,24.8101,0.94202,17.6979,0,Lost,Incumbent supplier
Q101400,2026-05-01,CU2063,20022,Sub-Distributor,2100.6,45.8218,43.4525,41.0313,1.05901,37.9366,0,Lost,Price
Q101401,2024-11-01,CU2014,20061,Marketplace Seller,141.6,23.3185,18.3074,22.332,0.81978,12.8001,1,Won,
Q101402,2025-06-01,CU2075,20176,Independent Retailer,751.2,45.0244,43.6243,39.5152,1.10399,24.2417,1,Won,
Q101403,2023-07-01,CU2117,20143,Marketplace Seller,175.0,66.9651,57.8184,58.2727,0.9922,42.8061,0,Lost,Price
Q101404,2024-11-01,CU2130,20100,Corporate & B2B Buyer,1148.5,23.0289,18.4761,18.7192,0.98701,16.9466,0,Lost,Price
Q101405,2025-04-01,CU2129,20109,Regional Retail Chain,339.9,26.4942,23.9313,27.9201,0.85713,13.5002,1,Won,
Q101406,2025-02-01,CU2015,20215,Corporate & B2B Buyer,1073.6,11.8721,9.5438,10.2217,0.93369,7.0985,1,Won,
Q101407,2025-06-01,CU2117,20217,Marketplace Seller,130.4,53.3854,54.2659,55.8528,0.97159,36.8985,1,Won,
Q101408,2025-10-01,CU2027,20085,Marketplace Seller,462.5,54.1703,48.9881,56.8879,0.86113,29.4471,1,Won,
Q101409,2024-10-01,CU2010,20005,Sub-Distributor,1261.4,37.5068,31.1429,36.3278,0.85727,18.7507,1,Won,
Q101410,2026-06-01,CU2070,20162,Marketplace Seller,247.2,22.2327,21.5931,22.4152,0.96332,8.6398,1,Won,
Q101411,2023-12-01,CU2135,20150,Sub-Distributor,431.5,22.6588,22.0829,22.4727,0.98265,12.7068,0,Lost,Specification
Q101412,2025-06-01,CU2113,20089,Independent Retailer,1042.6,72.9108,68.0812,58.562,1.16255,53.3478,0,Lost,Specification
Q101413,2025-07-01,CU2038,20091,Marketplace Seller,275.3,29.6963,28.3194,23.7978,1.19,11.0988,0,Lost,Price
Q101414,2025-05-01,CU2059,20048,Independent Retailer,265.8,75.9837,70.7444,79.4428,0.89051,65.8155,0,Lost,Price
Q101415,2025-07-01,CU2002,20213,Marketplace Seller,329.3,39.3522,34.0168,37.1492,0.91568,26.3722,1,Won,
Q101416,2026-04-01,CU2030,20111,Independent Retailer,1036.6,31.3061,29.769,30.2505,0.98408,18.3207,0,Lost,Incumbent supplier
Q101417,2026-02-01,CU2119,20217,Marketplace Seller,882.4,48.8945,37.1243,48.2971,0.76867,35.3093,1,Won,
Q101418,2024-06-01,CU2092,20164,Marketplace Seller,320.8,55.715,48.9941,57.9559,0.84537,42.5231,1,Won,
Q101419,2024-11-01,CU2097,20006,Subscription Box Operator,104.4,41.27,30.9717,33.5201,0.92397,19.2279,1,Won,
Q101420,2024-09-01,CU2056,20209,Regional Retail Chain,2941.0,14.4125,11.6387,13.0756,0.89011,9.2328,0,Lost,Price
Q101421,2025-09-01,CU2120,20203,Independent Retailer,242.5,18.673,17.051,19.6639,0.86712,11.7995,1,Won,
Q101422,2026-01-01,CU2033,20203,Independent Retailer,520.8,17.8179,15.9718,18.0647,0.88414,11.8511,0,Lost,Price
Q101423,2024-03-01,CU2003,20083,Regional Retail Chain,51.6,56.4653,52.5535,49.9178,1.0528,29.4329,1,Won,
Q101424,2024-07-01,CU2120,20172,Independent Retailer,148.1,23.351,18.8823,19.3441,0.97613,17.9333,1,Won,
Q101425,2024-05-01,CU2024,20198,Corporate & B2B Buyer,331.6,8.7264,7.5626,7.1849,1.05257,4.3428,1,Won,
Q101426,2024-06-01,CU2084,20032,Marketplace Seller,444.9,19.7351,17.5209,18.7267,0.93561,11.9642,1,Won,
Q101427,2025-11-01,CU2104,20122,Corporate & B2B Buyer,201.4,12.771,12.059,13.3844,0.90097,7.2426,1,Won,
Q101428,2024-09-01,CU2049,20015,Independent Retailer,547.4,13.0019,11.752,12.396,0.94805,8.7863,1,Won,
Q101429,2024-01-01,CU2119,20174,Marketplace Seller,173.6,12.8281,11.414,11.5411,0.98899,8.9064,0,Lost,Lead time
Q101430,2023-10-01,CU2018,20061,Independent Retailer,117.4,23.3185,19.5884,21.2648,0.92116,12.7002,0,Lost,Incumbent supplier
Q101431,2023-11-01,CU2013,20091,Independent Retailer,1111.8,25.4718,23.7775,22.4306,1.06005,13.2431,1,Won,
Q101432,2023-08-01,CU2046,20192,Marketplace Seller,361.5,22.8534,22.329,22.7421,0.98184,14.2529,0,Lost,Specification
Q101433,2025-05-01,CU2031,20175,Corporate & B2B Buyer,655.2,16.5888,14.178,16.0412,0.88385,9.7319,0,Lost,Price
Q101434,2024-04-01,CU2060,20046,Subscription Box Operator,260.1,16.8408,13.2628,15.9325,0.83243,13.2821,1,Won,
Q101435,2025-07-01,CU2112,20009,Government & Education,474.9,29.6931,28.5942,27.9793,1.02198,15.2108,0,Lost,Specification
Q101436,2026-01-01,CU2026,20214,Marketplace Seller,220.1,16.4327,14.7601,17.413,0.84765,12.8798,1,Won,
Q101437,2024-03-01,CU2106,20094,Sub-Distributor,114.5,17.5536,14.2238,16.9825,0.83756,8.9133,1,Won,
Q101438,2023-10-01,CU2117,20073,Marketplace Seller,301.5,21.6086,18.1832,21.5404,0.84414,14.0938,1,Won,
Q101439,2024-03-01,CU2033,20225,Independent Retailer,265.7,85.671,69.8834,89.479,0.781,41.8678,1,Won,
Q101440,2025-10-01,CU2060,20137,Subscription Box Operator,89.1,80.6206,67.9347,80.3534,0.84545,45.8485,1,Won,
Q101441,2024-03-01,CU2018,20042,Independent Retailer,402.8,88.6712,77.8765,85.4543,0.91132,52.221,1,Won,
Q101442,2023-11-01,CU2028,20093,Independent Retailer,703.6,48.7766,45.1865,45.9642,0.98308,26.0576,0,Lost,Price
Q101443,2024-08-01,CU2088,20058,Independent Retailer,119.1,27.2399,23.0496,24.8415,0.92787,18.9802,1,Won,
Q101444,2025-09-01,CU2070,20182,Marketplace Seller,517.9,33.8296,31.4523,35.0651,0.89697,22.7792,1,Won,
Q101445,2024-05-01,CU2095,20002,Sub-Distributor,364.7,49.5932,46.9005,42.3982,1.10619,35.4642,0,Lost,Price
Q101446,2024-05-01,CU2107,20082,E-commerce Pure-Play,279.5,37.5707,33.9038,38.2421,0.88656,18.1048,1,Won,
Q101447,2025-11-01,CU2054,20015,Marketplace Seller,276.6,12.2708,10.2354,11.1706,0.91628,8.5988,1,Won,
Q101448,2025-07-01,CU2117,20225,Marketplace Seller,1664.0,99.4034,87.9575,89.3306,0.98463,43.969,0,Lost,Incumbent supplier
Q101449,2024-05-01,CU2145,20143,Regional Retail Chain,49.4,64.7116,60.3517,63.4128,0.95173,36.9665,0,Lost,Price
Q101450,2025-04-01,CU2111,20195,Independent Retailer,412.9,48.5447,42.7248,46.4201,0.9204,26.3709,1,Won,
Q101451,2025-08-01,CU2019,20111,E-commerce Pure-Play,209.0,36.8913,33.3256,38.5044,0.8655,23.0281,0,Lost,Incumbent supplier
Q101452,2026-01-01,CU2016,20163,Corporate & B2B Buyer,700.2,17.7795,15.8164,14.9169,1.0603,13.7504,1,Won,
Q101453,2026-06-01,CU2116,20188,Independent Retailer,172.1,11.0676,8.9969,10.0218,0.89773,8.9813,1,Won,
Q101454,2026-03-01,CU2114,20212,Corporate & B2B Buyer,998.0,44.3439,35.6974,41.6644,0.85679,25.009,1,Won,
Q101455,2025-01-01,CU2076,20029,Government & Education,287.9,31.0172,25.5527,31.3289,0.81563,13.9824,1,Won,
Q101456,2025-12-01,CU2023,20113,E-commerce Pure-Play,311.0,37.9958,36.7035,36.176,1.01458,21.2275,1,Won,
Q101457,2024-01-01,CU2105,20064,Marketplace Seller,533.4,42.6752,33.9073,38.0408,0.89134,27.0296,1,Won,
Q101458,2025-01-01,CU2070,20038,Marketplace Seller,418.8,80.1285,79.3986,76.1706,1.04238,60.5159,0,Lost,Price
Q101459,2025-09-01,CU2017,20203,Government & Education,566.0,18.673,17.0783,18.3607,0.93015,11.7995,1,Won,
Q101460,2025-03-01,CU2053,20161,Corporate & B2B Buyer,64.7,35.3137,28.6222,35.2956,0.81093,20.4332,1,Won,
Q101461,2026-02-01,CU2056,20034,Regional Retail Chain,1025.2,84.0539,82.555,89.0182,0.92739,40.9586,1,Won,
Q101462,2024-12-01,CU2123,20051,Independent Retailer,259.2,70.6858,66.9879,57.9234,1.15649,42.9292,0,Lost,Incumbent supplier
Q101463,2026-02-01,CU2082,20072,E-commerce Pure-Play,708.9,15.2657,13.4589,14.173,0.94961,10.1513,1,Won,
Q101464,2026-06-01,CU2029,20118,Independent Retailer,1258.4,81.3528,79.6201,68.3802,1.16437,50.6632,0,Lost,Lead time
Q101465,2025-08-01,CU2038,20093,Marketplace Seller,350.4,54.7045,47.7464,57.9409,0.82405,28.229,1,Won,
Q101466,2026-03-01,CU2124,20097,Marketplace Seller,900.3,67.0046,57.7421,61.8642,0.93337,29.3568,1,Won,
Q101467,2026-01-01,CU2123,20077,Independent Retailer,434.9,156.8201,152.0205,128.6397,1.18175,83.5854,0,Lost,Lead time
Q101468,2025-11-01,CU2049,20044,Independent Retailer,141.0,16.6536,13.194,17.2218,0.76612,9.5004,1,Won,
Q101469,2024-05-01,CU2027,20061,Marketplace Seller,129.9,23.3185,21.2672,21.5659,0.98615,12.2239,1,Won,
Q101470,2023-10-01,CU2124,20106,Marketplace Seller,213.4,25.5377,24.2736,26.1255,0.92912,13.829,1,Won,
Q101471,2025-10-01,CU2043,20134,Government & Education,768.5,25.0065,22.0023,24.4551,0.8997,12.0972,1,Won,
Q101472,2026-06-01,CU2073,20155,Marketplace Seller,720.1,111.994,105.797,100.0672,1.05726,69.6234,0,Lost,Price
Q101473,2025-07-01,CU2100,20226,Independent Retailer,183.4,13.4802,12.1884,11.2176,1.08654,6.465,0,Lost,Specification
Q101474,2025-02-01,CU2042,20032,Corporate & B2B Buyer,3226.6,18.0485,13.9454,17.3251,0.80492,14.0172,0,Lost,Incumbent supplier
Q101475,2026-05-01,CU2036,20236,Regional Retail Chain,1959.3,40.6558,34.0946,35.083,0.97183,24.3823,0,Lost,Price
Q101476,2024-07-01,CU2073,20154,Marketplace Seller,1039.3,42.4731,35.7406,34.8359,1.02597,25.3835,0,Lost,Price
Q101477,2026-03-01,CU2043,20011,Government & Education,195.5,21.2674,19.8103,22.078,0.89729,16.6177,0,Lost,Specification
Q101478,2023-10-01,CU2140,20064,Subscription Box Operator,957.3,43.1031,41.6002,42.2954,0.98356,28.2829,0,Lost,Price
Q101479,2024-01-01,CU2054,20091,Marketplace Seller,144.4,24.4158,20.4377,22.6038,0.90417,13.3811,1,Won,
Q101480,2026-02-01,CU2047,20203,Corporate & B2B Buyer,75.6,17.5241,15.9143,15.1904,1.04765,11.9544,0,Lost,Price
Q101481,2024-05-01,CU2002,20005,Marketplace Seller,350.9,34.1242,28.6234,35.1181,0.81506,17.7748,0,Lost,Incumbent supplier
Q101482,2025-10-01,CU2033,20042,Independent Retailer,102.7,94.2568,83.7352,94.9298,0.88207,48.5794,1,Won,
Q101483,2025-03-01,CU2038,20220,Marketplace Seller,336.7,17.4076,15.1963,16.3396,0.93002,7.9316,0,Lost,Price
Q101484,2023-12-01,CU2026,20081,Marketplace Seller,1287.6,60.7427,51.0833,64.3759,0.79352,32.1655,1,Won,
Q101485,2024-03-01,CU2017,20092,Government & Education,298.4,31.9159,28.8839,30.7415,0.93957,21.8508,1,Won,
Q101486,2023-12-01,CU2013,20106,Independent Retailer,74.2,25.5176,23.2326,26.049,0.89188,14.5489,0,Lost,Price
Q101487,2026-01-01,CU2074,20227,Corporate & B2B Buyer,85.1,37.3363,33.9108,35.3399,0.95956,25.7587,0,Lost,Specification
Q101488,2023-07-01,CU2095,20095,Sub-Distributor,436.2,15.1134,13.0072,13.0323,0.99808,8.1792,0,Lost,Incumbent supplier
Q101489,2025-07-01,CU2125,20021,Marketplace Seller,2406.5,44.29,36.2677,41.3608,0.87686,30.0587,1,Won,
Q101490,2025-03-01,CU2069,20017,E-commerce Pure-Play,1111.8,29.365,29.9523,27.6113,1.08478,16.0824,0,Lost,Specification
Q101491,2026-01-01,CU2019,20006,E-commerce Pure-Play,201.9,38.3833,30.7427,34.5394,0.89008,19.2025,1,Won,
Q101492,2025-09-01,CU2086,20030,Marketplace Seller,1196.9,17.1525,15.5137,14.3548,1.08073,10.8424,0,Lost,Price
Q101493,2026-03-01,CU2086,20136,Marketplace Seller,64.9,18.4771,18.6958,16.3676,1.14225,13.9412,0,Lost,Price
Q101494,2026-01-01,CU2041,20121,Sub-Distributor,102.7,16.9645,13.6673,17.6871,0.77273,11.8189,1,Won,
Q101495,2024-10-01,CU2034,20054,Marketplace Seller,583.1,130.9045,119.0782,127.8359,0.93149,64.4149,1,Won,
Q101496,2024-10-01,CU2058,20090,Corporate & B2B Buyer,500.3,31.9466,23.6725,27.6581,0.8559,23.1282,1,Won,
Q101497,2024-10-01,CU2077,20034,Corporate & B2B Buyer,117.9,83.6657,77.7489,68.6581,1.13241,48.4357,1,Won,
Q101498,2024-10-01,CU2034,20077,Marketplace Seller,1975.2,179.3244,154.5473,179.2537,0.86217,87.8146,1,Won,
Q101499,2024-06-01,CU2031,20088,Corporate & B2B Buyer,635.0,18.0427,16.2313,17.64,0.92014,10.8682,1,Won,
Q101500,2024-09-01,CU2044,20217,Corporate & B2B Buyer,79.3,57.4793,49.793,55.8166,0.89208,35.1418,0,Lost,Incumbent supplier
Q101501,2024-09-01,CU2037,20025,Marketplace Seller,1672.5,45.9596,40.6643,41.8864,0.97082,34.5005,0,Lost,Price
Q101502,2023-11-01,CU2118,20054,Regional Retail Chain,87.8,114.6012,101.1358,94.4184,1.07114,69.3975,0,Lost,Incumbent supplier
Q101503,2024-12-01,CU2134,20108,Marketplace Seller,313.5,25.5996,21.2429,23.8499,0.89069,15.273,1,Won,
Q101504,2024-04-01,CU2092,20007,Marketplace Seller,3691.9,20.8679,17.7718,21.1169,0.84159,15.2899,0,Lost,Incumbent supplier
Q101505,2026-06-01,CU2007,20005,Sub-Distributor,1203.8,37.8386,32.8456,37.0079,0.88753,17.4359,1,Won,
Q101506,2026-02-01,CU2132,20221,Subscription Box Operator,168.4,21.7365,20.2645,22.5788,0.8975,18.48,1,Won,
Q101507,2025-08-01,CU2013,20169,Independent Retailer,2046.6,19.5467,19.5754,20.6576,0.94761,13.3369,0,Lost,Price
Q101508,2025-09-01,CU2015,20170,Corporate & B2B Buyer,123.4,24.4157,23.9629,22.5721,1.06162,12.7328,0,Lost,Incumbent supplier
Q101509,2024-08-01,CU2067,20145,Independent Retailer,876.1,14.9289,14.0267,15.1938,0.92319,9.7206,1,Won,
Q101510,2024-09-01,CU2139,20203,E-commerce Pure-Play,132.7,19.1604,17.5828,16.652,1.05589,12.5398,1,Won,
Q101511,2025-12-01,CU2070,20168,Marketplace Seller,356.0,16.8263,17.0025,16.714,1.01726,11.958,0,Lost,Lead time
Q101512,2024-02-01,CU2035,20186,Corporate & B2B Buyer,761.8,66.8787,52.9353,66.2199,0.79939,36.412,1,Won,
Q101513,2025-10-01,CU2079,20084,Marketplace Seller,808.4,22.4223,20.5134,22.7696,0.90091,11.3031,1,Won,
Q101514,2024-04-01,CU2142,20031,Marketplace Seller,657.9,6.4158,5.7686,5.6342,1.02385,3.9992,0,Lost,Price
Q101515,2024-03-01,CU2036,20071,Regional Retail Chain,124.3,75.1746,61.91,66.0501,0.93732,46.0869,1,Won,
Q101516,2026-03-01,CU2060,20238,Subscription Box Operator,77.5,14.7492,13.1449,14.2489,0.92253,8.9898,0,Lost,Price
Q101517,2023-10-01,CU2000,20165,Independent Retailer,401.4,17.9122,14.7454,17.5905,0.83826,12.6133,1,Won,
Q101518,2023-08-01,CU2138,20149,Marketplace Seller,356.6,52.9775,46.093,50.0212,0.92147,33.6337,0,Lost,Price
Q101519,2023-08-01,CU2066,20228,Corporate & B2B Buyer,919.5,41.451,42.28,34.6202,1.22125,26.2353,0,Lost,Incumbent supplier
Q101520,2025-05-01,CU2027,20158,Marketplace Seller,118.3,33.2003,26.22,29.0451,0.90273,28.4729,0,Lost,Price
Q101521,2026-05-01,CU2029,20080,Independent Retailer,506.4,29.5529,24.1351,26.4119,0.9138,16.0486,1,Won,
Q101522,2026-02-01,CU2071,20021,Regional Retail Chain,591.5,41.8381,37.8722,44.1849,0.85713,28.4212,1,Won,
Q101523,2026-01-01,CU2044,20174,Corporate & B2B Buyer,56.8,12.8281,11.0329,13.1153,0.84123,10.3049,0,Lost,Incumbent supplier
Q101524,2024-03-01,CU2024,20177,Corporate & B2B Buyer,387.7,35.3179,33.6088,31.8296,1.0559,23.2041,0,Lost,Price
Q101525,2023-08-01,CU2099,20182,E-commerce Pure-Play,198.8,36.9733,32.8507,32.3625,1.01509,27.259,1,Won,
Q101526,2025-08-01,CU2032,20026,Sub-Distributor,327.9,38.9951,38.4366,37.5122,1.02464,24.1593,1,Won,
Q101527,2023-07-01,CU2149,20229,Corporate & B2B Buyer,333.6,17.9411,17.7066,16.4161,1.07861,11.7357,0,Lost,Specification
Q101528,2025-05-01,CU2015,20110,Corporate & B2B Buyer,315.4,126.3325,115.8691,120.9891,0.95768,69.1828,1,Won,
Q101529,2023-09-01,CU2004,20206,Independent Retailer,4591.9,43.9248,40.1089,35.7701,1.1213,29.4739,0,Lost,Price
Q101530,2024-11-01,CU2007,20230,Sub-Distributor,1362.3,39.653,33.9877,39.3076,0.86466,19.0581,0,Lost,Incumbent supplier
Q101531,2025-04-01,CU2083,20225,Marketplace Seller,292.3,90.7471,78.3357,95.9016,0.81683,41.9517,0,Lost,Price
Q101532,2026-04-01,CU2055,20169,Marketplace Seller,486.9,23.5116,17.8003,21.7808,0.81724,16.4216,1,Won,
Q101533,2025-07-01,CU2114,20082,Corporate & B2B Buyer,613.9,39.6392,35.7152,35.8021,0.99757,18.5711,1,Won,
Q101534,2025-03-01,CU2063,20226,Sub-Distributor,35.2,12.8872,10.9853,12.1164,0.90664,6.663,1,Won,
Q101535,2024-04-01,CU2080,20162,Government & Education,144.2,13.9735,11.466,13.198,0.86876,6.787,1,Won,
Q101536,2024-05-01,CU2046,20132,Marketplace Seller,167.6,7.4057,5.7139,6.7512,0.84636,6.079,1,Won,
Q101537,2026-03-01,CU2091,20219,Independent Retailer,48.0,11.9968,10.0115,11.9208,0.83983,7.191,0,Lost,Specification
Q101538,2023-07-01,CU2010,20092,Sub-Distributor,624.4,33.0384,26.1683,31.0891,0.84172,20.3293,1,Won,
Q101539,2024-05-01,CU2011,20000,Regional Retail Chain,202.0,68.1604,61.7827,68.3239,0.90426,37.6205,0,Lost,Lead time
Q101540,2024-04-01,CU2025,20097,E-commerce Pure-Play,120.8,67.0046,66.2118,70.5059,0.9391,36.4511,0,Lost,Incumbent supplier
Q101541,2024-04-01,CU2058,20051,Corporate & B2B Buyer,200.7,70.3429,58.7042,71.0748,0.82595,43.7306,0,Lost,Price
Q101542,2026-04-01,CU2113,20098,Independent Retailer,185.2,22.0106,16.9755,18.0585,0.94003,12.8601,1,Won,
Q101543,2025-08-01,CU2064,20213,Independent Retailer,230.0,41.613,37.49,38.2809,0.97934,26.0325,1,Won,
Q101544,2025-09-01,CU2097,20227,Subscription Box Operator,205.9,32.5432,30.4165,29.0995,1.04526,23.882,0,Lost,Specification
Q101545,2024-09-01,CU2104,20097,Corporate & B2B Buyer,466.1,67.0046,60.2072,60.5591,0.99419,34.6975,0,Lost,Price
Q101546,2025-10-01,CU2010,20092,Sub-Distributor,84.5,41.2412,41.1762,35.6079,1.15638,26.7988,0,Lost,Price
Q101547,2026-05-01,CU2016,20170,Corporate & B2B Buyer,62.3,26.8817,24.5481,23.2663,1.05509,13.048,1,Won,
Q101548,2024-07-01,CU2142,20010,Marketplace Seller,927.1,43.3083,42.307,35.0879,1.20574,33.219,0,Lost,Lead time
Q101549,2026-03-01,CU2061,20078,Marketplace Seller,807.1,21.3921,20.3477,19.088,1.06599,15.5109,0,Lost,Price
Q101550,2025-07-01,CU2123,20116,Independent Retailer,476.9,10.4748,9.3603,9.5281,0.98239,5.605,0,Lost,Price
Q101551,2024-02-01,CU2072,20058,Marketplace Seller,1246.8,27.2399,23.6295,28.7136,0.82294,20.7564,1,Won,
Q101552,2024-12-01,CU2094,20074,Regional Retail Chain,1042.8,46.5718,37.6419,37.7051,0.99832,28.8108,0,Lost,Lead time
Q101553,2025-02-01,CU2134,20234,Marketplace Seller,43.5,33.9429,26.5574,35.3294,0.75171,20.2341,1,Won,
Q101554,2025-10-01,CU2099,20212,E-commerce Pure-Play,1208.7,43.9636,40.5794,44.9625,0.90252,25.999,1,Won,
Q101555,2023-08-01,CU2040,20206,Independent Retailer,57.9,47.0707,42.2885,43.7337,0.96695,31.4362,1,Won,
Q101556,2025-01-01,CU2020,20155,Marketplace Seller,80.4,146.7258,130.189,150.5637,0.86468,94.022,1,Won,
Q101557,2024-07-01,CU2053,20044,Corporate & B2B Buyer,191.3,13.861,13.0437,11.951,1.09143,8.4525,0,Lost,Price
Q101558,2024-09-01,CU2118,20025,Regional Retail Chain,461.0,45.9596,38.6906,43.3589,0.89233,34.5005,0,Lost,Price
Q101559,2024-12-01,CU2141,20174,Marketplace Seller,901.8,12.8281,11.6868,12.1319,0.96332,9.1699,1,Won,
Q101560,2024-02-01,CU2122,20239,Marketplace Seller,381.1,92.0916,86.053,90.0381,0.95574,51.4772,1,Won,
Q101561,2024-03-01,CU2046,20068,Marketplace Seller,139.2,21.5255,21.956,20.6009,1.06578,14.238,0,Lost,Price
Q101562,2023-11-01,CU2077,20048,Corporate & B2B Buyer,177.7,75.9837,72.9862,72.862,1.0017,54.6767,1,Won,
Q101563,2026-06-01,CU2124,20127,Marketplace Seller,144.0,46.6331,42.806,38.8594,1.10156,36.6366,0,Lost,Specification
Q101564,2024-10-01,CU2141,20115,Marketplace Seller,576.6,59.1489,56.786,55.7051,1.01941,32.7717,0,Lost,Price
Q101565,2023-12-01,CU2050,20105,Marketplace Seller,308.7,23.2514,19.6703,24.6216,0.7989,11.1699,1,Won,
Q101566,2025-10-01,CU2085,20046,Government & Education,143.0,15.9963,14.3154,15.7974,0.90618,12.4452,0,Lost,Price
Q101567,2024-02-01,CU2139,20114,E-commerce Pure-Play,1001.8,73.7553,63.144,59.5355,1.06061,47.0585,0,Lost,Price
Q101568,2025-04-01,CU2009,20228,Marketplace Seller,325.6,48.9327,38.7117,42.1242,0.91899,29.4516,0,Lost,Price
Q101569,2024-11-01,CU2148,20075,Regional Retail Chain,1031.4,20.6995,17.6894,20.5412,0.86117,11.927,1,Won,
Q101570,2025-02-01,CU2026,20114,Marketplace Seller,217.3,57.1072,46.1026,47.4676,0.97124,35.925,0,Lost,Price
Q101571,2024-09-01,CU2140,20136,Subscription Box Operator,1222.8,23.9377,21.8527,22.1615,0.98607,14.9029,0,Lost,Price
Q101572,2024-09-01,CU2034,20017,Marketplace Seller,746.5,26.8941,25.1295,25.2429,0.99551,17.3925,0,Lost,Incumbent supplier
Q101573,2025-04-01,CU2059,20119,Independent Retailer,662.2,47.2971,42.5134,47.9179,0.88721,25.8578,1,Won,
Q101574,2026-01-01,CU2117,20161,Marketplace Seller,297.4,34.8096,29.4108,36.1412,0.81378,20.1217,1,Won,
Q101575,2025-11-01,CU2087,20063,Sub-Distributor,323.8,92.5689,75.26,86.024,0.87487,66.4104,1,Won,
Q101576,2024-10-01,CU2064,20169,Independent Retailer,721.2,21.0143,17.4954,16.9963,1.02937,13.6896,1,Won,
Q101577,2026-05-01,CU2098,20058,Subscription Box Operator,110.0,37.7875,37.4335,39.9818,0.93626,28.8008,0,Lost,Lead time
Q101578,2025-02-01,CU2039,20118,Marketplace Seller,467.1,85.601,70.1265,71.5327,0.98034,46.275,0,Lost,Incumbent supplier
Q101579,2025-01-01,CU2089,20223,Marketplace Seller,557.2,14.4336,14.1579,14.0447,1.00806,8.7366,1,Won,
Q101580,2025-11-01,CU2077,20199,Corporate & B2B Buyer,482.7,13.8977,12.1526,11.6642,1.04188,11.2667,0,Lost,Incumbent supplier
Q101581,2025-09-01,CU2026,20127,Marketplace Seller,1005.4,44.7136,43.7305,41.7757,1.04679,33.1277,0,Lost,Price
Q101582,2025-07-01,CU2056,20110,Regional Retail Chain,704.1,120.2711,98.5015,98.9772,0.99519,69.0822,1,Won,
Q101583,2024-12-01,CU2052,20166,Marketplace Seller,995.2,15.3555,12.9057,15.6859,0.82276,11.2028,1,Won,
Q101584,2025-11-01,CU2065,20026,Government & Education,515.5,40.1951,39.3279,32.5163,1.20948,26.6231,0,Lost,Incumbent supplier
Q101585,2026-06-01,CU2098,20109,Subscription Box Operator,92.5,28.8682,25.9309,26.8409,0.96609,16.025,1,Won,
Q101586,2025-03-01,CU2084,20235,Marketplace Seller,257.5,80.7092,69.7956,83.3854,0.83702,53.5274,1,Won,
Q101587,2025-06-01,CU2089,20110,Marketplace Seller,87.7,120.2711,113.6177,105.3902,1.07807,68.3661,0,Lost,Lead time
Q101588,2023-08-01,CU2061,20124,Marketplace Seller,415.2,15.0907,14.5321,15.2279,0.9543,9.7856,1,Won,
Q101589,2025-06-01,CU2040,20229,Independent Retailer,82.0,20.4024,19.9642,16.9391,1.17859,13.6912,0,Lost,Lead time
Q101590,2023-12-01,CU2070,20001,Marketplace Seller,211.6,18.7172,17.0002,15.6547,1.08595,9.4709,0,Lost,Price
Q101591,2025-08-01,CU2021,20103,Corporate & B2B Buyer,324.8,31.6899,28.2343,27.9945,1.00856,15.5445,0,Lost,Specification
Q101592,2023-09-01,CU2106,20212,Sub-Distributor,195.5,38.8731,36.6544,35.2009,1.04129,23.2035,1,Won,
Q101593,2024-01-01,CU2009,20134,Marketplace Seller,144.2,24.7093,25.0048,24.7442,1.01053,11.8817,0,Lost,Price
Q101594,2024-03-01,CU2071,20104,Regional Retail Chain,3051.1,12.6716,11.8547,12.1831,0.97304,7.2398,1,Won,
Q101595,2023-12-01,CU2050,20116,Marketplace Seller,229.0,8.2921,8.0135,7.5851,1.05648,4.0846,1,Won,
Q101596,2026-04-01,CU2098,20105,Subscription Box Operator,277.1,20.8853,21.1463,17.7332,1.19247,13.3217,0,Lost,Incumbent supplier
Q101597,2025-04-01,CU2065,20234,Government & Education,435.3,33.9429,29.1054,30.1024,0.96688,19.5277,0,Lost,Price
Q101598,2025-01-01,CU2110,20160,Independent Retailer,382.5,14.5374,13.7092,11.9782,1.14451,7.596,1,Won,
Q101599,2026-01-01,CU2063,20058,Sub-Distributor,511.6,37.7875,30.0865,36.0532,0.8345,27.3774,1,Won,
Q101600,2023-12-01,CU2123,20203,Independent Retailer,163.1,16.7133,15.3335,14.2259,1.07786,11.1778,0,Lost,Price
Q101601,2025-06-01,CU2063,20002,Sub-Distributor,322.4,48.9767,42.916,40.1363,1.06926,32.4589,1,Won,
Q101602,2026-01-01,CU2077,20135,Corporate & B2B Buyer,335.3,64.5671,54.2659,65.9334,0.82304,27.9313,1,Won,
Q101603,2024-08-01,CU2126,20027,Marketplace Seller,1439.8,24.4998,19.4135,25.2216,0.76972,18.9993,1,Won,
Q101604,2024-12-01,CU2072,20059,Marketplace Seller,258.0,10.2102,9.7838,8.6515,1.13087,6.4394,0,Lost,Price
Q101605,2025-09-01,CU2066,20183,Corporate & B2B Buyer,404.0,84.265,85.9503,77.3527,1.11115,47.4737,0,Lost,Lead time
Q101606,2023-08-01,CU2137,20182,E-commerce Pure-Play,60.8,36.9733,33.7183,34.307,0.98284,27.259,1,Won,
Q101607,2024-12-01,CU2013,20190,Independent Retailer,1820.0,33.6301,30.8078,31.1002,0.9906,22.1501,1,Won,
Q101608,2025-03-01,CU2021,20017,Corporate & B2B Buyer,393.0,29.365,26.3638,30.615,0.86114,16.0824,0,Lost,Incumbent supplier
Q101609,2023-11-01,CU2074,20194,Corporate & B2B Buyer,360.0,18.5195,14.112,16.7291,0.84356,12.2138,1,Won,
Q101610,2026-06-01,CU2085,20198,Government & Education,607.2,10.9395,8.7418,11.4663,0.76239,5.2192,0,Lost,Specification
Q101611,2026-01-01,CU2075,20209,Independent Retailer,509.6,15.4275,14.9262,16.1606,0.92361,10.2923,0,Lost,Lead time
Q101612,2024-03-01,CU2134,20069,Marketplace Seller,114.4,23.4565,19.7344,24.3824,0.80937,14.416,1,Won,
Q101613,2023-10-01,CU2120,20151,Independent Retailer,135.5,16.1498,15.0298,15.1614,0.99132,8.2838,1,Won,
Q101614,2024-09-01,CU2023,20227,E-commerce Pure-Play,192.8,38.3155,35.7998,35.9009,0.99718,22.9568,0,Lost,Price
Q101615,2024-06-01,CU2077,20214,Corporate & B2B Buyer,551.9,17.3121,17.1709,16.9669,1.01203,12.9055,0,Lost,Price
Q101616,2026-01-01,CU2083,20089,Marketplace Seller,203.1,67.6809,58.9291,61.8645,0.95255,45.2154,0,Lost,Price
Q101617,2025-09-01,CU2148,20073,Regional Retail Chain,555.0,21.6086,19.8651,20.779,0.95602,17.2312,1,Won,
Q101618,2025-07-01,CU2037,20003,Marketplace Seller,128.7,33.8854,30.03,34.696,0.86552,20.0872,1,Won,
Q101619,2025-01-01,CU2083,20113,Marketplace Seller,141.1,37.2597,34.5308,31.4101,1.09935,24.0479,1,Won,
Q101620,2023-12-01,CU2064,20033,Independent Retailer,737.9,12.511,10.4733,10.7906,0.9706,9.6778,1,Won,
Q101621,2024-06-01,CU2095,20231,Sub-Distributor,160.5,44.5225,42.7633,45.2669,0.94469,24.1629,1,Won,
Q101622,2023-09-01,CU2115,20067,Sub-Distributor,127.0,8.934,9.1094,7.9817,1.14128,4.5691,0,Lost,Price
Q101623,2025-01-01,CU2114,20112,Corporate & B2B Buyer,699.6,43.7766,41.71,39.4016,1.05859,21.2269,1,Won,
Q101624,2025-06-01,CU2030,20227,Independent Retailer,543.6,33.5606,31.8752,30.9337,1.03043,21.9108,0,Lost,Price
Q101625,2023-08-01,CU2026,20123,Marketplace Seller,255.1,11.3106,9.2014,10.4736,0.87853,7.3512,1,Won,
Q101626,2024-04-01,CU2012,20035,Government & Education,177.3,50.9024,43.3188,44.8441,0.96599,26.4901,1,Won,
Q101627,2025-02-01,CU2118,20039,Regional Retail Chain,319.3,93.2607,76.876,88.3023,0.8706,49.8904,1,Won,
Q101628,2025-12-01,CU2079,20006,Marketplace Seller,176.3,38.3833,39.151,36.9814,1.05867,19.7725,0,Lost,Incumbent supplier
Q101629,2024-01-01,CU2096,20151,Marketplace Seller,331.9,16.8103,15.1482,16.9959,0.89128,9.1394,1,Won,
Q101630,2025-11-01,CU2145,20010,Regional Retail Chain,139.2,47.346,39.9463,48.9741,0.81566,31.43,1,Won,
Q101631,2025-08-01,CU2138,20040,Marketplace Seller,358.6,54.9154,52.7576,55.0988,0.95751,30.6548,0,Lost,Price
Q101632,2026-05-01,CU2079,20114,Marketplace Seller,749.0,59.7687,57.8969,54.4801,1.06272,39.5606,0,Lost,Price
Q101633,2025-06-01,CU2032,20106,Sub-Distributor,90.7,20.2165,19.4495,20.0244,0.97129,12.1956,0,Lost,Price
Q101634,2026-05-01,CU2002,20158,Marketplace Seller,553.2,40.8763,37.7212,40.0897,0.94092,27.8004,1,Won,
Q101635,2026-03-01,CU2001,20218,Subscription Box Operator,506.8,42.6091,37.7037,44.9218,0.83932,23.9035,0,Lost,Price
Q101636,2024-04-01,CU2063,20170,Sub-Distributor,475.2,17.2014,15.6366,15.8022,0.98952,10.0115,0,Lost,Price
Q101637,2023-12-01,CU2089,20204,Marketplace Seller,363.1,24.0058,20.2374,24.0992,0.83975,12.9245,1,Won,
Q101638,2024-05-01,CU2116,20091,Independent Retailer,354.4,24.125,20.5627,22.6507,0.90782,12.335,1,Won,
Q101639,2023-11-01,CU2143,20122,Sub-Distributor,673.5,9.5588,7.0459,7.6731,0.91827,5.8228,1,Won,
Q101640,2025-11-01,CU2134,20092,Marketplace Seller,201.3,41.2412,36.3392,40.709,0.89266,26.1836,1,Won,
Q101641,2024-03-01,CU2102,20116,Sub-Distributor,90.9,8.8235,7.7245,8.0058,0.96486,4.4243,1,Won,
Q101642,2025-06-01,CU2134,20039,Marketplace Seller,509.3,93.8047,86.0708,98.769,0.87144,55.7943,1,Won,
Q101643,2024-09-01,CU2048,20068,E-commerce Pure-Play,383.3,18.3404,18.7072,14.7927,1.26462,12.1271,0,Lost,Price
Q101644,2023-07-01,CU2061,20213,Marketplace Seller,1124.7,38.0015,33.7765,38.8217,0.87004,20.6108,1,Won,
Q101645,2025-08-01,CU2075,20150,Independent Retailer,909.2,25.486,23.5645,26.2157,0.89887,14.4394,0,Lost,Incumbent supplier
Q101646,2026-06-01,CU2140,20132,Subscription Box Operator,58.1,9.0007,8.5105,7.5576,1.12609,7.1179,0,Lost,Incumbent supplier
Q101647,2025-02-01,CU2079,20161,Marketplace Seller,60.1,35.3137,29.5915,36.0614,0.82059,19.6567,0,Lost,Price
Q101648,2023-12-01,CU2088,20134,Independent Retailer,744.5,24.7093,22.5145,25.9932,0.86617,12.6865,1,Won,
Q101649,2024-08-01,CU2076,20199,Government & Education,1193.6,14.7901,11.3869,14.9065,0.76389,10.3566,1,Won,
Q101650,2023-11-01,CU2132,20024,Subscription Box Operator,731.4,40.8823,32.5474,32.9435,0.98798,28.8207,0,Lost,Price
Q101651,2024-04-01,CU2095,20084,Sub-Distributor,57.7,22.2637,21.157,22.0105,0.96122,14.2774,0,Lost,Incumbent supplier
Q101652,2024-06-01,CU2047,20096,Corporate & B2B Buyer,527.9,9.4992,8.3138,8.8288,0.94167,5.5599,0,Lost,Price
Q101653,2023-11-01,CU2066,20022,Corporate & B2B Buyer,1674.4,52.5442,47.1707,47.6316,0.99032,35.5414,0,Lost,Price
Q101654,2026-06-01,CU2071,20056,Regional Retail Chain,172.3,49.7535,45.0559,51.2815,0.8786,35.581,1,Won,
Q101655,2024-06-01,CU2063,20080,Sub-Distributor,228.9,28.9032,27.2237,25.5261,1.06651,18.375,0,Lost,Incumbent supplier
Q101656,2025-04-01,CU2082,20211,E-commerce Pure-Play,472.4,39.7418,37.9862,41.5335,0.91459,30.6333,1,Won,
Q101657,2023-10-01,CU2107,20099,E-commerce Pure-Play,719.9,83.7298,70.0078,87.3282,0.80166,40.5756,1,Won,
Q101658,2025-07-01,CU2139,20222,E-commerce Pure-Play,481.5,22.3331,21.59,19.9363,1.08295,14.3386,0,Lost,Price
Q101659,2025-12-01,CU2137,20107,E-commerce Pure-Play,132.3,48.4909,46.3274,49.8365,0.92959,35.5544,1,Won,
Q101660,2025-01-01,CU2087,20019,Sub-Distributor,333.2,8.4667,7.5914,8.9492,0.84828,4.9536,1,Won,
Q101661,2026-06-01,CU2107,20111,E-commerce Pure-Play,154.5,30.8949,28.7721,25.532,1.1269,19.1027,0,Lost,Lead time
Q101662,2024-05-01,CU2022,20048,Regional Retail Chain,271.4,75.9837,63.19,80.2722,0.7872,56.9641,1,Won,
Q101663,2025-04-01,CU2056,20214,Regional Retail Chain,265.1,17.3926,16.2085,15.3483,1.05605,12.3198,0,Lost,Price
Q101664,2025-11-01,CU2102,20006,Sub-Distributor,657.1,38.3833,31.5797,32.7433,0.96446,19.0784,1,Won,
Q101665,2025-02-01,CU2040,20120,Independent Retailer,294.8,66.3291,58.6829,67.9867,0.86315,34.7536,1,Won,
Q101666,2024-07-01,CU2108,20039,Sub-Distributor,447.1,96.161,71.5369,91.574,0.78119,52.5487,1,Won,
Q101667,2023-12-01,CU2105,20170,Marketplace Seller,137.9,17.2802,15.38,15.4906,0.99286,9.825,1,Won,
Q101668,2025-01-01,CU2049,20085,Independent Retailer,816.3,57.6554,54.5465,54.9328,0.99297,31.412,1,Won,
Q101669,2025-12-01,CU2036,20071,Regional Retail Chain,468.8,72.091,55.7658,66.7628,0.83528,44.1523,0,Lost,Lead time
Q101670,2024-08-01,CU2009,20099,Marketplace Seller,52.6,72.8776,64.5982,60.6128,1.06575,33.7059,0,Lost,Price
Q101671,2025-09-01,CU2045,20204,Subscription Box Operator,39.0,25.6592,24.0694,21.5262,1.11815,13.7948,0,Lost,Incumbent supplier
Q101672,2024-11-01,CU2102,20029,Sub-Distributor,213.7,31.0172,28.7112,32.6751,0.87869,14.4078,1,Won,
Q101673,2025-08-01,CU2102,20091,Sub-Distributor,323.7,29.6963,24.8197,24.0633,1.03144,10.8771,1,Won,
Q101674,2023-07-01,CU2079,20040,Marketplace Seller,383.7,46.3858,42.2,37.8332,1.11542,25.6433,0,Lost,Lead time
Q101675,2026-03-01,CU2003,20067,Regional Retail Chain,264.1,10.5402,7.8911,9.7926,0.80582,6.0384,1,Won,
Q101676,2024-06-01,CU2066,20239,Corporate & B2B Buyer,887.5,90.5158,82.0186,79.0904,1.03702,49.9797,1,Won,
Q101677,2025-06-01,CU2004,20108,Independent Retailer,801.2,24.5248,22.5682,20.5695,1.09717,14.7594,0,Lost,Price
Q101678,2025-10-01,CU2094,20000,Regional Retail Chain,284.4,58.5689,52.413,48.7307,1.07557,38.9615,0,Lost,Incumbent supplier
Q101679,2024-12-01,CU2120,20182,Independent Retailer,147.4,35.5345,28.6976,31.631,0.90726,25.886,0,Lost,Price
Q101680,2023-10-01,CU2004,20020,Independent Retailer,117.8,59.758,50.3755,58.4937,0.86121,30.0079,0,Lost,Lead time
Q101681,2025-03-01,CU2014,20235,Marketplace Seller,125.1,80.7092,67.7464,84.0912,0.80563,53.5274,1,Won,
Q101682,2024-05-01,CU2076,20049,Government & Education,1306.1,72.2216,67.4268,61.0268,1.10487,36.1072,0,Lost,Specification
Q101683,2026-02-01,CU2102,20131,Sub-Distributor,102.3,21.7998,21.332,22.2174,0.96015,18.5097,0,Lost,Lead time
Q101684,2025-01-01,CU2025,20236,E-commerce Pure-Play,124.2,42.7361,39.0008,36.5343,1.06751,28.3404,1,Won,
Q101685,2026-06-01,CU2023,20235,E-commerce Pure-Play,560.3,67.4618,56.2841,67.8581,0.82944,40.9287,1,Won,
Q101686,2024-12-01,CU2054,20185,Marketplace Seller,77.0,9.4966,8.4323,7.9398,1.06202,5.515,1,Won,
Q101687,2023-09-01,CU2069,20190,E-commerce Pure-Play,1025.3,33.7233,28.7157,32.5046,0.88343,22.014,1,Won,
Q101688,2026-06-01,CU2125,20022,Marketplace Seller,570.6,46.3595,42.6196,41.1405,1.03595,37.5766,0,Lost,Specification
Q101689,2024-03-01,CU2067,20080,Independent Retailer,4507.3,28.9032,25.7189,25.7433,0.99905,20.1866,1,Won,
Q101690,2025-10-01,CU2001,20096,Subscription Box Operator,140.1,8.7054,6.9552,7.6233,0.91236,5.8948,1,Won,
Q101691,2026-01-01,CU2030,20136,Independent Retailer,117.5,18.4771,15.6519,17.907,0.87407,14.2698,0,Lost,Incumbent supplier
Q101692,2026-02-01,CU2110,20138,Independent Retailer,785.4,28.256,26.161,25.4723,1.02704,15.1036,0,Lost,Price
Q101693,2024-10-01,CU2041,20086,Sub-Distributor,40.2,45.9545,36.7596,47.5645,0.77284,22.0946,1,Won,
Q101694,2025-06-01,CU2103,20029,Marketplace Seller,454.5,34.7227,29.4177,27.8008,1.05816,13.4644,0,Lost,Lead time
Q101695,2024-01-01,CU2044,20053,Corporate & B2B Buyer,410.0,18.5853,17.2099,15.7318,1.09396,10.6749,0,Lost,Specification
Q101696,2024-12-01,CU2080,20048,Government & Education,1243.6,75.9837,72.9433,73.274,0.99549,60.5892,1,Won,
Q101697,2024-01-01,CU2115,20108,Sub-Distributor,321.2,25.1117,19.3332,21.5609,0.89668,16.3995,1,Won,
Q101698,2025-01-01,CU2097,20134,Subscription Box Operator,131.3,24.1169,20.886,20.0967,1.03927,10.7983,0,Lost,Price
Q101699,2025-08-01,CU2043,20214,Government & Education,349.8,17.8103,16.7403,17.4296,0.96045,13.1034,1,Won,
Q101700,2026-06-01,CU2051,20150,Subscription Box Operator,287.7,23.3572,16.5013,22.7837,0.72426,11.8774,1,Won,
Q101701,2026-03-01,CU2056,20179,Regional Retail Chain,241.6,45.9419,42.2965,45.9194,0.9211,23.5247,1,Won,
Q101702,2023-07-01,CU2068,20179,E-commerce Pure-Play,197.0,44.8127,45.3738,40.8754,1.11005,24.7094,1,Won,
Q101703,2026-03-01,CU2125,20195,Marketplace Seller,132.0,48.5447,40.0345,42.2876,0.94672,25.0216,1,Won,
Q101704,2025-10-01,CU2087,20003,Sub-Distributor,675.7,29.7927,25.8635,25.4653,1.01563,18.2079,0,Lost,Lead time
Q101705,2025-05-01,CU2097,20113,Subscription Box Operator,395.5,40.8827,29.798,35.1073,0.84877,26.4922,0,Lost,Price
Q101706,2025-04-01,CU2033,20000,Independent Retailer,165.7,63.5084,60.4854,59.7361,1.01254,37.3763,0,Lost,Price
Q101707,2025-10-01,CU2023,20102,E-commerce Pure-Play,266.3,63.6984,54.3634,63.3349,0.85835,32.7306,0,Lost,Incumbent supplier
Q101708,2026-01-01,CU2116,20195,Independent Retailer,81.6,48.5447,40.6616,40.6557,1.00014,27.0403,0,Lost,Lead time
Q101709,2025-10-01,CU2135,20238,Sub-Distributor,129.5,14.7709,14.6738,13.8138,1.06226,9.6624,1,Won,
Q101710,2023-11-01,CU2133,20239,Marketplace Seller,126.0,97.2092,86.2849,88.1046,0.97935,54.7224,1,Won,
Q101711,2025-07-01,CU2128,20123,Marketplace Seller,2567.1,11.0644,9.6015,9.5609,1.00424,5.9651,0,Lost,Incumbent supplier
Q101712,2023-08-01,CU2100,20023,Independent Retailer,1085.3,26.7999,24.8735,27.5736,0.90208,17.9825,1,Won,
Q101713,2025-05-01,CU2060,20074,Subscription Box Operator,639.2,48.5266,41.9278,48.6527,0.86178,27.8019,1,Won,
Q101714,2025-12-01,CU2017,20232,Government & Education,447.1,40.3495,36.8991,32.3013,1.14234,27.8224,1,Won,
Q101715,2023-10-01,CU2126,20054,Marketplace Seller,177.9,114.6012,92.2149,121.1834,0.76095,66.9667,1,Won,
Q101716,2026-03-01,CU2065,20195,Government & Education,180.4,48.5447,44.5506,40.5623,1.09832,25.0216,0,Lost,Specification
Q101717,2024-08-01,CU2070,20190,Marketplace Seller,346.3,34.9076,32.8878,34.0393,0.96617,22.6288,0,Lost,Incumbent supplier
Q101718,2026-04-01,CU2032,20073,Sub-Distributor,373.8,21.6086,20.2716,18.7847,1.07915,18.9765,0,Lost,Incumbent supplier
Q101719,2026-02-01,CU2007,20055,Sub-Distributor,336.5,161.3887,148.7103,141.7282,1.04926,61.0547,0,Lost,Lead time
Q101720,2024-09-01,CU2143,20126,Sub-Distributor,1025.3,51.6955,41.7108,44.18,0.94411,30.5101,1,Won,
Q101721,2024-12-01,CU2056,20162,Regional Retail Chain,235.2,16.63,13.9436,16.1325,0.86432,7.8124,1,Won,
Q101722,2025-01-01,CU2042,20033,Corporate & B2B Buyer,1172.0,14.6078,13.5601,12.7378,1.06456,10.3943,0,Lost,Price
Q101723,2024-08-01,CU2034,20199,Marketplace Seller,534.8,14.7901,12.1251,12.6115,0.96143,10.3566,0,Lost,Lead time
Q101724,2024-05-01,CU2105,20039,Marketplace Seller,241.8,95.1485,83.6937,97.8509,0.85532,51.1121,1,Won,
Q101725,2024-07-01,CU2005,20053,Independent Retailer,119.6,19.3763,18.9798,15.5384,1.22148,9.6391,0,Lost,Lead time
Q101726,2024-10-01,CU2027,20181,Marketplace Seller,48.6,16.3287,14.739,15.5683,0.94673,11.0748,1,Won,
Q101727,2025-04-01,CU2010,20105,Sub-Distributor,151.4,21.438,17.1618,20.391,0.84164,14.8777,1,Won,
Q101728,2023-08-01,CU2079,20159,Marketplace Seller,259.9,21.2533,19.5155,18.7059,1.04328,14.876,0,Lost,Price
Q101729,2026-03-01,CU2027,20227,Marketplace Seller,662.6,37.3363,32.7245,38.7373,0.84478,26.6349,1,Won,
Q101730,2026-05-01,CU2103,20043,Marketplace Seller,167.1,39.5936,32.2146,40.5876,0.79371,21.8826,0,Lost,Price
Q101731,2024-03-01,CU2086,20180,Marketplace Seller,743.5,17.4942,13.1549,16.9935,0.77411,10.5109,1,Won,
Q101732,2024-11-01,CU2105,20199,Marketplace Seller,280.2,15.4057,14.0018,12.55,1.11568,10.0293,0,Lost,Specification
Q101733,2024-03-01,CU2112,20123,Government & Education,2483.4,11.0594,10.4062,11.3111,0.92,6.6278,1,Won,
Q101734,2025-09-01,CU2060,20114,Subscription Box Operator,428.2,52.922,44.6237,49.2526,0.90602,34.9076,0,Lost,Incumbent supplier
Q101735,2023-10-01,CU2096,20153,Marketplace Seller,371.8,26.0017,20.0966,26.8999,0.74709,13.3727,1,Won,
Q101736,2025-11-01,CU2054,20178,Marketplace Seller,945.6,24.0225,21.8896,22.8982,0.95595,18.9005,0,Lost,Price
Q101737,2025-11-01,CU2129,20006,Regional Retail Chain,38.3,38.3833,36.5775,39.241,0.93212,19.0784,1,Won,
Q101738,2024-11-01,CU2021,20052,Corporate & B2B Buyer,931.1,15.0933,14.7324,14.1513,1.04106,7.9433,0,Lost,Specification
Q101739,2024-06-01,CU2020,20079,Marketplace Seller,240.4,11.9409,11.0016,9.6231,1.14325,8.8822,0,Lost,Specification
Q101740,2024-05-01,CU2091,20149,Independent Retailer,386.9,53.2555,45.8623,50.6545,0.9054,41.3857,1,Won,
Q101741,2026-05-01,CU2116,20187,Independent Retailer,260.7,51.0841,47.5101,49.8617,0.95284,27.4999,0,Lost,Specification
Q101742,2024-01-01,CU2097,20090,Subscription Box Operator,236.5,31.9466,30.0157,29.6239,1.01323,20.1082,0,Lost,Price
Q101743,2025-04-01,CU2039,20109,Marketplace Seller,328.7,26.4942,24.9456,21.6069,1.15452,13.5002,0,Lost,Incumbent supplier
Q101744,2025-08-01,CU2037,20064,Marketplace Seller,1347.0,49.0268,42.9729,43.801,0.9811,32.6622,1,Won,
Q101745,2025-08-01,CU2044,20123,Corporate & B2B Buyer,104.1,11.0644,9.7915,9.5198,1.02854,5.6486,0,Lost,Price
Q101746,2025-01-01,CU2082,20108,E-commerce Pure-Play,210.7,25.5996,24.1101,23.2005,1.03921,14.8375,0,Lost,Incumbent supplier
Q101747,2023-09-01,CU2109,20190,Subscription Box Operator,1069.8,33.7233,33.1108,34.7718,0.95223,22.014,0,Lost,Price
Q101748,2026-02-01,CU2069,20097,E-commerce Pure-Play,316.6,67.0046,65.5719,66.6169,0.98431,30.8092,0,Lost,Incumbent supplier
Q101749,2024-10-01,CU2066,20174,Corporate & B2B Buyer,676.1,12.8281,11.2193,11.8517,0.94664,9.3819,0,Lost,Price
Q101750,2023-10-01,CU2104,20166,Corporate & B2B Buyer,217.7,15.9219,14.0497,13.8451,1.01477,10.4516,1,Won,
Q101751,2025-08-01,CU2097,20217,Subscription Box Operator,695.5,53.3854,50.4922,47.9428,1.05318,33.5273,0,Lost,Price
Q101752,2024-07-01,CU2008,20088,Independent Retailer,122.0,18.0427,15.7747,17.1193,0.92145,10.8892,1,Won,
Q101753,2025-09-01,CU2001,20039,Subscription Box Operator,102.6,81.5252,77.2126,82.569,0.93513,49.142,1,Won,
Q101754,2023-09-01,CU2141,20207,Marketplace Seller,488.9,9.727,8.7596,9.7994,0.8939,7.4173,1,Won,
Q101755,2024-05-01,CU2070,20079,Marketplace Seller,1008.2,11.272,10.0917,11.6954,0.86288,8.4415,1,Won,
Q101756,2026-03-01,CU2022,20105,Regional Retail Chain,571.2,20.5362,18.8483,19.2256,0.98038,13.4632,0,Lost,Price
Q101757,2026-02-01,CU2050,20045,Marketplace Seller,809.8,20.8726,20.422,20.2738,1.00731,15.1472,0,Lost,Price
Q101758,2026-05-01,CU2009,20179,Marketplace Seller,901.1,45.9419,39.8404,40.6355,0.98043,24.196,1,Won,
Q101759,2025-09-01,CU2066,20015,Corporate & B2B Buyer,320.4,12.2708,10.2025,9.9036,1.03018,8.3908,1,Won,
Q101760,2024-09-01,CU2140,20191,Subscription Box Operator,479.5,42.8575,28.2859,39.5011,0.71608,34.3331,1,Won,
Q101761,2025-09-01,CU2070,20136,Marketplace Seller,1022.0,19.8651,20.2624,17.4239,1.16291,15.1119,0,Lost,Price
Q101762,2026-01-01,CU2125,20141,Marketplace Seller,543.2,43.9754,36.9842,46.5396,0.79468,24.2103,1,Won,
Q101763,2024-07-01,CU2027,20008,Marketplace Seller,305.4,19.271,19.1662,17.2748,1.10949,12.4164,0,Lost,Lead time
Q101764,2024-12-01,CU2147,20114,Marketplace Seller,634.7,60.3351,61.4718,62.9031,0.97725,36.1902,1,Won,
Q101765,2025-02-01,CU2090,20057,Sub-Distributor,320.0,36.3271,31.5032,32.4556,0.97066,24.9631,0,Lost,Incumbent supplier
Q101766,2024-09-01,CU2130,20185,Corporate & B2B Buyer,200.9,9.3191,8.5943,7.7256,1.11244,5.0876,0,Lost,Price
Q101767,2025-02-01,CU2035,20142,Corporate & B2B Buyer,174.5,28.5821,28.2497,24.7853,1.13977,19.8958,0,Lost,Price
Q101768,2025-06-01,CU2067,20091,Independent Retailer,1285.8,29.5051,25.85,30.4429,0.84913,11.1186,1,Won,
Q101769,2024-01-01,CU2019,20233,E-commerce Pure-Play,933.8,53.8505,41.9621,51.8351,0.80953,30.3374,1,Won,
Q101770,2024-04-01,CU2094,20032,Regional Retail Chain,490.1,19.7351,17.7214,16.9995,1.04247,11.4554,1,Won,
Q101771,2024-03-01,CU2086,20202,Marketplace Seller,389.2,46.9027,44.8195,43.3443,1.03404,27.2765,0,Lost,Price
Q101772,2024-05-01,CU2028,20078,Independent Retailer,324.8,26.1651,24.1064,26.5108,0.9093,20.1756,0,Lost,Price
Q101773,2024-10-01,CU2127,20213,Corporate & B2B Buyer,981.0,39.1015,33.5646,37.1579,0.90329,25.955,1,Won,
Q101774,2024-09-01,CU2027,20232,Marketplace Seller,303.0,41.0741,39.9601,39.5122,1.01134,26.5851,0,Lost,Lead time
Q101775,2024-04-01,CU2023,20160,E-commerce Pure-Play,913.9,13.8678,11.9877,12.5687,0.95377,8.0161,1,Won,
Q101776,2024-12-01,CU2079,20041,Marketplace Seller,200.7,34.6954,29.8053,35.777,0.83308,20.9222,1,Won,
Q101777,2025-03-01,CU2073,20130,Marketplace Seller,422.9,71.7007,67.3485,68.2835,0.98631,49.9871,1,Won,
Q101778,2025-12-01,CU2144,20018,Marketplace Seller,277.3,100.9265,102.945,106.8096,0.96382,40.9,1,Won,
Q101779,2026-01-01,CU2148,20086,Regional Retail Chain,540.1,43.9236,41.4708,38.5775,1.075,18.7139,0,Lost,Price
Q101780,2026-04-01,CU2029,20192,Independent Retailer,256.0,24.7031,23.5761,20.5814,1.14551,15.0166,0,Lost,Price
Q101781,2024-04-01,CU2082,20203,E-commerce Pure-Play,847.6,17.4816,15.6742,14.7149,1.06519,11.6641,0,Lost,Incumbent supplier
Q101782,2026-04-01,CU2138,20085,Marketplace Seller,1198.0,48.9086,45.7743,43.5712,1.05056,23.1276,0,Lost,Lead time
Q101783,2026-05-01,CU2100,20092,Independent Retailer,84.8,37.554,37.4032,38.8728,0.96219,25.1134,0,Lost,Price
Q101784,2023-11-01,CU2127,20083,Corporate & B2B Buyer,450.8,59.5411,51.8565,59.2247,0.87559,30.1562,1,Won,
Q101785,2024-06-01,CU2107,20167,E-commerce Pure-Play,257.6,83.9439,68.0383,86.6238,0.78545,54.0495,1,Won,
Q101786,2023-07-01,CU2058,20097,Corporate & B2B Buyer,464.1,66.0164,57.8568,55.4707,1.04301,35.8052,0,Lost,Price
Q101787,2025-12-01,CU2028,20061,Independent Retailer,1872.3,23.3185,20.0388,18.7117,1.07092,11.4076,0,Lost,Price
Q101788,2024-12-01,CU2030,20005,Independent Retailer,1214.3,37.4517,33.1088,32.4152,1.0214,16.7166,0,Lost,Lead time
Q101789,2024-02-01,CU2013,20122,Independent Retailer,248.8,9.5064,9.2381,7.7097,1.19825,5.7621,0,Lost,Price
Q101790,2026-02-01,CU2022,20162,Regional Retail Chain,68.1,21.0542,17.9195,21.7434,0.82414,7.768,1,Won,
Q101791,2026-01-01,CU2103,20001,Marketplace Seller,211.3,17.59,16.8898,18.5953,0.90828,11.5972,1,Won,
Q101792,2025-12-01,CU2005,20147,Independent Retailer,389.9,30.5352,29.7693,30.6442,0.97145,18.7832,1,Won,
Q101793,2026-05-01,CU2061,20035,Marketplace Seller,147.0,47.4569,41.4685,39.8175,1.04147,22.8599,0,Lost,Lead time
Q101794,2023-12-01,CU2073,20129,Marketplace Seller,99.2,17.4013,16.4562,14.1807,1.16047,11.5097,0,Lost,Price
Q101795,2024-11-01,CU2025,20218,E-commerce Pure-Play,563.1,49.5534,49.0194,42.5522,1.15198,23.3545,0,Lost,Specification
Q101796,2024-06-01,CU2013,20221,Independent Retailer,396.2,23.9976,19.8083,20.8593,0.94962,18.0647,0,Lost,Price
Q101797,2024-10-01,CU2082,20229,E-commerce Pure-Play,1322.1,21.2205,19.406,21.311,0.91061,11.9461,0,Lost,Price
Q101798,2025-02-01,CU2115,20190,Sub-Distributor,140.3,33.6301,26.3875,33.2255,0.79419,21.0085,1,Won,
Q101799,2026-06-01,CU2047,20209,Corporate & B2B Buyer,269.3,16.1262,15.0568,15.4277,0.97596,11.2485,1,Won,
Q101800,2026-05-01,CU2106,20141,Sub-Distributor,134.3,47.7078,37.1861,38.8367,0.9575,25.0696,1,Won,
Q101801,2024-09-01,CU2000,20038,Independent Retailer,1185.8,86.087,73.953,84.676,0.87336,59.7779,0,Lost,Specification
Q101802,2024-01-01,CU2136,20155,Government & Education,156.4,146.8021,110.8627,155.2349,0.71416,92.0394,0,Lost,Price
Q101803,2026-03-01,CU2037,20072,Marketplace Seller,2389.4,15.2657,14.4569,12.7663,1.13243,9.9264,0,Lost,Lead time
Q101804,2024-07-01,CU2096,20058,Marketplace Seller,608.4,27.2399,23.489,28.7076,0.81821,19.5202,1,Won,
Q101805,2024-04-01,CU2031,20180,Corporate & B2B Buyer,583.1,17.2146,14.9071,13.9298,1.07015,10.2591,0,Lost,Specification
Q101806,2025-06-01,CU2140,20053,Subscription Box Operator,775.5,19.2926,16.0718,17.8643,0.89966,9.348,0,Lost,Specification
Q101807,2025-01-01,CU2104,20093,Corporate & B2B Buyer,485.4,56.0758,48.9233,44.9447,1.08852,27.0682,0,Lost,Specification
Q101808,2023-12-01,CU2094,20085,Regional Retail Chain,165.2,59.9237,52.6663,55.9583,0.94117,35.2556,1,Won,
Q101809,2024-12-01,CU2064,20162,Independent Retailer,349.6,16.63,13.3065,16.365,0.8131,7.8124,1,Won,
Q101810,2025-09-01,CU2053,20016,Corporate & B2B Buyer,93.0,19.8476,17.9759,19.5905,0.91758,12.5807,1,Won,
Q101811,2025-08-01,CU2062,20016,Independent Retailer,327.4,19.8476,17.7412,18.2244,0.97348,12.9057,0,Lost,Incumbent supplier
Q101812,2025-06-01,CU2053,20164,Corporate & B2B Buyer,145.6,54.6384,51.1819,46.6188,1.09788,41.2568,0,Lost,Price
Q101813,2024-10-01,CU2035,20204,Corporate & B2B Buyer,158.2,24.8376,21.1251,25.1597,0.83964,14.3094,0,Lost,Price
Q101814,2024-08-01,CU2007,20047,Sub-Distributor,225.8,20.1113,19.4553,17.9876,1.0816,12.3074,0,Lost,Incumbent supplier
Q101815,2023-09-01,CU2002,20113,Marketplace Seller,1450.2,41.4175,33.4774,40.5978,0.82461,22.2627,1,Won,
Q101816,2023-09-01,CU2045,20081,Subscription Box Operator,230.4,63.2552,61.2928,59.1885,1.03555,33.5993,1,Won,
Q101817,2026-05-01,CU2149,20077,Corporate & B2B Buyer,839.0,129.0538,106.5868,134.5694,0.79206,68.5017,0,Lost,Incumbent supplier
Q101818,2024-11-01,CU2149,20022,Corporate & B2B Buyer,393.6,47.5154,42.1168,38.8797,1.08326,31.9423,0,Lost,Incumbent supplier
Q101819,2024-12-01,CU2049,20030,Independent Retailer,961.8,15.2431,14.7701,13.5998,1.08606,9.1366,1,Won,
Q101820,2024-07-01,CU2025,20011,E-commerce Pure-Play,274.0,24.1398,20.6027,21.7619,0.94674,17.9789,0,Lost,Incumbent supplier
Q101821,2024-10-01,CU2113,20019,Independent Retailer,197.7,8.9023,6.822,7.4125,0.92035,4.8901,0,Lost,Price
Q101822,2024-02-01,CU2073,20114,Marketplace Seller,904.5,73.7553,57.2145,76.8823,0.74418,47.0585,1,Won,
Q101823,2026-04-01,CU2128,20010,Marketplace Seller,129.3,48.9022,42.8672,42.4292,1.01032,35.0496,1,Won,
Q101824,2026-06-01,CU2139,20116,E-commerce Pure-Play,1397.2,12.7541,10.9315,11.6454,0.9387,5.6282,1,Won,
Q101825,2025-12-01,CU2028,20016,Independent Retailer,841.4,19.3418,15.4858,18.431,0.84021,11.9809,1,Won,
Q101826,2026-05-01,CU2117,20233,Marketplace Seller,1117.5,53.8505,41.6432,56.3316,0.73925,30.8975,1,Won,
Q101827,2026-04-01,CU2102,20063,Sub-Distributor,226.6,96.0678,78.4571,83.8625,0.93554,65.5203,1,Won,
Q101828,2024-10-01,CU2088,20022,Independent Retailer,583.4,47.5154,39.5438,38.8253,1.01851,32.3226,0,Lost,Price
Q101829,2025-06-01,CU2136,20208,Government & Education,262.3,24.7639,18.871,26.0102,0.72552,12.8728,1,Won,
Q101830,2024-02-01,CU2021,20067,Corporate & B2B Buyer,292.9,8.6392,8.0578,8.5886,0.9382,4.463,1,Won,
Q101831,2024-08-01,CU2136,20057,Government & Education,660.6,41.7968,39.961,36.8021,1.08583,27.9853,0,Lost,Price
Q101832,2025-08-01,CU2001,20085,Subscription Box Operator,75.9,55.287,49.3878,45.0984,1.09511,30.2364,1,Won,
Q101833,2025-11-01,CU2017,20192,Government & Education,333.3,20.8993,18.2071,19.0901,0.95374,13.532,0,Lost,Price
Q101834,2025-06-01,CU2069,20076,E-commerce Pure-Play,444.9,23.1834,22.3006,20.0418,1.11271,11.969,0,Lost,Specification
Q101835,2025-05-01,CU2013,20234,Independent Retailer,244.6,33.5835,34.2552,32.7632,1.04554,20.2589,0,Lost,Price
Q101836,2024-05-01,CU2112,20166,Government & Education,300.7,15.8556,12.2747,13.5305,0.90719,10.6394,0,Lost,Price
Q101837,2024-01-01,CU2079,20147,Marketplace Seller,166.4,29.9995,26.0425,28.4593,0.91508,17.0888,0,Lost,Specification
Q101838,2024-08-01,CU2083,20043,Marketplace Seller,279.5,42.3134,33.2319,42.9978,0.77288,23.4203,1,Won,
Q101839,2026-06-01,CU2064,20083,Independent Retailer,149.9,46.9708,42.0752,46.9992,0.89523,28.0385,1,Won,
Q101840,2024-05-01,CU2149,20104,Corporate & B2B Buyer,101.5,12.6716,12.4867,10.1958,1.22469,7.6322,0,Lost,Price
Q101841,2026-06-01,CU2074,20235,Corporate & B2B Buyer,323.4,67.4618,60.6884,62.3312,0.97364,40.9287,0,Lost,Price
Q101842,2024-10-01,CU2059,20237,Independent Retailer,374.1,63.7355,52.0625,51.8859,1.0034,43.2676,1,Won,
Q101843,2026-02-01,CU2063,20224,Sub-Distributor,146.8,12.3202,11.8858,11.4367,1.03926,8.6611,0,Lost,Lead time
Q101844,2026-01-01,CU2020,20097,Marketplace Seller,164.0,67.0046,62.1922,66.0083,0.94219,32.0627,1,Won,
Q101845,2025-11-01,CU2100,20224,Independent Retailer,199.9,11.3257,10.2834,10.7664,0.95514,7.4458,1,Won,
Q101846,2023-12-01,CU2097,20227,Subscription Box Operator,52.9,38.8957,35.3437,41.1743,0.85839,26.0531,0,Lost,Price
Q101847,2023-08-01,CU2030,20066,Independent Retailer,265.4,16.8669,15.8978,16.6177,0.95668,10.5433,0,Lost,Price
Q101848,2024-03-01,CU2039,20233,Marketplace Seller,499.3,53.8505,51.3042,53.6175,0.95686,31.194,0,Lost,Incumbent supplier
Q101849,2025-07-01,CU2102,20071,Sub-Distributor,200.7,73.2626,63.365,62.4111,1.01528,49.7581,1,Won,
Q101850,2026-03-01,CU2098,20118,Subscription Box Operator,133.5,81.3528,75.6273,84.624,0.89369,50.7439,0,Lost,Price
Q101851,2023-09-01,CU2065,20167,Government & Education,952.8,97.7082,85.0612,92.117,0.9234,71.2294,0,Lost,Incumbent supplier
Q101852,2023-09-01,CU2037,20111,Marketplace Seller,313.6,45.9272,35.3298,38.0301,0.92899,23.9495,1,Won,
Q101853,2025-06-01,CU2133,20152,Marketplace Seller,844.3,22.0447,18.3353,19.4845,0.94102,13.0294,1,Won,
Q101854,2025-11-01,CU2027,20099,Marketplace Seller,272.2,76.7886,63.9426,71.8347,0.89013,37.0002,1,Won,
Q101855,2026-01-01,CU2116,20024,Independent Retailer,323.8,40.9149,36.9831,37.7168,0.98055,29.9859,0,Lost,Price
Q101856,2024-07-01,CU2002,20099,Marketplace Seller,336.5,72.8776,70.9836,68.4738,1.03665,33.7005,0,Lost,Lead time
Q101857,2024-04-01,CU2106,20195,Sub-Distributor,286.5,48.5447,41.9671,48.0724,0.873,25.623,1,Won,
Q101858,2024-05-01,CU2112,20130,Government & Education,69.9,75.8873,66.6379,68.1734,0.97748,52.6791,0,Lost,Price
Q101859,2025-07-01,CU2060,20135,Subscription Box Operator,64.3,67.5863,58.8656,62.3766,0.94371,30.0317,1,Won,
Q101860,2025-11-01,CU2125,20101,Marketplace Seller,64.6,15.2489,15.5528,13.9465,1.11517,8.2168,0,Lost,Price
Q101861,2025-10-01,CU2089,20032,Marketplace Seller,180.5,17.2199,15.4821,18.0946,0.85562,13.1698,1,Won,
Q101862,2025-09-01,CU2096,20042,Marketplace Seller,242.5,94.2568,84.9183,88.0099,0.96487,49.3604,0,Lost,Lead time
Q101863,2025-10-01,CU2056,20182,Regional Retail Chain,1156.0,33.8296,26.3483,27.189,0.96908,22.3474,0,Lost,Price
Q101864,2026-04-01,CU2106,20161,Sub-Distributor,502.3,35.9561,28.4906,34.1131,0.83518,23.687,1,Won,
Q101865,2023-07-01,CU2116,20149,Independent Retailer,944.5,52.9775,50.1931,45.4425,1.10454,33.1672,0,Lost,Price
Q101866,2024-04-01,CU2141,20075,Marketplace Seller,625.6,21.141,18.3293,19.7899,0.92619,10.846,1,Won,
Q101867,2025-03-01,CU2147,20057,Marketplace Seller,122.9,35.6261,25.4981,32.8962,0.77511,25.1276,1,Won,
Q101868,2025-11-01,CU2102,20238,Sub-Distributor,2213.5,14.7709,13.2341,12.5265,1.05648,9.2934,0,Lost,Price
Q101869,2025-05-01,CU2024,20118,Corporate & B2B Buyer,731.9,77.6356,67.5655,68.0294,0.99318,50.4354,0,Lost,Price
Q101870,2026-01-01,CU2078,20203,E-commerce Pure-Play,685.4,17.8179,17.7538,14.5804,1.21765,11.8511,0,Lost,Lead time
Q101871,2023-10-01,CU2081,20195,Regional Retail Chain,2173.0,48.5447,46.2535,42.3375,1.0925,29.0141,0,Lost,Price
Q101872,2025-04-01,CU2100,20119,Independent Retailer,105.8,47.2971,40.3608,46.9126,0.86034,25.8578,1,Won,
Q101873,2025-02-01,CU2029,20137,Independent Retailer,44.6,73.1053,64.04,71.2038,0.89939,46.6821,0,Lost,Incumbent supplier
Q101874,2025-12-01,CU2076,20191,Government & Education,148.6,59.4851,55.8926,50.8094,1.10004,43.4186,0,Lost,Price
Q101875,2025-01-01,CU2001,20102,Subscription Box Operator,169.8,61.0376,57.0524,63.2426,0.90212,37.322,0,Lost,Specification
Q101876,2025-12-01,CU2052,20219,Marketplace Seller,1022.3,12.4704,10.8701,12.997,0.83636,6.9679,1,Won,
Q101877,2023-10-01,CU2002,20220,Marketplace Seller,433.8,16.6396,12.8556,14.3974,0.89291,7.7041,1,Won,
Q101878,2024-06-01,CU2048,20187,E-commerce Pure-Play,268.4,37.2078,33.8858,38.3099,0.88452,27.687,1,Won,
Q101879,2026-05-01,CU2149,20183,Corporate & B2B Buyer,1560.6,81.581,68.7865,65.6757,1.04737,49.4889,1,Won,
Q101880,2025-09-01,CU2018,20090,Independent Retailer,102.6,31.9466,30.355,29.2542,1.03763,25.393,0,Lost,Lead time
Q101881,2026-06-01,CU2091,20031,Independent Retailer,1220.3,7.3149,6.9696,7.1824,0.97038,4.1548,0,Lost,Specification
Q101882,2026-04-01,CU2021,20219,Corporate & B2B Buyer,462.9,11.9968,9.8091,11.5104,0.85219,7.5107,1,Won,
Q101883,2024-04-01,CU2102,20155,Sub-Distributor,233.3,132.1623,115.3609,114.9212,1.00383,90.7837,0,Lost,Lead time
Q101884,2026-01-01,CU2079,20097,Marketplace Seller,1100.6,67.0046,62.2304,70.3533,0.88454,32.0627,1,Won,
Q101885,2024-05-01,CU2006,20069,Independent Retailer,105.0,23.0811,19.8009,18.6565,1.06134,14.5711,0,Lost,Specification
Q101886,2026-06-01,CU2118,20034,Regional Retail Chain,592.5,84.2948,80.514,74.4924,1.08084,36.5249,0,Lost,Lead time
Q101887,2024-10-01,CU2073,20128,Marketplace Seller,174.6,12.8154,11.5298,10.8064,1.06694,8.973,1,Won,
Q101888,2025-08-01,CU2001,20072,Subscription Box Operator,699.8,15.2657,12.5532,15.3684,0.81682,10.6941,1,Won,
Q101889,2024-09-01,CU2047,20189,Corporate & B2B Buyer,91.2,12.3832,11.2827,13.0909,0.86187,6.364,0,Lost,Specification
Q101890,2024-11-01,CU2021,20200,Corporate & B2B Buyer,309.4,17.8099,16.6423,16.4818,1.00974,13.505,1,Won,
Q101891,2025-11-01,CU2083,20010,Marketplace Seller,436.3,47.346,40.9106,45.091,0.90729,31.43,0,Lost,Incumbent supplier
Q101892,2026-02-01,CU2015,20185,Corporate & B2B Buyer,3782.2,10.9658,8.8417,11.3793,0.777,7.2562,1,Won,
Q101893,2025-06-01,CU2043,20109,Government & Education,82.6,26.4942,25.4,23.8408,1.0654,14.5675,0,Lost,Lead time
Q101894,2025-02-01,CU2137,20230,E-commerce Pure-Play,321.2,37.1908,34.2734,34.0457,1.00669,17.6178,0,Lost,Lead time
Q101895,2024-09-01,CU2144,20056,Marketplace Seller,348.8,45.9385,42.6992,45.0422,0.94798,29.2485,1,Won,
Q101896,2025-10-01,CU2011,20023,Regional Retail Chain,234.2,31.4912,31.6378,31.3794,1.00823,19.9571,0,Lost,Price
Q101897,2023-08-01,CU2073,20148,Marketplace Seller,287.3,67.3491,63.1946,60.598,1.04285,44.412,1,Won,
Q101898,2026-06-01,CU2004,20048,Independent Retailer,445.8,107.9141,94.9742,92.3416,1.02851,83.5023,0,Lost,Price
Q101899,2023-07-01,CU2060,20026,Subscription Box Operator,453.2,46.4944,43.4477,38.8874,1.11727,28.9626,0,Lost,Lead time
Q101900,2023-10-01,CU2108,20134,Sub-Distributor,203.3,26.3145,23.3074,26.66,0.87424,13.3582,1,Won,
Q101901,2025-08-01,CU2094,20014,Regional Retail Chain,714.4,45.0311,45.9317,43.2912,1.061,17.6904,0,Lost,Lead time
Q101902,2026-01-01,CU2071,20232,Regional Retail Chain,104.8,40.3495,30.1129,38.2911,0.78642,27.0452,1,Won,
Q101903,2025-04-01,CU2146,20150,E-commerce Pure-Play,197.9,25.486,22.0259,26.7975,0.82194,13.7721,1,Won,
Q101904,2026-06-01,CU2102,20072,Sub-Distributor,244.1,15.2657,14.5627,13.2693,1.09747,10.704,0,Lost,Price
Q101905,2023-11-01,CU2137,20107,E-commerce Pure-Play,387.4,49.62,41.9973,47.791,0.87877,29.4215,1,Won,
Q101906,2023-12-01,CU2066,20230,Corporate & B2B Buyer,161.6,38.6433,35.1183,36.5391,0.96112,18.2742,0,Lost,Lead time
Q101907,2025-11-01,CU2054,20038,Marketplace Seller,420.3,74.055,62.6807,72.2106,0.86803,56.4095,1,Won,
Q101908,2025-02-01,CU2022,20182,Regional Retail Chain,3291.1,34.7811,27.8432,29.9823,0.92866,24.1803,1,Won,
Q101909,2024-04-01,CU2061,20023,Marketplace Seller,596.9,26.2896,26.8154,25.9511,1.0333,19.6664,0,Lost,Price
Q101910,2024-03-01,CU2061,20170,Marketplace Seller,234.9,17.2014,14.8491,14.861,0.9992,9.3795,1,Won,
Q101911,2025-07-01,CU2128,20217,Marketplace Seller,368.8,53.3854,54.1581,49.2542,1.09956,35.9065,1,Won,
Q101912,2024-12-01,CU2046,20125,Marketplace Seller,341.3,14.6716,13.7717,15.3,0.90011,9.9928,1,Won,
Q101913,2025-04-01,CU2013,20191,Independent Retailer,810.9,59.3111,51.8266,49.1824,1.05376,39.4825,1,Won,
Q101914,2025-03-01,CU2129,20102,Regional Retail Chain,97.3,58.2829,47.4539,48.476,0.97892,38.637,0,Lost,Price
Q101915,2024-07-01,CU2131,20172,Regional Retail Chain,327.3,23.351,21.5204,19.7132,1.09167,17.9333,0,Lost,Price
Q101916,2023-08-01,CU2023,20099,E-commerce Pure-Play,328.5,77.594,67.6138,72.6487,0.9307,41.5986,1,Won,
Q101917,2026-02-01,CU2100,20147,Independent Retailer,546.5,30.757,28.5715,27.2517,1.04843,17.9384,1,Won,
Q101918,2025-03-01,CU2107,20221,E-commerce Pure-Play,347.6,22.6241,18.2164,22.3025,0.81679,15.9324,1,Won,
Q101919,2024-08-01,CU2127,20123,Corporate & B2B Buyer,160.4,10.946,9.501,10.7061,0.88744,7.2466,1,Won,
Q101920,2024-04-01,CU2024,20199,Corporate & B2B Buyer,526.5,13.7076,13.0017,11.2235,1.15843,8.7683,0,Lost,Specification
Q101921,2023-08-01,CU2147,20032,Marketplace Seller,237.8,19.0384,15.2282,18.3238,0.83106,12.6312,1,Won,
Q101922,2025-06-01,CU2005,20191,Independent Retailer,560.0,58.6991,52.2629,50.4862,1.03519,38.3364,0,Lost,Specification
Q101923,2026-04-01,CU2101,20049,Independent Retailer,75.0,69.2186,65.1268,62.3003,1.04537,50.3586,0,Lost,Incumbent supplier
Q101924,2025-11-01,CU2108,20060,Sub-Distributor,139.6,25.9472,22.874,25.5617,0.89485,14.1136,1,Won,
Q101925,2025-05-01,CU2021,20140,Corporate & B2B Buyer,566.3,226.6059,231.138,207.6104,1.11333,164.718,0,Lost,Price
Q101926,2024-10-01,CU2015,20017,Corporate & B2B Buyer,149.7,26.8941,21.2513,24.1604,0.87959,17.5634,0,Lost,Price
Q101927,2024-08-01,CU2131,20028,Regional Retail Chain,110.0,32.4259,26.3519,28.739,0.91694,24.1214,1,Won,
Q101928,2025-10-01,CU2033,20146,Independent Retailer,627.0,17.6399,13.9998,15.6717,0.89332,11.3111,1,Won,
Q101929,2025-01-01,CU2006,20237,Independent Retailer,362.6,66.1511,67.4741,63.3248,1.06552,46.3569,0,Lost,Price
Q101930,2024-01-01,CU2084,20163,Marketplace Seller,58.7,20.1285,15.6077,19.4439,0.8027,15.0386,0,Lost,Incumbent supplier
Q101931,2026-05-01,CU2075,20093,Independent Retailer,527.0,61.7863,52.3055,60.5116,0.86439,34.2611,0,Lost,Incumbent supplier
Q101932,2024-09-01,CU2098,20107,Subscription Box Operator,540.5,58.842,59.1308,50.0529,1.18137,33.0459,1,Won,
Q101933,2026-05-01,CU2020,20186,Marketplace Seller,664.7,72.657,60.3513,61.6151,0.97949,48.5389,0,Lost,Price
Q101934,2026-03-01,CU2023,20181,E-commerce Pure-Play,1031.1,18.5457,16.4288,19.0945,0.86039,11.8273,0,Lost,Lead time
Q101935,2025-12-01,CU2062,20090,Independent Retailer,291.3,31.9466,29.6913,30.2396,0.98187,26.15,1,Won,
Q101936,2026-04-01,CU2148,20225,Regional Retail Chain,204.4,102.7118,91.6637,90.6561,1.01111,42.5077,0,Lost,Specification
Q101937,2025-12-01,CU2032,20033,Sub-Distributor,254.8,12.9664,11.0271,11.8553,0.93014,11.5786,0,Lost,Specification
Q101938,2023-11-01,CU2089,20183,Marketplace Seller,362.2,99.7006,93.3769,86.3744,1.08107,50.9247,0,Lost,Price
Q101939,2024-07-01,CU2023,20232,E-commerce Pure-Play,46.3,43.3853,39.8118,37.4885,1.06197,25.846,0,Lost,Lead time
Q101940,2024-09-01,CU2118,20235,Regional Retail Chain,363.2,78.502,56.7684,70.6983,0.80297,49.9019,1,Won,
Q101941,2024-03-01,CU2032,20052,Sub-Distributor,169.2,17.8102,14.0397,15.5193,0.90466,10.6126,0,Lost,Price
Q101942,2024-11-01,CU2137,20126,E-commerce Pure-Play,151.9,51.6955,42.6681,43.2857,0.98573,30.5851,0,Lost,Incumbent supplier
Q101943,2026-01-01,CU2003,20193,Regional Retail Chain,808.6,43.6001,39.4788,39.949,0.98823,34.2803,0,Lost,Lead time
Q101944,2024-06-01,CU2144,20128,Marketplace Seller,1239.5,11.9804,11.249,11.185,1.00572,9.0082,0,Lost,Incumbent supplier
Q101945,2024-07-01,CU2017,20112,Government & Education,1091.8,43.7766,39.9378,41.7051,0.95762,25.6334,1,Won,
Q101946,2025-03-01,CU2040,20199,Independent Retailer,462.9,15.1355,14.4666,14.5611,0.99351,10.1981,1,Won,
Q101947,2024-07-01,CU2089,20061,Marketplace Seller,68.4,23.3185,22.8794,19.2183,1.1905,12.4643,0,Lost,Price
Q101948,2024-06-01,CU2121,20225,Corporate & B2B Buyer,594.1,90.5597,73.2399,83.6814,0.87522,44.6339,1,Won,
Q101949,2025-12-01,CU2069,20031,E-commerce Pure-Play,430.4,7.1298,5.3693,6.1948,0.86674,3.8409,1,Won,
Q101950,2025-03-01,CU2123,20173,Independent Retailer,664.0,24.4629,23.579,22.5574,1.04529,18.3486,0,Lost,Incumbent supplier
Q101951,2024-04-01,CU2074,20131,Corporate & B2B Buyer,1058.1,23.5294,19.8117,21.4829,0.92221,20.3256,0,Lost,Lead time
Q101952,2024-10-01,CU2030,20015,Independent Retailer,317.6,13.0019,12.3682,13.4547,0.91924,8.634,0,Lost,Specification
Q101953,2023-10-01,CU2064,20080,Independent Retailer,194.7,29.4847,22.7867,28.0289,0.81297,20.9288,1,Won,
Q101954,2023-10-01,CU2027,20010,Marketplace Seller,1465.3,43.843,40.9576,44.6984,0.91631,30.8149,1,Won,
Q101955,2024-04-01,CU2053,20124,Corporate & B2B Buyer,174.8,14.4722,12.9042,13.9576,0.92453,9.324,0,Lost,Specification
Q101956,2026-03-01,CU2109,20127,Subscription Box Operator,1531.3,46.1202,38.6522,40.9893,0.94298,35.3449,0,Lost,Price
Q101957,2026-02-01,CU2134,20066,Marketplace Seller,400.8,17.2047,14.7805,16.7447,0.8827,8.7898,1,Won,
Q101958,2024-11-01,CU2137,20006,E-commerce Pure-Play,93.5,41.27,39.3703,38.9128,1.01176,19.2279,0,Lost,Price
Q101959,2026-03-01,CU2126,20017,Marketplace Seller,37.5,25.601,22.6885,25.9653,0.8738,13.0775,1,Won,
Q101960,2025-11-01,CU2086,20179,Marketplace Seller,432.8,46.1465,44.3211,39.8376,1.11254,21.6911,0,Lost,Price
Q101961,2024-04-01,CU2065,20141,Government & Education,201.6,51.8713,44.2716,54.5217,0.812,28.0236,0,Lost,Price
Q101962,2025-02-01,CU2115,20122,Sub-Distributor,571.4,10.7855,10.4342,9.0382,1.15446,6.7696,0,Lost,Price
Q101963,2025-08-01,CU2111,20094,Independent Retailer,230.7,18.7872,16.8946,17.6146,0.95913,8.2672,0,Lost,Price
Q101964,2024-12-01,CU2148,20180,Regional Retail Chain,295.2,17.7451,16.674,18.7016,0.89158,11.6878,1,Won,
Q101965,2025-09-01,CU2100,20173,Independent Retailer,122.9,24.9955,21.9654,20.2901,1.08256,19.1507,1,Won,
Q101966,2026-06-01,CU2099,20089,E-commerce Pure-Play,958.3,58.5054,56.2629,57.8429,0.97268,39.0601,0,Lost,Specification
Q101967,2025-12-01,CU2057,20163,Subscription Box Operator,136.9,17.7795,16.2344,16.2531,0.99885,13.9225,1,Won,
Q101968,2026-01-01,CU2012,20105,Government & Education,481.8,20.5362,19.1599,17.031,1.12501,12.7181,0,Lost,Price
Q101969,2026-04-01,CU2082,20213,E-commerce Pure-Play,722.0,37.3878,34.3274,31.6827,1.08348,25.8256,0,Lost,Incumbent supplier
Q101970,2025-06-01,CU2129,20159,Regional Retail Chain,95.8,21.2533,19.3117,17.1116,1.12858,16.9722,0,Lost,Price
Q101971,2024-11-01,CU2026,20187,Marketplace Seller,778.5,38.9602,33.3294,36.1776,0.92127,29.2665,1,Won,
Q101972,2024-08-01,CU2003,20184,Regional Retail Chain,1535.8,148.8173,134.2486,149.9179,0.89548,97.7744,1,Won,
Q101973,2025-07-01,CU2086,20185,Marketplace Seller,189.4,10.356,10.0218,10.1589,0.98651,6.3513,1,Won,
Q101974,2025-11-01,CU2071,20203,Regional Retail Chain,110.2,17.8179,17.5229,18.4917,0.94761,11.8153,0,Lost,Specification
Q101975,2026-01-01,CU2084,20164,Marketplace Seller,405.2,51.3665,44.896,52.045,0.86264,36.2024,1,Won,
Q101976,2025-12-01,CU2026,20115,Marketplace Seller,171.6,54.7503,52.0404,56.3593,0.92337,33.0683,1,Won,
Q101977,2025-08-01,CU2129,20138,Regional Retail Chain,247.1,29.2776,25.2452,23.8511,1.05845,16.1769,1,Won,
Q101978,2024-01-01,CU2070,20028,Marketplace Seller,972.6,32.4259,28.8096,26.504,1.08699,21.9871,0,Lost,Lead time
Q101979,2024-04-01,CU2129,20097,Regional Retail Chain,92.1,67.0046,61.8714,70.1869,0.88152,36.4511,1,Won,
Q101980,2024-05-01,CU2022,20178,Regional Retail Chain,740.5,32.2806,29.5205,28.631,1.03107,22.2465,0,Lost,Incumbent supplier
Q101981,2024-09-01,CU2059,20055,Independent Retailer,261.5,142.6098,130.2478,149.1856,0.87306,72.5066,1,Won,
Q101982,2026-02-01,CU2048,20143,E-commerce Pure-Play,142.2,62.4548,50.3044,60.2559,0.83485,35.6656,1,Won,
Q101983,2023-10-01,CU2100,20237,Independent Retailer,880.7,81.873,73.9157,67.2269,1.0995,53.6404,1,Won,
Q101984,2024-02-01,CU2141,20001,Marketplace Seller,95.4,18.5889,16.8334,17.5452,0.95943,9.292,1,Won,
Q101985,2024-06-01,CU2043,20220,Government & Education,109.7,15.9978,13.9269,13.939,0.99913,7.3458,0,Lost,Price
Q101986,2024-08-01,CU2017,20217,Government & Education,798.7,55.5863,52.2083,45.3229,1.15192,35.6118,0,Lost,Price
Q101987,2025-01-01,CU2086,20024,Marketplace Seller,208.4,34.469,27.9456,27.638,1.01113,22.4013,0,Lost,Price
Q101988,2023-09-01,CU2033,20093,Independent Retailer,79.4,53.3402,51.0749,52.3697,0.97528,27.6536,0,Lost,Price
Q101989,2024-04-01,CU2136,20036,Government & Education,20.0,11.5437,11.4698,9.7676,1.17427,8.0842,0,Lost,Incumbent supplier
Q101990,2023-08-01,CU2136,20029,Government & Education,533.2,35.292,31.724,31.3988,1.01036,18.9097,0,Lost,Price
Q101991,2026-05-01,CU2066,20135,Corporate & B2B Buyer,481.9,58.348,59.515,54.8803,1.08445,23.9164,0,Lost,Specification
Q101992,2023-10-01,CU2046,20175,Marketplace Seller,318.6,16.0001,14.7932,15.9217,0.92912,8.955,1,Won,
Q101993,2025-11-01,CU2087,20190,Sub-Distributor,279.1,36.6516,35.3207,30.6191,1.15355,23.5664,0,Lost,Incumbent supplier
Q101994,2023-09-01,CU2088,20053,Independent Retailer,236.7,18.2392,17.7055,15.147,1.16891,10.8327,0,Lost,Specification
Q101995,2023-07-01,CU2020,20228,Marketplace Seller,650.9,41.0873,36.971,36.0691,1.025,25.7618,0,Lost,Price
Q101996,2024-10-01,CU2062,20239,Independent Retailer,487.9,87.9253,72.8741,80.1639,0.90906,48.1114,1,Won,
Q101997,2024-04-01,CU2001,20220,Subscription Box Operator,127.3,15.9978,13.832,15.5443,0.88984,7.3161,1,Won,
Q101998,2025-10-01,CU2009,20229,Marketplace Seller,567.3,21.7998,19.7057,20.7733,0.94861,14.2311,0,Lost,Price
Q101999,2024-09-01,CU2002,20081,Marketplace Seller,1116.6,63.9641,60.538,58.748,1.03047,40.9026,1,Won,
Q102000,2025-08-01,CU2048,20020,E-commerce Pure-Play,449.8,63.1341,55.2837,64.6804,0.85472,33.4788,1,Won,
Q102001,2026-04-01,CU2098,20187,Subscription Box Operator,149.4,51.0841,46.4894,48.7956,0.95274,27.7212,0,Lost,Price
Q102002,2025-08-01,CU2089,20011,Marketplace Seller,123.1,19.3151,15.6139,15.9581,0.97843,13.4429,1,Won,
Q102003,2026-06-01,CU2106,20032,Sub-Distributor,46.8,17.116,13.4403,13.9725,0.96191,13.303,1,Won,
Q102004,2025-11-01,CU2035,20203,Corporate & B2B Buyer,103.5,17.8179,15.7179,18.0798,0.86936,11.8153,1,Won,
Q102005,2024-03-01,CU2047,20130,Corporate & B2B Buyer,459.7,75.8873,68.2331,74.6803,0.91367,52.5368,0,Lost,Price
Q102006,2025-02-01,CU2008,20002,Independent Retailer,156.7,48.9767,46.4253,40.8257,1.13716,35.0269,0,Lost,Price
Q102007,2023-08-01,CU2118,20138,Regional Retail Chain,53.2,24.8446,21.5881,24.8506,0.86872,14.7349,0,Lost,Lead time
Q102008,2026-06-01,CU2023,20202,E-commerce Pure-Play,252.4,46.9027,39.7055,45.2598,0.87728,26.2624,1,Won,
Q102009,2025-01-01,CU2061,20167,Marketplace Seller,244.3,83.8998,82.4338,87.5696,0.94135,55.3319,0,Lost,Specification
Q102010,2023-12-01,CU2129,20047,Regional Retail Chain,176.5,22.672,20.4679,21.5842,0.94828,14.6622,0,Lost,Specification
Q102011,2026-04-01,CU2055,20029,Marketplace Seller,407.6,37.1982,34.75,31.0475,1.11925,14.5842,0,Lost,Price
Q102012,2026-04-01,CU2113,20103,Independent Retailer,750.0,37.7585,33.1405,34.5664,0.95875,17.4284,1,Won,
Q102013,2024-02-01,CU2083,20056,Marketplace Seller,458.1,42.1984,37.2694,41.4763,0.89857,23.6833,1,Won,
Q102014,2025-10-01,CU2060,20081,Subscription Box Operator,268.1,63.6238,55.5064,61.883,0.89696,36.3524,1,Won,
Q102015,2025-12-01,CU2091,20220,Independent Retailer,433.6,15.9351,11.4798,14.9353,0.76863,7.7587,1,Won,
Q102016,2023-08-01,CU2139,20186,E-commerce Pure-Play,378.3,61.1722,61.6744,51.5541,1.19631,39.8443,0,Lost,Specification
Q102017,2024-04-01,CU2041,20109,Sub-Distributor,212.7,24.3184,21.7618,20.741,1.04922,14.0257,1,Won,
Q102018,2023-09-01,CU2147,20224,Marketplace Seller,316.8,12.969,12.7539,10.7497,1.18644,8.5866,0,Lost,Price
Q102019,2026-05-01,CU2119,20176,Marketplace Seller,359.3,54.8279,48.4112,44.7002,1.08302,27.3903,0,Lost,Lead time
Q102020,2026-05-01,CU2046,20185,Marketplace Seller,95.8,11.9205,10.3415,11.957,0.86489,7.8961,1,Won,
Q102021,2024-01-01,CU2124,20049,Marketplace Seller,529.7,71.2267,61.4351,58.1569,1.05637,34.0799,0,Lost,Price
Q102022,2023-12-01,CU2106,20188,Sub-Distributor,348.5,11.0455,10.449,11.1664,0.93575,6.7846,1,Won,
Q102023,2026-04-01,CU2099,20099,E-commerce Pure-Play,1822.4,68.9696,54.5226,56.6111,0.96311,31.5651,0,Lost,Price
Q102024,2024-03-01,CU2037,20194,Marketplace Seller,335.3,19.0011,15.2591,17.0748,0.89366,12.3808,1,Won,
Q102025,2023-11-01,CU2036,20057,Regional Retail Chain,894.8,45.8742,42.2685,38.804,1.08928,30.7305,0,Lost,Incumbent supplier
Q102026,2024-11-01,CU2143,20141,Sub-Distributor,623.3,45.4035,41.6373,45.9498,0.90615,21.3333,0,Lost,Price
Q102027,2023-09-01,CU2065,20029,Government & Education,1344.1,33.9494,31.9276,32.7273,0.97556,19.1419,1,Won,
Q102028,2026-05-01,CU2017,20216,Government & Education,145.7,41.3841,33.3805,43.5929,0.76573,26.7121,0,Lost,Specification
Q102029,2026-06-01,CU2071,20074,Regional Retail Chain,653.6,40.9523,37.4093,34.3886,1.08784,24.097,1,Won,
Q102030,2025-08-01,CU2023,20201,E-commerce Pure-Play,1334.6,23.8967,20.0817,23.402,0.85812,18.2352,1,Won,
Q102031,2026-05-01,CU2015,20226,Corporate & B2B Buyer,409.2,13.8934,12.6812,13.8968,0.91253,6.5233,0,Lost,Price
Q102032,2023-11-01,CU2120,20004,Independent Retailer,448.7,26.8909,21.6813,24.1357,0.89831,14.7941,1,Won,
Q102033,2025-04-01,CU2032,20202,Sub-Distributor,57.3,46.9027,45.125,47.1723,0.9566,22.3699,1,Won,
Q102034,2026-03-01,CU2085,20063,Government & Education,143.2,96.0678,88.2779,94.6949,0.93223,66.2782,0,Lost,Price
Q102035,2023-12-01,CU2113,20007,Independent Retailer,499.1,21.1492,17.3009,19.473,0.88846,14.6678,0,Lost,Lead time
Q102036,2025-10-01,CU2057,20132,Subscription Box Operator,580.4,8.6253,7.8182,8.0203,0.9748,7.2384,1,Won,
Q102037,2024-05-01,CU2071,20029,Regional Retail Chain,309.1,33.7342,31.5349,32.459,0.97153,18.4609,0,Lost,Specification
Q102038,2024-01-01,CU2100,20076,Independent Retailer,828.7,23.1834,21.2047,22.1145,0.95886,13.0034,0,Lost,Lead time
Q102039,2025-06-01,CU2001,20145,Subscription Box Operator,99.1,17.153,17.4961,16.5321,1.05831,11.1998,1,Won,
Q102040,2025-03-01,CU2078,20029,E-commerce Pure-Play,140.7,34.7227,34.9173,35.5242,0.98291,13.6067,1,Won,
Q102041,2025-02-01,CU2104,20023,Corporate & B2B Buyer,268.9,29.8268,24.0853,26.2716,0.91678,22.7237,1,Won,
Q102042,2023-10-01,CU2080,20077,Government & Education,460.9,199.7719,168.781,161.463,1.04532,107.1295,0,Lost,Specification
Q102043,2025-12-01,CU2012,20169,Government & Education,135.4,21.2604,19.8734,22.1949,0.89541,14.549,1,Won,
Q102044,2023-09-01,CU2105,20235,Marketplace Seller,368.0,64.3268,57.7137,62.7974,0.91905,44.8026,1,Won,
Q102045,2025-09-01,CU2064,20071,Independent Retailer,189.1,73.2626,67.76,72.0931,0.9399,49.2543,1,Won,
Q102046,2023-11-01,CU2115,20033,Sub-Distributor,437.8,12.9592,11.0885,10.7808,1.02854,9.6436,0,Lost,Price
Q102047,2024-04-01,CU2001,20165,Subscription Box Operator,155.1,18.9464,15.5266,15.9217,0.97518,12.1984,0,Lost,Lead time
Q102048,2024-09-01,CU2082,20062,E-commerce Pure-Play,1269.3,51.619,43.6646,45.0885,0.96842,33.3694,1,Won,
Q102049,2024-10-01,CU2107,20187,E-commerce Pure-Play,283.8,38.9602,37.6263,40.7946,0.92234,28.7025,0,Lost,Incumbent supplier
Q102050,2025-09-01,CU2017,20170,Government & Education,130.8,24.4157,23.2469,21.5255,1.07997,12.7328,0,Lost,Lead time
Q102051,2025-06-01,CU2044,20195,Corporate & B2B Buyer,257.1,48.5447,47.0483,48.7598,0.9649,26.7862,0,Lost,Specification
Q102052,2023-08-01,CU2021,20101,Corporate & B2B Buyer,399.3,15.02,14.2714,15.7095,0.90846,7.3424,1,Won,
Q102053,2025-12-01,CU2067,20128,Independent Retailer,139.7,17.3446,16.7172,16.1104,1.03767,11.6626,0,Lost,Price
Q102054,2025-03-01,CU2149,20228,Corporate & B2B Buyer,589.6,48.9327,45.5428,48.0798,0.94723,29.5007,0,Lost,Price
Q102055,2025-02-01,CU2028,20145,Independent Retailer,405.6,16.7682,15.6385,15.7489,0.99299,10.3401,1,Won,
Q102056,2024-07-01,CU2060,20138,Subscription Box Operator,849.0,27.5895,26.4017,24.7523,1.06664,15.0837,1,Won,
Q102057,2024-06-01,CU2109,20085,Subscription Box Operator,265.6,56.1486,47.4955,58.2442,0.81545,29.861,1,Won,
Q102058,2024-02-01,CU2065,20163,Government & Education,371.2,19.832,17.9788,19.4469,0.92451,14.9829,1,Won,
Q102059,2024-09-01,CU2043,20179,Government & Education,224.7,47.1026,41.5778,43.04,0.96603,25.2499,1,Won,
Q102060,2024-10-01,CU2129,20194,Regional Retail Chain,206.3,20.5986,19.1859,20.6765,0.92791,16.4153,1,Won,
Q102061,2024-02-01,CU2023,20221,E-commerce Pure-Play,293.9,23.3019,18.1735,23.7507,0.76518,16.1572,1,Won,
Q102062,2023-09-01,CU2095,20229,Sub-Distributor,176.5,18.7206,16.7056,15.6373,1.06832,11.7489,0,Lost,Price
Q102063,2024-03-01,CU2096,20081,Marketplace Seller,263.0,58.6257,54.8949,61.5073,0.89249,34.6737,1,Won,
Q102064,2023-10-01,CU2049,20042,Independent Retailer,1049.6,94.7461,76.7463,94.634,0.81098,57.2787,1,Won,
Q102065,2024-12-01,CU2042,20059,Corporate & B2B Buyer,892.2,10.2102,9.0641,9.1276,0.99304,6.4394,0,Lost,Lead time
Q102066,2026-04-01,CU2123,20106,Independent Retailer,443.9,23.241,22.8898,18.9007,1.21105,12.0748,0,Lost,Price
Q102067,2023-11-01,CU2032,20098,Sub-Distributor,1258.7,18.8237,18.7453,16.6767,1.12404,14.151,0,Lost,Price
Q102068,2026-04-01,CU2016,20103,Corporate & B2B Buyer,177.7,37.7585,35.0127,39.4365,0.88783,17.4284,1,Won,
Q102069,2026-02-01,CU2133,20206,Marketplace Seller,442.5,77.5146,68.6252,76.5301,0.89671,51.8947,1,Won,
Q102070,2026-01-01,CU2118,20003,Regional Retail Chain,386.1,27.9541,23.4265,29.3057,0.79938,18.6278,1,Won,
Q102071,2023-07-01,CU2137,20188,E-commerce Pure-Play,114.0,10.9337,10.3634,9.7891,1.05866,7.02,0,Lost,Lead time
Q102072,2025-12-01,CU2064,20100,Independent Retailer,1005.3,22.8907,22.0307,21.4792,1.02568,15.4636,0,Lost,Price
Q102073,2025-03-01,CU2118,20054,Regional Retail Chain,303.5,138.67,122.6485,116.1039,1.05637,61.8143,0,Lost,Specification
Q102074,2025-02-01,CU2140,20135,Subscription Box Operator,262.8,65.3003,54.9678,63.3769,0.86732,30.5212,1,Won,
Q102075,2024-03-01,CU2118,20100,Regional Retail Chain,649.2,23.0143,18.6942,18.781,0.99538,16.7088,0,Lost,Price
Q102076,2025-09-01,CU2131,20152,Regional Retail Chain,220.2,23.2431,22.5958,23.7832,0.95007,13.4793,1,Won,
Q102077,2024-07-01,CU2070,20225,Marketplace Seller,2370.5,90.5597,81.6003,73.689,1.10736,45.39,0,Lost,Incumbent supplier
Q102078,2024-03-01,CU2133,20037,Marketplace Seller,137.7,41.1952,36.4988,38.5124,0.94772,23.4273,1,Won,
Q102079,2025-04-01,CU2132,20038,Subscription Box Operator,120.9,84.4282,75.112,76.1529,0.98633,62.4041,1,Won,
Q102080,2024-12-01,CU2090,20230,Sub-Distributor,1164.0,39.653,34.5909,37.8613,0.91362,18.9055,0,Lost,Price
Q102081,2025-09-01,CU2027,20184,Marketplace Seller,93.7,148.3285,132.8614,130.9647,1.01448,102.4023,0,Lost,Lead time
Q102082,2025-01-01,CU2094,20226,Regional Retail Chain,182.8,12.9362,11.4687,13.4453,0.85299,6.588,1,Won,
Q102083,2026-01-01,CU2120,20134,Independent Retailer,1761.6,25.1381,20.2919,25.3358,0.80092,11.1686,1,Won,
Q102084,2024-07-01,CU2050,20189,Marketplace Seller,808.6,12.4575,10.8468,10.9917,0.98681,6.512,1,Won,
Q102085,2026-05-01,CU2130,20169,Corporate & B2B Buyer,216.5,23.5116,22.1904,24.7014,0.89835,16.3222,1,Won,
Q102086,2024-07-01,CU2093,20070,Independent Retailer,259.6,15.8471,13.6339,15.6231,0.87267,11.865,1,Won,
Q102087,2024-03-01,CU2017,20004,Government & Education,302.7,28.6768,23.446,26.0468,0.90015,16.1043,0,Lost,Incumbent supplier
Q102088,2023-08-01,CU2003,20012,Regional Retail Chain,137.3,15.9339,12.896,14.5271,0.88772,8.9822,0,Lost,Price
Q102089,2025-12-01,CU2082,20019,E-commerce Pure-Play,1293.6,9.624,8.4171,8.1995,1.02654,5.4147,0,Lost,Incumbent supplier
Q102090,2023-07-01,CU2095,20206,Sub-Distributor,53.0,47.0707,42.6821,43.915,0.97193,30.196,0,Lost,Price
Q102091,2023-07-01,CU2106,20166,Sub-Distributor,536.0,16.6246,14.9049,14.4816,1.02923,11.1222,1,Won,
Q102092,2024-05-01,CU2131,20019,Regional Retail Chain,283.1,8.5951,7.5891,7.7278,0.98206,4.7908,0,Lost,Price
Q102093,2025-09-01,CU2041,20008,Sub-Distributor,125.0,18.2448,16.7657,15.4434,1.08562,13.1673,0,Lost,Price
Q102094,2023-07-01,CU2068,20004,E-commerce Pure-Play,164.0,26.8909,23.7346,27.4006,0.86621,14.4918,1,Won,
Q102095,2024-01-01,CU2148,20174,Regional Retail Chain,388.0,12.8281,10.7264,13.1509,0.81564,8.9064,0,Lost,Price
Q102096,2023-08-01,CU2079,20059,Marketplace Seller,285.1,8.8756,7.3385,7.5945,0.96629,6.0983,1,Won,
Q102097,2025-08-01,CU2039,20057,Marketplace Seller,121.9,36.6153,31.2625,31.8416,0.98181,24.0478,1,Won,
Q102098,2026-06-01,CU2134,20159,Marketplace Seller,157.6,28.712,27.5782,30.2879,0.91053,19.9357,0,Lost,Price
Q102099,2024-03-01,CU2146,20112,E-commerce Pure-Play,5608.9,43.7766,36.8358,40.6699,0.90572,26.6353,1,Won,
Q102100,2025-10-01,CU2139,20162,E-commerce Pure-Play,333.5,19.8528,18.5638,18.3828,1.00984,8.4823,1,Won,
Q102101,2024-08-01,CU2010,20208,Sub-Distributor,692.2,22.4824,22.932,19.9547,1.1492,13.3933,0,Lost,Incumbent supplier
Q102102,2025-12-01,CU2139,20137,E-commerce Pure-Play,435.8,74.9186,62.8521,60.2917,1.04247,43.5991,1,Won,
Q102103,2024-03-01,CU2028,20008,Independent Retailer,132.4,18.8171,17.6748,17.8105,0.99238,12.3482,0,Lost,Incumbent supplier
Q102104,2024-02-01,CU2034,20142,Marketplace Seller,1027.8,29.7377,24.3826,29.0266,0.84001,18.4599,1,Won,
Q102105,2024-06-01,CU2067,20194,Independent Retailer,181.3,19.0011,15.6645,18.5054,0.84648,14.1983,1,Won,
Q102106,2026-04-01,CU2049,20233,Independent Retailer,235.9,53.8505,47.4824,53.1377,0.89357,29.9226,1,Won,
Q102107,2024-07-01,CU2051,20059,Subscription Box Operator,395.0,10.1048,9.8577,8.2406,1.19623,6.2029,0,Lost,Price
Q102108,2024-08-01,CU2011,20006,Regional Retail Chain,900.6,39.9619,39.5661,33.8495,1.16888,20.2761,0,Lost,Specification
Q102109,2025-05-01,CU2027,20215,Marketplace Seller,506.7,11.8721,11.6393,12.3875,0.9396,7.1162,0,Lost,Price
Q102110,2026-06-01,CU2137,20090,E-commerce Pure-Play,405.6,31.9466,23.4291,29.039,0.80682,27.6804,1,Won,
Q102111,2024-10-01,CU2021,20181,Corporate & B2B Buyer,213.3,16.3287,14.1318,14.3098,0.98757,11.0748,1,Won,
Q102112,2025-04-01,CU2132,20010,Subscription Box Operator,152.2,47.2046,42.0285,45.9724,0.91421,34.4983,0,Lost,Incumbent supplier
Q102113,2026-05-01,CU2122,20011,Marketplace Seller,607.0,21.2674,19.2504,22.4491,0.85751,16.225,1,Won,
Q102114,2025-02-01,CU2144,20002,Marketplace Seller,497.1,48.9767,42.6826,44.4865,0.95945,35.0269,0,Lost,Specification
Q102115,2024-11-01,CU2040,20122,Independent Retailer,377.8,10.5871,8.9149,10.9864,0.81145,6.3317,1,Won,
Q102116,2025-04-01,CU2122,20105,Marketplace Seller,525.7,21.438,16.6388,21.089,0.78898,14.8777,1,Won,
Q102117,2025-03-01,CU2065,20054,Government & Education,104.3,138.67,122.5803,135.5043,0.90462,61.8143,1,Won,
Q102118,2024-03-01,CU2009,20157,Marketplace Seller,90.5,54.4083,47.8108,51.7611,0.92368,41.387,1,Won,
Q102119,2025-07-01,CU2110,20000,Independent Retailer,727.9,58.5689,52.8962,58.9095,0.89792,37.746,1,Won,
Q102120,2024-08-01,CU2118,20133,Regional Retail Chain,398.0,43.5137,36.6711,38.827,0.94447,19.6282,0,Lost,Specification
Q102121,2025-03-01,CU2112,20140,Government & Education,2345.6,244.0777,223.4061,225.5372,0.99055,168.1998,1,Won,
Q102122,2024-11-01,CU2061,20140,Marketplace Seller,296.1,255.7725,208.4779,229.9359,0.90668,166.4537,0,Lost,Incumbent supplier
Q102123,2026-04-01,CU2026,20001,Marketplace Seller,1057.4,19.1349,15.9289,16.1491,0.98637,11.1849,0,Lost,Price
Q102124,2025-03-01,CU2077,20135,Corporate & B2B Buyer,443.1,65.3003,57.368,69.2096,0.8289,30.013,0,Lost,Price
Q102125,2025-02-01,CU2000,20111,Independent Retailer,465.7,39.6685,34.3152,39.1006,0.87761,22.5022,1,Won,
Q102126,2025-09-01,CU2080,20063,Government & Education,223.9,92.5689,81.0669,84.4303,0.96016,65.7081,0,Lost,Lead time
Q102127,2025-11-01,CU2120,20154,Independent Retailer,652.5,48.3333,34.0456,46.2405,0.73627,25.8109,1,Won,
Q102128,2025-03-01,CU2030,20206,Independent Retailer,645.1,51.8403,44.2838,53.145,0.83326,44.3507,1,Won,
Q102129,2023-08-01,CU2068,20021,E-commerce Pure-Play,161.0,45.4993,46.0817,46.9195,0.98214,29.226,0,Lost,Price
Q102130,2026-01-01,CU2130,20052,Corporate & B2B Buyer,32.7,17.0871,14.5473,15.657,0.92913,8.9884,1,Won,
Q102131,2023-09-01,CU2148,20038,Regional Retail Chain,661.7,71.1681,72.5915,62.0767,1.16938,49.5903,0,Lost,Lead time
Q102132,2024-04-01,CU2091,20014,Independent Retailer,233.5,37.0527,30.8058,38.3243,0.80382,17.6594,1,Won,
Q102133,2025-01-01,CU2031,20022,Corporate & B2B Buyer,251.6,44.3117,38.6338,42.3711,0.9118,32.9172,1,Won,
Q102134,2026-03-01,CU2022,20071,Regional Retail Chain,176.3,65.7625,63.567,59.5125,1.06813,38.1169,1,Won,
Q102135,2023-11-01,CU2128,20012,Marketplace Seller,2427.5,15.1957,13.6909,12.6795,1.07977,7.5541,0,Lost,Price
Q102136,2023-07-01,CU2101,20176,Independent Retailer,444.3,46.9443,34.9431,38.0159,0.91917,32.642,1,Won,
Q102137,2024-05-01,CU2125,20118,Marketplace Seller,395.6,84.0652,77.8322,88.6289,0.87818,40.4128,1,Won,
Q102138,2025-04-01,CU2090,20056,Sub-Distributor,1156.8,49.85,45.7947,46.6862,0.9809,32.5886,0,Lost,Price
Q102139,2024-01-01,CU2024,20169,Corporate & B2B Buyer,142.2,25.2739,23.6451,25.6176,0.923,16.9012,0,Lost,Specification
Q102140,2024-07-01,CU2070,20160,Marketplace Seller,867.9,14.2896,12.8988,13.8022,0.93455,8.1255,1,Won,
Q102141,2024-09-01,CU2134,20009,Marketplace Seller,200.8,27.3662,22.1444,25.4654,0.86959,14.0116,1,Won,
Q102142,2025-10-01,CU2088,20164,Independent Retailer,380.0,52.2241,41.7861,47.4967,0.87977,34.5729,1,Won,
Q102143,2024-01-01,CU2140,20206,Subscription Box Operator,446.7,47.863,40.4231,39.6764,1.01882,33.8004,0,Lost,Price
Q102144,2024-01-01,CU2091,20202,Independent Retailer,812.1,46.9027,45.984,38.2009,1.20374,31.1752,0,Lost,Specification
Q102145,2025-04-01,CU2038,20142,Marketplace Seller,273.5,28.6262,23.5111,29.8357,0.78802,20.4568,1,Won,
Q102146,2024-11-01,CU2098,20169,Subscription Box Operator,168.7,21.0143,19.8695,17.8313,1.1143,12.8299,1,Won,
Q102147,2025-02-01,CU2004,20079,Independent Retailer,845.7,10.2823,9.3037,8.3206,1.11815,7.4626,0,Lost,Incumbent supplier
Q102148,2023-07-01,CU2133,20227,Marketplace Seller,1709.9,39.85,36.3105,35.017,1.03694,25.2984,0,Lost,Price
Q102149,2023-12-01,CU2002,20063,Marketplace Seller,310.6,90.3471,76.1103,77.6684,0.97994,52.2543,0,Lost,Price
Q102150,2025-10-01,CU2076,20058,Government & Education,377.7,27.2399,23.0477,22.0542,1.04505,23.3739,0,Lost,Price
Q102151,2025-11-01,CU2045,20012,Subscription Box Operator,1067.3,17.1309,16.2665,14.3614,1.13265,5.5929,0,Lost,Incumbent supplier
Q102152,2023-11-01,CU2033,20218,Independent Retailer,157.8,44.4433,42.3437,45.6718,0.92713,22.0741,1,Won,
Q102153,2023-11-01,CU2063,20042,Sub-Distributor,401.8,92.962,72.1839,98.4659,0.73309,57.1503,1,Won,
Q102154,2024-02-01,CU2138,20025,Marketplace Seller,111.0,43.945,37.1646,40.7533,0.91194,32.9054,1,Won,
Q102155,2024-11-01,CU2043,20074,Government & Education,962.2,46.5718,39.4111,41.0933,0.95906,28.5378,0,Lost,Incumbent supplier
Q102156,2024-02-01,CU2071,20234,Regional Retail Chain,422.5,35.748,30.8609,36.3264,0.84955,24.313,1,Won,
Q102157,2024-11-01,CU2027,20017,Marketplace Seller,1042.9,28.1967,28.1475,28.1864,0.99862,17.4388,0,Lost,Incumbent supplier
Q102158,2024-10-01,CU2003,20167,Regional Retail Chain,722.0,80.8206,72.3255,65.2135,1.10906,51.6816,0,Lost,Price
Q102159,2026-01-01,CU2047,20038,Corporate & B2B Buyer,402.6,72.1206,60.5659,66.2116,0.91473,58.7554,0,Lost,Price
Q102160,2025-03-01,CU2084,20089,Marketplace Seller,1505.6,73.8269,73.2979,78.203,0.93728,54.5423,1,Won,
Q102161,2025-03-01,CU2021,20019,Corporate & B2B Buyer,499.4,8.4154,7.9307,8.8121,0.89998,4.9341,0,Lost,Price
Q102162,2025-10-01,CU2074,20207,Corporate & B2B Buyer,715.7,12.7584,10.6266,11.3974,0.93237,7.356,0,Lost,Price
Q102163,2026-02-01,CU2073,20231,Marketplace Seller,531.4,44.5225,38.6798,39.9044,0.96931,17.5938,1,Won,
Q102164,2024-08-01,CU2090,20128,Sub-Distributor,159.1,11.9804,10.6133,11.2147,0.94637,8.8997,1,Won,
Q102165,2025-07-01,CU2000,20084,Independent Retailer,198.4,20.4167,18.7077,16.6616,1.1228,12.1553,1,Won,
Q102166,2026-01-01,CU2057,20217,Subscription Box Operator,78.3,48.8945,42.7412,47.5626,0.89863,35.9303,0,Lost,Incumbent supplier
Q102167,2025-05-01,CU2098,20075,Subscription Box Operator,537.8,20.6846,18.1502,18.205,0.99699,11.4568,1,Won,
Q102168,2025-03-01,CU2030,20129,Independent Retailer,592.1,20.3389,19.5804,17.0045,1.15148,12.9202,0,Lost,Incumbent supplier
Q102169,2023-09-01,CU2063,20232,Sub-Distributor,487.4,47.5107,33.9104,43.1126,0.78655,35.5274,1,Won,
Q102170,2024-06-01,CU2131,20168,Regional Retail Chain,392.4,16.8263,15.6755,15.8714,0.98765,10.8197,0,Lost,Price
Q102171,2025-04-01,CU2128,20090,Marketplace Seller,719.8,31.9466,26.9905,28.5557,0.94519,24.419,1,Won,
Q102172,2025-09-01,CU2043,20183,Government & Education,275.4,84.265,71.5901,68.381,1.04693,47.4737,0,Lost,Specification
Q102173,2026-03-01,CU2035,20153,Corporate & B2B Buyer,503.4,25.2388,22.2633,25.4273,0.87557,14.7763,1,Won,
Q102174,2025-01-01,CU2122,20225,Marketplace Seller,1425.5,93.3117,82.122,78.1965,1.0502,40.8504,0,Lost,Price
Q102175,2023-07-01,CU2043,20145,Government & Education,469.6,15.5603,12.5858,12.5753,1.00083,8.3526,1,Won,
Q102176,2025-12-01,CU2114,20045,Corporate & B2B Buyer,203.0,20.8726,21.2901,20.5158,1.03774,15.423,0,Lost,Price
Q102177,2024-10-01,CU2098,20076,Subscription Box Operator,67.7,23.1834,22.5483,21.4756,1.04995,13.2743,0,Lost,Price
Q102178,2024-05-01,CU2065,20173,Government & Education,516.6,27.1328,23.4646,27.6413,0.8489,22.4598,0,Lost,Incumbent supplier
Q102179,2026-03-01,CU2073,20083,Marketplace Seller,86.7,47.8377,40.694,40.0074,1.01716,29.0515,1,Won,
Q102180,2025-02-01,CU2135,20031,Sub-Distributor,232.2,6.9319,6.2565,6.5892,0.94951,4.607,1,Won,
Q102181,2025-12-01,CU2118,20170,Regional Retail Chain,679.6,26.2846,22.2963,25.1961,0.88491,12.7021,1,Won,
Q102182,2023-09-01,CU2051,20122,Subscription Box Operator,455.5,9.5588,9.131,8.3892,1.08842,5.7901,1,Won,
Q102183,2026-04-01,CU2033,20128,Independent Retailer,193.9,16.2723,12.9552,15.5366,0.83385,12.921,1,Won,
Q102184,2025-03-01,CU2147,20107,Marketplace Seller,980.4,51.1583,47.8998,49.8917,0.96008,31.834,1,Won,
Q102185,2025-12-01,CU2125,20237,Marketplace Seller,757.9,55.1775,40.6638,44.9262,0.90512,33.5712,1,Won,
Q102186,2025-10-01,CU2022,20193,Regional Retail Chain,297.9,43.6001,43.0754,39.489,1.09082,34.6112,0,Lost,Lead time
Q102187,2024-07-01,CU2041,20074,Sub-Distributor,70.0,48.6415,44.8238,39.946,1.12211,26.1787,0,Lost,Price
Q102188,2025-02-01,CU2062,20145,Independent Retailer,619.6,16.7682,13.6816,14.6567,0.93347,10.3401,0,Lost,Lead time
Q102189,2024-04-01,CU2041,20019,Sub-Distributor,1002.4,8.4505,8.2097,8.2058,1.00048,4.5324,0,Lost,Specification
Q102190,2024-07-01,CU2112,20064,Government & Education,662.6,43.7563,35.5275,36.9588,0.96127,28.7493,1,Won,
Q102191,2026-03-01,CU2129,20207,Regional Retail Chain,459.8,13.0406,11.1775,11.0916,1.00775,7.8336,1,Won,
Q102192,2025-02-01,CU2048,20022,E-commerce Pure-Play,268.8,44.3117,43.6473,40.7842,1.0702,32.9994,0,Lost,Price
Q102193,2024-10-01,CU2143,20056,Sub-Distributor,301.9,47.9107,41.9639,38.7405,1.0832,29.3522,0,Lost,Price
Q102194,2023-12-01,CU2124,20205,Marketplace Seller,135.9,20.3175,18.2252,16.4266,1.10949,12.0664,0,Lost,Lead time
Q102195,2025-06-01,CU2023,20087,E-commerce Pure-Play,1191.6,27.7601,21.1392,24.4745,0.86372,25.1384,1,Won,
Q102196,2025-01-01,CU2075,20067,Independent Retailer,75.1,9.0644,8.187,7.5927,1.07827,4.9278,1,Won,
Q102197,2025-08-01,CU2040,20081,Independent Retailer,228.7,61.4076,53.4336,61.8162,0.86439,38.2728,1,Won,
Q102198,2024-12-01,CU2074,20108,Corporate & B2B Buyer,816.0,25.5996,23.1781,22.1177,1.04795,15.273,1,Won,
Q102199,2025-12-01,CU2058,20039,Corporate & B2B Buyer,217.0,81.5405,74.8328,66.3581,1.12771,48.232,0,Lost,Price
Q102200,2025-01-01,CU2099,20182,E-commerce Pure-Play,611.1,35.5345,27.5073,35.9469,0.76522,25.8678,1,Won,
Q102201,2023-10-01,CU2003,20024,Regional Retail Chain,548.9,41.2055,36.583,43.5684,0.83967,28.0547,1,Won,
Q102202,2025-12-01,CU2037,20062,Marketplace Seller,233.5,44.8365,41.2971,40.8293,1.01146,38.7816,1,Won,
Q102203,2023-07-01,CU2126,20009,Marketplace Seller,54.9,24.9882,21.0646,23.5785,0.89338,13.8331,0,Lost,Price
Q102204,2025-12-01,CU2079,20181,Marketplace Seller,283.8,18.0404,13.818,16.1274,0.8568,11.2687,1,Won,
Q102205,2024-01-01,CU2016,20134,Corporate & B2B Buyer,1404.1,24.7093,22.4863,23.6735,0.94985,11.8817,0,Lost,Price
Q102206,2024-01-01,CU2095,20042,Sub-Distributor,625.5,92.962,71.5013,78.7268,0.90822,53.9141,1,Won,
Q102207,2025-08-01,CU2107,20164,E-commerce Pure-Play,217.3,54.6384,44.0038,56.2675,0.78205,40.7102,1,Won,
Q102208,2026-05-01,CU2059,20184,Independent Retailer,533.2,106.9774,90.8316,112.6664,0.8062,78.2916,0,Lost,Price
Q102209,2023-11-01,CU2114,20171,Corporate & B2B Buyer,2097.0,45.7236,39.8828,41.7681,0.95486,30.6181,0,Lost,Price
Q102210,2023-09-01,CU2090,20229,Sub-Distributor,418.2,18.7206,18.3687,15.2483,1.20463,11.7489,0,Lost,Price
Q102211,2024-12-01,CU2012,20088,Government & Education,981.2,17.8359,16.2282,16.9796,0.95575,11.2874,1,Won,
Q102212,2026-05-01,CU2011,20175,Regional Retail Chain,280.8,15.3091,13.5525,13.7624,0.98475,9.4514,1,Won,
Q102213,2024-09-01,CU2071,20200,Regional Retail Chain,893.4,18.7391,17.7582,17.1981,1.03257,13.5888,1,Won,
Q102214,2024-01-01,CU2008,20012,Independent Retailer,210.1,15.1957,12.9969,14.0884,0.92252,7.6265,1,Won,
Q102215,2026-05-01,CU2027,20234,Marketplace Seller,79.9,35.4738,32.4394,31.7347,1.02221,26.1204,0,Lost,Price
Q102216,2024-05-01,CU2044,20192,Corporate & B2B Buyer,20.0,21.8605,20.3706,21.2733,0.95756,13.2628,0,Lost,Price
Q102217,2024-10-01,CU2130,20051,Corporate & B2B Buyer,399.0,70.6858,66.049,58.2354,1.13417,41.3361,0,Lost,Price
Q102218,2023-11-01,CU2107,20112,E-commerce Pure-Play,86.4,43.7766,42.1552,46.1547,0.91334,26.2117,1,Won,
Q102219,2024-02-01,CU2035,20083,Corporate & B2B Buyer,107.2,56.4653,48.6633,59.4085,0.81913,29.2814,0,Lost,Specification
Q102220,2026-03-01,CU2099,20084,E-commerce Pure-Play,482.9,19.7454,18.424,17.9434,1.02678,8.6767,1,Won,
Q102221,2025-01-01,CU2076,20186,Government & Education,859.7,76.9156,67.0201,67.707,0.98985,43.197,1,Won,
Q102222,2025-04-01,CU2081,20210,Regional Retail Chain,263.7,38.7052,33.6741,39.5954,0.85045,27.3145,1,Won,
Q102223,2023-07-01,CU2003,20149,Regional Retail Chain,92.8,52.9775,45.9723,52.4411,0.87665,33.1672,1,Won,
Q102224,2026-03-01,CU2033,20222,Independent Retailer,157.2,24.0219,22.9162,24.9275,0.91931,14.5864,0,Lost,Incumbent supplier
Q102225,2024-01-01,CU2098,20238,Subscription Box Operator,614.1,14.3487,11.5294,12.1826,0.94638,9.6485,0,Lost,Incumbent supplier
Q102226,2025-07-01,CU2145,20219,Regional Retail Chain,969.5,12.1417,9.869,10.0935,0.97776,6.1761,1,Won,
Q102227,2025-04-01,CU2069,20213,E-commerce Pure-Play,786.2,39.2202,33.6673,34.3174,0.98106,27.1539,1,Won,
Q102228,2026-05-01,CU2073,20127,Marketplace Seller,75.5,46.1202,42.865,47.78,0.89713,37.7802,1,Won,
Q102229,2025-10-01,CU2131,20080,Regional Retail Chain,84.1,25.4341,24.0085,23.1332,1.03784,14.4812,1,Won,
Q102230,2024-03-01,CU2033,20068,Independent Retailer,393.5,21.5255,17.9359,18.496,0.96972,14.238,0,Lost,Price
Q102231,2024-06-01,CU2068,20143,E-commerce Pure-Play,417.0,64.7116,54.9207,55.8877,0.9827,34.5229,0,Lost,Price
Q102232,2025-12-01,CU2005,20005,Independent Retailer,1545.0,37.8903,30.6474,37.7104,0.81271,18.6293,1,Won,
Q102233,2026-06-01,CU2116,20139,Independent Retailer,952.5,12.736,11.6538,13.0156,0.89537,8.6129,0,Lost,Price
Q102234,2025-09-01,CU2025,20023,E-commerce Pure-Play,104.2,31.4912,26.9948,33.1609,0.81405,20.4528,1,Won,
Q102235,2026-04-01,CU2015,20006,Corporate & B2B Buyer,87.0,39.9216,36.4747,40.3699,0.90351,20.3464,1,Won,
Q102236,2024-09-01,CU2033,20000,Independent Retailer,213.3,62.5945,61.5363,60.0715,1.02439,36.2449,1,Won,
Q102237,2024-08-01,CU2090,20210,Sub-Distributor,584.0,43.9465,39.3895,38.5845,1.02086,26.2572,0,Lost,Specification
Q102238,2024-02-01,CU2100,20148,Independent Retailer,262.6,67.3491,60.6415,56.6906,1.06969,41.5243,1,Won,
Q102239,2026-06-01,CU2096,20093,Marketplace Seller,508.1,61.7863,57.6007,53.0724,1.08532,32.9752,1,Won,
Q102240,2025-05-01,CU2012,20073,Government & Education,513.8,21.6086,21.4639,21.2403,1.01053,17.0088,0,Lost,Price
Q102241,2023-09-01,CU2136,20228,Government & Education,192.4,41.451,34.5884,34.8399,0.99278,25.8694,0,Lost,Specification
Q102242,2026-05-01,CU2000,20149,Independent Retailer,70.9,66.6754,61.6228,66.8824,0.92136,37.6219,1,Won,
Q102243,2024-11-01,CU2040,20141,Independent Retailer,846.9,45.4035,41.609,36.9108,1.12729,21.3333,1,Won,
Q102244,2025-09-01,CU2080,20176,Government & Education,155.8,48.4206,39.9495,48.9201,0.81663,24.6458,1,Won,
Q102245,2026-02-01,CU2115,20166,Sub-Distributor,165.3,14.4892,12.6269,11.6994,1.07928,11.7169,0,Lost,Specification
Q102246,2026-02-01,CU2108,20123,Sub-Distributor,465.6,11.0797,10.9473,9.1599,1.19513,6.1584,1,Won,
Q102247,2023-12-01,CU2081,20125,Regional Retail Chain,255.5,14.6716,12.9942,12.9045,1.00695,10.7095,1,Won,
Q102248,2024-06-01,CU2021,20048,Corporate & B2B Buyer,423.6,75.9837,62.2859,74.4383,0.83675,58.7207,1,Won,
Q102249,2026-04-01,CU2126,20132,Marketplace Seller,153.3,9.0007,8.2921,8.2747,1.0021,6.8984,0,Lost,Specification
Q102250,2024-06-01,CU2049,20152,Independent Retailer,407.3,20.2112,20.1663,18.8848,1.06785,11.2637,1,Won,
Q102251,2025-12-01,CU2097,20162,Subscription Box Operator,337.4,19.8528,15.5048,19.685,0.78764,8.0891,1,Won,
Q102252,2025-06-01,CU2049,20150,Independent Retailer,695.4,25.486,20.4976,21.0061,0.97579,14.0233,0,Lost,Price
Q102253,2023-11-01,CU2147,20004,Marketplace Seller,759.9,26.8909,25.3038,22.5577,1.12174,14.7941,0,Lost,Price
Q102254,2024-12-01,CU2121,20013,Corporate & B2B Buyer,507.9,77.5896,70.3548,81.5835,0.86237,49.4208,1,Won,
Q102255,2023-12-01,CU2047,20080,Corporate & B2B Buyer,576.9,29.4847,26.4774,25.5068,1.03805,22.3151,1,Won,
Q102256,2024-02-01,CU2091,20169,Independent Retailer,519.5,25.2739,22.7314,24.5844,0.92463,16.6232,0,Lost,Specification
Q102257,2025-09-01,CU2104,20181,Corporate & B2B Buyer,453.7,17.3456,15.522,17.3888,0.89264,11.9175,1,Won,
Q102258,2023-11-01,CU2063,20067,Sub-Distributor,133.6,8.934,8.7726,8.45,1.03818,4.5621,0,Lost,Price
Q102259,2024-05-01,CU2008,20214,Independent Retailer,229.5,17.3121,14.8004,15.5777,0.9501,12.4732,1,Won,
Q102260,2024-11-01,CU2012,20178,Government & Education,303.3,23.5067,16.7542,24.3199,0.68891,18.483,1,Won,
Q102261,2025-02-01,CU2046,20228,Marketplace Seller,648.9,48.9327,41.5501,47.0573,0.88297,27.9904,1,Won,
Q102262,2026-05-01,CU2117,20199,Marketplace Seller,723.4,15.0327,14.3971,14.3732,1.00166,12.2004,0,Lost,Specification
Q102263,2024-05-01,CU2003,20087,Regional Retail Chain,1677.7,28.4527,25.4205,25.4521,0.99876,21.0935,1,Won,
Q102264,2024-06-01,CU2005,20236,Independent Retailer,149.3,44.4866,37.8293,37.679,1.00399,27.3897,1,Won,
Q102265,2023-08-01,CU2087,20187,Sub-Distributor,272.0,36.8233,28.0488,35.5897,0.78812,25.0636,1,Won,
Q102266,2024-02-01,CU2108,20222,Sub-Distributor,81.8,28.0954,25.4666,25.8983,0.98333,17.7396,0,Lost,Specification
Q102267,2024-04-01,CU2143,20061,Sub-Distributor,646.7,23.3185,18.1796,23.9303,0.75969,11.255,1,Won,
Q102268,2025-09-01,CU2019,20210,E-commerce Pure-Play,154.7,44.3103,35.3778,38.6659,0.91496,31.9753,1,Won,
Q102269,2023-10-01,CU2072,20104,Marketplace Seller,495.2,11.6764,10.4372,9.5809,1.08938,6.9104,0,Lost,Price
Q102270,2023-11-01,CU2077,20036,Corporate & B2B Buyer,34.9,11.8384,11.2197,9.9775,1.1245,8.2849,1,Won,
Q102271,2023-11-01,CU2104,20002,Corporate & B2B Buyer,70.3,55.6316,55.3766,47.8181,1.15807,37.1109,0,Lost,Price
Q102272,2025-05-01,CU2123,20164,Independent Retailer,66.7,54.2264,43.3148,49.0938,0.88229,41.6771,0,Lost,Price
Q102273,2023-08-01,CU2038,20152,Marketplace Seller,134.3,20.423,17.5333,19.0312,0.92129,12.0238,1,Won,
Q102274,2024-03-01,CU2098,20176,Subscription Box Operator,401.3,46.4061,38.2579,44.5378,0.859,32.716,1,Won,
Q102275,2023-07-01,CU2025,20030,E-commerce Pure-Play,750.0,14.1654,11.9282,11.5858,1.02955,9.1105,0,Lost,Price
Q102276,2025-02-01,CU2035,20152,Corporate & B2B Buyer,58.7,22.0447,20.9433,20.6538,1.01402,11.1601,0,Lost,Price
Q102277,2024-08-01,CU2027,20162,Marketplace Seller,591.1,15.756,14.3941,13.1952,1.09086,7.5781,0,Lost,Price
Q102278,2024-05-01,CU2070,20031,Marketplace Seller,170.7,6.4158,6.2642,6.1334,1.02132,4.0306,0,Lost,Specification
Q102279,2024-07-01,CU2137,20038,E-commerce Pure-Play,388.3,86.087,87.0872,69.4584,1.2538,61.9203,0,Lost,Lead time
Q102280,2024-06-01,CU2098,20062,Subscription Box Operator,46.7,49.5818,39.0062,45.1985,0.863,30.8269,1,Won,
Q102281,2025-05-01,CU2052,20160,Marketplace Seller,372.3,14.7821,13.8536,14.9181,0.92865,8.6193,0,Lost,Price
Q102282,2024-07-01,CU2094,20109,Regional Retail Chain,337.6,26.5056,23.791,26.5922,0.89466,14.5545,1,Won,
Q102283,2024-04-01,CU2130,20174,Corporate & B2B Buyer,120.0,12.8281,11.4125,12.596,0.90604,8.8314,1,Won,
Q102284,2025-11-01,CU2024,20026,Corporate & B2B Buyer,397.5,40.1951,32.3135,33.531,0.96369,26.6231,0,Lost,Incumbent supplier
Q102285,2024-04-01,CU2031,20007,Corporate & B2B Buyer,643.4,20.8679,17.9053,19.8236,0.90324,15.2899,1,Won,
Q102286,2025-10-01,CU2139,20015,E-commerce Pure-Play,1685.9,12.2708,11.4439,11.4162,1.00243,8.414,0,Lost,Specification
Q102287,2023-12-01,CU2075,20213,Independent Retailer,205.9,38.4785,33.6849,38.0598,0.88505,20.4988,1,Won,
Q102288,2024-09-01,CU2036,20126,Regional Retail Chain,1355.9,51.6955,52.1296,42.4101,1.22918,30.5101,0,Lost,Price
Q102289,2025-09-01,CU2144,20001,Marketplace Seller,962.8,18.7976,16.1586,19.479,0.82954,10.6045,1,Won,
Q102290,2024-04-01,CU2117,20022,Marketplace Seller,160.9,55.3245,52.1543,57.0422,0.91431,37.7482,1,Won,
Q102291,2026-06-01,CU2132,20059,Subscription Box Operator,648.4,12.0681,10.7441,9.995,1.07494,9.4299,0,Lost,Incumbent supplier
Q102292,2024-08-01,CU2067,20178,Independent Retailer,703.7,29.0008,26.4961,29.5523,0.89658,19.8593,1,Won,
Q102293,2025-02-01,CU2093,20152,Independent Retailer,586.8,22.0447,21.3331,18.9161,1.12777,11.1601,0,Lost,Specification
Q102294,2025-01-01,CU2046,20093,Marketplace Seller,291.5,56.0758,46.5637,50.4451,0.92306,27.0682,1,Won,
Q102295,2025-04-01,CU2025,20109,E-commerce Pure-Play,106.8,26.4942,23.9081,26.169,0.9136,13.5002,1,Won,
Q102296,2025-07-01,CU2123,20045,Independent Retailer,132.6,19.633,16.7044,20.0885,0.83154,14.6925,0,Lost,Incumbent supplier
Q102297,2025-11-01,CU2009,20123,Marketplace Seller,304.0,10.8342,11.0048,10.0279,1.09741,5.7336,0,Lost,Price
Q102298,2024-08-01,CU2049,20170,Independent Retailer,972.6,17.4541,14.8061,16.1556,0.91647,10.4785,1,Won,
Q102299,2026-01-01,CU2009,20102,Marketplace Seller,251.4,56.873,55.68,56.9761,0.97725,34.2676,0,Lost,Incumbent supplier
Q102300,2025-07-01,CU2084,20132,Marketplace Seller,657.1,9.2507,8.3964,8.5895,0.97752,7.3828,0,Lost,Price
Q102301,2026-06-01,CU2110,20033,Independent Retailer,338.0,17.0921,16.2359,13.9682,1.16235,11.7219,0,Lost,Incumbent supplier
Q102302,2025-09-01,CU2024,20059,Corporate & B2B Buyer,2001.1,11.0386,10.6285,9.1534,1.16116,8.0616,0,Lost,Lead time
Q102303,2026-03-01,CU2042,20096,Corporate & B2B Buyer,633.7,8.6802,7.0432,7.1335,0.98735,6.4254,1,Won,
Q102304,2026-04-01,CU2036,20138,Regional Retail Chain,132.6,28.256,22.9412,24.8164,0.92444,15.3303,1,Won,
Q102305,2024-04-01,CU2101,20109,Independent Retailer,1844.5,24.3184,20.428,25.7545,0.79318,14.0257,1,Won,
Q102306,2025-02-01,CU2089,20158,Marketplace Seller,164.7,32.1229,27.8829,27.9008,0.99936,26.0047,0,Lost,Price
Q102307,2024-09-01,CU2041,20191,Sub-Distributor,261.4,42.8575,39.4931,39.5743,0.99795,34.3331,1,Won,
Q102308,2023-11-01,CU2118,20037,Regional Retail Chain,857.3,40.4275,36.1605,34.3213,1.05359,25.2269,0,Lost,Price
Q102309,2023-12-01,CU2024,20139,Corporate & B2B Buyer,1219.1,10.5103,9.2025,10.6678,0.86265,6.201,1,Won,
Q102310,2024-12-01,CU2112,20060,Government & Education,294.4,25.8172,24.2451,24.7212,0.98074,16.8231,1,Won,
Q102311,2024-03-01,CU2079,20045,Marketplace Seller,589.6,16.6102,14.4108,16.8725,0.8541,12.3746,1,Won,
Q102312,2025-06-01,CU2100,20096,Independent Retailer,200.1,9.295,8.4564,7.8397,1.07866,5.7578,0,Lost,Price
Q102313,2025-01-01,CU2074,20141,Corporate & B2B Buyer,176.3,43.5371,38.6622,43.8448,0.8818,21.9562,0,Lost,Price
Q102314,2025-01-01,CU2012,20054,Government & Education,308.4,134.7786,120.2513,140.3531,0.85678,65.0905,1,Won,
Q102315,2024-08-01,CU2039,20045,Marketplace Seller,116.4,18.4836,14.581,18.2459,0.79914,14.2612,1,Won,
Q102316,2024-01-01,CU2014,20145,Marketplace Seller,778.5,15.3185,14.9283,15.1888,0.98285,8.4922,1,Won,
Q102317,2024-04-01,CU2113,20170,Independent Retailer,149.7,17.2014,17.3741,16.5048,1.05267,10.0115,0,Lost,Price
Q102318,2026-06-01,CU2058,20103,Corporate & B2B Buyer,56.8,37.7585,31.7659,34.8855,0.91058,17.4117,0,Lost,Specification
Q102319,2023-08-01,CU2003,20181,Regional Retail Chain,859.1,15.2291,15.5337,14.1105,1.10086,9.8731,0,Lost,Price
Q102320,2026-04-01,CU2082,20103,E-commerce Pure-Play,754.1,37.7585,34.8473,38.4237,0.90692,17.4284,1,Won,
Q102321,2026-03-01,CU2131,20092,Regional Retail Chain,258.9,37.554,32.4762,38.0372,0.8538,25.8516,0,Lost,Incumbent supplier
Q102322,2025-07-01,CU2080,20156,Government & Education,975.1,72.7494,62.7634,59.021,1.06341,48.9329,0,Lost,Price
Q102323,2024-06-01,CU2040,20011,Independent Retailer,271.9,24.1398,20.9614,20.7645,1.00948,18.2893,1,Won,
Q102324,2025-11-01,CU2101,20034,Independent Retailer,508.2,86.9242,76.7658,76.3474,1.00548,48.7835,0,Lost,Specification
Q102325,2025-03-01,CU2128,20113,Marketplace Seller,396.5,37.2597,30.1625,31.6378,0.95337,24.9135,1,Won,
Q102326,2026-01-01,CU2016,20001,Corporate & B2B Buyer,771.8,17.59,17.9418,17.3054,1.03678,11.5972,1,Won,
Q102327,2026-05-01,CU2052,20036,Marketplace Seller,1140.3,11.7053,10.7169,10.9762,0.97637,8.1364,1,Won,
Q102328,2023-12-01,CU2000,20057,Independent Retailer,177.1,45.7562,40.9628,43.4073,0.94369,31.5464,0,Lost,Specification
Q102329,2026-06-01,CU2100,20059,Independent Retailer,715.5,12.0681,10.8034,11.5935,0.93185,9.4299,1,Won,
Q102330,2025-03-01,CU2113,20063,Independent Retailer,749.0,90.6802,80.2207,73.659,1.08908,67.1246,0,Lost,Incumbent supplier
Q102331,2024-06-01,CU2019,20079,E-commerce Pure-Play,165.9,11.9409,10.4846,10.7971,0.97106,8.8822,1,Won,
Q102332,2026-05-01,CU2146,20067,E-commerce Pure-Play,429.7,10.5402,8.9656,9.8111,0.91382,6.1933,1,Won,
Q102333,2024-08-01,CU2106,20020,Sub-Distributor,136.3,56.5018,51.4523,50.2776,1.02336,34.1511,1,Won,
Q102334,2023-09-01,CU2005,20048,Independent Retailer,420.7,75.9837,68.5917,68.1643,1.00627,51.12,0,Lost,Incumbent supplier
Q102335,2026-04-01,CU2140,20012,Subscription Box Operator,670.9,16.7165,14.4351,14.2416,1.01358,6.1079,1,Won,
Q102336,2024-09-01,CU2076,20075,Government & Education,188.0,20.6995,18.6264,17.2548,1.07949,12.2048,1,Won,
Q102337,2023-12-01,CU2083,20220,Marketplace Seller,208.8,16.6396,12.9011,15.223,0.84747,7.8158,1,Won,
Q102338,2025-04-01,CU2024,20086,Corporate & B2B Buyer,817.5,49.0803,42.1598,51.8932,0.81243,21.288,1,Won,
Q102339,2026-01-01,CU2023,20106,E-commerce Pure-Play,892.8,19.518,16.5001,20.6172,0.80031,12.4214,1,Won,
Q102340,2025-06-01,CU2123,20208,Independent Retailer,132.5,24.7639,20.5314,24.1798,0.84911,12.8728,1,Won,
Q102341,2023-11-01,CU2014,20173,Marketplace Seller,279.6,30.8845,26.1677,28.5178,0.91759,22.1103,1,Won,
Q102342,2024-08-01,CU2028,20109,Independent Retailer,543.4,26.5056,20.7742,22.2829,0.93229,15.056,0,Lost,Specification
Q102343,2025-07-01,CU2017,20119,Government & Education,508.3,45.4609,46.3701,36.48,1.27111,26.0403,1,Won,
Q102344,2024-02-01,CU2039,20164,Marketplace Seller,111.6,50.2923,47.3697,52.1507,0.90832,42.1215,1,Won,
Q102345,2025-01-01,CU2085,20037,Government & Education,228.6,34.792,31.7951,34.0757,0.93308,19.0084,0,Lost,Price
Q102346,2023-08-01,CU2145,20097,Regional Retail Chain,146.9,66.0164,54.0721,68.5391,0.78892,36.6971,1,Won,
Q102347,2025-02-01,CU2109,20106,Subscription Box Operator,549.9,20.3111,18.5572,17.4416,1.06396,11.8775,0,Lost,Specification
Q102348,2025-10-01,CU2020,20168,Marketplace Seller,65.3,16.8263,16.2244,14.671,1.10588,12.8633,0,Lost,Price
Q102349,2024-12-01,CU2127,20049,Corporate & B2B Buyer,1126.3,75.0118,74.1953,69.7904,1.06312,37.7533,0,Lost,Price
Q102350,2026-05-01,CU2011,20014,Regional Retail Chain,256.6,39.136,37.7812,38.0729,0.99234,17.5604,0,Lost,Specification
Q102351,2024-09-01,CU2014,20227,Marketplace Seller,279.7,38.3155,33.0149,40.344,0.81834,22.9568,1,Won,
Q102352,2026-02-01,CU2079,20216,Marketplace Seller,203.9,41.3841,41.9888,43.1669,0.97271,25.2409,0,Lost,Specification
Q102353,2025-10-01,CU2126,20118,Marketplace Seller,856.2,75.2024,67.5518,77.4194,0.87254,47.2924,1,Won,
Q102354,2026-05-01,CU2110,20209,Independent Retailer,129.8,16.1262,14.7158,14.0717,1.04578,10.4701,0,Lost,Price
Q102355,2026-03-01,CU2048,20099,E-commerce Pure-Play,1339.6,69.7055,68.4798,69.0814,0.99129,33.0921,0,Lost,Specification
Q102356,2025-05-01,CU2048,20225,E-commerce Pure-Play,272.2,99.4034,93.2923,90.9703,1.02553,44.9774,0,Lost,Incumbent supplier
Q102357,2024-12-01,CU2012,20002,Government & Education,494.5,53.3806,49.3273,56.0586,0.87992,35.301,0,Lost,Incumbent supplier
Q102358,2023-08-01,CU2139,20125,E-commerce Pure-Play,229.8,14.6716,13.0535,13.2882,0.98234,10.3625,0,Lost,Price
Q102359,2026-05-01,CU2125,20178,Marketplace Seller,357.6,26.1913,20.3539,25.3178,0.80393,22.7269,1,Won,
Q102360,2023-12-01,CU2118,20096,Regional Retail Chain,650.9,10.1752,9.5564,9.4193,1.01455,6.0129,0,Lost,Incumbent supplier
Q102361,2026-01-01,CU2067,20077,Independent Retailer,539.0,156.8201,135.6279,136.7357,0.9919,83.5854,0,Lost,Lead time
Q102362,2023-09-01,CU2118,20214,Regional Retail Chain,125.1,18.0305,15.9134,16.363,0.97252,12.6234,0,Lost,Incumbent supplier
Q102363,2023-08-01,CU2011,20196,Regional Retail Chain,79.6,22.6413,23.0941,22.4907,1.02683,15.2457,1,Won,
Q102364,2023-11-01,CU2122,20168,Marketplace Seller,291.7,16.8263,14.2835,14.0232,1.01856,9.3901,0,Lost,Lead time
Q102365,2025-11-01,CU2136,20049,Government & Education,519.3,67.99,67.878,55.656,1.2196,40.6332,0,Lost,Price
Q102366,2025-06-01,CU2141,20074,Marketplace Seller,771.9,48.5266,47.1363,40.7723,1.15609,27.9505,0,Lost,Price
Q102367,2026-06-01,CU2037,20217,Marketplace Seller,838.1,49.6842,43.5497,52.1959,0.83435,34.6783,1,Won,
Q102368,2024-08-01,CU2091,20027,Independent Retailer,191.6,24.4998,21.8926,20.4106,1.07261,18.9993,0,Lost,Price
Q102369,2026-02-01,CU2111,20121,Independent Retailer,191.6,16.9645,15.1893,15.2262,0.99758,11.9212,0,Lost,Price
Q102370,2025-12-01,CU2112,20102,Government & Education,1611.6,56.873,48.5665,54.4267,0.89233,32.4002,1,Won,
Q102371,2024-01-01,CU2045,20058,Subscription Box Operator,1115.9,27.2399,24.7575,22.3048,1.10996,20.3255,1,Won,
Q102372,2025-04-01,CU2010,20109,Sub-Distributor,2044.0,26.4942,25.0666,26.3976,0.94958,13.5002,0,Lost,Price
Q102373,2024-09-01,CU2065,20160,Government & Education,250.3,14.2896,12.5343,13.5809,0.92294,8.0623,1,Won,
Q102374,2025-01-01,CU2013,20089,Independent Retailer,229.0,69.6058,57.2593,61.6298,0.92908,55.3628,1,Won,
Q102375,2026-04-01,CU2052,20042,Marketplace Seller,104.0,81.4955,72.2616,84.8835,0.8513,45.0332,1,Won,
Q102376,2024-08-01,CU2081,20064,Regional Retail Chain,141.4,43.7563,39.0499,46.1266,0.84658,30.8974,0,Lost,Price
Q102377,2023-11-01,CU2128,20035,Marketplace Seller,197.3,47.1777,39.1228,43.231,0.90497,24.3366,1,Won,
Q102378,2026-03-01,CU2142,20194,Marketplace Seller,356.4,28.4961,23.9092,26.4096,0.90532,20.8749,0,Lost,Specification
Q102379,2026-06-01,CU2143,20102,Sub-Distributor,146.2,68.5666,69.0115,67.507,1.02229,37.9152,1,Won,
Q102380,2025-02-01,CU2020,20139,Marketplace Seller,238.8,11.3769,10.401,11.0828,0.93849,7.7563,0,Lost,Lead time
Q102381,2026-02-01,CU2033,20158,Independent Retailer,919.4,39.9208,38.1594,42.1978,0.9043,26.8076,1,Won,
Q102382,2025-05-01,CU2097,20186,Subscription Box Operator,748.0,76.7198,68.7622,63.0968,1.08979,45.7363,0,Lost,Lead time
Q102383,2026-06-01,CU2061,20177,Marketplace Seller,840.3,35.3179,28.5583,36.5912,0.78047,25.409,0,Lost,Specification
Q102384,2025-02-01,CU2040,20020,Independent Retailer,84.3,55.8284,45.5649,48.7954,0.93379,33.0227,0,Lost,Price
Q102385,2023-09-01,CU2067,20190,Independent Retailer,100.0,33.7233,27.6197,29.1648,0.94702,22.014,1,Won,
Q102386,2023-09-01,CU2136,20142,Government & Education,632.1,29.7509,25.2965,23.9323,1.057,19.4402,1,Won,
Q102387,2023-08-01,CU2039,20074,Marketplace Seller,425.7,52.9538,49.1965,55.2061,0.89114,29.8111,0,Lost,Incumbent supplier
Q102388,2024-10-01,CU2071,20215,Regional Retail Chain,222.2,11.8721,11.575,10.2019,1.13459,8.6896,0,Lost,Incumbent supplier
Q102389,2024-01-01,CU2141,20105,Marketplace Seller,44.7,23.5297,23.0432,23.7246,0.97128,11.3866,1,Won,
Q102390,2026-02-01,CU2106,20137,Sub-Distributor,266.7,68.9488,58.5517,72.2267,0.81067,39.2008,1,Won,
Q102391,2024-03-01,CU2047,20003,Corporate & B2B Buyer,169.5,26.0244,20.8522,22.6295,0.92146,22.6551,0,Lost,Incumbent supplier
Q102392,2025-07-01,CU2091,20103,Independent Retailer,133.7,31.6899,27.0661,28.0191,0.96599,15.2583,0,Lost,Price
Q102393,2024-10-01,CU2126,20209,Marketplace Seller,483.5,14.4125,12.9454,15.0173,0.86203,9.0161,0,Lost,Price
Q102394,2025-01-01,CU2050,20060,Marketplace Seller,166.5,24.7865,23.2197,24.7875,0.93675,16.9156,1,Won,
Q102395,2024-12-01,CU2079,20018,Marketplace Seller,556.3,91.0714,90.691,77.9728,1.16311,48.8937,0,Lost,Price
Q102396,2025-05-01,CU2104,20031,Corporate & B2B Buyer,2357.5,6.5142,6.5628,5.412,1.21263,4.2007,0,Lost,Price
Q102397,2025-09-01,CU2032,20165,Sub-Distributor,138.3,17.8758,15.5082,14.6978,1.05514,12.4344,1,Won,
Q102398,2026-06-01,CU2070,20207,Marketplace Seller,360.7,12.0683,10.9454,11.0962,0.98641,8.1452,0,Lost,Price
Q102399,2025-10-01,CU2063,20064,Sub-Distributor,1676.1,47.3931,35.8906,38.0315,0.94371,32.1684,0,Lost,Price
Q102400,2023-09-01,CU2101,20155,Independent Retailer,117.9,159.081,144.8026,128.6841,1.12526,109.6234,0,Lost,Price
Q102401,2024-12-01,CU2144,20225,Marketplace Seller,919.7,93.3117,84.6205,87.6165,0.96581,41.5126,0,Lost,Incumbent supplier
Q102402,2025-09-01,CU2054,20104,Marketplace Seller,1854.7,17.2286,15.9344,15.6065,1.02101,9.7862,0,Lost,Specification
Q102403,2024-02-01,CU2060,20119,Subscription Box Operator,1182.2,51.1664,46.5822,48.0947,0.96855,28.5178,0,Lost,Specification
Q102404,2026-05-01,CU2036,20111,Regional Retail Chain,39.0,31.3061,25.799,29.9867,0.86035,18.1246,1,Won,
Q102405,2024-09-01,CU2025,20130,E-commerce Pure-Play,369.9,72.8949,74.0436,75.0581,0.98648,49.9912,1,Won,
Q102406,2023-09-01,CU2112,20121,Government & Education,773.3,16.0613,14.5191,14.4129,1.00737,9.3797,1,Won,
Q102407,2026-01-01,CU2016,20213,Corporate & B2B Buyer,131.9,37.3261,30.6112,35.9963,0.8504,23.9525,1,Won,
Q102408,2024-09-01,CU2016,20160,Corporate & B2B Buyer,946.5,14.2896,12.8623,14.4886,0.88775,8.0623,1,Won,
Q102409,2024-04-01,CU2040,20116,Independent Retailer,639.0,8.8235,7.2661,8.2794,0.87762,4.7625,1,Won,
Q102410,2024-05-01,CU2110,20148,Independent Retailer,118.2,67.3491,64.5156,64.0085,1.00792,41.174,0,Lost,Price
Q102411,2023-12-01,CU2006,20238,Independent Retailer,235.8,14.383,13.8364,12.7093,1.08868,9.7626,0,Lost,Price
Q102412,2024-12-01,CU2035,20141,Corporate & B2B Buyer,509.1,43.5371,39.6446,41.3085,0.95972,21.1052,0,Lost,Lead time
Q102413,2025-12-01,CU2052,20209,Marketplace Seller,608.9,15.4275,15.1685,13.6121,1.11434,10.4157,0,Lost,Price
Q102414,2023-11-01,CU2018,20150,Independent Retailer,114.5,22.6588,19.2746,19.4868,0.98911,12.6819,0,Lost,Price
Q102415,2024-01-01,CU2126,20154,Marketplace Seller,177.6,42.2854,36.5365,37.6504,0.97041,21.3457,1,Won,
Q102416,2023-09-01,CU2078,20094,E-commerce Pure-Play,495.7,17.8157,17.0085,16.8872,1.00718,9.1193,1,Won,
Q102417,2024-02-01,CU2060,20015,Subscription Box Operator,330.5,13.608,12.1998,12.0744,1.01038,7.982,1,Won,
Q102418,2026-06-01,CU2141,20140,Marketplace Seller,663.5,182.1906,154.3141,181.042,0.85237,143.4141,1,Won,
Q102419,2025-04-01,CU2066,20055,Corporate & B2B Buyer,216.3,167.6133,158.2507,146.762,1.07828,77.9302,0,Lost,Price
Q102420,2024-04-01,CU2058,20075,Corporate & B2B Buyer,1071.8,21.141,17.7948,20.4692,0.86935,10.846,1,Won,
Q102421,2024-06-01,CU2052,20004,Marketplace Seller,256.6,28.6768,26.1982,29.7459,0.88074,19.0777,1,Won,
Q102422,2024-05-01,CU2038,20009,Marketplace Seller,159.5,26.2518,21.0288,24.4246,0.86097,14.3828,1,Won,
Q102423,2026-05-01,CU2137,20082,E-commerce Pure-Play,520.6,33.2732,25.7365,33.7947,0.76156,14.5605,1,Won,
Q102424,2023-09-01,CU2048,20238,E-commerce Pure-Play,1440.9,14.383,12.1236,12.6302,0.95989,9.7967,1,Won,
Q102425,2025-02-01,CU2074,20132,Corporate & B2B Buyer,240.4,8.5528,8.2046,8.7734,0.93517,7.0412,0,Lost,Price
Q102426,2024-02-01,CU2046,20052,Marketplace Seller,776.2,17.1931,14.4712,16.6143,0.87101,10.7272,0,Lost,Lead time
Q102427,2023-08-01,CU2049,20197,Independent Retailer,354.0,17.54,14.4698,16.2085,0.89273,8.8218,0,Lost,Incumbent supplier
Q102428,2024-03-01,CU2035,20144,Corporate & B2B Buyer,198.8,32.6309,29.7386,26.8904,1.10592,19.4472,1,Won,
Q102429,2024-12-01,CU2003,20078,Regional Retail Chain,662.7,23.667,20.5209,23.4642,0.87456,20.3629,0,Lost,Price
Q102430,2023-07-01,CU2110,20090,Independent Retailer,198.0,32.3467,28.7891,31.8441,0.90407,18.6241,1,Won,
Q102431,2023-12-01,CU2060,20039,Subscription Box Operator,245.8,88.2658,74.5031,83.2622,0.8948,42.6201,0,Lost,Lead time
Q102432,2024-12-01,CU2056,20091,Regional Retail Chain,884.2,25.8168,23.3886,24.8179,0.94241,13.4138,1,Won,
Q102433,2023-07-01,CU2136,20015,Government & Education,941.9,13.1709,11.1754,11.9859,0.93238,9.168,0,Lost,Price
Q102434,2024-06-01,CU2028,20233,Independent Retailer,1220.0,53.8505,48.5236,53.61,0.90512,31.7996,1,Won,
Q102435,2026-04-01,CU2079,20008,Marketplace Seller,297.3,21.2885,19.0377,18.0407,1.05527,14.3158,1,Won,
Q102436,2023-12-01,CU2140,20153,Subscription Box Operator,422.3,26.0017,24.3383,25.6018,0.95065,13.3371,0,Lost,Lead time
Q102437,2026-02-01,CU2137,20098,E-commerce Pure-Play,139.8,21.6017,19.2376,22.0561,0.87221,13.0389,1,Won,
Q102438,2025-02-01,CU2053,20037,Corporate & B2B Buyer,825.5,34.792,31.9353,33.1409,0.96362,18.242,1,Won,
Q102439,2024-07-01,CU2061,20188,Marketplace Seller,208.8,10.575,10.1492,11.1929,0.90675,7.9873,1,Won,
Q102440,2026-02-01,CU2026,20217,Marketplace Seller,844.6,48.8945,39.1343,39.3518,0.99447,35.3093,0,Lost,Specification
Q102441,2024-02-01,CU2109,20009,Subscription Box Operator,462.3,24.0134,21.9863,24.5635,0.89508,14.404,1,Won,
Q102442,2023-12-01,CU2032,20086,Sub-Distributor,51.9,40.1608,34.8084,33.5161,1.03856,20.9209,1,Won,
Q102443,2024-11-01,CU2057,20186,Subscription Box Operator,869.4,76.9156,76.0784,77.4561,0.98221,41.0754,0,Lost,Specification
Q102444,2026-06-01,CU2060,20233,Subscription Box Operator,382.7,53.8505,53.4881,49.344,1.08398,29.865,0,Lost,Price
Q102445,2024-05-01,CU2045,20169,Subscription Box Operator,3145.0,24.7274,21.1128,22.1209,0.95443,15.684,1,Won,
Q102446,2025-01-01,CU2092,20049,Marketplace Seller,999.0,75.0118,71.5731,65.0533,1.10022,37.1445,0,Lost,Price
Q102447,2023-11-01,CU2130,20173,Corporate & B2B Buyer,225.5,30.8845,31.5022,27.9112,1.12866,22.1103,0,Lost,Specification
Q102448,2025-06-01,CU2130,20173,Corporate & B2B Buyer,855.5,24.2208,20.7706,23.2496,0.89338,19.0104,1,Won,
Q102449,2025-05-01,CU2022,20203,Regional Retail Chain,336.2,20.0481,17.7356,19.4277,0.9129,11.9412,1,Won,
Q102450,2024-11-01,CU2015,20204,Corporate & B2B Buyer,1485.1,24.8376,22.5878,22.0519,1.0243,14.1516,1,Won,
Q102451,2025-10-01,CU2045,20234,Subscription Box Operator,975.5,33.6042,31.6938,32.3225,0.98055,21.7359,0,Lost,Lead time
Q102452,2024-09-01,CU2147,20046,Marketplace Seller,1370.0,16.7446,16.4242,15.036,1.09232,13.2348,0,Lost,Specification
Q102453,2025-03-01,CU2076,20000,Government & Education,93.9,63.5084,59.8687,51.2696,1.16772,37.5436,0,Lost,Specification
Q102454,2025-04-01,CU2035,20205,Corporate & B2B Buyer,106.4,20.6783,19.2475,17.5462,1.09696,15.9512,0,Lost,Incumbent supplier
Q102455,2025-07-01,CU2087,20058,Sub-Distributor,225.2,27.2399,23.0918,23.5299,0.98138,20.3336,1,Won,
Q102456,2026-02-01,CU2047,20165,Corporate & B2B Buyer,97.7,18.0801,15.8799,14.9666,1.06103,13.2752,1,Won,
Q102457,2026-05-01,CU2104,20149,Corporate & B2B Buyer,2439.7,66.6754,64.5271,59.6578,1.08162,37.6219,0,Lost,Lead time
Q102458,2023-11-01,CU2017,20167,Government & Education,498.0,96.1103,90.2506,96.041,0.93971,65.5191,1,Won,
Q102459,2025-11-01,CU2082,20024,E-commerce Pure-Play,1102.7,40.9149,35.7241,39.2687,0.90973,27.7323,1,Won,
Q102460,2024-02-01,CU2058,20064,Corporate & B2B Buyer,654.7,42.6752,43.5287,42.9851,1.01265,28.8176,0,Lost,Price
Q102461,2024-08-01,CU2148,20228,Regional Retail Chain,423.5,49.73,50.4675,45.6248,1.10614,27.6864,0,Lost,Lead time
Q102462,2024-01-01,CU2142,20023,Marketplace Seller,1149.9,26.4337,24.9814,23.708,1.05371,18.1117,0,Lost,Specification
Q102463,2024-09-01,CU2022,20124,Regional Retail Chain,704.8,15.235,13.0534,12.8141,1.01867,10.2418,1,Won,
Q102464,2025-07-01,CU2070,20165,Marketplace Seller,1014.0,17.8758,17.148,14.7111,1.16565,12.5344,1,Won,
Q102465,2023-12-01,CU2126,20212,Marketplace Seller,116.3,39.8995,34.2598,38.3494,0.89336,22.3538,0,Lost,Price
Q102466,2024-01-01,CU2094,20153,Regional Retail Chain,408.1,25.9232,22.2741,27.2511,0.81736,13.5159,1,Won,
Q102467,2026-05-01,CU2115,20131,Sub-Distributor,656.2,30.5053,25.5645,27.2749,0.93729,20.2689,1,Won,
Q102468,2023-09-01,CU2049,20027,Independent Retailer,257.0,24.9429,22.533,21.0534,1.07028,16.3017,0,Lost,Specification
Q102469,2024-07-01,CU2076,20001,Government & Education,355.5,18.2434,16.0662,15.8605,1.01297,9.8777,1,Won,
Q102470,2025-04-01,CU2148,20068,Regional Retail Chain,354.5,17.1829,16.2419,17.3607,0.93556,11.3153,1,Won,
Q102471,2023-07-01,CU2102,20032,Sub-Distributor,355.8,19.0384,15.8022,16.5383,0.95549,12.3699,1,Won,
Q102472,2025-09-01,CU2048,20070,E-commerce Pure-Play,155.1,13.5561,13.2737,12.9913,1.02173,10.4604,0,Lost,Lead time
Q102473,2025-06-01,CU2097,20002,Subscription Box Operator,440.7,48.9767,44.6028,40.54,1.10022,32.4589,0,Lost,Incumbent supplier
Q102474,2026-03-01,CU2126,20201,Marketplace Seller,348.6,23.1642,21.3126,18.5802,1.14706,17.9146,0,Lost,Price
Q102475,2024-08-01,CU2084,20153,Marketplace Seller,228.4,24.4464,23.8823,22.7499,1.04977,14.0697,1,Won,
Q102476,2023-12-01,CU2046,20053,Marketplace Seller,881.3,18.5853,15.1735,16.2811,0.93197,10.7501,1,Won,
Q102477,2025-12-01,CU2144,20096,Marketplace Seller,324.1,8.7054,7.7761,8.7988,0.88377,6.4206,1,Won,
Q102478,2025-01-01,CU2128,20147,Marketplace Seller,147.8,31.6961,29.1484,25.9681,1.12247,17.9099,0,Lost,Specification
Q102479,2025-09-01,CU2001,20055,Subscription Box Operator,91.5,166.6471,143.8626,157.027,0.91616,76.2342,1,Won,
Q102480,2024-10-01,CU2071,20193,Regional Retail Chain,289.8,41.7876,34.5841,36.6843,0.94275,29.7673,1,Won,
Q102481,2024-11-01,CU2082,20173,E-commerce Pure-Play,587.3,26.5946,21.7577,23.4748,0.92685,20.5552,1,Won,
Q102482,2023-10-01,CU2122,20234,Marketplace Seller,22.1,32.5008,32.4344,27.5481,1.17737,24.7975,0,Lost,Price
Q102483,2023-07-01,CU2092,20018,Marketplace Seller,232.1,93.1159,94.9782,91.9049,1.03344,50.9783,0,Lost,Price
Q102484,2023-08-01,CU2065,20145,Government & Education,54.7,15.7244,13.3294,14.8554,0.89727,8.6364,1,Won,
Q102485,2023-08-01,CU2147,20022,Marketplace Seller,172.5,50.4375,38.788,45.7775,0.84732,33.3059,1,Won,
Q102486,2024-10-01,CU2068,20099,E-commerce Pure-Play,905.0,73.8809,66.0281,78.3129,0.84313,35.6173,1,Won,
Q102487,2024-07-01,CU2074,20089,Corporate & B2B Buyer,350.1,68.5844,60.6533,64.0637,0.94677,45.6468,0,Lost,Incumbent supplier
Q102488,2024-07-01,CU2070,20162,Marketplace Seller,1019.7,15.756,14.5912,15.852,0.92047,7.4429,1,Won,
Q102489,2024-07-01,CU2082,20181,E-commerce Pure-Play,372.1,15.2171,13.6102,15.6282,0.87088,11.1138,0,Lost,Price
Q102490,2025-07-01,CU2035,20097,Corporate & B2B Buyer,62.0,67.0046,50.358,64.5733,0.77986,33.9583,1,Won,
Q102491,2026-05-01,CU2078,20161,E-commerce Pure-Play,603.4,36.8514,27.6283,37.9728,0.72758,23.9416,1,Won,
Q102492,2023-09-01,CU2040,20023,Independent Retailer,1241.5,27.6616,26.3264,22.4706,1.17159,17.052,0,Lost,Price
Q102493,2024-11-01,CU2104,20165,Corporate & B2B Buyer,390.2,20.1083,16.2686,18.3729,0.88547,13.8859,0,Lost,Incumbent supplier
Q102494,2023-12-01,CU2064,20200,Independent Retailer,1476.9,19.488,15.9953,17.6648,0.90549,12.509,0,Lost,Price
Q102495,2024-11-01,CU2060,20085,Subscription Box Operator,264.3,57.342,49.6522,51.5097,0.96394,29.3482,1,Won,
Q102496,2024-01-01,CU2026,20054,Marketplace Seller,1028.7,109.4584,102.3196,106.3638,0.96198,67.6097,1,Won,
Q102497,2023-11-01,CU2124,20180,Marketplace Seller,1950.0,17.2434,15.3866,17.2509,0.89193,11.4377,1,Won,
Q102498,2025-08-01,CU2051,20236,Subscription Box Operator,1202.9,49.3404,34.8984,50.3646,0.69292,28.3368,1,Won,
Q102499,2026-02-01,CU2065,20198,Government & Education,701.0,10.6041,9.0571,8.5421,1.06029,4.8786,1,Won,
Q102500,2024-11-01,CU2002,20027,Marketplace Seller,65.3,24.4998,24.9551,21.9349,1.13769,18.649,0,Lost,Price
Q102501,2024-10-01,CU2038,20237,Marketplace Seller,73.3,63.7355,50.5959,61.4817,0.82294,43.2676,1,Won,
Q102502,2024-12-01,CU2050,20165,Marketplace Seller,455.3,20.1083,20.5105,20.4724,1.00186,14.0904,1,Won,
Q102503,2024-06-01,CU2006,20146,Independent Retailer,696.4,17.6399,16.1109,15.3858,1.04713,12.4961,0,Lost,Price
Q102504,2026-06-01,CU2135,20193,Sub-Distributor,1010.1,39.4741,38.5396,39.9831,0.9639,32.5187,0,Lost,Incumbent supplier
Q102505,2024-01-01,CU2017,20169,Government & Education,247.7,25.2739,21.7507,20.6144,1.05512,16.9012,0,Lost,Incumbent supplier
Q102506,2024-03-01,CU2021,20014,Corporate & B2B Buyer,535.8,37.0527,32.8198,35.2235,0.93176,16.1435,0,Lost,Price
Q102507,2026-06-01,CU2140,20162,Subscription Box Operator,599.4,22.2327,19.8972,22.3812,0.88901,8.6398,1,Won,
Q102508,2023-09-01,CU2046,20205,Marketplace Seller,1671.2,20.8291,18.6397,19.8949,0.93691,13.0967,1,Won,
Q102509,2026-02-01,CU2074,20195,Corporate & B2B Buyer,632.0,48.5447,44.7879,46.0682,0.97221,25.2485,0,Lost,Lead time
Q102510,2023-10-01,CU2082,20175,E-commerce Pure-Play,310.8,16.0001,13.8464,14.8544,0.93214,8.955,1,Won,
Q102511,2025-11-01,CU2122,20223,Marketplace Seller,447.7,15.4186,13.8965,15.82,0.87842,8.897,0,Lost,Price
Q102512,2024-02-01,CU2080,20101,Government & Education,1220.2,15.3024,14.5017,15.5961,0.92983,8.068,0,Lost,Price
Q102513,2026-02-01,CU2140,20080,Subscription Box Operator,326.2,25.4341,24.649,25.2156,0.97753,16.4675,0,Lost,Incumbent supplier
Q102514,2025-08-01,CU2141,20158,Marketplace Seller,138.1,32.4747,29.0872,29.5895,0.98302,27.5354,1,Won,
Q102515,2024-11-01,CU2046,20200,Marketplace Seller,437.9,17.8099,13.1368,15.7875,0.8321,13.505,1,Won,
Q102516,2026-06-01,CU2129,20041,Regional Retail Chain,435.5,39.6878,36.449,38.2973,0.95174,22.5935,0,Lost,Price
Q102517,2024-12-01,CU2128,20117,Marketplace Seller,255.1,15.5127,11.6552,14.7683,0.7892,8.6693,1,Won,
Q102518,2024-01-01,CU2028,20079,Independent Retailer,964.4,11.6082,9.9838,11.1572,0.89483,8.1771,1,Won,
Q102519,2025-02-01,CU2105,20101,Marketplace Seller,397.8,15.7621,14.5808,16.3235,0.89324,8.9021,1,Won,
Q102520,2025-11-01,CU2013,20109,Independent Retailer,189.5,28.3064,23.3725,27.6004,0.84682,14.9242,1,Won,
Q102521,2025-05-01,CU2000,20201,Independent Retailer,510.9,23.8476,23.1434,19.4749,1.18837,17.9098,0,Lost,Specification
Q102522,2024-04-01,CU2087,20181,Sub-Distributor,1467.7,14.2122,11.685,12.0174,0.97234,10.1822,1,Won,
Q102523,2023-09-01,CU2134,20080,Marketplace Seller,177.2,29.4847,25.0516,24.8791,1.00693,20.412,0,Lost,Price
Q102524,2025-03-01,CU2147,20193,Marketplace Seller,323.4,41.942,40.485,33.9947,1.19092,31.382,0,Lost,Price
Q102525,2024-05-01,CU2148,20161,Regional Retail Chain,365.3,34.4856,30.0951,30.4539,0.98822,20.2216,0,Lost,Lead time
Q102526,2025-03-01,CU2096,20096,Marketplace Seller,1927.4,9.9715,9.3872,8.7449,1.07345,5.7874,1,Won,
Q102527,2025-09-01,CU2114,20050,Corporate & B2B Buyer,414.2,14.1912,13.8069,13.9171,0.99208,6.9569,0,Lost,Price
Q102528,2023-08-01,CU2016,20107,Corporate & B2B Buyer,246.0,50.0298,44.9043,52.8809,0.84916,28.9765,1,Won,
Q102529,2023-07-01,CU2049,20234,Independent Retailer,789.8,36.9312,32.6945,36.3491,0.89946,23.6886,1,Won,
Q102530,2023-11-01,CU2109,20122,Subscription Box Operator,289.5,9.5588,8.4183,8.848,0.95144,5.8228,1,Won,
Q102531,2025-07-01,CU2034,20067,Marketplace Seller,1747.4,10.2148,9.2992,9.2211,1.00847,5.4255,1,Won,
Q102532,2025-11-01,CU2009,20193,Marketplace Seller,122.9,43.6001,39.6347,36.9365,1.07305,35.1007,1,Won,
Q102533,2026-04-01,CU2000,20138,Independent Retailer,130.9,28.256,26.4846,22.7932,1.16195,15.3303,1,Won,
Q102534,2023-10-01,CU2101,20022,Independent Retailer,1555.5,52.5442,45.5505,51.1645,0.89028,33.2164,1,Won,
Q102535,2024-10-01,CU2011,20084,Regional Retail Chain,2397.1,23.3022,19.8247,18.8356,1.05251,14.1808,1,Won,
Q102536,2025-01-01,CU2146,20055,E-commerce Pure-Play,378.2,163.0302,136.8892,134.1925,1.0201,80.5207,1,Won,
Q102537,2025-06-01,CU2110,20233,Independent Retailer,70.0,53.8505,48.5207,52.4499,0.92509,30.4209,1,Won,
Q102538,2025-01-01,CU2121,20096,Corporate & B2B Buyer,149.1,9.9715,9.3571,8.5388,1.09583,6.159,1,Won,
Q102539,2025-11-01,CU2030,20030,Independent Retailer,523.7,17.1525,14.5854,17.9491,0.8126,10.0482,1,Won,
Q102540,2024-10-01,CU2062,20163,Independent Retailer,260.6,18.6551,17.0689,19.5139,0.87471,14.266,1,Won,
Q102541,2025-03-01,CU2074,20056,Corporate & B2B Buyer,451.7,47.8758,41.9305,38.6774,1.08411,31.401,0,Lost,Incumbent supplier
Q102542,2026-04-01,CU2104,20218,Corporate & B2B Buyer,897.0,42.6091,40.9951,35.1791,1.16533,26.5255,0,Lost,Lead time
Q102543,2025-12-01,CU2048,20166,E-commerce Pure-Play,399.9,14.4892,11.1737,13.0935,0.85338,11.4389,1,Won,
Q102544,2024-09-01,CU2139,20110,E-commerce Pure-Play,813.9,118.9665,109.6436,106.1376,1.03303,68.9332,0,Lost,Lead time
Q102545,2024-02-01,CU2000,20169,Independent Retailer,602.6,25.2739,20.723,21.1754,0.97864,16.6232,0,Lost,Price
Q102546,2025-07-01,CU2023,20046,E-commerce Pure-Play,258.6,16.9858,15.7199,14.0192,1.12132,13.1603,0,Lost,Specification
Q102547,2024-06-01,CU2017,20213,Government & Education,747.4,38.6894,32.636,39.7683,0.82065,24.4344,1,Won,
Q102548,2026-03-01,CU2015,20208,Corporate & B2B Buyer,79.3,25.2902,25.796,24.0743,1.07152,13.1929,1,Won,
Q102549,2025-02-01,CU2095,20228,Sub-Distributor,512.7,48.9327,41.4279,46.8953,0.88341,27.9904,1,Won,
Q102550,2025-06-01,CU2029,20027,Independent Retailer,677.2,33.6233,27.1387,27.8926,0.97297,22.3205,0,Lost,Incumbent supplier
Q102551,2026-05-01,CU2142,20097,Marketplace Seller,78.7,67.0046,61.324,63.6536,0.9634,29.0693,0,Lost,Specification
Q102552,2026-06-01,CU2078,20144,E-commerce Pure-Play,531.9,25.964,24.138,24.4991,0.98526,19.8626,1,Won,
Q102553,2023-08-01,CU2066,20117,Corporate & B2B Buyer,1253.6,15.5127,12.6873,14.5246,0.8735,9.6261,1,Won,
Q102554,2026-02-01,CU2066,20179,Corporate & B2B Buyer,522.1,45.9419,41.8213,44.5849,0.93801,22.6139,0,Lost,Price
Q102555,2025-09-01,CU2078,20064,E-commerce Pure-Play,88.7,47.3931,40.1451,38.8028,1.03459,32.735,1,Won,
Q102556,2026-02-01,CU2078,20160,E-commerce Pure-Play,1191.9,15.4943,14.1935,14.4082,0.9851,7.937,0,Lost,Specification
Q102557,2024-10-01,CU2020,20161,Marketplace Seller,216.2,34.7829,29.7087,36.1024,0.8229,21.3498,1,Won,
Q102558,2023-07-01,CU2103,20036,Marketplace Seller,246.7,11.821,11.0576,10.2564,1.07812,7.3793,0,Lost,Incumbent supplier
Q102559,2023-12-01,CU2059,20162,Independent Retailer,1648.8,13.523,11.7424,13.4823,0.87095,6.7988,0,Lost,Lead time
Q102560,2024-07-01,CU2097,20048,Subscription Box Operator,113.3,75.9837,66.6167,77.9202,0.85494,61.5201,0,Lost,Lead time
Q102561,2026-01-01,CU2006,20166,Independent Retailer,382.8,14.4892,13.7206,12.3471,1.11124,11.711,1,Won,
Q102562,2026-02-01,CU2032,20023,Sub-Distributor,839.2,30.514,26.0715,27.1241,0.96119,19.9434,0,Lost,Incumbent supplier
Q102563,2024-12-01,CU2079,20178,Marketplace Seller,118.7,23.5067,23.5347,24.5266,0.95956,18.7993,0,Lost,Price
Q102564,2025-10-01,CU2032,20080,Sub-Distributor,199.0,25.4341,22.2806,24.076,0.92543,14.4812,1,Won,
Q102565,2023-09-01,CU2004,20033,Independent Retailer,256.8,12.9592,11.5645,13.4724,0.85838,9.5145,1,Won,
Q102566,2024-12-01,CU2116,20055,Independent Retailer,227.0,152.9962,129.9889,155.8605,0.83401,79.643,0,Lost,Lead time
Q102567,2024-11-01,CU2086,20155,Marketplace Seller,175.9,139.8058,112.3776,147.5567,0.76159,95.2664,1,Won,
Q102568,2024-06-01,CU2072,20207,Marketplace Seller,480.4,9.6106,9.0427,10.0743,0.89761,7.2387,1,Won,
Q102569,2025-07-01,CU2005,20034,Independent Retailer,138.8,84.9322,77.2425,71.322,1.08301,52.9878,0,Lost,Price
Q102570,2025-11-01,CU2084,20163,Marketplace Seller,107.1,17.7795,17.5258,17.7587,0.98689,13.5365,1,Won,
Q102571,2024-05-01,CU2031,20211,Corporate & B2B Buyer,113.0,39.7418,36.6705,32.7681,1.11909,25.8351,0,Lost,Price
Q102572,2026-05-01,CU2074,20056,Corporate & B2B Buyer,636.8,49.7535,47.4782,43.1108,1.10131,33.0115,0,Lost,Incumbent supplier
Q102573,2026-04-01,CU2130,20002,Corporate & B2B Buyer,392.7,52.678,46.0602,47.5361,0.96895,32.6504,0,Lost,Price
Q102574,2025-04-01,CU2141,20172,Marketplace Seller,378.9,25.0292,23.3074,22.4755,1.03701,20.2107,0,Lost,Lead time
Q102575,2024-08-01,CU2028,20197,Independent Retailer,304.2,17.535,15.1412,18.1427,0.83456,9.7378,0,Lost,Price
Q102576,2025-11-01,CU2001,20082,Subscription Box Operator,694.4,38.5594,30.38,33.7767,0.89944,17.9013,1,Won,
Q102577,2023-07-01,CU2045,20027,Subscription Box Operator,758.9,24.9429,22.2697,26.3495,0.84517,15.9872,1,Won,
Q102578,2023-12-01,CU2049,20064,Independent Retailer,217.9,42.6752,38.56,35.3016,1.0923,26.2505,0,Lost,Lead time
Q102579,2025-12-01,CU2057,20129,Subscription Box Operator,546.4,21.2195,19.0649,18.2244,1.04612,13.2384,0,Lost,Price
Q102580,2025-11-01,CU2017,20176,Government & Education,777.8,49.282,44.0814,44.1309,0.99888,24.0279,1,Won,
Q102581,2025-11-01,CU2022,20155,Regional Retail Chain,337.6,133.7732,114.0111,129.1983,0.88245,87.5687,1,Won,
Q102582,2025-11-01,CU2147,20072,Marketplace Seller,429.2,15.2657,13.3659,14.8561,0.89969,10.1888,1,Won,
Q102583,2024-10-01,CU2041,20004,Sub-Distributor,274.9,32.9054,33.5635,32.646,1.0281,18.5992,1,Won,
Q102584,2025-02-01,CU2145,20080,Regional Retail Chain,1312.3,25.4523,22.1603,22.9739,0.96459,14.8172,0,Lost,Specification
Q102585,2026-04-01,CU2125,20136,Marketplace Seller,795.5,18.1984,17.725,17.7408,0.99911,13.672,0,Lost,Price
Q102586,2024-05-01,CU2098,20226,Subscription Box Operator,632.4,12.6169,9.3065,11.1071,0.83789,7.3923,1,Won,
Q102587,2026-02-01,CU2084,20010,Marketplace Seller,1058.7,48.9022,38.902,46.7626,0.8319,33.0016,1,Won,
Q102588,2025-04-01,CU2121,20081,Corporate & B2B Buyer,1239.1,61.9744,56.8631,64.4201,0.88269,42.3389,0,Lost,Lead time
Q102589,2026-01-01,CU2127,20143,Corporate & B2B Buyer,1054.9,55.7188,54.6129,53.2744,1.02513,33.4364,1,Won,
Q102590,2025-02-01,CU2001,20180,Subscription Box Operator,206.8,17.3529,15.8584,14.559,1.08925,11.8329,1,Won,
Q102591,2024-06-01,CU2108,20153,Sub-Distributor,1906.3,23.6342,21.503,20.507,1.04857,13.4346,0,Lost,Price
Q102592,2025-09-01,CU2109,20072,Subscription Box Operator,278.5,15.2657,12.934,14.4974,0.89216,10.605,0,Lost,Lead time
Q102593,2025-06-01,CU2138,20073,Marketplace Seller,115.4,21.6086,17.8765,20.422,0.87536,17.4867,1,Won,
Q102594,2024-08-01,CU2047,20025,Corporate & B2B Buyer,465.6,46.961,47.1289,43.1467,1.09229,35.139,0,Lost,Price
Q102595,2025-05-01,CU2076,20215,Government & Education,393.7,11.8721,10.9598,10.3823,1.05563,7.1162,0,Lost,Price
Q102596,2025-09-01,CU2063,20015,Sub-Distributor,225.4,12.2708,11.0732,11.6177,0.95314,8.3908,1,Won,
Q102597,2025-12-01,CU2034,20131,Marketplace Seller,260.1,21.7998,19.1458,21.0491,0.90958,17.9902,1,Won,
Q102598,2024-08-01,CU2063,20087,Sub-Distributor,440.6,31.8226,29.5026,27.5984,1.069,23.0761,0,Lost,Price
Q102599,2024-07-01,CU2125,20214,Marketplace Seller,816.0,18.5842,16.0299,16.3522,0.98029,13.4295,0,Lost,Price
Q102600,2025-11-01,CU2079,20161,Marketplace Seller,718.9,34.8096,31.6547,31.1598,1.01588,19.0298,0,Lost,Price
Q102601,2024-11-01,CU2088,20121,Independent Retailer,219.1,15.7159,12.8076,13.1039,0.97738,10.608,1,Won,
Q102602,2023-07-01,CU2029,20233,Independent Retailer,91.3,53.8505,45.4149,48.7534,0.93152,33.1058,1,Won,
Q102603,2024-08-01,CU2076,20235,Government & Education,293.3,78.502,71.1114,65.1097,1.09218,48.5643,0,Lost,Lead time
Q102604,2024-07-01,CU2066,20090,Corporate & B2B Buyer,169.7,31.9466,27.9312,32.4896,0.8597,25.3286,1,Won,
Q102605,2024-08-01,CU2023,20098,E-commerce Pure-Play,296.0,18.1915,17.4814,15.1129,1.15672,12.389,0,Lost,Specification
Q102606,2026-05-01,CU2143,20036,Sub-Distributor,2781.1,11.7053,11.629,9.9457,1.16924,8.1364,0,Lost,Specification
Q102607,2024-08-01,CU2026,20194,Marketplace Seller,166.5,20.5986,18.489,21.1751,0.87315,15.1566,1,Won,
Q102608,2025-12-01,CU2007,20193,Sub-Distributor,154.2,43.6001,39.6558,45.2136,0.87708,35.131,1,Won,
Q102609,2024-01-01,CU2001,20080,Subscription Box Operator,1057.0,29.4847,23.1371,24.7038,0.93658,21.5083,1,Won,
Q102610,2024-05-01,CU2034,20169,Marketplace Seller,267.4,24.7274,23.0465,25.573,0.90121,15.684,1,Won,
Q102611,2024-05-01,CU2052,20050,Marketplace Seller,503.3,12.617,12.1585,10.7188,1.13432,6.1226,0,Lost,Price
Q102612,2024-12-01,CU2031,20146,Corporate & B2B Buyer,339.5,17.6399,15.6156,16.6757,0.93643,11.2113,1,Won,
Q102613,2023-09-01,CU2075,20052,Independent Retailer,565.4,17.1931,14.9081,16.19,0.92082,9.5462,1,Won,
Q102614,2026-06-01,CU2062,20120,Independent Retailer,474.7,68.1132,58.3797,69.0946,0.84492,28.6477,0,Lost,Specification
Q102615,2023-11-01,CU2000,20120,Independent Retailer,1211.5,78.023,66.3845,69.8646,0.95019,44.6304,1,Won,
Q102616,2025-07-01,CU2086,20029,Marketplace Seller,3245.9,34.7227,31.773,28.1128,1.1302,12.8407,0,Lost,Specification
Q102617,2024-11-01,CU2099,20122,E-commerce Pure-Play,352.0,10.5871,8.2634,9.8525,0.83871,6.3317,0,Lost,Price
Q102618,2025-03-01,CU2113,20015,Independent Retailer,240.4,13.6506,11.8988,12.9918,0.91587,8.3377,1,Won,
Q102619,2023-09-01,CU2043,20219,Government & Education,481.4,14.3205,12.9825,12.4632,1.04167,7.8165,0,Lost,Price
Q102620,2024-02-01,CU2131,20213,Regional Retail Chain,98.0,37.7839,31.2348,32.8289,0.95144,21.0681,1,Won,
Q102621,2024-04-01,CU2048,20212,E-commerce Pure-Play,31.8,38.9462,32.4648,33.9737,0.95559,22.2887,1,Won,
Q102622,2025-06-01,CU2029,20213,Independent Retailer,254.9,39.3522,34.1667,36.8496,0.92719,26.8939,0,Lost,Specification
Q102623,2024-09-01,CU2057,20154,Subscription Box Operator,543.6,41.9689,33.6377,38.961,0.86337,25.8664,1,Won,
Q102624,2025-02-01,CU2105,20198,Marketplace Seller,983.5,9.5383,7.0348,8.0853,0.87007,4.8702,1,Won,
Q102625,2026-03-01,CU2003,20106,Regional Retail Chain,507.9,23.241,21.7562,19.9755,1.08914,11.9843,0,Lost,Specification
Q102626,2024-09-01,CU2041,20171,Sub-Distributor,1451.8,41.761,33.8684,35.9218,0.94284,25.411,0,Lost,Price
Q102627,2025-04-01,CU2001,20098,Subscription Box Operator,2628.5,21.4774,18.8779,19.5928,0.96351,12.3982,0,Lost,Lead time
Q102628,2025-07-01,CU2089,20056,Marketplace Seller,748.0,48.5979,34.1786,41.3595,0.82638,34.2916,1,Won,
Q102629,2025-03-01,CU2012,20152,Government & Education,275.5,22.0447,20.295,21.4857,0.94458,11.7241,0,Lost,Specification
Q102630,2024-09-01,CU2001,20165,Subscription Box Operator,159.2,19.8706,18.168,20.1189,0.90303,14.1389,1,Won,
Q102631,2025-09-01,CU2022,20114,Regional Retail Chain,438.5,52.922,51.5825,47.1718,1.0935,34.9076,0,Lost,Lead time
Q102632,2024-11-01,CU2116,20129,Independent Retailer,573.3,18.4509,17.9869,17.2826,1.04075,11.858,1,Won,
Q102633,2024-12-01,CU2121,20234,Corporate & B2B Buyer,177.8,33.0581,29.088,29.5938,0.98291,20.0171,0,Lost,Price
Q102634,2024-07-01,CU2135,20014,Sub-Distributor,3229.9,39.5247,35.1677,32.8251,1.07137,17.9423,1,Won,
Q102635,2025-02-01,CU2147,20179,Marketplace Seller,485.4,42.6626,38.8585,36.1834,1.07393,21.9382,1,Won,
Q102636,2025-02-01,CU2010,20090,Sub-Distributor,534.5,31.9466,24.6893,27.0869,0.91148,22.7728,1,Won,
Q102637,2024-06-01,CU2042,20143,Corporate & B2B Buyer,166.9,64.7116,58.5795,63.1472,0.92767,34.5229,0,Lost,Incumbent supplier
Q102638,2023-12-01,CU2101,20012,Independent Retailer,180.9,15.1957,13.1061,13.5925,0.96422,7.3727,1,Won,
Q102639,2025-03-01,CU2117,20153,Marketplace Seller,83.2,24.8177,19.2974,25.0337,0.77086,14.5398,1,Won,
Q102640,2024-07-01,CU2058,20221,Corporate & B2B Buyer,918.8,23.9976,22.632,21.2301,1.06603,17.0967,1,Won,
Q102641,2025-05-01,CU2031,20140,Corporate & B2B Buyer,20.0,226.6059,198.3151,195.118,1.01639,164.718,0,Lost,Lead time
Q102642,2024-06-01,CU2025,20088,E-commerce Pure-Play,256.0,18.0427,16.2736,15.5382,1.04733,10.8682,0,Lost,Price
Q102643,2026-06-01,CU2009,20022,Marketplace Seller,1514.4,46.3595,38.6723,47.3423,0.81687,37.5766,1,Won,
Q102644,2023-09-01,CU2136,20183,Government & Education,193.0,99.2203,89.9476,92.3647,0.97383,52.4133,1,Won,
Q102645,2023-11-01,CU2140,20222,Subscription Box Operator,65.5,27.8997,26.0245,23.5998,1.10274,16.9337,0,Lost,Price
Q102646,2025-08-01,CU2086,20141,Marketplace Seller,937.2,40.7804,31.8816,33.3994,0.95455,22.0616,1,Won,
Q102647,2025-06-01,CU2042,20214,Corporate & B2B Buyer,122.1,17.3926,13.6892,17.0826,0.80135,12.9444,1,Won,
Q102648,2025-07-01,CU2075,20001,Independent Retailer,536.9,17.8257,17.2758,14.2782,1.20994,10.9167,0,Lost,Price
Q102649,2024-11-01,CU2053,20177,Corporate & B2B Buyer,582.9,35.3179,28.224,32.2616,0.87485,22.8514,1,Won,
Q102650,2025-01-01,CU2009,20105,Marketplace Seller,186.8,20.7288,18.8423,21.1258,0.89191,13.6665,1,Won,
Q102651,2024-04-01,CU2030,20011,Independent Retailer,1052.5,24.1398,23.6636,23.0799,1.02529,19.3315,1,Won,
Q102652,2025-03-01,CU2097,20222,Subscription Box Operator,409.3,22.6304,20.3791,21.1631,0.96295,15.0027,1,Won,
Q102653,2024-07-01,CU2066,20148,Corporate & B2B Buyer,20.0,67.3491,60.0841,58.2357,1.03174,38.6187,1,Won,
Q102654,2024-06-01,CU2036,20038,Regional Retail Chain,125.5,77.3495,70.6667,75.6651,0.93394,62.6257,1,Won,
Q102655,2025-02-01,CU2070,20043,Marketplace Seller,381.1,44.0784,38.2827,45.7254,0.83723,24.9124,1,Won,
Q102656,2024-10-01,CU2052,20155,Marketplace Seller,1084.1,139.8058,123.1796,130.487,0.944,91.8548,0,Lost,Price
Q102657,2025-04-01,CU2054,20119,Marketplace Seller,951.3,47.2971,46.5618,42.4476,1.09692,25.8578,0,Lost,Lead time
Q102658,2024-12-01,CU2012,20236,Government & Education,328.7,42.7361,33.8159,44.8221,0.75445,28.9571,1,Won,
Q102659,2025-02-01,CU2114,20092,Corporate & B2B Buyer,94.5,31.8277,27.5328,29.6924,0.92727,22.6324,1,Won,
Q102660,2024-11-01,CU2131,20224,Regional Retail Chain,148.0,11.1824,9.0609,11.1386,0.81347,7.2385,1,Won,
Q102661,2024-02-01,CU2130,20027,Corporate & B2B Buyer,1158.6,23.3844,21.4342,20.2576,1.05808,16.8426,1,Won,
Q102662,2026-04-01,CU2074,20200,Corporate & B2B Buyer,61.9,26.853,26.8539,21.6265,1.24171,21.474,0,Lost,Price
Q102663,2025-04-01,CU2057,20108,Subscription Box Operator,73.5,24.5248,20.6449,24.3933,0.84633,15.4189,0,Lost,Lead time
Q102664,2025-04-01,CU2087,20085,Sub-Distributor,920.5,58.3981,55.4008,55.2774,1.00223,29.2969,0,Lost,Incumbent supplier
Q102665,2024-05-01,CU2006,20059,Independent Retailer,481.6,8.987,8.5009,7.225,1.17659,5.9025,0,Lost,Lead time
Q102666,2023-09-01,CU2113,20223,Independent Retailer,444.9,14.9199,12.9256,12.7683,1.01232,8.1913,0,Lost,Price
Q102667,2025-06-01,CU2015,20041,Corporate & B2B Buyer,264.1,34.5477,31.1503,33.9247,0.91822,20.7498,0,Lost,Specification
Q102668,2024-07-01,CU2092,20028,Marketplace Seller,715.8,32.4259,30.5357,29.0598,1.05079,25.2981,0,Lost,Price
Q102669,2025-12-01,CU2131,20063,Regional Retail Chain,675.0,96.7511,84.7293,94.4163,0.8974,68.0742,1,Won,
Q102670,2024-12-01,CU2149,20209,Corporate & B2B Buyer,278.7,13.637,11.8668,12.4,0.957,9.3068,0,Lost,Specification
Q102671,2023-11-01,CU2020,20151,Marketplace Seller,431.1,16.8103,13.2857,15.4139,0.86193,8.7773,0,Lost,Price
Q102672,2024-12-01,CU2125,20087,Marketplace Seller,666.5,32.2609,30.3483,33.2475,0.9128,24.1941,1,Won,
Q102673,2023-07-01,CU2142,20046,Marketplace Seller,1495.8,19.6281,17.0362,18.6086,0.9155,13.3532,1,Won,
Q102674,2026-05-01,CU2066,20197,Corporate & B2B Buyer,465.2,15.9371,12.5812,13.5544,0.9282,9.3559,1,Won,
Q102675,2024-07-01,CU2072,20058,Marketplace Seller,325.7,27.2399,24.7385,28.0423,0.88218,19.5202,1,Won,
Q102676,2023-07-01,CU2040,20151,Independent Retailer,296.2,16.9991,15.118,17.7906,0.84978,9.3875,1,Won,
Q102677,2026-06-01,CU2140,20031,Subscription Box Operator,193.8,7.3149,6.8456,6.0809,1.12575,4.1548,0,Lost,Incumbent supplier
Q102678,2025-08-01,CU2143,20134,Sub-Distributor,220.7,25.0065,21.0927,23.6203,0.89299,11.6706,1,Won,
Q102679,2024-09-01,CU2020,20029,Marketplace Seller,325.4,31.0172,27.3145,29.2108,0.93508,15.061,1,Won,
Q102680,2024-06-01,CU2146,20213,E-commerce Pure-Play,752.4,38.6894,33.3894,37.1211,0.89947,24.4344,1,Won,
Q102681,2024-02-01,CU2099,20013,E-commerce Pure-Play,29.6,83.78,73.4511,70.8597,1.03657,52.0097,0,Lost,Specification
Q102682,2023-08-01,CU2097,20185,Subscription Box Operator,176.2,9.6174,9.2368,8.2594,1.11834,5.2067,0,Lost,Specification
Q102683,2024-10-01,CU2065,20156,Government & Education,123.3,71.0354,66.024,74.6269,0.88472,48.7801,0,Lost,Price
Q102684,2023-10-01,CU2033,20136,Independent Retailer,249.0,25.1979,21.7359,21.342,1.01846,14.8441,0,Lost,Price
Q102685,2026-05-01,CU2093,20183,Independent Retailer,981.0,81.581,76.2231,75.4898,1.00971,49.4889,0,Lost,Specification
Q102686,2025-06-01,CU2069,20091,E-commerce Pure-Play,458.4,29.5051,25.5094,29.6554,0.86019,11.1186,1,Won,
Q102687,2024-03-01,CU2122,20161,Marketplace Seller,777.6,38.0156,31.9251,40.138,0.79538,19.4677,1,Won,
Q102688,2024-08-01,CU2009,20216,Marketplace Seller,524.0,41.3841,36.7251,35.8699,1.02384,22.0178,0,Lost,Price
Q102689,2025-06-01,CU2131,20215,Regional Retail Chain,26.1,11.8721,10.8666,12.3392,0.88066,7.1853,0,Lost,Incumbent supplier
Q102690,2025-01-01,CU2114,20032,Corporate & B2B Buyer,603.6,18.0485,16.2615,16.8351,0.96593,13.9718,0,Lost,Price
Q102691,2024-10-01,CU2087,20136,Sub-Distributor,777.6,19.7824,16.9002,17.2574,0.9793,14.5997,1,Won,
Q102692,2023-11-01,CU2001,20045,Subscription Box Operator,487.9,20.5907,20.1388,21.1709,0.95125,13.1791,1,Won,
Q102693,2025-09-01,CU2061,20110,Marketplace Seller,486.6,129.8879,109.6517,135.9887,0.80633,63.7809,1,Won,
Q102694,2025-04-01,CU2100,20195,Independent Retailer,427.3,48.5447,40.7762,39.5241,1.03168,26.3709,1,Won,
Q102695,2024-01-01,CU2084,20052,Marketplace Seller,379.9,17.1931,17.537,14.0118,1.25158,10.7826,0,Lost,Price
Q102696,2024-04-01,CU2040,20175,Independent Retailer,156.2,16.5259,14.7059,14.4057,1.02084,10.0208,1,Won,
Q102697,2025-02-01,CU2024,20158,Corporate & B2B Buyer,436.0,32.1229,27.0569,32.3394,0.83665,26.0047,1,Won,
Q102698,2025-06-01,CU2022,20146,Regional Retail Chain,377.5,17.6399,15.7065,14.1565,1.10949,10.3731,1,Won,
Q102699,2025-11-01,CU2083,20071,Marketplace Seller,239.5,72.091,56.9153,75.8426,0.75044,45.595,1,Won,
Q102700,2025-04-01,CU2047,20073,Corporate & B2B Buyer,454.1,21.6086,20.4589,20.3751,1.00411,17.492,0,Lost,Price
Q102701,2024-12-01,CU2097,20086,Subscription Box Operator,167.7,44.0852,39.363,37.0389,1.06275,20.5769,0,Lost,Incumbent supplier
Q102702,2025-09-01,CU2133,20084,Marketplace Seller,627.9,22.4223,20.6824,21.8844,0.94508,11.5719,1,Won,
Q102703,2024-06-01,CU2069,20020,E-commerce Pure-Play,158.9,56.5018,47.8059,46.5984,1.02591,31.1072,1,Won,
Q102704,2024-02-01,CU2087,20140,Sub-Distributor,262.5,334.0161,293.8803,326.5941,0.89983,177.3711,1,Won,
Q102705,2025-06-01,CU2110,20086,Independent Retailer,202.9,50.1898,44.1969,50.374,0.87737,20.699,0,Lost,Price
Q102706,2025-09-01,CU2036,20134,Regional Retail Chain,156.4,25.0065,19.5308,22.2425,0.87808,11.9385,0,Lost,Price
Q102707,2024-03-01,CU2101,20175,Independent Retailer,257.2,16.5259,15.7776,15.3705,1.02649,9.1986,0,Lost,Specification
Q102708,2025-08-01,CU2075,20108,Independent Retailer,345.5,25.539,22.0495,20.8574,1.05716,15.3848,1,Won,
Q102709,2024-07-01,CU2086,20095,Marketplace Seller,608.9,16.5539,16.1327,16.2298,0.99402,8.5697,0,Lost,Incumbent supplier
Q102710,2025-07-01,CU2069,20013,E-commerce Pure-Play,309.7,78.4721,64.5632,75.4149,0.85611,49.3846,0,Lost,Specification
Q102711,2025-11-01,CU2142,20023,Marketplace Seller,878.4,31.4912,27.456,25.2847,1.08587,19.5285,0,Lost,Specification
Q102712,2026-05-01,CU2106,20170,Sub-Distributor,427.7,26.8817,24.6858,27.8884,0.88517,13.048,1,Won,
Q102713,2025-03-01,CU2105,20005,Marketplace Seller,355.9,32.9728,28.4216,28.5209,0.99652,15.3554,0,Lost,Specification
Q102714,2026-06-01,CU2107,20155,E-commerce Pure-Play,372.1,111.994,98.5069,92.9852,1.05938,69.6234,0,Lost,Lead time
Q102715,2025-06-01,CU2024,20131,Corporate & B2B Buyer,316.3,24.083,23.0119,20.3501,1.1308,19.7993,0,Lost,Incumbent supplier
Q102716,2026-06-01,CU2043,20220,Government & Education,155.3,17.6496,16.5645,18.5233,0.89425,8.2605,1,Won,
Q102717,2024-01-01,CU2143,20169,Sub-Distributor,998.2,25.2739,24.1467,20.6414,1.16982,16.9012,0,Lost,Price
Q102718,2023-08-01,CU2104,20216,Corporate & B2B Buyer,954.5,41.3841,34.0712,42.6304,0.79922,27.2115,0,Lost,Price
Q102719,2024-09-01,CU2026,20219,Marketplace Seller,269.7,13.643,13.1694,13.535,0.97299,6.9453,0,Lost,Lead time
Q102720,2025-12-01,CU2007,20040,Sub-Distributor,458.5,51.1999,42.6299,54.2381,0.78598,28.9901,1,Won,
Q102721,2025-02-01,CU2092,20189,Marketplace Seller,476.4,12.358,9.1591,13.0272,0.70307,6.6851,1,Won,
Q102722,2024-04-01,CU2063,20082,Sub-Distributor,136.2,38.1682,30.7257,37.4916,0.81953,18.3131,1,Won,
Q102723,2025-09-01,CU2014,20158,Marketplace Seller,1420.3,32.4747,29.0829,29.175,0.99684,25.5109,1,Won,
Q102724,2025-05-01,CU2003,20173,Regional Retail Chain,621.9,24.2208,19.7543,23.3833,0.8448,18.1762,1,Won,
Q102725,2026-04-01,CU2000,20238,Independent Retailer,279.6,14.7492,13.9351,12.6604,1.10068,9.1137,1,Won,
Q102726,2025-02-01,CU2137,20019,E-commerce Pure-Play,1365.2,8.4154,6.9702,8.1473,0.85552,4.9393,1,Won,
Q102727,2024-05-01,CU2059,20128,Independent Retailer,815.5,10.478,9.6403,10.7081,0.90029,8.5989,1,Won,
Q102728,2025-10-01,CU2074,20230,Corporate & B2B Buyer,159.5,41.5532,39.1785,41.5169,0.94368,16.4608,0,Lost,Lead time
Q102729,2026-01-01,CU2139,20213,E-commerce Pure-Play,277.5,37.3261,37.2353,35.8748,1.03792,23.9525,0,Lost,Incumbent supplier
Q102730,2025-02-01,CU2050,20165,Marketplace Seller,152.3,16.7734,14.6369,14.9819,0.97698,13.8796,1,Won,
Q102731,2025-05-01,CU2066,20137,Corporate & B2B Buyer,132.3,75.3005,68.1685,66.2213,1.0294,43.2629,0,Lost,Price
Q102732,2025-11-01,CU2086,20149,Marketplace Seller,351.4,64.8486,55.6783,68.4242,0.81372,39.4219,1,Won,
Q102733,2024-04-01,CU2144,20053,Marketplace Seller,405.2,18.8229,17.1498,15.3093,1.12022,9.4831,0,Lost,Specification
Q102734,2025-04-01,CU2086,20026,Marketplace Seller,185.0,40.5193,36.3983,37.4178,0.97275,25.045,0,Lost,Price
Q102735,2026-01-01,CU2006,20116,Independent Retailer,1492.1,11.806,9.3393,12.5105,0.74652,5.4733,1,Won,
Q102736,2026-06-01,CU2079,20210,Marketplace Seller,216.8,47.1016,44.283,47.4396,0.93346,28.2232,0,Lost,Price
Q102737,2024-06-01,CU2007,20096,Sub-Distributor,20.0,9.4992,8.1767,9.4498,0.86527,5.5599,1,Won,
Q102738,2024-11-01,CU2006,20052,Independent Retailer,727.3,15.0933,13.7519,12.4321,1.10616,7.9433,0,Lost,Price
Q102739,2024-05-01,CU2105,20131,Marketplace Seller,30.1,23.5294,24.0,20.7578,1.15619,19.9186,0,Lost,Price
Q102740,2024-07-01,CU2042,20055,Corporate & B2B Buyer,343.3,142.6098,132.3182,142.5736,0.92807,71.2876,0,Lost,Specification
Q102741,2024-12-01,CU2129,20109,Regional Retail Chain,644.8,27.103,24.3942,25.0245,0.97481,14.7564,0,Lost,Specification
Q102742,2025-05-01,CU2031,20114,Corporate & B2B Buyer,35.6,57.3716,45.5964,57.7905,0.78899,37.108,0,Lost,Specification
Q102743,2024-09-01,CU2019,20006,E-commerce Pure-Play,183.1,39.9619,34.9801,41.0465,0.85221,20.3709,0,Lost,Specification
Q102744,2023-08-01,CU2032,20145,Sub-Distributor,496.5,15.7244,14.2692,14.6557,0.97363,8.6364,0,Lost,Price
Q102745,2026-03-01,CU2065,20142,Government & Education,353.9,33.1195,30.0122,34.1118,0.87982,20.0006,1,Won,
Q102746,2025-05-01,CU2010,20131,Sub-Distributor,142.1,23.1724,22.4232,21.3535,1.0501,19.7177,1,Won,
Q102747,2025-03-01,CU2148,20090,Regional Retail Chain,1386.9,31.9466,28.2232,28.2746,0.99818,23.4249,0,Lost,Specification
Q102748,2023-11-01,CU2069,20056,E-commerce Pure-Play,1531.6,43.5432,32.0394,38.0571,0.84188,22.6494,1,Won,
Q102749,2026-01-01,CU2138,20039,Marketplace Seller,39.6,87.8378,84.3491,85.1579,0.9905,49.8462,1,Won,
Q102750,2024-08-01,CU2049,20216,Independent Retailer,185.6,41.3841,32.6304,40.5367,0.80496,22.0178,1,Won,
Q102751,2025-12-01,CU2039,20095,Marketplace Seller,678.9,16.5539,14.4898,13.8918,1.04305,11.8728,0,Lost,Price
Q102752,2026-06-01,CU2072,20194,Marketplace Seller,1428.9,28.4961,21.0173,26.0045,0.80822,22.0421,1,Won,
Q102753,2023-11-01,CU2041,20178,Sub-Distributor,64.9,35.7565,34.4378,37.4492,0.91959,24.4878,1,Won,
Q102754,2025-09-01,CU2049,20091,Independent Retailer,915.9,29.6963,27.0897,25.7676,1.05131,10.7585,0,Lost,Price
Q102755,2023-09-01,CU2005,20140,Independent Retailer,496.4,322.2874,302.8592,327.9716,0.92343,182.2166,1,Won,
Q102756,2024-04-01,CU2069,20028,E-commerce Pure-Play,436.9,32.4259,29.5072,34.0506,0.86657,23.1097,1,Won,
Q102757,2023-09-01,CU2016,20152,Corporate & B2B Buyer,723.9,20.423,20.8315,17.3655,1.19959,11.3495,0,Lost,Incumbent supplier
Q102758,2025-12-01,CU2139,20111,E-commerce Pure-Play,1223.6,35.3568,32.6554,37.0888,0.88046,21.2182,1,Won,
Q102759,2025-05-01,CU2091,20111,Independent Retailer,1143.2,40.7742,35.6154,38.099,0.93481,21.9688,1,Won,
Q102760,2024-08-01,CU2063,20073,Sub-Distributor,1488.9,21.6086,19.6552,21.2982,0.92286,16.9577,1,Won,
Q102761,2025-12-01,CU2004,20220,Independent Retailer,505.6,15.9351,14.0267,15.7112,0.89278,7.7587,1,Won,
Q102762,2023-08-01,CU2144,20208,Marketplace Seller,733.0,22.1682,18.0322,21.3425,0.8449,11.672,1,Won,
Q102763,2024-02-01,CU2059,20115,Independent Retailer,1084.1,65.5971,57.287,54.0825,1.05925,36.5292,0,Lost,Price
Q102764,2025-10-01,CU2091,20036,Independent Retailer,195.8,13.0388,11.2208,11.8922,0.94354,9.2707,1,Won,
Q102765,2025-03-01,CU2076,20049,Government & Education,1085.4,78.494,69.6326,78.9233,0.88228,39.4811,1,Won,
Q102766,2024-06-01,CU2026,20018,Marketplace Seller,49.9,98.8846,93.6024,95.7815,0.97725,44.2216,1,Won,
Q102767,2024-11-01,CU2141,20153,Marketplace Seller,277.4,24.8267,25.3232,24.6171,1.02868,14.2335,0,Lost,Price
Q102768,2026-03-01,CU2034,20007,Marketplace Seller,54.1,21.8247,18.2869,20.4734,0.8932,14.9137,1,Won,
Q102769,2023-07-01,CU2047,20116,Corporate & B2B Buyer,128.1,7.8486,7.0283,7.3461,0.95674,4.982,1,Won,
Q102770,2025-01-01,CU2060,20062,Subscription Box Operator,199.9,49.8424,39.2832,52.5061,0.74816,31.3256,1,Won,
Q102771,2025-09-01,CU2061,20071,Marketplace Seller,247.4,73.2626,68.543,66.5146,1.0305,49.2543,1,Won,
Q102772,2026-01-01,CU2021,20203,Corporate & B2B Buyer,855.0,17.8179,14.8395,17.6745,0.8396,11.8511,1,Won,
Q102773,2023-11-01,CU2145,20076,Regional Retail Chain,223.1,23.1834,19.2874,23.6231,0.81646,11.9156,1,Won,
Q102774,2024-07-01,CU2022,20237,Regional Retail Chain,657.6,66.567,52.8778,60.4166,0.87522,43.206,1,Won,
Q102775,2026-03-01,CU2094,20043,Regional Retail Chain,1154.0,43.1049,39.0107,37.2622,1.04692,20.9419,0,Lost,Price
Q102776,2025-07-01,CU2108,20022,Sub-Distributor,90.5,42.6892,42.8687,43.0605,0.99555,30.3306,0,Lost,Specification
Q102777,2025-09-01,CU2122,20197,Marketplace Seller,1003.4,15.1857,14.2459,12.6083,1.12988,7.9751,0,Lost,Lead time
Q102778,2026-01-01,CU2121,20078,Corporate & B2B Buyer,372.0,21.3921,18.4124,18.4051,1.00039,16.8851,0,Lost,Price
Q102779,2024-10-01,CU2006,20146,Independent Retailer,984.4,17.6399,14.6182,15.5393,0.94072,11.4573,0,Lost,Specification
Q102780,2023-10-01,CU2138,20143,Marketplace Seller,59.9,66.7058,57.7462,62.0046,0.93132,43.8795,0,Lost,Incumbent supplier
Q102781,2024-07-01,CU2030,20233,Independent Retailer,200.5,53.8505,48.8176,51.8867,0.94085,31.6645,0,Lost,Price
Q102782,2024-12-01,CU2017,20128,Government & Education,482.6,12.8501,11.4778,11.981,0.958,9.2893,1,Won,
Q102783,2024-10-01,CU2050,20039,Marketplace Seller,313.9,100.4845,89.8702,90.2044,0.9963,50.3231,1,Won,
Q102784,2024-03-01,CU2065,20178,Government & Education,635.8,35.9067,32.5812,32.304,1.00858,24.0776,1,Won,
Q102785,2024-06-01,CU2077,20149,Corporate & B2B Buyer,202.1,53.2555,45.6242,50.1978,0.90889,43.4162,1,Won,
Q102786,2025-03-01,CU2083,20048,Marketplace Seller,328.7,75.9837,65.706,77.8071,0.84447,62.7698,1,Won,
Q102787,2026-06-01,CU2118,20078,Regional Retail Chain,61.5,21.3921,17.6819,21.7018,0.81477,14.3933,1,Won,
Q102788,2025-05-01,CU2073,20087,Marketplace Seller,130.6,27.7601,23.4716,26.0011,0.90272,23.6048,1,Won,
Q102789,2024-11-01,CU2063,20040,Sub-Distributor,357.8,53.5119,46.676,55.4676,0.8415,28.3889,1,Won,
Q102790,2024-02-01,CU2104,20102,Corporate & B2B Buyer,510.5,53.308,46.995,43.4298,1.08209,33.6789,0,Lost,Price
Q102791,2025-12-01,CU2058,20102,Corporate & B2B Buyer,169.8,56.873,52.558,58.8907,0.89247,32.4002,0,Lost,Incumbent supplier
Q102792,2024-07-01,CU2110,20162,Independent Retailer,3594.6,15.756,14.4642,14.1329,1.02344,7.4429,1,Won,
Q102793,2025-05-01,CU2048,20210,E-commerce Pure-Play,149.2,39.2013,32.7575,41.2377,0.79436,27.5666,1,Won,
Q102794,2024-09-01,CU2074,20128,Corporate & B2B Buyer,132.9,12.8154,12.0142,12.0775,0.99475,8.9565,1,Won,
Q102795,2023-08-01,CU2003,20192,Regional Retail Chain,1661.8,22.8534,19.9176,20.8547,0.95507,14.2529,0,Lost,Price
Q102796,2025-08-01,CU2108,20040,Sub-Distributor,397.0,54.9154,50.1908,53.4414,0.93917,30.6548,0,Lost,Price
Q102797,2026-06-01,CU2055,20234,Marketplace Seller,1150.6,35.4738,34.5503,33.0599,1.04508,26.093,0,Lost,Price
Q102798,2025-01-01,CU2007,20207,Sub-Distributor,424.8,12.4183,11.7583,11.5882,1.01468,8.5622,1,Won,
Q102799,2025-03-01,CU2121,20059,Corporate & B2B Buyer,81.1,10.3216,9.5763,9.5738,1.00026,6.9313,0,Lost,Lead time
Q102800,2024-07-01,CU2117,20055,Marketplace Seller,1160.1,142.6098,102.9395,130.4578,0.78906,71.2876,1,Won,
Q102801,2023-12-01,CU2056,20172,Regional Retail Chain,1885.5,24.7017,23.4506,24.9331,0.94054,15.7481,0,Lost,Price
Q102802,2025-09-01,CU2031,20211,Corporate & B2B Buyer,940.0,39.7418,34.7791,35.1607,0.98915,27.3534,1,Won,
Q102803,2025-06-01,CU2060,20219,Subscription Box Operator,904.1,12.1417,10.8592,11.6759,0.93005,6.1403,0,Lost,Price
Q102804,2024-08-01,CU2139,20213,E-commerce Pure-Play,419.5,39.1015,28.2353,39.5302,0.71427,24.4044,1,Won,
Q102805,2023-12-01,CU2050,20022,Marketplace Seller,360.7,55.75,50.3258,53.4792,0.94103,37.4505,1,Won,
Q102806,2024-09-01,CU2076,20086,Government & Education,382.3,45.9545,46.076,38.9277,1.18363,22.4001,0,Lost,Incumbent supplier
Q102807,2024-10-01,CU2046,20109,Marketplace Seller,39.0,27.103,23.8436,28.003,0.85147,14.7938,1,Won,
Q102808,2025-10-01,CU2047,20212,Corporate & B2B Buyer,642.5,43.9636,38.5336,40.3356,0.95532,25.999,1,Won,
Q102809,2025-10-01,CU2149,20043,Corporate & B2B Buyer,310.5,44.6361,45.5288,44.0713,1.03307,23.9303,0,Lost,Price
Q102810,2024-09-01,CU2123,20168,Independent Retailer,486.3,16.8263,16.0131,13.6159,1.17606,10.7609,0,Lost,Lead time
Q102811,2024-12-01,CU2071,20153,Regional Retail Chain,609.4,24.8267,24.1298,23.3791,1.03211,15.22,1,Won,
Q102812,2026-03-01,CU2131,20195,Regional Retail Chain,456.2,48.5447,44.1918,50.5367,0.87445,25.0216,1,Won,
Q102813,2025-06-01,CU2130,20035,Corporate & B2B Buyer,415.5,51.1432,43.5681,48.6883,0.89484,25.7058,1,Won,
Q102814,2024-11-01,CU2093,20239,Independent Retailer,476.1,87.7113,78.5496,89.0329,0.88225,48.9436,1,Won,
Q102815,2025-03-01,CU2144,20000,Marketplace Seller,76.5,63.5084,56.0687,65.408,0.85722,37.5436,1,Won,
Q102816,2025-07-01,CU2149,20043,Corporate & B2B Buyer,494.9,44.1082,43.8355,39.9976,1.09595,24.2991,0,Lost,Incumbent supplier
Q102817,2026-05-01,CU2022,20149,Regional Retail Chain,325.2,66.6754,53.3696,69.6011,0.76679,37.6219,0,Lost,Price
Q102818,2023-10-01,CU2098,20053,Subscription Box Operator,274.3,18.2392,17.0563,16.0473,1.06288,10.6921,1,Won,
Q102819,2023-09-01,CU2041,20125,Sub-Distributor,54.3,14.6716,13.9605,14.2079,0.98259,10.094,0,Lost,Incumbent supplier
Q102820,2025-07-01,CU2104,20165,Corporate & B2B Buyer,82.5,17.8758,18.2333,14.534,1.25453,12.5344,0,Lost,Price
Q102821,2025-10-01,CU2014,20190,Marketplace Seller,91.5,36.6516,35.1951,32.9645,1.06767,24.736,0,Lost,Specification
Q102822,2023-10-01,CU2124,20220,Marketplace Seller,208.8,16.6396,14.0392,15.0339,0.93384,7.7041,1,Won,
Q102823,2025-07-01,CU2054,20104,Marketplace Seller,217.7,16.4024,16.7304,15.3928,1.0869,9.7431,0,Lost,Lead time
Q102824,2025-10-01,CU2140,20212,Subscription Box Operator,155.1,43.9636,41.0333,38.5226,1.06517,25.999,0,Lost,Incumbent supplier
Q102825,2026-01-01,CU2147,20020,Marketplace Seller,560.8,55.5739,48.7363,55.4959,0.8782,30.4437,1,Won,
Q102826,2024-01-01,CU2026,20190,Marketplace Seller,63.1,32.1017,26.6149,28.2891,0.94082,20.3328,1,Won,
Q102827,2023-10-01,CU2025,20006,E-commerce Pure-Play,196.6,38.5388,28.2353,31.1623,0.90607,20.5566,0,Lost,Lead time
Q102828,2025-01-01,CU2118,20192,Regional Retail Chain,211.2,18.5984,15.388,19.3976,0.79329,12.2275,1,Won,
Q102829,2026-05-01,CU2102,20236,Sub-Distributor,288.7,40.6558,34.1405,35.594,0.95916,24.3823,0,Lost,Lead time
Q102830,2026-04-01,CU2088,20003,Independent Retailer,278.2,29.2913,25.9426,28.895,0.89783,20.754,1,Won,
Q102831,2024-02-01,CU2111,20108,Independent Retailer,170.6,23.7209,19.761,22.5408,0.87668,16.7741,1,Won,
Q102832,2025-07-01,CU2035,20132,Corporate & B2B Buyer,903.7,9.2507,7.4194,9.4448,0.78555,7.3828,1,Won,
Q102833,2026-01-01,CU2128,20163,Marketplace Seller,268.6,17.7795,16.643,17.924,0.92853,13.7504,1,Won,
Q102834,2025-06-01,CU2017,20027,Government & Education,96.5,33.6233,26.3067,29.847,0.88139,22.3205,0,Lost,Lead time
Q102835,2025-02-01,CU2058,20097,Corporate & B2B Buyer,349.5,67.0046,64.9749,61.6654,1.05367,35.4503,0,Lost,Specification
Q102836,2026-06-01,CU2050,20002,Marketplace Seller,339.1,52.678,46.3562,48.4449,0.95688,33.4763,1,Won,
Q102837,2026-05-01,CU2103,20028,Marketplace Seller,174.2,32.4259,31.6375,30.9974,1.02065,19.3848,0,Lost,Price
Q102838,2026-02-01,CU2021,20184,Corporate & B2B Buyer,497.1,120.3636,118.2573,103.2006,1.1459,84.9903,1,Won,
Q102839,2026-05-01,CU2078,20228,E-commerce Pure-Play,186.8,40.1353,35.7235,35.039,1.01953,27.9765,0,Lost,Price
Q102840,2024-08-01,CU2063,20045,Sub-Distributor,173.8,18.4836,14.1794,15.928,0.89022,14.2612,1,Won,
Q102841,2026-06-01,CU2094,20068,Regional Retail Chain,157.7,19.6426,19.2399,20.5911,0.93438,11.8233,1,Won,
Q102842,2024-07-01,CU2060,20201,Subscription Box Operator,144.7,19.5303,18.3176,17.1615,1.06736,16.8419,0,Lost,Incumbent supplier
Q102843,2024-03-01,CU2104,20074,Corporate & B2B Buyer,338.8,48.6415,42.8474,49.0232,0.87402,26.9192,1,Won,
Q102844,2024-08-01,CU2025,20073,E-commerce Pure-Play,153.3,21.6086,17.8848,19.1822,0.93237,16.9577,1,Won,
Q102845,2025-04-01,CU2136,20236,Government & Education,104.7,43.9429,39.2713,38.3287,1.02459,28.5185,0,Lost,Specification
Q102846,2024-08-01,CU2013,20118,Independent Retailer,259.9,84.0652,77.3139,70.7527,1.09273,43.7186,0,Lost,Price
Q102847,2024-01-01,CU2012,20075,Government & Education,231.9,21.141,20.0921,21.8789,0.91833,11.9291,0,Lost,Specification
Q102848,2023-12-01,CU2007,20159,Sub-Distributor,1121.3,21.2533,18.8469,19.1639,0.98346,14.9043,1,Won,
Q102849,2026-02-01,CU2019,20126,E-commerce Pure-Play,220.7,53.4279,42.3509,47.6449,0.88889,23.8396,1,Won,
Q102850,2025-09-01,CU2114,20036,Corporate & B2B Buyer,527.1,13.0388,11.3753,13.515,0.84167,9.5437,1,Won,
Q102851,2024-01-01,CU2061,20043,Marketplace Seller,1565.1,43.3724,36.7732,40.0207,0.91885,27.1876,0,Lost,Incumbent supplier
Q102852,2025-01-01,CU2133,20039,Marketplace Seller,634.0,93.2607,90.2057,85.9743,1.04922,48.8282,0,Lost,Incumbent supplier
Q102853,2026-05-01,CU2141,20082,Marketplace Seller,31.9,33.2732,27.0789,32.5088,0.83297,14.5605,1,Won,
Q102854,2026-04-01,CU2097,20102,Subscription Box Operator,264.4,60.4683,57.0399,60.391,0.94451,37.2346,0,Lost,Price
Q102855,2025-12-01,CU2069,20171,E-commerce Pure-Play,287.9,33.6807,30.4147,28.6911,1.06007,30.1992,0,Lost,Incumbent supplier
Q102856,2026-01-01,CU2046,20105,Marketplace Seller,335.6,20.5362,18.857,18.5243,1.01796,12.7181,1,Won,
Q102857,2026-05-01,CU2076,20186,Government & Education,382.6,72.657,65.4996,64.6183,1.01364,48.5389,0,Lost,Price
Q102858,2025-07-01,CU2079,20037,Marketplace Seller,393.5,32.423,26.6757,28.6299,0.93174,17.5461,1,Won,
Q102859,2025-01-01,CU2022,20111,Regional Retail Chain,575.7,39.6685,38.9949,38.3255,1.01747,22.7231,1,Won,
Q102860,2025-07-01,CU2020,20167,Marketplace Seller,478.9,78.9554,77.9161,68.2537,1.14157,58.1078,0,Lost,Specification
Q102861,2026-01-01,CU2054,20056,Marketplace Seller,768.3,49.2632,42.8593,41.5063,1.0326,30.6865,0,Lost,Specification
Q102862,2026-01-01,CU2104,20027,Corporate & B2B Buyer,521.7,39.0221,37.5371,35.1761,1.06712,22.0729,1,Won,
Q102863,2025-07-01,CU2091,20154,Independent Retailer,579.1,44.5923,37.864,38.5422,0.9824,27.6281,0,Lost,Price
Q102864,2026-02-01,CU2104,20235,Corporate & B2B Buyer,44.1,70.3977,62.2816,63.9123,0.97448,45.774,0,Lost,Price
Q102865,2025-06-01,CU2036,20234,Regional Retail Chain,226.7,33.5835,32.9908,28.8543,1.14336,20.088,0,Lost,Specification
Q102866,2024-12-01,CU2061,20166,Marketplace Seller,310.7,15.3555,14.0137,14.8885,0.94124,11.2028,1,Won,
Q102867,2026-04-01,CU2132,20095,Subscription Box Operator,78.6,16.5539,15.4635,16.9239,0.91371,11.1982,1,Won,
Q102868,2026-05-01,CU2109,20207,Subscription Box Operator,104.7,12.0683,10.5563,11.9762,0.88144,7.7635,0,Lost,Price
Q102869,2023-09-01,CU2008,20234,Independent Retailer,201.8,32.5008,25.8123,33.1868,0.77779,25.6284,0,Lost,Incumbent supplier
Q102870,2025-01-01,CU2002,20068,Marketplace Seller,173.4,18.3404,14.2588,19.026,0.74944,11.1318,1,Won,
Q102871,2024-05-01,CU2149,20155,Corporate & B2B Buyer,113.6,132.1623,112.9698,121.3216,0.93116,92.1521,0,Lost,Price
Q102872,2023-11-01,CU2001,20068,Subscription Box Operator,822.0,21.1391,18.0585,20.732,0.87105,14.6774,1,Won,
Q102873,2025-06-01,CU2057,20237,Subscription Box Operator,254.1,61.373,49.6699,52.5229,0.94568,41.3428,1,Won,
Q102874,2024-03-01,CU2107,20101,E-commerce Pure-Play,277.1,15.3024,14.626,13.2008,1.10796,7.9021,0,Lost,Lead time
Q102875,2026-01-01,CU2093,20087,Independent Retailer,2477.9,38.4506,35.7475,31.5833,1.13185,25.1323,0,Lost,Price
Q102876,2026-05-01,CU2017,20221,Government & Education,219.0,20.9311,20.9135,18.1633,1.15142,18.253,0,Lost,Incumbent supplier
Q102877,2026-04-01,CU2102,20134,Sub-Distributor,867.3,23.1204,23.1198,24.3544,0.94931,11.2833,1,Won,
Q102878,2023-09-01,CU2082,20184,E-commerce Pure-Play,303.7,180.0445,144.9428,160.2979,0.90421,104.5655,1,Won,
Q102879,2026-04-01,CU2034,20082,Marketplace Seller,1252.4,35.9224,29.7854,37.2772,0.79903,14.5773,1,Won,
Q102880,2026-04-01,CU2081,20095,Regional Retail Chain,229.2,16.5539,12.4645,16.7424,0.74449,11.1982,1,Won,
Q102881,2023-09-01,CU2136,20192,Government & Education,21.2,22.8534,17.4583,23.292,0.74954,13.8216,0,Lost,Incumbent supplier
Q102882,2025-03-01,CU2141,20063,Marketplace Seller,86.6,90.6802,92.4938,81.5337,1.13442,67.1246,1,Won,
Q102883,2023-12-01,CU2112,20063,Government & Education,177.7,90.3471,83.7782,93.2036,0.89887,52.2543,0,Lost,Lead time
Q102884,2024-06-01,CU2088,20112,Independent Retailer,784.2,43.7766,37.0143,38.9478,0.95036,26.7412,0,Lost,Price
Q102885,2025-02-01,CU2092,20223,Marketplace Seller,744.7,15.1716,15.1391,15.5567,0.97316,8.3697,0,Lost,Price
Q102886,2023-09-01,CU2075,20192,Independent Retailer,368.6,22.8534,19.2635,19.3633,0.99485,13.8216,1,Won,
Q102887,2024-04-01,CU2088,20114,Independent Retailer,229.0,73.7553,61.6431,68.331,0.90213,41.3014,0,Lost,Lead time
Q102888,2024-02-01,CU2073,20208,Marketplace Seller,280.8,23.415,21.3865,21.0285,1.01702,12.2644,0,Lost,Incumbent supplier
Q102889,2024-02-01,CU2100,20050,Independent Retailer,691.8,12.2214,12.4658,12.8417,0.97073,6.6593,0,Lost,Incumbent supplier
Q102890,2024-03-01,CU2107,20020,E-commerce Pure-Play,4346.9,56.1601,50.0739,55.4436,0.90315,29.1194,1,Won,
Q102891,2024-03-01,CU2037,20107,Marketplace Seller,195.3,51.0212,47.3788,47.9879,0.98731,28.1249,1,Won,
Q102892,2024-06-01,CU2062,20202,Independent Retailer,905.2,46.9027,38.3616,37.6114,1.01995,25.6961,0,Lost,Specification
Q102893,2025-06-01,CU2003,20146,Regional Retail Chain,295.4,17.6399,13.8774,17.6876,0.78458,10.3731,1,Won,
Q102894,2026-02-01,CU2088,20016,Independent Retailer,124.1,19.4641,17.2331,16.8288,1.02403,11.7452,0,Lost,Specification
Q102895,2023-07-01,CU2026,20094,Marketplace Seller,711.6,18.173,15.1007,18.0919,0.83466,9.5454,1,Won,
Q102896,2023-12-01,CU2128,20176,Marketplace Seller,426.7,47.0695,38.3533,46.7311,0.82072,34.1247,1,Won,
Q102897,2024-10-01,CU2053,20166,Corporate & B2B Buyer,1104.3,16.5165,15.824,13.4635,1.17533,11.8004,0,Lost,Price
Q102898,2025-12-01,CU2095,20140,Sub-Distributor,211.7,233.1273,188.3417,191.9015,0.98145,166.9453,0,Lost,Price
Q102899,2025-11-01,CU2036,20036,Regional Retail Chain,384.2,13.0388,11.8691,11.6371,1.01994,9.0129,0,Lost,Specification
Q102900,2024-11-01,CU2133,20129,Marketplace Seller,93.6,18.4509,16.634,17.0405,0.97615,11.858,0,Lost,Price
Q102901,2024-07-01,CU2046,20039,Marketplace Seller,899.0,96.161,80.7008,99.8961,0.80785,52.5487,0,Lost,Specification
Q102902,2023-08-01,CU2108,20176,Sub-Distributor,515.7,44.4692,38.7978,38.3726,1.01108,33.2089,0,Lost,Lead time
Q102903,2024-01-01,CU2047,20173,Corporate & B2B Buyer,2105.2,30.8845,26.2187,31.547,0.8311,20.1943,0,Lost,Incumbent supplier
Q102904,2025-04-01,CU2032,20004,Sub-Distributor,152.0,30.3597,29.6866,29.8016,0.99614,20.9846,1,Won,
Q102905,2024-04-01,CU2044,20204,Corporate & B2B Buyer,234.2,23.0004,23.4604,20.0219,1.17174,13.1875,0,Lost,Price
Q102906,2026-04-01,CU2147,20054,Marketplace Seller,422.2,112.8334,100.4724,108.7193,0.92415,46.6735,0,Lost,Specification
Q102907,2025-09-01,CU2106,20155,Sub-Distributor,247.0,142.6863,130.6409,135.5721,0.96363,90.8739,1,Won,
Q102908,2025-12-01,CU2141,20221,Marketplace Seller,1346.5,24.2999,22.6142,20.8832,1.08289,18.8029,0,Lost,Incumbent supplier
Q102909,2024-02-01,CU2053,20007,Corporate & B2B Buyer,194.9,20.8679,17.9635,19.6702,0.91324,14.4137,1,Won,
Q102910,2024-11-01,CU2016,20045,Corporate & B2B Buyer,171.8,19.5173,18.777,18.221,1.03052,13.7214,0,Lost,Price
Q102911,2024-06-01,CU2043,20016,Government & Education,238.6,17.0603,13.9804,14.8102,0.94397,11.0669,0,Lost,Price
Q102912,2024-01-01,CU2071,20166,Regional Retail Chain,1191.3,14.6751,12.0464,11.905,1.01188,10.0674,0,Lost,Specification
Q102913,2023-11-01,CU2090,20167,Sub-Distributor,711.9,96.1103,79.9258,88.0175,0.90807,65.5191,1,Won,
Q102914,2025-08-01,CU2105,20197,Marketplace Seller,1134.3,15.1857,13.7434,12.8028,1.07347,7.6726,0,Lost,Price
Q102915,2025-09-01,CU2149,20147,Corporate & B2B Buyer,539.7,31.1649,26.6432,32.2396,0.82641,20.1289,1,Won,
Q102916,2026-01-01,CU2011,20200,Regional Retail Chain,225.9,28.8711,25.6792,23.9516,1.07213,20.091,0,Lost,Price
Q102917,2023-10-01,CU2143,20208,Sub-Distributor,770.0,23.415,21.862,21.1114,1.03556,12.0046,0,Lost,Incumbent supplier
Q102918,2025-11-01,CU2067,20143,Independent Retailer,966.0,55.7188,50.6027,46.8264,1.08064,30.9308,1,Won,
Q102919,2023-09-01,CU2124,20145,Marketplace Seller,222.6,15.7244,14.7662,13.4453,1.09824,8.4541,0,Lost,Price
Q102920,2024-06-01,CU2077,20179,Corporate & B2B Buyer,728.3,42.9314,41.395,35.1357,1.17815,24.6053,0,Lost,Price
Q102921,2024-04-01,CU2004,20029,Independent Retailer,1098.1,33.7342,25.5955,28.2529,0.90594,19.1043,1,Won,
Q102922,2024-02-01,CU2018,20194,Independent Retailer,51.4,19.0011,17.0662,16.4518,1.03734,11.8532,1,Won,
Q102923,2025-06-01,CU2094,20050,Regional Retail Chain,386.0,13.6716,10.8979,13.0123,0.83751,6.8471,1,Won,
Q102924,2026-02-01,CU2077,20159,Corporate & B2B Buyer,506.9,28.712,26.7935,23.8555,1.12316,19.0262,0,Lost,Lead time
Q102925,2025-02-01,CU2051,20047,Subscription Box Operator,1078.6,17.7178,17.6697,16.4451,1.07446,11.7275,1,Won,
Q102926,2024-12-01,CU2018,20155,Independent Retailer,162.2,139.8058,121.7809,120.5307,1.01037,98.2584,0,Lost,Price
Q102927,2025-02-01,CU2107,20118,E-commerce Pure-Play,461.5,85.601,80.3875,84.4132,0.95231,46.275,1,Won,
Q102928,2024-01-01,CU2079,20101,Marketplace Seller,434.2,15.1633,13.1457,14.5378,0.90424,7.8584,0,Lost,Specification
Q102929,2025-11-01,CU2076,20103,Government & Education,422.5,35.794,34.9553,31.8994,1.0958,16.2205,0,Lost,Price
Q102930,2024-09-01,CU2008,20021,Independent Retailer,279.4,43.3607,39.871,38.3377,1.03999,35.775,1,Won,
Q102931,2025-09-01,CU2140,20095,Subscription Box Operator,176.5,16.5539,15.2984,14.1233,1.08321,11.1429,0,Lost,Price
Q102932,2025-02-01,CU2086,20078,Marketplace Seller,137.9,24.885,21.6964,26.1274,0.83041,19.6666,1,Won,
Q102933,2025-08-01,CU2099,20132,E-commerce Pure-Play,439.6,9.2507,8.6151,8.3768,1.02846,7.4466,0,Lost,Lead time
Q102934,2024-05-01,CU2145,20172,Regional Retail Chain,189.0,22.1846,20.6195,23.1804,0.88952,17.0736,1,Won,
Q102935,2025-10-01,CU2054,20006,Marketplace Seller,470.3,39.6539,34.8539,35.4931,0.98199,18.8173,1,Won,
Q102936,2024-10-01,CU2122,20094,Marketplace Seller,252.4,19.2528,17.846,15.6111,1.14316,9.3184,0,Lost,Price
Q102937,2025-07-01,CU2066,20192,Corporate & B2B Buyer,445.9,18.8708,15.096,16.7802,0.89963,12.2854,1,Won,
Q102938,2024-12-01,CU2134,20187,Marketplace Seller,657.5,37.7387,34.0139,37.326,0.91127,26.9251,1,Won,
Q102939,2025-01-01,CU2022,20069,Regional Retail Chain,539.1,21.657,21.6693,18.27,1.18606,14.7523,0,Lost,Price
Q102940,2024-12-01,CU2108,20004,Sub-Distributor,792.3,32.9054,27.6786,30.008,0.92237,19.4726,0,Lost,Price
Q102941,2025-05-01,CU2011,20110,Regional Retail Chain,820.1,126.3325,109.4064,114.0902,0.95895,69.1828,0,Lost,Incumbent supplier
Q102942,2023-10-01,CU2049,20199,Independent Retailer,996.1,13.3637,11.5716,13.8998,0.8325,9.771,0,Lost,Incumbent supplier
Q102943,2025-03-01,CU2087,20231,Sub-Distributor,75.8,44.5225,40.4962,46.2857,0.87492,22.6895,1,Won,
Q102944,2023-12-01,CU2118,20186,Regional Retail Chain,814.7,61.1722,52.024,54.7029,0.95103,36.9743,1,Won,
Q102945,2023-09-01,CU2119,20182,Marketplace Seller,668.1,36.9733,31.835,39.0058,0.81616,26.9373,1,Won,
Q102946,2024-07-01,CU2045,20056,Subscription Box Operator,91.6,45.9385,38.6795,41.2048,0.93871,28.7417,0,Lost,Specification
Q102947,2025-03-01,CU2048,20231,E-commerce Pure-Play,485.1,44.5225,39.4042,44.1766,0.89197,22.6895,1,Won,
Q102948,2025-11-01,CU2105,20017,Marketplace Seller,122.8,28.3985,25.3551,27.1328,0.93448,15.4517,0,Lost,Price
Q102949,2026-05-01,CU2053,20190,Corporate & B2B Buyer,232.0,37.0742,35.7966,37.8143,0.94664,22.5708,0,Lost,Incumbent supplier
Q102950,2024-02-01,CU2139,20029,E-commerce Pure-Play,463.0,33.9494,33.3213,33.2988,1.00067,20.3024,1,Won,
Q102951,2023-08-01,CU2137,20032,E-commerce Pure-Play,592.1,19.0384,16.2202,17.5875,0.92226,12.6312,1,Won,
Q102952,2025-08-01,CU2025,20005,E-commerce Pure-Play,194.4,35.1636,33.5142,28.2124,1.18793,18.3686,0,Lost,Specification
Q102953,2026-01-01,CU2055,20003,Marketplace Seller,39.8,27.9541,24.8564,23.3429,1.06484,18.6278,0,Lost,Price
Q102954,2025-08-01,CU2004,20233,Independent Retailer,189.9,53.8505,48.9875,52.1352,0.93962,29.0488,0,Lost,Price
Q102955,2024-06-01,CU2148,20180,Regional Retail Chain,894.4,17.2146,15.5658,16.66,0.93432,10.7336,0,Lost,Price
Q102956,2024-11-01,CU2126,20230,Marketplace Seller,143.6,39.653,34.3016,37.3168,0.9192,19.0581,1,Won,
Q102957,2024-08-01,CU2142,20149,Marketplace Seller,327.0,64.0142,53.6421,65.8373,0.81477,44.655,1,Won,
Q102958,2025-01-01,CU2054,20179,Marketplace Seller,423.0,47.1026,43.9441,38.4064,1.14419,22.3777,0,Lost,Price
Q102959,2025-02-01,CU2042,20059,Corporate & B2B Buyer,295.3,10.3216,9.1824,10.4907,0.87529,6.6111,0,Lost,Lead time
Q102960,2024-06-01,CU2138,20063,Marketplace Seller,151.0,86.9459,73.2822,88.5064,0.82799,66.6902,1,Won,
Q102961,2024-12-01,CU2131,20133,Regional Retail Chain,1010.3,43.8378,39.1242,42.7018,0.91622,21.1526,1,Won,
Q102962,2023-11-01,CU2134,20115,Marketplace Seller,289.3,71.8868,69.3189,61.8768,1.12027,40.5819,0,Lost,Incumbent supplier
Q102963,2026-06-01,CU2081,20120,Regional Retail Chain,61.5,68.1132,56.4105,63.2876,0.89134,28.6477,1,Won,
Q102964,2024-03-01,CU2051,20114,Subscription Box Operator,205.2,73.7553,65.5284,59.5033,1.10126,44.5959,1,Won,
Q102965,2023-08-01,CU2143,20154,Sub-Distributor,383.2,42.2854,38.2406,34.2113,1.11778,23.3504,0,Lost,Price
Q102966,2023-12-01,CU2014,20202,Marketplace Seller,243.2,46.9027,42.2879,48.5663,0.87073,30.9595,1,Won,
Q102967,2023-12-01,CU2013,20109,Independent Retailer,968.9,26.4573,25.7133,27.1043,0.94868,14.6142,0,Lost,Specification
Q102968,2023-08-01,CU2069,20152,E-commerce Pure-Play,453.8,20.423,17.0574,19.7124,0.86531,12.0238,1,Won,
Q102969,2025-12-01,CU2020,20148,Marketplace Seller,742.0,67.3491,63.1096,67.9984,0.9281,32.9314,1,Won,
Q102970,2024-12-01,CU2148,20090,Regional Retail Chain,1007.3,31.9466,31.0906,31.3408,0.99202,22.4413,0,Lost,Price
Q102971,2024-12-01,CU2137,20180,E-commerce Pure-Play,225.3,17.7451,15.6268,14.2109,1.09963,11.6878,1,Won,
Q102972,2026-05-01,CU2073,20050,Marketplace Seller,658.7,15.0054,12.1502,13.6228,0.8919,7.2483,1,Won,
Q102973,2025-12-01,CU2053,20090,Corporate & B2B Buyer,91.2,31.9466,26.4754,31.4101,0.84289,26.15,1,Won,
Q102974,2024-04-01,CU2127,20028,Corporate & B2B Buyer,563.1,32.4259,28.8334,26.9196,1.07109,23.1097,1,Won,
Q102975,2025-01-01,CU2022,20185,Regional Retail Chain,892.3,9.3986,8.8556,8.4427,1.04891,5.5609,0,Lost,Price
Q102976,2025-05-01,CU2072,20116,Marketplace Seller,227.6,9.7224,8.5507,8.7279,0.97969,5.507,1,Won,
Q102977,2026-06-01,CU2112,20097,Government & Education,606.8,67.0046,58.6023,66.3089,0.88378,30.9222,1,Won,
Q102978,2024-07-01,CU2070,20123,Marketplace Seller,193.3,10.946,10.0902,10.7299,0.94038,6.7405,0,Lost,Price
Q102979,2024-03-01,CU2041,20215,Sub-Distributor,147.4,11.8721,10.564,11.9177,0.88641,8.0484,1,Won,
Q102980,2025-09-01,CU2048,20062,E-commerce Pure-Play,268.9,44.17,32.5214,36.3579,0.89448,38.48,1,Won,
Q102981,2024-09-01,CU2119,20145,Marketplace Seller,384.2,14.9289,12.6961,13.0451,0.97325,9.6056,0,Lost,Lead time
Q102982,2024-12-01,CU2119,20123,Marketplace Seller,234.3,11.1058,10.4393,10.0384,1.03994,7.0347,0,Lost,Price
Q102983,2023-07-01,CU2111,20098,Independent Retailer,585.1,19.8121,16.6821,18.3713,0.90805,12.5992,0,Lost,Price
Q102984,2025-09-01,CU2053,20209,Corporate & B2B Buyer,224.5,15.1911,13.4523,12.8133,1.04986,10.9413,0,Lost,Specification
Q102985,2025-03-01,CU2126,20088,Marketplace Seller,223.9,17.4015,14.2289,15.4716,0.91968,10.0586,1,Won,
Q102986,2024-05-01,CU2134,20087,Marketplace Seller,142.2,28.4527,24.5745,26.3084,0.93409,21.0935,1,Won,
Q102987,2024-10-01,CU2085,20074,Government & Education,158.3,46.5718,47.5032,46.9925,1.01087,27.5778,0,Lost,Lead time
Q102988,2025-03-01,CU2104,20143,Corporate & B2B Buyer,158.0,56.5462,47.0376,49.4317,0.95157,29.0711,0,Lost,Price
Q102989,2026-02-01,CU2087,20073,Sub-Distributor,3914.6,21.6086,17.6229,22.1042,0.79726,19.2236,1,Won,
Q102990,2024-06-01,CU2088,20018,Independent Retailer,149.5,98.8846,92.7608,89.3381,1.03831,44.2216,0,Lost,Lead time
Q102991,2026-06-01,CU2009,20020,Marketplace Seller,258.7,74.8206,72.3727,75.459,0.9591,36.2619,0,Lost,Price
Q102992,2023-09-01,CU2041,20183,Sub-Distributor,275.6,99.2203,85.9954,84.0129,1.0236,52.4133,1,Won,
Q102993,2023-07-01,CU2069,20146,E-commerce Pure-Play,261.3,18.2817,16.1436,16.9014,0.95516,12.6133,1,Won,
Q102994,2025-03-01,CU2068,20155,E-commerce Pure-Play,721.6,146.7258,123.5216,120.4913,1.02515,95.2224,0,Lost,Price
Q102995,2023-09-01,CU2022,20055,Regional Retail Chain,763.9,144.1157,128.1707,151.1942,0.84772,79.4378,1,Won,
Q102996,2025-12-01,CU2047,20218,Corporate & B2B Buyer,1125.0,40.8569,35.6344,40.9052,0.87115,21.6081,0,Lost,Specification
Q102997,2025-03-01,CU2032,20015,Sub-Distributor,248.1,13.6506,12.3545,14.3163,0.86297,8.3377,1,Won,
Q102998,2024-10-01,CU2088,20208,Independent Retailer,506.1,23.9945,20.5895,24.6151,0.83646,13.3658,1,Won,
Q102999,2024-10-01,CU2104,20024,Corporate & B2B Buyer,262.4,37.61,32.6575,32.737,0.99757,21.9969,1,Won,
Q103000,2025-01-01,CU2096,20170,Marketplace Seller,237.1,19.8924,15.1992,18.6315,0.81578,10.3499,1,Won,
Q103001,2024-10-01,CU2051,20235,Subscription Box Operator,1021.8,75.9276,64.2045,70.0772,0.9162,47.5828,1,Won,
Q103002,2023-08-01,CU2046,20001,Marketplace Seller,136.1,18.3159,17.0117,19.2306,0.88462,9.8481,1,Won,
Q103003,2026-04-01,CU2002,20171,Marketplace Seller,2060.9,54.1465,48.6501,49.1319,0.99019,33.3147,1,Won,
Q103004,2024-02-01,CU2038,20103,Marketplace Seller,154.9,34.7145,27.8898,29.8279,0.93502,20.6944,0,Lost,Price
Q103005,2024-12-01,CU2054,20029,Marketplace Seller,141.7,31.0172,22.5534,28.4691,0.79221,14.2366,1,Won,
Q103006,2026-01-01,CU2054,20062,Marketplace Seller,128.1,44.8365,38.2246,47.239,0.80918,37.3848,1,Won,
Q103007,2024-10-01,CU2000,20039,Independent Retailer,413.8,100.4845,77.6443,104.1727,0.74534,50.3231,1,Won,
Q103008,2024-12-01,CU2004,20100,Independent Retailer,284.5,23.0289,21.679,23.628,0.91751,16.9969,0,Lost,Incumbent supplier
Q103009,2025-01-01,CU2032,20105,Sub-Distributor,496.1,20.7288,19.4423,18.7079,1.03925,13.6665,0,Lost,Specification
Q103010,2026-01-01,CU2031,20165,Corporate & B2B Buyer,444.6,18.0801,17.1316,16.946,1.01095,13.1558,0,Lost,Specification
Q103011,2024-04-01,CU2059,20097,Independent Retailer,387.5,67.0046,56.3841,61.3881,0.91849,36.4511,1,Won,
Q103012,2023-07-01,CU2011,20130,Regional Retail Chain,226.0,82.2149,72.588,80.1071,0.90614,56.8734,1,Won,
Q103013,2025-03-01,CU2107,20062,E-commerce Pure-Play,386.9,40.0607,36.8169,42.339,0.86957,29.5989,1,Won,
Q103014,2024-04-01,CU2029,20044,Independent Retailer,164.0,13.9973,11.8972,11.4724,1.03703,7.6382,1,Won,
Q103015,2025-06-01,CU2121,20140,Corporate & B2B Buyer,1137.8,226.6059,192.2769,219.9309,0.87426,169.7071,0,Lost,Price
Q103016,2025-04-01,CU2071,20211,Regional Retail Chain,610.9,39.7418,33.7403,38.333,0.88019,30.6333,1,Won,
Q103017,2024-09-01,CU2072,20091,Marketplace Seller,148.9,24.3261,18.9778,22.2653,0.85235,13.2,1,Won,
Q103018,2025-04-01,CU2108,20097,Sub-Distributor,836.2,67.0046,60.8315,58.6974,1.03636,34.556,1,Won,
Q103019,2024-10-01,CU2061,20215,Marketplace Seller,76.7,11.8721,11.7471,11.1095,1.0574,8.6896,0,Lost,Lead time
Q103020,2024-03-01,CU2027,20139,Marketplace Seller,634.4,9.4838,8.5172,9.0044,0.9459,6.4883,1,Won,
Q103021,2026-03-01,CU2022,20196,Regional Retail Chain,147.4,22.1216,18.4436,22.2385,0.82935,20.0884,1,Won,
Q103022,2023-10-01,CU2105,20018,Marketplace Seller,1410.1,98.9927,87.3233,96.0746,0.90891,49.2814,1,Won,
Q103023,2024-06-01,CU2108,20223,Sub-Distributor,754.0,15.4419,12.4629,15.3008,0.81453,8.6363,0,Lost,Specification
Q103024,2025-03-01,CU2081,20001,Regional Retail Chain,533.2,18.177,15.3044,18.9768,0.80648,10.9251,1,Won,
Q103025,2026-05-01,CU2090,20192,Sub-Distributor,170.8,23.9182,21.3061,23.9089,0.89114,14.5298,1,Won,
Q103026,2025-07-01,CU2003,20027,Regional Retail Chain,249.0,35.2869,28.2869,30.4967,0.92754,23.345,1,Won,
Q103027,2023-09-01,CU2018,20210,Independent Retailer,275.2,41.7639,37.3176,36.7064,1.01665,22.9887,1,Won,
Q103028,2023-12-01,CU2149,20195,Corporate & B2B Buyer,702.6,48.5447,46.2406,49.6632,0.93108,28.9243,1,Won,
Q103029,2024-02-01,CU2084,20219,Marketplace Seller,291.2,14.3058,12.4282,14.971,0.83015,6.707,1,Won,
Q103030,2025-11-01,CU2107,20124,E-commerce Pure-Play,235.7,14.8765,13.7964,13.648,1.01087,10.388,1,Won,
Q103031,2026-03-01,CU2123,20073,Independent Retailer,93.1,21.6086,16.4194,18.2061,0.90186,18.5638,1,Won,
Q103032,2026-02-01,CU2143,20025,Sub-Distributor,485.6,38.9009,30.5962,38.0414,0.80429,26.8148,1,Won,
Q103033,2025-04-01,CU2112,20090,Government & Education,89.7,31.9466,28.3555,31.2998,0.90593,24.419,1,Won,
Q103034,2024-02-01,CU2005,20024,Independent Retailer,608.9,40.8303,34.5836,43.0504,0.80333,30.2399,1,Won,
Q103035,2026-03-01,CU2147,20055,Marketplace Seller,374.3,161.3887,135.783,135.4378,1.00255,58.4546,0,Lost,Price
Q103036,2024-06-01,CU2007,20038,Sub-Distributor,194.2,77.3495,69.4375,77.9415,0.89089,62.6257,1,Won,
Q103037,2024-06-01,CU2018,20222,Independent Retailer,293.3,28.0954,25.1739,24.3223,1.03501,16.4465,0,Lost,Specification
Q103038,2026-05-01,CU2142,20180,Marketplace Seller,875.1,17.3155,15.113,16.2655,0.92915,11.3763,0,Lost,Price
Q103039,2024-02-01,CU2062,20008,Independent Retailer,434.0,18.8171,16.0696,18.2686,0.87963,12.0569,0,Lost,Lead time
Q103040,2024-04-01,CU2104,20089,Corporate & B2B Buyer,1193.7,65.9241,59.8509,63.4912,0.94267,46.719,1,Won,
Q103041,2024-11-01,CU2135,20053,Sub-Distributor,221.1,19.4003,18.5275,16.4541,1.12601,10.5393,0,Lost,Price
Q103042,2023-08-01,CU2093,20231,Independent Retailer,1012.0,44.5225,43.4836,38.8606,1.11896,27.0454,0,Lost,Lead time
Q103043,2024-05-01,CU2012,20023,Government & Education,528.0,26.2896,25.8222,22.4698,1.1492,20.8188,0,Lost,Incumbent supplier
Q103044,2024-08-01,CU2074,20149,Corporate & B2B Buyer,468.3,64.0142,57.7659,58.4128,0.98892,44.655,1,Won,
Q103045,2024-07-01,CU2013,20002,Independent Retailer,256.7,49.5932,50.5851,39.9315,1.2668,39.3155,0,Lost,Price
Q103046,2023-07-01,CU2092,20142,Marketplace Seller,123.2,31.1289,30.4253,30.7093,0.99075,19.5228,0,Lost,Specification
Q103047,2026-01-01,CU2021,20060,Corporate & B2B Buyer,195.3,24.8285,21.6148,21.7004,0.99606,14.8994,1,Won,
Q103048,2025-02-01,CU2143,20012,Sub-Distributor,498.4,17.2759,14.6476,15.3354,0.95515,6.0885,0,Lost,Price
Q103049,2024-08-01,CU2014,20044,Marketplace Seller,508.8,13.5077,12.589,12.7769,0.98529,8.3346,0,Lost,Price
Q103050,2025-03-01,CU2012,20094,Government & Education,851.6,18.7872,16.9861,16.6401,1.0208,8.3099,0,Lost,Price
Q103051,2025-03-01,CU2079,20185,Marketplace Seller,645.3,9.3986,9.0176,8.7207,1.03405,5.6157,0,Lost,Lead time
Q103052,2026-03-01,CU2145,20004,Regional Retail Chain,69.0,28.2149,24.8841,28.4048,0.87605,19.3963,1,Won,
Q103053,2025-10-01,CU2095,20157,Sub-Distributor,49.3,55.1385,50.7226,55.9926,0.90588,37.6622,0,Lost,Price
Q103054,2025-01-01,CU2135,20224,Sub-Distributor,147.8,8.0513,8.1135,6.5519,1.23834,7.1261,0,Lost,Price
Q103055,2025-03-01,CU2094,20016,Regional Retail Chain,184.8,17.4441,16.7724,16.7406,1.0019,11.8816,1,Won,
Q103056,2025-09-01,CU2073,20136,Marketplace Seller,316.9,19.8651,18.2254,20.4208,0.89249,15.1119,1,Won,
Q103057,2026-02-01,CU2087,20086,Sub-Distributor,763.5,43.9236,44.8021,35.9297,1.24694,18.8247,0,Lost,Price
Q103058,2026-05-01,CU2107,20093,E-commerce Pure-Play,888.6,61.7863,53.6706,52.1386,1.02938,34.2611,1,Won,
Q103059,2026-05-01,CU2064,20031,Independent Retailer,340.2,7.3149,6.1226,7.7519,0.78983,4.141,1,Won,
Q103060,2025-06-01,CU2136,20071,Government & Education,198.4,77.6687,73.931,73.3286,1.00822,48.4054,0,Lost,Incumbent supplier
Q103061,2025-01-01,CU2144,20063,Marketplace Seller,1421.1,86.9543,72.7402,74.996,0.96992,65.9135,1,Won,
Q103062,2024-09-01,CU2120,20068,Independent Retailer,247.6,18.3404,14.1387,15.9685,0.88541,12.1271,1,Won,
Q103063,2025-05-01,CU2105,20219,Marketplace Seller,1077.4,12.1417,11.8227,10.8652,1.08813,5.9896,1,Won,
Q103064,2026-01-01,CU2107,20013,E-commerce Pure-Play,1661.1,77.737,68.7333,79.996,0.85921,44.4595,1,Won,
Q103065,2026-01-01,CU2089,20091,Marketplace Seller,400.3,30.4782,27.0262,31.6823,0.85304,11.1814,1,Won,
Q103066,2023-08-01,CU2130,20070,Corporate & B2B Buyer,778.8,18.9605,18.3594,16.4485,1.11617,13.029,0,Lost,Price
Q103067,2026-05-01,CU2013,20233,Independent Retailer,736.0,53.8505,46.8697,55.8667,0.83896,30.8975,0,Lost,Lead time
Q103068,2024-03-01,CU2054,20012,Marketplace Seller,367.9,15.0512,12.1381,13.8638,0.87553,7.4731,1,Won,
Q103069,2023-11-01,CU2097,20237,Subscription Box Operator,356.7,81.873,78.9513,80.2765,0.98349,53.0435,0,Lost,Price
Q103070,2025-09-01,CU2050,20000,Marketplace Seller,111.7,58.5689,49.6928,59.2253,0.83905,39.522,1,Won,
Q103071,2024-10-01,CU2014,20068,Marketplace Seller,1377.3,18.3404,16.6451,16.0952,1.03416,12.3115,0,Lost,Lead time
Q103072,2025-03-01,CU2013,20167,Independent Retailer,707.9,84.2831,65.9541,85.8004,0.76869,55.934,1,Won,
Q103073,2026-04-01,CU2094,20034,Regional Retail Chain,142.2,77.1103,58.5912,77.9958,0.75121,35.1496,1,Won,
Q103074,2025-10-01,CU2054,20132,Marketplace Seller,60.1,8.6253,7.5342,7.4832,1.00682,7.2384,0,Lost,Price
Q103075,2025-09-01,CU2146,20181,E-commerce Pure-Play,496.0,17.3456,15.1575,14.5611,1.04096,11.9175,0,Lost,Price
Q103076,2024-08-01,CU2045,20082,Subscription Box Operator,222.0,38.6949,39.4362,39.7097,0.99311,18.0798,0,Lost,Price
Q103077,2023-08-01,CU2089,20174,Marketplace Seller,390.3,12.8281,11.5286,11.7151,0.98408,8.5792,1,Won,
Q103078,2025-12-01,CU2141,20110,Marketplace Seller,171.0,131.254,105.8774,106.879,0.99063,58.8323,1,Won,
Q103079,2026-02-01,CU2112,20171,Government & Education,473.5,54.1465,52.2067,49.2494,1.06005,32.8994,1,Won,
Q103080,2025-06-01,CU2120,20157,Independent Retailer,285.1,54.6373,46.8849,56.5769,0.82869,40.7737,1,Won,
Q103081,2024-11-01,CU2113,20050,Independent Retailer,3306.1,13.0066,11.9088,11.7334,1.01495,6.1777,0,Lost,Incumbent supplier
Q103082,2026-04-01,CU2099,20009,E-commerce Pure-Play,218.6,32.5708,29.1499,28.8628,1.00995,13.9131,0,Lost,Specification
Q103083,2026-06-01,CU2115,20192,Sub-Distributor,2653.6,23.9182,21.3648,25.1047,0.85103,13.5777,1,Won,
Q103084,2023-08-01,CU2062,20138,Independent Retailer,234.0,24.8446,20.9291,24.9229,0.83975,14.7349,0,Lost,Specification
Q103085,2024-09-01,CU2016,20188,Corporate & B2B Buyer,180.7,11.6907,10.5765,11.4227,0.92592,8.2873,0,Lost,Price
Q103086,2025-11-01,CU2114,20172,Corporate & B2B Buyer,133.5,35.0272,30.2027,34.3345,0.87966,22.7845,1,Won,
Q103087,2025-08-01,CU2029,20147,Independent Retailer,674.7,31.1649,28.589,25.5278,1.11992,20.461,0,Lost,Price
Q103088,2025-09-01,CU2130,20107,Corporate & B2B Buyer,108.1,48.9229,39.4787,43.4249,0.90913,32.928,0,Lost,Price
Q103089,2024-02-01,CU2015,20233,Corporate & B2B Buyer,130.6,53.8505,48.8942,55.6141,0.87917,30.2027,0,Lost,Price
Q103090,2023-09-01,CU2020,20076,Marketplace Seller,360.5,23.1834,20.6051,20.6874,0.99602,12.6069,1,Won,
Q103091,2023-08-01,CU2140,20034,Subscription Box Operator,148.6,90.6746,86.5059,75.0129,1.15321,50.5116,0,Lost,Lead time
Q103092,2024-01-01,CU2129,20182,Regional Retail Chain,308.8,36.2402,29.8163,31.7464,0.9392,24.2504,1,Won,
Q103093,2025-06-01,CU2130,20232,Corporate & B2B Buyer,159.8,39.3195,35.3508,41.3071,0.8558,28.2967,0,Lost,Price
Q103094,2026-06-01,CU2054,20017,Marketplace Seller,65.7,23.7358,21.742,24.4726,0.88842,13.051,1,Won,
Q103095,2025-09-01,CU2071,20106,Regional Retail Chain,589.0,19.7199,17.5296,20.4182,0.85853,11.282,1,Won,
Q103096,2025-04-01,CU2095,20150,Sub-Distributor,201.9,25.486,20.4082,20.5389,0.99364,13.7721,0,Lost,Lead time
Q103097,2024-03-01,CU2114,20088,Corporate & B2B Buyer,366.8,20.3769,19.654,21.5748,0.91097,11.0711,1,Won,
Q103098,2023-10-01,CU2147,20011,Marketplace Seller,186.4,24.2936,24.6309,24.4912,1.00571,18.1701,1,Won,
Q103099,2026-02-01,CU2135,20053,Sub-Distributor,551.0,20.9172,18.3323,19.5526,0.93759,9.9066,1,Won,
Q103100,2024-03-01,CU2088,20119,Independent Retailer,288.9,51.1664,49.3218,45.7181,1.07883,27.8332,0,Lost,Incumbent supplier
Q103101,2025-02-01,CU2086,20130,Marketplace Seller,125.1,75.8908,63.3691,80.2798,0.78935,50.8991,1,Won,
Q103102,2026-05-01,CU2046,20067,Marketplace Seller,579.6,10.5402,10.1035,8.6535,1.16756,6.1933,0,Lost,Price
Q103103,2024-02-01,CU2140,20051,Subscription Box Operator,306.5,70.897,61.5992,57.5513,1.07034,47.0892,1,Won,
Q103104,2024-04-01,CU2081,20029,Regional Retail Chain,1075.7,33.7342,33.1129,29.6285,1.1176,19.1043,0,Lost,Price
Q103105,2025-08-01,CU2045,20062,Subscription Box Operator,217.9,44.17,38.6856,45.2859,0.85425,35.8395,0,Lost,Incumbent supplier
Q103106,2026-02-01,CU2090,20071,Sub-Distributor,93.9,65.7625,60.7443,65.8959,0.92182,38.702,1,Won,
Q103107,2024-10-01,CU2048,20232,E-commerce Pure-Play,640.8,41.0741,37.3874,32.9126,1.13596,26.6253,0,Lost,Specification
Q103108,2024-08-01,CU2065,20081,Government & Education,650.5,63.9641,51.3573,60.9068,0.84321,38.4722,0,Lost,Price
Q103109,2025-04-01,CU2139,20220,E-commerce Pure-Play,121.7,15.9136,12.9367,16.0999,0.80353,7.5056,1,Won,
Q103110,2024-07-01,CU2010,20029,Sub-Distributor,68.4,33.7342,29.7543,28.875,1.03045,16.8412,1,Won,
Q103111,2025-03-01,CU2055,20150,Marketplace Seller,382.7,25.486,20.5184,22.4066,0.91573,13.9772,1,Won,
Q103112,2026-06-01,CU2034,20130,Marketplace Seller,960.4,59.9045,53.4437,53.5537,0.99795,38.0923,1,Won,
Q103113,2025-02-01,CU2012,20235,Government & Education,312.2,80.7092,75.0508,80.8011,0.92883,52.8433,1,Won,
Q103114,2024-11-01,CU2030,20081,Independent Retailer,763.5,65.744,59.1712,68.2487,0.86699,42.0977,1,Won,
Q103115,2024-02-01,CU2000,20177,Independent Retailer,148.9,35.3179,35.609,36.3133,0.98061,23.2713,1,Won,
Q103116,2024-02-01,CU2122,20157,Marketplace Seller,1260.0,54.4083,38.1331,46.4402,0.82112,41.6233,1,Won,
Q103117,2025-06-01,CU2018,20064,Independent Retailer,919.2,49.0268,44.1201,42.3366,1.04213,33.1997,1,Won,
Q103118,2025-08-01,CU2044,20154,Corporate & B2B Buyer,453.0,48.3333,43.8838,50.2704,0.87295,27.7675,1,Won,
Q103119,2023-11-01,CU2078,20190,E-commerce Pure-Play,303.7,33.7233,33.2917,31.2602,1.06499,21.97,0,Lost,Price
Q103120,2025-12-01,CU2141,20024,Marketplace Seller,82.1,40.9149,36.9085,33.6509,1.09681,28.1746,0,Lost,Price
Q103121,2025-04-01,CU2071,20013,Regional Retail Chain,3331.1,79.717,65.5399,74.9446,0.87451,48.1041,1,Won,
Q103122,2025-06-01,CU2048,20054,E-commerce Pure-Play,106.7,133.2003,111.2937,124.808,0.89172,59.7219,1,Won,
Q103123,2026-01-01,CU2030,20193,Independent Retailer,116.2,43.6001,40.4848,40.482,1.00007,34.2803,1,Won,
Q103124,2025-03-01,CU2024,20226,Corporate & B2B Buyer,483.7,12.8872,11.9828,10.3811,1.15429,6.663,1,Won,
Q103125,2024-02-01,CU2002,20023,Marketplace Seller,588.5,26.4337,21.5908,27.347,0.78951,18.0473,1,Won,
Q103126,2025-11-01,CU2008,20126,Independent Retailer,59.5,53.4279,48.4295,49.0978,0.98639,28.3929,1,Won,
Q103127,2023-07-01,CU2111,20212,Independent Retailer,179.1,38.1844,38.9481,36.4655,1.06808,23.9866,1,Won,
Q103128,2025-08-01,CU2047,20228,Corporate & B2B Buyer,347.0,41.8527,36.3855,38.4516,0.94627,25.8477,1,Won,
Q103129,2026-02-01,CU2051,20036,Subscription Box Operator,379.8,12.7493,11.6122,12.4001,0.93646,8.202,1,Won,
Q103130,2023-09-01,CU2121,20185,Corporate & B2B Buyer,543.8,9.6174,8.4483,8.7303,0.9677,5.0496,1,Won,
Q103131,2024-03-01,CU2017,20182,Government & Education,70.6,34.6536,27.7197,32.5388,0.8519,23.8176,1,Won,
Q103132,2026-06-01,CU2043,20212,Government & Education,401.6,43.7472,35.8812,37.1471,0.96592,26.162,1,Won,
Q103133,2026-04-01,CU2034,20166,Marketplace Seller,139.8,15.6452,13.616,14.3359,0.94978,12.2384,1,Won,
Q103134,2024-02-01,CU2049,20004,Independent Retailer,157.8,28.6768,27.0538,27.6655,0.97789,15.8176,1,Won,
Q103135,2023-10-01,CU2104,20218,Corporate & B2B Buyer,530.3,51.0774,43.8009,42.4844,1.03099,23.3651,0,Lost,Price
Q103136,2025-12-01,CU2003,20012,Regional Retail Chain,376.1,17.1309,16.4092,16.6659,0.9846,5.5816,1,Won,
Q103137,2025-09-01,CU2059,20106,Independent Retailer,860.7,19.7199,18.5403,17.7558,1.04418,11.282,0,Lost,Price
Q103138,2026-01-01,CU2057,20147,Subscription Box Operator,144.3,30.5352,25.9173,29.5726,0.87639,18.1906,1,Won,
Q103139,2025-12-01,CU2075,20236,Independent Retailer,411.8,48.7587,46.3034,45.1368,1.02585,26.0672,1,Won,
Q103140,2024-05-01,CU2119,20111,Marketplace Seller,760.9,41.372,36.6854,38.3851,0.95572,20.7898,1,Won,
Q103141,2024-02-01,CU2011,20144,Regional Retail Chain,303.9,32.6309,28.1481,31.4885,0.89392,19.6994,0,Lost,Lead time
Q103142,2023-09-01,CU2097,20106,Subscription Box Operator,119.7,25.5377,26.0485,21.818,1.1939,13.9967,0,Lost,Specification
Q103143,2024-08-01,CU2004,20064,Independent Retailer,1150.6,43.7563,38.3556,41.1599,0.93187,30.8974,1,Won,
Q103144,2025-04-01,CU2036,20186,Regional Retail Chain,690.2,76.7198,70.8404,73.7898,0.96003,44.7117,1,Won,
Q103145,2025-11-01,CU2113,20006,Independent Retailer,178.9,38.3833,37.2585,32.0915,1.16101,19.0784,0,Lost,Incumbent supplier
Q103146,2025-04-01,CU2013,20157,Independent Retailer,40.5,54.6373,43.0134,45.5362,0.9446,41.198,1,Won,
Q103147,2023-08-01,CU2033,20092,Independent Retailer,238.7,33.0384,30.7629,32.9503,0.93361,21.9575,0,Lost,Price
Q103148,2025-08-01,CU2098,20167,Subscription Box Operator,583.2,77.052,74.6736,72.4294,1.03098,59.6044,0,Lost,Incumbent supplier
Q103149,2025-08-01,CU2124,20090,Marketplace Seller,219.1,31.9466,27.8178,29.2286,0.95173,23.6768,1,Won,
Q103150,2025-07-01,CU2070,20218,Marketplace Seller,188.6,46.1567,45.8327,42.3224,1.08294,24.3702,0,Lost,Price
Q103151,2026-01-01,CU2086,20072,Marketplace Seller,277.3,15.2657,14.615,15.3876,0.94979,10.1668,1,Won,
Q103152,2025-11-01,CU2113,20077,Independent Retailer,736.3,156.8201,136.1237,130.2214,1.04533,88.5778,0,Lost,Price
Q103153,2023-10-01,CU2142,20118,Marketplace Seller,361.2,84.3497,78.882,75.3235,1.04724,40.6864,0,Lost,Price
Q103154,2024-01-01,CU2141,20119,Marketplace Seller,247.1,51.1664,42.4467,49.4307,0.85871,29.348,1,Won,
Q103155,2024-01-01,CU2025,20116,E-commerce Pure-Play,394.2,8.2921,8.155,7.0947,1.14945,4.1988,0,Lost,Incumbent supplier
Q103156,2025-12-01,CU2058,20042,Corporate & B2B Buyer,1226.6,91.9727,74.5363,96.8201,0.76984,49.8711,1,Won,
Q103157,2025-02-01,CU2127,20189,Corporate & B2B Buyer,2424.0,12.358,11.1233,13.0349,0.85335,6.6851,0,Lost,Specification
Q103158,2026-04-01,CU2022,20019,Regional Retail Chain,986.2,9.2364,8.8984,7.7244,1.15198,5.5082,0,Lost,Specification
Q103159,2023-11-01,CU2021,20045,Corporate & B2B Buyer,153.5,20.5907,19.0662,16.9626,1.12402,13.1791,0,Lost,Lead time
Q103160,2024-01-01,CU2009,20027,Marketplace Seller,1085.6,23.3844,19.5056,21.4496,0.90937,16.4083,1,Won,
Q103161,2025-03-01,CU2064,20002,Independent Retailer,2342.1,48.9767,42.1205,41.784,1.00805,32.9439,0,Lost,Price
Q103162,2026-06-01,CU2149,20220,Corporate & B2B Buyer,499.7,17.6496,14.8165,16.3235,0.90767,8.2605,0,Lost,Price
Q103163,2026-01-01,CU2132,20082,Subscription Box Operator,122.1,38.5594,33.9912,32.3326,1.0513,17.6005,1,Won,
Q103164,2023-11-01,CU2086,20149,Marketplace Seller,873.0,52.9775,43.8542,53.2267,0.82391,36.1868,1,Won,
Q103165,2023-07-01,CU2045,20100,Subscription Box Operator,567.7,26.0394,22.5036,24.0938,0.934,17.9786,0,Lost,Incumbent supplier
Q103166,2025-12-01,CU2054,20188,Marketplace Seller,818.6,11.9469,12.1858,11.9322,1.02125,8.1589,0,Lost,Price
Q103167,2024-01-01,CU2126,20130,Marketplace Seller,331.5,79.7404,67.6659,64.6843,1.0461,54.9298,0,Lost,Incumbent supplier
Q103168,2024-06-01,CU2124,20034,Marketplace Seller,333.0,86.7314,77.9245,89.5434,0.87024,45.6614,1,Won,
Q103169,2024-04-01,CU2021,20152,Corporate & B2B Buyer,211.0,20.2112,16.5651,17.6224,0.94,11.1792,0,Lost,Price
Q103170,2025-04-01,CU2024,20153,Corporate & B2B Buyer,451.0,24.0746,20.46,21.2858,0.9612,13.7391,1,Won,
Q103171,2026-03-01,CU2063,20101,Sub-Distributor,79.0,14.8911,15.1889,12.4568,1.21933,8.4998,0,Lost,Incumbent supplier
Q103172,2026-06-01,CU2063,20196,Sub-Distributor,254.1,30.5013,24.2227,28.7587,0.84228,19.1164,1,Won,
Q103173,2023-12-01,CU2024,20086,Corporate & B2B Buyer,261.1,40.1608,37.4611,37.6416,0.99521,20.9209,1,Won,
Q103174,2024-05-01,CU2138,20010,Marketplace Seller,353.6,43.3083,41.6183,37.2416,1.11752,33.4947,0,Lost,Incumbent supplier
Q103175,2025-04-01,CU2076,20177,Government & Education,103.5,35.3179,35.5807,36.6638,0.97046,22.9883,0,Lost,Lead time
Q103176,2026-04-01,CU2108,20062,Sub-Distributor,715.2,42.2283,37.623,33.95,1.10819,34.8094,0,Lost,Price
Q103177,2025-05-01,CU2092,20190,Marketplace Seller,101.3,29.5588,26.6399,30.9859,0.85974,20.2783,1,Won,
Q103178,2024-08-01,CU2036,20135,Regional Retail Chain,424.1,64.0578,63.7657,62.1338,1.02626,31.7821,1,Won,
Q103179,2026-06-01,CU2106,20077,Sub-Distributor,732.4,129.0538,125.3416,133.3348,0.94005,69.3412,1,Won,
Q103180,2026-02-01,CU2030,20039,Independent Retailer,313.8,87.8378,78.4146,76.8762,1.02001,49.5665,0,Lost,Lead time
Q103181,2026-02-01,CU2039,20187,Marketplace Seller,260.1,45.6464,39.7405,45.7851,0.86798,26.3616,0,Lost,Incumbent supplier
Q103182,2023-08-01,CU2117,20239,Marketplace Seller,64.1,96.5609,90.0361,95.9903,0.93797,56.4009,1,Won,
Q103183,2025-04-01,CU2139,20195,E-commerce Pure-Play,306.5,48.5447,44.4581,49.2245,0.90317,26.3709,0,Lost,Lead time
Q103184,2024-02-01,CU2043,20175,Government & Education,114.4,16.3723,15.586,13.3938,1.16367,8.9785,1,Won,
Q103185,2024-07-01,CU2059,20196,Independent Retailer,176.7,23.3466,23.6214,22.6537,1.04272,19.0154,1,Won,
Q103186,2024-08-01,CU2040,20144,Independent Retailer,219.5,28.8943,24.9362,28.4113,0.87768,17.415,1,Won,
Q103187,2024-06-01,CU2083,20189,Marketplace Seller,388.2,12.4575,11.1929,12.8481,0.87117,6.4114,1,Won,
Q103188,2024-03-01,CU2056,20198,Regional Retail Chain,483.5,8.4003,7.1869,7.2073,0.99717,4.1208,0,Lost,Specification
Q103189,2025-01-01,CU2068,20056,E-commerce Pure-Play,142.6,47.8758,41.1122,44.5649,0.92253,26.9001,1,Won,
Q103190,2024-07-01,CU2036,20170,Regional Retail Chain,1096.7,17.4541,16.4338,18.1734,0.90428,10.5118,0,Lost,Specification
Q103191,2025-07-01,CU2133,20228,Marketplace Seller,315.1,48.9327,45.0609,48.2485,0.93393,26.8328,0,Lost,Price
Q103192,2024-12-01,CU2108,20094,Sub-Distributor,97.8,19.2528,17.6564,19.6189,0.89997,9.0734,1,Won,
Q103193,2026-03-01,CU2053,20190,Corporate & B2B Buyer,319.0,37.0742,31.4723,30.8456,1.02032,22.6042,0,Lost,Price
Q103194,2023-10-01,CU2137,20045,E-commerce Pure-Play,300.7,20.5907,20.3502,18.9268,1.07521,12.8285,0,Lost,Lead time
Q103195,2024-08-01,CU2082,20196,E-commerce Pure-Play,323.3,23.3466,19.9214,20.1701,0.98767,19.2118,0,Lost,Price
Q103196,2025-10-01,CU2114,20237,Corporate & B2B Buyer,672.5,57.0453,48.2998,56.9727,0.84777,36.5316,1,Won,
Q103197,2026-04-01,CU2074,20185,Corporate & B2B Buyer,137.0,11.9205,11.4858,11.3624,1.01086,7.6099,0,Lost,Price
Q103198,2024-07-01,CU2120,20211,Independent Retailer,103.0,39.7418,35.9335,34.5866,1.03894,25.8944,1,Won,
Q103199,2023-12-01,CU2124,20105,Marketplace Seller,81.9,23.2514,20.5331,24.2369,0.84719,11.1699,0,Lost,Specification
Q103200,2025-08-01,CU2065,20218,Government & Education,435.3,43.8586,41.6344,40.8153,1.02007,24.3316,1,Won,
Q103201,2024-12-01,CU2148,20042,Regional Retail Chain,214.8,92.0332,82.1842,79.08,1.03925,48.526,0,Lost,Incumbent supplier
Q103202,2024-09-01,CU2022,20193,Regional Retail Chain,1952.0,41.7876,30.764,41.8548,0.73502,29.3026,1,Won,
Q103203,2025-10-01,CU2092,20033,Marketplace Seller,212.4,13.1889,10.0435,10.6604,0.94214,10.8853,1,Won,
Q103204,2024-04-01,CU2052,20052,Marketplace Seller,84.0,17.8102,15.7064,18.2244,0.86183,10.2141,1,Won,
Q103205,2025-08-01,CU2011,20104,Regional Retail Chain,267.9,16.4024,16.0483,15.188,1.05664,9.6268,1,Won,
Q103206,2026-06-01,CU2110,20052,Independent Retailer,165.8,20.0117,17.547,19.184,0.91467,8.9312,1,Won,
Q103207,2026-05-01,CU2000,20159,Independent Retailer,1565.3,28.712,28.069,30.3474,0.92492,19.7184,1,Won,
Q103208,2024-06-01,CU2065,20145,Government & Education,592.9,14.4227,12.1092,13.5392,0.89437,9.4657,0,Lost,Price
Q103209,2023-09-01,CU2045,20004,Subscription Box Operator,60.9,26.8909,24.6381,23.5288,1.04715,13.866,0,Lost,Price
Q103210,2025-10-01,CU2096,20230,Marketplace Seller,186.9,41.5532,40.2813,34.7928,1.15775,16.4608,0,Lost,Price
Q103211,2024-12-01,CU2057,20198,Subscription Box Operator,474.4,9.4269,7.3504,7.6839,0.95659,4.6373,1,Won,
Q103212,2026-01-01,CU2084,20057,Marketplace Seller,865.0,40.5887,40.4194,37.6483,1.07361,29.2748,0,Lost,Lead time
Q103213,2023-10-01,CU2013,20200,Independent Retailer,299.3,19.9203,18.1632,18.0832,1.00442,12.738,0,Lost,Price
Q103214,2023-08-01,CU2047,20070,Corporate & B2B Buyer,60.9,18.9605,15.5457,15.3924,1.00996,13.029,0,Lost,Price
Q103215,2025-01-01,CU2052,20063,Marketplace Seller,486.2,86.9543,84.9134,78.1755,1.08619,65.9135,0,Lost,Price
Q103216,2023-09-01,CU2105,20212,Marketplace Seller,572.3,38.8731,35.2594,37.0784,0.95094,23.2035,1,Won,
Q103217,2024-05-01,CU2047,20010,Corporate & B2B Buyer,172.8,43.3083,43.3975,43.948,0.98747,33.4947,1,Won,
Q103218,2025-10-01,CU2003,20166,Regional Retail Chain,422.5,14.425,12.6055,14.6333,0.86142,11.842,0,Lost,Specification
Q103219,2025-01-01,CU2004,20010,Independent Retailer,444.8,43.0701,37.5941,42.5546,0.88343,34.8822,0,Lost,Price
Q103220,2025-12-01,CU2083,20170,Marketplace Seller,650.5,26.2846,22.1339,23.781,0.93074,12.7021,1,Won,
Q103221,2023-11-01,CU2117,20117,Marketplace Seller,405.1,15.5127,13.6128,15.9738,0.8522,8.4571,1,Won,
Q103222,2025-04-01,CU2070,20225,Marketplace Seller,209.7,90.7471,76.5615,79.5294,0.96268,41.9517,0,Lost,Price
Q103223,2023-07-01,CU2009,20235,Marketplace Seller,1513.7,64.3268,61.1522,62.2995,0.98158,45.049,1,Won,
Q103224,2024-07-01,CU2075,20175,Independent Retailer,211.5,16.5478,15.1233,16.2405,0.93121,10.6225,0,Lost,Incumbent supplier
Q103225,2026-05-01,CU2013,20117,Independent Retailer,762.3,15.5127,12.0378,14.4574,0.83264,8.827,1,Won,
Q103226,2025-01-01,CU2069,20052,E-commerce Pure-Play,84.7,15.0933,13.387,14.3739,0.93134,7.6093,1,Won,
Q103227,2025-11-01,CU2149,20233,Corporate & B2B Buyer,39.6,53.8505,48.3506,45.1659,1.07051,26.043,1,Won,
Q103228,2026-04-01,CU2111,20027,Independent Retailer,258.1,39.0221,36.2339,38.3299,0.94532,23.6986,1,Won,
Q103229,2023-07-01,CU2004,20082,Independent Retailer,93.9,39.9282,37.4125,33.2766,1.12429,22.4067,0,Lost,Incumbent supplier
Q103230,2023-12-01,CU2028,20029,Independent Retailer,397.6,33.9494,27.7917,34.6064,0.80308,20.9714,1,Won,
Q103231,2025-06-01,CU2112,20035,Government & Education,100.8,51.1432,41.9422,46.1989,0.90786,25.7058,0,Lost,Price
Q103232,2023-11-01,CU2004,20002,Independent Retailer,237.4,55.6316,45.3814,54.67,0.8301,37.1109,1,Won,
Q103233,2024-10-01,CU2113,20026,Independent Retailer,431.3,41.3068,34.1854,34.8385,0.98125,25.7347,1,Won,
Q103234,2025-02-01,CU2070,20078,Marketplace Seller,257.4,24.885,18.8584,22.0313,0.85598,19.6666,1,Won,
Q103235,2025-09-01,CU2064,20015,Independent Retailer,666.5,12.2708,9.6172,11.8148,0.814,8.3908,1,Won,
Q103236,2025-07-01,CU2058,20037,Corporate & B2B Buyer,389.8,32.423,33.0715,29.3457,1.12696,17.5461,0,Lost,Specification
Q103237,2025-01-01,CU2108,20198,Sub-Distributor,202.1,9.5383,8.1776,9.9477,0.82206,4.7924,1,Won,
Q103238,2023-11-01,CU2021,20014,Corporate & B2B Buyer,121.5,37.7568,35.8814,35.0661,1.02325,16.1058,1,Won,
Q103239,2024-02-01,CU2065,20116,Government & Education,619.1,8.2921,6.9337,6.9436,0.99857,4.2536,0,Lost,Specification
Q103240,2025-01-01,CU2129,20177,Regional Retail Chain,162.7,35.3179,29.9585,28.2595,1.06012,20.9071,0,Lost,Lead time
Q103241,2025-06-01,CU2049,20074,Independent Retailer,142.0,48.5266,48.1386,45.7805,1.05151,27.9505,0,Lost,Price
Q103242,2025-09-01,CU2110,20055,Independent Retailer,411.7,166.6471,164.193,146.0579,1.12416,76.2342,0,Lost,Price
Q103243,2023-08-01,CU2033,20224,Independent Retailer,140.1,12.969,12.479,10.9916,1.13532,8.7981,0,Lost,Incumbent supplier
Q103244,2025-06-01,CU2083,20179,Marketplace Seller,196.0,42.6626,39.1014,37.8434,1.03324,24.6568,1,Won,
Q103245,2024-05-01,CU2136,20016,Government & Education,384.8,17.0603,16.2661,16.1033,1.01011,11.1023,0,Lost,Specification
Q103246,2025-04-01,CU2093,20083,Independent Retailer,2571.7,53.3078,51.2915,51.5173,0.99562,29.6423,1,Won,
Q103247,2024-08-01,CU2140,20036,Subscription Box Operator,385.9,12.5216,12.0427,12.3204,0.97746,9.0847,0,Lost,Price
Q103248,2023-08-01,CU2057,20143,Subscription Box Operator,240.0,66.7058,55.5257,54.2212,1.02406,43.7018,1,Won,
Q103249,2024-06-01,CU2036,20068,Regional Retail Chain,343.0,21.5255,18.9906,21.256,0.89342,13.0551,1,Won,
Q103250,2024-02-01,CU2129,20104,Regional Retail Chain,312.2,11.054,10.5152,9.7949,1.07355,7.4263,0,Lost,Price
Q103251,2024-02-01,CU2029,20176,Independent Retailer,1312.5,46.4061,40.5531,40.6925,0.99658,34.2205,0,Lost,Price
Q103252,2025-06-01,CU2074,20236,Corporate & B2B Buyer,477.5,44.7815,37.9245,42.6968,0.88823,27.1351,0,Lost,Specification
Q103253,2023-10-01,CU2075,20067,Independent Retailer,873.6,8.934,8.1867,7.7806,1.0522,4.4464,1,Won,
Q103254,2024-09-01,CU2147,20172,Marketplace Seller,519.4,23.351,20.3471,24.3697,0.83494,18.8078,1,Won,
Q103255,2024-10-01,CU2035,20002,Corporate & B2B Buyer,1048.6,53.3806,41.9381,53.5835,0.78267,38.7389,1,Won,
Q103256,2026-03-01,CU2106,20087,Sub-Distributor,379.4,38.4506,33.0863,38.4494,0.86052,25.715,0,Lost,Specification
Q103257,2025-09-01,CU2144,20109,Marketplace Seller,203.9,28.1151,26.3387,27.8502,0.94573,14.7837,1,Won,
Q103258,2024-07-01,CU2100,20129,Independent Retailer,81.0,18.648,16.9855,19.4704,0.87238,12.2033,0,Lost,Price
Q103259,2024-11-01,CU2068,20040,E-commerce Pure-Play,234.6,53.5119,45.5425,43.0905,1.0569,28.3889,0,Lost,Price
Q103260,2026-02-01,CU2149,20144,Corporate & B2B Buyer,884.8,26.0456,21.1978,20.8853,1.01496,20.337,0,Lost,Incumbent supplier
Q103261,2024-05-01,CU2056,20120,Regional Retail Chain,657.1,69.4892,66.4715,64.8003,1.02579,40.0141,0,Lost,Incumbent supplier
Q103262,2024-04-01,CU2135,20057,Sub-Distributor,88.7,45.1537,41.4106,47.0325,0.88047,30.0395,1,Won,
Q103263,2024-11-01,CU2147,20139,Marketplace Seller,137.5,10.9566,9.2169,10.3568,0.88994,7.8701,1,Won,
Q103264,2025-03-01,CU2025,20224,E-commerce Pure-Play,416.8,8.0513,8.2123,7.6891,1.06805,7.231,0,Lost,Lead time
Q103265,2025-06-01,CU2136,20198,Government & Education,180.4,9.798,8.7361,8.6819,1.00624,5.4249,0,Lost,Specification
Q103266,2026-05-01,CU2122,20068,Marketplace Seller,99.9,19.6426,17.9602,18.3793,0.9772,12.2159,1,Won,
Q103267,2025-09-01,CU2141,20198,Marketplace Seller,42.2,10.2498,9.7146,10.1589,0.95626,5.1816,1,Won,
Q103268,2025-10-01,CU2015,20150,Corporate & B2B Buyer,337.7,22.8638,22.2536,23.6738,0.94001,12.1457,0,Lost,Price
Q103269,2024-10-01,CU2032,20029,Sub-Distributor,1538.4,31.0172,30.5031,31.3423,0.97322,14.7471,1,Won,
Q103270,2024-03-01,CU2149,20020,Corporate & B2B Buyer,637.0,56.1601,51.5518,48.4691,1.0636,29.1194,0,Lost,Price
Q103271,2025-05-01,CU2052,20006,Marketplace Seller,690.5,40.3535,37.8853,41.452,0.91396,17.9022,0,Lost,Price
Q103272,2025-06-01,CU2063,20018,Sub-Distributor,147.2,92.1369,93.9796,95.2623,0.98654,45.0441,0,Lost,Price
Q103273,2023-07-01,CU2047,20189,Corporate & B2B Buyer,688.0,11.3189,9.861,9.1429,1.07854,7.0623,1,Won,
Q103274,2024-11-01,CU2095,20209,Sub-Distributor,1119.7,13.637,11.1658,14.0199,0.79643,9.1031,1,Won,
Q103275,2024-06-01,CU2015,20059,Corporate & B2B Buyer,434.1,8.987,8.483,9.3205,0.91014,6.0699,0,Lost,Specification
Q103276,2024-01-01,CU2010,20189,Sub-Distributor,209.1,11.9627,10.3676,11.9289,0.86912,6.4742,1,Won,
Q103277,2026-02-01,CU2047,20087,Corporate & B2B Buyer,1014.3,38.4506,37.2329,31.1269,1.19616,24.4945,0,Lost,Price
Q103278,2023-11-01,CU2116,20184,Independent Retailer,32.7,173.2933,124.8046,138.6573,0.90009,101.9557,1,Won,
Q103279,2026-04-01,CU2044,20191,Corporate & B2B Buyer,431.4,57.2897,52.2541,47.3321,1.10399,34.7011,0,Lost,Lead time
Q103280,2026-05-01,CU2008,20169,Independent Retailer,796.4,23.5116,20.9209,21.8778,0.95626,16.3222,1,Won,
Q103281,2024-05-01,CU2082,20164,E-commerce Pure-Play,209.9,54.0528,48.6003,55.2877,0.87904,44.9235,1,Won,
Q103282,2025-03-01,CU2044,20078,Corporate & B2B Buyer,531.9,24.885,21.9876,21.204,1.03695,19.0904,1,Won,
Q103283,2024-02-01,CU2003,20233,Regional Retail Chain,273.1,53.8505,46.5776,56.6239,0.82258,30.2027,1,Won,
Q103284,2024-08-01,CU2042,20033,Corporate & B2B Buyer,286.8,12.0399,9.73,11.851,0.82102,9.9345,1,Won,
Q103285,2024-09-01,CU2070,20097,Marketplace Seller,722.6,67.0046,56.6319,70.1811,0.80694,34.6975,1,Won,
Q103286,2024-08-01,CU2047,20237,Corporate & B2B Buyer,235.4,66.567,56.3111,53.5525,1.05151,43.8546,0,Lost,Price
Q103287,2025-05-01,CU2126,20120,Marketplace Seller,166.5,64.1878,62.0049,59.4193,1.04352,32.6535,1,Won,
Q103288,2026-05-01,CU2007,20209,Sub-Distributor,311.7,16.1262,13.9086,15.6699,0.8876,10.4701,1,Won,
Q103289,2025-04-01,CU2036,20022,Regional Retail Chain,446.3,46.514,40.1922,41.2032,0.97546,31.8748,1,Won,
Q103290,2025-07-01,CU2009,20110,Marketplace Seller,347.3,120.2711,112.425,106.2149,1.05847,69.0822,0,Lost,Price
Q103291,2025-03-01,CU2091,20189,Independent Retailer,194.6,13.195,10.2481,11.8452,0.86517,6.7813,1,Won,
Q103292,2025-03-01,CU2022,20191,Regional Retail Chain,575.8,59.3111,49.687,51.6033,0.96286,38.6186,1,Won,
Q103293,2026-06-01,CU2092,20093,Marketplace Seller,491.3,61.7863,57.7941,62.9514,0.91807,32.9752,1,Won,
Q103294,2024-09-01,CU2118,20182,Regional Retail Chain,351.4,34.4509,32.9335,31.5209,1.04482,23.3959,0,Lost,Price
Q103295,2026-01-01,CU2117,20121,Marketplace Seller,143.3,16.9645,17.2155,17.1212,1.00551,11.8189,0,Lost,Specification
Q103296,2024-06-01,CU2116,20051,Independent Retailer,302.2,70.3429,66.5599,68.5713,0.97067,42.7654,0,Lost,Lead time
Q103297,2025-04-01,CU2067,20211,Independent Retailer,422.0,39.7418,31.0139,32.5945,0.95151,30.6333,1,Won,
Q103298,2025-05-01,CU2070,20144,Marketplace Seller,3348.5,23.8902,24.3409,25.0048,0.97345,15.9928,1,Won,
Q103299,2024-06-01,CU2069,20018,E-commerce Pure-Play,444.0,98.8846,81.4218,98.2887,0.82839,44.2216,1,Won,
Q103300,2023-10-01,CU2072,20079,Marketplace Seller,59.2,11.8276,11.0703,10.9928,1.00705,8.9418,0,Lost,Incumbent supplier
Q103301,2024-02-01,CU2114,20129,Corporate & B2B Buyer,99.0,17.4013,14.9029,16.9718,0.8781,11.1899,1,Won,
Q103302,2025-11-01,CU2146,20085,E-commerce Pure-Play,229.8,54.1703,49.1009,43.5913,1.12639,29.1904,0,Lost,Specification
Q103303,2024-09-01,CU2120,20223,Independent Retailer,222.2,14.7798,15.0647,15.3486,0.9815,8.6363,0,Lost,Incumbent supplier
Q103304,2024-10-01,CU2046,20061,Marketplace Seller,737.9,23.3185,20.9372,21.4394,0.97658,13.3084,0,Lost,Price
Q103305,2024-01-01,CU2132,20176,Subscription Box Operator,590.8,47.0695,44.1249,45.4928,0.96993,34.1797,0,Lost,Specification
Q103306,2026-05-01,CU2086,20238,Marketplace Seller,473.5,14.7492,13.0288,13.27,0.98183,9.623,1,Won,
Q103307,2025-07-01,CU2114,20015,Corporate & B2B Buyer,188.5,12.6197,11.888,11.0064,1.0801,8.3316,0,Lost,Incumbent supplier
Q103308,2024-02-01,CU2117,20024,Marketplace Seller,1096.6,40.8303,34.7584,37.1593,0.93539,30.2399,1,Won,
Q103309,2026-02-01,CU2111,20198,Independent Retailer,523.5,10.6041,9.3151,10.1766,0.91534,4.8786,0,Lost,Incumbent supplier
Q103310,2025-11-01,CU2147,20214,Marketplace Seller,377.1,18.6366,16.3223,18.059,0.90383,13.4008,1,Won,
Q103311,2026-04-01,CU2016,20231,Corporate & B2B Buyer,115.8,44.5225,41.8601,41.4759,1.00926,16.0952,0,Lost,Price
Q103312,2024-06-01,CU2027,20102,Marketplace Seller,474.1,58.3078,51.8809,49.1143,1.05633,35.0091,0,Lost,Price
Q103313,2025-06-01,CU2028,20210,Independent Retailer,480.8,39.2013,34.6919,38.3161,0.90541,28.6645,0,Lost,Lead time
Q103314,2025-02-01,CU2053,20070,Corporate & B2B Buyer,222.8,14.5596,14.8508,12.1072,1.22661,9.5137,1,Won,
Q103315,2026-04-01,CU2136,20066,Government & Education,166.7,17.2047,14.1551,14.0993,1.00396,9.0611,0,Lost,Specification
Q103316,2026-02-01,CU2139,20164,E-commerce Pure-Play,213.6,51.3665,45.5503,49.3653,0.92272,39.0459,1,Won,
Q103317,2025-07-01,CU2129,20149,Regional Retail Chain,551.6,64.8486,58.566,63.348,0.92451,43.7058,1,Won,
Q103318,2025-11-01,CU2009,20133,Marketplace Seller,544.7,36.5981,35.2285,38.7331,0.90952,20.7374,1,Won,
Q103319,2024-02-01,CU2117,20050,Marketplace Seller,175.1,12.2214,9.9226,12.1777,0.81482,6.6593,1,Won,
Q103320,2023-11-01,CU2134,20208,Marketplace Seller,97.9,23.415,19.2468,22.2077,0.86667,12.3263,1,Won,
Q103321,2024-12-01,CU2057,20181,Subscription Box Operator,918.0,15.5109,13.604,13.5576,1.00342,10.746,0,Lost,Price
Q103322,2026-02-01,CU2008,20119,Independent Retailer,418.0,41.7914,42.6272,37.0291,1.15118,21.6236,1,Won,
Q103323,2024-06-01,CU2112,20019,Government & Education,219.1,8.5951,7.9516,7.4935,1.06112,4.8596,0,Lost,Lead time
Q103324,2023-08-01,CU2038,20090,Marketplace Seller,253.1,32.3467,31.8465,30.9029,1.03053,19.3519,0,Lost,Incumbent supplier
Q103325,2025-01-01,CU2108,20000,Sub-Distributor,636.0,63.5084,58.6294,65.7712,0.89141,39.5334,1,Won,
Q103326,2024-07-01,CU2033,20151,Independent Retailer,184.1,17.4083,13.9557,17.4941,0.79774,6.9036,1,Won,
Q103327,2023-09-01,CU2104,20069,Corporate & B2B Buyer,185.8,25.1177,22.2421,24.2159,0.91849,16.088,0,Lost,Price
Q103328,2025-03-01,CU2032,20183,Sub-Distributor,166.0,92.3818,73.3863,95.5889,0.76773,53.5779,0,Lost,Price
Q103329,2024-11-01,CU2134,20129,Marketplace Seller,341.0,18.4509,18.56,17.6491,1.05161,11.858,0,Lost,Specification
Q103330,2024-06-01,CU2128,20146,Marketplace Seller,639.1,17.6399,16.1498,16.0212,1.00803,12.4961,0,Lost,Price
Q103331,2023-11-01,CU2148,20031,Regional Retail Chain,619.8,6.9599,6.3097,6.5568,0.96232,4.3787,0,Lost,Specification
Q103332,2026-03-01,CU2074,20239,Corporate & B2B Buyer,284.3,58.106,55.5031,52.0097,1.06717,40.3381,0,Lost,Price
Q103333,2024-11-01,CU2102,20062,Sub-Distributor,331.9,49.8424,40.5555,42.8333,0.94682,33.0785,0,Lost,Specification
Q103334,2025-07-01,CU2005,20020,Independent Retailer,111.2,63.1341,60.2987,50.6886,1.18959,33.9865,0,Lost,Incumbent supplier
Q103335,2025-11-01,CU2146,20170,E-commerce Pure-Play,244.4,24.4157,20.6126,20.1815,1.02136,13.1425,0,Lost,Price
Q103336,2023-08-01,CU2146,20112,E-commerce Pure-Play,199.3,43.7766,40.9929,45.1033,0.90887,26.9373,1,Won,
Q103337,2026-01-01,CU2050,20194,Marketplace Seller,87.5,29.4095,27.4467,23.984,1.14437,19.2405,0,Lost,Price
Q103338,2024-12-01,CU2094,20045,Regional Retail Chain,433.4,19.6086,18.0244,17.8658,1.00887,13.7919,1,Won,
Q103339,2026-02-01,CU2007,20107,Sub-Distributor,281.3,51.4429,45.9049,47.049,0.97568,35.6742,0,Lost,Price
Q103340,2024-05-01,CU2009,20017,Marketplace Seller,456.0,26.7634,24.045,22.9466,1.04787,17.4001,0,Lost,Price
Q103341,2025-11-01,CU2038,20141,Marketplace Seller,121.6,41.869,41.457,35.597,1.16462,22.6307,0,Lost,Incumbent supplier
Q103342,2024-12-01,CU2058,20148,Corporate & B2B Buyer,155.6,67.3491,60.6303,61.6148,0.98402,36.3841,1,Won,
Q103343,2025-01-01,CU2002,20234,Marketplace Seller,590.7,33.0581,29.3638,30.2695,0.97008,19.9468,0,Lost,Price
Q103344,2024-12-01,CU2085,20236,Government & Education,554.1,42.7361,42.9413,36.9118,1.16335,28.9571,0,Lost,Lead time
Q103345,2024-04-01,CU2080,20135,Government & Education,314.2,68.2762,54.9229,60.6406,0.90571,32.9716,0,Lost,Price
Q103346,2024-10-01,CU2041,20187,Sub-Distributor,801.4,38.9602,37.5196,32.0121,1.17205,28.7025,0,Lost,Price
Q103347,2026-05-01,CU2053,20106,Corporate & B2B Buyer,291.4,22.4415,20.936,18.766,1.11563,12.0616,0,Lost,Price
Q103348,2024-04-01,CU2008,20036,Independent Retailer,262.8,11.5437,9.2808,10.0821,0.92052,8.0842,0,Lost,Specification
Q103349,2025-07-01,CU2023,20039,E-commerce Pure-Play,469.1,81.5252,76.9851,78.9756,0.9748,54.7291,1,Won,
Q103350,2026-04-01,CU2093,20107,Independent Retailer,200.6,50.0692,42.7159,51.6442,0.82712,35.2334,0,Lost,Incumbent supplier
Q103351,2023-10-01,CU2011,20020,Regional Retail Chain,335.3,59.758,55.9362,63.2143,0.88487,30.0079,0,Lost,Specification
Q103352,2023-09-01,CU2072,20102,Marketplace Seller,487.8,55.234,50.2317,55.5078,0.90495,33.0149,1,Won,
Q103353,2025-05-01,CU2022,20220,Regional Retail Chain,123.7,15.9136,14.626,14.1123,1.03641,7.5425,0,Lost,Price
Q103354,2026-06-01,CU2014,20017,Marketplace Seller,207.2,23.7358,19.9465,23.5976,0.84528,13.051,1,Won,
Q103355,2024-04-01,CU2091,20142,Independent Retailer,273.7,29.5888,25.9511,28.9516,0.89636,20.046,0,Lost,Incumbent supplier
Q103356,2025-11-01,CU2131,20146,Regional Retail Chain,30.3,17.6399,16.257,14.7281,1.10381,11.3958,0,Lost,Lead time
Q103357,2024-10-01,CU2071,20079,Regional Retail Chain,109.5,10.8614,8.6054,10.6904,0.80497,8.451,1,Won,
Q103358,2024-07-01,CU2001,20030,Subscription Box Operator,310.0,15.2431,12.6499,12.5292,1.00963,9.7689,1,Won,
Q103359,2024-06-01,CU2063,20188,Sub-Distributor,461.8,10.575,10.6129,9.5981,1.10573,8.1566,0,Lost,Specification
Q103360,2024-12-01,CU2104,20032,Corporate & B2B Buyer,258.6,18.0593,14.8577,15.3625,0.96714,13.8814,0,Lost,Price
Q103361,2024-12-01,CU2100,20178,Independent Retailer,372.9,23.5067,22.2332,24.2198,0.91798,18.7993,0,Lost,Specification
Q103362,2026-04-01,CU2114,20018,Corporate & B2B Buyer,149.9,83.3453,83.032,68.65,1.2095,33.1203,0,Lost,Incumbent supplier
Q103363,2023-12-01,CU2004,20008,Independent Retailer,142.9,19.6507,17.702,16.3425,1.08319,12.0233,0,Lost,Price
Q103364,2025-01-01,CU2010,20142,Sub-Distributor,446.3,28.5821,25.3994,26.4908,0.9588,20.3658,1,Won,
Q103365,2026-05-01,CU2071,20207,Regional Retail Chain,510.5,12.0683,11.8913,11.8563,1.00295,7.7635,0,Lost,Lead time
Q103366,2025-07-01,CU2036,20164,Regional Retail Chain,1918.6,54.6384,48.6029,53.2077,0.91346,40.9057,1,Won,
Q103367,2025-10-01,CU2084,20046,Marketplace Seller,317.3,15.9963,13.5132,15.0504,0.89786,12.4452,1,Won,
Q103368,2025-05-01,CU2073,20113,Marketplace Seller,72.9,40.8827,35.9908,40.1773,0.8958,26.4922,1,Won,
Q103369,2026-04-01,CU2030,20184,Independent Retailer,471.6,120.3636,107.7491,100.0494,1.07696,75.8708,0,Lost,Incumbent supplier
Q103370,2025-07-01,CU2014,20174,Marketplace Seller,763.7,12.8281,11.4956,13.5829,0.84633,9.3802,1,Won,
Q103371,2025-09-01,CU2012,20075,Government & Education,224.4,20.793,18.3305,17.8625,1.0262,11.3156,1,Won,
Q103372,2025-10-01,CU2011,20170,Regional Retail Chain,134.2,24.4157,22.1239,24.1118,0.91755,12.4038,1,Won,
Q103373,2025-06-01,CU2149,20222,Corporate & B2B Buyer,79.6,22.6304,19.4453,23.9617,0.81152,14.7003,1,Won,
Q103374,2023-09-01,CU2107,20222,E-commerce Pure-Play,136.5,27.8997,24.4647,23.4052,1.04527,16.6799,1,Won,
Q103375,2023-07-01,CU2025,20191,E-commerce Pure-Play,601.9,53.4598,43.7967,47.7166,0.91785,36.1164,1,Won,
Q103376,2023-08-01,CU2010,20076,Sub-Distributor,128.1,23.1834,18.907,23.1809,0.81563,13.3189,0,Lost,Price
Q103377,2025-08-01,CU2060,20131,Subscription Box Operator,49.2,24.083,21.4291,22.8175,0.93915,19.8792,0,Lost,Price
Q103378,2026-06-01,CU2086,20215,Marketplace Seller,159.2,11.8721,10.7592,10.7028,1.00527,7.3786,0,Lost,Price
Q103379,2023-12-01,CU2043,20120,Government & Education,75.8,76.1971,73.3072,78.1865,0.9376,45.2144,1,Won,
Q103380,2023-12-01,CU2072,20064,Marketplace Seller,323.8,42.6752,41.2271,44.2653,0.93136,26.2505,0,Lost,Incumbent supplier
Q103381,2024-03-01,CU2024,20092,Corporate & B2B Buyer,7429.6,31.9159,30.2199,29.4216,1.02713,21.8508,1,Won,
Q103382,2025-12-01,CU2035,20129,Corporate & B2B Buyer,759.6,21.2195,20.1193,20.3005,0.99107,13.2384,0,Lost,Incumbent supplier
Q103383,2024-01-01,CU2023,20073,E-commerce Pure-Play,151.0,21.6086,17.7802,20.0902,0.88502,14.181,1,Won,
Q103384,2024-03-01,CU2146,20028,E-commerce Pure-Play,82.7,32.4259,29.7694,29.4692,1.01019,21.6951,0,Lost,Price
Q103385,2025-08-01,CU2148,20148,Regional Retail Chain,168.3,67.3491,61.8895,58.3311,1.061,36.4317,0,Lost,Price
Q103386,2024-05-01,CU2022,20008,Regional Retail Chain,4029.4,19.1588,16.0843,17.7043,0.90849,12.0191,0,Lost,Lead time
Q103387,2023-09-01,CU2078,20212,E-commerce Pure-Play,282.0,38.8731,34.163,34.1794,0.99952,23.2035,0,Lost,Specification
Q103388,2023-09-01,CU2077,20101,Corporate & B2B Buyer,95.3,15.02,13.642,13.222,1.03176,7.1161,0,Lost,Price
Q103389,2026-05-01,CU2120,20197,Independent Retailer,287.4,15.9371,14.1102,15.5002,0.91032,9.3559,0,Lost,Lead time
Q103390,2024-04-01,CU2058,20121,Corporate & B2B Buyer,399.1,14.5303,14.3159,12.4245,1.15223,9.7387,0,Lost,Price
Q103391,2024-07-01,CU2051,20237,Subscription Box Operator,102.2,66.567,59.6413,59.9167,0.9954,43.206,1,Won,
Q103392,2024-06-01,CU2095,20224,Sub-Distributor,647.8,12.1827,10.4224,11.1524,0.93455,8.6998,1,Won,
Q103393,2025-03-01,CU2024,20231,Corporate & B2B Buyer,207.4,44.5225,39.5579,37.7545,1.04777,22.6895,0,Lost,Incumbent supplier
Q103394,2024-05-01,CU2050,20093,Marketplace Seller,807.3,53.6698,41.0939,49.8575,0.82423,28.3356,0,Lost,Specification
Q103395,2025-04-01,CU2070,20002,Marketplace Seller,297.1,48.9767,44.1577,43.9366,1.00503,33.3174,0,Lost,Price
Q103396,2024-06-01,CU2049,20138,Independent Retailer,423.8,24.5507,19.8294,23.7547,0.83476,14.4706,1,Won,
Q103397,2026-02-01,CU2046,20122,Marketplace Seller,493.0,13.0336,11.0883,13.1003,0.84641,7.1802,1,Won,
Q103398,2025-02-01,CU2007,20083,Sub-Distributor,236.6,53.3078,45.3253,44.68,1.01444,30.207,0,Lost,Specification
Q103399,2024-10-01,CU2042,20139,Corporate & B2B Buyer,1662.3,10.9566,9.8172,9.3536,1.04957,7.8411,0,Lost,Price
Q103400,2024-02-01,CU2140,20187,Subscription Box Operator,328.3,35.0419,31.1909,31.598,0.98712,24.3955,1,Won,
Q103401,2023-11-01,CU2027,20207,Marketplace Seller,339.2,10.3014,8.7596,9.7965,0.89415,7.4694,1,Won,
Q103402,2024-07-01,CU2034,20113,Marketplace Seller,175.7,39.6842,40.3016,39.7296,1.0144,23.3268,0,Lost,Lead time
Q103403,2026-01-01,CU2041,20058,Sub-Distributor,405.4,37.7875,32.9911,39.6302,0.83247,27.3774,1,Won,
Q103404,2025-11-01,CU2058,20224,Corporate & B2B Buyer,121.6,11.3257,9.5109,10.519,0.90416,7.4458,1,Won,
Q103405,2025-12-01,CU2127,20059,Corporate & B2B Buyer,650.0,11.753,9.6396,12.2129,0.7893,8.2214,1,Won,
Q103406,2025-04-01,CU2091,20237,Independent Retailer,513.9,61.421,62.4233,53.3647,1.16975,45.4817,0,Lost,Lead time
Q103407,2025-04-01,CU2006,20106,Independent Retailer,3211.7,20.3111,20.1698,16.8679,1.19575,12.1433,0,Lost,Specification
Q103408,2024-02-01,CU2086,20127,Marketplace Seller,104.4,54.9944,47.0393,52.6736,0.89304,28.3163,1,Won,
Q103409,2025-08-01,CU2009,20150,Marketplace Seller,619.0,25.486,21.2005,20.891,1.01482,14.4394,1,Won,
Q103410,2025-03-01,CU2147,20056,Marketplace Seller,532.3,47.8758,38.5273,49.6701,0.77566,31.401,1,Won,
Q103411,2024-02-01,CU2071,20217,Regional Retail Chain,100.4,46.9189,41.1539,47.5656,0.8652,32.32,1,Won,
Q103412,2024-06-01,CU2028,20232,Independent Retailer,710.2,43.3853,35.8625,38.9588,0.92052,25.9563,0,Lost,Incumbent supplier
Q103413,2025-12-01,CU2062,20229,Independent Retailer,244.6,21.6045,19.5715,18.0704,1.08307,14.0641,0,Lost,Specification
Q103414,2024-12-01,CU2141,20022,Marketplace Seller,135.2,44.3117,33.6765,44.7651,0.75229,31.6855,1,Won,
Q103415,2026-06-01,CU2092,20077,Marketplace Seller,153.9,129.0538,131.4122,129.7197,1.01305,69.3412,0,Lost,Price
Q103416,2024-03-01,CU2099,20146,E-commerce Pure-Play,414.5,17.6399,15.0915,16.39,0.92078,13.3056,1,Won,
Q103417,2025-05-01,CU2067,20168,Independent Retailer,230.5,16.8263,15.3012,16.9098,0.90487,13.4533,0,Lost,Price
Q103418,2024-09-01,CU2085,20074,Government & Education,387.4,46.5718,42.6706,49.1523,0.86813,26.6272,1,Won,
Q103419,2024-08-01,CU2066,20125,Corporate & B2B Buyer,264.3,14.6716,13.7761,15.5098,0.88822,9.9034,0,Lost,Specification
Q103420,2024-02-01,CU2110,20048,Independent Retailer,160.9,75.9837,58.4123,73.5604,0.79407,54.3346,1,Won,
Q103421,2026-06-01,CU2037,20094,Marketplace Seller,319.7,17.5331,16.4752,17.7923,0.92597,8.5331,0,Lost,Incumbent supplier
Q103422,2026-01-01,CU2082,20005,E-commerce Pure-Play,254.2,37.8903,37.0261,35.198,1.05194,18.2644,0,Lost,Specification
Q103423,2025-09-01,CU2000,20029,Independent Retailer,478.9,34.5837,32.927,30.5488,1.07785,13.7363,0,Lost,Lead time
Q103424,2026-04-01,CU2007,20207,Sub-Distributor,65.5,13.0406,10.9147,11.1146,0.98201,7.6401,0,Lost,Price
Q103425,2024-01-01,CU2026,20115,Marketplace Seller,792.6,65.5971,61.1647,61.1285,1.00059,38.6636,1,Won,
Q103426,2025-01-01,CU2057,20124,Subscription Box Operator,252.1,14.6076,12.1701,11.8865,1.02386,10.4005,1,Won,
Q103427,2023-07-01,CU2071,20141,Regional Retail Chain,2501.6,55.3401,46.257,46.4123,0.99665,28.5624,1,Won,
Q103428,2026-01-01,CU2059,20088,Independent Retailer,145.0,17.0961,14.7869,16.7654,0.88199,10.2799,1,Won,
Q103429,2023-11-01,CU2149,20122,Corporate & B2B Buyer,932.3,9.5588,8.5996,8.9226,0.9638,5.8228,1,Won,
Q103430,2024-05-01,CU2149,20032,Corporate & B2B Buyer,175.1,19.7351,16.7873,17.2032,0.97583,11.7739,0,Lost,Lead time
Q103431,2024-04-01,CU2085,20223,Government & Education,961.6,14.9878,14.6658,13.1503,1.11525,8.2654,0,Lost,Specification
Q103432,2024-03-01,CU2035,20198,Corporate & B2B Buyer,73.7,8.4003,6.8679,6.9314,0.99084,4.1208,0,Lost,Lead time
Q103433,2025-07-01,CU2026,20006,Marketplace Seller,1426.2,40.3535,32.6597,38.367,0.85124,18.1619,1,Won,
Q103434,2024-06-01,CU2105,20156,Marketplace Seller,175.4,66.5391,63.3881,69.3242,0.91437,49.618,1,Won,
Q103435,2025-02-01,CU2061,20197,Marketplace Seller,390.4,16.0491,13.7624,13.9808,0.98438,9.1788,0,Lost,Price
Q103436,2024-04-01,CU2013,20207,Independent Retailer,946.0,9.89,8.9471,9.0422,0.98948,6.9584,0,Lost,Price
Q103437,2025-03-01,CU2080,20001,Government & Education,342.1,18.177,15.7257,15.6167,1.00698,10.9251,0,Lost,Price
Q103438,2025-01-01,CU2068,20129,E-commerce Pure-Play,637.5,19.736,16.8088,17.7133,0.94894,12.0885,0,Lost,Incumbent supplier
Q103439,2024-10-01,CU2021,20147,Corporate & B2B Buyer,1515.5,32.2606,25.4758,25.8123,0.98696,19.5801,0,Lost,Specification
Q103440,2026-05-01,CU2114,20087,Corporate & B2B Buyer,456.1,37.8687,30.9586,36.8823,0.83939,23.6742,0,Lost,Price
Q103441,2026-06-01,CU2062,20192,Independent Retailer,225.2,23.9182,21.5641,21.1295,1.02057,13.5777,0,Lost,Incumbent supplier
Q103442,2024-03-01,CU2035,20178,Corporate & B2B Buyer,97.5,35.9067,35.0055,31.3548,1.11643,24.0776,0,Lost,Incumbent supplier
Q103443,2026-03-01,CU2065,20050,Government & Education,242.4,14.2381,13.0662,11.803,1.10702,6.8944,0,Lost,Lead time
Q103444,2026-02-01,CU2052,20217,Marketplace Seller,114.4,48.8945,41.9296,43.6088,0.9615,35.3093,0,Lost,Price
Q103445,2023-08-01,CU2043,20012,Government & Education,117.9,15.9339,15.4072,13.2908,1.15923,8.9822,0,Lost,Incumbent supplier
Q103446,2024-05-01,CU2116,20082,Independent Retailer,108.5,37.5707,29.3084,35.5115,0.82532,18.1048,1,Won,
Q103447,2026-02-01,CU2112,20167,Government & Education,248.3,70.4952,55.0206,66.4165,0.82842,49.2868,1,Won,
Q103448,2024-02-01,CU2148,20039,Regional Retail Chain,293.3,90.0497,85.3422,86.2713,0.98923,46.881,0,Lost,Incumbent supplier
Q103449,2025-10-01,CU2033,20207,Independent Retailer,168.1,12.7584,13.0136,11.4526,1.1363,7.356,0,Lost,Specification
Q103450,2023-10-01,CU2146,20217,E-commerce Pure-Play,520.3,45.8241,39.9026,39.2611,1.01634,27.7327,1,Won,
Q103451,2025-02-01,CU2040,20163,Independent Retailer,1353.2,19.068,19.4494,17.6179,1.10395,13.6707,0,Lost,Lead time
Q103452,2024-09-01,CU2140,20118,Subscription Box Operator,315.9,85.601,82.8679,76.8884,1.07777,46.7441,1,Won,
Q103453,2025-08-01,CU2068,20063,E-commerce Pure-Play,318.0,91.1136,81.1447,82.243,0.98665,64.8217,1,Won,
Q103454,2026-01-01,CU2097,20093,Subscription Box Operator,2366.3,52.5306,52.6763,48.6276,1.08326,28.9108,0,Lost,Lead time
Q103455,2024-04-01,CU2074,20004,Corporate & B2B Buyer,246.7,28.6768,25.5827,29.472,0.86804,17.3275,1,Won,
Q103456,2025-02-01,CU2042,20169,Corporate & B2B Buyer,274.1,20.5249,20.3911,20.8293,0.97896,13.1596,1,Won,
Q103457,2023-10-01,CU2050,20156,Marketplace Seller,1107.4,64.4199,58.6439,52.2347,1.1227,41.826,0,Lost,Incumbent supplier
Q103458,2023-08-01,CU2058,20152,Corporate & B2B Buyer,824.5,20.423,17.9008,17.3023,1.03459,12.0238,1,Won,
Q103459,2026-01-01,CU2008,20105,Independent Retailer,1053.7,20.5362,16.3874,16.8919,0.97013,12.7181,1,Won,
Q103460,2025-05-01,CU2138,20118,Marketplace Seller,612.3,77.6356,65.3582,62.8883,1.03928,50.4354,0,Lost,Specification
Q103461,2024-06-01,CU2055,20033,Marketplace Seller,363.4,12.0399,11.1961,10.9101,1.02622,9.8396,0,Lost,Price
Q103462,2025-08-01,CU2012,20051,Government & Education,523.8,75.9441,72.149,76.7007,0.94066,42.8548,0,Lost,Specification
Q103463,2025-11-01,CU2064,20237,Independent Retailer,1234.4,57.0453,51.6545,60.3607,0.85576,36.1398,0,Lost,Price
Q103464,2025-06-01,CU2110,20126,Independent Retailer,150.0,54.596,54.9377,56.5529,0.97144,30.1145,0,Lost,Incumbent supplier
Q103465,2025-12-01,CU2019,20074,E-commerce Pure-Play,155.9,44.4101,42.8157,45.2726,0.94573,27.7871,1,Won,
Q103466,2023-11-01,CU2143,20129,Sub-Distributor,168.6,17.9824,16.3833,15.8083,1.03638,11.962,1,Won,
Q103467,2025-01-01,CU2088,20002,Independent Retailer,284.8,53.3806,49.2546,48.5269,1.015,34.5525,1,Won,
Q103468,2026-06-01,CU2077,20211,Corporate & B2B Buyer,660.0,39.7418,37.7082,39.4358,0.95619,32.1471,0,Lost,Incumbent supplier
Q103469,2024-06-01,CU2033,20069,Independent Retailer,154.5,23.0811,21.7301,21.6997,1.0014,15.2754,1,Won,
Q103470,2024-05-01,CU2082,20184,E-commerce Pure-Play,128.0,157.4857,149.6047,134.529,1.11206,95.1535,0,Lost,Price
Q103471,2025-03-01,CU2015,20069,Corporate & B2B Buyer,49.7,19.3253,17.396,19.7587,0.88042,13.7309,1,Won,
Q103472,2025-03-01,CU2037,20231,Marketplace Seller,262.7,44.5225,41.0821,39.4345,1.04178,22.6895,0,Lost,Specification
Q103473,2023-12-01,CU2052,20042,Marketplace Seller,693.4,92.962,89.2422,80.4853,1.1088,55.4907,0,Lost,Price
Q103474,2026-06-01,CU2056,20090,Regional Retail Chain,621.7,31.9466,28.066,29.3556,0.95607,27.6804,1,Won,
Q103475,2025-01-01,CU2129,20178,Regional Retail Chain,421.6,23.3648,19.7603,20.0049,0.98777,18.7252,0,Lost,Specification
Q103476,2024-04-01,CU2026,20212,Marketplace Seller,985.0,38.9462,32.1291,39.0218,0.82336,22.2887,1,Won,
Q103477,2023-10-01,CU2007,20190,Sub-Distributor,811.6,33.7233,29.4762,34.1308,0.86362,22.5679,1,Won,
Q103478,2025-02-01,CU2036,20062,Regional Retail Chain,328.3,40.0607,38.3381,37.0068,1.03597,32.3196,0,Lost,Price
Q103479,2023-12-01,CU2026,20069,Marketplace Seller,1066.3,24.2497,21.9286,21.7873,1.00649,15.1939,1,Won,
Q103480,2024-04-01,CU2045,20072,Subscription Box Operator,1165.1,15.2657,13.9171,15.5385,0.89565,9.3654,0,Lost,Price
Q103481,2024-11-01,CU2088,20014,Independent Retailer,136.7,40.1371,32.6762,34.6683,0.94254,17.6204,1,Won,
Q103482,2026-04-01,CU2022,20128,Regional Retail Chain,2616.4,16.2723,14.5354,17.0604,0.852,12.921,0,Lost,Price
Q103483,2025-08-01,CU2053,20205,Corporate & B2B Buyer,961.5,22.1932,18.7817,21.6903,0.8659,16.0579,1,Won,
Q103484,2024-10-01,CU2115,20103,Sub-Distributor,423.0,30.737,23.2,29.6153,0.78338,16.2032,1,Won,
Q103485,2025-06-01,CU2020,20065,Marketplace Seller,223.6,44.8179,41.3989,43.3637,0.95469,27.6671,1,Won,
Q103486,2024-07-01,CU2093,20101,Independent Retailer,142.6,15.54,10.7392,15.1121,0.71063,7.7733,1,Won,
Q103487,2026-01-01,CU2055,20208,Marketplace Seller,1300.9,23.8716,20.3649,21.506,0.94694,12.9279,1,Won,
Q103488,2024-01-01,CU2016,20092,Corporate & B2B Buyer,174.1,32.9341,29.7296,31.8518,0.93337,20.9046,1,Won,
Q103489,2024-05-01,CU2098,20183,Subscription Box Operator,333.0,87.898,64.5651,73.4174,0.87943,55.1303,0,Lost,Specification
Q103490,2026-01-01,CU2064,20184,Independent Retailer,1070.2,134.2289,126.8624,138.6439,0.91502,88.6563,0,Lost,Incumbent supplier
Q103491,2026-03-01,CU2106,20211,Sub-Distributor,464.5,39.7418,39.4874,39.288,1.00508,30.7282,1,Won,
Q103492,2024-09-01,CU2078,20165,E-commerce Pure-Play,917.3,19.8706,18.9583,20.8949,0.90732,14.1389,1,Won,
Q103493,2024-11-01,CU2079,20138,Marketplace Seller,488.8,27.5895,21.6971,23.7927,0.91192,16.04,1,Won,
Q103494,2025-04-01,CU2005,20119,Independent Retailer,2134.5,47.2971,40.6803,45.8473,0.8873,25.8578,1,Won,
Q103495,2024-12-01,CU2021,20017,Corporate & B2B Buyer,2059.9,28.1967,26.6626,23.061,1.15618,17.1044,0,Lost,Price
Q103496,2025-09-01,CU2107,20118,E-commerce Pure-Play,187.5,75.2024,56.587,69.4824,0.81441,47.2273,1,Won,
Q103497,2024-02-01,CU2065,20218,Government & Education,448.3,47.2637,39.5124,47.1018,0.83887,23.0251,0,Lost,Price
Q103498,2024-05-01,CU2099,20225,E-commerce Pure-Play,902.3,90.5597,78.3328,83.6325,0.93663,43.0383,1,Won,
Q103499,2025-11-01,CU2091,20067,Independent Retailer,561.6,10.6594,9.031,9.0691,0.99579,5.7229,0,Lost,Specification
Q103500,2024-04-01,CU2149,20055,Corporate & B2B Buyer,1438.3,146.4211,136.7963,134.4667,1.01732,71.6843,1,Won,
Q103501,2024-10-01,CU2138,20119,Marketplace Seller,740.6,46.525,40.5299,48.4353,0.83678,28.3127,1,Won,
Q103502,2024-03-01,CU2121,20145,Corporate & B2B Buyer,245.2,14.3843,13.4957,12.7993,1.05441,9.1069,1,Won,
Q103503,2023-09-01,CU2038,20106,Marketplace Seller,278.6,25.5377,23.7037,26.5844,0.89164,13.9967,1,Won,
Q103504,2024-07-01,CU2139,20154,E-commerce Pure-Play,41.7,42.4731,37.5172,41.3786,0.90668,25.3835,1,Won,
Q103505,2025-03-01,CU2118,20149,Regional Retail Chain,339.4,64.1297,52.0022,67.1832,0.77404,44.2988,1,Won,
Q103506,2025-09-01,CU2104,20238,Corporate & B2B Buyer,1007.9,14.7709,15.0663,14.6035,1.03169,10.0279,0,Lost,Price
Q103507,2025-07-01,CU2056,20047,Regional Retail Chain,414.9,17.3906,14.9668,15.7634,0.94947,11.3784,1,Won,
Q103508,2024-06-01,CU2103,20152,Marketplace Seller,585.0,20.2112,19.3406,19.6373,0.98489,11.2637,1,Won,
Q103509,2025-08-01,CU2090,20093,Sub-Distributor,272.8,54.7045,49.2036,53.1354,0.926,28.229,1,Won,
Q103510,2025-01-01,CU2140,20009,Subscription Box Operator,303.3,27.3185,21.4159,23.9127,0.89559,13.8904,1,Won,
Q103511,2024-10-01,CU2138,20208,Marketplace Seller,388.6,23.9945,18.3004,20.97,0.8727,13.3658,1,Won,
Q103512,2024-12-01,CU2134,20089,Marketplace Seller,408.2,69.6058,60.7237,73.1865,0.82971,52.1773,1,Won,
Q103513,2024-05-01,CU2122,20122,Marketplace Seller,1562.8,9.5064,8.6947,9.8438,0.88327,6.0807,1,Won,
Q103514,2024-05-01,CU2065,20122,Government & Education,647.0,9.5064,8.2839,7.7918,1.06317,6.0807,0,Lost,Price
Q103515,2026-06-01,CU2038,20041,Marketplace Seller,117.5,39.6878,36.3822,41.4316,0.87813,22.5935,0,Lost,Incumbent supplier
Q103516,2025-05-01,CU2082,20198,E-commerce Pure-Play,967.8,9.798,9.53,8.1055,1.17575,5.4665,0,Lost,Price
Q103517,2023-10-01,CU2108,20128,Sub-Distributor,114.9,12.3784,10.2458,13.1083,0.78162,7.6815,1,Won,
Q103518,2026-06-01,CU2103,20152,Marketplace Seller,340.9,22.6466,19.9866,21.0738,0.94841,15.7029,1,Won,
Q103519,2024-05-01,CU2119,20050,Marketplace Seller,560.7,12.617,11.7178,11.854,0.98852,6.1226,0,Lost,Price
Q103520,2025-07-01,CU2124,20178,Marketplace Seller,150.5,22.3988,21.3278,19.5641,1.09015,17.9341,0,Lost,Price
Q103521,2023-10-01,CU2018,20168,Independent Retailer,169.3,16.8263,15.9557,13.5134,1.18074,9.056,0,Lost,Price
Q103522,2026-01-01,CU2114,20085,Corporate & B2B Buyer,1160.5,54.3752,44.3736,55.4395,0.8004,26.4285,1,Won,
Q103523,2025-11-01,CU2004,20105,Independent Retailer,1040.4,21.3293,19.1989,18.1045,1.06045,13.1731,0,Lost,Incumbent supplier
Q103524,2025-10-01,CU2018,20216,Independent Retailer,3182.6,41.3841,35.1179,34.0297,1.03198,21.3109,1,Won,
Q103525,2023-08-01,CU2067,20115,Independent Retailer,876.5,69.0032,70.1721,61.3223,1.14432,42.8554,0,Lost,Price
Q103526,2026-05-01,CU2014,20230,Marketplace Seller,987.1,42.2426,31.7302,34.9018,0.90913,18.8955,1,Won,
Q103527,2025-01-01,CU2004,20123,Independent Retailer,1171.4,11.4198,9.2162,10.8861,0.8466,7.0122,1,Won,
Q103528,2024-06-01,CU2107,20078,E-commerce Pure-Play,748.7,26.1651,23.6266,22.344,1.0574,20.4439,1,Won,
Q103529,2024-06-01,CU2013,20231,Independent Retailer,578.2,44.5225,40.5221,43.8319,0.92449,24.1629,1,Won,
Q103530,2025-03-01,CU2088,20122,Independent Retailer,201.0,10.7855,9.6304,11.0355,0.87267,6.845,1,Won,
Q103531,2024-05-01,CU2040,20160,Independent Retailer,560.3,13.8678,12.8036,13.2691,0.96492,8.3889,1,Won,
Q103532,2025-01-01,CU2046,20055,Marketplace Seller,523.6,163.0302,130.3796,134.8327,0.96697,80.5207,0,Lost,Incumbent supplier
Q103533,2023-07-01,CU2138,20135,Marketplace Seller,221.3,74.3775,57.4519,61.9656,0.92716,39.3986,0,Lost,Lead time
Q103534,2026-02-01,CU2079,20080,Marketplace Seller,539.5,25.4341,23.1957,23.5638,0.98438,16.4675,1,Won,
Q103535,2024-05-01,CU2089,20144,Marketplace Seller,260.0,31.4552,30.2019,31.4289,0.96096,19.1932,1,Won,
Q103536,2025-03-01,CU2006,20212,Independent Retailer,280.9,43.4732,44.3427,41.4198,1.07057,26.1369,0,Lost,Lead time
Q103537,2023-12-01,CU2149,20173,Corporate & B2B Buyer,120.9,30.8845,27.9066,26.6201,1.04833,20.9608,1,Won,
Q103538,2025-08-01,CU2039,20071,Marketplace Seller,154.6,73.2626,58.4329,66.9943,0.87221,51.0655,0,Lost,Price
Q103539,2025-04-01,CU2132,20067,Subscription Box Operator,153.2,10.2148,8.8177,10.2441,0.86076,5.4722,0,Lost,Incumbent supplier
Q103540,2024-11-01,CU2027,20219,Marketplace Seller,5318.7,12.9903,10.0874,13.0636,0.77218,6.6576,1,Won,
Q103541,2025-11-01,CU2114,20170,Corporate & B2B Buyer,438.3,24.4157,23.2336,22.9513,1.0123,13.1425,0,Lost,Incumbent supplier
Q103542,2026-04-01,CU2002,20007,Marketplace Seller,579.5,21.8247,18.9972,19.9154,0.95389,15.1167,1,Won,
Q103543,2024-03-01,CU2051,20008,Subscription Box Operator,962.1,18.8171,15.969,19.0095,0.84006,12.3482,0,Lost,Price
Q103544,2024-01-01,CU2099,20130,E-commerce Pure-Play,140.7,79.7404,80.4859,67.432,1.19359,54.9298,0,Lost,Lead time
Q103545,2024-08-01,CU2027,20002,Marketplace Seller,262.7,53.3806,47.0862,43.7876,1.07533,38.9488,1,Won,
Q103546,2026-02-01,CU2144,20071,Marketplace Seller,121.7,65.7625,58.8785,67.424,0.87326,38.702,1,Won,
Q103547,2025-07-01,CU2035,20155,Corporate & B2B Buyer,1292.9,142.6863,124.017,149.1238,0.83164,92.9531,1,Won,
Q103548,2025-06-01,CU2039,20115,Marketplace Seller,340.7,56.5936,45.0585,59.5403,0.75677,31.666,1,Won,
Q103549,2025-11-01,CU2045,20159,Subscription Box Operator,402.6,21.2533,17.8373,21.483,0.8303,17.8734,1,Won,
Q103550,2024-12-01,CU2015,20170,Corporate & B2B Buyer,711.7,19.8924,17.4757,16.3574,1.06837,10.3528,0,Lost,Price
Q103551,2024-05-01,CU2147,20074,Marketplace Seller,1076.3,48.6415,46.9927,46.2542,1.01597,26.2424,1,Won,
Q103552,2024-12-01,CU2046,20096,Marketplace Seller,461.3,10.3189,8.5671,10.2433,0.83636,6.2804,1,Won,
Q103553,2024-03-01,CU2138,20027,Marketplace Seller,1522.7,23.3844,23.8521,20.6548,1.15479,16.7239,0,Lost,Lead time
Q103554,2024-02-01,CU2001,20074,Subscription Box Operator,195.4,51.7746,45.3178,48.4361,0.93562,27.3761,0,Lost,Lead time
Q103555,2024-09-01,CU2033,20195,Independent Retailer,405.7,48.5447,37.9215,42.5334,0.89157,26.1609,0,Lost,Price
Q103556,2023-10-01,CU2043,20199,Government & Education,148.1,13.3637,12.265,11.5651,1.06052,9.771,0,Lost,Lead time
Q103557,2023-07-01,CU2055,20054,Marketplace Seller,582.4,116.3736,95.1707,107.802,0.88283,64.4325,1,Won,
Q103558,2024-08-01,CU2015,20029,Corporate & B2B Buyer,152.2,33.7342,29.3588,29.4287,0.99763,16.1547,0,Lost,Lead time
Q103559,2024-07-01,CU2066,20185,Corporate & B2B Buyer,253.0,9.3191,8.2763,7.5297,1.09916,5.0414,0,Lost,Price
Q103560,2025-08-01,CU2036,20212,Regional Retail Chain,269.0,43.9636,38.6088,41.8942,0.92158,25.5399,0,Lost,Incumbent supplier
Q103561,2023-07-01,CU2009,20181,Marketplace Seller,1509.6,15.9118,13.7398,13.4984,1.01788,9.7323,1,Won,
Q103562,2024-10-01,CU2088,20005,Independent Retailer,71.8,37.5068,32.4387,32.9395,0.9848,18.7507,1,Won,
Q103563,2025-04-01,CU2034,20031,Marketplace Seller,693.9,6.5142,5.9947,6.1196,0.97959,4.22,0,Lost,Lead time
Q103564,2026-05-01,CU2141,20001,Marketplace Seller,137.8,19.9168,16.084,18.715,0.85941,11.4628,1,Won,
Q103565,2026-02-01,CU2020,20090,Marketplace Seller,863.8,31.9466,27.4375,31.9801,0.85795,27.9393,1,Won,
Q103566,2026-05-01,CU2144,20186,Marketplace Seller,140.8,72.657,63.9659,74.2264,0.86177,48.5389,1,Won,
Q103567,2026-01-01,CU2095,20174,Sub-Distributor,290.2,12.8281,11.5737,11.745,0.98542,10.3049,1,Won,
Q103568,2025-11-01,CU2009,20218,Marketplace Seller,1024.7,40.8569,33.8943,38.7431,0.87485,21.8934,1,Won,
Q103569,2024-06-01,CU2132,20013,Subscription Box Operator,308.9,73.7728,69.459,70.0864,0.99105,48.5646,0,Lost,Price
Q103570,2023-09-01,CU2100,20085,Independent Retailer,233.4,57.7794,58.1285,47.9109,1.21326,37.8759,0,Lost,Incumbent supplier
Q103571,2024-02-01,CU2143,20191,Sub-Distributor,2018.4,48.659,48.2438,45.1772,1.06788,32.713,0,Lost,Lead time
Q103572,2024-06-01,CU2040,20012,Independent Retailer,783.9,15.9776,15.4268,13.2845,1.16127,7.2216,1,Won,
Q103573,2025-09-01,CU2095,20164,Sub-Distributor,1049.6,52.2241,44.3685,52.1681,0.85049,37.093,1,Won,
Q103574,2025-12-01,CU2066,20228,Corporate & B2B Buyer,329.0,41.8527,41.6006,44.3375,0.93827,26.4613,1,Won,
Q103575,2025-07-01,CU2072,20225,Marketplace Seller,116.6,99.4034,93.3959,91.9763,1.01543,43.969,0,Lost,Price
Q103576,2024-07-01,CU2095,20027,Sub-Distributor,20.8,24.4998,22.5122,22.7807,0.98822,19.308,0,Lost,Price
Q103577,2025-05-01,CU2048,20080,E-commerce Pure-Play,656.2,23.5639,19.1651,23.4824,0.81615,14.1854,1,Won,
Q103578,2026-04-01,CU2099,20106,E-commerce Pure-Play,295.3,23.241,23.7058,22.176,1.06898,12.0748,0,Lost,Specification
Q103579,2024-09-01,CU2027,20091,Marketplace Seller,203.7,24.3261,23.8463,23.5391,1.01305,13.2,0,Lost,Lead time
Q103580,2026-04-01,CU2123,20108,Independent Retailer,259.7,27.1312,26.9256,27.1647,0.9912,11.9651,0,Lost,Price
Q103581,2024-03-01,CU2026,20062,Marketplace Seller,362.6,47.899,39.0216,49.3352,0.79095,26.7023,1,Won,
Q103582,2025-12-01,CU2135,20115,Sub-Distributor,1325.8,54.7503,50.6165,50.9905,0.99267,33.0683,0,Lost,Specification
Q103583,2023-10-01,CU2064,20081,Independent Retailer,359.7,60.7427,59.3671,49.9731,1.18798,32.7918,0,Lost,Price
Q103584,2024-12-01,CU2061,20065,Marketplace Seller,150.4,43.4957,38.6218,37.0296,1.043,26.7793,0,Lost,Price
Q103585,2024-03-01,CU2018,20197,Independent Retailer,495.0,17.0276,14.2025,16.504,0.86055,8.854,1,Won,
Q103586,2026-05-01,CU2149,20067,Corporate & B2B Buyer,529.2,10.5402,10.3052,10.1934,1.01097,6.1933,0,Lost,Specification
Q103587,2025-11-01,CU2122,20067,Marketplace Seller,359.6,10.6594,8.4485,8.8165,0.95826,5.7229,0,Lost,Price
Q103588,2023-07-01,CU2124,20042,Marketplace Seller,154.1,96.9355,79.007,86.4491,0.91391,54.267,1,Won,
Q103589,2025-12-01,CU2047,20181,Corporate & B2B Buyer,53.5,18.0404,15.4207,15.2933,1.00833,11.2687,0,Lost,Lead time
Q103590,2025-04-01,CU2073,20204,Marketplace Seller,611.5,24.4272,21.1161,21.294,0.99164,13.8367,1,Won,
Q103591,2026-01-01,CU2089,20038,Marketplace Seller,1412.2,72.1206,62.4494,76.4126,0.81727,58.7554,1,Won,
Q103592,2024-08-01,CU2000,20202,Independent Retailer,1032.5,46.9027,36.5964,40.6047,0.90128,23.5869,1,Won,
Q103593,2025-03-01,CU2025,20168,E-commerce Pure-Play,86.9,16.8263,15.0733,14.5879,1.03327,12.2324,0,Lost,Price
Q103594,2025-03-01,CU2021,20202,Corporate & B2B Buyer,470.1,46.9027,40.3933,48.1813,0.83836,22.4133,1,Won,
Q103595,2025-12-01,CU2014,20057,Marketplace Seller,348.0,40.5887,38.0596,38.1022,0.99888,27.0015,1,Won,
Q103596,2025-08-01,CU2118,20236,Regional Retail Chain,121.7,49.3404,49.5006,48.7555,1.01528,28.3368,1,Won,
Q103597,2024-05-01,CU2111,20105,Independent Retailer,460.8,23.954,22.8731,21.2868,1.07452,12.664,1,Won,
Q103598,2025-09-01,CU2109,20089,Subscription Box Operator,48.3,77.724,71.0016,65.0815,1.09096,54.1141,1,Won,
Q103599,2023-07-01,CU2039,20091,Marketplace Seller,2459.5,26.5688,25.0356,26.9615,0.92857,13.9835,1,Won,
Q103600,2025-04-01,CU2052,20111,Marketplace Seller,313.0,40.7742,35.5205,36.8716,0.96336,22.2725,0,Lost,Incumbent supplier
Q103601,2026-01-01,CU2063,20019,Sub-Distributor,183.4,9.624,9.16,9.5423,0.95994,5.1062,0,Lost,Lead time
Q103602,2023-12-01,CU2069,20204,E-commerce Pure-Play,202.0,24.0058,22.6469,21.8373,1.03707,12.9245,0,Lost,Price
Q103603,2024-09-01,CU2112,20042,Government & Education,315.8,90.6015,84.7196,95.5568,0.88659,45.1194,1,Won,
Q103604,2024-06-01,CU2038,20207,Marketplace Seller,674.0,9.6106,9.3373,7.9545,1.17384,7.2387,0,Lost,Incumbent supplier
Q103605,2024-12-01,CU2145,20153,Regional Retail Chain,355.5,24.8267,23.5942,22.7392,1.0376,15.22,1,Won,
Q103606,2026-01-01,CU2002,20022,Marketplace Seller,703.5,44.0199,40.8802,43.9833,0.92945,37.1795,0,Lost,Price
Q103607,2023-09-01,CU2125,20186,Marketplace Seller,142.3,61.1722,62.3956,56.6608,1.10121,37.9917,0,Lost,Price
Q103608,2023-08-01,CU2134,20073,Marketplace Seller,820.3,20.1823,18.1672,16.7378,1.0854,13.9152,0,Lost,Lead time
Q103609,2024-11-01,CU2041,20036,Sub-Distributor,152.5,12.482,10.653,12.1303,0.87821,8.6179,0,Lost,Price
Q103610,2024-07-01,CU2008,20132,Independent Retailer,241.0,7.8091,7.1215,8.0323,0.8866,6.2161,1,Won,
Q103611,2025-07-01,CU2091,20087,Independent Retailer,115.0,39.2017,34.7874,40.0343,0.86894,26.4125,1,Won,
Q103612,2025-04-01,CU2088,20082,Independent Retailer,241.5,38.4507,36.283,38.8785,0.93324,18.605,1,Won,
Q103613,2024-08-01,CU2020,20046,Marketplace Seller,60.5,16.7446,15.1018,15.4244,0.97909,13.2954,0,Lost,Price
Q103614,2024-06-01,CU2140,20070,Subscription Box Operator,450.4,16.6126,14.2586,15.6228,0.91268,12.1046,0,Lost,Lead time
Q103615,2025-12-01,CU2012,20135,Government & Education,674.9,66.8115,61.348,58.9553,1.04059,29.859,0,Lost,Lead time
Q103616,2025-04-01,CU2142,20066,Marketplace Seller,363.5,14.3367,11.1869,14.7391,0.75899,6.7894,0,Lost,Price
Q103617,2024-12-01,CU2001,20137,Subscription Box Operator,139.1,78.9129,76.618,73.0231,1.04923,47.565,0,Lost,Price
Q103618,2023-10-01,CU2139,20021,E-commerce Pure-Play,466.6,41.2561,37.6819,33.5686,1.12253,29.4557,1,Won,
Q103619,2024-01-01,CU2047,20101,Corporate & B2B Buyer,280.4,15.1633,12.9064,15.0602,0.85699,7.8584,1,Won,
Q103620,2025-04-01,CU2027,20162,Marketplace Seller,105.4,17.1232,16.2512,14.9896,1.08417,8.5248,0,Lost,Price
Q103621,2023-08-01,CU2149,20221,Corporate & B2B Buyer,39.9,24.1353,21.4219,21.1652,1.01213,16.8153,0,Lost,Price
Q103622,2026-03-01,CU2040,20116,Independent Retailer,142.0,12.3172,11.3139,12.0932,0.93556,5.5798,1,Won,
Q103623,2024-04-01,CU2078,20033,E-commerce Pure-Play,98.9,12.7799,11.7781,12.5079,0.94166,9.5277,1,Won,
Q103624,2026-04-01,CU2020,20166,Marketplace Seller,2313.7,15.6452,13.5557,12.8635,1.05381,12.2384,0,Lost,Price
Q103625,2025-08-01,CU2087,20186,Sub-Distributor,148.4,72.2648,64.7397,64.8123,0.99888,43.3207,1,Won,
Q103626,2023-08-01,CU2135,20122,Sub-Distributor,218.4,9.5588,7.4245,10.1071,0.73458,5.9952,1,Won,
Q103627,2025-06-01,CU2120,20062,Independent Retailer,125.2,39.8322,36.0564,39.9152,0.90332,32.7815,0,Lost,Price
Q103628,2026-06-01,CU2031,20031,Corporate & B2B Buyer,230.9,7.3149,6.8829,7.6855,0.89557,4.1548,1,Won,
Q103629,2025-07-01,CU2135,20231,Sub-Distributor,79.5,44.5225,40.4213,40.2185,1.00504,20.9398,0,Lost,Price
Q103630,2024-08-01,CU2149,20239,Corporate & B2B Buyer,81.4,87.9253,68.0884,92.8594,0.73324,48.4293,0,Lost,Lead time
Q103631,2025-02-01,CU2075,20234,Independent Retailer,230.5,33.9429,27.4947,34.2242,0.80337,20.2341,1,Won,
Q103632,2026-01-01,CU2010,20146,Sub-Distributor,567.8,17.6399,15.422,18.5629,0.8308,11.906,1,Won,
Q103633,2026-02-01,CU2038,20106,Marketplace Seller,213.3,23.241,20.5989,22.031,0.93499,12.4789,1,Won,
Q103634,2024-11-01,CU2120,20131,Independent Retailer,230.1,25.2116,23.3184,23.5691,0.98937,19.8295,1,Won,
Q103635,2023-09-01,CU2139,20043,E-commerce Pure-Play,124.7,42.4398,33.2306,37.0412,0.89713,28.9965,1,Won,
Q103636,2025-11-01,CU2103,20192,Marketplace Seller,351.7,20.8993,18.2434,20.8699,0.87415,13.532,0,Lost,Price
Q103637,2026-01-01,CU2061,20016,Marketplace Seller,286.7,19.3418,18.4754,17.0763,1.08193,11.6955,1,Won,
Q103638,2025-05-01,CU2099,20029,E-commerce Pure-Play,653.1,34.7227,28.7458,35.1187,0.81853,13.3946,1,Won,
Q103639,2026-06-01,CU2037,20040,Marketplace Seller,265.0,53.914,48.5952,55.1283,0.88149,31.8126,1,Won,
Q103640,2025-12-01,CU2080,20190,Government & Education,231.0,39.1102,34.7592,40.0623,0.86763,22.9618,1,Won,
Q103641,2026-06-01,CU2049,20105,Independent Retailer,127.7,20.8853,18.9354,17.2708,1.09638,15.0607,1,Won,
Q103642,2025-01-01,CU2138,20232,Marketplace Seller,60.9,39.321,29.149,35.5274,0.82046,29.4247,1,Won,
Q103643,2025-09-01,CU2010,20043,Sub-Distributor,887.8,44.1082,41.0653,35.9863,1.14114,24.0123,0,Lost,Price
Q103644,2026-01-01,CU2066,20220,Corporate & B2B Buyer,323.8,16.7893,16.1512,15.4194,1.04746,7.8974,1,Won,
Q103645,2024-04-01,CU2096,20073,Marketplace Seller,274.0,21.6086,19.4062,17.9432,1.08154,15.2677,0,Lost,Incumbent supplier
Q103646,2024-03-01,CU2098,20091,Subscription Box Operator,430.6,24.4158,21.2824,21.3565,0.99653,13.282,1,Won,
Q103647,2025-12-01,CU2014,20073,Marketplace Seller,118.9,21.6086,20.946,19.9371,1.05061,18.756,0,Lost,Incumbent supplier
Q103648,2026-06-01,CU2090,20228,Sub-Distributor,108.7,40.1353,33.9487,40.0447,0.84777,27.4946,1,Won,
Q103649,2025-04-01,CU2131,20225,Regional Retail Chain,541.0,90.7471,83.0106,92.6029,0.89641,41.9517,0,Lost,Incumbent supplier
Q103650,2023-08-01,CU2101,20063,Independent Retailer,112.4,92.3109,88.8214,83.0026,1.0701,51.6379,0,Lost,Price
Q103651,2024-08-01,CU2112,20222,Government & Education,319.2,25.1247,21.6613,24.7487,0.87525,15.4187,1,Won,
Q103652,2025-11-01,CU2111,20083,Independent Retailer,602.9,51.7272,43.3268,52.0239,0.83282,35.8062,1,Won,
Q103653,2024-05-01,CU2038,20181,Marketplace Seller,274.6,15.2171,15.2504,16.0729,0.94883,10.6212,0,Lost,Specification
Q103654,2024-11-01,CU2026,20184,Marketplace Seller,256.7,152.8176,133.1983,160.1868,0.83152,98.2954,1,Won,
Q103655,2023-09-01,CU2043,20225,Government & Education,1130.3,83.5689,79.8243,68.1454,1.17138,39.4789,0,Lost,Incumbent supplier
Q103656,2024-01-01,CU2048,20111,E-commerce Pure-Play,162.6,42.1918,40.2787,38.0067,1.05978,21.6495,1,Won,
Q103657,2025-03-01,CU2039,20173,Marketplace Seller,650.1,24.4629,20.5854,25.5233,0.80654,18.3486,1,Won,
Q103658,2024-04-01,CU2029,20089,Independent Retailer,648.1,65.9241,62.4887,64.9172,0.96259,46.719,0,Lost,Price
Q103659,2025-09-01,CU2137,20124,E-commerce Pure-Play,283.2,14.8765,14.0337,13.7142,1.0233,11.0245,0,Lost,Specification
Q103660,2025-12-01,CU2137,20171,E-commerce Pure-Play,869.4,33.6807,31.4644,30.7786,1.02228,30.1992,0,Lost,Price
Q103661,2026-01-01,CU2048,20162,E-commerce Pure-Play,402.0,21.0542,16.7328,18.8995,0.88536,7.633,1,Won,
Q103662,2024-05-01,CU2069,20021,E-commerce Pure-Play,364.4,41.2117,37.9376,33.0901,1.1465,32.8095,0,Lost,Price
Q103663,2023-11-01,CU2030,20049,Independent Retailer,1332.6,73.2049,65.5288,66.6652,0.98295,34.2729,0,Lost,Price
Q103664,2025-02-01,CU2117,20201,Marketplace Seller,1825.5,22.6757,20.1996,19.6929,1.02573,15.7223,0,Lost,Incumbent supplier
Q103665,2026-01-01,CU2102,20202,Sub-Distributor,354.8,46.9027,44.4443,44.9414,0.98894,25.5641,0,Lost,Lead time
Q103666,2024-07-01,CU2029,20204,Independent Retailer,258.4,24.8376,21.416,23.4627,0.91277,13.0918,0,Lost,Price
Q103667,2024-05-01,CU2057,20167,Subscription Box Operator,288.4,83.9439,67.5398,83.9435,0.80459,57.3895,1,Won,
Q103668,2025-08-01,CU2018,20239,Independent Retailer,119.2,86.9513,77.4966,73.084,1.06038,51.1966,0,Lost,Price
Q103669,2024-04-01,CU2139,20143,E-commerce Pure-Play,242.1,70.1642,63.2696,63.4654,0.99691,38.1979,1,Won,
Q103670,2025-08-01,CU2066,20155,Corporate & B2B Buyer,994.5,142.6863,138.3116,115.3844,1.1987,98.6608,0,Lost,Price
Q103671,2023-12-01,CU2082,20008,E-commerce Pure-Play,1838.1,19.6507,18.2238,18.341,0.99361,12.0233,1,Won,
Q103672,2024-06-01,CU2047,20182,Corporate & B2B Buyer,623.2,34.5875,33.1803,29.8268,1.11243,23.7907,0,Lost,Price
Q103673,2025-09-01,CU2098,20130,Subscription Box Operator,704.8,71.5465,65.9092,59.819,1.10181,49.9619,0,Lost,Incumbent supplier
Q103674,2024-11-01,CU2135,20145,Sub-Distributor,232.7,15.3748,14.6813,12.485,1.17591,9.9322,0,Lost,Lead time
Q103675,2025-09-01,CU2088,20191,Independent Retailer,52.8,59.9264,49.6479,49.9021,0.99491,43.409,1,Won,
Q103676,2024-02-01,CU2134,20056,Marketplace Seller,375.8,42.1984,39.8832,41.7178,0.95602,23.6833,0,Lost,Incumbent supplier
Q103677,2024-08-01,CU2098,20012,Subscription Box Operator,1674.6,17.2257,14.9242,16.1082,0.9265,7.2931,1,Won,
Q103678,2026-01-01,CU2050,20054,Marketplace Seller,279.2,137.6885,135.4042,142.5356,0.94997,55.1522,0,Lost,Price
Q103679,2023-12-01,CU2077,20237,Corporate & B2B Buyer,447.4,77.9393,71.6511,68.1029,1.0521,51.4556,0,Lost,Price
Q103680,2024-06-01,CU2034,20027,Marketplace Seller,376.9,23.3844,22.2567,19.5299,1.13962,18.6863,0,Lost,Price
Q103681,2026-01-01,CU2054,20001,Marketplace Seller,114.8,17.59,15.2426,15.1622,1.00531,11.5972,1,Won,
Q103682,2025-03-01,CU2022,20218,Regional Retail Chain,345.0,46.0232,34.605,48.447,0.71428,22.8256,1,Won,
Q103683,2025-09-01,CU2022,20023,Regional Retail Chain,692.9,31.4912,32.121,31.6789,1.01396,20.4528,1,Won,
Q103684,2024-05-01,CU2129,20029,Regional Retail Chain,213.8,33.7342,30.0001,29.0189,1.03381,18.4609,0,Lost,Price
Q103685,2024-08-01,CU2070,20000,Marketplace Seller,656.6,62.5945,57.404,52.1536,1.10067,35.9182,0,Lost,Price
Q103686,2023-11-01,CU2057,20082,Subscription Box Operator,796.8,39.4658,36.3729,34.7154,1.04774,21.7611,0,Lost,Specification
Q103687,2026-05-01,CU2101,20225,Independent Retailer,202.6,103.2608,92.355,102.5223,0.90083,41.9148,1,Won,
Q103688,2024-08-01,CU2010,20128,Sub-Distributor,143.1,11.9804,9.8278,12.2572,0.8018,8.8997,1,Won,
Q103689,2024-08-01,CU2058,20169,Corporate & B2B Buyer,929.1,24.1323,23.3904,22.9828,1.01773,13.8108,1,Won,
Q103690,2026-05-01,CU2025,20210,E-commerce Pure-Play,191.4,47.1016,41.1166,43.488,0.94547,28.4307,1,Won,
Q103691,2024-03-01,CU2003,20028,Regional Retail Chain,77.7,32.4259,29.1568,32.6604,0.89273,21.6951,1,Won,
Q103692,2024-07-01,CU2102,20044,Sub-Distributor,477.2,13.861,10.8549,14.6189,0.74253,8.4525,1,Won,
Q103693,2025-07-01,CU2072,20038,Marketplace Seller,444.7,77.9956,70.8362,80.7965,0.87672,57.6165,0,Lost,Lead time
Q103694,2025-06-01,CU2090,20234,Sub-Distributor,132.7,33.5835,29.76,31.9819,0.93053,20.088,1,Won,
Q103695,2024-08-01,CU2036,20044,Regional Retail Chain,379.8,13.5077,12.3104,13.8904,0.88625,8.3346,0,Lost,Specification
Q103696,2024-12-01,CU2102,20049,Sub-Distributor,640.6,75.0118,66.864,76.4422,0.8747,37.7533,1,Won,
Q103697,2026-06-01,CU2057,20061,Subscription Box Operator,532.6,23.3185,20.3957,19.093,1.06823,13.3153,1,Won,
Q103698,2025-01-01,CU2132,20199,Subscription Box Operator,875.9,15.1355,14.0127,14.4679,0.96854,10.019,1,Won,
Q103699,2025-01-01,CU2000,20178,Independent Retailer,196.1,23.3648,22.7353,19.1819,1.18525,18.7252,0,Lost,Specification
Q103700,2025-01-01,CU2122,20126,Marketplace Seller,81.5,51.6955,47.6786,42.8028,1.11391,31.5379,0,Lost,Specification
Q103701,2023-11-01,CU2001,20032,Subscription Box Operator,162.4,19.0384,17.8785,19.9103,0.89795,12.9697,0,Lost,Price
Q103702,2023-10-01,CU2138,20166,Marketplace Seller,325.3,15.9219,15.4226,16.0036,0.9637,10.4516,1,Won,
Q103703,2025-06-01,CU2046,20177,Marketplace Seller,164.9,35.3179,30.4237,34.1825,0.89004,24.069,1,Won,
Q103704,2024-04-01,CU2074,20164,Corporate & B2B Buyer,575.3,54.0528,47.4953,55.1192,0.86168,46.0848,1,Won,
Q103705,2025-01-01,CU2007,20205,Sub-Distributor,326.5,20.2898,20.6956,17.144,1.20717,14.9486,0,Lost,Specification
Q103706,2026-04-01,CU2075,20222,Independent Retailer,916.5,24.0219,20.5247,24.2062,0.84791,14.3916,1,Won,
Q103707,2024-12-01,CU2056,20170,Regional Retail Chain,1357.9,19.8924,18.8876,18.349,1.02936,10.3528,0,Lost,Lead time
Q103708,2026-02-01,CU2132,20110,Subscription Box Operator,1047.5,131.254,116.0317,133.3264,0.87028,53.8463,0,Lost,Incumbent supplier
Q103709,2023-12-01,CU2122,20076,Marketplace Seller,590.0,23.1834,19.9012,20.8599,0.95404,12.1076,0,Lost,Price
Q103710,2025-05-01,CU2062,20021,Independent Retailer,746.3,44.29,35.4772,44.6731,0.79415,32.4891,1,Won,
Q103711,2025-05-01,CU2138,20238,Marketplace Seller,714.2,13.945,12.2328,11.7352,1.0424,9.6232,0,Lost,Price
Q103712,2023-10-01,CU2117,20047,Marketplace Seller,380.1,21.1408,15.2367,21.9241,0.69498,14.1732,1,Won,
Q103713,2025-01-01,CU2004,20041,Independent Retailer,76.2,34.6954,29.7656,28.2574,1.05338,20.6998,0,Lost,Price
Q103714,2026-05-01,CU2015,20000,Corporate & B2B Buyer,2574.3,52.2297,46.7878,49.2962,0.94911,32.3317,0,Lost,Incumbent supplier
Q103715,2025-08-01,CU2051,20170,Subscription Box Operator,875.7,23.2663,18.9955,23.7975,0.79821,12.6688,1,Won,
Q103716,2026-06-01,CU2129,20108,Regional Retail Chain,375.8,27.1312,22.0188,22.4063,0.98271,12.1483,1,Won,
Q103717,2025-09-01,CU2092,20211,Marketplace Seller,418.8,39.7418,37.0934,34.9173,1.06232,27.3534,0,Lost,Specification
Q103718,2025-04-01,CU2075,20135,Independent Retailer,201.0,66.562,59.8363,61.6635,0.97037,30.9523,0,Lost,Price
Q103719,2026-01-01,CU2074,20130,Corporate & B2B Buyer,243.2,65.9665,57.3731,63.8879,0.89803,43.4427,0,Lost,Lead time
Q103720,2025-04-01,CU2009,20003,Marketplace Seller,578.0,33.1449,28.8577,29.9332,0.96407,22.0963,0,Lost,Lead time
Q103721,2025-04-01,CU2057,20157,Subscription Box Operator,311.0,54.6373,44.1787,48.7309,0.90659,41.198,0,Lost,Price
Q103722,2026-04-01,CU2122,20149,Marketplace Seller,274.5,66.6754,60.5855,63.0042,0.96161,40.6887,0,Lost,Price
Q103723,2024-10-01,CU2081,20008,Regional Retail Chain,1126.5,19.071,15.0029,16.8937,0.88808,13.7624,0,Lost,Price
Q103724,2024-10-01,CU2046,20175,Marketplace Seller,465.8,15.8511,13.6733,15.2723,0.8953,10.7203,1,Won,
Q103725,2025-05-01,CU2010,20055,Sub-Distributor,532.7,167.6133,134.6419,157.9181,0.85261,75.3346,1,Won,
Q103726,2023-10-01,CU2107,20114,E-commerce Pure-Play,633.7,72.0156,72.5736,61.9327,1.17181,47.7462,0,Lost,Lead time
Q103727,2024-09-01,CU2146,20175,E-commerce Pure-Play,155.5,15.8511,13.9011,16.1263,0.86202,10.4309,1,Won,
Q103728,2025-12-01,CU2072,20104,Marketplace Seller,112.3,17.7064,16.3821,15.5966,1.05036,10.7624,1,Won,
Q103729,2025-06-01,CU2020,20206,Marketplace Seller,746.7,50.8759,46.8481,40.7318,1.15016,44.6741,0,Lost,Price
Q103730,2025-12-01,CU2017,20145,Government & Education,524.5,18.241,17.6476,16.3976,1.07623,12.5869,0,Lost,Specification
Q103731,2026-04-01,CU2072,20141,Marketplace Seller,664.6,47.7078,46.0245,39.9119,1.15315,25.0401,0,Lost,Specification
Q103732,2023-08-01,CU2102,20232,Sub-Distributor,465.0,47.5107,43.3931,44.8227,0.96811,33.1701,1,Won,
Q103733,2024-03-01,CU2046,20190,Marketplace Seller,197.6,32.4171,30.4364,33.4341,0.91034,19.895,0,Lost,Price
Q103734,2025-10-01,CU2105,20105,Marketplace Seller,228.5,21.3293,18.5994,22.1412,0.84004,13.9153,1,Won,
Q103735,2024-03-01,CU2036,20054,Regional Retail Chain,873.6,108.5003,89.8781,87.0875,1.03204,68.7602,0,Lost,Incumbent supplier
Q103736,2024-08-01,CU2047,20188,Corporate & B2B Buyer,792.5,10.575,9.8238,10.1038,0.97229,8.0252,1,Won,
Q103737,2024-04-01,CU2013,20156,Independent Retailer,306.6,66.5391,55.9613,67.484,0.82925,46.4697,1,Won,
Q103738,2023-10-01,CU2095,20004,Sub-Distributor,236.6,26.8909,22.7266,24.4947,0.92782,14.5326,0,Lost,Incumbent supplier
Q103739,2024-04-01,CU2030,20024,Independent Retailer,995.0,40.8303,37.1417,36.5507,1.01617,29.4937,1,Won,
Q103740,2024-08-01,CU2002,20165,Marketplace Seller,143.7,19.8706,16.1395,17.8123,0.90608,13.7535,1,Won,
Q103741,2025-03-01,CU2013,20096,Independent Retailer,421.0,9.9715,9.1155,9.0777,1.00417,5.7874,0,Lost,Price
Q103742,2025-09-01,CU2078,20159,E-commerce Pure-Play,233.2,21.2533,17.6756,22.3398,0.79122,17.2264,1,Won,
Q103743,2024-01-01,CU2118,20119,Regional Retail Chain,721.8,51.1664,49.1394,53.761,0.91403,29.348,1,Won,
Q103744,2024-11-01,CU2029,20226,Independent Retailer,1520.8,13.7045,11.0869,13.4174,0.82631,7.1112,1,Won,
Q103745,2026-05-01,CU2080,20102,Government & Education,225.2,68.5666,59.3544,72.6405,0.8171,37.55,0,Lost,Incumbent supplier
Q103746,2025-08-01,CU2113,20125,Independent Retailer,273.1,14.6716,13.8256,14.031,0.98536,9.1959,0,Lost,Specification
Q103747,2023-09-01,CU2022,20146,Regional Retail Chain,1814.2,17.6399,17.1961,18.4086,0.93414,12.6259,1,Won,
Q103748,2024-05-01,CU2000,20235,Independent Retailer,765.6,72.1526,71.6829,66.5596,1.07697,48.6177,1,Won,
Q103749,2023-08-01,CU2020,20008,Marketplace Seller,354.3,18.0773,17.7488,16.4467,1.07917,12.4241,1,Won,
Q103750,2026-06-01,CU2010,20038,Sub-Distributor,50.6,69.0054,54.8932,60.8091,0.90271,61.076,0,Lost,Incumbent supplier
Q103751,2026-02-01,CU2095,20149,Sub-Distributor,612.3,66.6754,58.9346,62.7993,0.93846,39.7755,1,Won,
Q103752,2023-10-01,CU2039,20232,Marketplace Seller,120.1,47.5107,46.6521,41.1527,1.13363,34.1104,0,Lost,Price
Q103753,2026-05-01,CU2034,20159,Marketplace Seller,818.1,28.712,26.0822,26.1853,0.99606,19.7184,0,Lost,Lead time
Q103754,2025-06-01,CU2084,20023,Marketplace Seller,704.0,33.1263,31.1486,34.9536,0.89114,22.4008,0,Lost,Price
Q103755,2025-07-01,CU2046,20050,Marketplace Seller,312.6,13.6716,12.466,14.2414,0.87533,7.0931,0,Lost,Specification
Q103756,2024-07-01,CU2117,20204,Marketplace Seller,288.6,24.8376,21.8256,21.5113,1.01461,13.0918,1,Won,
Q103757,2024-04-01,CU2003,20011,Regional Retail Chain,580.3,24.1398,21.0625,22.2386,0.94712,19.3315,1,Won,
Q103758,2025-08-01,CU2116,20177,Independent Retailer,262.7,35.3179,34.7049,32.8069,1.05785,24.4378,1,Won,
Q103759,2025-07-01,CU2129,20215,Regional Retail Chain,345.2,11.8721,12.1095,10.8551,1.11557,7.4269,0,Lost,Lead time
Q103760,2024-02-01,CU2145,20174,Regional Retail Chain,116.1,12.8281,9.6554,12.4836,0.77345,8.9618,1,Won,
Q103761,2026-05-01,CU2008,20213,Independent Retailer,280.2,37.1125,31.4193,37.2007,0.84459,28.4435,0,Lost,Price
Q103762,2024-09-01,CU2075,20127,Independent Retailer,276.0,55.9547,50.7126,48.2813,1.05036,37.6789,0,Lost,Price
Q103763,2025-06-01,CU2122,20199,Marketplace Seller,115.5,14.7736,13.7488,12.6865,1.08373,10.1143,0,Lost,Lead time
Q103764,2023-08-01,CU2016,20078,Corporate & B2B Buyer,137.3,27.3859,21.6514,26.8065,0.80769,18.0434,1,Won,
Q103765,2024-03-01,CU2081,20227,Regional Retail Chain,185.4,41.6118,40.031,38.9668,1.02731,25.4337,0,Lost,Price
Q103766,2024-05-01,CU2088,20050,Independent Retailer,123.7,12.617,10.8698,12.2416,0.88794,6.1226,1,Won,
Q103767,2024-06-01,CU2142,20238,Marketplace Seller,1042.9,14.3487,13.9229,14.4752,0.96184,10.2711,0,Lost,Specification
Q103768,2026-01-01,CU2125,20213,Marketplace Seller,102.9,37.3261,29.7469,35.5104,0.8377,23.9525,1,Won,
Q103769,2026-01-01,CU2127,20117,Corporate & B2B Buyer,209.7,15.5127,12.3334,13.7252,0.89859,8.3262,1,Won,
Q103770,2023-09-01,CU2049,20170,Independent Retailer,284.2,17.2903,16.3927,14.6841,1.11636,10.3341,0,Lost,Incumbent supplier
Q103771,2025-06-01,CU2115,20210,Sub-Distributor,377.0,39.2013,36.9785,35.6419,1.0375,28.6645,0,Lost,Price
Q103772,2024-12-01,CU2134,20085,Marketplace Seller,52.2,57.6554,52.8214,52.5751,1.00469,31.2859,0,Lost,Price
Q103773,2023-08-01,CU2031,20106,Corporate & B2B Buyer,149.0,25.5377,23.1844,22.0718,1.05041,14.0843,0,Lost,Lead time
Q103774,2024-03-01,CU2085,20068,Government & Education,333.7,21.5255,19.3101,17.2334,1.1205,14.238,1,Won,
Q103775,2023-10-01,CU2115,20213,Sub-Distributor,201.0,38.5808,32.6799,35.2567,0.92691,20.6254,0,Lost,Price
Q103776,2025-12-01,CU2041,20047,Sub-Distributor,609.1,18.5207,16.9868,16.9306,1.00332,11.9037,0,Lost,Specification
Q103777,2025-10-01,CU2100,20202,Independent Retailer,415.8,46.9027,47.8408,39.7319,1.20409,22.9807,0,Lost,Specification
Q103778,2024-07-01,CU2023,20183,E-commerce Pure-Play,190.3,92.6178,79.4235,98.0,0.81044,58.448,1,Won,
Q103779,2024-01-01,CU2021,20202,Corporate & B2B Buyer,58.8,46.9027,42.298,45.073,0.93843,31.1752,0,Lost,Price
Q103780,2023-09-01,CU2149,20205,Corporate & B2B Buyer,399.2,20.8291,19.3708,17.4017,1.11316,13.0967,1,Won,
Q103781,2025-04-01,CU2107,20093,E-commerce Pure-Play,233.9,49.9927,47.6661,52.0939,0.915,29.0647,0,Lost,Specification
Q103782,2025-08-01,CU2073,20024,Marketplace Seller,96.2,38.8507,36.3001,37.5684,0.96624,25.6625,0,Lost,Price
Q103783,2024-07-01,CU2065,20126,Government & Education,350.2,55.3402,51.4175,56.6117,0.90825,29.713,1,Won,
Q103784,2024-01-01,CU2015,20172,Corporate & B2B Buyer,620.9,21.4902,19.2364,20.7905,0.92525,15.3186,1,Won,
Q103785,2025-06-01,CU2024,20184,Corporate & B2B Buyer,555.7,146.4725,139.8078,142.0266,0.98438,95.223,1,Won,
Q103786,2024-08-01,CU2002,20163,Marketplace Seller,1612.1,18.6551,16.789,14.9536,1.12274,14.1814,0,Lost,Price
Q103787,2023-09-01,CU2060,20126,Subscription Box Operator,824.9,61.3565,56.3836,52.2677,1.07875,40.6104,1,Won,
Q103788,2025-07-01,CU2114,20146,Corporate & B2B Buyer,276.5,17.6399,15.6914,17.3261,0.90565,10.6137,0,Lost,Incumbent supplier
Q103789,2024-11-01,CU2118,20174,Regional Retail Chain,335.7,12.8281,11.0908,11.3596,0.97634,9.3385,1,Won,
Q103790,2026-03-01,CU2020,20118,Marketplace Seller,379.9,81.3528,71.1998,83.6029,0.85164,50.7439,0,Lost,Price
Q103791,2026-04-01,CU2088,20008,Independent Retailer,174.0,21.2885,17.9222,20.472,0.87545,14.3158,1,Won,
Q103792,2024-12-01,CU2077,20184,Corporate & B2B Buyer,517.0,152.8176,151.8619,135.8095,1.1182,101.3938,0,Lost,Price
Q103793,2025-08-01,CU2040,20149,Independent Retailer,894.1,64.8486,61.4771,63.4326,0.96917,41.3815,1,Won,
Q103794,2024-09-01,CU2074,20063,Corporate & B2B Buyer,353.7,82.8221,72.0353,79.3261,0.90809,67.8983,1,Won,
Q103795,2026-06-01,CU2141,20021,Marketplace Seller,277.5,44.6055,44.5637,39.3904,1.13133,29.5966,0,Lost,Price
Q103796,2026-04-01,CU2044,20199,Corporate & B2B Buyer,509.3,15.0327,13.5417,13.2998,1.01819,12.4913,1,Won,
Q103797,2024-07-01,CU2143,20212,Sub-Distributor,232.8,41.1592,36.0073,42.7722,0.84184,23.5832,1,Won,
Q103798,2023-07-01,CU2042,20101,Corporate & B2B Buyer,1828.3,14.474,13.3018,12.9049,1.03075,7.5226,0,Lost,Specification
Q103799,2023-12-01,CU2089,20118,Marketplace Seller,183.0,84.3497,65.2094,88.6247,0.73579,37.3891,1,Won,
Q103800,2024-08-01,CU2021,20119,Corporate & B2B Buyer,339.0,45.7446,46.6595,41.3869,1.1274,26.5869,0,Lost,Price
Q103801,2025-06-01,CU2073,20068,Marketplace Seller,1261.7,17.1829,15.192,16.4082,0.92588,10.8254,1,Won,
Q103802,2024-12-01,CU2067,20092,Independent Retailer,404.5,31.8277,27.0659,32.8826,0.82311,24.3761,1,Won,
Q103803,2024-12-01,CU2115,20099,Sub-Distributor,65.5,73.8809,67.1451,60.8845,1.10283,37.6715,0,Lost,Price
Q103804,2024-11-01,CU2083,20071,Marketplace Seller,312.0,73.8782,62.7553,74.9566,0.83722,51.3364,1,Won,
Q103805,2024-03-01,CU2119,20169,Marketplace Seller,679.8,25.2739,22.6444,24.6344,0.91922,16.2277,0,Lost,Price
Q103806,2024-09-01,CU2081,20193,Regional Retail Chain,548.6,41.7876,36.2275,33.7382,1.07378,29.3026,0,Lost,Incumbent supplier
Q103807,2025-04-01,CU2108,20216,Sub-Distributor,913.7,41.3841,37.4803,36.6675,1.02217,18.8606,0,Lost,Price
Q103808,2023-12-01,CU2139,20045,E-commerce Pure-Play,440.3,19.1885,17.2254,19.0294,0.9052,12.7364,1,Won,
Q103809,2024-02-01,CU2049,20162,Independent Retailer,570.6,13.6663,12.0384,10.9357,1.10083,6.5858,0,Lost,Price
Q103810,2024-06-01,CU2030,20187,Independent Retailer,751.4,37.2078,32.868,37.6289,0.87348,27.687,1,Won,
Q103811,2024-07-01,CU2072,20057,Marketplace Seller,438.3,41.7968,41.3231,43.2809,0.95477,30.1469,1,Won,
Q103812,2024-09-01,CU2092,20193,Marketplace Seller,78.5,41.7876,37.493,42.8688,0.8746,29.3026,1,Won,
Q103813,2025-12-01,CU2064,20232,Independent Retailer,306.9,40.3495,35.4846,32.3854,1.0957,27.8224,1,Won,
Q103814,2024-05-01,CU2052,20075,Marketplace Seller,373.3,21.141,20.2992,19.1639,1.05924,10.8364,0,Lost,Incumbent supplier
Q103815,2025-03-01,CU2056,20096,Regional Retail Chain,648.5,9.9715,8.8962,8.5753,1.03742,5.7874,0,Lost,Incumbent supplier
Q103816,2024-05-01,CU2068,20008,E-commerce Pure-Play,122.8,19.1588,17.5298,18.4336,0.95097,12.0191,0,Lost,Lead time
Q103817,2024-07-01,CU2085,20019,Government & Education,270.2,8.5951,7.6736,8.3859,0.91505,5.0216,0,Lost,Price
Q103818,2024-08-01,CU2132,20008,Subscription Box Operator,725.5,19.271,17.5555,17.958,0.97758,12.7395,1,Won,
Q103819,2023-11-01,CU2062,20056,Independent Retailer,59.5,43.5432,41.3662,40.7843,1.01427,22.6494,0,Lost,Price
Q103820,2025-03-01,CU2082,20191,E-commerce Pure-Play,337.7,59.3111,51.7513,57.7602,0.89597,38.6186,1,Won,
Q103821,2024-02-01,CU2113,20074,Independent Retailer,1288.8,51.7746,44.6451,54.6631,0.81673,27.3761,0,Lost,Specification
Q103822,2026-06-01,CU2019,20203,E-commerce Pure-Play,379.4,18.0499,14.6959,14.8365,0.99053,13.4983,0,Lost,Price
Q103823,2024-12-01,CU2117,20107,Marketplace Seller,100.7,52.4462,44.9326,42.4868,1.05756,32.6035,0,Lost,Incumbent supplier
Q103824,2023-12-01,CU2001,20101,Subscription Box Operator,536.9,15.1633,13.9643,12.6436,1.10445,7.5873,1,Won,
Q103825,2024-12-01,CU2041,20070,Sub-Distributor,195.3,15.0562,13.0892,15.7476,0.83119,9.7724,1,Won,
Q103826,2024-01-01,CU2030,20152,Independent Retailer,474.5,20.423,20.1114,18.31,1.09839,11.0481,0,Lost,Price
Q103827,2024-11-01,CU2145,20156,Regional Retail Chain,248.9,71.0354,63.7741,69.9946,0.91113,47.1945,1,Won,
Q103828,2025-12-01,CU2121,20179,Corporate & B2B Buyer,370.5,46.1465,43.5102,40.5522,1.07294,21.0262,0,Lost,Incumbent supplier
Q103829,2025-04-01,CU2143,20068,Sub-Distributor,3150.5,17.1829,15.7324,17.6326,0.89223,11.3153,0,Lost,Price
Q103830,2025-08-01,CU2067,20149,Independent Retailer,487.9,64.8486,58.5281,65.7023,0.89081,41.3815,1,Won,
Q103831,2023-07-01,CU2047,20066,Corporate & B2B Buyer,1497.9,16.9237,15.1164,15.0703,1.00306,10.9083,1,Won,
Q103832,2026-05-01,CU2092,20120,Marketplace Seller,633.9,64.5819,57.304,53.9583,1.062,28.0833,0,Lost,Price
Q103833,2025-02-01,CU2058,20175,Corporate & B2B Buyer,964.1,16.2763,14.0985,15.6222,0.90246,9.6737,1,Won,
Q103834,2025-08-01,CU2080,20225,Government & Education,532.9,94.6437,80.2898,99.5595,0.80645,43.115,1,Won,
Q103835,2025-09-01,CU2007,20161,Sub-Distributor,76.1,37.7148,32.3123,38.4089,0.84127,19.8416,1,Won,
Q103836,2024-10-01,CU2054,20039,Marketplace Seller,373.9,100.4845,81.6525,85.2787,0.95748,50.3231,0,Lost,Specification
Q103837,2025-10-01,CU2118,20178,Regional Retail Chain,255.0,24.0225,20.4502,25.3194,0.80769,19.2765,0,Lost,Lead time
Q103838,2025-11-01,CU2043,20179,Government & Education,405.4,46.1465,41.9304,44.1623,0.94946,21.6911,0,Lost,Price
Q103839,2026-06-01,CU2103,20028,Marketplace Seller,89.5,32.4259,28.929,30.2441,0.95651,18.6904,0,Lost,Price
Q103840,2025-12-01,CU2093,20235,Independent Retailer,1392.5,69.4759,55.2513,70.257,0.78642,46.8196,1,Won,
Q103841,2023-09-01,CU2021,20119,Corporate & B2B Buyer,229.2,49.169,46.0057,43.5861,1.05551,32.4702,1,Won,
Q103842,2026-01-01,CU2024,20036,Corporate & B2B Buyer,121.7,12.7493,11.6576,10.7404,1.0854,8.5294,1,Won,
Q103843,2026-04-01,CU2113,20006,Independent Retailer,117.0,39.9216,37.1127,41.681,0.8904,20.3464,1,Won,
Q103844,2025-12-01,CU2099,20141,E-commerce Pure-Play,359.8,43.9754,34.4161,42.6035,0.80782,23.389,1,Won,
Q103845,2023-07-01,CU2068,20126,E-commerce Pure-Play,724.7,58.996,57.8451,49.1947,1.17584,37.6333,0,Lost,Incumbent supplier
Q103846,2023-10-01,CU2054,20134,Marketplace Seller,141.1,26.3145,24.786,27.5558,0.89948,13.3582,1,Won,
Q103847,2024-08-01,CU2050,20066,Marketplace Seller,617.9,13.5628,11.1012,11.6158,0.9557,8.0528,1,Won,
Q103848,2025-04-01,CU2077,20000,Corporate & B2B Buyer,658.7,63.5084,63.9828,53.3157,1.20007,37.3763,0,Lost,Price
Q103849,2025-04-01,CU2121,20075,Corporate & B2B Buyer,712.7,20.6846,17.8521,20.7429,0.86064,11.4635,0,Lost,Price
Q103850,2025-12-01,CU2108,20215,Sub-Distributor,2804.0,11.8721,9.6998,10.5874,0.91616,7.3176,0,Lost,Price
Q103851,2025-09-01,CU2109,20179,Subscription Box Operator,188.9,46.1465,44.2649,40.4831,1.09342,22.6383,0,Lost,Lead time
Q103852,2025-01-01,CU2090,20075,Sub-Distributor,185.9,20.6846,19.9157,17.5572,1.13433,12.5012,0,Lost,Specification
Q103853,2025-02-01,CU2069,20044,E-commerce Pure-Play,528.5,14.8666,12.3867,15.6411,0.79193,8.931,1,Won,
Q103854,2023-10-01,CU2119,20133,Marketplace Seller,729.9,49.2091,43.7442,48.447,0.90293,24.8727,1,Won,
Q103855,2024-08-01,CU2023,20099,E-commerce Pure-Play,82.6,72.8776,66.9514,65.603,1.02055,33.7059,0,Lost,Lead time
Q103856,2024-10-01,CU2127,20124,Corporate & B2B Buyer,201.9,15.235,13.0039,13.2079,0.98455,10.7772,0,Lost,Price
Q103857,2024-02-01,CU2105,20149,Marketplace Seller,210.9,53.2555,47.1757,43.3765,1.08759,36.3109,0,Lost,Specification
Q103858,2024-08-01,CU2094,20173,Regional Retail Chain,251.8,28.6429,24.8021,29.5981,0.83796,23.5441,1,Won,
Q103859,2024-09-01,CU2064,20067,Independent Retailer,195.5,9.0644,7.1388,7.355,0.9706,4.7426,0,Lost,Price
Q103860,2024-07-01,CU2050,20090,Marketplace Seller,861.4,31.9466,25.5674,28.1111,0.90951,25.3286,0,Lost,Incumbent supplier
Q103861,2025-07-01,CU2110,20120,Independent Retailer,1994.2,66.0914,66.9376,53.0035,1.26289,32.7874,0,Lost,Price
Q103862,2026-04-01,CU2080,20027,Government & Education,323.9,39.0221,36.8339,36.9094,0.99796,23.6986,1,Won,
Q103863,2024-03-01,CU2095,20032,Sub-Distributor,463.0,19.7351,17.322,20.7686,0.83405,11.9325,1,Won,
Q103864,2025-10-01,CU2077,20058,Corporate & B2B Buyer,204.9,27.2399,23.2556,28.5059,0.81582,23.3739,0,Lost,Incumbent supplier
Q103865,2024-07-01,CU2130,20079,Corporate & B2B Buyer,915.4,11.9409,9.6782,11.9551,0.80955,8.9442,0,Lost,Price
Q103866,2025-01-01,CU2125,20125,Marketplace Seller,141.4,14.6716,13.9821,14.2919,0.97832,10.0155,0,Lost,Incumbent supplier
Q103867,2026-05-01,CU2023,20089,E-commerce Pure-Play,513.1,58.5054,59.6755,48.5204,1.22991,36.8006,0,Lost,Specification
Q103868,2024-05-01,CU2116,20189,Independent Retailer,360.2,11.9977,9.6182,10.1043,0.9519,6.5088,0,Lost,Specification
Q103869,2023-09-01,CU2034,20029,Marketplace Seller,155.9,33.9494,31.8201,29.7982,1.06785,19.1419,0,Lost,Price
Q103870,2024-11-01,CU2102,20100,Sub-Distributor,216.7,23.0289,18.529,23.7237,0.78103,16.9466,1,Won,
Q103871,2024-03-01,CU2094,20198,Regional Retail Chain,271.6,8.4003,7.3895,7.6338,0.96799,4.1208,0,Lost,Price
Q103872,2025-11-01,CU2038,20172,Marketplace Seller,214.4,35.0272,30.8712,33.0682,0.93356,22.7845,1,Won,
Q103873,2024-01-01,CU2034,20107,Marketplace Seller,112.5,51.0212,45.7494,43.7778,1.04504,26.7904,0,Lost,Incumbent supplier
Q103874,2024-11-01,CU2121,20161,Corporate & B2B Buyer,778.1,35.1543,26.6186,29.2964,0.9086,20.9768,0,Lost,Price
Q103875,2024-04-01,CU2056,20025,Regional Retail Chain,239.1,46.7914,39.5065,37.869,1.04324,34.0474,0,Lost,Price
Q103876,2025-02-01,CU2018,20226,Independent Retailer,418.9,12.9362,11.9897,12.721,0.94251,6.663,1,Won,
Q103877,2023-07-01,CU2014,20062,Marketplace Seller,105.3,48.0003,46.7646,45.5029,1.02773,30.0097,1,Won,
Q103878,2026-02-01,CU2054,20126,Marketplace Seller,95.9,53.4279,50.3219,42.9975,1.17035,23.8396,0,Lost,Lead time
Q103879,2026-05-01,CU2096,20022,Marketplace Seller,311.9,45.8218,41.9893,38.876,1.08008,37.9366,1,Won,
Q103880,2025-06-01,CU2120,20051,Independent Retailer,311.3,75.2192,66.946,61.2501,1.09299,39.7054,0,Lost,Incumbent supplier
Q103881,2023-07-01,CU2042,20155,Corporate & B2B Buyer,116.3,159.081,125.5333,137.0189,0.91618,110.3636,0,Lost,Price
Q103882,2025-12-01,CU2029,20151,Independent Retailer,1062.8,16.305,16.2445,17.2592,0.94121,6.7958,0,Lost,Price
Q103883,2023-07-01,CU2055,20175,Marketplace Seller,282.6,16.3973,15.1779,16.6536,0.91139,9.087,1,Won,
Q103884,2023-12-01,CU2013,20215,Independent Retailer,1169.4,11.8721,9.6293,11.7255,0.82123,8.4446,1,Won,
Q103885,2026-01-01,CU2121,20141,Corporate & B2B Buyer,578.5,43.9754,38.2481,43.5815,0.87762,24.2103,1,Won,
Q103886,2025-05-01,CU2060,20116,Subscription Box Operator,444.0,9.7224,9.1128,10.254,0.8887,5.507,1,Won,
Q103887,2024-06-01,CU2134,20004,Marketplace Seller,1323.5,28.6768,28.0195,27.9665,1.0019,19.0777,0,Lost,Price
Q103888,2025-01-01,CU2010,20031,Sub-Distributor,79.8,6.9319,6.6589,5.9337,1.12222,4.6101,0,Lost,Specification
Q103889,2025-05-01,CU2031,20020,Corporate & B2B Buyer,314.6,58.9385,59.218,60.5387,0.97819,35.459,1,Won,
Q103890,2023-07-01,CU2061,20017,Marketplace Seller,458.8,34.1137,27.0051,34.5772,0.78101,21.6006,1,Won,
Q103891,2025-01-01,CU2011,20060,Regional Retail Chain,144.8,24.7865,21.3566,21.5645,0.99036,16.9156,0,Lost,Price
Q103892,2025-03-01,CU2087,20072,Sub-Distributor,255.6,15.2657,13.1572,14.0798,0.93447,9.7011,1,Won,
Q103893,2024-04-01,CU2121,20043,Corporate & B2B Buyer,654.0,41.7342,40.25,38.4114,1.04787,25.8828,0,Lost,Price
Q103894,2025-06-01,CU2120,20158,Independent Retailer,290.0,33.2003,29.2429,29.0825,1.00552,28.5365,0,Lost,Specification
Q103895,2026-04-01,CU2013,20098,Independent Retailer,504.3,22.0106,19.3717,22.3998,0.86481,12.8601,1,Won,
Q103896,2025-10-01,CU2087,20201,Sub-Distributor,483.0,23.8967,20.2286,20.1692,1.00295,17.133,0,Lost,Price
Q103897,2025-02-01,CU2129,20222,Regional Retail Chain,275.8,22.6304,21.7722,19.2622,1.13031,15.4873,0,Lost,Lead time
Q103898,2026-01-01,CU2126,20072,Marketplace Seller,303.1,15.2657,14.0762,14.8583,0.94736,10.1668,1,Won,
Q103899,2025-06-01,CU2078,20097,E-commerce Pure-Play,317.9,67.0046,59.8563,67.5721,0.88581,33.5751,1,Won,
Q103900,2024-02-01,CU2083,20173,Marketplace Seller,160.7,26.8527,23.6496,22.4526,1.05331,20.2924,1,Won,
Q103901,2023-09-01,CU2044,20225,Corporate & B2B Buyer,524.4,83.5689,71.96,72.3282,0.99491,39.4789,1,Won,
Q103902,2025-04-01,CU2002,20092,Marketplace Seller,572.8,31.6155,24.2501,26.8739,0.90237,23.7061,1,Won,
Q103903,2025-06-01,CU2042,20036,Corporate & B2B Buyer,116.0,11.8895,11.3676,9.9878,1.13815,8.6067,0,Lost,Specification
Q103904,2025-04-01,CU2065,20095,Government & Education,533.8,16.5539,14.9409,14.9358,1.00034,10.0326,1,Won,
Q103905,2026-01-01,CU2119,20193,Marketplace Seller,401.3,43.6001,39.9378,38.4353,1.03909,34.2803,1,Won,
Q103906,2023-07-01,CU2052,20067,Marketplace Seller,431.6,7.6651,7.1813,7.2106,0.99593,4.6955,1,Won,
Q103907,2024-07-01,CU2091,20210,Independent Retailer,407.6,40.9782,35.2792,38.8073,0.90909,24.9406,1,Won,
Q103908,2024-10-01,CU2061,20230,Marketplace Seller,99.9,39.653,37.571,39.0442,0.96227,19.2243,0,Lost,Incumbent supplier
Q103909,2024-03-01,CU2081,20006,Regional Retail Chain,1722.4,38.221,32.6392,31.0185,1.05225,20.4635,0,Lost,Price
Q103910,2026-03-01,CU2110,20043,Independent Retailer,210.9,43.1049,38.0016,43.9399,0.86486,20.9419,1,Won,
Q103911,2023-09-01,CU2039,20163,Marketplace Seller,609.9,22.3357,17.9548,20.4213,0.87922,15.5955,1,Won,
Q103912,2023-11-01,CU2006,20228,Independent Retailer,316.7,41.451,37.245,35.0836,1.06161,26.0706,0,Lost,Specification
Q103913,2026-06-01,CU2097,20011,Subscription Box Operator,847.7,21.2674,17.6437,21.2326,0.83097,16.0365,1,Won,
Q103914,2026-04-01,CU2093,20086,Independent Retailer,706.0,48.4355,36.3055,46.7548,0.77651,20.8409,1,Won,
Q103915,2026-05-01,CU2105,20152,Marketplace Seller,674.5,22.6466,21.7826,21.6386,1.00665,15.7515,0,Lost,Price
Q103916,2023-07-01,CU2041,20212,Sub-Distributor,436.8,38.1844,29.567,36.4266,0.81169,23.9866,1,Won,
Q103917,2024-09-01,CU2032,20124,Sub-Distributor,303.7,15.235,12.959,12.2509,1.0578,10.2418,0,Lost,Price
Q103918,2024-05-01,CU2031,20100,Corporate & B2B Buyer,969.3,23.0143,21.1693,23.8198,0.88873,17.106,1,Won,
Q103919,2024-10-01,CU2023,20232,E-commerce Pure-Play,684.8,41.0741,37.2737,38.0952,0.97843,26.6253,1,Won,
Q103920,2024-04-01,CU2006,20091,Independent Retailer,931.4,24.125,23.7085,20.2839,1.16883,12.7039,0,Lost,Price
Q103921,2023-08-01,CU2052,20130,Marketplace Seller,479.0,82.2149,79.2815,73.5872,1.07738,54.7733,0,Lost,Price
Q103922,2025-01-01,CU2080,20083,Government & Education,197.8,55.934,48.5948,50.8821,0.95505,30.1193,0,Lost,Specification
Q103923,2026-01-01,CU2119,20026,Marketplace Seller,206.2,41.8464,33.3934,34.6336,0.96419,30.4272,1,Won,
Q103924,2025-01-01,CU2087,20140,Sub-Distributor,429.7,255.7725,244.0561,242.8578,1.00493,172.924,1,Won,
Q103925,2024-04-01,CU2143,20181,Sub-Distributor,493.3,14.2122,12.1288,14.5574,0.83317,10.1822,1,Won,
Q103926,2024-06-01,CU2021,20238,Corporate & B2B Buyer,2139.4,14.3487,11.3748,13.7472,0.82743,10.2711,1,Won,
Q103927,2025-01-01,CU2074,20084,Corporate & B2B Buyer,271.9,22.2739,18.8707,22.3929,0.84271,13.8447,0,Lost,Price
Q103928,2025-09-01,CU2132,20163,Subscription Box Operator,96.4,19.0583,17.1835,20.1008,0.85487,12.5364,1,Won,
Q103929,2025-06-01,CU2011,20106,Regional Retail Chain,883.7,20.2165,17.3105,20.0685,0.86257,12.1956,1,Won,
Q103930,2025-01-01,CU2087,20052,Sub-Distributor,618.8,15.0933,14.9028,15.3784,0.96907,7.6093,1,Won,
Q103931,2025-09-01,CU2054,20057,Marketplace Seller,1629.8,36.4469,34.5538,35.7387,0.96684,24.7431,0,Lost,Price
Q103932,2023-10-01,CU2086,20005,Marketplace Seller,1022.3,36.1902,32.8879,31.1744,1.05497,20.1607,0,Lost,Price
Q103933,2026-01-01,CU2082,20086,E-commerce Pure-Play,127.6,43.9236,37.0177,45.9782,0.80511,18.7139,1,Won,
Q103934,2026-06-01,CU2012,20043,Government & Education,409.1,39.5936,39.3216,37.692,1.04324,22.892,1,Won,
Q103935,2024-11-01,CU2013,20022,Independent Retailer,448.2,47.5154,38.2365,38.6642,0.98894,31.9423,0,Lost,Price
Q103936,2024-07-01,CU2009,20143,Marketplace Seller,293.2,64.7116,62.0627,60.4405,1.02684,35.28,0,Lost,Specification
Q103937,2024-09-01,CU2117,20068,Marketplace Seller,717.1,18.3404,17.5229,16.9534,1.03359,12.1271,1,Won,
Q103938,2024-01-01,CU2080,20053,Government & Education,921.0,18.5853,16.6579,15.064,1.10581,10.6749,0,Lost,Price
Q103939,2023-07-01,CU2009,20188,Marketplace Seller,497.9,10.9337,9.7677,8.7532,1.11589,7.02,1,Won,
Q103940,2023-07-01,CU2055,20200,Marketplace Seller,194.4,20.6139,18.6917,17.6947,1.05634,12.9654,0,Lost,Price
Q103941,2024-07-01,CU2146,20155,E-commerce Pure-Play,55.5,133.9232,111.9443,119.2049,0.93909,89.0311,1,Won,
Q103942,2023-10-01,CU2007,20074,Sub-Distributor,346.7,51.7746,44.1552,50.0379,0.88244,29.083,1,Won,
Q103943,2024-08-01,CU2056,20155,Regional Retail Chain,46.8,133.9232,97.6162,116.2938,0.83939,90.9451,1,Won,
Q103944,2023-08-01,CU2121,20220,Corporate & B2B Buyer,747.5,15.9779,14.6208,12.9706,1.12723,8.1137,0,Lost,Price
Q103945,2023-08-01,CU2007,20138,Sub-Distributor,275.7,24.8446,19.3899,21.9168,0.8847,14.7349,0,Lost,Price
Q103946,2025-07-01,CU2048,20225,E-commerce Pure-Play,368.6,99.4034,93.0376,84.904,1.0958,43.969,0,Lost,Price
Q103947,2025-07-01,CU2063,20058,Sub-Distributor,584.5,27.2399,22.3173,22.6182,0.9867,20.3336,0,Lost,Price
Q103948,2024-01-01,CU2087,20014,Sub-Distributor,124.3,36.1566,30.9889,31.1964,0.99335,15.8082,0,Lost,Incumbent supplier
Q103949,2024-01-01,CU2050,20157,Marketplace Seller,145.1,52.5274,48.28,50.0316,0.96499,39.3607,0,Lost,Price
Q103950,2024-03-01,CU2064,20099,Independent Retailer,361.8,80.1444,66.215,84.1758,0.78663,34.6115,1,Won,
Q103951,2025-02-01,CU2116,20009,Independent Retailer,1277.1,27.5221,23.5518,27.7844,0.84766,13.9344,1,Won,
Q103952,2024-02-01,CU2009,20234,Marketplace Seller,523.5,35.748,32.539,29.6671,1.0968,24.313,1,Won,
Q103953,2025-04-01,CU2055,20196,Marketplace Seller,390.2,23.3938,23.2605,21.6398,1.07489,19.0861,1,Won,
Q103954,2024-10-01,CU2026,20132,Marketplace Seller,70.3,8.2009,7.7946,6.7517,1.15447,6.2811,0,Lost,Price
Q103955,2026-02-01,CU2054,20133,Marketplace Seller,888.1,32.8995,28.299,34.056,0.83096,19.134,1,Won,
Q103956,2026-04-01,CU2101,20143,Independent Retailer,1953.9,62.4548,52.9493,61.2695,0.8642,34.3879,1,Won,
Q103957,2026-05-01,CU2021,20233,Corporate & B2B Buyer,340.7,53.8505,48.1783,55.0137,0.87575,30.8975,1,Won,
Q103958,2023-08-01,CU2112,20175,Government & Education,271.9,16.3973,13.5707,13.7242,0.98882,9.2525,0,Lost,Lead time
Q103959,2024-09-01,CU2094,20204,Regional Retail Chain,230.4,24.8376,22.0313,21.591,1.02039,13.8881,0,Lost,Price
Q103960,2026-03-01,CU2082,20057,E-commerce Pure-Play,136.9,42.0625,30.4583,43.157,0.70575,29.5416,1,Won,
Q103961,2025-09-01,CU2058,20104,Corporate & B2B Buyer,443.3,17.2286,13.4793,14.5516,0.92631,9.7862,0,Lost,Price
Q103962,2024-02-01,CU2134,20125,Marketplace Seller,460.6,14.6716,13.2344,13.4163,0.98644,10.9936,1,Won,
Q103963,2025-05-01,CU2027,20023,Marketplace Seller,142.0,32.4767,25.2545,29.6928,0.85053,23.588,1,Won,
Q103964,2026-05-01,CU2002,20063,Marketplace Seller,999.8,96.0678,87.8875,80.3772,1.09344,63.1616,0,Lost,Specification
Q103965,2025-12-01,CU2136,20149,Government & Education,71.1,64.8486,61.6478,53.8226,1.14539,38.7691,1,Won,
Q103966,2024-06-01,CU2095,20162,Sub-Distributor,134.0,13.9735,11.9054,14.5798,0.81657,7.2705,1,Won,
Q103967,2025-12-01,CU2031,20013,Corporate & B2B Buyer,297.2,77.737,79.2917,79.418,0.99841,47.6438,0,Lost,Specification
Q103968,2023-07-01,CU2127,20181,Corporate & B2B Buyer,424.6,15.9118,13.3723,15.0149,0.8906,9.7323,1,Won,
Q103969,2024-07-01,CU2050,20003,Marketplace Seller,162.2,34.9615,32.1409,35.9332,0.89446,25.4308,1,Won,
Q103970,2025-06-01,CU2143,20136,Sub-Distributor,154.0,18.8934,17.0364,15.7821,1.07948,14.4772,0,Lost,Price
Q103971,2024-02-01,CU2090,20102,Sub-Distributor,139.0,53.308,47.8527,44.1521,1.08381,33.6789,1,Won,
Q103972,2024-05-01,CU2025,20216,E-commerce Pure-Play,144.9,41.3841,37.7598,43.1384,0.87532,25.5562,1,Won,
Q103973,2026-05-01,CU2092,20212,Marketplace Seller,1136.9,43.7472,37.9847,37.4867,1.01328,25.986,1,Won,
Q103974,2026-02-01,CU2036,20157,Regional Retail Chain,726.0,51.8245,45.7052,51.1222,0.89404,41.9505,1,Won,
Q103975,2024-03-01,CU2075,20205,Independent Retailer,457.6,19.9967,19.4341,18.2026,1.06765,13.5681,0,Lost,Price
Q103976,2025-11-01,CU2038,20199,Marketplace Seller,218.6,13.8977,12.4298,11.3046,1.09953,11.2667,0,Lost,Price
Q103977,2023-09-01,CU2042,20017,Corporate & B2B Buyer,253.8,34.5414,34.0105,28.6696,1.18629,21.991,0,Lost,Price
Q103978,2024-08-01,CU2092,20155,Marketplace Seller,474.8,133.9232,126.0062,130.8199,0.9632,90.9451,1,Won,
Q103979,2025-09-01,CU2016,20226,Corporate & B2B Buyer,287.7,13.3275,11.1778,11.4867,0.97311,6.3694,0,Lost,Price
Q103980,2023-11-01,CU2069,20209,E-commerce Pure-Play,390.2,13.5975,13.2845,12.8471,1.03405,8.5473,0,Lost,Price
Q103981,2026-03-01,CU2116,20211,Independent Retailer,186.8,39.7418,31.1783,36.3702,0.85725,30.7282,1,Won,
Q103982,2024-12-01,CU2038,20124,Marketplace Seller,298.2,14.6076,13.2958,15.1961,0.87495,10.0247,1,Won,
Q103983,2026-01-01,CU2074,20145,Corporate & B2B Buyer,96.6,18.241,16.4242,17.2309,0.95318,12.6687,1,Won,
Q103984,2025-09-01,CU2037,20008,Marketplace Seller,1962.4,18.2448,16.357,18.6436,0.87735,13.1673,0,Lost,Specification
Q103985,2026-04-01,CU2146,20226,E-commerce Pure-Play,120.8,13.8934,12.2977,13.6771,0.89915,6.5514,1,Won,
Q103986,2026-05-01,CU2121,20142,Corporate & B2B Buyer,129.2,33.1195,27.035,31.8581,0.84861,20.1177,0,Lost,Price
Q103987,2025-03-01,CU2130,20002,Corporate & B2B Buyer,428.6,48.9767,45.1838,45.1297,1.0012,32.9439,1,Won,
Q103988,2023-08-01,CU2058,20184,Corporate & B2B Buyer,1169.3,180.0445,176.7958,169.462,1.04328,100.5165,0,Lost,Price
Q103989,2026-05-01,CU2130,20047,Corporate & B2B Buyer,1361.3,19.2051,15.9457,18.1582,0.87816,13.0609,1,Won,
Q103990,2024-06-01,CU2069,20138,E-commerce Pure-Play,319.9,24.5507,21.0207,20.5041,1.02519,14.4706,0,Lost,Lead time
Q103991,2025-10-01,CU2020,20215,Marketplace Seller,219.5,11.8721,10.758,9.9611,1.08,7.7019,0,Lost,Price
Q103992,2023-12-01,CU2016,20181,Corporate & B2B Buyer,285.1,14.959,12.7637,12.7193,1.00349,9.8712,0,Lost,Incumbent supplier
Q103993,2026-01-01,CU2083,20185,Marketplace Seller,355.4,10.9658,9.6811,9.4119,1.02861,7.0813,0,Lost,Lead time
Q103994,2024-02-01,CU2072,20100,Marketplace Seller,401.8,25.6002,22.088,20.8529,1.05923,16.5422,0,Lost,Price
Q103995,2024-05-01,CU2148,20086,Regional Retail Chain,248.0,44.4798,33.8933,39.2275,0.86402,22.2373,1,Won,
Q103996,2024-06-01,CU2014,20036,Marketplace Seller,295.2,12.5216,10.2627,10.2199,1.00419,9.3004,1,Won,
Q103997,2025-04-01,CU2099,20225,E-commerce Pure-Play,236.8,90.7471,85.5862,81.2062,1.05394,41.9517,0,Lost,Price
Q103998,2025-06-01,CU2115,20076,Sub-Distributor,90.8,23.1834,19.2951,22.034,0.8757,11.969,0,Lost,Lead time
Q103999,2024-12-01,CU2076,20045,Government & Education,137.4,19.6086,19.0024,19.1535,0.99211,13.7919,1,Won,
Q104000,2025-07-01,CU2082,20141,E-commerce Pure-Play,929.3,40.7804,36.7864,35.3841,1.03963,21.7851,0,Lost,Incumbent supplier
Q104001,2025-02-01,CU2045,20230,Subscription Box Operator,524.6,37.1908,33.2805,38.5123,0.86415,17.6178,1,Won,
Q104002,2024-01-01,CU2102,20107,Sub-Distributor,230.6,51.0212,43.5224,45.8965,0.94827,26.7904,0,Lost,Incumbent supplier
Q104003,2026-04-01,CU2068,20074,E-commerce Pure-Play,430.1,40.9523,39.6951,42.4613,0.93485,22.8439,1,Won,
Q104004,2025-06-01,CU2104,20021,Corporate & B2B Buyer,506.6,44.29,38.1659,44.1429,0.8646,31.6504,0,Lost,Price
Q104005,2025-10-01,CU2024,20224,Corporate & B2B Buyer,785.5,11.3257,8.9919,9.6439,0.9324,7.7247,0,Lost,Price
Q104006,2025-08-01,CU2021,20085,Corporate & B2B Buyer,317.2,55.287,44.4982,56.5924,0.78629,30.2364,0,Lost,Price
Q104007,2024-07-01,CU2091,20163,Independent Retailer,680.1,18.6222,18.9946,18.377,1.03361,13.9646,1,Won,
Q104008,2025-05-01,CU2005,20107,Independent Retailer,573.2,52.2623,53.3075,49.0776,1.08619,35.0119,1,Won,
Q104009,2024-09-01,CU2117,20150,Marketplace Seller,197.1,26.4508,21.5298,23.4011,0.92004,15.0252,1,Won,
Q104010,2025-08-01,CU2079,20019,Marketplace Seller,397.6,9.323,8.6109,9.2514,0.93077,5.549,1,Won,
Q104011,2024-11-01,CU2002,20093,Marketplace Seller,2828.5,56.0758,51.7292,45.9714,1.12525,29.1253,0,Lost,Price
Q104012,2025-04-01,CU2069,20193,E-commerce Pure-Play,652.2,41.942,38.3055,37.6251,1.01808,32.2948,0,Lost,Price
Q104013,2023-08-01,CU2028,20067,Independent Retailer,765.8,8.934,7.7975,8.7805,0.88804,4.5802,0,Lost,Incumbent supplier
Q104014,2024-12-01,CU2127,20156,Corporate & B2B Buyer,155.0,71.0354,66.7223,69.1718,0.96459,50.5658,1,Won,
Q104015,2025-08-01,CU2143,20180,Sub-Distributor,384.7,16.3876,14.5475,13.173,1.10435,11.0326,0,Lost,Price
Q104016,2024-09-01,CU2118,20178,Regional Retail Chain,3298.2,29.0008,25.5244,23.8388,1.07071,18.7398,0,Lost,Specification
Q104017,2025-10-01,CU2112,20223,Government & Education,214.4,15.742,13.429,14.5766,0.92127,9.4493,0,Lost,Incumbent supplier
Q104018,2025-09-01,CU2039,20053,Marketplace Seller,944.6,20.5172,19.1507,21.1863,0.90392,8.9633,1,Won,
Q104019,2024-10-01,CU2000,20004,Independent Retailer,3200.9,32.9054,26.751,29.4594,0.90806,18.5992,0,Lost,Specification
Q104020,2025-01-01,CU2005,20021,Independent Retailer,370.5,43.3607,39.2383,39.5432,0.99229,30.5225,1,Won,
Q104021,2025-08-01,CU2054,20081,Marketplace Seller,120.2,61.4076,58.7495,61.544,0.95459,38.2728,0,Lost,Price
Q104022,2024-08-01,CU2113,20225,Independent Retailer,639.1,98.6631,77.3954,91.2604,0.84807,44.6773,1,Won,
Q104023,2024-10-01,CU2063,20034,Sub-Distributor,289.4,83.6657,73.4561,82.842,0.8867,48.4357,0,Lost,Price
Q104024,2025-04-01,CU2097,20182,Subscription Box Operator,914.9,34.7811,31.6385,35.0681,0.9022,22.7568,0,Lost,Price
Q104025,2025-04-01,CU2035,20169,Corporate & B2B Buyer,191.4,19.7443,17.0555,18.9937,0.89796,13.3919,0,Lost,Price
Q104026,2025-04-01,CU2028,20198,Independent Retailer,469.3,9.798,8.5048,9.3155,0.91298,5.2994,1,Won,
Q104027,2025-07-01,CU2067,20079,Independent Retailer,504.4,10.8789,9.4509,11.3901,0.82975,8.4096,1,Won,
Q104028,2026-04-01,CU2114,20204,Corporate & B2B Buyer,99.9,24.7525,22.2624,23.003,0.9678,14.2681,0,Lost,Lead time
Q104029,2024-02-01,CU2058,20165,Corporate & B2B Buyer,167.7,19.0336,16.3222,19.1833,0.85086,13.3049,1,Won,
Q104030,2025-10-01,CU2061,20031,Marketplace Seller,935.0,7.1298,6.7498,6.7176,1.0048,3.8488,0,Lost,Specification
Q104031,2023-10-01,CU2058,20063,Corporate & B2B Buyer,85.9,85.3854,77.857,72.2845,1.07709,52.9812,0,Lost,Price
Q104032,2026-05-01,CU2041,20105,Sub-Distributor,660.3,20.8853,19.2898,19.6561,0.98136,14.2112,0,Lost,Incumbent supplier
Q104033,2025-10-01,CU2018,20112,Independent Retailer,217.0,43.7766,40.8757,44.7608,0.9132,24.2987,1,Won,
Q104034,2026-05-01,CU2045,20131,Subscription Box Operator,350.1,30.5053,24.6733,25.6565,0.96168,20.2689,1,Won,
Q104035,2025-10-01,CU2139,20153,E-commerce Pure-Play,516.1,24.9902,22.8559,24.399,0.93675,14.2906,1,Won,
Q104036,2026-06-01,CU2019,20004,E-commerce Pure-Play,901.8,28.2149,23.9623,26.5612,0.90215,19.027,1,Won,
Q104037,2024-03-01,CU2082,20193,E-commerce Pure-Play,510.0,43.9539,40.8817,38.9611,1.0493,29.5519,1,Won,
Q104038,2023-09-01,CU2017,20035,Government & Education,391.5,43.9566,35.4073,37.3769,0.9473,23.5354,1,Won,
Q104039,2023-12-01,CU2008,20211,Independent Retailer,870.9,39.7418,38.9807,32.036,1.21678,22.2772,0,Lost,Price
Q104040,2024-08-01,CU2054,20071,Marketplace Seller,232.8,72.5473,62.4242,68.3809,0.91289,48.6465,0,Lost,Specification
Q104041,2025-01-01,CU2074,20134,Corporate & B2B Buyer,391.0,24.1169,22.3307,20.4662,1.0911,10.7983,0,Lost,Price
Q104042,2024-07-01,CU2054,20043,Marketplace Seller,571.2,42.3134,36.1523,37.8617,0.95485,23.1024,1,Won,
Q104043,2025-03-01,CU2023,20227,E-commerce Pure-Play,491.8,36.2487,34.935,37.0424,0.94311,23.4462,0,Lost,Price
Q104044,2023-10-01,CU2120,20041,Independent Retailer,409.9,42.1252,39.5162,36.9758,1.0687,25.8151,0,Lost,Price
Q104045,2024-12-01,CU2132,20121,Subscription Box Operator,102.5,16.1531,15.5532,16.764,0.92777,11.0603,1,Won,
Q104046,2025-12-01,CU2056,20006,Regional Retail Chain,43.9,38.3833,36.183,32.2172,1.12309,19.7725,0,Lost,Specification
Q104047,2025-09-01,CU2066,20101,Corporate & B2B Buyer,137.5,15.0437,13.2962,14.9974,0.88657,8.4791,1,Won,
Q104048,2025-11-01,CU2111,20068,Independent Retailer,54.6,17.362,14.5806,14.6656,0.99421,10.7269,1,Won,
Q104049,2025-01-01,CU2090,20214,Sub-Distributor,757.7,16.9307,15.8561,14.2949,1.10922,12.6157,0,Lost,Lead time
Q104050,2025-03-01,CU2148,20061,Regional Retail Chain,256.3,23.3185,21.8141,23.3198,0.93543,12.3599,0,Lost,Lead time
Q104051,2026-02-01,CU2048,20155,E-commerce Pure-Play,637.4,121.5998,108.1002,100.2479,1.07833,78.3123,0,Lost,Lead time
Q104052,2024-02-01,CU2042,20162,Corporate & B2B Buyer,805.0,13.6663,12.4401,12.1207,1.02635,6.5858,0,Lost,Price
Q104053,2024-06-01,CU2093,20144,Independent Retailer,220.1,31.4552,24.5331,33.1699,0.73962,18.6367,0,Lost,Price
Q104054,2025-11-01,CU2011,20002,Regional Retail Chain,602.6,55.5492,47.4111,48.9883,0.9678,35.3808,0,Lost,Price
Q104055,2026-02-01,CU2097,20095,Subscription Box Operator,1142.8,16.5539,13.0704,15.938,0.82008,11.2849,1,Won,
Q104056,2025-11-01,CU2057,20214,Subscription Box Operator,520.0,18.6366,17.9356,17.4246,1.02932,13.4008,0,Lost,Price
Q104057,2025-12-01,CU2044,20068,Corporate & B2B Buyer,1000.4,17.362,17.6439,16.6592,1.05911,11.3873,1,Won,
Q104058,2025-05-01,CU2026,20157,Marketplace Seller,361.1,54.6373,46.8203,44.9995,1.04046,42.6993,0,Lost,Specification
Q104059,2024-12-01,CU2091,20135,Independent Retailer,862.0,62.9806,52.8335,62.0483,0.85149,32.5032,1,Won,
Q104060,2024-10-01,CU2010,20140,Sub-Distributor,191.9,255.6272,216.5115,239.3823,0.90446,160.8629,1,Won,
Q104061,2024-06-01,CU2004,20118,Independent Retailer,171.9,84.0652,71.9426,72.1134,0.99763,41.4553,1,Won,
Q104062,2025-07-01,CU2028,20057,Independent Retailer,1983.9,36.6153,31.2292,34.6614,0.90098,23.6098,0,Lost,Price
Q104063,2025-03-01,CU2050,20202,Marketplace Seller,255.3,46.9027,37.2797,48.3183,0.77154,22.4133,1,Won,
Q104064,2026-02-01,CU2039,20035,Marketplace Seller,627.0,46.5308,40.2437,44.9725,0.89485,22.6018,1,Won,
Q104065,2025-02-01,CU2106,20174,Sub-Distributor,131.4,12.8281,11.9934,12.9945,0.92296,9.2517,1,Won,
Q104066,2024-06-01,CU2113,20113,Independent Retailer,106.1,42.1613,35.5532,40.2292,0.88377,23.8848,1,Won,
Q104067,2024-02-01,CU2137,20171,E-commerce Pure-Play,257.8,45.8652,41.2606,42.8676,0.96251,30.7925,1,Won,
Q104068,2024-12-01,CU2119,20140,Marketplace Seller,646.2,255.7725,245.6405,207.1697,1.1857,177.6971,0,Lost,Price
Q104069,2025-09-01,CU2032,20150,Sub-Distributor,496.4,22.8638,19.2525,21.5881,0.89181,12.8834,1,Won,
Q104070,2026-02-01,CU2129,20184,Regional Retail Chain,108.5,120.3636,104.3954,113.7289,0.91793,84.9903,0,Lost,Price
Q104071,2026-05-01,CU2120,20044,Independent Retailer,149.9,17.2027,14.8715,13.7742,1.07967,10.4708,1,Won,
Q104072,2026-01-01,CU2139,20173,E-commerce Pure-Play,753.2,24.1498,18.8115,24.3948,0.77113,17.9338,1,Won,
Q104073,2023-09-01,CU2076,20163,Government & Education,340.8,22.3357,21.2162,18.2188,1.16452,15.5955,0,Lost,Lead time
Q104074,2023-09-01,CU2103,20030,Marketplace Seller,491.5,14.1654,11.7644,14.2328,0.82657,8.7496,1,Won,
Q104075,2024-10-01,CU2001,20154,Subscription Box Operator,128.7,41.9689,37.4555,39.5523,0.94699,26.1393,0,Lost,Lead time
Q104076,2026-05-01,CU2066,20208,Corporate & B2B Buyer,2286.7,25.2902,23.1753,23.5907,0.98239,13.1811,0,Lost,Incumbent supplier
Q104077,2023-07-01,CU2114,20049,Corporate & B2B Buyer,86.7,74.5909,76.0827,74.3167,1.02376,39.5011,0,Lost,Specification
Q104078,2025-03-01,CU2027,20195,Marketplace Seller,180.6,48.5447,45.2983,39.6037,1.14379,26.3548,0,Lost,Specification
Q104079,2025-01-01,CU2061,20218,Marketplace Seller,3661.2,49.5534,43.2608,40.6131,1.06519,22.0797,0,Lost,Price
Q104080,2026-04-01,CU2011,20014,Regional Retail Chain,470.6,39.136,32.8184,33.9321,0.96718,16.4483,1,Won,
Q104081,2023-12-01,CU2021,20083,Corporate & B2B Buyer,411.7,59.5411,51.6317,60.8365,0.8487,30.1959,0,Lost,Incumbent supplier
Q104082,2023-11-01,CU2045,20075,Subscription Box Operator,309.0,21.6893,20.3259,20.6567,0.98399,12.0756,0,Lost,Price
Q104083,2024-04-01,CU2086,20211,Marketplace Seller,293.5,39.7418,31.3177,41.6031,0.75277,25.3798,1,Won,
Q104084,2024-05-01,CU2058,20096,Corporate & B2B Buyer,385.2,9.4992,8.5348,9.4493,0.90322,5.6012,0,Lost,Price
Q104085,2025-11-01,CU2143,20156,Sub-Distributor,20.0,72.3396,64.6389,58.1501,1.11159,45.4471,0,Lost,Price
Q104086,2024-04-01,CU2123,20153,Independent Retailer,613.2,23.6342,20.4033,20.8667,0.97779,12.3367,1,Won,
Q104087,2026-01-01,CU2035,20232,Corporate & B2B Buyer,1580.9,40.3495,39.306,36.1801,1.0864,27.0452,0,Lost,Price
Q104088,2026-03-01,CU2117,20101,Marketplace Seller,44.6,14.8911,13.3043,15.4375,0.86182,8.4998,1,Won,
Q104089,2025-12-01,CU2119,20163,Marketplace Seller,214.9,17.7795,14.3797,16.6481,0.86374,13.9225,1,Won,
Q104090,2025-02-01,CU2065,20068,Government & Education,256.3,18.3404,16.2746,16.9564,0.95979,11.0437,1,Won,
Q104091,2026-04-01,CU2101,20170,Independent Retailer,435.4,26.8817,23.0355,24.5056,0.94001,12.4592,0,Lost,Specification
Q104092,2024-04-01,CU2097,20111,Subscription Box Operator,910.2,41.372,37.3486,37.2473,1.00272,21.1414,0,Lost,Price
Q104093,2023-07-01,CU2002,20088,Marketplace Seller,173.6,21.0313,15.8743,16.9004,0.93929,11.1584,1,Won,
Q104094,2023-10-01,CU2008,20029,Independent Retailer,191.1,33.9494,31.5921,29.4482,1.0728,19.1858,0,Lost,Price
Q104095,2026-03-01,CU2019,20179,E-commerce Pure-Play,173.6,45.9419,40.4702,46.6701,0.86715,23.5247,1,Won,
Q104096,2025-03-01,CU2111,20028,Independent Retailer,1661.9,32.4259,27.1596,30.1215,0.90167,23.5758,1,Won,
Q104097,2025-04-01,CU2147,20013,Marketplace Seller,258.6,79.717,62.3394,75.9047,0.82128,48.1041,1,Won,
Q104098,2024-07-01,CU2079,20028,Marketplace Seller,78.7,32.4259,29.5835,28.0007,1.05653,25.2981,0,Lost,Incumbent supplier
Q104099,2023-11-01,CU2069,20182,E-commerce Pure-Play,132.8,36.2402,31.8541,36.5489,0.87155,26.2416,1,Won,
Q104100,2024-06-01,CU2018,20049,Independent Retailer,795.3,71.475,63.7973,64.1166,0.99502,34.3323,1,Won,
Q104101,2025-08-01,CU2009,20169,Marketplace Seller,343.9,19.5467,18.1488,17.3863,1.04385,13.3369,0,Lost,Incumbent supplier
Q104102,2023-10-01,CU2141,20179,Marketplace Seller,77.9,44.4877,37.2423,41.4493,0.8985,22.614,1,Won,
Q104103,2023-11-01,CU2105,20196,Marketplace Seller,79.2,23.6827,21.4331,23.57,0.90934,15.769,0,Lost,Price
Q104104,2024-04-01,CU2079,20057,Marketplace Seller,164.9,45.1537,39.999,36.6585,1.09112,30.0395,0,Lost,Lead time
Q104105,2026-01-01,CU2095,20191,Sub-Distributor,741.0,59.4851,54.6361,48.8839,1.11767,40.8439,0,Lost,Specification
Q104106,2024-10-01,CU2111,20041,Independent Retailer,408.4,35.7843,33.6174,37.8589,0.88796,21.4791,0,Lost,Price
Q104107,2025-04-01,CU2132,20190,Subscription Box Operator,612.2,29.5588,29.1852,26.7251,1.09205,21.1291,0,Lost,Price
Q104108,2024-07-01,CU2024,20136,Corporate & B2B Buyer,98.6,23.9377,21.546,24.2956,0.88683,15.1964,1,Won,
Q104109,2024-07-01,CU2039,20144,Marketplace Seller,157.1,31.4552,28.037,27.5969,1.01595,18.7248,0,Lost,Price
Q104110,2023-09-01,CU2004,20163,Independent Retailer,130.9,22.3357,20.3794,22.9275,0.88887,15.5955,1,Won,
Q104111,2024-04-01,CU2042,20179,Corporate & B2B Buyer,501.4,42.9314,43.6694,38.2584,1.14143,26.855,0,Lost,Incumbent supplier
Q104112,2024-10-01,CU2129,20007,Regional Retail Chain,178.0,22.9926,19.5228,20.9515,0.93181,17.3473,0,Lost,Lead time
Q104113,2023-07-01,CU2142,20060,Marketplace Seller,658.0,29.2498,27.5165,29.3702,0.93689,16.2736,1,Won,
Q104114,2024-12-01,CU2037,20230,Marketplace Seller,382.0,39.653,31.8213,34.6642,0.91799,18.9055,0,Lost,Price
Q104115,2026-02-01,CU2049,20160,Independent Retailer,884.3,15.4943,13.3079,14.6359,0.90926,7.937,0,Lost,Specification
Q104116,2026-01-01,CU2088,20025,Independent Retailer,266.7,38.9009,37.2207,35.7406,1.04141,27.0127,1,Won,
Q104117,2025-12-01,CU2040,20127,Independent Retailer,798.4,43.7254,43.1046,36.0409,1.19599,33.8176,0,Lost,Incumbent supplier
Q104118,2023-11-01,CU2102,20024,Sub-Distributor,472.4,40.8823,38.3913,33.7315,1.13815,28.8207,0,Lost,Price
Q104119,2024-01-01,CU2060,20058,Subscription Box Operator,329.2,27.2399,24.2966,23.9543,1.01429,20.3255,1,Won,
Q104120,2026-06-01,CU2006,20218,Independent Retailer,261.2,41.1473,32.6956,34.8341,0.93861,25.7478,1,Won,
Q104121,2025-07-01,CU2071,20053,Regional Retail Chain,993.6,19.2926,15.1104,17.8459,0.84672,9.6558,1,Won,
Q104122,2026-03-01,CU2094,20137,Regional Retail Chain,77.7,68.9488,60.8328,59.9778,1.01426,37.1555,0,Lost,Price
Q104123,2024-05-01,CU2084,20196,Marketplace Seller,294.8,21.9123,19.2747,20.4336,0.94328,17.5345,0,Lost,Incumbent supplier
Q104124,2026-03-01,CU2010,20079,Sub-Distributor,969.5,12.1016,11.0801,10.2062,1.08562,7.9433,0,Lost,Incumbent supplier
Q104125,2025-07-01,CU2090,20220,Sub-Distributor,281.6,15.9008,13.8016,13.4824,1.02368,7.7212,1,Won,
Q104126,2025-01-01,CU2117,20124,Marketplace Seller,287.9,14.6076,12.27,13.6519,0.89878,10.4005,1,Won,
Q104127,2023-08-01,CU2000,20157,Independent Retailer,295.1,52.5274,44.7171,50.1754,0.89122,36.8699,1,Won,
Q104128,2024-04-01,CU2020,20047,Marketplace Seller,318.8,22.0725,20.2556,23.136,0.8755,14.1332,1,Won,
Q104129,2026-06-01,CU2090,20176,Sub-Distributor,888.0,54.8279,46.6346,51.9611,0.89749,26.3776,1,Won,
Q104130,2025-05-01,CU2067,20210,Independent Retailer,440.7,39.2013,36.2257,33.6863,1.07538,27.5666,0,Lost,Lead time
Q104131,2025-02-01,CU2045,20146,Subscription Box Operator,70.0,17.6399,14.9863,15.186,0.98685,10.7602,1,Won,
Q104132,2023-08-01,CU2135,20202,Sub-Distributor,256.5,46.9027,43.6793,44.3961,0.98385,31.9435,0,Lost,Price
Q104133,2025-07-01,CU2122,20164,Marketplace Seller,851.8,54.6384,52.5046,52.9821,0.99099,40.9057,1,Won,
Q104134,2023-08-01,CU2081,20117,Regional Retail Chain,710.9,15.5127,12.87,13.9124,0.92508,9.6261,1,Won,
Q104135,2024-08-01,CU2020,20177,Marketplace Seller,467.4,35.3179,32.8217,33.1241,0.99087,24.1328,0,Lost,Lead time
Q104136,2026-01-01,CU2099,20129,E-commerce Pure-Play,545.6,21.2195,19.4175,17.7563,1.09355,13.1872,0,Lost,Price
Q104137,2023-11-01,CU2072,20116,Marketplace Seller,282.8,7.985,7.1407,8.1909,0.87178,3.9897,1,Won,
Q104138,2025-12-01,CU2041,20026,Sub-Distributor,1642.7,41.8464,39.3073,41.9999,0.93589,28.3613,0,Lost,Incumbent supplier
Q104139,2025-04-01,CU2141,20055,Marketplace Seller,646.5,167.6133,145.5273,168.1924,0.86524,77.9302,1,Won,
Q104140,2024-02-01,CU2126,20215,Marketplace Seller,466.0,11.8721,11.345,10.3781,1.09317,7.8663,0,Lost,Incumbent supplier
Q104141,2024-09-01,CU2004,20170,Independent Retailer,681.6,18.1521,15.5809,15.2605,1.02099,10.5165,1,Won,
Q104142,2023-09-01,CU2146,20058,E-commerce Pure-Play,201.0,27.2399,21.139,28.4522,0.74297,19.0626,1,Won,
Q104143,2024-04-01,CU2047,20094,Corporate & B2B Buyer,255.0,17.5536,15.0999,16.0534,0.9406,8.3443,0,Lost,Incumbent supplier
Q104144,2025-08-01,CU2106,20191,Sub-Distributor,230.0,59.9264,50.3572,52.1703,0.96525,42.869,0,Lost,Incumbent supplier
Q104145,2023-12-01,CU2125,20105,Marketplace Seller,156.1,23.2514,19.4758,23.1084,0.8428,11.1699,1,Won,
Q104146,2025-09-01,CU2043,20050,Government & Education,280.2,14.1912,12.2038,14.1156,0.86457,6.9569,1,Won,
Q104147,2025-09-01,CU2053,20112,Corporate & B2B Buyer,573.0,43.7766,39.3274,36.8775,1.06643,23.0766,0,Lost,Price
Q104148,2024-12-01,CU2118,20235,Regional Retail Chain,711.3,75.9276,68.0588,69.8529,0.97431,49.8964,1,Won,
Q104149,2024-08-01,CU2024,20144,Corporate & B2B Buyer,1686.5,28.8943,23.4568,24.2197,0.9685,17.415,1,Won,
Q104150,2024-03-01,CU2131,20226,Regional Retail Chain,652.1,12.6169,12.0349,11.0746,1.08671,6.9724,0,Lost,Incumbent supplier
Q104151,2025-04-01,CU2126,20212,Marketplace Seller,501.2,43.4732,37.5525,45.2144,0.83054,27.4467,1,Won,
Q104152,2024-03-01,CU2072,20012,Marketplace Seller,259.5,15.0512,14.2587,12.1227,1.17619,7.4731,0,Lost,Price
Q104153,2024-10-01,CU2138,20080,Marketplace Seller,333.7,25.4523,24.1719,22.4783,1.07535,14.7903,1,Won,
Q104154,2024-07-01,CU2145,20228,Regional Retail Chain,145.4,43.5853,39.8914,43.0788,0.92601,28.9904,0,Lost,Specification
Q104155,2025-03-01,CU2034,20149,Marketplace Seller,373.5,64.1297,63.6096,62.4306,1.01889,44.2988,0,Lost,Price
Q104156,2023-11-01,CU2049,20104,Independent Retailer,552.5,11.6764,11.041,12.1739,0.90694,7.0668,1,Won,
Q104157,2024-02-01,CU2126,20023,Marketplace Seller,413.5,26.4337,26.9624,24.0623,1.12052,18.0473,0,Lost,Lead time
Q104158,2026-04-01,CU2039,20139,Marketplace Seller,224.6,12.736,10.0681,10.3221,0.97539,7.7531,1,Won,
Q104159,2024-03-01,CU2084,20189,Marketplace Seller,245.5,11.9977,8.812,10.4755,0.84121,6.2552,1,Won,
Q104160,2024-03-01,CU2042,20174,Corporate & B2B Buyer,648.5,12.8281,11.7017,11.9667,0.97785,9.2226,0,Lost,Incumbent supplier
Q104161,2023-12-01,CU2057,20066,Subscription Box Operator,542.9,17.0141,15.4749,13.8031,1.12112,10.4826,0,Lost,Lead time
Q104162,2025-11-01,CU2070,20219,Marketplace Seller,1072.6,12.4704,10.8727,13.1331,0.82789,6.6793,1,Won,
Q104163,2023-10-01,CU2053,20197,Corporate & B2B Buyer,137.0,17.54,14.5885,14.9934,0.973,8.7715,0,Lost,Specification
Q104164,2024-06-01,CU2062,20202,Independent Retailer,167.2,46.9027,47.0452,39.7039,1.1849,25.6961,0,Lost,Lead time
Q104165,2026-02-01,CU2084,20096,Marketplace Seller,117.1,8.6802,7.243,7.1694,1.01027,6.3727,0,Lost,Price
Q104166,2025-02-01,CU2008,20197,Independent Retailer,775.9,16.0491,15.4429,16.1243,0.95774,9.1788,1,Won,
Q104167,2025-08-01,CU2099,20166,E-commerce Pure-Play,291.8,15.0477,13.9909,13.0246,1.07419,12.3924,1,Won,
Q104168,2024-01-01,CU2108,20236,Sub-Distributor,654.1,50.978,40.6842,42.8503,0.94945,32.2413,1,Won,
Q104169,2024-06-01,CU2134,20232,Marketplace Seller,436.7,43.3853,38.4897,34.7396,1.10795,25.9563,0,Lost,Lead time
Q104170,2024-11-01,CU2041,20088,Sub-Distributor,250.2,18.0876,16.1847,18.6772,0.86655,11.063,1,Won,
Q104171,2025-06-01,CU2045,20223,Subscription Box Operator,115.4,15.9749,14.6627,13.7139,1.06918,9.2,1,Won,
Q104172,2025-06-01,CU2085,20138,Government & Education,338.5,27.8306,27.1656,26.2736,1.03395,16.051,0,Lost,Price
Q104173,2024-05-01,CU2072,20148,Marketplace Seller,95.5,67.3491,54.8717,54.6665,1.00375,41.174,0,Lost,Lead time
Q104174,2024-02-01,CU2077,20199,Corporate & B2B Buyer,2578.9,13.164,12.2327,11.1272,1.09935,9.0303,0,Lost,Lead time
Q104175,2024-12-01,CU2097,20066,Subscription Box Operator,386.9,13.4218,10.7216,11.3309,0.94623,7.3209,0,Lost,Incumbent supplier
Q104176,2026-01-01,CU2063,20003,Sub-Distributor,213.7,27.9541,27.042,25.8388,1.04657,18.6278,1,Won,
Q104177,2025-04-01,CU2117,20004,Marketplace Seller,59.5,30.3597,26.9086,29.1597,0.9228,20.9846,0,Lost,Price
Q104178,2025-12-01,CU2099,20034,E-commerce Pure-Play,1633.7,84.0539,75.0855,87.6249,0.8569,46.6923,1,Won,
Q104179,2025-12-01,CU2142,20230,Marketplace Seller,327.0,41.5532,38.4454,35.567,1.08093,16.2007,0,Lost,Price
Q104180,2026-03-01,CU2033,20193,Independent Retailer,1119.9,39.4741,38.9871,35.5886,1.0955,30.7803,0,Lost,Incumbent supplier
Q104181,2026-05-01,CU2022,20044,Regional Retail Chain,586.2,17.2027,16.6542,17.4345,0.95524,10.4708,0,Lost,Price
Q104182,2026-02-01,CU2038,20221,Marketplace Seller,1855.9,21.7365,21.6796,20.3417,1.06577,18.48,1,Won,
Q104183,2023-07-01,CU2133,20013,Marketplace Seller,903.6,86.5538,88.2849,80.1986,1.10083,55.4024,0,Lost,Incumbent supplier
Q104184,2024-02-01,CU2141,20124,Marketplace Seller,205.5,14.042,13.351,13.8682,0.96271,9.4109,1,Won,
Q104185,2023-09-01,CU2082,20210,E-commerce Pure-Play,216.1,41.7639,32.3107,41.7673,0.77359,22.9887,1,Won,
Q104186,2023-07-01,CU2135,20135,Sub-Distributor,871.4,74.3775,66.3365,69.2695,0.95766,39.3986,0,Lost,Incumbent supplier
Q104187,2026-04-01,CU2120,20191,Independent Retailer,275.0,57.2897,54.398,55.7817,0.97519,34.7011,0,Lost,Incumbent supplier
Q104188,2024-04-01,CU2068,20133,E-commerce Pure-Play,382.0,44.5133,44.1999,38.8223,1.13852,22.3996,0,Lost,Price
Q104189,2026-01-01,CU2127,20235,Corporate & B2B Buyer,203.7,70.3977,61.6034,56.888,1.08289,48.3653,0,Lost,Lead time
Q104190,2024-07-01,CU2021,20117,Corporate & B2B Buyer,375.2,15.5127,14.1197,14.0352,1.00602,9.2021,1,Won,
Q104191,2023-09-01,CU2001,20117,Subscription Box Operator,466.9,15.5127,13.9587,13.9877,0.99793,8.6487,1,Won,
Q104192,2024-07-01,CU2144,20165,Marketplace Seller,492.0,19.8706,17.9472,17.9204,1.0015,13.0765,1,Won,
Q104193,2024-09-01,CU2124,20033,Marketplace Seller,475.0,11.169,10.0542,11.6348,0.86414,10.3492,0,Lost,Specification
Q104194,2025-02-01,CU2022,20076,Regional Retail Chain,566.4,23.1834,20.333,19.2539,1.05605,11.9641,0,Lost,Specification
Q104195,2024-01-01,CU2023,20083,E-commerce Pure-Play,658.8,59.5411,59.6646,59.0061,1.01116,29.8498,0,Lost,Price
Q104196,2024-01-01,CU2148,20104,Regional Retail Chain,358.1,11.054,9.4881,10.8115,0.87759,7.1904,0,Lost,Incumbent supplier
Q104197,2024-04-01,CU2047,20160,Corporate & B2B Buyer,132.5,13.8678,13.5458,13.7921,0.98214,8.0161,1,Won,
Q104198,2024-08-01,CU2144,20235,Marketplace Seller,617.2,78.502,75.5078,80.9182,0.93314,48.5643,1,Won,
Q104199,2023-10-01,CU2050,20206,Marketplace Seller,129.0,43.9248,33.5327,35.4012,0.94722,30.6343,1,Won,
Q104200,2023-12-01,CU2086,20120,Marketplace Seller,862.6,76.1971,71.4155,67.7372,1.0543,45.2144,0,Lost,Lead time
Q104201,2025-10-01,CU2075,20154,Independent Retailer,153.2,48.3333,42.7723,50.1764,0.85244,26.6787,1,Won,
Q104202,2026-04-01,CU2001,20016,Subscription Box Operator,244.6,19.4641,15.3153,17.8167,0.8596,12.3038,1,Won,
Q104203,2026-03-01,CU2130,20173,Corporate & B2B Buyer,890.6,21.9072,18.3496,18.1198,1.01268,17.3316,1,Won,
Q104204,2025-09-01,CU2128,20202,Marketplace Seller,294.5,46.9027,42.2844,45.704,0.92518,22.4251,0,Lost,Specification
Q104205,2026-03-01,CU2117,20095,Marketplace Seller,622.0,16.5539,14.8428,14.1772,1.04695,11.0555,0,Lost,Price
Q104206,2023-10-01,CU2089,20124,Marketplace Seller,109.4,14.0084,14.1882,12.8012,1.10835,9.6143,1,Won,
Q104207,2025-02-01,CU2025,20055,E-commerce Pure-Play,1725.3,163.0302,146.8905,149.2392,0.98426,78.3718,1,Won,
Q104208,2026-01-01,CU2017,20156,Government & Education,142.8,72.3396,60.5341,61.7615,0.98013,43.4271,1,Won,
Q104209,2025-06-01,CU2009,20035,Marketplace Seller,559.0,51.1432,44.8072,51.3966,0.87179,25.7058,0,Lost,Price
Q104210,2025-04-01,CU2014,20135,Marketplace Seller,510.1,66.562,65.9412,64.9163,1.01579,30.9523,0,Lost,Price
Q104211,2023-10-01,CU2033,20056,Independent Retailer,33.3,43.5432,37.9805,37.3587,1.01665,22.8722,0,Lost,Incumbent supplier
Q104212,2024-09-01,CU2127,20200,Corporate & B2B Buyer,167.7,18.7391,15.6589,18.277,0.85675,13.5888,0,Lost,Price
Q104213,2024-05-01,CU2006,20024,Independent Retailer,611.5,41.7556,34.4189,34.248,1.00499,28.3022,1,Won,
Q104214,2025-09-01,CU2065,20172,Government & Education,572.8,25.4235,22.2466,24.1926,0.91956,22.8633,1,Won,
Q104215,2025-01-01,CU2013,20025,Independent Retailer,575.4,42.3468,36.7824,39.7902,0.92441,31.1251,1,Won,
Q104216,2025-01-01,CU2137,20067,E-commerce Pure-Play,1281.5,9.0644,9.0137,7.3763,1.22199,4.9278,1,Won,
Q104217,2024-03-01,CU2141,20033,Marketplace Seller,106.6,12.7799,12.2166,11.7592,1.03889,9.6671,0,Lost,Lead time
Q104218,2024-01-01,CU2084,20163,Marketplace Seller,491.8,20.1285,15.6743,18.2781,0.85755,15.0386,1,Won,
Q104219,2026-04-01,CU2029,20135,Independent Retailer,375.6,58.348,52.3993,57.2791,0.91481,23.6215,0,Lost,Price
Q104220,2025-09-01,CU2074,20000,Corporate & B2B Buyer,207.0,58.5689,57.7686,57.6054,1.00283,39.522,0,Lost,Specification
Q104221,2026-06-01,CU2004,20001,Independent Retailer,163.6,19.9168,15.5509,16.6392,0.93459,11.3495,0,Lost,Price
Q104222,2026-01-01,CU2043,20199,Government & Education,217.3,14.3276,13.2441,14.5476,0.9104,12.4922,1,Won,
Q104223,2024-06-01,CU2085,20075,Government & Education,405.0,21.141,17.4876,22.2856,0.7847,10.8249,1,Won,
Q104224,2024-10-01,CU2070,20010,Marketplace Seller,277.8,44.8153,37.7303,40.4426,0.93293,31.6567,1,Won,
Q104225,2024-10-01,CU2117,20125,Marketplace Seller,244.3,14.6716,12.5978,12.6761,0.99382,9.747,0,Lost,Price
Q104226,2025-09-01,CU2004,20131,Independent Retailer,1958.9,22.7209,18.5011,22.0041,0.8408,19.2859,1,Won,
Q104227,2023-11-01,CU2056,20131,Regional Retail Chain,208.2,25.4281,22.1191,23.4514,0.94319,17.3493,1,Won,
Q104228,2024-02-01,CU2001,20189,Subscription Box Operator,169.6,11.9627,9.6149,12.1839,0.78914,6.4726,1,Won,
Q104229,2026-05-01,CU2077,20057,Corporate & B2B Buyer,1002.1,42.0625,34.6035,44.4735,0.77807,27.8395,1,Won,
Q104230,2023-09-01,CU2109,20075,Subscription Box Operator,75.8,21.6893,20.4292,18.9084,1.08043,12.33,0,Lost,Price
Q104231,2025-05-01,CU2010,20229,Sub-Distributor,42.6,19.5348,19.6419,18.274,1.07486,12.8914,0,Lost,Price
Q104232,2024-05-01,CU2078,20051,E-commerce Pure-Play,220.0,70.3429,61.6752,59.0785,1.04395,43.661,1,Won,
Q104233,2023-12-01,CU2117,20167,Marketplace Seller,707.2,96.1103,91.7033,92.1701,0.99494,65.0173,0,Lost,Specification
Q104234,2026-05-01,CU2053,20238,Corporate & B2B Buyer,367.3,14.7492,11.9017,12.6393,0.94164,9.623,1,Won,
Q104235,2025-05-01,CU2124,20001,Marketplace Seller,93.4,17.8257,15.9775,15.3191,1.04297,10.4912,0,Lost,Incumbent supplier
Q104236,2024-11-01,CU2025,20201,E-commerce Pure-Play,3409.8,19.7601,15.8807,18.2723,0.86911,16.2767,0,Lost,Incumbent supplier
Q104237,2024-09-01,CU2008,20080,Independent Retailer,368.1,25.4523,23.2781,20.4042,1.14085,15.2503,0,Lost,Lead time
Q104238,2024-06-01,CU2049,20209,Independent Retailer,155.7,13.4847,10.9242,11.5748,0.9438,8.8599,0,Lost,Lead time
Q104239,2025-03-01,CU2083,20034,Marketplace Seller,293.9,83.2212,70.7423,67.05,1.05507,50.4537,1,Won,
Q104240,2025-12-01,CU2037,20150,Marketplace Seller,292.3,22.8638,20.6349,19.6697,1.04907,11.5662,0,Lost,Incumbent supplier
Q104241,2025-02-01,CU2074,20024,Corporate & B2B Buyer,281.6,36.4094,31.4476,30.896,1.01785,21.6439,0,Lost,Price
Q104242,2025-02-01,CU2086,20085,Marketplace Seller,101.2,57.6554,56.3995,59.2866,0.9513,31.1257,0,Lost,Lead time
Q104243,2024-01-01,CU2096,20033,Marketplace Seller,287.4,12.511,10.703,10.8262,0.98863,9.6115,1,Won,
Q104244,2025-08-01,CU2124,20203,Marketplace Seller,444.0,18.673,17.9472,16.9783,1.05706,11.8424,0,Lost,Specification
Q104245,2024-11-01,CU2128,20199,Marketplace Seller,46.0,15.4057,14.0096,14.9099,0.93961,10.0293,1,Won,
Q104246,2024-04-01,CU2053,20118,Corporate & B2B Buyer,908.7,84.0652,74.2787,85.7008,0.86672,45.6187,0,Lost,Price
Q104247,2025-02-01,CU2026,20049,Marketplace Seller,319.9,75.0118,66.952,69.6904,0.96071,36.475,1,Won,
Q104248,2025-10-01,CU2015,20206,Corporate & B2B Buyer,355.8,71.1348,59.304,60.6347,0.97805,46.4085,0,Lost,Specification
Q104249,2024-02-01,CU2145,20179,Regional Retail Chain,434.7,42.9314,39.0059,36.4148,1.07115,24.8805,1,Won,
Q104250,2025-12-01,CU2087,20125,Sub-Distributor,375.3,14.6716,14.3102,13.8926,1.03006,8.8094,1,Won,
Q104251,2023-10-01,CU2028,20148,Independent Retailer,767.0,67.3491,55.4439,64.0607,0.86549,43.716,0,Lost,Incumbent supplier
Q104252,2026-02-01,CU2052,20060,Marketplace Seller,196.7,24.8285,23.0662,24.6416,0.93607,15.5125,0,Lost,Price
Q104253,2025-10-01,CU2068,20119,E-commerce Pure-Play,103.8,42.9037,38.0716,36.1944,1.05186,24.368,0,Lost,Price
Q104254,2024-01-01,CU2002,20179,Marketplace Seller,829.6,44.4877,38.5447,42.8558,0.89941,24.6194,0,Lost,Specification
Q104255,2026-06-01,CU2092,20146,Marketplace Seller,1181.1,17.6399,15.3369,18.3578,0.83544,11.9982,1,Won,
Q104256,2024-01-01,CU2073,20159,Marketplace Seller,594.8,21.2533,20.0625,18.5473,1.0817,14.183,0,Lost,Specification
Q104257,2024-04-01,CU2017,20103,Government & Education,1713.6,35.6898,35.2024,35.6631,0.98708,19.2526,0,Lost,Lead time
Q104258,2024-04-01,CU2095,20056,Sub-Distributor,397.7,46.656,41.7685,49.4097,0.84535,27.4408,1,Won,
Q104259,2026-03-01,CU2135,20064,Sub-Distributor,88.6,53.6677,47.6135,47.0294,1.01242,37.3405,0,Lost,Incumbent supplier
Q104260,2023-09-01,CU2002,20083,Marketplace Seller,305.4,60.1679,52.1913,58.3444,0.89454,32.266,1,Won,
Q104261,2024-02-01,CU2102,20130,Sub-Distributor,251.8,79.7404,68.0396,82.5996,0.82373,54.3175,1,Won,
Q104262,2024-06-01,CU2126,20048,Marketplace Seller,1444.3,75.9837,72.9511,72.736,1.00296,58.7207,0,Lost,Price
Q104263,2024-10-01,CU2143,20014,Sub-Distributor,3368.2,40.1371,36.4389,39.5775,0.9207,18.0627,0,Lost,Price
Q104264,2026-06-01,CU2008,20101,Independent Retailer,389.7,14.3234,13.414,14.2609,0.94062,8.2191,1,Won,
Q104265,2024-07-01,CU2108,20107,Sub-Distributor,119.2,58.842,49.6265,56.5644,0.87735,32.9495,1,Won,
Q104266,2025-04-01,CU2029,20059,Independent Retailer,99.0,11.2468,10.1647,9.6812,1.04994,7.2074,1,Won,
Q104267,2026-04-01,CU2078,20099,E-commerce Pure-Play,93.3,68.9696,65.4493,62.7553,1.04293,31.5651,1,Won,
Q104268,2025-02-01,CU2083,20002,Marketplace Seller,319.5,48.9767,35.929,40.3418,0.89062,35.0269,1,Won,
Q104269,2023-10-01,CU2113,20225,Independent Retailer,3086.4,83.5689,75.4688,85.4178,0.88353,38.4603,1,Won,
Q104270,2025-07-01,CU2096,20173,Marketplace Seller,94.8,24.2208,22.8373,24.6643,0.92593,19.1605,0,Lost,Price
Q104271,2025-02-01,CU2038,20203,Marketplace Seller,2231.6,19.2708,19.2656,17.6971,1.08863,11.4429,0,Lost,Price
Q104272,2025-03-01,CU2145,20150,Regional Retail Chain,105.5,25.486,23.735,23.7749,0.99832,13.9772,1,Won,
Q104273,2025-09-01,CU2147,20104,Marketplace Seller,224.3,17.2286,17.5732,13.786,1.27471,9.7862,0,Lost,Price
Q104274,2026-05-01,CU2108,20123,Sub-Distributor,209.5,11.4119,10.4615,11.6532,0.89774,6.2,1,Won,
Q104275,2024-12-01,CU2029,20070,Independent Retailer,377.0,15.0562,13.9207,13.8364,1.00609,9.7724,0,Lost,Price
Q104276,2025-03-01,CU2083,20218,Marketplace Seller,719.8,46.0232,33.4046,47.1916,0.70785,22.8256,1,Won,
Q104277,2025-04-01,CU2115,20192,Sub-Distributor,563.0,18.5741,16.045,18.1099,0.88598,12.022,1,Won,
Q104278,2023-10-01,CU2031,20209,Corporate & B2B Buyer,107.4,14.0914,14.2011,13.0853,1.08527,8.439,1,Won,
Q104279,2023-10-01,CU2041,20151,Sub-Distributor,249.2,16.1498,13.2848,15.3884,0.8633,8.2838,1,Won,
Q104280,2023-10-01,CU2054,20088,Marketplace Seller,297.9,20.3687,15.342,20.199,0.75954,12.0244,1,Won,
Q104281,2024-07-01,CU2098,20110,Subscription Box Operator,203.0,111.6196,94.7377,92.4064,1.02523,67.7834,0,Lost,Price
Q104282,2026-06-01,CU2093,20222,Independent Retailer,515.7,24.0219,20.26,21.9669,0.9223,14.284,0,Lost,Incumbent supplier
Q104283,2025-03-01,CU2030,20163,Independent Retailer,293.5,19.068,14.8693,15.3265,0.97018,13.4008,1,Won,
Q104284,2024-06-01,CU2006,20038,Independent Retailer,215.7,77.3495,65.9482,63.798,1.0337,62.6257,0,Lost,Specification
Q104285,2023-10-01,CU2007,20211,Sub-Distributor,562.9,39.7418,31.5224,33.6633,0.9364,23.149,0,Lost,Specification
Q104286,2025-01-01,CU2011,20081,Regional Retail Chain,173.9,57.772,50.2261,60.8019,0.82606,40.3277,1,Won,
Q104287,2025-03-01,CU2004,20198,Independent Retailer,686.9,9.5383,8.0229,9.5712,0.83824,5.1428,1,Won,
Q104288,2025-03-01,CU2083,20237,Marketplace Seller,665.0,61.421,54.3814,60.9285,0.89255,45.3805,0,Lost,Price
Q104289,2024-12-01,CU2115,20158,Sub-Distributor,818.9,41.9933,34.4024,38.1551,0.90165,27.243,1,Won,
Q104290,2025-04-01,CU2048,20220,E-commerce Pure-Play,218.3,15.9136,16.2319,15.7592,1.02999,7.5056,0,Lost,Specification
Q104291,2025-07-01,CU2096,20117,Marketplace Seller,194.3,15.5127,13.9272,14.7365,0.94508,8.8634,0,Lost,Price
Q104292,2025-12-01,CU2087,20038,Sub-Distributor,352.5,74.055,60.3541,77.9825,0.77394,58.6742,1,Won,
Q104293,2026-05-01,CU2028,20024,Independent Retailer,342.1,43.8244,39.1884,44.2569,0.88548,27.2127,1,Won,
Q104294,2024-05-01,CU2056,20113,Regional Retail Chain,83.0,42.1613,41.7484,41.703,1.00109,23.9448,0,Lost,Price
Q104295,2024-05-01,CU2140,20046,Subscription Box Operator,271.1,16.8408,16.277,15.7735,1.03192,12.9456,0,Lost,Price
Q104296,2024-04-01,CU2070,20227,Marketplace Seller,111.1,39.6654,30.546,35.5471,0.85931,25.4482,0,Lost,Incumbent supplier
Q104297,2023-08-01,CU2019,20132,E-commerce Pure-Play,297.0,8.3357,6.9909,6.7107,1.04176,5.8464,0,Lost,Incumbent supplier
Q104298,2024-08-01,CU2134,20101,Marketplace Seller,230.9,16.4317,15.8529,13.3273,1.1895,8.3151,0,Lost,Lead time
Q104299,2025-01-01,CU2143,20214,Sub-Distributor,459.3,16.9307,16.5789,14.9632,1.10798,12.6157,0,Lost,Price
Q104300,2025-06-01,CU2053,20142,Corporate & B2B Buyer,675.7,27.7794,22.8738,23.7711,0.96225,19.0819,1,Won,
Q104301,2024-03-01,CU2037,20193,Marketplace Seller,94.0,43.9539,35.8412,46.0547,0.77823,29.5519,1,Won,
Q104302,2026-04-01,CU2040,20207,Independent Retailer,43.9,13.0406,11.713,13.5726,0.86299,7.6401,1,Won,
Q104303,2024-02-01,CU2130,20053,Corporate & B2B Buyer,242.2,18.8229,17.7841,17.8444,0.99662,10.6949,0,Lost,Specification
Q104304,2025-06-01,CU2104,20211,Corporate & B2B Buyer,318.9,39.7418,37.6834,37.6635,1.00053,31.0077,1,Won,
Q104305,2025-07-01,CU2086,20126,Marketplace Seller,310.3,54.596,48.6329,44.8701,1.08386,31.195,0,Lost,Price
Q104306,2025-10-01,CU2036,20117,Regional Retail Chain,3735.5,15.5127,15.0543,12.8712,1.16961,8.2085,0,Lost,Lead time
Q104307,2025-10-01,CU2008,20214,Independent Retailer,292.7,18.6366,16.4179,17.1488,0.95738,13.9508,1,Won,
Q104308,2025-01-01,CU2024,20184,Corporate & B2B Buyer,737.5,152.8176,155.874,141.7863,1.09936,100.3079,1,Won,
Q104309,2025-02-01,CU2038,20022,Marketplace Seller,137.6,44.3117,40.2264,42.5679,0.94499,32.9994,1,Won,
Q104310,2023-09-01,CU2111,20136,Independent Retailer,263.0,23.5846,21.5064,18.937,1.13568,14.2462,0,Lost,Price
Q104311,2025-05-01,CU2022,20048,Regional Retail Chain,1560.1,75.9837,67.7759,68.6285,0.98758,65.8155,0,Lost,Price
Q104312,2024-11-01,CU2011,20090,Regional Retail Chain,551.2,31.9466,26.9703,26.1983,1.02947,22.7653,0,Lost,Price
Q104313,2026-06-01,CU2003,20186,Regional Retail Chain,53.8,72.657,62.5166,58.2582,1.0731,49.5107,0,Lost,Specification
Q104314,2023-12-01,CU2082,20219,E-commerce Pure-Play,525.7,15.2549,13.9291,14.5041,0.96035,6.8256,0,Lost,Incumbent supplier
Q104315,2023-11-01,CU2109,20008,Subscription Box Operator,2086.2,19.6507,16.4148,19.5802,0.83834,12.1738,0,Lost,Price
Q104316,2024-12-01,CU2082,20203,E-commerce Pure-Play,1205.2,19.0215,17.4776,18.2696,0.95665,11.9563,0,Lost,Incumbent supplier
Q104317,2024-10-01,CU2010,20099,Sub-Distributor,579.6,73.8809,68.5418,69.6499,0.98409,35.6173,0,Lost,Price
Q104318,2023-08-01,CU2001,20126,Subscription Box Operator,357.9,58.996,48.3677,59.3454,0.81502,39.5779,1,Won,
Q104319,2026-05-01,CU2009,20116,Marketplace Seller,312.0,12.3172,9.0748,12.5135,0.7252,5.6364,1,Won,
Q104320,2026-04-01,CU2068,20125,E-commerce Pure-Play,590.0,14.6716,14.0485,14.1551,0.99247,9.0252,1,Won,
Q104321,2024-08-01,CU2131,20135,Regional Retail Chain,142.7,64.0578,59.6169,58.4055,1.02074,31.7821,0,Lost,Lead time
Q104322,2024-03-01,CU2135,20189,Sub-Distributor,1194.7,11.9977,10.7355,10.9094,0.98406,6.2552,0,Lost,Lead time
Q104323,2026-06-01,CU2117,20015,Marketplace Seller,144.6,12.442,9.4256,10.6477,0.88522,8.7628,1,Won,
Q104324,2025-08-01,CU2024,20140,Corporate & B2B Buyer,251.5,234.0004,212.6502,215.7254,0.98575,177.8948,0,Lost,Price
Q104325,2024-09-01,CU2029,20001,Independent Retailer,641.6,18.2534,18.3203,18.5936,0.98531,10.2243,0,Lost,Price
Q104326,2025-05-01,CU2025,20080,E-commerce Pure-Play,2281.4,23.5639,22.3105,23.8971,0.93361,14.1854,0,Lost,Specification
Q104327,2024-11-01,CU2080,20232,Government & Education,94.1,39.321,36.6994,32.1699,1.1408,28.3481,0,Lost,Price
Q104328,2026-05-01,CU2082,20034,E-commerce Pure-Play,772.6,77.1103,70.2518,80.9256,0.8681,35.719,1,Won,
Q104329,2025-06-01,CU2069,20196,E-commerce Pure-Play,169.6,23.3348,22.9137,21.2042,1.08062,18.5679,1,Won,
Q104330,2026-01-01,CU2012,20020,Government & Education,351.5,55.5739,49.4915,56.4747,0.87635,30.4437,1,Won,
Q104331,2025-06-01,CU2141,20003,Marketplace Seller,714.1,33.8854,31.4226,29.8205,1.05372,22.2067,0,Lost,Price
Q104332,2023-11-01,CU2145,20221,Regional Retail Chain,343.4,24.0883,22.3726,23.6234,0.94705,16.9136,1,Won,
Q104333,2024-01-01,CU2097,20071,Subscription Box Operator,353.9,75.1746,62.9793,65.903,0.95564,49.8302,1,Won,
Q104334,2024-03-01,CU2109,20170,Subscription Box Operator,93.1,17.2014,16.0087,16.1652,0.99032,9.3795,0,Lost,Specification
Q104335,2025-10-01,CU2091,20219,Independent Retailer,630.4,12.57,9.8547,12.8084,0.76939,6.5788,1,Won,
Q104336,2023-11-01,CU2029,20097,Independent Retailer,122.7,67.0046,59.8519,64.9628,0.92133,40.1742,1,Won,
Q104337,2026-04-01,CU2086,20008,Marketplace Seller,271.9,21.2885,17.0131,22.47,0.75715,14.3158,1,Won,
Q104338,2026-02-01,CU2100,20229,Independent Retailer,214.2,21.6045,16.7999,21.7298,0.77313,15.1366,1,Won,
Q104339,2023-12-01,CU2123,20120,Independent Retailer,338.5,76.1971,65.8003,65.3128,1.00746,45.2144,0,Lost,Price
Q104340,2024-10-01,CU2058,20018,Corporate & B2B Buyer,774.7,91.0714,82.8071,86.4048,0.95836,46.1641,1,Won,
Q104341,2024-06-01,CU2041,20104,Sub-Distributor,304.6,13.3476,10.8555,13.3664,0.81215,7.4697,1,Won,
Q104342,2023-12-01,CU2142,20018,Marketplace Seller,371.2,98.9927,79.4834,89.9076,0.88406,46.7715,1,Won,
Q104343,2025-05-01,CU2052,20067,Marketplace Seller,302.9,10.2148,8.5099,8.824,0.9644,5.3908,1,Won,
Q104344,2024-08-01,CU2030,20143,Independent Retailer,208.5,58.6139,51.9497,51.009,1.01844,32.9015,0,Lost,Price
Q104345,2023-11-01,CU2051,20090,Subscription Box Operator,340.5,31.9466,26.9369,30.3454,0.88768,19.6856,0,Lost,Price
Q104346,2024-12-01,CU2003,20093,Regional Retail Chain,89.2,56.0758,55.8714,59.0601,0.94601,27.6758,1,Won,
Q104347,2024-09-01,CU2140,20024,Subscription Box Operator,740.0,37.61,30.2525,32.6635,0.92619,22.1608,0,Lost,Lead time
Q104348,2023-08-01,CU2112,20174,Government & Education,247.1,12.8281,12.479,11.0694,1.12735,8.5792,1,Won,
Q104349,2025-03-01,CU2022,20232,Regional Retail Chain,687.3,39.7058,31.399,41.1715,0.76264,30.0066,1,Won,
Q104350,2023-10-01,CU2035,20165,Corporate & B2B Buyer,136.8,17.9122,16.5988,14.7411,1.12603,12.6133,0,Lost,Specification
Q104351,2026-06-01,CU2055,20129,Marketplace Seller,549.5,22.9428,19.3018,21.8953,0.88155,15.0964,1,Won,
Q104352,2023-12-01,CU2132,20148,Subscription Box Operator,145.3,67.3491,62.0052,65.3572,0.94871,42.4321,1,Won,
Q104353,2023-12-01,CU2132,20190,Subscription Box Operator,983.0,32.1017,28.3549,32.9718,0.85997,21.446,1,Won,
Q104354,2024-10-01,CU2086,20135,Marketplace Seller,622.1,62.9806,61.5639,57.5134,1.07043,30.6233,0,Lost,Price
Q104355,2025-02-01,CU2113,20019,Independent Retailer,662.2,8.4154,7.3997,7.7288,0.95742,4.9393,0,Lost,Specification
Q104356,2026-01-01,CU2049,20114,Independent Retailer,262.8,54.4306,46.445,55.0716,0.84336,41.4265,1,Won,
Q104357,2024-04-01,CU2130,20230,Corporate & B2B Buyer,573.6,37.0136,31.4169,32.1393,0.97752,18.5839,0,Lost,Lead time
Q104358,2024-08-01,CU2124,20124,Marketplace Seller,644.1,14.5257,13.9445,13.5768,1.02708,10.4423,1,Won,
Q104359,2025-11-01,CU2070,20205,Marketplace Seller,201.4,23.0184,19.2748,19.4476,0.99111,14.3105,1,Won,
Q104360,2023-10-01,CU2021,20215,Corporate & B2B Buyer,380.3,11.8721,11.021,10.1191,1.08913,8.6943,0,Lost,Price
Q104361,2024-03-01,CU2034,20158,Marketplace Seller,320.4,34.4923,24.0193,32.4447,0.74032,24.7308,1,Won,
Q104362,2026-04-01,CU2122,20168,Marketplace Seller,621.4,16.8263,14.3382,16.9043,0.8482,12.4563,1,Won,
Q104363,2025-10-01,CU2110,20108,Independent Retailer,1427.2,25.539,25.6265,23.6178,1.08505,15.2196,0,Lost,Price
Q104364,2025-04-01,CU2115,20016,Sub-Distributor,412.4,17.4441,14.8113,14.078,1.05209,12.263,0,Lost,Price
Q104365,2026-06-01,CU2088,20089,Independent Retailer,953.9,58.5054,47.6849,55.3785,0.86107,39.0601,1,Won,
Q104366,2025-12-01,CU2075,20014,Independent Retailer,460.6,40.6242,33.8165,42.6475,0.79293,15.5262,1,Won,
Q104367,2024-11-01,CU2147,20104,Marketplace Seller,185.8,13.781,11.197,11.9932,0.93361,7.9995,1,Won,
Q104368,2025-11-01,CU2146,20221,E-commerce Pure-Play,1641.0,24.2999,22.3676,23.0736,0.9694,19.4651,0,Lost,Specification
Q104369,2025-08-01,CU2118,20016,Regional Retail Chain,3236.9,19.8476,17.1085,18.9812,0.90134,12.9057,1,Won,
Q104370,2025-06-01,CU2127,20200,Corporate & B2B Buyer,676.7,27.3121,22.978,25.9355,0.88597,16.4381,0,Lost,Price
Q104371,2024-01-01,CU2098,20053,Subscription Box Operator,33.2,18.5853,18.957,18.4895,1.02528,10.6749,0,Lost,Price
Q104372,2025-10-01,CU2099,20092,E-commerce Pure-Play,471.5,41.2412,37.3763,37.6556,0.99258,26.7988,0,Lost,Price
Q104373,2026-01-01,CU2137,20015,E-commerce Pure-Play,1339.6,12.3342,11.3669,11.0264,1.03088,8.6113,0,Lost,Lead time
Q104374,2024-06-01,CU2120,20057,Independent Retailer,762.5,41.7968,35.6563,36.3186,0.98176,29.7481,1,Won,
Q104375,2026-03-01,CU2047,20133,Corporate & B2B Buyer,2635.0,32.8995,33.0573,33.4832,0.98728,19.0589,1,Won,
Q104376,2023-11-01,CU2067,20168,Independent Retailer,508.7,16.8263,14.1618,15.1472,0.93495,9.3901,1,Won,
Q104377,2025-10-01,CU2060,20048,Subscription Box Operator,519.2,107.9141,100.5972,97.0672,1.03637,69.3413,1,Won,
Q104378,2026-02-01,CU2067,20015,Independent Retailer,324.2,12.3342,11.2564,12.1992,0.92271,8.8327,0,Lost,Lead time
Q104379,2025-12-01,CU2007,20020,Sub-Distributor,57.1,55.5739,52.832,58.0005,0.91089,30.4916,0,Lost,Price
Q104380,2026-05-01,CU2126,20114,Marketplace Seller,659.1,59.7687,58.69,53.488,1.09726,39.5606,0,Lost,Price
Q104381,2024-10-01,CU2084,20161,Marketplace Seller,969.8,34.7829,32.2356,30.2166,1.06682,21.3498,0,Lost,Price
Q104382,2024-05-01,CU2087,20068,Sub-Distributor,317.2,21.5255,19.9352,21.0392,0.94753,14.0167,1,Won,
Q104383,2025-08-01,CU2111,20119,Independent Retailer,207.1,45.4609,36.1951,40.3705,0.89657,27.427,1,Won,
Q104384,2026-02-01,CU2015,20136,Corporate & B2B Buyer,150.3,18.4771,16.636,15.734,1.05733,14.1813,0,Lost,Specification
Q104385,2024-09-01,CU2076,20148,Government & Education,149.3,67.3491,65.529,69.8438,0.93822,37.504,0,Lost,Price
Q104386,2024-02-01,CU2140,20114,Subscription Box Operator,456.6,73.7553,62.4487,62.0003,1.00723,47.0585,1,Won,
Q104387,2024-03-01,CU2132,20128,Subscription Box Operator,127.2,10.478,9.2081,8.4207,1.0935,8.202,0,Lost,Specification
Q104388,2024-02-01,CU2145,20145,Regional Retail Chain,860.5,14.3843,14.2932,14.8342,0.96353,8.9509,0,Lost,Incumbent supplier
Q104389,2024-06-01,CU2123,20020,Independent Retailer,140.2,56.5018,57.6318,51.352,1.12229,31.1072,1,Won,
Q104390,2023-08-01,CU2081,20228,Regional Retail Chain,65.5,41.451,36.3086,42.6649,0.85102,26.2353,1,Won,
Q104391,2024-03-01,CU2081,20189,Regional Retail Chain,74.4,11.9977,9.9498,10.7332,0.92701,6.2552,1,Won,
Q104392,2025-08-01,CU2099,20028,E-commerce Pure-Play,172.0,32.4259,26.3664,29.0433,0.90783,20.3665,0,Lost,Specification
Q104393,2024-01-01,CU2112,20161,Government & Education,110.3,37.6374,33.1188,32.2213,1.02785,19.3954,0,Lost,Specification
Q104394,2025-04-01,CU2038,20213,Marketplace Seller,1726.8,39.2202,35.2812,41.0914,0.8586,27.1539,0,Lost,Specification
Q104395,2026-05-01,CU2036,20166,Regional Retail Chain,255.3,15.6452,12.5621,13.4572,0.93349,12.6044,0,Lost,Lead time
Q104396,2024-12-01,CU2020,20037,Marketplace Seller,324.7,34.792,27.3036,31.5715,0.86482,19.2237,1,Won,
Q104397,2024-01-01,CU2022,20173,Regional Retail Chain,390.1,30.8845,27.2577,28.1167,0.96945,20.1943,0,Lost,Lead time
Q104398,2024-07-01,CU2041,20181,Sub-Distributor,186.0,15.2171,14.72,15.2473,0.96542,11.1138,1,Won,
Q104399,2024-07-01,CU2044,20032,Corporate & B2B Buyer,299.7,18.0593,17.0585,15.0252,1.13532,11.8657,1,Won,
Q104400,2026-04-01,CU2061,20132,Marketplace Seller,1865.5,9.0007,7.3099,8.3915,0.87111,6.8984,0,Lost,Price
Q104401,2026-03-01,CU2064,20150,Independent Retailer,691.3,23.3572,20.2527,18.8915,1.07205,11.9434,1,Won,
Q104402,2023-10-01,CU2012,20034,Government & Education,1417.9,92.1832,79.6297,76.7725,1.03722,48.6478,1,Won,
Q104403,2025-10-01,CU2090,20192,Sub-Distributor,63.6,19.1806,17.4554,19.2643,0.9061,13.2975,0,Lost,Price
Q104404,2025-08-01,CU2103,20007,Marketplace Seller,1481.6,22.1574,19.3667,23.4613,0.82548,17.5469,1,Won,
Q104405,2024-01-01,CU2034,20239,Marketplace Seller,1265.6,97.2092,86.2991,99.5254,0.86711,51.7408,0,Lost,Lead time
Q104406,2025-07-01,CU2102,20196,Sub-Distributor,182.7,23.3348,19.1656,24.523,0.78154,18.1292,1,Won,
Q104407,2025-01-01,CU2042,20201,Corporate & B2B Buyer,76.1,19.7601,20.1553,20.2794,0.99388,14.9558,0,Lost,Price
Q104408,2024-10-01,CU2018,20206,Independent Retailer,2267.8,53.6425,45.1499,48.123,0.93822,41.0199,1,Won,
Q104409,2026-04-01,CU2013,20068,Independent Retailer,524.8,19.6426,15.0489,17.3002,0.86987,12.0842,0,Lost,Incumbent supplier
Q104410,2024-02-01,CU2141,20084,Marketplace Seller,228.4,22.2637,18.1829,20.5397,0.88525,16.4156,0,Lost,Price
Q104411,2024-03-01,CU2146,20144,E-commerce Pure-Play,380.0,32.6309,31.5287,31.62,0.99711,19.4472,1,Won,
Q104412,2023-12-01,CU2134,20131,Marketplace Seller,350.3,23.5967,18.2147,20.3034,0.89713,17.466,1,Won,
Q104413,2023-09-01,CU2014,20185,Marketplace Seller,404.1,9.6174,9.4419,8.0346,1.17516,5.0496,0,Lost,Incumbent supplier
Q104414,2024-02-01,CU2068,20025,E-commerce Pure-Play,713.4,43.945,39.2054,36.1011,1.08599,32.9054,0,Lost,Incumbent supplier
Q104415,2023-09-01,CU2017,20157,Government & Education,155.4,52.5274,41.1174,44.7694,0.91843,38.0652,0,Lost,Specification
Q104416,2023-07-01,CU2014,20001,Marketplace Seller,182.7,19.0191,17.9294,15.3121,1.17093,10.418,0,Lost,Price
Q104417,2024-01-01,CU2024,20218,Corporate & B2B Buyer,119.0,44.4433,40.5789,41.9836,0.96654,23.1467,0,Lost,Price
Q104418,2024-01-01,CU2115,20102,Sub-Distributor,148.3,50.9943,46.0113,41.7859,1.10112,33.309,0,Lost,Price
Q104419,2025-05-01,CU2021,20164,Corporate & B2B Buyer,91.4,54.2264,49.2227,48.3135,1.01882,41.6771,1,Won,
Q104420,2023-11-01,CU2099,20104,E-commerce Pure-Play,455.6,11.6764,10.95,9.3781,1.16761,7.0668,0,Lost,Lead time
Q104421,2023-10-01,CU2039,20200,Marketplace Seller,411.1,19.9203,18.517,16.4173,1.1279,12.738,0,Lost,Price
Q104422,2026-06-01,CU2029,20157,Independent Retailer,71.1,51.8245,48.8488,43.4094,1.1253,42.9931,0,Lost,Lead time
Q104423,2025-08-01,CU2017,20016,Government & Education,902.0,19.8476,19.0398,19.1604,0.99371,12.9057,0,Lost,Price
Q104424,2024-02-01,CU2103,20143,Marketplace Seller,295.1,70.1642,66.8286,64.7383,1.03229,42.0422,0,Lost,Price
Q104425,2025-12-01,CU2058,20009,Corporate & B2B Buyer,1043.5,33.2168,31.5347,31.2264,1.00987,14.2353,0,Lost,Specification
Q104426,2026-06-01,CU2132,20127,Subscription Box Operator,931.6,46.6331,47.5658,47.4634,1.00216,36.6366,0,Lost,Specification
Q104427,2025-06-01,CU2136,20145,Government & Education,519.6,17.153,15.8231,15.9458,0.99231,11.1998,0,Lost,Incumbent supplier
Q104428,2023-10-01,CU2063,20054,Sub-Distributor,421.0,114.6012,111.0713,102.2933,1.08581,66.9667,1,Won,
Q104429,2025-08-01,CU2056,20045,Regional Retail Chain,1095.8,19.633,17.2225,18.6222,0.92484,15.1395,0,Lost,Price
Q104430,2023-12-01,CU2048,20032,E-commerce Pure-Play,154.7,19.0384,14.7133,18.7506,0.78468,12.5498,0,Lost,Price
Q104431,2025-01-01,CU2131,20173,Regional Retail Chain,1170.9,26.5946,25.1623,24.9565,1.00825,18.8454,0,Lost,Lead time
Q104432,2023-08-01,CU2128,20238,Marketplace Seller,687.0,14.383,12.8272,12.8923,0.99495,9.6274,0,Lost,Lead time
Q104433,2024-09-01,CU2046,20016,Marketplace Seller,108.2,17.9975,14.305,15.2826,0.93603,11.6023,1,Won,
Q104434,2024-05-01,CU2100,20184,Independent Retailer,473.1,157.4857,133.0672,128.277,1.03734,95.1535,0,Lost,Incumbent supplier
Q104435,2024-01-01,CU2090,20058,Sub-Distributor,161.1,27.2399,25.0353,27.6636,0.90499,20.3255,1,Won,
Q104436,2025-04-01,CU2114,20111,Corporate & B2B Buyer,260.3,40.7742,37.351,32.7752,1.13961,22.2725,0,Lost,Price
Q104437,2024-06-01,CU2074,20121,Corporate & B2B Buyer,487.3,15.4655,13.1508,16.1923,0.81217,9.7563,1,Won,
Q104438,2025-02-01,CU2041,20235,Sub-Distributor,213.4,80.7092,74.0329,68.5139,1.08055,52.8433,0,Lost,Lead time
Q104439,2023-11-01,CU2115,20034,Sub-Distributor,1483.6,92.1832,77.6085,80.8327,0.96011,47.2717,1,Won,
Q104440,2023-07-01,CU2056,20085,Regional Retail Chain,20.7,57.8973,51.2181,55.1099,0.92938,40.1282,1,Won,
Q104441,2026-03-01,CU2149,20127,Corporate & B2B Buyer,269.7,46.1202,39.0129,40.544,0.96224,35.3449,0,Lost,Incumbent supplier
Q104442,2023-07-01,CU2142,20226,Marketplace Seller,3674.9,12.3278,10.4461,12.8354,0.81385,6.6862,1,Won,
Q104443,2024-05-01,CU2124,20148,Marketplace Seller,237.7,67.3491,64.0532,57.2372,1.11908,41.174,0,Lost,Incumbent supplier
Q104444,2024-12-01,CU2059,20231,Independent Retailer,257.0,44.5225,39.0476,39.0096,1.00097,25.5366,1,Won,
Q104445,2026-05-01,CU2065,20040,Government & Education,307.9,53.914,47.5776,45.7391,1.04019,32.8547,0,Lost,Price
Q104446,2024-09-01,CU2045,20013,Subscription Box Operator,341.0,74.8933,76.3912,65.7911,1.16112,48.4156,0,Lost,Lead time
Q104447,2026-03-01,CU2025,20194,E-commerce Pure-Play,483.7,28.4961,25.156,26.2385,0.95874,20.8749,0,Lost,Specification
Q104448,2024-05-01,CU2044,20146,Corporate & B2B Buyer,224.1,17.6399,16.9076,16.2184,1.0425,12.446,0,Lost,Lead time
Q104449,2025-08-01,CU2037,20206,Marketplace Seller,1075.8,50.8759,46.8317,53.8533,0.86962,43.2167,0,Lost,Lead time
Q104450,2025-08-01,CU2051,20209,Subscription Box Operator,188.2,15.1911,13.2703,13.5893,0.97653,10.7252,0,Lost,Price
Q104451,2025-03-01,CU2133,20214,Marketplace Seller,1051.6,16.9307,15.5474,14.8453,1.0473,12.0228,0,Lost,Price
Q104452,2024-04-01,CU2149,20027,Corporate & B2B Buyer,618.5,23.3844,19.5921,20.5384,0.95393,17.6864,0,Lost,Price
Q104453,2026-05-01,CU2044,20003,Corporate & B2B Buyer,542.9,29.2913,27.1438,30.4125,0.89252,21.7884,1,Won,
Q104454,2024-11-01,CU2113,20115,Independent Retailer,407.5,59.1489,54.1202,48.8584,1.10769,33.2271,0,Lost,Price
Q104455,2025-05-01,CU2041,20145,Sub-Distributor,793.9,17.153,13.8494,17.0021,0.81457,11.1758,1,Won,
Q104456,2023-10-01,CU2045,20123,Subscription Box Operator,475.8,10.8609,9.5707,10.3541,0.92434,7.0093,1,Won,
Q104457,2023-10-01,CU2072,20174,Marketplace Seller,344.9,12.8281,10.4,10.2912,1.01057,8.6796,0,Lost,Price
Q104458,2024-03-01,CU2060,20127,Subscription Box Operator,489.8,55.5046,47.94,52.2979,0.91667,29.2524,1,Won,
Q104459,2023-10-01,CU2018,20001,Independent Retailer,1156.8,18.3159,18.6822,16.5154,1.1312,9.7856,0,Lost,Incumbent supplier
Q104460,2024-10-01,CU2019,20162,E-commerce Pure-Play,1151.5,16.63,13.7279,15.0296,0.91339,7.7398,1,Won,
Q104461,2024-09-01,CU2144,20066,Marketplace Seller,102.9,13.5628,11.8494,11.5655,1.02455,7.5535,1,Won,
Q104462,2025-07-01,CU2126,20124,Marketplace Seller,150.3,16.152,14.8231,15.8385,0.93589,11.4745,1,Won,
Q104463,2024-04-01,CU2002,20095,Marketplace Seller,1227.0,16.5539,14.8407,13.8638,1.07046,8.1416,1,Won,
Q104464,2025-09-01,CU2054,20162,Marketplace Seller,142.7,18.604,18.3834,16.9908,1.08196,8.6406,0,Lost,Price
Q104465,2024-06-01,CU2057,20117,Subscription Box Operator,262.7,15.5127,12.711,14.0096,0.9073,9.4331,1,Won,
Q104466,2024-05-01,CU2068,20029,E-commerce Pure-Play,56.3,33.7342,26.2637,35.2024,0.74608,18.4609,1,Won,
Q104467,2025-04-01,CU2056,20225,Regional Retail Chain,327.0,90.7471,85.1497,76.7616,1.10927,41.9517,0,Lost,Specification
Q104468,2026-05-01,CU2116,20164,Independent Retailer,327.2,54.166,50.3772,55.9747,0.9,41.7275,0,Lost,Specification
Q104469,2024-01-01,CU2123,20162,Independent Retailer,668.7,13.6663,12.7569,11.017,1.15793,6.5043,0,Lost,Price
Q104470,2025-06-01,CU2094,20195,Regional Retail Chain,241.6,48.5447,43.9001,50.9033,0.86242,26.7862,1,Won,
Q104471,2023-12-01,CU2092,20196,Marketplace Seller,137.4,21.4735,19.6446,22.6903,0.86577,16.1123,1,Won,
Q104472,2025-10-01,CU2042,20147,Corporate & B2B Buyer,173.8,31.1649,28.3407,27.531,1.02941,19.7121,0,Lost,Incumbent supplier
Q104473,2025-11-01,CU2056,20043,Regional Retail Chain,3301.0,44.6361,37.0268,36.1507,1.02423,22.9569,1,Won,
Q104474,2024-03-01,CU2008,20194,Independent Retailer,55.3,19.0011,16.4581,16.7211,0.98427,12.3808,0,Lost,Price
Q104475,2023-12-01,CU2089,20114,Marketplace Seller,191.8,74.5574,76.0485,65.2741,1.16506,47.7886,0,Lost,Price
Q104476,2024-09-01,CU2085,20233,Government & Education,264.3,53.8505,50.6548,53.366,0.9492,32.9574,1,Won,
Q104477,2024-01-01,CU2140,20177,Subscription Box Operator,543.9,35.3179,32.7622,32.639,1.00377,22.5974,1,Won,
Q104478,2024-12-01,CU2028,20047,Independent Retailer,155.4,17.7178,16.5737,17.3793,0.95365,12.0429,1,Won,
Q104479,2023-11-01,CU2085,20184,Government & Education,244.0,173.2933,176.7592,181.1899,0.97555,101.9557,1,Won,
Q104480,2025-07-01,CU2008,20050,Independent Retailer,306.2,13.6716,11.6752,11.2565,1.03719,7.0931,1,Won,
Q104481,2025-07-01,CU2148,20048,Regional Retail Chain,1415.9,75.9837,62.3845,77.1997,0.80809,60.294,1,Won,
Q104482,2025-01-01,CU2065,20035,Government & Education,154.4,53.6598,44.6305,48.1542,0.92682,26.271,1,Won,
Q104483,2025-06-01,CU2070,20217,Marketplace Seller,151.6,53.3854,49.2874,46.4726,1.06057,36.8985,0,Lost,Specification
Q104484,2024-05-01,CU2126,20041,Marketplace Seller,633.0,40.9799,34.8621,33.7945,1.03159,25.6855,0,Lost,Specification
Q104485,2025-06-01,CU2054,20061,Marketplace Seller,183.9,23.3185,22.2052,23.9624,0.92667,11.6327,0,Lost,Price
Q104486,2024-07-01,CU2030,20201,Independent Retailer,363.6,19.5303,14.3327,18.6575,0.7682,16.8419,1,Won,
Q104487,2024-05-01,CU2042,20219,Corporate & B2B Buyer,268.6,14.1655,14.4488,11.6134,1.24415,6.3757,1,Won,
Q104488,2025-01-01,CU2146,20063,E-commerce Pure-Play,38.1,86.9543,77.1852,70.3876,1.09657,65.9135,0,Lost,Specification
Q104489,2025-06-01,CU2027,20015,Marketplace Seller,2265.0,12.6197,10.2392,13.0153,0.78671,8.2581,1,Won,
Q104490,2024-08-01,CU2122,20143,Marketplace Seller,189.4,58.6139,50.9013,51.9609,0.97961,32.9015,1,Won,
Q104491,2024-01-01,CU2109,20093,Subscription Box Operator,127.2,48.7766,46.3652,51.1274,0.90686,27.216,0,Lost,Price
Q104492,2024-04-01,CU2055,20167,Marketplace Seller,582.9,90.8144,83.8857,80.7844,1.03839,56.2883,0,Lost,Price
Q104493,2024-03-01,CU2131,20142,Regional Retail Chain,390.1,29.5888,26.5448,31.0233,0.85564,18.6774,1,Won,
Q104494,2025-11-01,CU2084,20189,Marketplace Seller,1909.0,15.2639,14.5117,13.2788,1.09284,7.4583,0,Lost,Incumbent supplier
Q104495,2024-09-01,CU2085,20128,Government & Education,226.9,12.8154,12.9912,12.4842,1.04061,8.9565,0,Lost,Lead time
Q104496,2025-05-01,CU2056,20040,Regional Retail Chain,424.5,53.4029,44.1183,43.5043,1.01411,31.9039,1,Won,
Q104497,2025-02-01,CU2126,20040,Marketplace Seller,737.1,50.0001,44.4194,50.5687,0.8784,27.7925,1,Won,
Q104498,2023-12-01,CU2048,20104,E-commerce Pure-Play,575.3,11.054,9.5983,9.109,1.05372,7.2193,1,Won,
Q104499,2024-06-01,CU2074,20071,Corporate & B2B Buyer,98.2,71.2655,54.5917,61.29,0.89071,47.1543,1,Won,
Q104500,2026-04-01,CU2034,20156,Marketplace Seller,1906.5,73.2189,69.0663,71.4874,0.96613,44.0047,0,Lost,Price
Q104501,2025-08-01,CU2106,20139,Sub-Distributor,1172.9,13.6133,12.8106,12.2789,1.0433,7.7477,0,Lost,Price
Q104502,2025-08-01,CU2133,20090,Marketplace Seller,100.4,31.9466,29.7471,28.876,1.03017,23.6768,0,Lost,Incumbent supplier
Q104503,2025-01-01,CU2040,20059,Independent Retailer,295.4,10.3216,8.3422,10.8602,0.76815,6.4752,1,Won,
Q104504,2024-03-01,CU2034,20106,Marketplace Seller,221.4,25.298,23.7083,21.5041,1.1025,14.1311,0,Lost,Incumbent supplier
Q104505,2025-11-01,CU2003,20045,Regional Retail Chain,86.1,21.8086,22.2448,22.5853,0.98492,16.3662,0,Lost,Price
Q104506,2024-06-01,CU2132,20072,Subscription Box Operator,700.5,15.2657,13.3875,14.3513,0.93284,9.9988,0,Lost,Price
Q104507,2025-11-01,CU2006,20213,Independent Retailer,308.1,37.3261,33.8987,33.3829,1.01545,23.886,0,Lost,Price
Q104508,2025-01-01,CU2065,20030,Government & Education,263.1,15.5551,13.033,15.8329,0.82316,9.2915,0,Lost,Price
Q104509,2026-02-01,CU2132,20088,Subscription Box Operator,239.8,17.0961,15.0425,18.0331,0.83416,10.5527,1,Won,
Q104510,2023-09-01,CU2149,20023,Corporate & B2B Buyer,312.2,27.6616,24.3884,23.4833,1.03854,17.052,0,Lost,Specification
Q104511,2024-05-01,CU2087,20002,Sub-Distributor,181.3,49.5932,46.2246,42.2563,1.09391,35.4642,0,Lost,Price
Q104512,2024-10-01,CU2141,20236,Marketplace Seller,237.0,42.1954,40.9283,36.3711,1.1253,28.8314,0,Lost,Lead time
Q104513,2023-09-01,CU2133,20198,Marketplace Seller,71.3,8.2901,7.2183,8.2703,0.8728,4.2231,1,Won,
Q104514,2024-06-01,CU2073,20216,Marketplace Seller,182.3,41.3841,38.1825,36.3171,1.05137,23.7078,0,Lost,Price
Q104515,2024-06-01,CU2107,20190,E-commerce Pure-Play,882.8,34.9076,32.3687,36.2709,0.89241,22.3103,1,Won,
Q104516,2024-04-01,CU2087,20095,Sub-Distributor,529.3,16.5539,13.4865,14.8906,0.90571,8.1416,1,Won,
Q104517,2026-05-01,CU2142,20015,Marketplace Seller,384.9,12.5551,11.1122,11.8672,0.93638,8.8955,1,Won,
Q104518,2024-11-01,CU2092,20192,Marketplace Seller,1178.9,18.5984,16.6328,19.1355,0.86921,12.0908,1,Won,
Q104519,2026-02-01,CU2136,20219,Government & Education,147.8,11.9968,9.3408,10.2404,0.91216,7.3883,0,Lost,Price
Q104520,2024-01-01,CU2089,20233,Marketplace Seller,278.8,53.8505,48.7114,51.1797,0.95177,30.3374,1,Won,
Q104521,2024-11-01,CU2080,20198,Government & Education,1301.5,9.4269,7.5942,8.9299,0.85042,4.4616,1,Won,
Q104522,2024-07-01,CU2099,20063,E-commerce Pure-Play,357.5,86.9459,84.5582,89.8079,0.94154,68.5396,1,Won,
Q104523,2026-01-01,CU2086,20103,Marketplace Seller,740.8,37.7685,38.5239,38.9293,0.98959,17.5307,0,Lost,Price
Q104524,2024-09-01,CU2134,20138,Marketplace Seller,1615.7,27.5895,21.6505,26.7276,0.81004,15.4161,1,Won,
Q104525,2025-02-01,CU2016,20175,Corporate & B2B Buyer,155.8,16.2763,14.7921,14.1814,1.04306,9.6737,1,Won,
Q104526,2025-11-01,CU2140,20055,Subscription Box Operator,140.9,166.2822,144.8418,162.165,0.89318,67.356,1,Won,
Q104527,2024-02-01,CU2149,20179,Corporate & B2B Buyer,310.0,42.9314,42.7985,36.1468,1.18402,24.8805,0,Lost,Price
Q104528,2023-12-01,CU2007,20035,Sub-Distributor,674.2,47.1777,45.7926,46.9454,0.97545,23.6938,0,Lost,Price
Q104529,2025-05-01,CU2034,20152,Marketplace Seller,244.2,22.0447,18.268,20.2792,0.90082,12.746,1,Won,
Q104530,2023-09-01,CU2072,20131,Marketplace Seller,739.5,25.4281,22.5002,20.6829,1.08787,19.3472,0,Lost,Specification
Q104531,2024-04-01,CU2082,20217,E-commerce Pure-Play,599.3,50.5496,44.535,53.088,0.83889,34.823,1,Won,
Q104532,2024-07-01,CU2118,20106,Regional Retail Chain,49.0,24.1687,22.1033,24.5693,0.89963,13.0883,1,Won,
Q104533,2025-03-01,CU2056,20100,Regional Retail Chain,1080.5,22.7422,20.4372,22.4637,0.90979,16.3945,0,Lost,Price
Q104534,2026-02-01,CU2088,20208,Independent Retailer,305.4,23.8716,22.7233,20.4818,1.10944,12.9478,0,Lost,Specification
Q104535,2023-11-01,CU2064,20193,Independent Retailer,241.6,49.2315,38.3467,39.6555,0.967,28.796,1,Won,
Q104536,2025-12-01,CU2042,20029,Corporate & B2B Buyer,222.8,34.5837,31.5046,29.1649,1.08023,13.8445,0,Lost,Price
Q104537,2025-07-01,CU2027,20201,Marketplace Seller,1182.7,23.8476,21.1354,23.2105,0.9106,18.6246,1,Won,
Q104538,2025-08-01,CU2040,20154,Independent Retailer,474.5,48.3333,45.8555,41.654,1.10087,27.7675,0,Lost,Lead time
Q104539,2024-01-01,CU2127,20075,Corporate & B2B Buyer,301.8,21.141,20.3809,20.3286,1.00257,11.9291,0,Lost,Price
Q104540,2023-09-01,CU2034,20132,Marketplace Seller,261.6,8.3357,6.6053,7.7668,0.85046,6.0903,1,Won,
Q104541,2025-05-01,CU2027,20217,Marketplace Seller,577.3,57.6277,42.4093,52.4686,0.80828,39.9795,1,Won,
Q104542,2025-10-01,CU2131,20131,Regional Retail Chain,266.1,22.7209,19.1136,23.2791,0.82106,18.785,0,Lost,Price
Q104543,2025-10-01,CU2051,20071,Subscription Box Operator,281.6,72.091,51.7753,59.3481,0.8724,48.3617,0,Lost,Lead time
Q104544,2025-06-01,CU2040,20216,Independent Retailer,62.4,41.3841,37.8601,39.6178,0.95563,19.2715,1,Won,
Q104545,2023-07-01,CU2130,20206,Corporate & B2B Buyer,98.2,47.0707,44.8483,39.0829,1.14752,30.196,0,Lost,Price
Q104546,2025-09-01,CU2091,20045,Independent Retailer,209.1,21.8086,21.8749,22.7451,0.96174,15.7769,0,Lost,Price
Q104547,2023-07-01,CU2111,20132,Independent Retailer,167.8,8.3357,7.6936,8.5946,0.89517,5.7387,0,Lost,Lead time
Q104548,2026-03-01,CU2047,20232,Corporate & B2B Buyer,119.0,37.04,34.3134,38.9578,0.88078,22.179,1,Won,
Q104549,2024-09-01,CU2024,20194,Corporate & B2B Buyer,237.3,20.5986,19.6159,18.5853,1.05545,15.9341,0,Lost,Specification
Q104550,2024-03-01,CU2143,20066,Sub-Distributor,216.2,16.849,14.9568,14.0789,1.06236,9.3024,0,Lost,Incumbent supplier
Q104551,2025-01-01,CU2081,20178,Regional Retail Chain,275.9,23.3648,19.152,23.9752,0.79883,18.7252,1,Won,
Q104552,2023-11-01,CU2011,20218,Regional Retail Chain,223.9,44.4433,36.2651,45.4959,0.79711,22.0741,1,Won,
Q104553,2026-01-01,CU2040,20200,Independent Retailer,514.9,28.8711,25.9937,24.5299,1.05967,20.091,0,Lost,Price
Q104554,2025-09-01,CU2025,20224,E-commerce Pure-Play,337.0,11.3257,10.8095,9.8643,1.09582,7.5982,0,Lost,Lead time
Q104555,2024-08-01,CU2124,20154,Marketplace Seller,666.2,41.9689,37.952,39.4175,0.96282,25.7453,0,Lost,Price
Q104556,2024-01-01,CU2100,20049,Independent Retailer,334.0,71.2267,68.2232,62.9061,1.08452,34.0799,0,Lost,Incumbent supplier
Q104557,2024-04-01,CU2106,20211,Sub-Distributor,141.1,39.7418,36.1168,34.8439,1.03653,25.3798,1,Won,
Q104558,2024-07-01,CU2147,20195,Marketplace Seller,803.3,48.5447,36.9054,51.2215,0.72051,26.3466,1,Won,
Q104559,2024-10-01,CU2016,20203,Corporate & B2B Buyer,308.8,19.1604,17.6851,15.8011,1.11923,11.8589,0,Lost,Price
Q104560,2026-03-01,CU2005,20169,Independent Retailer,787.2,23.159,18.6329,22.6677,0.822,16.2718,1,Won,
Q104561,2023-11-01,CU2132,20158,Subscription Box Operator,176.6,34.5958,31.6006,29.3665,1.07608,21.2488,1,Won,
Q104562,2023-11-01,CU2111,20135,Independent Retailer,676.3,72.4683,72.8975,70.5692,1.03299,37.7176,0,Lost,Price
Q104563,2023-07-01,CU2049,20143,Independent Retailer,515.5,66.9651,53.8849,66.9339,0.80505,42.8061,1,Won,
Q104564,2026-01-01,CU2017,20141,Government & Education,523.9,43.9754,37.4802,45.4884,0.82395,24.2103,1,Won,
Q104565,2024-11-01,CU2015,20085,Corporate & B2B Buyer,861.4,57.342,53.5016,46.1928,1.15822,29.3482,0,Lost,Incumbent supplier
Q104566,2025-08-01,CU2063,20101,Sub-Distributor,455.3,15.0437,11.4829,13.636,0.8421,8.4281,1,Won,
Q104567,2024-01-01,CU2047,20132,Corporate & B2B Buyer,638.7,7.5175,6.1176,6.2847,0.97342,6.3132,1,Won,
Q104568,2025-12-01,CU2127,20180,Corporate & B2B Buyer,1277.0,16.4362,14.839,14.9199,0.99458,11.8845,0,Lost,Incumbent supplier
Q104569,2023-07-01,CU2065,20156,Government & Education,347.9,61.0804,55.3936,62.5063,0.88621,43.1456,0,Lost,Lead time
Q104570,2023-11-01,CU2022,20143,Regional Retail Chain,570.8,65.515,58.3908,56.9104,1.02601,43.5196,0,Lost,Price
Q104571,2025-07-01,CU2022,20215,Regional Retail Chain,1131.7,11.8721,11.3737,10.8542,1.04787,7.4269,0,Lost,Price
Q104572,2023-10-01,CU2077,20212,Corporate & B2B Buyer,1671.0,38.8731,34.8424,37.616,0.92626,22.768,0,Lost,Lead time
Q104573,2026-01-01,CU2115,20020,Sub-Distributor,232.9,55.5739,48.4074,51.08,0.94768,30.4437,1,Won,
Q104574,2025-09-01,CU2082,20169,E-commerce Pure-Play,434.8,19.5467,16.1722,19.9681,0.8099,13.9147,1,Won,
Q104575,2023-09-01,CU2100,20042,Independent Retailer,82.0,94.7461,87.0396,82.9563,1.04922,58.4177,0,Lost,Specification
Q104576,2025-01-01,CU2007,20090,Sub-Distributor,281.2,31.9466,27.1909,33.1085,0.82127,22.8311,1,Won,
Q104577,2024-03-01,CU2138,20009,Marketplace Seller,117.3,24.0134,22.932,24.9188,0.92027,14.3809,1,Won,
Q104578,2026-04-01,CU2089,20158,Marketplace Seller,161.7,40.8763,34.3686,39.6905,0.86591,27.9532,0,Lost,Specification
Q104579,2026-03-01,CU2044,20164,Corporate & B2B Buyer,571.3,54.166,44.363,51.5059,0.86132,38.0016,0,Lost,Price
Q104580,2026-01-01,CU2108,20051,Sub-Distributor,340.6,71.1515,70.1127,59.0303,1.18774,39.5172,0,Lost,Price
Q104581,2024-11-01,CU2056,20122,Regional Retail Chain,1051.9,10.5871,8.6074,9.5242,0.90374,6.3317,1,Won,
Q104582,2023-08-01,CU2099,20186,E-commerce Pure-Play,782.1,61.1722,54.7482,64.6541,0.84679,39.8443,1,Won,
Q104583,2024-02-01,CU2055,20127,Marketplace Seller,199.8,54.9944,48.1803,53.242,0.90493,28.3163,0,Lost,Lead time
Q104584,2025-11-01,CU2019,20130,E-commerce Pure-Play,370.7,71.5465,60.7201,61.9158,0.98069,48.1814,1,Won,
Q104585,2025-10-01,CU2063,20080,Sub-Distributor,485.2,25.4341,21.8509,26.4935,0.82477,14.4812,1,Won,
Q104586,2025-10-01,CU2130,20141,Corporate & B2B Buyer,468.3,41.869,36.5151,42.5147,0.85888,22.6716,1,Won,
Q104587,2024-05-01,CU2020,20108,Marketplace Seller,928.8,23.7209,21.5198,23.7774,0.90505,16.4223,1,Won,
Q104588,2024-12-01,CU2105,20173,Marketplace Seller,791.4,26.5946,24.469,23.5728,1.03802,19.9903,1,Won,
Q104589,2024-09-01,CU2110,20130,Independent Retailer,162.3,72.8949,64.4349,58.681,1.09805,49.9912,1,Won,
Q104590,2023-12-01,CU2077,20126,Corporate & B2B Buyer,139.0,61.3565,57.8119,63.9982,0.90334,34.6672,1,Won,
Q104591,2025-03-01,CU2041,20231,Sub-Distributor,120.9,44.5225,37.0031,45.6327,0.81089,22.6895,0,Lost,Incumbent supplier
Q104592,2026-03-01,CU2077,20222,Corporate & B2B Buyer,350.8,24.0219,23.1128,24.0614,0.96058,14.5864,0,Lost,Incumbent supplier
Q104593,2025-07-01,CU2053,20047,Corporate & B2B Buyer,1922.2,17.3906,15.0482,17.5935,0.85533,11.3784,1,Won,
Q104594,2025-07-01,CU2110,20222,Independent Retailer,401.6,22.3331,18.3476,19.9838,0.91813,14.3386,1,Won,
Q104595,2025-06-01,CU2039,20059,Marketplace Seller,51.3,11.2468,8.4866,10.9488,0.77512,7.4714,1,Won,
Q104596,2026-01-01,CU2004,20224,Independent Retailer,163.0,12.3202,11.8585,12.4934,0.94918,8.3271,1,Won,
Q104597,2025-02-01,CU2130,20183,Corporate & B2B Buyer,784.8,92.3818,81.8121,77.2354,1.05926,53.0499,1,Won,
Q104598,2026-03-01,CU2144,20167,Marketplace Seller,233.7,70.4952,58.7989,74.0471,0.79407,48.4204,1,Won,
Q104599,2023-09-01,CU2091,20174,Independent Retailer,206.7,12.8281,11.0791,12.8075,0.86505,8.5339,1,Won,
Q104600,2025-12-01,CU2018,20042,Independent Retailer,41.2,91.9727,89.1709,82.9288,1.07527,49.8711,0,Lost,Price
Q104601,2024-07-01,CU2121,20029,Corporate & B2B Buyer,117.0,33.7342,31.3885,30.958,1.01391,16.8412,1,Won,
Q104602,2025-10-01,CU2083,20072,Marketplace Seller,120.0,15.2657,12.5139,14.6719,0.85292,10.3693,0,Lost,Incumbent supplier
Q104603,2024-09-01,CU2069,20225,E-commerce Pure-Play,143.2,98.6631,80.4872,98.0715,0.8207,47.3172,1,Won,
Q104604,2023-11-01,CU2093,20032,Independent Retailer,221.7,19.0384,19.4192,16.5369,1.17429,12.9697,0,Lost,Specification
Q104605,2024-01-01,CU2004,20130,Independent Retailer,1149.1,79.7404,68.501,80.949,0.84622,54.9298,1,Won,
Q104606,2024-11-01,CU2089,20071,Marketplace Seller,148.8,73.8782,65.4638,70.5565,0.92782,51.3364,1,Won,
Q104607,2025-10-01,CU2081,20156,Regional Retail Chain,68.5,72.3396,60.5739,70.773,0.85589,46.6454,1,Won,
Q104608,2026-06-01,CU2098,20228,Subscription Box Operator,387.1,40.1353,39.1854,33.0714,1.18487,27.4946,0,Lost,Price
Q104609,2024-11-01,CU2058,20213,Corporate & B2B Buyer,394.5,38.6326,35.1825,40.5789,0.86701,25.6009,0,Lost,Specification
Q104610,2023-10-01,CU2041,20098,Sub-Distributor,101.3,18.8237,17.1629,15.0934,1.13711,14.2283,0,Lost,Price
Q104611,2026-02-01,CU2119,20081,Marketplace Seller,180.3,65.9375,55.2633,68.4224,0.80768,34.0461,1,Won,
Q104612,2026-02-01,CU2000,20215,Independent Retailer,172.0,11.8721,10.4938,9.5164,1.10271,7.1484,0,Lost,Incumbent supplier
Q104613,2023-11-01,CU2129,20034,Regional Retail Chain,498.9,92.1832,77.4229,80.4349,0.96255,47.2717,0,Lost,Lead time
Q104614,2025-02-01,CU2143,20145,Sub-Distributor,279.0,16.7682,13.5863,14.7468,0.92131,10.3401,1,Won,
Q104615,2025-08-01,CU2034,20114,Marketplace Seller,754.6,52.922,49.7173,45.1673,1.10074,32.4494,0,Lost,Incumbent supplier
Q104616,2023-09-01,CU2052,20143,Marketplace Seller,265.3,66.7058,58.6253,69.688,0.84125,43.6171,1,Won,
Q104617,2025-08-01,CU2071,20092,Regional Retail Chain,316.8,33.7353,32.484,29.3762,1.1058,25.6422,1,Won,
Q104618,2024-09-01,CU2077,20146,Corporate & B2B Buyer,565.3,17.6399,15.1043,17.1293,0.88178,11.0879,0,Lost,Incumbent supplier
Q104619,2025-02-01,CU2070,20084,Marketplace Seller,179.9,22.1674,21.0118,22.1707,0.94773,13.5125,1,Won,
Q104620,2025-04-01,CU2090,20033,Sub-Distributor,432.5,14.6331,13.4378,11.7631,1.14237,10.0378,0,Lost,Incumbent supplier
Q104621,2024-07-01,CU2053,20069,Corporate & B2B Buyer,230.0,23.0811,21.8106,23.8403,0.91486,15.6911,0,Lost,Price
Q104622,2025-11-01,CU2004,20065,Independent Retailer,151.0,40.8347,37.9843,39.9982,0.94965,28.3652,1,Won,
Q104623,2025-01-01,CU2078,20238,E-commerce Pure-Play,348.0,13.945,10.2072,14.3138,0.7131,9.2796,1,Won,
Q104624,2025-05-01,CU2107,20099,E-commerce Pure-Play,294.7,86.7396,88.4744,87.4043,1.01224,36.3184,1,Won,
Q104625,2024-12-01,CU2056,20233,Regional Retail Chain,116.3,53.8505,46.6395,55.8703,0.83478,30.0068,0,Lost,Price
Q104626,2025-09-01,CU2007,20053,Sub-Distributor,345.5,20.5172,15.7631,18.6426,0.84554,8.9633,1,Won,
Q104627,2024-04-01,CU2078,20035,E-commerce Pure-Play,386.2,50.9024,42.2854,45.383,0.93174,26.4901,0,Lost,Price
Q104628,2026-04-01,CU2036,20068,Regional Retail Chain,517.5,19.6426,16.7002,19.2839,0.86602,12.0842,1,Won,
Q104629,2025-10-01,CU2074,20228,Corporate & B2B Buyer,732.5,41.8527,40.9464,40.6213,1.008,26.5733,0,Lost,Price
Q104630,2023-11-01,CU2015,20054,Corporate & B2B Buyer,521.1,114.6012,86.5367,119.852,0.72203,69.3975,1,Won,
Q104631,2025-09-01,CU2071,20015,Regional Retail Chain,162.4,12.2708,11.7528,12.4541,0.94369,8.3908,0,Lost,Price
Q104632,2025-07-01,CU2141,20185,Marketplace Seller,319.5,10.356,9.51,9.971,0.95376,6.3513,0,Lost,Price
Q104633,2025-01-01,CU2103,20003,Marketplace Seller,299.5,34.1265,30.258,31.1599,0.97106,22.0146,1,Won,
Q104634,2024-12-01,CU2013,20026,Independent Retailer,179.9,41.0641,37.4103,37.6555,0.99349,24.9354,0,Lost,Price
Q104635,2023-07-01,CU2058,20223,Corporate & B2B Buyer,1159.5,15.0247,13.8226,15.734,0.87852,8.2136,1,Won,
Q104636,2024-12-01,CU2000,20191,Independent Retailer,335.2,44.3547,37.6458,41.3462,0.9105,37.0218,0,Lost,Price
Q104637,2024-11-01,CU2136,20093,Government & Education,187.7,56.0758,51.7362,45.1117,1.14685,29.1253,0,Lost,Lead time
Q104638,2025-10-01,CU2103,20048,Marketplace Seller,250.2,107.9141,95.387,105.4002,0.905,69.3413,1,Won,
Q104639,2024-08-01,CU2076,20168,Government & Education,1205.4,16.8263,12.9563,15.8749,0.81615,10.7881,0,Lost,Price
Q104640,2025-06-01,CU2048,20142,E-commerce Pure-Play,209.3,27.7794,25.4306,25.8838,0.98249,19.0819,0,Lost,Price
Q104641,2023-10-01,CU2025,20192,E-commerce Pure-Play,271.8,22.8534,20.9971,19.7767,1.06171,13.7177,0,Lost,Price
Q104642,2025-07-01,CU2064,20131,Independent Retailer,586.3,24.083,21.7009,19.435,1.11659,19.572,0,Lost,Price
Q104643,2024-11-01,CU2125,20221,Marketplace Seller,802.9,23.9794,22.2116,21.681,1.02448,16.8923,0,Lost,Incumbent supplier
Q104644,2025-10-01,CU2044,20003,Corporate & B2B Buyer,355.9,29.7927,26.7485,29.0591,0.92049,18.2079,1,Won,
Q104645,2024-12-01,CU2061,20030,Marketplace Seller,683.0,15.2431,14.3737,14.4158,0.99708,9.1366,0,Lost,Price
Q104646,2024-12-01,CU2046,20111,Marketplace Seller,595.1,39.6685,39.2668,39.7807,0.98708,22.6775,1,Won,
Q104647,2025-06-01,CU2044,20131,Corporate & B2B Buyer,141.3,24.083,21.3071,21.8556,0.97491,19.7993,1,Won,
Q104648,2025-01-01,CU2087,20046,Sub-Distributor,352.1,16.1245,13.409,16.9405,0.79154,12.7444,1,Won,
Q104649,2024-02-01,CU2106,20208,Sub-Distributor,1002.6,23.415,23.6267,21.985,1.07467,12.2644,0,Lost,Lead time
Q104650,2024-03-01,CU2058,20111,Corporate & B2B Buyer,35.2,41.372,34.6086,36.4973,0.94825,22.1205,0,Lost,Incumbent supplier
Q104651,2024-09-01,CU2076,20072,Government & Education,1320.5,15.2657,13.2245,13.4509,0.98316,10.0379,1,Won,
Q104652,2024-04-01,CU2030,20104,Independent Retailer,485.7,12.6716,10.8391,10.896,0.99477,7.3552,0,Lost,Incumbent supplier
Q104653,2024-04-01,CU2066,20239,Corporate & B2B Buyer,188.3,92.0916,83.642,74.6725,1.12012,51.8755,1,Won,
Q104654,2025-05-01,CU2142,20210,Marketplace Seller,170.4,39.2013,36.0407,31.499,1.14418,27.5666,0,Lost,Price
Q104655,2024-05-01,CU2127,20053,Corporate & B2B Buyer,907.0,19.3763,16.0055,17.2824,0.92612,9.6886,0,Lost,Incumbent supplier
Q104656,2023-07-01,CU2063,20169,Sub-Distributor,793.7,24.4214,21.7604,22.0456,0.98706,16.302,1,Won,
Q104657,2025-09-01,CU2074,20092,Corporate & B2B Buyer,1581.8,41.2412,38.9786,35.7409,1.09059,26.7592,0,Lost,Price
Q104658,2025-01-01,CU2027,20090,Marketplace Seller,196.3,31.9466,25.7764,32.0749,0.80363,22.8311,1,Won,
Q104659,2025-11-01,CU2029,20120,Independent Retailer,821.5,64.6232,56.7098,66.2276,0.85629,34.2616,1,Won,
Q104660,2023-09-01,CU2126,20102,Marketplace Seller,598.6,55.234,48.0126,48.727,0.98534,33.0149,0,Lost,Specification
Q104661,2025-02-01,CU2137,20030,E-commerce Pure-Play,129.1,15.5551,14.1021,13.3615,1.05543,9.4683,1,Won,
Q104662,2024-03-01,CU2011,20063,Regional Retail Chain,2294.4,91.5644,84.4405,88.306,0.95623,55.5827,0,Lost,Price
Q104663,2024-10-01,CU2119,20140,Marketplace Seller,201.5,255.6272,237.7006,247.2963,0.9612,160.8629,1,Won,
Q104664,2025-08-01,CU2003,20106,Regional Retail Chain,954.0,19.7199,16.2219,20.1889,0.80351,10.9903,1,Won,
Q104665,2024-02-01,CU2121,20196,Corporate & B2B Buyer,210.2,21.4735,16.3273,17.2186,0.94824,16.3097,0,Lost,Lead time
Q104666,2026-01-01,CU2016,20186,Corporate & B2B Buyer,229.7,72.2648,61.1167,70.8667,0.86242,43.7499,0,Lost,Incumbent supplier
Q104667,2024-12-01,CU2094,20094,Regional Retail Chain,439.2,19.2528,16.9937,16.9112,1.00487,9.0734,1,Won,
Q104668,2025-05-01,CU2048,20067,E-commerce Pure-Play,393.3,10.2148,9.0067,9.1445,0.98493,5.3908,1,Won,
Q104669,2024-11-01,CU2141,20134,Marketplace Seller,504.9,24.1169,20.326,22.7479,0.89353,11.4302,1,Won,
Q104670,2025-09-01,CU2142,20090,Marketplace Seller,203.5,31.9466,28.0608,29.8755,0.93926,25.393,1,Won,
Q104671,2024-11-01,CU2123,20137,Independent Retailer,117.2,78.9129,66.2096,83.3583,0.79428,45.5174,1,Won,
Q104672,2025-09-01,CU2018,20043,Independent Retailer,505.6,44.1082,41.6147,44.1965,0.94159,24.0123,1,Won,
Q104673,2025-11-01,CU2027,20028,Marketplace Seller,108.5,32.4259,26.1191,29.668,0.88038,20.5945,1,Won,
Q104674,2024-10-01,CU2018,20024,Independent Retailer,582.6,37.61,32.744,33.2905,0.98358,21.9969,1,Won,
Q104675,2024-09-01,CU2083,20155,Marketplace Seller,131.2,133.9232,114.1032,135.7448,0.84057,87.0421,1,Won,
Q104676,2025-04-01,CU2097,20043,Subscription Box Operator,1319.1,42.5158,36.6971,41.3099,0.88833,24.8089,1,Won,
Q104677,2026-06-01,CU2006,20026,Independent Retailer,65.2,44.0949,35.7736,38.2972,0.9341,32.5408,0,Lost,Incumbent supplier
Q104678,2024-07-01,CU2134,20193,Marketplace Seller,222.0,43.9539,38.8848,39.5127,0.98411,29.179,0,Lost,Price
Q104679,2024-01-01,CU2030,20139,Independent Retailer,696.6,9.4838,8.245,8.0775,1.02074,6.3117,1,Won,
Q104680,2023-08-01,CU2068,20234,E-commerce Pure-Play,60.5,32.5008,32.7219,28.7059,1.1399,25.0644,0,Lost,Price
Q104681,2023-11-01,CU2083,20027,Marketplace Seller,409.7,24.9429,20.3494,22.5613,0.90196,16.3063,1,Won,
Q104682,2023-10-01,CU2049,20182,Independent Retailer,322.3,36.9733,33.6324,37.5108,0.89661,26.4616,1,Won,
Q104683,2026-01-01,CU2005,20022,Independent Retailer,324.3,44.0199,34.8244,38.9132,0.89493,37.1795,1,Won,
Q104684,2023-12-01,CU2020,20145,Marketplace Seller,878.3,15.3185,13.2133,15.1666,0.87121,8.9702,0,Lost,Incumbent supplier
Q104685,2025-07-01,CU2128,20239,Marketplace Seller,435.0,81.8797,83.5173,72.8537,1.14637,49.3351,0,Lost,Price
Q104686,2025-07-01,CU2116,20086,Independent Retailer,604.2,50.1898,38.6522,41.7355,0.92612,20.3178,1,Won,
Q104687,2024-01-01,CU2054,20175,Marketplace Seller,243.4,16.3723,15.8193,16.3893,0.96522,9.059,1,Won,
Q104688,2024-04-01,CU2026,20049,Marketplace Seller,85.7,72.2216,66.2948,58.5555,1.13217,37.9554,0,Lost,Lead time
Q104689,2025-02-01,CU2017,20023,Government & Education,316.9,29.8268,29.2859,24.609,1.19005,22.7237,0,Lost,Specification
Q104690,2024-12-01,CU2047,20070,Corporate & B2B Buyer,826.9,15.0562,14.8547,14.7032,1.01031,9.7724,0,Lost,Incumbent supplier
Q104691,2025-06-01,CU2060,20091,Subscription Box Operator,894.5,29.5051,26.5852,25.6062,1.03823,11.1186,1,Won,
Q104692,2024-03-01,CU2065,20130,Government & Education,746.8,75.8873,67.6115,70.5428,0.95845,52.5368,1,Won,
Q104693,2024-11-01,CU2018,20026,Independent Retailer,114.5,41.3068,38.5594,35.5447,1.08481,25.9949,0,Lost,Price
Q104694,2023-10-01,CU2101,20181,Independent Retailer,250.2,15.2291,15.0005,16.0159,0.9366,9.7931,1,Won,
Q104695,2025-05-01,CU2044,20000,Corporate & B2B Buyer,564.6,63.5084,63.7129,52.873,1.20502,37.287,0,Lost,Incumbent supplier
Q104696,2025-10-01,CU2142,20054,Marketplace Seller,220.9,132.294,104.1001,135.3878,0.7689,60.7145,1,Won,
Q104697,2024-12-01,CU2018,20174,Independent Retailer,216.7,12.8281,11.684,10.5524,1.10723,9.1699,0,Lost,Price
Q104698,2024-07-01,CU2071,20020,Regional Retail Chain,546.1,56.5018,50.3763,49.9743,1.00804,32.0075,0,Lost,Price
Q104699,2024-05-01,CU2092,20056,Marketplace Seller,313.5,46.656,42.8245,44.2264,0.9683,28.8637,1,Won,
Q104700,2024-01-01,CU2137,20040,E-commerce Pure-Play,184.1,44.8082,41.3848,40.4644,1.02275,25.1038,1,Won,
Q104701,2025-06-01,CU2128,20231,Marketplace Seller,181.0,44.5225,42.5211,40.2311,1.05692,20.6167,0,Lost,Price
Q104702,2026-06-01,CU2036,20093,Regional Retail Chain,637.5,61.7863,58.2403,57.6515,1.01021,32.9752,1,Won,
Q104703,2025-11-01,CU2019,20110,E-commerce Pure-Play,267.1,129.8879,118.5671,127.0637,0.93313,61.2902,0,Lost,Price
Q104704,2025-09-01,CU2122,20206,Marketplace Seller,147.9,71.1348,66.2129,73.442,0.90157,46.5734,1,Won,
Q104705,2026-02-01,CU2013,20182,Independent Retailer,265.5,28.9507,26.1815,24.6661,1.06143,19.1111,0,Lost,Lead time
Q104706,2025-05-01,CU2087,20014,Sub-Distributor,279.9,40.1896,37.5458,35.2835,1.06412,16.8306,0,Lost,Price
Q104707,2024-07-01,CU2087,20038,Sub-Distributor,659.8,86.087,78.6592,89.6535,0.87737,61.9203,0,Lost,Price
Q104708,2024-08-01,CU2060,20105,Subscription Box Operator,572.6,23.8127,21.2987,24.2653,0.87774,12.8079,1,Won,
Q104709,2024-11-01,CU2050,20217,Marketplace Seller,2423.1,57.4793,58.6289,48.986,1.19685,33.6143,0,Lost,Lead time
Q104710,2024-08-01,CU2098,20174,Subscription Box Operator,184.4,12.8281,11.2511,11.6748,0.96371,9.485,0,Lost,Specification
Q104711,2026-05-01,CU2008,20088,Independent Retailer,843.9,16.9363,14.1314,16.2829,0.86787,11.0765,0,Lost,Price
Q104712,2024-05-01,CU2048,20050,E-commerce Pure-Play,226.6,12.617,10.8962,12.9577,0.8409,6.1226,1,Won,
Q104713,2024-11-01,CU2068,20073,E-commerce Pure-Play,883.3,21.6086,18.2691,21.8265,0.83702,16.6737,1,Won,
Q104714,2023-11-01,CU2104,20179,Corporate & B2B Buyer,652.3,44.4877,35.7038,43.7182,0.81668,22.5483,0,Lost,Lead time
Q104715,2024-06-01,CU2148,20078,Regional Retail Chain,64.1,26.1651,22.1306,26.6708,0.82977,20.4439,0,Lost,Price
Q104716,2023-11-01,CU2010,20222,Sub-Distributor,1475.0,27.8997,22.6173,29.333,0.77105,16.9337,1,Won,
Q104717,2026-06-01,CU2061,20081,Marketplace Seller,748.4,72.1736,64.1182,72.5177,0.88417,34.312,1,Won,
Q104718,2023-12-01,CU2071,20002,Regional Retail Chain,424.0,55.6316,48.5232,52.9562,0.91629,35.1824,0,Lost,Price
Q104719,2025-09-01,CU2128,20151,Marketplace Seller,954.8,17.1171,16.5702,15.3974,1.07617,6.1798,0,Lost,Lead time
Q104720,2023-11-01,CU2101,20031,Independent Retailer,1175.0,6.9599,6.539,6.9817,0.9366,4.3787,1,Won,
Q104721,2025-06-01,CU2114,20193,Corporate & B2B Buyer,737.8,41.942,37.3173,38.6649,0.96515,31.3845,1,Won,
Q104722,2024-05-01,CU2053,20053,Corporate & B2B Buyer,1145.5,19.3763,18.4028,17.3096,1.06315,9.6886,1,Won,
Q104723,2024-07-01,CU2064,20236,Independent Retailer,274.5,44.4866,34.3695,42.7441,0.80408,28.2466,1,Won,
Q104724,2026-02-01,CU2093,20013,Independent Retailer,1900.4,77.737,69.0306,80.1619,0.86114,41.1014,1,Won,
Q104725,2024-05-01,CU2027,20136,Marketplace Seller,435.2,22.6947,19.8055,23.6974,0.83577,14.7696,1,Won,
Q104726,2024-04-01,CU2016,20047,Corporate & B2B Buyer,553.3,22.0725,19.6468,21.6856,0.90598,14.1332,1,Won,
Q104727,2025-10-01,CU2128,20043,Marketplace Seller,138.0,44.6361,36.0131,37.8838,0.95062,23.9303,1,Won,
Q104728,2026-02-01,CU2105,20001,Marketplace Seller,1438.6,19.1349,19.5061,19.1217,1.0201,11.6012,0,Lost,Price
Q104729,2024-09-01,CU2061,20184,Marketplace Seller,381.7,148.8173,140.2549,142.5177,0.98412,95.406,0,Lost,Price
Q104730,2024-03-01,CU2086,20016,Marketplace Seller,281.6,17.7692,15.4373,15.4803,0.99722,10.7048,0,Lost,Specification
Q104731,2025-12-01,CU2015,20080,Corporate & B2B Buyer,28.5,25.4341,24.6189,23.2273,1.05991,15.2208,1,Won,
Q104732,2024-05-01,CU2067,20196,Independent Retailer,602.4,21.9123,21.0767,18.435,1.1433,17.5345,0,Lost,Incumbent supplier
Q104733,2026-03-01,CU2001,20204,Subscription Box Operator,859.7,24.7525,22.6779,20.4716,1.10777,13.6536,1,Won,
Q104734,2025-06-01,CU2042,20089,Corporate & B2B Buyer,2447.0,72.9108,63.8374,72.1951,0.88423,53.3478,0,Lost,Incumbent supplier
Q104735,2024-04-01,CU2135,20040,Sub-Distributor,1053.7,50.1799,43.6614,47.6543,0.91621,27.1255,0,Lost,Lead time
Q104736,2026-04-01,CU2002,20205,Marketplace Seller,629.8,21.5534,20.6445,21.022,0.98204,14.7271,0,Lost,Specification
Q104737,2023-07-01,CU2056,20214,Regional Retail Chain,1246.8,18.0305,14.4833,17.5154,0.82689,11.7291,1,Won,
Q104738,2025-06-01,CU2116,20128,Independent Retailer,403.8,17.2066,16.7157,15.8903,1.05194,11.2497,0,Lost,Price
Q104739,2025-02-01,CU2135,20131,Sub-Distributor,195.4,23.8262,22.509,21.7774,1.03359,18.8974,0,Lost,Price
Q104740,2026-06-01,CU2034,20084,Marketplace Seller,337.9,18.239,14.5531,18.7399,0.77659,8.9935,1,Won,
Q104741,2026-06-01,CU2082,20073,E-commerce Pure-Play,637.1,30.3209,26.4103,24.803,1.0648,19.8517,0,Lost,Price
Q104742,2026-02-01,CU2120,20034,Independent Retailer,280.8,84.0539,76.9006,85.4037,0.90044,40.9586,0,Lost,Incumbent supplier
Q104743,2024-03-01,CU2016,20078,Corporate & B2B Buyer,416.2,26.1651,20.0577,25.6805,0.78105,19.538,0,Lost,Price
Q104744,2025-04-01,CU2051,20089,Subscription Box Operator,89.2,73.8269,62.0612,70.0155,0.88639,54.378,1,Won,
Q104745,2025-05-01,CU2070,20091,Marketplace Seller,285.9,29.5051,26.5476,26.0257,1.02005,11.5007,0,Lost,Incumbent supplier
Q104746,2024-05-01,CU2045,20068,Subscription Box Operator,682.5,21.5255,19.4133,20.1021,0.96573,14.0167,0,Lost,Incumbent supplier
Q104747,2024-06-01,CU2130,20072,Corporate & B2B Buyer,728.8,15.2657,13.7672,14.5528,0.94602,9.9988,1,Won,
Q104748,2023-11-01,CU2132,20066,Subscription Box Operator,210.5,17.0141,14.7449,17.7191,0.83214,10.2742,0,Lost,Price
Q104749,2025-06-01,CU2018,20092,Independent Retailer,102.6,33.7353,32.961,34.1367,0.96556,24.3567,1,Won,
Q104750,2023-08-01,CU2073,20186,Marketplace Seller,1858.2,61.1722,60.4904,54.7434,1.10498,39.8443,0,Lost,Price
Q104751,2025-09-01,CU2107,20222,E-commerce Pure-Play,147.3,22.3331,19.2489,19.75,0.97463,13.61,1,Won,
Q104752,2024-08-01,CU2066,20058,Corporate & B2B Buyer,86.8,27.2399,26.5515,23.5317,1.12833,18.9802,0,Lost,Lead time
Q104753,2023-07-01,CU2065,20002,Government & Education,92.2,51.1304,41.2005,49.0111,0.84064,34.7463,1,Won,
Q104754,2024-01-01,CU2027,20215,Marketplace Seller,964.6,11.8721,10.7822,11.6696,0.92396,8.1928,1,Won,
Q104755,2024-05-01,CU2147,20075,Marketplace Seller,45.5,21.141,18.2386,20.6724,0.88227,10.8364,1,Won,
Q104756,2025-09-01,CU2030,20194,Independent Retailer,161.7,29.4095,27.4819,23.8057,1.15443,18.9303,0,Lost,Price
Q104757,2025-03-01,CU2066,20091,Corporate & B2B Buyer,261.2,26.568,27.0994,26.2936,1.03064,12.5201,0,Lost,Incumbent supplier
Q104758,2025-01-01,CU2136,20226,Government & Education,1271.9,12.9362,10.4205,13.0162,0.80058,6.588,1,Won,
Q104759,2024-05-01,CU2061,20161,Marketplace Seller,929.3,34.4856,27.8315,33.3177,0.83534,20.2216,1,Won,
Q104760,2024-02-01,CU2022,20186,Regional Retail Chain,907.8,66.8787,50.4154,64.8968,0.77686,36.412,1,Won,
Q104761,2024-11-01,CU2093,20129,Independent Retailer,147.8,18.4509,15.4167,15.5476,0.99158,11.858,0,Lost,Price
Q104762,2025-08-01,CU2007,20120,Sub-Distributor,306.3,66.0914,60.4749,55.0448,1.09865,35.5881,0,Lost,Price
Q104763,2025-07-01,CU2093,20197,Independent Retailer,791.1,14.9198,15.2182,13.0981,1.16186,7.942,0,Lost,Lead time
Q104764,2025-05-01,CU2129,20173,Regional Retail Chain,193.9,24.2208,22.8131,22.8845,0.99688,18.1762,1,Won,
Q104765,2025-10-01,CU2121,20172,Corporate & B2B Buyer,1880.5,24.9176,21.1366,23.2372,0.9096,22.5703,1,Won,
Q104766,2026-03-01,CU2149,20217,Corporate & B2B Buyer,2807.9,51.1655,45.92,45.4364,1.01064,36.8703,0,Lost,Price
Q104767,2024-04-01,CU2134,20008,Marketplace Seller,85.8,19.1588,19.542,16.3763,1.19331,12.0705,0,Lost,Incumbent supplier
Q104768,2026-05-01,CU2016,20191,Corporate & B2B Buyer,501.3,55.9879,44.1983,48.4124,0.91295,34.638,0,Lost,Incumbent supplier
Q104769,2025-10-01,CU2061,20053,Marketplace Seller,585.0,20.5172,19.4498,18.3893,1.05767,8.8747,1,Won,
Q104770,2023-10-01,CU2017,20087,Government & Education,242.8,30.6951,22.33,27.7945,0.80339,22.2443,1,Won,
Q104771,2023-10-01,CU2045,20209,Subscription Box Operator,557.1,14.0914,11.7538,13.483,0.87175,8.439,0,Lost,Price
Q104772,2025-03-01,CU2088,20140,Independent Retailer,370.7,244.0777,238.0511,237.7031,1.00146,168.1998,1,Won,
Q104773,2023-09-01,CU2071,20010,Regional Retail Chain,153.7,43.843,39.8937,35.5259,1.12295,29.3162,1,Won,
Q104774,2025-09-01,CU2070,20232,Marketplace Seller,151.0,41.5558,36.2431,36.1365,1.00295,28.9594,1,Won,
Q104775,2026-04-01,CU2000,20238,Independent Retailer,163.5,14.7492,12.9612,15.2577,0.84949,9.1137,1,Won,
Q104776,2024-01-01,CU2032,20001,Sub-Distributor,139.9,18.7172,18.0728,15.9577,1.13254,9.475,0,Lost,Incumbent supplier
Q104777,2023-09-01,CU2071,20061,Regional Retail Chain,485.1,23.3185,19.4388,20.6481,0.94144,12.6617,0,Lost,Specification
Q104778,2024-11-01,CU2028,20053,Independent Retailer,202.6,19.4003,17.6575,18.7317,0.94265,10.5393,0,Lost,Lead time
Q104779,2023-10-01,CU2075,20041,Independent Retailer,94.6,42.1252,36.5233,42.0423,0.86873,25.8151,1,Won,
Q104780,2026-02-01,CU2148,20121,Regional Retail Chain,334.9,16.9645,15.4067,16.9955,0.90652,11.9212,1,Won,
Q104781,2023-08-01,CU2035,20201,Corporate & B2B Buyer,302.2,19.1483,17.4716,18.8747,0.92566,13.2584,0,Lost,Lead time
Q104782,2023-11-01,CU2094,20088,Regional Retail Chain,349.8,20.3687,17.5134,21.3025,0.82213,11.7758,1,Won,
Q104783,2023-09-01,CU2108,20060,Sub-Distributor,219.5,29.2498,26.0477,29.7713,0.87493,15.4379,1,Won,
Q104784,2024-02-01,CU2050,20122,Marketplace Seller,515.8,9.5064,8.5603,8.7114,0.98265,5.7621,0,Lost,Price
Q104785,2025-10-01,CU2110,20236,Independent Retailer,394.1,49.3404,45.2302,49.9665,0.90521,26.1422,0,Lost,Price
Q104786,2024-05-01,CU2046,20133,Marketplace Seller,465.3,42.9365,38.7839,41.0549,0.94468,20.9165,0,Lost,Specification
Q104787,2023-12-01,CU2111,20066,Independent Retailer,504.0,17.0141,14.4086,16.2454,0.88693,10.4826,1,Won,
Q104788,2023-12-01,CU2046,20148,Marketplace Seller,593.9,67.3491,57.4678,68.9566,0.83339,42.4321,0,Lost,Price
Q104789,2025-12-01,CU2056,20062,Regional Retail Chain,33.3,44.8365,43.8522,39.5535,1.10868,38.7816,0,Lost,Specification
Q104790,2025-10-01,CU2048,20099,E-commerce Pure-Play,367.3,76.7886,70.5965,68.2878,1.03381,36.9064,0,Lost,Price
Q104791,2026-02-01,CU2123,20033,Independent Retailer,220.9,12.9664,11.9138,13.2617,0.89836,11.7194,1,Won,
Q104792,2024-11-01,CU2112,20103,Government & Education,333.0,30.737,27.7314,30.8031,0.90028,16.1845,1,Won,
Q104793,2025-04-01,CU2038,20202,Marketplace Seller,649.4,46.9027,39.1175,37.861,1.03319,22.3699,0,Lost,Price
Q104794,2024-01-01,CU2102,20136,Sub-Distributor,195.6,23.4045,22.6754,23.9362,0.94733,13.5236,1,Won,
Q104795,2024-10-01,CU2044,20188,Corporate & B2B Buyer,635.5,11.6907,10.2841,11.4637,0.8971,8.5974,0,Lost,Price
Q104796,2025-06-01,CU2002,20127,Marketplace Seller,311.6,50.1184,42.6515,51.8358,0.82282,35.9518,1,Won,
Q104797,2023-10-01,CU2046,20075,Marketplace Seller,50.5,21.6893,17.8243,22.5933,0.78892,12.2298,1,Won,
Q104798,2025-07-01,CU2122,20114,Marketplace Seller,334.8,57.3716,53.0174,55.5449,0.9545,34.1497,0,Lost,Price
Q104799,2026-05-01,CU2039,20022,Marketplace Seller,117.4,45.8218,39.8223,47.88,0.83171,37.9366,1,Won,
Q104800,2025-07-01,CU2136,20107,Government & Education,163.5,48.9229,43.8699,48.1456,0.91119,31.6022,0,Lost,Specification
Q104801,2023-10-01,CU2095,20034,Sub-Distributor,218.7,92.1832,84.6124,96.5536,0.87633,48.6478,1,Won,
Q104802,2024-05-01,CU2038,20066,Marketplace Seller,290.5,15.6209,13.9498,14.0271,0.99448,8.7761,0,Lost,Price
Q104803,2024-09-01,CU2130,20164,Corporate & B2B Buyer,778.3,56.9507,49.3623,52.1867,0.94588,44.2894,1,Won,
Q104804,2024-07-01,CU2134,20151,Marketplace Seller,155.9,17.4083,14.0929,15.6739,0.89913,6.9036,1,Won,
Q104805,2024-06-01,CU2041,20008,Sub-Distributor,331.1,19.1588,19.542,15.594,1.25317,12.153,0,Lost,Price
Q104806,2026-03-01,CU2056,20133,Regional Retail Chain,295.2,32.8995,31.0336,26.7939,1.15823,19.0589,0,Lost,Price
Q104807,2023-10-01,CU2126,20043,Marketplace Seller,244.7,42.6981,35.8136,40.6145,0.88179,28.378,1,Won,
Q104808,2024-04-01,CU2131,20126,Regional Retail Chain,433.4,55.3402,43.3021,58.0611,0.7458,29.9898,0,Lost,Price
Q104809,2026-03-01,CU2097,20071,Subscription Box Operator,542.8,65.7625,61.3185,57.4023,1.06822,38.1169,0,Lost,Price
Q104810,2026-03-01,CU2043,20095,Government & Education,249.4,16.5539,13.287,16.4555,0.80745,11.0555,1,Won,
Q104811,2024-09-01,CU2020,20090,Marketplace Seller,392.8,31.9466,27.4984,28.872,0.95242,25.3493,0,Lost,Price
Q104812,2025-07-01,CU2056,20077,Regional Retail Chain,452.7,162.9862,136.6528,141.208,0.96774,91.5423,0,Lost,Price
Q104813,2023-07-01,CU2043,20128,Government & Education,113.7,12.422,9.8891,12.0174,0.8229,8.0204,1,Won,
Q104814,2026-02-01,CU2144,20067,Marketplace Seller,465.5,10.5402,9.9257,9.5495,1.03939,6.0623,0,Lost,Incumbent supplier
Q104815,2024-01-01,CU2053,20079,Corporate & B2B Buyer,545.3,11.6082,11.8404,10.41,1.1374,8.1771,0,Lost,Price
Q104816,2023-08-01,CU2003,20141,Regional Retail Chain,558.1,55.3401,47.9227,45.8754,1.04463,27.819,0,Lost,Lead time
Q104817,2025-04-01,CU2026,20197,Marketplace Seller,364.5,16.0491,15.0761,14.5119,1.03888,8.6193,0,Lost,Specification
Q104818,2025-08-01,CU2092,20139,Marketplace Seller,582.8,13.6133,13.8218,13.3929,1.03202,7.7477,1,Won,
Q104819,2023-08-01,CU2024,20020,Corporate & B2B Buyer,377.4,58.8122,50.6227,61.4834,0.82336,31.9091,1,Won,
Q104820,2023-08-01,CU2047,20157,Corporate & B2B Buyer,65.6,52.5274,44.8053,47.0711,0.95187,36.8699,0,Lost,Price
Q104821,2025-12-01,CU2013,20153,Independent Retailer,159.8,24.9902,17.2467,20.4948,0.84152,14.4247,1,Won,
Q104822,2026-05-01,CU2006,20199,Independent Retailer,220.8,15.0327,13.7091,14.751,0.92937,12.2004,1,Won,
Q104823,2024-08-01,CU2062,20008,Independent Retailer,462.6,19.271,17.0812,19.1265,0.89306,12.7395,0,Lost,Price
Q104824,2026-03-01,CU2068,20220,E-commerce Pure-Play,291.5,16.7893,14.7841,15.3603,0.96249,7.8776,0,Lost,Price
Q104825,2025-08-01,CU2081,20231,Regional Retail Chain,3218.8,44.5225,45.413,41.0693,1.10576,21.4384,0,Lost,Lead time
Q104826,2026-04-01,CU2010,20144,Sub-Distributor,688.4,26.0456,22.2008,26.7892,0.82872,20.4223,1,Won,
Q104827,2024-01-01,CU2140,20056,Subscription Box Operator,91.1,42.1984,37.9428,34.976,1.08482,22.8184,0,Lost,Price
Q104828,2024-06-01,CU2114,20012,Corporate & B2B Buyer,232.6,15.9776,14.5275,13.2893,1.09317,7.2216,0,Lost,Price
Q104829,2024-05-01,CU2027,20003,Marketplace Seller,498.7,36.4255,31.8368,29.4949,1.0794,24.6204,0,Lost,Specification
Q104830,2025-05-01,CU2077,20202,Corporate & B2B Buyer,2976.4,46.9027,47.3264,38.1791,1.23959,22.2057,0,Lost,Price
Q104831,2024-10-01,CU2124,20010,Marketplace Seller,326.4,44.8153,43.2938,42.4512,1.01985,31.6567,0,Lost,Price
Q104832,2025-09-01,CU2107,20078,E-commerce Pure-Play,687.5,23.944,22.1989,23.8486,0.93083,19.4598,1,Won,
Q104833,2024-04-01,CU2117,20003,Marketplace Seller,125.0,36.4255,29.7575,36.3351,0.81898,24.1107,1,Won,
Q104834,2026-01-01,CU2053,20011,Corporate & B2B Buyer,685.3,19.6429,15.9892,19.1632,0.83437,16.0152,0,Lost,Incumbent supplier
Q104835,2025-09-01,CU2145,20002,Regional Retail Chain,218.4,55.5492,54.3762,44.4713,1.22272,35.4319,0,Lost,Price
Q104836,2024-09-01,CU2074,20177,Corporate & B2B Buyer,320.9,35.3179,29.1359,29.7068,0.98078,24.3261,0,Lost,Incumbent supplier
Q104837,2026-05-01,CU2116,20186,Independent Retailer,2250.8,72.657,64.5598,65.4026,0.98711,48.5389,0,Lost,Incumbent supplier
Q104838,2025-11-01,CU2044,20197,Corporate & B2B Buyer,532.8,15.1865,14.3237,12.8236,1.11697,8.4239,0,Lost,Price
Q104839,2025-03-01,CU2096,20074,Marketplace Seller,1211.6,48.5266,38.8553,48.0419,0.80878,27.2576,1,Won,
Q104840,2023-12-01,CU2041,20196,Sub-Distributor,366.3,21.4735,20.5422,21.4545,0.95748,16.1123,1,Won,
Q104841,2024-10-01,CU2125,20094,Marketplace Seller,684.2,19.2528,17.7007,18.0367,0.98137,9.3184,1,Won,
Q104842,2023-10-01,CU2110,20176,Independent Retailer,3202.2,44.4692,36.2146,39.2271,0.9232,31.9558,0,Lost,Lead time
Q104843,2024-10-01,CU2019,20039,E-commerce Pure-Play,33.5,100.4845,91.7643,93.4802,0.98164,50.3231,0,Lost,Price
Q104844,2025-12-01,CU2104,20168,Corporate & B2B Buyer,524.3,16.8263,14.9731,13.4684,1.11172,11.958,0,Lost,Price
Q104845,2023-10-01,CU2111,20015,Independent Retailer,149.6,14.3952,12.5945,12.0768,1.04287,8.4778,1,Won,
Q104846,2026-02-01,CU2072,20070,Marketplace Seller,40.0,15.2465,13.8351,15.8359,0.87366,12.5771,1,Won,
Q104847,2023-10-01,CU2039,20209,Marketplace Seller,254.8,14.0914,11.6578,13.4199,0.86869,8.439,1,Won,
Q104848,2026-02-01,CU2108,20168,Sub-Distributor,378.1,16.8263,15.9934,17.6922,0.90398,11.9907,1,Won,
Q104849,2025-09-01,CU2089,20105,Marketplace Seller,316.1,22.2952,18.5254,19.1116,0.96933,14.605,0,Lost,Incumbent supplier
Q104850,2025-06-01,CU2136,20029,Government & Education,1587.3,34.7227,30.6423,34.0964,0.8987,13.4644,0,Lost,Incumbent supplier
Q104851,2025-11-01,CU2109,20232,Subscription Box Operator,485.4,40.3495,37.5023,38.418,0.97616,28.3063,0,Lost,Incumbent supplier
Q104852,2026-06-01,CU2020,20040,Marketplace Seller,263.0,53.914,53.0843,49.4063,1.07444,31.8126,0,Lost,Price
Q104853,2024-08-01,CU2109,20118,Subscription Box Operator,353.2,84.0652,68.3978,86.7918,0.78807,43.7186,1,Won,
Q104854,2025-02-01,CU2081,20124,Regional Retail Chain,293.8,14.6076,13.1194,12.5736,1.04341,10.2417,0,Lost,Price
Q104855,2024-07-01,CU2017,20046,Government & Education,492.0,16.7446,16.3032,15.2286,1.07057,13.0428,0,Lost,Specification
Q104856,2024-04-01,CU2063,20139,Sub-Distributor,728.0,10.2223,9.1803,8.9623,1.02433,6.7647,1,Won,
Q104857,2025-10-01,CU2088,20049,Independent Retailer,235.6,67.99,67.4772,61.9259,1.08964,41.4867,1,Won,
Q104858,2025-06-01,CU2119,20038,Marketplace Seller,381.1,84.4282,67.5109,85.6253,0.78845,61.2865,0,Lost,Specification
Q104859,2024-03-01,CU2072,20095,Marketplace Seller,649.1,16.5539,16.563,15.42,1.07413,8.2534,0,Lost,Incumbent supplier
Q104860,2024-07-01,CU2046,20175,Marketplace Seller,284.5,16.5478,15.7365,16.4054,0.95922,10.6225,0,Lost,Incumbent supplier
Q104861,2026-02-01,CU2036,20034,Regional Retail Chain,173.1,84.0539,74.1539,74.6617,0.9932,40.9586,0,Lost,Price
Q104862,2023-09-01,CU2020,20012,Marketplace Seller,315.7,15.9339,15.2355,15.7706,0.96607,8.6727,0,Lost,Price
Q104863,2025-09-01,CU2049,20218,Independent Retailer,113.4,43.8586,33.5044,45.9786,0.7287,23.1653,1,Won,
Q104864,2025-03-01,CU2042,20178,Corporate & B2B Buyer,114.1,23.3648,21.3095,19.609,1.08672,18.3011,0,Lost,Price
Q104865,2025-08-01,CU2127,20198,Corporate & B2B Buyer,313.0,10.2498,9.6948,9.9521,0.97415,5.1541,1,Won,
Q104866,2026-05-01,CU2064,20080,Independent Retailer,98.7,29.5529,28.0926,31.099,0.90333,16.0486,0,Lost,Price
Q104867,2024-10-01,CU2136,20171,Government & Education,800.9,41.761,35.4439,41.2701,0.85883,26.1566,0,Lost,Price
Q104868,2025-05-01,CU2142,20162,Marketplace Seller,299.1,17.1232,14.5697,16.5901,0.87821,8.4013,1,Won,
Q104869,2023-09-01,CU2119,20146,Marketplace Seller,178.7,17.6399,15.3006,17.2346,0.88778,12.6259,0,Lost,Price
Q104870,2025-10-01,CU2042,20118,Corporate & B2B Buyer,70.3,75.2024,66.4517,75.8514,0.87608,47.2924,1,Won,
Q104871,2024-06-01,CU2069,20048,E-commerce Pure-Play,1214.2,75.9837,73.6365,70.5321,1.04401,58.7207,1,Won,
Q104872,2026-03-01,CU2032,20150,Sub-Distributor,368.6,23.3572,22.8118,21.7224,1.05015,11.9434,1,Won,
Q104873,2023-10-01,CU2121,20175,Corporate & B2B Buyer,301.3,16.0001,12.1284,14.554,0.83333,8.955,1,Won,
Q104874,2025-07-01,CU2081,20037,Regional Retail Chain,159.4,32.423,31.051,33.3953,0.9298,17.5461,1,Won,
Q104875,2025-12-01,CU2009,20141,Marketplace Seller,100.5,43.9754,40.9283,42.1538,0.97093,23.389,1,Won,
Q104876,2023-11-01,CU2085,20026,Government & Education,116.4,46.2701,38.3964,40.1253,0.95691,30.0264,1,Won,
Q104877,2024-03-01,CU2044,20155,Corporate & B2B Buyer,453.1,146.8021,119.6316,152.8983,0.78243,92.5309,1,Won,
Q104878,2024-09-01,CU2133,20151,Marketplace Seller,118.6,16.912,15.3618,16.2794,0.94364,6.2362,0,Lost,Price
Q104879,2023-11-01,CU2023,20057,E-commerce Pure-Play,277.7,45.8742,38.742,47.1732,0.82127,30.7305,1,Won,
Q104880,2026-05-01,CU2034,20054,Marketplace Seller,414.0,112.8334,102.8542,117.5089,0.87529,47.1573,1,Won,
Q104881,2024-12-01,CU2144,20194,Marketplace Seller,1062.3,20.5986,20.3444,16.908,1.20324,15.2964,0,Lost,Incumbent supplier
Q104882,2024-03-01,CU2049,20140,Independent Retailer,703.7,334.0161,276.6649,272.2755,1.01612,169.0645,0,Lost,Lead time
Q104883,2024-06-01,CU2072,20133,Marketplace Seller,2272.1,42.9365,38.8099,44.2741,0.87658,19.792,1,Won,
Q104884,2025-04-01,CU2007,20025,Sub-Distributor,782.5,41.0126,37.2855,33.108,1.12618,30.4033,1,Won,
Q104885,2024-03-01,CU2098,20028,Subscription Box Operator,1023.0,32.4259,31.0198,33.5792,0.92378,21.6951,0,Lost,Price
Q104886,2026-02-01,CU2089,20010,Marketplace Seller,46.9,48.9022,47.4197,45.228,1.04846,33.0016,1,Won,
Q104887,2023-07-01,CU2071,20131,Regional Retail Chain,215.7,29.5616,24.9177,26.4071,0.9436,19.9589,0,Lost,Price
Q104888,2024-01-01,CU2113,20222,Independent Retailer,844.3,28.0954,25.9929,25.7585,1.0091,17.3577,0,Lost,Price
Q104889,2025-03-01,CU2098,20164,Subscription Box Operator,356.6,54.2264,45.0242,46.0098,0.97858,40.5584,1,Won,
Q104890,2025-10-01,CU2095,20006,Sub-Distributor,231.4,39.6539,39.4171,32.3239,1.21944,18.8173,0,Lost,Specification
Q104891,2024-11-01,CU2020,20152,Marketplace Seller,676.8,20.8043,19.4934,19.5853,0.99531,10.8504,1,Won,
Q104892,2026-01-01,CU2143,20144,Sub-Distributor,508.5,22.8454,19.1121,22.9739,0.83191,19.9282,0,Lost,Price
Q104893,2026-04-01,CU2004,20008,Independent Retailer,38.4,21.2885,19.5516,19.5358,1.00081,14.3158,1,Won,
Q104894,2025-03-01,CU2009,20035,Marketplace Seller,303.8,53.6598,46.4717,43.1932,1.0759,26.1015,0,Lost,Specification
Q104895,2025-06-01,CU2140,20049,Subscription Box Operator,287.3,80.4347,78.3196,82.7698,0.94623,42.8175,1,Won,
Q104896,2025-12-01,CU2102,20032,Sub-Distributor,54.0,17.2199,17.0114,14.9206,1.14013,13.3853,0,Lost,Incumbent supplier
Q104897,2025-08-01,CU2056,20044,Regional Retail Chain,415.0,17.0528,15.534,14.4675,1.07372,9.8487,1,Won,
Q104898,2025-06-01,CU2093,20127,Independent Retailer,379.8,50.1184,44.3744,44.5901,0.99516,35.9518,1,Won,
Q104899,2026-02-01,CU2008,20058,Independent Retailer,711.0,37.7875,29.9519,39.5039,0.7582,28.3161,0,Lost,Price
Q104900,2024-08-01,CU2115,20163,Sub-Distributor,876.3,18.6551,16.0119,17.1353,0.93444,14.1814,1,Won,
Q104901,2025-10-01,CU2138,20187,Marketplace Seller,1012.5,44.1133,40.5995,38.7832,1.04683,26.5358,0,Lost,Lead time
Q104902,2024-04-01,CU2121,20114,Corporate & B2B Buyer,175.1,73.7553,61.294,76.2012,0.80437,41.3014,1,Won,
Q104903,2024-12-01,CU2135,20229,Sub-Distributor,412.4,20.5884,18.4964,20.5226,0.90127,10.8944,1,Won,
Q104904,2025-01-01,CU2058,20146,Corporate & B2B Buyer,242.9,17.6399,14.3868,15.8535,0.90749,11.1057,1,Won,
Q104905,2024-02-01,CU2113,20094,Independent Retailer,100.5,17.8157,16.0333,15.1822,1.05606,8.8216,1,Won,
Q104906,2025-07-01,CU2108,20024,Sub-Distributor,99.0,37.7234,36.468,35.6262,1.02363,24.5351,1,Won,
Q104907,2025-02-01,CU2037,20226,Marketplace Seller,279.8,12.9362,12.134,12.8829,0.94187,6.663,1,Won,
Q104908,2026-02-01,CU2035,20044,Corporate & B2B Buyer,1121.8,17.1614,17.5046,16.4818,1.06206,9.7812,0,Lost,Lead time
Q104909,2025-02-01,CU2041,20160,Sub-Distributor,798.8,14.5374,13.2157,13.3596,0.98923,7.6552,0,Lost,Specification
Q104910,2023-09-01,CU2025,20152,E-commerce Pure-Play,376.9,20.423,16.0248,19.3817,0.8268,11.3495,1,Won,
Q104911,2024-03-01,CU2066,20184,Corporate & B2B Buyer,181.9,163.3478,152.6124,160.179,0.95276,91.5622,0,Lost,Price
Q104912,2023-10-01,CU2109,20192,Subscription Box Operator,1033.7,22.8534,21.5349,18.3857,1.17128,13.7177,0,Lost,Specification
Q104913,2025-08-01,CU2047,20232,Corporate & B2B Buyer,173.4,41.5558,40.0041,42.2128,0.94768,29.5559,1,Won,
Q104914,2023-08-01,CU2121,20228,Corporate & B2B Buyer,1463.1,41.451,34.8644,35.3937,0.98505,26.2353,1,Won,
Q104915,2023-08-01,CU2102,20202,Sub-Distributor,659.5,46.9027,47.3561,48.8336,0.96974,31.9435,1,Won,
Q104916,2024-10-01,CU2017,20110,Government & Education,147.6,118.9665,110.154,100.6183,1.09477,72.8411,0,Lost,Lead time
Q104917,2026-06-01,CU2098,20167,Subscription Box Operator,261.7,63.5963,60.2234,63.3135,0.95119,47.2833,1,Won,
Q104918,2024-03-01,CU2006,20104,Independent Retailer,692.9,12.6716,12.7968,10.8167,1.18305,7.2398,0,Lost,Price
Q104919,2026-06-01,CU2021,20116,Corporate & B2B Buyer,512.6,12.7541,11.0693,12.9143,0.85714,5.6282,0,Lost,Price
Q104920,2025-08-01,CU2138,20002,Marketplace Seller,760.4,55.5492,50.4305,57.3537,0.87929,35.2327,1,Won,
Q104921,2024-10-01,CU2074,20001,Corporate & B2B Buyer,528.8,18.2534,18.3868,18.7889,0.9786,10.3695,0,Lost,Price
Q104922,2026-05-01,CU2039,20200,Marketplace Seller,370.4,28.939,25.3427,23.8935,1.06065,22.5581,0,Lost,Price
Q104923,2025-08-01,CU2108,20090,Sub-Distributor,392.1,31.9466,25.897,25.9011,0.99984,23.6768,0,Lost,Price
Q104924,2024-08-01,CU2037,20085,Marketplace Seller,146.0,56.1486,55.1695,48.7615,1.13142,30.0222,0,Lost,Price
Q104925,2026-06-01,CU2118,20151,Regional Retail Chain,344.1,16.2665,14.4007,13.5968,1.05912,7.531,1,Won,
Q104926,2026-06-01,CU2062,20185,Independent Retailer,994.2,11.9205,9.9768,10.6498,0.9368,8.2517,0,Lost,Price
Q104927,2025-10-01,CU2092,20026,Marketplace Seller,239.5,40.1951,39.878,36.3829,1.09606,27.2064,0,Lost,Price
Q104928,2025-03-01,CU2099,20127,E-commerce Pure-Play,518.2,51.2443,51.0537,48.0373,1.06279,35.7552,0,Lost,Specification
Q104929,2023-10-01,CU2057,20231,Subscription Box Operator,425.9,44.5225,35.1769,38.573,0.91196,27.0867,1,Won,
Q104930,2023-07-01,CU2043,20231,Government & Education,391.3,44.5225,37.3285,41.3408,0.90295,28.0274,1,Won,
Q104931,2023-09-01,CU2083,20163,Marketplace Seller,67.7,22.3357,22.0771,20.4195,1.08118,15.5955,0,Lost,Price
Q104932,2026-05-01,CU2003,20067,Regional Retail Chain,1059.4,10.5402,9.5367,9.1564,1.04154,6.1933,1,Won,
Q104933,2025-05-01,CU2063,20186,Sub-Distributor,658.2,76.7198,58.8212,68.0758,0.86406,45.7363,0,Lost,Lead time
Q104934,2024-01-01,CU2130,20129,Corporate & B2B Buyer,1850.8,17.4013,15.9661,16.387,0.97431,10.9717,1,Won,
Q104935,2025-11-01,CU2102,20227,Sub-Distributor,175.5,34.0243,29.7107,28.3176,1.0492,23.9304,0,Lost,Incumbent supplier
Q104936,2026-02-01,CU2054,20158,Marketplace Seller,516.9,39.9208,37.4905,33.9027,1.10583,26.8076,0,Lost,Price
Q104937,2024-07-01,CU2094,20095,Regional Retail Chain,222.9,16.5539,15.5706,16.5366,0.94158,8.5697,1,Won,
Q104938,2025-07-01,CU2025,20225,E-commerce Pure-Play,923.2,99.4034,85.2588,86.8785,0.98136,43.969,1,Won,
Q104939,2025-12-01,CU2100,20197,Independent Retailer,381.2,15.1865,13.5865,14.4017,0.9434,9.0299,0,Lost,Price
Q104940,2026-04-01,CU2110,20224,Independent Retailer,1073.0,12.3202,10.2789,11.0818,0.92755,8.7248,0,Lost,Price
Q104941,2025-10-01,CU2048,20083,E-commerce Pure-Play,1528.1,53.0255,52.0185,47.0964,1.10451,34.7794,1,Won,
Q104942,2023-10-01,CU2067,20098,Independent Retailer,563.5,18.8237,17.3408,15.6992,1.10457,14.2283,1,Won,
Q104943,2024-02-01,CU2092,20102,Marketplace Seller,290.5,53.308,44.0434,43.6197,1.00972,33.6789,0,Lost,Lead time
Q104944,2025-06-01,CU2134,20147,Marketplace Seller,723.4,28.5919,28.1809,28.3267,0.99485,18.0649,0,Lost,Lead time
Q104945,2024-11-01,CU2052,20200,Marketplace Seller,36.5,17.8099,15.7012,18.169,0.86417,13.505,1,Won,
Q104946,2023-11-01,CU2133,20171,Marketplace Seller,172.4,45.7236,39.2453,39.1339,1.00285,30.6181,0,Lost,Price
Q104947,2026-03-01,CU2074,20066,Corporate & B2B Buyer,1753.5,17.2047,15.3306,18.1332,0.84545,8.7554,1,Won,
Q104948,2024-05-01,CU2023,20029,E-commerce Pure-Play,343.2,33.7342,32.4567,34.8561,0.93116,18.4609,1,Won,
Q104949,2023-12-01,CU2097,20065,Subscription Box Operator,167.0,42.7324,37.7364,35.1795,1.07268,23.8763,0,Lost,Lead time
Q104950,2023-12-01,CU2107,20084,E-commerce Pure-Play,590.1,23.0641,21.9067,18.524,1.18261,17.9269,1,Won,
Q104951,2025-09-01,CU2009,20140,Marketplace Seller,386.3,234.0004,228.1026,200.7441,1.13629,171.0632,0,Lost,Price
Q104952,2024-09-01,CU2061,20022,Marketplace Seller,205.6,47.5154,42.2352,40.8885,1.03294,31.1873,0,Lost,Price
Q104953,2025-03-01,CU2040,20177,Independent Retailer,96.5,35.3179,29.7435,32.0915,0.92683,22.1789,1,Won,
Q104954,2024-08-01,CU2123,20051,Independent Retailer,506.9,69.7096,60.6429,72.6879,0.83429,43.2448,0,Lost,Price
Q104955,2024-07-01,CU2131,20072,Regional Retail Chain,395.6,15.2657,13.1379,15.4223,0.85187,10.3012,1,Won,
Q104956,2024-03-01,CU2019,20120,E-commerce Pure-Play,26.6,69.4892,55.6982,56.9077,0.97875,41.7125,1,Won,
Q104957,2025-04-01,CU2122,20126,Marketplace Seller,112.0,54.596,42.938,47.6432,0.90124,31.457,1,Won,
Q104958,2025-10-01,CU2147,20192,Marketplace Seller,119.7,19.1806,18.5638,16.166,1.14832,13.2975,0,Lost,Price
Q104959,2023-07-01,CU2068,20128,E-commerce Pure-Play,172.4,12.422,11.8128,13.1632,0.89741,8.0204,1,Won,
Q104960,2026-01-01,CU2011,20166,Regional Retail Chain,221.1,14.4892,14.2063,13.5585,1.04778,11.711,0,Lost,Price
Q104961,2024-07-01,CU2074,20147,Corporate & B2B Buyer,864.7,30.8183,29.869,28.1775,1.06003,19.795,1,Won,
Q104962,2024-12-01,CU2062,20017,Independent Retailer,1234.2,28.1967,25.0437,29.2693,0.85563,17.1044,1,Won,
Q104963,2024-09-01,CU2042,20232,Corporate & B2B Buyer,1519.4,41.0741,36.4051,41.0795,0.88621,26.5851,0,Lost,Price
Q104964,2026-02-01,CU2122,20025,Marketplace Seller,272.3,38.9009,37.0648,37.6601,0.98419,26.8148,0,Lost,Lead time
Q104965,2026-03-01,CU2072,20040,Marketplace Seller,376.9,49.907,48.3591,42.8346,1.12897,31.8428,0,Lost,Price
Q104966,2026-04-01,CU2045,20022,Subscription Box Operator,525.8,45.8218,42.5062,43.7112,0.97243,39.0171,0,Lost,Specification
Q104967,2024-10-01,CU2133,20152,Marketplace Seller,1609.7,20.8043,19.2709,20.3576,0.94662,11.1411,1,Won,
Q104968,2025-05-01,CU2123,20218,Independent Retailer,100.4,46.1567,42.1399,43.4649,0.96952,24.5893,1,Won,
Q104969,2025-04-01,CU2065,20038,Government & Education,167.2,84.4282,80.0406,76.2195,1.05013,62.4041,0,Lost,Lead time
Q104970,2025-02-01,CU2136,20180,Government & Education,367.2,17.3529,16.0125,15.6457,1.02344,11.8329,0,Lost,Price
Q104971,2026-06-01,CU2043,20192,Government & Education,93.1,23.9182,19.5145,19.4095,1.00541,13.5777,1,Won,
Q104972,2025-01-01,CU2008,20222,Independent Retailer,406.2,22.6304,21.397,23.5618,0.90812,15.5953,1,Won,
Q104973,2026-05-01,CU2092,20025,Marketplace Seller,930.1,42.5032,38.0941,38.6457,0.98573,27.9123,0,Lost,Specification
Q104974,2025-04-01,CU2064,20093,Independent Retailer,147.0,49.9927,44.8894,42.5414,1.05519,29.0647,0,Lost,Lead time
Q104975,2023-12-01,CU2117,20215,Marketplace Seller,41.4,11.8721,8.8896,12.0295,0.73898,8.4446,1,Won,
Q104976,2025-04-01,CU2040,20091,Independent Retailer,164.6,29.5051,27.5755,25.7967,1.06896,11.9401,1,Won,
Q104977,2024-02-01,CU2016,20014,Corporate & B2B Buyer,285.4,36.1566,32.7642,34.4686,0.95055,15.6308,0,Lost,Lead time
Q104978,2026-01-01,CU2060,20170,Subscription Box Operator,143.0,26.2846,21.5181,27.625,0.77894,12.7456,1,Won,
Q104979,2024-03-01,CU2132,20062,Subscription Box Operator,300.3,47.899,42.0901,42.2558,0.99608,26.7023,0,Lost,Incumbent supplier
Q104980,2025-06-01,CU2031,20053,Corporate & B2B Buyer,1249.3,19.2926,15.9114,15.5151,1.02554,9.348,0,Lost,Incumbent supplier
Q104981,2025-04-01,CU2055,20001,Marketplace Seller,460.7,18.177,15.9906,15.8788,1.00704,10.4541,1,Won,
Q104982,2023-08-01,CU2099,20129,E-commerce Pure-Play,353.7,17.5644,15.9509,16.1894,0.98527,11.3966,0,Lost,Incumbent supplier
Q104983,2025-09-01,CU2137,20176,E-commerce Pure-Play,541.9,48.4206,45.6768,50.0199,0.91317,24.6458,1,Won,
Q104984,2024-12-01,CU2129,20042,Regional Retail Chain,578.1,92.0332,82.9794,85.0258,0.97593,48.526,1,Won,
Q104985,2024-03-01,CU2146,20144,E-commerce Pure-Play,247.8,32.6309,27.1067,30.8449,0.87881,19.4472,1,Won,
Q104986,2024-04-01,CU2135,20174,Sub-Distributor,1109.7,12.8281,10.5812,10.4039,1.01704,8.8314,0,Lost,Price
Q104987,2025-10-01,CU2084,20069,Marketplace Seller,544.2,18.8856,17.6591,19.1523,0.92204,16.4188,1,Won,
Q104988,2026-06-01,CU2141,20177,Marketplace Seller,350.5,35.3179,31.5851,33.8238,0.93381,25.409,1,Won,
Q104989,2025-02-01,CU2131,20086,Regional Retail Chain,1496.9,44.0852,37.0133,36.3561,1.01808,19.9255,1,Won,
Q104990,2025-03-01,CU2010,20194,Sub-Distributor,155.6,20.4422,20.4444,17.234,1.18628,16.9313,0,Lost,Lead time
Q104991,2026-05-01,CU2087,20099,Sub-Distributor,788.0,68.9696,60.0922,59.5626,1.00889,31.4574,0,Lost,Price
Q104992,2024-10-01,CU2093,20167,Independent Retailer,186.8,80.8206,67.9485,69.5399,0.97711,51.6816,1,Won,
Q104993,2024-12-01,CU2136,20027,Government & Education,704.9,24.4998,22.3411,21.6375,1.03251,17.7414,1,Won,
Q104994,2023-07-01,CU2098,20051,Subscription Box Operator,585.1,77.3654,65.7529,73.8154,0.89078,49.3451,0,Lost,Specification
Q104995,2024-10-01,CU2135,20146,Sub-Distributor,33.9,17.6399,16.9329,15.9089,1.06436,11.4573,0,Lost,Price
Q104996,2024-03-01,CU2073,20199,Marketplace Seller,108.1,13.164,12.1719,11.1569,1.09098,8.8607,0,Lost,Incumbent supplier
Q104997,2025-08-01,CU2134,20036,Marketplace Seller,742.8,11.8895,10.2026,11.2717,0.90515,9.3298,1,Won,
Q104998,2026-01-01,CU2091,20009,Independent Retailer,569.3,33.2168,33.4561,32.9408,1.01565,14.2242,0,Lost,Incumbent supplier
Q104999,2023-12-01,CU2078,20099,E-commerce Pure-Play,1158.1,83.7298,85.4044,70.0406,1.21935,37.8837,0,Lost,Specification
Q105000,2025-02-01,CU2027,20135,Marketplace Seller,275.9,65.3003,57.6112,54.6282,1.05461,30.5212,0,Lost,Lead time
Q105001,2025-08-01,CU2090,20115,Sub-Distributor,364.2,56.5936,46.1571,56.0564,0.82341,36.8527,1,Won,
Q105002,2024-12-01,CU2036,20096,Regional Retail Chain,335.5,10.3189,7.8266,9.5325,0.82104,6.2804,1,Won,
Q105003,2024-03-01,CU2015,20192,Corporate & B2B Buyer,71.1,23.6103,22.0822,21.0172,1.05067,13.5422,0,Lost,Lead time
Q105004,2023-10-01,CU2143,20070,Sub-Distributor,1499.3,17.6262,16.6243,15.0871,1.10189,12.3694,0,Lost,Specification
Q105005,2024-09-01,CU2012,20195,Government & Education,83.5,48.5447,47.0628,51.1123,0.92077,26.1609,0,Lost,Price
Q105006,2024-10-01,CU2068,20115,E-commerce Pure-Play,249.6,59.1489,53.8042,50.8188,1.05875,32.7717,1,Won,
Q105007,2026-06-01,CU2081,20202,Regional Retail Chain,315.6,46.9027,40.8576,37.5362,1.08848,26.2624,0,Lost,Incumbent supplier
Q105008,2024-07-01,CU2121,20192,Corporate & B2B Buyer,963.0,21.8605,19.7099,20.1144,0.97989,13.0795,1,Won,
Q105009,2026-05-01,CU2061,20006,Marketplace Seller,251.8,39.5369,36.2313,33.7976,1.07201,20.714,0,Lost,Specification
Q105010,2024-11-01,CU2076,20135,Government & Education,398.1,62.9806,51.4312,56.1972,0.91519,31.7913,0,Lost,Specification
Q105011,2026-05-01,CU2110,20181,Independent Retailer,204.2,19.831,19.1337,18.7341,1.02133,12.7648,0,Lost,Price
Q105012,2026-05-01,CU2055,20125,Marketplace Seller,1926.8,14.6716,12.8583,15.1583,0.84827,9.0426,1,Won,
Q105013,2024-05-01,CU2068,20209,E-commerce Pure-Play,102.6,13.4847,12.4442,13.6187,0.91376,8.6839,1,Won,
Q105014,2025-07-01,CU2122,20221,Marketplace Seller,836.1,22.4527,19.6705,22.5698,0.87154,17.8176,1,Won,
Q105015,2023-07-01,CU2108,20174,Sub-Distributor,271.6,13.8311,11.7907,12.1167,0.97309,8.6667,0,Lost,Incumbent supplier
Q105016,2025-09-01,CU2079,20188,Marketplace Seller,2210.9,11.9469,10.176,11.2834,0.90185,8.9218,0,Lost,Price
Q105017,2024-12-01,CU2053,20220,Corporate & B2B Buyer,170.4,16.7161,14.8531,17.4206,0.85262,8.4616,0,Lost,Price
Q105018,2026-02-01,CU2004,20112,Independent Retailer,170.2,43.7766,40.8146,42.6993,0.95586,28.208,1,Won,
Q105019,2025-10-01,CU2141,20045,Marketplace Seller,484.1,21.8086,19.9353,22.626,0.88108,16.3862,1,Won,
Q105020,2023-08-01,CU2138,20089,Marketplace Seller,239.4,85.6085,68.2516,79.6153,0.85727,52.6504,1,Won,
Q105021,2024-02-01,CU2055,20064,Marketplace Seller,127.2,42.6752,30.9175,37.3064,0.82874,28.8176,1,Won,
Q105022,2024-12-01,CU2126,20225,Marketplace Seller,323.6,93.3117,83.9417,86.8196,0.96685,41.5126,1,Won,
Q105023,2025-11-01,CU2134,20003,Marketplace Seller,75.6,29.7927,26.0896,25.7512,1.01314,17.9535,1,Won,
Q105024,2024-04-01,CU2044,20051,Corporate & B2B Buyer,140.3,70.3429,62.9296,64.3608,0.97776,43.7306,1,Won,
Q105025,2024-11-01,CU2145,20118,Regional Retail Chain,209.7,85.601,68.406,70.563,0.96943,46.6893,1,Won,
Q105026,2025-03-01,CU2041,20155,Sub-Distributor,588.6,146.7258,123.566,151.6517,0.8148,95.2224,1,Won,
Q105027,2024-11-01,CU2018,20203,Independent Retailer,201.4,19.0215,16.1378,18.7541,0.86049,12.0313,1,Won,
Q105028,2024-04-01,CU2029,20031,Independent Retailer,1593.2,6.4158,5.4503,6.3754,0.8549,3.9992,1,Won,
Q105029,2024-12-01,CU2041,20015,Sub-Distributor,163.4,13.7647,11.9287,13.7256,0.86908,8.6872,1,Won,
Q105030,2024-01-01,CU2128,20182,Marketplace Seller,1339.3,36.2402,31.9636,29.3177,1.09025,24.2504,0,Lost,Specification
Q105031,2024-09-01,CU2026,20212,Marketplace Seller,978.7,39.7228,28.7815,37.4098,0.76936,23.3312,1,Won,
Q105032,2024-01-01,CU2013,20164,Independent Retailer,961.9,50.2923,47.9163,41.4926,1.15482,41.3773,0,Lost,Incumbent supplier
Q105033,2026-04-01,CU2038,20090,Marketplace Seller,231.1,31.9466,25.7695,32.9482,0.78212,28.9375,1,Won,
Q105034,2024-03-01,CU2108,20034,Sub-Distributor,318.9,86.1554,75.5257,82.7714,0.91246,45.9216,1,Won,
Q105035,2025-03-01,CU2148,20182,Regional Retail Chain,2495.3,34.7811,28.8398,28.8555,0.99945,23.7144,0,Lost,Specification
Q105036,2023-10-01,CU2056,20163,Regional Retail Chain,467.8,22.3357,20.9892,23.4363,0.89559,15.5069,1,Won,
Q105037,2025-05-01,CU2046,20220,Marketplace Seller,184.8,15.9136,14.8159,16.7428,0.88491,7.5425,1,Won,
Q105038,2023-09-01,CU2074,20191,Corporate & B2B Buyer,478.3,56.1227,52.0827,44.9062,1.15981,36.47,0,Lost,Price
Q105039,2025-11-01,CU2021,20082,Corporate & B2B Buyer,1638.7,38.5594,31.0274,31.1495,0.99608,17.9013,0,Lost,Price
Q105040,2024-12-01,CU2115,20207,Sub-Distributor,256.9,12.4183,10.1115,12.5846,0.80348,8.9099,1,Won,
Q105041,2025-04-01,CU2069,20099,E-commerce Pure-Play,531.4,86.7396,74.367,89.4343,0.83153,37.6809,1,Won,
Q105042,2024-01-01,CU2026,20021,Marketplace Seller,721.5,41.2561,35.5425,40.2702,0.8826,28.9517,1,Won,
Q105043,2024-04-01,CU2102,20055,Sub-Distributor,599.3,146.4211,115.7416,144.3243,0.80195,71.6843,1,Won,
Q105044,2024-10-01,CU2108,20107,Sub-Distributor,292.7,52.4462,51.0084,54.351,0.9385,30.4353,1,Won,
Q105045,2024-07-01,CU2079,20220,Marketplace Seller,201.8,15.811,13.7962,16.4557,0.83838,7.6585,0,Lost,Price
Q105046,2024-02-01,CU2110,20144,Independent Retailer,724.4,32.6309,28.4487,32.7728,0.86806,19.6994,1,Won,
Q105047,2025-04-01,CU2059,20157,Independent Retailer,284.9,54.6373,46.9383,49.0886,0.9562,41.198,1,Won,
Q105048,2023-12-01,CU2104,20163,Corporate & B2B Buyer,318.4,20.1285,18.4291,21.2478,0.86734,15.1932,1,Won,
Q105049,2023-09-01,CU2103,20194,Marketplace Seller,129.5,18.5195,16.9139,17.7887,0.95082,12.2147,1,Won,
Q105050,2023-12-01,CU2147,20136,Marketplace Seller,843.3,25.1979,22.9877,25.5669,0.89912,14.069,0,Lost,Lead time
Q105051,2023-10-01,CU2005,20131,Independent Retailer,509.0,25.4281,23.5007,26.4765,0.88761,18.5479,1,Won,
Q105052,2024-12-01,CU2066,20093,Corporate & B2B Buyer,89.2,56.0758,44.5169,58.5407,0.76044,27.6758,1,Won,
Q105053,2025-03-01,CU2052,20157,Marketplace Seller,381.0,54.6373,50.3964,49.7288,1.01343,41.481,1,Won,
Q105054,2024-12-01,CU2132,20202,Subscription Box Operator,951.3,46.9027,41.202,39.6825,1.03829,22.6312,1,Won,
Q105055,2023-10-01,CU2098,20130,Subscription Box Operator,427.9,84.7455,71.3169,71.7453,0.99403,57.8519,1,Won,
Q105056,2025-03-01,CU2000,20153,Independent Retailer,40.3,24.8177,19.1184,21.8311,0.87574,14.5398,0,Lost,Incumbent supplier
Q105057,2023-12-01,CU2091,20141,Independent Retailer,244.0,53.6226,48.301,55.3566,0.87254,27.0408,1,Won,
Q105058,2025-07-01,CU2133,20154,Marketplace Seller,176.7,44.5923,34.7107,46.7044,0.7432,27.6281,1,Won,
Q105059,2025-07-01,CU2072,20009,Marketplace Seller,501.8,29.6931,25.872,27.1338,0.9535,15.2108,1,Won,
Q105060,2025-11-01,CU2010,20127,Sub-Distributor,459.9,44.7136,39.9345,44.4923,0.89756,32.8748,1,Won,
Q105061,2025-02-01,CU2036,20124,Regional Retail Chain,171.8,14.6076,12.8373,13.4256,0.95618,10.2417,0,Lost,Lead time
Q105062,2025-04-01,CU2001,20055,Subscription Box Operator,1297.3,167.6133,153.9238,157.4619,0.97753,77.9302,0,Lost,Price
Q105063,2025-01-01,CU2038,20009,Marketplace Seller,303.6,27.3185,24.3617,25.7195,0.9472,13.8904,0,Lost,Lead time
Q105064,2026-03-01,CU2059,20048,Independent Retailer,769.1,107.9141,82.7875,111.5659,0.74205,84.0959,0,Lost,Price
Q105065,2026-04-01,CU2033,20024,Independent Retailer,140.8,46.9298,43.0458,46.5272,0.92518,28.1136,1,Won,
Q105066,2023-10-01,CU2058,20138,Corporate & B2B Buyer,172.2,24.8446,21.4658,20.5657,1.04377,13.4723,1,Won,
Q105067,2026-04-01,CU2109,20027,Subscription Box Operator,909.1,39.0221,32.9253,40.2138,0.81875,23.6986,1,Won,
Q105068,2025-08-01,CU2001,20177,Subscription Box Operator,145.5,35.3179,32.6017,32.1352,1.01452,24.4378,1,Won,
Q105069,2023-10-01,CU2128,20130,Marketplace Seller,197.8,84.7455,77.7217,83.9893,0.92538,57.8519,1,Won,
Q105070,2025-11-01,CU2109,20066,Subscription Box Operator,433.6,14.9946,14.4046,15.1728,0.94937,7.3223,1,Won,
Q105071,2025-09-01,CU2144,20055,Marketplace Seller,686.1,166.6471,168.9178,138.1229,1.22295,76.2342,0,Lost,Specification
Q105072,2025-12-01,CU2045,20072,Subscription Box Operator,266.4,15.2657,11.878,13.7262,0.86535,10.4319,1,Won,
Q105073,2023-08-01,CU2142,20215,Marketplace Seller,942.4,11.8933,10.6589,10.1841,1.04662,8.2915,0,Lost,Price
Q105074,2024-11-01,CU2031,20152,Corporate & B2B Buyer,369.8,20.8043,19.2567,19.3219,0.99663,10.8504,0,Lost,Price
Q105075,2026-02-01,CU2060,20035,Subscription Box Operator,737.3,46.5308,43.7261,48.9544,0.8932,22.6018,1,Won,
Q105076,2025-09-01,CU2118,20024,Regional Retail Chain,874.6,38.8507,34.7611,39.5057,0.8799,27.7487,1,Won,
Q105077,2024-11-01,CU2052,20186,Marketplace Seller,131.7,76.9156,72.8689,61.6539,1.1819,41.0754,0,Lost,Incumbent supplier
Q105078,2025-11-01,CU2028,20056,Independent Retailer,1133.5,47.2431,44.0184,42.045,1.04694,31.0987,1,Won,
Q105079,2024-10-01,CU2034,20073,Marketplace Seller,599.4,21.6086,16.3557,21.2937,0.7681,17.1176,1,Won,
Q105080,2024-07-01,CU2044,20145,Corporate & B2B Buyer,402.0,14.4227,12.156,11.8141,1.02894,9.6671,0,Lost,Incumbent supplier
Q105081,2023-12-01,CU2077,20199,Corporate & B2B Buyer,379.1,13.3637,12.4188,11.8187,1.05078,9.7353,0,Lost,Lead time
Q105082,2024-06-01,CU2043,20129,Government & Education,133.0,18.648,16.9625,16.3118,1.03989,11.8796,1,Won,
Q105083,2026-01-01,CU2051,20137,Subscription Box Operator,158.2,74.9186,62.8995,72.5205,0.86733,41.4775,1,Won,
Q105084,2025-09-01,CU2010,20202,Sub-Distributor,113.4,46.9027,40.3886,38.398,1.05184,22.4251,0,Lost,Price
Q105085,2024-06-01,CU2116,20197,Independent Retailer,887.8,17.2138,16.8761,17.6182,0.95787,9.4746,1,Won,
Q105086,2025-11-01,CU2048,20164,E-commerce Pure-Play,173.5,52.2241,42.7218,53.6941,0.79565,34.8961,1,Won,
Q105087,2025-03-01,CU2080,20210,Government & Education,168.9,38.7052,33.4888,35.2531,0.94995,26.1668,1,Won,
Q105088,2025-04-01,CU2006,20186,Independent Retailer,571.1,76.7198,56.2193,74.0295,0.75942,44.7117,1,Won,
Q105089,2025-12-01,CU2094,20083,Regional Retail Chain,61.1,51.7272,40.9654,43.9453,0.93219,33.7862,1,Won,
Q105090,2024-01-01,CU2023,20185,E-commerce Pure-Play,200.5,9.0821,9.2637,8.3028,1.11574,5.1612,0,Lost,Price
Q105091,2025-03-01,CU2107,20162,E-commerce Pure-Play,343.1,16.1106,13.5425,15.2646,0.88718,8.2624,1,Won,
Q105092,2025-12-01,CU2000,20036,Independent Retailer,174.7,12.7493,11.9975,10.4058,1.15296,8.6678,0,Lost,Price
Q105093,2023-11-01,CU2008,20153,Independent Retailer,358.9,26.0017,23.9519,27.4551,0.8724,13.1244,1,Won,
Q105094,2025-09-01,CU2048,20026,E-commerce Pure-Play,1014.5,40.1951,38.5915,32.3775,1.19192,26.7002,0,Lost,Specification
Q105095,2023-11-01,CU2100,20217,Independent Retailer,587.6,45.8241,38.4519,47.2647,0.81354,29.5409,0,Lost,Price
Q105096,2026-04-01,CU2068,20009,E-commerce Pure-Play,127.6,32.5708,25.6012,33.1694,0.77183,13.9131,1,Won,
Q105097,2024-05-01,CU2031,20092,Corporate & B2B Buyer,644.6,31.9159,30.3136,32.571,0.93069,23.6318,1,Won,
Q105098,2025-05-01,CU2031,20081,Corporate & B2B Buyer,117.2,61.9744,53.9892,58.511,0.92272,42.745,1,Won,
Q105099,2024-10-01,CU2110,20163,Independent Retailer,207.7,18.6551,18.5191,16.1485,1.1468,14.266,0,Lost,Lead time
Q105100,2023-09-01,CU2098,20198,Subscription Box Operator,455.9,8.2901,7.4909,8.655,0.8655,4.2231,1,Won,
Q105101,2026-01-01,CU2041,20190,Sub-Distributor,848.6,39.1102,35.9561,38.9254,0.92372,22.4946,0,Lost,Price
Q105102,2024-04-01,CU2051,20179,Subscription Box Operator,292.1,42.9314,37.525,42.2155,0.88889,26.855,1,Won,
Q105103,2023-07-01,CU2105,20193,Marketplace Seller,185.9,48.5592,43.0823,49.3104,0.8737,26.0871,1,Won,
Q105104,2024-10-01,CU2104,20084,Corporate & B2B Buyer,188.8,23.3022,21.8399,22.7142,0.96151,14.1808,0,Lost,Price
Q105105,2025-08-01,CU2005,20061,Independent Retailer,140.1,23.3185,22.9283,24.2048,0.94726,11.1654,0,Lost,Price
Q105106,2024-05-01,CU2087,20067,Sub-Distributor,298.5,8.6392,7.4635,9.0587,0.8239,4.3526,1,Won,
Q105107,2026-05-01,CU2090,20016,Sub-Distributor,234.6,20.8333,19.3008,19.9771,0.96615,12.2851,1,Won,
Q105108,2026-02-01,CU2016,20048,Corporate & B2B Buyer,330.6,107.9141,97.556,87.9843,1.10879,80.9709,0,Lost,Price
Q105109,2026-06-01,CU2096,20018,Marketplace Seller,400.9,83.3453,74.7078,79.8515,0.93558,34.2408,1,Won,
Q105110,2024-10-01,CU2065,20061,Government & Education,247.4,23.3185,18.1387,20.3567,0.89104,13.3084,1,Won,
Q105111,2025-07-01,CU2066,20115,Corporate & B2B Buyer,192.7,56.5936,47.4258,59.2878,0.79992,34.4913,1,Won,
Q105112,2025-12-01,CU2089,20199,Marketplace Seller,636.0,13.8977,11.944,11.9717,0.99768,11.7765,0,Lost,Price
Q105113,2026-04-01,CU2045,20119,Subscription Box Operator,73.1,40.4651,35.3751,37.9986,0.93096,20.3503,1,Won,
Q105114,2024-11-01,CU2066,20134,Corporate & B2B Buyer,1165.5,24.1169,22.055,21.7566,1.01372,11.4302,0,Lost,Price
Q105115,2024-01-01,CU2115,20121,Sub-Distributor,190.0,15.1293,13.3676,15.6066,0.85653,9.2128,1,Won,
Q105116,2026-02-01,CU2003,20131,Regional Retail Chain,516.3,21.7998,19.1382,19.7395,0.96954,18.5097,0,Lost,Lead time
Q105117,2024-02-01,CU2144,20173,Marketplace Seller,228.9,26.8527,25.1161,26.5757,0.94508,20.2924,1,Won,
Q105118,2024-06-01,CU2004,20218,Independent Retailer,415.2,49.1395,43.7825,42.1398,1.03898,22.2776,0,Lost,Incumbent supplier
Q105119,2024-10-01,CU2019,20120,E-commerce Pure-Play,1072.5,65.5039,55.0205,52.7096,1.04384,36.8403,0,Lost,Incumbent supplier
Q105120,2024-05-01,CU2025,20130,E-commerce Pure-Play,23.4,75.8873,72.485,79.3604,0.91337,52.6791,1,Won,
Q105121,2023-07-01,CU2054,20145,Marketplace Seller,777.0,15.5603,12.809,14.6739,0.87291,8.3526,0,Lost,Price
Q105122,2025-07-01,CU2055,20117,Marketplace Seller,596.3,15.5127,14.9757,13.5542,1.10488,8.8634,0,Lost,Specification
Q105123,2025-05-01,CU2093,20096,Independent Retailer,352.2,9.295,7.7875,8.2955,0.93875,5.5865,1,Won,
Q105124,2024-08-01,CU2032,20123,Sub-Distributor,861.5,10.946,8.7689,9.8438,0.8908,7.2466,1,Won,
Q105125,2026-04-01,CU2008,20037,Independent Retailer,286.8,33.4874,30.6339,27.5977,1.11001,22.6977,1,Won,
Q105126,2025-08-01,CU2107,20012,E-commerce Pure-Play,182.7,18.2537,17.1168,18.2004,0.94046,6.2128,1,Won,
Q105127,2024-03-01,CU2136,20140,Government & Education,436.2,334.0161,285.904,349.5885,0.81783,169.0645,0,Lost,Specification
Q105128,2023-07-01,CU2051,20217,Subscription Box Operator,1644.4,45.2228,37.6158,45.8583,0.82026,28.5426,0,Lost,Price
Q105129,2025-11-01,CU2108,20022,Sub-Distributor,128.9,41.5655,35.0405,38.9164,0.9004,32.9508,1,Won,
Q105130,2023-11-01,CU2062,20115,Independent Retailer,130.7,71.8868,60.97,63.6123,0.95846,40.5819,1,Won,
Q105131,2023-11-01,CU2029,20008,Independent Retailer,245.5,19.6507,17.0237,16.9002,1.00731,12.1738,1,Won,
Q105132,2026-03-01,CU2121,20111,Corporate & B2B Buyer,642.3,31.3061,21.3668,32.1893,0.66379,18.7368,1,Won,
Q105133,2026-05-01,CU2036,20042,Regional Retail Chain,177.9,73.1111,56.1476,76.6109,0.73289,44.2231,1,Won,
Q105134,2025-11-01,CU2079,20217,Marketplace Seller,295.6,50.7685,43.6646,45.4969,0.95973,33.8298,1,Won,
Q105135,2024-11-01,CU2016,20158,Corporate & B2B Buyer,61.9,41.9933,36.6824,43.7716,0.83804,26.6055,1,Won,
Q105136,2023-12-01,CU2077,20172,Corporate & B2B Buyer,297.7,24.7017,23.9452,23.717,1.00962,15.7481,0,Lost,Price
Q105137,2024-04-01,CU2093,20070,Independent Retailer,760.1,16.6126,15.9814,17.3558,0.92081,13.1841,1,Won,
Q105138,2026-04-01,CU2069,20119,E-commerce Pure-Play,629.2,40.4651,33.1846,37.3288,0.88898,20.3503,1,Won,
Q105139,2025-06-01,CU2147,20200,Marketplace Seller,229.4,27.3121,25.4854,26.0286,0.97913,16.4381,1,Won,
Q105140,2025-03-01,CU2147,20107,Marketplace Seller,139.6,51.1583,43.0867,42.1294,1.02272,31.834,0,Lost,Incumbent supplier
Q105141,2025-03-01,CU2075,20144,Independent Retailer,196.0,26.6408,25.7045,24.0025,1.07091,15.8454,0,Lost,Price
Q105142,2024-05-01,CU2093,20232,Independent Retailer,231.9,43.3853,41.0246,44.1675,0.92884,27.5771,0,Lost,Lead time
Q105143,2024-11-01,CU2141,20227,Marketplace Seller,547.4,35.5785,36.2901,30.3652,1.19512,21.747,0,Lost,Incumbent supplier
Q105144,2026-06-01,CU2005,20058,Independent Retailer,565.4,37.7875,30.0298,39.6676,0.75704,28.6575,1,Won,
Q105145,2026-06-01,CU2141,20039,Marketplace Seller,404.7,90.0981,77.7264,74.7896,1.03927,52.4587,0,Lost,Price
Q105146,2025-02-01,CU2122,20045,Marketplace Seller,215.8,19.6086,19.3487,15.9429,1.21363,13.3707,0,Lost,Specification
Q105147,2025-08-01,CU2066,20053,Corporate & B2B Buyer,146.9,20.5172,18.6422,21.0149,0.88709,9.2218,0,Lost,Price
Q105148,2026-02-01,CU2071,20051,Regional Retail Chain,416.6,71.1515,62.9714,60.1734,1.0465,37.5949,0,Lost,Lead time
Q105149,2023-10-01,CU2111,20060,Independent Retailer,529.6,29.2498,28.714,28.3799,1.01177,15.6412,1,Won,
Q105150,2025-12-01,CU2149,20090,Corporate & B2B Buyer,258.6,31.9466,32.5855,25.5633,1.2747,26.15,0,Lost,Price
Q105151,2025-07-01,CU2127,20040,Corporate & B2B Buyer,136.8,54.9154,48.2116,51.6472,0.93348,29.7049,0,Lost,Incumbent supplier
Q105152,2024-04-01,CU2114,20098,Corporate & B2B Buyer,638.4,18.1915,16.7344,15.4434,1.0836,12.2838,0,Lost,Price
Q105153,2025-03-01,CU2092,20220,Marketplace Seller,2693.7,17.4076,16.5063,17.9886,0.9176,7.9316,1,Won,
Q105154,2025-07-01,CU2149,20173,Corporate & B2B Buyer,282.5,24.2208,19.1017,24.3929,0.78308,19.1605,0,Lost,Lead time
Q105155,2023-11-01,CU2090,20092,Sub-Distributor,198.9,34.1133,30.0195,33.3999,0.89879,22.5261,1,Won,
Q105156,2025-08-01,CU2082,20091,E-commerce Pure-Play,763.9,29.6963,25.4492,28.3545,0.89754,10.8771,0,Lost,Specification
Q105157,2025-03-01,CU2099,20229,E-commerce Pure-Play,156.9,19.5348,15.9266,17.9431,0.88761,11.6854,1,Won,
Q105158,2023-11-01,CU2004,20051,Independent Retailer,459.8,79.235,64.0519,74.2886,0.8622,51.9121,1,Won,
Q105159,2025-07-01,CU2114,20161,Corporate & B2B Buyer,219.2,38.4866,30.9981,34.4956,0.89861,21.5131,1,Won,
Q105160,2025-07-01,CU2110,20152,Independent Retailer,294.4,22.0447,21.9542,18.8693,1.16349,13.2007,1,Won,
Q105161,2025-02-01,CU2097,20194,Subscription Box Operator,2919.3,20.4422,20.1107,19.534,1.02953,16.0867,1,Won,
Q105162,2024-02-01,CU2131,20145,Regional Retail Chain,249.6,14.3843,10.7228,12.7099,0.84366,8.9509,1,Won,
Q105163,2026-02-01,CU2132,20002,Subscription Box Operator,360.6,52.678,49.1817,54.1998,0.90741,32.0188,0,Lost,Specification
Q105164,2024-08-01,CU2148,20095,Regional Retail Chain,194.0,16.5539,16.4755,17.2447,0.95539,8.4576,1,Won,
Q105165,2025-10-01,CU2028,20033,Independent Retailer,59.7,13.1889,11.6568,10.8769,1.0717,10.8853,0,Lost,Incumbent supplier
Q105166,2024-10-01,CU2137,20102,E-commerce Pure-Play,447.5,61.074,59.0096,57.8028,1.02088,38.9814,0,Lost,Price
Q105167,2023-09-01,CU2047,20234,Corporate & B2B Buyer,552.1,32.5008,29.4934,26.5819,1.10953,25.6284,1,Won,
Q105168,2024-04-01,CU2065,20170,Government & Education,134.1,17.2014,16.9465,15.1126,1.12135,10.0115,0,Lost,Price
Q105169,2025-02-01,CU2116,20050,Independent Retailer,480.0,12.9375,12.6792,11.1607,1.13605,6.2517,0,Lost,Specification
Q105170,2024-06-01,CU2125,20159,Marketplace Seller,576.3,21.2533,20.8379,19.7114,1.05715,16.0438,0,Lost,Price
Q105171,2024-03-01,CU2102,20231,Sub-Distributor,110.0,44.5225,43.553,40.0764,1.08675,24.0312,1,Won,
Q105172,2024-03-01,CU2010,20063,Sub-Distributor,165.6,91.5644,90.7373,76.1781,1.19112,55.5827,0,Lost,Specification
Q105173,2026-01-01,CU2004,20062,Independent Retailer,508.6,44.8365,39.0382,38.1769,1.02256,37.3848,0,Lost,Specification
Q105174,2023-11-01,CU2094,20165,Regional Retail Chain,1028.3,17.9122,16.0683,18.7903,0.85514,12.6371,1,Won,
Q105175,2024-03-01,CU2139,20075,E-commerce Pure-Play,302.7,21.141,18.0854,17.3031,1.04521,11.1727,1,Won,
Q105176,2024-11-01,CU2107,20027,E-commerce Pure-Play,422.2,24.4998,20.2686,25.7428,0.78735,18.649,1,Won,
Q105177,2025-01-01,CU2120,20199,Independent Retailer,1142.8,15.1355,15.4382,14.8665,1.03846,10.019,0,Lost,Incumbent supplier
Q105178,2023-08-01,CU2084,20102,Marketplace Seller,1767.3,55.234,51.1125,50.5836,1.01046,33.3676,0,Lost,Price
Q105179,2024-07-01,CU2080,20168,Government & Education,277.1,16.8263,14.581,17.7217,0.82277,10.7376,1,Won,
Q105180,2025-03-01,CU2097,20153,Subscription Box Operator,777.2,24.8177,20.0965,25.9668,0.77393,14.5398,1,Won,
Q105181,2023-11-01,CU2069,20095,E-commerce Pure-Play,1195.9,16.5539,15.1556,13.9656,1.08521,8.3565,0,Lost,Price
Q105182,2025-05-01,CU2015,20003,Corporate & B2B Buyer,533.4,33.1449,33.1206,26.8113,1.23532,22.6009,0,Lost,Price
Q105183,2024-11-01,CU2066,20227,Corporate & B2B Buyer,125.1,35.5785,36.2901,33.5687,1.08107,21.747,0,Lost,Price
Q105184,2024-01-01,CU2039,20172,Marketplace Seller,311.5,21.4902,19.2938,22.447,0.85953,15.3186,1,Won,
Q105185,2024-08-01,CU2089,20218,Marketplace Seller,191.4,52.1921,48.0188,50.8967,0.94346,22.887,0,Lost,Specification
Q105186,2023-09-01,CU2085,20225,Government & Education,349.1,83.5689,78.7983,81.262,0.96968,39.4789,0,Lost,Price
Q105187,2026-01-01,CU2056,20046,Regional Retail Chain,718.5,16.4135,15.0976,16.8648,0.89521,12.4822,0,Lost,Price
Q105188,2025-07-01,CU2071,20234,Regional Retail Chain,385.8,33.5835,34.2552,34.3731,0.99657,20.2894,0,Lost,Specification
Q105189,2025-09-01,CU2102,20019,Sub-Distributor,274.9,9.323,7.653,8.8384,0.86588,5.4686,1,Won,
Q105190,2025-04-01,CU2057,20095,Subscription Box Operator,367.5,16.5539,14.1574,13.2716,1.06674,10.0326,0,Lost,Incumbent supplier
Q105191,2025-04-01,CU2049,20224,Independent Retailer,681.9,8.0513,6.3825,6.4631,0.98753,7.1314,1,Won,
Q105192,2024-12-01,CU2020,20003,Marketplace Seller,102.4,34.1265,34.0847,28.0672,1.21439,23.4865,1,Won,
Q105193,2024-03-01,CU2112,20151,Government & Education,317.9,18.3294,18.696,16.6872,1.12038,8.2863,0,Lost,Price
Q105194,2026-01-01,CU2120,20010,Independent Retailer,157.0,47.346,43.285,42.926,1.00836,34.5113,1,Won,
Q105195,2024-07-01,CU2126,20151,Marketplace Seller,288.4,17.4083,13.3039,14.851,0.89583,6.9036,1,Won,
Q105196,2025-01-01,CU2033,20159,Independent Retailer,80.9,21.2533,16.2001,17.8823,0.90593,16.5417,1,Won,
Q105197,2026-04-01,CU2146,20218,E-commerce Pure-Play,611.1,42.6091,36.6519,42.798,0.85639,26.5255,1,Won,
Q105198,2024-09-01,CU2001,20208,Subscription Box Operator,393.6,23.9945,20.446,22.5914,0.90504,13.2918,1,Won,
Q105199,2025-05-01,CU2038,20204,Marketplace Seller,608.1,24.4272,20.561,25.837,0.7958,14.5443,1,Won,
Q105200,2024-01-01,CU2079,20088,Marketplace Seller,348.4,20.3177,18.0249,18.7368,0.962,11.3188,1,Won,
Q105201,2025-12-01,CU2019,20096,E-commerce Pure-Play,202.9,8.7054,7.3655,8.5642,0.86003,6.4206,1,Won,
Q105202,2025-01-01,CU2010,20204,Sub-Distributor,269.9,24.4272,20.2031,20.4018,0.99026,13.2629,1,Won,
Q105203,2025-09-01,CU2083,20163,Marketplace Seller,119.7,19.0583,17.709,18.9938,0.93236,12.5364,0,Lost,Incumbent supplier
Q105204,2025-12-01,CU2097,20162,Subscription Box Operator,234.7,19.8528,15.9956,20.9881,0.76213,8.0891,0,Lost,Price
Q105205,2024-04-01,CU2135,20074,Sub-Distributor,343.5,48.6415,39.8684,47.9708,0.8311,26.5404,1,Won,
Q105206,2025-03-01,CU2140,20101,Subscription Box Operator,395.0,15.7621,13.4011,14.7118,0.91091,8.7941,1,Won,
Q105207,2025-02-01,CU2137,20168,E-commerce Pure-Play,371.9,16.8263,13.486,17.1687,0.7855,11.8637,1,Won,
Q105208,2026-03-01,CU2046,20050,Marketplace Seller,621.0,14.2381,12.5491,12.5285,1.00164,6.8944,0,Lost,Incumbent supplier
Q105209,2025-09-01,CU2084,20212,Marketplace Seller,163.0,43.9636,43.0368,41.8787,1.02765,26.1315,0,Lost,Price
Q105210,2024-09-01,CU2071,20121,Regional Retail Chain,453.3,15.7159,13.462,14.5574,0.92476,10.4551,1,Won,
Q105211,2025-10-01,CU2083,20094,Marketplace Seller,479.3,17.8472,16.3937,17.4801,0.93785,7.8272,1,Won,
Q105212,2024-11-01,CU2127,20007,Corporate & B2B Buyer,1131.4,22.169,20.3658,22.5349,0.90375,16.9081,1,Won,
Q105213,2025-06-01,CU2082,20239,E-commerce Pure-Play,258.4,81.8797,76.4029,81.9496,0.93232,46.5709,0,Lost,Price
Q105214,2023-10-01,CU2054,20061,Marketplace Seller,232.6,23.3185,21.0544,20.2358,1.04045,12.7002,0,Lost,Price
Q105215,2023-10-01,CU2073,20214,Marketplace Seller,273.4,18.6709,15.782,17.4679,0.90348,12.8035,1,Won,
Q105216,2024-10-01,CU2132,20140,Subscription Box Operator,647.8,255.6272,242.5359,269.3792,0.90035,160.8629,1,Won,
Q105217,2024-06-01,CU2113,20092,Independent Retailer,147.8,34.3675,28.7616,29.4708,0.97594,25.3536,0,Lost,Incumbent supplier
Q105218,2023-07-01,CU2072,20204,Marketplace Seller,543.3,24.0058,19.5108,24.4521,0.79792,13.6577,0,Lost,Price
Q105219,2023-10-01,CU2103,20049,Marketplace Seller,127.0,73.2049,71.7193,64.9956,1.10345,34.9789,0,Lost,Lead time
Q105220,2025-01-01,CU2122,20144,Marketplace Seller,2022.3,30.9157,24.6596,31.727,0.77724,15.9333,1,Won,
Q105221,2023-12-01,CU2081,20076,Regional Retail Chain,188.9,23.1834,16.8355,18.7054,0.90003,12.1076,1,Won,
Q105222,2026-01-01,CU2119,20101,Marketplace Seller,204.1,15.2489,15.5422,15.8079,0.98319,8.5837,0,Lost,Incumbent supplier
Q105223,2023-07-01,CU2087,20176,Sub-Distributor,384.3,46.9443,38.9097,40.6025,0.95831,32.642,1,Won,
Q105224,2026-02-01,CU2061,20155,Marketplace Seller,163.0,121.5998,110.0343,100.8715,1.09084,78.3123,0,Lost,Price
Q105225,2026-03-01,CU2122,20076,Marketplace Seller,1100.8,23.1834,22.9182,24.031,0.95369,11.5863,0,Lost,Specification
Q105226,2026-03-01,CU2051,20202,Subscription Box Operator,739.9,46.9027,47.8408,40.6383,1.17723,27.2154,0,Lost,Specification
Q105227,2025-09-01,CU2028,20080,Independent Retailer,235.9,25.4341,22.7166,21.732,1.04531,14.3124,0,Lost,Price
Q105228,2023-10-01,CU2064,20002,Independent Retailer,94.9,55.6316,42.0394,44.5949,0.94269,37.5885,0,Lost,Price
Q105229,2024-07-01,CU2018,20209,Independent Retailer,40.6,13.4847,10.7798,12.6267,0.85373,8.9916,1,Won,
Q105230,2025-02-01,CU2033,20178,Independent Retailer,240.4,23.3648,21.6575,23.003,0.9415,18.303,0,Lost,Incumbent supplier
Q105231,2024-11-01,CU2073,20086,Marketplace Seller,574.5,45.9545,38.1764,39.2453,0.97276,21.0726,0,Lost,Price
Q105232,2025-10-01,CU2136,20098,Government & Education,675.1,21.6017,18.6204,19.5879,0.95061,12.7416,1,Won,
Q105233,2024-07-01,CU2011,20159,Regional Retail Chain,222.3,21.2533,18.7847,19.3165,0.97247,16.2987,0,Lost,Specification
Q105234,2025-09-01,CU2112,20204,Government & Education,193.2,25.6592,24.7018,24.2925,1.01685,13.7948,0,Lost,Price
Q105235,2025-09-01,CU2101,20044,Independent Retailer,880.2,17.0528,14.4136,15.0461,0.95796,9.734,0,Lost,Price
Q105236,2026-06-01,CU2028,20094,Independent Retailer,416.4,17.5331,15.6949,14.0664,1.11577,8.5331,0,Lost,Specification
Q105237,2025-08-01,CU2077,20154,Corporate & B2B Buyer,584.6,48.3333,39.5693,40.9991,0.96513,27.7675,0,Lost,Incumbent supplier
Q105238,2025-05-01,CU2023,20187,E-commerce Pure-Play,70.4,40.9813,41.4927,32.8488,1.26314,29.4744,0,Lost,Lead time
Q105239,2026-05-01,CU2132,20143,Subscription Box Operator,177.5,61.1792,47.4265,50.3343,0.94223,34.6479,1,Won,
Q105240,2025-11-01,CU2071,20056,Regional Retail Chain,146.0,47.2431,41.039,43.5169,0.94306,31.0987,0,Lost,Specification
Q105241,2024-02-01,CU2010,20162,Sub-Distributor,790.8,13.6663,10.5968,13.8553,0.76482,6.5858,1,Won,
Q105242,2023-08-01,CU2038,20186,Marketplace Seller,299.3,61.1722,56.3523,51.9458,1.08483,39.8443,0,Lost,Price
Q105243,2023-09-01,CU2068,20203,E-commerce Pure-Play,137.7,16.7698,13.5025,15.5547,0.86807,10.8885,1,Won,
Q105244,2024-05-01,CU2100,20046,Independent Retailer,1072.4,16.8408,14.9706,14.9207,1.00334,12.9456,1,Won,
Q105245,2024-05-01,CU2142,20016,Marketplace Seller,454.6,17.0603,15.319,15.2987,1.00133,11.1023,1,Won,
Q105246,2025-04-01,CU2111,20127,Independent Retailer,96.0,51.2443,45.4344,43.8448,1.03626,35.9401,1,Won,
Q105247,2024-10-01,CU2086,20097,Marketplace Seller,155.9,67.0046,62.4792,57.0586,1.095,33.6115,0,Lost,Lead time
Q105248,2026-04-01,CU2084,20026,Marketplace Seller,591.1,44.196,38.4033,37.9841,1.01103,33.6981,0,Lost,Price
Q105249,2025-02-01,CU2040,20173,Independent Retailer,697.0,24.4629,24.0582,22.1098,1.08812,18.6154,0,Lost,Price
Q105250,2026-06-01,CU2053,20123,Corporate & B2B Buyer,427.5,11.4119,10.7607,10.1678,1.05831,6.2529,0,Lost,Incumbent supplier
Q105251,2025-04-01,CU2020,20099,Marketplace Seller,183.0,86.7396,84.6493,80.1797,1.05574,37.6809,0,Lost,Incumbent supplier
Q105252,2026-05-01,CU2063,20081,Sub-Distributor,1371.3,72.1736,66.7133,74.5787,0.89453,34.6859,1,Won,
Q105253,2024-10-01,CU2048,20118,E-commerce Pure-Play,26.9,85.601,69.7158,82.0766,0.8494,46.1853,1,Won,
Q105254,2025-12-01,CU2043,20167,Government & Education,960.1,75.8239,66.6239,71.2249,0.9354,56.6268,0,Lost,Lead time
Q105255,2026-06-01,CU2138,20118,Marketplace Seller,1427.1,81.3528,75.1358,74.6422,1.00661,50.6632,1,Won,
Q105256,2024-05-01,CU2128,20072,Marketplace Seller,267.6,15.2657,13.1144,12.5165,1.04776,9.5751,1,Won,
Q105257,2023-11-01,CU2009,20227,Marketplace Seller,421.9,38.8957,38.1311,31.915,1.19477,26.3632,0,Lost,Incumbent supplier
Q105258,2025-07-01,CU2117,20015,Marketplace Seller,135.5,12.6197,11.8545,10.637,1.11446,8.3316,0,Lost,Incumbent supplier
Q105259,2026-05-01,CU2143,20138,Sub-Distributor,237.0,28.256,23.7949,29.5173,0.80613,15.3862,1,Won,
Q105260,2023-08-01,CU2019,20090,E-commerce Pure-Play,549.8,32.3467,28.58,31.2667,0.91407,19.3519,1,Won,
Q105261,2024-03-01,CU2131,20093,Regional Retail Chain,98.9,52.0115,41.6966,48.3175,0.86297,27.6554,1,Won,
Q105262,2024-10-01,CU2028,20145,Independent Retailer,1630.3,14.9289,14.8018,14.836,0.99769,9.8317,1,Won,
Q105263,2023-12-01,CU2021,20212,Corporate & B2B Buyer,198.4,39.8995,37.7949,41.6066,0.90839,22.3538,0,Lost,Lead time
Q105264,2024-04-01,CU2014,20022,Marketplace Seller,237.7,55.3245,47.5229,46.8025,1.01539,37.7482,0,Lost,Lead time
Q105265,2025-09-01,CU2095,20156,Sub-Distributor,305.3,72.3396,70.0996,69.4015,1.01006,48.7744,0,Lost,Lead time
Q105266,2024-03-01,CU2052,20027,Marketplace Seller,219.9,23.3844,22.9951,22.5615,1.01922,16.7239,1,Won,
Q105267,2024-02-01,CU2070,20019,Marketplace Seller,553.1,8.4505,7.3162,8.9513,0.81733,4.4965,1,Won,
Q105268,2025-11-01,CU2031,20126,Corporate & B2B Buyer,158.7,53.4279,51.0142,45.9007,1.1114,28.3929,0,Lost,Price
Q105269,2025-10-01,CU2078,20140,E-commerce Pure-Play,397.9,234.0004,238.6804,219.1837,1.08895,169.2094,0,Lost,Price
Q105270,2026-05-01,CU2126,20118,Marketplace Seller,146.1,81.3528,75.7688,71.2045,1.0641,53.511,0,Lost,Price
Q105271,2024-01-01,CU2122,20203,Marketplace Seller,218.0,16.7133,14.9388,16.256,0.91897,11.0246,1,Won,
Q105272,2025-01-01,CU2112,20083,Government & Education,191.8,55.934,56.8917,57.4247,0.99072,30.1193,1,Won,
Q105273,2023-12-01,CU2005,20122,Independent Retailer,255.1,9.5588,8.1234,9.6648,0.84051,5.7681,1,Won,
Q105274,2023-08-01,CU2083,20000,Marketplace Seller,1632.5,64.5408,54.1587,66.3685,0.81603,37.4347,1,Won,
Q105275,2024-12-01,CU2032,20092,Sub-Distributor,276.9,31.8277,26.0952,26.1904,0.99637,24.3761,1,Won,
Q105276,2025-09-01,CU2100,20016,Independent Retailer,107.0,19.8476,18.7574,18.716,1.00221,12.5807,0,Lost,Incumbent supplier
Q105277,2024-12-01,CU2147,20221,Marketplace Seller,526.2,23.9794,22.8825,20.6624,1.10745,16.5701,0,Lost,Incumbent supplier
Q105278,2024-12-01,CU2058,20024,Corporate & B2B Buyer,268.6,34.469,35.1584,35.5946,0.98774,22.1879,0,Lost,Price
Q105279,2025-08-01,CU2042,20035,Corporate & B2B Buyer,153.3,47.5478,42.8802,49.2884,0.86998,24.0397,1,Won,
Q105280,2024-01-01,CU2063,20230,Sub-Distributor,178.2,38.6433,34.8843,34.5232,1.01046,18.9368,0,Lost,Specification
Q105281,2026-06-01,CU2127,20198,Corporate & B2B Buyer,145.0,10.9395,11.0981,8.753,1.26791,5.2192,0,Lost,Specification
Q105282,2024-02-01,CU2009,20075,Marketplace Seller,351.1,21.141,19.9815,21.8333,0.91519,11.5809,1,Won,
Q105283,2024-03-01,CU2138,20003,Marketplace Seller,486.4,26.0244,21.186,25.6599,0.82565,22.6551,1,Won,
Q105284,2025-07-01,CU2106,20049,Sub-Distributor,1644.6,80.4347,74.1458,77.4088,0.95785,41.0264,1,Won,
Q105285,2025-10-01,CU2010,20099,Sub-Distributor,265.2,76.7886,73.3705,69.0259,1.06294,36.9064,0,Lost,Lead time
Q105286,2024-02-01,CU2119,20001,Marketplace Seller,2003.4,18.5889,17.5492,15.9295,1.10168,9.292,1,Won,
Q105287,2025-07-01,CU2074,20118,Corporate & B2B Buyer,394.6,77.6356,69.9931,76.954,0.90954,51.2026,0,Lost,Lead time
Q105288,2023-12-01,CU2058,20188,Corporate & B2B Buyer,182.6,11.0455,10.5311,11.5072,0.91518,6.7846,0,Lost,Lead time
Q105289,2023-11-01,CU2104,20015,Corporate & B2B Buyer,313.0,14.3952,13.5726,14.0852,0.96361,8.1992,0,Lost,Incumbent supplier
Q105290,2025-05-01,CU2029,20011,Independent Retailer,1051.7,19.3151,17.2137,20.2691,0.84926,14.2156,1,Won,
Q105291,2025-11-01,CU2003,20226,Regional Retail Chain,364.1,13.3275,11.1265,12.7739,0.87104,6.2543,0,Lost,Price
Q105292,2023-09-01,CU2106,20039,Sub-Distributor,659.7,91.4172,78.8851,80.4393,0.98068,47.0602,1,Won,
Q105293,2023-11-01,CU2015,20227,Corporate & B2B Buyer,659.1,38.8957,34.9061,34.3584,1.01594,26.3632,1,Won,
Q105294,2025-09-01,CU2119,20035,Marketplace Seller,56.4,47.5478,44.9546,38.6539,1.163,23.8473,0,Lost,Incumbent supplier
Q105295,2025-06-01,CU2116,20220,Independent Retailer,1862.3,15.9136,14.3646,13.3535,1.07572,7.7102,1,Won,
Q105296,2026-05-01,CU2077,20051,Corporate & B2B Buyer,612.0,64.7148,53.3709,54.1441,0.98572,37.4773,0,Lost,Lead time
Q105297,2024-04-01,CU2097,20033,Subscription Box Operator,107.0,12.7799,11.5871,11.8389,0.97873,9.5277,1,Won,
Q105298,2025-03-01,CU2098,20205,Subscription Box Operator,500.2,20.6783,18.1048,19.4815,0.92933,15.3967,0,Lost,Specification
Q105299,2024-04-01,CU2090,20082,Sub-Distributor,482.6,38.1682,32.2112,37.1399,0.86729,18.3131,1,Won,
Q105300,2024-09-01,CU2001,20167,Subscription Box Operator,1176.1,80.8206,79.4545,71.9173,1.1048,53.8796,1,Won,
Q105301,2024-02-01,CU2130,20081,Corporate & B2B Buyer,163.6,58.6257,53.8632,57.2097,0.9415,33.0946,0,Lost,Price
Q105302,2026-03-01,CU2010,20086,Sub-Distributor,735.4,48.4355,45.703,50.5684,0.90378,19.2182,0,Lost,Incumbent supplier
Q105303,2025-05-01,CU2115,20049,Sub-Distributor,90.0,78.494,67.8472,74.555,0.91003,41.0678,0,Lost,Incumbent supplier
Q105304,2025-12-01,CU2120,20065,Independent Retailer,1301.3,40.8347,39.1754,43.1155,0.90862,29.4248,1,Won,
Q105305,2024-08-01,CU2126,20037,Marketplace Seller,214.7,38.4399,31.0264,31.3074,0.99102,19.4021,0,Lost,Price
Q105306,2025-02-01,CU2027,20098,Marketplace Seller,59.9,20.5194,17.464,18.7224,0.93279,13.1934,1,Won,
Q105307,2024-11-01,CU2113,20074,Independent Retailer,108.8,46.5718,40.4859,48.0624,0.84236,28.5378,1,Won,
Q105308,2024-06-01,CU2080,20158,Government & Education,657.6,38.6029,33.2916,40.2315,0.8275,26.5318,1,Won,
Q105309,2024-06-01,CU2137,20180,E-commerce Pure-Play,228.2,17.2146,14.072,17.075,0.82413,10.7336,1,Won,
Q105310,2026-02-01,CU2018,20179,Independent Retailer,59.6,45.9419,43.5599,41.1584,1.05835,22.6139,1,Won,
Q105311,2023-08-01,CU2055,20095,Marketplace Seller,774.7,16.5539,16.885,15.0468,1.12217,8.2979,0,Lost,Price
Q105312,2024-01-01,CU2037,20000,Marketplace Seller,3355.0,68.1604,58.983,61.2746,0.9626,36.9339,1,Won,
Q105313,2024-11-01,CU2024,20239,Corporate & B2B Buyer,296.5,87.7113,74.6943,74.2072,1.00656,48.9436,1,Won,
Q105314,2024-10-01,CU2022,20127,Regional Retail Chain,1028.3,55.9547,52.7087,51.4722,1.02402,38.5672,0,Lost,Price
Q105315,2026-03-01,CU2064,20139,Independent Retailer,471.7,12.9113,11.9398,10.3429,1.1544,7.7311,0,Lost,Specification
Q105316,2025-01-01,CU2146,20035,E-commerce Pure-Play,145.9,53.6598,48.2744,45.3659,1.06411,26.271,0,Lost,Price
Q105317,2025-06-01,CU2017,20010,Government & Education,57.7,49.2508,44.6263,46.5937,0.95778,34.1489,1,Won,
Q105318,2025-02-01,CU2034,20142,Marketplace Seller,415.0,28.5821,26.3775,23.413,1.12662,19.8958,0,Lost,Price
Q105319,2025-01-01,CU2135,20150,Sub-Distributor,1737.0,26.4508,24.3642,23.1505,1.05242,14.2496,1,Won,
Q105320,2026-06-01,CU2123,20211,Independent Retailer,480.9,39.7418,35.9412,31.8496,1.12847,32.1471,0,Lost,Specification
Q105321,2023-07-01,CU2082,20016,E-commerce Pure-Play,376.6,17.0599,15.328,16.4454,0.93205,10.9359,1,Won,
Q105322,2024-09-01,CU2008,20001,Independent Retailer,181.8,18.2534,16.1653,18.9423,0.8534,10.2243,1,Won,
Q105323,2025-07-01,CU2118,20192,Regional Retail Chain,157.4,18.8708,18.2056,18.7139,0.97284,12.2854,1,Won,
Q105324,2026-03-01,CU2062,20118,Independent Retailer,243.2,81.3528,82.6159,80.965,1.02039,50.7439,0,Lost,Price
Q105325,2026-06-01,CU2069,20165,E-commerce Pure-Play,73.4,18.802,16.1491,15.1427,1.06646,13.4486,1,Won,
Q105326,2025-01-01,CU2005,20043,Independent Retailer,415.3,44.0784,44.96,37.8019,1.18936,26.367,0,Lost,Lead time
Q105327,2025-05-01,CU2026,20066,Marketplace Seller,78.4,14.5836,12.097,15.4573,0.78261,6.8144,1,Won,
Q105328,2025-02-01,CU2004,20159,Independent Retailer,913.5,21.2533,21.6784,17.9146,1.21009,16.577,0,Lost,Incumbent supplier
Q105329,2025-12-01,CU2028,20110,Independent Retailer,241.1,131.254,112.5068,128.4198,0.87609,58.8323,0,Lost,Specification
Q105330,2025-08-01,CU2142,20214,Marketplace Seller,671.2,17.8103,14.4894,16.1107,0.89936,13.1034,0,Lost,Specification
Q105331,2026-02-01,CU2094,20062,Regional Retail Chain,316.3,42.2283,37.5126,40.0592,0.93643,34.124,0,Lost,Price
Q105332,2025-01-01,CU2083,20123,Marketplace Seller,50.0,11.4198,9.797,11.6334,0.84214,7.0122,1,Won,
Q105333,2025-10-01,CU2050,20190,Marketplace Seller,283.0,36.6516,32.9935,35.3997,0.93203,24.736,1,Won,
Q105334,2025-02-01,CU2063,20037,Sub-Distributor,878.9,34.792,30.1138,28.292,1.06439,18.242,0,Lost,Incumbent supplier
Q105335,2025-10-01,CU2008,20132,Independent Retailer,221.5,8.6253,7.895,7.3009,1.08137,7.2384,0,Lost,Incumbent supplier
Q105336,2024-11-01,CU2101,20039,Independent Retailer,514.1,100.4845,89.8732,93.4271,0.96196,50.824,0,Lost,Specification
Q105337,2024-01-01,CU2037,20016,Marketplace Seller,340.7,18.2652,17.2027,15.0989,1.13933,10.3646,0,Lost,Specification
Q105338,2025-11-01,CU2114,20044,Corporate & B2B Buyer,314.3,16.6536,13.2866,16.3611,0.81208,9.5004,0,Lost,Specification
Q105339,2026-01-01,CU2095,20079,Sub-Distributor,260.9,11.8953,9.9397,9.5417,1.04171,8.1933,0,Lost,Incumbent supplier
Q105340,2023-10-01,CU2014,20166,Marketplace Seller,63.2,15.9219,15.5575,13.0704,1.19029,10.4516,0,Lost,Price
Q105341,2023-07-01,CU2099,20113,E-commerce Pure-Play,1333.0,41.4175,38.6879,38.2682,1.01097,23.2355,1,Won,
Q105342,2026-04-01,CU2054,20178,Marketplace Seller,269.1,26.1913,20.6427,21.2491,0.97146,22.4521,0,Lost,Price
Q105343,2024-11-01,CU2143,20000,Sub-Distributor,212.9,62.5945,52.3528,52.4675,0.99781,37.5009,1,Won,
Q105344,2023-11-01,CU2051,20057,Subscription Box Operator,105.9,45.8742,38.7239,48.2986,0.80176,30.7305,1,Won,
Q105345,2025-07-01,CU2027,20014,Marketplace Seller,3451.5,45.0311,42.2689,46.5381,0.90826,17.4506,1,Won,
Q105346,2024-02-01,CU2045,20084,Subscription Box Operator,284.5,22.2637,18.592,20.7479,0.89609,16.4156,0,Lost,Price
Q105347,2025-10-01,CU2108,20162,Sub-Distributor,363.6,19.8528,16.6145,19.8753,0.83594,8.4823,1,Won,
Q105348,2023-09-01,CU2147,20099,Marketplace Seller,1979.0,77.594,74.7512,71.1611,1.05045,42.8699,0,Lost,Lead time
Q105349,2024-06-01,CU2004,20024,Independent Retailer,990.4,41.7556,34.1322,37.3022,0.91502,26.3725,0,Lost,Price
Q105350,2024-06-01,CU2040,20118,Independent Retailer,609.2,84.0652,73.0149,88.6909,0.82325,41.4553,0,Lost,Incumbent supplier
Q105351,2023-12-01,CU2062,20015,Independent Retailer,265.7,13.608,13.0051,12.8805,1.00968,8.1527,0,Lost,Price
Q105352,2023-08-01,CU2140,20035,Subscription Box Operator,321.3,43.9566,39.3492,41.5465,0.94711,24.1795,1,Won,
Q105353,2023-11-01,CU2098,20162,Subscription Box Operator,2340.0,13.523,11.9834,12.7074,0.94302,6.8772,1,Won,
Q105354,2025-11-01,CU2102,20133,Sub-Distributor,692.4,36.5981,35.0619,35.952,0.97524,20.7374,0,Lost,Incumbent supplier
Q105355,2026-02-01,CU2114,20082,Corporate & B2B Buyer,434.9,35.9224,33.7373,32.3229,1.04376,16.4201,0,Lost,Lead time
Q105356,2024-02-01,CU2000,20116,Independent Retailer,123.9,8.2921,7.3109,7.9969,0.91422,4.2536,0,Lost,Price
Q105357,2024-08-01,CU2133,20116,Marketplace Seller,1142.6,9.1505,6.9709,7.9904,0.87241,4.6679,1,Won,
Q105358,2024-08-01,CU2119,20117,Marketplace Seller,523.3,15.5127,13.3343,14.1535,0.94212,9.0908,1,Won,
Q105359,2023-08-01,CU2126,20006,Marketplace Seller,1712.0,38.5388,33.6056,38.387,0.87544,20.3873,0,Lost,Price
Q105360,2025-10-01,CU2016,20077,Corporate & B2B Buyer,219.0,174.858,175.8039,155.5582,1.13015,88.012,1,Won,
Q105361,2023-11-01,CU2080,20117,Government & Education,386.2,15.5127,13.4017,14.2641,0.93954,8.4571,0,Lost,Specification
Q105362,2024-01-01,CU2012,20058,Government & Education,287.9,27.2399,24.3145,27.2623,0.89187,20.3255,1,Won,
Q105363,2026-05-01,CU2043,20075,Government & Education,414.6,19.8484,16.9605,16.4551,1.03072,11.7263,1,Won,
Q105364,2025-11-01,CU2067,20020,Independent Retailer,39.1,57.9898,52.8252,56.6741,0.93209,29.6984,0,Lost,Specification
Q105365,2025-12-01,CU2098,20075,Subscription Box Operator,76.8,20.793,18.0369,20.2854,0.88916,11.5818,0,Lost,Incumbent supplier
Q105366,2026-04-01,CU2058,20176,Corporate & B2B Buyer,459.1,57.254,55.4316,56.679,0.97799,26.5976,0,Lost,Lead time
Q105367,2026-06-01,CU2106,20112,Sub-Distributor,316.7,43.7766,40.5666,40.4587,1.00267,27.9994,0,Lost,Incumbent supplier
Q105368,2024-12-01,CU2072,20165,Marketplace Seller,178.8,20.1083,17.9858,17.2534,1.04245,14.0904,0,Lost,Price
Q105369,2024-10-01,CU2054,20111,Marketplace Seller,63.4,39.0927,34.9323,34.1917,1.02166,21.2351,0,Lost,Lead time
Q105370,2024-12-01,CU2139,20016,E-commerce Pure-Play,90.3,17.5643,12.5239,14.657,0.85446,11.2595,1,Won,
Q105371,2025-02-01,CU2033,20161,Independent Retailer,481.7,35.3137,31.5643,37.1378,0.84992,19.6567,1,Won,
Q105372,2025-02-01,CU2114,20017,Corporate & B2B Buyer,1233.7,29.365,28.1791,29.6803,0.94942,16.8829,1,Won,
Q105373,2024-02-01,CU2025,20032,E-commerce Pure-Play,89.1,19.7351,16.012,16.5576,0.96705,11.9939,0,Lost,Price
Q105374,2025-09-01,CU2045,20090,Subscription Box Operator,55.6,31.9466,26.3894,32.3796,0.815,25.393,1,Won,
Q105375,2025-09-01,CU2105,20060,Marketplace Seller,102.0,25.9472,23.1469,21.1795,1.09289,15.5741,0,Lost,Price
Q105376,2025-10-01,CU2146,20029,E-commerce Pure-Play,97.4,34.5837,34.8144,31.0605,1.12086,14.0972,0,Lost,Price
Q105377,2023-12-01,CU2131,20103,Regional Retail Chain,124.0,34.4948,29.203,30.2558,0.9652,21.7714,0,Lost,Price
Q105378,2025-08-01,CU2078,20209,E-commerce Pure-Play,206.0,15.1911,14.263,14.2206,1.00298,10.7252,0,Lost,Price
Q105379,2025-09-01,CU2072,20036,Marketplace Seller,653.9,13.0388,11.1466,11.3759,0.97984,9.5437,1,Won,
Q105380,2023-11-01,CU2095,20210,Sub-Distributor,749.2,41.7356,41.0417,42.2142,0.97222,22.0254,0,Lost,Price
Q105381,2023-10-01,CU2022,20092,Regional Retail Chain,90.5,34.1133,31.9221,28.4641,1.12149,22.0705,0,Lost,Price
Q105382,2026-01-01,CU2112,20194,Government & Education,391.5,29.4095,24.4333,28.1605,0.86764,19.2405,1,Won,
Q105383,2024-06-01,CU2025,20023,E-commerce Pure-Play,436.0,28.4875,26.592,28.6072,0.92955,21.2236,0,Lost,Specification
Q105384,2025-09-01,CU2030,20094,Independent Retailer,75.3,17.8472,14.1887,16.3813,0.86615,7.9698,1,Won,
Q105385,2026-01-01,CU2039,20069,Marketplace Seller,538.3,19.7136,20.1079,17.288,1.16311,14.391,0,Lost,Lead time
Q105386,2023-09-01,CU2111,20231,Independent Retailer,89.9,44.5225,39.3525,41.6293,0.94531,27.5191,1,Won,
Q105387,2024-04-01,CU2148,20146,Regional Retail Chain,321.7,17.6399,14.3665,14.5095,0.99014,12.4611,1,Won,
Q105388,2024-12-01,CU2089,20089,Marketplace Seller,130.2,69.6058,59.672,56.6271,1.05377,52.1773,0,Lost,Price
Q105389,2024-02-01,CU2032,20053,Sub-Distributor,1086.3,18.8229,16.4885,17.2689,0.95481,10.6949,1,Won,
Q105390,2026-04-01,CU2020,20151,Marketplace Seller,68.5,17.7908,16.8724,16.7649,1.00641,7.5804,0,Lost,Price
Q105391,2024-07-01,CU2148,20053,Regional Retail Chain,72.7,19.3763,17.2708,16.224,1.06452,9.6391,1,Won,
Q105392,2024-01-01,CU2069,20149,E-commerce Pure-Play,2036.2,53.2555,48.8746,55.3165,0.88355,36.5177,1,Won,
Q105393,2025-05-01,CU2009,20226,Marketplace Seller,335.6,12.8872,10.6422,12.8677,0.82705,7.1065,1,Won,
Q105394,2023-10-01,CU2128,20178,Marketplace Seller,792.8,35.7565,35.9505,30.7737,1.16822,22.6789,0,Lost,Price
Q105395,2025-11-01,CU2106,20177,Sub-Distributor,589.3,35.3179,29.9523,33.2882,0.89979,20.4296,1,Won,
Q105396,2025-10-01,CU2052,20046,Marketplace Seller,182.9,15.9963,14.4082,15.7164,0.91676,12.4452,1,Won,
Q105397,2025-07-01,CU2047,20223,Corporate & B2B Buyer,226.6,15.9749,14.1943,15.4712,0.91746,9.3328,1,Won,
Q105398,2025-05-01,CU2018,20071,Independent Retailer,118.7,77.6687,66.2052,67.5444,0.98017,49.5738,1,Won,
Q105399,2024-10-01,CU2130,20203,Corporate & B2B Buyer,402.4,19.1604,17.8412,15.965,1.11752,11.8589,0,Lost,Lead time
Q105400,2024-08-01,CU2031,20133,Corporate & B2B Buyer,451.5,43.5137,40.4058,37.2835,1.08374,19.6282,0,Lost,Specification
Q105401,2025-08-01,CU2071,20180,Regional Retail Chain,81.1,16.3876,14.6217,14.3091,1.02185,11.0326,0,Lost,Specification
Q105402,2026-01-01,CU2072,20116,Marketplace Seller,643.0,11.806,11.2634,10.429,1.08001,5.4733,1,Won,
Q105403,2023-10-01,CU2008,20141,Independent Retailer,1943.1,53.3713,51.8898,55.2453,0.93926,25.1312,1,Won,
Q105404,2024-01-01,CU2134,20174,Marketplace Seller,155.5,12.8281,9.9368,13.4667,0.73788,8.9064,1,Won,
Q105405,2025-07-01,CU2058,20004,Corporate & B2B Buyer,727.9,27.5803,24.4456,23.5445,1.03827,18.9132,1,Won,
Q105406,2024-11-01,CU2061,20134,Marketplace Seller,59.3,24.1169,20.2973,20.7688,0.9773,11.4302,1,Won,
Q105407,2026-04-01,CU2025,20099,E-commerce Pure-Play,363.7,68.9696,60.2076,67.5881,0.8908,31.5651,0,Lost,Price
Q105408,2025-10-01,CU2111,20131,Independent Retailer,294.1,22.7209,20.675,20.7403,0.99685,18.785,1,Won,
Q105409,2024-11-01,CU2140,20090,Subscription Box Operator,624.2,31.9466,27.4114,27.2987,1.00413,22.7653,1,Won,
Q105410,2025-05-01,CU2077,20224,Corporate & B2B Buyer,115.1,8.0513,7.1436,7.2073,0.99116,7.2334,0,Lost,Lead time
Q105411,2024-08-01,CU2095,20044,Sub-Distributor,80.7,13.5077,9.8452,11.5272,0.85409,8.3346,1,Won,
Q105412,2024-09-01,CU2013,20064,Independent Retailer,975.1,46.9973,39.2014,39.9614,0.98098,30.8284,0,Lost,Specification
Q105413,2025-02-01,CU2081,20061,Regional Retail Chain,1006.8,23.3185,18.7838,20.2901,0.92576,12.7351,0,Lost,Price
Q105414,2024-06-01,CU2087,20054,Sub-Distributor,1096.6,125.7764,106.4059,113.9569,0.93374,68.1519,0,Lost,Price
Q105415,2025-01-01,CU2133,20079,Marketplace Seller,124.9,10.2823,9.5661,9.4325,1.01416,7.5945,0,Lost,Price
Q105416,2026-01-01,CU2071,20091,Regional Retail Chain,155.0,30.4782,27.5182,26.4613,1.03994,11.1814,1,Won,
Q105417,2024-10-01,CU2066,20156,Corporate & B2B Buyer,470.4,71.0354,58.9055,64.8052,0.90896,48.7801,1,Won,
Q105418,2026-03-01,CU2062,20065,Independent Retailer,2985.9,40.7111,32.1448,38.3493,0.83821,31.0332,0,Lost,Specification
Q105419,2025-11-01,CU2081,20227,Regional Retail Chain,118.7,34.0243,31.6912,27.6154,1.14759,23.9304,0,Lost,Price
Q105420,2025-11-01,CU2044,20079,Corporate & B2B Buyer,158.6,11.667,10.7985,9.757,1.10675,8.9315,0,Lost,Price
Q105421,2025-02-01,CU2129,20188,Regional Retail Chain,116.8,11.6907,10.6445,11.7846,0.90326,8.1976,1,Won,
Q105422,2025-09-01,CU2121,20115,Corporate & B2B Buyer,243.8,57.6822,49.203,51.9318,0.94745,35.6092,0,Lost,Incumbent supplier
Q105423,2024-10-01,CU2008,20229,Independent Retailer,704.3,21.2205,19.0478,18.3307,1.03912,11.9461,1,Won,
Q105424,2023-12-01,CU2109,20119,Subscription Box Operator,2441.6,49.9614,42.7331,51.1576,0.83532,30.9574,1,Won,
Q105425,2025-03-01,CU2101,20096,Independent Retailer,472.4,9.9715,9.3774,10.4278,0.89927,5.7874,1,Won,
Q105426,2023-07-01,CU2128,20149,Marketplace Seller,699.4,52.9775,50.4855,43.7037,1.15518,33.1672,0,Lost,Price
Q105427,2025-10-01,CU2145,20120,Regional Retail Chain,270.6,64.6232,59.2057,64.536,0.91741,34.8778,1,Won,
Q105428,2026-03-01,CU2012,20158,Government & Education,459.2,39.9208,36.3122,38.0583,0.95412,26.1909,1,Won,
Q105429,2023-11-01,CU2078,20162,E-commerce Pure-Play,146.8,13.523,12.2113,12.0287,1.01518,6.8772,1,Won,
Q105430,2024-09-01,CU2093,20049,Independent Retailer,622.6,77.4427,66.1467,73.8205,0.89605,37.7192,1,Won,
Q105431,2026-06-01,CU2140,20038,Subscription Box Operator,719.4,69.0054,69.7844,56.3245,1.23897,61.076,0,Lost,Price
Q105432,2025-03-01,CU2105,20225,Marketplace Seller,246.8,90.7471,83.8586,78.9587,1.06206,41.5046,0,Lost,Price
Q105433,2024-09-01,CU2018,20149,Independent Retailer,362.7,64.0142,53.6139,53.5096,1.00195,45.3794,1,Won,
Q105434,2025-12-01,CU2031,20197,Corporate & B2B Buyer,124.7,15.1865,14.4134,15.989,0.90145,9.0299,1,Won,
Q105435,2023-12-01,CU2061,20182,Marketplace Seller,299.9,36.2402,32.1642,32.1527,1.00036,26.055,1,Won,
Q105436,2025-07-01,CU2119,20207,Marketplace Seller,216.3,12.1957,11.0342,11.2238,0.9831,7.3301,1,Won,
Q105437,2023-10-01,CU2041,20031,Sub-Distributor,230.8,6.9599,5.7272,7.3019,0.78434,4.3936,1,Won,
Q105438,2023-10-01,CU2048,20219,E-commerce Pure-Play,386.3,14.3205,13.5556,12.4727,1.08682,7.9184,0,Lost,Price
Q105439,2026-02-01,CU2091,20105,Independent Retailer,501.2,20.5362,18.9924,18.3273,1.03629,13.5002,0,Lost,Price
Q105440,2024-01-01,CU2101,20087,Independent Retailer,851.7,27.2842,25.2288,24.0472,1.04914,19.6727,0,Lost,Lead time
Q105441,2025-06-01,CU2052,20142,Marketplace Seller,380.8,27.7794,23.9912,25.2847,0.94884,19.0819,0,Lost,Specification
Q105442,2025-05-01,CU2017,20007,Government & Education,99.2,22.4198,20.8023,21.2315,0.97978,17.7065,0,Lost,Price
Q105443,2023-07-01,CU2019,20009,E-commerce Pure-Play,70.8,24.9882,22.1355,24.2961,0.91107,13.8331,1,Won,
Q105444,2024-07-01,CU2039,20152,Marketplace Seller,105.5,20.2112,17.9758,19.2356,0.93451,11.6732,0,Lost,Incumbent supplier
Q105445,2025-09-01,CU2041,20192,Sub-Distributor,265.8,19.1806,17.5383,20.3128,0.86341,13.3464,1,Won,
Q105446,2024-02-01,CU2121,20208,Corporate & B2B Buyer,625.5,23.415,21.4142,24.2803,0.88196,12.2644,1,Won,
Q105447,2025-06-01,CU2127,20010,Corporate & B2B Buyer,418.5,49.2508,39.0977,51.4653,0.75969,34.1489,1,Won,
Q105448,2024-12-01,CU2054,20080,Marketplace Seller,2332.0,25.4523,22.0234,21.0676,1.04537,14.5805,0,Lost,Price
Q105449,2024-04-01,CU2119,20046,Marketplace Seller,691.4,16.8408,15.7004,16.0377,0.97897,13.2821,1,Won,
Q105450,2025-05-01,CU2048,20208,E-commerce Pure-Play,496.2,24.7639,23.7146,26.0604,0.90998,12.4307,1,Won,
Q105451,2024-04-01,CU2030,20110,Independent Retailer,615.2,119.8102,99.2222,126.1352,0.78663,69.8199,1,Won,
Q105452,2026-05-01,CU2131,20169,Regional Retail Chain,344.6,23.5116,21.9029,20.8769,1.04915,16.3222,0,Lost,Lead time
Q105453,2023-08-01,CU2010,20200,Sub-Distributor,262.5,19.9203,16.9514,16.2556,1.04281,13.1018,1,Won,
Q105454,2024-02-01,CU2029,20018,Independent Retailer,325.4,98.8846,88.9717,99.788,0.89161,47.9326,1,Won,
Q105455,2025-03-01,CU2133,20197,Marketplace Seller,356.9,16.0491,14.4823,15.6437,0.92576,8.9883,1,Won,
Q105456,2023-12-01,CU2047,20205,Corporate & B2B Buyer,1314.5,20.3175,19.4076,19.7631,0.98201,12.0664,1,Won,
Q105457,2024-02-01,CU2010,20086,Sub-Distributor,520.0,40.1608,34.9804,33.2611,1.05169,22.9362,0,Lost,Lead time
Q105458,2025-10-01,CU2094,20048,Regional Retail Chain,335.0,107.9141,101.3079,96.4798,1.05004,69.3413,1,Won,
Q105459,2024-05-01,CU2022,20104,Regional Retail Chain,515.3,12.6716,12.0399,13.4041,0.89823,7.6322,1,Won,
Q105460,2024-11-01,CU2009,20007,Marketplace Seller,202.5,22.169,20.3934,22.3241,0.91352,16.9081,1,Won,
Q105461,2025-10-01,CU2037,20172,Marketplace Seller,510.5,24.9176,21.7447,21.3392,1.019,22.5703,0,Lost,Specification
Q105462,2024-06-01,CU2047,20125,Corporate & B2B Buyer,308.9,14.6716,13.3546,13.2392,1.00872,9.9224,1,Won,
Q105463,2024-02-01,CU2099,20176,E-commerce Pure-Play,117.2,46.4061,38.1824,42.8075,0.89196,34.2205,1,Won,
Q105464,2026-01-01,CU2043,20125,Government & Education,1323.1,14.6716,12.9879,13.3691,0.97149,8.8675,0,Lost,Incumbent supplier
Q105465,2024-11-01,CU2132,20198,Subscription Box Operator,313.9,9.4269,7.2857,9.8111,0.7426,4.4616,1,Won,
Q105466,2024-03-01,CU2095,20009,Sub-Distributor,497.1,24.0134,19.6012,23.2377,0.84351,14.3809,1,Won,
Q105467,2025-12-01,CU2048,20052,E-commerce Pure-Play,280.4,17.0871,13.949,15.4059,0.90543,8.3546,1,Won,
Q105468,2024-02-01,CU2026,20000,Marketplace Seller,83.2,68.1604,60.1038,56.3023,1.06752,36.5853,0,Lost,Price
Q105469,2025-08-01,CU2148,20071,Regional Retail Chain,874.2,73.2626,74.5621,59.5505,1.25208,51.0655,0,Lost,Price
Q105470,2026-06-01,CU2044,20159,Corporate & B2B Buyer,119.1,28.712,22.1836,30.3363,0.73125,19.9357,1,Won,
Q105471,2024-03-01,CU2068,20123,E-commerce Pure-Play,315.6,11.0594,10.2699,8.8663,1.15831,6.6278,0,Lost,Incumbent supplier
Q105472,2026-01-01,CU2149,20065,Corporate & B2B Buyer,264.6,40.7111,38.9187,38.6218,1.00769,30.6443,0,Lost,Specification
Q105473,2024-07-01,CU2110,20022,Independent Retailer,380.4,52.0405,48.8441,49.1774,0.99322,35.3173,0,Lost,Price
Q105474,2025-07-01,CU2098,20134,Subscription Box Operator,84.5,22.8756,20.668,21.7752,0.94915,11.1259,0,Lost,Specification
Q105475,2026-03-01,CU2090,20142,Sub-Distributor,222.1,33.1195,29.8343,29.5552,1.00944,20.0006,1,Won,
Q105476,2026-02-01,CU2147,20053,Marketplace Seller,214.6,20.9172,18.1507,18.1765,0.99858,9.9066,0,Lost,Price
Q105477,2025-06-01,CU2097,20200,Subscription Box Operator,948.3,27.3121,22.0261,25.3142,0.87011,16.4381,1,Won,
Q105478,2025-10-01,CU2035,20066,Corporate & B2B Buyer,942.0,14.317,12.2971,13.0403,0.94301,7.3093,0,Lost,Incumbent supplier
Q105479,2025-05-01,CU2051,20050,Subscription Box Operator,630.6,13.6716,13.2163,11.8026,1.11978,6.6934,1,Won,
Q105480,2025-05-01,CU2142,20008,Marketplace Seller,659.0,18.6896,16.3608,15.057,1.08659,12.5608,1,Won,
Q105481,2023-07-01,CU2069,20177,E-commerce Pure-Play,442.1,34.4539,30.3116,30.6277,0.98968,23.9083,1,Won,
Q105482,2025-11-01,CU2090,20149,Sub-Distributor,820.3,64.8486,64.7118,52.186,1.24002,39.4219,0,Lost,Price
Q105483,2024-11-01,CU2113,20130,Independent Retailer,376.2,72.8949,69.3491,63.0662,1.09962,50.3689,0,Lost,Price
Q105484,2023-11-01,CU2141,20058,Marketplace Seller,64.3,27.2399,22.2932,24.0494,0.92697,18.7865,1,Won,
Q105485,2025-10-01,CU2074,20130,Corporate & B2B Buyer,1172.2,71.5465,58.6226,67.522,0.8682,47.9537,0,Lost,Price
Q105486,2026-05-01,CU2107,20161,E-commerce Pure-Play,1235.4,36.8514,37.0041,33.0151,1.12082,23.9416,0,Lost,Lead time
Q105487,2024-09-01,CU2112,20175,Government & Education,124.9,15.8511,13.3377,16.3985,0.81335,10.4309,1,Won,
Q105488,2026-06-01,CU2083,20116,Marketplace Seller,158.7,12.7541,11.4549,13.1483,0.87121,5.6282,0,Lost,Price
Q105489,2025-04-01,CU2109,20130,Subscription Box Operator,172.6,71.7007,60.8406,67.7917,0.89746,49.6947,0,Lost,Price
Q105490,2024-02-01,CU2054,20098,Marketplace Seller,376.7,18.8237,15.0459,17.3188,0.86876,13.0793,1,Won,
Q105491,2026-05-01,CU2100,20171,Independent Retailer,312.5,52.5609,50.0937,46.0791,1.08712,31.5458,1,Won,
Q105492,2024-11-01,CU2142,20030,Marketplace Seller,488.5,15.2431,11.5868,13.5181,0.85713,9.699,1,Won,
Q105493,2025-08-01,CU2109,20004,Subscription Box Operator,951.9,27.5803,23.0497,25.889,0.89033,18.4889,1,Won,
Q105494,2025-08-01,CU2148,20085,Regional Retail Chain,315.8,55.287,49.5907,55.8801,0.88745,30.2364,0,Lost,Lead time
Q105495,2026-05-01,CU2043,20119,Government & Education,342.5,40.4651,37.6215,38.5122,0.97687,20.5184,0,Lost,Specification
Q105496,2023-07-01,CU2057,20054,Subscription Box Operator,239.7,116.3736,106.8587,109.3537,0.97718,64.4325,1,Won,
Q105497,2024-01-01,CU2003,20105,Regional Retail Chain,384.7,23.5297,23.6473,22.9553,1.03015,11.3866,0,Lost,Lead time
Q105498,2025-12-01,CU2052,20179,Marketplace Seller,420.1,46.1465,39.3865,48.0554,0.81961,21.0262,1,Won,
Q105499,2023-09-01,CU2149,20114,Corporate & B2B Buyer,134.8,72.0156,71.8108,65.1811,1.10171,49.7978,1,Won,
Q105500,2024-09-01,CU2024,20131,Corporate & B2B Buyer,64.8,25.2116,23.3145,20.7088,1.12583,20.9452,0,Lost,Price
Q105501,2026-03-01,CU2101,20024,Independent Retailer,182.2,46.9298,45.9717,41.5877,1.10542,29.9434,1,Won,
Q105502,2025-12-01,CU2046,20019,Marketplace Seller,186.0,9.624,9.1247,9.8501,0.92635,5.4147,1,Won,
Q105503,2025-05-01,CU2033,20157,Independent Retailer,1265.9,54.6373,52.9834,50.5215,1.04873,42.6993,0,Lost,Price
Q105504,2025-08-01,CU2107,20204,E-commerce Pure-Play,377.7,25.6592,21.9991,23.5439,0.93439,14.7843,1,Won,
Q105505,2025-11-01,CU2089,20112,Marketplace Seller,174.5,43.7766,37.6489,36.3041,1.03704,23.4102,1,Won,
Q105506,2025-04-01,CU2068,20031,E-commerce Pure-Play,75.1,6.5142,5.6152,5.2256,1.07456,4.22,1,Won,
Q105507,2026-04-01,CU2094,20134,Regional Retail Chain,627.4,23.1204,17.3316,22.2294,0.77967,11.2833,1,Won,
Q105508,2024-02-01,CU2087,20171,Sub-Distributor,2163.2,45.8652,42.9989,46.5496,0.92372,30.7925,1,Won,
Q105509,2023-11-01,CU2054,20135,Marketplace Seller,460.7,72.4683,73.3672,65.5408,1.11941,37.7176,0,Lost,Price
Q105510,2024-05-01,CU2094,20067,Regional Retail Chain,191.3,8.6392,8.812,9.0247,0.97643,4.3526,1,Won,
Q105511,2024-01-01,CU2041,20072,Sub-Distributor,288.4,15.2657,14.0975,15.972,0.88264,9.7995,1,Won,
Q105512,2024-01-01,CU2095,20227,Sub-Distributor,1249.9,41.6118,40.7221,41.5751,0.97949,26.9449,1,Won,
Q105513,2026-02-01,CU2027,20145,Marketplace Seller,55.0,18.7392,18.6292,18.6355,0.99966,12.6978,1,Won,
Q105514,2024-07-01,CU2005,20169,Independent Retailer,859.8,24.1323,21.6902,19.7186,1.09999,15.27,0,Lost,Price
Q105515,2024-12-01,CU2057,20045,Subscription Box Operator,170.9,19.6086,17.7583,18.3086,0.96994,13.7919,0,Lost,Price
Q105516,2025-07-01,CU2022,20200,Regional Retail Chain,216.2,27.3121,23.9999,25.5447,0.93953,17.1849,1,Won,
Q105517,2026-03-01,CU2004,20070,Independent Retailer,338.5,15.2465,12.5483,13.7064,0.9155,12.3326,0,Lost,Lead time
Q105518,2024-12-01,CU2012,20017,Government & Education,378.8,28.1967,25.9825,23.5165,1.10486,17.1044,0,Lost,Price
Q105519,2023-11-01,CU2030,20181,Independent Retailer,182.9,14.959,12.9382,13.6732,0.94625,9.9447,0,Lost,Price
Q105520,2024-06-01,CU2036,20184,Regional Retail Chain,359.1,157.4857,130.2144,163.2071,0.79785,95.1416,1,Won,
Q105521,2024-08-01,CU2149,20033,Corporate & B2B Buyer,620.0,12.0399,9.4912,11.3295,0.83774,9.9345,1,Won,
Q105522,2025-07-01,CU2101,20066,Independent Retailer,114.0,14.5836,12.3599,13.0047,0.95042,6.665,1,Won,
Q105523,2024-07-01,CU2130,20151,Corporate & B2B Buyer,264.7,17.4083,14.0164,17.5828,0.79716,6.9036,1,Won,
Q105524,2026-04-01,CU2147,20109,Marketplace Seller,115.0,28.8682,24.2862,26.4076,0.91967,15.7259,1,Won,
Q105525,2024-05-01,CU2063,20231,Sub-Distributor,127.5,44.5225,38.2192,45.2363,0.84488,24.3638,1,Won,
Q105526,2025-07-01,CU2106,20219,Sub-Distributor,64.9,12.1417,10.6729,11.9477,0.8933,6.1761,1,Won,
Q105527,2025-01-01,CU2087,20144,Sub-Distributor,379.2,30.9157,24.9002,29.1274,0.85487,15.9333,1,Won,
Q105528,2023-12-01,CU2068,20145,E-commerce Pure-Play,166.4,15.3185,13.6335,13.5519,1.00602,8.9702,0,Lost,Incumbent supplier
Q105529,2025-12-01,CU2075,20235,Independent Retailer,266.4,69.4759,58.5722,59.5706,0.98324,46.8196,0,Lost,Price
Q105530,2024-12-01,CU2125,20087,Marketplace Seller,118.2,32.2609,28.8519,33.3296,0.86565,24.1941,1,Won,
Q105531,2024-08-01,CU2098,20070,Subscription Box Operator,139.1,15.8471,14.3016,15.005,0.95313,10.6593,0,Lost,Lead time
Q105532,2023-07-01,CU2014,20032,Marketplace Seller,257.0,19.0384,18.4834,17.1407,1.07833,12.3699,0,Lost,Price
Q105533,2024-07-01,CU2133,20235,Marketplace Seller,842.5,78.502,70.6231,71.8956,0.9823,49.5984,1,Won,
Q105534,2024-09-01,CU2047,20202,Corporate & B2B Buyer,979.4,46.9027,39.1337,46.5269,0.8411,21.8737,0,Lost,Lead time
Q105535,2023-08-01,CU2004,20232,Independent Retailer,1005.8,47.5107,44.9917,43.0232,1.04575,33.1701,1,Won,
Q105536,2024-09-01,CU2070,20190,Marketplace Seller,242.5,35.8841,32.7691,29.7688,1.10079,22.6507,0,Lost,Specification
Q105537,2025-03-01,CU2137,20189,E-commerce Pure-Play,733.9,13.195,10.3988,12.9611,0.80231,6.7813,1,Won,
Q105538,2025-07-01,CU2082,20115,E-commerce Pure-Play,165.4,56.5936,51.811,45.8365,1.13034,34.4913,0,Lost,Incumbent supplier
Q105539,2025-12-01,CU2097,20053,Subscription Box Operator,947.4,19.7127,17.6644,17.7147,0.99716,9.5999,0,Lost,Price
Q105540,2025-10-01,CU2142,20060,Marketplace Seller,246.7,25.9472,23.1091,23.4841,0.98403,14.6,1,Won,
Q105541,2025-07-01,CU2146,20075,E-commerce Pure-Play,165.6,20.793,18.108,18.0399,1.00378,11.5908,1,Won,
Q105542,2023-12-01,CU2013,20023,Independent Retailer,545.6,26.4337,25.5744,21.6632,1.18054,18.0977,0,Lost,Price
Q105543,2024-09-01,CU2145,20197,Regional Retail Chain,795.2,17.535,15.1272,15.7691,0.9593,9.6076,0,Lost,Incumbent supplier
Q105544,2023-08-01,CU2006,20062,Independent Retailer,596.5,52.6659,44.9203,46.5949,0.96406,32.7161,1,Won,
Q105545,2026-03-01,CU2022,20153,Regional Retail Chain,145.6,25.2388,24.4807,24.5863,0.99571,14.7763,0,Lost,Incumbent supplier
Q105546,2025-11-01,CU2113,20155,Independent Retailer,223.5,133.7732,136.4487,120.9575,1.12807,87.5687,0,Lost,Price
Q105547,2025-10-01,CU2073,20089,Marketplace Seller,197.5,77.724,78.1284,63.0792,1.23858,52.9949,0,Lost,Price
Q105548,2026-06-01,CU2028,20187,Independent Retailer,194.8,53.9498,48.8968,45.8764,1.06584,26.989,1,Won,
Q105549,2025-09-01,CU2149,20011,Corporate & B2B Buyer,258.7,19.6429,18.5467,17.61,1.05319,13.7101,0,Lost,Price
Q105550,2024-03-01,CU2061,20131,Marketplace Seller,714.0,23.5294,21.181,18.828,1.12498,19.18,0,Lost,Specification
Q105551,2024-06-01,CU2062,20104,Independent Retailer,189.2,13.3476,12.2253,13.7987,0.88597,7.4697,1,Won,
Q105552,2026-05-01,CU2106,20177,Sub-Distributor,189.9,35.3179,28.0105,30.3374,0.9233,24.8928,1,Won,
Q105553,2025-11-01,CU2109,20007,Subscription Box Operator,55.7,21.2631,20.4412,21.7028,0.94187,15.2798,1,Won,
Q105554,2024-02-01,CU2009,20093,Marketplace Seller,467.7,52.0115,47.4122,55.09,0.86063,27.5737,1,Won,
Q105555,2026-02-01,CU2000,20229,Independent Retailer,2683.8,21.6045,20.9906,17.8573,1.17546,15.1366,0,Lost,Incumbent supplier
Q105556,2024-09-01,CU2116,20227,Independent Retailer,164.9,38.3155,37.1199,37.7148,0.98423,22.9568,1,Won,
Q105557,2023-07-01,CU2142,20014,Marketplace Seller,190.9,34.6331,32.0518,30.7057,1.04384,17.5957,1,Won,
Q105558,2023-12-01,CU2088,20085,Independent Retailer,857.5,59.9237,51.2179,60.5798,0.84546,35.2556,0,Lost,Price
Q105559,2024-11-01,CU2087,20146,Sub-Distributor,928.2,17.6399,16.7966,17.0168,0.98706,11.0597,0,Lost,Lead time
Q105560,2023-12-01,CU2024,20180,Corporate & B2B Buyer,373.6,17.2434,15.1906,14.1407,1.07425,11.3323,0,Lost,Price
Q105561,2024-03-01,CU2064,20157,Independent Retailer,252.3,54.4083,46.665,47.8526,0.97518,41.387,1,Won,
Q105562,2026-03-01,CU2090,20156,Sub-Distributor,129.1,73.2189,72.7734,65.795,1.10606,43.4752,0,Lost,Specification
Q105563,2025-02-01,CU2044,20203,Corporate & B2B Buyer,337.6,19.2708,16.1965,19.1604,0.84531,11.4429,0,Lost,Incumbent supplier
Q105564,2024-09-01,CU2003,20025,Regional Retail Chain,171.9,45.9596,44.2232,41.0656,1.07689,34.5005,0,Lost,Specification
Q105565,2025-11-01,CU2060,20235,Subscription Box Operator,44.9,69.4759,59.6094,58.2545,1.02326,44.748,0,Lost,Specification
Q105566,2026-04-01,CU2144,20165,Marketplace Seller,135.5,18.802,16.194,18.4083,0.87971,12.6911,1,Won,
Q105567,2024-11-01,CU2133,20219,Marketplace Seller,456.9,12.9903,10.3593,11.2026,0.92472,6.6576,1,Won,
Q105568,2025-05-01,CU2117,20090,Marketplace Seller,214.7,31.9466,29.2798,27.5435,1.06304,24.5168,0,Lost,Lead time
Q105569,2025-09-01,CU2047,20074,Corporate & B2B Buyer,175.7,44.4101,39.4009,45.9536,0.85741,31.1388,1,Won,
Q105570,2025-07-01,CU2029,20014,Independent Retailer,847.0,45.0311,44.2897,39.7071,1.11541,17.4506,1,Won,
Q105571,2024-11-01,CU2025,20015,E-commerce Pure-Play,943.3,13.0019,11.0116,13.3333,0.82587,8.6879,0,Lost,Price
Q105572,2025-09-01,CU2039,20196,Marketplace Seller,412.6,23.1092,19.8688,18.6854,1.06333,18.4012,0,Lost,Specification
Q105573,2025-05-01,CU2083,20143,Marketplace Seller,252.1,53.3368,48.1058,53.9073,0.89238,28.446,1,Won,
Q105574,2026-03-01,CU2054,20015,Marketplace Seller,251.0,12.5551,11.1181,11.5708,0.96087,8.6761,0,Lost,Incumbent supplier
Q105575,2024-04-01,CU2114,20088,Corporate & B2B Buyer,356.9,20.3769,20.6381,17.8548,1.15588,10.7502,0,Lost,Specification
Q105576,2023-07-01,CU2132,20227,Subscription Box Operator,227.3,39.85,33.7003,36.6272,0.92009,25.2984,1,Won,
Q105577,2025-02-01,CU2084,20014,Marketplace Seller,350.8,39.3071,34.9169,34.064,1.02504,16.4689,0,Lost,Specification
Q105578,2025-07-01,CU2070,20117,Marketplace Seller,171.8,15.5127,13.9469,14.5041,0.96158,8.8634,1,Won,
Q105579,2024-09-01,CU2062,20093,Independent Retailer,174.1,57.2436,50.7501,47.8956,1.0596,31.187,1,Won,
Q105580,2023-12-01,CU2059,20214,Independent Retailer,515.1,18.6709,16.5057,17.8243,0.92602,12.3061,1,Won,
Q105581,2026-02-01,CU2078,20231,E-commerce Pure-Play,494.3,44.5225,36.9022,36.3269,1.01584,17.5938,0,Lost,Specification
Q105582,2024-05-01,CU2110,20118,Independent Retailer,81.6,84.0652,78.2919,71.1842,1.09985,40.4128,0,Lost,Price
Q105583,2024-12-01,CU2131,20064,Regional Retail Chain,96.8,48.3651,41.2088,44.4188,0.92773,29.9777,1,Won,
Q105584,2026-04-01,CU2001,20078,Subscription Box Operator,690.2,21.3921,18.4133,21.4478,0.85852,14.6719,0,Lost,Specification
Q105585,2026-04-01,CU2054,20168,Marketplace Seller,156.4,16.8263,14.7555,16.3696,0.9014,12.4563,0,Lost,Specification
Q105586,2026-01-01,CU2140,20140,Subscription Box Operator,582.0,233.1273,194.7898,246.6058,0.78988,156.6214,1,Won,
Q105587,2024-09-01,CU2089,20123,Marketplace Seller,372.4,10.946,10.018,9.8389,1.0182,7.2741,1,Won,
Q105588,2023-07-01,CU2096,20002,Marketplace Seller,133.3,51.1304,39.5372,49.4943,0.79882,34.7463,1,Won,
Q105589,2023-07-01,CU2074,20234,Corporate & B2B Buyer,175.4,36.9312,34.7275,31.4175,1.10535,23.6886,0,Lost,Price
Q105590,2026-01-01,CU2052,20070,Marketplace Seller,211.7,15.2465,11.8831,14.0764,0.84418,11.8278,1,Won,
Q105591,2025-07-01,CU2134,20071,Marketplace Seller,69.3,73.2626,62.7764,67.5699,0.92906,49.7581,1,Won,
Q105592,2023-09-01,CU2127,20098,Corporate & B2B Buyer,101.1,18.8237,17.0212,19.4311,0.87598,13.3514,1,Won,
Q105593,2024-09-01,CU2091,20083,Independent Retailer,854.1,53.3025,46.6225,45.9659,1.01428,28.6275,1,Won,
Q105594,2023-12-01,CU2089,20177,Marketplace Seller,954.3,35.3179,33.4735,35.5961,0.94037,21.4494,0,Lost,Price
Q105595,2024-08-01,CU2000,20214,Independent Retailer,142.9,18.5842,18.6165,19.2938,0.96489,13.9468,0,Lost,Price
Q105596,2026-06-01,CU2060,20117,Subscription Box Operator,58.7,15.5127,14.4081,15.3613,0.93795,8.9667,1,Won,
Q105597,2025-12-01,CU2081,20050,Regional Retail Chain,149.5,14.8161,14.1112,13.2382,1.06594,7.2176,1,Won,
Q105598,2026-01-01,CU2099,20073,E-commerce Pure-Play,205.7,21.6086,19.6351,20.6488,0.9509,18.9026,0,Lost,Price
Q105599,2026-04-01,CU2022,20182,Regional Retail Chain,181.3,28.9507,26.3548,29.9262,0.88066,18.2362,0,Lost,Specification
