change_id,effective_month,product_id,description,category,brand_tier,previous_price,new_price,pct_change,direction,reason,requested_by,approval_state,approver,days_to_approve
PC20000,2024-01-01,20000,"Wireless Earbuds - Private label, Inner pack 6",Consumer Electronics,Private label,64.5408,68.1604,0.05608,Increase,Market correction,Bea Okonkwo,Approved,Sales manager,1
PC20001,2024-07-01,20000,"Wireless Earbuds - Private label, Inner pack 6",Consumer Electronics,Private label,68.1604,62.5945,-0.08166,Decrease,Competitive response,Nikita Petrenko,Approved,Commercial director,9
PC20002,2025-01-01,20000,"Wireless Earbuds - Private label, Inner pack 6",Consumer Electronics,Private label,62.5945,63.5084,0.0146,Increase,Cost pass-through,Pricing team,Auto-approved,None,0
PC20003,2025-07-01,20000,"Wireless Earbuds - Private label, Inner pack 6",Consumer Electronics,Private label,63.5084,58.5689,-0.07778,Decrease,Customer negotiation,Simone Delacroix,Approved,Commercial director,5
PC20004,2026-01-01,20000,"Wireless Earbuds - Private label, Inner pack 6",Consumer Electronics,Private label,58.5689,52.2297,-0.10823,Decrease,Market correction,Simone Delacroix,Approved,Commercial director,1
PC20005,2023-08-01,20001,"Multivitamin - Private label, Case 12",Health & Beauty,Private label,19.0191,18.3159,-0.03697,Decrease,Customer negotiation,Simone Delacroix,Approved,Sales manager,11
PC20006,2023-11-01,20001,"Multivitamin - Private label, Case 12",Health & Beauty,Private label,18.3159,18.7172,0.02191,Increase,Cost pass-through,Pricing team,Approved,Sales manager,5
PC20007,2024-02-01,20001,"Multivitamin - Private label, Case 12",Health & Beauty,Private label,18.7172,18.5889,-0.00685,Decrease,Promotional reset,Tom Beauchemin,Approved,Sales manager,2
PC20008,2024-05-01,20001,"Multivitamin - Private label, Case 12",Health & Beauty,Private label,18.5889,18.2434,-0.01859,Decrease,Market correction,Tom Beauchemin,Approved,Sales manager,2
PC20009,2024-08-01,20001,"Multivitamin - Private label, Case 12",Health & Beauty,Private label,18.2434,18.2534,0.00055,Increase,Cost pass-through,Pricing team,Auto-approved,None,0
PC20010,2024-11-01,20001,"Multivitamin - Private label, Case 12",Health & Beauty,Private label,18.2534,18.2217,-0.00174,Decrease,Promotional reset,Rowan Achterberg,Approved,Sales manager,1
PC20011,2025-02-01,20001,"Multivitamin - Private label, Case 12",Health & Beauty,Private label,18.2217,18.177,-0.00245,Decrease,Promotional reset,Hollis Marchetti,Approved,Sales manager,1
PC20012,2025-05-01,20001,"Multivitamin - Private label, Case 12",Health & Beauty,Private label,18.177,17.8257,-0.01933,Decrease,Market correction,Nikita Petrenko,Approved,Sales manager,1
PC20013,2025-08-01,20001,"Multivitamin - Private label, Case 12",Health & Beauty,Private label,17.8257,18.7976,0.05452,Increase,Cost pass-through,Pricing team,Approved,Sales manager,1
PC20014,2025-11-01,20001,"Multivitamin - Private label, Case 12",Health & Beauty,Private label,18.7976,17.59,-0.06424,Decrease,Annual review,Pricing team,Approved,Commercial director,1
PC20015,2026-02-01,20001,"Multivitamin - Private label, Case 12",Health & Beauty,Private label,17.59,19.1349,0.08783,Increase,Customer negotiation,Dana Whitfield,Rejected,Commercial director,3
PC20016,2026-05-01,20001,"Multivitamin - Private label, Case 12",Health & Beauty,Private label,19.1349,19.9168,0.04086,Increase,Cost pass-through,Pricing team,Pending,Sales manager,4
PC20017,2023-08-01,20002,"Safety Boots - Value, Case 24",Apparel & Accessories,Value,51.1304,55.6316,0.08803,Increase,Competitive response,Alix Fontaine,Approved,Commercial director,10
PC20018,2024-02-01,20002,"Safety Boots - Value, Case 24",Apparel & Accessories,Value,55.6316,49.5932,-0.10854,Decrease,Promotional reset,Simone Delacroix,Rejected,Commercial director,3
PC20019,2024-08-01,20002,"Safety Boots - Value, Case 24",Apparel & Accessories,Value,49.5932,53.3806,0.07637,Increase,Competitive response,Dana Whitfield,Approved,Commercial director,6
PC20020,2025-02-01,20002,"Safety Boots - Value, Case 24",Apparel & Accessories,Value,53.3806,48.9767,-0.0825,Decrease,Annual review,Pricing team,Approved,Commercial director,3
PC20021,2025-08-01,20002,"Safety Boots - Value, Case 24",Apparel & Accessories,Value,48.9767,55.5492,0.1342,Increase,Annual review,Pricing team,Approved,Commercial director,1
PC20022,2026-02-01,20002,"Safety Boots - Value, Case 24",Apparel & Accessories,Value,55.5492,52.678,-0.05169,Decrease,Customer negotiation,Alix Fontaine,Approved,Sales manager,16
PC20023,2023-09-01,20003,"Storage Bins - National brand, Master carton 48",Home & Kitchen,National brand,33.0172,31.9878,-0.03118,Decrease,Market correction,Priya Raghunathan,Approved,Sales manager,6
PC20024,2023-12-01,20003,"Storage Bins - National brand, Master carton 48",Home & Kitchen,National brand,31.9878,29.3806,-0.08151,Decrease,Market correction,Nikita Petrenko,Approved,Commercial director,1
PC20025,2024-03-01,20003,"Storage Bins - National brand, Master carton 48",Home & Kitchen,National brand,29.3806,26.0244,-0.11423,Decrease,Customer negotiation,Dana Whitfield,Approved,Commercial director,3
PC20026,2024-04-01,20003,"Storage Bins - National brand, Master carton 48",Home & Kitchen,National brand,26.0244,36.4255,0.39967,Increase,Cost pass-through,Pricing team,Approved,Commercial director,5
PC20027,2024-06-01,20003,"Storage Bins - National brand, Master carton 48",Home & Kitchen,National brand,36.4255,34.9615,-0.04019,Decrease,Market correction,Simone Delacroix,Approved,Sales manager,1
PC20028,2024-09-01,20003,"Storage Bins - National brand, Master carton 48",Home & Kitchen,National brand,34.9615,37.6046,0.0756,Increase,Annual review,Pricing team,Approved,Commercial director,1
PC20029,2024-12-01,20003,"Storage Bins - National brand, Master carton 48",Home & Kitchen,National brand,37.6046,34.1265,-0.09249,Decrease,Market correction,Rowan Achterberg,Approved,Commercial director,1
PC20030,2025-03-01,20003,"Storage Bins - National brand, Master carton 48",Home & Kitchen,National brand,34.1265,33.1449,-0.02876,Decrease,Promotional reset,Dana Whitfield,Approved,Sales manager,2
PC20031,2025-06-01,20003,"Storage Bins - National brand, Master carton 48",Home & Kitchen,National brand,33.1449,33.8854,0.02234,Increase,Promotional reset,Yusuf Kandemir,Approved,Sales manager,4
PC20032,2025-09-01,20003,"Storage Bins - National brand, Master carton 48",Home & Kitchen,National brand,33.8854,29.7927,-0.12078,Decrease,Market correction,Nikita Petrenko,Approved,Commercial director,1
PC20033,2025-12-01,20003,"Storage Bins - National brand, Master carton 48",Home & Kitchen,National brand,29.7927,27.9541,-0.06171,Decrease,Promotional reset,Nikita Petrenko,Approved,Commercial director,2
PC20034,2026-03-01,20003,"Storage Bins - National brand, Master carton 48",Home & Kitchen,National brand,27.9541,29.2913,0.04784,Increase,Cost pass-through,Pricing team,Approved,Sales manager,7
PC20035,2026-06-01,20003,"Storage Bins - National brand, Master carton 48",Home & Kitchen,National brand,29.2913,31.045,0.05987,Increase,Cost pass-through,Pricing team,Approved,Sales manager,4
PC20036,2024-01-01,20004,"Camping Tent - Premium brand, Each",Sporting Goods,Premium brand,26.8909,28.6768,0.06641,Increase,Annual review,Pricing team,Approved,Commercial director,1
PC20037,2024-07-01,20004,"Camping Tent - Premium brand, Each",Sporting Goods,Premium brand,28.6768,32.9054,0.14746,Increase,Competitive response,Hollis Marchetti,Approved,Commercial director,7
PC20038,2025-01-01,20004,"Camping Tent - Premium brand, Each",Sporting Goods,Premium brand,32.9054,30.3597,-0.07736,Decrease,Customer negotiation,Nikita Petrenko,Approved,Commercial director,2
PC20039,2025-07-01,20004,"Camping Tent - Premium brand, Each",Sporting Goods,Premium brand,30.3597,27.5803,-0.09155,Decrease,Promotional reset,Dana Whitfield,Approved,Commercial director,6
PC20040,2026-01-01,20004,"Camping Tent - Premium brand, Each",Sporting Goods,Premium brand,27.5803,28.2149,0.02301,Increase,Annual review,Pricing team,Pending,Sales manager,1
PC20041,2023-09-01,20005,"Backpack - Private label, Master carton 48",Apparel & Accessories,Private label,34.868,36.1902,0.03792,Increase,Cost pass-through,Pricing team,Approved,Sales manager,2
PC20042,2023-12-01,20005,"Backpack - Private label, Master carton 48",Apparel & Accessories,Private label,36.1902,34.5074,-0.0465,Decrease,Market correction,Bea Okonkwo,Approved,Sales manager,1
PC20043,2024-03-01,20005,"Backpack - Private label, Master carton 48",Apparel & Accessories,Private label,34.5074,34.1242,-0.0111,Decrease,Customer negotiation,Rowan Achterberg,Rejected,Sales manager,6
PC20044,2024-06-01,20005,"Backpack - Private label, Master carton 48",Apparel & Accessories,Private label,34.1242,36.3721,0.06587,Increase,Market correction,Tom Beauchemin,Approved,Commercial director,4
PC20045,2024-09-01,20005,"Backpack - Private label, Master carton 48",Apparel & Accessories,Private label,36.3721,37.5068,0.0312,Increase,Annual review,Pricing team,Approved,Sales manager,5
PC20046,2024-12-01,20005,"Backpack - Private label, Master carton 48",Apparel & Accessories,Private label,37.5068,37.4517,-0.00147,Decrease,Competitive response,Rowan Achterberg,Approved,Sales manager,1
PC20047,2025-03-01,20005,"Backpack - Private label, Master carton 48",Apparel & Accessories,Private label,37.4517,32.9728,-0.11959,Decrease,Cost pass-through,Pricing team,Approved,Commercial director,1
PC20048,2025-06-01,20005,"Backpack - Private label, Master carton 48",Apparel & Accessories,Private label,32.9728,35.1636,0.06644,Increase,Annual review,Pricing team,Approved,Commercial director,6
PC20049,2025-09-01,20005,"Backpack - Private label, Master carton 48",Apparel & Accessories,Private label,35.1636,38.7385,0.10166,Increase,Annual review,Pricing team,Approved,Commercial director,2
PC20050,2025-12-01,20005,"Backpack - Private label, Master carton 48",Apparel & Accessories,Private label,38.7385,37.8903,-0.0219,Decrease,Promotional reset,Alix Fontaine,Approved,Sales manager,5
PC20051,2026-03-01,20005,"Backpack - Private label, Master carton 48",Apparel & Accessories,Private label,37.8903,38.3556,0.01228,Increase,Cost pass-through,Pricing team,Auto-approved,None,0
PC20052,2026-06-01,20005,"Backpack - Private label, Master carton 48",Apparel & Accessories,Private label,38.3556,37.8386,-0.01348,Decrease,Market correction,Rowan Achterberg,Approved,Sales manager,1
PC20053,2023-08-01,20006,"Electric Toothbrush - Premium brand, Master carton 48",Health & Beauty,Premium brand,38.3096,38.5388,0.00598,Increase,Customer negotiation,Rowan Achterberg,Approved,Sales manager,3
PC20054,2023-11-01,20006,"Electric Toothbrush - Premium brand, Master carton 48",Health & Beauty,Premium brand,38.5388,39.2293,0.01792,Increase,Competitive response,Yusuf Kandemir,Approved,Sales manager,1
PC20055,2024-02-01,20006,"Electric Toothbrush - Premium brand, Master carton 48",Health & Beauty,Premium brand,39.2293,38.221,-0.0257,Decrease,Competitive response,Dana Whitfield,Approved,Sales manager,3
PC20056,2024-05-01,20006,"Electric Toothbrush - Premium brand, Master carton 48",Health & Beauty,Premium brand,38.221,39.1636,0.02466,Increase,Cost pass-through,Pricing team,Rejected,Sales manager,1
PC20057,2024-08-01,20006,"Electric Toothbrush - Premium brand, Master carton 48",Health & Beauty,Premium brand,39.1636,39.9619,0.02038,Increase,Cost pass-through,Pricing team,Approved,Sales manager,4
PC20058,2024-11-01,20006,"Electric Toothbrush - Premium brand, Master carton 48",Health & Beauty,Premium brand,39.9619,41.27,0.03273,Increase,Cost pass-through,Pricing team,Approved,Sales manager,2
PC20059,2025-02-01,20006,"Electric Toothbrush - Premium brand, Master carton 48",Health & Beauty,Premium brand,41.27,41.8833,0.01486,Increase,Cost pass-through,Pricing team,Auto-approved,None,0
PC20060,2025-05-01,20006,"Electric Toothbrush - Premium brand, Master carton 48",Health & Beauty,Premium brand,41.8833,40.3535,-0.03653,Decrease,Annual review,Pricing team,Approved,Sales manager,1
PC20061,2025-08-01,20006,"Electric Toothbrush - Premium brand, Master carton 48",Health & Beauty,Premium brand,40.3535,39.6539,-0.01734,Decrease,Customer negotiation,Jonah Stavrides,Approved,Sales manager,1
PC20062,2025-11-01,20006,"Electric Toothbrush - Premium brand, Master carton 48",Health & Beauty,Premium brand,39.6539,38.3833,-0.03204,Decrease,Annual review,Pricing team,Approved,Sales manager,4
PC20063,2026-02-01,20006,"Electric Toothbrush - Premium brand, Master carton 48",Health & Beauty,Premium brand,38.3833,39.9216,0.04008,Increase,Customer negotiation,Yusuf Kandemir,Approved,Sales manager,10
PC20064,2026-05-01,20006,"Electric Toothbrush - Premium brand, Master carton 48",Health & Beauty,Premium brand,39.9216,39.5369,-0.00964,Decrease,Promotional reset,Simone Delacroix,Approved,Sales manager,3
PC20065,2023-08-01,20007,"Pet Bed - Value, Inner pack 6",Pet Supplies,Value,20.5482,21.5397,0.04825,Increase,Annual review,Pricing team,Approved,Sales manager,6
PC20066,2023-11-01,20007,"Pet Bed - Value, Inner pack 6",Pet Supplies,Value,21.5397,21.1492,-0.01813,Decrease,Annual review,Pricing team,Auto-approved,None,0
PC20067,2024-02-01,20007,"Pet Bed - Value, Inner pack 6",Pet Supplies,Value,21.1492,20.8679,-0.0133,Decrease,Market correction,Tom Beauchemin,Approved,Sales manager,1
PC20068,2024-05-01,20007,"Pet Bed - Value, Inner pack 6",Pet Supplies,Value,20.8679,21.8335,0.04627,Increase,Cost pass-through,Pricing team,Approved,Sales manager,2
PC20069,2024-08-01,20007,"Pet Bed - Value, Inner pack 6",Pet Supplies,Value,21.8335,22.9926,0.05309,Increase,Annual review,Pricing team,Approved,Sales manager,1
PC20070,2024-11-01,20007,"Pet Bed - Value, Inner pack 6",Pet Supplies,Value,22.9926,22.169,-0.03582,Decrease,Market correction,Marcus Oyelaran,Approved,Sales manager,2
PC20071,2025-02-01,20007,"Pet Bed - Value, Inner pack 6",Pet Supplies,Value,22.169,21.4324,-0.03323,Decrease,Customer negotiation,Yusuf Kandemir,Approved,Sales manager,1
PC20072,2025-05-01,20007,"Pet Bed - Value, Inner pack 6",Pet Supplies,Value,21.4324,22.4198,0.04607,Increase,Cost pass-through,Pricing team,Approved,Sales manager,4
PC20073,2025-08-01,20007,"Pet Bed - Value, Inner pack 6",Pet Supplies,Value,22.4198,22.1574,-0.0117,Decrease,Promotional reset,Jonah Stavrides,Approved,Sales manager,4
PC20074,2025-11-01,20007,"Pet Bed - Value, Inner pack 6",Pet Supplies,Value,22.1574,21.2631,-0.04036,Decrease,Customer negotiation,Hollis Marchetti,Approved,Sales manager,1
PC20075,2026-02-01,20007,"Pet Bed - Value, Inner pack 6",Pet Supplies,Value,21.2631,21.8247,0.02641,Increase,Competitive response,Alix Fontaine,Approved,Sales manager,5
PC20076,2026-05-01,20007,"Pet Bed - Value, Inner pack 6",Pet Supplies,Value,21.8247,21.7608,-0.00293,Decrease,Customer negotiation,Rowan Achterberg,Approved,Sales manager,1
PC20077,2023-10-01,20008,"Electric Toothbrush - Value, Case 24",Health & Beauty,Value,18.0773,19.6507,0.08704,Increase,Market correction,Alix Fontaine,Approved,Commercial director,2
PC20078,2024-01-01,20008,"Electric Toothbrush - Value, Case 24",Health & Beauty,Value,19.6507,18.8171,-0.04242,Decrease,Customer negotiation,Simone Delacroix,Approved,Sales manager,2
PC20079,2024-04-01,20008,"Electric Toothbrush - Value, Case 24",Health & Beauty,Value,18.8171,19.1588,0.01816,Increase,Competitive response,Alix Fontaine,Approved,Sales manager,2
PC20080,2024-07-01,20008,"Electric Toothbrush - Value, Case 24",Health & Beauty,Value,19.1588,19.271,0.00586,Increase,Annual review,Pricing team,Auto-approved,None,0
PC20081,2024-10-01,20008,"Electric Toothbrush - Value, Case 24",Health & Beauty,Value,19.271,19.071,-0.01038,Decrease,Market correction,Yusuf Kandemir,Approved,Sales manager,4
PC20082,2025-01-01,20008,"Electric Toothbrush - Value, Case 24",Health & Beauty,Value,19.071,19.6357,0.02961,Increase,Cost pass-through,Pricing team,Approved,Sales manager,3
PC20083,2025-04-01,20008,"Electric Toothbrush - Value, Case 24",Health & Beauty,Value,19.6357,18.6896,-0.04818,Decrease,Market correction,Tom Beauchemin,Approved,Sales manager,2
PC20084,2025-07-01,20008,"Electric Toothbrush - Value, Case 24",Health & Beauty,Value,18.6896,18.2448,-0.0238,Decrease,Annual review,Pricing team,Approved,Sales manager,1
PC20085,2025-10-01,20008,"Electric Toothbrush - Value, Case 24",Health & Beauty,Value,18.2448,14.4774,-0.20649,Decrease,Annual review,Pricing team,Approved,Commercial director,2
PC20086,2025-11-01,20008,"Electric Toothbrush - Value, Case 24",Health & Beauty,Value,14.4774,20.6242,0.42458,Increase,Cost pass-through,Pricing team,Approved,Commercial director,1
PC20087,2026-01-01,20008,"Electric Toothbrush - Value, Case 24",Health & Beauty,Value,20.6242,20.8489,0.01089,Increase,Cost pass-through,Pricing team,Auto-approved,None,0
PC20088,2026-04-01,20008,"Electric Toothbrush - Value, Case 24",Health & Beauty,Value,20.8489,21.2885,0.02109,Increase,Cost pass-through,Pricing team,Approved,Sales manager,5
PC20089,2023-08-01,20009,"Toner Cartridge - Private label, Case 12",Office & Stationery,Private label,24.9882,25.6333,0.02582,Increase,Promotional reset,Priya Raghunathan,Approved,Sales manager,4
PC20090,2023-11-01,20009,"Toner Cartridge - Private label, Case 12",Office & Stationery,Private label,25.6333,24.8112,-0.03207,Decrease,Market correction,Alix Fontaine,Approved,Sales manager,2
PC20091,2024-02-01,20009,"Toner Cartridge - Private label, Case 12",Office & Stationery,Private label,24.8112,24.0134,-0.03215,Decrease,Promotional reset,Nikita Petrenko,Approved,Sales manager,2
PC20092,2024-05-01,20009,"Toner Cartridge - Private label, Case 12",Office & Stationery,Private label,24.0134,26.2518,0.09321,Increase,Annual review,Pricing team,Approved,Commercial director,1
PC20093,2024-08-01,20009,"Toner Cartridge - Private label, Case 12",Office & Stationery,Private label,26.2518,27.3662,0.04245,Increase,Customer negotiation,Jonah Stavrides,Approved,Sales manager,2
PC20094,2024-11-01,20009,"Toner Cartridge - Private label, Case 12",Office & Stationery,Private label,27.3662,27.3185,-0.00174,Decrease,Market correction,Bea Okonkwo,Approved,Sales manager,2
PC20095,2025-02-01,20009,"Toner Cartridge - Private label, Case 12",Office & Stationery,Private label,27.3185,27.5221,0.00745,Increase,Competitive response,Jonah Stavrides,Rejected,Sales manager,1
PC20096,2025-05-01,20009,"Toner Cartridge - Private label, Case 12",Office & Stationery,Private label,27.5221,29.6931,0.07888,Increase,Annual review,Pricing team,Approved,Commercial director,1
PC20097,2025-08-01,20009,"Toner Cartridge - Private label, Case 12",Office & Stationery,Private label,29.6931,30.9193,0.0413,Increase,Cost pass-through,Pricing team,Approved,Sales manager,1
PC20098,2025-11-01,20009,"Toner Cartridge - Private label, Case 12",Office & Stationery,Private label,30.9193,33.2168,0.07431,Increase,Cost pass-through,Pricing team,Approved,Commercial director,4
PC20099,2026-02-01,20009,"Toner Cartridge - Private label, Case 12",Office & Stationery,Private label,33.2168,32.5708,-0.01945,Decrease,Customer negotiation,Hollis Marchetti,Approved,Sales manager,1
PC20100,2026-05-01,20009,"Toner Cartridge - Private label, Case 12",Office & Stationery,Private label,32.5708,34.6318,0.06328,Increase,Annual review,Pricing team,Approved,Commercial director,1
PC20101,2023-08-01,20010,"Adjustable Dumbbells - National brand, Inner pack 6",Sporting Goods,National brand,46.0866,43.843,-0.04868,Decrease,Customer negotiation,Dana Whitfield,Rejected,Sales manager,12
PC20102,2023-11-01,20010,"Adjustable Dumbbells - National brand, Inner pack 6",Sporting Goods,National brand,43.843,45.0073,0.02656,Increase,Annual review,Pricing team,Approved,Sales manager,4
PC20103,2024-02-01,20010,"Adjustable Dumbbells - National brand, Inner pack 6",Sporting Goods,National brand,45.0073,43.6277,-0.03065,Decrease,Customer negotiation,Simone Delacroix,Approved,Sales manager,8
PC20104,2024-05-01,20010,"Adjustable Dumbbells - National brand, Inner pack 6",Sporting Goods,National brand,43.6277,43.3083,-0.00732,Decrease,Competitive response,Nikita Petrenko,Approved,Sales manager,1
PC20105,2024-08-01,20010,"Adjustable Dumbbells - National brand, Inner pack 6",Sporting Goods,National brand,43.3083,44.8153,0.0348,Increase,Cost pass-through,Pricing team,Approved,Sales manager,13
PC20106,2024-11-01,20010,"Adjustable Dumbbells - National brand, Inner pack 6",Sporting Goods,National brand,44.8153,43.0701,-0.03894,Decrease,Cost pass-through,Pricing team,Approved,Sales manager,2
PC20107,2025-02-01,20010,"Adjustable Dumbbells - National brand, Inner pack 6",Sporting Goods,National brand,43.0701,47.2046,0.09599,Increase,Cost pass-through,Pricing team,Approved,Commercial director,12
PC20108,2025-05-01,20010,"Adjustable Dumbbells - National brand, Inner pack 6",Sporting Goods,National brand,47.2046,49.2508,0.04335,Increase,Competitive response,Alix Fontaine,Approved,Sales manager,4
PC20109,2025-08-01,20010,"Adjustable Dumbbells - National brand, Inner pack 6",Sporting Goods,National brand,49.2508,47.4725,-0.03611,Decrease,Customer negotiation,Tom Beauchemin,Pending,Sales manager,2
PC20110,2025-11-01,20010,"Adjustable Dumbbells - National brand, Inner pack 6",Sporting Goods,National brand,47.4725,47.346,-0.00266,Decrease,Customer negotiation,Priya Raghunathan,Rejected,Sales manager,2
PC20111,2026-02-01,20010,"Adjustable Dumbbells - National brand, Inner pack 6",Sporting Goods,National brand,47.346,48.9022,0.03287,Increase,Annual review,Pricing team,Approved,Sales manager,2
PC20112,2026-05-01,20010,"Adjustable Dumbbells - National brand, Inner pack 6",Sporting Goods,National brand,48.9022,49.2097,0.00629,Increase,Cost pass-through,Pricing team,Auto-approved,None,0
PC20113,2023-09-01,20011,"Cordless Drill - Value, Case 24",Tools & Hardware,Value,24.6973,24.2936,-0.01635,Decrease,Customer negotiation,Dana Whitfield,Approved,Sales manager,1
PC20114,2024-03-01,20011,"Cordless Drill - Value, Case 24",Tools & Hardware,Value,24.2936,24.1398,-0.00633,Decrease,Market correction,Nikita Petrenko,Approved,Sales manager,3
PC20115,2024-09-01,20011,"Cordless Drill - Value, Case 24",Tools & Hardware,Value,24.1398,19.2829,-0.2012,Decrease,Cost pass-through,Pricing team,Approved,Commercial director,2
PC20116,2025-03-01,20011,"Cordless Drill - Value, Case 24",Tools & Hardware,Value,19.2829,19.3151,0.00167,Increase,Market correction,Nikita Petrenko,Approved,Sales manager,2
PC20117,2025-09-01,20011,"Cordless Drill - Value, Case 24",Tools & Hardware,Value,19.3151,19.6429,0.01697,Increase,Cost pass-through,Pricing team,Auto-approved,None,0
PC20118,2026-03-01,20011,"Cordless Drill - Value, Case 24",Tools & Hardware,Value,19.6429,21.2674,0.0827,Increase,Cost pass-through,Pricing team,Approved,Commercial director,3
PC20119,2023-08-01,20012,"Vacuum Sealer - Private label, Case 12",Home & Kitchen,Private label,16.1882,15.9339,-0.01571,Decrease,Market correction,Jonah Stavrides,Approved,Sales manager,9
PC20120,2023-11-01,20012,"Vacuum Sealer - Private label, Case 12",Home & Kitchen,Private label,15.9339,15.1957,-0.04633,Decrease,Market correction,Nikita Petrenko,Approved,Sales manager,1
PC20121,2024-02-01,20012,"Vacuum Sealer - Private label, Case 12",Home & Kitchen,Private label,15.1957,15.0512,-0.00951,Decrease,Market correction,Bea Okonkwo,Approved,Sales manager,9
PC20122,2024-05-01,20012,"Vacuum Sealer - Private label, Case 12",Home & Kitchen,Private label,15.0512,15.9776,0.06155,Increase,Cost pass-through,Pricing team,Approved,Commercial director,3
PC20123,2024-08-01,20012,"Vacuum Sealer - Private label, Case 12",Home & Kitchen,Private label,15.9776,17.2257,0.07812,Increase,Annual review,Pricing team,Approved,Commercial director,11
PC20124,2024-11-01,20012,"Vacuum Sealer - Private label, Case 12",Home & Kitchen,Private label,17.2257,17.1448,-0.0047,Decrease,Competitive response,Nikita Petrenko,Approved,Sales manager,15
PC20125,2025-02-01,20012,"Vacuum Sealer - Private label, Case 12",Home & Kitchen,Private label,17.1448,17.2759,0.00765,Increase,Market correction,Simone Delacroix,Rejected,Sales manager,3
PC20126,2025-05-01,20012,"Vacuum Sealer - Private label, Case 12",Home & Kitchen,Private label,17.2759,18.1807,0.05237,Increase,Cost pass-through,Pricing team,Approved,Sales manager,3
PC20127,2025-08-01,20012,"Vacuum Sealer - Private label, Case 12",Home & Kitchen,Private label,18.1807,18.2537,0.00402,Increase,Cost pass-through,Pricing team,Auto-approved,None,0
PC20128,2025-11-01,20012,"Vacuum Sealer - Private label, Case 12",Home & Kitchen,Private label,18.2537,17.1309,-0.06151,Decrease,Promotional reset,Dana Whitfield,Approved,Commercial director,4
PC20129,2026-02-01,20012,"Vacuum Sealer - Private label, Case 12",Home & Kitchen,Private label,17.1309,16.7165,-0.02419,Decrease,Customer negotiation,Priya Raghunathan,Approved,Sales manager,3
PC20130,2026-05-01,20012,"Vacuum Sealer - Private label, Case 12",Home & Kitchen,Private label,16.7165,17.936,0.07295,Increase,Annual review,Pricing team,Approved,Commercial director,1
PC20131,2023-09-01,20013,"Webcam - National brand, Master carton 48",Consumer Electronics,National brand,86.5538,85.394,-0.0134,Decrease,Market correction,Tom Beauchemin,Approved,Sales manager,7
PC20132,2023-12-01,20013,"Webcam - National brand, Master carton 48",Consumer Electronics,National brand,85.394,83.78,-0.0189,Decrease,Customer negotiation,Rowan Achterberg,Approved,Sales manager,7
PC20133,2024-03-01,20013,"Webcam - National brand, Master carton 48",Consumer Electronics,National brand,83.78,74.4863,-0.11093,Decrease,Customer negotiation,Yusuf Kandemir,Approved,Commercial director,6
PC20134,2024-06-01,20013,"Webcam - National brand, Master carton 48",Consumer Electronics,National brand,74.4863,73.7728,-0.00958,Decrease,Annual review,Pricing team,Auto-approved,None,0
PC20135,2024-09-01,20013,"Webcam - National brand, Master carton 48",Consumer Electronics,National brand,73.7728,74.8933,0.01519,Increase,Competitive response,Simone Delacroix,Rejected,Sales manager,14
PC20136,2024-12-01,20013,"Webcam - National brand, Master carton 48",Consumer Electronics,National brand,74.8933,77.5896,0.036,Increase,Cost pass-through,Pricing team,Pending,Sales manager,3
PC20137,2025-03-01,20013,"Webcam - National brand, Master carton 48",Consumer Electronics,National brand,77.5896,79.717,0.02742,Increase,Cost pass-through,Pricing team,Approved,Sales manager,2
PC20138,2025-06-01,20013,"Webcam - National brand, Master carton 48",Consumer Electronics,National brand,79.717,78.4721,-0.01562,Decrease,Annual review,Pricing team,Auto-approved,None,0
PC20139,2025-09-01,20013,"Webcam - National brand, Master carton 48",Consumer Electronics,National brand,78.4721,82.7513,0.05453,Increase,Cost pass-through,Pricing team,Approved,Sales manager,2
PC20140,2025-12-01,20013,"Webcam - National brand, Master carton 48",Consumer Electronics,National brand,82.7513,77.737,-0.06059,Decrease,Customer negotiation,Alix Fontaine,Approved,Commercial director,26
PC20141,2026-03-01,20013,"Webcam - National brand, Master carton 48",Consumer Electronics,National brand,77.737,74.5525,-0.04097,Decrease,Annual review,Pricing team,Approved,Sales manager,5
PC20142,2026-06-01,20013,"Webcam - National brand, Master carton 48",Consumer Electronics,National brand,74.5525,78.5651,0.05382,Increase,Cost pass-through,Pricing team,Approved,Sales manager,3
PC20143,2023-09-01,20014,"Grooming Kit - Premium brand, Each",Pet Supplies,Premium brand,34.6331,37.7568,0.09019,Increase,Market correction,Simone Delacroix,Approved,Commercial director,1
PC20144,2023-12-01,20014,"Grooming Kit - Premium brand, Each",Pet Supplies,Premium brand,37.7568,36.1566,-0.04238,Decrease,Promotional reset,Rowan Achterberg,Approved,Sales manager,3
PC20145,2024-03-01,20014,"Grooming Kit - Premium brand, Each",Pet Supplies,Premium brand,36.1566,37.0527,0.02478,Increase,Cost pass-through,Pricing team,Approved,Sales manager,18
PC20146,2024-06-01,20014,"Grooming Kit - Premium brand, Each",Pet Supplies,Premium brand,37.0527,39.5247,0.06672,Increase,Cost pass-through,Pricing team,Approved,Commercial director,1
PC20147,2024-09-01,20014,"Grooming Kit - Premium brand, Each",Pet Supplies,Premium brand,39.5247,40.1371,0.01549,Increase,Market correction,Marcus Oyelaran,Approved,Sales manager,2
PC20148,2024-12-01,20014,"Grooming Kit - Premium brand, Each",Pet Supplies,Premium brand,40.1371,39.3071,-0.02068,Decrease,Customer negotiation,Yusuf Kandemir,Approved,Sales manager,1
PC20149,2025-03-01,20014,"Grooming Kit - Premium brand, Each",Pet Supplies,Premium brand,39.3071,40.1896,0.02245,Increase,Competitive response,Hollis Marchetti,Approved,Sales manager,1
PC20150,2025-06-01,20014,"Grooming Kit - Premium brand, Each",Pet Supplies,Premium brand,40.1896,45.0311,0.12047,Increase,Cost pass-through,Pricing team,Approved,Commercial director,1
PC20151,2025-09-01,20014,"Grooming Kit - Premium brand, Each",Pet Supplies,Premium brand,45.0311,44.3032,-0.01616,Decrease,Market correction,Marcus Oyelaran,Approved,Sales manager,6
PC20152,2025-12-01,20014,"Grooming Kit - Premium brand, Each",Pet Supplies,Premium brand,44.3032,40.6242,-0.08304,Decrease,Market correction,Rowan Achterberg,Approved,Commercial director,1
PC20153,2026-03-01,20014,"Grooming Kit - Premium brand, Each",Pet Supplies,Premium brand,40.6242,39.136,-0.03663,Decrease,Market correction,Rowan Achterberg,Approved,Sales manager,1
PC20154,2026-06-01,20014,"Grooming Kit - Premium brand, Each",Pet Supplies,Premium brand,39.136,38.8396,-0.00757,Decrease,Competitive response,Tom Beauchemin,Pending,Sales manager,1
PC20155,2023-09-01,20015,"Body Wash - Value, Bulk pallet 144",Health & Beauty,Value,13.1709,14.3952,0.09295,Increase,Cost pass-through,Pricing team,Approved,Commercial director,3
PC20156,2023-12-01,20015,"Body Wash - Value, Bulk pallet 144",Health & Beauty,Value,14.3952,13.608,-0.05468,Decrease,Customer negotiation,Yusuf Kandemir,Approved,Sales manager,12
PC20157,2024-03-01,20015,"Body Wash - Value, Bulk pallet 144",Health & Beauty,Value,13.608,13.5851,-0.00168,Decrease,Customer negotiation,Bea Okonkwo,Approved,Sales manager,3
PC20158,2024-06-01,20015,"Body Wash - Value, Bulk pallet 144",Health & Beauty,Value,13.5851,13.0989,-0.03579,Decrease,Customer negotiation,Bea Okonkwo,Approved,Sales manager,2
PC20159,2024-09-01,20015,"Body Wash - Value, Bulk pallet 144",Health & Beauty,Value,13.0989,13.0019,-0.00741,Decrease,Annual review,Pricing team,Auto-approved,None,0
PC20160,2024-12-01,20015,"Body Wash - Value, Bulk pallet 144",Health & Beauty,Value,13.0019,13.7647,0.05867,Increase,Cost pass-through,Pricing team,Approved,Sales manager,1
PC20161,2025-03-01,20015,"Body Wash - Value, Bulk pallet 144",Health & Beauty,Value,13.7647,13.6506,-0.00829,Decrease,Market correction,Priya Raghunathan,Approved,Sales manager,2
PC20162,2025-06-01,20015,"Body Wash - Value, Bulk pallet 144",Health & Beauty,Value,13.6506,12.6197,-0.07552,Decrease,Competitive response,Dana Whitfield,Approved,Commercial director,1
PC20163,2025-09-01,20015,"Body Wash - Value, Bulk pallet 144",Health & Beauty,Value,12.6197,12.2708,-0.02765,Decrease,Competitive response,Rowan Achterberg,Pending,Sales manager,3
PC20164,2025-12-01,20015,"Body Wash - Value, Bulk pallet 144",Health & Beauty,Value,12.2708,12.3342,0.00517,Increase,Competitive response,Alix Fontaine,Approved,Sales manager,1
PC20165,2026-03-01,20015,"Body Wash - Value, Bulk pallet 144",Health & Beauty,Value,12.3342,12.5551,0.01791,Increase,Cost pass-through,Pricing team,Auto-approved,None,0
PC20166,2026-06-01,20015,"Body Wash - Value, Bulk pallet 144",Health & Beauty,Value,12.5551,12.442,-0.00901,Decrease,Customer negotiation,Yusuf Kandemir,Approved,Sales manager,1
PC20167,2023-08-01,20016,"Gel Pens - National brand, Case 12",Office & Stationery,National brand,17.0599,17.3203,0.01526,Increase,Cost pass-through,Pricing team,Auto-approved,None,0
PC20168,2023-11-01,20016,"Gel Pens - National brand, Case 12",Office & Stationery,National brand,17.3203,18.2652,0.05455,Increase,Annual review,Pricing team,Approved,Sales manager,7
PC20169,2024-02-01,20016,"Gel Pens - National brand, Case 12",Office & Stationery,National brand,18.2652,17.7692,-0.02716,Decrease,Market correction,Bea Okonkwo,Approved,Sales manager,3
PC20170,2024-05-01,20016,"Gel Pens - National brand, Case 12",Office & Stationery,National brand,17.7692,17.0603,-0.03989,Decrease,Market correction,Simone Delacroix,Approved,Sales manager,1
PC20171,2024-08-01,20016,"Gel Pens - National brand, Case 12",Office & Stationery,National brand,17.0603,17.9975,0.05493,Increase,Cost pass-through,Pricing team,Approved,Sales manager,3
PC20172,2024-11-01,20016,"Gel Pens - National brand, Case 12",Office & Stationery,National brand,17.9975,17.5643,-0.02407,Decrease,Market correction,Hollis Marchetti,Approved,Sales manager,4
PC20173,2025-02-01,20016,"Gel Pens - National brand, Case 12",Office & Stationery,National brand,17.5643,17.4441,-0.00684,Decrease,Promotional reset,Jonah Stavrides,Approved,Sales manager,8
PC20174,2025-05-01,20016,"Gel Pens - National brand, Case 12",Office & Stationery,National brand,17.4441,19.1817,0.09961,Increase,Customer negotiation,Hollis Marchetti,Approved,Commercial director,2
PC20175,2025-08-01,20016,"Gel Pens - National brand, Case 12",Office & Stationery,National brand,19.1817,19.8476,0.03472,Increase,Competitive response,Jonah Stavrides,Rejected,Sales manager,1
PC20176,2025-11-01,20016,"Gel Pens - National brand, Case 12",Office & Stationery,National brand,19.8476,19.3418,-0.02548,Decrease,Competitive response,Priya Raghunathan,Approved,Sales manager,4
PC20177,2026-02-01,20016,"Gel Pens - National brand, Case 12",Office & Stationery,National brand,19.3418,19.4641,0.00632,Increase,Cost pass-through,Pricing team,Auto-approved,None,0
PC20178,2026-05-01,20016,"Gel Pens - National brand, Case 12",Office & Stationery,National brand,19.4641,20.8333,0.07034,Increase,Competitive response,Bea Okonkwo,Approved,Commercial director,8
PC20179,2023-08-01,20017,"Webcam - National brand, Case 24",Consumer Electronics,National brand,34.1137,34.5414,0.01254,Increase,Annual review,Pricing team,Auto-approved,None,0
PC20180,2023-11-01,20017,"Webcam - National brand, Case 24",Consumer Electronics,National brand,34.5414,33.4155,-0.0326,Decrease,Competitive response,Yusuf Kandemir,Approved,Sales manager,2
PC20181,2024-02-01,20017,"Webcam - National brand, Case 24",Consumer Electronics,National brand,33.4155,28.6926,-0.14134,Decrease,Competitive response,Simone Delacroix,Approved,Commercial director,6
PC20182,2024-05-01,20017,"Webcam - National brand, Case 24",Consumer Electronics,National brand,28.6926,26.7634,-0.06724,Decrease,Customer negotiation,Priya Raghunathan,Approved,Commercial director,2
PC20183,2024-08-01,20017,"Webcam - National brand, Case 24",Consumer Electronics,National brand,26.7634,26.8941,0.00488,Increase,Cost pass-through,Pricing team,Auto-approved,None,0
PC20184,2024-11-01,20017,"Webcam - National brand, Case 24",Consumer Electronics,National brand,26.8941,28.1967,0.04843,Increase,Annual review,Pricing team,Approved,Sales manager,7
PC20185,2025-02-01,20017,"Webcam - National brand, Case 24",Consumer Electronics,National brand,28.1967,29.365,0.04143,Increase,Market correction,Priya Raghunathan,Rejected,Sales manager,4
PC20186,2025-05-01,20017,"Webcam - National brand, Case 24",Consumer Electronics,National brand,29.365,28.1402,-0.04171,Decrease,Customer negotiation,Nikita Petrenko,Approved,Sales manager,9
PC20187,2025-08-01,20017,"Webcam - National brand, Case 24",Consumer Electronics,National brand,28.1402,29.802,0.05905,Increase,Annual review,Pricing team,Approved,Sales manager,10
PC20188,2025-11-01,20017,"Webcam - National brand, Case 24",Consumer Electronics,National brand,29.802,28.3985,-0.04709,Decrease,Customer negotiation,Bea Okonkwo,Approved,Sales manager,2
PC20189,2026-02-01,20017,"Webcam - National brand, Case 24",Consumer Electronics,National brand,28.3985,25.601,-0.09851,Decrease,Annual review,Pricing team,Approved,Commercial director,3
PC20190,2026-05-01,20017,"Webcam - National brand, Case 24",Consumer Electronics,National brand,25.601,23.7358,-0.07286,Decrease,Promotional reset,Simone Delacroix,Approved,Commercial director,2
PC20191,2023-08-01,20018,"Mechanical Keyboard - Premium brand, Inner pack 6",Consumer Electronics,Premium brand,93.1159,98.9927,0.06311,Increase,Annual review,Pricing team,Approved,Commercial director,2
PC20192,2024-02-01,20018,"Mechanical Keyboard - Premium brand, Inner pack 6",Consumer Electronics,Premium brand,98.9927,98.8846,-0.00109,Decrease,Annual review,Pricing team,Auto-approved,None,0
PC20193,2024-08-01,20018,"Mechanical Keyboard - Premium brand, Inner pack 6",Consumer Electronics,Premium brand,98.8846,91.0714,-0.07901,Decrease,Annual review,Pricing team,Rejected,Commercial director,4
PC20194,2025-02-01,20018,"Mechanical Keyboard - Premium brand, Inner pack 6",Consumer Electronics,Premium brand,91.0714,92.1369,0.0117,Increase,Competitive response,Bea Okonkwo,Approved,Sales manager,2
PC20195,2025-08-01,20018,"Mechanical Keyboard - Premium brand, Inner pack 6",Consumer Electronics,Premium brand,92.1369,100.9265,0.0954,Increase,Annual review,Pricing team,Approved,Commercial director,9
PC20196,2026-02-01,20018,"Mechanical Keyboard - Premium brand, Inner pack 6",Consumer Electronics,Premium brand,100.9265,83.3453,-0.1742,Decrease,Market correction,Simone Delacroix,Approved,Commercial director,4
PC20197,2023-08-01,20019,"Gel Pens - Private label, Master carton 48",Office & Stationery,Private label,8.6309,8.8614,0.02671,Increase,Annual review,Pricing team,Approved,Sales manager,1
PC20198,2023-11-01,20019,"Gel Pens - Private label, Master carton 48",Office & Stationery,Private label,8.8614,8.5388,-0.03641,Decrease,Competitive response,Simone Delacroix,Approved,Sales manager,11
PC20199,2024-02-01,20019,"Gel Pens - Private label, Master carton 48",Office & Stationery,Private label,8.5388,8.4505,-0.01034,Decrease,Promotional reset,Rowan Achterberg,Approved,Sales manager,1
PC20200,2024-05-01,20019,"Gel Pens - Private label, Master carton 48",Office & Stationery,Private label,8.4505,8.5951,0.01711,Increase,Customer negotiation,Alix Fontaine,Approved,Sales manager,2
PC20201,2024-08-01,20019,"Gel Pens - Private label, Master carton 48",Office & Stationery,Private label,8.5951,8.9023,0.03574,Increase,Annual review,Pricing team,Approved,Sales manager,1
PC20202,2024-11-01,20019,"Gel Pens - Private label, Master carton 48",Office & Stationery,Private label,8.9023,8.4667,-0.04893,Decrease,Customer negotiation,Bea Okonkwo,Approved,Sales manager,11
PC20203,2025-02-01,20019,"Gel Pens - Private label, Master carton 48",Office & Stationery,Private label,8.4667,8.4154,-0.00606,Decrease,Promotional reset,Simone Delacroix,Approved,Sales manager,1
PC20204,2025-05-01,20019,"Gel Pens - Private label, Master carton 48",Office & Stationery,Private label,8.4154,8.985,0.06769,Increase,Market correction,Jonah Stavrides,Approved,Commercial director,1
PC20205,2025-08-01,20019,"Gel Pens - Private label, Master carton 48",Office & Stationery,Private label,8.985,9.323,0.03762,Increase,Promotional reset,Bea Okonkwo,Approved,Sales manager,5
PC20206,2025-11-01,20019,"Gel Pens - Private label, Master carton 48",Office & Stationery,Private label,9.323,9.624,0.03229,Increase,Cost pass-through,Pricing team,Approved,Sales manager,1
PC20207,2026-02-01,20019,"Gel Pens - Private label, Master carton 48",Office & Stationery,Private label,9.624,9.2364,-0.04027,Decrease,Market correction,Bea Okonkwo,Approved,Sales manager,2
PC20208,2026-05-01,20019,"Gel Pens - Private label, Master carton 48",Office & Stationery,Private label,9.2364,9.7389,0.0544,Increase,Annual review,Pricing team,Approved,Sales manager,13
PC20209,2023-09-01,20020,"Cutlery Block - Private label, Inner pack 6",Home & Kitchen,Private label,58.8122,59.758,0.01608,Increase,Competitive response,Dana Whitfield,Approved,Sales manager,3
PC20210,2023-12-01,20020,"Cutlery Block - Private label, Inner pack 6",Home & Kitchen,Private label,59.758,55.4804,-0.07158,Decrease,Customer negotiation,Hollis Marchetti,Approved,Commercial director,1
PC20211,2024-03-01,20020,"Cutlery Block - Private label, Inner pack 6",Home & Kitchen,Private label,55.4804,56.1601,0.01225,Increase,Cost pass-through,Pricing team,Auto-approved,None,0
PC20212,2024-06-01,20020,"Cutlery Block - Private label, Inner pack 6",Home & Kitchen,Private label,56.1601,56.5018,0.00608,Increase,Cost pass-through,Pricing team,Auto-approved,None,0
PC20213,2024-09-01,20020,"Cutlery Block - Private label, Inner pack 6",Home & Kitchen,Private label,56.5018,58.6747,0.03846,Increase,Cost pass-through,Pricing team,Pending,Sales manager,3
PC20214,2024-12-01,20020,"Cutlery Block - Private label, Inner pack 6",Home & Kitchen,Private label,58.6747,55.8284,-0.04851,Decrease,Customer negotiation,Yusuf Kandemir,Approved,Sales manager,2
PC20215,2025-03-01,20020,"Cutlery Block - Private label, Inner pack 6",Home & Kitchen,Private label,55.8284,58.9385,0.05571,Increase,Cost pass-through,Pricing team,Approved,Sales manager,2
PC20216,2025-06-01,20020,"Cutlery Block - Private label, Inner pack 6",Home & Kitchen,Private label,58.9385,63.1341,0.07119,Increase,Annual review,Pricing team,Approved,Commercial director,3
PC20217,2025-09-01,20020,"Cutlery Block - Private label, Inner pack 6",Home & Kitchen,Private label,63.1341,57.9898,-0.08148,Decrease,Market correction,Hollis Marchetti,Approved,Commercial director,3
PC20218,2025-12-01,20020,"Cutlery Block - Private label, Inner pack 6",Home & Kitchen,Private label,57.9898,55.5739,-0.04166,Decrease,Competitive response,Simone Delacroix,Approved,Sales manager,1
PC20219,2026-03-01,20020,"Cutlery Block - Private label, Inner pack 6",Home & Kitchen,Private label,55.5739,68.5766,0.23397,Increase,Annual review,Pricing team,Approved,Commercial director,1
PC20220,2026-06-01,20020,"Cutlery Block - Private label, Inner pack 6",Home & Kitchen,Private label,68.5766,74.8206,0.09105,Increase,Cost pass-through,Pricing team,Approved,Commercial director,1
PC20221,2023-09-01,20021,"Bedding Set - National brand, Bulk pallet 144",Home & Kitchen,National brand,45.4993,41.2561,-0.09326,Decrease,Promotional reset,Tom Beauchemin,Approved,Commercial director,4
PC20222,2024-03-01,20021,"Bedding Set - National brand, Bulk pallet 144",Home & Kitchen,National brand,41.2561,41.2117,-0.00108,Decrease,Competitive response,Nikita Petrenko,Approved,Sales manager,1
PC20223,2024-09-01,20021,"Bedding Set - National brand, Bulk pallet 144",Home & Kitchen,National brand,41.2117,43.3607,0.05215,Increase,Cost pass-through,Pricing team,Approved,Sales manager,13
PC20224,2025-03-01,20021,"Bedding Set - National brand, Bulk pallet 144",Home & Kitchen,National brand,43.3607,44.29,0.02143,Increase,Market correction,Tom Beauchemin,Approved,Sales manager,3
PC20225,2025-09-01,20021,"Bedding Set - National brand, Bulk pallet 144",Home & Kitchen,National brand,44.29,41.8381,-0.05536,Decrease,Customer negotiation,Simone Delacroix,Approved,Sales manager,1
PC20226,2026-03-01,20021,"Bedding Set - National brand, Bulk pallet 144",Home & Kitchen,National brand,41.8381,44.6055,0.06615,Increase,Customer negotiation,Yusuf Kandemir,Approved,Commercial director,1
PC20227,2023-09-01,20022,"Tool Chest - Value, Bulk pallet 144",Tools & Hardware,Value,50.4375,52.5442,0.04177,Increase,Cost pass-through,Pricing team,Approved,Sales manager,2
PC20228,2023-12-01,20022,"Tool Chest - Value, Bulk pallet 144",Tools & Hardware,Value,52.5442,55.75,0.06101,Increase,Annual review,Pricing team,Approved,Commercial director,1
PC20229,2024-03-01,20022,"Tool Chest - Value, Bulk pallet 144",Tools & Hardware,Value,55.75,55.3245,-0.00763,Decrease,Competitive response,Tom Beauchemin,Approved,Sales manager,7
PC20230,2024-06-01,20022,"Tool Chest - Value, Bulk pallet 144",Tools & Hardware,Value,55.3245,52.0405,-0.05936,Decrease,Market correction,Bea Okonkwo,Approved,Sales manager,2
PC20231,2024-09-01,20022,"Tool Chest - Value, Bulk pallet 144",Tools & Hardware,Value,52.0405,47.5154,-0.08695,Decrease,Annual review,Pricing team,Rejected,Commercial director,5
PC20232,2024-12-01,20022,"Tool Chest - Value, Bulk pallet 144",Tools & Hardware,Value,47.5154,44.3117,-0.06742,Decrease,Customer negotiation,Jonah Stavrides,Approved,Commercial director,6
PC20233,2025-03-01,20022,"Tool Chest - Value, Bulk pallet 144",Tools & Hardware,Value,44.3117,46.514,0.0497,Increase,Cost pass-through,Pricing team,Approved,Sales manager,3
PC20234,2025-06-01,20022,"Tool Chest - Value, Bulk pallet 144",Tools & Hardware,Value,46.514,42.6892,-0.08223,Decrease,Customer negotiation,Bea Okonkwo,Approved,Commercial director,1
PC20235,2025-09-01,20022,"Tool Chest - Value, Bulk pallet 144",Tools & Hardware,Value,42.6892,41.5655,-0.02632,Decrease,Customer negotiation,Marcus Oyelaran,Approved,Sales manager,1
PC20236,2025-12-01,20022,"Tool Chest - Value, Bulk pallet 144",Tools & Hardware,Value,41.5655,44.0199,0.05905,Increase,Annual review,Pricing team,Approved,Sales manager,1
PC20237,2026-03-01,20022,"Tool Chest - Value, Bulk pallet 144",Tools & Hardware,Value,44.0199,45.8218,0.04093,Increase,Cost pass-through,Pricing team,Pending,Sales manager,2
PC20238,2026-06-01,20022,"Tool Chest - Value, Bulk pallet 144",Tools & Hardware,Value,45.8218,46.3595,0.01173,Increase,Cost pass-through,Pricing team,Auto-approved,None,0
PC20239,2023-09-01,20023,"Adjustable Dumbbells - National brand, Bulk pallet 144",Sporting Goods,National brand,26.7999,27.6616,0.03215,Increase,Cost pass-through,Pricing team,Approved,Sales manager,12
PC20240,2023-12-01,20023,"Adjustable Dumbbells - National brand, Bulk pallet 144",Sporting Goods,National brand,27.6616,26.4337,-0.04439,Decrease,Market correction,Hollis Marchetti,Rejected,Sales manager,7
PC20241,2024-03-01,20023,"Adjustable Dumbbells - National brand, Bulk pallet 144",Sporting Goods,National brand,26.4337,26.2896,-0.00545,Decrease,Customer negotiation,Yusuf Kandemir,Approved,Sales manager,13
PC20242,2024-06-01,20023,"Adjustable Dumbbells - National brand, Bulk pallet 144",Sporting Goods,National brand,26.2896,28.4875,0.0836,Increase,Competitive response,Simone Delacroix,Approved,Commercial director,2
PC20243,2024-09-01,20023,"Adjustable Dumbbells - National brand, Bulk pallet 144",Sporting Goods,National brand,28.4875,30.2509,0.0619,Increase,Cost pass-through,Pricing team,Approved,Commercial director,2
PC20244,2024-12-01,20023,"Adjustable Dumbbells - National brand, Bulk pallet 144",Sporting Goods,National brand,30.2509,29.8268,-0.01402,Decrease,Market correction,Jonah Stavrides,Approved,Sales manager,1
PC20245,2025-03-01,20023,"Adjustable Dumbbells - National brand, Bulk pallet 144",Sporting Goods,National brand,29.8268,32.4767,0.08884,Increase,Annual review,Pricing team,Approved,Commercial director,1
PC20246,2025-06-01,20023,"Adjustable Dumbbells - National brand, Bulk pallet 144",Sporting Goods,National brand,32.4767,33.1263,0.02,Increase,Market correction,Bea Okonkwo,Approved,Sales manager,5
PC20247,2025-09-01,20023,"Adjustable Dumbbells - National brand, Bulk pallet 144",Sporting Goods,National brand,33.1263,31.4912,-0.04936,Decrease,Market correction,Rowan Achterberg,Approved,Sales manager,6
PC20248,2025-12-01,20023,"Adjustable Dumbbells - National brand, Bulk pallet 144",Sporting Goods,National brand,31.4912,30.514,-0.03103,Decrease,Annual review,Pricing team,Approved,Sales manager,3
PC20249,2026-03-01,20023,"Adjustable Dumbbells - National brand, Bulk pallet 144",Sporting Goods,National brand,30.514,30.9824,0.01535,Increase,Market correction,Bea Okonkwo,Approved,Sales manager,5
PC20250,2026-06-01,20023,"Adjustable Dumbbells - National brand, Bulk pallet 144",Sporting Goods,National brand,30.9824,29.6354,-0.04348,Decrease,Customer negotiation,Jonah Stavrides,Approved,Sales manager,6
PC20251,2023-08-01,20024,"Vacuum Sealer - Value, Case 12",Home & Kitchen,Value,45.4388,44.9802,-0.01009,Decrease,Promotional reset,Jonah Stavrides,Approved,Sales manager,2
PC20252,2023-11-01,20024,"Vacuum Sealer - Value, Case 12",Home & Kitchen,Value,44.9802,41.3044,-0.08172,Decrease,Annual review,Pricing team,Rejected,Commercial director,11
PC20253,2024-02-01,20024,"Vacuum Sealer - Value, Case 12",Home & Kitchen,Value,41.3044,42.3038,0.0242,Increase,Cost pass-through,Pricing team,Approved,Sales manager,25
PC20254,2024-05-01,20024,"Vacuum Sealer - Value, Case 12",Home & Kitchen,Value,42.3038,47.0985,0.11334,Increase,Annual review,Pricing team,Approved,Commercial director,12
PC20255,2024-08-01,20024,"Vacuum Sealer - Value, Case 12",Home & Kitchen,Value,47.0985,47.665,0.01203,Increase,Competitive response,Bea Okonkwo,Approved,Sales manager,7
PC20256,2024-11-01,20024,"Vacuum Sealer - Value, Case 12",Home & Kitchen,Value,47.665,45.5746,-0.04386,Decrease,Market correction,Tom Beauchemin,Approved,Sales manager,3
PC20257,2025-02-01,20024,"Vacuum Sealer - Value, Case 12",Home & Kitchen,Value,45.5746,46.4589,0.0194,Increase,Cost pass-through,Pricing team,Auto-approved,None,0
PC20258,2025-05-01,20024,"Vacuum Sealer - Value, Case 12",Home & Kitchen,Value,46.4589,51.6374,0.11146,Increase,Annual review,Pricing team,Approved,Commercial director,5
PC20259,2025-08-01,20024,"Vacuum Sealer - Value, Case 12",Home & Kitchen,Value,51.6374,52.9303,0.02504,Increase,Cost pass-through,Pricing team,Approved,Sales manager,2
PC20260,2025-11-01,20024,"Vacuum Sealer - Value, Case 12",Home & Kitchen,Value,52.9303,49.4893,-0.06501,Decrease,Promotional reset,Jonah Stavrides,Approved,Commercial director,1
PC20261,2026-02-01,20024,"Vacuum Sealer - Value, Case 12",Home & Kitchen,Value,49.4893,53.5292,0.08163,Increase,Cost pass-through,Pricing team,Pending,Commercial director,4
PC20262,2026-05-01,20024,"Vacuum Sealer - Value, Case 12",Home & Kitchen,Value,53.5292,53.9545,0.00795,Increase,Market correction,Hollis Marchetti,Approved,Sales manager,2
PC20263,2023-09-01,20025,"Multivitamin - National brand, Bulk pallet 144",Health & Beauty,National brand,31.1594,30.2747,-0.02839,Decrease,Market correction,Rowan Achterberg,Approved,Sales manager,2
PC20264,2023-12-01,20025,"Multivitamin - National brand, Bulk pallet 144",Health & Beauty,National brand,30.2747,29.0709,-0.03976,Decrease,Promotional reset,Marcus Oyelaran,Approved,Sales manager,1
PC20265,2024-03-01,20025,"Multivitamin - National brand, Bulk pallet 144",Health & Beauty,National brand,29.0709,28.9172,-0.00529,Decrease,Customer negotiation,Nikita Petrenko,Pending,Sales manager,4
PC20266,2024-06-01,20025,"Multivitamin - National brand, Bulk pallet 144",Health & Beauty,National brand,28.9172,28.2828,-0.02194,Decrease,Customer negotiation,Hollis Marchetti,Approved,Sales manager,5
PC20267,2024-09-01,20025,"Multivitamin - National brand, Bulk pallet 144",Health & Beauty,National brand,28.2828,27.182,-0.03892,Decrease,Customer negotiation,Dana Whitfield,Approved,Sales manager,1
PC20268,2024-12-01,20025,"Multivitamin - National brand, Bulk pallet 144",Health & Beauty,National brand,27.182,26.4122,-0.02832,Decrease,Customer negotiation,Jonah Stavrides,Approved,Sales manager,1
PC20269,2025-03-01,20025,"Multivitamin - National brand, Bulk pallet 144",Health & Beauty,National brand,26.4122,24.5756,-0.06954,Decrease,Promotional reset,Hollis Marchetti,Approved,Commercial director,2
PC20270,2025-06-01,20025,"Multivitamin - National brand, Bulk pallet 144",Health & Beauty,National brand,24.5756,24.4021,-0.00706,Decrease,Market correction,Hollis Marchetti,Approved,Sales manager,7
PC20271,2025-09-01,20025,"Multivitamin - National brand, Bulk pallet 144",Health & Beauty,National brand,24.4021,24.1876,-0.00879,Decrease,Customer negotiation,Rowan Achterberg,Approved,Sales manager,2
PC20272,2025-12-01,20025,"Multivitamin - National brand, Bulk pallet 144",Health & Beauty,National brand,24.1876,24.8368,0.02684,Increase,Cost pass-through,Pricing team,Approved,Sales manager,2
PC20273,2026-03-01,20025,"Multivitamin - National brand, Bulk pallet 144",Health & Beauty,National brand,24.8368,25.7473,0.03666,Increase,Cost pass-through,Pricing team,Approved,Sales manager,3
PC20274,2026-06-01,20025,"Multivitamin - National brand, Bulk pallet 144",Health & Beauty,National brand,25.7473,25.7229,-0.00095,Decrease,Market correction,Alix Fontaine,Approved,Sales manager,2
PC20275,2023-09-01,20026,"Copy Paper - National brand, Inner pack 6",Office & Stationery,National brand,9.7855,9.9702,0.01887,Increase,Annual review,Pricing team,Auto-approved,None,0
PC20276,2023-12-01,20026,"Copy Paper - National brand, Inner pack 6",Office & Stationery,National brand,9.9702,9.8866,-0.00838,Decrease,Annual review,Pricing team,Auto-approved,None,0
PC20277,2024-03-01,20026,"Copy Paper - National brand, Inner pack 6",Office & Stationery,National brand,9.8866,9.6425,-0.02469,Decrease,Cost pass-through,Pricing team,Approved,Sales manager,1
PC20278,2024-06-01,20026,"Copy Paper - National brand, Inner pack 6",Office & Stationery,National brand,9.6425,10.1929,0.05708,Increase,Annual review,Pricing team,Approved,Sales manager,12
PC20279,2024-09-01,20026,"Copy Paper - National brand, Inner pack 6",Office & Stationery,National brand,10.1929,10.8898,0.06837,Increase,Cost pass-through,Pricing team,Approved,Commercial director,1
PC20280,2024-12-01,20026,"Copy Paper - National brand, Inner pack 6",Office & Stationery,National brand,10.8898,10.9681,0.00719,Increase,Cost pass-through,Pricing team,Auto-approved,None,0
PC20281,2025-03-01,20026,"Copy Paper - National brand, Inner pack 6",Office & Stationery,National brand,10.9681,11.209,0.02196,Increase,Cost pass-through,Pricing team,Approved,Sales manager,1
PC20282,2025-06-01,20026,"Copy Paper - National brand, Inner pack 6",Office & Stationery,National brand,11.209,11.5094,0.0268,Increase,Market correction,Marcus Oyelaran,Approved,Sales manager,3
PC20283,2025-09-01,20026,"Copy Paper - National brand, Inner pack 6",Office & Stationery,National brand,11.5094,11.7536,0.02122,Increase,Market correction,Dana Whitfield,Approved,Sales manager,5
PC20284,2025-12-01,20026,"Copy Paper - National brand, Inner pack 6",Office & Stationery,National brand,11.7536,11.7439,-0.00083,Decrease,Customer negotiation,Tom Beauchemin,Rejected,Sales manager,1
PC20285,2026-03-01,20026,"Copy Paper - National brand, Inner pack 6",Office & Stationery,National brand,11.7439,11.3971,-0.02953,Decrease,Annual review,Pricing team,Approved,Sales manager,5
PC20286,2026-06-01,20026,"Copy Paper - National brand, Inner pack 6",Office & Stationery,National brand,11.3971,12.7349,0.11738,Increase,Annual review,Pricing team,Approved,Commercial director,1
PC20287,2024-01-01,20027,"Safety Boots - Premium brand, Each",Apparel & Accessories,Premium brand,87.2131,81.6011,-0.06435,Decrease,Customer negotiation,Simone Delacroix,Approved,Commercial director,1
PC20288,2024-07-01,20027,"Safety Boots - Premium brand, Each",Apparel & Accessories,Premium brand,81.6011,88.3763,0.08303,Increase,Customer negotiation,Nikita Petrenko,Approved,Commercial director,1
PC20289,2025-01-01,20027,"Safety Boots - Premium brand, Each",Apparel & Accessories,Premium brand,88.3763,76.1292,-0.13858,Decrease,Competitive response,Jonah Stavrides,Approved,Commercial director,1
PC20290,2025-07-01,20027,"Safety Boots - Premium brand, Each",Apparel & Accessories,Premium brand,76.1292,82.4035,0.08242,Increase,Customer negotiation,Dana Whitfield,Approved,Commercial director,1
PC20291,2026-01-01,20027,"Safety Boots - Premium brand, Each",Apparel & Accessories,Premium brand,82.4035,91.8668,0.11484,Increase,Annual review,Pricing team,Approved,Commercial director,3
PC20292,2023-08-01,20028,"Cycling Helmet - Premium brand, Inner pack 6",Sporting Goods,Premium brand,54.7532,58.8591,0.07499,Increase,Promotional reset,Hollis Marchetti,Approved,Commercial director,1
PC20293,2023-09-01,20029,"27in Monitor - Private label, Inner pack 6",Consumer Electronics,Private label,92.0623,92.0828,0.00022,Increase,Customer negotiation,Hollis Marchetti,Approved,Sales manager,1
PC20294,2024-03-01,20029,"27in Monitor - Private label, Inner pack 6",Consumer Electronics,Private label,92.0828,82.1566,-0.1078,Decrease,Market correction,Rowan Achterberg,Pending,Commercial director,5
PC20295,2024-09-01,20029,"27in Monitor - Private label, Inner pack 6",Consumer Electronics,Private label,82.1566,84.2894,0.02596,Increase,Cost pass-through,Pricing team,Rejected,Sales manager,1
PC20296,2025-03-01,20029,"27in Monitor - Private label, Inner pack 6",Consumer Electronics,Private label,84.2894,94.9817,0.12685,Increase,Annual review,Pricing team,Approved,Commercial director,1
PC20297,2025-09-01,20029,"27in Monitor - Private label, Inner pack 6",Consumer Electronics,Private label,94.9817,92.9643,-0.02124,Decrease,Market correction,Rowan Achterberg,Approved,Sales manager,4
PC20298,2026-03-01,20029,"27in Monitor - Private label, Inner pack 6",Consumer Electronics,Private label,92.9643,75.3392,-0.18959,Decrease,Market correction,Rowan Achterberg,Approved,Commercial director,2
PC20299,2024-01-01,20030,"Cutlery Block - National brand, Master carton 48",Home & Kitchen,National brand,32.0128,32.201,0.00588,Increase,Market correction,Hollis Marchetti,Approved,Sales manager,11
PC20300,2024-07-01,20030,"Cutlery Block - National brand, Master carton 48",Home & Kitchen,National brand,32.201,33.6356,0.04455,Increase,Cost pass-through,Pricing team,Approved,Sales manager,2
PC20301,2025-01-01,20030,"Cutlery Block - National brand, Master carton 48",Home & Kitchen,National brand,33.6356,33.4786,-0.00467,Decrease,Cost pass-through,Pricing team,Auto-approved,None,0
PC20302,2025-07-01,20030,"Cutlery Block - National brand, Master carton 48",Home & Kitchen,National brand,33.4786,36.6064,0.09343,Increase,Competitive response,Yusuf Kandemir,Pending,Commercial director,2
PC20303,2026-01-01,20030,"Cutlery Block - National brand, Master carton 48",Home & Kitchen,National brand,36.6064,34.2031,-0.06565,Decrease,Promotional reset,Bea Okonkwo,Approved,Commercial director,4
PC20304,2023-10-01,20031,"Laptop Sleeve - Premium brand, Master carton 48",Apparel & Accessories,Premium brand,38.6689,41.8123,0.08129,Increase,Customer negotiation,Yusuf Kandemir,Approved,Commercial director,6
PC20305,2024-01-01,20031,"Laptop Sleeve - Premium brand, Master carton 48",Apparel & Accessories,Premium brand,41.8123,38.1155,-0.08841,Decrease,Cost pass-through,Pricing team,Pending,Commercial director,1
PC20306,2024-04-01,20031,"Laptop Sleeve - Premium brand, Master carton 48",Apparel & Accessories,Premium brand,38.1155,37.3752,-0.01942,Decrease,Annual review,Pricing team,Auto-approved,None,0
PC20307,2024-07-01,20031,"Laptop Sleeve - Premium brand, Master carton 48",Apparel & Accessories,Premium brand,37.3752,39.0371,0.04447,Increase,Cost pass-through,Pricing team,Approved,Sales manager,1
PC20308,2024-10-01,20031,"Laptop Sleeve - Premium brand, Master carton 48",Apparel & Accessories,Premium brand,39.0371,41.1175,0.05329,Increase,Cost pass-through,Pricing team,Approved,Sales manager,14
PC20309,2025-01-01,20031,"Laptop Sleeve - Premium brand, Master carton 48",Apparel & Accessories,Premium brand,41.1175,38.9969,-0.05157,Decrease,Market correction,Dana Whitfield,Pending,Sales manager,3
PC20310,2025-04-01,20031,"Laptop Sleeve - Premium brand, Master carton 48",Apparel & Accessories,Premium brand,38.9969,37.6582,-0.03433,Decrease,Customer negotiation,Bea Okonkwo,Approved,Sales manager,7
PC20311,2025-07-01,20031,"Laptop Sleeve - Premium brand, Master carton 48",Apparel & Accessories,Premium brand,37.6582,41.8414,0.11108,Increase,Market correction,Yusuf Kandemir,Approved,Commercial director,5
PC20312,2025-10-01,20031,"Laptop Sleeve - Premium brand, Master carton 48",Apparel & Accessories,Premium brand,41.8414,44.7758,0.07013,Increase,Competitive response,Hollis Marchetti,Approved,Commercial director,3
PC20313,2026-01-01,20031,"Laptop Sleeve - Premium brand, Master carton 48",Apparel & Accessories,Premium brand,44.7758,42.4559,-0.05181,Decrease,Annual review,Pricing team,Approved,Sales manager,2
PC20314,2026-04-01,20031,"Laptop Sleeve - Premium brand, Master carton 48",Apparel & Accessories,Premium brand,42.4559,41.8966,-0.01317,Decrease,Promotional reset,Alix Fontaine,Approved,Sales manager,2
PC20315,2024-01-01,20032,"Safety Glasses - National brand, Master carton 48",Tools & Hardware,National brand,21.7178,23.4174,0.07826,Increase,Annual review,Pricing team,Approved,Commercial director,4
PC20316,2024-07-01,20032,"Safety Glasses - National brand, Master carton 48",Tools & Hardware,National brand,23.4174,19.1028,-0.18425,Decrease,Market correction,Priya Raghunathan,Approved,Commercial director,1
PC20317,2025-01-01,20032,"Safety Glasses - National brand, Master carton 48",Tools & Hardware,National brand,19.1028,16.9462,-0.11289,Decrease,Customer negotiation,Nikita Petrenko,Approved,Commercial director,1
PC20318,2025-07-01,20032,"Safety Glasses - National brand, Master carton 48",Tools & Hardware,National brand,16.9462,16.3414,-0.03569,Decrease,Market correction,Jonah Stavrides,Approved,Sales manager,9
PC20319,2026-01-01,20032,"Safety Glasses - National brand, Master carton 48",Tools & Hardware,National brand,16.3414,18.1412,0.11014,Increase,Cost pass-through,Pricing team,Pending,Commercial director,5
PC20320,2023-09-01,20033,"Wireless Earbuds - National brand, Inner pack 6",Consumer Electronics,National brand,34.0779,33.6867,-0.01148,Decrease,Promotional reset,Rowan Achterberg,Approved,Sales manager,1
PC20321,2023-12-01,20033,"Wireless Earbuds - National brand, Inner pack 6",Consumer Electronics,National brand,33.6867,31.7079,-0.05874,Decrease,Customer negotiation,Bea Okonkwo,Rejected,Sales manager,4
PC20322,2024-03-01,20033,"Wireless Earbuds - National brand, Inner pack 6",Consumer Electronics,National brand,31.7079,30.786,-0.02907,Decrease,Competitive response,Nikita Petrenko,Approved,Sales manager,1
PC20323,2024-06-01,20033,"Wireless Earbuds - National brand, Inner pack 6",Consumer Electronics,National brand,30.786,27.6522,-0.10179,Decrease,Annual review,Pricing team,Approved,Commercial director,1
PC20324,2024-09-01,20033,"Wireless Earbuds - National brand, Inner pack 6",Consumer Electronics,National brand,27.6522,24.9792,-0.09667,Decrease,Customer negotiation,Bea Okonkwo,Approved,Commercial director,2
PC20325,2024-12-01,20033,"Wireless Earbuds - National brand, Inner pack 6",Consumer Electronics,National brand,24.9792,25.0275,0.00193,Increase,Cost pass-through,Pricing team,Auto-approved,None,0
PC20326,2025-03-01,20033,"Wireless Earbuds - National brand, Inner pack 6",Consumer Electronics,National brand,25.0275,24.8433,-0.00736,Decrease,Market correction,Tom Beauchemin,Approved,Sales manager,2
PC20327,2025-06-01,20033,"Wireless Earbuds - National brand, Inner pack 6",Consumer Electronics,National brand,24.8433,23.4802,-0.05487,Decrease,Customer negotiation,Priya Raghunathan,Approved,Sales manager,5
PC20328,2025-07-01,20033,"Wireless Earbuds - National brand, Inner pack 6",Consumer Electronics,National brand,23.4802,34.6605,0.47616,Increase,Market correction,Marcus Oyelaran,Approved,Commercial director,3
PC20329,2025-09-01,20033,"Wireless Earbuds - National brand, Inner pack 6",Consumer Electronics,National brand,34.6605,32.7045,-0.05643,Decrease,Customer negotiation,Bea Okonkwo,Approved,Sales manager,1
PC20330,2025-12-01,20033,"Wireless Earbuds - National brand, Inner pack 6",Consumer Electronics,National brand,32.7045,29.9926,-0.08292,Decrease,Customer negotiation,Hollis Marchetti,Approved,Commercial director,3
PC20331,2026-03-01,20033,"Wireless Earbuds - National brand, Inner pack 6",Consumer Electronics,National brand,29.9926,25.5546,-0.14797,Decrease,Market correction,Yusuf Kandemir,Approved,Commercial director,3
PC20332,2026-06-01,20033,"Wireless Earbuds - National brand, Inner pack 6",Consumer Electronics,National brand,25.5546,25.1462,-0.01598,Decrease,Customer negotiation,Rowan Achterberg,Approved,Sales manager,1
PC20333,2023-09-01,20034,"Work Jacket - Private label, Bulk pallet 144",Apparel & Accessories,Private label,18.3702,19.2631,0.04861,Increase,Cost pass-through,Pricing team,Approved,Sales manager,6
PC20334,2023-12-01,20034,"Work Jacket - Private label, Bulk pallet 144",Apparel & Accessories,Private label,19.2631,18.876,-0.0201,Decrease,Promotional reset,Jonah Stavrides,Approved,Sales manager,5
PC20335,2024-03-01,20034,"Work Jacket - Private label, Bulk pallet 144",Apparel & Accessories,Private label,18.876,18.6174,-0.0137,Decrease,Market correction,Dana Whitfield,Approved,Sales manager,13
PC20336,2024-06-01,20034,"Work Jacket - Private label, Bulk pallet 144",Apparel & Accessories,Private label,18.6174,20.9473,0.12515,Increase,Cost pass-through,Pricing team,Approved,Commercial director,6
PC20337,2024-09-01,20034,"Work Jacket - Private label, Bulk pallet 144",Apparel & Accessories,Private label,20.9473,20.0937,-0.04075,Decrease,Annual review,Pricing team,Approved,Sales manager,8
PC20338,2024-12-01,20034,"Work Jacket - Private label, Bulk pallet 144",Apparel & Accessories,Private label,20.0937,19.061,-0.05139,Decrease,Cost pass-through,Pricing team,Approved,Sales manager,11
PC20339,2025-03-01,20034,"Work Jacket - Private label, Bulk pallet 144",Apparel & Accessories,Private label,19.061,17.8804,-0.06194,Decrease,Promotional reset,Tom Beauchemin,Approved,Commercial director,1
PC20340,2025-06-01,20034,"Work Jacket - Private label, Bulk pallet 144",Apparel & Accessories,Private label,17.8804,19.5689,0.09443,Increase,Customer negotiation,Tom Beauchemin,Rejected,Commercial director,1
PC20341,2025-09-01,20034,"Work Jacket - Private label, Bulk pallet 144",Apparel & Accessories,Private label,19.5689,20.865,0.06623,Increase,Annual review,Pricing team,Approved,Commercial director,1
PC20342,2025-12-01,20034,"Work Jacket - Private label, Bulk pallet 144",Apparel & Accessories,Private label,20.865,20.2481,-0.02957,Decrease,Market correction,Dana Whitfield,Approved,Sales manager,2
PC20343,2026-03-01,20034,"Work Jacket - Private label, Bulk pallet 144",Apparel & Accessories,Private label,20.2481,20.4078,0.00789,Increase,Annual review,Pricing team,Auto-approved,None,0
PC20344,2026-06-01,20034,"Work Jacket - Private label, Bulk pallet 144",Apparel & Accessories,Private label,20.4078,22.2909,0.09227,Increase,Cost pass-through,Pricing team,Approved,Commercial director,4
PC20345,2023-10-01,20035,"Cycling Helmet - Private label, Bulk pallet 144",Sporting Goods,Private label,39.086,41.9501,0.07328,Increase,Promotional reset,Tom Beauchemin,Pending,Commercial director,1
PC20346,2024-01-01,20035,"Cycling Helmet - Private label, Bulk pallet 144",Sporting Goods,Private label,41.9501,42.5234,0.01367,Increase,Cost pass-through,Pricing team,Auto-approved,None,0
PC20347,2024-04-01,20035,"Cycling Helmet - Private label, Bulk pallet 144",Sporting Goods,Private label,42.5234,45.2621,0.0644,Increase,Customer negotiation,Rowan Achterberg,Approved,Commercial director,1
PC20348,2024-07-01,20035,"Cycling Helmet - Private label, Bulk pallet 144",Sporting Goods,Private label,45.2621,45.2393,-0.0005,Decrease,Competitive response,Rowan Achterberg,Approved,Sales manager,1
PC20349,2024-10-01,20035,"Cycling Helmet - Private label, Bulk pallet 144",Sporting Goods,Private label,45.2393,45.5783,0.00749,Increase,Cost pass-through,Pricing team,Auto-approved,None,0
PC20350,2025-01-01,20035,"Cycling Helmet - Private label, Bulk pallet 144",Sporting Goods,Private label,45.5783,47.714,0.04686,Increase,Customer negotiation,Yusuf Kandemir,Approved,Sales manager,2
PC20351,2025-04-01,20035,"Cycling Helmet - Private label, Bulk pallet 144",Sporting Goods,Private label,47.714,45.4762,-0.0469,Decrease,Customer negotiation,Priya Raghunathan,Approved,Sales manager,3
PC20352,2025-07-01,20035,"Cycling Helmet - Private label, Bulk pallet 144",Sporting Goods,Private label,45.4762,42.2793,-0.0703,Decrease,Customer negotiation,Nikita Petrenko,Approved,Commercial director,1
PC20353,2025-10-01,20035,"Cycling Helmet - Private label, Bulk pallet 144",Sporting Goods,Private label,42.2793,41.8461,-0.01025,Decrease,Annual review,Pricing team,Auto-approved,None,0
PC20354,2026-01-01,20035,"Cycling Helmet - Private label, Bulk pallet 144",Sporting Goods,Private label,41.8461,41.3749,-0.01126,Decrease,Customer negotiation,Jonah Stavrides,Approved,Sales manager,7
PC20355,2026-04-01,20035,"Cycling Helmet - Private label, Bulk pallet 144",Sporting Goods,Private label,41.3749,42.1984,0.0199,Increase,Annual review,Pricing team,Auto-approved,None,0
PC20356,2023-09-01,20036,"Wireless Earbuds - Private label, Case 12",Consumer Electronics,Private label,90.1676,87.4182,-0.03049,Decrease,Cost pass-through,Pricing team,Approved,Sales manager,1
PC20357,2023-12-01,20036,"Wireless Earbuds - Private label, Case 12",Consumer Electronics,Private label,87.4182,89.3707,0.02234,Increase,Annual review,Pricing team,Approved,Sales manager,1
PC20358,2024-03-01,20036,"Wireless Earbuds - Private label, Case 12",Consumer Electronics,Private label,89.3707,82.3226,-0.07886,Decrease,Cost pass-through,Pricing team,Approved,Commercial director,1
PC20359,2024-06-01,20036,"Wireless Earbuds - Private label, Case 12",Consumer Electronics,Private label,82.3226,79.5449,-0.03374,Decrease,Customer negotiation,Tom Beauchemin,Approved,Sales manager,4
PC20360,2024-09-01,20036,"Wireless Earbuds - Private label, Case 12",Consumer Electronics,Private label,79.5449,79.7229,0.00224,Increase,Cost pass-through,Pricing team,Auto-approved,None,0
PC20361,2024-12-01,20036,"Wireless Earbuds - Private label, Case 12",Consumer Electronics,Private label,79.7229,86.0859,0.07981,Increase,Cost pass-through,Pricing team,Approved,Commercial director,1
PC20362,2025-03-01,20036,"Wireless Earbuds - Private label, Case 12",Consumer Electronics,Private label,86.0859,81.7908,-0.04989,Decrease,Customer negotiation,Hollis Marchetti,Approved,Sales manager,1
PC20363,2025-06-01,20036,"Wireless Earbuds - Private label, Case 12",Consumer Electronics,Private label,81.7908,78.5525,-0.03959,Decrease,Market correction,Simone Delacroix,Approved,Sales manager,1
PC20364,2025-09-01,20036,"Wireless Earbuds - Private label, Case 12",Consumer Electronics,Private label,78.5525,82.7847,0.05388,Increase,Cost pass-through,Pricing team,Approved,Sales manager,10
PC20365,2025-12-01,20036,"Wireless Earbuds - Private label, Case 12",Consumer Electronics,Private label,82.7847,80.6612,-0.02565,Decrease,Competitive response,Jonah Stavrides,Approved,Sales manager,4
PC20366,2026-03-01,20036,"Wireless Earbuds - Private label, Case 12",Consumer Electronics,Private label,80.6612,66.7561,-0.17239,Decrease,Promotional reset,Dana Whitfield,Approved,Commercial director,3
PC20367,2026-06-01,20036,"Wireless Earbuds - Private label, Case 12",Consumer Electronics,Private label,66.7561,63.6635,-0.04633,Decrease,Customer negotiation,Alix Fontaine,Approved,Sales manager,6
PC20368,2023-09-01,20037,"Webcam - Value, Each",Consumer Electronics,Value,58.9551,59.6157,0.01121,Increase,Cost pass-through,Pricing team,Auto-approved,None,0
PC20369,2023-12-01,20037,"Webcam - Value, Each",Consumer Electronics,Value,59.6157,60.8321,0.0204,Increase,Market correction,Nikita Petrenko,Approved,Sales manager,7
PC20370,2024-03-01,20037,"Webcam - Value, Each",Consumer Electronics,Value,60.8321,54.749,-0.1,Decrease,Customer negotiation,Yusuf Kandemir,Approved,Commercial director,2
PC20371,2024-06-01,20037,"Webcam - Value, Each",Consumer Electronics,Value,54.749,51.9068,-0.05191,Decrease,Market correction,Nikita Petrenko,Approved,Sales manager,2
PC20372,2024-09-01,20037,"Webcam - Value, Each",Consumer Electronics,Value,51.9068,52.6569,0.01445,Increase,Market correction,Rowan Achterberg,Approved,Sales manager,1
PC20373,2024-12-01,20037,"Webcam - Value, Each",Consumer Electronics,Value,52.6569,54.7816,0.04035,Increase,Annual review,Pricing team,Approved,Sales manager,1
PC20374,2025-03-01,20037,"Webcam - Value, Each",Consumer Electronics,Value,54.7816,48.4644,-0.11532,Decrease,Customer negotiation,Yusuf Kandemir,Approved,Commercial director,7
PC20375,2025-06-01,20037,"Webcam - Value, Each",Consumer Electronics,Value,48.4644,47.9143,-0.01135,Decrease,Annual review,Pricing team,Auto-approved,None,0
PC20376,2025-09-01,20037,"Webcam - Value, Each",Consumer Electronics,Value,47.9143,49.3706,0.03039,Increase,Market correction,Simone Delacroix,Approved,Sales manager,2
PC20377,2025-12-01,20037,"Webcam - Value, Each",Consumer Electronics,Value,49.3706,44.7494,-0.0936,Decrease,Customer negotiation,Jonah Stavrides,Approved,Commercial director,1
PC20378,2026-03-01,20037,"Webcam - Value, Each",Consumer Electronics,Value,44.7494,37.1523,-0.16977,Decrease,Market correction,Simone Delacroix,Approved,Commercial director,2
PC20379,2026-06-01,20037,"Webcam - Value, Each",Consumer Electronics,Value,37.1523,36.8428,-0.00833,Decrease,Market correction,Bea Okonkwo,Approved,Sales manager,2
PC20380,2023-10-01,20038,"Sunscreen SPF50 - National brand, Case 12",Health & Beauty,National brand,31.3602,30.768,-0.01888,Decrease,Competitive response,Simone Delacroix,Approved,Sales manager,1
PC20381,2024-01-01,20038,"Sunscreen SPF50 - National brand, Case 12",Health & Beauty,National brand,30.768,31.3058,0.01748,Increase,Market correction,Rowan Achterberg,Approved,Sales manager,2
PC20382,2024-04-01,20038,"Sunscreen SPF50 - National brand, Case 12",Health & Beauty,National brand,31.3058,30.3383,-0.0309,Decrease,Cost pass-through,Pricing team,Approved,Sales manager,1
PC20383,2024-07-01,20038,"Sunscreen SPF50 - National brand, Case 12",Health & Beauty,National brand,30.3383,32.8317,0.08219,Increase,Annual review,Pricing team,Approved,Commercial director,2
PC20384,2024-10-01,20038,"Sunscreen SPF50 - National brand, Case 12",Health & Beauty,National brand,32.8317,30.6203,-0.06736,Decrease,Annual review,Pricing team,Approved,Commercial director,4
PC20385,2025-01-01,20038,"Sunscreen SPF50 - National brand, Case 12",Health & Beauty,National brand,30.6203,31.476,0.02795,Increase,Annual review,Pricing team,Approved,Sales manager,5
PC20386,2025-04-01,20038,"Sunscreen SPF50 - National brand, Case 12",Health & Beauty,National brand,31.476,31.2529,-0.00709,Decrease,Customer negotiation,Priya Raghunathan,Approved,Sales manager,1
PC20387,2025-07-01,20038,"Sunscreen SPF50 - National brand, Case 12",Health & Beauty,National brand,31.2529,30.3298,-0.02954,Decrease,Annual review,Pricing team,Approved,Sales manager,2
PC20388,2025-10-01,20038,"Sunscreen SPF50 - National brand, Case 12",Health & Beauty,National brand,30.3298,29.1037,-0.04043,Decrease,Cost pass-through,Pricing team,Approved,Sales manager,1
PC20389,2026-01-01,20038,"Sunscreen SPF50 - National brand, Case 12",Health & Beauty,National brand,29.1037,28.1755,-0.03189,Decrease,Customer negotiation,Bea Okonkwo,Pending,Sales manager,6
PC20390,2026-04-01,20038,"Sunscreen SPF50 - National brand, Case 12",Health & Beauty,National brand,28.1755,27.2668,-0.03225,Decrease,Competitive response,Priya Raghunathan,Approved,Sales manager,1
PC20391,2023-10-01,20039,"Pet Bed - National brand, Each",Pet Supplies,National brand,25.4757,25.7307,0.01001,Increase,Annual review,Pricing team,Auto-approved,None,0
PC20392,2024-01-01,20039,"Pet Bed - National brand, Each",Pet Supplies,National brand,25.7307,25.9584,0.00885,Increase,Market correction,Dana Whitfield,Approved,Sales manager,5
PC20393,2024-04-01,20039,"Pet Bed - National brand, Each",Pet Supplies,National brand,25.9584,26.6498,0.02663,Increase,Competitive response,Priya Raghunathan,Approved,Sales manager,2
PC20394,2024-07-01,20039,"Pet Bed - National brand, Each",Pet Supplies,National brand,26.6498,27.4359,0.0295,Increase,Cost pass-through,Pricing team,Approved,Sales manager,1
PC20395,2024-10-01,20039,"Pet Bed - National brand, Each",Pet Supplies,National brand,27.4359,28.5741,0.04149,Increase,Competitive response,Tom Beauchemin,Approved,Sales manager,2
PC20396,2025-01-01,20039,"Pet Bed - National brand, Each",Pet Supplies,National brand,28.5741,27.3257,-0.04369,Decrease,Customer negotiation,Marcus Oyelaran,Approved,Sales manager,15
PC20397,2025-04-01,20039,"Pet Bed - National brand, Each",Pet Supplies,National brand,27.3257,27.2661,-0.00218,Decrease,Promotional reset,Simone Delacroix,Approved,Sales manager,3
PC20398,2025-07-01,20039,"Pet Bed - National brand, Each",Pet Supplies,National brand,27.2661,24.1231,-0.11527,Decrease,Customer negotiation,Rowan Achterberg,Approved,Commercial director,1
PC20399,2025-08-01,20039,"Pet Bed - National brand, Each",Pet Supplies,National brand,24.1231,33.3586,0.38285,Increase,Cost pass-through,Pricing team,Approved,Commercial director,5
PC20400,2025-10-01,20039,"Pet Bed - National brand, Each",Pet Supplies,National brand,33.3586,34.8535,0.04481,Increase,Cost pass-through,Pricing team,Approved,Sales manager,5
PC20401,2026-01-01,20039,"Pet Bed - National brand, Each",Pet Supplies,National brand,34.8535,36.7262,0.05373,Increase,Annual review,Pricing team,Approved,Sales manager,39
PC20402,2026-04-01,20039,"Pet Bed - National brand, Each",Pet Supplies,National brand,36.7262,35.6462,-0.02941,Decrease,Competitive response,Jonah Stavrides,Approved,Sales manager,3
PC20403,2023-10-01,20040,"Adjustable Dumbbells - Value, Case 12",Sporting Goods,Value,45.4686,46.4124,0.02076,Increase,Competitive response,Hollis Marchetti,Approved,Sales manager,5
PC20404,2024-01-01,20040,"Adjustable Dumbbells - Value, Case 12",Sporting Goods,Value,46.4124,46.8572,0.00958,Increase,Cost pass-through,Pricing team,Auto-approved,None,0
PC20405,2024-04-01,20040,"Adjustable Dumbbells - Value, Case 12",Sporting Goods,Value,46.8572,52.756,0.12589,Increase,Annual review,Pricing team,Approved,Commercial director,1
PC20406,2024-07-01,20040,"Adjustable Dumbbells - Value, Case 12",Sporting Goods,Value,52.756,56.7858,0.07639,Increase,Annual review,Pricing team,Approved,Commercial director,9
PC20407,2024-10-01,20040,"Adjustable Dumbbells - Value, Case 12",Sporting Goods,Value,56.7858,55.5721,-0.02137,Decrease,Customer negotiation,Alix Fontaine,Pending,Sales manager,9
PC20408,2025-01-01,20040,"Adjustable Dumbbells - Value, Case 12",Sporting Goods,Value,55.5721,57.0899,0.02731,Increase,Competitive response,Alix Fontaine,Pending,Sales manager,1
PC20409,2025-04-01,20040,"Adjustable Dumbbells - Value, Case 12",Sporting Goods,Value,57.0899,59.659,0.045,Increase,Market correction,Tom Beauchemin,Approved,Sales manager,1
PC20410,2025-07-01,20040,"Adjustable Dumbbells - Value, Case 12",Sporting Goods,Value,59.659,58.9057,-0.01263,Decrease,Cost pass-through,Pricing team,Auto-approved,None,0
PC20411,2025-10-01,20040,"Adjustable Dumbbells - Value, Case 12",Sporting Goods,Value,58.9057,57.9313,-0.01654,Decrease,Annual review,Pricing team,Auto-approved,None,0
PC20412,2026-01-01,20040,"Adjustable Dumbbells - Value, Case 12",Sporting Goods,Value,57.9313,57.2764,-0.0113,Decrease,Market correction,Jonah Stavrides,Approved,Sales manager,10
PC20413,2026-04-01,20040,"Adjustable Dumbbells - Value, Case 12",Sporting Goods,Value,57.2764,57.9169,0.01118,Increase,Promotional reset,Hollis Marchetti,Approved,Sales manager,5
PC20414,2023-09-01,20041,"Bedding Set - National brand, Each",Home & Kitchen,National brand,24.5858,23.8802,-0.0287,Decrease,Competitive response,Bea Okonkwo,Approved,Sales manager,1
PC20415,2023-12-01,20041,"Bedding Set - National brand, Each",Home & Kitchen,National brand,23.8802,21.4813,-0.10046,Decrease,Customer negotiation,Bea Okonkwo,Approved,Commercial director,6
PC20416,2024-03-01,20041,"Bedding Set - National brand, Each",Home & Kitchen,National brand,21.4813,23.1025,0.07547,Increase,Annual review,Pricing team,Approved,Commercial director,1
PC20417,2024-06-01,20041,"Bedding Set - National brand, Each",Home & Kitchen,National brand,23.1025,24.8039,0.07365,Increase,Promotional reset,Priya Raghunathan,Approved,Commercial director,9
PC20418,2024-09-01,20041,"Bedding Set - National brand, Each",Home & Kitchen,National brand,24.8039,25.4076,0.02434,Increase,Cost pass-through,Pricing team,Approved,Sales manager,12
PC20419,2024-12-01,20041,"Bedding Set - National brand, Each",Home & Kitchen,National brand,25.4076,23.6112,-0.0707,Decrease,Customer negotiation,Simone Delacroix,Approved,Commercial director,10
PC20420,2025-03-01,20041,"Bedding Set - National brand, Each",Home & Kitchen,National brand,23.6112,23.6954,0.00357,Increase,Customer negotiation,Yusuf Kandemir,Approved,Sales manager,3
PC20421,2025-06-01,20041,"Bedding Set - National brand, Each",Home & Kitchen,National brand,23.6954,24.7555,0.04474,Increase,Market correction,Yusuf Kandemir,Approved,Sales manager,2
PC20422,2025-09-01,20041,"Bedding Set - National brand, Each",Home & Kitchen,National brand,24.7555,22.4181,-0.09442,Decrease,Promotional reset,Simone Delacroix,Approved,Commercial director,6
PC20423,2025-12-01,20041,"Bedding Set - National brand, Each",Home & Kitchen,National brand,22.4181,24.1677,0.07804,Increase,Annual review,Pricing team,Approved,Commercial director,5
PC20424,2026-03-01,20041,"Bedding Set - National brand, Each",Home & Kitchen,National brand,24.1677,26.4348,0.09381,Increase,Cost pass-through,Pricing team,Approved,Commercial director,13
PC20425,2026-06-01,20041,"Bedding Set - National brand, Each",Home & Kitchen,National brand,26.4348,25.6223,-0.03074,Decrease,Market correction,Simone Delacroix,Approved,Sales manager,1
PC20426,2023-08-01,20042,"Sunscreen SPF50 - Private label, Case 12",Health & Beauty,Private label,14.4846,14.0629,-0.02911,Decrease,Cost pass-through,Pricing team,Approved,Sales manager,4
PC20427,2023-11-01,20042,"Sunscreen SPF50 - Private label, Case 12",Health & Beauty,Private label,14.0629,13.8801,-0.013,Decrease,Annual review,Pricing team,Auto-approved,None,0
PC20428,2024-02-01,20042,"Sunscreen SPF50 - Private label, Case 12",Health & Beauty,Private label,13.8801,13.8947,0.00105,Increase,Cost pass-through,Pricing team,Auto-approved,None,0
PC20429,2024-05-01,20042,"Sunscreen SPF50 - Private label, Case 12",Health & Beauty,Private label,13.8947,14.0089,0.00822,Increase,Cost pass-through,Pricing team,Auto-approved,None,0
PC20430,2024-08-01,20042,"Sunscreen SPF50 - Private label, Case 12",Health & Beauty,Private label,14.0089,15.1346,0.08036,Increase,Market correction,Priya Raghunathan,Approved,Commercial director,3
PC20431,2024-11-01,20042,"Sunscreen SPF50 - Private label, Case 12",Health & Beauty,Private label,15.1346,15.1442,0.00063,Increase,Annual review,Pricing team,Auto-approved,None,0
PC20432,2025-02-01,20042,"Sunscreen SPF50 - Private label, Case 12",Health & Beauty,Private label,15.1442,15.2552,0.00733,Increase,Annual review,Pricing team,Auto-approved,None,0
PC20433,2025-05-01,20042,"Sunscreen SPF50 - Private label, Case 12",Health & Beauty,Private label,15.2552,14.9144,-0.02234,Decrease,Market correction,Marcus Oyelaran,Approved,Sales manager,1
PC20434,2025-08-01,20042,"Sunscreen SPF50 - Private label, Case 12",Health & Beauty,Private label,14.9144,14.9375,0.00155,Increase,Cost pass-through,Pricing team,Auto-approved,None,0
PC20435,2025-11-01,20042,"Sunscreen SPF50 - Private label, Case 12",Health & Beauty,Private label,14.9375,15.4444,0.03393,Increase,Competitive response,Dana Whitfield,Approved,Sales manager,3
PC20436,2026-02-01,20042,"Sunscreen SPF50 - Private label, Case 12",Health & Beauty,Private label,15.4444,15.4798,0.00229,Increase,Customer negotiation,Simone Delacroix,Approved,Sales manager,1
PC20437,2026-05-01,20042,"Sunscreen SPF50 - Private label, Case 12",Health & Beauty,Private label,15.4798,14.9032,-0.03725,Decrease,Customer negotiation,Alix Fontaine,Approved,Sales manager,5
PC20438,2023-10-01,20043,"Work Gloves - Value, Case 24",Tools & Hardware,Value,22.6486,22.1251,-0.02311,Decrease,Market correction,Yusuf Kandemir,Approved,Sales manager,1
PC20439,2024-01-01,20043,"Work Gloves - Value, Case 24",Tools & Hardware,Value,22.1251,24.7446,0.11839,Increase,Cost pass-through,Pricing team,Approved,Commercial director,1
PC20440,2024-04-01,20043,"Work Gloves - Value, Case 24",Tools & Hardware,Value,24.7446,23.6783,-0.04309,Decrease,Promotional reset,Marcus Oyelaran,Approved,Sales manager,11
PC20441,2024-07-01,20043,"Work Gloves - Value, Case 24",Tools & Hardware,Value,23.6783,23.6529,-0.00107,Decrease,Market correction,Bea Okonkwo,Approved,Sales manager,6
PC20442,2024-10-01,20043,"Work Gloves - Value, Case 24",Tools & Hardware,Value,23.6529,20.7714,-0.12182,Decrease,Customer negotiation,Hollis Marchetti,Approved,Commercial director,2
PC20443,2025-01-01,20043,"Work Gloves - Value, Case 24",Tools & Hardware,Value,20.7714,21.2074,0.02099,Increase,Cost pass-through,Pricing team,Approved,Sales manager,1
PC20444,2025-04-01,20043,"Work Gloves - Value, Case 24",Tools & Hardware,Value,21.2074,21.1218,-0.00404,Decrease,Customer negotiation,Simone Delacroix,Approved,Sales manager,3
PC20445,2025-07-01,20043,"Work Gloves - Value, Case 24",Tools & Hardware,Value,21.1218,21.6215,0.02366,Increase,Promotional reset,Tom Beauchemin,Approved,Sales manager,4
PC20446,2025-10-01,20043,"Work Gloves - Value, Case 24",Tools & Hardware,Value,21.6215,23.2912,0.07722,Increase,Annual review,Pricing team,Pending,Commercial director,6
PC20447,2026-01-01,20043,"Work Gloves - Value, Case 24",Tools & Hardware,Value,23.2912,25.9071,0.11231,Increase,Cost pass-through,Pricing team,Approved,Commercial director,7
PC20448,2026-04-01,20043,"Work Gloves - Value, Case 24",Tools & Hardware,Value,25.9071,26.7837,0.03384,Increase,Annual review,Pricing team,Approved,Sales manager,2
PC20449,2023-08-01,20044,"Safety Boots - Value, Inner pack 6",Apparel & Accessories,Value,17.5147,18.5698,0.06024,Increase,Annual review,Pricing team,Approved,Commercial director,2
PC20450,2023-11-01,20044,"Safety Boots - Value, Inner pack 6",Apparel & Accessories,Value,18.5698,17.4713,-0.05916,Decrease,Market correction,Tom Beauchemin,Rejected,Sales manager,5
PC20451,2024-02-01,20044,"Safety Boots - Value, Inner pack 6",Apparel & Accessories,Value,17.4713,17.6167,0.00832,Increase,Competitive response,Bea Okonkwo,Approved,Sales manager,1
PC20452,2024-05-01,20044,"Safety Boots - Value, Inner pack 6",Apparel & Accessories,Value,17.6167,17.6565,0.00226,Increase,Cost pass-through,Pricing team,Auto-approved,None,0
PC20453,2024-08-01,20044,"Safety Boots - Value, Inner pack 6",Apparel & Accessories,Value,17.6565,17.3831,-0.01548,Decrease,Promotional reset,Priya Raghunathan,Approved,Sales manager,6
PC20454,2024-11-01,20044,"Safety Boots - Value, Inner pack 6",Apparel & Accessories,Value,17.3831,17.6051,0.01277,Increase,Cost pass-through,Pricing team,Auto-approved,None,0
PC20455,2025-02-01,20044,"Safety Boots - Value, Inner pack 6",Apparel & Accessories,Value,17.6051,16.9737,-0.03586,Decrease,Competitive response,Marcus Oyelaran,Approved,Sales manager,1
PC20456,2025-05-01,20044,"Safety Boots - Value, Inner pack 6",Apparel & Accessories,Value,16.9737,16.8416,-0.00778,Decrease,Customer negotiation,Tom Beauchemin,Pending,Sales manager,3
PC20457,2025-08-01,20044,"Safety Boots - Value, Inner pack 6",Apparel & Accessories,Value,16.8416,19.0673,0.13215,Increase,Annual review,Pricing team,Approved,Commercial director,1
PC20458,2025-11-01,20044,"Safety Boots - Value, Inner pack 6",Apparel & Accessories,Value,19.0673,18.6758,-0.02053,Decrease,Customer negotiation,Simone Delacroix,Approved,Sales manager,3
PC20459,2026-02-01,20044,"Safety Boots - Value, Inner pack 6",Apparel & Accessories,Value,18.6758,18.5392,-0.00731,Decrease,Annual review,Pricing team,Auto-approved,None,0
PC20460,2026-05-01,20044,"Safety Boots - Value, Inner pack 6",Apparel & Accessories,Value,18.5392,17.6406,-0.04847,Decrease,Competitive response,Marcus Oyelaran,Rejected,Sales manager,1
PC20461,2023-09-01,20045,"Winter Gloves - Value, Inner pack 6",Apparel & Accessories,Value,30.6681,32.3807,0.05584,Increase,Annual review,Pricing team,Rejected,Sales manager,5
PC20462,2023-12-01,20045,"Winter Gloves - Value, Inner pack 6",Apparel & Accessories,Value,32.3807,30.1756,-0.0681,Decrease,Customer negotiation,Marcus Oyelaran,Approved,Commercial director,4
PC20463,2024-03-01,20045,"Winter Gloves - Value, Inner pack 6",Apparel & Accessories,Value,30.1756,26.1209,-0.13437,Decrease,Market correction,Dana Whitfield,Approved,Commercial director,1
PC20464,2024-06-01,20045,"Winter Gloves - Value, Inner pack 6",Apparel & Accessories,Value,26.1209,36.4333,0.39479,Increase,Annual review,Pricing team,Pending,Commercial director,3
PC20465,2024-09-01,20045,"Winter Gloves - Value, Inner pack 6",Apparel & Accessories,Value,36.4333,38.0219,0.0436,Increase,Customer negotiation,Jonah Stavrides,Approved,Sales manager,2
PC20466,2024-12-01,20045,"Winter Gloves - Value, Inner pack 6",Apparel & Accessories,Value,38.0219,38.4981,0.01252,Increase,Promotional reset,Simone Delacroix,Rejected,Sales manager,1
PC20467,2025-03-01,20045,"Winter Gloves - Value, Inner pack 6",Apparel & Accessories,Value,38.4981,38.3379,-0.00416,Decrease,Customer negotiation,Nikita Petrenko,Approved,Sales manager,4
PC20468,2025-06-01,20045,"Winter Gloves - Value, Inner pack 6",Apparel & Accessories,Value,38.3379,40.8172,0.06467,Increase,Cost pass-through,Pricing team,Approved,Commercial director,1
PC20469,2025-09-01,20045,"Winter Gloves - Value, Inner pack 6",Apparel & Accessories,Value,40.8172,43.6141,0.06852,Increase,Cost pass-through,Pricing team,Approved,Commercial director,7
PC20470,2025-12-01,20045,"Winter Gloves - Value, Inner pack 6",Apparel & Accessories,Value,43.6141,43.8528,0.00547,Increase,Cost pass-through,Pricing team,Auto-approved,None,0
PC20471,2026-03-01,20045,"Winter Gloves - Value, Inner pack 6",Apparel & Accessories,Value,43.8528,42.8576,-0.02269,Decrease,Market correction,Tom Beauchemin,Rejected,Sales manager,1
PC20472,2026-06-01,20045,"Winter Gloves - Value, Inner pack 6",Apparel & Accessories,Value,42.8576,43.9034,0.0244,Increase,Cost pass-through,Pricing team,Approved,Sales manager,15
PC20473,2023-09-01,20046,"Cycling Helmet - Private label, Each",Sporting Goods,Private label,65.7932,68.1137,0.03527,Increase,Competitive response,Dana Whitfield,Approved,Sales manager,1
PC20474,2023-12-01,20046,"Cycling Helmet - Private label, Each",Sporting Goods,Private label,68.1137,69.0391,0.01359,Increase,Annual review,Pricing team,Auto-approved,None,0
PC20475,2024-03-01,20046,"Cycling Helmet - Private label, Each",Sporting Goods,Private label,69.0391,64.8437,-0.06077,Decrease,Market correction,Simone Delacroix,Rejected,Commercial director,2
PC20476,2024-06-01,20046,"Cycling Helmet - Private label, Each",Sporting Goods,Private label,64.8437,65.4401,0.0092,Increase,Cost pass-through,Pricing team,Auto-approved,None,0
PC20477,2024-09-01,20046,"Cycling Helmet - Private label, Each",Sporting Goods,Private label,65.4401,65.2147,-0.00344,Decrease,Market correction,Dana Whitfield,Approved,Sales manager,6
PC20478,2024-12-01,20046,"Cycling Helmet - Private label, Each",Sporting Goods,Private label,65.2147,64.519,-0.01067,Decrease,Market correction,Jonah Stavrides,Approved,Sales manager,8
PC20479,2025-03-01,20046,"Cycling Helmet - Private label, Each",Sporting Goods,Private label,64.519,65.5713,0.01631,Increase,Cost pass-through,Pricing team,Auto-approved,None,0
PC20480,2025-06-01,20046,"Cycling Helmet - Private label, Each",Sporting Goods,Private label,65.5713,67.1556,0.02416,Increase,Cost pass-through,Pricing team,Rejected,Sales manager,1
PC20481,2025-09-01,20046,"Cycling Helmet - Private label, Each",Sporting Goods,Private label,67.1556,63.9892,-0.04715,Decrease,Market correction,Dana Whitfield,Rejected,Sales manager,2
PC20482,2025-12-01,20046,"Cycling Helmet - Private label, Each",Sporting Goods,Private label,63.9892,64.7761,0.0123,Increase,Annual review,Pricing team,Auto-approved,None,0
PC20483,2026-03-01,20046,"Cycling Helmet - Private label, Each",Sporting Goods,Private label,64.7761,66.1624,0.0214,Increase,Promotional reset,Yusuf Kandemir,Approved,Sales manager,1
PC20484,2026-06-01,20046,"Cycling Helmet - Private label, Each",Sporting Goods,Private label,66.1624,66.858,0.01051,Increase,Cost pass-through,Pricing team,Auto-approved,None,0
PC20485,2023-10-01,20047,"HDMI Cable - Private label, Each",Consumer Electronics,Private label,37.4004,35.6997,-0.04547,Decrease,Market correction,Rowan Achterberg,Approved,Sales manager,3
PC20486,2024-01-01,20047,"HDMI Cable - Private label, Each",Consumer Electronics,Private label,35.6997,35.4146,-0.00799,Decrease,Customer negotiation,Marcus Oyelaran,Rejected,Sales manager,5
PC20487,2024-04-01,20047,"HDMI Cable - Private label, Each",Consumer Electronics,Private label,35.4146,33.427,-0.05612,Decrease,Market correction,Yusuf Kandemir,Approved,Sales manager,3
PC20488,2024-07-01,20047,"HDMI Cable - Private label, Each",Consumer Electronics,Private label,33.427,32.779,-0.01939,Decrease,Market correction,Tom Beauchemin,Approved,Sales manager,1
PC20489,2024-10-01,20047,"HDMI Cable - Private label, Each",Consumer Electronics,Private label,32.779,31.8814,-0.02738,Decrease,Market correction,Marcus Oyelaran,Approved,Sales manager,3
PC20490,2025-01-01,20047,"HDMI Cable - Private label, Each",Consumer Electronics,Private label,31.8814,33.9424,0.06465,Increase,Annual review,Pricing team,Approved,Commercial director,3
PC20491,2025-04-01,20047,"HDMI Cable - Private label, Each",Consumer Electronics,Private label,33.9424,31.6752,-0.0668,Decrease,Promotional reset,Priya Raghunathan,Approved,Commercial director,1
PC20492,2025-07-01,20047,"HDMI Cable - Private label, Each",Consumer Electronics,Private label,31.6752,32.1548,0.01514,Increase,Cost pass-through,Pricing team,Auto-approved,None,0
PC20493,2025-10-01,20047,"HDMI Cable - Private label, Each",Consumer Electronics,Private label,32.1548,30.949,-0.0375,Decrease,Promotional reset,Dana Whitfield,Approved,Sales manager,14
PC20494,2026-01-01,20047,"HDMI Cable - Private label, Each",Consumer Electronics,Private label,30.949,29.5378,-0.0456,Decrease,Promotional reset,Rowan Achterberg,Approved,Sales manager,1
PC20495,2026-04-01,20047,"HDMI Cable - Private label, Each",Consumer Electronics,Private label,29.5378,25.4396,-0.13874,Decrease,Promotional reset,Bea Okonkwo,Approved,Commercial director,10
PC20496,2023-08-01,20048,"HDMI Cable - National brand, Master carton 48",Consumer Electronics,National brand,142.3476,149.1175,0.04756,Increase,Cost pass-through,Pricing team,Approved,Sales manager,1
PC20497,2023-11-01,20048,"HDMI Cable - National brand, Master carton 48",Consumer Electronics,National brand,149.1175,136.5265,-0.08444,Decrease,Promotional reset,Nikita Petrenko,Approved,Commercial director,2
PC20498,2024-02-01,20048,"HDMI Cable - National brand, Master carton 48",Consumer Electronics,National brand,136.5265,120.613,-0.11656,Decrease,Market correction,Dana Whitfield,Approved,Commercial director,2
PC20499,2024-05-01,20048,"HDMI Cable - National brand, Master carton 48",Consumer Electronics,National brand,120.613,112.7485,-0.0652,Decrease,Market correction,Marcus Oyelaran,Approved,Commercial director,2
PC20500,2024-08-01,20048,"HDMI Cable - National brand, Master carton 48",Consumer Electronics,National brand,112.7485,109.0551,-0.03276,Decrease,Cost pass-through,Pricing team,Approved,Sales manager,2
PC20501,2024-11-01,20048,"HDMI Cable - National brand, Master carton 48",Consumer Electronics,National brand,109.0551,112.7248,0.03365,Increase,Cost pass-through,Pricing team,Approved,Sales manager,2
PC20502,2025-02-01,20048,"HDMI Cable - National brand, Master carton 48",Consumer Electronics,National brand,112.7248,115.5342,0.02492,Increase,Competitive response,Alix Fontaine,Approved,Sales manager,1
PC20503,2025-05-01,20048,"HDMI Cable - National brand, Master carton 48",Consumer Electronics,National brand,115.5342,112.3293,-0.02774,Decrease,Customer negotiation,Hollis Marchetti,Pending,Sales manager,1
PC20504,2025-08-01,20048,"HDMI Cable - National brand, Master carton 48",Consumer Electronics,National brand,112.3293,122.9147,0.09424,Increase,Market correction,Tom Beauchemin,Approved,Commercial director,5
PC20505,2025-11-01,20048,"HDMI Cable - National brand, Master carton 48",Consumer Electronics,National brand,122.9147,125.1998,0.01859,Increase,Market correction,Tom Beauchemin,Approved,Sales manager,3
PC20506,2026-02-01,20048,"HDMI Cable - National brand, Master carton 48",Consumer Electronics,National brand,125.1998,116.5592,-0.06901,Decrease,Competitive response,Priya Raghunathan,Approved,Commercial director,5
PC20507,2026-05-01,20048,"HDMI Cable - National brand, Master carton 48",Consumer Electronics,National brand,116.5592,108.0447,-0.07305,Decrease,Market correction,Yusuf Kandemir,Approved,Commercial director,8
PC20508,2023-08-01,20049,"Adjustable Dumbbells - Value, Master carton 48",Sporting Goods,Value,31.2463,32.7649,0.0486,Increase,Annual review,Pricing team,Approved,Sales manager,4
PC20509,2024-05-01,20049,"Adjustable Dumbbells - Value, Master carton 48",Sporting Goods,Value,32.7649,45.4116,0.38598,Increase,Annual review,Pricing team,Approved,Commercial director,2
PC20510,2023-10-01,20050,"HDMI Cable - Premium brand, Case 12",Consumer Electronics,Premium brand,59.6416,62.3705,0.04575,Increase,Annual review,Pricing team,Rejected,Sales manager,8
PC20511,2024-01-01,20050,"HDMI Cable - Premium brand, Case 12",Consumer Electronics,Premium brand,62.3705,64.979,0.04182,Increase,Cost pass-through,Pricing team,Approved,Sales manager,3
PC20512,2024-04-01,20050,"HDMI Cable - Premium brand, Case 12",Consumer Electronics,Premium brand,64.979,63.9083,-0.01648,Decrease,Market correction,Dana Whitfield,Approved,Sales manager,8
PC20513,2024-07-01,20050,"HDMI Cable - Premium brand, Case 12",Consumer Electronics,Premium brand,63.9083,62.2094,-0.02658,Decrease,Competitive response,Dana Whitfield,Approved,Sales manager,7
PC20514,2024-10-01,20050,"HDMI Cable - Premium brand, Case 12",Consumer Electronics,Premium brand,62.2094,69.2112,0.11255,Increase,Annual review,Pricing team,Approved,Commercial director,1
PC20515,2025-01-01,20050,"HDMI Cable - Premium brand, Case 12",Consumer Electronics,Premium brand,69.2112,72.7748,0.05149,Increase,Annual review,Pricing team,Approved,Sales manager,6
PC20516,2025-04-01,20050,"HDMI Cable - Premium brand, Case 12",Consumer Electronics,Premium brand,72.7748,70.6562,-0.02911,Decrease,Customer negotiation,Marcus Oyelaran,Approved,Sales manager,2
PC20517,2025-07-01,20050,"HDMI Cable - Premium brand, Case 12",Consumer Electronics,Premium brand,70.6562,70.5628,-0.00132,Decrease,Competitive response,Yusuf Kandemir,Approved,Sales manager,7
PC20518,2025-10-01,20050,"HDMI Cable - Premium brand, Case 12",Consumer Electronics,Premium brand,70.5628,69.7431,-0.01162,Decrease,Customer negotiation,Yusuf Kandemir,Approved,Sales manager,4
PC20519,2026-01-01,20050,"HDMI Cable - Premium brand, Case 12",Consumer Electronics,Premium brand,69.7431,65.0633,-0.0671,Decrease,Market correction,Jonah Stavrides,Approved,Commercial director,5
PC20520,2026-04-01,20050,"HDMI Cable - Premium brand, Case 12",Consumer Electronics,Premium brand,65.0633,61.4893,-0.05493,Decrease,Cost pass-through,Pricing team,Approved,Sales manager,4
PC20521,2023-08-01,20051,"Grooming Kit - National brand, Case 12",Pet Supplies,National brand,19.1946,17.96,-0.06432,Decrease,Customer negotiation,Yusuf Kandemir,Approved,Commercial director,2
PC20522,2023-11-01,20051,"Grooming Kit - National brand, Case 12",Pet Supplies,National brand,17.96,18.0371,0.00429,Increase,Cost pass-through,Pricing team,Auto-approved,None,0
PC20523,2024-02-01,20051,"Grooming Kit - National brand, Case 12",Pet Supplies,National brand,18.0371,16.7614,-0.07073,Decrease,Customer negotiation,Rowan Achterberg,Approved,Commercial director,2
PC20524,2024-05-01,20051,"Grooming Kit - National brand, Case 12",Pet Supplies,National brand,16.7614,18.269,0.08994,Increase,Market correction,Hollis Marchetti,Approved,Commercial director,3
PC20525,2024-08-01,20051,"Grooming Kit - National brand, Case 12",Pet Supplies,National brand,18.269,18.9069,0.03492,Increase,Annual review,Pricing team,Approved,Sales manager,3
PC20526,2024-11-01,20051,"Grooming Kit - National brand, Case 12",Pet Supplies,National brand,18.9069,19.0432,0.00721,Increase,Cost pass-through,Pricing team,Auto-approved,None,0
PC20527,2025-02-01,20051,"Grooming Kit - National brand, Case 12",Pet Supplies,National brand,19.0432,20.1393,0.05756,Increase,Market correction,Marcus Oyelaran,Approved,Sales manager,1
PC20528,2025-05-01,20051,"Grooming Kit - National brand, Case 12",Pet Supplies,National brand,20.1393,20.9069,0.03811,Increase,Annual review,Pricing team,Approved,Sales manager,1
PC20529,2025-08-01,20051,"Grooming Kit - National brand, Case 12",Pet Supplies,National brand,20.9069,21.4027,0.02371,Increase,Market correction,Bea Okonkwo,Approved,Sales manager,1
PC20530,2025-11-01,20051,"Grooming Kit - National brand, Case 12",Pet Supplies,National brand,21.4027,20.7855,-0.02884,Decrease,Market correction,Alix Fontaine,Approved,Sales manager,1
PC20531,2026-02-01,20051,"Grooming Kit - National brand, Case 12",Pet Supplies,National brand,20.7855,21.3797,0.02859,Increase,Cost pass-through,Pricing team,Approved,Sales manager,3
PC20532,2026-05-01,20051,"Grooming Kit - National brand, Case 12",Pet Supplies,National brand,21.3797,22.0294,0.03039,Increase,Cost pass-through,Pricing team,Rejected,Sales manager,1
PC20533,2023-09-01,20052,"Fastener Assortment - Value, Case 24",Tools & Hardware,Value,34.7252,33.169,-0.04481,Decrease,Competitive response,Tom Beauchemin,Approved,Sales manager,1
PC20534,2024-03-01,20052,"Fastener Assortment - Value, Case 24",Tools & Hardware,Value,33.169,34.3597,0.0359,Increase,Cost pass-through,Pricing team,Approved,Sales manager,7
PC20535,2024-09-01,20052,"Fastener Assortment - Value, Case 24",Tools & Hardware,Value,34.3597,29.1181,-0.15255,Decrease,Customer negotiation,Marcus Oyelaran,Approved,Commercial director,2
PC20536,2025-03-01,20052,"Fastener Assortment - Value, Case 24",Tools & Hardware,Value,29.1181,31.2873,0.0745,Increase,Annual review,Pricing team,Approved,Commercial director,3
PC20537,2025-09-01,20052,"Fastener Assortment - Value, Case 24",Tools & Hardware,Value,31.2873,32.9645,0.05361,Increase,Market correction,Tom Beauchemin,Approved,Sales manager,1
PC20538,2026-03-01,20052,"Fastener Assortment - Value, Case 24",Tools & Hardware,Value,32.9645,38.6068,0.17116,Increase,Annual review,Pricing team,Pending,Commercial director,7
PC20539,2023-08-01,20053,"Power Bank - Value, Bulk pallet 144",Consumer Electronics,Value,95.6336,102.7074,0.07397,Increase,Competitive response,Jonah Stavrides,Approved,Commercial director,2
PC20540,2023-11-01,20053,"Power Bank - Value, Bulk pallet 144",Consumer Electronics,Value,102.7074,104.0574,0.01314,Increase,Cost pass-through,Pricing team,Auto-approved,None,0
PC20541,2024-02-01,20053,"Power Bank - Value, Bulk pallet 144",Consumer Electronics,Value,104.0574,100.4752,-0.03443,Decrease,Market correction,Hollis Marchetti,Approved,Sales manager,1
PC20542,2024-05-01,20053,"Power Bank - Value, Bulk pallet 144",Consumer Electronics,Value,100.4752,100.9707,0.00493,Increase,Annual review,Pricing team,Auto-approved,None,0
PC20543,2024-08-01,20053,"Power Bank - Value, Bulk pallet 144",Consumer Electronics,Value,100.9707,100.7473,-0.00221,Decrease,Competitive response,Dana Whitfield,Approved,Sales manager,3
PC20544,2024-11-01,20053,"Power Bank - Value, Bulk pallet 144",Consumer Electronics,Value,100.7473,98.5674,-0.02164,Decrease,Customer negotiation,Nikita Petrenko,Approved,Sales manager,2
PC20545,2025-02-01,20053,"Power Bank - Value, Bulk pallet 144",Consumer Electronics,Value,98.5674,98.7757,0.00211,Increase,Cost pass-through,Pricing team,Auto-approved,None,0
PC20546,2025-05-01,20053,"Power Bank - Value, Bulk pallet 144",Consumer Electronics,Value,98.7757,99.0116,0.00239,Increase,Annual review,Pricing team,Auto-approved,None,0
PC20547,2025-08-01,20053,"Power Bank - Value, Bulk pallet 144",Consumer Electronics,Value,99.0116,108.0532,0.09132,Increase,Market correction,Bea Okonkwo,Approved,Commercial director,1
PC20548,2025-11-01,20053,"Power Bank - Value, Bulk pallet 144",Consumer Electronics,Value,108.0532,97.5307,-0.09738,Decrease,Cost pass-through,Pricing team,Approved,Commercial director,7
PC20549,2026-02-01,20053,"Power Bank - Value, Bulk pallet 144",Consumer Electronics,Value,97.5307,92.1562,-0.05511,Decrease,Customer negotiation,Yusuf Kandemir,Approved,Sales manager,1
PC20550,2026-05-01,20053,"Power Bank - Value, Bulk pallet 144",Consumer Electronics,Value,92.1562,86.682,-0.0594,Decrease,Market correction,Tom Beauchemin,Approved,Sales manager,2
PC20551,2023-09-01,20054,"Work Gloves - National brand, Bulk pallet 144",Tools & Hardware,National brand,64.2122,60.7771,-0.0535,Decrease,Market correction,Dana Whitfield,Approved,Sales manager,5
PC20552,2023-12-01,20054,"Work Gloves - National brand, Bulk pallet 144",Tools & Hardware,National brand,60.7771,62.5765,0.02961,Increase,Competitive response,Dana Whitfield,Rejected,Sales manager,10
PC20553,2024-03-01,20054,"Work Gloves - National brand, Bulk pallet 144",Tools & Hardware,National brand,62.5765,63.9483,0.02192,Increase,Annual review,Pricing team,Approved,Sales manager,1
PC20554,2024-06-01,20054,"Work Gloves - National brand, Bulk pallet 144",Tools & Hardware,National brand,63.9483,73.1732,0.14426,Increase,Competitive response,Priya Raghunathan,Approved,Commercial director,2
PC20555,2024-09-01,20054,"Work Gloves - National brand, Bulk pallet 144",Tools & Hardware,National brand,73.1732,68.8623,-0.05891,Decrease,Market correction,Priya Raghunathan,Approved,Sales manager,6
PC20556,2024-12-01,20054,"Work Gloves - National brand, Bulk pallet 144",Tools & Hardware,National brand,68.8623,67.3944,-0.02132,Decrease,Cost pass-through,Pricing team,Rejected,Sales manager,3
PC20557,2025-03-01,20054,"Work Gloves - National brand, Bulk pallet 144",Tools & Hardware,National brand,67.3944,72.1434,0.07047,Increase,Competitive response,Jonah Stavrides,Approved,Commercial director,3
PC20558,2025-06-01,20054,"Work Gloves - National brand, Bulk pallet 144",Tools & Hardware,National brand,72.1434,70.5551,-0.02202,Decrease,Customer negotiation,Hollis Marchetti,Approved,Sales manager,4
PC20559,2025-09-01,20054,"Work Gloves - National brand, Bulk pallet 144",Tools & Hardware,National brand,70.5551,70.0267,-0.00749,Decrease,Promotional reset,Bea Okonkwo,Approved,Sales manager,8
PC20560,2025-12-01,20054,"Work Gloves - National brand, Bulk pallet 144",Tools & Hardware,National brand,70.0267,78.887,0.12653,Increase,Competitive response,Bea Okonkwo,Approved,Commercial director,1
PC20561,2026-03-01,20054,"Work Gloves - National brand, Bulk pallet 144",Tools & Hardware,National brand,78.887,78.9046,0.00022,Increase,Cost pass-through,Pricing team,Auto-approved,None,0
PC20562,2026-06-01,20054,"Work Gloves - National brand, Bulk pallet 144",Tools & Hardware,National brand,78.9046,77.3507,-0.01969,Decrease,Market correction,Priya Raghunathan,Approved,Sales manager,1
PC20563,2023-10-01,20055,"Filing Boxes - Private label, Each",Office & Stationery,Private label,10.456,11.2379,0.07478,Increase,Cost pass-through,Pricing team,Approved,Commercial director,4
PC20564,2024-01-01,20055,"Filing Boxes - Private label, Each",Office & Stationery,Private label,11.2379,11.545,0.02733,Increase,Competitive response,Alix Fontaine,Approved,Sales manager,5
PC20565,2024-04-01,20055,"Filing Boxes - Private label, Each",Office & Stationery,Private label,11.545,11.5786,0.00291,Increase,Cost pass-through,Pricing team,Auto-approved,None,0
PC20566,2024-07-01,20055,"Filing Boxes - Private label, Each",Office & Stationery,Private label,11.5786,12.3735,0.06865,Increase,Customer negotiation,Alix Fontaine,Approved,Commercial director,7
PC20567,2024-10-01,20055,"Filing Boxes - Private label, Each",Office & Stationery,Private label,12.3735,13.2405,0.07007,Increase,Cost pass-through,Pricing team,Approved,Commercial director,4
PC20568,2025-01-01,20055,"Filing Boxes - Private label, Each",Office & Stationery,Private label,13.2405,13.8419,0.04542,Increase,Competitive response,Marcus Oyelaran,Approved,Sales manager,5
PC20569,2025-04-01,20055,"Filing Boxes - Private label, Each",Office & Stationery,Private label,13.8419,15.5122,0.12067,Increase,Cost pass-through,Pricing team,Approved,Commercial director,3
PC20570,2025-07-01,20055,"Filing Boxes - Private label, Each",Office & Stationery,Private label,15.5122,16.0477,0.03452,Increase,Cost pass-through,Pricing team,Approved,Sales manager,1
PC20571,2025-10-01,20055,"Filing Boxes - Private label, Each",Office & Stationery,Private label,16.0477,16.2011,0.00956,Increase,Customer negotiation,Tom Beauchemin,Approved,Sales manager,3
PC20572,2026-01-01,20055,"Filing Boxes - Private label, Each",Office & Stationery,Private label,16.2011,16.5975,0.02447,Increase,Annual review,Pricing team,Rejected,Sales manager,3
PC20573,2026-04-01,20055,"Filing Boxes - Private label, Each",Office & Stationery,Private label,16.5975,17.5617,0.05809,Increase,Annual review,Pricing team,Approved,Sales manager,2
PC20574,2023-10-01,20056,"Vacuum Sealer - National brand, Case 12",Home & Kitchen,National brand,27.335,26.466,-0.03179,Decrease,Market correction,Marcus Oyelaran,Approved,Sales manager,1
PC20575,2024-01-01,20056,"Vacuum Sealer - National brand, Case 12",Home & Kitchen,National brand,26.466,25.9492,-0.01953,Decrease,Annual review,Pricing team,Auto-approved,None,0
PC20576,2024-04-01,20056,"Vacuum Sealer - National brand, Case 12",Home & Kitchen,National brand,25.9492,29.4686,0.13563,Increase,Cost pass-through,Pricing team,Approved,Commercial director,4
PC20577,2024-07-01,20056,"Vacuum Sealer - National brand, Case 12",Home & Kitchen,National brand,29.4686,28.4597,-0.03424,Decrease,Customer negotiation,Nikita Petrenko,Approved,Sales manager,5
PC20578,2024-10-01,20056,"Vacuum Sealer - National brand, Case 12",Home & Kitchen,National brand,28.4597,29.7804,0.04641,Increase,Competitive response,Jonah Stavrides,Approved,Sales manager,3
PC20579,2025-01-01,20056,"Vacuum Sealer - National brand, Case 12",Home & Kitchen,National brand,29.7804,28.9189,-0.02893,Decrease,Customer negotiation,Tom Beauchemin,Approved,Sales manager,2
PC20580,2025-04-01,20056,"Vacuum Sealer - National brand, Case 12",Home & Kitchen,National brand,28.9189,30.3431,0.04925,Increase,Cost pass-through,Pricing team,Approved,Sales manager,5
PC20581,2025-07-01,20056,"Vacuum Sealer - National brand, Case 12",Home & Kitchen,National brand,30.3431,29.1067,-0.04075,Decrease,Customer negotiation,Bea Okonkwo,Approved,Sales manager,5
PC20582,2025-10-01,20056,"Vacuum Sealer - National brand, Case 12",Home & Kitchen,National brand,29.1067,26.992,-0.07265,Decrease,Market correction,Rowan Achterberg,Approved,Commercial director,1
PC20583,2026-01-01,20056,"Vacuum Sealer - National brand, Case 12",Home & Kitchen,National brand,26.992,28.7805,0.06626,Increase,Annual review,Pricing team,Approved,Commercial director,1
PC20584,2026-04-01,20056,"Vacuum Sealer - National brand, Case 12",Home & Kitchen,National brand,28.7805,30.6539,0.06509,Increase,Annual review,Pricing team,Approved,Commercial director,4
PC20585,2023-09-01,20057,"Mechanical Keyboard - National brand, Case 12",Consumer Electronics,National brand,147.4417,142.2674,-0.03509,Decrease,Cost pass-through,Pricing team,Approved,Sales manager,1
PC20586,2023-12-01,20057,"Mechanical Keyboard - National brand, Case 12",Consumer Electronics,National brand,142.2674,131.3052,-0.07705,Decrease,Customer negotiation,Bea Okonkwo,Approved,Commercial director,2
PC20587,2024-03-01,20057,"Mechanical Keyboard - National brand, Case 12",Consumer Electronics,National brand,131.3052,125.5483,-0.04384,Decrease,Market correction,Bea Okonkwo,Approved,Sales manager,4
PC20588,2024-06-01,20057,"Mechanical Keyboard - National brand, Case 12",Consumer Electronics,National brand,125.5483,118.0942,-0.05937,Decrease,Cost pass-through,Pricing team,Approved,Sales manager,10
PC20589,2024-09-01,20057,"Mechanical Keyboard - National brand, Case 12",Consumer Electronics,National brand,118.0942,118.5055,0.00348,Increase,Cost pass-through,Pricing team,Auto-approved,None,0
PC20590,2024-12-01,20057,"Mechanical Keyboard - National brand, Case 12",Consumer Electronics,National brand,118.5055,119.9939,0.01256,Increase,Competitive response,Yusuf Kandemir,Approved,Sales manager,7
PC20591,2025-03-01,20057,"Mechanical Keyboard - National brand, Case 12",Consumer Electronics,National brand,119.9939,112.6875,-0.06089,Decrease,Market correction,Rowan Achterberg,Approved,Commercial director,1
PC20592,2025-06-01,20057,"Mechanical Keyboard - National brand, Case 12",Consumer Electronics,National brand,112.6875,113.8525,0.01034,Increase,Annual review,Pricing team,Auto-approved,None,0
PC20593,2025-09-01,20057,"Mechanical Keyboard - National brand, Case 12",Consumer Electronics,National brand,113.8525,113.4069,-0.00391,Decrease,Market correction,Nikita Petrenko,Approved,Sales manager,5
PC20594,2025-12-01,20057,"Mechanical Keyboard - National brand, Case 12",Consumer Electronics,National brand,113.4069,116.5694,0.02789,Increase,Cost pass-through,Pricing team,Approved,Sales manager,14
PC20595,2026-03-01,20057,"Mechanical Keyboard - National brand, Case 12",Consumer Electronics,National brand,116.5694,99.7335,-0.14443,Decrease,Promotional reset,Rowan Achterberg,Approved,Commercial director,2
PC20596,2026-06-01,20057,"Mechanical Keyboard - National brand, Case 12",Consumer Electronics,National brand,99.7335,97.2577,-0.02482,Decrease,Customer negotiation,Tom Beauchemin,Approved,Sales manager,1
PC20597,2023-08-01,20058,"Cotton T-Shirt 5pk - Value, Case 12",Apparel & Accessories,Value,24.1753,24.2361,0.00251,Increase,Cost pass-through,Pricing team,Auto-approved,None,0
PC20598,2025-07-01,20058,"Cotton T-Shirt 5pk - Value, Case 12",Apparel & Accessories,Value,24.2361,35.2445,0.45421,Increase,Cost pass-through,Pricing team,Approved,Commercial director,2
PC20599,2023-10-01,20059,"Desk Organiser - National brand, Inner pack 6",Office & Stationery,National brand,12.2291,12.075,-0.0126,Decrease,Customer negotiation,Alix Fontaine,Approved,Sales manager,2
PC20600,2024-01-01,20059,"Desk Organiser - National brand, Inner pack 6",Office & Stationery,National brand,12.075,11.9501,-0.01034,Decrease,Annual review,Pricing team,Auto-approved,None,0
PC20601,2024-04-01,20059,"Desk Organiser - National brand, Inner pack 6",Office & Stationery,National brand,11.9501,12.3826,0.03619,Increase,Cost pass-through,Pricing team,Approved,Sales manager,1
PC20602,2024-07-01,20059,"Desk Organiser - National brand, Inner pack 6",Office & Stationery,National brand,12.3826,13.9228,0.12438,Increase,Annual review,Pricing team,Approved,Commercial director,2
PC20603,2024-10-01,20059,"Desk Organiser - National brand, Inner pack 6",Office & Stationery,National brand,13.9228,14.068,0.01043,Increase,Market correction,Nikita Petrenko,Pending,Sales manager,13
PC20604,2025-01-01,20059,"Desk Organiser - National brand, Inner pack 6",Office & Stationery,National brand,14.068,14.2216,0.01092,Increase,Cost pass-through,Pricing team,Auto-approved,None,0
PC20605,2025-04-01,20059,"Desk Organiser - National brand, Inner pack 6",Office & Stationery,National brand,14.2216,15.4962,0.08962,Increase,Annual review,Pricing team,Approved,Commercial director,1
PC20606,2025-07-01,20059,"Desk Organiser - National brand, Inner pack 6",Office & Stationery,National brand,15.4962,15.2093,-0.01851,Decrease,Annual review,Pricing team,Auto-approved,None,0
PC20607,2025-10-01,20059,"Desk Organiser - National brand, Inner pack 6",Office & Stationery,National brand,15.2093,16.1938,0.06473,Increase,Cost pass-through,Pricing team,Approved,Commercial director,1
PC20608,2026-01-01,20059,"Desk Organiser - National brand, Inner pack 6",Office & Stationery,National brand,16.1938,16.1001,-0.00579,Decrease,Customer negotiation,Simone Delacroix,Approved,Sales manager,2
PC20609,2026-04-01,20059,"Desk Organiser - National brand, Inner pack 6",Office & Stationery,National brand,16.1001,16.6279,0.03278,Increase,Annual review,Pricing team,Approved,Sales manager,4
PC20610,2024-01-01,20060,"USB-C Charger - Private label, Case 12",Consumer Electronics,Private label,41.978,39.0671,-0.06934,Decrease,Customer negotiation,Simone Delacroix,Approved,Commercial director,2
PC20611,2024-07-01,20060,"USB-C Charger - Private label, Case 12",Consumer Electronics,Private label,39.0671,31.8288,-0.18528,Decrease,Competitive response,Alix Fontaine,Approved,Commercial director,1
PC20612,2025-01-01,20060,"USB-C Charger - Private label, Case 12",Consumer Electronics,Private label,31.8288,33.0868,0.03952,Increase,Cost pass-through,Pricing team,Approved,Sales manager,1
PC20613,2025-07-01,20060,"USB-C Charger - Private label, Case 12",Consumer Electronics,Private label,33.0868,31.7921,-0.03913,Decrease,Promotional reset,Jonah Stavrides,Approved,Sales manager,1
PC20614,2026-01-01,20060,"USB-C Charger - Private label, Case 12",Consumer Electronics,Private label,31.7921,29.4791,-0.07275,Decrease,Market correction,Bea Okonkwo,Approved,Commercial director,1
PC20615,2023-09-01,20061,"Safety Glasses - Premium brand, Each",Tools & Hardware,Premium brand,68.2288,66.7052,-0.02233,Decrease,Competitive response,Priya Raghunathan,Approved,Sales manager,1
PC20616,2023-08-01,20062,"Fastener Assortment - National brand, Bulk pallet 144",Tools & Hardware,National brand,59.349,62.2722,0.04925,Increase,Customer negotiation,Hollis Marchetti,Approved,Sales manager,1
PC20617,2023-11-01,20062,"Fastener Assortment - National brand, Bulk pallet 144",Tools & Hardware,National brand,62.2722,62.274,3e-05,Increase,Cost pass-through,Pricing team,Auto-approved,None,0
PC20618,2024-02-01,20062,"Fastener Assortment - National brand, Bulk pallet 144",Tools & Hardware,National brand,62.274,61.4497,-0.01324,Decrease,Customer negotiation,Jonah Stavrides,Approved,Sales manager,2
PC20619,2024-05-01,20062,"Fastener Assortment - National brand, Bulk pallet 144",Tools & Hardware,National brand,61.4497,57.7457,-0.06028,Decrease,Customer negotiation,Marcus Oyelaran,Rejected,Commercial director,1
PC20620,2024-08-01,20062,"Fastener Assortment - National brand, Bulk pallet 144",Tools & Hardware,National brand,57.7457,52.6985,-0.0874,Decrease,Competitive response,Bea Okonkwo,Approved,Commercial director,3
PC20621,2024-11-01,20062,"Fastener Assortment - National brand, Bulk pallet 144",Tools & Hardware,National brand,52.6985,49.6799,-0.05728,Decrease,Customer negotiation,Dana Whitfield,Approved,Sales manager,5
PC20622,2025-02-01,20062,"Fastener Assortment - National brand, Bulk pallet 144",Tools & Hardware,National brand,49.6799,42.6964,-0.14057,Decrease,Market correction,Nikita Petrenko,Approved,Commercial director,2
PC20623,2025-05-01,20062,"Fastener Assortment - National brand, Bulk pallet 144",Tools & Hardware,National brand,42.6964,42.8614,0.00386,Increase,Annual review,Pricing team,Auto-approved,None,0
PC20624,2025-08-01,20062,"Fastener Assortment - National brand, Bulk pallet 144",Tools & Hardware,National brand,42.8614,43.432,0.01331,Increase,Promotional reset,Jonah Stavrides,Approved,Sales manager,11
PC20625,2025-11-01,20062,"Fastener Assortment - National brand, Bulk pallet 144",Tools & Hardware,National brand,43.432,45.6854,0.05188,Increase,Market correction,Yusuf Kandemir,Approved,Sales manager,1
PC20626,2026-01-01,20062,"Fastener Assortment - National brand, Bulk pallet 144",Tools & Hardware,National brand,45.6854,64.5621,0.41319,Increase,Cost pass-through,Pricing team,Pending,Commercial director,8
PC20627,2026-02-01,20062,"Fastener Assortment - National brand, Bulk pallet 144",Tools & Hardware,National brand,64.5621,65.79,0.01902,Increase,Annual review,Pricing team,Auto-approved,None,0
PC20628,2026-05-01,20062,"Fastener Assortment - National brand, Bulk pallet 144",Tools & Hardware,National brand,65.79,61.8525,-0.05985,Decrease,Market correction,Simone Delacroix,Approved,Sales manager,8
PC20629,2023-09-01,20063,"Smart Plug - Value, Inner pack 6",Consumer Electronics,Value,33.8772,31.785,-0.06176,Decrease,Cost pass-through,Pricing team,Approved,Commercial director,6
PC20630,2023-12-01,20063,"Smart Plug - Value, Inner pack 6",Consumer Electronics,Value,31.785,32.3092,0.01649,Increase,Cost pass-through,Pricing team,Auto-approved,None,0
PC20631,2024-03-01,20063,"Smart Plug - Value, Inner pack 6",Consumer Electronics,Value,32.3092,29.6786,-0.08142,Decrease,Customer negotiation,Tom Beauchemin,Approved,Commercial director,3
PC20632,2024-06-01,20063,"Smart Plug - Value, Inner pack 6",Consumer Electronics,Value,29.6786,24.535,-0.17331,Decrease,Competitive response,Jonah Stavrides,Approved,Commercial director,1
PC20633,2024-07-01,20063,"Smart Plug - Value, Inner pack 6",Consumer Electronics,Value,24.535,34.6955,0.41412,Increase,Cost pass-through,Pricing team,Approved,Commercial director,1
PC20634,2024-09-01,20063,"Smart Plug - Value, Inner pack 6",Consumer Electronics,Value,34.6955,33.4464,-0.036,Decrease,Customer negotiation,Alix Fontaine,Approved,Sales manager,3
PC20635,2024-12-01,20063,"Smart Plug - Value, Inner pack 6",Consumer Electronics,Value,33.4464,37.0121,0.10661,Increase,Cost pass-through,Pricing team,Approved,Commercial director,1
PC20636,2025-03-01,20063,"Smart Plug - Value, Inner pack 6",Consumer Electronics,Value,37.0121,36.3024,-0.01917,Decrease,Promotional reset,Dana Whitfield,Approved,Sales manager,1
PC20637,2025-06-01,20063,"Smart Plug - Value, Inner pack 6",Consumer Electronics,Value,36.3024,35.704,-0.01648,Decrease,Market correction,Nikita Petrenko,Approved,Sales manager,4
PC20638,2025-09-01,20063,"Smart Plug - Value, Inner pack 6",Consumer Electronics,Value,35.704,37.9554,0.06306,Increase,Annual review,Pricing team,Approved,Commercial director,1
PC20639,2025-12-01,20063,"Smart Plug - Value, Inner pack 6",Consumer Electronics,Value,37.9554,37.8136,-0.00374,Decrease,Market correction,Rowan Achterberg,Approved,Sales manager,14
PC20640,2026-03-01,20063,"Smart Plug - Value, Inner pack 6",Consumer Electronics,Value,37.8136,33.0574,-0.12578,Decrease,Promotional reset,Bea Okonkwo,Approved,Commercial director,1
PC20641,2026-06-01,20063,"Smart Plug - Value, Inner pack 6",Consumer Electronics,Value,33.0574,34.3959,0.04049,Increase,Cost pass-through,Pricing team,Approved,Sales manager,1
PC20642,2023-09-01,20064,"Hair Dryer - Value, Case 24",Health & Beauty,Value,19.1272,18.6603,-0.02441,Decrease,Promotional reset,Priya Raghunathan,Approved,Sales manager,1
PC20643,2023-12-01,20064,"Hair Dryer - Value, Case 24",Health & Beauty,Value,18.6603,19.17,0.02731,Increase,Cost pass-through,Pricing team,Rejected,Sales manager,2
PC20644,2024-03-01,20064,"Hair Dryer - Value, Case 24",Health & Beauty,Value,19.17,18.9712,-0.01037,Decrease,Market correction,Jonah Stavrides,Approved,Sales manager,5
PC20645,2024-06-01,20064,"Hair Dryer - Value, Case 24",Health & Beauty,Value,18.9712,17.8711,-0.05799,Decrease,Customer negotiation,Dana Whitfield,Rejected,Sales manager,3
PC20646,2024-09-01,20064,"Hair Dryer - Value, Case 24",Health & Beauty,Value,17.8711,18.8804,0.05648,Increase,Annual review,Pricing team,Approved,Sales manager,4
PC20647,2024-12-01,20064,"Hair Dryer - Value, Case 24",Health & Beauty,Value,18.8804,20.3793,0.07939,Increase,Cost pass-through,Pricing team,Approved,Commercial director,2
PC20648,2025-03-01,20064,"Hair Dryer - Value, Case 24",Health & Beauty,Value,20.3793,20.028,-0.01724,Decrease,Market correction,Yusuf Kandemir,Approved,Sales manager,2
PC20649,2025-06-01,20064,"Hair Dryer - Value, Case 24",Health & Beauty,Value,20.028,18.8866,-0.05699,Decrease,Market correction,Hollis Marchetti,Approved,Sales manager,7
PC20650,2025-09-01,20064,"Hair Dryer - Value, Case 24",Health & Beauty,Value,18.8866,19.3447,0.02426,Increase,Cost pass-through,Pricing team,Rejected,Sales manager,1
PC20651,2025-12-01,20064,"Hair Dryer - Value, Case 24",Health & Beauty,Value,19.3447,22.2641,0.15091,Increase,Cost pass-through,Pricing team,Rejected,Commercial director,9
PC20652,2026-03-01,20064,"Hair Dryer - Value, Case 24",Health & Beauty,Value,22.2641,21.7126,-0.02477,Decrease,Customer negotiation,Hollis Marchetti,Approved,Sales manager,2
PC20653,2026-06-01,20064,"Hair Dryer - Value, Case 24",Health & Beauty,Value,21.7126,21.7705,0.00267,Increase,Cost pass-through,Pricing team,Auto-approved,None,0
PC20654,2023-10-01,20065,"LED Floor Lamp - National brand, Case 24",Home & Kitchen,National brand,25.937,24.4644,-0.05678,Decrease,Promotional reset,Priya Raghunathan,Approved,Sales manager,2
PC20655,2024-01-01,20065,"LED Floor Lamp - National brand, Case 24",Home & Kitchen,National brand,24.4644,23.7314,-0.02996,Decrease,Market correction,Yusuf Kandemir,Approved,Sales manager,2
PC20656,2024-04-01,20065,"LED Floor Lamp - National brand, Case 24",Home & Kitchen,National brand,23.7314,25.4063,0.07058,Increase,Market correction,Hollis Marchetti,Approved,Commercial director,11
PC20657,2024-07-01,20065,"LED Floor Lamp - National brand, Case 24",Home & Kitchen,National brand,25.4063,24.2023,-0.04739,Decrease,Cost pass-through,Pricing team,Approved,Sales manager,8
PC20658,2024-10-01,20065,"LED Floor Lamp - National brand, Case 24",Home & Kitchen,National brand,24.2023,25.1093,0.03748,Increase,Cost pass-through,Pricing team,Approved,Sales manager,2
PC20659,2025-01-01,20065,"LED Floor Lamp - National brand, Case 24",Home & Kitchen,National brand,25.1093,23.116,-0.07938,Decrease,Annual review,Pricing team,Approved,Commercial director,2
PC20660,2025-04-01,20065,"LED Floor Lamp - National brand, Case 24",Home & Kitchen,National brand,23.116,24.0331,0.03967,Increase,Promotional reset,Alix Fontaine,Approved,Sales manager,3
PC20661,2025-07-01,20065,"LED Floor Lamp - National brand, Case 24",Home & Kitchen,National brand,24.0331,24.3994,0.01524,Increase,Customer negotiation,Marcus Oyelaran,Approved,Sales manager,1
PC20662,2025-10-01,20065,"LED Floor Lamp - National brand, Case 24",Home & Kitchen,National brand,24.3994,21.5703,-0.11595,Decrease,Market correction,Jonah Stavrides,Approved,Commercial director,2
PC20663,2026-01-01,20065,"LED Floor Lamp - National brand, Case 24",Home & Kitchen,National brand,21.5703,21.2042,-0.01697,Decrease,Customer negotiation,Priya Raghunathan,Approved,Sales manager,6
PC20664,2026-04-01,20065,"LED Floor Lamp - National brand, Case 24",Home & Kitchen,National brand,21.2042,22.0464,0.03972,Increase,Annual review,Pricing team,Approved,Sales manager,5
PC20665,2023-08-01,20066,"Laminator - Private label, Master carton 48",Office & Stationery,Private label,11.9821,12.1,0.00984,Increase,Annual review,Pricing team,Auto-approved,None,0
PC20666,2023-11-01,20066,"Laminator - Private label, Master carton 48",Office & Stationery,Private label,12.1,12.138,0.00314,Increase,Annual review,Pricing team,Auto-approved,None,0
PC20667,2024-02-01,20066,"Laminator - Private label, Master carton 48",Office & Stationery,Private label,12.138,11.5931,-0.04489,Decrease,Customer negotiation,Simone Delacroix,Approved,Sales manager,1
PC20668,2024-05-01,20066,"Laminator - Private label, Master carton 48",Office & Stationery,Private label,11.5931,11.7152,0.01053,Increase,Cost pass-through,Pricing team,Auto-approved,None,0
PC20669,2024-08-01,20066,"Laminator - Private label, Master carton 48",Office & Stationery,Private label,11.7152,11.5597,-0.01327,Decrease,Promotional reset,Dana Whitfield,Rejected,Sales manager,2
PC20670,2024-11-01,20066,"Laminator - Private label, Master carton 48",Office & Stationery,Private label,11.5597,12.0678,0.04395,Increase,Annual review,Pricing team,Approved,Sales manager,6
PC20671,2025-02-01,20066,"Laminator - Private label, Master carton 48",Office & Stationery,Private label,12.0678,13.3025,0.10231,Increase,Cost pass-through,Pricing team,Approved,Commercial director,1
PC20672,2025-05-01,20066,"Laminator - Private label, Master carton 48",Office & Stationery,Private label,13.3025,14.2421,0.07063,Increase,Annual review,Pricing team,Approved,Commercial director,1
PC20673,2025-08-01,20066,"Laminator - Private label, Master carton 48",Office & Stationery,Private label,14.2421,14.7006,0.03219,Increase,Cost pass-through,Pricing team,Approved,Sales manager,6
PC20674,2025-11-01,20066,"Laminator - Private label, Master carton 48",Office & Stationery,Private label,14.7006,14.8132,0.00766,Increase,Market correction,Hollis Marchetti,Approved,Sales manager,4
PC20675,2026-02-01,20066,"Laminator - Private label, Master carton 48",Office & Stationery,Private label,14.8132,15.0785,0.01791,Increase,Cost pass-through,Pricing team,Auto-approved,None,0
PC20676,2026-05-01,20066,"Laminator - Private label, Master carton 48",Office & Stationery,Private label,15.0785,15.4497,0.02462,Increase,Promotional reset,Marcus Oyelaran,Approved,Sales manager,1
PC20677,2023-08-01,20067,"Safety Glasses - Value, Case 12",Tools & Hardware,Value,21.5276,24.8072,0.15234,Increase,Cost pass-through,Pricing team,Approved,Commercial director,1
PC20678,2024-02-01,20067,"Safety Glasses - Value, Case 12",Tools & Hardware,Value,24.8072,25.0081,0.0081,Increase,Cost pass-through,Pricing team,Auto-approved,None,0
PC20679,2024-08-01,20067,"Safety Glasses - Value, Case 12",Tools & Hardware,Value,25.0081,21.3169,-0.1476,Decrease,Market correction,Jonah Stavrides,Approved,Commercial director,7
PC20680,2025-02-01,20067,"Safety Glasses - Value, Case 12",Tools & Hardware,Value,21.3169,22.1348,0.03837,Increase,Annual review,Pricing team,Approved,Sales manager,2
PC20681,2025-08-01,20067,"Safety Glasses - Value, Case 12",Tools & Hardware,Value,22.1348,20.7454,-0.06277,Decrease,Market correction,Marcus Oyelaran,Approved,Commercial director,2
PC20682,2026-02-01,20067,"Safety Glasses - Value, Case 12",Tools & Hardware,Value,20.7454,24.1594,0.16457,Increase,Cost pass-through,Pricing team,Approved,Commercial director,3
PC20683,2023-09-01,20068,"Backpack - Premium brand, Master carton 48",Apparel & Accessories,Premium brand,40.6196,42.931,0.0569,Increase,Competitive response,Simone Delacroix,Approved,Sales manager,2
PC20684,2024-03-01,20068,"Backpack - Premium brand, Master carton 48",Apparel & Accessories,Premium brand,42.931,40.7052,-0.05185,Decrease,Promotional reset,Nikita Petrenko,Rejected,Sales manager,4
PC20685,2024-09-01,20068,"Backpack - Premium brand, Master carton 48",Apparel & Accessories,Premium brand,40.7052,43.6145,0.07147,Increase,Competitive response,Dana Whitfield,Approved,Commercial director,1
PC20686,2025-03-01,20068,"Backpack - Premium brand, Master carton 48",Apparel & Accessories,Premium brand,43.6145,36.6518,-0.15964,Decrease,Customer negotiation,Simone Delacroix,Approved,Commercial director,4
PC20687,2025-09-01,20068,"Backpack - Premium brand, Master carton 48",Apparel & Accessories,Premium brand,36.6518,40.8688,0.11506,Increase,Market correction,Rowan Achterberg,Approved,Commercial director,10
PC20688,2026-03-01,20068,"Backpack - Premium brand, Master carton 48",Apparel & Accessories,Premium brand,40.8688,39.0531,-0.04443,Decrease,Market correction,Alix Fontaine,Rejected,Sales manager,6
PC20689,2023-08-01,20069,"Cordless Drill - National brand, Inner pack 6",Tools & Hardware,National brand,22.2245,21.8301,-0.01775,Decrease,Customer negotiation,Jonah Stavrides,Approved,Sales manager,2
PC20690,2023-11-01,20069,"Cordless Drill - National brand, Inner pack 6",Tools & Hardware,National brand,21.8301,21.2884,-0.02481,Decrease,Cost pass-through,Pricing team,Approved,Sales manager,4
PC20691,2024-02-01,20069,"Cordless Drill - National brand, Inner pack 6",Tools & Hardware,National brand,21.2884,22.0472,0.03564,Increase,Cost pass-through,Pricing team,Pending,Sales manager,1
PC20692,2024-05-01,20069,"Cordless Drill - National brand, Inner pack 6",Tools & Hardware,National brand,22.0472,19.5909,-0.11141,Decrease,Customer negotiation,Alix Fontaine,Approved,Commercial director,2
PC20693,2024-08-01,20069,"Cordless Drill - National brand, Inner pack 6",Tools & Hardware,National brand,19.5909,16.799,-0.14251,Decrease,Promotional reset,Yusuf Kandemir,Approved,Commercial director,1
PC20694,2024-11-01,20069,"Cordless Drill - National brand, Inner pack 6",Tools & Hardware,National brand,16.799,15.6025,-0.07122,Decrease,Cost pass-through,Pricing team,Approved,Commercial director,7
PC20695,2025-02-01,20069,"Cordless Drill - National brand, Inner pack 6",Tools & Hardware,National brand,15.6025,14.7915,-0.05198,Decrease,Market correction,Hollis Marchetti,Approved,Sales manager,1
PC20696,2025-05-01,20069,"Cordless Drill - National brand, Inner pack 6",Tools & Hardware,National brand,14.7915,13.853,-0.06345,Decrease,Customer negotiation,Alix Fontaine,Rejected,Commercial director,2
PC20697,2025-08-01,20069,"Cordless Drill - National brand, Inner pack 6",Tools & Hardware,National brand,13.853,13.28,-0.04136,Decrease,Customer negotiation,Priya Raghunathan,Approved,Sales manager,1
PC20698,2025-11-01,20069,"Cordless Drill - National brand, Inner pack 6",Tools & Hardware,National brand,13.28,14.3508,0.08063,Increase,Annual review,Pricing team,Approved,Commercial director,1
PC20699,2026-02-01,20069,"Cordless Drill - National brand, Inner pack 6",Tools & Hardware,National brand,14.3508,15.5665,0.08471,Increase,Customer negotiation,Dana Whitfield,Approved,Commercial director,2
PC20700,2026-05-01,20069,"Cordless Drill - National brand, Inner pack 6",Tools & Hardware,National brand,15.5665,15.495,-0.00459,Decrease,Market correction,Hollis Marchetti,Approved,Sales manager,1
PC20701,2023-10-01,20070,"Power Bank - Value, Case 12",Consumer Electronics,Value,74.8789,71.7957,-0.04118,Decrease,Market correction,Bea Okonkwo,Approved,Sales manager,5
PC20702,2024-01-01,20070,"Power Bank - Value, Case 12",Consumer Electronics,Value,71.7957,66.8189,-0.06932,Decrease,Market correction,Bea Okonkwo,Approved,Commercial director,6
PC20703,2024-04-01,20070,"Power Bank - Value, Case 12",Consumer Electronics,Value,66.8189,61.3035,-0.08254,Decrease,Competitive response,Dana Whitfield,Approved,Commercial director,1
PC20704,2024-07-01,20070,"Power Bank - Value, Case 12",Consumer Electronics,Value,61.3035,59.3949,-0.03113,Decrease,Customer negotiation,Dana Whitfield,Approved,Sales manager,4
PC20705,2024-10-01,20070,"Power Bank - Value, Case 12",Consumer Electronics,Value,59.3949,62.0123,0.04407,Increase,Cost pass-through,Pricing team,Approved,Sales manager,1
PC20706,2025-01-01,20070,"Power Bank - Value, Case 12",Consumer Electronics,Value,62.0123,63.1026,0.01758,Increase,Competitive response,Bea Okonkwo,Approved,Sales manager,1
PC20707,2025-04-01,20070,"Power Bank - Value, Case 12",Consumer Electronics,Value,63.1026,60.9211,-0.03457,Decrease,Market correction,Marcus Oyelaran,Approved,Sales manager,2
PC20708,2025-07-01,20070,"Power Bank - Value, Case 12",Consumer Electronics,Value,60.9211,57.7422,-0.05218,Decrease,Customer negotiation,Tom Beauchemin,Approved,Sales manager,1
PC20709,2025-10-01,20070,"Power Bank - Value, Case 12",Consumer Electronics,Value,57.7422,57.8906,0.00257,Increase,Promotional reset,Dana Whitfield,Approved,Sales manager,5
PC20710,2026-01-01,20070,"Power Bank - Value, Case 12",Consumer Electronics,Value,57.8906,52.4861,-0.09336,Decrease,Promotional reset,Jonah Stavrides,Approved,Commercial director,1
PC20711,2026-04-01,20070,"Power Bank - Value, Case 12",Consumer Electronics,Value,52.4861,45.1528,-0.13972,Decrease,Customer negotiation,Hollis Marchetti,Approved,Commercial director,2
PC20712,2023-10-01,20071,"Copy Paper - Private label, Case 24",Office & Stationery,Private label,15.2945,15.0477,-0.01614,Decrease,Competitive response,Bea Okonkwo,Approved,Sales manager,2
PC20713,2024-01-01,20071,"Copy Paper - Private label, Case 24",Office & Stationery,Private label,15.0477,14.6419,-0.02697,Decrease,Market correction,Jonah Stavrides,Approved,Sales manager,2
PC20714,2024-04-01,20071,"Copy Paper - Private label, Case 24",Office & Stationery,Private label,14.6419,14.8756,0.01596,Increase,Cost pass-through,Pricing team,Auto-approved,None,0
PC20715,2024-07-01,20071,"Copy Paper - Private label, Case 24",Office & Stationery,Private label,14.8756,16.5517,0.11267,Increase,Annual review,Pricing team,Approved,Commercial director,1
PC20716,2024-10-01,20071,"Copy Paper - Private label, Case 24",Office & Stationery,Private label,16.5517,16.8096,0.01558,Increase,Cost pass-through,Pricing team,Auto-approved,None,0
PC20717,2025-01-01,20071,"Copy Paper - Private label, Case 24",Office & Stationery,Private label,16.8096,17.5975,0.04687,Increase,Competitive response,Simone Delacroix,Approved,Sales manager,2
PC20718,2025-04-01,20071,"Copy Paper - Private label, Case 24",Office & Stationery,Private label,17.5975,18.967,0.07782,Increase,Cost pass-through,Pricing team,Approved,Commercial director,1
PC20719,2025-07-01,20071,"Copy Paper - Private label, Case 24",Office & Stationery,Private label,18.967,18.655,-0.01645,Decrease,Promotional reset,Bea Okonkwo,Approved,Sales manager,1
PC20720,2025-10-01,20071,"Copy Paper - Private label, Case 24",Office & Stationery,Private label,18.655,18.5759,-0.00424,Decrease,Customer negotiation,Dana Whitfield,Approved,Sales manager,1
PC20721,2026-01-01,20071,"Copy Paper - Private label, Case 24",Office & Stationery,Private label,18.5759,17.9463,-0.03389,Decrease,Annual review,Pricing team,Approved,Sales manager,1
PC20722,2026-04-01,20071,"Copy Paper - Private label, Case 24",Office & Stationery,Private label,17.9463,18.093,0.00817,Increase,Cost pass-through,Pricing team,Auto-approved,None,0
PC20723,2023-09-01,20073,"HDMI Cable - National brand, Each",Consumer Electronics,National brand,55.4418,60.1678,0.08524,Increase,Cost pass-through,Pricing team,Approved,Commercial director,3
PC20724,2023-09-01,20074,"Vacuum Sealer - Private label, Case 24",Home & Kitchen,Private label,20.0579,18.51,-0.07717,Decrease,Annual review,Pricing team,Approved,Commercial director,2
PC20725,2024-03-01,20074,"Vacuum Sealer - Private label, Case 24",Home & Kitchen,Private label,18.51,19.2713,0.04113,Increase,Annual review,Pricing team,Approved,Sales manager,3
PC20726,2024-09-01,20074,"Vacuum Sealer - Private label, Case 24",Home & Kitchen,Private label,19.2713,20.6288,0.07044,Increase,Annual review,Pricing team,Approved,Commercial director,2
PC20727,2025-03-01,20074,"Vacuum Sealer - Private label, Case 24",Home & Kitchen,Private label,20.6288,20.6115,-0.00084,Decrease,Customer negotiation,Hollis Marchetti,Approved,Sales manager,1
PC20728,2025-09-01,20074,"Vacuum Sealer - Private label, Case 24",Home & Kitchen,Private label,20.6115,18.4032,-0.10714,Decrease,Promotional reset,Hollis Marchetti,Pending,Commercial director,3
PC20729,2026-03-01,20074,"Vacuum Sealer - Private label, Case 24",Home & Kitchen,Private label,18.4032,20.2118,0.09828,Increase,Annual review,Pricing team,Approved,Commercial director,2
PC20730,2024-01-01,20075,"Resistance Bands - Private label, Each",Sporting Goods,Private label,26.5673,26.4934,-0.00278,Decrease,Competitive response,Dana Whitfield,Approved,Sales manager,11
PC20731,2024-07-01,20075,"Resistance Bands - Private label, Each",Sporting Goods,Private label,26.4934,29.4769,0.11261,Increase,Customer negotiation,Marcus Oyelaran,Approved,Commercial director,8
PC20732,2025-01-01,20075,"Resistance Bands - Private label, Each",Sporting Goods,Private label,29.4769,28.7644,-0.02417,Decrease,Annual review,Pricing team,Pending,Sales manager,1
PC20733,2025-07-01,20075,"Resistance Bands - Private label, Each",Sporting Goods,Private label,28.7644,29.2927,0.01837,Increase,Cost pass-through,Pricing team,Auto-approved,None,0
PC20734,2026-01-01,20075,"Resistance Bands - Private label, Each",Sporting Goods,Private label,29.2927,27.8218,-0.05021,Decrease,Promotional reset,Nikita Petrenko,Approved,Sales manager,7
PC20735,2023-08-01,20077,"Storage Bins - Value, Master carton 48",Home & Kitchen,Value,32.7078,30.5745,-0.06522,Decrease,Annual review,Pricing team,Approved,Commercial director,2
PC20736,2023-11-01,20077,"Storage Bins - Value, Master carton 48",Home & Kitchen,Value,30.5745,29.9318,-0.02102,Decrease,Customer negotiation,Priya Raghunathan,Pending,Sales manager,1
PC20737,2024-02-01,20077,"Storage Bins - Value, Master carton 48",Home & Kitchen,Value,29.9318,32.0565,0.07098,Increase,Customer negotiation,Bea Okonkwo,Approved,Commercial director,3
PC20738,2024-05-01,20077,"Storage Bins - Value, Master carton 48",Home & Kitchen,Value,32.0565,30.9978,-0.03303,Decrease,Customer negotiation,Hollis Marchetti,Approved,Sales manager,6
PC20739,2024-08-01,20077,"Storage Bins - Value, Master carton 48",Home & Kitchen,Value,30.9978,32.1395,0.03683,Increase,Cost pass-through,Pricing team,Approved,Sales manager,3
PC20740,2024-11-01,20077,"Storage Bins - Value, Master carton 48",Home & Kitchen,Value,32.1395,30.908,-0.03832,Decrease,Customer negotiation,Hollis Marchetti,Approved,Sales manager,3
PC20741,2025-02-01,20077,"Storage Bins - Value, Master carton 48",Home & Kitchen,Value,30.908,28.7481,-0.06988,Decrease,Cost pass-through,Pricing team,Approved,Commercial director,2
PC20742,2025-05-01,20077,"Storage Bins - Value, Master carton 48",Home & Kitchen,Value,28.7481,30.3476,0.05564,Increase,Cost pass-through,Pricing team,Approved,Sales manager,5
PC20743,2025-08-01,20077,"Storage Bins - Value, Master carton 48",Home & Kitchen,Value,30.3476,30.7706,0.01394,Increase,Annual review,Pricing team,Auto-approved,None,0
PC20744,2025-11-01,20077,"Storage Bins - Value, Master carton 48",Home & Kitchen,Value,30.7706,26.6634,-0.13348,Decrease,Competitive response,Priya Raghunathan,Rejected,Commercial director,5
PC20745,2026-02-01,20077,"Storage Bins - Value, Master carton 48",Home & Kitchen,Value,26.6634,27.4405,0.02914,Increase,Annual review,Pricing team,Approved,Sales manager,3
PC20746,2026-05-01,20077,"Storage Bins - Value, Master carton 48",Home & Kitchen,Value,27.4405,28.8279,0.05056,Increase,Market correction,Priya Raghunathan,Approved,Sales manager,4
PC20747,2024-01-01,20078,"Filing Boxes - Value, Inner pack 6",Office & Stationery,Value,9.3961,9.131,-0.02821,Decrease,Market correction,Alix Fontaine,Rejected,Sales manager,1
PC20748,2024-07-01,20078,"Filing Boxes - Value, Inner pack 6",Office & Stationery,Value,9.131,12.9333,0.41642,Increase,Cost pass-through,Pricing team,Pending,Commercial director,4
PC20749,2025-01-01,20078,"Filing Boxes - Value, Inner pack 6",Office & Stationery,Value,12.9333,13.1871,0.01962,Increase,Cost pass-through,Pricing team,Auto-approved,None,0
PC20750,2025-07-01,20078,"Filing Boxes - Value, Inner pack 6",Office & Stationery,Value,13.1871,14.2312,0.07918,Increase,Promotional reset,Priya Raghunathan,Approved,Commercial director,1
PC20751,2026-01-01,20078,"Filing Boxes - Value, Inner pack 6",Office & Stationery,Value,14.2312,14.0661,-0.0116,Decrease,Competitive response,Simone Delacroix,Approved,Sales manager,2
PC20752,2023-09-01,20079,"Smart Plug - National brand, Case 24",Consumer Electronics,National brand,79.1621,82.0868,0.03695,Increase,Annual review,Pricing team,Approved,Sales manager,4
PC20753,2023-12-01,20079,"Smart Plug - National brand, Case 24",Consumer Electronics,National brand,82.0868,74.5835,-0.09141,Decrease,Competitive response,Nikita Petrenko,Approved,Commercial director,1
PC20754,2024-03-01,20079,"Smart Plug - National brand, Case 24",Consumer Electronics,National brand,74.5835,71.4991,-0.04135,Decrease,Cost pass-through,Pricing team,Approved,Sales manager,3
PC20755,2024-06-01,20079,"Smart Plug - National brand, Case 24",Consumer Electronics,National brand,71.4991,67.5861,-0.05473,Decrease,Promotional reset,Dana Whitfield,Approved,Sales manager,3
PC20756,2024-09-01,20079,"Smart Plug - National brand, Case 24",Consumer Electronics,National brand,67.5861,70.7836,0.04731,Increase,Cost pass-through,Pricing team,Approved,Sales manager,9
PC20757,2024-12-01,20079,"Smart Plug - National brand, Case 24",Consumer Electronics,National brand,70.7836,67.7364,-0.04305,Decrease,Market correction,Tom Beauchemin,Approved,Sales manager,4
PC20758,2025-03-01,20079,"Smart Plug - National brand, Case 24",Consumer Electronics,National brand,67.7364,64.8102,-0.0432,Decrease,Annual review,Pricing team,Approved,Sales manager,3
PC20759,2025-06-01,20079,"Smart Plug - National brand, Case 24",Consumer Electronics,National brand,64.8102,62.3185,-0.03845,Decrease,Customer negotiation,Yusuf Kandemir,Approved,Sales manager,4
PC20760,2025-09-01,20079,"Smart Plug - National brand, Case 24",Consumer Electronics,National brand,62.3185,64.0603,0.02795,Increase,Annual review,Pricing team,Approved,Sales manager,11
PC20761,2025-12-01,20079,"Smart Plug - National brand, Case 24",Consumer Electronics,National brand,64.0603,61.7318,-0.03635,Decrease,Market correction,Nikita Petrenko,Approved,Sales manager,5
PC20762,2026-03-01,20079,"Smart Plug - National brand, Case 24",Consumer Electronics,National brand,61.7318,58.6018,-0.0507,Decrease,Promotional reset,Rowan Achterberg,Approved,Sales manager,5
PC20763,2026-06-01,20079,"Smart Plug - National brand, Case 24",Consumer Electronics,National brand,58.6018,60.4407,0.03138,Increase,Cost pass-through,Pricing team,Approved,Sales manager,1
PC20764,2023-10-01,20080,"Bluetooth Speaker - Premium brand, Case 12",Consumer Electronics,Premium brand,69.9581,66.9059,-0.04363,Decrease,Customer negotiation,Hollis Marchetti,Approved,Sales manager,8
PC20765,2024-01-01,20080,"Bluetooth Speaker - Premium brand, Case 12",Consumer Electronics,Premium brand,66.9059,63.0321,-0.0579,Decrease,Competitive response,Simone Delacroix,Approved,Sales manager,1
PC20766,2024-04-01,20080,"Bluetooth Speaker - Premium brand, Case 12",Consumer Electronics,Premium brand,63.0321,57.2097,-0.09237,Decrease,Market correction,Simone Delacroix,Approved,Commercial director,4
PC20767,2024-07-01,20080,"Bluetooth Speaker - Premium brand, Case 12",Consumer Electronics,Premium brand,57.2097,57.0278,-0.00318,Decrease,Annual review,Pricing team,Auto-approved,None,0
PC20768,2024-10-01,20080,"Bluetooth Speaker - Premium brand, Case 12",Consumer Electronics,Premium brand,57.0278,53.588,-0.06032,Decrease,Competitive response,Rowan Achterberg,Approved,Commercial director,2
PC20769,2025-01-01,20080,"Bluetooth Speaker - Premium brand, Case 12",Consumer Electronics,Premium brand,53.588,54.7071,0.02088,Increase,Cost pass-through,Pricing team,Approved,Sales manager,2
PC20770,2025-04-01,20080,"Bluetooth Speaker - Premium brand, Case 12",Consumer Electronics,Premium brand,54.7071,53.4409,-0.02315,Decrease,Competitive response,Simone Delacroix,Approved,Sales manager,1
PC20771,2025-07-01,20080,"Bluetooth Speaker - Premium brand, Case 12",Consumer Electronics,Premium brand,53.4409,58.7764,0.09984,Increase,Market correction,Alix Fontaine,Approved,Commercial director,2
PC20772,2025-10-01,20080,"Bluetooth Speaker - Premium brand, Case 12",Consumer Electronics,Premium brand,58.7764,57.7077,-0.01818,Decrease,Customer negotiation,Nikita Petrenko,Approved,Sales manager,6
PC20773,2026-01-01,20080,"Bluetooth Speaker - Premium brand, Case 12",Consumer Electronics,Premium brand,57.7077,54.9485,-0.04781,Decrease,Customer negotiation,Jonah Stavrides,Approved,Sales manager,1
PC20774,2026-04-01,20080,"Bluetooth Speaker - Premium brand, Case 12",Consumer Electronics,Premium brand,54.9485,49.5575,-0.09811,Decrease,Competitive response,Tom Beauchemin,Approved,Commercial director,1
PC20775,2023-09-01,20081,"27in Monitor - Private label, Bulk pallet 144",Consumer Electronics,Private label,55.2055,56.5883,0.02505,Increase,Annual review,Pricing team,Approved,Sales manager,1
PC20776,2024-03-01,20081,"27in Monitor - Private label, Bulk pallet 144",Consumer Electronics,Private label,56.5883,47.6022,-0.1588,Decrease,Market correction,Alix Fontaine,Approved,Commercial director,2
PC20777,2024-09-01,20081,"27in Monitor - Private label, Bulk pallet 144",Consumer Electronics,Private label,47.6022,47.0026,-0.0126,Decrease,Market correction,Simone Delacroix,Approved,Sales manager,1
PC20778,2025-03-01,20081,"27in Monitor - Private label, Bulk pallet 144",Consumer Electronics,Private label,47.0026,48.3483,0.02863,Increase,Cost pass-through,Pricing team,Approved,Sales manager,1
PC20779,2025-09-01,20081,"27in Monitor - Private label, Bulk pallet 144",Consumer Electronics,Private label,48.3483,49.1782,0.01717,Increase,Customer negotiation,Priya Raghunathan,Approved,Sales manager,2
PC20780,2026-03-01,20081,"27in Monitor - Private label, Bulk pallet 144",Consumer Electronics,Private label,49.1782,39.4741,-0.19733,Decrease,Annual review,Pricing team,Rejected,Commercial director,2
PC20781,2023-08-01,20082,"Smart Plug - Private label, Master carton 48",Consumer Electronics,Private label,76.3812,75.6152,-0.01003,Decrease,Market correction,Priya Raghunathan,Approved,Sales manager,1
PC20782,2023-11-01,20082,"Smart Plug - Private label, Master carton 48",Consumer Electronics,Private label,75.6152,77.5536,0.02564,Increase,Cost pass-through,Pricing team,Pending,Sales manager,4
PC20783,2024-02-01,20082,"Smart Plug - Private label, Master carton 48",Consumer Electronics,Private label,77.5536,77.2842,-0.00347,Decrease,Customer negotiation,Yusuf Kandemir,Pending,Sales manager,1
PC20784,2024-05-01,20082,"Smart Plug - Private label, Master carton 48",Consumer Electronics,Private label,77.2842,76.2507,-0.01337,Decrease,Customer negotiation,Hollis Marchetti,Approved,Sales manager,2
PC20785,2024-08-01,20082,"Smart Plug - Private label, Master carton 48",Consumer Electronics,Private label,76.2507,73.6228,-0.03446,Decrease,Market correction,Yusuf Kandemir,Approved,Sales manager,3
PC20786,2024-11-01,20082,"Smart Plug - Private label, Master carton 48",Consumer Electronics,Private label,73.6228,78.1655,0.0617,Increase,Cost pass-through,Pricing team,Approved,Commercial director,30
PC20787,2025-02-01,20082,"Smart Plug - Private label, Master carton 48",Consumer Electronics,Private label,78.1655,78.6537,0.00625,Increase,Customer negotiation,Bea Okonkwo,Approved,Sales manager,2
PC20788,2025-05-01,20082,"Smart Plug - Private label, Master carton 48",Consumer Electronics,Private label,78.6537,74.3899,-0.05421,Decrease,Cost pass-through,Pricing team,Rejected,Sales manager,7
PC20789,2025-08-01,20082,"Smart Plug - Private label, Master carton 48",Consumer Electronics,Private label,74.3899,78.2406,0.05176,Increase,Annual review,Pricing team,Approved,Sales manager,4
PC20790,2025-11-01,20082,"Smart Plug - Private label, Master carton 48",Consumer Electronics,Private label,78.2406,70.6264,-0.09732,Decrease,Market correction,Bea Okonkwo,Approved,Commercial director,4
PC20791,2026-02-01,20082,"Smart Plug - Private label, Master carton 48",Consumer Electronics,Private label,70.6264,66.0578,-0.06469,Decrease,Promotional reset,Simone Delacroix,Approved,Commercial director,1
PC20792,2026-05-01,20082,"Smart Plug - Private label, Master carton 48",Consumer Electronics,Private label,66.0578,63.7838,-0.03442,Decrease,Competitive response,Jonah Stavrides,Approved,Sales manager,2
PC20793,2023-09-01,20083,"Grooming Kit - Value, Bulk pallet 144",Pet Supplies,Value,20.177,20.0786,-0.00488,Decrease,Customer negotiation,Tom Beauchemin,Approved,Sales manager,4
PC20794,2023-12-01,20083,"Grooming Kit - Value, Bulk pallet 144",Pet Supplies,Value,20.0786,21.4218,0.0669,Increase,Promotional reset,Marcus Oyelaran,Approved,Commercial director,5
PC20795,2024-03-01,20083,"Grooming Kit - Value, Bulk pallet 144",Pet Supplies,Value,21.4218,21.6479,0.01055,Increase,Annual review,Pricing team,Auto-approved,None,0
PC20796,2024-06-01,20083,"Grooming Kit - Value, Bulk pallet 144",Pet Supplies,Value,21.6479,22.4906,0.03893,Increase,Promotional reset,Priya Raghunathan,Approved,Sales manager,1
PC20797,2024-09-01,20083,"Grooming Kit - Value, Bulk pallet 144",Pet Supplies,Value,22.4906,24.8874,0.10657,Increase,Annual review,Pricing team,Approved,Commercial director,1
PC20798,2024-12-01,20083,"Grooming Kit - Value, Bulk pallet 144",Pet Supplies,Value,24.8874,23.794,-0.04393,Decrease,Cost pass-through,Pricing team,Approved,Sales manager,1
PC20799,2025-03-01,20083,"Grooming Kit - Value, Bulk pallet 144",Pet Supplies,Value,23.794,24.4683,0.02834,Increase,Customer negotiation,Jonah Stavrides,Approved,Sales manager,6
PC20800,2025-06-01,20083,"Grooming Kit - Value, Bulk pallet 144",Pet Supplies,Value,24.4683,25.9776,0.06168,Increase,Cost pass-through,Pricing team,Approved,Commercial director,14
PC20801,2025-09-01,20083,"Grooming Kit - Value, Bulk pallet 144",Pet Supplies,Value,25.9776,25.7898,-0.00723,Decrease,Cost pass-through,Pricing team,Auto-approved,None,0
PC20802,2025-12-01,20083,"Grooming Kit - Value, Bulk pallet 144",Pet Supplies,Value,25.7898,24.3892,-0.05431,Decrease,Competitive response,Bea Okonkwo,Approved,Sales manager,2
PC20803,2026-01-01,20083,"Grooming Kit - Value, Bulk pallet 144",Pet Supplies,Value,24.3892,35.392,0.45113,Increase,Annual review,Pricing team,Pending,Commercial director,1
PC20804,2026-03-01,20083,"Grooming Kit - Value, Bulk pallet 144",Pet Supplies,Value,35.392,33.8362,-0.04396,Decrease,Market correction,Bea Okonkwo,Approved,Sales manager,6
PC20805,2026-06-01,20083,"Grooming Kit - Value, Bulk pallet 144",Pet Supplies,Value,33.8362,35.4931,0.04897,Increase,Annual review,Pricing team,Approved,Sales manager,9
PC20806,2023-10-01,20084,"Blender - Private label, Case 24",Home & Kitchen,Private label,22.4655,20.7655,-0.07567,Decrease,Annual review,Pricing team,Approved,Commercial director,6
PC20807,2024-01-01,20084,"Blender - Private label, Case 24",Home & Kitchen,Private label,20.7655,20.7797,0.00068,Increase,Cost pass-through,Pricing team,Auto-approved,None,0
PC20808,2024-04-01,20084,"Blender - Private label, Case 24",Home & Kitchen,Private label,20.7797,21.3233,0.02616,Increase,Cost pass-through,Pricing team,Approved,Sales manager,4
PC20809,2024-07-01,20084,"Blender - Private label, Case 24",Home & Kitchen,Private label,21.3233,21.593,0.01265,Increase,Cost pass-through,Pricing team,Auto-approved,None,0
PC20810,2024-10-01,20084,"Blender - Private label, Case 24",Home & Kitchen,Private label,21.593,23.0754,0.06865,Increase,Cost pass-through,Pricing team,Approved,Commercial director,4
PC20811,2025-01-01,20084,"Blender - Private label, Case 24",Home & Kitchen,Private label,23.0754,23.0802,0.00021,Increase,Market correction,Hollis Marchetti,Approved,Sales manager,3
PC20812,2025-04-01,20084,"Blender - Private label, Case 24",Home & Kitchen,Private label,23.0802,25.7344,0.115,Increase,Customer negotiation,Alix Fontaine,Approved,Commercial director,1
PC20813,2025-07-01,20084,"Blender - Private label, Case 24",Home & Kitchen,Private label,25.7344,24.165,-0.06098,Decrease,Market correction,Bea Okonkwo,Approved,Commercial director,3
PC20814,2025-10-01,20084,"Blender - Private label, Case 24",Home & Kitchen,Private label,24.165,19.8404,-0.17896,Decrease,Market correction,Alix Fontaine,Approved,Commercial director,5
PC20815,2026-01-01,20084,"Blender - Private label, Case 24",Home & Kitchen,Private label,19.8404,21.0619,0.06157,Increase,Promotional reset,Dana Whitfield,Approved,Commercial director,1
PC20816,2026-04-01,20084,"Blender - Private label, Case 24",Home & Kitchen,Private label,21.0619,21.9809,0.04363,Increase,Market correction,Dana Whitfield,Approved,Sales manager,3
PC20817,2023-09-01,20085,"Electric Toothbrush - Private label, Bulk pallet 144",Health & Beauty,Private label,19.451,19.3008,-0.00772,Decrease,Market correction,Yusuf Kandemir,Pending,Sales manager,1
PC20818,2023-12-01,20085,"Electric Toothbrush - Private label, Bulk pallet 144",Health & Beauty,Private label,19.3008,18.2321,-0.05537,Decrease,Promotional reset,Simone Delacroix,Approved,Sales manager,10
PC20819,2024-03-01,20085,"Electric Toothbrush - Private label, Bulk pallet 144",Health & Beauty,Private label,18.2321,18.4292,0.01081,Increase,Cost pass-through,Pricing team,Auto-approved,None,0
PC20820,2024-06-01,20085,"Electric Toothbrush - Private label, Bulk pallet 144",Health & Beauty,Private label,18.4292,18.567,0.00748,Increase,Cost pass-through,Pricing team,Auto-approved,None,0
PC20821,2024-09-01,20085,"Electric Toothbrush - Private label, Bulk pallet 144",Health & Beauty,Private label,18.567,19.5619,0.05358,Increase,Cost pass-through,Pricing team,Approved,Sales manager,4
PC20822,2024-12-01,20085,"Electric Toothbrush - Private label, Bulk pallet 144",Health & Beauty,Private label,19.5619,20.0432,0.0246,Increase,Cost pass-through,Pricing team,Approved,Sales manager,4
PC20823,2025-03-01,20085,"Electric Toothbrush - Private label, Bulk pallet 144",Health & Beauty,Private label,20.0432,20.0672,0.0012,Increase,Market correction,Simone Delacroix,Approved,Sales manager,2
PC20824,2025-06-01,20085,"Electric Toothbrush - Private label, Bulk pallet 144",Health & Beauty,Private label,20.0672,20.5848,0.02579,Increase,Cost pass-through,Pricing team,Approved,Sales manager,10
PC20825,2025-09-01,20085,"Electric Toothbrush - Private label, Bulk pallet 144",Health & Beauty,Private label,20.5848,20.0812,-0.02446,Decrease,Market correction,Alix Fontaine,Approved,Sales manager,1
PC20826,2025-12-01,20085,"Electric Toothbrush - Private label, Bulk pallet 144",Health & Beauty,Private label,20.0812,20.6612,0.02888,Increase,Market correction,Nikita Petrenko,Approved,Sales manager,1
PC20827,2026-03-01,20085,"Electric Toothbrush - Private label, Bulk pallet 144",Health & Beauty,Private label,20.6612,20.9339,0.0132,Increase,Cost pass-through,Pricing team,Auto-approved,None,0
PC20828,2026-06-01,20085,"Electric Toothbrush - Private label, Bulk pallet 144",Health & Beauty,Private label,20.9339,21.1793,0.01172,Increase,Market correction,Simone Delacroix,Approved,Sales manager,1
PC20829,2023-09-01,20086,"Hair Dryer - Private label, Bulk pallet 144",Health & Beauty,Private label,19.3623,18.4235,-0.04849,Decrease,Customer negotiation,Dana Whitfield,Approved,Sales manager,1
PC20830,2023-10-01,20087,"Blender - National brand, Each",Home & Kitchen,National brand,65.0936,62.1485,-0.04524,Decrease,Customer negotiation,Hollis Marchetti,Approved,Sales manager,5
PC20831,2024-01-01,20087,"Blender - National brand, Each",Home & Kitchen,National brand,62.1485,59.9163,-0.03592,Decrease,Market correction,Yusuf Kandemir,Pending,Sales manager,3
PC20832,2024-04-01,20087,"Blender - National brand, Each",Home & Kitchen,National brand,59.9163,65.9493,0.10069,Increase,Annual review,Pricing team,Rejected,Commercial director,1
PC20833,2024-07-01,20087,"Blender - National brand, Each",Home & Kitchen,National brand,65.9493,73.7775,0.1187,Increase,Cost pass-through,Pricing team,Approved,Commercial director,3
PC20834,2024-10-01,20087,"Blender - National brand, Each",Home & Kitchen,National brand,73.7775,78.3013,0.06132,Increase,Cost pass-through,Pricing team,Approved,Commercial director,4
PC20835,2025-01-01,20087,"Blender - National brand, Each",Home & Kitchen,National brand,78.3013,71.2415,-0.09016,Decrease,Market correction,Tom Beauchemin,Approved,Commercial director,2
PC20836,2025-04-01,20087,"Blender - National brand, Each",Home & Kitchen,National brand,71.2415,74.4276,0.04472,Increase,Annual review,Pricing team,Approved,Sales manager,2
PC20837,2025-07-01,20087,"Blender - National brand, Each",Home & Kitchen,National brand,74.4276,77.4628,0.04078,Increase,Market correction,Dana Whitfield,Approved,Sales manager,11
PC20838,2025-10-01,20087,"Blender - National brand, Each",Home & Kitchen,National brand,77.4628,69.6151,-0.10131,Decrease,Customer negotiation,Rowan Achterberg,Approved,Commercial director,2
PC20839,2026-01-01,20087,"Blender - National brand, Each",Home & Kitchen,National brand,69.6151,75.6364,0.08649,Increase,Annual review,Pricing team,Approved,Commercial director,5
PC20840,2026-04-01,20087,"Blender - National brand, Each",Home & Kitchen,National brand,75.6364,74.7226,-0.01208,Decrease,Customer negotiation,Yusuf Kandemir,Rejected,Sales manager,4
PC20841,2023-08-01,20088,"Safety Glasses - Private label, Master carton 48",Tools & Hardware,Private label,51.523,52.166,0.01248,Increase,Market correction,Yusuf Kandemir,Approved,Sales manager,3
PC20842,2024-02-01,20088,"Safety Glasses - Private label, Master carton 48",Tools & Hardware,Private label,52.166,52.8282,0.01269,Increase,Market correction,Hollis Marchetti,Approved,Sales manager,1
PC20843,2024-08-01,20088,"Safety Glasses - Private label, Master carton 48",Tools & Hardware,Private label,52.8282,47.0301,-0.10975,Decrease,Market correction,Hollis Marchetti,Rejected,Commercial director,1
PC20844,2025-02-01,20088,"Safety Glasses - Private label, Master carton 48",Tools & Hardware,Private label,47.0301,41.3912,-0.1199,Decrease,Competitive response,Hollis Marchetti,Approved,Commercial director,3
PC20845,2025-08-01,20088,"Safety Glasses - Private label, Master carton 48",Tools & Hardware,Private label,41.3912,41.4188,0.00067,Increase,Cost pass-through,Pricing team,Auto-approved,None,0
PC20846,2026-02-01,20088,"Safety Glasses - Private label, Master carton 48",Tools & Hardware,Private label,41.4188,48.4515,0.16979,Increase,Cost pass-through,Pricing team,Rejected,Commercial director,4
PC20847,2023-09-01,20089,"Bedding Set - Value, Master carton 48",Home & Kitchen,Value,81.8934,77.5347,-0.05322,Decrease,Competitive response,Yusuf Kandemir,Approved,Sales manager,1
PC20848,2023-12-01,20089,"Bedding Set - Value, Master carton 48",Home & Kitchen,Value,77.5347,75.9476,-0.02047,Decrease,Market correction,Marcus Oyelaran,Approved,Sales manager,3
PC20849,2024-03-01,20089,"Bedding Set - Value, Master carton 48",Home & Kitchen,Value,75.9476,80.7805,0.06363,Increase,Cost pass-through,Pricing team,Approved,Commercial director,4
PC20850,2024-06-01,20089,"Bedding Set - Value, Master carton 48",Home & Kitchen,Value,80.7805,82.9779,0.0272,Increase,Annual review,Pricing team,Approved,Sales manager,1
PC20851,2024-09-01,20089,"Bedding Set - Value, Master carton 48",Home & Kitchen,Value,82.9779,83.0423,0.00078,Increase,Annual review,Pricing team,Auto-approved,None,0
PC20852,2024-12-01,20089,"Bedding Set - Value, Master carton 48",Home & Kitchen,Value,83.0423,84.8961,0.02232,Increase,Cost pass-through,Pricing team,Approved,Sales manager,5
PC20853,2025-03-01,20089,"Bedding Set - Value, Master carton 48",Home & Kitchen,Value,84.8961,88.9097,0.04728,Increase,Competitive response,Dana Whitfield,Approved,Sales manager,1
PC20854,2025-06-01,20089,"Bedding Set - Value, Master carton 48",Home & Kitchen,Value,88.9097,98.2327,0.10486,Increase,Cost pass-through,Pricing team,Pending,Commercial director,1
PC20855,2025-09-01,20089,"Bedding Set - Value, Master carton 48",Home & Kitchen,Value,98.2327,95.8668,-0.02408,Decrease,Market correction,Bea Okonkwo,Approved,Sales manager,1
PC20856,2025-12-01,20089,"Bedding Set - Value, Master carton 48",Home & Kitchen,Value,95.8668,90.1421,-0.05972,Decrease,Competitive response,Marcus Oyelaran,Approved,Sales manager,2
PC20857,2026-03-01,20089,"Bedding Set - Value, Master carton 48",Home & Kitchen,Value,90.1421,92.8851,0.03043,Increase,Competitive response,Tom Beauchemin,Approved,Sales manager,2
PC20858,2026-06-01,20089,"Bedding Set - Value, Master carton 48",Home & Kitchen,Value,92.8851,104.2189,0.12202,Increase,Cost pass-through,Pricing team,Pending,Commercial director,2
PC20859,2023-09-01,20090,"Pet Bed - National brand, Bulk pallet 144",Pet Supplies,National brand,52.0509,52.5283,0.00917,Increase,Market correction,Rowan Achterberg,Pending,Sales manager,1
PC20860,2023-12-01,20090,"Pet Bed - National brand, Bulk pallet 144",Pet Supplies,National brand,52.5283,51.0825,-0.02752,Decrease,Promotional reset,Dana Whitfield,Approved,Sales manager,4
PC20861,2024-03-01,20090,"Pet Bed - National brand, Bulk pallet 144",Pet Supplies,National brand,51.0825,52.5118,0.02798,Increase,Cost pass-through,Pricing team,Approved,Sales manager,2
PC20862,2024-06-01,20090,"Pet Bed - National brand, Bulk pallet 144",Pet Supplies,National brand,52.5118,53.9908,0.02817,Increase,Annual review,Pricing team,Rejected,Sales manager,4
PC20863,2024-09-01,20090,"Pet Bed - National brand, Bulk pallet 144",Pet Supplies,National brand,53.9908,59.875,0.10899,Increase,Annual review,Pricing team,Approved,Commercial director,2
PC20864,2024-12-01,20090,"Pet Bed - National brand, Bulk pallet 144",Pet Supplies,National brand,59.875,60.6456,0.01287,Increase,Cost pass-through,Pricing team,Auto-approved,None,0
PC20865,2025-03-01,20090,"Pet Bed - National brand, Bulk pallet 144",Pet Supplies,National brand,60.6456,60.4668,-0.00295,Decrease,Cost pass-through,Pricing team,Auto-approved,None,0
PC20866,2025-06-01,20090,"Pet Bed - National brand, Bulk pallet 144",Pet Supplies,National brand,60.4668,64.5955,0.06828,Increase,Annual review,Pricing team,Approved,Commercial director,14
PC20867,2025-09-01,20090,"Pet Bed - National brand, Bulk pallet 144",Pet Supplies,National brand,64.5955,61.9235,-0.04137,Decrease,Market correction,Bea Okonkwo,Approved,Sales manager,1
PC20868,2025-12-01,20090,"Pet Bed - National brand, Bulk pallet 144",Pet Supplies,National brand,61.9235,59.4071,-0.04064,Decrease,Competitive response,Alix Fontaine,Approved,Sales manager,2
PC20869,2026-03-01,20090,"Pet Bed - National brand, Bulk pallet 144",Pet Supplies,National brand,59.4071,60.9038,0.02519,Increase,Cost pass-through,Pricing team,Approved,Sales manager,8
PC20870,2026-06-01,20090,"Pet Bed - National brand, Bulk pallet 144",Pet Supplies,National brand,60.9038,64.639,0.06133,Increase,Promotional reset,Rowan Achterberg,Approved,Commercial director,5
PC20871,2023-10-01,20091,"Hair Dryer - Private label, Inner pack 6",Health & Beauty,Private label,13.6759,13.6699,-0.00044,Decrease,Market correction,Tom Beauchemin,Approved,Sales manager,7
PC20872,2024-01-01,20091,"Hair Dryer - Private label, Inner pack 6",Health & Beauty,Private label,13.6699,13.2947,-0.02745,Decrease,Market correction,Rowan Achterberg,Approved,Sales manager,1
PC20873,2024-04-01,20091,"Hair Dryer - Private label, Inner pack 6",Health & Beauty,Private label,13.2947,12.7044,-0.0444,Decrease,Competitive response,Jonah Stavrides,Approved,Sales manager,1
PC20874,2024-07-01,20091,"Hair Dryer - Private label, Inner pack 6",Health & Beauty,Private label,12.7044,13.0807,0.02962,Increase,Annual review,Pricing team,Approved,Sales manager,2
PC20875,2024-10-01,20091,"Hair Dryer - Private label, Inner pack 6",Health & Beauty,Private label,13.0807,13.3293,0.01901,Increase,Annual review,Pricing team,Auto-approved,None,0
PC20876,2025-01-01,20091,"Hair Dryer - Private label, Inner pack 6",Health & Beauty,Private label,13.3293,13.1063,-0.01673,Decrease,Market correction,Jonah Stavrides,Approved,Sales manager,4
PC20877,2025-04-01,20091,"Hair Dryer - Private label, Inner pack 6",Health & Beauty,Private label,13.1063,12.5302,-0.04396,Decrease,Competitive response,Jonah Stavrides,Approved,Sales manager,6
PC20878,2025-07-01,20091,"Hair Dryer - Private label, Inner pack 6",Health & Beauty,Private label,12.5302,12.0586,-0.03764,Decrease,Market correction,Marcus Oyelaran,Approved,Sales manager,1
PC20879,2025-10-01,20091,"Hair Dryer - Private label, Inner pack 6",Health & Beauty,Private label,12.0586,11.6095,-0.03724,Decrease,Customer negotiation,Simone Delacroix,Approved,Sales manager,5
PC20880,2026-01-01,20091,"Hair Dryer - Private label, Inner pack 6",Health & Beauty,Private label,11.6095,12.0494,0.03789,Increase,Cost pass-through,Pricing team,Approved,Sales manager,5
PC20881,2026-04-01,20091,"Hair Dryer - Private label, Inner pack 6",Health & Beauty,Private label,12.0494,12.2347,0.01538,Increase,Cost pass-through,Pricing team,Auto-approved,None,0
PC20882,2023-08-01,20092,"Yoga Mat - Premium brand, Each",Sporting Goods,Premium brand,56.1141,56.3693,0.00455,Increase,Annual review,Pricing team,Auto-approved,None,0
PC20883,2023-11-01,20092,"Yoga Mat - Premium brand, Each",Sporting Goods,Premium brand,56.3693,55.1122,-0.0223,Decrease,Market correction,Priya Raghunathan,Approved,Sales manager,8
PC20884,2024-02-01,20092,"Yoga Mat - Premium brand, Each",Sporting Goods,Premium brand,55.1122,57.766,0.04815,Increase,Annual review,Pricing team,Approved,Sales manager,1
PC20885,2024-05-01,20092,"Yoga Mat - Premium brand, Each",Sporting Goods,Premium brand,57.766,61.4484,0.06375,Increase,Competitive response,Nikita Petrenko,Pending,Commercial director,1
PC20886,2024-08-01,20092,"Yoga Mat - Premium brand, Each",Sporting Goods,Premium brand,61.4484,64.5274,0.05011,Increase,Customer negotiation,Tom Beauchemin,Approved,Sales manager,2
PC20887,2024-11-01,20092,"Yoga Mat - Premium brand, Each",Sporting Goods,Premium brand,64.5274,61.1311,-0.05263,Decrease,Customer negotiation,Tom Beauchemin,Rejected,Sales manager,10
PC20888,2025-02-01,20092,"Yoga Mat - Premium brand, Each",Sporting Goods,Premium brand,61.1311,62.2275,0.01794,Increase,Competitive response,Jonah Stavrides,Approved,Sales manager,5
PC20889,2025-05-01,20092,"Yoga Mat - Premium brand, Each",Sporting Goods,Premium brand,62.2275,62.0923,-0.00217,Decrease,Customer negotiation,Priya Raghunathan,Approved,Sales manager,1
PC20890,2025-08-01,20092,"Yoga Mat - Premium brand, Each",Sporting Goods,Premium brand,62.0923,51.5126,-0.17039,Decrease,Promotional reset,Bea Okonkwo,Approved,Commercial director,1
PC20891,2025-11-01,20092,"Yoga Mat - Premium brand, Each",Sporting Goods,Premium brand,51.5126,51.4786,-0.00066,Decrease,Customer negotiation,Rowan Achterberg,Approved,Sales manager,1
PC20892,2026-02-01,20092,"Yoga Mat - Premium brand, Each",Sporting Goods,Premium brand,51.4786,52.3958,0.01782,Increase,Cost pass-through,Pricing team,Auto-approved,None,0
PC20893,2026-05-01,20092,"Yoga Mat - Premium brand, Each",Sporting Goods,Premium brand,52.3958,50.1679,-0.04252,Decrease,Customer negotiation,Tom Beauchemin,Approved,Sales manager,1
PC20894,2023-10-01,20093,"Resistance Bands - Value, Bulk pallet 144",Sporting Goods,Value,56.4178,58.2562,0.03259,Increase,Cost pass-through,Pricing team,Approved,Sales manager,1
PC20895,2024-01-01,20093,"Resistance Bands - Value, Bulk pallet 144",Sporting Goods,Value,58.2562,56.6771,-0.02711,Decrease,Competitive response,Priya Raghunathan,Approved,Sales manager,4
PC20896,2024-04-01,20093,"Resistance Bands - Value, Bulk pallet 144",Sporting Goods,Value,56.6771,62.7077,0.1064,Increase,Market correction,Yusuf Kandemir,Approved,Commercial director,4
PC20897,2024-07-01,20093,"Resistance Bands - Value, Bulk pallet 144",Sporting Goods,Value,62.7077,76.1343,0.21411,Increase,Market correction,Hollis Marchetti,Approved,Commercial director,12
PC20898,2024-10-01,20093,"Resistance Bands - Value, Bulk pallet 144",Sporting Goods,Value,76.1343,71.5533,-0.06017,Decrease,Market correction,Hollis Marchetti,Approved,Commercial director,2
PC20899,2025-01-01,20093,"Resistance Bands - Value, Bulk pallet 144",Sporting Goods,Value,71.5533,75.8859,0.06055,Increase,Competitive response,Yusuf Kandemir,Approved,Commercial director,1
PC20900,2025-04-01,20093,"Resistance Bands - Value, Bulk pallet 144",Sporting Goods,Value,75.8859,81.3708,0.07228,Increase,Cost pass-through,Pricing team,Approved,Commercial director,1
PC20901,2025-07-01,20093,"Resistance Bands - Value, Bulk pallet 144",Sporting Goods,Value,81.3708,78.9639,-0.02958,Decrease,Market correction,Alix Fontaine,Approved,Sales manager,7
PC20902,2025-10-01,20093,"Resistance Bands - Value, Bulk pallet 144",Sporting Goods,Value,78.9639,77.3272,-0.02073,Decrease,Customer negotiation,Rowan Achterberg,Approved,Sales manager,2
PC20903,2026-01-01,20093,"Resistance Bands - Value, Bulk pallet 144",Sporting Goods,Value,77.3272,77.9332,0.00784,Increase,Cost pass-through,Pricing team,Auto-approved,None,0
PC20904,2026-04-01,20093,"Resistance Bands - Value, Bulk pallet 144",Sporting Goods,Value,77.9332,79.7317,0.02308,Increase,Competitive response,Bea Okonkwo,Approved,Sales manager,2
PC20905,2023-08-01,20094,"Yoga Mat - National brand, Each",Sporting Goods,National brand,50.146,49.8162,-0.00658,Decrease,Customer negotiation,Alix Fontaine,Approved,Sales manager,2
PC20906,2023-10-01,20095,"Bedding Set - Value, Inner pack 6",Home & Kitchen,Value,27.5873,26.9032,-0.0248,Decrease,Promotional reset,Jonah Stavrides,Approved,Sales manager,5
PC20907,2024-01-01,20095,"Bedding Set - Value, Inner pack 6",Home & Kitchen,Value,26.9032,26.0902,-0.03022,Decrease,Customer negotiation,Nikita Petrenko,Approved,Sales manager,5
PC20908,2024-04-01,20095,"Bedding Set - Value, Inner pack 6",Home & Kitchen,Value,26.0902,28.6792,0.09923,Increase,Annual review,Pricing team,Approved,Commercial director,2
PC20909,2024-07-01,20095,"Bedding Set - Value, Inner pack 6",Home & Kitchen,Value,28.6792,26.8183,-0.06489,Decrease,Market correction,Bea Okonkwo,Approved,Commercial director,1
PC20910,2024-10-01,20095,"Bedding Set - Value, Inner pack 6",Home & Kitchen,Value,26.8183,29.1797,0.08805,Increase,Cost pass-through,Pricing team,Approved,Commercial director,3
PC20911,2025-01-01,20095,"Bedding Set - Value, Inner pack 6",Home & Kitchen,Value,29.1797,27.8863,-0.04433,Decrease,Market correction,Rowan Achterberg,Approved,Sales manager,2
PC20912,2025-04-01,20095,"Bedding Set - Value, Inner pack 6",Home & Kitchen,Value,27.8863,28.4939,0.02179,Increase,Annual review,Pricing team,Approved,Sales manager,4
PC20913,2025-07-01,20095,"Bedding Set - Value, Inner pack 6",Home & Kitchen,Value,28.4939,28.4397,-0.0019,Decrease,Competitive response,Bea Okonkwo,Approved,Sales manager,1
PC20914,2025-10-01,20095,"Bedding Set - Value, Inner pack 6",Home & Kitchen,Value,28.4397,28.5857,0.00513,Increase,Cost pass-through,Pricing team,Auto-approved,None,0
PC20915,2026-01-01,20095,"Bedding Set - Value, Inner pack 6",Home & Kitchen,Value,28.5857,29.8349,0.0437,Increase,Cost pass-through,Pricing team,Pending,Sales manager,2
PC20916,2026-04-01,20095,"Bedding Set - Value, Inner pack 6",Home & Kitchen,Value,29.8349,32.4613,0.08803,Increase,Cost pass-through,Pricing team,Pending,Commercial director,2
PC20917,2023-08-01,20096,"Desk Organiser - Value, Each",Office & Stationery,Value,11.3341,11.8148,0.04241,Increase,Competitive response,Bea Okonkwo,Approved,Sales manager,2
PC20918,2024-02-01,20096,"Desk Organiser - Value, Each",Office & Stationery,Value,11.8148,11.4927,-0.02726,Decrease,Customer negotiation,Alix Fontaine,Approved,Sales manager,1
PC20919,2024-08-01,20096,"Desk Organiser - Value, Each",Office & Stationery,Value,11.4927,12.2385,0.06489,Increase,Cost pass-through,Pricing team,Approved,Commercial director,8
PC20920,2024-11-01,20096,"Desk Organiser - Value, Each",Office & Stationery,Value,12.2385,16.4965,0.34792,Increase,Annual review,Pricing team,Approved,Commercial director,3
PC20921,2025-02-01,20096,"Desk Organiser - Value, Each",Office & Stationery,Value,16.4965,16.8508,0.02148,Increase,Cost pass-through,Pricing team,Approved,Sales manager,11
PC20922,2025-08-01,20096,"Desk Organiser - Value, Each",Office & Stationery,Value,16.8508,19.5349,0.15929,Increase,Market correction,Hollis Marchetti,Approved,Commercial director,11
PC20923,2026-02-01,20096,"Desk Organiser - Value, Each",Office & Stationery,Value,19.5349,18.8851,-0.03326,Decrease,Customer negotiation,Alix Fontaine,Approved,Sales manager,5
PC20924,2023-09-01,20097,"Electric Toothbrush - National brand, Master carton 48",Health & Beauty,National brand,20.6433,21.1827,0.02613,Increase,Annual review,Pricing team,Approved,Sales manager,6
PC20925,2023-12-01,20097,"Electric Toothbrush - National brand, Master carton 48",Health & Beauty,National brand,21.1827,21.2365,0.00254,Increase,Annual review,Pricing team,Auto-approved,None,0
PC20926,2024-03-01,20097,"Electric Toothbrush - National brand, Master carton 48",Health & Beauty,National brand,21.2365,21.1531,-0.00393,Decrease,Competitive response,Rowan Achterberg,Approved,Sales manager,1
PC20927,2024-06-01,20097,"Electric Toothbrush - National brand, Master carton 48",Health & Beauty,National brand,21.1531,21.8569,0.03327,Increase,Annual review,Pricing team,Approved,Sales manager,13
PC20928,2024-09-01,20097,"Electric Toothbrush - National brand, Master carton 48",Health & Beauty,National brand,21.8569,22.6561,0.03657,Increase,Cost pass-through,Pricing team,Approved,Sales manager,3
PC20929,2024-12-01,20097,"Electric Toothbrush - National brand, Master carton 48",Health & Beauty,National brand,22.6561,23.4327,0.03428,Increase,Promotional reset,Alix Fontaine,Approved,Sales manager,3
PC20930,2025-03-01,20097,"Electric Toothbrush - National brand, Master carton 48",Health & Beauty,National brand,23.4327,23.0752,-0.01526,Decrease,Customer negotiation,Dana Whitfield,Approved,Sales manager,1
PC20931,2025-06-01,20097,"Electric Toothbrush - National brand, Master carton 48",Health & Beauty,National brand,23.0752,22.6262,-0.01946,Decrease,Competitive response,Hollis Marchetti,Approved,Sales manager,2
PC20932,2025-09-01,20097,"Electric Toothbrush - National brand, Master carton 48",Health & Beauty,National brand,22.6262,21.1563,-0.06496,Decrease,Market correction,Nikita Petrenko,Approved,Commercial director,1
PC20933,2025-12-01,20097,"Electric Toothbrush - National brand, Master carton 48",Health & Beauty,National brand,21.1563,21.6192,0.02188,Increase,Cost pass-through,Pricing team,Approved,Sales manager,2
PC20934,2026-03-01,20097,"Electric Toothbrush - National brand, Master carton 48",Health & Beauty,National brand,21.6192,21.7804,0.00746,Increase,Competitive response,Jonah Stavrides,Approved,Sales manager,1
PC20935,2026-06-01,20097,"Electric Toothbrush - National brand, Master carton 48",Health & Beauty,National brand,21.7804,22.394,0.02817,Increase,Cost pass-through,Pricing team,Pending,Sales manager,9
PC20936,2024-01-01,20098,"Laptop Sleeve - Private label, Each",Apparel & Accessories,Private label,33.4411,32.2463,-0.03573,Decrease,Customer negotiation,Marcus Oyelaran,Approved,Sales manager,6
PC20937,2024-07-01,20098,"Laptop Sleeve - Private label, Each",Apparel & Accessories,Private label,32.2463,38.3066,0.18794,Increase,Market correction,Marcus Oyelaran,Approved,Commercial director,4
PC20938,2025-01-01,20098,"Laptop Sleeve - Private label, Each",Apparel & Accessories,Private label,38.3066,38.1097,-0.00514,Decrease,Competitive response,Bea Okonkwo,Approved,Sales manager,6
PC20939,2025-07-01,20098,"Laptop Sleeve - Private label, Each",Apparel & Accessories,Private label,38.1097,40.7469,0.0692,Increase,Cost pass-through,Pricing team,Approved,Commercial director,10
PC20940,2026-01-01,20098,"Laptop Sleeve - Private label, Each",Apparel & Accessories,Private label,40.7469,39.5264,-0.02995,Decrease,Customer negotiation,Tom Beauchemin,Approved,Sales manager,2
PC20941,2023-10-01,20099,"Copy Paper - Value, Bulk pallet 144",Office & Stationery,Value,8.7488,9.4692,0.08234,Increase,Cost pass-through,Pricing team,Approved,Commercial director,10
PC20942,2024-01-01,20099,"Copy Paper - Value, Bulk pallet 144",Office & Stationery,Value,9.4692,9.1882,-0.02968,Decrease,Market correction,Hollis Marchetti,Approved,Sales manager,15
PC20943,2024-04-01,20099,"Copy Paper - Value, Bulk pallet 144",Office & Stationery,Value,9.1882,9.2693,0.00883,Increase,Cost pass-through,Pricing team,Auto-approved,None,0
PC20944,2024-07-01,20099,"Copy Paper - Value, Bulk pallet 144",Office & Stationery,Value,9.2693,9.8364,0.06118,Increase,Cost pass-through,Pricing team,Approved,Commercial director,2
PC20945,2024-10-01,20099,"Copy Paper - Value, Bulk pallet 144",Office & Stationery,Value,9.8364,9.9446,0.011,Increase,Cost pass-through,Pricing team,Auto-approved,None,0
PC20946,2025-01-01,20099,"Copy Paper - Value, Bulk pallet 144",Office & Stationery,Value,9.9446,11.3469,0.14101,Increase,Cost pass-through,Pricing team,Approved,Commercial director,4
PC20947,2025-04-01,20099,"Copy Paper - Value, Bulk pallet 144",Office & Stationery,Value,11.3469,12.523,0.10365,Increase,Cost pass-through,Pricing team,Approved,Commercial director,2
PC20948,2025-07-01,20099,"Copy Paper - Value, Bulk pallet 144",Office & Stationery,Value,12.523,12.574,0.00407,Increase,Promotional reset,Nikita Petrenko,Approved,Sales manager,2
PC20949,2025-10-01,20099,"Copy Paper - Value, Bulk pallet 144",Office & Stationery,Value,12.574,11.6974,-0.06972,Decrease,Customer negotiation,Tom Beauchemin,Approved,Commercial director,6
PC20950,2026-01-01,20099,"Copy Paper - Value, Bulk pallet 144",Office & Stationery,Value,11.6974,11.2488,-0.03835,Decrease,Customer negotiation,Dana Whitfield,Approved,Sales manager,2
PC20951,2026-04-01,20099,"Copy Paper - Value, Bulk pallet 144",Office & Stationery,Value,11.2488,12.6296,0.12275,Increase,Cost pass-through,Pricing team,Approved,Commercial director,5
PC20952,2023-09-01,20100,"Laptop Sleeve - Private label, Bulk pallet 144",Apparel & Accessories,Private label,37.5719,38.1394,0.0151,Increase,Competitive response,Marcus Oyelaran,Approved,Sales manager,17
PC20953,2024-03-01,20100,"Laptop Sleeve - Private label, Bulk pallet 144",Apparel & Accessories,Private label,38.1394,35.482,-0.06968,Decrease,Competitive response,Nikita Petrenko,Approved,Commercial director,2
PC20954,2024-09-01,20100,"Laptop Sleeve - Private label, Bulk pallet 144",Apparel & Accessories,Private label,35.482,39.5119,0.11358,Increase,Customer negotiation,Rowan Achterberg,Approved,Commercial director,1
PC20955,2025-03-01,20100,"Laptop Sleeve - Private label, Bulk pallet 144",Apparel & Accessories,Private label,39.5119,34.9142,-0.11636,Decrease,Customer negotiation,Tom Beauchemin,Approved,Commercial director,1
PC20956,2025-09-01,20100,"Laptop Sleeve - Private label, Bulk pallet 144",Apparel & Accessories,Private label,34.9142,39.3969,0.12839,Increase,Annual review,Pricing team,Approved,Commercial director,4
PC20957,2026-03-01,20100,"Laptop Sleeve - Private label, Bulk pallet 144",Apparel & Accessories,Private label,39.3969,35.7594,-0.09233,Decrease,Competitive response,Nikita Petrenko,Approved,Commercial director,2
PC20958,2023-08-01,20101,"Chew Toy Pack - National brand, Each",Pet Supplies,National brand,31.7516,33.3226,0.04948,Increase,Competitive response,Jonah Stavrides,Approved,Sales manager,3
PC20959,2023-11-01,20101,"Chew Toy Pack - National brand, Each",Pet Supplies,National brand,33.3226,33.0325,-0.00871,Decrease,Customer negotiation,Rowan Achterberg,Approved,Sales manager,1
PC20960,2024-02-01,20101,"Chew Toy Pack - National brand, Each",Pet Supplies,National brand,33.0325,33.5752,0.01643,Increase,Cost pass-through,Pricing team,Auto-approved,None,0
PC20961,2024-05-01,20101,"Chew Toy Pack - National brand, Each",Pet Supplies,National brand,33.5752,35.8925,0.06902,Increase,Promotional reset,Jonah Stavrides,Pending,Commercial director,2
PC20962,2024-08-01,20101,"Chew Toy Pack - National brand, Each",Pet Supplies,National brand,35.8925,37.3973,0.04193,Increase,Annual review,Pricing team,Approved,Sales manager,1
PC20963,2024-11-01,20101,"Chew Toy Pack - National brand, Each",Pet Supplies,National brand,37.3973,36.4648,-0.02493,Decrease,Market correction,Priya Raghunathan,Approved,Sales manager,1
PC20964,2025-02-01,20101,"Chew Toy Pack - National brand, Each",Pet Supplies,National brand,36.4648,35.8104,-0.01795,Decrease,Customer negotiation,Tom Beauchemin,Approved,Sales manager,2
PC20965,2025-05-01,20101,"Chew Toy Pack - National brand, Each",Pet Supplies,National brand,35.8104,36.2151,0.0113,Increase,Annual review,Pricing team,Auto-approved,None,0
PC20966,2025-08-01,20101,"Chew Toy Pack - National brand, Each",Pet Supplies,National brand,36.2151,37.037,0.02269,Increase,Cost pass-through,Pricing team,Approved,Sales manager,4
PC20967,2025-11-01,20101,"Chew Toy Pack - National brand, Each",Pet Supplies,National brand,37.037,35.9989,-0.02803,Decrease,Customer negotiation,Priya Raghunathan,Approved,Sales manager,1
PC20968,2026-02-01,20101,"Chew Toy Pack - National brand, Each",Pet Supplies,National brand,35.9989,34.8911,-0.03077,Decrease,Market correction,Alix Fontaine,Approved,Sales manager,1
PC20969,2026-05-01,20101,"Chew Toy Pack - National brand, Each",Pet Supplies,National brand,34.8911,34.0418,-0.02434,Decrease,Competitive response,Rowan Achterberg,Approved,Sales manager,1
PC20970,2023-08-01,20102,"Body Wash - Private label, Inner pack 6",Health & Beauty,Private label,12.2862,12.6155,0.0268,Increase,Market correction,Bea Okonkwo,Approved,Sales manager,4
PC20971,2023-11-01,20102,"Body Wash - Private label, Inner pack 6",Health & Beauty,Private label,12.6155,12.4595,-0.01237,Decrease,Annual review,Pricing team,Auto-approved,None,0
PC20972,2024-02-01,20102,"Body Wash - Private label, Inner pack 6",Health & Beauty,Private label,12.4595,12.3965,-0.00506,Decrease,Annual review,Pricing team,Auto-approved,None,0
PC20973,2024-05-01,20102,"Body Wash - Private label, Inner pack 6",Health & Beauty,Private label,12.3965,13.0096,0.04946,Increase,Customer negotiation,Tom Beauchemin,Approved,Sales manager,10
PC20974,2024-08-01,20102,"Body Wash - Private label, Inner pack 6",Health & Beauty,Private label,13.0096,13.5553,0.04195,Increase,Market correction,Yusuf Kandemir,Rejected,Sales manager,6
PC20975,2024-11-01,20102,"Body Wash - Private label, Inner pack 6",Health & Beauty,Private label,13.5553,13.8113,0.01889,Increase,Cost pass-through,Pricing team,Auto-approved,None,0
PC20976,2025-02-01,20102,"Body Wash - Private label, Inner pack 6",Health & Beauty,Private label,13.8113,13.6472,-0.01188,Decrease,Annual review,Pricing team,Auto-approved,None,0
PC20977,2025-05-01,20102,"Body Wash - Private label, Inner pack 6",Health & Beauty,Private label,13.6472,13.6323,-0.00109,Decrease,Competitive response,Marcus Oyelaran,Approved,Sales manager,7
PC20978,2025-08-01,20102,"Body Wash - Private label, Inner pack 6",Health & Beauty,Private label,13.6323,13.7543,0.00895,Increase,Market correction,Jonah Stavrides,Approved,Sales manager,14
PC20979,2025-11-01,20102,"Body Wash - Private label, Inner pack 6",Health & Beauty,Private label,13.7543,13.4977,-0.01866,Decrease,Customer negotiation,Bea Okonkwo,Rejected,Sales manager,9
PC20980,2026-02-01,20102,"Body Wash - Private label, Inner pack 6",Health & Beauty,Private label,13.4977,13.9178,0.03112,Increase,Customer negotiation,Jonah Stavrides,Approved,Sales manager,1
PC20981,2026-05-01,20102,"Body Wash - Private label, Inner pack 6",Health & Beauty,Private label,13.9178,15.0766,0.08326,Increase,Customer negotiation,Alix Fontaine,Approved,Commercial director,3
PC20982,2023-10-01,20103,"Power Bank - National brand, Inner pack 6",Consumer Electronics,National brand,70.0225,66.3603,-0.0523,Decrease,Annual review,Pricing team,Approved,Sales manager,1
PC20983,2024-01-01,20103,"Power Bank - National brand, Inner pack 6",Consumer Electronics,National brand,66.3603,59.9743,-0.09623,Decrease,Annual review,Pricing team,Approved,Commercial director,6
PC20984,2024-04-01,20103,"Power Bank - National brand, Inner pack 6",Consumer Electronics,National brand,59.9743,61.9785,0.03342,Increase,Cost pass-through,Pricing team,Approved,Sales manager,1
PC20985,2024-07-01,20103,"Power Bank - National brand, Inner pack 6",Consumer Electronics,National brand,61.9785,58.708,-0.05277,Decrease,Annual review,Pricing team,Approved,Sales manager,18
PC20986,2024-10-01,20103,"Power Bank - National brand, Inner pack 6",Consumer Electronics,National brand,58.708,59.7507,0.01776,Increase,Cost pass-through,Pricing team,Auto-approved,None,0
PC20987,2025-01-01,20103,"Power Bank - National brand, Inner pack 6",Consumer Electronics,National brand,59.7507,62.2788,0.04231,Increase,Cost pass-through,Pricing team,Approved,Sales manager,2
PC20988,2025-04-01,20103,"Power Bank - National brand, Inner pack 6",Consumer Electronics,National brand,62.2788,62.0815,-0.00317,Decrease,Market correction,Rowan Achterberg,Approved,Sales manager,31
PC20989,2025-07-01,20103,"Power Bank - National brand, Inner pack 6",Consumer Electronics,National brand,62.0815,63.6223,0.02482,Increase,Annual review,Pricing team,Approved,Sales manager,4
PC20990,2025-10-01,20103,"Power Bank - National brand, Inner pack 6",Consumer Electronics,National brand,63.6223,67.71,0.06425,Increase,Cost pass-through,Pricing team,Approved,Commercial director,5
PC20991,2026-01-01,20103,"Power Bank - National brand, Inner pack 6",Consumer Electronics,National brand,67.71,61.5179,-0.09145,Decrease,Annual review,Pricing team,Approved,Commercial director,2
PC20992,2026-04-01,20103,"Power Bank - National brand, Inner pack 6",Consumer Electronics,National brand,61.5179,54.4089,-0.11556,Decrease,Competitive response,Hollis Marchetti,Approved,Commercial director,2
PC20993,2023-09-01,20104,"Bedding Set - National brand, Inner pack 6",Home & Kitchen,National brand,59.1791,58.3589,-0.01386,Decrease,Cost pass-through,Pricing team,Auto-approved,None,0
PC20994,2023-12-01,20104,"Bedding Set - National brand, Inner pack 6",Home & Kitchen,National brand,58.3589,53.1187,-0.08979,Decrease,Customer negotiation,Hollis Marchetti,Approved,Commercial director,9
PC20995,2024-03-01,20104,"Bedding Set - National brand, Inner pack 6",Home & Kitchen,National brand,53.1187,64.6979,0.21799,Increase,Cost pass-through,Pricing team,Approved,Commercial director,3
PC20996,2024-06-01,20104,"Bedding Set - National brand, Inner pack 6",Home & Kitchen,National brand,64.6979,66.9772,0.03523,Increase,Cost pass-through,Pricing team,Approved,Sales manager,8
PC20997,2024-09-01,20104,"Bedding Set - National brand, Inner pack 6",Home & Kitchen,National brand,66.9772,69.8547,0.04296,Increase,Market correction,Marcus Oyelaran,Approved,Sales manager,10
PC20998,2024-12-01,20104,"Bedding Set - National brand, Inner pack 6",Home & Kitchen,National brand,69.8547,70.1012,0.00353,Increase,Cost pass-through,Pricing team,Auto-approved,None,0
PC20999,2025-03-01,20104,"Bedding Set - National brand, Inner pack 6",Home & Kitchen,National brand,70.1012,72.6751,0.03672,Increase,Competitive response,Simone Delacroix,Approved,Sales manager,1
PC21000,2025-06-01,20104,"Bedding Set - National brand, Inner pack 6",Home & Kitchen,National brand,72.6751,75.4844,0.03866,Increase,Annual review,Pricing team,Approved,Sales manager,4
PC21001,2025-09-01,20104,"Bedding Set - National brand, Inner pack 6",Home & Kitchen,National brand,75.4844,73.6442,-0.02438,Decrease,Cost pass-through,Pricing team,Approved,Sales manager,1
PC21002,2025-12-01,20104,"Bedding Set - National brand, Inner pack 6",Home & Kitchen,National brand,73.6442,73.4372,-0.00281,Decrease,Competitive response,Rowan Achterberg,Approved,Sales manager,3
PC21003,2026-03-01,20104,"Bedding Set - National brand, Inner pack 6",Home & Kitchen,National brand,73.4372,76.3673,0.0399,Increase,Annual review,Pricing team,Approved,Sales manager,9
PC21004,2026-06-01,20104,"Bedding Set - National brand, Inner pack 6",Home & Kitchen,National brand,76.3673,74.8776,-0.01951,Decrease,Competitive response,Tom Beauchemin,Approved,Sales manager,2
PC21005,2023-10-01,20105,"Filing Boxes - Premium brand, Master carton 48",Office & Stationery,Premium brand,19.7884,20.3899,0.0304,Increase,Competitive response,Yusuf Kandemir,Approved,Sales manager,8
PC21006,2024-01-01,20105,"Filing Boxes - Premium brand, Master carton 48",Office & Stationery,Premium brand,20.3899,20.2838,-0.0052,Decrease,Promotional reset,Bea Okonkwo,Approved,Sales manager,13
PC21007,2024-04-01,20105,"Filing Boxes - Premium brand, Master carton 48",Office & Stationery,Premium brand,20.2838,20.2268,-0.00281,Decrease,Market correction,Priya Raghunathan,Approved,Sales manager,1
PC21008,2024-07-01,20105,"Filing Boxes - Premium brand, Master carton 48",Office & Stationery,Premium brand,20.2268,21.0308,0.03975,Increase,Market correction,Bea Okonkwo,Approved,Sales manager,3
PC21009,2024-10-01,20105,"Filing Boxes - Premium brand, Master carton 48",Office & Stationery,Premium brand,21.0308,20.0016,-0.04894,Decrease,Promotional reset,Priya Raghunathan,Approved,Sales manager,5
PC21010,2025-01-01,20105,"Filing Boxes - Premium brand, Master carton 48",Office & Stationery,Premium brand,20.0016,18.9096,-0.0546,Decrease,Promotional reset,Marcus Oyelaran,Approved,Sales manager,5
PC21011,2025-04-01,20105,"Filing Boxes - Premium brand, Master carton 48",Office & Stationery,Premium brand,18.9096,19.9014,0.05245,Increase,Annual review,Pricing team,Approved,Sales manager,1
PC21012,2025-07-01,20105,"Filing Boxes - Premium brand, Master carton 48",Office & Stationery,Premium brand,19.9014,21.112,0.06083,Increase,Competitive response,Dana Whitfield,Approved,Commercial director,5
PC21013,2025-10-01,20105,"Filing Boxes - Premium brand, Master carton 48",Office & Stationery,Premium brand,21.112,20.567,-0.02581,Decrease,Annual review,Pricing team,Approved,Sales manager,4
PC21014,2026-01-01,20105,"Filing Boxes - Premium brand, Master carton 48",Office & Stationery,Premium brand,20.567,19.696,-0.04235,Decrease,Market correction,Rowan Achterberg,Approved,Sales manager,2
PC21015,2026-04-01,20105,"Filing Boxes - Premium brand, Master carton 48",Office & Stationery,Premium brand,19.696,20.3704,0.03424,Increase,Cost pass-through,Pricing team,Approved,Sales manager,4
PC21016,2023-08-01,20106,"Blender - Value, Each",Home & Kitchen,Value,19.5285,18.706,-0.04212,Decrease,Market correction,Nikita Petrenko,Rejected,Sales manager,1
PC21017,2023-11-01,20106,"Blender - Value, Each",Home & Kitchen,Value,18.706,17.3093,-0.07467,Decrease,Promotional reset,Bea Okonkwo,Approved,Commercial director,2
PC21018,2024-02-01,20106,"Blender - Value, Each",Home & Kitchen,Value,17.3093,17.6012,0.01686,Increase,Cost pass-through,Pricing team,Auto-approved,None,0
PC21019,2024-05-01,20106,"Blender - Value, Each",Home & Kitchen,Value,17.6012,18.4115,0.04604,Increase,Cost pass-through,Pricing team,Approved,Sales manager,3
PC21020,2024-08-01,20106,"Blender - Value, Each",Home & Kitchen,Value,18.4115,18.7651,0.01921,Increase,Competitive response,Tom Beauchemin,Approved,Sales manager,1
PC21021,2024-11-01,20106,"Blender - Value, Each",Home & Kitchen,Value,18.7651,19.1201,0.01892,Increase,Cost pass-through,Pricing team,Auto-approved,None,0
PC21022,2025-02-01,20106,"Blender - Value, Each",Home & Kitchen,Value,19.1201,17.368,-0.09164,Decrease,Promotional reset,Rowan Achterberg,Approved,Commercial director,5
PC21023,2025-05-01,20106,"Blender - Value, Each",Home & Kitchen,Value,17.368,18.5962,0.07072,Increase,Cost pass-through,Pricing team,Approved,Commercial director,2
PC21024,2025-08-01,20106,"Blender - Value, Each",Home & Kitchen,Value,18.5962,18.0493,-0.02941,Decrease,Customer negotiation,Simone Delacroix,Approved,Sales manager,1
PC21025,2025-11-01,20106,"Blender - Value, Each",Home & Kitchen,Value,18.0493,15.7321,-0.12838,Decrease,Promotional reset,Simone Delacroix,Approved,Commercial director,2
PC21026,2026-02-01,20106,"Blender - Value, Each",Home & Kitchen,Value,15.7321,17.7044,0.12537,Increase,Customer negotiation,Alix Fontaine,Approved,Commercial director,3
PC21027,2026-05-01,20106,"Blender - Value, Each",Home & Kitchen,Value,17.7044,18.4076,0.03972,Increase,Cost pass-through,Pricing team,Approved,Sales manager,5
PC21028,2023-10-01,20107,"Laminator - National brand, Case 24",Office & Stationery,National brand,13.0101,12.7542,-0.01967,Decrease,Market correction,Jonah Stavrides,Approved,Sales manager,6
PC21029,2024-01-01,20107,"Laminator - National brand, Case 24",Office & Stationery,National brand,12.7542,12.8101,0.00438,Increase,Cost pass-through,Pricing team,Auto-approved,None,0
PC21030,2024-04-01,20107,"Laminator - National brand, Case 24",Office & Stationery,National brand,12.8101,13.1558,0.02699,Increase,Promotional reset,Hollis Marchetti,Approved,Sales manager,1
PC21031,2024-07-01,20107,"Laminator - National brand, Case 24",Office & Stationery,National brand,13.1558,14.1144,0.07287,Increase,Cost pass-through,Pricing team,Approved,Commercial director,7
PC21032,2024-10-01,20107,"Laminator - National brand, Case 24",Office & Stationery,National brand,14.1144,13.3805,-0.052,Decrease,Market correction,Dana Whitfield,Approved,Sales manager,2
PC21033,2025-01-01,20107,"Laminator - National brand, Case 24",Office & Stationery,National brand,13.3805,12.6657,-0.05342,Decrease,Customer negotiation,Hollis Marchetti,Approved,Sales manager,1
PC21034,2025-04-01,20107,"Laminator - National brand, Case 24",Office & Stationery,National brand,12.6657,13.3605,0.05486,Increase,Competitive response,Hollis Marchetti,Approved,Sales manager,2
PC21035,2025-07-01,20107,"Laminator - National brand, Case 24",Office & Stationery,National brand,13.3605,13.5413,0.01353,Increase,Annual review,Pricing team,Auto-approved,None,0
PC21036,2025-10-01,20107,"Laminator - National brand, Case 24",Office & Stationery,National brand,13.5413,13.573,0.00234,Increase,Cost pass-through,Pricing team,Auto-approved,None,0
PC21037,2026-01-01,20107,"Laminator - National brand, Case 24",Office & Stationery,National brand,13.573,13.8208,0.01826,Increase,Annual review,Pricing team,Auto-approved,None,0
PC21038,2026-04-01,20107,"Laminator - National brand, Case 24",Office & Stationery,National brand,13.8208,13.8831,0.00451,Increase,Promotional reset,Priya Raghunathan,Approved,Sales manager,1
PC21039,2023-08-01,20108,"Sunscreen SPF50 - Private label, Inner pack 6",Health & Beauty,Private label,23.8225,22.4113,-0.05924,Decrease,Market correction,Jonah Stavrides,Approved,Sales manager,3
PC21040,2024-02-01,20108,"Sunscreen SPF50 - Private label, Inner pack 6",Health & Beauty,Private label,22.4113,22.1484,-0.01173,Decrease,Market correction,Bea Okonkwo,Approved,Sales manager,8
PC21041,2024-08-01,20108,"Sunscreen SPF50 - Private label, Inner pack 6",Health & Beauty,Private label,22.1484,22.2374,0.00402,Increase,Annual review,Pricing team,Auto-approved,None,0
PC21042,2025-02-01,20108,"Sunscreen SPF50 - Private label, Inner pack 6",Health & Beauty,Private label,22.2374,23.2044,0.04349,Increase,Annual review,Pricing team,Approved,Sales manager,1
PC21043,2025-08-01,20108,"Sunscreen SPF50 - Private label, Inner pack 6",Health & Beauty,Private label,23.2044,21.7702,-0.06181,Decrease,Market correction,Rowan Achterberg,Approved,Commercial director,2
PC21044,2026-02-01,20108,"Sunscreen SPF50 - Private label, Inner pack 6",Health & Beauty,Private label,21.7702,24.8228,0.14022,Increase,Competitive response,Bea Okonkwo,Approved,Commercial director,5
PC21045,2023-10-01,20109,"Adjustable Dumbbells - Private label, Master carton 48",Sporting Goods,Private label,39.5461,43.9051,0.11023,Increase,Cost pass-through,Pricing team,Pending,Commercial director,6
PC21046,2024-01-01,20109,"Adjustable Dumbbells - Private label, Master carton 48",Sporting Goods,Private label,43.9051,44.6823,0.0177,Increase,Competitive response,Nikita Petrenko,Approved,Sales manager,3
PC21047,2024-04-01,20109,"Adjustable Dumbbells - Private label, Master carton 48",Sporting Goods,Private label,44.6823,44.9227,0.00538,Increase,Annual review,Pricing team,Auto-approved,None,0
PC21048,2024-07-01,20109,"Adjustable Dumbbells - Private label, Master carton 48",Sporting Goods,Private label,44.9227,50.3455,0.12071,Increase,Annual review,Pricing team,Approved,Commercial director,1
PC21049,2024-10-01,20109,"Adjustable Dumbbells - Private label, Master carton 48",Sporting Goods,Private label,50.3455,48.1751,-0.04311,Decrease,Market correction,Bea Okonkwo,Approved,Sales manager,30
PC21050,2025-01-01,20109,"Adjustable Dumbbells - Private label, Master carton 48",Sporting Goods,Private label,48.1751,49.9207,0.03623,Increase,Cost pass-through,Pricing team,Approved,Sales manager,3
PC21051,2025-04-01,20109,"Adjustable Dumbbells - Private label, Master carton 48",Sporting Goods,Private label,49.9207,52.2949,0.04756,Increase,Market correction,Priya Raghunathan,Approved,Sales manager,1
PC21052,2025-07-01,20109,"Adjustable Dumbbells - Private label, Master carton 48",Sporting Goods,Private label,52.2949,53.0544,0.01452,Increase,Cost pass-through,Pricing team,Auto-approved,None,0
PC21053,2025-10-01,20109,"Adjustable Dumbbells - Private label, Master carton 48",Sporting Goods,Private label,53.0544,52.8798,-0.00329,Decrease,Customer negotiation,Tom Beauchemin,Approved,Sales manager,3
PC21054,2026-01-01,20109,"Adjustable Dumbbells - Private label, Master carton 48",Sporting Goods,Private label,52.8798,55.4201,0.04804,Increase,Cost pass-through,Pricing team,Approved,Sales manager,1
PC21055,2026-04-01,20109,"Adjustable Dumbbells - Private label, Master carton 48",Sporting Goods,Private label,55.4201,53.6214,-0.03246,Decrease,Promotional reset,Jonah Stavrides,Approved,Sales manager,7
PC21056,2023-09-01,20110,"Air Fryer - Value, Each",Home & Kitchen,Value,35.5497,34.9196,-0.01772,Decrease,Competitive response,Nikita Petrenko,Approved,Sales manager,9
PC21057,2023-12-01,20110,"Air Fryer - Value, Each",Home & Kitchen,Value,34.9196,35.5857,0.01908,Increase,Market correction,Marcus Oyelaran,Approved,Sales manager,3
PC21058,2024-03-01,20110,"Air Fryer - Value, Each",Home & Kitchen,Value,35.5857,39.5346,0.11097,Increase,Market correction,Tom Beauchemin,Approved,Commercial director,3
PC21059,2024-06-01,20110,"Air Fryer - Value, Each",Home & Kitchen,Value,39.5346,39.5776,0.00109,Increase,Competitive response,Dana Whitfield,Approved,Sales manager,4
PC21060,2024-09-01,20110,"Air Fryer - Value, Each",Home & Kitchen,Value,39.5776,43.8421,0.10775,Increase,Market correction,Jonah Stavrides,Approved,Commercial director,1
PC21061,2024-12-01,20110,"Air Fryer - Value, Each",Home & Kitchen,Value,43.8421,41.2223,-0.05976,Decrease,Competitive response,Bea Okonkwo,Approved,Sales manager,1
PC21062,2025-03-01,20110,"Air Fryer - Value, Each",Home & Kitchen,Value,41.2223,44.3831,0.07668,Increase,Cost pass-through,Pricing team,Approved,Commercial director,3
PC21063,2025-06-01,20110,"Air Fryer - Value, Each",Home & Kitchen,Value,44.3831,45.1149,0.01649,Increase,Cost pass-through,Pricing team,Auto-approved,None,0
PC21064,2025-09-01,20110,"Air Fryer - Value, Each",Home & Kitchen,Value,45.1149,44.8879,-0.00503,Decrease,Market correction,Marcus Oyelaran,Approved,Sales manager,2
PC21065,2025-12-01,20110,"Air Fryer - Value, Each",Home & Kitchen,Value,44.8879,45.9571,0.02382,Increase,Cost pass-through,Pricing team,Approved,Sales manager,2
PC21066,2026-03-01,20110,"Air Fryer - Value, Each",Home & Kitchen,Value,45.9571,48.0526,0.0456,Increase,Annual review,Pricing team,Approved,Sales manager,2
PC21067,2026-06-01,20110,"Air Fryer - Value, Each",Home & Kitchen,Value,48.0526,47.4699,-0.01213,Decrease,Market correction,Bea Okonkwo,Approved,Sales manager,1
PC21068,2023-09-01,20111,"Vacuum Sealer - Value, Bulk pallet 144",Home & Kitchen,Value,25.2497,23.9075,-0.05316,Decrease,Customer negotiation,Nikita Petrenko,Approved,Sales manager,1
PC21069,2023-12-01,20111,"Vacuum Sealer - Value, Bulk pallet 144",Home & Kitchen,Value,23.9075,21.6502,-0.09442,Decrease,Market correction,Priya Raghunathan,Approved,Commercial director,3
PC21070,2024-03-01,20111,"Vacuum Sealer - Value, Bulk pallet 144",Home & Kitchen,Value,21.6502,23.8412,0.1012,Increase,Customer negotiation,Bea Okonkwo,Approved,Commercial director,3
PC21071,2024-06-01,20111,"Vacuum Sealer - Value, Bulk pallet 144",Home & Kitchen,Value,23.8412,24.2542,0.01732,Increase,Annual review,Pricing team,Auto-approved,None,0
PC21072,2024-09-01,20111,"Vacuum Sealer - Value, Bulk pallet 144",Home & Kitchen,Value,24.2542,25.1953,0.0388,Increase,Competitive response,Nikita Petrenko,Rejected,Sales manager,4
PC21073,2024-12-01,20111,"Vacuum Sealer - Value, Bulk pallet 144",Home & Kitchen,Value,25.1953,23.2689,-0.07646,Decrease,Customer negotiation,Hollis Marchetti,Rejected,Commercial director,2
PC21074,2025-03-01,20111,"Vacuum Sealer - Value, Bulk pallet 144",Home & Kitchen,Value,23.2689,25.0139,0.07499,Increase,Cost pass-through,Pricing team,Approved,Commercial director,5
PC21075,2025-06-01,20111,"Vacuum Sealer - Value, Bulk pallet 144",Home & Kitchen,Value,25.0139,24.2445,-0.03076,Decrease,Customer negotiation,Yusuf Kandemir,Approved,Sales manager,5
PC21076,2025-09-01,20111,"Vacuum Sealer - Value, Bulk pallet 144",Home & Kitchen,Value,24.2445,22.3967,-0.07622,Decrease,Competitive response,Rowan Achterberg,Approved,Commercial director,6
PC21077,2025-12-01,20111,"Vacuum Sealer - Value, Bulk pallet 144",Home & Kitchen,Value,22.3967,21.5763,-0.03663,Decrease,Cost pass-through,Pricing team,Approved,Sales manager,2
PC21078,2026-03-01,20111,"Vacuum Sealer - Value, Bulk pallet 144",Home & Kitchen,Value,21.5763,22.7915,0.05632,Increase,Competitive response,Simone Delacroix,Approved,Sales manager,11
PC21079,2026-06-01,20111,"Vacuum Sealer - Value, Bulk pallet 144",Home & Kitchen,Value,22.7915,23.1789,0.017,Increase,Market correction,Jonah Stavrides,Approved,Sales manager,4
PC21080,2023-10-01,20113,"Electric Toothbrush - National brand, Case 24",Health & Beauty,National brand,32.1303,31.3339,-0.02479,Decrease,Annual review,Pricing team,Pending,Sales manager,3
PC21081,2024-01-01,20113,"Electric Toothbrush - National brand, Case 24",Health & Beauty,National brand,31.3339,31.299,-0.00111,Decrease,Market correction,Nikita Petrenko,Approved,Sales manager,1
PC21082,2024-04-01,20113,"Electric Toothbrush - National brand, Case 24",Health & Beauty,National brand,31.299,31.3856,0.00277,Increase,Annual review,Pricing team,Auto-approved,None,0
PC21083,2024-07-01,20113,"Electric Toothbrush - National brand, Case 24",Health & Beauty,National brand,31.3856,30.3248,-0.0338,Decrease,Customer negotiation,Tom Beauchemin,Approved,Sales manager,2
PC21084,2024-10-01,20113,"Electric Toothbrush - National brand, Case 24",Health & Beauty,National brand,30.3248,31.5273,0.03965,Increase,Cost pass-through,Pricing team,Approved,Sales manager,1
PC21085,2025-01-01,20113,"Electric Toothbrush - National brand, Case 24",Health & Beauty,National brand,31.5273,29.9486,-0.05007,Decrease,Market correction,Nikita Petrenko,Approved,Sales manager,2
PC21086,2025-04-01,20113,"Electric Toothbrush - National brand, Case 24",Health & Beauty,National brand,29.9486,30.351,0.01344,Increase,Cost pass-through,Pricing team,Auto-approved,None,0
PC21087,2025-07-01,20113,"Electric Toothbrush - National brand, Case 24",Health & Beauty,National brand,30.351,29.5025,-0.02796,Decrease,Market correction,Tom Beauchemin,Approved,Sales manager,4
PC21088,2025-10-01,20113,"Electric Toothbrush - National brand, Case 24",Health & Beauty,National brand,29.5025,30.1802,0.02297,Increase,Market correction,Rowan Achterberg,Approved,Sales manager,5
PC21089,2026-01-01,20113,"Electric Toothbrush - National brand, Case 24",Health & Beauty,National brand,30.1802,26.9911,-0.10567,Decrease,Competitive response,Alix Fontaine,Approved,Commercial director,8
PC21090,2026-04-01,20113,"Electric Toothbrush - National brand, Case 24",Health & Beauty,National brand,26.9911,27.0835,0.00342,Increase,Market correction,Priya Raghunathan,Approved,Sales manager,1
PC21091,2023-08-01,20114,"Pet Bed - Private label, Case 12",Pet Supplies,Private label,31.2219,30.2163,-0.03221,Decrease,Competitive response,Simone Delacroix,Approved,Sales manager,14
PC21092,2023-11-01,20114,"Pet Bed - Private label, Case 12",Pet Supplies,Private label,30.2163,30.4449,0.00757,Increase,Cost pass-through,Pricing team,Auto-approved,None,0
PC21093,2024-02-01,20114,"Pet Bed - Private label, Case 12",Pet Supplies,Private label,30.4449,29.5783,-0.02846,Decrease,Customer negotiation,Dana Whitfield,Approved,Sales manager,4
PC21094,2024-05-01,20114,"Pet Bed - Private label, Case 12",Pet Supplies,Private label,29.5783,31.6346,0.06952,Increase,Cost pass-through,Pricing team,Pending,Commercial director,2
PC21095,2024-08-01,20114,"Pet Bed - Private label, Case 12",Pet Supplies,Private label,31.6346,31.8496,0.0068,Increase,Cost pass-through,Pricing team,Auto-approved,None,0
PC21096,2024-11-01,20114,"Pet Bed - Private label, Case 12",Pet Supplies,Private label,31.8496,31.3965,-0.01423,Decrease,Promotional reset,Jonah Stavrides,Approved,Sales manager,3
PC21097,2025-02-01,20114,"Pet Bed - Private label, Case 12",Pet Supplies,Private label,31.3965,29.3542,-0.06505,Decrease,Market correction,Priya Raghunathan,Approved,Commercial director,5
PC21098,2025-05-01,20114,"Pet Bed - Private label, Case 12",Pet Supplies,Private label,29.3542,30.5246,0.03987,Increase,Market correction,Jonah Stavrides,Approved,Sales manager,2
PC21099,2025-08-01,20114,"Pet Bed - Private label, Case 12",Pet Supplies,Private label,30.5246,28.9396,-0.05193,Decrease,Market correction,Marcus Oyelaran,Approved,Sales manager,4
PC21100,2025-11-01,20114,"Pet Bed - Private label, Case 12",Pet Supplies,Private label,28.9396,27.7007,-0.04281,Decrease,Customer negotiation,Priya Raghunathan,Pending,Sales manager,6
PC21101,2026-02-01,20114,"Pet Bed - Private label, Case 12",Pet Supplies,Private label,27.7007,27.8478,0.00531,Increase,Market correction,Simone Delacroix,Approved,Sales manager,1
PC21102,2026-05-01,20114,"Pet Bed - Private label, Case 12",Pet Supplies,Private label,27.8478,28.5831,0.0264,Increase,Market correction,Marcus Oyelaran,Pending,Sales manager,12
PC21103,2023-09-01,20115,"Cotton T-Shirt 5pk - National brand, Each",Apparel & Accessories,National brand,29.6002,31.7835,0.07376,Increase,Market correction,Yusuf Kandemir,Approved,Commercial director,2
PC21104,2023-12-01,20115,"Cotton T-Shirt 5pk - National brand, Each",Apparel & Accessories,National brand,31.7835,28.8635,-0.09187,Decrease,Customer negotiation,Rowan Achterberg,Approved,Commercial director,2
PC21105,2024-03-01,20115,"Cotton T-Shirt 5pk - National brand, Each",Apparel & Accessories,National brand,28.8635,28.305,-0.01935,Decrease,Customer negotiation,Hollis Marchetti,Rejected,Sales manager,9
PC21106,2024-06-01,20115,"Cotton T-Shirt 5pk - National brand, Each",Apparel & Accessories,National brand,28.305,29.9036,0.05648,Increase,Annual review,Pricing team,Approved,Sales manager,3
PC21107,2024-09-01,20115,"Cotton T-Shirt 5pk - National brand, Each",Apparel & Accessories,National brand,29.9036,30.2933,0.01303,Increase,Cost pass-through,Pricing team,Auto-approved,None,0
PC21108,2024-12-01,20115,"Cotton T-Shirt 5pk - National brand, Each",Apparel & Accessories,National brand,30.2933,27.5191,-0.09158,Decrease,Competitive response,Alix Fontaine,Approved,Commercial director,2
PC21109,2025-03-01,20115,"Cotton T-Shirt 5pk - National brand, Each",Apparel & Accessories,National brand,27.5191,25.9396,-0.0574,Decrease,Customer negotiation,Alix Fontaine,Approved,Sales manager,1
PC21110,2025-06-01,20115,"Cotton T-Shirt 5pk - National brand, Each",Apparel & Accessories,National brand,25.9396,27.7485,0.06974,Increase,Cost pass-through,Pricing team,Approved,Commercial director,2
PC21111,2025-09-01,20115,"Cotton T-Shirt 5pk - National brand, Each",Apparel & Accessories,National brand,27.7485,29.4694,0.06202,Increase,Cost pass-through,Pricing team,Approved,Commercial director,5
PC21112,2025-12-01,20115,"Cotton T-Shirt 5pk - National brand, Each",Apparel & Accessories,National brand,29.4694,28.0733,-0.04737,Decrease,Customer negotiation,Dana Whitfield,Approved,Sales manager,4
PC21113,2026-03-01,20115,"Cotton T-Shirt 5pk - National brand, Each",Apparel & Accessories,National brand,28.0733,26.6828,-0.04953,Decrease,Market correction,Bea Okonkwo,Approved,Sales manager,3
PC21114,2026-06-01,20115,"Cotton T-Shirt 5pk - National brand, Each",Apparel & Accessories,National brand,26.6828,26.6455,-0.0014,Decrease,Customer negotiation,Hollis Marchetti,Approved,Sales manager,5
PC21115,2023-09-01,20116,"Aquarium Filter - Premium brand, Master carton 48",Pet Supplies,Premium brand,28.2416,28.7323,0.01738,Increase,Cost pass-through,Pricing team,Auto-approved,None,0
PC21116,2023-12-01,20116,"Aquarium Filter - Premium brand, Master carton 48",Pet Supplies,Premium brand,28.7323,29.8373,0.03846,Increase,Customer negotiation,Marcus Oyelaran,Approved,Sales manager,10
PC21117,2024-03-01,20116,"Aquarium Filter - Premium brand, Master carton 48",Pet Supplies,Premium brand,29.8373,31.7494,0.06408,Increase,Market correction,Marcus Oyelaran,Approved,Commercial director,18
PC21118,2024-06-01,20116,"Aquarium Filter - Premium brand, Master carton 48",Pet Supplies,Premium brand,31.7494,32.9263,0.03707,Increase,Competitive response,Hollis Marchetti,Approved,Sales manager,6
PC21119,2024-09-01,20116,"Aquarium Filter - Premium brand, Master carton 48",Pet Supplies,Premium brand,32.9263,35.0074,0.0632,Increase,Annual review,Pricing team,Approved,Commercial director,3
PC21120,2024-12-01,20116,"Aquarium Filter - Premium brand, Master carton 48",Pet Supplies,Premium brand,35.0074,34.0941,-0.02609,Decrease,Customer negotiation,Simone Delacroix,Approved,Sales manager,1
PC21121,2025-03-01,20116,"Aquarium Filter - Premium brand, Master carton 48",Pet Supplies,Premium brand,34.0941,34.9843,0.02611,Increase,Cost pass-through,Pricing team,Approved,Sales manager,6
PC21122,2025-06-01,20116,"Aquarium Filter - Premium brand, Master carton 48",Pet Supplies,Premium brand,34.9843,37.6915,0.07738,Increase,Cost pass-through,Pricing team,Pending,Commercial director,8
PC21123,2025-09-01,20116,"Aquarium Filter - Premium brand, Master carton 48",Pet Supplies,Premium brand,37.6915,43.0887,0.14319,Increase,Market correction,Marcus Oyelaran,Approved,Commercial director,1
PC21124,2025-12-01,20116,"Aquarium Filter - Premium brand, Master carton 48",Pet Supplies,Premium brand,43.0887,42.4816,-0.01409,Decrease,Promotional reset,Simone Delacroix,Approved,Sales manager,9
PC21125,2026-03-01,20116,"Aquarium Filter - Premium brand, Master carton 48",Pet Supplies,Premium brand,42.4816,44.321,0.0433,Increase,Annual review,Pricing team,Approved,Sales manager,1
PC21126,2026-06-01,20116,"Aquarium Filter - Premium brand, Master carton 48",Pet Supplies,Premium brand,44.321,45.8931,0.03547,Increase,Competitive response,Dana Whitfield,Approved,Sales manager,1
PC21127,2023-09-01,20118,"Cycling Helmet - Value, Case 12",Sporting Goods,Value,43.6266,46.6333,0.06892,Increase,Cost pass-through,Pricing team,Approved,Commercial director,3
PC21128,2024-03-01,20118,"Cycling Helmet - Value, Case 12",Sporting Goods,Value,46.6333,48.0374,0.03011,Increase,Cost pass-through,Pricing team,Approved,Sales manager,3
PC21129,2024-09-01,20118,"Cycling Helmet - Value, Case 12",Sporting Goods,Value,48.0374,49.1928,0.02405,Increase,Cost pass-through,Pricing team,Pending,Sales manager,1
PC21130,2025-03-01,20118,"Cycling Helmet - Value, Case 12",Sporting Goods,Value,49.1928,47.0546,-0.04347,Decrease,Annual review,Pricing team,Approved,Sales manager,4
PC21131,2025-04-01,20118,"Cycling Helmet - Value, Case 12",Sporting Goods,Value,47.0546,66.3756,0.41061,Increase,Competitive response,Rowan Achterberg,Rejected,Commercial director,1
PC21132,2025-09-01,20118,"Cycling Helmet - Value, Case 12",Sporting Goods,Value,66.3756,63.3101,-0.04618,Decrease,Customer negotiation,Yusuf Kandemir,Approved,Sales manager,2
PC21133,2026-03-01,20118,"Cycling Helmet - Value, Case 12",Sporting Goods,Value,63.3101,67.6031,0.06781,Increase,Cost pass-through,Pricing team,Approved,Commercial director,2
PC21134,2023-10-01,20119,"Hair Dryer - National brand, Bulk pallet 144",Health & Beauty,National brand,14.978,15.2171,0.01596,Increase,Cost pass-through,Pricing team,Auto-approved,None,0
PC21135,2024-01-01,20119,"Hair Dryer - National brand, Bulk pallet 144",Health & Beauty,National brand,15.2171,16.0326,0.05359,Increase,Cost pass-through,Pricing team,Rejected,Sales manager,1
PC21136,2024-04-01,20119,"Hair Dryer - National brand, Bulk pallet 144",Health & Beauty,National brand,16.0326,15.0526,-0.06113,Decrease,Market correction,Alix Fontaine,Approved,Commercial director,2
PC21137,2024-07-01,20119,"Hair Dryer - National brand, Bulk pallet 144",Health & Beauty,National brand,15.0526,15.6258,0.03808,Increase,Cost pass-through,Pricing team,Approved,Sales manager,1
PC21138,2024-10-01,20119,"Hair Dryer - National brand, Bulk pallet 144",Health & Beauty,National brand,15.6258,15.989,0.02324,Increase,Cost pass-through,Pricing team,Approved,Sales manager,10
PC21139,2025-01-01,20119,"Hair Dryer - National brand, Bulk pallet 144",Health & Beauty,National brand,15.989,16.786,0.04985,Increase,Cost pass-through,Pricing team,Approved,Sales manager,1
PC21140,2025-04-01,20119,"Hair Dryer - National brand, Bulk pallet 144",Health & Beauty,National brand,16.786,15.6775,-0.06604,Decrease,Competitive response,Bea Okonkwo,Pending,Commercial director,1
PC21141,2025-07-01,20119,"Hair Dryer - National brand, Bulk pallet 144",Health & Beauty,National brand,15.6775,15.218,-0.02931,Decrease,Market correction,Rowan Achterberg,Pending,Sales manager,1
PC21142,2025-10-01,20119,"Hair Dryer - National brand, Bulk pallet 144",Health & Beauty,National brand,15.218,14.5244,-0.04558,Decrease,Competitive response,Simone Delacroix,Approved,Sales manager,5
PC21143,2026-01-01,20119,"Hair Dryer - National brand, Bulk pallet 144",Health & Beauty,National brand,14.5244,15.4657,0.06481,Increase,Cost pass-through,Pricing team,Approved,Commercial director,1
PC21144,2026-04-01,20119,"Hair Dryer - National brand, Bulk pallet 144",Health & Beauty,National brand,15.4657,16.7232,0.08131,Increase,Market correction,Nikita Petrenko,Approved,Commercial director,1
PC21145,2023-09-01,20120,"Sunscreen SPF50 - Value, Bulk pallet 144",Health & Beauty,Value,8.9079,8.7624,-0.01633,Decrease,Competitive response,Nikita Petrenko,Approved,Sales manager,1
PC21146,2023-12-01,20120,"Sunscreen SPF50 - Value, Bulk pallet 144",Health & Beauty,Value,8.7624,8.769,0.00075,Increase,Annual review,Pricing team,Auto-approved,None,0
PC21147,2024-03-01,20120,"Sunscreen SPF50 - Value, Bulk pallet 144",Health & Beauty,Value,8.769,8.4405,-0.03746,Decrease,Market correction,Hollis Marchetti,Approved,Sales manager,5
PC21148,2024-06-01,20120,"Sunscreen SPF50 - Value, Bulk pallet 144",Health & Beauty,Value,8.4405,8.4093,-0.0037,Decrease,Market correction,Marcus Oyelaran,Approved,Sales manager,11
PC21149,2024-09-01,20120,"Sunscreen SPF50 - Value, Bulk pallet 144",Health & Beauty,Value,8.4093,8.5276,0.01407,Increase,Cost pass-through,Pricing team,Auto-approved,None,0
PC21150,2024-12-01,20120,"Sunscreen SPF50 - Value, Bulk pallet 144",Health & Beauty,Value,8.5276,8.2863,-0.0283,Decrease,Promotional reset,Yusuf Kandemir,Approved,Sales manager,5
PC21151,2025-03-01,20120,"Sunscreen SPF50 - Value, Bulk pallet 144",Health & Beauty,Value,8.2863,8.0941,-0.02319,Decrease,Market correction,Tom Beauchemin,Approved,Sales manager,2
PC21152,2025-06-01,20120,"Sunscreen SPF50 - Value, Bulk pallet 144",Health & Beauty,Value,8.0941,8.451,0.04409,Increase,Cost pass-through,Pricing team,Approved,Sales manager,3
PC21153,2025-09-01,20120,"Sunscreen SPF50 - Value, Bulk pallet 144",Health & Beauty,Value,8.451,8.0316,-0.04963,Decrease,Customer negotiation,Jonah Stavrides,Rejected,Sales manager,2
PC21154,2025-12-01,20120,"Sunscreen SPF50 - Value, Bulk pallet 144",Health & Beauty,Value,8.0316,9.3132,0.15957,Increase,Customer negotiation,Yusuf Kandemir,Approved,Commercial director,3
PC21155,2026-03-01,20120,"Sunscreen SPF50 - Value, Bulk pallet 144",Health & Beauty,Value,9.3132,9.5819,0.02885,Increase,Market correction,Jonah Stavrides,Approved,Sales manager,1
PC21156,2026-06-01,20120,"Sunscreen SPF50 - Value, Bulk pallet 144",Health & Beauty,Value,9.5819,10.2924,0.07415,Increase,Competitive response,Nikita Petrenko,Approved,Commercial director,1
PC21157,2023-09-01,20121,"Bluetooth Speaker - Value, Bulk pallet 144",Consumer Electronics,Value,30.2917,32.5937,0.07599,Increase,Annual review,Pricing team,Rejected,Commercial director,5
PC21158,2023-12-01,20121,"Bluetooth Speaker - Value, Bulk pallet 144",Consumer Electronics,Value,32.5937,29.9395,-0.08143,Decrease,Competitive response,Rowan Achterberg,Approved,Commercial director,1
PC21159,2024-03-01,20121,"Bluetooth Speaker - Value, Bulk pallet 144",Consumer Electronics,Value,29.9395,27.288,-0.08856,Decrease,Market correction,Bea Okonkwo,Rejected,Commercial director,2
PC21160,2024-06-01,20121,"Bluetooth Speaker - Value, Bulk pallet 144",Consumer Electronics,Value,27.288,26.6547,-0.02321,Decrease,Competitive response,Simone Delacroix,Approved,Sales manager,4
PC21161,2024-09-01,20121,"Bluetooth Speaker - Value, Bulk pallet 144",Consumer Electronics,Value,26.6547,26.2483,-0.01525,Decrease,Promotional reset,Hollis Marchetti,Approved,Sales manager,2
PC21162,2024-12-01,20121,"Bluetooth Speaker - Value, Bulk pallet 144",Consumer Electronics,Value,26.2483,27.9719,0.06567,Increase,Cost pass-through,Pricing team,Approved,Commercial director,1
PC21163,2025-03-01,20121,"Bluetooth Speaker - Value, Bulk pallet 144",Consumer Electronics,Value,27.9719,25.5757,-0.08566,Decrease,Annual review,Pricing team,Approved,Commercial director,4
PC21164,2025-06-01,20121,"Bluetooth Speaker - Value, Bulk pallet 144",Consumer Electronics,Value,25.5757,24.6632,-0.03568,Decrease,Competitive response,Priya Raghunathan,Approved,Sales manager,1
PC21165,2025-09-01,20121,"Bluetooth Speaker - Value, Bulk pallet 144",Consumer Electronics,Value,24.6632,26.1622,0.06078,Increase,Competitive response,Bea Okonkwo,Pending,Commercial director,13
PC21166,2025-12-01,20121,"Bluetooth Speaker - Value, Bulk pallet 144",Consumer Electronics,Value,26.1622,24.0764,-0.07973,Decrease,Competitive response,Hollis Marchetti,Approved,Commercial director,5
PC21167,2026-03-01,20121,"Bluetooth Speaker - Value, Bulk pallet 144",Consumer Electronics,Value,24.0764,23.7027,-0.01552,Decrease,Competitive response,Nikita Petrenko,Approved,Sales manager,3
PC21168,2026-06-01,20121,"Bluetooth Speaker - Value, Bulk pallet 144",Consumer Electronics,Value,23.7027,22.1208,-0.06674,Decrease,Cost pass-through,Pricing team,Approved,Commercial director,9
PC21169,2023-08-01,20122,"Body Wash - National brand, Bulk pallet 144",Health & Beauty,National brand,28.5383,28.9157,0.01322,Increase,Market correction,Yusuf Kandemir,Approved,Sales manager,2
PC21170,2024-02-01,20122,"Body Wash - National brand, Bulk pallet 144",Health & Beauty,National brand,28.9157,28.9429,0.00094,Increase,Cost pass-through,Pricing team,Auto-approved,None,0
PC21171,2024-08-01,20122,"Body Wash - National brand, Bulk pallet 144",Health & Beauty,National brand,28.9429,30.7373,0.062,Increase,Annual review,Pricing team,Pending,Commercial director,1
PC21172,2025-02-01,20122,"Body Wash - National brand, Bulk pallet 144",Health & Beauty,National brand,30.7373,30.3051,-0.01406,Decrease,Market correction,Tom Beauchemin,Approved,Sales manager,7
PC21173,2025-08-01,20122,"Body Wash - National brand, Bulk pallet 144",Health & Beauty,National brand,30.3051,32.1107,0.05958,Increase,Cost pass-through,Pricing team,Approved,Sales manager,1
PC21174,2026-02-01,20122,"Body Wash - National brand, Bulk pallet 144",Health & Beauty,National brand,32.1107,34.14,0.0632,Increase,Competitive response,Nikita Petrenko,Approved,Commercial director,1
PC21175,2023-10-01,20123,"Grooming Kit - National brand, Case 24",Pet Supplies,National brand,18.0736,17.193,-0.04872,Decrease,Competitive response,Tom Beauchemin,Approved,Sales manager,2
PC21176,2024-01-01,20123,"Grooming Kit - National brand, Case 24",Pet Supplies,National brand,17.193,17.522,0.01914,Increase,Cost pass-through,Pricing team,Auto-approved,None,0
PC21177,2024-04-01,20123,"Grooming Kit - National brand, Case 24",Pet Supplies,National brand,17.522,18.1502,0.03585,Increase,Competitive response,Jonah Stavrides,Approved,Sales manager,5
PC21178,2024-07-01,20123,"Grooming Kit - National brand, Case 24",Pet Supplies,National brand,18.1502,18.2881,0.0076,Increase,Annual review,Pricing team,Auto-approved,None,0
PC21179,2024-10-01,20123,"Grooming Kit - National brand, Case 24",Pet Supplies,National brand,18.2881,18.5015,0.01167,Increase,Cost pass-through,Pricing team,Auto-approved,None,0
PC21180,2025-01-01,20123,"Grooming Kit - National brand, Case 24",Pet Supplies,National brand,18.5015,18.671,0.00916,Increase,Promotional reset,Rowan Achterberg,Approved,Sales manager,4
PC21181,2025-04-01,20123,"Grooming Kit - National brand, Case 24",Pet Supplies,National brand,18.671,18.7356,0.00346,Increase,Annual review,Pricing team,Auto-approved,None,0
PC21182,2025-07-01,20123,"Grooming Kit - National brand, Case 24",Pet Supplies,National brand,18.7356,19.7538,0.05435,Increase,Annual review,Pricing team,Approved,Sales manager,1
PC21183,2025-10-01,20123,"Grooming Kit - National brand, Case 24",Pet Supplies,National brand,19.7538,19.0182,-0.03724,Decrease,Cost pass-through,Pricing team,Approved,Sales manager,4
PC21184,2026-01-01,20123,"Grooming Kit - National brand, Case 24",Pet Supplies,National brand,19.0182,18.8468,-0.00901,Decrease,Promotional reset,Alix Fontaine,Approved,Sales manager,1
PC21185,2026-04-01,20123,"Grooming Kit - National brand, Case 24",Pet Supplies,National brand,18.8468,19.4687,0.033,Increase,Cost pass-through,Pricing team,Approved,Sales manager,1
PC21186,2023-09-01,20124,"Socket Set - Value, Each",Tools & Hardware,Value,52.4151,47.617,-0.09154,Decrease,Customer negotiation,Priya Raghunathan,Approved,Commercial director,3
PC21187,2023-12-01,20124,"Socket Set - Value, Each",Tools & Hardware,Value,47.617,50.5297,0.06117,Increase,Promotional reset,Nikita Petrenko,Approved,Commercial director,1
PC21188,2024-03-01,20124,"Socket Set - Value, Each",Tools & Hardware,Value,50.5297,49.9571,-0.01133,Decrease,Competitive response,Bea Okonkwo,Pending,Sales manager,8
PC21189,2024-06-01,20124,"Socket Set - Value, Each",Tools & Hardware,Value,49.9571,45.3532,-0.09216,Decrease,Market correction,Alix Fontaine,Approved,Commercial director,3
PC21190,2024-09-01,20124,"Socket Set - Value, Each",Tools & Hardware,Value,45.3532,42.6475,-0.05966,Decrease,Competitive response,Jonah Stavrides,Approved,Sales manager,7
PC21191,2024-12-01,20124,"Socket Set - Value, Each",Tools & Hardware,Value,42.6475,41.4564,-0.02793,Decrease,Market correction,Simone Delacroix,Rejected,Sales manager,2
PC21192,2025-03-01,20124,"Socket Set - Value, Each",Tools & Hardware,Value,41.4564,42.7523,0.03126,Increase,Promotional reset,Tom Beauchemin,Approved,Sales manager,1
PC21193,2025-06-01,20124,"Socket Set - Value, Each",Tools & Hardware,Value,42.7523,42.7892,0.00086,Increase,Customer negotiation,Yusuf Kandemir,Approved,Sales manager,2
PC21194,2025-09-01,20124,"Socket Set - Value, Each",Tools & Hardware,Value,42.7892,40.9342,-0.04335,Decrease,Annual review,Pricing team,Approved,Sales manager,13
PC21195,2025-12-01,20124,"Socket Set - Value, Each",Tools & Hardware,Value,40.9342,42.6786,0.04261,Increase,Annual review,Pricing team,Rejected,Sales manager,5
PC21196,2026-03-01,20124,"Socket Set - Value, Each",Tools & Hardware,Value,42.6786,47.7098,0.11789,Increase,Cost pass-through,Pricing team,Approved,Commercial director,1
PC21197,2026-06-01,20124,"Socket Set - Value, Each",Tools & Hardware,Value,47.7098,46.1251,-0.03322,Decrease,Customer negotiation,Tom Beauchemin,Approved,Sales manager,6
PC21198,2023-08-01,20125,"Webcam - Private label, Inner pack 6",Consumer Electronics,Private label,72.4839,76.8718,0.06054,Increase,Market correction,Priya Raghunathan,Approved,Commercial director,7
PC21199,2023-09-01,20126,"Smart Plug - Value, Master carton 48",Consumer Electronics,Value,53.2852,55.4172,0.04001,Increase,Cost pass-through,Pricing team,Approved,Sales manager,10
PC21200,2024-03-01,20126,"Smart Plug - Value, Master carton 48",Consumer Electronics,Value,55.4172,49.9833,-0.09805,Decrease,Market correction,Dana Whitfield,Approved,Commercial director,5
PC21201,2024-09-01,20126,"Smart Plug - Value, Master carton 48",Consumer Electronics,Value,49.9833,46.6914,-0.06586,Decrease,Customer negotiation,Yusuf Kandemir,Approved,Commercial director,1
PC21202,2025-03-01,20126,"Smart Plug - Value, Master carton 48",Consumer Electronics,Value,46.6914,49.3111,0.05611,Increase,Customer negotiation,Priya Raghunathan,Approved,Sales manager,4
PC21203,2025-09-01,20126,"Smart Plug - Value, Master carton 48",Consumer Electronics,Value,49.3111,48.2561,-0.02139,Decrease,Cost pass-through,Pricing team,Approved,Sales manager,4
PC21204,2026-03-01,20126,"Smart Plug - Value, Master carton 48",Consumer Electronics,Value,48.2561,42.6607,-0.11595,Decrease,Competitive response,Priya Raghunathan,Approved,Commercial director,2
PC21205,2023-09-01,20127,"Wireless Earbuds - Premium brand, Case 12",Consumer Electronics,Premium brand,50.8061,49.5221,-0.02527,Decrease,Customer negotiation,Hollis Marchetti,Pending,Sales manager,1
PC21206,2023-12-01,20127,"Wireless Earbuds - Premium brand, Case 12",Consumer Electronics,Premium brand,49.5221,47.6193,-0.03842,Decrease,Annual review,Pricing team,Rejected,Sales manager,1
PC21207,2024-03-01,20127,"Wireless Earbuds - Premium brand, Case 12",Consumer Electronics,Premium brand,47.6193,42.3169,-0.11135,Decrease,Market correction,Tom Beauchemin,Rejected,Commercial director,1
PC21208,2024-06-01,20127,"Wireless Earbuds - Premium brand, Case 12",Consumer Electronics,Premium brand,42.3169,39.3336,-0.0705,Decrease,Competitive response,Simone Delacroix,Approved,Commercial director,7
PC21209,2024-09-01,20127,"Wireless Earbuds - Premium brand, Case 12",Consumer Electronics,Premium brand,39.3336,38.045,-0.03276,Decrease,Market correction,Hollis Marchetti,Approved,Sales manager,2
PC21210,2024-12-01,20127,"Wireless Earbuds - Premium brand, Case 12",Consumer Electronics,Premium brand,38.045,39.2007,0.03038,Increase,Cost pass-through,Pricing team,Pending,Sales manager,4
PC21211,2025-03-01,20127,"Wireless Earbuds - Premium brand, Case 12",Consumer Electronics,Premium brand,39.2007,36.378,-0.07201,Decrease,Promotional reset,Priya Raghunathan,Approved,Commercial director,2
PC21212,2025-06-01,20127,"Wireless Earbuds - Premium brand, Case 12",Consumer Electronics,Premium brand,36.378,33.2335,-0.08644,Decrease,Customer negotiation,Bea Okonkwo,Approved,Commercial director,3
PC21213,2025-09-01,20127,"Wireless Earbuds - Premium brand, Case 12",Consumer Electronics,Premium brand,33.2335,32.4741,-0.02285,Decrease,Cost pass-through,Pricing team,Approved,Sales manager,2
PC21214,2025-12-01,20127,"Wireless Earbuds - Premium brand, Case 12",Consumer Electronics,Premium brand,32.4741,31.3245,-0.0354,Decrease,Market correction,Hollis Marchetti,Approved,Sales manager,19
PC21215,2026-03-01,20127,"Wireless Earbuds - Premium brand, Case 12",Consumer Electronics,Premium brand,31.3245,27.687,-0.11612,Decrease,Competitive response,Jonah Stavrides,Approved,Commercial director,2
PC21216,2026-06-01,20127,"Wireless Earbuds - Premium brand, Case 12",Consumer Electronics,Premium brand,27.687,27.1607,-0.01901,Decrease,Promotional reset,Yusuf Kandemir,Approved,Sales manager,2
PC21217,2023-09-01,20128,"Adjustable Dumbbells - Private label, Each",Sporting Goods,Private label,14.1115,14.0804,-0.0022,Decrease,Customer negotiation,Yusuf Kandemir,Approved,Sales manager,2
PC21218,2023-12-01,20128,"Adjustable Dumbbells - Private label, Each",Sporting Goods,Private label,14.0804,14.2682,0.01334,Increase,Cost pass-through,Pricing team,Auto-approved,None,0
PC21219,2024-03-01,20128,"Adjustable Dumbbells - Private label, Each",Sporting Goods,Private label,14.2682,12.792,-0.10346,Decrease,Competitive response,Alix Fontaine,Approved,Commercial director,2
PC21220,2024-06-01,20128,"Adjustable Dumbbells - Private label, Each",Sporting Goods,Private label,12.792,15.0777,0.17868,Increase,Market correction,Jonah Stavrides,Approved,Commercial director,8
PC21221,2024-09-01,20128,"Adjustable Dumbbells - Private label, Each",Sporting Goods,Private label,15.0777,15.5929,0.03417,Increase,Market correction,Priya Raghunathan,Rejected,Sales manager,3
PC21222,2024-12-01,20128,"Adjustable Dumbbells - Private label, Each",Sporting Goods,Private label,15.5929,15.3408,-0.01617,Decrease,Cost pass-through,Pricing team,Auto-approved,None,0
PC21223,2025-03-01,20128,"Adjustable Dumbbells - Private label, Each",Sporting Goods,Private label,15.3408,13.5321,-0.1179,Decrease,Customer negotiation,Hollis Marchetti,Approved,Commercial director,2
PC21224,2025-06-01,20128,"Adjustable Dumbbells - Private label, Each",Sporting Goods,Private label,13.5321,13.9797,0.03308,Increase,Market correction,Nikita Petrenko,Approved,Sales manager,1
PC21225,2025-09-01,20128,"Adjustable Dumbbells - Private label, Each",Sporting Goods,Private label,13.9797,13.3027,-0.04843,Decrease,Customer negotiation,Yusuf Kandemir,Pending,Sales manager,4
PC21226,2025-12-01,20128,"Adjustable Dumbbells - Private label, Each",Sporting Goods,Private label,13.3027,13.634,0.0249,Increase,Cost pass-through,Pricing team,Approved,Sales manager,2
PC21227,2026-03-01,20128,"Adjustable Dumbbells - Private label, Each",Sporting Goods,Private label,13.634,13.1136,-0.03817,Decrease,Market correction,Yusuf Kandemir,Approved,Sales manager,5
PC21228,2026-04-01,20128,"Adjustable Dumbbells - Private label, Each",Sporting Goods,Private label,13.1136,23.1534,0.7656,Increase,Cost pass-through,Pricing team,Approved,Commercial director,7
PC21229,2026-06-01,20128,"Adjustable Dumbbells - Private label, Each",Sporting Goods,Private label,23.1534,21.2655,-0.08154,Decrease,Promotional reset,Simone Delacroix,Approved,Commercial director,7
PC21230,2023-09-01,20129,"Nonstick Cookware Set - Premium brand, Each",Home & Kitchen,Premium brand,54.0794,53.1853,-0.01653,Decrease,Market correction,Yusuf Kandemir,Rejected,Sales manager,1
PC21231,2023-12-01,20129,"Nonstick Cookware Set - Premium brand, Each",Home & Kitchen,Premium brand,53.1853,49.5258,-0.06881,Decrease,Promotional reset,Tom Beauchemin,Approved,Commercial director,2
PC21232,2024-03-01,20129,"Nonstick Cookware Set - Premium brand, Each",Home & Kitchen,Premium brand,49.5258,56.0297,0.13132,Increase,Annual review,Pricing team,Rejected,Commercial director,1
PC21233,2024-06-01,20129,"Nonstick Cookware Set - Premium brand, Each",Home & Kitchen,Premium brand,56.0297,55.648,-0.00681,Decrease,Customer negotiation,Nikita Petrenko,Approved,Sales manager,10
PC21234,2024-09-01,20129,"Nonstick Cookware Set - Premium brand, Each",Home & Kitchen,Premium brand,55.648,55.6438,-8e-05,Decrease,Market correction,Hollis Marchetti,Approved,Sales manager,1
PC21235,2024-12-01,20129,"Nonstick Cookware Set - Premium brand, Each",Home & Kitchen,Premium brand,55.6438,56.5511,0.01631,Increase,Cost pass-through,Pricing team,Auto-approved,None,0
PC21236,2025-03-01,20129,"Nonstick Cookware Set - Premium brand, Each",Home & Kitchen,Premium brand,56.5511,56.5986,0.00084,Increase,Promotional reset,Simone Delacroix,Approved,Sales manager,2
PC21237,2025-06-01,20129,"Nonstick Cookware Set - Premium brand, Each",Home & Kitchen,Premium brand,56.5986,56.4228,-0.00311,Decrease,Cost pass-through,Pricing team,Auto-approved,None,0
PC21238,2025-09-01,20129,"Nonstick Cookware Set - Premium brand, Each",Home & Kitchen,Premium brand,56.4228,55.977,-0.0079,Decrease,Promotional reset,Simone Delacroix,Pending,Sales manager,1
PC21239,2025-12-01,20129,"Nonstick Cookware Set - Premium brand, Each",Home & Kitchen,Premium brand,55.977,52.2616,-0.06637,Decrease,Annual review,Pricing team,Pending,Commercial director,1
PC21240,2026-03-01,20129,"Nonstick Cookware Set - Premium brand, Each",Home & Kitchen,Premium brand,52.2616,55.2001,0.05623,Increase,Annual review,Pricing team,Pending,Sales manager,1
PC21241,2026-06-01,20129,"Nonstick Cookware Set - Premium brand, Each",Home & Kitchen,Premium brand,55.2001,57.3224,0.03845,Increase,Cost pass-through,Pricing team,Approved,Sales manager,2
PC21242,2023-09-01,20130,"Socket Set - Value, Master carton 48",Tools & Hardware,Value,36.9145,36.6381,-0.00749,Decrease,Customer negotiation,Bea Okonkwo,Pending,Sales manager,2
PC21243,2023-12-01,20130,"Socket Set - Value, Master carton 48",Tools & Hardware,Value,36.6381,37.2032,0.01542,Increase,Cost pass-through,Pricing team,Auto-approved,None,0
PC21244,2024-03-01,20130,"Socket Set - Value, Master carton 48",Tools & Hardware,Value,37.2032,36.5467,-0.01765,Decrease,Market correction,Tom Beauchemin,Approved,Sales manager,3
PC21245,2024-06-01,20130,"Socket Set - Value, Master carton 48",Tools & Hardware,Value,36.5467,34.1926,-0.06441,Decrease,Customer negotiation,Marcus Oyelaran,Pending,Commercial director,2
PC21246,2024-09-01,20130,"Socket Set - Value, Master carton 48",Tools & Hardware,Value,34.1926,31.1443,-0.08915,Decrease,Customer negotiation,Dana Whitfield,Approved,Commercial director,2
PC21247,2024-12-01,20130,"Socket Set - Value, Master carton 48",Tools & Hardware,Value,31.1443,30.8386,-0.00982,Decrease,Competitive response,Marcus Oyelaran,Approved,Sales manager,3
PC21248,2025-03-01,20130,"Socket Set - Value, Master carton 48",Tools & Hardware,Value,30.8386,30.4187,-0.01362,Decrease,Promotional reset,Alix Fontaine,Approved,Sales manager,8
PC21249,2025-06-01,20130,"Socket Set - Value, Master carton 48",Tools & Hardware,Value,30.4187,30.4496,0.00102,Increase,Cost pass-through,Pricing team,Auto-approved,None,0
PC21250,2025-09-01,20130,"Socket Set - Value, Master carton 48",Tools & Hardware,Value,30.4496,30.8702,0.01381,Increase,Market correction,Tom Beauchemin,Pending,Sales manager,6
PC21251,2025-12-01,20130,"Socket Set - Value, Master carton 48",Tools & Hardware,Value,30.8702,31.1097,0.00776,Increase,Promotional reset,Simone Delacroix,Approved,Sales manager,3
PC21252,2026-03-01,20130,"Socket Set - Value, Master carton 48",Tools & Hardware,Value,31.1097,33.1107,0.06432,Increase,Promotional reset,Dana Whitfield,Approved,Commercial director,17
PC21253,2026-06-01,20130,"Socket Set - Value, Master carton 48",Tools & Hardware,Value,33.1107,33.1967,0.0026,Increase,Cost pass-through,Pricing team,Auto-approved,None,0
PC21254,2023-09-01,20131,"Desk Organiser - Private label, Bulk pallet 144",Office & Stationery,Private label,7.1717,6.4581,-0.0995,Decrease,Competitive response,Priya Raghunathan,Approved,Commercial director,1
PC21255,2023-12-01,20131,"Desk Organiser - Private label, Bulk pallet 144",Office & Stationery,Private label,6.4581,6.2287,-0.03552,Decrease,Market correction,Yusuf Kandemir,Rejected,Sales manager,5
PC21256,2024-03-01,20131,"Desk Organiser - Private label, Bulk pallet 144",Office & Stationery,Private label,6.2287,5.7646,-0.07451,Decrease,Market correction,Priya Raghunathan,Approved,Commercial director,5
PC21257,2024-06-01,20131,"Desk Organiser - Private label, Bulk pallet 144",Office & Stationery,Private label,5.7646,5.9385,0.03017,Increase,Promotional reset,Nikita Petrenko,Approved,Sales manager,3
PC21258,2024-09-01,20131,"Desk Organiser - Private label, Bulk pallet 144",Office & Stationery,Private label,5.9385,6.225,0.04824,Increase,Cost pass-through,Pricing team,Approved,Sales manager,1
PC21259,2024-12-01,20131,"Desk Organiser - Private label, Bulk pallet 144",Office & Stationery,Private label,6.225,6.2149,-0.00162,Decrease,Customer negotiation,Simone Delacroix,Approved,Sales manager,2
PC21260,2025-03-01,20131,"Desk Organiser - Private label, Bulk pallet 144",Office & Stationery,Private label,6.2149,6.229,0.00227,Increase,Annual review,Pricing team,Auto-approved,None,0
PC21261,2025-06-01,20131,"Desk Organiser - Private label, Bulk pallet 144",Office & Stationery,Private label,6.229,6.582,0.05667,Increase,Cost pass-through,Pricing team,Approved,Sales manager,1
PC21262,2025-09-01,20131,"Desk Organiser - Private label, Bulk pallet 144",Office & Stationery,Private label,6.582,6.7018,0.0182,Increase,Cost pass-through,Pricing team,Auto-approved,None,0
PC21263,2025-12-01,20131,"Desk Organiser - Private label, Bulk pallet 144",Office & Stationery,Private label,6.7018,6.6348,-0.01,Decrease,Market correction,Nikita Petrenko,Approved,Sales manager,5
PC21264,2026-03-01,20131,"Desk Organiser - Private label, Bulk pallet 144",Office & Stationery,Private label,6.6348,5.9699,-0.10021,Decrease,Annual review,Pricing team,Approved,Commercial director,2
PC21265,2026-06-01,20131,"Desk Organiser - Private label, Bulk pallet 144",Office & Stationery,Private label,5.9699,6.429,0.0769,Increase,Annual review,Pricing team,Approved,Commercial director,1
PC21266,2023-10-01,20132,"HDMI Cable - National brand, Bulk pallet 144",Consumer Electronics,National brand,47.4708,47.4902,0.00041,Increase,Competitive response,Simone Delacroix,Approved,Sales manager,2
PC21267,2024-01-01,20132,"HDMI Cable - National brand, Bulk pallet 144",Consumer Electronics,National brand,47.4902,42.0474,-0.11461,Decrease,Market correction,Priya Raghunathan,Approved,Commercial director,2
PC21268,2024-04-01,20132,"HDMI Cable - National brand, Bulk pallet 144",Consumer Electronics,National brand,42.0474,38.5645,-0.08283,Decrease,Promotional reset,Marcus Oyelaran,Approved,Commercial director,5
PC21269,2024-07-01,20132,"HDMI Cable - National brand, Bulk pallet 144",Consumer Electronics,National brand,38.5645,37.0133,-0.04022,Decrease,Customer negotiation,Jonah Stavrides,Approved,Sales manager,5
PC21270,2024-10-01,20132,"HDMI Cable - National brand, Bulk pallet 144",Consumer Electronics,National brand,37.0133,38.9729,0.05294,Increase,Competitive response,Nikita Petrenko,Approved,Sales manager,4
PC21271,2025-01-01,20132,"HDMI Cable - National brand, Bulk pallet 144",Consumer Electronics,National brand,38.9729,41.4307,0.06306,Increase,Annual review,Pricing team,Approved,Commercial director,1
PC21272,2025-04-01,20132,"HDMI Cable - National brand, Bulk pallet 144",Consumer Electronics,National brand,41.4307,40.241,-0.02872,Decrease,Market correction,Marcus Oyelaran,Approved,Sales manager,1
PC21273,2025-07-01,20132,"HDMI Cable - National brand, Bulk pallet 144",Consumer Electronics,National brand,40.241,39.2915,-0.0236,Decrease,Competitive response,Rowan Achterberg,Rejected,Sales manager,2
PC21274,2025-10-01,20132,"HDMI Cable - National brand, Bulk pallet 144",Consumer Electronics,National brand,39.2915,36.1738,-0.07935,Decrease,Market correction,Jonah Stavrides,Approved,Commercial director,3
PC21275,2026-01-01,20132,"HDMI Cable - National brand, Bulk pallet 144",Consumer Electronics,National brand,36.1738,33.9417,-0.0617,Decrease,Cost pass-through,Pricing team,Approved,Commercial director,1
PC21276,2026-04-01,20132,"HDMI Cable - National brand, Bulk pallet 144",Consumer Electronics,National brand,33.9417,31.1731,-0.08157,Decrease,Customer negotiation,Simone Delacroix,Rejected,Commercial director,2
PC21277,2023-08-01,20133,"Aquarium Filter - National brand, Case 24",Pet Supplies,National brand,15.5873,15.3004,-0.01841,Decrease,Promotional reset,Alix Fontaine,Approved,Sales manager,1
PC21278,2023-11-01,20133,"Aquarium Filter - National brand, Case 24",Pet Supplies,National brand,15.3004,14.923,-0.02467,Decrease,Customer negotiation,Nikita Petrenko,Approved,Sales manager,1
PC21279,2024-02-01,20133,"Aquarium Filter - National brand, Case 24",Pet Supplies,National brand,14.923,14.4792,-0.02974,Decrease,Customer negotiation,Alix Fontaine,Approved,Sales manager,1
PC21280,2024-05-01,20133,"Aquarium Filter - National brand, Case 24",Pet Supplies,National brand,14.4792,15.095,0.04253,Increase,Annual review,Pricing team,Approved,Sales manager,1
PC21281,2024-08-01,20133,"Aquarium Filter - National brand, Case 24",Pet Supplies,National brand,15.095,15.6942,0.0397,Increase,Annual review,Pricing team,Approved,Sales manager,4
PC21282,2024-11-01,20133,"Aquarium Filter - National brand, Case 24",Pet Supplies,National brand,15.6942,15.6687,-0.00162,Decrease,Promotional reset,Tom Beauchemin,Approved,Sales manager,7
PC21283,2025-02-01,20133,"Aquarium Filter - National brand, Case 24",Pet Supplies,National brand,15.6687,14.826,-0.05378,Decrease,Customer negotiation,Dana Whitfield,Rejected,Sales manager,2
PC21284,2025-05-01,20133,"Aquarium Filter - National brand, Case 24",Pet Supplies,National brand,14.826,15.4938,0.04504,Increase,Cost pass-through,Pricing team,Approved,Sales manager,9
PC21285,2025-08-01,20133,"Aquarium Filter - National brand, Case 24",Pet Supplies,National brand,15.4938,15.8147,0.02071,Increase,Market correction,Tom Beauchemin,Approved,Sales manager,3
PC21286,2025-11-01,20133,"Aquarium Filter - National brand, Case 24",Pet Supplies,National brand,15.8147,13.7719,-0.12917,Decrease,Customer negotiation,Jonah Stavrides,Approved,Commercial director,1
PC21287,2026-02-01,20133,"Aquarium Filter - National brand, Case 24",Pet Supplies,National brand,13.7719,13.8797,0.00783,Increase,Annual review,Pricing team,Auto-approved,None,0
PC21288,2026-05-01,20133,"Aquarium Filter - National brand, Case 24",Pet Supplies,National brand,13.8797,14.1912,0.02244,Increase,Market correction,Dana Whitfield,Approved,Sales manager,4
PC21289,2023-08-01,20134,"Power Bank - Private label, Case 24",Consumer Electronics,Private label,62.7457,65.4079,0.04243,Increase,Cost pass-through,Pricing team,Approved,Sales manager,5
PC21290,2023-11-01,20134,"Power Bank - Private label, Case 24",Consumer Electronics,Private label,65.4079,61.0531,-0.06658,Decrease,Competitive response,Dana Whitfield,Approved,Commercial director,5
PC21291,2024-02-01,20134,"Power Bank - Private label, Case 24",Consumer Electronics,Private label,61.0531,57.6008,-0.05655,Decrease,Customer negotiation,Hollis Marchetti,Approved,Sales manager,7
PC21292,2024-05-01,20134,"Power Bank - Private label, Case 24",Consumer Electronics,Private label,57.6008,54.2821,-0.05762,Decrease,Competitive response,Marcus Oyelaran,Approved,Sales manager,8
PC21293,2024-08-01,20134,"Power Bank - Private label, Case 24",Consumer Electronics,Private label,54.2821,52.4091,-0.0345,Decrease,Promotional reset,Tom Beauchemin,Approved,Sales manager,8
PC21294,2024-11-01,20134,"Power Bank - Private label, Case 24",Consumer Electronics,Private label,52.4091,54.3084,0.03624,Increase,Annual review,Pricing team,Approved,Sales manager,1
PC21295,2025-02-01,20134,"Power Bank - Private label, Case 24",Consumer Electronics,Private label,54.3084,53.1283,-0.02173,Decrease,Promotional reset,Nikita Petrenko,Approved,Sales manager,2
PC21296,2025-05-01,20134,"Power Bank - Private label, Case 24",Consumer Electronics,Private label,53.1283,53.1102,-0.00034,Decrease,Annual review,Pricing team,Auto-approved,None,0
PC21297,2025-08-01,20134,"Power Bank - Private label, Case 24",Consumer Electronics,Private label,53.1102,55.8518,0.05162,Increase,Cost pass-through,Pricing team,Approved,Sales manager,2
PC21298,2025-11-01,20134,"Power Bank - Private label, Case 24",Consumer Electronics,Private label,55.8518,53.2957,-0.04577,Decrease,Customer negotiation,Marcus Oyelaran,Approved,Sales manager,2
PC21299,2026-02-01,20134,"Power Bank - Private label, Case 24",Consumer Electronics,Private label,53.2957,46.5461,-0.12664,Decrease,Customer negotiation,Priya Raghunathan,Approved,Commercial director,5
PC21300,2026-05-01,20134,"Power Bank - Private label, Case 24",Consumer Electronics,Private label,46.5461,42.4974,-0.08698,Decrease,Customer negotiation,Jonah Stavrides,Approved,Commercial director,8
PC21301,2023-10-01,20135,"Bluetooth Speaker - National brand, Each",Consumer Electronics,National brand,79.8321,77.7829,-0.02567,Decrease,Customer negotiation,Jonah Stavrides,Approved,Sales manager,2
PC21302,2024-01-01,20135,"Bluetooth Speaker - National brand, Each",Consumer Electronics,National brand,77.7829,74.3805,-0.04374,Decrease,Promotional reset,Hollis Marchetti,Pending,Sales manager,4
PC21303,2024-04-01,20135,"Bluetooth Speaker - National brand, Each",Consumer Electronics,National brand,74.3805,73.2833,-0.01475,Decrease,Competitive response,Yusuf Kandemir,Approved,Sales manager,6
PC21304,2024-07-01,20135,"Bluetooth Speaker - National brand, Each",Consumer Electronics,National brand,73.2833,68.7555,-0.06178,Decrease,Market correction,Rowan Achterberg,Rejected,Commercial director,2
PC21305,2024-10-01,20135,"Bluetooth Speaker - National brand, Each",Consumer Electronics,National brand,68.7555,67.5994,-0.01681,Decrease,Market correction,Priya Raghunathan,Approved,Sales manager,3
PC21306,2025-01-01,20135,"Bluetooth Speaker - National brand, Each",Consumer Electronics,National brand,67.5994,70.0892,0.03683,Increase,Cost pass-through,Pricing team,Approved,Sales manager,2
PC21307,2025-04-01,20135,"Bluetooth Speaker - National brand, Each",Consumer Electronics,National brand,70.0892,71.4434,0.01932,Increase,Cost pass-through,Pricing team,Auto-approved,None,0
PC21308,2025-07-01,20135,"Bluetooth Speaker - National brand, Each",Consumer Electronics,National brand,71.4434,72.5429,0.01539,Increase,Annual review,Pricing team,Auto-approved,None,0
PC21309,2025-10-01,20135,"Bluetooth Speaker - National brand, Each",Consumer Electronics,National brand,72.5429,71.7112,-0.01146,Decrease,Customer negotiation,Rowan Achterberg,Approved,Sales manager,4
PC21310,2026-01-01,20135,"Bluetooth Speaker - National brand, Each",Consumer Electronics,National brand,71.7112,69.3022,-0.03359,Decrease,Promotional reset,Dana Whitfield,Approved,Sales manager,1
PC21311,2026-04-01,20135,"Bluetooth Speaker - National brand, Each",Consumer Electronics,National brand,69.3022,62.627,-0.09632,Decrease,Annual review,Pricing team,Approved,Commercial director,3
PC21312,2023-10-01,20136,"Vitamin C Serum - Value, Case 24",Health & Beauty,Value,14.0744,14.2979,0.01588,Increase,Annual review,Pricing team,Auto-approved,None,0
PC21313,2024-01-01,20136,"Vitamin C Serum - Value, Case 24",Health & Beauty,Value,14.2979,14.0975,-0.01402,Decrease,Market correction,Jonah Stavrides,Approved,Sales manager,1
PC21314,2024-04-01,20136,"Vitamin C Serum - Value, Case 24",Health & Beauty,Value,14.0975,13.2611,-0.05933,Decrease,Customer negotiation,Dana Whitfield,Approved,Sales manager,9
PC21315,2024-07-01,20136,"Vitamin C Serum - Value, Case 24",Health & Beauty,Value,13.2611,13.1803,-0.00609,Decrease,Customer negotiation,Priya Raghunathan,Approved,Sales manager,1
PC21316,2024-10-01,20136,"Vitamin C Serum - Value, Case 24",Health & Beauty,Value,13.1803,11.3079,-0.14206,Decrease,Customer negotiation,Alix Fontaine,Approved,Commercial director,2
PC21317,2024-11-01,20136,"Vitamin C Serum - Value, Case 24",Health & Beauty,Value,11.3079,16.005,0.41538,Increase,Customer negotiation,Bea Okonkwo,Approved,Commercial director,1
PC21318,2025-01-01,20136,"Vitamin C Serum - Value, Case 24",Health & Beauty,Value,16.005,15.4961,-0.0318,Decrease,Customer negotiation,Nikita Petrenko,Approved,Sales manager,2
PC21319,2025-04-01,20136,"Vitamin C Serum - Value, Case 24",Health & Beauty,Value,15.4961,16.073,0.03723,Increase,Annual review,Pricing team,Approved,Sales manager,7
PC21320,2025-07-01,20136,"Vitamin C Serum - Value, Case 24",Health & Beauty,Value,16.073,16.0746,0.0001,Increase,Market correction,Rowan Achterberg,Approved,Sales manager,4
PC21321,2025-10-01,20136,"Vitamin C Serum - Value, Case 24",Health & Beauty,Value,16.0746,15.3842,-0.04295,Decrease,Market correction,Alix Fontaine,Rejected,Sales manager,1
PC21322,2026-01-01,20136,"Vitamin C Serum - Value, Case 24",Health & Beauty,Value,15.3842,15.518,0.0087,Increase,Competitive response,Priya Raghunathan,Rejected,Sales manager,1
PC21323,2026-04-01,20136,"Vitamin C Serum - Value, Case 24",Health & Beauty,Value,15.518,15.5559,0.00244,Increase,Market correction,Dana Whitfield,Approved,Sales manager,2
PC21324,2023-08-01,20137,"Toner Cartridge - National brand, Each",Office & Stationery,National brand,15.4989,16.1736,0.04353,Increase,Cost pass-through,Pricing team,Approved,Sales manager,2
PC21325,2023-11-01,20137,"Toner Cartridge - National brand, Each",Office & Stationery,National brand,16.1736,15.9198,-0.01569,Decrease,Market correction,Tom Beauchemin,Approved,Sales manager,1
PC21326,2024-02-01,20137,"Toner Cartridge - National brand, Each",Office & Stationery,National brand,15.9198,14.6229,-0.08146,Decrease,Competitive response,Bea Okonkwo,Approved,Commercial director,3
PC21327,2024-05-01,20137,"Toner Cartridge - National brand, Each",Office & Stationery,National brand,14.6229,14.8946,0.01858,Increase,Promotional reset,Rowan Achterberg,Approved,Sales manager,8
PC21328,2024-08-01,20137,"Toner Cartridge - National brand, Each",Office & Stationery,National brand,14.8946,15.5627,0.04486,Increase,Annual review,Pricing team,Approved,Sales manager,5
PC21329,2024-11-01,20137,"Toner Cartridge - National brand, Each",Office & Stationery,National brand,15.5627,15.1204,-0.02842,Decrease,Customer negotiation,Simone Delacroix,Approved,Sales manager,3
PC21330,2025-02-01,20137,"Toner Cartridge - National brand, Each",Office & Stationery,National brand,15.1204,14.6673,-0.02997,Decrease,Market correction,Yusuf Kandemir,Approved,Sales manager,2
PC21331,2025-05-01,20137,"Toner Cartridge - National brand, Each",Office & Stationery,National brand,14.6673,16.2954,0.111,Increase,Cost pass-through,Pricing team,Approved,Commercial director,3
PC21332,2025-08-01,20137,"Toner Cartridge - National brand, Each",Office & Stationery,National brand,16.2954,17.3883,0.06707,Increase,Market correction,Rowan Achterberg,Pending,Commercial director,3
PC21333,2025-11-01,20137,"Toner Cartridge - National brand, Each",Office & Stationery,National brand,17.3883,16.9957,-0.02258,Decrease,Promotional reset,Priya Raghunathan,Approved,Sales manager,10
PC21334,2026-02-01,20137,"Toner Cartridge - National brand, Each",Office & Stationery,National brand,16.9957,17.0723,0.00451,Increase,Cost pass-through,Pricing team,Auto-approved,None,0
PC21335,2026-05-01,20137,"Toner Cartridge - National brand, Each",Office & Stationery,National brand,17.0723,18.6754,0.0939,Increase,Annual review,Pricing team,Approved,Commercial director,1
PC21336,2024-01-01,20138,"Nonstick Cookware Set - Value, Case 24",Home & Kitchen,Value,29.0198,28.6764,-0.01183,Decrease,Competitive response,Nikita Petrenko,Approved,Sales manager,4
PC21337,2024-07-01,20138,"Nonstick Cookware Set - Value, Case 24",Home & Kitchen,Value,28.6764,32.226,0.12378,Increase,Annual review,Pricing team,Approved,Commercial director,2
PC21338,2025-01-01,20138,"Nonstick Cookware Set - Value, Case 24",Home & Kitchen,Value,32.226,32.5075,0.00874,Increase,Promotional reset,Rowan Achterberg,Rejected,Sales manager,5
PC21339,2025-07-01,20138,"Nonstick Cookware Set - Value, Case 24",Home & Kitchen,Value,32.5075,34.1977,0.05199,Increase,Promotional reset,Tom Beauchemin,Pending,Sales manager,10
PC21340,2026-01-01,20138,"Nonstick Cookware Set - Value, Case 24",Home & Kitchen,Value,34.1977,33.0044,-0.03489,Decrease,Market correction,Hollis Marchetti,Approved,Sales manager,5
PC21341,2023-10-01,20139,"Vacuum Sealer - Value, Each",Home & Kitchen,Value,38.345,33.1127,-0.13645,Decrease,Customer negotiation,Yusuf Kandemir,Approved,Commercial director,1
PC21342,2024-01-01,20139,"Vacuum Sealer - Value, Each",Home & Kitchen,Value,33.1127,30.8236,-0.06913,Decrease,Market correction,Hollis Marchetti,Approved,Commercial director,1
PC21343,2024-04-01,20139,"Vacuum Sealer - Value, Each",Home & Kitchen,Value,30.8236,44.4743,0.44287,Increase,Annual review,Pricing team,Rejected,Commercial director,3
PC21344,2024-07-01,20139,"Vacuum Sealer - Value, Each",Home & Kitchen,Value,44.4743,42.9516,-0.03424,Decrease,Competitive response,Tom Beauchemin,Approved,Sales manager,1
PC21345,2024-10-01,20139,"Vacuum Sealer - Value, Each",Home & Kitchen,Value,42.9516,42.1894,-0.01775,Decrease,Customer negotiation,Hollis Marchetti,Approved,Sales manager,1
PC21346,2025-01-01,20139,"Vacuum Sealer - Value, Each",Home & Kitchen,Value,42.1894,41.7518,-0.01037,Decrease,Customer negotiation,Tom Beauchemin,Approved,Sales manager,5
PC21347,2025-04-01,20139,"Vacuum Sealer - Value, Each",Home & Kitchen,Value,41.7518,44.5358,0.06668,Increase,Cost pass-through,Pricing team,Approved,Commercial director,1
PC21348,2025-07-01,20139,"Vacuum Sealer - Value, Each",Home & Kitchen,Value,44.5358,43.9424,-0.01332,Decrease,Competitive response,Priya Raghunathan,Approved,Sales manager,1
PC21349,2025-10-01,20139,"Vacuum Sealer - Value, Each",Home & Kitchen,Value,43.9424,44.7001,0.01724,Increase,Cost pass-through,Pricing team,Auto-approved,None,0
PC21350,2026-01-01,20139,"Vacuum Sealer - Value, Each",Home & Kitchen,Value,44.7001,46.1832,0.03318,Increase,Market correction,Yusuf Kandemir,Approved,Sales manager,3
PC21351,2026-04-01,20139,"Vacuum Sealer - Value, Each",Home & Kitchen,Value,46.1832,46.8241,0.01388,Increase,Cost pass-through,Pricing team,Auto-approved,None,0
PC21352,2023-08-01,20140,"Work Gloves - National brand, Case 24",Tools & Hardware,National brand,55.4166,56.7436,0.02395,Increase,Cost pass-through,Pricing team,Approved,Sales manager,19
PC21353,2023-10-01,20141,"HDMI Cable - Value, Case 12",Consumer Electronics,Value,47.376,47.505,0.00272,Increase,Promotional reset,Hollis Marchetti,Approved,Sales manager,2
PC21354,2024-01-01,20141,"HDMI Cable - Value, Case 12",Consumer Electronics,Value,47.505,44.7142,-0.05875,Decrease,Annual review,Pricing team,Approved,Sales manager,1
PC21355,2024-04-01,20141,"HDMI Cable - Value, Case 12",Consumer Electronics,Value,44.7142,41.7026,-0.06735,Decrease,Customer negotiation,Simone Delacroix,Approved,Commercial director,4
PC21356,2024-07-01,20141,"HDMI Cable - Value, Case 12",Consumer Electronics,Value,41.7026,42.1046,0.00964,Increase,Annual review,Pricing team,Auto-approved,None,0
PC21357,2024-10-01,20141,"HDMI Cable - Value, Case 12",Consumer Electronics,Value,42.1046,44.8258,0.06463,Increase,Cost pass-through,Pricing team,Approved,Commercial director,1
PC21358,2025-01-01,20141,"HDMI Cable - Value, Case 12",Consumer Electronics,Value,44.8258,45.7762,0.0212,Increase,Cost pass-through,Pricing team,Approved,Sales manager,2
PC21359,2025-04-01,20141,"HDMI Cable - Value, Case 12",Consumer Electronics,Value,45.7762,44.5802,-0.02613,Decrease,Competitive response,Alix Fontaine,Rejected,Sales manager,1
PC21360,2025-07-01,20141,"HDMI Cable - Value, Case 12",Consumer Electronics,Value,44.5802,44.8606,0.00629,Increase,Market correction,Marcus Oyelaran,Approved,Sales manager,1
PC21361,2025-10-01,20141,"HDMI Cable - Value, Case 12",Consumer Electronics,Value,44.8606,42.7179,-0.04776,Decrease,Competitive response,Rowan Achterberg,Approved,Sales manager,2
PC21362,2026-01-01,20141,"HDMI Cable - Value, Case 12",Consumer Electronics,Value,42.7179,39.684,-0.07102,Decrease,Customer negotiation,Marcus Oyelaran,Approved,Commercial director,6
PC21363,2026-04-01,20141,"HDMI Cable - Value, Case 12",Consumer Electronics,Value,39.684,35.2781,-0.11102,Decrease,Customer negotiation,Dana Whitfield,Approved,Commercial director,1
PC21364,2023-09-01,20142,"Work Gloves - Private label, Each",Tools & Hardware,Private label,55.0807,54.8231,-0.00468,Decrease,Customer negotiation,Yusuf Kandemir,Approved,Sales manager,4
PC21365,2024-03-01,20142,"Work Gloves - Private label, Each",Tools & Hardware,Private label,54.8231,56.2529,0.02608,Increase,Competitive response,Bea Okonkwo,Approved,Sales manager,4
PC21366,2024-09-01,20142,"Work Gloves - Private label, Each",Tools & Hardware,Private label,56.2529,43.9792,-0.21819,Decrease,Market correction,Alix Fontaine,Rejected,Commercial director,7
PC21367,2025-03-01,20142,"Work Gloves - Private label, Each",Tools & Hardware,Private label,43.9792,46.1043,0.04832,Increase,Annual review,Pricing team,Approved,Sales manager,4
PC21368,2025-09-01,20142,"Work Gloves - Private label, Each",Tools & Hardware,Private label,46.1043,46.7269,0.0135,Increase,Market correction,Dana Whitfield,Approved,Sales manager,2
PC21369,2026-03-01,20142,"Work Gloves - Private label, Each",Tools & Hardware,Private label,46.7269,52.4514,0.12251,Increase,Cost pass-through,Pricing team,Approved,Commercial director,4
PC21370,2023-09-01,20144,"Winter Gloves - National brand, Inner pack 6",Apparel & Accessories,National brand,26.7784,29.3274,0.09519,Increase,Promotional reset,Nikita Petrenko,Approved,Commercial director,1
PC21371,2023-12-01,20144,"Winter Gloves - National brand, Inner pack 6",Apparel & Accessories,National brand,29.3274,29.2577,-0.00238,Decrease,Customer negotiation,Nikita Petrenko,Approved,Sales manager,4
PC21372,2024-03-01,20144,"Winter Gloves - National brand, Inner pack 6",Apparel & Accessories,National brand,29.2577,29.6551,0.01358,Increase,Customer negotiation,Simone Delacroix,Approved,Sales manager,1
PC21373,2024-06-01,20144,"Winter Gloves - National brand, Inner pack 6",Apparel & Accessories,National brand,29.6551,31.2217,0.05283,Increase,Market correction,Marcus Oyelaran,Approved,Sales manager,4
PC21374,2024-09-01,20144,"Winter Gloves - National brand, Inner pack 6",Apparel & Accessories,National brand,31.2217,30.7024,-0.01663,Decrease,Market correction,Hollis Marchetti,Rejected,Sales manager,4
PC21375,2024-12-01,20144,"Winter Gloves - National brand, Inner pack 6",Apparel & Accessories,National brand,30.7024,30.1759,-0.01715,Decrease,Cost pass-through,Pricing team,Auto-approved,None,0
PC21376,2025-03-01,20144,"Winter Gloves - National brand, Inner pack 6",Apparel & Accessories,National brand,30.1759,28.2572,-0.06358,Decrease,Customer negotiation,Alix Fontaine,Approved,Commercial director,4
PC21377,2025-06-01,20144,"Winter Gloves - National brand, Inner pack 6",Apparel & Accessories,National brand,28.2572,27.8186,-0.01552,Decrease,Promotional reset,Priya Raghunathan,Approved,Sales manager,2
PC21378,2025-09-01,20144,"Winter Gloves - National brand, Inner pack 6",Apparel & Accessories,National brand,27.8186,28.9025,0.03896,Increase,Cost pass-through,Pricing team,Approved,Sales manager,2
PC21379,2025-12-01,20144,"Winter Gloves - National brand, Inner pack 6",Apparel & Accessories,National brand,28.9025,29.2678,0.01264,Increase,Cost pass-through,Pricing team,Auto-approved,None,0
PC21380,2026-03-01,20144,"Winter Gloves - National brand, Inner pack 6",Apparel & Accessories,National brand,29.2678,28.8347,-0.0148,Decrease,Market correction,Yusuf Kandemir,Approved,Sales manager,3
PC21381,2026-06-01,20144,"Winter Gloves - National brand, Inner pack 6",Apparel & Accessories,National brand,28.8347,28.6774,-0.00546,Decrease,Promotional reset,Tom Beauchemin,Pending,Sales manager,5
PC21382,2023-09-01,20145,"Aquarium Filter - National brand, Master carton 48",Pet Supplies,National brand,14.8887,15.8845,0.06688,Increase,Annual review,Pricing team,Approved,Commercial director,2
PC21383,2023-12-01,20145,"Aquarium Filter - National brand, Master carton 48",Pet Supplies,National brand,15.8845,16.0669,0.01148,Increase,Cost pass-through,Pricing team,Auto-approved,None,0
PC21384,2024-03-01,20145,"Aquarium Filter - National brand, Master carton 48",Pet Supplies,National brand,16.0669,16.7428,0.04207,Increase,Annual review,Pricing team,Approved,Sales manager,3
PC21385,2024-06-01,20145,"Aquarium Filter - National brand, Master carton 48",Pet Supplies,National brand,16.7428,17.8078,0.06361,Increase,Cost pass-through,Pricing team,Approved,Commercial director,4
PC21386,2024-09-01,20145,"Aquarium Filter - National brand, Master carton 48",Pet Supplies,National brand,17.8078,17.6113,-0.01103,Decrease,Annual review,Pricing team,Auto-approved,None,0
PC21387,2024-12-01,20145,"Aquarium Filter - National brand, Master carton 48",Pet Supplies,National brand,17.6113,16.5073,-0.06269,Decrease,Competitive response,Tom Beauchemin,Pending,Commercial director,1
PC21388,2025-03-01,20145,"Aquarium Filter - National brand, Master carton 48",Pet Supplies,National brand,16.5073,17.3495,0.05102,Increase,Customer negotiation,Rowan Achterberg,Approved,Sales manager,2
PC21389,2025-06-01,20145,"Aquarium Filter - National brand, Master carton 48",Pet Supplies,National brand,17.3495,15.5929,-0.10125,Decrease,Customer negotiation,Simone Delacroix,Approved,Commercial director,2
PC21390,2025-09-01,20145,"Aquarium Filter - National brand, Master carton 48",Pet Supplies,National brand,15.5929,15.0736,-0.0333,Decrease,Customer negotiation,Marcus Oyelaran,Approved,Sales manager,1
PC21391,2025-12-01,20145,"Aquarium Filter - National brand, Master carton 48",Pet Supplies,National brand,15.0736,14.9985,-0.00498,Decrease,Competitive response,Simone Delacroix,Approved,Sales manager,3
PC21392,2026-03-01,20145,"Aquarium Filter - National brand, Master carton 48",Pet Supplies,National brand,14.9985,16.7772,0.11859,Increase,Cost pass-through,Pricing team,Approved,Commercial director,6
PC21393,2026-06-01,20145,"Aquarium Filter - National brand, Master carton 48",Pet Supplies,National brand,16.7772,17.0546,0.01653,Increase,Cost pass-through,Pricing team,Auto-approved,None,0
PC21394,2023-09-01,20146,"Sunscreen SPF50 - Value, Case 24",Health & Beauty,Value,6.0567,5.9516,-0.01735,Decrease,Market correction,Jonah Stavrides,Approved,Sales manager,2
PC21395,2023-12-01,20146,"Sunscreen SPF50 - Value, Case 24",Health & Beauty,Value,5.9516,5.9349,-0.00281,Decrease,Promotional reset,Rowan Achterberg,Approved,Sales manager,3
PC21396,2024-03-01,20146,"Sunscreen SPF50 - Value, Case 24",Health & Beauty,Value,5.9349,5.7173,-0.03666,Decrease,Competitive response,Marcus Oyelaran,Approved,Sales manager,3
PC21397,2024-06-01,20146,"Sunscreen SPF50 - Value, Case 24",Health & Beauty,Value,5.7173,5.4637,-0.04436,Decrease,Promotional reset,Bea Okonkwo,Approved,Sales manager,4
PC21398,2024-09-01,20146,"Sunscreen SPF50 - Value, Case 24",Health & Beauty,Value,5.4637,5.8633,0.07314,Increase,Cost pass-through,Pricing team,Approved,Commercial director,4
PC21399,2024-12-01,20146,"Sunscreen SPF50 - Value, Case 24",Health & Beauty,Value,5.8633,5.8672,0.00067,Increase,Cost pass-through,Pricing team,Auto-approved,None,0
PC21400,2025-03-01,20146,"Sunscreen SPF50 - Value, Case 24",Health & Beauty,Value,5.8672,5.9103,0.00735,Increase,Cost pass-through,Pricing team,Auto-approved,None,0
PC21401,2025-06-01,20146,"Sunscreen SPF50 - Value, Case 24",Health & Beauty,Value,5.9103,6.1223,0.03587,Increase,Market correction,Priya Raghunathan,Approved,Sales manager,1
PC21402,2025-09-01,20146,"Sunscreen SPF50 - Value, Case 24",Health & Beauty,Value,6.1223,5.7436,-0.06186,Decrease,Annual review,Pricing team,Pending,Commercial director,4
PC21403,2025-12-01,20146,"Sunscreen SPF50 - Value, Case 24",Health & Beauty,Value,5.7436,6.0451,0.05249,Increase,Cost pass-through,Pricing team,Approved,Sales manager,2
PC21404,2026-03-01,20146,"Sunscreen SPF50 - Value, Case 24",Health & Beauty,Value,6.0451,6.0751,0.00496,Increase,Cost pass-through,Pricing team,Auto-approved,None,0
PC21405,2026-06-01,20146,"Sunscreen SPF50 - Value, Case 24",Health & Beauty,Value,6.0751,6.4069,0.05462,Increase,Annual review,Pricing team,Approved,Sales manager,4
PC21406,2023-10-01,20147,"Smart Plug - Value, Each",Consumer Electronics,Value,50.0563,51.5414,0.02967,Increase,Annual review,Pricing team,Approved,Sales manager,5
PC21407,2024-01-01,20147,"Smart Plug - Value, Each",Consumer Electronics,Value,51.5414,51.0821,-0.00891,Decrease,Competitive response,Jonah Stavrides,Approved,Sales manager,1
PC21408,2024-04-01,20147,"Smart Plug - Value, Each",Consumer Electronics,Value,51.0821,48.9228,-0.04227,Decrease,Market correction,Tom Beauchemin,Approved,Sales manager,4
PC21409,2024-07-01,20147,"Smart Plug - Value, Each",Consumer Electronics,Value,48.9228,45.5896,-0.06813,Decrease,Customer negotiation,Bea Okonkwo,Approved,Commercial director,2
PC21410,2024-10-01,20147,"Smart Plug - Value, Each",Consumer Electronics,Value,45.5896,43.702,-0.0414,Decrease,Cost pass-through,Pricing team,Approved,Sales manager,7
PC21411,2025-01-01,20147,"Smart Plug - Value, Each",Consumer Electronics,Value,43.702,43.9611,0.00593,Increase,Annual review,Pricing team,Auto-approved,None,0
PC21412,2025-04-01,20147,"Smart Plug - Value, Each",Consumer Electronics,Value,43.9611,42.0608,-0.04323,Decrease,Market correction,Dana Whitfield,Approved,Sales manager,1
PC21413,2025-07-01,20147,"Smart Plug - Value, Each",Consumer Electronics,Value,42.0608,43.8387,0.04227,Increase,Annual review,Pricing team,Approved,Sales manager,1
PC21414,2025-10-01,20147,"Smart Plug - Value, Each",Consumer Electronics,Value,43.8387,42.796,-0.02378,Decrease,Market correction,Priya Raghunathan,Approved,Sales manager,2
PC21415,2026-01-01,20147,"Smart Plug - Value, Each",Consumer Electronics,Value,42.796,41.9013,-0.02091,Decrease,Market correction,Yusuf Kandemir,Approved,Sales manager,2
PC21416,2026-04-01,20147,"Smart Plug - Value, Each",Consumer Electronics,Value,41.9013,37.9048,-0.09538,Decrease,Competitive response,Alix Fontaine,Approved,Commercial director,1
PC21417,2023-08-01,20148,"Gel Pens - Value, Case 24",Office & Stationery,Value,4.3301,4.4059,0.01751,Increase,Annual review,Pricing team,Auto-approved,None,0
PC21418,2023-11-01,20148,"Gel Pens - Value, Case 24",Office & Stationery,Value,4.4059,4.3157,-0.02047,Decrease,Customer negotiation,Tom Beauchemin,Approved,Sales manager,9
PC21419,2024-02-01,20148,"Gel Pens - Value, Case 24",Office & Stationery,Value,4.3157,4.4801,0.03809,Increase,Cost pass-through,Pricing team,Approved,Sales manager,4
PC21420,2024-05-01,20148,"Gel Pens - Value, Case 24",Office & Stationery,Value,4.4801,4.576,0.02141,Increase,Cost pass-through,Pricing team,Approved,Sales manager,1
PC21421,2024-08-01,20148,"Gel Pens - Value, Case 24",Office & Stationery,Value,4.576,4.2959,-0.06121,Decrease,Cost pass-through,Pricing team,Approved,Commercial director,2
PC21422,2024-11-01,20148,"Gel Pens - Value, Case 24",Office & Stationery,Value,4.2959,4.1619,-0.03119,Decrease,Promotional reset,Priya Raghunathan,Approved,Sales manager,3
PC21423,2025-02-01,20148,"Gel Pens - Value, Case 24",Office & Stationery,Value,4.1619,4.4182,0.06158,Increase,Annual review,Pricing team,Approved,Commercial director,1
PC21424,2025-05-01,20148,"Gel Pens - Value, Case 24",Office & Stationery,Value,4.4182,4.7879,0.08368,Increase,Cost pass-through,Pricing team,Approved,Commercial director,4
PC21425,2025-08-01,20148,"Gel Pens - Value, Case 24",Office & Stationery,Value,4.7879,5.0336,0.05132,Increase,Cost pass-through,Pricing team,Approved,Sales manager,5
PC21426,2025-11-01,20148,"Gel Pens - Value, Case 24",Office & Stationery,Value,5.0336,4.8653,-0.03344,Decrease,Market correction,Alix Fontaine,Approved,Sales manager,3
PC21427,2026-02-01,20148,"Gel Pens - Value, Case 24",Office & Stationery,Value,4.8653,4.648,-0.04466,Decrease,Cost pass-through,Pricing team,Approved,Sales manager,4
PC21428,2026-05-01,20148,"Gel Pens - Value, Case 24",Office & Stationery,Value,4.648,4.6148,-0.00714,Decrease,Promotional reset,Dana Whitfield,Approved,Sales manager,19
PC21429,2023-10-01,20149,"Cordless Drill - Value, Each",Tools & Hardware,Value,50.5147,49.5252,-0.01959,Decrease,Customer negotiation,Jonah Stavrides,Approved,Sales manager,2
PC21430,2024-01-01,20149,"Cordless Drill - Value, Each",Tools & Hardware,Value,49.5252,50.1877,0.01338,Increase,Annual review,Pricing team,Auto-approved,None,0
PC21431,2024-04-01,20149,"Cordless Drill - Value, Each",Tools & Hardware,Value,50.1877,48.0991,-0.04162,Decrease,Customer negotiation,Marcus Oyelaran,Approved,Sales manager,1
PC21432,2024-07-01,20149,"Cordless Drill - Value, Each",Tools & Hardware,Value,48.0991,45.9751,-0.04416,Decrease,Customer negotiation,Alix Fontaine,Approved,Sales manager,4
PC21433,2024-10-01,20149,"Cordless Drill - Value, Each",Tools & Hardware,Value,45.9751,42.8237,-0.06855,Decrease,Market correction,Bea Okonkwo,Pending,Commercial director,8
PC21434,2025-01-01,20149,"Cordless Drill - Value, Each",Tools & Hardware,Value,42.8237,41.3829,-0.03364,Decrease,Promotional reset,Alix Fontaine,Approved,Sales manager,6
PC21435,2025-04-01,20149,"Cordless Drill - Value, Each",Tools & Hardware,Value,41.3829,42.7704,0.03353,Increase,Market correction,Jonah Stavrides,Approved,Sales manager,1
PC21436,2025-07-01,20149,"Cordless Drill - Value, Each",Tools & Hardware,Value,42.7704,40.844,-0.04504,Decrease,Customer negotiation,Rowan Achterberg,Approved,Sales manager,1
PC21437,2025-10-01,20149,"Cordless Drill - Value, Each",Tools & Hardware,Value,40.844,40.141,-0.01721,Decrease,Customer negotiation,Jonah Stavrides,Approved,Sales manager,1
PC21438,2026-01-01,20149,"Cordless Drill - Value, Each",Tools & Hardware,Value,40.141,43.4298,0.08193,Increase,Cost pass-through,Pricing team,Approved,Commercial director,1
PC21439,2026-04-01,20149,"Cordless Drill - Value, Each",Tools & Hardware,Value,43.4298,43.3886,-0.00095,Decrease,Customer negotiation,Marcus Oyelaran,Approved,Sales manager,3
PC21440,2023-10-01,20150,"Work Jacket - Value, Inner pack 6",Apparel & Accessories,Value,24.472,25.8966,0.05821,Increase,Cost pass-through,Pricing team,Approved,Sales manager,16
PC21441,2024-01-01,20150,"Work Jacket - Value, Inner pack 6",Apparel & Accessories,Value,25.8966,24.2681,-0.06288,Decrease,Customer negotiation,Hollis Marchetti,Approved,Commercial director,8
PC21442,2024-04-01,20150,"Work Jacket - Value, Inner pack 6",Apparel & Accessories,Value,24.2681,24.1968,-0.00294,Decrease,Customer negotiation,Jonah Stavrides,Approved,Sales manager,5
PC21443,2024-07-01,20150,"Work Jacket - Value, Inner pack 6",Apparel & Accessories,Value,24.1968,26.1245,0.07967,Increase,Market correction,Jonah Stavrides,Approved,Commercial director,2
PC21444,2024-10-01,20150,"Work Jacket - Value, Inner pack 6",Apparel & Accessories,Value,26.1245,27.1079,0.03764,Increase,Annual review,Pricing team,Approved,Sales manager,2
PC21445,2025-01-01,20150,"Work Jacket - Value, Inner pack 6",Apparel & Accessories,Value,27.1079,24.8936,-0.08168,Decrease,Customer negotiation,Rowan Achterberg,Approved,Commercial director,2
PC21446,2025-04-01,20150,"Work Jacket - Value, Inner pack 6",Apparel & Accessories,Value,24.8936,26.1489,0.05043,Increase,Promotional reset,Hollis Marchetti,Approved,Sales manager,1
PC21447,2025-07-01,20150,"Work Jacket - Value, Inner pack 6",Apparel & Accessories,Value,26.1489,27.9313,0.06816,Increase,Promotional reset,Tom Beauchemin,Approved,Commercial director,6
PC21448,2025-10-01,20150,"Work Jacket - Value, Inner pack 6",Apparel & Accessories,Value,27.9313,28.8967,0.03456,Increase,Competitive response,Bea Okonkwo,Approved,Sales manager,1
PC21449,2026-01-01,20150,"Work Jacket - Value, Inner pack 6",Apparel & Accessories,Value,28.8967,27.0088,-0.06533,Decrease,Cost pass-through,Pricing team,Approved,Commercial director,1
PC21450,2026-04-01,20150,"Work Jacket - Value, Inner pack 6",Apparel & Accessories,Value,27.0088,26.4768,-0.0197,Decrease,Competitive response,Alix Fontaine,Pending,Sales manager,3
PC21451,2023-09-01,20151,"Cooler Box - Private label, Master carton 48",Sporting Goods,Private label,48.7285,47.5135,-0.02493,Decrease,Annual review,Pricing team,Approved,Sales manager,3
PC21452,2023-12-01,20151,"Cooler Box - Private label, Master carton 48",Sporting Goods,Private label,47.5135,45.2429,-0.04779,Decrease,Customer negotiation,Jonah Stavrides,Approved,Sales manager,2
PC21453,2024-03-01,20151,"Cooler Box - Private label, Master carton 48",Sporting Goods,Private label,45.2429,46.05,0.01784,Increase,Cost pass-through,Pricing team,Auto-approved,None,0
PC21454,2024-06-01,20151,"Cooler Box - Private label, Master carton 48",Sporting Goods,Private label,46.05,50.6842,0.10063,Increase,Market correction,Jonah Stavrides,Approved,Commercial director,4
PC21455,2024-09-01,20151,"Cooler Box - Private label, Master carton 48",Sporting Goods,Private label,50.6842,51.022,0.00666,Increase,Competitive response,Rowan Achterberg,Approved,Sales manager,4
PC21456,2024-12-01,20151,"Cooler Box - Private label, Master carton 48",Sporting Goods,Private label,51.022,49.863,-0.02272,Decrease,Customer negotiation,Priya Raghunathan,Approved,Sales manager,1
PC21457,2025-03-01,20151,"Cooler Box - Private label, Master carton 48",Sporting Goods,Private label,49.863,51.6907,0.03665,Increase,Cost pass-through,Pricing team,Approved,Sales manager,1
PC21458,2025-06-01,20151,"Cooler Box - Private label, Master carton 48",Sporting Goods,Private label,51.6907,58.6973,0.13555,Increase,Cost pass-through,Pricing team,Approved,Commercial director,1
PC21459,2025-09-01,20151,"Cooler Box - Private label, Master carton 48",Sporting Goods,Private label,58.6973,54.282,-0.07522,Decrease,Promotional reset,Alix Fontaine,Approved,Commercial director,1
PC21460,2025-12-01,20151,"Cooler Box - Private label, Master carton 48",Sporting Goods,Private label,54.282,53.5932,-0.01269,Decrease,Customer negotiation,Priya Raghunathan,Approved,Sales manager,2
PC21461,2026-03-01,20151,"Cooler Box - Private label, Master carton 48",Sporting Goods,Private label,53.5932,52.0445,-0.0289,Decrease,Customer negotiation,Marcus Oyelaran,Approved,Sales manager,1
PC21462,2026-06-01,20151,"Cooler Box - Private label, Master carton 48",Sporting Goods,Private label,52.0445,50.2004,-0.03543,Decrease,Promotional reset,Priya Raghunathan,Approved,Sales manager,4
PC21463,2023-09-01,20152,"Cotton T-Shirt 5pk - National brand, Case 12",Apparel & Accessories,National brand,43.2403,44.141,0.02083,Increase,Cost pass-through,Pricing team,Approved,Sales manager,19
PC21464,2024-03-01,20152,"Cotton T-Shirt 5pk - National brand, Case 12",Apparel & Accessories,National brand,44.141,38.8821,-0.11914,Decrease,Competitive response,Tom Beauchemin,Approved,Commercial director,1
PC21465,2024-09-01,20152,"Cotton T-Shirt 5pk - National brand, Case 12",Apparel & Accessories,National brand,38.8821,43.1613,0.11006,Increase,Cost pass-through,Pricing team,Approved,Commercial director,1
PC21466,2025-03-01,20152,"Cotton T-Shirt 5pk - National brand, Case 12",Apparel & Accessories,National brand,43.1613,37.4473,-0.13239,Decrease,Competitive response,Simone Delacroix,Approved,Commercial director,3
PC21467,2025-09-01,20152,"Cotton T-Shirt 5pk - National brand, Case 12",Apparel & Accessories,National brand,37.4473,39.1896,0.04653,Increase,Customer negotiation,Rowan Achterberg,Approved,Sales manager,4
PC21468,2026-03-01,20152,"Cotton T-Shirt 5pk - National brand, Case 12",Apparel & Accessories,National brand,39.1896,36.334,-0.07287,Decrease,Competitive response,Alix Fontaine,Approved,Commercial director,1
PC21469,2023-10-01,20153,"Body Wash - National brand, Each",Health & Beauty,National brand,24.6997,24.5749,-0.00505,Decrease,Promotional reset,Dana Whitfield,Approved,Sales manager,1
PC21470,2024-01-01,20153,"Body Wash - National brand, Each",Health & Beauty,National brand,24.5749,24.5007,-0.00302,Decrease,Customer negotiation,Yusuf Kandemir,Approved,Sales manager,8
PC21471,2024-04-01,20153,"Body Wash - National brand, Each",Health & Beauty,National brand,24.5007,22.3373,-0.0883,Decrease,Market correction,Bea Okonkwo,Approved,Commercial director,1
PC21472,2024-07-01,20153,"Body Wash - National brand, Each",Health & Beauty,National brand,22.3373,23.105,0.03437,Increase,Competitive response,Simone Delacroix,Approved,Sales manager,1
PC21473,2024-10-01,20153,"Body Wash - National brand, Each",Health & Beauty,National brand,23.105,23.4644,0.01556,Increase,Annual review,Pricing team,Auto-approved,None,0
PC21474,2025-01-01,20153,"Body Wash - National brand, Each",Health & Beauty,National brand,23.4644,23.4559,-0.00036,Decrease,Market correction,Simone Delacroix,Approved,Sales manager,5
PC21475,2025-04-01,20153,"Body Wash - National brand, Each",Health & Beauty,National brand,23.4559,22.7535,-0.02995,Decrease,Market correction,Simone Delacroix,Rejected,Sales manager,3
PC21476,2025-07-01,20153,"Body Wash - National brand, Each",Health & Beauty,National brand,22.7535,23.3644,0.02685,Increase,Competitive response,Marcus Oyelaran,Rejected,Sales manager,1
PC21477,2025-10-01,20153,"Body Wash - National brand, Each",Health & Beauty,National brand,23.3644,23.6189,0.01089,Increase,Annual review,Pricing team,Auto-approved,None,0
PC21478,2026-01-01,20153,"Body Wash - National brand, Each",Health & Beauty,National brand,23.6189,23.8539,0.00995,Increase,Promotional reset,Simone Delacroix,Rejected,Sales manager,2
PC21479,2026-04-01,20153,"Body Wash - National brand, Each",Health & Beauty,National brand,23.8539,23.254,-0.02515,Decrease,Market correction,Simone Delacroix,Approved,Sales manager,1
PC21480,2023-08-01,20154,"Filing Boxes - National brand, Each",Office & Stationery,National brand,13.8222,13.569,-0.01832,Decrease,Annual review,Pricing team,Auto-approved,None,0
PC21481,2024-02-01,20154,"Filing Boxes - National brand, Each",Office & Stationery,National brand,13.569,13.6902,0.00893,Increase,Customer negotiation,Rowan Achterberg,Approved,Sales manager,2
PC21482,2024-08-01,20154,"Filing Boxes - National brand, Each",Office & Stationery,National brand,13.6902,13.688,-0.00016,Decrease,Promotional reset,Alix Fontaine,Approved,Sales manager,3
PC21483,2025-02-01,20154,"Filing Boxes - National brand, Each",Office & Stationery,National brand,13.688,15.0197,0.09729,Increase,Cost pass-through,Pricing team,Approved,Commercial director,3
PC21484,2025-08-01,20154,"Filing Boxes - National brand, Each",Office & Stationery,National brand,15.0197,16.9462,0.12826,Increase,Competitive response,Rowan Achterberg,Approved,Commercial director,1
PC21485,2026-02-01,20154,"Filing Boxes - National brand, Each",Office & Stationery,National brand,16.9462,17.1586,0.01253,Increase,Annual review,Pricing team,Auto-approved,None,0
PC21486,2023-10-01,20155,"Camping Tent - Private label, Case 24",Sporting Goods,Private label,55.7391,57.6936,0.03507,Increase,Annual review,Pricing team,Approved,Sales manager,2
PC21487,2024-01-01,20155,"Camping Tent - Private label, Case 24",Sporting Goods,Private label,57.6936,54.3155,-0.05855,Decrease,Annual review,Pricing team,Approved,Sales manager,3
PC21488,2024-04-01,20155,"Camping Tent - Private label, Case 24",Sporting Goods,Private label,54.3155,55.6775,0.02508,Increase,Annual review,Pricing team,Approved,Sales manager,1
PC21489,2024-07-01,20155,"Camping Tent - Private label, Case 24",Sporting Goods,Private label,55.6775,61.2029,0.09924,Increase,Market correction,Alix Fontaine,Approved,Commercial director,1
PC21490,2024-10-01,20155,"Camping Tent - Private label, Case 24",Sporting Goods,Private label,61.2029,60.2518,-0.01554,Decrease,Customer negotiation,Bea Okonkwo,Approved,Sales manager,2
PC21491,2025-01-01,20155,"Camping Tent - Private label, Case 24",Sporting Goods,Private label,60.2518,63.7583,0.0582,Increase,Promotional reset,Nikita Petrenko,Pending,Sales manager,17
PC21492,2025-04-01,20155,"Camping Tent - Private label, Case 24",Sporting Goods,Private label,63.7583,66.4235,0.0418,Increase,Customer negotiation,Priya Raghunathan,Approved,Sales manager,2
PC21493,2025-07-01,20155,"Camping Tent - Private label, Case 24",Sporting Goods,Private label,66.4235,63.2773,-0.04737,Decrease,Promotional reset,Yusuf Kandemir,Approved,Sales manager,5
PC21494,2025-10-01,20155,"Camping Tent - Private label, Case 24",Sporting Goods,Private label,63.2773,59.3611,-0.06189,Decrease,Customer negotiation,Marcus Oyelaran,Approved,Commercial director,10
PC21495,2026-01-01,20155,"Camping Tent - Private label, Case 24",Sporting Goods,Private label,59.3611,59.6882,0.00551,Increase,Annual review,Pricing team,Auto-approved,None,0
PC21496,2026-04-01,20155,"Camping Tent - Private label, Case 24",Sporting Goods,Private label,59.6882,61.0672,0.0231,Increase,Cost pass-through,Pricing team,Approved,Sales manager,1
PC21497,2023-09-01,20156,"Vitamin C Serum - Private label, Inner pack 6",Health & Beauty,Private label,17.7466,18.6031,0.04826,Increase,Competitive response,Tom Beauchemin,Approved,Sales manager,1
PC21498,2024-03-01,20156,"Vitamin C Serum - Private label, Inner pack 6",Health & Beauty,Private label,18.6031,18.0539,-0.02952,Decrease,Market correction,Marcus Oyelaran,Approved,Sales manager,2
PC21499,2024-09-01,20156,"Vitamin C Serum - Private label, Inner pack 6",Health & Beauty,Private label,18.0539,18.3614,0.01703,Increase,Competitive response,Yusuf Kandemir,Approved,Sales manager,7
PC21500,2025-03-01,20156,"Vitamin C Serum - Private label, Inner pack 6",Health & Beauty,Private label,18.3614,18.1278,-0.01272,Decrease,Customer negotiation,Priya Raghunathan,Approved,Sales manager,4
PC21501,2025-09-01,20156,"Vitamin C Serum - Private label, Inner pack 6",Health & Beauty,Private label,18.1278,18.2538,0.00695,Increase,Market correction,Hollis Marchetti,Approved,Sales manager,3
PC21502,2026-03-01,20156,"Vitamin C Serum - Private label, Inner pack 6",Health & Beauty,Private label,18.2538,18.7243,0.02578,Increase,Market correction,Jonah Stavrides,Approved,Sales manager,5
PC21503,2023-08-01,20157,"LED Floor Lamp - Premium brand, Case 12",Home & Kitchen,Premium brand,24.5125,23.19,-0.05395,Decrease,Customer negotiation,Hollis Marchetti,Rejected,Sales manager,5
PC21504,2024-02-01,20157,"LED Floor Lamp - Premium brand, Case 12",Home & Kitchen,Premium brand,23.19,23.0311,-0.00685,Decrease,Market correction,Alix Fontaine,Approved,Sales manager,5
PC21505,2024-08-01,20157,"LED Floor Lamp - Premium brand, Case 12",Home & Kitchen,Premium brand,23.0311,22.9861,-0.00195,Decrease,Market correction,Priya Raghunathan,Approved,Sales manager,2
PC21506,2025-02-01,20157,"LED Floor Lamp - Premium brand, Case 12",Home & Kitchen,Premium brand,22.9861,21.3292,-0.07208,Decrease,Market correction,Dana Whitfield,Approved,Commercial director,3
PC21507,2025-08-01,20157,"LED Floor Lamp - Premium brand, Case 12",Home & Kitchen,Premium brand,21.3292,23.317,0.0932,Increase,Cost pass-through,Pricing team,Approved,Commercial director,7
PC21508,2026-02-01,20157,"LED Floor Lamp - Premium brand, Case 12",Home & Kitchen,Premium brand,23.317,20.666,-0.11369,Decrease,Customer negotiation,Hollis Marchetti,Approved,Commercial director,2
PC21509,2023-10-01,20158,"Blender - Premium brand, Each",Home & Kitchen,Premium brand,42.6749,42.8112,0.00319,Increase,Cost pass-through,Pricing team,Auto-approved,None,0
PC21510,2024-01-01,20158,"Blender - Premium brand, Each",Home & Kitchen,Premium brand,42.8112,42.6831,-0.00299,Decrease,Market correction,Dana Whitfield,Approved,Sales manager,2
PC21511,2024-04-01,20158,"Blender - Premium brand, Each",Home & Kitchen,Premium brand,42.6831,47.7697,0.11917,Increase,Market correction,Marcus Oyelaran,Pending,Commercial director,1
PC21512,2024-07-01,20158,"Blender - Premium brand, Each",Home & Kitchen,Premium brand,47.7697,48.7974,0.02151,Increase,Annual review,Pricing team,Approved,Sales manager,1
PC21513,2024-10-01,20158,"Blender - Premium brand, Each",Home & Kitchen,Premium brand,48.7974,51.9653,0.06492,Increase,Annual review,Pricing team,Approved,Commercial director,11
PC21514,2025-01-01,20158,"Blender - Premium brand, Each",Home & Kitchen,Premium brand,51.9653,39.751,-0.23505,Decrease,Market correction,Dana Whitfield,Approved,Commercial director,1
PC21515,2025-04-01,20158,"Blender - Premium brand, Each",Home & Kitchen,Premium brand,39.751,41.0843,0.03354,Increase,Annual review,Pricing team,Approved,Sales manager,1
PC21516,2025-07-01,20158,"Blender - Premium brand, Each",Home & Kitchen,Premium brand,41.0843,40.1864,-0.02186,Decrease,Customer negotiation,Hollis Marchetti,Pending,Sales manager,2
PC21517,2025-10-01,20158,"Blender - Premium brand, Each",Home & Kitchen,Premium brand,40.1864,37.0261,-0.07864,Decrease,Customer negotiation,Marcus Oyelaran,Approved,Commercial director,1
PC21518,2026-01-01,20158,"Blender - Premium brand, Each",Home & Kitchen,Premium brand,37.0261,36.0268,-0.02699,Decrease,Competitive response,Alix Fontaine,Rejected,Sales manager,4
PC21519,2026-04-01,20158,"Blender - Premium brand, Each",Home & Kitchen,Premium brand,36.0268,37.6985,0.0464,Increase,Cost pass-through,Pricing team,Pending,Sales manager,6
PC21520,2023-08-01,20159,"Gel Pens - Private label, Inner pack 6",Office & Stationery,Private label,11.5802,12.4073,0.07142,Increase,Cost pass-through,Pricing team,Approved,Commercial director,8
PC21521,2023-10-01,20160,"Sunscreen SPF50 - National brand, Case 24",Health & Beauty,National brand,25.4782,26.1691,0.02712,Increase,Cost pass-through,Pricing team,Pending,Sales manager,2
PC21522,2024-01-01,20160,"Sunscreen SPF50 - National brand, Case 24",Health & Beauty,National brand,26.1691,26.3553,0.00712,Increase,Market correction,Tom Beauchemin,Approved,Sales manager,1
PC21523,2024-04-01,20160,"Sunscreen SPF50 - National brand, Case 24",Health & Beauty,National brand,26.3553,26.8047,0.01705,Increase,Annual review,Pricing team,Auto-approved,None,0
PC21524,2024-07-01,20160,"Sunscreen SPF50 - National brand, Case 24",Health & Beauty,National brand,26.8047,27.7835,0.03652,Increase,Cost pass-through,Pricing team,Approved,Sales manager,1
PC21525,2024-10-01,20160,"Sunscreen SPF50 - National brand, Case 24",Health & Beauty,National brand,27.7835,28.3068,0.01883,Increase,Cost pass-through,Pricing team,Auto-approved,None,0
PC21526,2025-01-01,20160,"Sunscreen SPF50 - National brand, Case 24",Health & Beauty,National brand,28.3068,28.8877,0.02052,Increase,Cost pass-through,Pricing team,Approved,Sales manager,1
PC21527,2025-04-01,20160,"Sunscreen SPF50 - National brand, Case 24",Health & Beauty,National brand,28.8877,27.1846,-0.05896,Decrease,Competitive response,Tom Beauchemin,Pending,Sales manager,5
PC21528,2025-07-01,20160,"Sunscreen SPF50 - National brand, Case 24",Health & Beauty,National brand,27.1846,27.9404,0.0278,Increase,Cost pass-through,Pricing team,Approved,Sales manager,2
PC21529,2025-10-01,20160,"Sunscreen SPF50 - National brand, Case 24",Health & Beauty,National brand,27.9404,27.6683,-0.00974,Decrease,Market correction,Rowan Achterberg,Approved,Sales manager,3
PC21530,2026-01-01,20160,"Sunscreen SPF50 - National brand, Case 24",Health & Beauty,National brand,27.6683,29.5746,0.0689,Increase,Cost pass-through,Pricing team,Approved,Commercial director,1
PC21531,2026-04-01,20160,"Sunscreen SPF50 - National brand, Case 24",Health & Beauty,National brand,29.5746,29.3215,-0.00856,Decrease,Customer negotiation,Simone Delacroix,Pending,Sales manager,4
PC21532,2023-08-01,20161,"LED Floor Lamp - National brand, Case 12",Home & Kitchen,National brand,62.7271,63.5071,0.01243,Increase,Annual review,Pricing team,Auto-approved,None,0
PC21533,2023-11-01,20161,"LED Floor Lamp - National brand, Case 12",Home & Kitchen,National brand,63.5071,56.7171,-0.10692,Decrease,Competitive response,Marcus Oyelaran,Approved,Commercial director,4
PC21534,2024-02-01,20161,"LED Floor Lamp - National brand, Case 12",Home & Kitchen,National brand,56.7171,57.287,0.01005,Increase,Cost pass-through,Pricing team,Auto-approved,None,0
PC21535,2024-05-01,20161,"LED Floor Lamp - National brand, Case 12",Home & Kitchen,National brand,57.287,51.9676,-0.09286,Decrease,Customer negotiation,Jonah Stavrides,Approved,Commercial director,1
PC21536,2024-08-01,20161,"LED Floor Lamp - National brand, Case 12",Home & Kitchen,National brand,51.9676,52.4156,0.00862,Increase,Cost pass-through,Pricing team,Auto-approved,None,0
PC21537,2024-11-01,20161,"LED Floor Lamp - National brand, Case 12",Home & Kitchen,National brand,52.4156,52.9752,0.01068,Increase,Annual review,Pricing team,Auto-approved,None,0
PC21538,2025-02-01,20161,"LED Floor Lamp - National brand, Case 12",Home & Kitchen,National brand,52.9752,53.2154,0.00453,Increase,Annual review,Pricing team,Auto-approved,None,0
PC21539,2025-05-01,20161,"LED Floor Lamp - National brand, Case 12",Home & Kitchen,National brand,53.2154,57.9968,0.08985,Increase,Cost pass-through,Pricing team,Approved,Commercial director,3
PC21540,2025-08-01,20161,"LED Floor Lamp - National brand, Case 12",Home & Kitchen,National brand,57.9968,56.8337,-0.02005,Decrease,Promotional reset,Rowan Achterberg,Approved,Sales manager,3
PC21541,2025-11-01,20161,"LED Floor Lamp - National brand, Case 12",Home & Kitchen,National brand,56.8337,52.4559,-0.07703,Decrease,Promotional reset,Simone Delacroix,Approved,Commercial director,5
PC21542,2026-02-01,20161,"LED Floor Lamp - National brand, Case 12",Home & Kitchen,National brand,52.4559,54.1835,0.03293,Increase,Cost pass-through,Pricing team,Approved,Sales manager,1
PC21543,2026-05-01,20161,"LED Floor Lamp - National brand, Case 12",Home & Kitchen,National brand,54.1835,55.5327,0.0249,Increase,Cost pass-through,Pricing team,Approved,Sales manager,2
PC21544,2023-10-01,20162,"Electric Toothbrush - National brand, Case 12",Health & Beauty,National brand,19.6729,22.798,0.15885,Increase,Customer negotiation,Tom Beauchemin,Rejected,Commercial director,1
PC21545,2024-01-01,20162,"Electric Toothbrush - National brand, Case 12",Health & Beauty,National brand,22.798,23.4117,0.02692,Increase,Cost pass-through,Pricing team,Approved,Sales manager,5
PC21546,2024-04-01,20162,"Electric Toothbrush - National brand, Case 12",Health & Beauty,National brand,23.4117,23.0332,-0.01617,Decrease,Customer negotiation,Hollis Marchetti,Approved,Sales manager,6
PC21547,2024-07-01,20162,"Electric Toothbrush - National brand, Case 12",Health & Beauty,National brand,23.0332,25.0604,0.08801,Increase,Competitive response,Tom Beauchemin,Approved,Commercial director,5
PC21548,2024-10-01,20162,"Electric Toothbrush - National brand, Case 12",Health & Beauty,National brand,25.0604,26.675,0.06443,Increase,Annual review,Pricing team,Approved,Commercial director,1
PC21549,2025-01-01,20162,"Electric Toothbrush - National brand, Case 12",Health & Beauty,National brand,26.675,25.3945,-0.048,Decrease,Market correction,Hollis Marchetti,Approved,Sales manager,1
PC21550,2025-04-01,20162,"Electric Toothbrush - National brand, Case 12",Health & Beauty,National brand,25.3945,24.6029,-0.03117,Decrease,Customer negotiation,Nikita Petrenko,Pending,Sales manager,15
PC21551,2025-07-01,20162,"Electric Toothbrush - National brand, Case 12",Health & Beauty,National brand,24.6029,25.9735,0.05571,Increase,Annual review,Pricing team,Approved,Sales manager,9
PC21552,2025-10-01,20162,"Electric Toothbrush - National brand, Case 12",Health & Beauty,National brand,25.9735,27.6891,0.06605,Increase,Cost pass-through,Pricing team,Approved,Commercial director,8
PC21553,2026-01-01,20162,"Electric Toothbrush - National brand, Case 12",Health & Beauty,National brand,27.6891,30.3849,0.09736,Increase,Competitive response,Yusuf Kandemir,Approved,Commercial director,2
PC21554,2026-04-01,20162,"Electric Toothbrush - National brand, Case 12",Health & Beauty,National brand,30.3849,31.47,0.03571,Increase,Annual review,Pricing team,Approved,Sales manager,2
PC21555,2023-08-01,20163,"Storage Bins - Value, Bulk pallet 144",Home & Kitchen,Value,16.8349,15.288,-0.09189,Decrease,Competitive response,Marcus Oyelaran,Approved,Commercial director,5
PC21556,2023-11-01,20163,"Storage Bins - Value, Bulk pallet 144",Home & Kitchen,Value,15.288,12.7928,-0.16321,Decrease,Customer negotiation,Jonah Stavrides,Approved,Commercial director,5
PC21557,2024-02-01,20163,"Storage Bins - Value, Bulk pallet 144",Home & Kitchen,Value,12.7928,13.2496,0.03571,Increase,Competitive response,Marcus Oyelaran,Approved,Sales manager,6
PC21558,2024-05-01,20163,"Storage Bins - Value, Bulk pallet 144",Home & Kitchen,Value,13.2496,13.0286,-0.01668,Decrease,Customer negotiation,Jonah Stavrides,Approved,Sales manager,4
PC21559,2024-08-01,20163,"Storage Bins - Value, Bulk pallet 144",Home & Kitchen,Value,13.0286,13.1233,0.00727,Increase,Competitive response,Tom Beauchemin,Approved,Sales manager,1
PC21560,2024-11-01,20163,"Storage Bins - Value, Bulk pallet 144",Home & Kitchen,Value,13.1233,12.5485,-0.0438,Decrease,Customer negotiation,Bea Okonkwo,Approved,Sales manager,1
PC21561,2025-02-01,20163,"Storage Bins - Value, Bulk pallet 144",Home & Kitchen,Value,12.5485,12.7286,0.01435,Increase,Cost pass-through,Pricing team,Auto-approved,None,0
PC21562,2025-05-01,20163,"Storage Bins - Value, Bulk pallet 144",Home & Kitchen,Value,12.7286,13.4506,0.05672,Increase,Market correction,Yusuf Kandemir,Rejected,Sales manager,1
PC21563,2025-08-01,20163,"Storage Bins - Value, Bulk pallet 144",Home & Kitchen,Value,13.4506,13.9147,0.0345,Increase,Annual review,Pricing team,Approved,Sales manager,3
PC21564,2025-11-01,20163,"Storage Bins - Value, Bulk pallet 144",Home & Kitchen,Value,13.9147,11.7496,-0.1556,Decrease,Annual review,Pricing team,Approved,Commercial director,1
PC21565,2026-02-01,20163,"Storage Bins - Value, Bulk pallet 144",Home & Kitchen,Value,11.7496,12.285,0.04557,Increase,Cost pass-through,Pricing team,Approved,Sales manager,3
PC21566,2026-05-01,20163,"Storage Bins - Value, Bulk pallet 144",Home & Kitchen,Value,12.285,12.9619,0.0551,Increase,Market correction,Bea Okonkwo,Approved,Sales manager,8
PC21567,2023-09-01,20164,"27in Monitor - Value, Inner pack 6",Consumer Electronics,Value,107.4345,109.4127,0.01841,Increase,Cost pass-through,Pricing team,Auto-approved,None,0
PC21568,2023-12-01,20164,"27in Monitor - Value, Inner pack 6",Consumer Electronics,Value,109.4127,88.8794,-0.18767,Decrease,Customer negotiation,Tom Beauchemin,Approved,Commercial director,1
PC21569,2024-03-01,20164,"27in Monitor - Value, Inner pack 6",Consumer Electronics,Value,88.8794,84.8037,-0.04586,Decrease,Annual review,Pricing team,Rejected,Sales manager,1
PC21570,2024-06-01,20164,"27in Monitor - Value, Inner pack 6",Consumer Electronics,Value,84.8037,81.522,-0.0387,Decrease,Competitive response,Bea Okonkwo,Rejected,Sales manager,6
PC21571,2024-09-01,20164,"27in Monitor - Value, Inner pack 6",Consumer Electronics,Value,81.522,79.9118,-0.01975,Decrease,Market correction,Alix Fontaine,Approved,Sales manager,3
PC21572,2024-12-01,20164,"27in Monitor - Value, Inner pack 6",Consumer Electronics,Value,79.9118,84.7361,0.06037,Increase,Promotional reset,Hollis Marchetti,Approved,Commercial director,1
PC21573,2025-03-01,20164,"27in Monitor - Value, Inner pack 6",Consumer Electronics,Value,84.7361,79.2554,-0.06468,Decrease,Market correction,Marcus Oyelaran,Approved,Commercial director,3
PC21574,2025-06-01,20164,"27in Monitor - Value, Inner pack 6",Consumer Electronics,Value,79.2554,74.7482,-0.05687,Decrease,Market correction,Alix Fontaine,Rejected,Sales manager,8
PC21575,2025-09-01,20164,"27in Monitor - Value, Inner pack 6",Consumer Electronics,Value,74.7482,77.7982,0.0408,Increase,Cost pass-through,Pricing team,Approved,Sales manager,3
PC21576,2025-12-01,20164,"27in Monitor - Value, Inner pack 6",Consumer Electronics,Value,77.7982,75.4857,-0.02972,Decrease,Competitive response,Simone Delacroix,Approved,Sales manager,2
PC21577,2026-03-01,20164,"27in Monitor - Value, Inner pack 6",Consumer Electronics,Value,75.4857,66.7001,-0.11639,Decrease,Competitive response,Dana Whitfield,Approved,Commercial director,2
PC21578,2026-06-01,20164,"27in Monitor - Value, Inner pack 6",Consumer Electronics,Value,66.7001,63.3228,-0.05063,Decrease,Competitive response,Priya Raghunathan,Approved,Sales manager,2
PC21579,2023-10-01,20165,"Wireless Earbuds - National brand, Each",Consumer Electronics,National brand,50.8525,48.0028,-0.05604,Decrease,Annual review,Pricing team,Approved,Sales manager,2
PC21580,2024-01-01,20165,"Wireless Earbuds - National brand, Each",Consumer Electronics,National brand,48.0028,49.5932,0.03313,Increase,Market correction,Priya Raghunathan,Pending,Sales manager,5
PC21581,2024-04-01,20165,"Wireless Earbuds - National brand, Each",Consumer Electronics,National brand,49.5932,47.912,-0.0339,Decrease,Competitive response,Bea Okonkwo,Approved,Sales manager,2
PC21582,2024-07-01,20165,"Wireless Earbuds - National brand, Each",Consumer Electronics,National brand,47.912,47.6072,-0.00636,Decrease,Annual review,Pricing team,Auto-approved,None,0
PC21583,2024-10-01,20165,"Wireless Earbuds - National brand, Each",Consumer Electronics,National brand,47.6072,47.8821,0.00577,Increase,Annual review,Pricing team,Auto-approved,None,0
PC21584,2025-01-01,20165,"Wireless Earbuds - National brand, Each",Consumer Electronics,National brand,47.8821,41.7095,-0.12891,Decrease,Customer negotiation,Tom Beauchemin,Approved,Commercial director,2
PC21585,2025-04-01,20165,"Wireless Earbuds - National brand, Each",Consumer Electronics,National brand,41.7095,40.7798,-0.02229,Decrease,Promotional reset,Hollis Marchetti,Approved,Sales manager,1
PC21586,2025-07-01,20165,"Wireless Earbuds - National brand, Each",Consumer Electronics,National brand,40.7798,44.1294,0.08214,Increase,Cost pass-through,Pricing team,Approved,Commercial director,4
PC21587,2025-10-01,20165,"Wireless Earbuds - National brand, Each",Consumer Electronics,National brand,44.1294,43.0099,-0.02537,Decrease,Market correction,Rowan Achterberg,Approved,Sales manager,6
PC21588,2026-01-01,20165,"Wireless Earbuds - National brand, Each",Consumer Electronics,National brand,43.0099,40.2476,-0.06422,Decrease,Promotional reset,Yusuf Kandemir,Approved,Commercial director,3
PC21589,2026-04-01,20165,"Wireless Earbuds - National brand, Each",Consumer Electronics,National brand,40.2476,37.3049,-0.07311,Decrease,Promotional reset,Yusuf Kandemir,Approved,Commercial director,2
PC21590,2023-09-01,20166,"Electric Toothbrush - National brand, Bulk pallet 144",Health & Beauty,National brand,13.4661,13.3712,-0.00705,Decrease,Customer negotiation,Dana Whitfield,Approved,Sales manager,2
PC21591,2023-12-01,20166,"Electric Toothbrush - National brand, Bulk pallet 144",Health & Beauty,National brand,13.3712,12.822,-0.04107,Decrease,Customer negotiation,Nikita Petrenko,Approved,Sales manager,1
PC21592,2024-03-01,20166,"Electric Toothbrush - National brand, Bulk pallet 144",Health & Beauty,National brand,12.822,12.9552,0.01039,Increase,Cost pass-through,Pricing team,Auto-approved,None,0
PC21593,2024-06-01,20166,"Electric Toothbrush - National brand, Bulk pallet 144",Health & Beauty,National brand,12.9552,12.498,-0.03529,Decrease,Customer negotiation,Alix Fontaine,Approved,Sales manager,1
PC21594,2024-09-01,20166,"Electric Toothbrush - National brand, Bulk pallet 144",Health & Beauty,National brand,12.498,12.9268,0.03431,Increase,Cost pass-through,Pricing team,Approved,Sales manager,1
PC21595,2024-12-01,20166,"Electric Toothbrush - National brand, Bulk pallet 144",Health & Beauty,National brand,12.9268,12.6683,-0.02,Decrease,Customer negotiation,Priya Raghunathan,Approved,Sales manager,1
PC21596,2025-03-01,20166,"Electric Toothbrush - National brand, Bulk pallet 144",Health & Beauty,National brand,12.6683,12.2006,-0.03692,Decrease,Market correction,Hollis Marchetti,Approved,Sales manager,11
PC21597,2025-06-01,20166,"Electric Toothbrush - National brand, Bulk pallet 144",Health & Beauty,National brand,12.2006,11.3324,-0.07116,Decrease,Annual review,Pricing team,Approved,Commercial director,4
PC21598,2025-09-01,20166,"Electric Toothbrush - National brand, Bulk pallet 144",Health & Beauty,National brand,11.3324,11.5159,0.01619,Increase,Cost pass-through,Pricing team,Auto-approved,None,0
PC21599,2025-12-01,20166,"Electric Toothbrush - National brand, Bulk pallet 144",Health & Beauty,National brand,11.5159,12.1747,0.05721,Increase,Market correction,Alix Fontaine,Approved,Sales manager,2
PC21600,2026-03-01,20166,"Electric Toothbrush - National brand, Bulk pallet 144",Health & Beauty,National brand,12.1747,12.465,0.02384,Increase,Customer negotiation,Bea Okonkwo,Rejected,Sales manager,2
PC21601,2026-06-01,20166,"Electric Toothbrush - National brand, Bulk pallet 144",Health & Beauty,National brand,12.465,12.3716,-0.00749,Decrease,Competitive response,Hollis Marchetti,Approved,Sales manager,13
PC21602,2023-08-01,20167,"Pet Bed - Private label, Bulk pallet 144",Pet Supplies,Private label,18.7135,18.252,-0.02466,Decrease,Cost pass-through,Pricing team,Approved,Sales manager,4
PC21603,2023-11-01,20167,"Pet Bed - Private label, Bulk pallet 144",Pet Supplies,Private label,18.252,17.727,-0.02876,Decrease,Market correction,Bea Okonkwo,Approved,Sales manager,1
PC21604,2024-02-01,20167,"Pet Bed - Private label, Bulk pallet 144",Pet Supplies,Private label,17.727,17.7157,-0.00064,Decrease,Market correction,Bea Okonkwo,Approved,Sales manager,2
PC21605,2024-05-01,20167,"Pet Bed - Private label, Bulk pallet 144",Pet Supplies,Private label,17.7157,17.7565,0.0023,Increase,Cost pass-through,Pricing team,Auto-approved,None,0
PC21606,2024-08-01,20167,"Pet Bed - Private label, Bulk pallet 144",Pet Supplies,Private label,17.7565,17.562,-0.01095,Decrease,Customer negotiation,Nikita Petrenko,Approved,Sales manager,1
PC21607,2024-11-01,20167,"Pet Bed - Private label, Bulk pallet 144",Pet Supplies,Private label,17.562,18.0717,0.02902,Increase,Cost pass-through,Pricing team,Approved,Sales manager,1
PC21608,2025-02-01,20167,"Pet Bed - Private label, Bulk pallet 144",Pet Supplies,Private label,18.0717,18.117,0.00251,Increase,Cost pass-through,Pricing team,Auto-approved,None,0
PC21609,2025-05-01,20167,"Pet Bed - Private label, Bulk pallet 144",Pet Supplies,Private label,18.117,18.1095,-0.00041,Decrease,Customer negotiation,Bea Okonkwo,Approved,Sales manager,6
PC21610,2025-08-01,20167,"Pet Bed - Private label, Bulk pallet 144",Pet Supplies,Private label,18.1095,17.1582,-0.05253,Decrease,Customer negotiation,Marcus Oyelaran,Approved,Sales manager,3
PC21611,2025-11-01,20167,"Pet Bed - Private label, Bulk pallet 144",Pet Supplies,Private label,17.1582,17.1679,0.00057,Increase,Annual review,Pricing team,Auto-approved,None,0
PC21612,2026-02-01,20167,"Pet Bed - Private label, Bulk pallet 144",Pet Supplies,Private label,17.1679,17.8308,0.03861,Increase,Annual review,Pricing team,Rejected,Sales manager,4
PC21613,2026-05-01,20167,"Pet Bed - Private label, Bulk pallet 144",Pet Supplies,Private label,17.8308,17.502,-0.01844,Decrease,Cost pass-through,Pricing team,Auto-approved,None,0
PC21614,2023-09-01,20168,"Vacuum Sealer - Premium brand, Inner pack 6",Home & Kitchen,Premium brand,126.7647,125.2574,-0.01189,Decrease,Customer negotiation,Hollis Marchetti,Approved,Sales manager,2
PC21615,2023-10-01,20169,"Grooming Kit - Premium brand, Case 12",Pet Supplies,Premium brand,22.4556,21.8794,-0.02566,Decrease,Market correction,Hollis Marchetti,Rejected,Sales manager,3
PC21616,2024-01-01,20169,"Grooming Kit - Premium brand, Case 12",Pet Supplies,Premium brand,21.8794,22.1471,0.01224,Increase,Promotional reset,Priya Raghunathan,Approved,Sales manager,1
PC21617,2024-04-01,20169,"Grooming Kit - Premium brand, Case 12",Pet Supplies,Premium brand,22.1471,23.7529,0.07251,Increase,Customer negotiation,Dana Whitfield,Pending,Commercial director,3
PC21618,2024-07-01,20169,"Grooming Kit - Premium brand, Case 12",Pet Supplies,Premium brand,23.7529,24.7013,0.03993,Increase,Cost pass-through,Pricing team,Approved,Sales manager,2
PC21619,2024-10-01,20169,"Grooming Kit - Premium brand, Case 12",Pet Supplies,Premium brand,24.7013,23.9114,-0.03198,Decrease,Market correction,Yusuf Kandemir,Approved,Sales manager,2
PC21620,2025-01-01,20169,"Grooming Kit - Premium brand, Case 12",Pet Supplies,Premium brand,23.9114,23.2237,-0.02876,Decrease,Customer negotiation,Tom Beauchemin,Approved,Sales manager,4
PC21621,2025-04-01,20169,"Grooming Kit - Premium brand, Case 12",Pet Supplies,Premium brand,23.2237,23.337,0.00488,Increase,Customer negotiation,Tom Beauchemin,Approved,Sales manager,3
PC21622,2025-07-01,20169,"Grooming Kit - Premium brand, Case 12",Pet Supplies,Premium brand,23.337,23.879,0.02322,Increase,Market correction,Marcus Oyelaran,Approved,Sales manager,2
PC21623,2025-10-01,20169,"Grooming Kit - Premium brand, Case 12",Pet Supplies,Premium brand,23.879,24.2767,0.01665,Increase,Annual review,Pricing team,Auto-approved,None,0
PC21624,2026-01-01,20169,"Grooming Kit - Premium brand, Case 12",Pet Supplies,Premium brand,24.2767,24.3191,0.00175,Increase,Annual review,Pricing team,Auto-approved,None,0
PC21625,2026-04-01,20169,"Grooming Kit - Premium brand, Case 12",Pet Supplies,Premium brand,24.3191,24.7082,0.016,Increase,Annual review,Pricing team,Auto-approved,None,0
PC21626,2023-09-01,20170,"Safety Glasses - Premium brand, Case 24",Tools & Hardware,Premium brand,36.8397,36.8909,0.00139,Increase,Cost pass-through,Pricing team,Auto-approved,None,0
PC21627,2023-12-01,20170,"Safety Glasses - Premium brand, Case 24",Tools & Hardware,Premium brand,36.8909,38.7535,0.05049,Increase,Cost pass-through,Pricing team,Approved,Sales manager,6
PC21628,2024-03-01,20170,"Safety Glasses - Premium brand, Case 24",Tools & Hardware,Premium brand,38.7535,37.8679,-0.02285,Decrease,Cost pass-through,Pricing team,Approved,Sales manager,3
PC21629,2024-06-01,20170,"Safety Glasses - Premium brand, Case 24",Tools & Hardware,Premium brand,37.8679,34.5411,-0.08785,Decrease,Competitive response,Tom Beauchemin,Approved,Commercial director,2
PC21630,2024-09-01,20170,"Safety Glasses - Premium brand, Case 24",Tools & Hardware,Premium brand,34.5411,31.3935,-0.09113,Decrease,Market correction,Tom Beauchemin,Approved,Commercial director,3
PC21631,2024-12-01,20170,"Safety Glasses - Premium brand, Case 24",Tools & Hardware,Premium brand,31.3935,33.9931,0.08281,Increase,Cost pass-through,Pricing team,Approved,Commercial director,2
PC21632,2025-03-01,20170,"Safety Glasses - Premium brand, Case 24",Tools & Hardware,Premium brand,33.9931,34.8832,0.02618,Increase,Customer negotiation,Yusuf Kandemir,Approved,Sales manager,7
PC21633,2025-06-01,20170,"Safety Glasses - Premium brand, Case 24",Tools & Hardware,Premium brand,34.8832,36.1918,0.03751,Increase,Market correction,Yusuf Kandemir,Rejected,Sales manager,3
PC21634,2025-09-01,20170,"Safety Glasses - Premium brand, Case 24",Tools & Hardware,Premium brand,36.1918,38.3254,0.05895,Increase,Annual review,Pricing team,Approved,Sales manager,2
PC21635,2025-12-01,20170,"Safety Glasses - Premium brand, Case 24",Tools & Hardware,Premium brand,38.3254,42.8653,0.11846,Increase,Cost pass-through,Pricing team,Approved,Commercial director,2
PC21636,2026-03-01,20170,"Safety Glasses - Premium brand, Case 24",Tools & Hardware,Premium brand,42.8653,47.5117,0.1084,Increase,Cost pass-through,Pricing team,Approved,Commercial director,3
PC21637,2026-06-01,20170,"Safety Glasses - Premium brand, Case 24",Tools & Hardware,Premium brand,47.5117,46.0166,-0.03147,Decrease,Promotional reset,Jonah Stavrides,Approved,Sales manager,5
PC21638,2023-08-01,20171,"Body Wash - Value, Each",Health & Beauty,Value,15.9213,14.315,-0.10089,Decrease,Promotional reset,Marcus Oyelaran,Approved,Commercial director,4
PC21639,2023-11-01,20171,"Body Wash - Value, Each",Health & Beauty,Value,14.315,13.561,-0.05267,Decrease,Market correction,Tom Beauchemin,Approved,Sales manager,1
PC21640,2024-02-01,20171,"Body Wash - Value, Each",Health & Beauty,Value,13.561,13.2645,-0.02186,Decrease,Customer negotiation,Priya Raghunathan,Approved,Sales manager,1
PC21641,2024-05-01,20171,"Body Wash - Value, Each",Health & Beauty,Value,13.2645,13.4602,0.01475,Increase,Cost pass-through,Pricing team,Auto-approved,None,0
PC21642,2024-07-01,20171,"Body Wash - Value, Each",Health & Beauty,Value,13.4602,18.2272,0.35416,Increase,Market correction,Yusuf Kandemir,Approved,Commercial director,4
PC21643,2024-08-01,20171,"Body Wash - Value, Each",Health & Beauty,Value,18.2272,18.8381,0.03352,Increase,Annual review,Pricing team,Approved,Sales manager,1
PC21644,2024-11-01,20171,"Body Wash - Value, Each",Health & Beauty,Value,18.8381,18.1674,-0.0356,Decrease,Annual review,Pricing team,Rejected,Sales manager,4
PC21645,2025-02-01,20171,"Body Wash - Value, Each",Health & Beauty,Value,18.1674,18.5115,0.01894,Increase,Market correction,Yusuf Kandemir,Approved,Sales manager,8
PC21646,2025-05-01,20171,"Body Wash - Value, Each",Health & Beauty,Value,18.5115,18.2132,-0.01611,Decrease,Competitive response,Tom Beauchemin,Approved,Sales manager,5
PC21647,2025-08-01,20171,"Body Wash - Value, Each",Health & Beauty,Value,18.2132,18.3176,0.00573,Increase,Cost pass-through,Pricing team,Auto-approved,None,0
PC21648,2025-11-01,20171,"Body Wash - Value, Each",Health & Beauty,Value,18.3176,15.3178,-0.16377,Decrease,Cost pass-through,Pricing team,Approved,Commercial director,1
PC21649,2026-02-01,20171,"Body Wash - Value, Each",Health & Beauty,Value,15.3178,15.0999,-0.01423,Decrease,Customer negotiation,Priya Raghunathan,Approved,Sales manager,4
PC21650,2026-04-01,20171,"Body Wash - Value, Each",Health & Beauty,Value,15.0999,21.1959,0.40371,Increase,Market correction,Yusuf Kandemir,Approved,Commercial director,1
PC21651,2026-05-01,20171,"Body Wash - Value, Each",Health & Beauty,Value,21.1959,20.9909,-0.00967,Decrease,Customer negotiation,Dana Whitfield,Approved,Sales manager,4
PC21652,2023-10-01,20172,"Work Gloves - Value, Master carton 48",Tools & Hardware,Value,45.5735,44.7244,-0.01863,Decrease,Market correction,Alix Fontaine,Approved,Sales manager,5
PC21653,2024-01-01,20172,"Work Gloves - Value, Master carton 48",Tools & Hardware,Value,44.7244,42.9103,-0.04056,Decrease,Customer negotiation,Simone Delacroix,Pending,Sales manager,2
PC21654,2024-04-01,20172,"Work Gloves - Value, Master carton 48",Tools & Hardware,Value,42.9103,41.1521,-0.04097,Decrease,Annual review,Pricing team,Approved,Sales manager,2
PC21655,2024-07-01,20172,"Work Gloves - Value, Master carton 48",Tools & Hardware,Value,41.1521,38.8038,-0.05706,Decrease,Customer negotiation,Simone Delacroix,Approved,Sales manager,3
PC21656,2024-10-01,20172,"Work Gloves - Value, Master carton 48",Tools & Hardware,Value,38.8038,35.9254,-0.07418,Decrease,Cost pass-through,Pricing team,Approved,Commercial director,5
PC21657,2025-01-01,20172,"Work Gloves - Value, Master carton 48",Tools & Hardware,Value,35.9254,33.8808,-0.05691,Decrease,Market correction,Jonah Stavrides,Approved,Sales manager,1
PC21658,2025-04-01,20172,"Work Gloves - Value, Master carton 48",Tools & Hardware,Value,33.8808,34.6083,0.02147,Increase,Cost pass-through,Pricing team,Approved,Sales manager,2
PC21659,2025-07-01,20172,"Work Gloves - Value, Master carton 48",Tools & Hardware,Value,34.6083,33.282,-0.03832,Decrease,Market correction,Simone Delacroix,Approved,Sales manager,4
PC21660,2025-09-01,20172,"Work Gloves - Value, Master carton 48",Tools & Hardware,Value,33.282,45.4674,0.36613,Increase,Cost pass-through,Pricing team,Rejected,Commercial director,3
PC21661,2025-10-01,20172,"Work Gloves - Value, Master carton 48",Tools & Hardware,Value,45.4674,45.2378,-0.00505,Decrease,Customer negotiation,Marcus Oyelaran,Approved,Sales manager,1
PC21662,2026-01-01,20172,"Work Gloves - Value, Master carton 48",Tools & Hardware,Value,45.2378,48.4809,0.07169,Increase,Market correction,Jonah Stavrides,Approved,Commercial director,4
PC21663,2026-04-01,20172,"Work Gloves - Value, Master carton 48",Tools & Hardware,Value,48.4809,48.2446,-0.00487,Decrease,Customer negotiation,Rowan Achterberg,Approved,Sales manager,4
PC21664,2023-08-01,20173,"Nonstick Cookware Set - Value, Bulk pallet 144",Home & Kitchen,Value,34.6309,35.2618,0.01822,Increase,Annual review,Pricing team,Auto-approved,None,0
PC21665,2023-11-01,20173,"Nonstick Cookware Set - Value, Bulk pallet 144",Home & Kitchen,Value,35.2618,30.6533,-0.13069,Decrease,Annual review,Pricing team,Approved,Commercial director,7
PC21666,2024-02-01,20173,"Nonstick Cookware Set - Value, Bulk pallet 144",Home & Kitchen,Value,30.6533,29.5277,-0.03672,Decrease,Customer negotiation,Dana Whitfield,Approved,Sales manager,6
PC21667,2024-05-01,20173,"Nonstick Cookware Set - Value, Bulk pallet 144",Home & Kitchen,Value,29.5277,29.6959,0.0057,Increase,Cost pass-through,Pricing team,Auto-approved,None,0
PC21668,2024-08-01,20173,"Nonstick Cookware Set - Value, Bulk pallet 144",Home & Kitchen,Value,29.6959,30.8386,0.03848,Increase,Promotional reset,Alix Fontaine,Approved,Sales manager,3
PC21669,2024-11-01,20173,"Nonstick Cookware Set - Value, Bulk pallet 144",Home & Kitchen,Value,30.8386,29.1512,-0.05472,Decrease,Market correction,Dana Whitfield,Approved,Sales manager,1
PC21670,2025-02-01,20173,"Nonstick Cookware Set - Value, Bulk pallet 144",Home & Kitchen,Value,29.1512,27.3624,-0.06136,Decrease,Market correction,Jonah Stavrides,Approved,Commercial director,1
PC21671,2025-05-01,20173,"Nonstick Cookware Set - Value, Bulk pallet 144",Home & Kitchen,Value,27.3624,29.4159,0.07505,Increase,Promotional reset,Yusuf Kandemir,Approved,Commercial director,4
PC21672,2025-08-01,20173,"Nonstick Cookware Set - Value, Bulk pallet 144",Home & Kitchen,Value,29.4159,27.4024,-0.06845,Decrease,Customer negotiation,Rowan Achterberg,Rejected,Commercial director,2
PC21673,2025-11-01,20173,"Nonstick Cookware Set - Value, Bulk pallet 144",Home & Kitchen,Value,27.4024,24.2461,-0.11518,Decrease,Cost pass-through,Pricing team,Approved,Commercial director,8
PC21674,2026-02-01,20173,"Nonstick Cookware Set - Value, Bulk pallet 144",Home & Kitchen,Value,24.2461,24.4655,0.00905,Increase,Cost pass-through,Pricing team,Auto-approved,None,0
PC21675,2026-05-01,20173,"Nonstick Cookware Set - Value, Bulk pallet 144",Home & Kitchen,Value,24.4655,26.0928,0.06651,Increase,Market correction,Yusuf Kandemir,Approved,Commercial director,11
PC21676,2023-08-01,20174,"Socket Set - National brand, Each",Tools & Hardware,National brand,36.6997,33.942,-0.07514,Decrease,Market correction,Alix Fontaine,Approved,Commercial director,3
PC21677,2023-09-01,20175,"Nonstick Cookware Set - Private label, Bulk pallet 144",Home & Kitchen,Private label,44.5918,41.8864,-0.06067,Decrease,Promotional reset,Nikita Petrenko,Approved,Commercial director,3
PC21678,2023-12-01,20175,"Nonstick Cookware Set - Private label, Bulk pallet 144",Home & Kitchen,Private label,41.8864,41.6545,-0.00554,Decrease,Competitive response,Priya Raghunathan,Approved,Sales manager,1
PC21679,2024-03-01,20175,"Nonstick Cookware Set - Private label, Bulk pallet 144",Home & Kitchen,Private label,41.6545,44.0437,0.05736,Increase,Market correction,Hollis Marchetti,Approved,Sales manager,6
PC21680,2024-06-01,20175,"Nonstick Cookware Set - Private label, Bulk pallet 144",Home & Kitchen,Private label,44.0437,43.5988,-0.0101,Decrease,Market correction,Bea Okonkwo,Approved,Sales manager,1
PC21681,2024-09-01,20175,"Nonstick Cookware Set - Private label, Bulk pallet 144",Home & Kitchen,Private label,43.5988,43.2075,-0.00898,Decrease,Customer negotiation,Rowan Achterberg,Approved,Sales manager,2
PC21682,2024-12-01,20175,"Nonstick Cookware Set - Private label, Bulk pallet 144",Home & Kitchen,Private label,43.2075,43.1988,-0.0002,Decrease,Competitive response,Bea Okonkwo,Approved,Sales manager,3
PC21683,2025-03-01,20175,"Nonstick Cookware Set - Private label, Bulk pallet 144",Home & Kitchen,Private label,43.1988,43.5622,0.00841,Increase,Market correction,Alix Fontaine,Approved,Sales manager,1
PC21684,2025-06-01,20175,"Nonstick Cookware Set - Private label, Bulk pallet 144",Home & Kitchen,Private label,43.5622,43.9412,0.0087,Increase,Cost pass-through,Pricing team,Auto-approved,None,0
PC21685,2025-09-01,20175,"Nonstick Cookware Set - Private label, Bulk pallet 144",Home & Kitchen,Private label,43.9412,41.4802,-0.05601,Decrease,Market correction,Yusuf Kandemir,Approved,Sales manager,4
PC21686,2025-12-01,20175,"Nonstick Cookware Set - Private label, Bulk pallet 144",Home & Kitchen,Private label,41.4802,39.2018,-0.05493,Decrease,Customer negotiation,Yusuf Kandemir,Approved,Sales manager,1
PC21687,2026-03-01,20175,"Nonstick Cookware Set - Private label, Bulk pallet 144",Home & Kitchen,Private label,39.2018,39.547,0.00881,Increase,Cost pass-through,Pricing team,Auto-approved,None,0
PC21688,2026-06-01,20175,"Nonstick Cookware Set - Private label, Bulk pallet 144",Home & Kitchen,Private label,39.547,41.424,0.04746,Increase,Market correction,Marcus Oyelaran,Approved,Sales manager,3
PC21689,2023-08-01,20176,"Grooming Kit - Value, Case 12",Pet Supplies,Value,20.6702,19.8775,-0.03835,Decrease,Market correction,Alix Fontaine,Rejected,Sales manager,13
PC21690,2023-11-01,20176,"Grooming Kit - Value, Case 12",Pet Supplies,Value,19.8775,20.4887,0.03075,Increase,Customer negotiation,Alix Fontaine,Approved,Sales manager,6
PC21691,2024-02-01,20176,"Grooming Kit - Value, Case 12",Pet Supplies,Value,20.4887,19.8371,-0.0318,Decrease,Customer negotiation,Tom Beauchemin,Approved,Sales manager,2
PC21692,2024-05-01,20176,"Grooming Kit - Value, Case 12",Pet Supplies,Value,19.8371,21.1756,0.06747,Increase,Cost pass-through,Pricing team,Approved,Commercial director,2
PC21693,2024-08-01,20176,"Grooming Kit - Value, Case 12",Pet Supplies,Value,21.1756,23.0069,0.08648,Increase,Cost pass-through,Pricing team,Approved,Commercial director,5
PC21694,2024-11-01,20176,"Grooming Kit - Value, Case 12",Pet Supplies,Value,23.0069,24.1673,0.05044,Increase,Competitive response,Yusuf Kandemir,Approved,Sales manager,4
PC21695,2025-02-01,20176,"Grooming Kit - Value, Case 12",Pet Supplies,Value,24.1673,23.8098,-0.01479,Decrease,Annual review,Pricing team,Auto-approved,None,0
PC21696,2025-05-01,20176,"Grooming Kit - Value, Case 12",Pet Supplies,Value,23.8098,25.2445,0.06026,Increase,Annual review,Pricing team,Approved,Commercial director,2
PC21697,2025-08-01,20176,"Grooming Kit - Value, Case 12",Pet Supplies,Value,25.2445,27.7959,0.10107,Increase,Cost pass-through,Pricing team,Approved,Commercial director,7
PC21698,2025-11-01,20176,"Grooming Kit - Value, Case 12",Pet Supplies,Value,27.7959,26.3081,-0.05353,Decrease,Customer negotiation,Yusuf Kandemir,Approved,Sales manager,4
PC21699,2026-02-01,20176,"Grooming Kit - Value, Case 12",Pet Supplies,Value,26.3081,27.8072,0.05698,Increase,Cost pass-through,Pricing team,Approved,Sales manager,3
PC21700,2026-05-01,20176,"Grooming Kit - Value, Case 12",Pet Supplies,Value,27.8072,27.6641,-0.00515,Decrease,Customer negotiation,Bea Okonkwo,Approved,Sales manager,12
PC21701,2023-08-01,20177,"Gel Pens - Premium brand, Bulk pallet 144",Office & Stationery,Premium brand,19.2199,20.0495,0.04316,Increase,Annual review,Pricing team,Approved,Sales manager,5
PC21702,2023-10-01,20178,"Vitamin C Serum - Private label, Case 12",Health & Beauty,Private label,18.4804,18.5802,0.0054,Increase,Cost pass-through,Pricing team,Auto-approved,None,0
PC21703,2024-01-01,20178,"Vitamin C Serum - Private label, Case 12",Health & Beauty,Private label,18.5802,17.2994,-0.06893,Decrease,Customer negotiation,Alix Fontaine,Approved,Commercial director,4
PC21704,2024-04-01,20178,"Vitamin C Serum - Private label, Case 12",Health & Beauty,Private label,17.2994,16.1518,-0.06634,Decrease,Market correction,Tom Beauchemin,Approved,Commercial director,4
PC21705,2024-07-01,20178,"Vitamin C Serum - Private label, Case 12",Health & Beauty,Private label,16.1518,15.6428,-0.03151,Decrease,Promotional reset,Nikita Petrenko,Approved,Sales manager,2
PC21706,2024-10-01,20178,"Vitamin C Serum - Private label, Case 12",Health & Beauty,Private label,15.6428,14.2462,-0.08928,Decrease,Customer negotiation,Nikita Petrenko,Approved,Commercial director,13
PC21707,2025-01-01,20178,"Vitamin C Serum - Private label, Case 12",Health & Beauty,Private label,14.2462,14.3544,0.0076,Increase,Cost pass-through,Pricing team,Auto-approved,None,0
PC21708,2025-04-01,20178,"Vitamin C Serum - Private label, Case 12",Health & Beauty,Private label,14.3544,12.8363,-0.10576,Decrease,Customer negotiation,Yusuf Kandemir,Approved,Commercial director,1
PC21709,2025-07-01,20178,"Vitamin C Serum - Private label, Case 12",Health & Beauty,Private label,12.8363,13.5721,0.05732,Increase,Cost pass-through,Pricing team,Approved,Sales manager,7
PC21710,2025-10-01,20178,"Vitamin C Serum - Private label, Case 12",Health & Beauty,Private label,13.5721,13.8152,0.01791,Increase,Cost pass-through,Pricing team,Auto-approved,None,0
PC21711,2026-01-01,20178,"Vitamin C Serum - Private label, Case 12",Health & Beauty,Private label,13.8152,14.4614,0.04677,Increase,Customer negotiation,Hollis Marchetti,Approved,Sales manager,3
PC21712,2026-04-01,20178,"Vitamin C Serum - Private label, Case 12",Health & Beauty,Private label,14.4614,14.2666,-0.01347,Decrease,Customer negotiation,Tom Beauchemin,Approved,Sales manager,3
PC21713,2023-08-01,20179,"Bluetooth Speaker - Value, Each",Consumer Electronics,Value,138.3057,139.2444,0.00679,Increase,Annual review,Pricing team,Auto-approved,None,0
PC21714,2024-02-01,20179,"Bluetooth Speaker - Value, Each",Consumer Electronics,Value,139.2444,129.5014,-0.06997,Decrease,Promotional reset,Tom Beauchemin,Approved,Commercial director,4
PC21715,2024-08-01,20179,"Bluetooth Speaker - Value, Each",Consumer Electronics,Value,129.5014,126.9724,-0.01953,Decrease,Customer negotiation,Yusuf Kandemir,Approved,Sales manager,3
PC21716,2025-02-01,20179,"Bluetooth Speaker - Value, Each",Consumer Electronics,Value,126.9724,122.7535,-0.03323,Decrease,Customer negotiation,Alix Fontaine,Approved,Sales manager,3
PC21717,2025-08-01,20179,"Bluetooth Speaker - Value, Each",Consumer Electronics,Value,122.7535,127.4804,0.03851,Increase,Cost pass-through,Pricing team,Approved,Sales manager,9
PC21718,2026-02-01,20179,"Bluetooth Speaker - Value, Each",Consumer Electronics,Value,127.4804,113.2885,-0.11133,Decrease,Customer negotiation,Marcus Oyelaran,Approved,Commercial director,11
PC21719,2023-10-01,20180,"Toner Cartridge - National brand, Inner pack 6",Office & Stationery,National brand,14.3297,14.0937,-0.01647,Decrease,Promotional reset,Jonah Stavrides,Approved,Sales manager,5
PC21720,2024-01-01,20180,"Toner Cartridge - National brand, Inner pack 6",Office & Stationery,National brand,14.0937,14.0687,-0.00177,Decrease,Competitive response,Priya Raghunathan,Approved,Sales manager,5
PC21721,2024-04-01,20180,"Toner Cartridge - National brand, Inner pack 6",Office & Stationery,National brand,14.0687,14.3875,0.02266,Increase,Cost pass-through,Pricing team,Rejected,Sales manager,10
PC21722,2024-07-01,20180,"Toner Cartridge - National brand, Inner pack 6",Office & Stationery,National brand,14.3875,15.1871,0.05558,Increase,Market correction,Nikita Petrenko,Approved,Sales manager,1
PC21723,2024-10-01,20180,"Toner Cartridge - National brand, Inner pack 6",Office & Stationery,National brand,15.1871,15.2722,0.0056,Increase,Cost pass-through,Pricing team,Auto-approved,None,0
PC21724,2025-01-01,20180,"Toner Cartridge - National brand, Inner pack 6",Office & Stationery,National brand,15.2722,15.1908,-0.00533,Decrease,Market correction,Simone Delacroix,Approved,Sales manager,1
PC21725,2025-04-01,20180,"Toner Cartridge - National brand, Inner pack 6",Office & Stationery,National brand,15.1908,16.035,0.05557,Increase,Cost pass-through,Pricing team,Approved,Sales manager,5
PC21726,2025-07-01,20180,"Toner Cartridge - National brand, Inner pack 6",Office & Stationery,National brand,16.035,16.2419,0.0129,Increase,Annual review,Pricing team,Auto-approved,None,0
PC21727,2025-10-01,20180,"Toner Cartridge - National brand, Inner pack 6",Office & Stationery,National brand,16.2419,16.3076,0.00405,Increase,Annual review,Pricing team,Auto-approved,None,0
PC21728,2026-01-01,20180,"Toner Cartridge - National brand, Inner pack 6",Office & Stationery,National brand,16.3076,16.3237,0.00099,Increase,Cost pass-through,Pricing team,Auto-approved,None,0
PC21729,2026-04-01,20180,"Toner Cartridge - National brand, Inner pack 6",Office & Stationery,National brand,16.3237,16.9009,0.03536,Increase,Cost pass-through,Pricing team,Approved,Sales manager,1
PC21730,2023-08-01,20181,"Yoga Mat - National brand, Bulk pallet 144",Sporting Goods,National brand,28.3388,27.4546,-0.0312,Decrease,Customer negotiation,Yusuf Kandemir,Rejected,Sales manager,29
PC21731,2023-11-01,20181,"Yoga Mat - National brand, Bulk pallet 144",Sporting Goods,National brand,27.4546,26.9043,-0.02004,Decrease,Annual review,Pricing team,Approved,Sales manager,1
PC21732,2024-02-01,20181,"Yoga Mat - National brand, Bulk pallet 144",Sporting Goods,National brand,26.9043,26.4643,-0.01635,Decrease,Customer negotiation,Hollis Marchetti,Approved,Sales manager,5
PC21733,2024-05-01,20181,"Yoga Mat - National brand, Bulk pallet 144",Sporting Goods,National brand,26.4643,29.5637,0.11712,Increase,Annual review,Pricing team,Approved,Commercial director,5
PC21734,2024-08-01,20181,"Yoga Mat - National brand, Bulk pallet 144",Sporting Goods,National brand,29.5637,30.9972,0.04849,Increase,Market correction,Yusuf Kandemir,Approved,Sales manager,1
PC21735,2024-11-01,20181,"Yoga Mat - National brand, Bulk pallet 144",Sporting Goods,National brand,30.9972,28.7189,-0.0735,Decrease,Customer negotiation,Yusuf Kandemir,Rejected,Commercial director,1
PC21736,2025-02-01,20181,"Yoga Mat - National brand, Bulk pallet 144",Sporting Goods,National brand,28.7189,29.1439,0.0148,Increase,Cost pass-through,Pricing team,Auto-approved,None,0
PC21737,2025-05-01,20181,"Yoga Mat - National brand, Bulk pallet 144",Sporting Goods,National brand,29.1439,29.1718,0.00096,Increase,Cost pass-through,Pricing team,Auto-approved,None,0
PC21738,2025-08-01,20181,"Yoga Mat - National brand, Bulk pallet 144",Sporting Goods,National brand,29.1718,28.628,-0.01864,Decrease,Competitive response,Dana Whitfield,Approved,Sales manager,1
PC21739,2025-11-01,20181,"Yoga Mat - National brand, Bulk pallet 144",Sporting Goods,National brand,28.628,30.0103,0.04828,Increase,Cost pass-through,Pricing team,Approved,Sales manager,5
PC21740,2026-02-01,20181,"Yoga Mat - National brand, Bulk pallet 144",Sporting Goods,National brand,30.0103,31.6075,0.05322,Increase,Customer negotiation,Bea Okonkwo,Approved,Sales manager,7
PC21741,2026-05-01,20181,"Yoga Mat - National brand, Bulk pallet 144",Sporting Goods,National brand,31.6075,31.8526,0.00775,Increase,Annual review,Pricing team,Auto-approved,None,0
PC21742,2023-08-01,20182,"Camping Tent - Value, Case 12",Sporting Goods,Value,16.0779,15.2803,-0.04961,Decrease,Market correction,Alix Fontaine,Approved,Sales manager,4
PC21743,2023-11-01,20182,"Camping Tent - Value, Case 12",Sporting Goods,Value,15.2803,15.0909,-0.0124,Decrease,Promotional reset,Jonah Stavrides,Approved,Sales manager,3
PC21744,2024-02-01,20182,"Camping Tent - Value, Case 12",Sporting Goods,Value,15.0909,15.4948,0.02676,Increase,Market correction,Simone Delacroix,Approved,Sales manager,2
PC21745,2024-05-01,20182,"Camping Tent - Value, Case 12",Sporting Goods,Value,15.4948,17.1379,0.10604,Increase,Cost pass-through,Pricing team,Approved,Commercial director,30
PC21746,2024-08-01,20182,"Camping Tent - Value, Case 12",Sporting Goods,Value,17.1379,17.5812,0.02587,Increase,Annual review,Pricing team,Approved,Sales manager,10
PC21747,2024-11-01,20182,"Camping Tent - Value, Case 12",Sporting Goods,Value,17.5812,17.3717,-0.01192,Decrease,Market correction,Priya Raghunathan,Approved,Sales manager,3
PC21748,2025-02-01,20182,"Camping Tent - Value, Case 12",Sporting Goods,Value,17.3717,17.7039,0.01912,Increase,Cost pass-through,Pricing team,Auto-approved,None,0
PC21749,2025-05-01,20182,"Camping Tent - Value, Case 12",Sporting Goods,Value,17.7039,18.3026,0.03382,Increase,Market correction,Nikita Petrenko,Approved,Sales manager,2
PC21750,2025-08-01,20182,"Camping Tent - Value, Case 12",Sporting Goods,Value,18.3026,16.5003,-0.09847,Decrease,Market correction,Tom Beauchemin,Approved,Commercial director,2
PC21751,2025-11-01,20182,"Camping Tent - Value, Case 12",Sporting Goods,Value,16.5003,16.2731,-0.01377,Decrease,Customer negotiation,Priya Raghunathan,Approved,Sales manager,1
PC21752,2026-02-01,20182,"Camping Tent - Value, Case 12",Sporting Goods,Value,16.2731,16.757,0.02974,Increase,Market correction,Rowan Achterberg,Approved,Sales manager,1
PC21753,2026-05-01,20182,"Camping Tent - Value, Case 12",Sporting Goods,Value,16.757,16.826,0.00412,Increase,Cost pass-through,Pricing team,Auto-approved,None,0
PC21754,2023-10-01,20183,"Adjustable Dumbbells - National brand, Case 12",Sporting Goods,National brand,65.4154,65.7321,0.00484,Increase,Cost pass-through,Pricing team,Auto-approved,None,0
PC21755,2024-01-01,20183,"Adjustable Dumbbells - National brand, Case 12",Sporting Goods,National brand,65.7321,54.4104,-0.17224,Decrease,Market correction,Rowan Achterberg,Rejected,Commercial director,9
PC21756,2024-04-01,20183,"Adjustable Dumbbells - National brand, Case 12",Sporting Goods,National brand,54.4104,57.9507,0.06507,Increase,Customer negotiation,Hollis Marchetti,Approved,Commercial director,2
PC21757,2024-07-01,20183,"Adjustable Dumbbells - National brand, Case 12",Sporting Goods,National brand,57.9507,61.0624,0.0537,Increase,Cost pass-through,Pricing team,Approved,Sales manager,5
PC21758,2024-10-01,20183,"Adjustable Dumbbells - National brand, Case 12",Sporting Goods,National brand,61.0624,59.0086,-0.03363,Decrease,Promotional reset,Jonah Stavrides,Rejected,Sales manager,2
PC21759,2025-01-01,20183,"Adjustable Dumbbells - National brand, Case 12",Sporting Goods,National brand,59.0086,60.9068,0.03217,Increase,Cost pass-through,Pricing team,Approved,Sales manager,3
PC21760,2025-04-01,20183,"Adjustable Dumbbells - National brand, Case 12",Sporting Goods,National brand,60.9068,61.9187,0.01661,Increase,Cost pass-through,Pricing team,Auto-approved,None,0
PC21761,2025-07-01,20183,"Adjustable Dumbbells - National brand, Case 12",Sporting Goods,National brand,61.9187,55.5554,-0.10277,Decrease,Competitive response,Marcus Oyelaran,Approved,Commercial director,1
PC21762,2025-10-01,20183,"Adjustable Dumbbells - National brand, Case 12",Sporting Goods,National brand,55.5554,52.3484,-0.05773,Decrease,Cost pass-through,Pricing team,Approved,Sales manager,1
PC21763,2026-01-01,20183,"Adjustable Dumbbells - National brand, Case 12",Sporting Goods,National brand,52.3484,53.858,0.02884,Increase,Cost pass-through,Pricing team,Approved,Sales manager,3
PC21764,2026-04-01,20183,"Adjustable Dumbbells - National brand, Case 12",Sporting Goods,National brand,53.858,53.7859,-0.00134,Decrease,Promotional reset,Rowan Achterberg,Approved,Sales manager,1
PC21765,2023-08-01,20184,"Vacuum Sealer - Private label, Each",Home & Kitchen,Private label,31.4414,28.7894,-0.08435,Decrease,Customer negotiation,Priya Raghunathan,Approved,Commercial director,3
PC21766,2023-11-01,20184,"Vacuum Sealer - Private label, Each",Home & Kitchen,Private label,28.7894,26.0239,-0.09606,Decrease,Promotional reset,Simone Delacroix,Approved,Commercial director,2
PC21767,2024-02-01,20184,"Vacuum Sealer - Private label, Each",Home & Kitchen,Private label,26.0239,27.0714,0.04025,Increase,Cost pass-through,Pricing team,Approved,Sales manager,2
PC21768,2024-05-01,20184,"Vacuum Sealer - Private label, Each",Home & Kitchen,Private label,27.0714,27.9623,0.03291,Increase,Market correction,Dana Whitfield,Approved,Sales manager,1
PC21769,2024-08-01,20184,"Vacuum Sealer - Private label, Each",Home & Kitchen,Private label,27.9623,27.7431,-0.00784,Decrease,Market correction,Tom Beauchemin,Approved,Sales manager,3
PC21770,2024-11-01,20184,"Vacuum Sealer - Private label, Each",Home & Kitchen,Private label,27.7431,27.5275,-0.00777,Decrease,Customer negotiation,Alix Fontaine,Approved,Sales manager,2
PC21771,2025-02-01,20184,"Vacuum Sealer - Private label, Each",Home & Kitchen,Private label,27.5275,26.7473,-0.02834,Decrease,Annual review,Pricing team,Approved,Sales manager,2
PC21772,2025-05-01,20184,"Vacuum Sealer - Private label, Each",Home & Kitchen,Private label,26.7473,28.4141,0.06232,Increase,Cost pass-through,Pricing team,Rejected,Commercial director,1
PC21773,2025-08-01,20184,"Vacuum Sealer - Private label, Each",Home & Kitchen,Private label,28.4141,27.1005,-0.04623,Decrease,Promotional reset,Tom Beauchemin,Approved,Sales manager,1
PC21774,2025-11-01,20184,"Vacuum Sealer - Private label, Each",Home & Kitchen,Private label,27.1005,23.7027,-0.12538,Decrease,Customer negotiation,Dana Whitfield,Approved,Commercial director,2
PC21775,2026-02-01,20184,"Vacuum Sealer - Private label, Each",Home & Kitchen,Private label,23.7027,24.7692,0.04499,Increase,Annual review,Pricing team,Approved,Sales manager,2
PC21776,2026-05-01,20184,"Vacuum Sealer - Private label, Each",Home & Kitchen,Private label,24.7692,24.8953,0.00509,Increase,Annual review,Pricing team,Auto-approved,None,0
PC21777,2023-10-01,20185,"Bluetooth Speaker - Value, Master carton 48",Consumer Electronics,Value,86.2158,90.762,0.05273,Increase,Annual review,Pricing team,Approved,Sales manager,1
PC21778,2024-01-01,20185,"Bluetooth Speaker - Value, Master carton 48",Consumer Electronics,Value,90.762,79.9706,-0.1189,Decrease,Customer negotiation,Alix Fontaine,Approved,Commercial director,3
PC21779,2024-04-01,20185,"Bluetooth Speaker - Value, Master carton 48",Consumer Electronics,Value,79.9706,76.4617,-0.04388,Decrease,Market correction,Yusuf Kandemir,Approved,Sales manager,1
PC21780,2024-07-01,20185,"Bluetooth Speaker - Value, Master carton 48",Consumer Electronics,Value,76.4617,69.3715,-0.09273,Decrease,Promotional reset,Priya Raghunathan,Approved,Commercial director,2
PC21781,2024-10-01,20185,"Bluetooth Speaker - Value, Master carton 48",Consumer Electronics,Value,69.3715,70.8847,0.02181,Increase,Annual review,Pricing team,Approved,Sales manager,6
PC21782,2025-01-01,20185,"Bluetooth Speaker - Value, Master carton 48",Consumer Electronics,Value,70.8847,71.5825,0.00984,Increase,Cost pass-through,Pricing team,Auto-approved,None,0
PC21783,2025-04-01,20185,"Bluetooth Speaker - Value, Master carton 48",Consumer Electronics,Value,71.5825,67.855,-0.05207,Decrease,Annual review,Pricing team,Approved,Sales manager,2
PC21784,2025-07-01,20185,"Bluetooth Speaker - Value, Master carton 48",Consumer Electronics,Value,67.855,69.1245,0.01871,Increase,Customer negotiation,Rowan Achterberg,Approved,Sales manager,6
PC21785,2025-10-01,20185,"Bluetooth Speaker - Value, Master carton 48",Consumer Electronics,Value,69.1245,71.032,0.0276,Increase,Competitive response,Priya Raghunathan,Approved,Sales manager,1
PC21786,2026-01-01,20185,"Bluetooth Speaker - Value, Master carton 48",Consumer Electronics,Value,71.032,68.539,-0.0351,Decrease,Market correction,Dana Whitfield,Approved,Sales manager,4
PC21787,2026-04-01,20185,"Bluetooth Speaker - Value, Master carton 48",Consumer Electronics,Value,68.539,65.3695,-0.04624,Decrease,Competitive response,Priya Raghunathan,Approved,Sales manager,9
PC21788,2023-08-01,20186,"Laser Measure - National brand, Case 24",Tools & Hardware,National brand,52.5501,53.6145,0.02025,Increase,Cost pass-through,Pricing team,Approved,Sales manager,1
PC21789,2024-02-01,20186,"Laser Measure - National brand, Case 24",Tools & Hardware,National brand,53.6145,59.1352,0.10297,Increase,Promotional reset,Nikita Petrenko,Approved,Commercial director,2
PC21790,2024-08-01,20186,"Laser Measure - National brand, Case 24",Tools & Hardware,National brand,59.1352,55.0551,-0.069,Decrease,Cost pass-through,Pricing team,Approved,Commercial director,3
PC21791,2025-02-01,20186,"Laser Measure - National brand, Case 24",Tools & Hardware,National brand,55.0551,51.5855,-0.06302,Decrease,Market correction,Marcus Oyelaran,Approved,Commercial director,9
PC21792,2025-08-01,20186,"Laser Measure - National brand, Case 24",Tools & Hardware,National brand,51.5855,49.3962,-0.04244,Decrease,Customer negotiation,Alix Fontaine,Approved,Sales manager,24
PC21793,2026-02-01,20186,"Laser Measure - National brand, Case 24",Tools & Hardware,National brand,49.3962,56.6822,0.1475,Increase,Cost pass-through,Pricing team,Approved,Commercial director,3
PC21794,2023-09-01,20187,"Blender - Value, Case 12",Home & Kitchen,Value,25.901,24.3223,-0.06095,Decrease,Market correction,Yusuf Kandemir,Rejected,Commercial director,1
PC21795,2023-12-01,20187,"Blender - Value, Case 12",Home & Kitchen,Value,24.3223,23.0266,-0.05327,Decrease,Annual review,Pricing team,Approved,Sales manager,3
PC21796,2024-03-01,20187,"Blender - Value, Case 12",Home & Kitchen,Value,23.0266,24.9765,0.08468,Increase,Cost pass-through,Pricing team,Approved,Commercial director,3
PC21797,2024-06-01,20187,"Blender - Value, Case 12",Home & Kitchen,Value,24.9765,25.296,0.01279,Increase,Cost pass-through,Pricing team,Auto-approved,None,0
PC21798,2024-09-01,20187,"Blender - Value, Case 12",Home & Kitchen,Value,25.296,27.3253,0.08022,Increase,Annual review,Pricing team,Approved,Commercial director,5
PC21799,2024-12-01,20187,"Blender - Value, Case 12",Home & Kitchen,Value,27.3253,25.7302,-0.05837,Decrease,Competitive response,Nikita Petrenko,Approved,Sales manager,10
PC21800,2025-03-01,20187,"Blender - Value, Case 12",Home & Kitchen,Value,25.7302,27.6634,0.07513,Increase,Cost pass-through,Pricing team,Approved,Commercial director,1
PC21801,2025-06-01,20187,"Blender - Value, Case 12",Home & Kitchen,Value,27.6634,29.149,0.0537,Increase,Cost pass-through,Pricing team,Approved,Sales manager,5
PC21802,2025-09-01,20187,"Blender - Value, Case 12",Home & Kitchen,Value,29.149,28.1449,-0.03445,Decrease,Cost pass-through,Pricing team,Approved,Sales manager,1
PC21803,2025-12-01,20187,"Blender - Value, Case 12",Home & Kitchen,Value,28.1449,29.0683,0.03281,Increase,Cost pass-through,Pricing team,Approved,Sales manager,4
PC21804,2026-03-01,20187,"Blender - Value, Case 12",Home & Kitchen,Value,29.0683,33.7778,0.16201,Increase,Competitive response,Tom Beauchemin,Approved,Commercial director,2
PC21805,2026-06-01,20187,"Blender - Value, Case 12",Home & Kitchen,Value,33.7778,35.4917,0.05074,Increase,Cost pass-through,Pricing team,Rejected,Sales manager,1
PC21806,2023-09-01,20188,"Multivitamin - National brand, Case 24",Health & Beauty,National brand,24.0855,24.3024,0.00901,Increase,Market correction,Dana Whitfield,Approved,Sales manager,1
PC21807,2024-03-01,20188,"Multivitamin - National brand, Case 24",Health & Beauty,National brand,24.3024,22.9533,-0.05551,Decrease,Competitive response,Yusuf Kandemir,Rejected,Sales manager,2
PC21808,2024-09-01,20188,"Multivitamin - National brand, Case 24",Health & Beauty,National brand,22.9533,24.8524,0.08274,Increase,Annual review,Pricing team,Approved,Commercial director,7
PC21809,2025-03-01,20188,"Multivitamin - National brand, Case 24",Health & Beauty,National brand,24.8524,24.5723,-0.01127,Decrease,Cost pass-through,Pricing team,Auto-approved,None,0
PC21810,2025-09-01,20188,"Multivitamin - National brand, Case 24",Health & Beauty,National brand,24.5723,23.6204,-0.03874,Decrease,Annual review,Pricing team,Approved,Sales manager,1
PC21811,2026-03-01,20188,"Multivitamin - National brand, Case 24",Health & Beauty,National brand,23.6204,22.8172,-0.034,Decrease,Customer negotiation,Rowan Achterberg,Approved,Sales manager,3
PC21812,2023-09-01,20189,"Aquarium Filter - National brand, Each",Pet Supplies,National brand,20.168,21.379,0.06005,Increase,Annual review,Pricing team,Approved,Commercial director,2
PC21813,2023-12-01,20189,"Aquarium Filter - National brand, Each",Pet Supplies,National brand,21.379,21.073,-0.01431,Decrease,Market correction,Yusuf Kandemir,Approved,Sales manager,1
PC21814,2024-03-01,20189,"Aquarium Filter - National brand, Each",Pet Supplies,National brand,21.073,21.6337,0.02661,Increase,Competitive response,Simone Delacroix,Approved,Sales manager,1
PC21815,2024-06-01,20189,"Aquarium Filter - National brand, Each",Pet Supplies,National brand,21.6337,22.318,0.03163,Increase,Annual review,Pricing team,Approved,Sales manager,2
PC21816,2024-09-01,20189,"Aquarium Filter - National brand, Each",Pet Supplies,National brand,22.318,21.6798,-0.0286,Decrease,Market correction,Yusuf Kandemir,Approved,Sales manager,1
PC21817,2024-12-01,20189,"Aquarium Filter - National brand, Each",Pet Supplies,National brand,21.6798,21.0651,-0.02835,Decrease,Customer negotiation,Alix Fontaine,Approved,Sales manager,3
PC21818,2025-03-01,20189,"Aquarium Filter - National brand, Each",Pet Supplies,National brand,21.0651,22.0933,0.04881,Increase,Annual review,Pricing team,Approved,Sales manager,1
PC21819,2025-06-01,20189,"Aquarium Filter - National brand, Each",Pet Supplies,National brand,22.0933,24.3084,0.10026,Increase,Market correction,Priya Raghunathan,Approved,Commercial director,8
PC21820,2025-09-01,20189,"Aquarium Filter - National brand, Each",Pet Supplies,National brand,24.3084,24.6989,0.01606,Increase,Cost pass-through,Pricing team,Auto-approved,None,0
PC21821,2025-12-01,20189,"Aquarium Filter - National brand, Each",Pet Supplies,National brand,24.6989,24.8258,0.00514,Increase,Annual review,Pricing team,Auto-approved,None,0
PC21822,2026-03-01,20189,"Aquarium Filter - National brand, Each",Pet Supplies,National brand,24.8258,24.3748,-0.01817,Decrease,Market correction,Dana Whitfield,Rejected,Sales manager,1
PC21823,2026-06-01,20189,"Aquarium Filter - National brand, Each",Pet Supplies,National brand,24.3748,24.5358,0.00661,Increase,Cost pass-through,Pricing team,Auto-approved,None,0
PC21824,2023-09-01,20190,"Aquarium Filter - Value, Inner pack 6",Pet Supplies,Value,9.9417,10.111,0.01703,Increase,Customer negotiation,Nikita Petrenko,Approved,Sales manager,1
PC21825,2023-12-01,20190,"Aquarium Filter - Value, Inner pack 6",Pet Supplies,Value,10.111,9.828,-0.02799,Decrease,Cost pass-through,Pricing team,Approved,Sales manager,6
PC21826,2024-03-01,20190,"Aquarium Filter - Value, Inner pack 6",Pet Supplies,Value,9.828,10.2772,0.04571,Increase,Annual review,Pricing team,Approved,Sales manager,2
PC21827,2024-06-01,20190,"Aquarium Filter - Value, Inner pack 6",Pet Supplies,Value,10.2772,10.6806,0.03925,Increase,Annual review,Pricing team,Approved,Sales manager,3
PC21828,2024-09-01,20190,"Aquarium Filter - Value, Inner pack 6",Pet Supplies,Value,10.6806,11.1311,0.04218,Increase,Annual review,Pricing team,Approved,Sales manager,4
PC21829,2024-12-01,20190,"Aquarium Filter - Value, Inner pack 6",Pet Supplies,Value,11.1311,10.7278,-0.03623,Decrease,Customer negotiation,Rowan Achterberg,Approved,Sales manager,1
PC21830,2025-03-01,20190,"Aquarium Filter - Value, Inner pack 6",Pet Supplies,Value,10.7278,10.2537,-0.04419,Decrease,Annual review,Pricing team,Approved,Sales manager,4
PC21831,2025-06-01,20190,"Aquarium Filter - Value, Inner pack 6",Pet Supplies,Value,10.2537,11.4713,0.11875,Increase,Cost pass-through,Pricing team,Approved,Commercial director,1
PC21832,2025-09-01,20190,"Aquarium Filter - Value, Inner pack 6",Pet Supplies,Value,11.4713,11.7866,0.02749,Increase,Cost pass-through,Pricing team,Rejected,Sales manager,8
PC21833,2025-12-01,20190,"Aquarium Filter - Value, Inner pack 6",Pet Supplies,Value,11.7866,12.7163,0.07888,Increase,Annual review,Pricing team,Approved,Commercial director,2
PC21834,2026-03-01,20190,"Aquarium Filter - Value, Inner pack 6",Pet Supplies,Value,12.7163,12.5312,-0.01456,Decrease,Promotional reset,Marcus Oyelaran,Approved,Sales manager,1
PC21835,2026-06-01,20190,"Aquarium Filter - Value, Inner pack 6",Pet Supplies,Value,12.5312,13.2305,0.0558,Increase,Cost pass-through,Pricing team,Approved,Sales manager,2
PC21836,2023-08-01,20191,"Cat Litter - Premium brand, Case 24",Pet Supplies,Premium brand,25.9024,27.3282,0.05505,Increase,Cost pass-through,Pricing team,Approved,Sales manager,20
PC21837,2023-11-01,20191,"Cat Litter - Premium brand, Case 24",Pet Supplies,Premium brand,27.3282,28.1208,0.029,Increase,Cost pass-through,Pricing team,Approved,Sales manager,2
PC21838,2024-02-01,20191,"Cat Litter - Premium brand, Case 24",Pet Supplies,Premium brand,28.1208,24.9431,-0.113,Decrease,Customer negotiation,Tom Beauchemin,Approved,Commercial director,2
PC21839,2024-05-01,20191,"Cat Litter - Premium brand, Case 24",Pet Supplies,Premium brand,24.9431,24.8081,-0.00541,Decrease,Promotional reset,Tom Beauchemin,Approved,Sales manager,4
PC21840,2024-08-01,20191,"Cat Litter - Premium brand, Case 24",Pet Supplies,Premium brand,24.8081,24.4888,-0.01287,Decrease,Market correction,Dana Whitfield,Approved,Sales manager,1
PC21841,2024-11-01,20191,"Cat Litter - Premium brand, Case 24",Pet Supplies,Premium brand,24.4888,25.122,0.02586,Increase,Annual review,Pricing team,Approved,Sales manager,2
PC21842,2025-02-01,20191,"Cat Litter - Premium brand, Case 24",Pet Supplies,Premium brand,25.122,22.6495,-0.09842,Decrease,Promotional reset,Dana Whitfield,Approved,Commercial director,6
PC21843,2025-05-01,20191,"Cat Litter - Premium brand, Case 24",Pet Supplies,Premium brand,22.6495,23.7009,0.04642,Increase,Cost pass-through,Pricing team,Approved,Sales manager,1
PC21844,2025-07-01,20191,"Cat Litter - Premium brand, Case 24",Pet Supplies,Premium brand,23.7009,37.3404,0.57548,Increase,Market correction,Yusuf Kandemir,Approved,Commercial director,1
PC21845,2025-08-01,20191,"Cat Litter - Premium brand, Case 24",Pet Supplies,Premium brand,37.3404,36.6881,-0.01747,Decrease,Cost pass-through,Pricing team,Auto-approved,None,0
PC21846,2025-11-01,20191,"Cat Litter - Premium brand, Case 24",Pet Supplies,Premium brand,36.6881,37.0235,0.00914,Increase,Cost pass-through,Pricing team,Auto-approved,None,0
PC21847,2026-02-01,20191,"Cat Litter - Premium brand, Case 24",Pet Supplies,Premium brand,37.0235,39.6887,0.07199,Increase,Market correction,Jonah Stavrides,Approved,Commercial director,2
PC21848,2026-05-01,20191,"Cat Litter - Premium brand, Case 24",Pet Supplies,Premium brand,39.6887,41.9389,0.0567,Increase,Cost pass-through,Pricing team,Approved,Sales manager,3
PC21849,2023-08-01,20192,"Body Wash - National brand, Inner pack 6",Health & Beauty,National brand,19.1175,19.8499,0.03831,Increase,Annual review,Pricing team,Approved,Sales manager,4
PC21850,2023-11-01,20192,"Body Wash - National brand, Inner pack 6",Health & Beauty,National brand,19.8499,20.0039,0.00776,Increase,Annual review,Pricing team,Auto-approved,None,0
PC21851,2024-02-01,20192,"Body Wash - National brand, Inner pack 6",Health & Beauty,National brand,20.0039,19.8168,-0.00935,Decrease,Annual review,Pricing team,Auto-approved,None,0
PC21852,2024-05-01,20192,"Body Wash - National brand, Inner pack 6",Health & Beauty,National brand,19.8168,19.2666,-0.02776,Decrease,Annual review,Pricing team,Approved,Sales manager,4
PC21853,2024-08-01,20192,"Body Wash - National brand, Inner pack 6",Health & Beauty,National brand,19.2666,19.7727,0.02627,Increase,Annual review,Pricing team,Approved,Sales manager,2
PC21854,2024-11-01,20192,"Body Wash - National brand, Inner pack 6",Health & Beauty,National brand,19.7727,19.4453,-0.01656,Decrease,Market correction,Simone Delacroix,Approved,Sales manager,1
PC21855,2025-02-01,20192,"Body Wash - National brand, Inner pack 6",Health & Beauty,National brand,19.4453,19.3492,-0.00494,Decrease,Market correction,Rowan Achterberg,Approved,Sales manager,1
PC21856,2025-05-01,20192,"Body Wash - National brand, Inner pack 6",Health & Beauty,National brand,19.3492,18.8195,-0.02738,Decrease,Customer negotiation,Rowan Achterberg,Approved,Sales manager,1
PC21857,2025-08-01,20192,"Body Wash - National brand, Inner pack 6",Health & Beauty,National brand,18.8195,19.6218,0.04263,Increase,Annual review,Pricing team,Approved,Sales manager,1
PC21858,2025-11-01,20192,"Body Wash - National brand, Inner pack 6",Health & Beauty,National brand,19.6218,20.7983,0.05996,Increase,Cost pass-through,Pricing team,Pending,Sales manager,1
PC21859,2026-02-01,20192,"Body Wash - National brand, Inner pack 6",Health & Beauty,National brand,20.7983,22.5565,0.08454,Increase,Annual review,Pricing team,Approved,Commercial director,2
PC21860,2026-05-01,20192,"Body Wash - National brand, Inner pack 6",Health & Beauty,National brand,22.5565,22.3688,-0.00832,Decrease,Customer negotiation,Priya Raghunathan,Approved,Sales manager,9
PC21861,2023-08-01,20193,"Chew Toy Pack - Premium brand, Master carton 48",Pet Supplies,Premium brand,31.6581,32.262,0.01908,Increase,Market correction,Marcus Oyelaran,Approved,Sales manager,4
PC21862,2024-02-01,20193,"Chew Toy Pack - Premium brand, Master carton 48",Pet Supplies,Premium brand,32.262,30.1505,-0.06545,Decrease,Annual review,Pricing team,Pending,Commercial director,1
PC21863,2024-08-01,20193,"Chew Toy Pack - Premium brand, Master carton 48",Pet Supplies,Premium brand,30.1505,31.8214,0.05542,Increase,Cost pass-through,Pricing team,Rejected,Sales manager,8
PC21864,2025-02-01,20193,"Chew Toy Pack - Premium brand, Master carton 48",Pet Supplies,Premium brand,31.8214,31.5834,-0.00748,Decrease,Market correction,Tom Beauchemin,Approved,Sales manager,2
PC21865,2025-06-01,20193,"Chew Toy Pack - Premium brand, Master carton 48",Pet Supplies,Premium brand,31.5834,50.5671,0.60107,Increase,Competitive response,Priya Raghunathan,Approved,Commercial director,24
PC21866,2025-08-01,20193,"Chew Toy Pack - Premium brand, Master carton 48",Pet Supplies,Premium brand,50.5671,51.8848,0.02606,Increase,Cost pass-through,Pricing team,Approved,Sales manager,4
PC21867,2026-02-01,20193,"Chew Toy Pack - Premium brand, Master carton 48",Pet Supplies,Premium brand,51.8848,53.1382,0.02416,Increase,Market correction,Yusuf Kandemir,Approved,Sales manager,1
PC21868,2023-08-01,20194,"Cotton T-Shirt 5pk - Value, Inner pack 6",Apparel & Accessories,Value,24.5917,25.45,0.0349,Increase,Cost pass-through,Pricing team,Approved,Sales manager,4
PC21869,2024-02-01,20194,"Cotton T-Shirt 5pk - Value, Inner pack 6",Apparel & Accessories,Value,25.45,25.2784,-0.00674,Decrease,Market correction,Yusuf Kandemir,Approved,Sales manager,1
PC21870,2024-08-01,20194,"Cotton T-Shirt 5pk - Value, Inner pack 6",Apparel & Accessories,Value,25.2784,28.2939,0.11929,Increase,Cost pass-through,Pricing team,Pending,Commercial director,3
PC21871,2025-02-01,20194,"Cotton T-Shirt 5pk - Value, Inner pack 6",Apparel & Accessories,Value,28.2939,25.7167,-0.09109,Decrease,Cost pass-through,Pricing team,Approved,Commercial director,2
PC21872,2025-07-01,20194,"Cotton T-Shirt 5pk - Value, Inner pack 6",Apparel & Accessories,Value,25.7167,36.6088,0.42354,Increase,Cost pass-through,Pricing team,Approved,Commercial director,6
PC21873,2025-08-01,20194,"Cotton T-Shirt 5pk - Value, Inner pack 6",Apparel & Accessories,Value,36.6088,36.9511,0.00935,Increase,Cost pass-through,Pricing team,Auto-approved,None,0
PC21874,2026-02-01,20194,"Cotton T-Shirt 5pk - Value, Inner pack 6",Apparel & Accessories,Value,36.9511,34.7971,-0.05829,Decrease,Customer negotiation,Bea Okonkwo,Approved,Sales manager,20
PC21875,2023-09-01,20195,"Hair Dryer - Value, Inner pack 6",Health & Beauty,Value,12.9786,13.1347,0.01203,Increase,Promotional reset,Tom Beauchemin,Approved,Sales manager,1
PC21876,2023-09-01,20196,"Resistance Bands - Value, Each",Sporting Goods,Value,30.8012,32.2179,0.04599,Increase,Cost pass-through,Pricing team,Approved,Sales manager,1
PC21877,2023-12-01,20196,"Resistance Bands - Value, Each",Sporting Goods,Value,32.2179,29.2124,-0.09329,Decrease,Competitive response,Jonah Stavrides,Approved,Commercial director,1
PC21878,2024-03-01,20196,"Resistance Bands - Value, Each",Sporting Goods,Value,29.2124,29.8093,0.02043,Increase,Cost pass-through,Pricing team,Approved,Sales manager,1
PC21879,2024-06-01,20196,"Resistance Bands - Value, Each",Sporting Goods,Value,29.8093,40.8586,0.37067,Increase,Cost pass-through,Pricing team,Approved,Commercial director,10
PC21880,2024-09-01,20196,"Resistance Bands - Value, Each",Sporting Goods,Value,40.8586,39.7501,-0.02713,Decrease,Customer negotiation,Yusuf Kandemir,Approved,Sales manager,1
PC21881,2024-12-01,20196,"Resistance Bands - Value, Each",Sporting Goods,Value,39.7501,38.1049,-0.04139,Decrease,Market correction,Simone Delacroix,Approved,Sales manager,8
PC21882,2025-03-01,20196,"Resistance Bands - Value, Each",Sporting Goods,Value,38.1049,36.7968,-0.03433,Decrease,Promotional reset,Rowan Achterberg,Approved,Sales manager,2
PC21883,2025-06-01,20196,"Resistance Bands - Value, Each",Sporting Goods,Value,36.7968,36.5959,-0.00546,Decrease,Competitive response,Simone Delacroix,Approved,Sales manager,3
PC21884,2025-09-01,20196,"Resistance Bands - Value, Each",Sporting Goods,Value,36.5959,36.2465,-0.00955,Decrease,Customer negotiation,Alix Fontaine,Approved,Sales manager,2
PC21885,2025-12-01,20196,"Resistance Bands - Value, Each",Sporting Goods,Value,36.2465,36.9829,0.02032,Increase,Cost pass-through,Pricing team,Approved,Sales manager,1
PC21886,2026-03-01,20196,"Resistance Bands - Value, Each",Sporting Goods,Value,36.9829,35.9872,-0.02692,Decrease,Market correction,Nikita Petrenko,Approved,Sales manager,3
PC21887,2026-06-01,20196,"Resistance Bands - Value, Each",Sporting Goods,Value,35.9872,34.4166,-0.04364,Decrease,Customer negotiation,Marcus Oyelaran,Approved,Sales manager,6
PC21888,2023-08-01,20197,"Copy Paper - National brand, Master carton 48",Office & Stationery,National brand,16.9818,17.8888,0.05341,Increase,Competitive response,Nikita Petrenko,Rejected,Sales manager,1
PC21889,2023-11-01,20197,"Copy Paper - National brand, Master carton 48",Office & Stationery,National brand,17.8888,18.0313,0.00797,Increase,Competitive response,Simone Delacroix,Approved,Sales manager,2
PC21890,2024-02-01,20197,"Copy Paper - National brand, Master carton 48",Office & Stationery,National brand,18.0313,16.8102,-0.06772,Decrease,Competitive response,Alix Fontaine,Approved,Commercial director,12
PC21891,2024-05-01,20197,"Copy Paper - National brand, Master carton 48",Office & Stationery,National brand,16.8102,17.7194,0.05409,Increase,Annual review,Pricing team,Approved,Sales manager,1
PC21892,2024-08-01,20197,"Copy Paper - National brand, Master carton 48",Office & Stationery,National brand,17.7194,18.2071,0.02752,Increase,Cost pass-through,Pricing team,Approved,Sales manager,6
PC21893,2024-11-01,20197,"Copy Paper - National brand, Master carton 48",Office & Stationery,National brand,18.2071,18.0028,-0.01122,Decrease,Competitive response,Dana Whitfield,Approved,Sales manager,1
PC21894,2025-02-01,20197,"Copy Paper - National brand, Master carton 48",Office & Stationery,National brand,18.0028,17.5975,-0.02251,Decrease,Competitive response,Dana Whitfield,Approved,Sales manager,1
PC21895,2025-05-01,20197,"Copy Paper - National brand, Master carton 48",Office & Stationery,National brand,17.5975,18.081,0.02748,Increase,Cost pass-through,Pricing team,Rejected,Sales manager,3
PC21896,2025-08-01,20197,"Copy Paper - National brand, Master carton 48",Office & Stationery,National brand,18.081,19.4826,0.07752,Increase,Cost pass-through,Pricing team,Rejected,Commercial director,1
PC21897,2025-11-01,20197,"Copy Paper - National brand, Master carton 48",Office & Stationery,National brand,19.4826,19.6546,0.00883,Increase,Market correction,Marcus Oyelaran,Rejected,Sales manager,1
PC21898,2026-02-01,20197,"Copy Paper - National brand, Master carton 48",Office & Stationery,National brand,19.6546,19.1922,-0.02353,Decrease,Market correction,Rowan Achterberg,Approved,Sales manager,6
PC21899,2026-05-01,20197,"Copy Paper - National brand, Master carton 48",Office & Stationery,National brand,19.1922,20.965,0.09237,Increase,Annual review,Pricing team,Approved,Commercial director,1
PC21900,2023-10-01,20198,"Nonstick Cookware Set - National brand, Bulk pallet 144",Home & Kitchen,National brand,38.0243,35.6692,-0.06194,Decrease,Annual review,Pricing team,Approved,Commercial director,3
PC21901,2024-01-01,20198,"Nonstick Cookware Set - National brand, Bulk pallet 144",Home & Kitchen,National brand,35.6692,38.1888,0.07064,Increase,Cost pass-through,Pricing team,Approved,Commercial director,2
PC21902,2024-04-01,20198,"Nonstick Cookware Set - National brand, Bulk pallet 144",Home & Kitchen,National brand,38.1888,39.4218,0.03229,Increase,Customer negotiation,Jonah Stavrides,Approved,Sales manager,11
PC21903,2024-07-01,20198,"Nonstick Cookware Set - National brand, Bulk pallet 144",Home & Kitchen,National brand,39.4218,40.2366,0.02067,Increase,Customer negotiation,Nikita Petrenko,Approved,Sales manager,2
PC21904,2024-10-01,20198,"Nonstick Cookware Set - National brand, Bulk pallet 144",Home & Kitchen,National brand,40.2366,42.0916,0.0461,Increase,Competitive response,Simone Delacroix,Approved,Sales manager,7
PC21905,2025-01-01,20198,"Nonstick Cookware Set - National brand, Bulk pallet 144",Home & Kitchen,National brand,42.0916,39.3911,-0.06416,Decrease,Annual review,Pricing team,Approved,Commercial director,3
PC21906,2025-04-01,20198,"Nonstick Cookware Set - National brand, Bulk pallet 144",Home & Kitchen,National brand,39.3911,40.9721,0.04014,Increase,Cost pass-through,Pricing team,Approved,Sales manager,10
PC21907,2025-07-01,20198,"Nonstick Cookware Set - National brand, Bulk pallet 144",Home & Kitchen,National brand,40.9721,40.8226,-0.00365,Decrease,Market correction,Marcus Oyelaran,Approved,Sales manager,5
PC21908,2025-10-01,20198,"Nonstick Cookware Set - National brand, Bulk pallet 144",Home & Kitchen,National brand,40.8226,38.6351,-0.05359,Decrease,Customer negotiation,Priya Raghunathan,Approved,Sales manager,4
PC21909,2026-01-01,20198,"Nonstick Cookware Set - National brand, Bulk pallet 144",Home & Kitchen,National brand,38.6351,41.3261,0.06965,Increase,Cost pass-through,Pricing team,Approved,Commercial director,4
PC21910,2026-04-01,20198,"Nonstick Cookware Set - National brand, Bulk pallet 144",Home & Kitchen,National brand,41.3261,43.944,0.06335,Increase,Cost pass-through,Pricing team,Approved,Commercial director,4
PC21911,2023-09-01,20199,"Blender - National brand, Master carton 48",Home & Kitchen,National brand,28.7836,26.7053,-0.0722,Decrease,Market correction,Dana Whitfield,Approved,Commercial director,1
PC21912,2023-12-01,20199,"Blender - National brand, Master carton 48",Home & Kitchen,National brand,26.7053,23.9128,-0.10457,Decrease,Annual review,Pricing team,Approved,Commercial director,5
PC21913,2024-03-01,20199,"Blender - National brand, Master carton 48",Home & Kitchen,National brand,23.9128,25.7706,0.07769,Increase,Cost pass-through,Pricing team,Approved,Commercial director,5
PC21914,2024-06-01,20199,"Blender - National brand, Master carton 48",Home & Kitchen,National brand,25.7706,24.3751,-0.05415,Decrease,Customer negotiation,Simone Delacroix,Approved,Sales manager,4
PC21915,2024-09-01,20199,"Blender - National brand, Master carton 48",Home & Kitchen,National brand,24.3751,26.8688,0.10231,Increase,Cost pass-through,Pricing team,Approved,Commercial director,1
PC21916,2024-12-01,20199,"Blender - National brand, Master carton 48",Home & Kitchen,National brand,26.8688,26.2128,-0.02441,Decrease,Market correction,Tom Beauchemin,Approved,Sales manager,3
PC21917,2025-03-01,20199,"Blender - National brand, Master carton 48",Home & Kitchen,National brand,26.2128,26.0506,-0.00619,Decrease,Market correction,Yusuf Kandemir,Approved,Sales manager,1
PC21918,2025-06-01,20199,"Blender - National brand, Master carton 48",Home & Kitchen,National brand,26.0506,27.285,0.04738,Increase,Cost pass-through,Pricing team,Approved,Sales manager,5
PC21919,2025-09-01,20199,"Blender - National brand, Master carton 48",Home & Kitchen,National brand,27.285,26.06,-0.0449,Decrease,Market correction,Alix Fontaine,Pending,Sales manager,7
PC21920,2025-12-01,20199,"Blender - National brand, Master carton 48",Home & Kitchen,National brand,26.06,23.3175,-0.10524,Decrease,Promotional reset,Priya Raghunathan,Approved,Commercial director,7
PC21921,2026-01-01,20199,"Blender - National brand, Master carton 48",Home & Kitchen,National brand,23.3175,33.5472,0.43871,Increase,Competitive response,Bea Okonkwo,Approved,Commercial director,1
PC21922,2026-03-01,20199,"Blender - National brand, Master carton 48",Home & Kitchen,National brand,33.5472,35.022,0.04396,Increase,Competitive response,Alix Fontaine,Approved,Sales manager,2
PC21923,2026-06-01,20199,"Blender - National brand, Master carton 48",Home & Kitchen,National brand,35.022,37.326,0.06579,Increase,Annual review,Pricing team,Pending,Commercial director,4
PC21924,2023-08-01,20200,"Resistance Bands - National brand, Bulk pallet 144",Sporting Goods,National brand,36.4721,35.6716,-0.02195,Decrease,Market correction,Hollis Marchetti,Approved,Sales manager,3
PC21925,2023-11-01,20200,"Resistance Bands - National brand, Bulk pallet 144",Sporting Goods,National brand,35.6716,34.8152,-0.02401,Decrease,Customer negotiation,Dana Whitfield,Approved,Sales manager,4
PC21926,2024-02-01,20200,"Resistance Bands - National brand, Bulk pallet 144",Sporting Goods,National brand,34.8152,33.2217,-0.04577,Decrease,Competitive response,Jonah Stavrides,Approved,Sales manager,2
PC21927,2024-05-01,20200,"Resistance Bands - National brand, Bulk pallet 144",Sporting Goods,National brand,33.2217,35.689,0.07427,Increase,Cost pass-through,Pricing team,Approved,Commercial director,37
PC21928,2024-08-01,20200,"Resistance Bands - National brand, Bulk pallet 144",Sporting Goods,National brand,35.689,35.3882,-0.00843,Decrease,Promotional reset,Marcus Oyelaran,Approved,Sales manager,3
PC21929,2024-11-01,20200,"Resistance Bands - National brand, Bulk pallet 144",Sporting Goods,National brand,35.3882,32.8047,-0.073,Decrease,Cost pass-through,Pricing team,Approved,Commercial director,2
PC21930,2025-02-01,20200,"Resistance Bands - National brand, Bulk pallet 144",Sporting Goods,National brand,32.8047,33.355,0.01678,Increase,Cost pass-through,Pricing team,Auto-approved,None,0
PC21931,2025-04-01,20200,"Resistance Bands - National brand, Bulk pallet 144",Sporting Goods,National brand,33.355,48.0856,0.44163,Increase,Cost pass-through,Pricing team,Approved,Commercial director,2
PC21932,2025-05-01,20200,"Resistance Bands - National brand, Bulk pallet 144",Sporting Goods,National brand,48.0856,50.6791,0.05394,Increase,Customer negotiation,Tom Beauchemin,Approved,Sales manager,3
PC21933,2025-08-01,20200,"Resistance Bands - National brand, Bulk pallet 144",Sporting Goods,National brand,50.6791,49.1384,-0.0304,Decrease,Customer negotiation,Marcus Oyelaran,Approved,Sales manager,1
PC21934,2025-11-01,20200,"Resistance Bands - National brand, Bulk pallet 144",Sporting Goods,National brand,49.1384,48.8597,-0.00567,Decrease,Market correction,Yusuf Kandemir,Approved,Sales manager,5
PC21935,2026-02-01,20200,"Resistance Bands - National brand, Bulk pallet 144",Sporting Goods,National brand,48.8597,46.6764,-0.04469,Decrease,Promotional reset,Priya Raghunathan,Approved,Sales manager,4
PC21936,2026-05-01,20200,"Resistance Bands - National brand, Bulk pallet 144",Sporting Goods,National brand,46.6764,47.4293,0.01613,Increase,Cost pass-through,Pricing team,Auto-approved,None,0
PC21937,2023-08-01,20201,"Bluetooth Speaker - National brand, Case 12",Consumer Electronics,National brand,100.677,100.003,-0.00669,Decrease,Market correction,Tom Beauchemin,Approved,Sales manager,3
PC21938,2023-11-01,20201,"Bluetooth Speaker - National brand, Case 12",Consumer Electronics,National brand,100.003,97.7956,-0.02207,Decrease,Promotional reset,Nikita Petrenko,Approved,Sales manager,4
PC21939,2024-02-01,20201,"Bluetooth Speaker - National brand, Case 12",Consumer Electronics,National brand,97.7956,97.839,0.00044,Increase,Cost pass-through,Pricing team,Auto-approved,None,0
PC21940,2024-05-01,20201,"Bluetooth Speaker - National brand, Case 12",Consumer Electronics,National brand,97.839,90.3484,-0.07656,Decrease,Market correction,Hollis Marchetti,Approved,Commercial director,3
PC21941,2024-08-01,20201,"Bluetooth Speaker - National brand, Case 12",Consumer Electronics,National brand,90.3484,85.9281,-0.04893,Decrease,Customer negotiation,Nikita Petrenko,Approved,Sales manager,1
PC21942,2024-11-01,20201,"Bluetooth Speaker - National brand, Case 12",Consumer Electronics,National brand,85.9281,89.736,0.04431,Increase,Market correction,Nikita Petrenko,Approved,Sales manager,2
PC21943,2025-02-01,20201,"Bluetooth Speaker - National brand, Case 12",Consumer Electronics,National brand,89.736,103.161,0.14961,Increase,Customer negotiation,Alix Fontaine,Approved,Commercial director,1
PC21944,2025-05-01,20201,"Bluetooth Speaker - National brand, Case 12",Consumer Electronics,National brand,103.161,102.0145,-0.01111,Decrease,Customer negotiation,Alix Fontaine,Approved,Sales manager,9
PC21945,2025-08-01,20201,"Bluetooth Speaker - National brand, Case 12",Consumer Electronics,National brand,102.0145,105.1244,0.03048,Increase,Competitive response,Yusuf Kandemir,Approved,Sales manager,1
PC21946,2025-11-01,20201,"Bluetooth Speaker - National brand, Case 12",Consumer Electronics,National brand,105.1244,97.4333,-0.07316,Decrease,Cost pass-through,Pricing team,Approved,Commercial director,16
PC21947,2026-02-01,20201,"Bluetooth Speaker - National brand, Case 12",Consumer Electronics,National brand,97.4333,89.5089,-0.08133,Decrease,Customer negotiation,Simone Delacroix,Approved,Commercial director,2
PC21948,2026-05-01,20201,"Bluetooth Speaker - National brand, Case 12",Consumer Electronics,National brand,89.5089,78.3886,-0.12424,Decrease,Competitive response,Marcus Oyelaran,Approved,Commercial director,2
PC21949,2023-08-01,20203,"Air Fryer - Private label, Master carton 48",Home & Kitchen,Private label,27.297,24.8665,-0.08904,Decrease,Customer negotiation,Bea Okonkwo,Approved,Commercial director,3
PC21950,2023-11-01,20203,"Air Fryer - Private label, Master carton 48",Home & Kitchen,Private label,24.8665,23.0844,-0.07167,Decrease,Market correction,Alix Fontaine,Approved,Commercial director,1
PC21951,2024-02-01,20203,"Air Fryer - Private label, Master carton 48",Home & Kitchen,Private label,23.0844,25.5458,0.10663,Increase,Cost pass-through,Pricing team,Rejected,Commercial director,7
PC21952,2024-05-01,20203,"Air Fryer - Private label, Master carton 48",Home & Kitchen,Private label,25.5458,27.4175,0.07327,Increase,Annual review,Pricing team,Approved,Commercial director,5
PC21953,2024-08-01,20203,"Air Fryer - Private label, Master carton 48",Home & Kitchen,Private label,27.4175,27.9932,0.021,Increase,Market correction,Jonah Stavrides,Approved,Sales manager,3
PC21954,2024-11-01,20203,"Air Fryer - Private label, Master carton 48",Home & Kitchen,Private label,27.9932,27.3788,-0.02195,Decrease,Customer negotiation,Tom Beauchemin,Approved,Sales manager,3
PC21955,2025-02-01,20203,"Air Fryer - Private label, Master carton 48",Home & Kitchen,Private label,27.3788,25.7929,-0.05792,Decrease,Market correction,Simone Delacroix,Approved,Sales manager,1
PC21956,2025-05-01,20203,"Air Fryer - Private label, Master carton 48",Home & Kitchen,Private label,25.7929,27.3996,0.06229,Increase,Cost pass-through,Pricing team,Approved,Commercial director,2
PC21957,2025-08-01,20203,"Air Fryer - Private label, Master carton 48",Home & Kitchen,Private label,27.3996,24.0045,-0.12391,Decrease,Competitive response,Yusuf Kandemir,Approved,Commercial director,3
PC21958,2025-11-01,20203,"Air Fryer - Private label, Master carton 48",Home & Kitchen,Private label,24.0045,21.0216,-0.12426,Decrease,Customer negotiation,Marcus Oyelaran,Approved,Commercial director,1
PC21959,2026-02-01,20203,"Air Fryer - Private label, Master carton 48",Home & Kitchen,Private label,21.0216,22.0226,0.04762,Increase,Competitive response,Yusuf Kandemir,Approved,Sales manager,3
PC21960,2026-05-01,20203,"Air Fryer - Private label, Master carton 48",Home & Kitchen,Private label,22.0226,22.6914,0.03037,Increase,Annual review,Pricing team,Approved,Sales manager,1
PC21961,2024-01-01,20204,"Adjustable Dumbbells - Premium brand, Bulk pallet 144",Sporting Goods,Premium brand,50.3579,49.7832,-0.01141,Decrease,Customer negotiation,Tom Beauchemin,Approved,Sales manager,2
PC21962,2024-07-01,20204,"Adjustable Dumbbells - Premium brand, Bulk pallet 144",Sporting Goods,Premium brand,49.7832,57.6087,0.15719,Increase,Promotional reset,Simone Delacroix,Approved,Commercial director,6
PC21963,2025-01-01,20204,"Adjustable Dumbbells - Premium brand, Bulk pallet 144",Sporting Goods,Premium brand,57.6087,56.6283,-0.01702,Decrease,Promotional reset,Simone Delacroix,Approved,Sales manager,15
PC21964,2025-07-01,20204,"Adjustable Dumbbells - Premium brand, Bulk pallet 144",Sporting Goods,Premium brand,56.6283,55.2521,-0.0243,Decrease,Customer negotiation,Simone Delacroix,Approved,Sales manager,5
PC21965,2026-01-01,20204,"Adjustable Dumbbells - Premium brand, Bulk pallet 144",Sporting Goods,Premium brand,55.2521,55.6615,0.00741,Increase,Customer negotiation,Rowan Achterberg,Approved,Sales manager,1
PC21966,2023-09-01,20205,"Bedding Set - Private label, Case 12",Home & Kitchen,Private label,36.7737,35.2141,-0.04241,Decrease,Annual review,Pricing team,Pending,Sales manager,1
PC21967,2023-12-01,20205,"Bedding Set - Private label, Case 12",Home & Kitchen,Private label,35.2141,33.3352,-0.05336,Decrease,Market correction,Hollis Marchetti,Approved,Sales manager,3
PC21968,2024-03-01,20205,"Bedding Set - Private label, Case 12",Home & Kitchen,Private label,33.3352,34.4081,0.03219,Increase,Promotional reset,Marcus Oyelaran,Approved,Sales manager,13
PC21969,2024-06-01,20205,"Bedding Set - Private label, Case 12",Home & Kitchen,Private label,34.4081,35.0264,0.01797,Increase,Annual review,Pricing team,Auto-approved,None,0
PC21970,2024-09-01,20205,"Bedding Set - Private label, Case 12",Home & Kitchen,Private label,35.0264,36.1989,0.03347,Increase,Annual review,Pricing team,Approved,Sales manager,1
PC21971,2024-12-01,20205,"Bedding Set - Private label, Case 12",Home & Kitchen,Private label,36.1989,34.6901,-0.04168,Decrease,Competitive response,Simone Delacroix,Approved,Sales manager,6
PC21972,2025-03-01,20205,"Bedding Set - Private label, Case 12",Home & Kitchen,Private label,34.6901,34.9799,0.00835,Increase,Annual review,Pricing team,Auto-approved,None,0
PC21973,2025-06-01,20205,"Bedding Set - Private label, Case 12",Home & Kitchen,Private label,34.9799,37.2764,0.06565,Increase,Annual review,Pricing team,Approved,Commercial director,3
PC21974,2025-09-01,20205,"Bedding Set - Private label, Case 12",Home & Kitchen,Private label,37.2764,36.8475,-0.01151,Decrease,Annual review,Pricing team,Auto-approved,None,0
PC21975,2025-12-01,20205,"Bedding Set - Private label, Case 12",Home & Kitchen,Private label,36.8475,34.5717,-0.06176,Decrease,Market correction,Alix Fontaine,Approved,Commercial director,1
PC21976,2026-03-01,20205,"Bedding Set - Private label, Case 12",Home & Kitchen,Private label,34.5717,35.9138,0.03882,Increase,Annual review,Pricing team,Approved,Sales manager,5
PC21977,2026-06-01,20205,"Bedding Set - Private label, Case 12",Home & Kitchen,Private label,35.9138,35.6983,-0.006,Decrease,Promotional reset,Marcus Oyelaran,Approved,Sales manager,1
PC21978,2023-09-01,20206,"Blender - National brand, Case 24",Home & Kitchen,National brand,37.3233,33.2749,-0.10847,Decrease,Market correction,Priya Raghunathan,Approved,Commercial director,3
PC21979,2023-12-01,20206,"Blender - National brand, Case 24",Home & Kitchen,National brand,33.2749,34.4381,0.03496,Increase,Cost pass-through,Pricing team,Approved,Sales manager,3
PC21980,2024-03-01,20206,"Blender - National brand, Case 24",Home & Kitchen,National brand,34.4381,35.142,0.02044,Increase,Market correction,Simone Delacroix,Approved,Sales manager,7
PC21981,2024-06-01,20206,"Blender - National brand, Case 24",Home & Kitchen,National brand,35.142,37.5584,0.06876,Increase,Cost pass-through,Pricing team,Approved,Commercial director,2
PC21982,2024-09-01,20206,"Blender - National brand, Case 24",Home & Kitchen,National brand,37.5584,39.4389,0.05007,Increase,Market correction,Alix Fontaine,Approved,Sales manager,1
PC21983,2024-12-01,20206,"Blender - National brand, Case 24",Home & Kitchen,National brand,39.4389,36.4936,-0.07468,Decrease,Promotional reset,Alix Fontaine,Approved,Commercial director,1
PC21984,2025-03-01,20206,"Blender - National brand, Case 24",Home & Kitchen,National brand,36.4936,36.2013,-0.00801,Decrease,Promotional reset,Nikita Petrenko,Approved,Sales manager,1
PC21985,2025-06-01,20206,"Blender - National brand, Case 24",Home & Kitchen,National brand,36.2013,37.0919,0.0246,Increase,Cost pass-through,Pricing team,Approved,Sales manager,8
PC21986,2025-09-01,20206,"Blender - National brand, Case 24",Home & Kitchen,National brand,37.0919,37.9003,0.02179,Increase,Competitive response,Nikita Petrenko,Approved,Sales manager,1
PC21987,2025-12-01,20206,"Blender - National brand, Case 24",Home & Kitchen,National brand,37.9003,36.4168,-0.03914,Decrease,Market correction,Bea Okonkwo,Approved,Sales manager,1
PC21988,2026-02-01,20206,"Blender - National brand, Case 24",Home & Kitchen,National brand,36.4168,51.8404,0.42353,Increase,Customer negotiation,Priya Raghunathan,Approved,Commercial director,2
PC21989,2026-03-01,20206,"Blender - National brand, Case 24",Home & Kitchen,National brand,51.8404,53.9479,0.04065,Increase,Promotional reset,Yusuf Kandemir,Approved,Sales manager,2
PC21990,2026-06-01,20206,"Blender - National brand, Case 24",Home & Kitchen,National brand,53.9479,57.7772,0.07098,Increase,Cost pass-through,Pricing team,Approved,Commercial director,1
PC21991,2023-08-01,20207,"Cycling Helmet - Private label, Case 12",Sporting Goods,Private label,27.5821,29.7315,0.07793,Increase,Cost pass-through,Pricing team,Approved,Commercial director,1
PC21992,2023-10-01,20208,"Safety Glasses - Premium brand, Bulk pallet 144",Tools & Hardware,Premium brand,63.9886,63.2178,-0.01205,Decrease,Annual review,Pricing team,Auto-approved,None,0
PC21993,2024-01-01,20208,"Safety Glasses - Premium brand, Bulk pallet 144",Tools & Hardware,Premium brand,63.2178,67.909,0.07421,Increase,Cost pass-through,Pricing team,Approved,Commercial director,3
PC21994,2024-04-01,20208,"Safety Glasses - Premium brand, Bulk pallet 144",Tools & Hardware,Premium brand,67.909,64.7563,-0.04643,Decrease,Customer negotiation,Marcus Oyelaran,Approved,Sales manager,1
PC21995,2024-07-01,20208,"Safety Glasses - Premium brand, Bulk pallet 144",Tools & Hardware,Premium brand,64.7563,62.6736,-0.03216,Decrease,Market correction,Priya Raghunathan,Approved,Sales manager,2
PC21996,2024-10-01,20208,"Safety Glasses - Premium brand, Bulk pallet 144",Tools & Hardware,Premium brand,62.6736,53.2381,-0.15055,Decrease,Promotional reset,Simone Delacroix,Approved,Commercial director,1
PC21997,2025-01-01,20208,"Safety Glasses - Premium brand, Bulk pallet 144",Tools & Hardware,Premium brand,53.2381,51.2668,-0.03703,Decrease,Customer negotiation,Nikita Petrenko,Rejected,Sales manager,13
PC21998,2025-04-01,20208,"Safety Glasses - Premium brand, Bulk pallet 144",Tools & Hardware,Premium brand,51.2668,52.9412,0.03266,Increase,Annual review,Pricing team,Approved,Sales manager,6
PC21999,2025-07-01,20208,"Safety Glasses - Premium brand, Bulk pallet 144",Tools & Hardware,Premium brand,52.9412,53.5958,0.01236,Increase,Promotional reset,Simone Delacroix,Approved,Sales manager,2
PC22000,2025-10-01,20208,"Safety Glasses - Premium brand, Bulk pallet 144",Tools & Hardware,Premium brand,53.5958,55.2123,0.03016,Increase,Cost pass-through,Pricing team,Rejected,Sales manager,6
PC22001,2026-01-01,20208,"Safety Glasses - Premium brand, Bulk pallet 144",Tools & Hardware,Premium brand,55.2123,62.799,0.13741,Increase,Cost pass-through,Pricing team,Approved,Commercial director,1
PC22002,2026-04-01,20208,"Safety Glasses - Premium brand, Bulk pallet 144",Tools & Hardware,Premium brand,62.799,61.8043,-0.01584,Decrease,Market correction,Jonah Stavrides,Approved,Sales manager,5
PC22003,2024-01-01,20209,"USB-C Charger - National brand, Bulk pallet 144",Consumer Electronics,National brand,45.4669,39.8083,-0.12446,Decrease,Customer negotiation,Hollis Marchetti,Approved,Commercial director,2
PC22004,2024-07-01,20209,"USB-C Charger - National brand, Bulk pallet 144",Consumer Electronics,National brand,39.8083,34.5431,-0.13226,Decrease,Customer negotiation,Rowan Achterberg,Approved,Commercial director,5
PC22005,2024-11-01,20209,"USB-C Charger - National brand, Bulk pallet 144",Consumer Electronics,National brand,34.5431,51.3873,0.48763,Increase,Cost pass-through,Pricing team,Approved,Commercial director,35
PC22006,2025-01-01,20209,"USB-C Charger - National brand, Bulk pallet 144",Consumer Electronics,National brand,51.3873,52.1823,0.01547,Increase,Cost pass-through,Pricing team,Auto-approved,None,0
PC22007,2025-07-01,20209,"USB-C Charger - National brand, Bulk pallet 144",Consumer Electronics,National brand,52.1823,49.146,-0.05819,Decrease,Competitive response,Bea Okonkwo,Approved,Sales manager,4
PC22008,2026-01-01,20209,"USB-C Charger - National brand, Bulk pallet 144",Consumer Electronics,National brand,49.146,47.3384,-0.03678,Decrease,Market correction,Marcus Oyelaran,Approved,Sales manager,1
PC22009,2023-08-01,20210,"Socket Set - Private label, Each",Tools & Hardware,Private label,42.7489,41.4339,-0.03076,Decrease,Promotional reset,Rowan Achterberg,Approved,Sales manager,4
PC22010,2023-10-01,20211,"Cat Litter - Premium brand, Each",Pet Supplies,Premium brand,24.7582,25.8023,0.04217,Increase,Annual review,Pricing team,Approved,Sales manager,2
PC22011,2024-01-01,20211,"Cat Litter - Premium brand, Each",Pet Supplies,Premium brand,25.8023,24.8714,-0.03608,Decrease,Market correction,Priya Raghunathan,Approved,Sales manager,1
PC22012,2024-04-01,20211,"Cat Litter - Premium brand, Each",Pet Supplies,Premium brand,24.8714,26.0431,0.04711,Increase,Cost pass-through,Pricing team,Approved,Sales manager,5
PC22013,2024-07-01,20211,"Cat Litter - Premium brand, Each",Pet Supplies,Premium brand,26.0431,24.9372,-0.04246,Decrease,Competitive response,Bea Okonkwo,Approved,Sales manager,4
PC22014,2024-10-01,20211,"Cat Litter - Premium brand, Each",Pet Supplies,Premium brand,24.9372,26.88,0.07791,Increase,Cost pass-through,Pricing team,Rejected,Commercial director,2
PC22015,2025-01-01,20211,"Cat Litter - Premium brand, Each",Pet Supplies,Premium brand,26.88,25.8825,-0.03711,Decrease,Market correction,Simone Delacroix,Approved,Sales manager,3
PC22016,2025-04-01,20211,"Cat Litter - Premium brand, Each",Pet Supplies,Premium brand,25.8825,26.6305,0.0289,Increase,Market correction,Rowan Achterberg,Approved,Sales manager,1
PC22017,2025-07-01,20211,"Cat Litter - Premium brand, Each",Pet Supplies,Premium brand,26.6305,28.0784,0.05437,Increase,Annual review,Pricing team,Approved,Sales manager,7
PC22018,2025-10-01,20211,"Cat Litter - Premium brand, Each",Pet Supplies,Premium brand,28.0784,27.3854,-0.02468,Decrease,Promotional reset,Marcus Oyelaran,Approved,Sales manager,2
PC22019,2026-01-01,20211,"Cat Litter - Premium brand, Each",Pet Supplies,Premium brand,27.3854,27.4646,0.00289,Increase,Cost pass-through,Pricing team,Auto-approved,None,0
PC22020,2026-04-01,20211,"Cat Litter - Premium brand, Each",Pet Supplies,Premium brand,27.4646,28.694,0.04476,Increase,Cost pass-through,Pricing team,Pending,Sales manager,7
PC22021,2023-09-01,20212,"Cutlery Block - Private label, Master carton 48",Home & Kitchen,Private label,13.4953,12.7995,-0.05156,Decrease,Annual review,Pricing team,Approved,Sales manager,7
PC22022,2023-12-01,20212,"Cutlery Block - Private label, Master carton 48",Home & Kitchen,Private label,12.7995,12.8153,0.00123,Increase,Cost pass-through,Pricing team,Auto-approved,None,0
PC22023,2024-03-01,20212,"Cutlery Block - Private label, Master carton 48",Home & Kitchen,Private label,12.8153,13.8992,0.08458,Increase,Cost pass-through,Pricing team,Approved,Commercial director,3
PC22024,2024-06-01,20212,"Cutlery Block - Private label, Master carton 48",Home & Kitchen,Private label,13.8992,14.5683,0.04814,Increase,Annual review,Pricing team,Approved,Sales manager,2
PC22025,2024-09-01,20212,"Cutlery Block - Private label, Master carton 48",Home & Kitchen,Private label,14.5683,15.39,0.0564,Increase,Annual review,Pricing team,Approved,Sales manager,3
PC22026,2024-12-01,20212,"Cutlery Block - Private label, Master carton 48",Home & Kitchen,Private label,15.39,14.8046,-0.03804,Decrease,Market correction,Marcus Oyelaran,Approved,Sales manager,1
PC22027,2025-03-01,20212,"Cutlery Block - Private label, Master carton 48",Home & Kitchen,Private label,14.8046,14.3377,-0.03154,Decrease,Market correction,Bea Okonkwo,Approved,Sales manager,2
PC22028,2025-06-01,20212,"Cutlery Block - Private label, Master carton 48",Home & Kitchen,Private label,14.3377,14.5585,0.0154,Increase,Cost pass-through,Pricing team,Auto-approved,None,0
PC22029,2025-09-01,20212,"Cutlery Block - Private label, Master carton 48",Home & Kitchen,Private label,14.5585,14.4001,-0.01088,Decrease,Market correction,Nikita Petrenko,Approved,Sales manager,1
PC22030,2025-12-01,20212,"Cutlery Block - Private label, Master carton 48",Home & Kitchen,Private label,14.4001,13.6815,-0.0499,Decrease,Customer negotiation,Marcus Oyelaran,Approved,Sales manager,4
PC22031,2026-03-01,20212,"Cutlery Block - Private label, Master carton 48",Home & Kitchen,Private label,13.6815,14.8229,0.08343,Increase,Market correction,Yusuf Kandemir,Approved,Commercial director,7
PC22032,2026-06-01,20212,"Cutlery Block - Private label, Master carton 48",Home & Kitchen,Private label,14.8229,15.6873,0.05832,Increase,Cost pass-through,Pricing team,Approved,Sales manager,7
PC22033,2023-09-01,20213,"Bedding Set - Premium brand, Master carton 48",Home & Kitchen,Premium brand,50.7217,47.4128,-0.06524,Decrease,Customer negotiation,Nikita Petrenko,Approved,Commercial director,1
PC22034,2023-12-01,20213,"Bedding Set - Premium brand, Master carton 48",Home & Kitchen,Premium brand,47.4128,46.8995,-0.01083,Decrease,Market correction,Rowan Achterberg,Approved,Sales manager,1
PC22035,2024-03-01,20213,"Bedding Set - Premium brand, Master carton 48",Home & Kitchen,Premium brand,46.8995,49.8452,0.06281,Increase,Competitive response,Jonah Stavrides,Approved,Commercial director,3
PC22036,2024-06-01,20213,"Bedding Set - Premium brand, Master carton 48",Home & Kitchen,Premium brand,49.8452,52.5339,0.05394,Increase,Market correction,Nikita Petrenko,Approved,Sales manager,2
PC22037,2024-09-01,20213,"Bedding Set - Premium brand, Master carton 48",Home & Kitchen,Premium brand,52.5339,54.6406,0.0401,Increase,Market correction,Yusuf Kandemir,Approved,Sales manager,1
PC22038,2024-12-01,20213,"Bedding Set - Premium brand, Master carton 48",Home & Kitchen,Premium brand,54.6406,48.138,-0.11901,Decrease,Competitive response,Hollis Marchetti,Approved,Commercial director,7
PC22039,2025-03-01,20213,"Bedding Set - Premium brand, Master carton 48",Home & Kitchen,Premium brand,48.138,49.019,0.0183,Increase,Cost pass-through,Pricing team,Auto-approved,None,0
PC22040,2025-06-01,20213,"Bedding Set - Premium brand, Master carton 48",Home & Kitchen,Premium brand,49.019,52.265,0.06622,Increase,Customer negotiation,Marcus Oyelaran,Approved,Commercial director,1
PC22041,2025-09-01,20213,"Bedding Set - Premium brand, Master carton 48",Home & Kitchen,Premium brand,52.265,47.4142,-0.09281,Decrease,Competitive response,Yusuf Kandemir,Approved,Commercial director,10
PC22042,2025-12-01,20213,"Bedding Set - Premium brand, Master carton 48",Home & Kitchen,Premium brand,47.4142,49.2849,0.03945,Increase,Competitive response,Tom Beauchemin,Approved,Sales manager,1
PC22043,2026-03-01,20213,"Bedding Set - Premium brand, Master carton 48",Home & Kitchen,Premium brand,49.2849,58.2245,0.18139,Increase,Annual review,Pricing team,Approved,Commercial director,12
PC22044,2026-06-01,20213,"Bedding Set - Premium brand, Master carton 48",Home & Kitchen,Premium brand,58.2245,60.1219,0.03259,Increase,Annual review,Pricing team,Approved,Sales manager,1
PC22045,2023-09-01,20214,"Vitamin C Serum - Premium brand, Case 24",Health & Beauty,Premium brand,14.5546,14.2576,-0.02041,Decrease,Promotional reset,Alix Fontaine,Approved,Sales manager,1
PC22046,2023-12-01,20214,"Vitamin C Serum - Premium brand, Case 24",Health & Beauty,Premium brand,14.2576,13.4857,-0.05414,Decrease,Cost pass-through,Pricing team,Approved,Sales manager,11
PC22047,2024-03-01,20214,"Vitamin C Serum - Premium brand, Case 24",Health & Beauty,Premium brand,13.4857,13.7638,0.02062,Increase,Market correction,Tom Beauchemin,Approved,Sales manager,1
PC22048,2024-06-01,20214,"Vitamin C Serum - Premium brand, Case 24",Health & Beauty,Premium brand,13.7638,14.3401,0.04187,Increase,Annual review,Pricing team,Approved,Sales manager,1
PC22049,2024-09-01,20214,"Vitamin C Serum - Premium brand, Case 24",Health & Beauty,Premium brand,14.3401,15.6844,0.09374,Increase,Market correction,Jonah Stavrides,Approved,Commercial director,2
PC22050,2024-12-01,20214,"Vitamin C Serum - Premium brand, Case 24",Health & Beauty,Premium brand,15.6844,15.4767,-0.01324,Decrease,Competitive response,Rowan Achterberg,Approved,Sales manager,3
PC22051,2025-03-01,20214,"Vitamin C Serum - Premium brand, Case 24",Health & Beauty,Premium brand,15.4767,15.0875,-0.02515,Decrease,Cost pass-through,Pricing team,Approved,Sales manager,1
PC22052,2025-06-01,20214,"Vitamin C Serum - Premium brand, Case 24",Health & Beauty,Premium brand,15.0875,15.1009,0.00089,Increase,Cost pass-through,Pricing team,Auto-approved,None,0
PC22053,2025-09-01,20214,"Vitamin C Serum - Premium brand, Case 24",Health & Beauty,Premium brand,15.1009,15.7864,0.04539,Increase,Customer negotiation,Priya Raghunathan,Approved,Sales manager,1
PC22054,2025-12-01,20214,"Vitamin C Serum - Premium brand, Case 24",Health & Beauty,Premium brand,15.7864,16.2059,0.02657,Increase,Cost pass-through,Pricing team,Approved,Sales manager,2
PC22055,2026-03-01,20214,"Vitamin C Serum - Premium brand, Case 24",Health & Beauty,Premium brand,16.2059,16.1176,-0.00545,Decrease,Customer negotiation,Yusuf Kandemir,Approved,Sales manager,2
PC22056,2026-06-01,20214,"Vitamin C Serum - Premium brand, Case 24",Health & Beauty,Premium brand,16.1176,16.0618,-0.00346,Decrease,Cost pass-through,Pricing team,Auto-approved,None,0
PC22057,2023-10-01,20215,"Body Wash - Premium brand, Bulk pallet 144",Health & Beauty,Premium brand,16.2602,15.3255,-0.05748,Decrease,Promotional reset,Jonah Stavrides,Approved,Sales manager,11
PC22058,2024-01-01,20215,"Body Wash - Premium brand, Bulk pallet 144",Health & Beauty,Premium brand,15.3255,14.3346,-0.06466,Decrease,Competitive response,Marcus Oyelaran,Approved,Commercial director,3
PC22059,2024-04-01,20215,"Body Wash - Premium brand, Bulk pallet 144",Health & Beauty,Premium brand,14.3346,13.3679,-0.06744,Decrease,Customer negotiation,Alix Fontaine,Approved,Commercial director,2
PC22060,2024-07-01,20215,"Body Wash - Premium brand, Bulk pallet 144",Health & Beauty,Premium brand,13.3679,14.1019,0.05491,Increase,Annual review,Pricing team,Approved,Sales manager,2
PC22061,2024-10-01,20215,"Body Wash - Premium brand, Bulk pallet 144",Health & Beauty,Premium brand,14.1019,14.1863,0.00599,Increase,Cost pass-through,Pricing team,Auto-approved,None,0
PC22062,2025-01-01,20215,"Body Wash - Premium brand, Bulk pallet 144",Health & Beauty,Premium brand,14.1863,13.9018,-0.02005,Decrease,Market correction,Marcus Oyelaran,Approved,Sales manager,8
PC22063,2025-04-01,20215,"Body Wash - Premium brand, Bulk pallet 144",Health & Beauty,Premium brand,13.9018,13.3486,-0.03979,Decrease,Competitive response,Tom Beauchemin,Approved,Sales manager,25
PC22064,2025-07-01,20215,"Body Wash - Premium brand, Bulk pallet 144",Health & Beauty,Premium brand,13.3486,13.6412,0.02192,Increase,Cost pass-through,Pricing team,Approved,Sales manager,9
PC22065,2025-10-01,20215,"Body Wash - Premium brand, Bulk pallet 144",Health & Beauty,Premium brand,13.6412,14.0809,0.03223,Increase,Cost pass-through,Pricing team,Approved,Sales manager,2
PC22066,2026-01-01,20215,"Body Wash - Premium brand, Bulk pallet 144",Health & Beauty,Premium brand,14.0809,14.0168,-0.00455,Decrease,Market correction,Bea Okonkwo,Rejected,Sales manager,1
PC22067,2026-04-01,20215,"Body Wash - Premium brand, Bulk pallet 144",Health & Beauty,Premium brand,14.0168,15.1576,0.08139,Increase,Market correction,Hollis Marchetti,Approved,Commercial director,3
PC22068,2023-09-01,20216,"Laptop Sleeve - National brand, Each",Apparel & Accessories,National brand,23.5295,24.2476,0.03052,Increase,Competitive response,Dana Whitfield,Pending,Sales manager,1
PC22069,2023-12-01,20216,"Laptop Sleeve - National brand, Each",Apparel & Accessories,National brand,24.2476,23.2419,-0.04148,Decrease,Customer negotiation,Yusuf Kandemir,Approved,Sales manager,1
PC22070,2024-03-01,20216,"Laptop Sleeve - National brand, Each",Apparel & Accessories,National brand,23.2419,22.6869,-0.02388,Decrease,Competitive response,Jonah Stavrides,Rejected,Sales manager,1
PC22071,2024-06-01,20216,"Laptop Sleeve - National brand, Each",Apparel & Accessories,National brand,22.6869,24.0258,0.05902,Increase,Cost pass-through,Pricing team,Approved,Sales manager,1
PC22072,2024-09-01,20216,"Laptop Sleeve - National brand, Each",Apparel & Accessories,National brand,24.0258,24.2754,0.01039,Increase,Annual review,Pricing team,Auto-approved,None,0
PC22073,2024-12-01,20216,"Laptop Sleeve - National brand, Each",Apparel & Accessories,National brand,24.2754,23.8771,-0.01641,Decrease,Customer negotiation,Yusuf Kandemir,Approved,Sales manager,1
PC22074,2025-03-01,20216,"Laptop Sleeve - National brand, Each",Apparel & Accessories,National brand,23.8771,23.4883,-0.01628,Decrease,Market correction,Marcus Oyelaran,Rejected,Sales manager,6
PC22075,2025-06-01,20216,"Laptop Sleeve - National brand, Each",Apparel & Accessories,National brand,23.4883,23.3439,-0.00615,Decrease,Customer negotiation,Bea Okonkwo,Approved,Sales manager,1
PC22076,2025-09-01,20216,"Laptop Sleeve - National brand, Each",Apparel & Accessories,National brand,23.3439,25.1746,0.07842,Increase,Annual review,Pricing team,Approved,Commercial director,1
PC22077,2025-12-01,20216,"Laptop Sleeve - National brand, Each",Apparel & Accessories,National brand,25.1746,22.5856,-0.10284,Decrease,Annual review,Pricing team,Approved,Commercial director,3
PC22078,2026-03-01,20216,"Laptop Sleeve - National brand, Each",Apparel & Accessories,National brand,22.5856,22.2838,-0.01336,Decrease,Market correction,Rowan Achterberg,Approved,Sales manager,1
PC22079,2026-06-01,20216,"Laptop Sleeve - National brand, Each",Apparel & Accessories,National brand,22.2838,23.0477,0.03428,Increase,Promotional reset,Simone Delacroix,Approved,Sales manager,4
PC22080,2023-08-01,20217,"Work Gloves - National brand, Each",Tools & Hardware,National brand,27.8777,26.8616,-0.03645,Decrease,Market correction,Alix Fontaine,Approved,Sales manager,3
PC22081,2023-11-01,20217,"Work Gloves - National brand, Each",Tools & Hardware,National brand,26.8616,26.8939,0.0012,Increase,Annual review,Pricing team,Auto-approved,None,0
PC22082,2024-02-01,20217,"Work Gloves - National brand, Each",Tools & Hardware,National brand,26.8939,27.2231,0.01224,Increase,Cost pass-through,Pricing team,Auto-approved,None,0
PC22083,2024-05-01,20217,"Work Gloves - National brand, Each",Tools & Hardware,National brand,27.2231,24.2905,-0.10772,Decrease,Annual review,Pricing team,Approved,Commercial director,1
PC22084,2024-08-01,20217,"Work Gloves - National brand, Each",Tools & Hardware,National brand,24.2905,21.7217,-0.10575,Decrease,Promotional reset,Priya Raghunathan,Approved,Commercial director,6
PC22085,2024-11-01,20217,"Work Gloves - National brand, Each",Tools & Hardware,National brand,21.7217,19.8531,-0.08602,Decrease,Customer negotiation,Marcus Oyelaran,Approved,Commercial director,10
PC22086,2025-02-01,20217,"Work Gloves - National brand, Each",Tools & Hardware,National brand,19.8531,19.4607,-0.01977,Decrease,Customer negotiation,Tom Beauchemin,Approved,Sales manager,6
PC22087,2025-05-01,20217,"Work Gloves - National brand, Each",Tools & Hardware,National brand,19.4607,19.1774,-0.01456,Decrease,Cost pass-through,Pricing team,Auto-approved,None,0
PC22088,2025-08-01,20217,"Work Gloves - National brand, Each",Tools & Hardware,National brand,19.1774,19.1515,-0.00135,Decrease,Customer negotiation,Bea Okonkwo,Approved,Sales manager,1
PC22089,2025-11-01,20217,"Work Gloves - National brand, Each",Tools & Hardware,National brand,19.1515,19.9456,0.04146,Increase,Annual review,Pricing team,Approved,Sales manager,1
PC22090,2026-02-01,20217,"Work Gloves - National brand, Each",Tools & Hardware,National brand,19.9456,20.9166,0.04868,Increase,Competitive response,Jonah Stavrides,Approved,Sales manager,2
PC22091,2026-05-01,20217,"Work Gloves - National brand, Each",Tools & Hardware,National brand,20.9166,21.1726,0.01224,Increase,Competitive response,Marcus Oyelaran,Approved,Sales manager,3
PC22092,2023-10-01,20218,"Desk Organiser - Private label, Case 12",Office & Stationery,Private label,15.3762,15.5859,0.01364,Increase,Annual review,Pricing team,Auto-approved,None,0
PC22093,2024-01-01,20218,"Desk Organiser - Private label, Case 12",Office & Stationery,Private label,15.5859,15.0862,-0.03206,Decrease,Customer negotiation,Simone Delacroix,Approved,Sales manager,2
PC22094,2024-04-01,20218,"Desk Organiser - Private label, Case 12",Office & Stationery,Private label,15.0862,13.9295,-0.07667,Decrease,Customer negotiation,Nikita Petrenko,Approved,Commercial director,1
PC22095,2024-07-01,20218,"Desk Organiser - Private label, Case 12",Office & Stationery,Private label,13.9295,14.4463,0.0371,Increase,Competitive response,Jonah Stavrides,Approved,Sales manager,3
PC22096,2024-10-01,20218,"Desk Organiser - Private label, Case 12",Office & Stationery,Private label,14.4463,14.6762,0.01591,Increase,Annual review,Pricing team,Auto-approved,None,0
PC22097,2025-01-01,20218,"Desk Organiser - Private label, Case 12",Office & Stationery,Private label,14.6762,13.6923,-0.06704,Decrease,Market correction,Simone Delacroix,Approved,Commercial director,4
PC22098,2025-04-01,20218,"Desk Organiser - Private label, Case 12",Office & Stationery,Private label,13.6923,13.9224,0.01681,Increase,Customer negotiation,Dana Whitfield,Approved,Sales manager,8
PC22099,2025-07-01,20218,"Desk Organiser - Private label, Case 12",Office & Stationery,Private label,13.9224,15.2645,0.0964,Increase,Annual review,Pricing team,Rejected,Commercial director,6
PC22100,2025-10-01,20218,"Desk Organiser - Private label, Case 12",Office & Stationery,Private label,15.2645,16.2166,0.06237,Increase,Annual review,Pricing team,Approved,Commercial director,1
PC22101,2026-01-01,20218,"Desk Organiser - Private label, Case 12",Office & Stationery,Private label,16.2166,16.2619,0.00279,Increase,Customer negotiation,Rowan Achterberg,Approved,Sales manager,1
PC22102,2026-04-01,20218,"Desk Organiser - Private label, Case 12",Office & Stationery,Private label,16.2619,16.6363,0.02302,Increase,Cost pass-through,Pricing team,Approved,Sales manager,2
PC22103,2023-08-01,20219,"Laser Measure - Value, Case 12",Tools & Hardware,Value,13.2521,13.5035,0.01897,Increase,Cost pass-through,Pricing team,Auto-approved,None,0
PC22104,2024-02-01,20219,"Laser Measure - Value, Case 12",Tools & Hardware,Value,13.5035,13.5956,0.00682,Increase,Cost pass-through,Pricing team,Auto-approved,None,0
PC22105,2024-08-01,20219,"Laser Measure - Value, Case 12",Tools & Hardware,Value,13.5956,12.0818,-0.11134,Decrease,Customer negotiation,Tom Beauchemin,Approved,Commercial director,3
PC22106,2025-02-01,20219,"Laser Measure - Value, Case 12",Tools & Hardware,Value,12.0818,11.1887,-0.07392,Decrease,Annual review,Pricing team,Approved,Commercial director,1
PC22107,2025-08-01,20219,"Laser Measure - Value, Case 12",Tools & Hardware,Value,11.1887,10.973,-0.01928,Decrease,Promotional reset,Jonah Stavrides,Approved,Sales manager,3
PC22108,2026-02-01,20219,"Laser Measure - Value, Case 12",Tools & Hardware,Value,10.973,12.2713,0.11832,Increase,Cost pass-through,Pricing team,Approved,Commercial director,5
PC22109,2023-10-01,20220,"Air Fryer - Premium brand, Inner pack 6",Home & Kitchen,Premium brand,82.2433,77.1102,-0.06241,Decrease,Customer negotiation,Tom Beauchemin,Approved,Commercial director,6
PC22110,2024-01-01,20220,"Air Fryer - Premium brand, Inner pack 6",Home & Kitchen,Premium brand,77.1102,74.1817,-0.03798,Decrease,Customer negotiation,Dana Whitfield,Rejected,Sales manager,1
PC22111,2024-04-01,20220,"Air Fryer - Premium brand, Inner pack 6",Home & Kitchen,Premium brand,74.1817,76.3764,0.02959,Increase,Annual review,Pricing team,Approved,Sales manager,3
PC22112,2024-07-01,20220,"Air Fryer - Premium brand, Inner pack 6",Home & Kitchen,Premium brand,76.3764,75.3966,-0.01283,Decrease,Market correction,Rowan Achterberg,Approved,Sales manager,3
PC22113,2024-10-01,20220,"Air Fryer - Premium brand, Inner pack 6",Home & Kitchen,Premium brand,75.3966,80.043,0.06163,Increase,Annual review,Pricing team,Approved,Commercial director,2
PC22114,2025-01-01,20220,"Air Fryer - Premium brand, Inner pack 6",Home & Kitchen,Premium brand,80.043,72.4857,-0.09442,Decrease,Market correction,Alix Fontaine,Rejected,Commercial director,2
PC22115,2025-04-01,20220,"Air Fryer - Premium brand, Inner pack 6",Home & Kitchen,Premium brand,72.4857,74.3081,0.02514,Increase,Market correction,Jonah Stavrides,Approved,Sales manager,4
PC22116,2025-07-01,20220,"Air Fryer - Premium brand, Inner pack 6",Home & Kitchen,Premium brand,74.3081,74.6177,0.00417,Increase,Cost pass-through,Pricing team,Auto-approved,None,0
PC22117,2025-10-01,20220,"Air Fryer - Premium brand, Inner pack 6",Home & Kitchen,Premium brand,74.6177,72.1708,-0.03279,Decrease,Market correction,Nikita Petrenko,Rejected,Sales manager,6
PC22118,2026-01-01,20220,"Air Fryer - Premium brand, Inner pack 6",Home & Kitchen,Premium brand,72.1708,76.2519,0.05655,Increase,Cost pass-through,Pricing team,Approved,Sales manager,1
PC22119,2026-04-01,20220,"Air Fryer - Premium brand, Inner pack 6",Home & Kitchen,Premium brand,76.2519,80.0931,0.05038,Increase,Annual review,Pricing team,Approved,Sales manager,2
PC22120,2023-09-01,20221,"Cat Litter - Private label, Bulk pallet 144",Pet Supplies,Private label,12.1256,12.0874,-0.00315,Decrease,Competitive response,Simone Delacroix,Approved,Sales manager,4
PC22121,2023-12-01,20221,"Cat Litter - Private label, Bulk pallet 144",Pet Supplies,Private label,12.0874,12.1496,0.00515,Increase,Competitive response,Tom Beauchemin,Approved,Sales manager,8
PC22122,2024-03-01,20221,"Cat Litter - Private label, Bulk pallet 144",Pet Supplies,Private label,12.1496,12.2489,0.00817,Increase,Cost pass-through,Pricing team,Auto-approved,None,0
PC22123,2024-06-01,20221,"Cat Litter - Private label, Bulk pallet 144",Pet Supplies,Private label,12.2489,11.1397,-0.09056,Decrease,Customer negotiation,Yusuf Kandemir,Pending,Commercial director,1
PC22124,2024-09-01,20221,"Cat Litter - Private label, Bulk pallet 144",Pet Supplies,Private label,11.1397,11.9358,0.07147,Increase,Market correction,Marcus Oyelaran,Pending,Commercial director,8
PC22125,2024-12-01,20221,"Cat Litter - Private label, Bulk pallet 144",Pet Supplies,Private label,11.9358,11.7202,-0.01806,Decrease,Customer negotiation,Alix Fontaine,Rejected,Sales manager,2
PC22126,2025-03-01,20221,"Cat Litter - Private label, Bulk pallet 144",Pet Supplies,Private label,11.7202,12.7375,0.0868,Increase,Cost pass-through,Pricing team,Approved,Commercial director,4
PC22127,2025-06-01,20221,"Cat Litter - Private label, Bulk pallet 144",Pet Supplies,Private label,12.7375,12.8453,0.00846,Increase,Cost pass-through,Pricing team,Auto-approved,None,0
PC22128,2025-09-01,20221,"Cat Litter - Private label, Bulk pallet 144",Pet Supplies,Private label,12.8453,11.9736,-0.06786,Decrease,Market correction,Simone Delacroix,Approved,Commercial director,2
PC22129,2025-12-01,20221,"Cat Litter - Private label, Bulk pallet 144",Pet Supplies,Private label,11.9736,11.177,-0.06653,Decrease,Customer negotiation,Alix Fontaine,Approved,Commercial director,4
PC22130,2026-03-01,20221,"Cat Litter - Private label, Bulk pallet 144",Pet Supplies,Private label,11.177,11.2498,0.00651,Increase,Annual review,Pricing team,Auto-approved,None,0
PC22131,2026-06-01,20221,"Cat Litter - Private label, Bulk pallet 144",Pet Supplies,Private label,11.2498,11.5309,0.02499,Increase,Customer negotiation,Alix Fontaine,Approved,Sales manager,2
PC22132,2023-09-01,20222,"Socket Set - National brand, Case 24",Tools & Hardware,National brand,39.6128,37.0858,-0.06379,Decrease,Market correction,Jonah Stavrides,Approved,Commercial director,2
PC22133,2023-12-01,20222,"Socket Set - National brand, Case 24",Tools & Hardware,National brand,37.0858,40.6734,0.09674,Increase,Competitive response,Dana Whitfield,Approved,Commercial director,2
PC22134,2024-03-01,20222,"Socket Set - National brand, Case 24",Tools & Hardware,National brand,40.6734,40.0216,-0.01603,Decrease,Promotional reset,Priya Raghunathan,Approved,Sales manager,8
PC22135,2024-06-01,20222,"Socket Set - National brand, Case 24",Tools & Hardware,National brand,40.0216,35.1251,-0.12235,Decrease,Market correction,Yusuf Kandemir,Approved,Commercial director,7
PC22136,2024-09-01,20222,"Socket Set - National brand, Case 24",Tools & Hardware,National brand,35.1251,30.4729,-0.13245,Decrease,Annual review,Pricing team,Approved,Commercial director,9
PC22137,2024-12-01,20222,"Socket Set - National brand, Case 24",Tools & Hardware,National brand,30.4729,32.2547,0.05847,Increase,Market correction,Tom Beauchemin,Approved,Sales manager,1
PC22138,2025-03-01,20222,"Socket Set - National brand, Case 24",Tools & Hardware,National brand,32.2547,33.2908,0.03212,Increase,Market correction,Hollis Marchetti,Approved,Sales manager,5
PC22139,2025-06-01,20222,"Socket Set - National brand, Case 24",Tools & Hardware,National brand,33.2908,32.1749,-0.03352,Decrease,Competitive response,Hollis Marchetti,Approved,Sales manager,2
PC22140,2025-09-01,20222,"Socket Set - National brand, Case 24",Tools & Hardware,National brand,32.1749,32.7866,0.01901,Increase,Market correction,Marcus Oyelaran,Approved,Sales manager,3
PC22141,2025-12-01,20222,"Socket Set - National brand, Case 24",Tools & Hardware,National brand,32.7866,34.2357,0.0442,Increase,Promotional reset,Hollis Marchetti,Approved,Sales manager,2
PC22142,2026-03-01,20222,"Socket Set - National brand, Case 24",Tools & Hardware,National brand,34.2357,37.1824,0.08607,Increase,Annual review,Pricing team,Approved,Commercial director,7
PC22143,2026-06-01,20222,"Socket Set - National brand, Case 24",Tools & Hardware,National brand,37.1824,35.5677,-0.04343,Decrease,Customer negotiation,Nikita Petrenko,Approved,Sales manager,1
PC22144,2023-09-01,20223,"Adjustable Dumbbells - National brand, Each",Sporting Goods,National brand,38.3894,37.4455,-0.02459,Decrease,Competitive response,Nikita Petrenko,Approved,Sales manager,1
PC22145,2023-09-01,20224,"Chew Toy Pack - National brand, Case 24",Pet Supplies,National brand,18.0149,17.7913,-0.01241,Decrease,Competitive response,Nikita Petrenko,Approved,Sales manager,1
PC22146,2023-12-01,20224,"Chew Toy Pack - National brand, Case 24",Pet Supplies,National brand,17.7913,17.5348,-0.01442,Decrease,Market correction,Priya Raghunathan,Approved,Sales manager,1
PC22147,2024-03-01,20224,"Chew Toy Pack - National brand, Case 24",Pet Supplies,National brand,17.5348,17.8778,0.01956,Increase,Annual review,Pricing team,Auto-approved,None,0
PC22148,2024-06-01,20224,"Chew Toy Pack - National brand, Case 24",Pet Supplies,National brand,17.8778,18.6616,0.04384,Increase,Cost pass-through,Pricing team,Approved,Sales manager,6
PC22149,2024-09-01,20224,"Chew Toy Pack - National brand, Case 24",Pet Supplies,National brand,18.6616,19.3258,0.03559,Increase,Annual review,Pricing team,Approved,Sales manager,4
PC22150,2024-12-01,20224,"Chew Toy Pack - National brand, Case 24",Pet Supplies,National brand,19.3258,14.898,-0.22911,Decrease,Competitive response,Simone Delacroix,Approved,Commercial director,1
PC22151,2025-03-01,20224,"Chew Toy Pack - National brand, Case 24",Pet Supplies,National brand,14.898,15.0171,0.00799,Increase,Cost pass-through,Pricing team,Auto-approved,None,0
PC22152,2025-06-01,20224,"Chew Toy Pack - National brand, Case 24",Pet Supplies,National brand,15.0171,15.5251,0.03383,Increase,Cost pass-through,Pricing team,Approved,Sales manager,3
PC22153,2025-09-01,20224,"Chew Toy Pack - National brand, Case 24",Pet Supplies,National brand,15.5251,15.6125,0.00563,Increase,Cost pass-through,Pricing team,Auto-approved,None,0
PC22154,2025-12-01,20224,"Chew Toy Pack - National brand, Case 24",Pet Supplies,National brand,15.6125,15.0752,-0.03441,Decrease,Customer negotiation,Rowan Achterberg,Approved,Sales manager,5
PC22155,2026-03-01,20224,"Chew Toy Pack - National brand, Case 24",Pet Supplies,National brand,15.0752,14.7344,-0.02261,Decrease,Annual review,Pricing team,Approved,Sales manager,2
PC22156,2026-05-01,20224,"Chew Toy Pack - National brand, Case 24",Pet Supplies,National brand,14.7344,20.0934,0.36371,Increase,Cost pass-through,Pricing team,Pending,Commercial director,4
PC22157,2026-06-01,20224,"Chew Toy Pack - National brand, Case 24",Pet Supplies,National brand,20.0934,21.2015,0.05515,Increase,Cost pass-through,Pricing team,Approved,Sales manager,5
PC22158,2023-09-01,20225,"Air Fryer - Private label, Case 24",Home & Kitchen,Private label,38.522,37.5027,-0.02646,Decrease,Annual review,Pricing team,Approved,Sales manager,3
PC22159,2023-12-01,20225,"Air Fryer - Private label, Case 24",Home & Kitchen,Private label,37.5027,38.0772,0.01532,Increase,Cost pass-through,Pricing team,Auto-approved,None,0
PC22160,2024-03-01,20225,"Air Fryer - Private label, Case 24",Home & Kitchen,Private label,38.0772,39.1511,0.0282,Increase,Competitive response,Alix Fontaine,Approved,Sales manager,6
PC22161,2024-06-01,20225,"Air Fryer - Private label, Case 24",Home & Kitchen,Private label,39.1511,40.3123,0.02966,Increase,Cost pass-through,Pricing team,Approved,Sales manager,2
PC22162,2024-09-01,20225,"Air Fryer - Private label, Case 24",Home & Kitchen,Private label,40.3123,41.4575,0.02841,Increase,Cost pass-through,Pricing team,Approved,Sales manager,13
PC22163,2024-12-01,20225,"Air Fryer - Private label, Case 24",Home & Kitchen,Private label,41.4575,38.3933,-0.07391,Decrease,Annual review,Pricing team,Approved,Commercial director,4
PC22164,2025-03-01,20225,"Air Fryer - Private label, Case 24",Home & Kitchen,Private label,38.3933,39.5681,0.0306,Increase,Cost pass-through,Pricing team,Approved,Sales manager,7
PC22165,2025-06-01,20225,"Air Fryer - Private label, Case 24",Home & Kitchen,Private label,39.5681,44.7777,0.13166,Increase,Customer negotiation,Marcus Oyelaran,Approved,Commercial director,2
PC22166,2025-09-01,20225,"Air Fryer - Private label, Case 24",Home & Kitchen,Private label,44.7777,42.6776,-0.0469,Decrease,Market correction,Yusuf Kandemir,Approved,Sales manager,2
PC22167,2025-12-01,20225,"Air Fryer - Private label, Case 24",Home & Kitchen,Private label,42.6776,42.9014,0.00524,Increase,Cost pass-through,Pricing team,Auto-approved,None,0
PC22168,2026-03-01,20225,"Air Fryer - Private label, Case 24",Home & Kitchen,Private label,42.9014,47.4766,0.10664,Increase,Cost pass-through,Pricing team,Approved,Commercial director,18
PC22169,2026-06-01,20225,"Air Fryer - Private label, Case 24",Home & Kitchen,Private label,47.4766,49.3361,0.03917,Increase,Cost pass-through,Pricing team,Approved,Sales manager,4
PC22170,2023-08-01,20226,"Mechanical Keyboard - National brand, Each",Consumer Electronics,National brand,43.761,44.0085,0.00566,Increase,Annual review,Pricing team,Auto-approved,None,0
PC22171,2023-11-01,20226,"Mechanical Keyboard - National brand, Each",Consumer Electronics,National brand,44.0085,44.3704,0.00822,Increase,Cost pass-through,Pricing team,Auto-approved,None,0
PC22172,2024-02-01,20226,"Mechanical Keyboard - National brand, Each",Consumer Electronics,National brand,44.3704,42.8593,-0.03406,Decrease,Market correction,Alix Fontaine,Approved,Sales manager,1
PC22173,2024-05-01,20226,"Mechanical Keyboard - National brand, Each",Consumer Electronics,National brand,42.8593,40.778,-0.04856,Decrease,Market correction,Dana Whitfield,Approved,Sales manager,4
PC22174,2024-08-01,20226,"Mechanical Keyboard - National brand, Each",Consumer Electronics,National brand,40.778,42.1401,0.0334,Increase,Cost pass-through,Pricing team,Approved,Sales manager,4
PC22175,2024-11-01,20226,"Mechanical Keyboard - National brand, Each",Consumer Electronics,National brand,42.1401,42.8327,0.01644,Increase,Annual review,Pricing team,Auto-approved,None,0
PC22176,2025-02-01,20226,"Mechanical Keyboard - National brand, Each",Consumer Electronics,National brand,42.8327,42.4219,-0.00959,Decrease,Cost pass-through,Pricing team,Auto-approved,None,0
PC22177,2025-05-01,20226,"Mechanical Keyboard - National brand, Each",Consumer Electronics,National brand,42.4219,43.6116,0.02804,Increase,Competitive response,Simone Delacroix,Approved,Sales manager,23
PC22178,2025-08-01,20226,"Mechanical Keyboard - National brand, Each",Consumer Electronics,National brand,43.6116,46.5908,0.06831,Increase,Cost pass-through,Pricing team,Approved,Commercial director,12
PC22179,2025-11-01,20226,"Mechanical Keyboard - National brand, Each",Consumer Electronics,National brand,46.5908,43.6474,-0.06318,Decrease,Market correction,Priya Raghunathan,Rejected,Commercial director,1
PC22180,2026-02-01,20226,"Mechanical Keyboard - National brand, Each",Consumer Electronics,National brand,43.6474,40.8167,-0.06485,Decrease,Annual review,Pricing team,Approved,Commercial director,1
PC22181,2026-05-01,20226,"Mechanical Keyboard - National brand, Each",Consumer Electronics,National brand,40.8167,40.2716,-0.01335,Decrease,Customer negotiation,Tom Beauchemin,Approved,Sales manager,2
PC22182,2023-09-01,20227,"Webcam - Value, Case 12",Consumer Electronics,Value,45.9718,47.4447,0.03204,Increase,Customer negotiation,Marcus Oyelaran,Approved,Sales manager,1
PC22183,2023-12-01,20227,"Webcam - Value, Case 12",Consumer Electronics,Value,47.4447,46.4564,-0.02083,Decrease,Competitive response,Nikita Petrenko,Approved,Sales manager,1
PC22184,2024-03-01,20227,"Webcam - Value, Case 12",Consumer Electronics,Value,46.4564,45.3153,-0.02456,Decrease,Annual review,Pricing team,Approved,Sales manager,3
PC22185,2024-06-01,20227,"Webcam - Value, Case 12",Consumer Electronics,Value,45.3153,40.1336,-0.11435,Decrease,Competitive response,Bea Okonkwo,Approved,Commercial director,1
PC22186,2024-09-01,20227,"Webcam - Value, Case 12",Consumer Electronics,Value,40.1336,39.7438,-0.00971,Decrease,Cost pass-through,Pricing team,Auto-approved,None,0
PC22187,2024-12-01,20227,"Webcam - Value, Case 12",Consumer Electronics,Value,39.7438,41.2496,0.03789,Increase,Cost pass-through,Pricing team,Approved,Sales manager,8
PC22188,2025-03-01,20227,"Webcam - Value, Case 12",Consumer Electronics,Value,41.2496,40.5321,-0.01739,Decrease,Annual review,Pricing team,Auto-approved,None,0
PC22189,2025-06-01,20227,"Webcam - Value, Case 12",Consumer Electronics,Value,40.5321,39.7596,-0.01906,Decrease,Market correction,Tom Beauchemin,Approved,Sales manager,1
PC22190,2025-09-01,20227,"Webcam - Value, Case 12",Consumer Electronics,Value,39.7596,40.0819,0.00811,Increase,Cost pass-through,Pricing team,Auto-approved,None,0
PC22191,2025-12-01,20227,"Webcam - Value, Case 12",Consumer Electronics,Value,40.0819,38.039,-0.05097,Decrease,Annual review,Pricing team,Approved,Sales manager,1
PC22192,2026-03-01,20227,"Webcam - Value, Case 12",Consumer Electronics,Value,38.039,33.4272,-0.12124,Decrease,Customer negotiation,Simone Delacroix,Approved,Commercial director,2
PC22193,2026-06-01,20227,"Webcam - Value, Case 12",Consumer Electronics,Value,33.4272,32.8121,-0.0184,Decrease,Customer negotiation,Dana Whitfield,Approved,Sales manager,2
PC22194,2023-10-01,20228,"Bedding Set - National brand, Case 24",Home & Kitchen,National brand,55.3704,51.3648,-0.07234,Decrease,Customer negotiation,Bea Okonkwo,Approved,Commercial director,2
PC22195,2024-01-01,20228,"Bedding Set - National brand, Case 24",Home & Kitchen,National brand,51.3648,48.9,-0.04799,Decrease,Market correction,Priya Raghunathan,Approved,Sales manager,3
PC22196,2024-04-01,20228,"Bedding Set - National brand, Case 24",Home & Kitchen,National brand,48.9,49.8133,0.01868,Increase,Market correction,Jonah Stavrides,Approved,Sales manager,6
PC22197,2024-07-01,20228,"Bedding Set - National brand, Case 24",Home & Kitchen,National brand,49.8133,48.6749,-0.02285,Decrease,Market correction,Nikita Petrenko,Approved,Sales manager,16
PC22198,2024-10-01,20228,"Bedding Set - National brand, Case 24",Home & Kitchen,National brand,48.6749,49.0869,0.00846,Increase,Cost pass-through,Pricing team,Auto-approved,None,0
PC22199,2025-01-01,20228,"Bedding Set - National brand, Case 24",Home & Kitchen,National brand,49.0869,46.1225,-0.06039,Decrease,Promotional reset,Hollis Marchetti,Approved,Commercial director,2
PC22200,2025-04-01,20228,"Bedding Set - National brand, Case 24",Home & Kitchen,National brand,46.1225,48.709,0.05608,Increase,Cost pass-through,Pricing team,Approved,Sales manager,1
PC22201,2025-07-01,20228,"Bedding Set - National brand, Case 24",Home & Kitchen,National brand,48.709,46.3775,-0.04787,Decrease,Customer negotiation,Simone Delacroix,Approved,Sales manager,1
PC22202,2025-10-01,20228,"Bedding Set - National brand, Case 24",Home & Kitchen,National brand,46.3775,43.1441,-0.06972,Decrease,Promotional reset,Yusuf Kandemir,Approved,Commercial director,3
PC22203,2026-01-01,20228,"Bedding Set - National brand, Case 24",Home & Kitchen,National brand,43.1441,40.4222,-0.06309,Decrease,Customer negotiation,Tom Beauchemin,Approved,Commercial director,3
PC22204,2026-04-01,20228,"Bedding Set - National brand, Case 24",Home & Kitchen,National brand,40.4222,42.9158,0.06169,Increase,Cost pass-through,Pricing team,Pending,Commercial director,4
PC22205,2023-09-01,20229,"Safety Glasses - National brand, Case 24",Tools & Hardware,National brand,37.4496,35.3975,-0.0548,Decrease,Promotional reset,Yusuf Kandemir,Approved,Sales manager,2
PC22206,2023-12-01,20229,"Safety Glasses - National brand, Case 24",Tools & Hardware,National brand,35.3975,37.5959,0.06211,Increase,Customer negotiation,Marcus Oyelaran,Approved,Commercial director,1
PC22207,2024-03-01,20229,"Safety Glasses - National brand, Case 24",Tools & Hardware,National brand,37.5959,35.3728,-0.05913,Decrease,Market correction,Bea Okonkwo,Approved,Sales manager,2
PC22208,2024-06-01,20229,"Safety Glasses - National brand, Case 24",Tools & Hardware,National brand,35.3728,32.4931,-0.08141,Decrease,Cost pass-through,Pricing team,Approved,Commercial director,1
PC22209,2024-09-01,20229,"Safety Glasses - National brand, Case 24",Tools & Hardware,National brand,32.4931,29.4584,-0.0934,Decrease,Customer negotiation,Bea Okonkwo,Approved,Commercial director,2
PC22210,2024-12-01,20229,"Safety Glasses - National brand, Case 24",Tools & Hardware,National brand,29.4584,26.8331,-0.08912,Decrease,Promotional reset,Hollis Marchetti,Approved,Commercial director,1
PC22211,2025-03-01,20229,"Safety Glasses - National brand, Case 24",Tools & Hardware,National brand,26.8331,38.5832,0.4379,Increase,Market correction,Rowan Achterberg,Approved,Commercial director,2
PC22212,2025-06-01,20229,"Safety Glasses - National brand, Case 24",Tools & Hardware,National brand,38.5832,37.6465,-0.02428,Decrease,Customer negotiation,Yusuf Kandemir,Approved,Sales manager,2
PC22213,2025-09-01,20229,"Safety Glasses - National brand, Case 24",Tools & Hardware,National brand,37.6465,37.2793,-0.00975,Decrease,Market correction,Rowan Achterberg,Approved,Sales manager,3
PC22214,2025-12-01,20229,"Safety Glasses - National brand, Case 24",Tools & Hardware,National brand,37.2793,40.1111,0.07596,Increase,Annual review,Pricing team,Approved,Commercial director,2
PC22215,2026-03-01,20229,"Safety Glasses - National brand, Case 24",Tools & Hardware,National brand,40.1111,41.7938,0.04195,Increase,Market correction,Simone Delacroix,Approved,Sales manager,1
PC22216,2026-06-01,20229,"Safety Glasses - National brand, Case 24",Tools & Hardware,National brand,41.7938,41.7413,-0.00126,Decrease,Customer negotiation,Simone Delacroix,Approved,Sales manager,2
PC22217,2023-10-01,20230,"Camping Tent - Value, Each",Sporting Goods,Value,61.4682,64.7717,0.05374,Increase,Market correction,Marcus Oyelaran,Approved,Sales manager,1
PC22218,2024-01-01,20230,"Camping Tent - Value, Each",Sporting Goods,Value,64.7717,61.6709,-0.04787,Decrease,Customer negotiation,Jonah Stavrides,Approved,Sales manager,1
PC22219,2024-04-01,20230,"Camping Tent - Value, Each",Sporting Goods,Value,61.6709,64.8576,0.05167,Increase,Competitive response,Priya Raghunathan,Approved,Sales manager,2
PC22220,2024-07-01,20230,"Camping Tent - Value, Each",Sporting Goods,Value,64.8576,69.9381,0.07833,Increase,Market correction,Priya Raghunathan,Approved,Commercial director,6
PC22221,2024-10-01,20230,"Camping Tent - Value, Each",Sporting Goods,Value,69.9381,65.4257,-0.06452,Decrease,Promotional reset,Hollis Marchetti,Approved,Commercial director,4
PC22222,2025-01-01,20230,"Camping Tent - Value, Each",Sporting Goods,Value,65.4257,70.0826,0.07118,Increase,Competitive response,Alix Fontaine,Approved,Commercial director,4
PC22223,2025-04-01,20230,"Camping Tent - Value, Each",Sporting Goods,Value,70.0826,69.7497,-0.00475,Decrease,Customer negotiation,Hollis Marchetti,Rejected,Sales manager,2
PC22224,2025-07-01,20230,"Camping Tent - Value, Each",Sporting Goods,Value,69.7497,64.0286,-0.08202,Decrease,Customer negotiation,Marcus Oyelaran,Approved,Commercial director,2
PC22225,2025-10-01,20230,"Camping Tent - Value, Each",Sporting Goods,Value,64.0286,60.5393,-0.0545,Decrease,Market correction,Alix Fontaine,Approved,Sales manager,2
PC22226,2025-11-01,20230,"Camping Tent - Value, Each",Sporting Goods,Value,60.5393,81.9744,0.35407,Increase,Cost pass-through,Pricing team,Approved,Commercial director,3
PC22227,2026-01-01,20230,"Camping Tent - Value, Each",Sporting Goods,Value,81.9744,80.6428,-0.01624,Decrease,Market correction,Rowan Achterberg,Approved,Sales manager,10
PC22228,2026-04-01,20230,"Camping Tent - Value, Each",Sporting Goods,Value,80.6428,84.6095,0.04919,Increase,Promotional reset,Nikita Petrenko,Approved,Sales manager,5
PC22229,2023-10-01,20231,"Mechanical Keyboard - Value, Case 12",Consumer Electronics,Value,50.547,49.85,-0.01379,Decrease,Customer negotiation,Rowan Achterberg,Approved,Sales manager,1
PC22230,2024-01-01,20231,"Mechanical Keyboard - Value, Case 12",Consumer Electronics,Value,49.85,48.5325,-0.02643,Decrease,Annual review,Pricing team,Approved,Sales manager,6
PC22231,2024-04-01,20231,"Mechanical Keyboard - Value, Case 12",Consumer Electronics,Value,48.5325,42.0652,-0.13326,Decrease,Competitive response,Yusuf Kandemir,Approved,Commercial director,15
PC22232,2024-07-01,20231,"Mechanical Keyboard - Value, Case 12",Consumer Electronics,Value,42.0652,39.5193,-0.06052,Decrease,Promotional reset,Tom Beauchemin,Approved,Commercial director,1
PC22233,2024-10-01,20231,"Mechanical Keyboard - Value, Case 12",Consumer Electronics,Value,39.5193,44.0724,0.11521,Increase,Competitive response,Tom Beauchemin,Approved,Commercial director,4
PC22234,2025-01-01,20231,"Mechanical Keyboard - Value, Case 12",Consumer Electronics,Value,44.0724,45.0466,0.0221,Increase,Market correction,Nikita Petrenko,Rejected,Sales manager,3
PC22235,2025-04-01,20231,"Mechanical Keyboard - Value, Case 12",Consumer Electronics,Value,45.0466,43.3806,-0.03698,Decrease,Customer negotiation,Alix Fontaine,Approved,Sales manager,1
PC22236,2025-07-01,20231,"Mechanical Keyboard - Value, Case 12",Consumer Electronics,Value,43.3806,37.8728,-0.12696,Decrease,Customer negotiation,Tom Beauchemin,Pending,Commercial director,4
PC22237,2025-10-01,20231,"Mechanical Keyboard - Value, Case 12",Consumer Electronics,Value,37.8728,37.3209,-0.01457,Decrease,Promotional reset,Simone Delacroix,Approved,Sales manager,1
PC22238,2026-01-01,20231,"Mechanical Keyboard - Value, Case 12",Consumer Electronics,Value,37.3209,35.3016,-0.05411,Decrease,Customer negotiation,Priya Raghunathan,Approved,Sales manager,4
PC22239,2026-04-01,20231,"Mechanical Keyboard - Value, Case 12",Consumer Electronics,Value,35.3016,31.3333,-0.11241,Decrease,Market correction,Simone Delacroix,Approved,Commercial director,3
PC22240,2024-01-01,20232,"Adjustable Dumbbells - Premium brand, Each",Sporting Goods,Premium brand,53.5769,63.3374,0.18218,Increase,Cost pass-through,Pricing team,Approved,Commercial director,14
PC22241,2024-07-01,20232,"Adjustable Dumbbells - Premium brand, Each",Sporting Goods,Premium brand,63.3374,77.1347,0.21784,Increase,Competitive response,Hollis Marchetti,Approved,Commercial director,4
PC22242,2025-01-01,20232,"Adjustable Dumbbells - Premium brand, Each",Sporting Goods,Premium brand,77.1347,79.2337,0.02721,Increase,Customer negotiation,Simone Delacroix,Approved,Sales manager,3
PC22243,2025-07-01,20232,"Adjustable Dumbbells - Premium brand, Each",Sporting Goods,Premium brand,79.2337,73.5686,-0.0715,Decrease,Market correction,Rowan Achterberg,Pending,Commercial director,4
PC22244,2026-01-01,20232,"Adjustable Dumbbells - Premium brand, Each",Sporting Goods,Premium brand,73.5686,75.9783,0.03275,Increase,Competitive response,Tom Beauchemin,Approved,Sales manager,1
PC22245,2023-08-01,20233,"Desk Organiser - National brand, Each",Office & Stationery,National brand,12.7412,11.3808,-0.10677,Decrease,Promotional reset,Dana Whitfield,Rejected,Commercial director,5
PC22246,2023-11-01,20233,"Desk Organiser - National brand, Each",Office & Stationery,National brand,11.3808,11.7158,0.02944,Increase,Promotional reset,Marcus Oyelaran,Approved,Sales manager,5
PC22247,2024-02-01,20233,"Desk Organiser - National brand, Each",Office & Stationery,National brand,11.7158,12.0381,0.02751,Increase,Annual review,Pricing team,Approved,Sales manager,1
PC22248,2024-05-01,20233,"Desk Organiser - National brand, Each",Office & Stationery,National brand,12.0381,12.5918,0.046,Increase,Cost pass-through,Pricing team,Approved,Sales manager,4
PC22249,2024-08-01,20233,"Desk Organiser - National brand, Each",Office & Stationery,National brand,12.5918,13.502,0.07229,Increase,Customer negotiation,Marcus Oyelaran,Approved,Commercial director,8
PC22250,2024-11-01,20233,"Desk Organiser - National brand, Each",Office & Stationery,National brand,13.502,14.3337,0.0616,Increase,Annual review,Pricing team,Approved,Commercial director,1
PC22251,2025-02-01,20233,"Desk Organiser - National brand, Each",Office & Stationery,National brand,14.3337,15.2066,0.0609,Increase,Annual review,Pricing team,Approved,Commercial director,3
PC22252,2025-05-01,20233,"Desk Organiser - National brand, Each",Office & Stationery,National brand,15.2066,15.858,0.04284,Increase,Customer negotiation,Priya Raghunathan,Approved,Sales manager,21
PC22253,2025-08-01,20233,"Desk Organiser - National brand, Each",Office & Stationery,National brand,15.858,16.6682,0.05109,Increase,Cost pass-through,Pricing team,Approved,Sales manager,1
PC22254,2025-11-01,20233,"Desk Organiser - National brand, Each",Office & Stationery,National brand,16.6682,17.3197,0.03909,Increase,Cost pass-through,Pricing team,Approved,Sales manager,2
PC22255,2026-02-01,20233,"Desk Organiser - National brand, Each",Office & Stationery,National brand,17.3197,16.3527,-0.05583,Decrease,Customer negotiation,Nikita Petrenko,Approved,Sales manager,1
PC22256,2026-05-01,20233,"Desk Organiser - National brand, Each",Office & Stationery,National brand,16.3527,16.1104,-0.01482,Decrease,Market correction,Nikita Petrenko,Rejected,Sales manager,1
PC22257,2023-10-01,20234,"Vacuum Sealer - National brand, Each",Home & Kitchen,National brand,53.435,47.9027,-0.10353,Decrease,Promotional reset,Tom Beauchemin,Approved,Commercial director,2
PC22258,2024-01-01,20234,"Vacuum Sealer - National brand, Each",Home & Kitchen,National brand,47.9027,48.6216,0.01501,Increase,Competitive response,Alix Fontaine,Approved,Sales manager,5
PC22259,2024-04-01,20234,"Vacuum Sealer - National brand, Each",Home & Kitchen,National brand,48.6216,54.0572,0.11179,Increase,Competitive response,Yusuf Kandemir,Approved,Commercial director,3
PC22260,2024-07-01,20234,"Vacuum Sealer - National brand, Each",Home & Kitchen,National brand,54.0572,54.5808,0.00969,Increase,Cost pass-through,Pricing team,Auto-approved,None,0
PC22261,2024-10-01,20234,"Vacuum Sealer - National brand, Each",Home & Kitchen,National brand,54.5808,56.6328,0.0376,Increase,Market correction,Rowan Achterberg,Approved,Sales manager,13
PC22262,2025-01-01,20234,"Vacuum Sealer - National brand, Each",Home & Kitchen,National brand,56.6328,48.1299,-0.15014,Decrease,Customer negotiation,Hollis Marchetti,Approved,Commercial director,16
PC22263,2025-04-01,20234,"Vacuum Sealer - National brand, Each",Home & Kitchen,National brand,48.1299,51.286,0.06557,Increase,Annual review,Pricing team,Pending,Commercial director,2
PC22264,2025-07-01,20234,"Vacuum Sealer - National brand, Each",Home & Kitchen,National brand,51.286,53.0478,0.03435,Increase,Competitive response,Marcus Oyelaran,Approved,Sales manager,2
PC22265,2025-10-01,20234,"Vacuum Sealer - National brand, Each",Home & Kitchen,National brand,53.0478,55.6499,0.04905,Increase,Customer negotiation,Yusuf Kandemir,Approved,Sales manager,1
PC22266,2026-01-01,20234,"Vacuum Sealer - National brand, Each",Home & Kitchen,National brand,55.6499,54.2337,-0.02545,Decrease,Annual review,Pricing team,Approved,Sales manager,1
PC22267,2026-04-01,20234,"Vacuum Sealer - National brand, Each",Home & Kitchen,National brand,54.2337,57.5202,0.0606,Increase,Cost pass-through,Pricing team,Approved,Commercial director,1
PC22268,2023-08-01,20235,"Wireless Earbuds - Value, Case 12",Consumer Electronics,Value,37.1981,38.3118,0.02994,Increase,Annual review,Pricing team,Approved,Sales manager,2
PC22269,2023-11-01,20235,"Wireless Earbuds - Value, Case 12",Consumer Electronics,Value,38.3118,37.0872,-0.03196,Decrease,Annual review,Pricing team,Approved,Sales manager,2
PC22270,2024-02-01,20235,"Wireless Earbuds - Value, Case 12",Consumer Electronics,Value,37.0872,35.5689,-0.04094,Decrease,Customer negotiation,Nikita Petrenko,Approved,Sales manager,8
PC22271,2024-05-01,20235,"Wireless Earbuds - Value, Case 12",Consumer Electronics,Value,35.5689,33.9202,-0.04635,Decrease,Market correction,Jonah Stavrides,Approved,Sales manager,4
PC22272,2024-08-01,20235,"Wireless Earbuds - Value, Case 12",Consumer Electronics,Value,33.9202,33.3041,-0.01816,Decrease,Annual review,Pricing team,Auto-approved,None,0
PC22273,2024-11-01,20235,"Wireless Earbuds - Value, Case 12",Consumer Electronics,Value,33.3041,32.0761,-0.03687,Decrease,Market correction,Priya Raghunathan,Approved,Sales manager,7
PC22274,2025-02-01,20235,"Wireless Earbuds - Value, Case 12",Consumer Electronics,Value,32.0761,32.6945,0.01928,Increase,Promotional reset,Marcus Oyelaran,Approved,Sales manager,2
PC22275,2025-05-01,20235,"Wireless Earbuds - Value, Case 12",Consumer Electronics,Value,32.6945,32.681,-0.00041,Decrease,Customer negotiation,Dana Whitfield,Rejected,Sales manager,5
PC22276,2025-08-01,20235,"Wireless Earbuds - Value, Case 12",Consumer Electronics,Value,32.681,34.0298,0.04127,Increase,Cost pass-through,Pricing team,Approved,Sales manager,1
PC22277,2025-11-01,20235,"Wireless Earbuds - Value, Case 12",Consumer Electronics,Value,34.0298,33.6285,-0.01179,Decrease,Customer negotiation,Tom Beauchemin,Approved,Sales manager,4
PC22278,2026-02-01,20235,"Wireless Earbuds - Value, Case 12",Consumer Electronics,Value,33.6285,31.1627,-0.07332,Decrease,Competitive response,Hollis Marchetti,Approved,Commercial director,1
PC22279,2026-05-01,20235,"Wireless Earbuds - Value, Case 12",Consumer Electronics,Value,31.1627,28.0401,-0.1002,Decrease,Market correction,Dana Whitfield,Approved,Commercial director,6
PC22280,2023-08-01,20236,"Cooler Box - National brand, Case 12",Sporting Goods,National brand,105.6582,111.4865,0.05516,Increase,Cost pass-through,Pricing team,Rejected,Sales manager,1
PC22281,2023-11-01,20236,"Cooler Box - National brand, Case 12",Sporting Goods,National brand,111.4865,109.7974,-0.01515,Decrease,Market correction,Yusuf Kandemir,Rejected,Sales manager,2
PC22282,2024-02-01,20236,"Cooler Box - National brand, Case 12",Sporting Goods,National brand,109.7974,108.1037,-0.01543,Decrease,Customer negotiation,Rowan Achterberg,Approved,Sales manager,1
PC22283,2024-05-01,20236,"Cooler Box - National brand, Case 12",Sporting Goods,National brand,108.1037,110.4162,0.02139,Increase,Cost pass-through,Pricing team,Rejected,Sales manager,9
PC22284,2024-08-01,20236,"Cooler Box - National brand, Case 12",Sporting Goods,National brand,110.4162,111.1762,0.00688,Increase,Cost pass-through,Pricing team,Auto-approved,None,0
PC22285,2024-11-01,20236,"Cooler Box - National brand, Case 12",Sporting Goods,National brand,111.1762,104.139,-0.0633,Decrease,Annual review,Pricing team,Approved,Commercial director,2
PC22286,2025-02-01,20236,"Cooler Box - National brand, Case 12",Sporting Goods,National brand,104.139,110.9184,0.0651,Increase,Market correction,Dana Whitfield,Approved,Commercial director,1
PC22287,2025-05-01,20236,"Cooler Box - National brand, Case 12",Sporting Goods,National brand,110.9184,127.453,0.14907,Increase,Annual review,Pricing team,Approved,Commercial director,3
PC22288,2025-08-01,20236,"Cooler Box - National brand, Case 12",Sporting Goods,National brand,127.453,117.1268,-0.08102,Decrease,Customer negotiation,Dana Whitfield,Approved,Commercial director,1
PC22289,2025-11-01,20236,"Cooler Box - National brand, Case 12",Sporting Goods,National brand,117.1268,114.4723,-0.02266,Decrease,Market correction,Simone Delacroix,Approved,Sales manager,6
PC22290,2026-02-01,20236,"Cooler Box - National brand, Case 12",Sporting Goods,National brand,114.4723,109.5965,-0.04259,Decrease,Customer negotiation,Jonah Stavrides,Approved,Sales manager,1
PC22291,2026-05-01,20236,"Cooler Box - National brand, Case 12",Sporting Goods,National brand,109.5965,113.2633,0.03346,Increase,Cost pass-through,Pricing team,Approved,Sales manager,6
PC22292,2024-01-01,20237,"Nonstick Cookware Set - Value, Each",Home & Kitchen,Value,28.1244,25.7938,-0.08287,Decrease,Market correction,Jonah Stavrides,Approved,Commercial director,1
PC22293,2024-07-01,20237,"Nonstick Cookware Set - Value, Each",Home & Kitchen,Value,25.7938,27.3776,0.0614,Increase,Market correction,Marcus Oyelaran,Approved,Commercial director,2
PC22294,2025-01-01,20237,"Nonstick Cookware Set - Value, Each",Home & Kitchen,Value,27.3776,26.9417,-0.01592,Decrease,Annual review,Pricing team,Auto-approved,None,0
PC22295,2025-07-01,20237,"Nonstick Cookware Set - Value, Each",Home & Kitchen,Value,26.9417,28.8324,0.07018,Increase,Cost pass-through,Pricing team,Approved,Commercial director,8
PC22296,2026-01-01,20237,"Nonstick Cookware Set - Value, Each",Home & Kitchen,Value,28.8324,26.5461,-0.0793,Decrease,Customer negotiation,Yusuf Kandemir,Approved,Commercial director,2
PC22297,2024-01-01,20238,"Vitamin C Serum - Private label, Each",Health & Beauty,Private label,11.2389,11.4038,0.01467,Increase,Cost pass-through,Pricing team,Auto-approved,None,0
PC22298,2024-07-01,20238,"Vitamin C Serum - Private label, Each",Health & Beauty,Private label,11.4038,11.1837,-0.0193,Decrease,Competitive response,Tom Beauchemin,Rejected,Sales manager,2
PC22299,2025-01-01,20238,"Vitamin C Serum - Private label, Each",Health & Beauty,Private label,11.1837,11.1993,0.00139,Increase,Cost pass-through,Pricing team,Auto-approved,None,0
PC22300,2025-07-01,20238,"Vitamin C Serum - Private label, Each",Health & Beauty,Private label,11.1993,10.7706,-0.03828,Decrease,Market correction,Rowan Achterberg,Approved,Sales manager,1
PC22301,2026-01-01,20238,"Vitamin C Serum - Private label, Each",Health & Beauty,Private label,10.7706,11.1412,0.03441,Increase,Cost pass-through,Pricing team,Approved,Sales manager,3
PC22302,2023-08-01,20239,"Multivitamin - Private label, Inner pack 6",Health & Beauty,Private label,27.7201,27.7498,0.00107,Increase,Annual review,Pricing team,Auto-approved,None,0
PC22303,2023-11-01,20239,"Multivitamin - Private label, Inner pack 6",Health & Beauty,Private label,27.7498,28.1058,0.01283,Increase,Annual review,Pricing team,Auto-approved,None,0
PC22304,2024-02-01,20239,"Multivitamin - Private label, Inner pack 6",Health & Beauty,Private label,28.1058,27.1042,-0.03564,Decrease,Annual review,Pricing team,Approved,Sales manager,1
PC22305,2024-05-01,20239,"Multivitamin - Private label, Inner pack 6",Health & Beauty,Private label,27.1042,28.6192,0.0559,Increase,Annual review,Pricing team,Approved,Sales manager,3
PC22306,2024-08-01,20239,"Multivitamin - Private label, Inner pack 6",Health & Beauty,Private label,28.6192,29.9158,0.04531,Increase,Competitive response,Tom Beauchemin,Approved,Sales manager,1
PC22307,2024-11-01,20239,"Multivitamin - Private label, Inner pack 6",Health & Beauty,Private label,29.9158,31.4664,0.05183,Increase,Cost pass-through,Pricing team,Pending,Sales manager,1
PC22308,2025-02-01,20239,"Multivitamin - Private label, Inner pack 6",Health & Beauty,Private label,31.4664,29.7701,-0.05391,Decrease,Competitive response,Nikita Petrenko,Approved,Sales manager,2
PC22309,2025-05-01,20239,"Multivitamin - Private label, Inner pack 6",Health & Beauty,Private label,29.7701,26.1161,-0.12274,Decrease,Customer negotiation,Priya Raghunathan,Approved,Commercial director,1
PC22310,2025-08-01,20239,"Multivitamin - Private label, Inner pack 6",Health & Beauty,Private label,26.1161,27.8058,0.0647,Increase,Market correction,Bea Okonkwo,Approved,Commercial director,4
PC22311,2025-11-01,20239,"Multivitamin - Private label, Inner pack 6",Health & Beauty,Private label,27.8058,27.6525,-0.00551,Decrease,Annual review,Pricing team,Auto-approved,None,0
PC22312,2026-02-01,20239,"Multivitamin - Private label, Inner pack 6",Health & Beauty,Private label,27.6525,29.6002,0.07043,Increase,Cost pass-through,Pricing team,Rejected,Commercial director,7
PC22313,2026-05-01,20239,"Multivitamin - Private label, Inner pack 6",Health & Beauty,Private label,29.6002,29.9798,0.01282,Increase,Cost pass-through,Pricing team,Auto-approved,None,0
