product_id,month,volume_units,pocket_revenue,cogs,list_value,list_price,mechanic,customers,baseline_volume_units,description,category,brand_tier,promo_id,discount_depth,incremental_volume_units,unit_margin,incremental_margin,discount_on_baseline,net_promo_margin,promo_roi,verdict
20000,2024-07-01,783.34,37020.37,28491.26,49032.770000000004,62.594500000000004,Temporary price reduction,3,1458.0700000000002,Wireless Earbuds - Private label,Consumer Electronics,Private label,PR5000,0.0758,-674.7,10.8881,-7346.2,6922.09,-14268.29,-2.0613,Bought its own volume
20000,2024-08-01,1843.48,82817.5,66214.48,115391.7,62.5945,Temporary price reduction,5,1458.0700000000002,Wireless Earbuds - Private label,Consumer Electronics,Private label,PR5001,0.0878,385.4,9.0063,3471.03,8016.24,-4545.21,-0.567,Bought its own volume
20000,2025-08-01,2008.53,91814.33,81429.81999999999,117637.39,58.5689,Volume bracket,4,1458.0700000000002,Wireless Earbuds - Private label,Consumer Electronics,Private label,PR5002,0.0415,550.5,5.1702,2846.2,3543.37,-697.17,-0.1968,Bought its own volume
20000,2025-09-01,2635.69,118392.06999999999,104167.73,154369.46,58.5689,Volume bracket,4,1458.0700000000002,Wireless Earbuds - Private label,Consumer Electronics,Private label,PR5003,0.0474,1177.6,5.3968,6355.27,4049.39,2305.88,0.5694,Paid for itself
20001,2024-05-01,1493.41,20710.33,14635.560000000001,27244.88,18.2434,Temporary price reduction,9,1510.58,Multivitamin - Private label,Health & Beauty,Private label,PR5004,0.0849,-17.2,4.0677,-69.96,2339.52,-2409.48,-1.0299,Bought its own volume
20001,2024-06-01,1673.08,23011.27,16337.45,30522.68,18.2434,Temporary price reduction,11,1510.58,Multivitamin - Private label,Health & Beauty,Private label,PR5005,0.0792,162.5,3.9889,648.2,2182.9,-1534.7,-0.7031,Bought its own volume
20001,2025-04-01,3931.38,49404.2,41099.02,71460.69,18.177,Marketplace deal event,12,1510.58,Multivitamin - Private label,Health & Beauty,Private label,PR5006,0.1486,2420.8,2.1125,5113.94,4081.56,1032.38,0.2529,Paid for itself
20001,2026-05-01,2216.81,33370.590000000004,25410.86,44151.770000000004,19.9168,Bundle offer,11,1510.58,Multivitamin - Private label,Health & Beauty,Private label,PR5007,0.0887,706.2,3.5906,2535.68,2669.39,-133.71,-0.0501,Bought its own volume
20001,2026-06-01,1777.56,26189.75,20174.42,35403.31,19.9168,Bundle offer,11,1510.58,Multivitamin - Private label,Health & Beauty,Private label,PR5008,0.0966,267.0,3.384,903.53,2906.07,-2002.54,-0.6891,Bought its own volume
20002,2024-08-01,5103.7300000000005,202496.34999999998,198784.16999999998,272440.17,53.3806,Temporary price reduction,9,2298.285,Safety Boots - Value,Apparel & Accessories,Value,PR5009,0.091,2805.4,0.7273,2040.37,11163.2,-9122.83,-0.8172,Bought its own volume
20002,2025-07-01,2430.0299999999997,91247.59,84996.62,119014.85,48.9767,Temporary price reduction,6,2298.285,Safety Boots - Value,Apparel & Accessories,Value,PR5010,0.081,131.7,2.5724,338.79,9120.02,-8781.23,-0.9629,Bought its own volume
20002,2025-08-01,5021.94,201945.72,176936.50999999998,278964.76,55.5492,Temporary price reduction,8,2298.285,Safety Boots - Value,Apparel & Accessories,Value,PR5011,0.0958,2723.7,4.98,13564.03,12229.09,1334.94,0.1092,Paid for itself
20002,2026-02-01,4911.26,204500.08,157252.66,258715.35,52.678,Rebate accelerator,8,2298.285,Safety Boots - Value,Apparel & Accessories,Value,PR5012,0.0395,2613.0,9.6202,25137.58,4778.71,20358.87,4.2603,Paid for itself
20003,2024-08-01,11723.26,274743.15,300990.01,409862.76,34.9615,Marketplace deal event,5,8789.81,Storage Bins - National brand,Home & Kitchen,National brand,PR5013,0.1486,2933.5,-2.2389,-6567.81,45661.66,-52229.47,-1.1438,Bought its own volume
20003,2025-08-01,15495.210000000001,358884.44,306687.39,525061.38,33.8854,Marketplace deal event,7,8789.81,Storage Bins - National brand,Home & Kitchen,National brand,PR5014,0.1507,6705.4,3.3686,22587.81,44889.06,-22301.25,-0.4968,Bought its own volume
20003,2025-09-01,25534.05,502323.35000000003,469234.13,760728.29,29.7927,Marketplace deal event,8,8789.81,Storage Bins - National brand,Home & Kitchen,National brand,PR5015,0.1508,16744.2,1.2959,21698.81,39478.33,-17779.52,-0.4504,Bought its own volume
20004,2024-05-01,4199.33,88182.93,77478.47,120423.34,28.6768,Temporary price reduction,4,3320.705,Camping Tent - Premium brand,Sporting Goods,Premium brand,PR5016,0.0983,878.6,2.5491,2239.64,9359.82,-7120.18,-0.7607,Bought its own volume
20004,2024-06-01,1654.8700000000001,36539.84,31571.1,47456.38,28.676800000000004,Temporary price reduction,5,3320.705,Camping Tent - Premium brand,Sporting Goods,Premium brand,PR5017,0.0959,-1665.8,3.0025,-5001.56,9130.21,-14131.77,-1.5478,Bought its own volume
20004,2025-02-01,4198.76,101820.97,84803.61,127473.09000000001,30.359699999999997,Rebate accelerator,5,3320.705,Camping Tent - Premium brand,Sporting Goods,Premium brand,PR5018,0.032,878.1,4.0529,3558.85,3225.93,332.92,0.1032,Paid for itself
20004,2025-03-01,5109.76,123566.52,100251.97,155130.78,30.3597,Rebate accelerator,7,3320.705,Camping Tent - Premium brand,Sporting Goods,Premium brand,PR5019,0.0358,1789.1,4.5627,8163.13,3608.75,4554.38,1.262,Paid for itself
20004,2025-11-01,2817.54,60574.56,50339.579999999994,77708.6,27.5803,Volume bracket,5,3320.705,Camping Tent - Premium brand,Sporting Goods,Premium brand,PR5020,0.0458,-503.2,3.6326,-1827.92,4197.5,-6025.42,-1.4355,Bought its own volume
20004,2025-12-01,3647.74,78901.39,66713.89,100605.77,27.5803,Volume bracket,7,3320.705,Camping Tent - Premium brand,Sporting Goods,Premium brand,PR5021,0.0493,327.0,3.3411,1092.54,4513.69,-3421.15,-0.7579,Bought its own volume
20005,2024-02-01,158.74,4390.71,2817.59,5477.700000000001,34.5074,Rebate accelerator,3,142.76999999999998,Backpack - Private label,Apparel & Accessories,Private label,PR5022,0.0312,16.0,9.91,158.56,153.86,4.7,0.0305,Paid for itself
20005,2025-01-01,154.41,4300.54,2557.98,5782.92,37.4517,Temporary price reduction,2,142.76999999999998,Backpack - Private label,Apparel & Accessories,Private label,PR5023,0.0891,11.6,11.2853,130.91,476.52,-345.61,-0.7253,Bought its own volume
20005,2025-02-01,152.49,4260.84,2479.44,5711.009999999999,37.4517,Temporary price reduction,3,142.76999999999998,Backpack - Private label,Apparel & Accessories,Private label,PR5024,0.0881,9.7,11.6821,113.32,470.98,-357.66,-0.7594,Bought its own volume
20005,2025-11-01,119.74000000000001,3730.16,2260.87,4638.549999999999,38.7385,Rebate accelerator,2,142.76999999999998,Backpack - Private label,Apparel & Accessories,Private label,PR5025,0.0385,-23.0,12.2707,-282.23,213.01,-495.24,-2.325,Bought its own volume
20005,2026-05-01,174.44,5253.32,3031.04,6690.75,38.3556,Rebate accelerator,2,142.76999999999998,Backpack - Private label,Apparel & Accessories,Private label,PR5026,0.0421,31.7,12.7395,403.84,230.59,173.25,0.7513,Paid for itself
20005,2026-06-01,207.9,6438.01,3624.93,7866.650000000001,37.8386,Rebate accelerator,3,142.76999999999998,Backpack - Private label,Apparel & Accessories,Private label,PR5027,0.0282,65.1,13.5309,880.86,152.07,728.79,4.7925,Paid for itself
20006,2024-07-01,5147.23,141046.35,98909.7,201584.05,39.1636,Marketplace deal event,8,2139.52,Electric Toothbrush - Premium brand,Health & Beauty,Premium brand,PR5028,0.1393,3007.7,8.1863,24621.93,11671.08,12950.85,1.1097,Paid for itself
20006,2024-08-01,2996.47,87177.25,60756.72,119744.63,39.9619,Marketplace deal event,8,2139.52,Electric Toothbrush - Premium brand,Health & Beauty,Premium brand,PR5029,0.1522,856.9,8.8172,7555.46,13016.65,-5461.19,-0.4196,Bought its own volume
20006,2025-09-01,2877.28,86234.01000000001,53627.89,114095.37,39.6539,Temporary price reduction,7,2139.52,Electric Toothbrush - Premium brand,Health & Beauty,Premium brand,PR5030,0.0894,737.8,11.3323,8360.97,7584.78,776.19,0.1023,Paid for itself
20006,2026-04-01,3641.88,110109.63,74099.15,145389.68,39.9216,Bundle offer,9,2139.52,Electric Toothbrush - Premium brand,Health & Beauty,Premium brand,PR5031,0.0893,1502.4,9.8879,14855.58,7625.7,7229.88,0.9481,Paid for itself
20006,2026-05-01,3474.1400000000003,105244.57999999999,71963.33,137356.72,39.5369,Bundle offer,7,2139.52,Electric Toothbrush - Premium brand,Health & Beauty,Premium brand,PR5032,0.087,1334.6,9.5797,12785.07,7358.79,5426.28,0.7374,Paid for itself
20007,2024-04-01,456.26,7285.9800000000005,6976.17,9521.19,20.8679,Volume bracket,7,181.39499999999998,Pet Bed - Value,Pet Supplies,Value,PR5033,0.0437,274.9,0.679,186.66,165.32,21.34,0.1291,Paid for itself
20007,2024-05-01,15.0,268.02,237.39,327.5,21.8335,Volume bracket,1,181.39499999999998,Pet Bed - Value,Pet Supplies,Value,PR5034,0.0388,-166.4,2.042,-339.79,153.7,-493.49,-3.2107,Bought its own volume
20007,2025-07-01,505.97,8347.72,9302.82,11343.75,22.4198,Bundle offer,6,181.39499999999998,Pet Bed - Value,Pet Supplies,Value,PR5035,0.092,324.6,-1.8877,-612.75,374.21,-986.96,-2.6374,Bought its own volume
20007,2026-06-01,342.27,5606.12,5804.04,7448.070000000001,21.7608,Temporary price reduction,3,181.39499999999998,Pet Bed - Value,Pet Supplies,Value,PR5036,0.086,160.9,-0.5783,-93.05,339.5,-432.55,-1.2741,Bought its own volume
20008,2024-08-01,934.88,14731.31,11909.91,18016.06,19.271,Volume bracket,8,1305.15,Electric Toothbrush - Value,Health & Beauty,Value,PR5037,0.0534,-370.3,3.0179,-1117.53,1343.88,-2461.41,-1.8316,Bought its own volume
20008,2024-09-01,1487.61,22135.68,20548.809999999998,28667.73,19.271,Volume bracket,8,1305.15,Electric Toothbrush - Value,Health & Beauty,Value,PR5038,0.0534,182.5,1.0667,194.67,1343.95,-1149.28,-0.8552,Bought its own volume
20008,2025-04-01,1615.95,24395.71,20664.12,30201.47,18.6896,Rebate accelerator,9,1305.15,Electric Toothbrush - Value,Health & Beauty,Value,PR5039,0.0331,310.8,2.3092,717.7,806.81,-89.11,-0.1104,Bought its own volume
20008,2026-05-01,1325.46,22647.11,19270.32,28217.07,21.2885,Volume bracket,9,1305.15,Electric Toothbrush - Value,Health & Beauty,Value,PR5040,0.0498,20.3,2.5476,51.72,1382.62,-1330.9,-0.9626,Bought its own volume
20009,2023-12-01,1068.51,19889.989999999998,15477.9,26511.03,24.8112,Bundle offer,8,866.985,Toner Cartridge - Private label,Office & Stationery,Private label,PR5041,0.0822,201.5,4.1292,832.03,1768.65,-936.62,-0.5296,Bought its own volume
20009,2024-01-01,1728.25,33527.770000000004,24724.329999999998,42879.97,24.8112,Bundle offer,9,866.985,Toner Cartridge - Private label,Office & Stationery,Private label,PR5042,0.0818,861.3,5.0938,4387.29,1758.52,2628.77,1.4949,Paid for itself
20009,2024-09-01,1298.69,29814.28,18196.72,35540.22,27.3662,Rebate accelerator,8,866.985,Toner Cartridge - Private label,Office & Stationery,Private label,PR5043,0.0334,431.7,8.9456,3861.82,792.64,3069.18,3.8721,Paid for itself
20009,2024-10-01,1187.67,26414.730000000003,15890.22,32502.030000000002,27.3662,Rebate accelerator,9,866.985,Toner Cartridge - Private label,Office & Stationery,Private label,PR5044,0.0314,320.7,8.8615,2841.88,744.69,2097.19,2.8162,Paid for itself
20009,2025-06-01,1111.8899999999999,24228.9,16882.94,33015.47,29.6931,Bundle offer,8,866.985,Toner Cartridge - Private label,Office & Stationery,Private label,PR5045,0.0981,244.9,6.6067,1617.98,2524.28,-906.3,-0.359,Bought its own volume
20009,2026-01-01,911.71,24294.1,12968.35,30284.09,33.2168,Volume bracket,8,866.985,Toner Cartridge - Private label,Office & Stationery,Private label,PR5046,0.0543,44.7,12.4225,555.29,1563.26,-1007.97,-0.6448,Bought its own volume
20010,2024-05-01,2375.31,71520.75,79560.31,102870.64,43.3083,Temporary price reduction,6,1148.26,Adjustable Dumbbells - National brand,Sporting Goods,National brand,PR5047,0.0771,1227.0,-3.3846,-4152.9,3836.55,-7989.45,-2.0825,Bought its own volume
20010,2024-06-01,2116.44,62645.83,73119.2,91659.42,43.3083,Temporary price reduction,5,1148.26,Adjustable Dumbbells - National brand,Sporting Goods,National brand,PR5048,0.0856,968.2,-4.9486,-4791.23,4256.39,-9047.62,-2.1257,Bought its own volume
20010,2025-02-01,3019.33,93146.41,103537.35,142526.28,47.2046,Marketplace deal event,6,1148.26,Adjustable Dumbbells - National brand,Sporting Goods,National brand,PR5049,0.1378,1871.1,-3.4415,-6439.39,7470.73,-13910.12,-1.8619,Bought its own volume
20010,2025-11-01,794.81,28422.16,24980.879999999997,37631.07,47.346,Temporary price reduction,5,1148.26,Adjustable Dumbbells - National brand,Sporting Goods,National brand,PR5050,0.0738,-353.5,4.3297,-1530.55,4014.64,-5545.19,-1.3812,Bought its own volume
20010,2025-12-01,1402.2,48335.44,44442.72,66388.56,47.346,Temporary price reduction,5,1148.26,Adjustable Dumbbells - National brand,Sporting Goods,National brand,PR5051,0.0845,253.9,2.7762,704.88,4592.44,-3887.56,-0.8465,Bought its own volume
20011,2024-06-01,108.02000000000001,1820.3300000000002,1975.61,2607.58,24.1398,Bundle offer,2,37.05,Cordless Drill - Value,Tools & Hardware,Value,PR5052,0.0859,71.0,-1.4375,-102.06,76.82,-178.88,-2.3286,Bought its own volume
20011,2024-07-01,38.16,705.48,686.0699999999999,921.1800000000001,24.1398,Bundle offer,2,37.05,Cordless Drill - Value,Tools & Hardware,Value,PR5053,0.0955,1.1,0.5086,0.56,85.39,-84.83,-0.9934,Bought its own volume
20011,2025-03-01,44.0,637.26,624.46,849.87,19.3151,Bundle offer,2,37.05,Cordless Drill - Value,Tools & Hardware,Value,PR5054,0.0898,7.0,0.2909,2.04,64.23,-62.19,-0.9682,Bought its own volume
20011,2025-12-01,85.58,1132.05,1275.09,1681.04,19.6429,Bundle offer,2,37.05,Cordless Drill - Value,Tools & Hardware,Value,PR5055,0.0998,48.5,-1.6714,-81.06,72.66,-153.72,-2.1156,Bought its own volume
20011,2026-06-01,139.9,1947.9099999999999,2243.51,2975.3,21.2674,Marketplace deal event,2,37.05,Cordless Drill - Value,Tools & Hardware,Value,PR5056,0.1411,102.8,-2.1129,-217.21,111.18,-328.39,-2.9537,Bought its own volume
20012,2024-03-01,2788.5499999999997,29085.539999999997,20839.11,41971.03,15.0512,Bundle offer,6,1590.32,Vacuum Sealer - Private label,Home & Kitchen,Private label,PR5057,0.0936,1198.2,2.9572,3543.32,2239.49,1303.83,0.5822,Paid for itself
20012,2025-04-01,1512.42,18142.980000000003,10030.67,26128.420000000002,17.2759,Volume bracket,5,1590.32,Vacuum Sealer - Private label,Home & Kitchen,Private label,PR5058,0.048,-77.9,5.3638,-417.84,1319.08,-1736.92,-1.3168,Bought its own volume
20012,2026-02-01,1822.66,21014.88,10878.54,30468.5,16.7165,Bundle offer,6,1590.32,Vacuum Sealer - Private label,Home & Kitchen,Private label,PR5059,0.0783,232.3,5.5613,1291.89,2082.1,-790.21,-0.3795,Bought its own volume
20013,2024-03-01,12965.5,719770.1,676233.8099999999,965752.11,74.4863,Temporary price reduction,8,9614.38,Webcam - National brand,Consumer Electronics,National brand,PR5060,0.0953,3351.1,3.3579,11252.66,68217.63,-56964.97,-0.835,Bought its own volume
20013,2024-04-01,10003.14,557286.05,521318.64999999997,745096.88,74.4863,Temporary price reduction,6,9614.38,Webcam - National brand,Consumer Electronics,National brand,PR5061,0.0932,388.8,3.5956,1397.97,66777.8,-65379.83,-0.9791,Bought its own volume
20013,2025-03-01,4145.94,262404.85,200263.41999999998,330501.9,79.717,Temporary price reduction,5,9614.38,Webcam - National brand,Consumer Electronics,National brand,PR5062,0.0941,-5468.4,14.9885,-81963.11,72120.93,-154084.04,-2.1365,Bought its own volume
20013,2026-02-01,8197.310000000001,484549.22,336920.91000000003,637234.2999999999,77.737,Temporary price reduction,5,9614.38,Webcam - National brand,Consumer Electronics,National brand,PR5063,0.0816,-1417.1,18.0094,-25521.12,61006.7,-86527.82,-1.4183,Bought its own volume
20014,2024-04-01,351.84,10084.48,6213.28,13036.630000000001,37.0527,Volume bracket,2,356.81,Grooming Kit - Premium brand,Pet Supplies,Premium brand,PR5064,0.0576,-5.0,11.0027,-55.01,761.66,-816.67,-1.0722,Bought its own volume
20014,2024-05-01,547.63,16454.02,9800.0,20291.17,37.0527,Volume bracket,3,356.81,Grooming Kit - Premium brand,Pet Supplies,Premium brand,PR5065,0.045,190.8,12.1506,2318.33,595.44,1722.89,2.8935,Paid for itself
20014,2024-12-01,412.9,12939.79,6739.89,16229.9,39.3071,Volume bracket,2,356.81,Grooming Kit - Premium brand,Pet Supplies,Premium brand,PR5066,0.057,56.1,15.0155,842.37,799.54,42.83,0.0536,Paid for itself
20014,2025-01-01,485.18999999999994,15516.029999999999,7900.780000000001,19071.42,39.3071,Volume bracket,2,356.81,Grooming Kit - Premium brand,Pet Supplies,Premium brand,PR5067,0.0432,128.4,15.6954,2015.29,606.54,1408.75,2.3226,Paid for itself
20014,2025-08-01,322.27,11820.66,5701.09,14512.18,45.0311,Volume bracket,2,356.81,Grooming Kit - Premium brand,Pet Supplies,Premium brand,PR5068,0.0396,-34.5,18.989,-655.12,635.98,-1291.1,-2.0301,Bought its own volume
20015,2024-07-01,831.3299999999999,8125.62,7051.34,10889.52,13.0989,Marketplace deal event,5,484.94,Body Wash - Value,Health & Beauty,Value,PR5069,0.1215,346.4,1.2922,447.62,771.69,-324.07,-0.4199,Bought its own volume
20015,2024-08-01,913.72,8747.94,7922.95,11968.74,13.0989,Marketplace deal event,6,484.94,Body Wash - Value,Health & Beauty,Value,PR5070,0.1429,428.8,0.9029,387.16,907.41,-520.25,-0.5733,Bought its own volume
20015,2025-06-01,593.29,5825.08,4899.45,7487.150000000001,12.6197,Temporary price reduction,5,484.94,Body Wash - Value,Health & Beauty,Value,PR5071,0.0903,108.3,1.5602,168.97,552.72,-383.75,-0.6943,Bought its own volume
20015,2026-01-01,1391.06,12472.86,11978.84,17157.61,12.3342,Bundle offer,5,484.94,Body Wash - Value,Health & Beauty,Value,PR5072,0.0852,906.1,0.3551,321.76,509.67,-187.91,-0.3687,Bought its own volume
20015,2026-02-01,664.35,6445.27,5868.01,8194.22,12.3342,Bundle offer,5,484.94,Body Wash - Value,Health & Beauty,Value,PR5073,0.0823,179.4,0.8689,155.88,492.39,-336.51,-0.6834,Bought its own volume
20016,2024-06-01,702.83,9515.93,7778.15,11990.49,17.0603,Volume bracket,9,550.75,Gel Pens - National brand,Office & Stationery,National brand,PR5074,0.0498,152.1,2.4725,376.07,467.95,-91.88,-0.1963,Bought its own volume
20016,2024-07-01,691.11,9388.539999999999,7810.589999999999,11790.54,17.0603,Volume bracket,8,550.75,Gel Pens - National brand,Office & Stationery,National brand,PR5075,0.0456,140.4,2.2832,320.56,428.44,-107.88,-0.2518,Bought its own volume
20016,2025-07-01,586.71,9097.54,7386.38,11254.099999999999,19.1817,Rebate accelerator,9,550.75,Gel Pens - National brand,Office & Stationery,National brand,PR5076,0.0379,36.0,2.9165,104.99,400.75,-295.76,-0.738,Bought its own volume
20016,2025-08-01,1080.01,17244.52,13938.29,21435.59,19.8476,Rebate accelerator,10,550.75,Gel Pens - National brand,Office & Stationery,National brand,PR5077,0.0339,529.3,3.0613,1620.35,370.29,1250.06,3.3759,Paid for itself
20016,2026-06-01,540.99,8673.35,6771.24,11270.59,20.8333,Bundle offer,9,550.75,Gel Pens - National brand,Office & Stationery,National brand,PR5078,0.0843,-9.8,3.516,-34.46,966.88,-1001.34,-1.0356,Bought its own volume
20017,2024-06-01,4409.3099999999995,88147.56999999999,75363.07,118008.13,26.7634,Temporary price reduction,14,2730.91,Webcam - National brand,Consumer Electronics,National brand,PR5079,0.0901,1678.4,2.8994,4866.35,6588.4,-1722.05,-0.2614,Bought its own volume
20017,2024-12-01,4501.110000000001,101906.45000000001,76988.77,126916.45,28.196700000000003,Rebate accelerator,12,2730.91,Webcam - National brand,Consumer Electronics,National brand,PR5080,0.0367,1770.2,5.5359,9799.65,2822.26,6977.39,2.4723,Paid for itself
20017,2025-01-01,3362.42,75928.58,56910.65,94809.13,28.1967,Rebate accelerator,15,2730.91,Webcam - National brand,Consumer Electronics,National brand,PR5081,0.0361,631.5,5.656,3571.76,2782.11,789.65,0.2838,Paid for itself
20017,2025-07-01,4735.99,102347.73,77569.35,133271.73,28.1402,Temporary price reduction,15,2730.91,Webcam - National brand,Consumer Electronics,National brand,PR5082,0.0852,2005.1,5.2319,10490.48,6544.75,3945.73,0.6029,Paid for itself
20017,2025-08-01,3091.59,70187.58,49438.85,92135.55,29.802,Temporary price reduction,14,2730.91,Webcam - National brand,Consumer Electronics,National brand,PR5083,0.0813,360.7,6.7113,2420.77,6620.06,-4199.29,-0.6343,Bought its own volume
20018,2023-12-01,309.03000000000003,21825.670000000002,14453.789999999999,30591.719999999998,98.9927,Volume bracket,3,214.37,Mechanical Keyboard - Premium brand,Consumer Electronics,Premium brand,PR5084,0.0455,94.7,23.8549,2259.06,966.2,1292.86,1.3381,Paid for itself
20018,2024-01-01,58.68,4814.58,2806.27,5808.89,98.9927,Volume bracket,3,214.37,Mechanical Keyboard - Premium brand,Consumer Electronics,Premium brand,PR5085,0.0577,-155.7,34.2248,-5328.8,1225.5,-6554.3,-5.3483,Bought its own volume
20018,2024-08-01,187.6,12594.249999999998,8576.04,17084.99,91.0714,Volume bracket,3,214.37,Mechanical Keyboard - Premium brand,Consumer Electronics,Premium brand,PR5086,0.0494,-26.8,21.419,-574.03,965.3,-1539.33,-1.5947,Bought its own volume
20018,2024-09-01,385.65,25905.42,17467.98,35121.68,91.0714,Volume bracket,5,214.37,Mechanical Keyboard - Premium brand,Consumer Electronics,Premium brand,PR5087,0.0408,171.3,21.8785,3747.79,795.83,2951.96,3.7093,Paid for itself
20018,2025-03-01,312.40999999999997,20374.66,14456.55,28784.49,92.1369,Temporary price reduction,5,214.37,Mechanical Keyboard - Premium brand,Consumer Electronics,Premium brand,PR5088,0.0853,98.0,18.9434,1856.45,1684.99,171.46,0.1018,Paid for itself
20018,2026-03-01,365.64,22152.36,12500.34,30474.37,83.3453,Volume bracket,5,214.37,Mechanical Keyboard - Premium brand,Consumer Electronics,Premium brand,PR5089,0.0474,151.3,26.3976,3993.96,846.35,3147.61,3.719,Paid for itself
20018,2026-04-01,229.13000000000002,13976.25,7588.85,19096.91,83.3453,Volume bracket,3,214.37,Mechanical Keyboard - Premium brand,Consumer Electronics,Premium brand,PR5090,0.0444,14.8,27.8768,412.58,792.53,-379.95,-0.4794,Bought its own volume
20019,2024-02-01,2277.41,14307.05,10240.369999999999,19245.260000000002,8.4505,Volume bracket,6,1568.615,Gel Pens - Private label,Office & Stationery,Private label,PR5091,0.0521,708.8,1.7857,1265.7,690.14,575.56,0.834,Paid for itself
20019,2024-03-01,2149.55,13884.890000000001,9573.88,18164.77,8.4505,Volume bracket,6,1568.615,Gel Pens - Private label,Office & Stationery,Private label,PR5092,0.0426,580.9,2.0055,1164.99,564.28,600.71,1.0646,Paid for itself
20019,2024-12-01,1058.27,6671.819999999999,5245.43,8960.060000000001,8.4667,Volume bracket,4,1568.615,Gel Pens - Private label,Office & Stationery,Private label,PR5093,0.0501,-510.3,1.3479,-687.83,665.56,-1353.39,-2.0335,Bought its own volume
20019,2025-01-01,1075.6599999999999,6946.75,5328.379999999999,9107.29,8.4667,Volume bracket,5,1568.615,Gel Pens - Private label,Office & Stationery,Private label,PR5094,0.0577,-493.0,1.5045,-741.72,766.24,-1507.96,-1.968,Bought its own volume
20019,2026-02-01,2527.74,16111.18,12945.31,23347.22,9.2364,Temporary price reduction,5,1568.615,Gel Pens - Private label,Office & Stationery,Private label,PR5095,0.1026,959.1,1.2525,1201.27,1485.95,-284.68,-0.1916,Bought its own volume
20019,2026-03-01,2172.74,14856.939999999999,11442.51,20068.28,9.2364,Temporary price reduction,6,1568.615,Gel Pens - Private label,Office & Stationery,Private label,PR5096,0.0676,604.1,1.5715,949.34,978.89,-29.55,-0.0302,Bought its own volume
20020,2024-07-01,8778.56,364838.75,280979.76,496004.44,56.5018,Temporary price reduction,9,5149.285,Cutlery Block - Private label,Home & Kitchen,Private label,PR5097,0.0952,3629.3,9.5527,34669.61,27684.39,6985.22,0.2523,Paid for itself
20020,2025-05-01,7642.67,355680.74,271001.44,450447.49,58.938500000000005,Volume bracket,9,5149.285,Cutlery Block - Private label,Home & Kitchen,Private label,PR5098,0.0539,2493.4,11.0798,27626.37,16358.13,11268.24,0.6888,Paid for itself
20020,2025-06-01,5467.1900000000005,275975.68,187662.38,345166.13,63.1341,Volume bracket,8,5149.285,Cutlery Block - Private label,Home & Kitchen,Private label,PR5099,0.0466,317.9,16.1533,5135.13,15134.39,-9999.26,-0.6607,Bought its own volume
20020,2026-03-01,4435.28,239532.62,148809.85,304156.43,68.5766,Volume bracket,9,5149.285,Cutlery Block - Private label,Home & Kitchen,Private label,PR5100,0.0521,-714.0,20.4548,-14604.73,18385.52,-32990.25,-1.7944,Bought its own volume
20021,2024-06-01,1354.6799999999998,41494.58,44511.53,55828.67,41.2117,Temporary price reduction,6,830.615,Bedding Set - National brand,Home & Kitchen,National brand,PR5101,0.0907,524.1,-2.2271,-1167.22,3104.19,-4271.41,-1.376,Bought its own volume
20021,2024-07-01,1229.17,38115.99,41417.99,50656.2,41.2117,Temporary price reduction,6,830.615,Bedding Set - National brand,Home & Kitchen,National brand,PR5102,0.0854,398.6,-2.6864,-1070.8,2921.63,-3992.43,-1.3665,Bought its own volume
20021,2025-06-01,976.13,33832.36,30894.91,43232.799999999996,44.29,Volume bracket,6,830.615,Bedding Set - National brand,Home & Kitchen,National brand,PR5103,0.0574,145.5,3.0093,437.85,2112.88,-1675.03,-0.7928,Bought its own volume
20021,2026-05-01,1021.9100000000001,34863.54,30843.19,45582.81,44.6055,Temporary price reduction,5,830.615,Bedding Set - National brand,Home & Kitchen,National brand,PR5104,0.0707,191.3,3.9342,752.61,2621.09,-1868.48,-0.7129,Bought its own volume
20022,2024-04-01,1286.2,54912.549999999996,48551.74,71158.37,55.3245,Temporary price reduction,6,1824.55,Tool Chest - Value,Tools & Hardware,Value,PR5105,0.0864,-538.3,4.9454,-2662.11,8720.5,-11382.61,-1.3053,Bought its own volume
20022,2024-05-01,2514.2799999999997,102799.43000000001,95941.15,139101.3,55.3245,Temporary price reduction,7,1824.55,Tool Chest - Value,Tools & Hardware,Value,PR5106,0.0866,689.7,2.7277,1881.29,8743.97,-6862.68,-0.7848,Bought its own volume
20022,2025-06-01,2379.75,79947.19,75577.05,101589.62999999999,42.6892,Volume bracket,6,1824.55,Tool Chest - Value,Tools & Hardware,Value,PR5107,0.0487,555.2,1.8364,1019.57,3794.97,-2775.4,-0.7313,Bought its own volume
20022,2025-07-01,2756.9900000000002,94484.18000000001,83621.15000000001,117693.69,42.6892,Volume bracket,8,1824.55,Tool Chest - Value,Tools & Hardware,Value,PR5108,0.0507,932.4,3.9402,3673.84,3946.43,-272.59,-0.0691,Bought its own volume
20022,2026-06-01,3921.74,137640.58,147365.65,181809.91,46.3595,Temporary price reduction,6,1824.55,Tool Chest - Value,Tools & Hardware,Value,PR5109,0.0771,2097.2,-2.4798,-5200.64,6522.64,-11723.28,-1.7973,Bought its own volume
20023,2024-04-01,1132.46,23940.72,22271.420000000002,29771.92,26.2896,Rebate accelerator,7,639.215,Adjustable Dumbbells - National brand,Sporting Goods,National brand,PR5110,0.0309,493.2,1.474,726.98,519.31,207.67,0.3999,Paid for itself
20023,2024-10-01,1064.72,21995.02,21160.14,32208.75,30.2509,Marketplace deal event,6,639.215,Adjustable Dumbbells - National brand,Sporting Goods,National brand,PR5111,0.1415,425.5,0.7841,333.63,2735.36,-2401.73,-0.878,Bought its own volume
20023,2025-07-01,871.3100000000001,21238.989999999998,18351.09,28863.26,33.1263,Temporary price reduction,7,639.215,Adjustable Dumbbells - National brand,Sporting Goods,National brand,PR5112,0.096,232.1,3.3144,769.27,2032.98,-1263.71,-0.6216,Bought its own volume
20023,2025-08-01,571.0600000000001,13706.01,11862.63,18917.100000000002,33.1263,Temporary price reduction,6,639.215,Adjustable Dumbbells - National brand,Sporting Goods,National brand,PR5113,0.1019,-68.2,3.228,-220.15,2157.61,-2377.76,-1.102,Bought its own volume
20024,2024-03-01,1949.0200000000002,61089.09,57992.69,79579.07,40.8303,Bundle offer,7,1505.33,Tool Chest - Value,Tools & Hardware,Value,PR5114,0.092,443.7,1.5887,704.91,5655.72,-4950.81,-0.8754,Bought its own volume
20024,2024-11-01,3939.59,96463.59,86175.77,135793.72999999998,34.469,Marketplace deal event,7,1505.33,Tool Chest - Value,Tools & Hardware,Value,PR5115,0.1321,2434.3,2.6114,6356.93,6851.75,-494.82,-0.0722,Bought its own volume
20024,2024-12-01,3811.9900000000002,90859.43,84580.05,131395.47999999998,34.469,Marketplace deal event,6,1505.33,Tool Chest - Value,Tools & Hardware,Value,PR5116,0.1483,2306.7,1.6473,3799.83,7694.9,-3895.07,-0.5062,Bought its own volume
20024,2025-12-01,1421.74,47409.95,40056.95,58170.36,40.9149,Volume bracket,6,1505.33,Tool Chest - Value,Tools & Hardware,Value,PR5117,0.0561,-83.6,5.1718,-432.36,3458.24,-3890.6,-1.125,Bought its own volume
20024,2026-01-01,1292.55,43582.07,38758.28,52884.54,40.9149,Volume bracket,6,1505.33,Tool Chest - Value,Tools & Hardware,Value,PR5118,0.0428,-212.8,3.732,-794.17,2637.04,-3431.21,-1.3012,Bought its own volume
20025,2024-03-01,2273.23,77812.76,76881.31,106367.61,46.7914,Temporary price reduction,6,1960.48,Bedding Set - National brand,Home & Kitchen,National brand,PR5119,0.0853,312.8,0.4097,128.15,7828.56,-7700.41,-0.9836,Bought its own volume
20025,2024-09-01,686.45,25349.839999999997,23682.88,31548.96,45.9596,Volume bracket,4,1960.48,Bedding Set - National brand,Home & Kitchen,National brand,PR5120,0.053,-1274.0,2.4284,-3093.78,4775.29,-7869.07,-1.6479,Bought its own volume
20025,2024-10-01,2696.15,97412.22,89957.32,123913.97,45.9596,Volume bracket,9,1960.48,Bedding Set - National brand,Home & Kitchen,National brand,PR5121,0.0559,735.7,2.765,2034.21,5039.85,-3005.64,-0.5964,Bought its own volume
20025,2025-11-01,7239.6900000000005,198516.99,183391.47,289122.82,39.9358,Marketplace deal event,6,1960.48,Bedding Set - National brand,Home & Kitchen,National brand,PR5122,0.1316,5279.2,2.0892,11029.3,10305.26,724.04,0.0703,Paid for itself
20025,2025-12-01,7808.83,203815.19,200401.91,303770.52,38.9009,Marketplace deal event,6,1960.48,Bedding Set - National brand,Home & Kitchen,National brand,PR5123,0.1568,5848.4,0.4371,2556.34,11955.6,-9399.26,-0.7862,Bought its own volume
20026,2024-05-01,348.43999999999994,11815.48,9314.08,16088.03,46.1716,Temporary price reduction,5,228.745,Socket Set - National brand,Tools & Hardware,National brand,PR5124,0.0896,119.7,7.1789,859.31,946.27,-86.96,-0.0919,Bought its own volume
20026,2024-06-01,402.91999999999996,12787.769999999999,10757.810000000001,17757.77,44.0727,Temporary price reduction,5,228.745,Socket Set - National brand,Tools & Hardware,National brand,PR5125,0.0746,174.2,5.0381,877.64,752.25,125.39,0.1667,Paid for itself
20026,2025-02-01,182.4,5563.21,4483.93,7490.09,41.0641,Temporary price reduction,5,228.745,Socket Set - National brand,Tools & Hardware,National brand,PR5126,0.0892,-46.3,5.9171,-273.96,838.3,-1112.26,-1.3268,Bought its own volume
20026,2026-02-01,421.26,12789.88,13570.880000000001,17628.22,41.8464,Bundle offer,6,228.745,Socket Set - National brand,Tools & Hardware,National brand,PR5127,0.0871,192.5,-1.854,-356.9,834.15,-1191.05,-1.4279,Bought its own volume
20027,2024-02-01,221.87,4310.37,3736.87,5188.3,23.3844,Rebate accelerator,5,159.125,Dry Dog Food - National brand,Pet Supplies,National brand,PR5128,0.0332,62.7,2.5848,162.07,123.41,38.66,0.3133,Paid for itself
20027,2024-03-01,549.52,10352.07,9190.12,12850.2,23.3844,Rebate accelerator,7,159.125,Dry Dog Food - National brand,Pet Supplies,National brand,PR5129,0.0297,390.4,2.1145,825.5,110.46,715.04,6.4733,Paid for itself
20027,2025-03-01,502.44,9046.75,10369.92,11484.61,22.8577,Volume bracket,7,159.125,Dry Dog Food - National brand,Pet Supplies,National brand,PR5130,0.0485,343.3,-2.6335,-904.08,176.43,-1080.51,-6.1243,Bought its own volume
20027,2026-04-01,98.34,3041.96,2330.53,3837.43,39.0221,Temporary price reduction,5,159.125,Dry Dog Food - National brand,Pet Supplies,National brand,PR5131,0.0877,-60.8,7.2344,-439.85,544.46,-984.31,-1.8079,Bought its own volume
20028,2024-06-01,9226.310000000001,217920.25,224956.81,299171.39,32.4259,Temporary price reduction,8,5503.91,Adjustable Dumbbells - Value,Sporting Goods,Value,PR5132,0.0902,3722.4,-0.7627,-2839.07,16102.31,-18941.38,-1.1763,Bought its own volume
20028,2025-05-01,9560.55,227269.59999999998,218787.45,310009.45,32.4259,Temporary price reduction,8,5503.91,Adjustable Dumbbells - Value,Sporting Goods,Value,PR5133,0.0832,4056.6,0.8872,3599.02,14846.52,-11247.5,-0.7576,Bought its own volume
20028,2025-11-01,6635.38,169223.28999999998,136652.33,215158.16999999998,32.4259,Rebate accelerator,8,5503.91,Adjustable Dumbbells - Value,Sporting Goods,Value,PR5134,0.0368,1131.5,4.9087,5554.19,6568.02,-1013.83,-0.1544,Bought its own volume
20029,2024-08-01,1443.58,32097.95,23320.6,48698.01,33.7342,Marketplace deal event,5,539.9,Fastener Assortment - Private label,Tools & Hardware,Private label,PR5135,0.1276,903.7,6.0803,5494.77,2324.18,3170.59,1.3642,Paid for itself
20029,2024-09-01,1780.5600000000002,35813.1,26817.01,55227.979999999996,31.017199999999995,Marketplace deal event,5,539.9,Fastener Assortment - Private label,Tools & Hardware,Private label,PR5136,0.1326,1240.7,5.0524,6268.51,2219.74,4048.77,1.824,Paid for itself
20029,2025-08-01,593.44,14653.32,7703.029999999999,20605.84,34.7227,Volume bracket,4,539.9,Fastener Assortment - Private label,Tools & Hardware,Private label,PR5137,0.0467,53.5,11.7119,626.59,874.87,-248.28,-0.2838,Bought its own volume
20029,2025-09-01,631.24,16065.18,8670.890000000001,21830.62,34.5837,Volume bracket,6,539.9,Fastener Assortment - Private label,Tools & Hardware,Private label,PR5138,0.0524,91.3,11.7139,1069.48,978.46,91.02,0.093,Paid for itself
20029,2026-05-01,751.3100000000001,20179.78,11069.869999999999,27947.379999999997,37.1982,Rebate accelerator,5,539.9,Fastener Assortment - Private label,Tools & Hardware,Private label,PR5139,0.0378,211.4,12.1254,2563.31,759.66,1803.65,2.3743,Paid for itself
20029,2026-06-01,964.1800000000001,25843.6,14185.49,35865.76,37.1982,Rebate accelerator,3,539.9,Fastener Assortment - Private label,Tools & Hardware,Private label,PR5140,0.0368,424.3,12.0912,5130.3,738.44,4391.86,5.9475,Paid for itself
20030,2024-08-01,5521.93,59355.47,54992.91,84171.34,15.2431,Bundle offer,8,2704.4700000000003,Dry Dog Food - National brand,Pet Supplies,National brand,PR5141,0.0888,2817.5,0.79,2225.83,3659.69,-1433.86,-0.3918,Bought its own volume
20030,2025-04-01,3902.33,45832.97,40730.57,60701.13,15.555100000000001,Rebate accelerator,6,2704.4700000000003,Dry Dog Food - National brand,Pet Supplies,National brand,PR5142,0.0366,1197.9,1.3075,1566.25,1540.38,25.87,0.0168,Paid for itself
20030,2025-05-01,2611.63,31566.88,28795.05,40624.17,15.5551,Rebate accelerator,4,2704.4700000000003,Dry Dog Food - National brand,Pet Supplies,National brand,PR5143,0.0351,-92.8,1.0613,-98.49,1476.78,-1575.27,-1.0667,Bought its own volume
20030,2026-01-01,2945.77,34723.72,30339.670000000002,48374.56,16.4217,Bundle offer,4,2704.4700000000003,Dry Dog Food - National brand,Pet Supplies,National brand,PR5144,0.0976,241.3,1.4883,359.13,4332.97,-3973.84,-0.9171,Bought its own volume
20031,2024-08-01,542.97,2593.26,2323.91,3426.4700000000003,6.3106,Rebate accelerator,7,361.68,Body Wash - National brand,Health & Beauty,National brand,PR5145,0.0373,181.3,0.4961,89.94,85.08,4.86,0.0571,Paid for itself
20031,2024-09-01,337.3,1613.53,1499.4,2128.5699999999997,6.3106,Rebate accelerator,3,361.68,Body Wash - National brand,Health & Beauty,National brand,PR5146,0.0403,-24.4,0.3384,-8.26,91.89,-100.15,-1.0899,Bought its own volume
20031,2025-09-01,319.26,1575.06,1212.2,2204.01,6.9035,Temporary price reduction,3,361.68,Body Wash - National brand,Health & Beauty,National brand,PR5147,0.0893,-42.4,1.1366,-48.19,223.06,-271.25,-1.216,Bought its own volume
20032,2024-08-01,1602.61,21640.72,20051.86,28942.0,18.0593,Temporary price reduction,5,1131.1000000000001,Body Wash - National brand,Health & Beauty,National brand,PR5148,0.0733,471.5,0.9914,467.45,1497.3,-1029.85,-0.6878,Bought its own volume
20032,2024-09-01,1597.9299999999998,21592.920000000002,20458.78,28857.48,18.0593,Temporary price reduction,6,1131.1000000000001,Body Wash - National brand,Health & Beauty,National brand,PR5149,0.0842,466.8,0.7098,331.33,1718.95,-1387.62,-0.8072,Bought its own volume
20032,2025-06-01,1752.03,22533.23,22104.3,31621.52,18.0485,Temporary price reduction,6,1131.1000000000001,Body Wash - National brand,Health & Beauty,National brand,PR5150,0.1003,620.9,0.2448,152.0,2047.84,-1895.84,-0.9258,Bought its own volume
20032,2025-07-01,1874.06,23706.35,24334.11,32271.129999999997,17.2199,Temporary price reduction,5,1131.1000000000001,Body Wash - National brand,Health & Beauty,National brand,PR5151,0.0989,743.0,-0.335,-248.9,1925.97,-2174.87,-1.1292,Bought its own volume
20032,2026-03-01,3480.94,42472.19,46867.37,59579.770000000004,17.116,Marketplace deal event,5,1131.1000000000001,Body Wash - National brand,Health & Beauty,National brand,PR5152,0.1114,2349.8,-1.2626,-2966.86,2157.26,-5124.12,-2.3753,Bought its own volume
20033,2024-02-01,807.5300000000001,7281.45,7858.400000000001,10103.01,12.511000000000001,Temporary price reduction,3,675.73,Hair Dryer - Value,Health & Beauty,Value,PR5153,0.0866,131.8,-0.7145,-94.17,731.88,-826.05,-1.1287,Bought its own volume
20033,2025-02-01,1027.75,10501.119999999999,10690.86,15013.16,14.6078,Bundle offer,4,675.73,Hair Dryer - Value,Health & Beauty,Value,PR5154,0.0998,352.0,-0.1846,-64.98,985.52,-1050.5,-1.0659,Bought its own volume
20033,2025-03-01,1081.6599999999999,10783.84,11067.12,15828.05,14.6331,Bundle offer,3,675.73,Hair Dryer - Value,Health & Beauty,Value,PR5155,0.0772,405.9,-0.2619,-106.31,763.48,-869.79,-1.1392,Bought its own volume
20033,2025-09-01,1683.4299999999998,12579.990000000002,18186.600000000002,22202.6,13.188899999999999,Marketplace deal event,3,675.73,Hair Dryer - Value,Health & Beauty,Value,PR5156,0.1428,1007.7,-3.3305,-3356.14,1272.51,-4628.65,-3.6374,Bought its own volume
20034,2024-05-01,9870.66,685257.8700000001,447420.25,850410.65,86.1554,Volume bracket,10,8238.985,Smart Plug - Premium brand,Consumer Electronics,Premium brand,PR5157,0.0444,1631.7,24.0954,39316.46,31543.2,7773.26,0.2464,Paid for itself
20034,2025-07-01,15134.33,1038885.28,801934.86,1285391.93,84.9322,Rebate accelerator,10,8238.985,Smart Plug - Premium brand,Consumer Electronics,Premium brand,PR5158,0.0323,6895.3,15.6565,107956.26,22593.77,85362.49,3.7781,Paid for itself
20035,2024-02-01,3349.3900000000003,123159.9,79410.69,160175.87,47.8224,Temporary price reduction,9,1765.7900000000002,Camping Tent - Premium brand,Sporting Goods,Premium brand,PR5159,0.0888,1583.6,13.0618,20684.67,7497.47,13187.2,1.7589,Paid for itself
20035,2024-12-01,1957.92,77488.25,52270.39,100359.06,51.258,Temporary price reduction,7,1765.7900000000002,Camping Tent - Premium brand,Sporting Goods,Premium brand,PR5160,0.0803,192.1,12.8799,2474.23,7268.8,-4794.57,-0.6596,Bought its own volume
20035,2025-01-01,2231.76,90413.68000000001,58630.579999999994,119755.79000000001,53.6598,Temporary price reduction,9,1765.7900000000002,Camping Tent - Premium brand,Sporting Goods,Premium brand,PR5161,0.0798,466.0,14.2413,6636.45,7561.47,-925.02,-0.1223,Bought its own volume
20035,2025-12-01,1904.1200000000001,72877.98999999999,42378.86,89609.04,47.0606,Rebate accelerator,9,1765.7900000000002,Camping Tent - Premium brand,Sporting Goods,Premium brand,PR5162,0.0367,138.3,16.0174,2215.21,3047.46,-832.25,-0.2731,Bought its own volume
20035,2026-01-01,2231.94,84855.63,51406.26,103853.96,46.5308,Rebate accelerator,10,1765.7900000000002,Camping Tent - Premium brand,Sporting Goods,Premium brand,PR5163,0.0324,466.1,14.9867,6985.3,2663.36,4321.94,1.6227,Paid for itself
20036,2023-12-01,4695.8099999999995,41926.85,37893.31,56589.2,12.051,Temporary price reduction,5,2579.605,Laptop Sleeve - National brand,Apparel & Accessories,National brand,PR5164,0.0807,2116.2,0.859,1817.82,2508.15,-690.33,-0.2752,Bought its own volume
20036,2024-12-01,4303.469999999999,37414.07,35984.76,53128.49,12.3455,Bundle offer,5,2579.605,Laptop Sleeve - National brand,Apparel & Accessories,National brand,PR5165,0.1035,1723.9,0.3321,572.51,3296.27,-2723.76,-0.8263,Bought its own volume
20036,2025-12-01,5811.49,47206.38,50372.83,74092.44,12.7493,Marketplace deal event,5,2579.605,Laptop Sleeve - National brand,Apparel & Accessories,National brand,PR5166,0.1445,3231.9,-0.5449,-1761.06,4752.56,-6513.62,-1.3705,Bought its own volume
20036,2026-01-01,3592.45,31737.7,30641.440000000002,45801.219999999994,12.7493,Marketplace deal event,3,2579.605,Laptop Sleeve - National brand,Apparel & Accessories,National brand,PR5167,0.1156,1012.8,0.3052,309.11,3802.08,-3492.97,-0.9187,Bought its own volume
20037,2024-03-01,3117.32,91821.20000000001,73030.38,128418.63,41.1952,Temporary price reduction,8,2286.41,Socket Set - National brand,Tools & Hardware,National brand,PR5168,0.0792,830.9,6.0279,5008.58,7461.04,-2452.46,-0.3287,Bought its own volume
20037,2024-04-01,2226.98,67139.75,50659.12,91740.9,41.1952,Temporary price reduction,7,2286.41,Socket Set - National brand,Tools & Hardware,National brand,PR5169,0.0915,-59.4,7.4004,-439.58,8618.43,-9058.01,-1.051,Bought its own volume
20037,2025-04-01,3867.69,88580.25,68194.34,124644.43,32.2271,Bundle offer,6,2286.41,Socket Set - National brand,Tools & Hardware,National brand,PR5170,0.0908,1581.3,5.2708,8334.72,6692.51,1642.21,0.2454,Paid for itself
20037,2025-05-01,6719.5599999999995,147595.2,123940.25,216551.93,32.2271,Bundle offer,8,2286.41,Socket Set - National brand,Tools & Hardware,National brand,PR5171,0.0899,4433.2,3.5203,15606.19,6627.02,8979.17,1.3549,Paid for itself
20037,2026-06-01,3356.79,76264.68,78489.13,108645.87000000001,32.366,Temporary price reduction,5,2286.41,Socket Set - National brand,Tools & Hardware,National brand,PR5172,0.084,1070.4,-0.6627,-709.35,6216.93,-6926.28,-1.1141,Bought its own volume
20039,2024-02-01,4328.79,253022.94999999998,202938.01,389806.24,90.0497,Marketplace deal event,5,2052.98,Blender - Premium brand,Home & Kitchen,Premium brand,PR5173,0.1546,2275.8,11.5702,26331.46,28586.43,-2254.97,-0.0789,Bought its own volume
20039,2024-03-01,8234.18,510457.86000000004,406381.49,741485.42,90.04969999999999,Marketplace deal event,6,2052.98,Blender - Premium brand,Home & Kitchen,Premium brand,PR5174,0.1318,6181.2,12.6396,78127.9,24368.87,53759.03,2.2061,Paid for itself
20039,2025-02-01,2060.36,150915.05,102792.18,192150.61,93.2607,Volume bracket,5,2052.98,Blender - Premium brand,Home & Kitchen,Premium brand,PR5175,0.0499,7.4,23.3565,172.84,9555.96,-9383.12,-0.9819,Bought its own volume
20039,2025-03-01,3017.48,221119.94,156506.12,281412.3,93.2607,Volume bracket,7,2052.98,Blender - Premium brand,Home & Kitchen,Premium brand,PR5176,0.0427,964.5,21.4132,20653.03,8181.15,12471.88,1.5245,Paid for itself
20039,2026-01-01,1970.04,139766.83,98199.01,173043.98,87.8378,Rebate accelerator,5,2052.98,Blender - Premium brand,Home & Kitchen,Premium brand,PR5177,0.0319,-82.9,21.1,-1749.19,5747.56,-7496.75,-1.3043,Bought its own volume
20039,2026-02-01,1737.47,119275.23999999999,86120.3,152615.55000000002,87.8378,Rebate accelerator,5,2052.98,Blender - Premium brand,Home & Kitchen,Premium brand,PR5178,0.0363,-315.5,19.0823,-6020.47,6541.9,-12562.37,-1.9203,Bought its own volume
20040,2023-12-01,435.52,15780.73,10373.04,19240.41,44.178,Volume bracket,6,200.32,Blender - Private label,Home & Kitchen,Private label,PR5179,0.0573,235.2,12.4166,2920.38,506.71,2413.67,4.7634,Paid for itself
20040,2024-01-01,136.91,5050.4,3436.96,6134.700000000001,44.8082,Volume bracket,4,200.32,Blender - Private label,Home & Kitchen,Private label,PR5180,0.0513,-63.4,11.7847,-747.15,460.02,-1207.17,-2.6242,Bought its own volume
20040,2024-11-01,502.04999999999995,21011.57,14252.66,26865.66,53.511900000000004,Bundle offer,7,200.32,Blender - Private label,Home & Kitchen,Private label,PR5181,0.0767,301.7,13.4626,4061.67,821.89,3239.78,3.9419,Paid for itself
20040,2024-12-01,250.70999999999998,10289.58,7007.469999999999,13415.96,53.51189999999999,Bundle offer,5,200.32,Blender - Private label,Home & Kitchen,Private label,PR5182,0.1059,50.4,13.0913,659.8,1134.97,-475.17,-0.4187,Bought its own volume
20040,2025-10-01,365.7,14579.34,10317.27,18723.8,51.19989999999999,Bundle offer,6,200.32,Blender - Private label,Home & Kitchen,Private label,PR5183,0.1005,165.4,11.6546,1927.67,1030.84,896.83,0.87,Paid for itself
20041,2024-07-01,602.9,20358.27,14876.02,24440.55,40.5383,Rebate accelerator,4,596.885,Cordless Drill - National brand,Tools & Hardware,National brand,PR5184,0.0363,6.0,9.0931,54.56,879.45,-824.89,-0.938,Bought its own volume
20041,2024-08-01,779.08,26154.22,17642.57,31582.579999999998,40.5383,Rebate accelerator,3,596.885,Cordless Drill - National brand,Tools & Hardware,National brand,PR5185,0.0341,182.2,10.9253,1990.59,825.91,1164.68,1.4102,Paid for itself
20041,2025-04-01,1916.7399999999998,46937.6,41649.04,66371.73,34.6274,Marketplace deal event,3,596.885,Cordless Drill - National brand,Tools & Hardware,National brand,PR5186,0.1594,1319.9,2.7591,3641.74,3293.77,347.97,0.1056,Paid for itself
20041,2026-02-01,514.5799999999999,17015.629999999997,12347.4,20246.1,39.3449,Rebate accelerator,2,596.885,Cordless Drill - National brand,Tools & Hardware,National brand,PR5187,0.0379,-82.3,9.0719,-746.62,889.63,-1636.25,-1.8392,Bought its own volume
20042,2024-04-01,2808.03,183324.3,140741.27,248991.4,88.6712,Temporary price reduction,7,2276.41,Wireless Earbuds - Private label,Consumer Electronics,Private label,PR5188,0.0821,531.6,15.1647,8061.55,16566.05,-8504.5,-0.5134,Bought its own volume
20042,2025-02-01,4817.62,303888.31,227498.12999999998,444036.67,92.1693,Marketplace deal event,7,2276.41,Wireless Earbuds - Private label,Consumer Electronics,Private label,PR5189,0.1273,2541.2,15.8564,40294.28,26717.54,13576.74,0.5082,Paid for itself
20042,2025-11-01,3359.9100000000003,245299.76,167255.99,309019.99,91.97269999999999,Rebate accelerator,6,2276.41,Wireless Earbuds - Private label,Consumer Electronics,Private label,PR5190,0.0363,1083.5,23.2279,25167.43,7602.07,17565.36,2.3106,Paid for itself
20042,2026-05-01,10953.01,534444.04,484376.05,800786.61,73.1111,Marketplace deal event,7,2276.41,Wireless Earbuds - Private label,Consumer Electronics,Private label,PR5191,0.1466,8676.6,4.5712,39662.47,24395.6,15266.87,0.6258,Paid for itself
20043,2026-01-01,75.0,2387.47,1625.8000000000002,3232.8500000000004,43.1049,Temporary price reduction,5,105.0,HDMI Cable - Value,Consumer Electronics,Value,PR5192,0.0902,-30.0,10.1556,-304.67,408.36,-713.03,-1.7461,Bought its own volume
20043,2026-02-01,120.0,3999.4,2538.96,5172.56,43.1049,Temporary price reduction,8,105.0,HDMI Cable - Value,Consumer Electronics,Value,PR5193,0.0813,15.0,12.1703,182.55,367.96,-185.41,-0.5039,Bought its own volume
20044,2024-06-01,366.33,3717.89,2999.84,5077.72,13.861,Temporary price reduction,5,242.01999999999998,Laminator - Private label,Office & Stationery,Private label,PR5194,0.0771,124.3,1.9601,243.64,258.8,-15.16,-0.0586,Bought its own volume
20044,2024-07-01,290.93,3013.1499999999996,2459.08,4032.58,13.860999999999999,Temporary price reduction,3,242.01999999999998,Laminator - Private label,Office & Stationery,Private label,PR5195,0.0765,48.9,1.9045,93.13,256.62,-163.49,-0.6371,Bought its own volume
20044,2025-07-01,209.54,2311.88,2014.8700000000001,3287.14,15.687400000000002,Temporary price reduction,3,242.01999999999998,Laminator - Private label,Office & Stationery,Private label,PR5196,0.081,-32.5,1.4174,-46.07,307.37,-353.44,-1.1499,Bought its own volume
20044,2025-08-01,675.34,8016.08,6651.23,11516.43,17.0528,Temporary price reduction,6,242.01999999999998,Laminator - Private label,Office & Stationery,Private label,PR5197,0.0939,433.3,2.021,875.7,387.67,488.03,1.2589,Paid for itself
20044,2026-03-01,120.07,1578.11,1165.05,2060.57,17.1614,Rebate accelerator,2,242.01999999999998,Laminator - Private label,Office & Stationery,Private label,PR5198,0.039,-122.0,3.4402,-419.7,162.19,-581.89,-3.5877,Bought its own volume
20045,2024-07-01,7037.74,95755.31,99471.42,130082.76000000001,18.4836,Temporary price reduction,7,3088.22,Safety Boots - National brand,Apparel & Accessories,National brand,PR5199,0.0841,3949.5,-0.528,-2085.34,4802.27,-6887.61,-1.4342,Bought its own volume
20045,2025-07-01,8656.18,117585.39,127180.93000000001,169946.78,19.633,Marketplace deal event,6,3088.22,Safety Boots - National brand,Apparel & Accessories,National brand,PR5200,0.149,5568.0,-1.1085,-6172.13,9035.93,-15208.06,-1.6831,Bought its own volume
20045,2025-08-01,7734.0,100847.59,117088.90000000001,151841.62,19.633,Marketplace deal event,5,3088.22,Safety Boots - National brand,Apparel & Accessories,National brand,PR5201,0.1443,4645.8,-2.1,-9756.18,8747.07,-18503.25,-2.1154,Bought its own volume
20046,2024-04-01,2544.59,30732.92,33797.5,42852.92,16.8408,Temporary price reduction,6,2267.9399999999996,Blender - Value,Home & Kitchen,Value,PR5202,0.0768,276.7,-1.2044,-333.26,2934.75,-3268.01,-1.1136,Bought its own volume
20046,2025-01-01,3198.7200000000003,38577.51,40765.759999999995,51577.75,16.1245,Volume bracket,7,2267.9399999999996,Blender - Value,Home & Kitchen,Value,PR5203,0.0598,930.8,-0.6841,-636.76,2188.24,-2825.0,-1.291,Bought its own volume
20046,2025-07-01,2513.77,32719.409999999996,33081.97,42698.39,16.9858,Volume bracket,8,2267.9399999999996,Blender - Value,Home & Kitchen,Value,PR5204,0.0481,245.8,-0.1442,-35.44,1851.74,-1887.18,-1.0191,Bought its own volume
20046,2026-01-01,3167.98,38202.12,39543.35,51997.64,16.4135,Bundle offer,8,2267.9399999999996,Blender - Value,Home & Kitchen,Value,PR5205,0.0836,900.0,-0.4234,-381.06,3113.26,-3494.32,-1.1224,Bought its own volume
20047,2023-12-01,376.25,7000.25,5516.650000000001,8530.35,22.672,Volume bracket,5,496.445,Work Gloves - National brand,Tools & Hardware,National brand,PR5206,0.0476,-120.2,3.9431,-473.96,535.34,-1009.3,-1.8853,Bought its own volume
20047,2024-11-01,283.6,4123.53,3338.0,4918.25,17.3422,Rebate accelerator,3,496.445,Work Gloves - National brand,Tools & Hardware,National brand,PR5207,0.0323,-212.8,2.7699,-589.43,277.68,-867.11,-3.1227,Bought its own volume
20047,2025-10-01,1342.8,17494.57,16040.56,23326.989999999998,17.3719,Bundle offer,5,496.445,Work Gloves - National brand,Tools & Hardware,National brand,PR5208,0.0794,846.4,1.0828,916.48,684.79,231.69,0.3383,Paid for itself
20047,2025-11-01,379.59999999999997,5040.17,4386.92,6594.37,17.3719,Bundle offer,3,496.445,Work Gloves - National brand,Tools & Hardware,National brand,PR5209,0.0972,-116.8,1.7209,-201.0,837.92,-1038.92,-1.2399,Bought its own volume
20048,2024-03-01,6652.450000000001,397248.17,375969.2,505477.76,75.9837,Temporary price reduction,6,2352.295,Adjustable Dumbbells - Value,Sporting Goods,Value,PR5210,0.0757,4300.2,3.1987,13755.05,13531.34,223.71,0.0165,Paid for itself
20048,2024-10-01,1185.3600000000001,76499.4,69753.45999999999,90068.03,75.9837,Volume bracket,3,2352.295,Adjustable Dumbbells - Value,Sporting Goods,Value,PR5211,0.0565,-1166.9,5.691,-6640.83,10106.71,-16747.54,-1.6571,Bought its own volume
20048,2024-11-01,6558.15,398918.25,380619.28,498312.5,75.9837,Volume bracket,6,2352.295,Adjustable Dumbbells - Value,Sporting Goods,Value,PR5212,0.0457,4205.9,2.7903,11735.72,8160.15,3575.57,0.4382,Paid for itself
20048,2025-05-01,8693.33,524868.14,572155.86,660551.39,75.9837,Volume bracket,4,2352.295,Adjustable Dumbbells - Value,Sporting Goods,Value,PR5213,0.0489,6341.0,-5.4395,-34491.87,8735.13,-43227.0,-4.9486,Bought its own volume
20048,2025-06-01,1457.3899999999999,96679.12,91745.03,110737.89,75.9837,Volume bracket,2,2352.295,Adjustable Dumbbells - Value,Sporting Goods,Value,PR5214,0.0486,-894.9,3.3856,-3029.77,8694.91,-11724.68,-1.3485,Bought its own volume
20048,2026-02-01,1047.3200000000002,89504.17,84802.44,113020.59,107.9141,Temporary price reduction,3,2352.295,Adjustable Dumbbells - Value,Sporting Goods,Value,PR5215,0.1059,-1305.0,4.4893,-5858.54,26873.56,-32732.1,-1.218,Bought its own volume
20049,2024-02-01,51.21,2923.24,1808.3700000000001,3647.52,71.2267,Rebate accelerator,2,82.37,Blender - Premium brand,Home & Kitchen,Premium brand,PR5216,0.037,-31.2,21.7706,-679.24,217.34,-896.58,-4.1252,Bought its own volume
20049,2025-04-01,111.94,6274.61,4440.26,8786.619999999999,78.494,Marketplace deal event,2,82.37,Blender - Premium brand,Home & Kitchen,Premium brand,PR5217,0.1485,29.6,16.3869,485.05,959.89,-474.84,-0.4947,Bought its own volume
20049,2026-03-01,135.13,7408.43,6259.91,9353.51,69.2186,Rebate accelerator,4,82.37,Blender - Premium brand,Home & Kitchen,Premium brand,PR5218,0.0383,52.8,8.4994,448.77,218.33,230.44,1.0555,Paid for itself
20050,2024-06-01,656.24,5957.77,4126.18,8279.789999999999,12.617,Temporary price reduction,9,461.995,Copy Paper - National brand,Office & Stationery,National brand,PR5219,0.0766,194.2,2.791,542.01,446.4,95.61,0.2142,Paid for itself
20050,2025-02-01,423.67,4158.4,2648.66,5481.24,12.9375,Rebate accelerator,7,461.995,Copy Paper - National brand,Office & Stationery,National brand,PR5220,0.0366,-38.3,3.5635,-136.48,219.02,-355.5,-1.6231,Bought its own volume
20050,2026-03-01,526.88,5552.4,3632.52,7501.77,14.2381,Volume bracket,9,461.995,Copy Paper - National brand,Office & Stationery,National brand,PR5221,0.054,64.9,3.6439,236.49,354.91,-118.42,-0.3337,Bought its own volume
20050,2026-04-01,443.04999999999995,4850.18,3078.19,6308.1900000000005,14.2381,Volume bracket,10,461.995,Copy Paper - National brand,Office & Stationery,National brand,PR5222,0.0488,-18.9,3.9995,-75.59,320.81,-396.4,-1.2356,Bought its own volume
20051,2024-01-01,966.98,53109.59,48691.21,68555.98,70.897,Temporary price reduction,8,1160.3200000000002,HDMI Cable - National brand,Consumer Electronics,National brand,PR5223,0.0955,-193.3,4.5693,-883.25,7858.56,-8741.81,-1.1124,Bought its own volume
20051,2024-11-01,1804.42,98242.70999999999,75632.64,127546.86,70.6858,Temporary price reduction,9,1160.3200000000002,HDMI Cable - National brand,Consumer Electronics,National brand,PR5224,0.0922,644.1,12.5304,8070.83,7561.24,509.59,0.0674,Paid for itself
20051,2026-01-01,1065.13,62398.51,42090.96,75785.6,71.1515,Rebate accelerator,7,1160.3200000000002,HDMI Cable - National brand,Consumer Electronics,National brand,PR5225,0.035,-95.2,19.0658,-1815.06,2887.11,-4702.17,-1.6287,Bought its own volume
20051,2026-02-01,1291.6499999999999,76001.1,48559.45,91902.83,71.1515,Rebate accelerator,13,1160.3200000000002,HDMI Cable - National brand,Consumer Electronics,National brand,PR5226,0.0374,131.3,21.2454,2789.52,3085.95,-296.43,-0.0961,Bought its own volume
20052,2023-12-01,376.99,4928.48,3975.9700000000003,6481.62,17.1931,Temporary price reduction,4,382.71000000000004,Work Gloves - Private label,Tools & Hardware,Private label,PR5227,0.0921,-5.7,2.5266,-14.4,605.72,-620.12,-1.0238,Bought its own volume
20052,2025-01-01,537.31,6036.21,4088.55,8109.780000000001,15.0933,Temporary price reduction,4,382.71000000000004,Work Gloves - Private label,Tools & Hardware,Private label,PR5228,0.0677,154.6,3.6248,560.39,390.85,169.54,0.4338,Paid for itself
20052,2025-02-01,386.49,4326.18,2983.08,5833.42,15.0933,Temporary price reduction,3,382.71000000000004,Work Gloves - Private label,Tools & Hardware,Private label,PR5229,0.095,3.8,3.4751,13.21,548.73,-535.52,-0.9759,Bought its own volume
20052,2025-12-01,337.78000000000003,4368.31,2822.02,5771.68,17.0871,Temporary price reduction,4,382.71000000000004,Work Gloves - Private label,Tools & Hardware,Private label,PR5230,0.0826,-44.9,4.5778,-205.54,539.9,-745.44,-1.3807,Bought its own volume
20052,2026-06-01,320.28,4901.31,2860.48,6409.35,20.0117,Bundle offer,4,382.71000000000004,Work Gloves - Private label,Tools & Hardware,Private label,PR5231,0.0893,-62.4,6.372,-397.61,684.3,-1081.91,-1.581,Bought its own volume
20053,2024-05-01,1639.47,24660.98,15884.17,31766.870000000003,19.3763,Volume bracket,5,1832.77,Hair Dryer - National brand,Health & Beauty,National brand,PR5232,0.0601,-193.3,5.3534,-1034.81,2132.54,-3167.35,-1.4852,Bought its own volume
20053,2024-06-01,1725.34,27103.19,16593.97,33430.71,19.3763,Volume bracket,6,1832.77,Hair Dryer - National brand,Health & Beauty,National brand,PR5233,0.0457,-107.4,6.0911,-654.18,1622.49,-2276.67,-1.4032,Bought its own volume
20053,2025-05-01,1659.19,25364.82,15122.86,32010.08,19.2926,Bundle offer,4,1832.77,Hair Dryer - National brand,Health & Beauty,National brand,PR5234,0.0959,-173.6,6.1729,-1071.62,3389.8,-4461.42,-1.3161,Bought its own volume
20053,2025-11-01,2064.82,32926.94,18945.56,40703.17,19.7127,Rebate accelerator,6,1832.77,Hair Dryer - National brand,Health & Beauty,National brand,PR5235,0.039,232.1,6.7712,1571.6,1410.47,161.13,0.1142,Paid for itself
20053,2025-12-01,3457.72,56371.479999999996,33193.770000000004,68161.0,19.7127,Rebate accelerator,9,1832.77,Hair Dryer - National brand,Health & Beauty,National brand,PR5236,0.0321,1624.9,6.7032,10892.03,1160.98,9731.05,8.3818,Paid for itself
20054,2024-02-01,598.0,49585.25,41118.06,65456.13,109.45840000000001,Temporary price reduction,5,593.215,Wireless Earbuds - Private label,Consumer Electronics,Private label,PR5237,0.1038,4.8,14.1592,67.96,6737.11,-6669.15,-0.9899,Bought its own volume
20054,2024-10-01,564.3499999999999,60762.39,36352.54,73875.95,130.9045,Rebate accelerator,5,593.215,Wireless Earbuds - Private label,Consumer Electronics,Private label,PR5238,0.0386,-28.9,43.253,-1250.01,2996.97,-4246.98,-1.4171,Bought its own volume
20054,2025-12-01,2404.81,232544.56,141489.39,331114.68,137.6885,Marketplace deal event,6,593.215,Wireless Earbuds - Private label,Consumer Electronics,Private label,PR5239,0.1439,1811.6,37.8638,68594.06,11751.51,56842.55,4.837,Paid for itself
20054,2026-06-01,2397.98,200459.89,115867.99,272050.82,113.45,Marketplace deal event,6,593.215,Wireless Earbuds - Private label,Consumer Electronics,Private label,PR5240,0.1259,1804.8,35.2763,63666.67,8471.23,55195.44,6.5156,Paid for itself
20055,2024-08-01,5765.3,608378.49,411253.26999999996,822188.29,142.6098,Temporary price reduction,4,3463.485,Smart Plug - Premium brand,Consumer Electronics,Premium brand,PR5241,0.0812,2301.8,34.1917,78702.46,40103.87,38598.59,0.9625,Paid for itself
20055,2025-06-01,4491.07,540962.25,351706.92000000004,752763.06,167.6133,Temporary price reduction,3,3463.485,Smart Plug - Premium brand,Consumer Electronics,Premium brand,PR5242,0.1115,1027.6,42.1404,43303.48,64741.89,-21438.41,-0.3311,Bought its own volume
20055,2025-07-01,3482.86,430385.55,270145.25,580408.53,166.6471,Temporary price reduction,4,3463.485,Smart Plug - Premium brand,Consumer Electronics,Premium brand,PR5243,0.0965,19.4,46.0083,892.56,55671.28,-54778.72,-0.984,Bought its own volume
20055,2026-01-01,3374.39,417061.64,222995.88,544588.41,161.3887,Bundle offer,5,3463.485,Smart Plug - Premium brand,Consumer Electronics,Premium brand,PR5244,0.0828,-89.1,57.5114,-5124.27,46278.81,-51403.08,-1.1107,Bought its own volume
20056,2024-06-01,10171.46,340473.45,279351.02,474559.64,46.656,Marketplace deal event,8,3487.51,Chew Toy Pack - Premium brand,Pet Supplies,Premium brand,PR5245,0.1369,6683.9,6.0092,40164.89,22277.04,17887.85,0.803,Paid for itself
20056,2025-08-01,4647.17,174499.05,156233.68,225842.71,48.5979,Temporary price reduction,7,3487.51,Chew Toy Pack - Premium brand,Pet Supplies,Premium brand,PR5246,0.0743,1159.7,3.9304,4558.08,12591.9,-8033.82,-0.638,Bought its own volume
20057,2024-03-01,287.15,10464.0,9065.939999999999,12965.89,45.1537,Volume bracket,4,274.34000000000003,Cordless Drill - National brand,Tools & Hardware,National brand,PR5247,0.0498,12.8,4.8687,62.32,616.35,-554.03,-0.8989,Bought its own volume
20057,2024-04-01,259.53,10097.02,7796.139999999999,11718.75,45.1537,Volume bracket,5,274.34000000000003,Cordless Drill - National brand,Tools & Hardware,National brand,PR5248,0.0417,-14.8,8.8656,-131.21,516.04,-647.25,-1.2543,Bought its own volume
20057,2025-01-01,553.94,16063.5,13864.51,20123.04,36.3271,Temporary price reduction,7,274.34000000000003,Cordless Drill - National brand,Tools & Hardware,National brand,PR5249,0.08,279.6,3.9697,1109.93,797.42,312.51,0.3919,Paid for itself
20057,2025-07-01,639.15,19423.68,15090.21,23402.670000000002,36.6153,Rebate accelerator,7,274.34000000000003,Cordless Drill - National brand,Tools & Hardware,National brand,PR5250,0.0316,364.8,6.7801,2473.38,317.1,2156.28,6.8,Paid for itself
20057,2026-03-01,594.85,20527.62,17572.8,25020.86,42.0625,Volume bracket,7,274.34000000000003,Cordless Drill - National brand,Tools & Hardware,National brand,PR5251,0.0446,320.5,4.9673,1592.02,514.21,1077.81,2.0961,Paid for itself
20058,2024-07-01,8110.29,163295.43,158314.49,220923.51,27.2399,Temporary price reduction,8,4513.030000000001,Safety Glasses - Value,Tools & Hardware,Value,PR5252,0.09,3597.3,0.6142,2209.46,11069.39,-8859.93,-0.8004,Bought its own volume
20058,2024-08-01,7101.45,143920.34,134786.95,193442.78999999998,27.239899999999995,Temporary price reduction,6,4513.030000000001,Safety Glasses - Value,Tools & Hardware,Value,PR5253,0.0831,2588.4,1.2861,3328.94,10211.56,-6882.62,-0.674,Bought its own volume
20058,2025-03-01,5701.9,111223.04000000001,107321.73,155319.19,27.2399,Temporary price reduction,5,4513.030000000001,Safety Glasses - Value,Tools & Hardware,Value,PR5254,0.099,1188.9,0.6842,813.45,12166.41,-11352.96,-0.9331,Bought its own volume
20058,2025-04-01,7343.38,147392.41999999998,139085.83,200032.93,27.239899999999995,Temporary price reduction,6,4513.030000000001,Safety Glasses - Value,Tools & Hardware,Value,PR5255,0.0876,2830.3,1.1312,3201.64,10773.58,-7571.94,-0.7028,Bought its own volume
20058,2025-12-01,3629.28,102553.6,90656.14,137141.41999999998,37.7875,Temporary price reduction,5,4513.030000000001,Safety Glasses - Value,Tools & Hardware,Value,PR5256,0.0815,-883.8,3.2782,-2897.27,13895.44,-16792.71,-1.2085,Bought its own volume
20058,2026-01-01,3754.21,107815.92,102780.48999999999,141862.19,37.7875,Temporary price reduction,7,4513.030000000001,Safety Glasses - Value,Tools & Hardware,Value,PR5257,0.0706,-758.8,1.3413,-1017.78,12039.54,-13057.32,-1.0845,Bought its own volume
20059,2024-05-01,226.66000000000003,1432.84,1337.88,2036.97,8.987,Temporary price reduction,9,253.01,Desk Organiser - Value,Office & Stationery,Value,PR5258,0.0902,-26.3,0.419,-11.02,205.11,-216.13,-1.0537,Bought its own volume
20059,2024-11-01,159.27,1225.99,1003.75,1626.17,10.2102,Volume bracket,7,253.01,Desk Organiser - Value,Office & Stationery,Value,PR5259,0.0535,-93.7,1.3954,-130.75,138.11,-268.86,-1.9467,Bought its own volume
20059,2024-12-01,314.97,2389.52,2028.22,3215.89,10.2102,Volume bracket,10,253.01,Desk Organiser - Value,Office & Stationery,Value,PR5260,0.0495,62.0,1.1471,71.12,127.93,-56.81,-0.4441,Bought its own volume
20059,2025-10-01,190.69,1663.9199999999998,1523.73,2241.2,11.753,Bundle offer,7,253.01,Desk Organiser - Value,Office & Stationery,Value,PR5261,0.0818,-62.3,0.7352,-45.8,243.12,-288.92,-1.1884,Bought its own volume
20059,2025-11-01,165.78,1419.3999999999999,1414.31,1948.4300000000003,11.753,Bundle offer,7,253.01,Desk Organiser - Value,Office & Stationery,Value,PR5262,0.0829,-87.2,0.0307,-2.68,246.65,-249.33,-1.0109,Bought its own volume
20060,2024-04-01,695.4,14049.67,12550.16,18680.87,26.8635,Bundle offer,5,742.81,Storage Bins - Private label,Home & Kitchen,Private label,PR5263,0.0919,-47.4,2.1563,-102.21,1833.12,-1935.33,-1.0558,Bought its own volume
20060,2024-05-01,1057.95,21040.35,17545.47,28420.25,26.8635,Bundle offer,8,742.81,Storage Bins - Private label,Home & Kitchen,Private label,PR5264,0.0939,315.1,3.3034,1040.9,1873.63,-832.73,-0.4444,Bought its own volume
20060,2025-02-01,748.99,13723.5,12566.11,18564.83,24.7865,Temporary price reduction,5,742.81,Storage Bins - Private label,Home & Kitchen,Private label,PR5265,0.092,6.2,1.5453,9.58,1694.78,-1685.2,-0.9943,Bought its own volume
20060,2025-09-01,2328.24,41854.14,36260.25,60411.3,25.9472,Marketplace deal event,8,742.81,Storage Bins - Private label,Home & Kitchen,Private label,PR5266,0.1387,1585.4,2.4026,3809.08,2673.95,1135.13,0.4245,Paid for itself
20061,2024-08-01,6725.82,120885.83,91120.74,156836.03,23.3185,Temporary price reduction,10,4328.045,Multivitamin - Premium brand,Health & Beauty,Premium brand,PR5267,0.0753,2397.8,4.4255,10611.46,7602.3,3009.16,0.3958,Paid for itself
20061,2024-09-01,5627.610000000001,104396.18000000001,74419.5,131227.43,23.3185,Temporary price reduction,10,4328.045,Multivitamin - Premium brand,Health & Beauty,Premium brand,PR5268,0.0728,1299.6,5.3267,6922.58,7348.46,-425.88,-0.058,Bought its own volume
20061,2025-09-01,3204.5299999999997,62626.560000000005,35164.59,74724.83,23.3185,Volume bracket,8,4328.045,Multivitamin - Premium brand,Health & Beauty,Premium brand,PR5269,0.0553,-1123.5,8.5697,-9628.06,5583.77,-15211.83,-2.7243,Bought its own volume
20061,2026-05-01,4335.16,80415.68,57768.61,101089.42,23.3185,Temporary price reduction,8,4328.045,Multivitamin - Premium brand,Health & Beauty,Premium brand,PR5270,0.0783,7.1,5.224,37.09,7902.47,-7865.38,-0.9953,Bought its own volume
20062,2024-08-01,162.54000000000002,6623.35,5045.36,8390.15,51.61900000000001,Temporary price reduction,5,107.25,Laptop Sleeve - National brand,Apparel & Accessories,National brand,PR5271,0.0784,55.3,9.7083,536.87,434.2,102.67,0.2365,Paid for itself
20062,2024-09-01,146.75,5795.06,4896.96,7575.069999999999,51.619,Temporary price reduction,4,107.25,Laptop Sleeve - National brand,Apparel & Accessories,National brand,PR5272,0.0879,39.5,6.1199,241.74,486.89,-245.15,-0.5035,Bought its own volume
20062,2025-04-01,178.67,5311.36,5446.56,7157.639999999999,40.0607,Temporary price reduction,3,107.25,Laptop Sleeve - National brand,Apparel & Accessories,National brand,PR5273,0.0808,71.4,-0.7567,-54.03,347.01,-401.04,-1.1557,Bought its own volume
20062,2025-10-01,143.29,4845.46,5612.06,6329.12,44.17,Bundle offer,4,107.25,Laptop Sleeve - National brand,Apparel & Accessories,National brand,PR5274,0.0817,36.0,-5.35,-192.6,387.26,-579.86,-1.4973,Bought its own volume
20062,2026-06-01,133.86,4329.17,4415.62,5443.66,40.6669,Volume bracket,4,107.25,Laptop Sleeve - National brand,Apparel & Accessories,National brand,PR5275,0.0517,26.6,-0.6458,-17.18,225.61,-242.79,-1.0761,Bought its own volume
20063,2024-03-01,966.27,67042.05,53707.899999999994,88475.92,91.56440000000002,Marketplace deal event,6,655.6300000000001,Camping Tent - Premium brand,Sporting Goods,Premium brand,PR5276,0.1375,310.6,13.7996,4286.16,8256.43,-3970.27,-0.4809,Bought its own volume
20063,2024-04-01,1358.5,88320.91,81729.26,124390.23999999999,91.5644,Marketplace deal event,5,655.6300000000001,Camping Tent - Premium brand,Sporting Goods,Premium brand,PR5277,0.1497,702.9,4.8522,3410.61,8988.32,-5577.71,-0.6206,Bought its own volume
20063,2024-10-01,619.08,41545.340000000004,40277.72,51273.5,82.8221,Volume bracket,6,655.6300000000001,Camping Tent - Premium brand,Sporting Goods,Premium brand,PR5278,0.0504,-36.6,2.0476,-74.94,2735.57,-2810.51,-1.0274,Bought its own volume
20063,2024-11-01,1044.78,66615.65,67530.7,86530.86,82.8221,Volume bracket,8,655.6300000000001,Camping Tent - Premium brand,Sporting Goods,Premium brand,PR5279,0.0494,389.1,-0.8758,-340.77,2681.14,-3021.91,-1.1271,Bought its own volume
20063,2025-06-01,880.57,66091.64,58093.68000000001,80231.9,91.1136,Rebate accelerator,5,655.6300000000001,Camping Tent - Premium brand,Sporting Goods,Premium brand,PR5280,0.034,224.9,9.0827,2042.7,2029.03,13.67,0.0067,Paid for itself
20063,2025-07-01,1509.94,109148.0,99800.11,137576.07,91.1136,Rebate accelerator,8,655.6300000000001,Camping Tent - Premium brand,Sporting Goods,Premium brand,PR5281,0.0301,854.3,6.1909,5288.89,1795.39,3493.5,1.9458,Paid for itself
20063,2026-05-01,1747.3700000000001,123774.42,110366.69,167866.0,96.0678,Temporary price reduction,9,655.6300000000001,Camping Tent - Premium brand,Sporting Goods,Premium brand,PR5282,0.0874,1091.7,7.6731,8376.72,5503.1,2873.62,0.5222,Paid for itself
20063,2026-06-01,898.59,68375.49,54564.45,88419.28,98.3978,Temporary price reduction,6,655.6300000000001,Camping Tent - Premium brand,Sporting Goods,Premium brand,PR5283,0.0967,243.0,15.3697,3734.84,6238.18,-2503.34,-0.4013,Bought its own volume
20065,2024-05-01,3703.0499999999997,121153.69000000002,98311.89,164456.9,44.4112,Temporary price reduction,7,1645.25,Adjustable Dumbbells - Private label,Sporting Goods,Private label,PR5284,0.09,2057.8,6.1684,12693.33,6573.97,6119.36,0.9308,Paid for itself
20065,2025-04-01,3015.4,102310.75,86982.83,135143.89,44.8179,Temporary price reduction,7,1645.25,Adjustable Dumbbells - Private label,Sporting Goods,Private label,PR5285,0.0818,1370.2,5.0832,6965.0,6032.59,932.41,0.1546,Paid for itself
20065,2025-05-01,3445.46,116340.90000000001,100447.22,154418.28,44.8179,Temporary price reduction,8,1645.25,Adjustable Dumbbells - Private label,Sporting Goods,Private label,PR5286,0.0819,1800.2,4.6129,8304.14,6040.33,2263.81,0.3748,Paid for itself
20065,2025-12-01,2300.13,76724.62,67680.87,93925.12,40.8347,Volume bracket,8,1645.25,Adjustable Dumbbells - Private label,Sporting Goods,Private label,PR5287,0.0422,654.9,3.9318,2574.94,2832.34,-257.4,-0.0909,Bought its own volume
20065,2026-01-01,1630.05,54076.82,49951.74,66361.14,40.7111,Volume bracket,7,1645.25,Adjustable Dumbbells - Private label,Sporting Goods,Private label,PR5288,0.0516,-15.2,2.5306,-38.47,3457.16,-3495.63,-1.0111,Bought its own volume
20066,2024-08-01,12428.880000000001,131845.26,100087.28,168570.41,13.5628,Volume bracket,7,8298.494999999999,Laser Measure - National brand,Tools & Hardware,National brand,PR5289,0.0585,4130.4,2.5552,10554.0,6583.55,3970.45,0.6031,Paid for itself
20066,2025-05-01,15900.41,177733.83,108351.75,231885.22,14.5836,Temporary price reduction,7,8298.494999999999,Laser Measure - National brand,Tools & Hardware,National brand,PR5290,0.0779,7601.9,4.3635,33170.89,9430.53,23740.36,2.5174,Paid for itself
20066,2025-06-01,15776.87,176396.95,106593.25,230083.55,14.5836,Temporary price reduction,7,8298.494999999999,Laser Measure - National brand,Tools & Hardware,National brand,PR5291,0.0824,7478.4,4.4244,33087.43,9971.12,23116.31,2.3183,Paid for itself
20066,2025-12-01,20806.63,216362.71000000002,164497.22,311987.1,14.9946,Marketplace deal event,7,8298.494999999999,Laser Measure - National brand,Tools & Hardware,National brand,PR5292,0.151,12508.1,2.4927,31178.94,18789.81,12389.13,0.6594,Paid for itself
20067,2024-08-01,3739.0,23756.62,17685.1,33891.79,9.0644,Bundle offer,6,1777.8700000000001,Toner Cartridge - National brand,Office & Stationery,National brand,PR5293,0.1039,1961.1,1.6238,3184.43,1674.55,1509.88,0.9017,Paid for itself
20067,2024-09-01,4090.71,25917.08,19400.62,37079.81,9.0644,Bundle offer,8,1777.8700000000001,Toner Cartridge - National brand,Office & Stationery,National brand,PR5294,0.095,2312.8,1.593,3684.29,1531.28,2153.01,1.406,Paid for itself
20067,2025-10-01,1916.71,15201.91,10780.93,20430.98,10.6594,Temporary price reduction,7,1777.8700000000001,Toner Cartridge - National brand,Office & Stationery,National brand,PR5295,0.0706,138.8,2.3065,320.14,1338.53,-1018.39,-0.7608,Bought its own volume
20067,2026-04-01,1954.74,15048.14,11742.310000000001,20603.35,10.5402,Temporary price reduction,8,1777.8700000000001,Toner Cartridge - National brand,Office & Stationery,National brand,PR5296,0.0861,176.9,1.6912,299.17,1612.77,-1313.6,-0.8145,Bought its own volume
20067,2026-05-01,2105.4,15881.48,13039.380000000001,22191.34,10.5402,Temporary price reduction,8,1777.8700000000001,Toner Cartridge - National brand,Office & Stationery,National brand,PR5297,0.0902,327.5,1.3499,442.09,1690.35,-1248.26,-0.7385,Bought its own volume
20068,2024-05-01,1216.01,20438.2,17044.45,26175.22,21.525500000000005,Temporary price reduction,3,1139.5700000000002,Safety Glasses - Value,Tools & Hardware,Value,PR5298,0.0895,76.4,2.7909,213.22,2195.91,-1982.69,-0.9029,Bought its own volume
20068,2024-06-01,1525.58,25969.559999999998,19916.61,32838.87,21.5255,Temporary price reduction,4,1139.5700000000002,Safety Glasses - Value,Tools & Hardware,Value,PR5299,0.0785,386.0,3.9676,1531.49,1926.33,-394.84,-0.205,Bought its own volume
20068,2024-12-01,668.66,9440.970000000001,7686.18,12263.5,18.3404,Volume bracket,4,1139.5700000000002,Safety Glasses - Value,Tools & Hardware,Value,PR5300,0.0522,-470.9,2.6243,-1235.78,1091.94,-2327.72,-2.1317,Bought its own volume
20068,2025-01-01,2021.54,29603.22,22503.379999999997,37075.86,18.3404,Volume bracket,5,1139.5700000000002,Safety Glasses - Value,Tools & Hardware,Value,PR5301,0.057,882.0,3.5121,3097.67,1191.49,1906.18,1.5998,Paid for itself
20068,2025-07-01,3520.2200000000003,46935.54,38101.45,60487.59,17.1829,Temporary price reduction,5,1139.5700000000002,Safety Glasses - Value,Tools & Hardware,Value,PR5302,0.0787,2380.6,2.5095,5974.12,1541.66,4432.46,2.8751,Paid for itself
20068,2025-08-01,1691.71,23064.91,18121.26,29068.489999999998,17.1829,Temporary price reduction,4,1139.5700000000002,Safety Glasses - Value,Tools & Hardware,Value,PR5303,0.0805,552.1,2.9223,1613.4,1575.97,37.43,0.0238,Paid for itself
20068,2026-03-01,810.79,12683.78,10422.05,15926.019999999999,19.6426,Volume bracket,3,1139.5700000000002,Safety Glasses - Value,Tools & Hardware,Value,PR5304,0.0478,-328.8,2.7895,-917.19,1070.32,-1987.51,-1.8569,Bought its own volume
20069,2024-02-01,106.62,1891.51,1566.4299999999998,2500.94,23.4565,Bundle offer,2,231.32,Cotton T-Shirt 5pk - National brand,Apparel & Accessories,National brand,PR5305,0.1058,-124.7,3.049,-380.21,573.9,-954.11,-1.6625,Bought its own volume
20069,2024-03-01,662.11,11961.92,9544.97,15530.78,23.4565,Bundle offer,5,231.32,Cotton T-Shirt 5pk - National brand,Apparel & Accessories,National brand,PR5306,0.098,430.8,3.6504,1572.59,531.59,1041.0,1.9583,Paid for itself
20069,2025-05-01,575.56,8064.700000000001,7808.05,10310.7,17.9142,Temporary price reduction,4,231.32,Cotton T-Shirt 5pk - National brand,Apparel & Accessories,National brand,PR5307,0.0821,344.2,0.4459,153.48,340.34,-186.86,-0.549,Bought its own volume
20069,2026-05-01,675.61,9727.68,9195.8,12442.23,18.4163,Temporary price reduction,4,231.32,Cotton T-Shirt 5pk - National brand,Apparel & Accessories,National brand,PR5308,0.0789,444.3,0.7873,349.8,336.24,13.56,0.0403,Paid for itself
20069,2026-06-01,464.13,6475.540000000001,6349.620000000001,8547.560000000001,18.4163,Temporary price reduction,2,231.32,Cotton T-Shirt 5pk - National brand,Apparel & Accessories,National brand,PR5309,0.1077,232.8,0.2713,63.16,459.0,-395.84,-0.8624,Bought its own volume
20070,2024-02-01,323.35,4289.2699999999995,4538.83,5889.14,18.2129,Bundle offer,6,323.7,Fastener Assortment - Value,Tools & Hardware,Value,PR5310,0.0873,-0.3,-0.7718,0.23,514.61,-514.38,-0.9996,Bought its own volume
20070,2025-02-01,360.89,3644.6899999999996,3433.4,5254.41,14.5596,Temporary price reduction,5,323.7,Fastener Assortment - Value,Tools & Hardware,Value,PR5311,0.0862,37.2,0.5855,21.78,406.4,-384.62,-0.9464,Bought its own volume
20070,2025-03-01,645.59,6650.31,6376.24,9399.52,14.5596,Temporary price reduction,7,323.7,Fastener Assortment - Value,Tools & Hardware,Value,PR5312,0.0821,321.9,0.4245,136.65,387.16,-250.51,-0.647,Bought its own volume
20070,2026-04-01,548.24,5647.1,6619.88,8154.580000000001,14.874100000000002,Bundle offer,5,323.7,Fastener Assortment - Value,Tools & Hardware,Value,PR5313,0.0909,224.5,-1.7744,-398.35,437.54,-835.89,-1.9104,Bought its own volume
20071,2024-06-01,2718.2,147465.57,128174.81,193713.88999999998,71.2655,Rebate accelerator,5,2493.73,Wireless Earbuds - Value,Consumer Electronics,Value,PR5314,0.0381,224.5,7.0969,1593.25,6765.99,-5172.74,-0.7645,Bought its own volume
20071,2025-08-01,2849.19,149227.1,145495.32,208739.06999999998,73.2626,Temporary price reduction,6,2493.73,Wireless Earbuds - Value,Consumer Electronics,Value,PR5315,0.0869,355.5,1.3098,465.63,15880.99,-15415.36,-0.9707,Bought its own volume
20071,2025-09-01,3302.57,173305.66,162665.77,241954.86,73.2626,Temporary price reduction,6,2493.73,Wireless Earbuds - Value,Consumer Electronics,Value,PR5316,0.0806,808.8,3.2217,2605.71,14722.44,-12116.73,-0.823,Bought its own volume
20072,2023-12-01,944.64,11270.95,9410.880000000001,14420.58,15.2657,Rebate accelerator,5,1420.38,Toner Cartridge - National brand,Office & Stationery,National brand,PR5317,0.04,-475.7,1.9691,-936.7,867.06,-1803.76,-2.0803,Bought its own volume
20072,2024-01-01,1661.1100000000001,20380.36,16278.06,25358.0,15.2657,Rebate accelerator,6,1420.38,Toner Cartridge - National brand,Office & Stationery,National brand,PR5318,0.0374,240.7,2.4696,594.43,809.95,-215.52,-0.2661,Bought its own volume
20072,2024-08-01,5232.62,53600.57,52243.51,79879.61,15.2657,Marketplace deal event,7,1420.38,Toner Cartridge - National brand,Office & Stationery,National brand,PR5319,0.1456,3812.2,0.2593,988.5,3156.86,-2168.36,-0.6869,Bought its own volume
20072,2024-09-01,3734.98,39056.22,37491.36,57017.08,15.2657,Marketplace deal event,7,1420.38,Toner Cartridge - National brand,Office & Stationery,National brand,PR5320,0.1572,2314.6,0.419,969.82,3409.4,-2439.58,-0.7155,Bought its own volume
20072,2025-06-01,1782.99,21013.87,19109.2,27218.6,15.2657,Rebate accelerator,7,1420.38,Toner Cartridge - National brand,Office & Stationery,National brand,PR5321,0.041,362.6,1.0682,387.33,888.31,-500.98,-0.564,Bought its own volume
20072,2025-07-01,984.69,12592.16,10513.44,15031.970000000001,15.2657,Rebate accelerator,6,1420.38,Toner Cartridge - National brand,Office & Stationery,National brand,PR5322,0.0344,-435.7,2.111,-919.76,746.34,-1666.1,-2.2324,Bought its own volume
20072,2026-03-01,1508.81,17012.95,14977.05,23033.04,15.2657,Temporary price reduction,5,1420.38,Toner Cartridge - National brand,Office & Stationery,National brand,PR5323,0.0891,88.4,1.3493,119.28,1932.28,-1813.0,-0.9383,Bought its own volume
20073,2024-06-01,2926.29,44087.06,45008.97,63233.020000000004,21.6086,Temporary price reduction,5,2375.84,Gel Pens - Value,Office & Stationery,Value,PR5324,0.079,550.4,-0.315,-173.38,4053.85,-4227.23,-1.0428,Bought its own volume
20073,2024-07-01,3467.0,52473.08,56004.89,74917.02,21.6086,Temporary price reduction,4,2375.84,Gel Pens - Value,Office & Stationery,Value,PR5325,0.0861,1091.2,-1.0187,-1111.61,4418.35,-5529.96,-1.2516,Bought its own volume
20073,2025-06-01,2263.75,33983.12,39585.520000000004,48916.48,21.6086,Temporary price reduction,4,2375.84,Gel Pens - Value,Office & Stationery,Value,PR5326,0.0757,-112.1,-2.4748,277.43,3888.77,-3611.34,-0.9287,Bought its own volume
20073,2025-07-01,2684.13,39949.29,47998.95,58000.29,21.6086,Temporary price reduction,4,2375.84,Gel Pens - Value,Office & Stationery,Value,PR5327,0.0814,308.3,-2.999,-924.59,4178.57,-5103.16,-1.2213,Bought its own volume
20073,2026-05-01,795.31,13638.75,15244.1,17185.54,21.6086,Volume bracket,4,2375.84,Gel Pens - Value,Office & Stationery,Value,PR5328,0.048,-1580.5,-2.0185,3190.24,2463.21,727.03,0.2952,Paid for itself
20073,2026-06-01,1334.61,29200.76,26494.27,40466.57,30.3209,Volume bracket,4,2375.84,Gel Pens - Value,Office & Stationery,Value,PR5329,0.0546,-1041.2,2.0279,-2111.45,3935.4,-6046.85,-1.5365,Bought its own volume
20075,2024-05-01,1766.66,31476.920000000002,19144.23,37348.97,21.141,Rebate accelerator,7,1221.4099999999999,Sunscreen SPF50 - Private label,Health & Beauty,Private label,PR5330,0.0331,545.3,6.9808,3806.63,853.73,2952.9,3.4588,Paid for itself
20075,2024-06-01,1478.73,26125.96,16007.1,31261.84,21.141,Rebate accelerator,5,1221.4099999999999,Sunscreen SPF50 - Private label,Health & Beauty,Private label,PR5331,0.0353,257.3,6.8429,1760.68,912.05,848.63,0.9305,Paid for itself
20075,2025-03-01,1515.5500000000002,26040.489999999998,17635.559999999998,31348.550000000003,20.6846,Rebate accelerator,5,1221.4099999999999,Sunscreen SPF50 - Private label,Health & Beauty,Private label,PR5332,0.0341,294.1,5.5458,1631.02,862.68,768.34,0.8906,Paid for itself
20075,2025-04-01,1309.49,22459.56,15011.34,27086.28,20.6846,Rebate accelerator,5,1221.4099999999999,Sunscreen SPF50 - Private label,Health & Beauty,Private label,PR5333,0.0414,88.1,5.6879,501.1,1046.55,-545.45,-0.5212,Bought its own volume
20075,2026-05-01,2063.76,31907.8,24200.25,40962.340000000004,19.8484,Temporary price reduction,7,1221.4099999999999,Sunscreen SPF50 - Private label,Health & Beauty,Private label,PR5334,0.0878,842.4,3.7347,3146.11,2129.32,1016.79,0.4775,Paid for itself
20075,2026-06-01,1332.74,20703.91,15661.82,26452.75,19.8484,Temporary price reduction,5,1221.4099999999999,Sunscreen SPF50 - Private label,Health & Beauty,Private label,PR5335,0.0945,111.3,3.7833,421.08,2291.73,-1870.65,-0.8163,Bought its own volume
20076,2024-05-01,851.45,15048.03,11617.44,19739.5,23.1834,Temporary price reduction,9,802.485,LED Floor Lamp - Private label,Home & Kitchen,Private label,PR5336,0.0782,49.0,4.0291,197.43,1455.07,-1257.64,-0.8643,Bought its own volume
20076,2024-12-01,1506.92,26892.66,19284.05,34935.53,23.1834,Volume bracket,10,802.485,LED Floor Lamp - Private label,Home & Kitchen,Private label,PR5337,0.0556,704.4,5.0491,3556.59,1033.73,2522.86,2.4405,Paid for itself
20076,2025-09-01,1008.05,17328.47,11249.929999999998,23370.02,23.1834,Temporary price reduction,9,802.485,LED Floor Lamp - Private label,Home & Kitchen,Private label,PR5338,0.0854,205.6,6.03,1239.77,1588.13,-348.36,-0.2194,Bought its own volume
20076,2025-10-01,683.51,12099.92,7410.2,15846.09,23.183399999999995,Temporary price reduction,6,802.485,LED Floor Lamp - Private label,Home & Kitchen,Private label,PR5339,0.084,-119.0,6.8612,-816.48,1563.29,-2379.77,-1.5223,Bought its own volume
20077,2024-05-01,1899.9,295078.08,162545.74,344269.1,181.2038,Rebate accelerator,6,1751.8700000000001,Wireless Earbuds - Premium brand,Consumer Electronics,Premium brand,PR5340,0.0363,148.0,69.7575,10324.11,11531.42,-1207.31,-0.1047,Bought its own volume
20077,2025-06-01,2146.56,291011.82,188795.96000000002,349859.65,162.9862,Temporary price reduction,6,1751.8700000000001,Wireless Earbuds - Premium brand,Consumer Electronics,Premium brand,PR5341,0.0934,394.7,47.6184,18794.98,26673.68,-7878.7,-0.2954,Bought its own volume
20077,2025-12-01,3693.1499999999996,484646.55999999994,311295.24,579160.15,156.8201,Temporary price reduction,6,1751.8700000000001,Wireless Earbuds - Premium brand,Consumer Electronics,Premium brand,PR5342,0.0818,1941.3,46.9386,91121.9,22480.84,68641.06,3.0533,Paid for itself
20078,2024-02-01,667.9599999999999,14649.63,12512.56,17477.24,26.1651,Rebate accelerator,7,552.0699999999999,27in Monitor - Value,Consumer Electronics,Value,PR5343,0.0351,115.9,3.1994,370.81,506.39,-135.58,-0.2677,Bought its own volume
20078,2025-02-01,592.3100000000001,12346.31,11648.72,14739.63,24.885,Rebate accelerator,7,552.0699999999999,27in Monitor - Value,Consumer Electronics,Value,PR5344,0.0361,40.2,1.1777,47.34,495.76,-448.42,-0.9045,Bought its own volume
20078,2026-04-01,1104.14,16652.55,16199.84,23619.879999999997,21.3921,Marketplace deal event,5,552.0699999999999,27in Monitor - Value,Consumer Electronics,Value,PR5345,0.1376,552.1,0.41,226.36,1625.56,-1399.2,-0.8607,Bought its own volume
20079,2024-08-01,1436.17,11751.21,12606.41,17149.149999999998,11.9409,Marketplace deal event,5,463.53999999999996,Cotton T-Shirt 5pk - Value,Apparel & Accessories,Value,PR5346,0.1441,972.6,-0.5955,-579.18,797.62,-1376.8,-1.7261,Bought its own volume
20079,2025-09-01,469.42,4046.26,4354.43,5476.73,11.667,Volume bracket,3,463.53999999999996,Cotton T-Shirt 5pk - Value,Apparel & Accessories,Value,PR5347,0.0494,5.9,-0.6565,-3.87,267.42,-271.29,-1.0145,Bought its own volume
20079,2026-06-01,618.8199999999999,5827.52,4852.48,7554.99,12.2087,Volume bracket,5,463.53999999999996,Cotton T-Shirt 5pk - Value,Apparel & Accessories,Value,PR5348,0.0533,155.3,1.5756,244.69,301.74,-57.05,-0.1891,Bought its own volume
20080,2024-06-01,338.65,7952.68,6222.7,9788.07,28.9032,Temporary price reduction,4,219.32,Work Gloves - National brand,Tools & Hardware,National brand,PR5349,0.0889,119.3,5.1085,609.44,563.58,45.86,0.0814,Paid for itself
20080,2024-07-01,291.22,6820.9800000000005,5283.0199999999995,8417.19,28.9032,Temporary price reduction,4,219.32,Work Gloves - National brand,Tools & Hardware,National brand,PR5350,0.0794,71.9,5.2811,379.71,503.4,-123.69,-0.2457,Bought its own volume
20080,2025-01-01,458.81,8752.18,6648.1,11677.78,25.4523,Marketplace deal event,4,219.32,Work Gloves - National brand,Tools & Hardware,National brand,PR5351,0.1397,239.5,4.586,1098.35,779.76,318.59,0.4086,Paid for itself
20080,2025-10-01,379.43,7768.5,5494.6,9650.45,25.4341,Bundle offer,5,219.32,Work Gloves - National brand,Tools & Hardware,National brand,PR5352,0.0847,160.1,5.9929,959.46,472.27,487.19,1.0316,Paid for itself
20080,2025-11-01,367.33,7403.2,5242.27,9342.71,25.4341,Bundle offer,5,219.32,Work Gloves - National brand,Tools & Hardware,National brand,PR5353,0.0972,148.0,5.8828,870.65,542.15,328.5,0.6059,Paid for itself
20081,2024-07-01,683.56,35076.25,24579.25,43723.29,63.9641,Temporary price reduction,11,1217.12,Vacuum Sealer - Premium brand,Home & Kitchen,Premium brand,PR5354,0.0787,-533.6,15.3564,-8194.18,6124.87,-14319.05,-2.3379,Bought its own volume
20081,2025-07-01,1287.3,65248.92,49987.659999999996,79050.01,61.4076,Rebate accelerator,10,1217.12,Vacuum Sealer - Premium brand,Home & Kitchen,Premium brand,PR5355,0.0327,70.2,11.8552,832.24,2443.64,-1611.4,-0.6594,Bought its own volume
20081,2025-08-01,587.73,31058.48,22494.09,36091.09,61.4076,Rebate accelerator,7,1217.12,Vacuum Sealer - Premium brand,Home & Kitchen,Premium brand,PR5356,0.0316,-629.4,14.572,-9171.62,2359.21,-11530.83,-4.8876,Bought its own volume
20081,2026-05-01,1319.0900000000001,75604.15,45753.82,95203.45999999999,72.1736,Volume bracket,11,1217.12,Vacuum Sealer - Premium brand,Home & Kitchen,Premium brand,PR5357,0.0487,102.0,22.6295,2308.21,4278.67,-1970.46,-0.4605,Bought its own volume
20081,2026-06-01,1470.98,83861.4,50472.259999999995,106165.92,72.1736,Volume bracket,11,1217.12,Vacuum Sealer - Premium brand,Home & Kitchen,Premium brand,PR5358,0.0546,253.9,22.6986,5763.17,4799.78,963.39,0.2007,Paid for itself
20082,2024-07-01,5100.53,154201.61000000002,90262.55,191630.49,37.5707,Rebate accelerator,7,3322.71,Smart Plug - Private label,Consumer Electronics,Private label,PR5359,0.0353,1777.8,12.5358,22286.15,4401.21,17884.94,4.0636,Paid for itself
20082,2025-04-01,3620.7299999999996,110053.05,67363.68,139219.6,38.4507,Volume bracket,5,3322.71,Smart Plug - Private label,Consumer Electronics,Private label,PR5360,0.0556,298.0,11.7903,3513.51,7102.23,-3588.72,-0.5053,Bought its own volume
20082,2025-05-01,3951.25,123662.83,73435.17,156624.38999999998,39.6392,Volume bracket,7,3322.71,Smart Plug - Private label,Consumer Electronics,Private label,PR5361,0.0561,628.5,12.7118,7989.37,7384.58,604.79,0.0819,Paid for itself
20082,2026-04-01,5448.02,151410.69,79417.43,195705.96,35.9224,Bundle offer,6,3322.71,Smart Plug - Private label,Consumer Electronics,Private label,PR5362,0.0864,2125.3,13.2146,28084.99,10308.87,17776.12,1.7244,Paid for itself
20082,2026-05-01,8449.2,212837.68,123024.58,281131.92,33.2732,Bundle offer,7,3322.71,Smart Plug - Private label,Consumer Electronics,Private label,PR5363,0.0871,5126.5,10.6298,54493.67,9632.25,44861.42,4.6574,Paid for itself
20083,2024-05-01,1753.36,67762.48999999999,50975.08,91085.83,51.9493,Marketplace deal event,6,922.89,Smart Plug - Private label,Consumer Electronics,Private label,PR5364,0.1269,830.5,9.5744,7951.54,6084.61,1866.93,0.3068,Paid for itself
20083,2024-06-01,2018.77,80182.25,56432.09,104873.69,51.9493,Marketplace deal event,7,922.89,Smart Plug - Private label,Consumer Electronics,Private label,PR5365,0.144,1095.9,11.7647,12892.93,6905.75,5987.18,0.867,Paid for itself
20083,2025-08-01,1338.6599999999999,60662.899999999994,49520.24,70983.12,53.0255,Volume bracket,8,922.89,Smart Plug - Private label,Consumer Electronics,Private label,PR5366,0.0496,415.8,8.3237,3460.99,2426.23,1034.76,0.4265,Paid for itself
20083,2026-04-01,2061.55,83274.22,54838.26,98619.81,47.8377,Rebate accelerator,8,922.89,Smart Plug - Private label,Consumer Electronics,Private label,PR5367,0.0373,1138.7,13.7935,15706.66,1648.48,14058.18,8.528,Paid for itself
20083,2026-05-01,1421.58,55347.880000000005,38892.009999999995,66772.75,46.9708,Rebate accelerator,6,922.89,Smart Plug - Private label,Consumer Electronics,Private label,PR5368,0.0379,498.7,11.5758,5772.85,1642.1,4130.75,2.5155,Paid for itself
20084,2023-12-01,19226.879999999997,313633.16000000003,344678.36000000004,443450.68000000005,23.0641,Temporary price reduction,5,13999.16,Webcam - Value,Consumer Electronics,Value,PR5369,0.0834,5227.7,-1.6147,-8441.17,26929.9,-35371.07,-1.3134,Bought its own volume
20084,2024-08-01,12172.199999999999,207749.78,173066.77,283639.05,23.3022,Volume bracket,6,13999.16,Webcam - Value,Consumer Electronics,Value,PR5370,0.0498,-1827.0,2.8494,-5205.85,16257.22,-21463.07,-1.3202,Bought its own volume
20084,2024-09-01,14777.03,247935.66999999998,205474.59,344337.31,23.3022,Volume bracket,7,13999.16,Webcam - Value,Consumer Electronics,Value,PR5371,0.0502,777.9,2.8735,2235.3,16369.22,-14133.92,-0.8634,Bought its own volume
20084,2025-11-01,31157.72,487434.11,332798.73,659119.76,21.1543,Rebate accelerator,6,13999.16,Webcam - Value,Consumer Electronics,Value,PR5372,0.0324,17158.6,4.963,85158.13,9585.92,75572.21,7.8837,Paid for itself
20085,2024-01-01,1508.77,59496.619999999995,51403.79,90411.08,59.9237,Marketplace deal event,5,781.245,Power Bank - Value,Consumer Electronics,Value,PR5373,0.149,727.5,5.3639,3902.24,6975.22,-3072.98,-0.4406,Bought its own volume
20085,2024-02-01,1551.22,68791.59,50777.630000000005,92954.84,59.9237,Marketplace deal event,7,781.245,Power Bank - Value,Consumer Electronics,Value,PR5374,0.1248,770.0,11.6128,8941.86,5842.55,3099.31,0.5305,Paid for itself
20085,2024-11-01,1414.26,65357.95,41505.990000000005,81096.5,57.342,Rebate accelerator,5,781.245,Power Bank - Value,Consumer Electronics,Value,PR5375,0.0349,633.0,16.8653,10675.73,1563.54,9112.19,5.8279,Paid for itself
20085,2024-12-01,1796.99,85148.86,56220.43,103606.19,57.6554,Rebate accelerator,9,781.245,Power Bank - Value,Consumer Electronics,Value,PR5376,0.0392,1015.7,16.0983,16351.04,1763.63,14587.41,8.2712,Paid for itself
20085,2025-11-01,3511.64,133727.63999999998,102506.17,190226.6,54.1703,Marketplace deal event,5,781.245,Power Bank - Value,Consumer Electronics,Value,PR5377,0.1324,2730.4,8.8909,24275.71,5604.12,18671.59,3.3318,Paid for itself
20085,2025-12-01,3192.05,129271.01,89601.16,173568.35,54.3752,Marketplace deal event,9,781.245,Power Bank - Value,Consumer Electronics,Value,PR5378,0.1286,2410.8,12.4277,29960.7,5461.14,24499.56,4.4862,Paid for itself
20086,2024-04-01,3029.94,107505.29,74079.92,134771.13,44.4798,Rebate accelerator,9,2653.7200000000003,Vacuum Sealer - Private label,Home & Kitchen,Private label,PR5379,0.0335,376.2,11.0317,4150.13,3953.9,196.23,0.0496,Paid for itself
20086,2025-03-01,3689.28,142274.49,76518.98,181070.96,49.0803,Rebate accelerator,8,2653.7200000000003,Vacuum Sealer - Private label,Home & Kitchen,Private label,PR5380,0.0298,1035.6,17.8234,18457.91,3885.58,14572.33,3.7504,Paid for itself
20086,2025-10-01,4956.2300000000005,158388.06,96031.92,221680.78,44.7277,Marketplace deal event,8,2653.7200000000003,Vacuum Sealer - Private label,Home & Kitchen,Private label,PR5381,0.1268,2302.5,12.5814,28968.67,15046.26,13922.41,0.9253,Paid for itself
20087,2026-05-01,128.3,3419.5699999999997,3037.38,4858.55,37.8687,Marketplace deal event,8,120.0,Laptop Sleeve - Value,Apparel & Accessories,Value,PR5382,0.1443,8.3,2.9789,24.72,655.83,-631.11,-0.9623,Bought its own volume
20088,2024-08-01,2211.23,33212.82,25018.53,39896.55,18.0427,Rebate accelerator,6,2860.62,Hair Dryer - Premium brand,Health & Beauty,Premium brand,PR5383,0.0417,-649.4,3.7058,-2406.55,2149.85,-4556.4,-2.1194,Bought its own volume
20088,2024-09-01,3685.1499999999996,55274.600000000006,41731.74,66655.52,18.0876,Rebate accelerator,9,2860.62,Hair Dryer - Premium brand,Health & Beauty,Premium brand,PR5384,0.0315,824.5,3.675,3030.04,1631.82,1398.22,0.8568,Paid for itself
20088,2025-11-01,5016.849999999999,65219.259999999995,50688.25,81428.99,16.2311,Volume bracket,8,2860.62,Hair Dryer - Premium brand,Health & Beauty,Premium brand,PR5385,0.046,2156.2,2.8964,6245.22,2136.1,4109.12,1.9237,Paid for itself
20089,2024-05-01,2916.33,163838.16999999998,135903.6,200014.74,68.5844,Volume bracket,7,2337.13,Bluetooth Speaker - National brand,Consumer Electronics,National brand,PR5386,0.0462,579.2,9.5787,5547.98,7411.71,-1863.73,-0.2515,Bought its own volume
20089,2024-06-01,3065.49,166840.93,142048.37,210244.78,68.5844,Volume bracket,7,2337.13,Bluetooth Speaker - National brand,Consumer Electronics,National brand,PR5387,0.0566,728.4,8.0876,5891.01,9077.35,-3186.34,-0.351,Bought its own volume
20089,2025-05-01,2302.85,139356.43,120141.3,167902.63,72.9108,Rebate accelerator,7,2337.13,Bluetooth Speaker - National brand,Consumer Electronics,National brand,PR5388,0.0354,-34.3,8.3441,-286.2,6027.69,-6313.89,-1.0475,Bought its own volume
20089,2026-01-01,2207.09,120729.44,99794.45,149377.84,67.6809,Volume bracket,6,2337.13,Bluetooth Speaker - National brand,Consumer Electronics,National brand,PR5389,0.0533,-130.0,9.4853,-1233.09,8426.91,-9660.0,-1.1463,Bought its own volume
20089,2026-02-01,2317.88,114038.75,97646.72,144189.51,62.2075,Volume bracket,6,2337.13,Bluetooth Speaker - National brand,Consumer Electronics,National brand,PR5390,0.0548,-19.2,7.072,-135.78,7971.95,-8107.73,-1.017,Bought its own volume
20090,2024-03-01,6165.950000000001,132957.32,131782.39,196981.13999999998,31.9466,Marketplace deal event,4,2451.195,Yoga Mat - Private label,Sporting Goods,Private label,PR5391,0.1463,3714.8,0.1906,708.04,11456.4,-10748.36,-0.9382,Bought its own volume
20090,2024-04-01,6932.41,150725.63999999998,159056.53,221466.92,31.9466,Marketplace deal event,5,2451.195,Yoga Mat - Private label,Sporting Goods,Private label,PR5392,0.1445,4481.2,-1.2017,-5385.06,11318.29,-16703.35,-1.4758,Bought its own volume
20090,2025-06-01,3596.3199999999997,90263.72,87350.66,114890.2,31.9466,Volume bracket,4,2451.195,Yoga Mat - Private label,Sporting Goods,Private label,PR5393,0.0485,1145.1,0.81,927.53,3795.74,-2868.21,-0.7556,Bought its own volume
20090,2026-05-01,3723.88,89588.26000000001,105669.94,118965.3,31.9466,Temporary price reduction,5,2451.195,Yoga Mat - Private label,Sporting Goods,Private label,PR5394,0.0905,1272.7,-4.3185,-5496.15,7088.32,-12584.47,-1.7754,Bought its own volume
20091,2024-04-01,4691.46,86291.06,59599.840000000004,113181.48,24.125,Temporary price reduction,8,2959.9750000000004,Electric Toothbrush - Premium brand,Health & Beauty,Premium brand,PR5395,0.0841,1731.5,5.6893,9851.02,6009.05,3841.97,0.6394,Paid for itself
20091,2024-05-01,4178.55,76162.42,51542.409999999996,100807.52,24.125,Temporary price reduction,6,2959.9750000000004,Electric Toothbrush - Premium brand,Health & Beauty,Premium brand,PR5396,0.0785,1218.6,5.892,7179.99,5603.92,1576.07,0.2812,Paid for itself
20091,2025-07-01,2573.55,61956.25,28563.309999999998,76424.91,29.696299999999997,Volume bracket,6,2959.9750000000004,Electric Toothbrush - Premium brand,Health & Beauty,Premium brand,PR5397,0.0438,-386.4,12.9754,-5013.69,3851.42,-8865.11,-2.3018,Bought its own volume
20091,2025-08-01,3157.7,73787.13,34346.630000000005,93772.01000000001,29.6963,Volume bracket,8,2959.9750000000004,Electric Toothbrush - Premium brand,Health & Beauty,Premium brand,PR5398,0.0555,197.7,12.4903,2469.33,4881.22,-2411.89,-0.4941,Bought its own volume
20092,2026-05-01,441.55,12814.69,11088.82,16581.98,37.554,Temporary price reduction,9,304.69,Laptop Sleeve - National brand,Apparel & Accessories,National brand,PR5399,0.08,136.9,3.9087,535.1,914.82,-379.72,-0.4151,Bought its own volume
20093,2024-01-01,793.47,29874.46,21595.08,38702.78,48.7766,Volume bracket,11,683.5050000000001,Vacuum Sealer - Private label,Home & Kitchen,Private label,PR5400,0.0497,110.0,10.4344,1147.78,1656.8,-509.02,-0.3072,Bought its own volume
20093,2024-11-01,2496.56,96064.76000000001,72713.06,139996.61,56.0758,Marketplace deal event,14,683.5050000000001,Vacuum Sealer - Private label,Home & Kitchen,Private label,PR5401,0.145,1813.1,9.3536,16959.01,5556.95,11402.06,2.0519,Paid for itself
20093,2024-12-01,1984.3700000000001,78433.23,54919.04,111275.14,56.0758,Marketplace deal event,13,683.5050000000001,Vacuum Sealer - Private label,Home & Kitchen,Private label,PR5402,0.1357,1300.9,11.8497,15415.27,5203.03,10212.24,1.9627,Paid for itself
20093,2025-07-01,501.65999999999997,21345.32,14336.83,27725.07,55.2667,Volume bracket,13,683.5050000000001,Vacuum Sealer - Private label,Home & Kitchen,Private label,PR5403,0.0487,-181.8,13.9706,-2539.86,1838.56,-4378.42,-2.3814,Bought its own volume
20094,2024-01-01,14537.5,203709.21,128786.26000000001,258995.75,17.8157,Volume bracket,6,7617.475,Body Wash - Premium brand,Health & Beauty,Premium brand,PR5404,0.0482,6920.0,5.1538,35664.3,6546.33,29117.97,4.448,Paid for itself
20094,2025-02-01,5330.91,78750.15,46429.020000000004,102634.94,19.2528,Temporary price reduction,5,7617.475,Body Wash - Premium brand,Health & Beauty,Premium brand,PR5405,0.074,-2286.6,6.063,-13863.66,10847.59,-24711.25,-2.278,Bought its own volume
20094,2026-02-01,11519.619999999999,162053.3,95504.56,205592.96,17.8472,Rebate accelerator,7,7617.475,Body Wash - Premium brand,Health & Beauty,Premium brand,PR5406,0.0361,3902.1,5.777,22542.43,4909.24,17633.19,3.5918,Paid for itself
20094,2026-03-01,11070.36,158265.53,91421.25,194097.73,17.5331,Rebate accelerator,7,7617.475,Body Wash - Premium brand,Health & Beauty,Premium brand,PR5407,0.0294,3452.9,6.0381,20848.96,3931.81,16917.15,4.3026,Paid for itself
20095,2024-05-01,811.8299999999999,10238.380000000001,6941.86,13438.96,16.5539,Rebate accelerator,9,914.53,Gel Pens - Private label,Office & Stationery,Private label,PR5408,0.0326,-102.7,4.0606,-417.02,493.98,-911.0,-1.8442,Bought its own volume
20095,2024-06-01,1213.36,15391.970000000001,10605.84,20085.83,16.5539,Rebate accelerator,10,914.53,Gel Pens - Private label,Office & Stationery,Private label,PR5409,0.0347,298.8,3.9445,1178.62,525.69,652.93,1.242,Paid for itself
20095,2024-12-01,1652.31,19184.22,15452.08,27352.17,16.5539,Bundle offer,11,914.53,Gel Pens - Private label,Office & Stationery,Private label,PR5410,0.0907,737.8,2.2587,1666.47,1373.48,292.99,0.2133,Paid for itself
20095,2025-06-01,1472.95,17281.37,15420.34,24383.06,16.5539,Temporary price reduction,11,914.53,Gel Pens - Private label,Office & Stationery,Private label,PR5411,0.0771,558.4,1.2635,705.54,1166.82,-461.28,-0.3953,Bought its own volume
20095,2026-06-01,1392.26,17407.7,17395.73,23047.34,16.5539,Volume bracket,11,914.53,Gel Pens - Private label,Office & Stationery,Private label,PR5412,0.0486,477.7,0.0086,4.11,735.36,-731.25,-0.9944,Bought its own volume
20096,2024-06-01,1223.68,8119.92,6803.53,11623.97,9.4992,Temporary price reduction,5,1039.645,Electric Toothbrush - Private label,Health & Beauty,Private label,PR5413,0.0719,184.0,1.0758,197.95,710.1,-512.15,-0.7212,Bought its own volume
20096,2025-08-01,998.43,6598.55,5847.8,9366.77,9.3815,Temporary price reduction,4,1039.645,Electric Toothbrush - Private label,Health & Beauty,Private label,PR5414,0.0799,-41.2,0.7519,-30.98,779.24,-810.22,-1.0398,Bought its own volume
20097,2024-05-01,1517.12,88183.78,53444.8,101654.03,67.0046,Rebate accelerator,7,1303.01,Wireless Earbuds - Private label,Consumer Electronics,Private label,PR5415,0.0362,214.1,22.898,4902.46,3157.99,1744.47,0.5524,Paid for itself
20097,2024-06-01,1528.91,88356.96,51921.479999999996,102443.99,67.0046,Rebate accelerator,7,1303.01,Wireless Earbuds - Private label,Consumer Electronics,Private label,PR5416,0.0379,225.9,23.831,5383.42,3308.44,2074.98,0.6272,Paid for itself
20097,2024-12-01,2877.05,155393.13999999998,105517.82,192775.59,67.0046,Bundle offer,7,1303.01,Wireless Earbuds - Private label,Consumer Electronics,Private label,PR5417,0.0868,1574.0,17.3356,27286.23,7577.64,19708.59,2.6009,Paid for itself
20097,2025-01-01,2119.5299999999997,107947.04999999999,77077.34,142018.26,67.0046,Bundle offer,7,1303.01,Wireless Earbuds - Private label,Consumer Electronics,Private label,PR5418,0.0795,816.5,14.5644,11891.83,6938.73,4953.1,0.7138,Paid for itself
20097,2025-10-01,1726.32,94087.41,60099.93,115671.38,67.0046,Temporary price reduction,6,1303.01,Wireless Earbuds - Private label,Consumer Electronics,Private label,PR5419,0.0917,423.3,19.6878,8333.85,8009.36,324.49,0.0405,Paid for itself
20097,2026-04-01,1663.56,96458.81999999999,46677.67,111466.16,67.0046,Rebate accelerator,8,1303.01,Wireless Earbuds - Private label,Consumer Electronics,Private label,PR5420,0.0349,360.5,29.9245,10787.78,3050.26,7737.52,2.5367,Paid for itself
20097,2026-05-01,1408.07,82560.14,40931.619999999995,94347.16,67.0046,Rebate accelerator,6,1303.01,Wireless Earbuds - Private label,Consumer Electronics,Private label,PR5421,0.0254,105.1,29.5642,3107.2,2215.1,892.1,0.4027,Paid for itself
20098,2023-12-01,166.26,2360.05,2214.7799999999997,3129.63,18.8237,Temporary price reduction,3,400.24,Electric Toothbrush - National brand,Health & Beauty,National brand,PR5422,0.092,-234.0,0.8738,-204.47,692.94,-897.41,-1.2951,Bought its own volume
20098,2024-08-01,139.62,2005.3300000000002,1729.75,2539.8999999999996,18.1915,Rebate accelerator,3,400.24,Electric Toothbrush - National brand,Health & Beauty,National brand,PR5423,0.0325,-260.6,1.9738,-514.37,236.41,-750.78,-3.1758,Bought its own volume
20098,2025-03-01,680.29,11840.329999999998,8980.789999999999,14610.849999999999,21.4774,Rebate accelerator,6,400.24,Electric Toothbrush - National brand,Health & Beauty,National brand,PR5424,0.0319,280.0,4.2034,1176.95,274.53,902.42,3.2871,Paid for itself
20098,2025-09-01,593.62,10051.37,7559.99,12823.2,21.6017,Volume bracket,7,400.24,Electric Toothbrush - National brand,Health & Beauty,National brand,PR5425,0.0485,193.4,4.1969,811.68,419.59,392.09,0.9345,Paid for itself
20100,2024-03-01,4599.01,77398.95999999999,76843.94,105843.0,23.014300000000002,Volume bracket,6,2173.9399999999996,HDMI Cable - Value,Consumer Electronics,Value,PR5426,0.0521,2425.1,0.1207,292.71,2605.61,-2312.9,-0.8877,Bought its own volume
20100,2025-03-01,10051.55,153587.63,164790.14,228594.35,22.7422,Marketplace deal event,6,2173.9399999999996,HDMI Cable - Value,Consumer Electronics,Value,PR5427,0.1348,7877.6,-1.1145,-8779.59,6667.0,-15446.59,-2.3169,Bought its own volume
20100,2025-04-01,2417.4300000000003,37404.94,38988.79,54977.67,22.7422,Marketplace deal event,3,2173.9399999999996,HDMI Cable - Value,Consumer Electronics,Value,PR5428,0.1356,243.5,-0.6552,-159.54,6705.45,-6864.99,-1.0238,Bought its own volume
20100,2025-10-01,245.26,4983.02,4115.73,5614.17,22.8907,Temporary price reduction,1,2173.9399999999996,HDMI Cable - Value,Consumer Electronics,Value,PR5429,0.0698,-1928.7,3.5362,-6820.27,3471.35,-10291.62,-2.9647,Bought its own volume
20100,2025-11-01,6683.04,112370.22,105110.86,152979.46,22.8907,Temporary price reduction,5,2173.9399999999996,HDMI Cable - Value,Consumer Electronics,Value,PR5430,0.0848,4509.1,1.0862,4897.78,4220.23,677.55,0.1605,Paid for itself
20101,2026-06-01,2936.4500000000003,28990.81,24134.99,42059.94,14.3234,Bundle offer,8,2393.32,Multivitamin - Premium brand,Health & Beauty,Premium brand,PR5431,0.0945,543.1,1.6536,898.07,3240.02,-2341.95,-0.7228,Bought its own volume
20102,2024-08-01,2298.02,102558.42,83755.25,140349.26,61.074,Bundle offer,8,1574.1750000000002,Blender - National brand,Home & Kitchen,National brand,PR5432,0.0841,723.8,8.1823,5922.35,8084.88,-2162.53,-0.2675,Bought its own volume
20102,2025-05-01,1237.6999999999998,64785.340000000004,51336.08,80622.31,65.1388,Volume bracket,6,1574.1750000000002,Blender - National brand,Home & Kitchen,National brand,PR5433,0.0456,-336.5,10.8663,-3656.51,4674.62,-8331.13,-1.7822,Bought its own volume
20102,2026-02-01,1777.21,78889.68000000001,61486.85,107464.87,60.4683,Temporary price reduction,8,1574.1750000000002,Blender - National brand,Home & Kitchen,National brand,PR5434,0.0908,203.0,9.7922,1987.82,8639.07,-6651.25,-0.7699,Bought its own volume
20102,2026-03-01,2508.08,111963.53,89482.01999999999,151659.32,60.4683,Temporary price reduction,7,1574.1750000000002,Blender - National brand,Home & Kitchen,National brand,PR5435,0.0837,933.9,8.9636,8371.11,7965.98,405.13,0.0509,Paid for itself
20103,2024-05-01,612.81,16848.190000000002,11522.73,21871.07,35.6898,Bundle offer,5,438.77,Safety Glasses - Private label,Tools & Hardware,Private label,PR5436,0.0903,174.0,8.6902,1512.09,1414.0,98.09,0.0694,Paid for itself
20103,2024-06-01,692.56,20346.76,12346.34,24717.32,35.6898,Bundle offer,4,438.77,Safety Glasses - Private label,Tools & Hardware,Private label,PR5437,0.0887,253.8,11.552,2931.9,1388.5,1543.4,1.1116,Paid for itself
20103,2025-07-01,755.65,18920.22,11529.93,23946.47,31.6899,Temporary price reduction,5,438.77,Safety Glasses - Private label,Tools & Hardware,Private label,PR5438,0.0787,316.9,9.78,3099.28,1093.77,2005.51,1.8336,Paid for itself
20104,2024-06-01,1000.7,11300.96,7474.93,13356.929999999998,13.3476,Rebate accelerator,5,1193.275,Laminator - National brand,Office & Stationery,National brand,PR5439,0.0339,-192.6,3.8234,-736.39,539.67,-1276.06,-2.3645,Bought its own volume
20104,2025-06-01,578.35,7866.57,5723.93,9486.33,16.4024,Volume bracket,5,1193.275,Laminator - National brand,Office & Stationery,National brand,PR5440,0.0537,-614.9,3.7047,-2278.02,1050.92,-3328.94,-3.1676,Bought its own volume
20104,2026-04-01,660.3,9437.99,7497.43,11271.45,17.0702,Volume bracket,5,1193.275,Laminator - National brand,Office & Stationery,National brand,PR5441,0.0428,-533.0,2.9389,-1566.43,872.64,-2439.07,-2.795,Bought its own volume
20104,2026-05-01,1202.5300000000002,15938.43,14999.880000000001,20527.43,17.0702,Volume bracket,6,1193.275,Laminator - National brand,Office & Stationery,National brand,PR5442,0.0515,9.3,0.7805,7.26,1048.17,-1040.91,-0.9931,Bought its own volume
20105,2023-12-01,8184.93,142046.05,91424.84,190311.07,23.2514,Temporary price reduction,8,6875.75,Pet Bed - Premium brand,Pet Supplies,Premium brand,PR5443,0.0908,1309.2,6.1847,8097.01,14512.04,-6415.03,-0.442,Bought its own volume
20105,2024-06-01,7668.97,146642.63,95086.04000000001,183702.49,23.954,Rebate accelerator,10,6875.75,Pet Bed - Premium brand,Pet Supplies,Premium brand,PR5444,0.0342,793.2,6.7228,5332.52,5630.96,-298.44,-0.053,Bought its own volume
20105,2024-07-01,9326.48,173609.41,117826.08,222088.66999999998,23.8127,Rebate accelerator,8,6875.75,Pet Bed - Premium brand,Pet Supplies,Premium brand,PR5445,0.0334,2450.7,5.9812,14658.13,5466.65,9191.48,1.6814,Paid for itself
20105,2025-05-01,10295.31,171512.83000000002,150104.59,220710.86,21.438,Volume bracket,8,6875.75,Pet Bed - Premium brand,Pet Supplies,Premium brand,PR5446,0.0482,3419.6,2.0794,7110.72,7098.18,12.54,0.0018,Paid for itself
20105,2026-06-01,12510.57,191391.63,188417.94,261287.02,20.8853,Bundle offer,9,6875.75,Pet Bed - Premium brand,Pet Supplies,Premium brand,PR5447,0.0862,5634.8,0.2377,1339.39,12377.5,-11038.11,-0.8918,Bought its own volume
20106,2024-05-01,1134.1899999999998,19198.91,15692.880000000001,27411.899999999998,24.1687,Temporary price reduction,2,33.76,Tool Chest - Private label,Tools & Hardware,Private label,PR5448,0.0845,1100.4,3.0912,3401.56,68.96,3332.6,48.3266,Paid for itself
20106,2025-07-01,42.38,713.06,486.73,856.78,20.2165,Temporary price reduction,1,33.76,Tool Chest - Private label,Tools & Hardware,Private label,PR5449,0.0659,8.6,5.3405,45.93,45.0,0.93,0.0207,Paid for itself
20106,2026-01-01,44.4,717.16,551.51,866.6,19.518,Volume bracket,1,33.76,Tool Chest - Private label,Tools & Hardware,Private label,PR5450,0.0551,10.6,3.7309,39.55,36.29,3.26,0.0898,Paid for itself
20106,2026-02-01,903.1,15343.06,11269.69,20988.949999999997,23.241,Volume bracket,2,33.76,Tool Chest - Private label,Tools & Hardware,Private label,PR5451,0.0557,869.3,4.5104,3920.89,43.72,3877.17,88.6818,Paid for itself
20107,2024-01-01,587.56,25398.870000000003,15740.96,29978.010000000002,51.0212,Volume bracket,4,1000.21,Adjustable Dumbbells - Private label,Sporting Goods,Private label,PR5452,0.048,-412.7,16.4373,-6783.67,2447.01,-9230.68,-3.7722,Bought its own volume
20107,2025-03-01,1594.92,64771.04,50772.68,81593.39,51.1583,Temporary price reduction,7,1000.21,Adjustable Dumbbells - Private label,Sporting Goods,Private label,PR5453,0.0756,594.7,8.7768,5219.56,3869.93,1349.63,0.3487,Paid for itself
20107,2025-04-01,1430.43,59848.58,48026.25,74757.55,52.2623,Temporary price reduction,5,1000.21,Adjustable Dumbbells - Private label,Sporting Goods,Private label,PR5454,0.087,430.2,8.2649,3555.56,4547.13,-991.57,-0.2181,Bought its own volume
20107,2026-04-01,1469.1399999999999,57677.43,51762.8,73558.67,50.0692,Temporary price reduction,6,1000.21,Adjustable Dumbbells - Private label,Sporting Goods,Private label,PR5455,0.0871,468.9,4.0259,1887.74,4360.23,-2472.49,-0.5671,Bought its own volume
20109,2024-05-01,6461.74,116430.48,90163.24,157139.17,24.3184,Temporary price reduction,8,4019.13,Vitamin C Serum - Premium brand,Health & Beauty,Premium brand,PR5456,0.0774,2442.6,4.065,9929.17,7566.41,2362.76,0.3123,Paid for itself
20109,2024-06-01,6249.1,108914.15,89434.0,151968.11,24.3184,Temporary price reduction,8,4019.13,Vitamin C Serum - Premium brand,Health & Beauty,Premium brand,PR5457,0.0774,2230.0,3.1173,6951.58,7568.22,-616.64,-0.0815,Bought its own volume
20109,2025-01-01,4824.5,95496.06,69851.04000000001,129529.14000000001,26.848200000000002,Temporary price reduction,6,4019.13,Vitamin C Serum - Premium brand,Health & Beauty,Premium brand,PR5458,0.1011,805.4,5.3156,4281.18,10914.68,-6633.5,-0.6078,Bought its own volume
20109,2025-07-01,4851.4,105874.56,70286.59999999999,136397.6,28.1151,Rebate accelerator,7,4019.13,Vitamin C Serum - Premium brand,Health & Beauty,Premium brand,PR5459,0.0402,832.3,7.3356,6105.42,4538.92,1566.5,0.3451,Paid for itself
20109,2025-08-01,4766.03,104014.15000000001,70071.61,133997.42,28.1151,Rebate accelerator,8,4019.13,Vitamin C Serum - Premium brand,Health & Beauty,Premium brand,PR5460,0.0324,746.9,7.1218,5319.27,3662.78,1656.49,0.4522,Paid for itself
20109,2026-04-01,5743.52,120615.39,90322.03,165805.08,28.8682,Bundle offer,7,4019.13,Vitamin C Serum - Premium brand,Health & Beauty,Premium brand,PR5461,0.0914,1724.4,5.2744,9095.18,10606.94,-1511.76,-0.1425,Bought its own volume
20109,2026-05-01,2425.38,50018.29,37996.490000000005,70016.36,28.8682,Bundle offer,5,4019.13,Vitamin C Serum - Premium brand,Health & Beauty,Premium brand,PR5462,0.0905,-1593.8,4.9567,-7899.99,10500.3,-18400.29,-1.7524,Bought its own volume
20110,2024-02-01,65.34,6916.17,4785.68,7904.74,120.9785,Volume bracket,4,64.68,27in Monitor - National brand,Consumer Electronics,National brand,PR5463,0.0559,0.7,32.6062,22.82,437.17,-414.35,-0.9478,Bought its own volume
20110,2024-03-01,100.94,10533.35,7182.97,12093.630000000001,119.8102,Volume bracket,6,64.68,27in Monitor - National brand,Consumer Electronics,National brand,PR5464,0.0465,36.3,33.1918,1204.86,360.04,844.82,2.3465,Paid for itself
20110,2024-11-01,101.4,10310.960000000001,7384.07,12063.21,118.9665,Bundle offer,5,64.68,27in Monitor - National brand,Consumer Electronics,National brand,PR5465,0.0715,36.7,28.8648,1059.34,550.24,509.1,0.9252,Paid for itself
20110,2025-09-01,85.78999999999999,9204.29,5471.75,11143.09,129.8879,Temporary price reduction,5,64.68,27in Monitor - National brand,Consumer Electronics,National brand,PR5466,0.0845,21.1,43.5079,918.02,709.73,208.29,0.2935,Paid for itself
20110,2026-05-01,86.26,8243.56,3875.7200000000003,9903.400000000001,114.8089,Bundle offer,5,64.68,27in Monitor - National brand,Consumer Electronics,National brand,PR5467,0.0951,21.6,50.6358,1093.73,706.28,387.45,0.5486,Paid for itself
20111,2024-06-01,1748.99,56884.22,37771.89,68587.35,39.2154,Rebate accelerator,9,1439.78,27in Monitor - Private label,Consumer Electronics,Private label,PR5468,0.0371,309.2,10.9276,3378.81,2093.63,1285.18,0.6139,Paid for itself
20111,2024-07-01,1794.14,58269.33,37694.0,70357.92,39.2154,Rebate accelerator,9,1439.78,27in Monitor - Private label,Consumer Electronics,Private label,PR5469,0.034,354.4,11.4681,4064.29,1922.33,2141.96,1.1143,Paid for itself
20111,2025-06-01,1531.42,43782.01,32006.690000000002,56496.06,36.8913,Temporary price reduction,8,1439.78,27in Monitor - Private label,Consumer Electronics,Private label,PR5470,0.091,91.6,7.6892,704.33,4833.74,-4129.41,-0.8543,Bought its own volume
20111,2026-02-01,1748.74,48091.63,32544.58,61829.85,35.3568,Temporary price reduction,9,1439.78,27in Monitor - Private label,Consumer Electronics,Private label,PR5471,0.0744,309.0,8.8904,2747.13,3789.92,-1042.79,-0.2751,Bought its own volume
20111,2026-03-01,1539.58,37310.78,28846.79,48198.24,31.306099999999997,Temporary price reduction,7,1439.78,27in Monitor - Private label,Consumer Electronics,Private label,PR5472,0.0939,99.8,5.4976,548.66,4234.37,-3685.71,-0.8704,Bought its own volume
20112,2024-03-01,1643.2,61324.520000000004,43767.12,71933.72,43.7766,Volume bracket,3,1265.35,Safety Glasses - National brand,Tools & Hardware,National brand,PR5473,0.0367,377.9,10.6849,4037.82,2031.14,2006.68,0.988,Paid for itself
20112,2024-12-01,1263.87,44596.95,27301.37,55327.93,43.7766,Bundle offer,4,1265.35,Safety Glasses - National brand,Tools & Hardware,National brand,PR5474,0.0894,-1.5,13.6846,-20.53,4949.38,-4969.91,-1.0041,Bought its own volume
20112,2025-01-01,1690.71,58369.11,35888.53,74013.54,43.7766,Bundle offer,3,1265.35,Safety Glasses - National brand,Tools & Hardware,National brand,PR5475,0.0989,425.4,13.2965,5656.33,5476.14,180.19,0.0329,Paid for itself
20112,2026-01-01,2275.87,75248.05,60866.55,99629.86,43.7766,Marketplace deal event,3,1265.35,Safety Glasses - National brand,Tools & Hardware,National brand,PR5476,0.1395,1010.5,6.3191,6385.45,7729.94,-1344.49,-0.1739,Bought its own volume
20113,2024-05-01,3026.09,101911.41,72459.13,127583.89,42.1613,Rebate accelerator,6,3078.2650000000003,Bedding Set - Private label,Home & Kitchen,Private label,PR5477,0.0329,-52.2,9.7328,-508.05,4266.94,-4774.99,-1.1191,Bought its own volume
20113,2024-06-01,2844.79,93909.8,67947.24,119940.04,42.1613,Rebate accelerator,4,3078.2650000000003,Bedding Set - Private label,Home & Kitchen,Private label,PR5478,0.0326,-233.5,9.1264,-2131.01,4236.15,-6367.16,-1.5031,Bought its own volume
20113,2025-03-01,8050.31,206192.8,200561.39,299952.13,37.2597,Marketplace deal event,7,3078.2650000000003,Bedding Set - Private label,Home & Kitchen,Private label,PR5479,0.1396,4972.0,0.6995,3477.91,16016.34,-12538.43,-0.7829,Bought its own volume
20113,2025-04-01,6902.81,186553.15,182800.91,282205.5,40.8827,Marketplace deal event,7,3078.2650000000003,Bedding Set - Private label,Home & Kitchen,Private label,PR5480,0.1422,3824.5,0.5436,2079.0,17898.57,-15819.57,-0.8838,Bought its own volume
20113,2026-04-01,9593.210000000001,233981.89,220303.28,342896.83,35.7437,Marketplace deal event,7,3078.2650000000003,Bedding Set - Private label,Home & Kitchen,Private label,PR5481,0.1458,6514.9,1.4259,9289.6,16046.2,-6756.6,-0.4211,Bought its own volume
20113,2026-05-01,8941.43,213650.88,203681.3,319599.79000000004,35.7437,Marketplace deal event,6,3078.2650000000003,Bedding Set - Private label,Home & Kitchen,Private label,PR5482,0.1386,5863.2,1.115,6537.47,15252.44,-8714.97,-0.5714,Bought its own volume
20114,2024-01-01,830.86,45643.15,40065.89,61946.77,74.5574,Marketplace deal event,8,634.44,Fastener Assortment - National brand,Tools & Hardware,National brand,PR5483,0.149,196.4,6.7126,1318.35,7046.23,-5727.88,-0.8129,Bought its own volume
20114,2024-07-01,536.02,31864.94,21642.99,38335.83,71.5194,Volume bracket,9,634.44,Fastener Assortment - National brand,Tools & Hardware,National brand,PR5484,0.0433,-98.4,19.0701,-1876.5,1965.07,-3841.57,-1.9549,Bought its own volume
20114,2024-08-01,343.57,19583.77,13635.26,22518.51,65.5427,Volume bracket,6,634.44,Fastener Assortment - National brand,Tools & Hardware,National brand,PR5485,0.0477,-290.9,17.3138,-5036.58,1982.42,-7019.0,-3.5406,Bought its own volume
20114,2025-02-01,1299.4499999999998,60409.770000000004,46682.74,74207.95,57.1072,Rebate accelerator,10,634.44,Fastener Assortment - National brand,Tools & Hardware,National brand,PR5486,0.038,665.0,10.5637,7024.86,1376.48,5648.38,4.1035,Paid for itself
20114,2025-03-01,822.89,39829.72,29264.92,46992.95,57.1072,Rebate accelerator,10,634.44,Fastener Assortment - National brand,Tools & Hardware,National brand,PR5487,0.0351,188.4,12.8387,2418.81,1272.97,1145.84,0.9001,Paid for itself
20114,2026-02-01,752.46,37652.770000000004,32451.8,45465.74,60.4228,Rebate accelerator,9,634.44,Fastener Assortment - National brand,Tools & Hardware,National brand,PR5488,0.0319,118.0,6.912,815.62,1223.39,-407.77,-0.3333,Bought its own volume
20114,2026-03-01,603.3399999999999,30736.72,25189.440000000002,36455.5,60.4228,Rebate accelerator,9,634.44,Fastener Assortment - National brand,Tools & Hardware,National brand,PR5489,0.0369,-31.1,9.1943,-285.94,1413.4,-1699.34,-1.2023,Bought its own volume
20115,2023-12-01,5525.04,262105.34,222414.91000000003,362426.6,65.5971,Bundle offer,6,4233.125,USB-C Charger - National brand,Consumer Electronics,National brand,PR5490,0.0998,1291.9,7.1837,9280.62,27724.01,-18443.39,-0.6652,Bought its own volume
20115,2024-01-01,3211.65,154980.97,124173.94,210674.93,65.5971,Bundle offer,6,4233.125,USB-C Charger - National brand,Consumer Electronics,National brand,PR5491,0.0852,-1021.5,9.5923,-9798.53,23656.96,-33455.49,-1.4142,Bought its own volume
20115,2024-08-01,7229.57,299767.5,258193.23,419883.31,58.0786,Temporary price reduction,7,4233.125,USB-C Charger - National brand,Consumer Electronics,National brand,PR5492,0.0843,2996.4,5.7506,17231.1,20728.34,-3497.24,-0.1687,Bought its own volume
20115,2024-09-01,5892.35,261676.9,199850.83000000002,348526.02,59.14889999999999,Temporary price reduction,7,4233.125,USB-C Charger - National brand,Consumer Electronics,National brand,PR5493,0.0826,1659.2,10.4926,17409.32,20687.83,-3278.51,-0.1585,Bought its own volume
20115,2025-05-01,7143.65,299867.72000000003,233235.88,405962.92000000004,56.8285,Volume bracket,8,4233.125,USB-C Charger - National brand,Consumer Electronics,National brand,PR5494,0.0462,2910.5,9.3274,27147.4,11113.86,16033.54,1.4427,Paid for itself
20115,2025-06-01,5013.66,218958.46000000002,158762.54,283741.06,56.5936,Volume bracket,7,4233.125,USB-C Charger - National brand,Consumer Electronics,National brand,PR5495,0.0515,780.5,12.0064,9371.0,12336.48,-2965.48,-0.2404,Bought its own volume
20116,2024-04-01,2672.89,16506.71,12729.63,23584.239999999998,8.8235,Bundle offer,4,2013.8850000000002,Dry Dog Food - National brand,Pet Supplies,National brand,PR5496,0.1,659.0,1.4131,931.23,1776.65,-845.42,-0.4759,Bought its own volume
20116,2024-05-01,3656.11,23403.870000000003,17668.15,32259.679999999997,8.8235,Bundle offer,4,2013.8850000000002,Dry Dog Food - National brand,Pet Supplies,National brand,PR5497,0.0812,1642.2,1.5688,2576.28,1442.7,1133.58,0.7857,Paid for itself
20116,2025-01-01,2187.65,15337.5,11084.390000000001,20727.98,9.475,Volume bracket,3,2013.8850000000002,Dry Dog Food - National brand,Pet Supplies,National brand,PR5498,0.0464,173.8,1.9441,337.88,885.1,-547.22,-0.6183,Bought its own volume
20116,2025-02-01,2945.96,21080.64,14449.93,27912.97,9.475,Volume bracket,5,2013.8850000000002,Dry Dog Food - National brand,Pet Supplies,National brand,PR5499,0.0581,932.1,2.2508,2097.97,1108.93,989.04,0.8919,Paid for itself
20116,2026-01-01,2528.02,20761.77,13836.62,29845.8,11.806,Bundle offer,3,2013.8850000000002,Dry Dog Food - National brand,Pet Supplies,National brand,PR5500,0.0931,514.1,2.7394,1408.33,2212.52,-804.19,-0.3635,Bought its own volume
20116,2026-02-01,2612.5200000000004,22802.82,14589.62,30843.420000000002,11.806,Bundle offer,5,2013.8850000000002,Dry Dog Food - National brand,Pet Supplies,National brand,PR5501,0.0819,598.6,3.1438,1881.88,1946.18,-64.3,-0.033,Bought its own volume
20117,2024-03-01,1620.86,18256.38,14319.16,25143.91,15.5127,Bundle offer,7,1054.04,LED Floor Lamp - National brand,Home & Kitchen,National brand,PR5502,0.0846,566.8,2.4291,1376.81,1383.23,-6.42,-0.0046,Bought its own volume
20117,2025-05-01,1440.55,15843.65,12885.580000000002,22346.82,15.5127,Temporary price reduction,6,1054.04,LED Floor Lamp - National brand,Home & Kitchen,National brand,PR5503,0.0915,386.5,2.0534,793.64,1496.63,-702.99,-0.4697,Bought its own volume
20117,2025-06-01,456.07,5424.349999999999,4028.33,7074.88,15.5127,Temporary price reduction,3,1054.04,LED Floor Lamp - National brand,Home & Kitchen,National brand,PR5504,0.0653,-598.0,3.061,-1830.48,1066.97,-2897.45,-2.7156,Bought its own volume
20118,2024-07-01,1934.07,131763.39,80677.4,162587.97,84.0652,Volume bracket,8,1978.8999999999999,Blender - Premium brand,Home & Kitchen,Premium brand,PR5505,0.0538,-44.8,26.4137,-1183.33,8950.91,-10134.24,-1.1322,Bought its own volume
20118,2025-06-01,3104.48,179217.07,157197.22,241018.18000000002,77.6356,Bundle offer,6,1978.8999999999999,Blender - Premium brand,Home & Kitchen,Premium brand,PR5506,0.0875,1125.6,7.0929,7983.77,13445.21,-5461.44,-0.4062,Bought its own volume
20118,2025-07-01,3355.82,193536.78,171826.71,260531.1,77.6356,Bundle offer,8,1978.8999999999999,Blender - Premium brand,Home & Kitchen,Premium brand,PR5507,0.0956,1376.9,6.4694,8907.72,14692.54,-5784.82,-0.3937,Bought its own volume
20119,2024-01-01,2534.31,108160.18,74376.93,129671.52,51.1664,Volume bracket,11,3162.34,HDMI Cable - National brand,Consumer Electronics,National brand,PR5508,0.0578,-628.0,13.3304,-8371.49,9349.11,-17720.6,-1.8954,Bought its own volume
20119,2024-10-01,8840.99,312354.98,250312.3,411327.05,46.525,Marketplace deal event,11,3162.34,HDMI Cable - National brand,Consumer Electronics,National brand,PR5509,0.1528,5678.6,7.0176,39850.14,22487.17,17362.97,0.7721,Paid for itself
20119,2024-11-01,14015.42,498420.73,422982.56,652067.39,46.525,Marketplace deal event,10,3162.34,HDMI Cable - National brand,Consumer Electronics,National brand,PR5510,0.1328,10853.1,5.3825,58416.81,19534.0,38882.81,1.9905,Paid for itself
20119,2025-05-01,4627.09,176162.86000000002,118101.84999999999,218847.94,47.2971,Temporary price reduction,10,3162.34,HDMI Cable - National brand,Consumer Electronics,National brand,PR5511,0.0833,1464.8,12.5481,18380.46,12458.86,5921.6,0.4753,Paid for itself
20119,2025-06-01,4087.95,157751.13,104869.4,193348.18,47.2971,Temporary price reduction,9,3162.34,HDMI Cable - National brand,Consumer Electronics,National brand,PR5512,0.0874,925.6,12.936,11973.56,13073.64,-1100.08,-0.0841,Bought its own volume
20119,2026-03-01,4780.79,167635.32,100189.12,199795.9,41.7914,Volume bracket,9,3162.34,HDMI Cable - National brand,Consumer Electronics,National brand,PR5513,0.0581,1618.4,14.1078,22832.06,7674.51,15157.55,1.9751,Paid for itself
20119,2026-04-01,4412.389999999999,155162.58000000002,89793.48,178547.8,40.4651,Volume bracket,9,3162.34,HDMI Cable - National brand,Consumer Electronics,National brand,PR5514,0.055,1250.0,14.8149,18518.62,7035.75,11482.87,1.6321,Paid for itself
20120,2024-07-01,2035.89,107843.37000000001,75609.9,134741.11,66.1829,Rebate accelerator,9,1518.4699999999998,Bluetooth Speaker - Premium brand,Consumer Electronics,Premium brand,PR5515,0.0378,517.4,15.8326,8191.79,3794.84,4396.95,1.1587,Paid for itself
20120,2025-01-01,1928.52,97840.37,70749.5,127917.00000000001,66.3291,Temporary price reduction,10,1518.4699999999998,Bluetooth Speaker - Premium brand,Consumer Electronics,Premium brand,PR5516,0.081,410.1,14.0475,5760.88,8160.77,-2399.89,-0.2941,Bought its own volume
20120,2026-01-01,2818.44,143529.19,89074.26,199168.44,70.6662,Marketplace deal event,9,1518.4699999999998,Bluetooth Speaker - Premium brand,Consumer Electronics,Premium brand,PR5517,0.1311,1300.0,19.3209,25117.17,14069.23,11047.94,0.7853,Paid for itself
20120,2026-02-01,3488.6600000000003,175097.9,107073.25,246530.35,70.6662,Marketplace deal event,7,1518.4699999999998,Bluetooth Speaker - Premium brand,Consumer Electronics,Premium brand,PR5518,0.1308,1970.2,19.4988,38416.54,14031.88,24384.66,1.7378,Paid for itself
20121,2024-07-01,1862.65,22181.44,18972.95,28806.82,15.4655,Volume bracket,5,1443.58,Copy Paper - National brand,Office & Stationery,National brand,PR5519,0.0542,419.1,1.7225,721.9,1209.08,-487.18,-0.4029,Bought its own volume
20121,2024-08-01,2805.2799999999997,33466.51,28147.9,43385.05,15.4655,Volume bracket,4,1443.58,Copy Paper - National brand,Office & Stationery,National brand,PR5520,0.058,1361.7,1.8959,2581.65,1295.87,1285.78,0.9922,Paid for itself
20121,2025-04-01,2719.4600000000005,31324.16,32232.67,43539.369999999995,16.0103,Bundle offer,4,1443.58,Copy Paper - National brand,Office & Stationery,National brand,PR5521,0.0973,1275.9,-0.3341,-426.28,2248.2,-2674.48,-1.1896,Bought its own volume
20121,2025-05-01,1786.93,20613.34,21709.41,28609.28,16.0103,Bundle offer,6,1443.58,Copy Paper - National brand,Office & Stationery,National brand,PR5522,0.0894,343.4,-0.6134,-210.64,2066.68,-2277.32,-1.1019,Bought its own volume
20121,2026-06-01,1379.9899999999998,20532.74,17922.35,25975.0,18.8226,Rebate accelerator,4,1443.58,Copy Paper - National brand,Office & Stationery,National brand,PR5523,0.0384,-63.6,1.8916,-120.31,1042.55,-1162.86,-1.1154,Bought its own volume
20122,2024-08-01,12768.99,89944.91,80489.33,135186.56,10.5871,Marketplace deal event,9,3973.0699999999997,Dry-Erase Board - National brand,Office & Stationery,National brand,PR5524,0.1578,8795.9,0.7405,6513.36,6639.22,-125.86,-0.019,Bought its own volume
20122,2024-09-01,10471.11,76135.13,64807.81,110858.69,10.5871,Marketplace deal event,8,3973.0699999999997,Dry-Erase Board - National brand,Office & Stationery,National brand,PR5525,0.1365,6498.0,1.0818,7029.54,5741.68,1287.86,0.2243,Paid for itself
20122,2025-05-01,3544.11,28179.84,24147.440000000002,38225.0,10.7855,Temporary price reduction,7,3973.0699999999997,Dry-Erase Board - National brand,Office & Stationery,National brand,PR5526,0.0769,-429.0,1.1378,-488.12,3293.56,-3781.68,-1.1482,Bought its own volume
20122,2025-06-01,4893.87,38094.67,34197.380000000005,52782.850000000006,10.7855,Temporary price reduction,9,3973.0699999999997,Dry-Erase Board - National brand,Office & Stationery,National brand,PR5527,0.0902,920.8,0.7964,733.33,3866.11,-3132.78,-0.8103,Bought its own volume
20122,2026-06-01,3150.09,29561.46,21596.08,41057.0,13.033600000000002,Bundle offer,10,3973.0699999999997,Dry-Erase Board - National brand,Office & Stationery,National brand,PR5528,0.088,-823.0,2.5286,-2081.04,4554.77,-6635.81,-1.4569,Bought its own volume
20124,2024-05-01,2275.47,26492.109999999997,21601.260000000002,32931.06,14.4722,Rebate accelerator,4,1625.56,Cat Litter - National brand,Pet Supplies,National brand,PR5529,0.0409,649.9,2.1494,1396.9,962.05,434.85,0.452,Paid for itself
20124,2024-06-01,528.05,6199.75,5224.1,7670.3,14.5257,Rebate accelerator,3,1625.56,Cat Litter - National brand,Pet Supplies,National brand,PR5530,0.0375,-1097.5,1.8476,-2027.74,886.53,-2914.27,-3.2873,Bought its own volume
20124,2024-12-01,2596.75,29701.129999999997,26031.65,37932.28999999999,14.6076,Temporary price reduction,4,1625.56,Cat Litter - National brand,Pet Supplies,National brand,PR5531,0.0905,971.2,1.4131,1372.4,2148.87,-776.47,-0.3613,Bought its own volume
20124,2026-01-01,1950.89,23130.09,19877.420000000002,28212.989999999998,14.4616,Rebate accelerator,5,1625.56,Cat Litter - National brand,Pet Supplies,National brand,PR5532,0.0386,325.3,1.6673,542.37,906.44,-364.07,-0.4016,Bought its own volume
20124,2026-02-01,2444.82,28584.730000000003,25192.649999999998,35356.02,14.4616,Rebate accelerator,4,1625.56,Cat Litter - National brand,Pet Supplies,National brand,PR5533,0.0405,819.3,1.3875,1136.78,952.82,183.96,0.1931,Paid for itself
20125,2023-12-01,593.01,6792.01,6350.84,8700.41,14.6716,Rebate accelerator,8,327.32,Hair Dryer - Value,Health & Beauty,Value,PR5534,0.0417,265.7,0.744,197.68,200.23,-2.55,-0.0127,Bought its own volume
20125,2024-01-01,527.61,6063.07,5508.67,7740.87,14.6716,Rebate accelerator,7,327.32,Hair Dryer - Value,Health & Beauty,Value,PR5535,0.0313,200.3,1.0508,210.48,150.08,60.4,0.4025,Paid for itself
20125,2025-02-01,566.61,6690.88,5443.3,8313.07,14.6716,Rebate accelerator,9,327.32,Hair Dryer - Value,Health & Beauty,Value,PR5536,0.034,239.3,2.2018,526.89,163.3,363.59,2.2265,Paid for itself
20125,2025-03-01,260.89,3103.72,2399.69,3827.67,14.671600000000002,Rebate accelerator,5,327.32,Hair Dryer - Value,Health & Beauty,Value,PR5537,0.0297,-66.4,2.6986,-179.19,142.73,-321.92,-2.2554,Bought its own volume
20125,2026-01-01,652.02,6953.4400000000005,5781.78,9566.17,14.6716,Bundle offer,7,327.32,Hair Dryer - Value,Health & Beauty,Value,PR5538,0.0896,324.7,1.797,583.49,430.14,153.35,0.3565,Paid for itself
20126,2024-01-01,236.75,11923.480000000001,8217.56,14526.15,61.3565,Volume bracket,8,261.44,Mechanical Keyboard - National brand,Consumer Electronics,National brand,PR5539,0.044,-24.7,15.6533,-386.64,705.36,-1092.0,-1.5481,Bought its own volume
20126,2024-02-01,204.8,10173.75,6712.57,12565.83,61.3565,Volume bracket,8,261.44,Mechanical Keyboard - National brand,Consumer Electronics,National brand,PR5540,0.0461,-56.6,16.9003,-956.56,739.26,-1695.82,-2.2939,Bought its own volume
20126,2024-12-01,572.61,22232.03,17552.55,29601.35,51.6955,Temporary price reduction,7,261.44,Mechanical Keyboard - National brand,Consumer Electronics,National brand,PR5541,0.0881,311.2,8.1722,2543.19,1190.46,1352.73,1.1363,Paid for itself
20126,2025-09-01,301.74,12309.92,9036.970000000001,16121.34,53.4279,Temporary price reduction,7,261.44,Mechanical Keyboard - National brand,Consumer Electronics,National brand,PR5542,0.0865,40.3,10.8469,437.13,1207.98,-770.85,-0.6381,Bought its own volume
20126,2026-04-01,243.34,9628.45,5193.6900000000005,11493.64,47.23290000000001,Rebate accelerator,7,261.44,Mechanical Keyboard - National brand,Consumer Electronics,National brand,PR5543,0.0347,-18.1,18.2245,-329.86,428.48,-758.34,-1.7698,Bought its own volume
20128,2024-08-01,1659.25,13983.02,14766.83,19878.49,11.9804,Temporary price reduction,5,752.4300000000001,Dry-Erase Board - National brand,Office & Stationery,National brand,PR5544,0.0861,906.8,-0.4724,-428.37,775.71,-1204.08,-1.5522,Bought its own volume
20128,2025-03-01,1259.6,11082.19,12840.49,14517.27,11.5253,Temporary price reduction,8,752.4300000000001,Dry-Erase Board - National brand,Office & Stationery,National brand,PR5545,0.0812,507.2,-1.3959,-708.0,703.91,-1411.91,-2.0058,Bought its own volume
20128,2025-11-01,447.77,5791.34,5390.74,7615.35,17.0073,Volume bracket,6,752.4300000000001,Dry-Erase Board - National brand,Office & Stationery,National brand,PR5546,0.0489,-304.7,0.8947,-272.62,625.26,-897.88,-1.436,Bought its own volume
20129,2024-04-01,3044.5,38150.56,34819.65,56139.36,18.4396,Temporary price reduction,10,1871.68,Filing Boxes - National brand,Office & Stationery,National brand,PR5547,0.0938,1172.8,1.0941,1283.16,3237.54,-1954.38,-0.6037,Bought its own volume
20129,2025-04-01,2326.54,34525.770000000004,30594.0,47319.26,20.3389,Volume bracket,10,1871.68,Filing Boxes - National brand,Office & Stationery,National brand,PR5548,0.0487,454.9,1.69,768.78,1852.96,-1084.18,-0.5851,Bought its own volume
20129,2026-03-01,1674.0,24149.54,22237.08,34825.229999999996,20.8036,Temporary price reduction,8,1871.68,Filing Boxes - National brand,Office & Stationery,National brand,PR5549,0.0847,-197.7,1.1424,-225.85,3298.56,-3524.41,-1.0685,Bought its own volume
20130,2023-12-01,572.12,36131.34,32391.3,45621.08,79.7404,Temporary price reduction,5,406.4,HDMI Cable - Value,Consumer Electronics,Value,PR5550,0.0793,165.7,6.5372,1083.21,2569.06,-1485.85,-0.5784,Bought its own volume
20130,2024-08-01,504.01,29675.059999999998,25710.41,36356.9,72.1353,Volume bracket,5,406.4,HDMI Cable - Value,Consumer Electronics,Value,PR5551,0.0614,97.6,7.8662,767.74,1799.43,-1031.69,-0.5733,Bought its own volume
20130,2024-09-01,670.1,40843.92,33499.11,48846.86,72.8949,Volume bracket,7,406.4,HDMI Cable - Value,Consumer Electronics,Value,PR5552,0.0509,263.7,10.9608,2890.36,1507.84,1382.52,0.9169,Paid for itself
20130,2025-11-01,770.03,46338.42,37101.12,55092.95,71.5465,Volume bracket,7,406.4,HDMI Cable - Value,Consumer Electronics,Value,PR5553,0.0444,363.6,11.996,4361.75,1290.52,3071.23,2.3798,Paid for itself
20131,2024-04-01,425.91,7841.28,8656.86,10021.400000000001,23.5294,Volume bracket,8,724.655,Air Fryer - Value,Home & Kitchen,Value,PR5554,0.0468,-298.7,-1.9149,571.98,797.97,-225.99,-0.2832,Bought its own volume
20131,2024-05-01,1425.3899999999999,25127.64,28391.79,33538.57,23.5294,Volume bracket,9,724.655,Air Fryer - Value,Home & Kitchen,Value,PR5555,0.054,700.7,-2.29,-1604.6,921.17,-2525.77,-2.7419,Bought its own volume
20131,2025-01-01,1050.68,17556.88,20417.35,25033.699999999997,23.8262,Bundle offer,8,724.655,Air Fryer - Value,Home & Kitchen,Value,PR5556,0.0958,326.0,-2.7225,-887.54,1654.18,-2541.72,-1.5365,Bought its own volume
20131,2025-02-01,566.9399999999999,9935.050000000001,10713.68,13508.02,23.8262,Bundle offer,9,724.655,Air Fryer - Value,Home & Kitchen,Value,PR5557,0.089,-157.7,-1.3734,216.59,1537.47,-1320.88,-0.8591,Bought its own volume
20131,2025-12-01,1313.46,20693.45,23629.42,28633.17,21.7998,Bundle offer,8,724.655,Air Fryer - Value,Home & Kitchen,Value,PR5558,0.0933,588.8,-2.2353,-1316.14,1473.21,-2789.35,-1.8934,Bought its own volume
20131,2026-01-01,914.87,14232.720000000001,16877.260000000002,19943.98,21.7998,Bundle offer,9,724.655,Air Fryer - Value,Home & Kitchen,Value,PR5559,0.0875,190.2,-2.8906,-549.79,1381.63,-1931.42,-1.3979,Bought its own volume
20132,2024-02-01,369.5,2163.52,2236.71,2777.72,7.5175,Volume bracket,7,325.47999999999996,Gel Pens - Value,Office & Stationery,Value,PR5560,0.0474,44.0,-0.1981,-8.72,115.88,-124.6,-1.0753,Bought its own volume
20132,2024-12-01,314.63,1876.1,2051.3,2580.26,8.2009,Temporary price reduction,6,325.47999999999996,Gel Pens - Value,Office & Stationery,Value,PR5561,0.0923,-10.8,-0.5568,6.01,246.48,-240.47,-0.9756,Bought its own volume
20132,2025-08-01,521.75,3619.25,3885.26,4826.5599999999995,9.2507,Temporary price reduction,6,325.47999999999996,Gel Pens - Value,Office & Stationery,Value,PR5562,0.0822,196.3,-0.5098,-100.07,247.47,-347.54,-1.4044,Bought its own volume
20132,2025-09-01,511.89,3521.04,3735.88,4735.34,9.2507,Temporary price reduction,9,325.47999999999996,Gel Pens - Value,Office & Stationery,Value,PR5563,0.0925,186.4,-0.4197,-78.23,278.39,-356.62,-1.281,Bought its own volume
20132,2026-04-01,497.04,3351.45,3428.77,4473.6900000000005,9.0007,Temporary price reduction,8,325.47999999999996,Gel Pens - Value,Office & Stationery,Value,PR5564,0.0949,171.6,-0.1556,-26.7,278.15,-304.85,-1.096,Bought its own volume
20133,2024-04-01,3218.5899999999997,109963.75,72095.12,143270.06,44.5133,Temporary price reduction,10,2685.45,Mechanical Keyboard - Premium brand,Consumer Electronics,Premium brand,PR5565,0.0678,533.1,11.7656,6272.24,8110.57,-1838.33,-0.2267,Bought its own volume
20133,2025-04-01,3040.33,102114.08,65079.17,126387.72,41.5704,Rebate accelerator,9,2685.45,Mechanical Keyboard - Premium brand,Consumer Electronics,Premium brand,PR5566,0.0345,354.9,12.1812,4323.11,3847.35,475.76,0.1237,Paid for itself
20133,2025-05-01,3471.83,112522.18000000001,73459.41,141763.16,40.8324,Rebate accelerator,10,2685.45,Mechanical Keyboard - Premium brand,Consumer Electronics,Premium brand,PR5567,0.0308,786.4,11.2513,8848.02,3378.86,5469.16,1.6186,Paid for itself
20133,2026-06-01,5085.18,125560.16,99185.43,157766.7,31.024799999999995,Rebate accelerator,11,2685.45,Mechanical Keyboard - Premium brand,Consumer Electronics,Premium brand,PR5568,0.0326,2399.7,5.1866,12446.28,2713.33,9732.95,3.5871,Paid for itself
20134,2024-03-01,135.2,2539.04,1563.47,3164.55,23.4064,Temporary price reduction,1,1250.125,Cotton T-Shirt 5pk - Private label,Apparel & Accessories,Private label,PR5569,0.0929,-1114.9,7.2158,-8044.9,2716.9,-10761.8,-3.9611,Bought its own volume
20134,2024-04-01,2225.92,41479.479999999996,25320.510000000002,52100.78,23.4064,Temporary price reduction,3,1250.125,Cotton T-Shirt 5pk - Private label,Apparel & Accessories,Private label,PR5570,0.0616,975.8,7.2595,7083.82,1803.51,5280.31,2.9278,Paid for itself
20134,2025-06-01,2457.98,45439.27,26378.06,56227.77,22.875600000000002,Rebate accelerator,3,1250.125,Cotton T-Shirt 5pk - Private label,Apparel & Accessories,Private label,PR5571,0.0361,1207.9,7.7548,9367.02,1032.52,8334.5,8.072,Paid for itself
20134,2025-07-01,1335.5900000000001,24228.64,14859.64,30552.43,22.8756,Rebate accelerator,2,1250.125,Cotton T-Shirt 5pk - Private label,Apparel & Accessories,Private label,PR5572,0.0328,85.5,7.0149,599.77,938.16,-338.39,-0.3607,Bought its own volume
20135,2024-05-01,1209.45,67140.53,39114.7,82576.65,68.2762,Volume bracket,7,854.1999999999999,Bluetooth Speaker - Premium brand,Consumer Electronics,Premium brand,PR5573,0.044,355.3,23.1724,8233.15,2567.31,5665.84,2.2069,Paid for itself
20135,2024-06-01,759.69,43153.21,23724.440000000002,51868.740000000005,68.2762,Volume bracket,6,854.1999999999999,Bluetooth Speaker - Premium brand,Consumer Electronics,Premium brand,PR5574,0.0457,-94.5,25.5746,-2416.8,2666.37,-5083.17,-1.9064,Bought its own volume
20135,2025-07-01,1331.5900000000001,73584.25,39989.91,89997.25,67.5863,Rebate accelerator,7,854.1999999999999,Bluetooth Speaker - Premium brand,Consumer Electronics,Premium brand,PR5575,0.0332,477.4,25.2287,12044.18,1914.64,10129.54,5.2906,Paid for itself
20135,2026-05-01,2014.29,90641.59,48174.56,117529.8,58.348,Bundle offer,7,854.1999999999999,Bluetooth Speaker - Premium brand,Consumer Electronics,Premium brand,PR5576,0.0882,1160.1,21.0829,24458.27,4394.46,20063.81,4.5657,Paid for itself
20136,2024-04-01,1348.3100000000002,20365.89,18566.23,30599.489999999998,22.6947,Marketplace deal event,7,782.56,Safety Boots - Private label,Apparel & Accessories,Private label,PR5577,0.14,565.8,1.3348,755.23,2485.97,-1730.74,-0.6962,Bought its own volume
20136,2024-05-01,2130.73,31264.850000000002,31470.02,48356.29,22.6947,Marketplace deal event,8,782.56,Safety Boots - Private label,Apparel & Accessories,Private label,PR5578,0.1476,1348.2,-0.0963,-129.83,2621.37,-2751.2,-1.0495,Bought its own volume
20136,2024-11-01,1411.76,19546.8,20646.850000000002,27928.01,19.7824,Temporary price reduction,7,782.56,Safety Boots - Private label,Apparel & Accessories,Private label,PR5579,0.077,629.2,-0.7792,-490.27,1191.86,-1682.13,-1.4113,Bought its own volume
20136,2026-01-01,1588.13,20635.579999999998,22662.29,29344.03,18.4771,Temporary price reduction,8,782.56,Safety Boots - Private label,Apparel & Accessories,Private label,PR5580,0.0817,805.6,-1.2762,-1028.11,1180.95,-2209.06,-1.8706,Bought its own volume
20137,2024-07-01,10336.63,672724.77,499085.59,830567.87,80.3519,Bundle offer,6,9525.13,Bluetooth Speaker - Private label,Consumer Electronics,Private label,PR5581,0.0969,811.5,16.7984,13631.9,74181.87,-60549.97,-0.8162,Bought its own volume
20137,2025-07-01,14256.18,896640.27,671279.34,1073497.48,75.30049999999999,Volume bracket,7,9525.13,Bluetooth Speaker - Private label,Consumer Electronics,Private label,PR5582,0.0506,4731.1,15.8079,74788.76,36306.53,38482.23,1.0599,Paid for itself
20137,2026-05-01,25730.85,1309632.54,903412.7100000001,1735013.2,67.4293,Marketplace deal event,6,9525.13,Bluetooth Speaker - Private label,Consumer Electronics,Private label,PR5583,0.127,16205.7,15.7873,255844.25,81559.56,174284.69,2.1369,Paid for itself
20138,2023-12-01,864.5,15226.13,10999.29,21478.16,24.8446,Temporary price reduction,5,431.36,Cutlery Block - National brand,Home & Kitchen,National brand,PR5584,0.0903,433.1,4.8893,2117.56,967.9,1149.66,1.1878,Paid for itself
20138,2024-01-01,700.6500000000001,13097.5,9337.640000000001,17201.46,24.550699999999996,Temporary price reduction,6,431.36,Cutlery Block - National brand,Home & Kitchen,National brand,PR5585,0.0758,269.3,5.3662,1445.12,802.83,642.29,0.8,Paid for itself
20138,2024-07-01,509.81,10996.9,7689.820000000001,14065.4,27.5895,Volume bracket,6,431.36,Cutlery Block - National brand,Home & Kitchen,National brand,PR5586,0.0485,78.4,6.4869,508.57,577.04,-68.47,-0.1187,Bought its own volume
20138,2024-08-01,517.92,10817.15,7905.07,14289.16,27.589499999999997,Volume bracket,5,431.36,Cutlery Block - National brand,Home & Kitchen,National brand,PR5587,0.0488,86.6,5.6226,486.92,581.27,-94.35,-0.1623,Bought its own volume
20138,2025-10-01,722.21,15927.54,10415.57,21144.57,29.2776,Bundle offer,7,431.36,Cutlery Block - National brand,Home & Kitchen,National brand,PR5588,0.0916,290.8,7.6321,2219.41,1156.3,1063.11,0.9194,Paid for itself
20138,2026-05-01,267.25,6164.969999999999,4111.96,7551.41,28.256,Temporary price reduction,3,431.36,Cutlery Block - National brand,Home & Kitchen,National brand,PR5589,0.0701,-164.1,7.682,-1260.62,854.52,-2115.14,-2.4752,Bought its own volume
20138,2026-06-01,713.45,14722.54,10318.85,20159.24,28.256,Temporary price reduction,5,431.36,Cutlery Block - National brand,Home & Kitchen,National brand,PR5590,0.0752,282.1,6.1724,1741.23,916.8,824.43,0.8992,Paid for itself
20139,2023-12-01,479.73999999999995,3326.09,2974.86,5042.22,10.5103,Marketplace deal event,5,226.67000000000002,Toner Cartridge - Private label,Office & Stationery,Private label,PR5591,0.1256,253.1,0.7321,185.29,299.24,-113.95,-0.3808,Bought its own volume
20139,2024-01-01,925.47,5698.3,5841.3,8776.97,9.4838,Marketplace deal event,6,226.67000000000002,Toner Cartridge - Private label,Office & Stationery,Private label,PR5592,0.1369,698.8,-0.1545,-107.96,294.24,-402.2,-1.3669,Bought its own volume
20139,2024-12-01,274.15999999999997,2060.67,2178.99,3003.86,10.9566,Temporary price reduction,6,226.67000000000002,Toner Cartridge - Private label,Office & Stationery,Private label,PR5593,0.0948,47.5,-0.4316,-20.5,235.54,-256.04,-1.087,Bought its own volume
20139,2025-01-01,347.17,2795.26,2742.33,3949.72,11.3769,Temporary price reduction,6,226.67000000000002,Toner Cartridge - Private label,Office & Stationery,Private label,PR5594,0.0959,120.5,0.1525,18.38,247.29,-228.91,-0.9257,Bought its own volume
20139,2025-11-01,280.27,2737.13,2235.62,3881.18,13.848,Bundle offer,6,226.67000000000002,Toner Cartridge - Private label,Office & Stationery,Private label,PR5595,0.0812,53.6,1.7894,95.91,254.98,-159.07,-0.6239,Bought its own volume
20140,2024-06-01,22088.829999999998,4585088.859999999,3646125.8499999996,6733746.69,304.8485,Marketplace deal event,6,16577.885000000002,USB-C Charger - Premium brand,Consumer Electronics,Premium brand,PR5596,0.134,5510.9,42.5085,234260.09,677261.86,-443001.77,-0.6541,Bought its own volume
20140,2024-07-01,33839.01,6757612.0,5647020.14,10315771.44,304.8485,Marketplace deal event,6,16577.885000000002,USB-C Charger - Premium brand,Consumer Electronics,Premium brand,PR5597,0.1406,17261.1,32.8199,566507.58,710601.09,-144093.51,-0.2028,Bought its own volume
20140,2025-03-01,26586.66,4616378.4,4471870.899999999,6489210.82,244.07769999999996,Bundle offer,6,16577.885000000002,USB-C Charger - Premium brand,Consumer Electronics,Premium brand,PR5598,0.1035,10008.8,5.4353,54400.83,418650.17,-364249.34,-0.8701,Bought its own volume
20140,2025-09-01,49051.520000000004,7802675.9,8390909.959999999,11478075.31,234.0004,Marketplace deal event,6,16577.885000000002,USB-C Charger - Premium brand,Consumer Electronics,Premium brand,PR5599,0.1338,32473.6,-11.9922,-389429.91,519067.12,-908497.03,-1.7502,Bought its own volume
20141,2024-03-01,2455.99,108641.62,71143.16,127395.4,51.8713,Rebate accelerator,8,2980.79,Socket Set - Premium brand,Tools & Hardware,Premium brand,PR5600,0.045,-524.8,15.2682,-8012.75,6955.86,-14968.61,-2.1519,Bought its own volume
20141,2024-04-01,3566.28,157157.32,99940.0,184987.59,51.8713,Rebate accelerator,8,2980.79,Socket Set - Premium brand,Tools & Hardware,Premium brand,PR5601,0.0349,585.5,16.044,9393.76,5402.01,3991.75,0.7389,Paid for itself
20141,2025-04-01,6813.259999999999,225292.59,154154.09,282464.82,41.4581,Temporary price reduction,9,2980.79,Socket Set - Premium brand,Tools & Hardware,Premium brand,PR5602,0.0778,3832.5,10.4412,40015.9,9609.37,30406.53,3.1643,Paid for itself
20141,2025-05-01,7182.75,228833.44,159712.75,297783.17,41.4581,Temporary price reduction,8,2980.79,Socket Set - Premium brand,Tools & Hardware,Premium brand,PR5603,0.0795,4202.0,9.6232,40436.69,9828.78,30607.91,3.1141,Paid for itself
20141,2025-11-01,6149.5599999999995,191495.45,139168.85,257475.93,41.86899999999999,Bundle offer,7,2980.79,Socket Set - Premium brand,Tools & Hardware,Premium brand,PR5604,0.0865,3168.8,8.509,26963.32,10797.66,16165.66,1.4971,Paid for itself
20142,2024-01-01,3454.89,74819.7,65951.78,102740.48,29.7377,Marketplace deal event,4,1743.91,Yoga Mat - National brand,Sporting Goods,National brand,PR5605,0.1386,1711.0,2.5668,4391.79,7186.04,-2794.25,-0.3888,Bought its own volume
20142,2024-02-01,2040.67,47220.96,37670.56,60684.83,29.7377,Marketplace deal event,5,1743.91,Yoga Mat - National brand,Sporting Goods,National brand,PR5606,0.1338,296.8,4.68,1389.02,6939.3,-5550.28,-0.7998,Bought its own volume
20142,2025-01-01,2375.9,56197.65,48387.1,67908.20999999999,28.582100000000004,Rebate accelerator,5,1743.91,Yoga Mat - National brand,Sporting Goods,National brand,PR5607,0.0345,632.0,3.2874,2077.64,1717.96,359.68,0.2094,Paid for itself
20142,2025-12-01,4133.55,89251.43000000001,79485.27,128116.91,30.994399999999995,Marketplace deal event,5,1743.91,Yoga Mat - National brand,Sporting Goods,National brand,PR5608,0.166,2389.6,2.3627,5645.91,8974.58,-3328.67,-0.3709,Bought its own volume
20142,2026-01-01,5048.49,117281.09,97102.67,156474.92,30.994399999999995,Marketplace deal event,5,1743.91,Yoga Mat - National brand,Sporting Goods,National brand,PR5609,0.127,3304.6,3.9969,13208.16,6862.91,6345.25,0.9246,Paid for itself
20143,2024-02-01,2025.54,111587.72,85158.15000000001,142120.38,70.1642,Bundle offer,3,1386.1,Tool Chest - National brand,Tools & Hardware,National brand,PR5610,0.1019,639.4,13.0482,8343.02,9906.36,-1563.34,-0.1578,Bought its own volume
20143,2025-03-01,2658.31,119001.9,77280.0,150317.33000000002,56.5462,Temporary price reduction,4,1386.1,Tool Chest - National brand,Tools & Hardware,National brand,PR5611,0.091,1272.2,15.6949,19967.05,7130.65,12836.4,1.8002,Paid for itself
20143,2025-04-01,704.18,35054.78,20063.85,39818.7,56.5462,Temporary price reduction,1,1386.1,Tool Chest - National brand,Tools & Hardware,National brand,PR5612,0.0703,-681.9,21.2885,-14516.63,5509.05,-20025.68,-3.6351,Bought its own volume
20143,2026-04-01,926.25,52803.24,31851.79,57848.759999999995,62.4548,Volume bracket,2,1386.1,Tool Chest - National brand,Tools & Hardware,National brand,PR5613,0.0412,-459.8,22.6196,-10400.49,3564.49,-13964.98,-3.9178,Bought its own volume
20144,2026-06-01,397.72,7782.14,7899.74,10326.4,25.964,Temporary price reduction,5,264.46999999999997,Socket Set - National brand,Tools & Hardware,National brand,PR5614,0.0813,133.3,-0.2957,-39.42,558.27,-597.69,-1.0706,Bought its own volume
20145,2024-05-01,6533.21,73077.62,61201.81,94226.55,14.4227,Rebate accelerator,10,5712.02,Laminator - Premium brand,Office & Stationery,Premium brand,PR5615,0.0358,821.2,1.8178,1492.78,2948.54,-1455.76,-0.4937,Bought its own volume
20145,2025-04-01,8070.16,96529.70000000001,88557.09,135322.07,16.7682,Temporary price reduction,10,5712.02,Laminator - Premium brand,Office & Stationery,Premium brand,PR5616,0.0928,2358.1,0.9879,2329.57,8887.5,-6557.93,-0.7379,Bought its own volume
20145,2025-05-01,5563.789999999999,68474.94,62179.8,95435.69,17.153,Temporary price reduction,9,5712.02,Laminator - Premium brand,Office & Stationery,Premium brand,PR5617,0.086,-148.2,1.1314,-167.67,8426.88,-8594.55,-1.0199,Bought its own volume
20145,2025-11-01,8412.95,102045.56999999999,105855.1,153460.63,18.241,Marketplace deal event,9,5712.02,Laminator - Premium brand,Office & Stationery,Premium brand,PR5618,0.1375,2700.9,-0.4528,-1222.97,14323.08,-15546.05,-1.0854,Bought its own volume
20145,2025-12-01,11417.76,142259.85,143714.21,208271.35,18.241,Marketplace deal event,13,5712.02,Laminator - Premium brand,Office & Stationery,Premium brand,PR5619,0.1302,5705.7,-0.1274,-726.91,13561.57,-14288.48,-1.0536,Bought its own volume
20147,2024-03-01,1764.68,41256.05,30870.09,51746.42,29.3234,Rebate accelerator,10,1142.15,Laptop Sleeve - Value,Apparel & Accessories,Value,PR5620,0.0375,622.5,5.8855,3663.72,1254.77,2408.95,1.9198,Paid for itself
20147,2024-04-01,960.6700000000001,22606.510000000002,17284.67,28170.11,29.323400000000003,Rebate accelerator,6,1142.15,Laptop Sleeve - Value,Apparel & Accessories,Value,PR5621,0.0374,-181.5,5.5397,-1005.46,1251.93,-2257.39,-1.8031,Bought its own volume
20147,2025-02-01,1345.8899999999999,29447.28,23846.75,39454.36,29.3147,Bundle offer,8,1142.15,Laptop Sleeve - Value,Apparel & Accessories,Value,PR5622,0.0825,203.7,4.1612,847.64,2761.02,-1913.38,-0.693,Bought its own volume
20147,2026-01-01,2273.17,46837.14,41350.31,69411.69,30.5352,Marketplace deal event,7,1142.15,Laptop Sleeve - Value,Apparel & Accessories,Value,PR5623,0.1504,1131.0,2.4137,2729.89,5246.04,-2516.15,-0.4796,Bought its own volume
20147,2026-02-01,2395.29,51877.91,42967.68,73671.93,30.757,Marketplace deal event,8,1142.15,Laptop Sleeve - Value,Apparel & Accessories,Value,PR5624,0.1305,1253.1,3.7199,4661.41,4583.51,77.9,0.017,Paid for itself
20148,2024-06-01,272.08,14157.09,10615.689999999999,18324.36,67.3491,Temporary price reduction,7,240.685,Bluetooth Speaker - Value,Consumer Electronics,Value,PR5625,0.0929,31.4,13.016,408.7,1505.23,-1096.53,-0.7285,Bought its own volume
20148,2024-07-01,335.95,17348.38,12973.96,22625.95,67.3491,Temporary price reduction,8,240.685,Bluetooth Speaker - Value,Consumer Electronics,Value,PR5626,0.087,95.3,13.021,1240.9,1410.75,-169.85,-0.1204,Bought its own volume
20148,2025-01-01,287.59000000000003,14594.43,10490.64,19368.94,67.3491,Bundle offer,7,240.685,Bluetooth Speaker - Value,Consumer Electronics,Value,PR5627,0.0944,46.9,14.2696,669.24,1529.71,-860.47,-0.5625,Bought its own volume
20148,2025-12-01,464.03,23968.88,15281.15,31251.999999999996,67.3491,Temporary price reduction,7,240.685,Bluetooth Speaker - Value,Consumer Electronics,Value,PR5628,0.0907,223.3,18.7223,4180.69,1470.63,2710.06,1.8428,Paid for itself
20149,2024-02-01,347.82000000000005,14881.380000000001,12629.66,18523.329999999998,53.2555,Temporary price reduction,2,345.21500000000003,Cycling Helmet - National brand,Sporting Goods,National brand,PR5629,0.0813,2.6,6.4738,16.83,1495.51,-1478.68,-0.9887,Bought its own volume
20149,2024-03-01,1033.15,41846.23,37158.38,55020.92,53.2555,Temporary price reduction,4,345.21500000000003,Cycling Helmet - National brand,Sporting Goods,National brand,PR5630,0.0831,687.9,4.5374,3121.28,1527.61,1593.67,1.0432,Paid for itself
20149,2024-11-01,498.5,23999.11,21382.65,31911.090000000004,64.0142,Temporary price reduction,4,345.21500000000003,Cycling Helmet - National brand,Sporting Goods,National brand,PR5631,0.1015,153.3,5.2487,804.63,2242.41,-1437.78,-0.6412,Bought its own volume
20149,2025-09-01,652.84,33018.880000000005,27158.99,42335.76,64.8486,Temporary price reduction,4,345.21500000000003,Cycling Helmet - National brand,Sporting Goods,National brand,PR5632,0.0828,307.6,8.976,2761.02,1854.46,906.56,0.4889,Paid for itself
20150,2023-12-01,534.97,8670.57,6797.76,12121.76,22.658800000000003,Temporary price reduction,7,274.53,Nonstick Cookware Set - National brand,Home & Kitchen,National brand,PR5633,0.0863,260.4,3.5008,911.61,536.9,374.71,0.6979,Paid for itself
20150,2024-01-01,328.38,5410.71,4460.88,7440.7,22.6588,Temporary price reduction,5,274.53,Nonstick Cookware Set - National brand,Home & Kitchen,National brand,PR5634,0.0775,53.9,2.8925,155.91,481.83,-325.92,-0.6764,Bought its own volume
20150,2024-12-01,443.42,8247.99,6296.34,11728.81,26.4508,Temporary price reduction,8,274.53,Nonstick Cookware Set - National brand,Home & Kitchen,National brand,PR5635,0.0961,168.9,4.4014,743.4,698.15,45.25,0.0648,Paid for itself
20150,2025-01-01,309.42,5826.62,4409.12,8184.41,26.450799999999997,Temporary price reduction,7,274.53,Nonstick Cookware Set - National brand,Home & Kitchen,National brand,PR5636,0.0974,34.9,4.5812,159.88,707.26,-547.38,-0.7739,Bought its own volume
20150,2026-03-01,347.52,5979.34,4150.57,8117.1,23.3572,Volume bracket,7,274.53,Nonstick Cookware Set - National brand,Home & Kitchen,National brand,PR5637,0.0634,73.0,5.2623,384.15,406.39,-22.24,-0.0547,Bought its own volume
20151,2024-07-01,1968.12,27517.36,13587.11,34261.63,17.4083,Bundle offer,5,1049.9299999999998,Tool Chest - Private label,Tools & Hardware,Private label,PR5638,0.0803,918.2,7.0779,6498.93,1468.5,5030.43,3.4256,Paid for itself
20151,2025-08-01,1209.88,17371.62,7238.469999999999,20709.64,17.1171,Volume bracket,4,1049.9299999999998,Tool Chest - Private label,Tools & Hardware,Private label,PR5639,0.045,160.0,8.3753,1340.05,808.21,531.84,0.658,Paid for itself
20151,2026-06-01,1441.65,20051.48,10857.060000000001,23450.61,16.2665,Rebate accelerator,4,1049.9299999999998,Tool Chest - Private label,Tools & Hardware,Private label,PR5640,0.0289,391.7,6.3777,2498.15,492.92,2005.23,4.0681,Paid for itself
20152,2023-12-01,2143.68,29121.420000000002,24878.48,43780.38,20.423,Marketplace deal event,6,1009.645,Copy Paper - Private label,Office & Stationery,Private label,PR5641,0.1325,1134.0,1.9793,2244.53,2732.87,-488.34,-0.1787,Bought its own volume
20152,2024-01-01,2547.3599999999997,35131.76,28143.49,52024.74,20.423,Marketplace deal event,5,1009.645,Copy Paper - Private label,Office & Stationery,Private label,PR5642,0.1491,1537.7,2.7433,4218.37,3073.66,1144.71,0.3724,Paid for itself
20152,2025-01-01,1902.94,29875.58,21384.67,39589.340000000004,20.8043,Bundle offer,5,1009.645,Copy Paper - Private label,Office & Stationery,Private label,PR5643,0.0725,893.3,4.462,3985.9,1523.74,2462.16,1.6159,Paid for itself
20152,2025-02-01,1390.22,23101.8,15515.0,30646.98,22.0447,Bundle offer,5,1009.645,Copy Paper - Private label,Office & Stationery,Private label,PR5644,0.083,380.6,5.4573,2077.05,1846.42,230.63,0.1249,Paid for itself
20152,2026-01-01,1480.07,25434.05,20743.33,34401.409999999996,23.2431,Temporary price reduction,5,1009.645,Copy Paper - Private label,Office & Stationery,Private label,PR5645,0.0784,470.4,3.1693,1490.84,1840.3,-349.46,-0.1899,Bought its own volume
20152,2026-02-01,1078.39,18571.44,15084.51,24421.87,22.6466,Temporary price reduction,5,1009.645,Copy Paper - Private label,Office & Stationery,Private label,PR5646,0.0742,68.7,3.2335,222.14,1697.62,-1475.48,-0.8691,Bought its own volume
20153,2024-05-01,1618.92,29670.79,20970.85,38261.89,23.6342,Temporary price reduction,5,1236.9850000000001,Multivitamin - Premium brand,Health & Beauty,Premium brand,PR5647,0.1027,381.9,5.3739,2052.29,3002.48,-950.19,-0.3165,Bought its own volume
20153,2024-06-01,1831.1100000000001,34596.78,24600.23,43276.82,23.6342,Temporary price reduction,7,1236.9850000000001,Multivitamin - Premium brand,Health & Beauty,Premium brand,PR5648,0.0843,594.1,5.4593,3243.37,2463.65,779.72,0.3165,Paid for itself
20153,2025-04-01,3941.94,69787.55,54158.72,94900.62,24.0746,Marketplace deal event,7,1236.9850000000001,Multivitamin - Premium brand,Health & Beauty,Premium brand,PR5649,0.1485,2705.0,3.9648,10724.78,4423.53,6301.25,1.4245,Paid for itself
20153,2026-04-01,1168.6100000000001,23473.45,17261.190000000002,28752.59,24.6041,Volume bracket,6,1236.9850000000001,Multivitamin - Premium brand,Health & Beauty,Premium brand,PR5650,0.0456,-68.4,5.3159,-363.61,1386.7,-1750.31,-1.2622,Bought its own volume
20154,2024-01-01,469.73,14256.1,10026.72,19862.71,42.2854,Temporary price reduction,6,393.97,Aquarium Filter - Premium brand,Pet Supplies,Premium brand,PR5651,0.0811,75.8,9.0039,682.5,1351.02,-668.52,-0.4948,Bought its own volume
20154,2024-08-01,532.77,16907.68,13716.320000000002,22359.78,41.9689,Volume bracket,9,393.97,Aquarium Filter - Premium brand,Pet Supplies,Premium brand,PR5652,0.0498,138.8,5.9901,831.43,823.96,7.47,0.0091,Paid for itself
20154,2024-09-01,442.5,14305.509999999998,11445.880000000001,18571.23,41.9689,Volume bracket,6,393.97,Aquarium Filter - Premium brand,Pet Supplies,Premium brand,PR5653,0.0438,48.5,6.4624,313.43,723.74,-410.31,-0.5669,Bought its own volume
20154,2025-11-01,477.72,16447.45,12330.38,23089.78,48.3333,Temporary price reduction,5,393.97,Aquarium Filter - Premium brand,Pet Supplies,Premium brand,PR5654,0.0745,83.8,8.6182,722.21,1418.21,-696.0,-0.4908,Bought its own volume
20154,2025-12-01,573.64,20394.39,15236.279999999999,27725.920000000002,48.3333,Temporary price reduction,9,393.97,Aquarium Filter - Premium brand,Pet Supplies,Premium brand,PR5655,0.0803,179.7,8.9919,1615.84,1529.51,86.33,0.0564,Paid for itself
20155,2024-08-01,199.33,22405.22,18128.09,26694.92,133.9232,Bundle offer,5,162.06,27in Monitor - Value,Consumer Electronics,Value,PR5656,0.0941,37.3,21.4575,800.36,2042.04,-1241.68,-0.6081,Bought its own volume
20155,2025-03-01,183.92000000000002,22087.77,17513.3,26985.81,146.7258,Temporary price reduction,5,162.06,27in Monitor - Value,Consumer Electronics,Value,PR5657,0.0848,21.9,24.8721,544.7,2015.99,-1471.29,-0.7298,Bought its own volume
20155,2026-04-01,209.5,19846.660000000003,14364.91,23462.74,111.99399999999999,Temporary price reduction,3,162.06,27in Monitor - Value,Consumer Electronics,Value,PR5658,0.0843,47.4,26.1659,1240.26,1530.04,-289.78,-0.1894,Bought its own volume
20156,2024-07-01,943.55,50555.69,49229.81,62782.97,66.5391,Volume bracket,9,631.19,Resistance Bands - Value,Sporting Goods,Value,PR5659,0.0424,312.4,1.4052,438.98,1780.47,-1341.49,-0.7534,Bought its own volume
20156,2025-05-01,714.38,40437.740000000005,40945.619999999995,51970.729999999996,72.7494,Temporary price reduction,7,631.19,Resistance Bands - Value,Sporting Goods,Value,PR5660,0.0837,83.2,-0.7109,-59.15,3845.23,-3904.38,-1.0154,Bought its own volume
20156,2026-05-01,865.5,48714.29,36789.8,63370.94,73.2189,Temporary price reduction,7,631.19,Resistance Bands - Value,Sporting Goods,Value,PR5661,0.0844,234.3,13.7776,3228.09,3901.59,-673.5,-0.1726,Bought its own volume
20157,2024-07-01,224.61,9860.880000000001,10160.69,12220.65,54.4083,Volume bracket,4,232.48,Camping Tent - Value,Sporting Goods,Value,PR5662,0.0547,-7.9,-1.3348,10.54,691.59,-681.05,-0.9848,Bought its own volume
20157,2024-08-01,158.79000000000002,7713.32,6909.41,8812.5,55.4978,Volume bracket,5,232.48,Camping Tent - Value,Sporting Goods,Value,PR5663,0.0617,-73.7,5.0627,-373.12,796.56,-1169.68,-1.4684,Bought its own volume
20157,2025-07-01,421.83,17899.87,16630.86,23047.66,54.6373,Bundle offer,4,232.48,Camping Tent - Value,Sporting Goods,Value,PR5664,0.0805,189.4,3.0083,569.77,1022.72,-452.95,-0.4429,Bought its own volume
20157,2025-08-01,399.88000000000005,17397.88,15802.37,22048.780000000002,55.1385,Bundle offer,6,232.48,Camping Tent - Value,Sporting Goods,Value,PR5665,0.0895,167.4,3.99,667.93,1147.1,-479.17,-0.4177,Bought its own volume
20158,2024-06-01,1973.51,57801.149999999994,52360.770000000004,76183.2,38.6029,Marketplace deal event,5,3208.335,Cutlery Block - Value,Home & Kitchen,Value,PR5666,0.1246,-1234.8,2.7567,-3403.97,15431.58,-18835.55,-1.2206,Bought its own volume
20158,2025-01-01,6378.87,141557.93,167352.84,204907.8,32.1229,Temporary price reduction,6,3208.335,Cutlery Block - Value,Home & Kitchen,Value,PR5667,0.08,3170.5,-4.0438,-12820.87,8249.91,-21070.78,-2.5541,Bought its own volume
20158,2025-02-01,1021.86,27108.760000000002,26573.16,32825.12,32.1229,Temporary price reduction,5,3208.335,Cutlery Block - Value,Home & Kitchen,Value,PR5668,0.0687,-2186.5,0.5241,-1145.94,7077.27,-8223.21,-1.1619,Bought its own volume
20158,2026-01-01,6069.36,130221.73,156493.6,176699.1,29.1133,Volume bracket,7,3208.335,Cutlery Block - Value,Home & Kitchen,Value,PR5669,0.0522,2861.0,-4.3286,-12384.12,4878.78,-17262.9,-3.5384,Bought its own volume
20159,2024-05-01,7597.780000000001,112848.23999999999,121597.16,161477.90000000002,21.2533,Marketplace deal event,5,1134.54,Cooler Box - Value,Sporting Goods,Value,PR5670,0.1263,6463.2,-1.1515,-7442.37,3046.15,-10488.52,-3.4432,Bought its own volume
20159,2024-06-01,1958.52,29953.81,31422.1,41625.009999999995,21.2533,Marketplace deal event,2,1134.54,Cooler Box - Value,Sporting Goods,Value,PR5671,0.1304,824.0,-0.7497,-617.75,3144.26,-3762.01,-1.1965,Bought its own volume
20159,2025-07-01,4613.21,68402.17,76802.56,98045.94,21.2533,Bundle offer,4,1134.54,Cooler Box - Value,Sporting Goods,Value,PR5672,0.0909,3478.7,-1.8209,-6334.36,2191.19,-8525.55,-3.8908,Bought its own volume
20159,2025-08-01,512.04,8831.16,8637.029999999999,10882.54,21.2533,Bundle offer,3,1134.54,Cooler Box - Value,Sporting Goods,Value,PR5673,0.0903,-622.5,0.3791,-235.99,2177.48,-2413.47,-1.1084,Bought its own volume
20159,2026-02-01,297.33000000000004,7028.2,5657.06,8536.94,28.712,Temporary price reduction,3,1134.54,Cooler Box - Value,Sporting Goods,Value,PR5674,0.0838,-837.2,4.6115,-3860.75,2728.38,-6589.13,-2.415,Bought its own volume
20159,2026-03-01,1857.45,38831.0,36404.34,53331.11,28.712,Temporary price reduction,4,1134.54,Cooler Box - Value,Sporting Goods,Value,PR5675,0.0823,722.9,1.3064,944.4,2682.34,-1737.94,-0.6479,Bought its own volume
20160,2024-06-01,1779.24,18041.68,14638.69,24674.16,13.867799999999999,Temporary price reduction,5,1275.82,Pet Bed - Private label,Pet Supplies,Private label,PR5676,0.0873,503.4,1.9126,962.8,1544.92,-582.12,-0.3768,Bought its own volume
20160,2025-02-01,2140.91,22902.329999999998,16389.1,31123.260000000002,14.5374,Temporary price reduction,6,1275.82,Pet Bed - Private label,Pet Supplies,Private label,PR5677,0.0896,865.1,3.0423,2631.89,1662.44,969.45,0.5831,Paid for itself
20160,2025-11-01,933.58,9993.3,7736.11,13946.09,14.9383,Temporary price reduction,3,1275.82,Pet Bed - Private label,Pet Supplies,Private label,PR5678,0.0928,-342.2,2.4178,-827.37,1768.46,-2595.83,-1.4678,Bought its own volume
20160,2025-12-01,2200.14,24517.559999999998,17092.0,32866.36,14.9383,Temporary price reduction,6,1275.82,Pet Bed - Private label,Pet Supplies,Private label,PR5679,0.0811,924.3,3.375,3119.51,1544.83,1574.68,1.0193,Paid for itself
20161,2024-07-01,2869.28,68678.26,56969.259999999995,98948.84,34.4856,Marketplace deal event,6,1206.14,Blender - Premium brand,Home & Kitchen,Premium brand,PR5680,0.147,1663.1,4.0808,6786.78,6114.1,672.68,0.11,Paid for itself
20161,2025-02-01,2203.5,56887.97,43313.55,77813.73999999999,35.3137,Bundle offer,7,1206.14,Blender - Premium brand,Home & Kitchen,Premium brand,PR5681,0.0954,997.4,6.1604,6144.38,4064.92,2079.46,0.5116,Paid for itself
20161,2025-08-01,1670.0900000000001,46107.42,35345.46,62987.1,37.714800000000004,Temporary price reduction,7,1206.14,Blender - Premium brand,Home & Kitchen,Premium brand,PR5682,0.0811,464.0,6.4439,2989.97,3688.79,-698.82,-0.1894,Bought its own volume
20162,2024-04-01,1368.86,14707.85,9290.45,19127.78,13.9735,Rebate accelerator,9,856.6,Gel Pens - Private label,Office & Stationery,Private label,PR5683,0.0296,512.3,3.9576,2027.48,354.34,1673.14,4.7218,Paid for itself
20162,2024-11-01,1606.4,17626.81,12318.68,26714.43,16.63,Marketplace deal event,8,856.6,Gel Pens - Private label,Office & Stationery,Private label,PR5684,0.1391,749.8,3.3044,2477.64,1981.35,496.29,0.2505,Paid for itself
20162,2024-12-01,1552.99,17321.3,12132.6,25826.22,16.63,Marketplace deal event,8,856.6,Gel Pens - Private label,Office & Stationery,Private label,PR5685,0.1314,696.4,3.3411,2326.74,1872.15,454.59,0.2428,Paid for itself
20162,2025-10-01,758.66,10817.43,6435.19,15061.53,19.8528,Temporary price reduction,9,856.6,Gel Pens - Private label,Office & Stationery,Private label,PR5686,0.0908,-97.9,5.7763,-565.5,1544.97,-2110.47,-1.366,Bought its own volume
20162,2026-05-01,412.11,6543.01,3478.82,9162.32,22.2327,Bundle offer,7,856.6,Gel Pens - Private label,Office & Stationery,Private label,PR5687,0.0879,-444.5,7.4354,-3305.04,1674.53,-4979.57,-2.9737,Bought its own volume
20163,2024-02-01,1815.09,27834.86,27195.31,35996.85999999999,19.832,Rebate accelerator,3,3110.4900000000002,Sunscreen SPF50 - National brand,Health & Beauty,National brand,PR5688,0.0371,-1295.4,0.3524,-456.5,2290.98,-2747.48,-1.1993,Bought its own volume
20163,2024-03-01,4303.03,66259.18000000001,63856.54,85337.68,19.832,Rebate accelerator,7,3110.4900000000002,Sunscreen SPF50 - National brand,Health & Beauty,National brand,PR5689,0.0395,1192.5,0.5584,665.89,2435.87,-1769.98,-0.7266,Bought its own volume
20163,2025-05-01,5062.34,70214.41,63528.83,90543.5,17.8857,Rebate accelerator,6,3110.4900000000002,Sunscreen SPF50 - National brand,Health & Beauty,National brand,PR5690,0.0391,1951.8,1.3207,2577.74,2174.44,403.3,0.1855,Paid for itself
20163,2025-12-01,4354.61,62645.02,60627.06,77422.79000000001,17.7795,Rebate accelerator,4,3110.4900000000002,Sunscreen SPF50 - National brand,Health & Beauty,National brand,PR5691,0.0298,1244.1,0.4634,576.52,1650.27,-1073.75,-0.6507,Bought its own volume
20163,2026-01-01,10202.6,140935.38,140289.83,181397.13,17.7795,Rebate accelerator,7,3110.4900000000002,Sunscreen SPF50 - National brand,Health & Beauty,National brand,PR5692,0.0335,7092.1,0.0633,448.93,1851.27,-1402.34,-0.7575,Bought its own volume
20164,2024-01-01,1634.8,61427.32,67643.62,82217.86,50.2923,Bundle offer,8,1266.695,LED Floor Lamp - National brand,Home & Kitchen,National brand,PR5693,0.0943,368.1,-3.8025,-1399.7,6008.17,-7407.87,-1.233,Bought its own volume
20164,2025-02-01,1411.5,61086.17,55032.99,77908.59,55.1956,Rebate accelerator,8,1266.695,LED Floor Lamp - National brand,Home & Kitchen,National brand,PR5694,0.0399,144.8,4.2885,620.97,2793.08,-2172.11,-0.7777,Bought its own volume
20164,2025-03-01,1696.18,73479.26,68794.34,91977.75,54.2264,Rebate accelerator,8,1266.695,LED Floor Lamp - National brand,Home & Kitchen,National brand,PR5695,0.0357,429.5,2.762,1186.28,2454.95,-1268.67,-0.5168,Bought its own volume
20164,2025-09-01,4336.83,159119.05,160866.02,226487.04,52.2241,Marketplace deal event,10,1266.695,LED Floor Lamp - National brand,Home & Kitchen,National brand,PR5696,0.1415,3070.1,-0.4028,-1236.64,9358.66,-10595.3,-1.1321,Bought its own volume
20164,2025-10-01,4276.07,152545.58000000002,147836.15,223313.91,52.2241,Marketplace deal event,9,1266.695,LED Floor Lamp - National brand,Home & Kitchen,National brand,PR5697,0.1475,3009.4,1.1013,3314.25,9760.14,-6445.89,-0.6604,Bought its own volume
20164,2026-04-01,1557.71,67542.41,63168.560000000005,84374.92,54.166,Rebate accelerator,8,1266.695,LED Floor Lamp - National brand,Home & Kitchen,National brand,PR5698,0.0374,291.0,2.8079,817.1,2564.9,-1747.8,-0.6814,Bought its own volume
20165,2024-05-01,3209.59,47578.81,40007.86,60810.159999999996,18.9464,Volume bracket,9,3132.04,Electric Toothbrush - National brand,Health & Beauty,National brand,PR5699,0.0408,77.6,2.3589,183.05,2421.55,-2238.5,-0.9244,Bought its own volume
20165,2025-06-01,5245.28,64011.96,65856.6,85891.45999999999,16.375,Temporary price reduction,10,3132.04,Electric Toothbrush - National brand,Health & Beauty,National brand,PR5700,0.0899,2113.2,-0.3517,-743.21,4613.28,-5356.49,-1.1611,Bought its own volume
20165,2026-04-01,3523.8599999999997,49587.77,44721.66,66255.61,18.802,Bundle offer,10,3132.04,Electric Toothbrush - National brand,Health & Beauty,National brand,PR5701,0.0824,391.8,1.3809,541.04,4850.68,-4309.64,-0.8885,Bought its own volume
20166,2024-05-01,396.42,4727.47,4217.66,6285.45,15.8556,Rebate accelerator,9,349.74,Storage Bins - Value,Home & Kitchen,Value,PR5702,0.0329,46.7,1.286,60.06,182.31,-122.25,-0.6706,Bought its own volume
20166,2024-06-01,502.65000000000003,6026.2,5724.83,7892.3,15.701400000000001,Rebate accelerator,10,349.74,Storage Bins - Value,Home & Kitchen,Value,PR5703,0.0346,152.9,0.5996,91.68,190.21,-98.53,-0.518,Bought its own volume
20166,2025-07-01,730.5,7399.81,8928.25,10992.36,15.0477,Marketplace deal event,8,349.74,Storage Bins - Value,Home & Kitchen,Value,PR5704,0.1322,380.8,-2.0923,-796.75,695.93,-1492.68,-2.1449,Bought its own volume
20166,2025-08-01,1027.37,9724.73,12731.58,15459.56,15.0477,Marketplace deal event,10,349.74,Storage Bins - Value,Home & Kitchen,Value,PR5705,0.1387,677.6,-2.9267,-1983.13,729.8,-2712.93,-3.7174,Bought its own volume
20166,2026-06-01,1055.8899999999999,10732.29,13045.31,16571.96,15.6948,Marketplace deal event,10,349.74,Storage Bins - Value,Home & Kitchen,Value,PR5706,0.153,706.1,-2.1906,-1546.78,840.08,-2386.86,-2.8412,Bought its own volume
20167,2024-01-01,729.53,58332.46,44155.31,70115.36,96.1103,Volume bracket,5,1480.675,27in Monitor - Value,Consumer Electronics,Value,PR5707,0.0492,-751.1,19.4333,-14596.35,7004.51,-21600.86,-3.0839,Bought its own volume
20167,2024-09-01,2951.49,190555.68,159025.11,238541.2,80.8206,Bundle offer,7,1480.675,27in Monitor - Value,Consumer Electronics,Value,PR5708,0.093,1470.8,10.6829,15712.41,11126.07,4586.34,0.4122,Paid for itself
20167,2025-04-01,2216.14,158422.72,127837.37,186783.16,84.2831,Rebate accelerator,7,1480.675,27in Monitor - Value,Consumer Electronics,Value,PR5709,0.0337,735.5,13.8012,10150.78,4207.61,5943.17,1.4125,Paid for itself
20167,2025-05-01,1586.52,107300.87000000001,92156.04,125264.31999999999,78.95539999999998,Rebate accelerator,7,1480.675,27in Monitor - Value,Consumer Electronics,Value,PR5710,0.0395,105.8,9.5459,1009.96,4613.25,-3603.29,-0.7811,Bought its own volume
20168,2024-04-01,1809.44,19664.58,18673.42,30446.18,16.8263,Marketplace deal event,7,496.86,Aquarium Filter - Premium brand,Pet Supplies,Premium brand,PR5711,0.1542,1312.6,0.5478,719.04,1289.51,-570.47,-0.4424,Bought its own volume
20168,2025-03-01,674.12,8346.7,8246.11,11342.949999999999,16.8263,Temporary price reduction,7,496.86,Aquarium Filter - Premium brand,Pet Supplies,Premium brand,PR5712,0.0944,177.3,0.1492,26.45,789.3,-762.85,-0.9665,Bought its own volume
20168,2026-03-01,586.28,7708.66,7192.89,9864.91,16.8263,Rebate accelerator,6,496.86,Aquarium Filter - Premium brand,Pet Supplies,Premium brand,PR5713,0.0348,89.4,0.8797,78.65,291.18,-212.53,-0.7299,Bought its own volume
20169,2024-01-01,2766.9700000000003,47383.130000000005,46765.13,69932.12,25.2739,Marketplace deal event,8,1181.99,Laser Measure - Value,Tools & Hardware,Value,PR5714,0.1378,1585.0,0.2233,353.93,4117.51,-3763.58,-0.914,Bought its own volume
20169,2025-02-01,712.26,10948.06,9373.05,14619.07,20.5249,Temporary price reduction,6,1181.99,Laser Measure - Value,Tools & Hardware,Value,PR5715,0.0905,-469.7,2.2113,-1038.65,2195.92,-3234.57,-1.473,Bought its own volume
20169,2025-10-01,1166.1200000000001,17625.39,16304.220000000001,24792.17,21.2604,Temporary price reduction,9,1181.99,Laser Measure - Value,Tools & Hardware,Value,PR5716,0.0923,-15.9,1.133,-18.01,2320.18,-2338.19,-1.0078,Bought its own volume
20170,2024-05-01,4357.05,50506.63,45479.74,74947.36,17.2014,Marketplace deal event,13,1191.94,Laminator - National brand,Office & Stationery,National brand,PR5717,0.1517,3165.1,1.1537,3651.58,3109.46,542.12,0.1743,Paid for itself
20170,2024-06-01,2942.08,33950.36,29645.289999999997,51351.35,17.4541,Marketplace deal event,10,1191.94,Laminator - National brand,Office & Stationery,National brand,PR5718,0.1318,1750.1,1.4633,2560.92,2742.87,-181.95,-0.0663,Bought its own volume
20170,2025-05-01,1452.74,23376.93,17334.96,30673.43,21.1142,Volume bracket,13,1191.94,Laminator - National brand,Office & Stationery,National brand,PR5719,0.0499,260.8,4.159,1084.67,1255.51,-170.84,-0.1361,Bought its own volume
20170,2025-06-01,760.82,13473.76,9216.9,17701.45,23.2663,Volume bracket,11,1191.94,Laminator - National brand,Office & Stationery,National brand,PR5720,0.0483,-431.1,5.5951,-2412.05,1339.24,-3751.29,-2.8011,Bought its own volume
20170,2026-02-01,762.92,14640.23,9337.48,20053.05,26.2846,Temporary price reduction,11,1191.94,Laminator - National brand,Office & Stationery,National brand,PR5721,0.0884,-429.0,6.9506,-2981.81,2770.57,-5752.38,-2.0762,Bought its own volume
20171,2024-02-01,10409.86,390573.58,320545.62,477450.31,45.865199999999994,Volume bracket,6,10044.41,Socket Set - Premium brand,Tools & Hardware,Premium brand,PR5722,0.05,365.5,6.7271,2458.76,23027.48,-20568.72,-0.8932,Bought its own volume
20171,2024-03-01,10885.57,413721.3,325160.69,499268.85,45.865199999999994,Volume bracket,6,10044.41,Socket Set - Premium brand,Tools & Hardware,Premium brand,PR5723,0.0431,841.2,8.1356,6843.67,19862.65,-13018.98,-0.6555,Bought its own volume
20171,2024-12-01,7186.87,203648.97999999998,184265.6,271695.31,37.8044,Temporary price reduction,3,10044.41,Socket Set - Premium brand,Tools & Hardware,Premium brand,PR5724,0.1086,-2857.5,2.6971,-7706.96,41223.93,-48930.89,-1.187,Bought its own volume
20171,2025-11-01,22401.64,588261.19,641078.92,754502.91,33.6807,Temporary price reduction,8,10044.41,Socket Set - Premium brand,Tools & Hardware,Premium brand,PR5725,0.0842,12357.2,-2.3578,-29135.81,28475.15,-57610.96,-2.0232,Bought its own volume
20171,2025-12-01,14662.68,391267.09,442801.19999999995,493849.33,33.6807,Temporary price reduction,5,10044.41,Socket Set - Premium brand,Tools & Hardware,Premium brand,PR5726,0.0727,4618.3,-3.5146,-16231.48,24586.91,-40818.39,-1.6602,Bought its own volume
20172,2024-06-01,732.06,12855.57,12746.03,16240.470000000001,22.1846,Rebate accelerator,8,846.25,Dry-Erase Board - National brand,Office & Stationery,National brand,PR5727,0.0359,-114.2,0.1496,-17.08,673.59,-690.67,-1.0254,Bought its own volume
20172,2025-01-01,3442.2799999999997,50947.23,64963.06,79582.4,23.1191,Marketplace deal event,9,846.25,Dry-Erase Board - National brand,Office & Stationery,National brand,PR5728,0.1452,2596.0,-4.0717,-10570.13,2841.37,-13411.5,-4.7201,Bought its own volume
20172,2025-02-01,2051.81,32844.45,39037.93,47436.01,23.1191,Marketplace deal event,9,846.25,Dry-Erase Board - National brand,Office & Stationery,National brand,PR5729,0.1384,1205.6,-3.0185,-3639.1,2707.98,-6347.08,-2.3438,Bought its own volume
20172,2025-12-01,450.68,12788.0,10320.76,15786.05,35.0272,Rebate accelerator,9,846.25,Dry-Erase Board - National brand,Office & Stationery,National brand,PR5730,0.0346,-395.6,5.4745,-2165.71,1025.32,-3191.03,-3.1122,Bought its own volume
20172,2026-01-01,607.67,16023.07,13438.45,20676.71,34.0262,Rebate accelerator,7,846.25,Dry-Erase Board - National brand,Office & Stationery,National brand,PR5731,0.0355,-238.6,4.2533,-1014.84,1021.87,-2036.71,-1.9931,Bought its own volume
20173,2024-02-01,12180.48,227658.43,247171.16999999998,327078.76999999996,26.8527,Marketplace deal event,4,9337.695,Safety Boots - Value,Apparel & Accessories,Value,PR5732,0.1461,2842.8,-1.602,-4554.17,36642.28,-41196.45,-1.1243,Bought its own volume
20173,2024-10-01,7590.82,173172.94,158954.04,217423.09000000003,28.642900000000004,Volume bracket,5,9337.695,Safety Boots - Value,Apparel & Accessories,Value,PR5733,0.0464,-1746.9,1.8732,-3272.29,12409.24,-15681.53,-1.2637,Bought its own volume
20173,2024-11-01,15823.43,319131.49,325253.76999999996,420817.77,26.594599999999996,Volume bracket,7,9337.695,Safety Boots - Value,Apparel & Accessories,Value,PR5734,0.0474,6485.7,-0.3869,-2509.32,11763.63,-14272.95,-1.2133,Bought its own volume
20173,2025-08-01,13843.329999999998,257258.85,256645.65,346020.95999999996,24.995500000000003,Temporary price reduction,6,9337.695,Safety Boots - Value,Apparel & Accessories,Value,PR5735,0.0809,4505.6,0.0443,199.6,18874.28,-18674.68,-0.9894,Bought its own volume
20173,2026-04-01,12979.94,225123.3,229410.06,284354.14,21.9072,Volume bracket,6,9337.695,Safety Boots - Value,Apparel & Accessories,Value,PR5736,0.0508,3642.2,-0.3303,-1203.02,10395.5,-11598.52,-1.1157,Bought its own volume
20173,2026-05-01,23742.86,399731.97000000003,424054.58999999997,528081.58,22.2417,Volume bracket,8,9337.695,Safety Boots - Value,Apparel & Accessories,Value,PR5737,0.0461,14405.2,-1.0244,-14756.69,9573.94,-24330.63,-2.5413,Bought its own volume
20174,2023-12-01,3395.65,30532.21,29803.96,43559.729999999996,12.8281,Marketplace deal event,9,1081.51,Body Wash - National brand,Health & Beauty,National brand,PR5738,0.1399,2314.1,0.2145,496.37,1941.41,-1445.04,-0.7443,Bought its own volume
20174,2024-01-01,4614.05,41179.36,41094.57,59189.5,12.8281,Marketplace deal event,11,1081.51,Body Wash - National brand,Health & Beauty,National brand,PR5739,0.145,3532.5,0.0184,65.0,2012.31,-1947.31,-0.9677,Bought its own volume
20174,2024-07-01,1885.23,17959.739999999998,17921.55,24183.91,12.828100000000001,Temporary price reduction,10,1081.51,Body Wash - National brand,Health & Beauty,National brand,PR5740,0.0814,803.7,0.0203,16.32,1129.66,-1113.34,-0.9856,Bought its own volume
20174,2025-05-01,1594.19,15082.13,13689.15,20450.44,12.8281,Bundle offer,12,1081.51,Body Wash - National brand,Health & Beauty,National brand,PR5741,0.0929,512.7,0.8738,448.0,1289.2,-841.2,-0.6525,Bought its own volume
20174,2025-06-01,1035.33,10014.48,9418.710000000001,13281.310000000001,12.828100000000001,Bundle offer,10,1081.51,Body Wash - National brand,Health & Beauty,National brand,PR5742,0.0885,-46.2,0.5754,-26.58,1227.86,-1254.44,-1.0216,Bought its own volume
20174,2025-12-01,1616.82,15419.929999999998,16447.25,20740.72,12.8281,Bundle offer,11,1081.51,Body Wash - National brand,Health & Beauty,National brand,PR5743,0.0824,535.3,-0.6354,-340.13,1143.12,-1483.25,-1.2975,Bought its own volume
20174,2026-01-01,2024.07,19028.82,20857.829999999998,25964.97,12.8281,Bundle offer,11,1081.51,Body Wash - National brand,Health & Beauty,National brand,PR5744,0.0951,942.6,-0.9036,-851.73,1319.53,-2171.26,-1.6455,Bought its own volume
20175,2024-05-01,445.77,5027.05,4664.78,7366.76,16.5259,Temporary price reduction,11,308.72,Cat Litter - Private label,Pet Supplies,Private label,PR5745,0.0849,137.0,0.8127,111.34,432.97,-321.63,-0.7428,Bought its own volume
20175,2024-06-01,485.11,5533.63,5184.93,8027.52,16.5478,Temporary price reduction,13,308.72,Cat Litter - Private label,Pet Supplies,Private label,PR5746,0.0882,176.4,0.7188,126.8,450.34,-323.54,-0.7184,Bought its own volume
20175,2025-02-01,355.40000000000003,3968.95,3438.0600000000004,5784.57,16.2763,Temporary price reduction,11,308.72,Cat Litter - Private label,Pet Supplies,Private label,PR5747,0.0974,46.7,1.4938,69.76,489.44,-419.68,-0.8575,Bought its own volume
20175,2025-03-01,447.91,5080.59,4241.91,7430.28,16.5888,Temporary price reduction,12,308.72,Cat Litter - Private label,Pet Supplies,Private label,PR5748,0.0886,139.2,1.8724,260.64,453.59,-192.95,-0.4254,Bought its own volume
20175,2026-02-01,350.25,3845.2,3327.19,5551.1900000000005,15.8492,Bundle offer,10,308.72,Cat Litter - Private label,Pet Supplies,Private label,PR5749,0.0807,41.5,1.479,61.38,394.7,-333.32,-0.8445,Bought its own volume
20176,2024-05-01,3736.75,136528.96,115576.56,167796.15999999997,44.9043,Rebate accelerator,5,2204.8199999999997,Work Gloves - Value,Tools & Hardware,Value,PR5750,0.0336,1531.9,5.6071,8589.52,3323.68,5265.84,1.5843,Paid for itself
20176,2024-06-01,5020.05,173340.31,153165.25,225421.83,44.9043,Rebate accelerator,4,2204.8199999999997,Work Gloves - Value,Tools & Hardware,Value,PR5751,0.0358,2815.2,4.0189,11314.01,3544.08,7769.93,2.1924,Paid for itself
20176,2025-03-01,7329.41,240047.0,192189.58,321948.0,43.9255,Temporary price reduction,5,2204.8199999999997,Work Gloves - Value,Tools & Hardware,Value,PR5752,0.0778,5124.6,6.5295,33461.08,7536.69,25924.39,3.4398,Paid for itself
20176,2026-04-01,1119.87,52509.32000000001,29785.85,64117.03,57.254,Bundle offer,3,2204.8199999999997,Work Gloves - Value,Tools & Hardware,Value,PR5753,0.0976,-1084.9,20.2912,-22013.92,12326.05,-34339.97,-2.786,Bought its own volume
20176,2026-05-01,4719.16,195330.55,129259.21,258741.63,54.8279,Bundle offer,5,2204.8199999999997,Work Gloves - Value,Tools & Hardware,Value,PR5754,0.0953,2514.3,14.0007,35201.96,11514.58,23687.38,2.0572,Paid for itself
20177,2024-07-01,6363.36,173942.77,151587.96000000002,224740.51,35.3179,Rebate accelerator,6,3926.21,Nonstick Cookware Set - Value,Home & Kitchen,Value,PR5755,0.0344,2437.1,3.5131,8561.78,4765.57,3796.21,0.7966,Paid for itself
20177,2024-08-01,4395.05,124856.19,106064.86,155223.95,35.3179,Rebate accelerator,6,3926.21,Nonstick Cookware Set - Value,Home & Kitchen,Value,PR5756,0.0319,468.8,4.2756,2004.4,4424.38,-2419.98,-0.547,Bought its own volume
20177,2025-10-01,4809.33,133476.14,100838.18,169855.42,35.3179,Volume bracket,7,3926.21,Nonstick Cookware Set - Value,Home & Kitchen,Value,PR5757,0.0471,883.1,6.7864,5993.07,6535.79,-542.72,-0.083,Bought its own volume
20177,2025-11-01,7642.62,203047.58,156135.66999999998,269921.28,35.3179,Volume bracket,7,3926.21,Nonstick Cookware Set - Value,Home & Kitchen,Value,PR5758,0.0538,3716.4,6.1382,22812.01,7461.76,15350.25,2.0572,Paid for itself
20178,2024-02-01,297.97,8847.88,7367.3099999999995,10699.12,35.9067,Bundle offer,3,1501.105,Socket Set - National brand,Tools & Hardware,National brand,PR5759,0.0933,-1203.1,4.9689,-5978.08,5026.5,-11004.58,-2.1893,Bought its own volume
20178,2024-03-01,1468.75,39206.22,35363.97,52737.97,35.9067,Bundle offer,3,1501.105,Socket Set - National brand,Tools & Hardware,National brand,PR5760,0.1056,-32.4,2.616,-84.76,5692.94,-5777.7,-1.0149,Bought its own volume
20178,2025-01-01,2827.21,49655.22,52940.07,66057.19,23.3648,Temporary price reduction,3,1501.105,Socket Set - National brand,Tools & Hardware,National brand,PR5761,0.0796,1326.1,-1.1619,-1540.8,2793.21,-4334.01,-1.5516,Bought its own volume
20178,2025-12-01,1179.58,23740.34,23923.649999999998,28336.46,24.0225,Volume bracket,2,1501.105,Socket Set - National brand,Tools & Hardware,National brand,PR5762,0.0509,-321.5,-0.1554,49.96,1837.2,-1787.24,-0.9728,Bought its own volume
20179,2026-04-01,2886.41,90198.86,70143.52,132607.16,45.9419,Marketplace deal event,12,1597.69,Nonstick Cookware Set - Private label,Home & Kitchen,Private label,PR5763,0.1417,1288.7,6.9482,8954.15,10402.59,-1448.44,-0.1392,Bought its own volume
20180,2024-04-01,17346.27,214236.48,177957.13,298609.1,17.2146,Marketplace deal event,10,10952.17,Sunscreen SPF50 - National brand,Health & Beauty,National brand,PR5764,0.1463,6394.1,2.0915,13373.26,27581.18,-14207.92,-0.5151,Bought its own volume
20180,2025-06-01,9024.400000000001,113362.77,100215.95,150578.44,16.6857,Temporary price reduction,8,10952.17,Sunscreen SPF50 - National brand,Health & Beauty,National brand,PR5765,0.0844,-1927.8,1.4568,-2808.42,15425.58,-18234.0,-1.1821,Bought its own volume
20180,2025-07-01,25400.66,315533.98,288350.82,416255.86,16.3876,Temporary price reduction,12,10952.17,Sunscreen SPF50 - National brand,Health & Beauty,National brand,PR5766,0.0764,14448.5,1.0702,15462.78,13719.6,1743.18,0.1271,Paid for itself
20181,2024-06-01,170.02,1730.43,1871.26,2587.23,15.2171,Marketplace deal event,7,135.0,Desk Organiser - National brand,Office & Stationery,National brand,PR5767,0.1452,35.0,-0.8283,-28.99,298.32,-327.31,-1.0972,Bought its own volume
20181,2025-06-01,137.41,1635.93,1690.51,2199.29,16.0053,Temporary price reduction,8,135.0,Desk Organiser - National brand,Office & Stationery,National brand,PR5768,0.0924,2.4,-0.3972,-0.95,199.56,-200.51,-1.0048,Bought its own volume
20181,2025-07-01,138.18,1654.56,1680.5500000000002,2211.6200000000003,16.0053,Temporary price reduction,9,135.0,Desk Organiser - National brand,Office & Stationery,National brand,PR5769,0.0876,3.2,-0.1881,-0.6,189.3,-189.9,-1.0032,Bought its own volume
20182,2024-03-01,550.31,14520.34,13107.06,19070.23,34.6536,Volume bracket,6,550.35,USB-C Charger - Value,Consumer Electronics,Value,PR5770,0.0541,-0.0,2.5682,-0.0,1030.93,-1030.93,-1.0,Bought its own volume
20182,2024-04-01,575.38,14882.64,12986.73,19938.98,34.6536,Volume bracket,6,550.35,USB-C Charger - Value,Consumer Electronics,Value,PR5771,0.0541,25.0,3.2951,82.38,1032.29,-949.91,-0.9202,Bought its own volume
20182,2024-11-01,883.11,23904.39,22489.089999999997,31380.88,35.5345,Volume bracket,6,550.35,USB-C Charger - Value,Consumer Electronics,Value,PR5772,0.0459,332.8,1.6026,533.35,896.95,-363.6,-0.4054,Bought its own volume
20182,2024-12-01,830.78,22735.78,21505.579999999998,29521.36,35.5345,Volume bracket,6,550.35,USB-C Charger - Value,Consumer Electronics,Value,PR5773,0.0566,280.4,1.4808,415.22,1106.31,-691.09,-0.6247,Bought its own volume
20182,2026-01-01,612.76,14265.34,12217.58,19275.47,31.456799999999998,Bundle offer,5,550.35,USB-C Charger - Value,Consumer Electronics,Value,PR5774,0.077,62.4,3.3419,208.53,1333.24,-1124.71,-0.8436,Bought its own volume
20182,2026-02-01,857.24,17866.93,16382.810000000001,24817.690000000002,28.9507,Bundle offer,6,550.35,USB-C Charger - Value,Consumer Electronics,Value,PR5775,0.094,306.9,1.7313,531.34,1497.97,-966.63,-0.6453,Bought its own volume
20183,2024-06-01,8101.03,568079.29,473023.19,712064.34,87.898,Volume bracket,8,6975.05,Cooler Box - Premium brand,Sporting Goods,Premium brand,PR5776,0.0445,1126.0,11.7338,13212.26,27287.09,-14074.83,-0.5158,Bought its own volume
20183,2025-01-01,8295.1,581218.34,448895.15,766316.26,92.3818,Temporary price reduction,7,6975.05,Cooler Box - Premium brand,Sporting Goods,Premium brand,PR5777,0.0736,1320.1,15.952,21058.24,47452.66,-26394.42,-0.5562,Bought its own volume
20183,2025-11-01,10086.61,625094.24,475090.43,800882.89,79.4006,Rebate accelerator,6,6975.05,Cooler Box - Premium brand,Sporting Goods,Premium brand,PR5778,0.0346,3111.6,14.8716,46274.47,19188.01,27086.46,1.4116,Paid for itself
20184,2024-06-01,9828.66,1132993.6400000001,935114.45,1547873.39,157.4857,Marketplace deal event,7,5164.08,Wireless Earbuds - Premium brand,Consumer Electronics,Premium brand,PR5779,0.1382,4664.6,20.1329,93911.93,112421.65,-18509.72,-0.1646,Bought its own volume
20184,2025-02-01,5638.299999999999,697394.84,550623.97,860815.61,152.6729,Volume bracket,8,5164.08,Wireless Earbuds - Premium brand,Consumer Electronics,Premium brand,PR5780,0.0572,474.2,26.0311,12343.95,45116.69,-32772.74,-0.7264,Bought its own volume
20184,2025-03-01,5939.82,745727.4,578248.6,906849.56,152.6729,Volume bracket,7,5164.08,Wireless Earbuds - Premium brand,Consumer Electronics,Premium brand,PR5781,0.0402,775.7,28.1959,21871.56,31687.46,-9815.9,-0.3098,Bought its own volume
20184,2025-12-01,11624.05,1207179.5899999999,1085418.92,1560283.45,134.2289,Temporary price reduction,7,5164.08,Wireless Earbuds - Premium brand,Consumer Electronics,Premium brand,PR5782,0.0931,6460.0,10.4749,67667.85,64557.2,3110.65,0.0482,Paid for itself
20184,2026-01-01,7179.4,721012.12,636499.03,963682.9700000001,134.2289,Temporary price reduction,8,5164.08,Wireless Earbuds - Premium brand,Consumer Electronics,Premium brand,PR5783,0.0898,2015.3,11.7716,23723.31,62214.83,-38491.52,-0.6187,Bought its own volume
20185,2024-06-01,752.6,5167.04,3764.66,6999.780000000001,9.3008,Volume bracket,6,960.72,Gel Pens - Private label,Office & Stationery,Private label,PR5784,0.0445,-208.1,1.8634,-387.77,397.77,-785.54,-1.9749,Bought its own volume
20185,2024-12-01,1060.34,6936.31,5847.79,10069.63,9.4966,Temporary price reduction,7,960.72,Gel Pens - Private label,Office & Stationery,Private label,PR5785,0.0786,99.6,1.0266,102.25,717.52,-615.27,-0.8575,Bought its own volume
20185,2025-01-01,1057.8700000000001,7201.41,5882.71,9942.49,9.3986,Temporary price reduction,6,960.72,Gel Pens - Private label,Office & Stationery,Private label,PR5786,0.0821,97.2,1.2466,121.17,741.23,-620.06,-0.8365,Bought its own volume
20185,2025-09-01,1300.76,9979.84,8351.53,13470.67,10.356,Volume bracket,8,960.72,Gel Pens - Private label,Office & Stationery,Private label,PR5787,0.0417,340.0,1.2518,425.61,415.22,10.39,0.025,Paid for itself
20185,2025-10-01,690.53,5483.15,4517.31,7432.530000000001,10.7635,Volume bracket,6,960.72,Gel Pens - Private label,Office & Stationery,Private label,PR5788,0.0485,-270.2,1.3987,-377.93,501.61,-879.54,-1.7534,Bought its own volume
20185,2026-06-01,383.02,3590.9700000000003,3160.5699999999997,4565.79,11.920499999999999,Rebate accelerator,6,960.72,Gel Pens - Private label,Office & Stationery,Private label,PR5789,0.0379,-577.7,1.1237,-649.16,434.45,-1083.61,-2.4942,Bought its own volume
20186,2024-02-01,6598.95,325366.23,240280.97,441329.2,66.8787,Temporary price reduction,4,2395.51,Camping Tent - Value,Sporting Goods,Value,PR5790,0.0742,4203.4,12.8938,54197.8,11890.71,42307.09,3.558,Paid for itself
20186,2025-02-01,3610.27,218869.12,148484.63,276979.19,76.7198,Volume bracket,4,2395.51,Camping Tent - Value,Sporting Goods,Value,PR5791,0.0434,1214.8,19.4956,23683.25,7975.49,15707.76,1.9695,Paid for itself
20186,2025-03-01,1604.79,97632.61,67334.58,123119.17,76.7198,Volume bracket,2,2395.51,Camping Tent - Value,Sporting Goods,Value,PR5792,0.0464,-790.7,18.8797,-14928.18,8528.26,-23456.44,-2.7504,Bought its own volume
20186,2026-05-01,2694.1099999999997,139864.26,130769.14,195745.95,72.657,Marketplace deal event,2,2395.51,Camping Tent - Value,Sporting Goods,Value,PR5793,0.1281,298.6,3.3759,1008.04,22295.49,-21287.45,-0.9548,Bought its own volume
20186,2026-06-01,6734.9400000000005,348343.99,333451.59,489340.54,72.657,Marketplace deal event,4,2395.51,Camping Tent - Value,Sporting Goods,Value,PR5794,0.1205,4339.4,2.2112,9595.28,20974.79,-11379.51,-0.5425,Bought its own volume
20187,2024-07-01,3876.5099999999998,100562.99,106837.38,144236.42,37.2078,Marketplace deal event,7,1848.84,Dry Dog Food - Value,Pet Supplies,Value,PR5795,0.1414,2027.7,-1.6186,-3282.04,9729.76,-13011.8,-1.3373,Bought its own volume
20187,2025-03-01,3535.9399999999996,103992.98,100267.94,144907.41,40.9813,Marketplace deal event,9,1848.84,Dry Dog Food - Value,Pet Supplies,Value,PR5796,0.1439,1687.1,1.0535,1777.36,10901.13,-9123.77,-0.837,Bought its own volume
20187,2025-04-01,3471.52,97237.87999999999,107766.74,142267.4,40.9813,Marketplace deal event,8,1848.84,Dry Dog Food - Value,Pet Supplies,Value,PR5797,0.1334,1622.7,-3.0329,-4921.49,10105.99,-15027.48,-1.487,Bought its own volume
20187,2025-12-01,1689.3600000000001,62199.64,41021.38,77113.2,45.6464,Volume bracket,9,1848.84,Dry Dog Food - Value,Pet Supplies,Value,PR5798,0.0484,-159.5,12.5363,-1999.54,4087.81,-6087.35,-1.4891,Bought its own volume
20188,2024-03-01,2680.61,19919.73,19129.37,28347.45,10.575,Bundle offer,5,2693.41,Grooming Kit - National brand,Pet Supplies,National brand,PR5799,0.1008,-12.8,0.2948,-3.77,2871.82,-2875.59,-1.0013,Bought its own volume
20188,2024-04-01,4362.98,33508.01,33424.79,46138.51,10.575,Bundle offer,8,2693.41,Grooming Kit - National brand,Pet Supplies,National brand,PR5800,0.0861,1669.6,0.0191,31.89,2453.46,-2421.57,-0.987,Bought its own volume
20188,2024-10-01,4073.57,34932.48,35022.1,47622.89,11.6907,Bundle offer,8,2693.41,Grooming Kit - National brand,Pet Supplies,National brand,PR5801,0.0795,1380.2,-0.022,-30.36,2502.78,-2533.14,-1.0121,Bought its own volume
20188,2025-06-01,2468.57,23023.75,23257.379999999997,29243.42,11.8463,Rebate accelerator,6,2693.41,Grooming Kit - National brand,Pet Supplies,National brand,PR5802,0.0351,-224.8,-0.0946,21.27,1120.95,-1099.68,-0.981,Bought its own volume
20188,2025-07-01,3069.63,28275.19,28317.95,36363.76,11.8463,Rebate accelerator,7,2693.41,Grooming Kit - National brand,Pet Supplies,National brand,PR5803,0.0295,376.2,-0.0139,-5.23,941.58,-946.81,-1.0056,Bought its own volume
20189,2024-04-01,505.54,4676.86,3127.7799999999997,6065.32,11.9977,Volume bracket,6,465.43,Desk Organiser - National brand,Office & Stationery,National brand,PR5804,0.0461,40.1,3.0642,122.87,257.24,-134.37,-0.5224,Bought its own volume
20189,2024-05-01,664.8199999999999,6143.18,4327.18,7976.32,11.9977,Volume bracket,7,465.43,Desk Organiser - National brand,Office & Stationery,National brand,PR5805,0.0479,199.4,2.7316,544.68,267.71,276.97,1.0346,Paid for itself
20189,2025-02-01,709.24,6415.15,4741.34,8764.81,12.358,Temporary price reduction,7,465.43,Desk Organiser - National brand,Office & Stationery,National brand,PR5806,0.0884,243.8,2.36,575.37,508.31,67.06,0.1319,Paid for itself
20189,2025-12-01,473.49,5462.5599999999995,3415.89,7471.1,15.7788,Temporary price reduction,7,465.43,Desk Organiser - National brand,Office & Stationery,National brand,PR5807,0.0751,8.1,4.3225,35.01,551.27,-516.26,-0.9365,Bought its own volume
20190,2024-06-01,1103.79,30934.32,24625.89,38530.67,34.9076,Volume bracket,5,1437.44,Work Jacket - National brand,Apparel & Accessories,National brand,PR5808,0.0447,-333.7,5.7152,-1907.16,2243.15,-4150.31,-1.8502,Bought its own volume
20190,2024-07-01,1735.54,48671.46,38940.82,60583.54,34.9076,Volume bracket,7,1437.44,Work Jacket - National brand,Apparel & Accessories,National brand,PR5809,0.0472,298.1,5.6067,1671.36,2366.27,-694.91,-0.2937,Bought its own volume
20190,2025-09-01,2477.4,69848.31999999999,60528.59,90800.68,36.651599999999995,Temporary price reduction,7,1437.44,Work Jacket - National brand,Apparel & Accessories,National brand,PR5810,0.0887,1040.0,3.7619,3912.38,4674.33,-761.95,-0.163,Bought its own volume
20190,2025-10-01,1398.5,39909.369999999995,34593.29,51257.25,36.6516,Temporary price reduction,5,1437.44,Work Jacket - National brand,Apparel & Accessories,National brand,PR5811,0.0709,-38.9,3.8013,-147.87,3736.65,-3884.52,-1.0396,Bought its own volume
20190,2026-06-01,2164.44,58199.14,49498.14,81802.84,37.794,Marketplace deal event,5,1437.44,Work Jacket - National brand,Apparel & Accessories,National brand,PR5812,0.1384,727.0,4.02,2922.54,7516.09,-4593.55,-0.6112,Bought its own volume
20191,2024-04-01,10084.73,383478.6,322248.47000000003,490712.9,48.659,Temporary price reduction,10,5741.785,27in Monitor - Value,Consumer Electronics,Value,PR5813,0.093,4342.9,6.0716,26368.35,25980.03,388.32,0.0149,Paid for itself
20191,2024-05-01,12461.1,427840.07,399882.92,555797.47,44.6026,Temporary price reduction,7,5741.785,27in Monitor - Value,Consumer Electronics,Value,PR5814,0.0855,6719.3,2.2436,15075.42,21899.0,-6823.58,-0.3116,Bought its own volume
20191,2024-12-01,22089.32,811307.62,817786.38,979765.17,44.3547,Rebate accelerator,12,5741.785,27in Monitor - Value,Consumer Electronics,Value,PR5815,0.0407,16347.5,-0.2933,-4794.72,10372.49,-15167.21,-1.4623,Bought its own volume
20191,2025-01-01,8433.16,311019.7,320573.1,374050.27999999997,44.3547,Rebate accelerator,6,5741.785,27in Monitor - Value,Consumer Electronics,Value,PR5816,0.0319,2691.4,-1.1328,-3048.82,8133.91,-11182.73,-1.3748,Bought its own volume
20191,2025-08-01,4583.73,226878.0,196499.92,274686.44,59.92640000000001,Temporary price reduction,9,5741.785,27in Monitor - Value,Consumer Electronics,Value,PR5817,0.0818,-1158.1,6.6274,-7675.19,28154.33,-35829.52,-1.2726,Bought its own volume
20191,2025-09-01,9383.38,432212.83,407323.14,562312.19,59.9264,Temporary price reduction,7,5741.785,27in Monitor - Value,Consumer Electronics,Value,PR5818,0.096,3641.6,2.6525,9659.34,33017.89,-23358.55,-0.7075,Bought its own volume
20192,2024-06-01,10434.18,160862.55,136173.35,228096.39,21.8605,Bundle offer,7,4969.035,Laser Measure - National brand,Tools & Hardware,National brand,PR5819,0.0913,5465.1,2.3662,12931.52,9915.43,3016.09,0.3042,Paid for itself
20192,2025-06-01,31086.5,389759.81,384937.91,586627.12,18.8708,Marketplace deal event,7,4969.035,Laser Measure - National brand,Tools & Hardware,National brand,PR5820,0.1347,26117.5,0.1551,4050.82,12629.87,-8579.05,-0.6793,Bought its own volume
20192,2025-07-01,14933.060000000001,172716.97,183458.62,281798.78,18.8708,Marketplace deal event,4,4969.035,Laser Measure - National brand,Tools & Hardware,National brand,PR5821,0.15,9964.0,-0.7193,-7167.11,14063.61,-21230.72,-1.5096,Bought its own volume
20192,2026-06-01,12175.61,190963.28,165316.78,291218.68,23.9182,Marketplace deal event,6,4969.035,Laser Measure - National brand,Tools & Hardware,National brand,PR5822,0.1454,7206.6,2.1064,15179.98,17280.07,-2100.09,-0.1215,Bought its own volume
20193,2024-05-01,2453.05,81918.95999999999,72064.24,107821.12,43.9539,Bundle offer,10,1662.47,Wireless Earbuds - Private label,Consumer Electronics,Private label,PR5823,0.093,790.6,4.0173,3176.08,6798.64,-3622.56,-0.5328,Bought its own volume
20193,2025-04-01,2392.7,72657.56999999999,77271.76,100354.62,41.942,Marketplace deal event,10,1662.47,Wireless Earbuds - Private label,Consumer Electronics,Private label,PR5824,0.1303,730.2,-1.9284,-1408.12,9088.19,-10496.31,-1.1549,Bought its own volume
20193,2025-05-01,3808.55,108846.82,119079.64,159738.21,41.942,Marketplace deal event,10,1662.47,Wireless Earbuds - Private label,Consumer Electronics,Private label,PR5825,0.1491,2146.1,-2.6868,-5766.14,10395.01,-16161.15,-1.5547,Bought its own volume
20193,2026-04-01,2145.59,65152.59,62917.3,84695.23,39.4741,Bundle offer,10,1662.47,Wireless Earbuds - Private label,Consumer Electronics,Private label,PR5826,0.0798,483.1,1.0418,503.29,5239.86,-4736.57,-0.9039,Bought its own volume
20193,2026-05-01,2482.6,73126.96,77281.58,97998.42,39.4741,Bundle offer,11,1662.47,Wireless Earbuds - Private label,Consumer Electronics,Private label,PR5827,0.0934,820.1,-1.6735,-1372.44,6127.09,-7499.53,-1.224,Bought its own volume
20194,2023-12-01,2808.3100000000004,38168.91,32008.28,52008.5,18.5195,Volume bracket,4,1398.14,Pet Bed - National brand,Pet Supplies,National brand,PR5828,0.0512,1410.2,2.1937,3093.56,1326.56,1767.0,1.332,Paid for itself
20194,2024-01-01,2173.41,31018.72,25204.82,40250.479999999996,18.5195,Volume bracket,5,1398.14,Pet Bed - National brand,Pet Supplies,National brand,PR5829,0.0461,775.3,2.675,2073.93,1193.62,880.31,0.7375,Paid for itself
20194,2024-07-01,2100.1800000000003,30266.43,31510.89,39905.740000000005,19.0011,Temporary price reduction,4,1398.14,Pet Bed - National brand,Pet Supplies,National brand,PR5830,0.0813,702.0,-0.5925,-415.94,2159.08,-2575.02,-1.1926,Bought its own volume
20194,2024-08-01,3115.77,45100.5,47224.48,64180.5,20.5986,Temporary price reduction,5,1398.14,Pet Bed - National brand,Pet Supplies,National brand,PR5831,0.0806,1717.6,-0.6817,-1170.89,2321.58,-3492.47,-1.5044,Bought its own volume
20194,2025-03-01,1527.74,22885.05,25866.62,31230.37,20.4422,Bundle offer,3,1398.14,Pet Bed - National brand,Pet Supplies,National brand,PR5832,0.0929,129.6,-1.9516,-252.93,2655.63,-2908.56,-1.0952,Bought its own volume
20194,2026-01-01,1702.02,39422.32,32747.72,50055.56,29.4095,Rebate accelerator,5,1398.14,Pet Bed - National brand,Pet Supplies,National brand,PR5833,0.0315,303.9,3.9216,1191.77,1294.26,-102.49,-0.0792,Bought its own volume
20195,2023-12-01,1649.04,59074.479999999996,47697.33,80052.15,48.5447,Marketplace deal event,7,477.78,Mechanical Keyboard - National brand,Consumer Electronics,National brand,PR5834,0.1366,1171.3,6.8993,8081.15,3167.54,4913.61,1.5512,Paid for itself
20195,2024-06-01,846.76,30477.51,21687.9,41105.7,48.5447,Marketplace deal event,5,477.78,Mechanical Keyboard - National brand,Consumer Electronics,National brand,PR5835,0.1507,369.0,10.3803,3830.33,3495.13,335.2,0.0959,Paid for itself
20195,2024-07-01,1668.3,56490.479999999996,43954.03,80987.13,48.5447,Marketplace deal event,9,477.78,Mechanical Keyboard - National brand,Consumer Electronics,National brand,PR5836,0.155,1190.5,7.5145,8946.01,3595.44,5350.57,1.4882,Paid for itself
20195,2025-01-01,723.52,27293.55,19489.59,35123.06,48.5447,Temporary price reduction,8,477.78,Mechanical Keyboard - National brand,Consumer Electronics,National brand,PR5837,0.0729,245.7,10.7861,2650.14,1690.99,959.15,0.5672,Paid for itself
20195,2026-01-01,636.6,23389.37,17213.85,30903.57,48.5447,Temporary price reduction,9,477.78,Mechanical Keyboard - National brand,Consumer Electronics,National brand,PR5838,0.0942,158.8,9.7008,1540.49,2184.31,-643.82,-0.2947,Bought its own volume
20196,2024-03-01,1057.32,18055.72,17410.04,23168.309999999998,21.9123,Temporary price reduction,4,1572.84,Cycling Helmet - National brand,Sporting Goods,National brand,PR5839,0.0602,-515.5,0.6107,-314.82,2074.93,-2389.75,-1.1517,Bought its own volume
20196,2024-04-01,2383.23,35930.72,39799.229999999996,52222.03999999999,21.9123,Temporary price reduction,4,1572.84,Cycling Helmet - National brand,Sporting Goods,National brand,PR5840,0.1031,810.4,-1.6232,-1315.44,3552.69,-4868.13,-1.3703,Bought its own volume
20196,2024-12-01,2008.36,32464.54,34591.6,45552.21,22.6813,Bundle offer,5,1572.84,Cycling Helmet - National brand,Sporting Goods,National brand,PR5841,0.0733,435.5,-1.0591,-461.24,2614.03,-3075.27,-1.1764,Bought its own volume
20196,2025-01-01,2408.79,37225.6,44479.03,54634.490000000005,22.6813,Bundle offer,4,1572.84,Cycling Helmet - National brand,Sporting Goods,National brand,PR5842,0.0892,836.0,-3.0112,-2517.36,3183.07,-5700.43,-1.7909,Bought its own volume
20196,2025-07-01,2211.1499999999996,37999.18,40086.39,51596.74,23.3348,Rebate accelerator,4,1572.84,Cycling Helmet - National brand,Sporting Goods,National brand,PR5843,0.0331,638.3,-0.9439,-602.49,1213.56,-1816.05,-1.4965,Bought its own volume
20196,2026-03-01,3006.23,48247.43,60390.34,66502.61,22.1216,Volume bracket,5,1572.84,Cycling Helmet - National brand,Sporting Goods,National brand,PR5844,0.0495,1433.4,-4.0392,-5789.79,1721.22,-7511.01,-4.3638,Bought its own volume
20197,2026-06-01,505.98,6466.29,4966.29,8063.85,15.937099999999997,Temporary price reduction,5,404.78400000000005,Hair Dryer - Premium brand,Health & Beauty,Premium brand,PR5845,0.0884,101.2,2.9645,300.01,570.38,-270.37,-0.474,Bought its own volume
20198,2024-02-01,1409.14,8250.23,5949.96,11837.19,8.4003,Temporary price reduction,7,897.665,Toner Cartridge - Premium brand,Office & Stationery,Premium brand,PR5846,0.0849,511.5,1.6324,834.97,640.43,194.54,0.3038,Paid for itself
20198,2024-03-01,2659.14,15488.18,10957.800000000001,22337.57,8.4003,Temporary price reduction,8,897.665,Toner Cartridge - Premium brand,Office & Stationery,Premium brand,PR5847,0.0881,1761.5,1.7037,3001.07,664.07,2337.0,3.5192,Paid for itself
20198,2024-09-01,3904.6400000000003,23804.09,17556.43,37034.35,9.4847,Marketplace deal event,7,897.665,Toner Cartridge - Premium brand,Office & Stationery,Premium brand,PR5848,0.1406,3007.0,1.6001,4811.5,1197.23,3614.27,3.0189,Paid for itself
20198,2024-10-01,1969.79,11704.19,8956.63,18569.02,9.4269,Marketplace deal event,6,897.665,Toner Cartridge - Premium brand,Office & Stationery,Premium brand,PR5849,0.1453,1072.1,1.3948,1495.37,1229.97,265.4,0.2158,Paid for itself
20198,2025-05-01,1218.82,8372.15,6662.68,11942.01,9.798,Temporary price reduction,7,897.665,Toner Cartridge - Premium brand,Office & Stationery,Premium brand,PR5850,0.0929,321.2,1.4026,450.52,817.34,-366.82,-0.4488,Bought its own volume
20198,2026-02-01,1191.73,8339.56,5813.97,12637.22,10.6041,Marketplace deal event,6,897.665,Toner Cartridge - Premium brand,Office & Stationery,Premium brand,PR5851,0.1424,294.1,2.1193,623.29,1355.07,-731.78,-0.54,Bought its own volume
20199,2024-04-01,5373.11,57341.2,47113.03,73652.44,13.7076,Rebate accelerator,9,2021.44,Sunscreen SPF50 - Value,Health & Beauty,Value,PR5852,0.0401,3351.7,1.9036,6380.3,1112.31,5267.99,4.7361,Paid for itself
20199,2024-10-01,8865.69,91487.69,90910.57,136582.16,15.4057,Marketplace deal event,9,2021.44,Sunscreen SPF50 - Value,Health & Beauty,Value,PR5853,0.1461,6844.2,0.0651,445.56,4549.39,-4103.83,-0.9021,Bought its own volume
20199,2025-08-01,3460.48,41352.75,35913.2,52215.86,15.089199999999998,Rebate accelerator,9,2021.44,Sunscreen SPF50 - Value,Health & Beauty,Value,PR5854,0.0321,1439.0,1.5719,2261.96,978.89,1283.07,1.3107,Paid for itself
20199,2025-09-01,1443.71,17541.92,15036.67,21784.42,15.0892,Rebate accelerator,7,2021.44,Sunscreen SPF50 - Value,Health & Beauty,Value,PR5855,0.0394,-577.7,1.7353,-1002.48,1202.27,-2204.75,-1.8338,Bought its own volume
20199,2026-04-01,6346.11,71760.67,79271.17,95399.16,15.0327,Bundle offer,10,2021.44,Sunscreen SPF50 - Value,Health & Beauty,Value,PR5856,0.0854,4324.7,-1.1835,-5118.28,2594.62,-7712.9,-2.9727,Bought its own volume
20200,2024-05-01,461.32,5918.8,5971.04,8507.52,18.4417,Bundle offer,5,183.65,Toner Cartridge - National brand,Office & Stationery,National brand,PR5857,0.1003,277.7,-0.1132,-31.44,339.6,-371.04,-1.0926,Bought its own volume
20200,2024-06-01,203.01,2732.36,2611.83,3743.8500000000004,18.4417,Bundle offer,4,183.65,Toner Cartridge - National brand,Office & Stationery,National brand,PR5858,0.0891,19.4,0.5937,11.52,301.65,-290.13,-0.9618,Bought its own volume
20200,2025-05-01,234.38,4701.28,3751.42,6401.41,27.312099999999997,Bundle offer,5,183.65,Toner Cartridge - National brand,Office & Stationery,National brand,PR5859,0.0863,50.7,4.0526,205.47,433.03,-227.56,-0.5255,Bought its own volume
20200,2025-06-01,173.53,3479.53,2852.5,4739.47,27.3121,Bundle offer,4,183.65,Toner Cartridge - National brand,Office & Stationery,National brand,PR5860,0.096,-10.1,3.6134,-36.5,481.32,-517.82,-1.0758,Bought its own volume
20200,2025-12-01,101.45,2292.77,2010.1100000000001,2928.9700000000003,28.8711,Rebate accelerator,3,183.65,Toner Cartridge - National brand,Office & Stationery,National brand,PR5861,0.0354,-82.2,2.7862,-229.03,187.55,-416.58,-2.2212,Bought its own volume
20201,2024-04-01,2576.89,32574.32,38023.04,50257.34,19.5031,Marketplace deal event,6,779.81,Dry Dog Food - Value,Pet Supplies,Value,PR5862,0.1297,1797.1,-2.1145,-3799.97,1972.46,-5772.43,-2.9265,Bought its own volume
20201,2024-10-01,697.0699999999999,9966.09,11866.51,13305.33,19.0875,Volume bracket,6,779.81,Dry Dog Food - Value,Pet Supplies,Value,PR5863,0.0502,-82.7,-2.7263,225.47,746.5,-521.03,-0.698,Bought its own volume
20201,2025-09-01,809.9300000000001,13285.01,14449.96,19354.649999999998,23.8967,Temporary price reduction,5,779.81,Dry Dog Food - Value,Pet Supplies,Value,PR5864,0.0954,30.1,-1.4383,-43.29,1778.09,-1821.38,-1.0243,Bought its own volume
20201,2025-10-01,1364.82,22255.86,23383.47,32614.69,23.8967,Temporary price reduction,7,779.81,Dry Dog Food - Value,Pet Supplies,Value,PR5865,0.1024,585.0,-0.8262,-483.33,1908.23,-2391.56,-1.2533,Bought its own volume
20202,2024-07-01,5092.46,189971.54,129610.23999999999,238850.12,46.9027,Rebate accelerator,8,2707.7,Tool Chest - Value,Tools & Hardware,Value,PR5866,0.0374,2384.8,11.8531,28267.27,4754.35,23512.92,4.9456,Paid for itself
20202,2025-09-01,5875.9400000000005,198759.21000000002,131768.52,275597.45,46.9027,Marketplace deal event,8,2707.7,Tool Chest - Value,Tools & Hardware,Value,PR5867,0.1241,3168.2,11.4008,36120.01,15758.61,20361.4,1.2921,Paid for itself
20202,2025-10-01,9035.51,291830.72,207642.35,423789.81,46.9027,Marketplace deal event,9,2707.7,Tool Chest - Value,Tools & Hardware,Value,PR5868,0.1412,6327.8,9.3175,58959.28,17935.11,41024.17,2.2874,Paid for itself
20203,2024-08-01,2111.5,31561.48,26935.14,40457.18,19.1604,Volume bracket,5,1215.77,Laminator - National brand,Office & Stationery,National brand,PR5869,0.0524,895.7,2.191,1962.48,1221.75,740.73,0.6063,Paid for itself
20203,2024-09-01,1542.55,23617.39,19343.27,29555.870000000003,19.1604,Volume bracket,6,1215.77,Laminator - National brand,Office & Stationery,National brand,PR5870,0.0509,326.8,2.7708,905.5,1184.97,-279.47,-0.2358,Bought its own volume
20203,2025-11-01,1616.6599999999999,22130.04,19101.32,28805.489999999998,17.8179,Temporary price reduction,6,1215.77,Laminator - National brand,Office & Stationery,National brand,PR5871,0.0796,400.9,1.8734,751.05,1724.69,-973.64,-0.5645,Bought its own volume
20204,2024-05-01,353.28999999999996,6282.67,4848.37,8125.8099999999995,23.0004,Marketplace deal event,2,403.78999999999996,Pet Bed - Private label,Pet Supplies,Private label,PR5872,0.142,-50.5,4.0598,-205.02,1318.84,-1523.86,-1.1555,Bought its own volume
20204,2025-03-01,414.64,9086.3,5452.64,10128.49,24.4272,Rebate accelerator,3,403.78999999999996,Pet Bed - Private label,Pet Supplies,Private label,PR5873,0.0281,10.9,8.7634,95.52,277.07,-181.55,-0.6552,Bought its own volume
20204,2026-03-01,508.23,10457.47,6939.18,12579.960000000001,24.7525,Temporary price reduction,3,403.78999999999996,Pet Bed - Private label,Pet Supplies,Private label,PR5874,0.0897,104.4,6.9226,722.72,896.71,-173.99,-0.194,Bought its own volume
20204,2026-04-01,1095.09,20870.23,15624.86,27106.21,24.7525,Temporary price reduction,5,403.78999999999996,Pet Bed - Private label,Pet Supplies,Private label,PR5875,0.0935,691.3,4.7899,3311.26,934.81,2376.45,2.5422,Paid for itself
20205,2024-05-01,4282.24,65730.11,64936.75,85630.67,19.9967,Volume bracket,10,2766.57,Aquarium Filter - National brand,Pet Supplies,National brand,PR5876,0.053,1515.7,0.1853,280.86,2932.65,-2651.79,-0.9042,Bought its own volume
20205,2025-06-01,2766.21,47624.26,46036.92,61391.05,22.1932,Volume bracket,8,2766.57,Aquarium Filter - National brand,Pet Supplies,National brand,PR5877,0.0467,-0.4,0.5738,-0.23,2868.21,-2868.44,-1.0001,Bought its own volume
20205,2025-07-01,3033.25,52512.42,49559.06,67317.53,22.1932,Volume bracket,10,2766.57,Aquarium Filter - National brand,Pet Supplies,National brand,PR5878,0.0497,266.7,0.9737,259.69,3053.24,-2793.55,-0.9149,Bought its own volume
20205,2026-01-01,2935.28,48148.67999999999,42975.44,63523.56,21.6414,Temporary price reduction,9,2766.57,Aquarium Filter - National brand,Pet Supplies,National brand,PR5879,0.0881,168.7,1.7624,297.32,5277.02,-4979.7,-0.9437,Bought its own volume
20205,2026-02-01,2333.65,37255.42,34996.11,50503.44,21.6414,Temporary price reduction,7,2766.57,Aquarium Filter - National brand,Pet Supplies,National brand,PR5880,0.093,-432.9,0.9681,-419.09,5568.55,-5987.64,-1.0753,Bought its own volume
20206,2024-07-01,683.51,28635.93,30210.26,36517.61,53.42659999999999,Temporary price reduction,5,744.155,Camping Tent - National brand,Sporting Goods,National brand,PR5881,0.0813,-60.6,-2.3033,139.58,3232.3,-3092.72,-0.9568,Bought its own volume
20206,2025-05-01,809.5600000000001,32315.5,38067.29,41967.83,51.84029999999999,Temporary price reduction,6,744.155,Camping Tent - National brand,Sporting Goods,National brand,PR5882,0.0884,65.4,-7.1048,-464.65,3410.19,-3874.84,-1.1363,Bought its own volume
20206,2025-06-01,1599.34,60795.53999999999,71449.09,81367.86,50.8759,Temporary price reduction,7,744.155,Camping Tent - National brand,Sporting Goods,National brand,PR5883,0.0817,855.2,-6.6612,-5696.66,3094.73,-8791.39,-2.8408,Bought its own volume
20206,2026-03-01,422.24,24384.13,23193.86,32711.980000000003,77.4725,Temporary price reduction,5,744.155,Camping Tent - National brand,Sporting Goods,National brand,PR5884,0.0831,-321.9,2.8189,-907.4,4793.39,-5700.79,-1.1893,Bought its own volume
20207,2024-03-01,428.47,3369.86,3141.42,4237.57,9.89,Temporary price reduction,6,436.87,Hair Dryer - Value,Health & Beauty,Value,PR5885,0.0868,-8.4,0.5332,-4.48,374.95,-379.43,-1.0119,Bought its own volume
20207,2024-12-01,576.94,5615.44,5140.46,7164.620000000001,12.4183,Temporary price reduction,6,436.87,Hair Dryer - Value,Health & Beauty,Value,PR5886,0.0833,140.1,0.8233,115.34,451.99,-336.65,-0.7448,Bought its own volume
20207,2025-01-01,684.55,6655.24,5861.26,8500.95,12.4183,Temporary price reduction,7,436.87,Hair Dryer - Value,Health & Beauty,Value,PR5887,0.0853,247.7,1.1599,287.31,462.84,-175.53,-0.3792,Bought its own volume
20207,2025-11-01,506.19,5381.95,3678.31,6654.37,13.146,Bundle offer,6,436.87,Hair Dryer - Value,Health & Beauty,Value,PR5888,0.0741,69.3,3.3656,233.24,425.46,-192.22,-0.4518,Bought its own volume
20207,2025-12-01,619.59,6419.570000000001,4721.03,8145.13,13.146,Bundle offer,5,436.87,Hair Dryer - Value,Health & Beauty,Value,PR5889,0.0894,182.7,2.7414,500.85,513.23,-12.38,-0.0241,Bought its own volume
20208,2024-07-01,825.2,14030.19,10606.789999999999,18552.48,22.482400000000002,Temporary price reduction,7,546.9,Vitamin C Serum - Premium brand,Health & Beauty,Premium brand,PR5890,0.0815,278.3,4.1486,1154.56,1002.69,151.87,0.1515,Paid for itself
20208,2025-07-01,711.2800000000001,13142.75,9257.95,17614.06,24.7639,Temporary price reduction,7,546.9,Vitamin C Serum - Premium brand,Health & Beauty,Premium brand,PR5891,0.1021,164.4,5.4617,897.9,1383.07,-485.17,-0.3508,Bought its own volume
20208,2026-04-01,600.53,12854.05,7883.5199999999995,15187.53,25.2902,Rebate accelerator,7,546.9,Vitamin C Serum - Premium brand,Health & Beauty,Premium brand,PR5892,0.037,53.6,8.2769,443.64,512.04,-68.4,-0.1336,Bought its own volume
20209,2024-04-01,4549.450000000001,41591.94,39580.22,59381.26,13.0524,Volume bracket,6,3738.5600000000004,Desk Organiser - National brand,Office & Stationery,National brand,PR5893,0.0508,810.9,0.4422,358.58,2481.03,-2122.45,-0.8555,Bought its own volume
20209,2024-05-01,631.11,6393.8,5480.5,8510.33,13.4847,Volume bracket,2,3738.5600000000004,Desk Organiser - National brand,Office & Stationery,National brand,PR5894,0.0554,-3107.5,1.4471,-4496.86,2793.64,-7290.5,-2.6097,Bought its own volume
20209,2025-01-01,5714.37,54784.82,54480.8,77926.87,13.637,Volume bracket,6,3738.5600000000004,Desk Organiser - National brand,Office & Stationery,National brand,PR5895,0.0527,1975.8,0.0532,105.11,2688.09,-2582.98,-0.9609,Bought its own volume
20209,2025-02-01,4509.07,43757.72,44096.9,62746.87,13.9157,Volume bracket,6,3738.5600000000004,Desk Organiser - National brand,Office & Stationery,National brand,PR5896,0.0581,770.5,-0.0752,-57.94,3024.43,-3082.37,-1.0192,Bought its own volume
20209,2025-10-01,3294.92,32983.97,35073.44,50053.46,15.1911,Temporary price reduction,4,3738.5600000000004,Desk Organiser - National brand,Office & Stationery,National brand,PR5897,0.0941,-443.6,-0.6341,281.29,5341.37,-5060.08,-0.9473,Bought its own volume
20210,2024-07-01,3498.55,107475.71,87255.94,143364.28,40.9782,Temporary price reduction,10,2202.795,Safety Boots - Premium brand,Apparel & Accessories,Premium brand,PR5898,0.0844,1295.8,5.7795,7489.08,7622.18,-133.1,-0.0175,Bought its own volume
20210,2025-08-01,3344.9,118011.26,106591.26,148213.53,44.3103,Volume bracket,10,2202.795,Safety Boots - Premium brand,Apparel & Accessories,Premium brand,PR5899,0.051,1142.1,3.4142,3899.36,4981.75,-1082.39,-0.2173,Bought its own volume
20211,2024-05-01,6137.39,166781.69,158560.06,243910.92,39.7418,Marketplace deal event,13,2184.97,Storage Bins - National brand,Home & Kitchen,National brand,PR5900,0.1304,3952.4,1.3396,5294.64,11327.37,-6032.73,-0.5326,Bought its own volume
20211,2024-06-01,3489.65,93640.46,90497.08,138684.96,39.7418,Marketplace deal event,11,2184.97,Storage Bins - National brand,Home & Kitchen,National brand,PR5901,0.1403,1304.7,0.9008,1175.27,12178.67,-11003.4,-0.9035,Bought its own volume
20211,2025-01-01,3040.2,86183.43000000001,78653.92,120823.04,39.7418,Temporary price reduction,13,2184.97,Storage Bins - National brand,Home & Kitchen,National brand,PR5902,0.0999,855.2,2.4766,2117.99,8675.15,-6557.16,-0.7559,Bought its own volume
20211,2025-02-01,2359.41,68263.18,61661.05,93767.18000000001,39.7418,Temporary price reduction,12,2184.97,Storage Bins - National brand,Home & Kitchen,National brand,PR5903,0.0865,174.4,2.7982,488.01,7509.87,-7021.86,-0.935,Bought its own volume
20211,2026-02-01,1172.35,35504.19,35247.42,46591.29,39.7418,Volume bracket,11,2184.97,Storage Bins - National brand,Home & Kitchen,National brand,PR5904,0.0526,-1012.6,0.219,-221.76,4571.22,-4792.98,-1.0485,Bought its own volume
20212,2024-01-01,807.99,24632.13,16951.71,32238.39,39.8995,Temporary price reduction,7,1272.5,Resistance Bands - National brand,Sporting Goods,National brand,PR5905,0.0808,-464.5,9.5056,-4415.35,4101.81,-8517.16,-2.0764,Bought its own volume
20212,2024-02-01,1716.21,49266.43,36114.73,66839.87000000001,38.9462,Temporary price reduction,10,1272.5,Resistance Bands - National brand,Sporting Goods,National brand,PR5906,0.086,443.7,7.6632,3400.16,4263.43,-863.27,-0.2025,Bought its own volume
20212,2024-08-01,1174.25,34492.630000000005,27486.27,46644.490000000005,39.7228,Temporary price reduction,7,1272.5,Resistance Bands - National brand,Sporting Goods,National brand,PR5907,0.0927,-98.2,5.9667,-585.93,4684.04,-5269.97,-1.1251,Bought its own volume
20212,2024-09-01,1826.6200000000001,52204.88,42617.24,72558.44,39.7228,Temporary price reduction,7,1272.5,Resistance Bands - National brand,Sporting Goods,National brand,PR5908,0.0932,554.1,5.2488,2908.36,4710.0,-1801.64,-0.3825,Bought its own volume
20212,2025-08-01,1986.8600000000001,64329.52,50744.2,87349.52,43.9636,Temporary price reduction,10,1272.5,Resistance Bands - National brand,Sporting Goods,National brand,PR5909,0.0952,714.4,6.8376,4884.78,5327.49,-442.71,-0.0831,Bought its own volume
20212,2026-02-01,1841.49,65442.37,46503.34,81658.84999999999,44.3439,Rebate accelerator,9,1272.5,Resistance Bands - National brand,Sporting Goods,National brand,PR5910,0.0331,569.0,10.2846,5851.94,1865.13,3986.81,2.1376,Paid for itself
20212,2026-03-01,1661.82,58523.04,41560.45,73691.58,44.3439,Rebate accelerator,9,1272.5,Resistance Bands - National brand,Sporting Goods,National brand,PR5911,0.0374,389.3,10.2072,3973.66,2110.06,1863.6,0.8832,Paid for itself
20213,2024-01-01,6689.6,199387.24,139928.37,257405.78,38.4785,Volume bracket,3,5150.61,Dry Dog Food - Private label,Pet Supplies,Private label,PR5912,0.0531,1539.0,8.8883,13679.09,10515.66,3163.43,0.3008,Paid for itself
20213,2025-01-01,4798.16,136183.02,121232.7,185365.40000000002,38.6326,Bundle offer,2,5150.61,Dry Dog Food - Private label,Pet Supplies,Private label,PR5913,0.0915,-352.4,3.1158,-1098.01,18198.14,-19296.15,-1.0603,Bought its own volume
20213,2026-03-01,6304.63,180891.51,154101.54,235716.24,37.3878,Volume bracket,3,5150.61,Dry Dog Food - Private label,Pet Supplies,Private label,PR5914,0.058,1154.0,4.2493,4903.69,11174.08,-6270.39,-0.5612,Bought its own volume
20213,2026-04-01,5609.26,160571.65,144862.51,209717.90000000002,37.3878,Volume bracket,2,5150.61,Dry Dog Food - Private label,Pet Supplies,Private label,PR5915,0.0398,458.7,2.8006,1284.64,7663.34,-6378.7,-0.8324,Bought its own volume
20214,2024-05-01,2464.33,30958.239999999998,30738.08,42662.72,17.3121,Volume bracket,3,2376.59,Safety Boots - National brand,Apparel & Accessories,National brand,PR5916,0.0478,87.7,0.0893,7.83,1964.65,-1956.82,-0.996,Bought its own volume
20214,2024-06-01,2337.59,28709.129999999997,30167.77,40468.6,17.3121,Volume bracket,4,2376.59,Safety Boots - National brand,Apparel & Accessories,National brand,PR5917,0.0549,-39.0,-0.624,24.34,2259.72,-2235.38,-0.9892,Bought its own volume
20214,2025-01-01,1917.2300000000002,23106.15,24187.2,32460.049999999996,16.9307,Volume bracket,3,2376.59,Safety Boots - National brand,Apparel & Accessories,National brand,PR5918,0.0536,-459.4,-0.5639,259.06,2155.49,-1896.43,-0.8798,Bought its own volume
20214,2025-07-01,3788.09,46239.1,49114.48,67467.03,17.8103,Bundle offer,4,2376.59,Safety Boots - National brand,Apparel & Accessories,National brand,PR5919,0.0827,1411.5,-0.7591,-1071.47,3501.49,-4572.96,-1.306,Bought its own volume
20214,2025-08-01,5294.98,63897.73,69382.23999999999,94305.18,17.8103,Bundle offer,5,2376.59,Safety Boots - National brand,Apparel & Accessories,National brand,PR5920,0.0899,2918.4,-1.0358,-3022.88,3807.34,-6830.22,-1.794,Bought its own volume
20214,2026-05-01,8472.2,81762.91,108489.9,136820.1,16.1493,Marketplace deal event,3,2376.59,Safety Boots - National brand,Apparel & Accessories,National brand,PR5921,0.159,6095.6,-3.1547,-19229.79,6104.19,-25333.98,-4.1503,Bought its own volume
20214,2026-06-01,7643.74,79013.70999999999,97317.81,123441.05,16.1493,Marketplace deal event,5,2376.59,Safety Boots - National brand,Apparel & Accessories,National brand,PR5922,0.1393,5267.2,-2.3947,-12613.36,5345.05,-17958.41,-3.3598,Bought its own volume
20215,2024-07-01,414.5,3798.94,3632.0,4920.99,11.8721,Bundle offer,4,265.12,Safety Boots - National brand,Apparel & Accessories,National brand,PR5923,0.0891,149.4,0.4028,60.18,280.38,-220.2,-0.7854,Bought its own volume
20215,2025-03-01,303.38,2962.1800000000003,2082.0699999999997,3601.75,11.8721,Rebate accelerator,5,265.12,Safety Boots - National brand,Apparel & Accessories,National brand,PR5924,0.041,38.3,2.901,111.11,128.9,-17.79,-0.138,Bought its own volume
20215,2025-04-01,221.38,2204.94,1549.31,2628.24,11.8721,Rebate accelerator,4,265.12,Safety Boots - National brand,Apparel & Accessories,National brand,PR5925,0.0349,-43.7,2.9616,-129.42,109.91,-239.33,-2.1775,Bought its own volume
20215,2025-10-01,245.43,2294.82,1890.28,2913.77,11.8721,Temporary price reduction,4,265.12,Safety Boots - National brand,Apparel & Accessories,National brand,PR5926,0.0836,-19.7,1.6483,-32.47,263.11,-295.58,-1.1234,Bought its own volume
20215,2025-11-01,300.29,2716.85,2276.98,3565.07,11.8721,Temporary price reduction,4,265.12,Safety Boots - National brand,Apparel & Accessories,National brand,PR5927,0.1031,35.2,1.4648,51.56,324.65,-273.09,-0.8412,Bought its own volume
20216,2023-12-01,2268.42,74295.49,67628.4,93876.52,41.3841,Volume bracket,7,3049.2,Work Gloves - National brand,Tools & Hardware,National brand,PR5928,0.0508,-780.8,2.9391,-2294.85,6414.34,-8709.19,-1.3578,Bought its own volume
20216,2025-02-01,3947.5,127034.35,79635.3,163363.74,41.3841,Temporary price reduction,10,3049.2,Work Gloves - National brand,Tools & Hardware,National brand,PR5929,0.0856,898.3,12.0074,10786.25,10807.58,-21.33,-0.002,Bought its own volume
20216,2026-01-01,3386.75,112861.58,80467.83,140157.6,41.3841,Rebate accelerator,8,3049.2,Work Gloves - National brand,Tools & Hardware,National brand,PR5930,0.0385,337.6,9.5648,3229.08,4859.74,-1630.66,-0.3355,Bought its own volume
20217,2024-06-01,8476.67,336663.77,305967.1,471186.72000000003,55.5863,Marketplace deal event,6,3380.5099999999998,Cycling Helmet - National brand,Sporting Goods,National brand,PR5931,0.1331,5096.2,3.6213,18454.87,25006.53,-6551.66,-0.262,Bought its own volume
20217,2025-04-01,3286.12,147271.26,124660.59999999998,189371.54,57.6277,Volume bracket,7,3380.5099999999998,Cycling Helmet - National brand,Sporting Goods,National brand,PR5932,0.0488,-94.4,6.8807,-649.54,9515.17,-10164.71,-1.0683,Bought its own volume
20217,2025-05-01,3792.59,173332.61000000002,151625.86000000002,218558.25,57.6277,Volume bracket,6,3380.5099999999998,Cycling Helmet - National brand,Sporting Goods,National brand,PR5933,0.0495,412.1,5.7235,2358.65,9643.36,-7284.71,-0.7554,Bought its own volume
20217,2026-01-01,5008.96,186283.97,179973.43000000002,244910.59,48.8945,Temporary price reduction,5,3380.5099999999998,Cycling Helmet - National brand,Sporting Goods,National brand,PR5934,0.0742,1628.5,1.2599,2051.75,12268.48,-10216.73,-0.8328,Bought its own volume
20217,2026-02-01,4619.4800000000005,170319.36,163110.59999999998,225867.16999999998,48.8945,Temporary price reduction,5,3380.5099999999998,Cycling Helmet - National brand,Sporting Goods,National brand,PR5935,0.0756,1239.0,1.5605,1933.46,12498.89,-10565.43,-0.8453,Bought its own volume
20218,2024-01-01,1534.84,46443.829999999994,35526.49,68213.35,44.4433,Marketplace deal event,4,617.325,Blender - Premium brand,Home & Kitchen,Premium brand,PR5936,0.1445,917.5,7.113,6526.18,3964.31,2561.87,0.6462,Paid for itself
20218,2024-09-01,696.16,29446.93,17515.94,36334.06,52.1921,Rebate accelerator,4,617.325,Blender - Premium brand,Home & Kitchen,Premium brand,PR5937,0.0321,78.8,17.1383,1350.5,1033.99,316.51,0.3061,Paid for itself
20218,2024-10-01,640.6,26624.52,15814.1,33434.27,52.1921,Rebate accelerator,4,617.325,Blender - Premium brand,Home & Kitchen,Premium brand,PR5938,0.0397,23.3,16.8755,393.2,1278.46,-885.26,-0.6924,Bought its own volume
20218,2025-09-01,229.12,8312.53,5307.64,10048.880000000001,43.8586,Temporary price reduction,2,617.325,Blender - Premium brand,Home & Kitchen,Premium brand,PR5939,0.083,-388.2,13.1149,-5091.2,2247.16,-7338.36,-3.2656,Bought its own volume
20219,2023-12-01,8157.17,93769.25,55677.57000000001,124436.81,15.2549,Volume bracket,6,7948.1,Vitamin C Serum - Premium brand,Health & Beauty,Premium brand,PR5940,0.0512,209.1,4.6697,976.43,6213.43,-5237.0,-0.8429,Bought its own volume
20219,2024-11-01,22169.77,187290.56,147597.46,287991.96,12.9903,Marketplace deal event,8,7948.1,Vitamin C Serum - Premium brand,Health & Beauty,Premium brand,PR5941,0.145,14221.7,1.7904,25462.53,14973.92,10488.61,0.7005,Paid for itself
20219,2025-11-01,18458.75,153834.55,123291.53,230187.99,12.4704,Marketplace deal event,7,7948.1,Vitamin C Serum - Premium brand,Health & Beauty,Premium brand,PR5942,0.1385,10510.6,1.6547,17391.89,13726.14,3665.75,0.2671,Paid for itself
20220,2024-06-01,6429.290000000001,77958.37,47228.28,102854.49,15.9978,Temporary price reduction,7,3830.1099999999997,Body Wash - Premium brand,Health & Beauty,Premium brand,PR5943,0.0863,2599.2,4.7797,12423.4,5287.9,7135.5,1.3494,Paid for itself
20220,2025-07-01,4798.5599999999995,57094.91,37050.63,76300.94,15.9008,Temporary price reduction,7,3830.1099999999997,Body Wash - Premium brand,Health & Beauty,Premium brand,PR5944,0.0688,968.4,4.1771,4045.1,4192.11,-147.01,-0.0351,Bought its own volume
20220,2025-08-01,4721.9400000000005,56102.18,34853.59,75082.63,15.9008,Temporary price reduction,8,3830.1099999999997,Body Wash - Premium brand,Health & Beauty,Premium brand,PR5945,0.0835,891.8,4.5,4013.1,5083.03,-1069.93,-0.2105,Bought its own volume
20222,2024-03-01,2984.39,63788.55,52422.89,83847.63,28.0954,Temporary price reduction,4,2655.2349999999997,Work Gloves - National brand,Tools & Hardware,National brand,PR5946,0.0874,329.2,3.8084,1253.73,6523.25,-5269.52,-0.8078,Bought its own volume
20222,2024-04-01,3224.18,67275.06,54515.08,90584.64000000001,28.0954,Temporary price reduction,6,2655.2349999999997,Work Gloves - National brand,Tools & Hardware,National brand,PR5947,0.0994,568.9,3.9576,2251.48,7411.73,-5160.25,-0.6962,Bought its own volume
20222,2025-06-01,5718.8,96389.9,84068.09,129418.73,22.6304,Temporary price reduction,8,2655.2349999999997,Work Gloves - National brand,Tools & Hardware,National brand,PR5948,0.0888,3063.6,2.1546,6600.83,5333.94,1266.89,0.2375,Paid for itself
20222,2025-07-01,4467.51,70737.42,64057.840000000004,99773.35,22.3331,Temporary price reduction,4,2655.2349999999997,Work Gloves - National brand,Tools & Hardware,National brand,PR5949,0.1014,1812.3,1.4951,2709.57,6012.38,-3302.81,-0.5493,Bought its own volume
20222,2026-02-01,4622.3,89510.72,71868.91,111036.42000000001,24.0219,Rebate accelerator,9,2655.2349999999997,Work Gloves - National brand,Tools & Hardware,National brand,PR5950,0.0344,1967.1,3.8167,7507.83,2194.37,5313.46,2.4214,Paid for itself
20222,2026-03-01,4103.99,77247.98000000001,59862.45,98585.65,24.0219,Rebate accelerator,5,2655.2349999999997,Work Gloves - National brand,Tools & Hardware,National brand,PR5951,0.036,1448.8,4.2363,6137.55,2298.74,3838.81,1.67,Paid for itself
20223,2024-06-01,1138.56,13006.31,9832.94,17581.54,15.441899999999999,Volume bracket,6,1233.755,Desk Organiser - Private label,Office & Stationery,Private label,PR5952,0.044,-95.2,2.7872,-265.34,839.08,-1104.42,-1.3162,Bought its own volume
20223,2024-07-01,1538.6799999999998,17305.41,13306.34,23760.149999999998,15.441899999999999,Volume bracket,6,1233.755,Desk Organiser - Private label,Office & Stationery,Private label,PR5953,0.0511,304.9,2.599,792.44,972.88,-180.44,-0.1855,Bought its own volume
20223,2025-06-01,1210.89,14018.310000000001,11140.2,19343.85,15.9749,Temporary price reduction,6,1233.755,Desk Organiser - Private label,Office & Stationery,Private label,PR5954,0.0752,-22.9,2.3769,-54.43,1482.73,-1537.16,-1.0367,Bought its own volume
20223,2026-02-01,1564.74,18323.899999999998,12904.43,25736.84,16.448,Bundle offer,6,1233.755,Desk Organiser - Private label,Office & Stationery,Private label,PR5955,0.0785,331.0,3.4635,1146.42,1592.49,-446.07,-0.2801,Bought its own volume
20224,2024-07-01,6179.99,47053.09,54076.14,69107.13,11.1824,Marketplace deal event,5,1465.31,Laser Measure - Value,Tools & Hardware,Value,PR5956,0.1363,4714.7,-1.1364,-5357.79,2233.95,-7591.74,-3.3983,Bought its own volume
20224,2024-08-01,4005.42,29898.62,32411.85,44790.21,11.1824,Marketplace deal event,4,1465.31,Laser Measure - Value,Tools & Hardware,Value,PR5957,0.1236,2540.1,-0.6275,-1593.91,2025.83,-3619.74,-1.7868,Bought its own volume
20224,2025-03-01,3989.81,22925.870000000003,28850.309999999998,32123.16,8.0513,Bundle offer,6,1465.31,Laser Measure - Value,Tools & Hardware,Value,PR5958,0.0921,2524.5,-1.4849,-3748.63,1086.87,-4835.5,-4.449,Bought its own volume
20224,2025-04-01,4501.41,25764.0,32101.350000000002,36242.2,8.0513,Bundle offer,4,1465.31,Laser Measure - Value,Tools & Hardware,Value,PR5959,0.0928,3036.1,-1.4079,-4274.53,1095.32,-5369.85,-4.9025,Bought its own volume
20224,2026-03-01,936.34,8881.87,7989.13,11535.89,12.3202,Volume bracket,5,1465.31,Laser Measure - Value,Tools & Hardware,Value,PR5960,0.0442,-529.0,0.9534,-504.35,798.71,-1303.06,-1.6315,Bought its own volume
20225,2024-04-01,981.33,68870.95,43651.920000000006,84071.51,85.671,Volume bracket,7,865.9499999999999,Air Fryer - Premium brand,Home & Kitchen,Premium brand,PR5961,0.047,115.4,25.6988,2965.64,3487.24,-521.6,-0.1496,Bought its own volume
20225,2024-10-01,1193.8799999999999,93687.76,53249.07,117791.90000000001,98.6631,Volume bracket,8,865.9499999999999,Air Fryer - Premium brand,Home & Kitchen,Premium brand,PR5962,0.0491,327.9,33.8717,11106.53,4197.17,6909.36,1.6462,Paid for itself
20225,2024-11-01,1289.25,93820.62,54471.329999999994,120302.12,93.31170000000002,Volume bracket,6,865.9499999999999,Air Fryer - Premium brand,Home & Kitchen,Premium brand,PR5963,0.0513,423.3,30.5211,12919.58,4141.28,8778.3,2.1197,Paid for itself
20225,2025-05-01,1104.3200000000002,83790.63,49669.43,109773.16,99.40339999999999,Volume bracket,6,865.9499999999999,Air Fryer - Premium brand,Home & Kitchen,Premium brand,PR5964,0.0527,238.4,30.8979,7366.06,4533.71,2832.35,0.6247,Paid for itself
20225,2025-06-01,1176.3,90929.22,52435.22,116928.23,99.4034,Volume bracket,8,865.9499999999999,Air Fryer - Premium brand,Home & Kitchen,Premium brand,PR5965,0.0513,310.4,32.7246,10157.72,4412.51,5745.21,1.302,Paid for itself
20225,2026-04-01,2262.82,163340.37,96187.28,232418.31,102.7118,Marketplace deal event,7,865.9499999999999,Air Fryer - Premium brand,Home & Kitchen,Premium brand,PR5966,0.1442,1396.9,29.6767,41455.38,12828.36,28627.02,2.2315,Paid for itself
20225,2026-05-01,970.1399999999999,69664.68,40663.22,100177.45000000001,103.26079999999999,Marketplace deal event,5,865.9499999999999,Air Fryer - Premium brand,Home & Kitchen,Premium brand,PR5967,0.1385,104.2,29.8941,3114.97,12385.8,-9270.83,-0.7485,Bought its own volume
20226,2023-12-01,782.3299999999999,6264.530000000001,5276.42,8796.75,11.2443,Bundle offer,6,464.13,Cat Litter - Private label,Pet Supplies,Private label,PR5968,0.0911,318.2,1.263,401.89,475.58,-73.69,-0.1549,Bought its own volume
20226,2024-01-01,777.86,6298.32,5429.0,8746.49,11.2443,Bundle offer,6,464.13,Cat Litter - Private label,Pet Supplies,Private label,PR5969,0.0884,313.7,1.1176,350.59,461.6,-111.01,-0.2405,Bought its own volume
20226,2024-10-01,558.65,5663.02,4003.62,7656.02,13.704500000000001,Temporary price reduction,6,464.13,Cat Litter - Private label,Pet Supplies,Private label,PR5970,0.072,94.5,2.9704,280.7,457.84,-177.14,-0.3869,Bought its own volume
20226,2025-12-01,688.54,6400.84,4351.93,8904.07,12.9318,Temporary price reduction,6,464.13,Cat Litter - Private label,Pet Supplies,Private label,PR5971,0.0886,224.4,2.9757,667.75,531.82,135.93,0.2556,Paid for itself
20226,2026-01-01,581.19,5415.1900000000005,3770.87,7515.82,12.9318,Temporary price reduction,4,464.13,Cat Litter - Private label,Pet Supplies,Private label,PR5972,0.0873,117.1,2.8292,331.3,523.7,-192.4,-0.3674,Bought its own volume
20227,2024-04-01,1235.16,40592.69,31432.6,48993.119999999995,39.6654,Rebate accelerator,2,1558.0949999999998,Socket Set - National brand,Tools & Hardware,National brand,PR5973,0.0259,-322.9,7.4161,-2394.66,1599.7,-3994.36,-2.4969,Bought its own volume
20227,2024-10-01,1580.14,45682.65,35240.28,56219.02,35.5785,Temporary price reduction,3,1558.0949999999998,Socket Set - National brand,Tools & Hardware,National brand,PR5974,0.0692,22.0,6.6085,145.39,3838.73,-3693.34,-0.9621,Bought its own volume
20227,2024-11-01,2469.54,63701.7,53705.09,87862.53,35.5785,Temporary price reduction,4,1558.0949999999998,Socket Set - National brand,Tools & Hardware,National brand,PR5975,0.083,911.4,4.048,3689.35,4600.59,-911.24,-0.1981,Bought its own volume
20227,2025-08-01,2408.66,59022.72,52770.13,78385.51,32.5432,Temporary price reduction,4,1558.0949999999998,Socket Set - National brand,Tools & Hardware,National brand,PR5976,0.0836,850.6,2.5959,2208.07,4240.08,-2032.01,-0.4792,Bought its own volume
20228,2024-04-01,116.62,4518.22,3240.68,5082.92,43.5853,Rebate accelerator,1,115.04,Adjustable Dumbbells - National brand,Sporting Goods,National brand,PR5977,0.0299,1.6,10.9547,17.53,150.12,-132.59,-0.8832,Bought its own volume
20228,2024-05-01,545.47,18367.32,15912.400000000001,23774.47,43.5853,Rebate accelerator,2,115.04,Adjustable Dumbbells - National brand,Sporting Goods,National brand,PR5978,0.0366,430.4,4.5006,1937.06,183.55,1753.51,9.5533,Paid for itself
20228,2025-05-01,590.1700000000001,20852.87,17215.379999999997,28878.61,48.9327,Temporary price reduction,2,115.04,Adjustable Dumbbells - National brand,Sporting Goods,National brand,PR5979,0.0977,475.1,6.1635,2928.28,550.12,2378.16,4.323,Paid for itself
20229,2024-07-01,7261.07,120621.41,83599.61,156359.89,21.534,Volume bracket,7,4801.0,Chew Toy Pack - National brand,Pet Supplies,National brand,PR5980,0.0523,2460.1,5.0987,12543.31,5407.71,7135.6,1.3195,Paid for itself
20229,2024-08-01,4627.650000000001,78088.47,53712.67,99651.81,21.534,Volume bracket,7,4801.0,Chew Toy Pack - National brand,Pet Supplies,National brand,PR5981,0.0476,-173.3,5.2674,-912.84,4918.9,-5831.74,-1.1856,Bought its own volume
20229,2025-03-01,7932.48,118836.63,92694.2,154959.4,19.5348,Volume bracket,8,4801.0,Chew Toy Pack - National brand,Pet Supplies,National brand,PR5982,0.0557,3131.5,3.2956,10320.17,5220.85,5099.32,0.9767,Paid for itself
20229,2025-04-01,5523.49,82092.65,69444.08,107900.28,19.5348,Volume bracket,6,4801.0,Chew Toy Pack - National brand,Pet Supplies,National brand,PR5983,0.0525,722.5,2.29,1654.52,4921.11,-3266.59,-0.6638,Bought its own volume
20229,2026-04-01,5765.84,95937.45,88659.59,122915.59999999999,21.3179,Rebate accelerator,7,4801.0,Chew Toy Pack - National brand,Pet Supplies,National brand,PR5984,0.034,964.8,1.2622,1217.77,3476.54,-2258.77,-0.6497,Bought its own volume
20229,2026-05-01,6678.83,111568.03,105408.63,142378.63,21.3179,Rebate accelerator,7,4801.0,Chew Toy Pack - National brand,Pet Supplies,National brand,PR5985,0.034,1877.8,0.9222,1731.71,3474.96,-1743.25,-0.5017,Bought its own volume
20230,2024-08-01,11965.16,324297.06,235203.93,474454.48,39.653,Marketplace deal event,7,5353.889999999999,Air Fryer - Private label,Home & Kitchen,Private label,PR5986,0.1339,6611.3,7.446,49227.74,28432.22,20795.52,0.7314,Paid for itself
20230,2024-09-01,13097.82,341317.26,262683.33,519367.85,39.653,Marketplace deal event,7,5353.889999999999,Air Fryer - Private label,Home & Kitchen,Private label,PR5987,0.1507,7743.9,6.0036,46491.28,31989.72,14501.56,0.4533,Paid for itself
20230,2025-11-01,13134.01,389989.07,220120.76,545760.13,41.5532,Bundle offer,8,5353.889999999999,Air Fryer - Private label,Home & Kitchen,Private label,PR5988,0.09,7780.1,12.9335,100623.92,20022.28,80601.64,4.0256,Paid for itself
20230,2025-12-01,11065.560000000001,331017.22000000003,179269.82,459809.42000000004,41.5532,Bundle offer,7,5353.889999999999,Air Fryer - Private label,Home & Kitchen,Private label,PR5989,0.0814,5711.7,13.7135,78327.4,18115.88,60211.52,3.3237,Paid for itself
20231,2023-12-01,3834.73,125329.44,104833.08,170731.75999999998,44.5225,Marketplace deal event,2,1025.0,Mechanical Keyboard - National brand,Consumer Electronics,National brand,PR5990,0.1726,2809.7,5.3449,15017.57,7878.56,7139.01,0.9061,Paid for itself
20231,2024-01-01,927.28,31262.5,23814.03,41284.82,44.5225,Marketplace deal event,1,1025.0,Mechanical Keyboard - National brand,Consumer Electronics,National brand,PR5991,0.1706,-97.7,8.0326,-784.79,7784.46,-8569.25,-1.1008,Bought its own volume
20231,2025-02-01,2038.49,74850.7,48045.17,90758.67,44.5225,Temporary price reduction,2,1025.0,Mechanical Keyboard - National brand,Consumer Electronics,National brand,PR5992,0.067,1013.5,13.1497,13327.22,3059.42,10267.8,3.3561,Paid for itself
20231,2026-04-01,1035.14,37264.21,16660.79,46087.02,44.5225,Bundle offer,1,1025.0,Mechanical Keyboard - National brand,Consumer Electronics,National brand,PR5993,0.093,10.1,19.904,201.03,4243.5,-4042.47,-0.9526,Bought its own volume
20232,2024-02-01,1402.71,49390.2,42229.42,62399.55,44.48499999999999,Bundle offer,6,2005.33,Webcam - Value,Consumer Electronics,Value,PR5994,0.0917,-602.6,5.105,-3076.27,8179.21,-11255.48,-1.3761,Bought its own volume
20232,2024-03-01,1659.23,57273.71,49819.87,73810.86,44.485,Bundle offer,5,2005.33,Webcam - Value,Consumer Electronics,Value,PR5995,0.1008,-346.1,4.4923,-1554.79,8989.53,-10544.32,-1.173,Bought its own volume
20232,2024-12-01,4148.7,136604.78,119096.73000000001,163131.03,39.32099999999999,Volume bracket,7,2005.33,Webcam - Value,Consumer Electronics,Value,PR5996,0.0477,2143.4,4.2201,9045.36,3758.76,5286.6,1.4065,Paid for itself
20232,2025-01-01,2131.61,69891.51,62721.99,83817.03,39.32099999999999,Volume bracket,7,2005.33,Webcam - Value,Consumer Electronics,Value,PR5997,0.0472,126.3,3.3634,424.8,3722.84,-3298.04,-0.8859,Bought its own volume
20232,2025-10-01,3107.12,108374.97,87444.6,129118.86,41.5558,Rebate accelerator,6,2005.33,Webcam - Value,Consumer Electronics,Value,PR5998,0.0335,1101.8,6.7363,7422.06,2794.63,4627.43,1.6558,Paid for itself
20232,2025-11-01,4466.900000000001,152525.13,126441.41,180237.18,40.3495,Rebate accelerator,7,2005.33,Webcam - Value,Consumer Electronics,Value,PR5999,0.0335,2461.6,5.8393,14374.02,2712.32,11661.7,4.2995,Paid for itself
20233,2023-12-01,108.02,4781.49,3162.9500000000003,5816.94,53.8505,Temporary price reduction,5,244.88,Bedding Set - National brand,Home & Kitchen,National brand,PR6000,0.0783,-136.9,14.9837,-2051.27,1032.11,-3083.38,-2.9875,Bought its own volume
20233,2024-11-01,629.8199999999999,23767.1,19198.61,33916.130000000005,53.85049999999999,Marketplace deal event,6,244.88,Bedding Set - National brand,Home & Kitchen,National brand,PR6001,0.1216,384.9,7.2536,2791.91,1603.36,1188.55,0.7413,Paid for itself
20233,2024-12-01,677.04,25305.1,20315.8,36458.94,53.8505,Marketplace deal event,7,244.88,Bedding Set - National brand,Home & Kitchen,National brand,PR6002,0.1406,432.2,7.3693,3185.01,1854.56,1330.45,0.7174,Paid for itself
20233,2025-09-01,152.64,6644.07,3979.63,8219.75,53.85049999999999,Volume bracket,6,244.88,Bedding Set - National brand,Home & Kitchen,National brand,PR6003,0.0421,-92.2,17.4557,-1609.42,554.85,-2164.27,-3.9006,Bought its own volume
20234,2024-08-01,343.21000000000004,9141.48,7776.46,11264.32,32.8205,Temporary price reduction,8,335.765,Safety Glasses - National brand,Tools & Hardware,National brand,PR6004,0.0858,7.4,3.9772,29.43,945.21,-915.78,-0.9689,Bought its own volume
20234,2024-09-01,383.28,9828.91,7845.17,12579.44,32.8205,Temporary price reduction,6,335.765,Safety Glasses - National brand,Tools & Hardware,National brand,PR6005,0.1015,47.5,5.1757,245.85,1118.5,-872.65,-0.7802,Bought its own volume
20234,2025-05-01,553.64,15010.48,11216.150000000001,18593.17,33.5835,Bundle offer,8,335.765,Safety Glasses - National brand,Tools & Hardware,National brand,PR6006,0.0841,217.9,6.8534,1493.36,948.39,544.97,0.5746,Paid for itself
20234,2025-06-01,521.21,14044.77,10470.08,17504.06,33.5835,Bundle offer,6,335.765,Safety Glasses - National brand,Tools & Hardware,National brand,PR6007,0.0778,185.4,6.8584,1271.55,876.95,394.6,0.45,Paid for itself
20235,2024-07-01,1214.3500000000001,77956.95,60229.82,95328.91,78.502,Rebate accelerator,9,1239.65,Camping Tent - Value,Sporting Goods,Value,PR6008,0.0367,-25.3,14.598,-369.33,3569.23,-3938.56,-1.1035,Bought its own volume
20235,2024-08-01,1419.7,87551.12,68946.73999999999,111449.29,78.502,Rebate accelerator,10,1239.65,Camping Tent - Value,Sporting Goods,Value,PR6009,0.0397,180.0,13.1044,2358.79,3863.82,-1505.03,-0.3895,Bought its own volume
20235,2025-03-01,949.1,60583.920000000006,50802.85,76601.11,80.7092,Volume bracket,7,1239.65,Camping Tent - Value,Sporting Goods,Value,PR6010,0.0549,-290.6,10.3056,-2994.81,5496.77,-8491.58,-1.5448,Bought its own volume
20235,2025-04-01,1869.29,105095.71,101853.13,138678.33,74.18770000000002,Volume bracket,7,1239.65,Camping Tent - Value,Sporting Goods,Value,PR6011,0.0533,629.6,1.7347,1092.17,4897.34,-3805.17,-0.777,Bought its own volume
20235,2026-05-01,2110.0699999999997,113047.26,89917.9,142349.13,67.4618,Volume bracket,11,1239.65,Camping Tent - Value,Sporting Goods,Value,PR6012,0.0553,870.4,10.9614,9540.8,4620.71,4920.09,1.0648,Paid for itself
20236,2024-05-01,847.55,28977.91,24727.61,37704.61,44.4866,Bundle offer,9,632.6800000000001,Mechanical Keyboard - Value,Consumer Electronics,Value,PR6013,0.0974,214.9,5.0148,1077.68,2742.51,-1664.83,-0.607,Bought its own volume
20236,2025-07-01,1927.62,61400.59,52747.009999999995,86321.70999999999,44.7815,Marketplace deal event,8,632.6800000000001,Mechanical Keyboard - Value,Consumer Electronics,Value,PR6014,0.1415,1294.9,4.4893,5813.19,4010.28,1802.91,0.4496,Paid for itself
20236,2026-05-01,932.4300000000001,29471.53,22734.8,37908.68,40.6558,Temporary price reduction,8,632.6800000000001,Mechanical Keyboard - Value,Consumer Electronics,Value,PR6015,0.0915,299.8,7.2249,2166.03,2354.74,-188.71,-0.0801,Bought its own volume
20237,2024-05-01,3217.0699999999997,190271.63,145375.87,231829.79,72.0624,Rebate accelerator,11,2895.49,Bluetooth Speaker - Value,Consumer Electronics,Value,PR6016,0.0296,321.6,13.9555,4488.09,6180.95,-1692.86,-0.2739,Bought its own volume
20237,2024-12-01,4995.46,258607.76,229518.91999999998,330455.16,66.1511,Temporary price reduction,8,2895.49,Bluetooth Speaker - Value,Consumer Electronics,Value,PR6017,0.081,2100.0,5.8231,12228.51,15509.48,-3280.97,-0.2115,Bought its own volume
20237,2025-01-01,2090.1,113296.87,96890.55,138262.41999999998,66.1511,Temporary price reduction,10,2895.49,Bluetooth Speaker - Value,Consumer Electronics,Value,PR6018,0.0865,-805.4,7.8495,-6321.99,16567.33,-22889.32,-1.3816,Bought its own volume
20237,2025-12-01,6994.75,298605.71,234822.14,385952.82,55.1775,Temporary price reduction,9,2895.49,Bluetooth Speaker - Value,Consumer Electronics,Value,PR6019,0.0829,4099.3,9.1188,37380.7,13242.52,24138.18,1.8228,Paid for itself
20238,2024-06-01,1228.8400000000001,11693.05,12621.539999999999,17632.25,14.3487,Marketplace deal event,3,609.2950000000001,Pet Bed - National brand,Pet Supplies,National brand,PR6020,0.1545,619.5,-0.7556,-468.09,1350.69,-1818.78,-1.3466,Bought its own volume
20238,2024-07-01,2225.3,20760.51,22641.98,31057.62,13.9566,Marketplace deal event,6,609.2950000000001,Pet Bed - National brand,Pet Supplies,National brand,PR6021,0.1393,1616.0,-0.8455,-1366.33,1184.2,-2550.53,-2.1538,Bought its own volume
20238,2025-06-01,465.12,4962.74,4615.34,6486.099999999999,13.945,Rebate accelerator,3,609.2950000000001,Pet Bed - National brand,Pet Supplies,National brand,PR6022,0.0384,-144.2,0.7469,-107.7,326.4,-434.1,-1.33,Bought its own volume
20238,2025-07-01,1223.96,14043.32,11953.69,18078.98,14.7709,Rebate accelerator,6,609.2950000000001,Pet Bed - National brand,Pet Supplies,National brand,PR6023,0.0316,614.7,1.7073,1049.48,284.31,765.17,2.6913,Paid for itself
20238,2026-03-01,876.4100000000001,9525.23,7878.74,12926.35,14.749199999999998,Temporary price reduction,5,609.2950000000001,Pet Bed - National brand,Pet Supplies,National brand,PR6024,0.0818,267.1,1.8787,501.8,735.11,-233.31,-0.3174,Bought its own volume
20238,2026-04-01,1440.63,15639.34,13129.48,21248.14,14.7492,Temporary price reduction,4,609.2950000000001,Pet Bed - National brand,Pet Supplies,National brand,PR6025,0.0785,831.3,1.7422,1448.29,705.84,742.45,1.0519,Paid for itself
