month,product_id,competitor_id,observed_price,our_list_price,source,in_stock,observation_age_days
2023-07-01,20000,C1,59.5761,64.5408,Lost quote,1,5
2023-09-01,20000,C1,61.0112,64.5408,Distributor price list,1,14
2023-10-01,20000,C1,61.4861,64.5408,Marketplace scrape,1,25
2024-05-01,20000,C1,67.9896,68.1604,Field report,1,32
2024-07-01,20000,C1,66.5347,62.5945,Distributor price list,1,29
2024-08-01,20000,C1,64.9388,62.5945,Marketplace scrape,1,45
2024-10-01,20000,C1,67.0663,62.5945,Distributor price list,1,35
2025-02-01,20000,C1,68.6644,63.5084,Field report,1,4
2025-04-01,20000,C1,66.0031,63.5084,Lost quote,1,4
2025-05-01,20000,C1,67.7329,63.5084,Field report,0,11
2025-08-01,20000,C1,61.2799,58.5689,Distributor price list,0,36
2025-09-01,20000,C1,59.2705,58.5689,Marketplace scrape,1,22
2025-10-01,20000,C1,58.9806,58.5689,Distributor price list,1,28
2025-12-01,20000,C1,55.5917,58.5689,Marketplace scrape,1,42
2026-01-01,20000,C1,48.4864,52.2297,Field report,1,42
2026-05-01,20000,C1,48.2129,52.2297,Marketplace scrape,1,31
2023-07-01,20000,C4,58.7908,64.5408,Lost quote,1,41
2023-08-01,20000,C4,60.7142,64.5408,Lost quote,0,16
2023-12-01,20000,C4,62.4101,64.5408,Lost quote,1,45
2024-01-01,20000,C4,63.3908,68.1604,Distributor price list,1,28
2024-03-01,20000,C4,65.035,68.1604,Lost quote,1,16
2024-04-01,20000,C4,66.6229,68.1604,Field report,0,10
2024-05-01,20000,C4,66.5827,68.1604,Distributor price list,1,28
2024-07-01,20000,C4,61.9689,62.5945,Distributor price list,1,17
2024-08-01,20000,C4,58.5571,62.5945,Marketplace scrape,1,27
2024-12-01,20000,C4,59.5358,62.5945,Distributor price list,1,37
2025-02-01,20000,C4,59.9932,63.5084,Field report,1,45
2025-03-01,20000,C4,60.6619,63.5084,Marketplace scrape,1,13
2025-06-01,20000,C4,62.6384,63.5084,Lost quote,1,27
2025-07-01,20000,C4,56.3048,58.5689,Distributor price list,1,35
2025-08-01,20000,C4,55.2676,58.5689,Marketplace scrape,1,20
2025-09-01,20000,C4,54.8112,58.5689,Distributor price list,1,37
2025-10-01,20000,C4,55.7886,58.5689,Distributor price list,1,37
2026-04-01,20000,C4,51.9265,52.2297,Field report,0,14
2026-05-01,20000,C4,51.2701,52.2297,Distributor price list,1,39
2026-06-01,20000,C4,49.6621,52.2297,Marketplace scrape,1,35
2023-07-01,20001,C1,17.5888,19.0191,Marketplace scrape,1,17
2023-08-01,20001,C1,17.1317,18.3159,Marketplace scrape,1,13
2023-09-01,20001,C1,17.4804,18.3159,Distributor price list,1,24
2023-10-01,20001,C1,16.968,18.3159,Lost quote,1,20
2023-11-01,20001,C1,17.631,18.7172,Marketplace scrape,1,14
2023-12-01,20001,C1,16.4704,18.7172,Marketplace scrape,1,43
2024-02-01,20001,C1,15.8718,18.5889,Distributor price list,1,40
2024-03-01,20001,C1,15.8566,18.5889,Distributor price list,1,16
2024-04-01,20001,C1,15.2664,18.5889,Marketplace scrape,1,23
2024-06-01,20001,C1,14.8753,18.2434,Distributor price list,1,13
2024-07-01,20001,C1,14.1728,18.2434,Distributor price list,1,30
2024-08-01,20001,C1,14.3107,18.2534,Marketplace scrape,1,23
2024-09-01,20001,C1,14.8363,18.2534,Marketplace scrape,1,16
2024-10-01,20001,C1,14.6828,18.2534,Lost quote,1,23
2024-11-01,20001,C1,14.271,18.2217,Marketplace scrape,1,4
2025-01-01,20001,C1,14.4301,18.2217,Field report,1,4
2025-03-01,20001,C1,14.8139,18.177,Distributor price list,1,32
2025-04-01,20001,C1,15.7517,18.177,Marketplace scrape,1,26
2025-05-01,20001,C1,14.7362,17.8257,Distributor price list,1,19
2025-06-01,20001,C1,14.9225,17.8257,Distributor price list,0,11
2025-09-01,20001,C1,14.4316,18.7976,Lost quote,1,45
2025-10-01,20001,C1,14.9133,18.7976,Field report,1,32
2025-11-01,20001,C1,13.8985,17.59,Lost quote,1,14
2025-12-01,20001,C1,13.4848,17.59,Field report,1,4
2026-02-01,20001,C1,14.8054,19.1349,Field report,1,34
2026-03-01,20001,C1,15.0737,19.1349,Marketplace scrape,1,12
2026-04-01,20001,C1,15.2312,19.1349,Marketplace scrape,1,24
2026-05-01,20001,C1,16.1802,19.9168,Field report,1,8
2023-07-01,20001,C3,20.395,19.0191,Lost quote,1,43
2023-08-01,20001,C3,18.5756,18.3159,Field report,1,10
2023-10-01,20001,C3,18.3499,18.3159,Field report,1,39
2024-01-01,20001,C3,20.1456,18.7172,Marketplace scrape,1,36
2024-02-01,20001,C3,19.8302,18.5889,Field report,0,1
2024-03-01,20001,C3,19.8646,18.5889,Distributor price list,1,31
2024-04-01,20001,C3,19.8701,18.5889,Distributor price list,1,32
2024-05-01,20001,C3,19.18,18.2434,Field report,1,6
2024-06-01,20001,C3,18.6655,18.2434,Distributor price list,1,41
2024-08-01,20001,C3,19.2854,18.2534,Lost quote,1,25
2024-11-01,20001,C3,19.0341,18.2217,Field report,1,35
2024-12-01,20001,C3,19.1521,18.2217,Field report,1,17
2025-01-01,20001,C3,19.9784,18.2217,Field report,0,29
2025-02-01,20001,C3,18.787,18.177,Distributor price list,1,16
2025-04-01,20001,C3,18.9559,18.177,Lost quote,1,34
2025-05-01,20001,C3,19.28,17.8257,Lost quote,1,14
2025-06-01,20001,C3,20.2972,17.8257,Marketplace scrape,1,29
2025-07-01,20001,C3,19.8087,17.8257,Marketplace scrape,1,8
2025-09-01,20001,C3,22.4824,18.7976,Marketplace scrape,1,24
2025-12-01,20001,C3,20.0604,17.59,Distributor price list,1,14
2026-05-01,20001,C3,22.2325,19.9168,Distributor price list,1,18
2026-06-01,20001,C3,22.3609,19.9168,Lost quote,1,5
2023-07-01,20002,C1,51.2048,51.1304,Field report,1,43
2023-08-01,20002,C1,56.2742,55.6316,Lost quote,1,36
2023-09-01,20002,C1,56.5779,55.6316,Marketplace scrape,1,42
2023-10-01,20002,C1,56.7424,55.6316,Lost quote,0,36
2024-03-01,20002,C1,49.469,49.5932,Distributor price list,1,45
2024-04-01,20002,C1,48.2802,49.5932,Marketplace scrape,1,20
2024-08-01,20002,C1,54.3685,53.3806,Lost quote,1,35
2024-11-01,20002,C1,55.3223,53.3806,Distributor price list,1,27
2024-12-01,20002,C1,56.8697,53.3806,Field report,1,6
2025-02-01,20002,C1,52.814,48.9767,Field report,1,10
2025-03-01,20002,C1,51.2009,48.9767,Marketplace scrape,1,35
2025-04-01,20002,C1,47.2588,48.9767,Distributor price list,1,40
2025-07-01,20002,C1,49.9055,48.9767,Marketplace scrape,1,3
2025-09-01,20002,C1,56.5157,55.5492,Lost quote,1,14
2025-10-01,20002,C1,56.7429,55.5492,Lost quote,1,7
2025-12-01,20002,C1,53.6165,55.5492,Distributor price list,1,39
2026-01-01,20002,C1,52.6615,55.5492,Field report,1,40
2026-03-01,20002,C1,50.9334,52.678,Field report,1,15
2026-04-01,20002,C1,50.9534,52.678,Field report,1,7
2023-08-01,20002,C2,53.4679,55.6316,Field report,1,15
2023-10-01,20002,C2,53.2713,55.6316,Distributor price list,1,45
2023-11-01,20002,C2,52.4615,55.6316,Marketplace scrape,1,21
2024-01-01,20002,C2,53.2462,55.6316,Distributor price list,1,34
2024-02-01,20002,C2,48.0989,49.5932,Marketplace scrape,1,22
2024-03-01,20002,C2,47.9411,49.5932,Distributor price list,1,25
2024-05-01,20002,C2,46.2426,49.5932,Distributor price list,1,32
2024-06-01,20002,C2,47.1367,49.5932,Distributor price list,1,34
2024-09-01,20002,C2,48.7047,53.3806,Distributor price list,1,2
2024-11-01,20002,C2,49.2587,53.3806,Distributor price list,1,34
2024-12-01,20002,C2,49.0415,53.3806,Marketplace scrape,1,45
2025-03-01,20002,C2,44.248,48.9767,Lost quote,1,8
2025-04-01,20002,C2,46.2994,48.9767,Lost quote,1,30
2025-05-01,20002,C2,44.7035,48.9767,Distributor price list,1,32
2026-02-01,20002,C2,49.755,52.678,Distributor price list,1,24
2026-03-01,20002,C2,51.4512,52.678,Marketplace scrape,1,41
2026-04-01,20002,C2,50.8146,52.678,Distributor price list,1,8
2023-07-01,20002,C3,56.1065,51.1304,Distributor price list,0,11
2023-08-01,20002,C3,60.7,55.6316,Distributor price list,1,12
2023-09-01,20002,C3,62.268,55.6316,Distributor price list,0,34
2023-10-01,20002,C3,60.8598,55.6316,Lost quote,1,43
2023-11-01,20002,C3,62.3206,55.6316,Marketplace scrape,1,36
2024-01-01,20002,C3,61.8209,55.6316,Marketplace scrape,1,11
2024-02-01,20002,C3,56.5095,49.5932,Marketplace scrape,1,30
2024-05-01,20002,C3,54.1961,49.5932,Distributor price list,1,24
2024-07-01,20002,C3,54.6551,49.5932,Marketplace scrape,1,3
2024-10-01,20002,C3,62.8296,53.3806,Marketplace scrape,1,7
2024-12-01,20002,C3,63.0589,53.3806,Lost quote,1,36
2025-01-01,20002,C3,64.366,53.3806,Marketplace scrape,1,14
2025-02-01,20002,C3,58.6356,48.9767,Field report,1,25
2025-03-01,20002,C3,58.5056,48.9767,Lost quote,1,6
2025-04-01,20002,C3,58.1513,48.9767,Lost quote,1,24
2025-06-01,20002,C3,58.4406,48.9767,Marketplace scrape,1,35
2025-07-01,20002,C3,59.6614,48.9767,Lost quote,1,5
2025-09-01,20002,C3,66.4206,55.5492,Lost quote,1,45
2025-10-01,20002,C3,68.4501,55.5492,Marketplace scrape,1,15
2025-11-01,20002,C3,67.7657,55.5492,Distributor price list,1,34
2026-04-01,20002,C3,63.1198,52.678,Marketplace scrape,0,31
2026-05-01,20002,C3,66.7888,52.678,Marketplace scrape,1,11
2026-06-01,20002,C3,64.0742,52.678,Lost quote,1,38
2023-10-01,20002,C4,50.3504,55.6316,Field report,1,5
2023-11-01,20002,C4,51.6417,55.6316,Lost quote,1,38
2023-12-01,20002,C4,50.9104,55.6316,Distributor price list,1,23
2024-01-01,20002,C4,53.013,55.6316,Field report,1,32
2024-03-01,20002,C4,47.4037,49.5932,Distributor price list,1,44
2024-04-01,20002,C4,47.0022,49.5932,Lost quote,1,6
2024-05-01,20002,C4,48.8634,49.5932,Marketplace scrape,1,36
2024-07-01,20002,C4,49.0616,49.5932,Distributor price list,1,16
2024-08-01,20002,C4,53.1737,53.3806,Marketplace scrape,1,7
2024-10-01,20002,C4,54.2086,53.3806,Distributor price list,1,38
2025-01-01,20002,C4,61.0857,53.3806,Field report,0,16
2025-02-01,20002,C4,54.1554,48.9767,Marketplace scrape,1,33
2025-03-01,20002,C4,55.2428,48.9767,Marketplace scrape,1,29
2025-04-01,20002,C4,52.4347,48.9767,Marketplace scrape,1,41
2025-05-01,20002,C4,54.2718,48.9767,Field report,1,11
2025-07-01,20002,C4,54.9872,48.9767,Marketplace scrape,1,9
2025-09-01,20002,C4,63.5239,55.5492,Field report,1,15
2025-10-01,20002,C4,63.2223,55.5492,Marketplace scrape,1,18
2026-01-01,20002,C4,58.3229,55.5492,Lost quote,1,31
2026-02-01,20002,C4,53.5939,52.678,Field report,1,1
2026-03-01,20002,C4,54.6514,52.678,Lost quote,1,45
2026-04-01,20002,C4,50.4562,52.678,Lost quote,1,31
2026-06-01,20002,C4,55.6097,52.678,Distributor price list,1,40
2023-07-01,20003,C1,37.8657,33.0172,Lost quote,1,39
2023-08-01,20003,C1,35.4761,33.0172,Field report,1,23
2023-09-01,20003,C1,36.9772,31.9878,Marketplace scrape,1,39
2023-11-01,20003,C1,34.9092,31.9878,Lost quote,1,34
2024-01-01,20003,C1,32.5297,29.3806,Lost quote,1,25
2024-03-01,20003,C1,27.8885,26.0244,Lost quote,1,35
2024-04-01,20003,C1,38.8882,36.4255,Distributor price list,1,31
2024-06-01,20003,C1,37.3805,34.9615,Marketplace scrape,1,4
2024-07-01,20003,C1,37.3337,34.9615,Field report,1,39
2024-08-01,20003,C1,38.1213,34.9615,Marketplace scrape,1,35
2024-09-01,20003,C1,40.6552,37.6046,Lost quote,1,21
2024-10-01,20003,C1,40.7899,37.6046,Lost quote,1,35
2024-11-01,20003,C1,40.2103,37.6046,Distributor price list,1,34
2024-12-01,20003,C1,36.3817,34.1265,Marketplace scrape,1,30
2025-01-01,20003,C1,35.2347,34.1265,Distributor price list,1,20
2025-05-01,20003,C1,35.3107,33.1449,Field report,1,26
2025-07-01,20003,C1,37.3043,33.8854,Marketplace scrape,0,20
2025-08-01,20003,C1,35.6967,33.8854,Field report,1,16
2025-11-01,20003,C1,30.956,29.7927,Marketplace scrape,1,22
2026-01-01,20003,C1,30.8864,27.9541,Field report,1,44
2026-03-01,20003,C1,33.6011,29.2913,Marketplace scrape,1,27
2026-05-01,20003,C1,32.8939,29.2913,Lost quote,1,14
2026-06-01,20003,C1,33.3605,31.045,Lost quote,1,30
2023-07-01,20003,C3,40.6938,33.0172,Lost quote,1,20
2023-10-01,20003,C3,40.7494,31.9878,Field report,1,7
2023-12-01,20003,C3,38.1507,29.3806,Field report,1,42
2024-01-01,20003,C3,36.8676,29.3806,Distributor price list,1,30
2024-03-01,20003,C3,31.2072,26.0244,Marketplace scrape,1,21
2024-06-01,20003,C3,40.0041,34.9615,Field report,1,14
2024-07-01,20003,C3,40.4969,34.9615,Lost quote,1,24
2024-08-01,20003,C3,38.8389,34.9615,Marketplace scrape,1,32
2024-09-01,20003,C3,43.1831,37.6046,Marketplace scrape,1,1
2024-11-01,20003,C3,43.2216,37.6046,Lost quote,1,15
2024-12-01,20003,C3,37.8892,34.1265,Marketplace scrape,1,30
2025-04-01,20003,C3,33.3074,33.1449,Field report,1,18
2025-05-01,20003,C3,32.4556,33.1449,Field report,1,13
2025-06-01,20003,C3,34.8992,33.8854,Field report,0,19
2025-07-01,20003,C3,34.7881,33.8854,Field report,1,13
2025-08-01,20003,C3,33.115,33.8854,Distributor price list,1,11
2025-10-01,20003,C3,29.4039,29.7927,Marketplace scrape,1,27
2025-11-01,20003,C3,28.2839,29.7927,Distributor price list,1,4
2025-12-01,20003,C3,27.1751,27.9541,Distributor price list,1,29
2026-01-01,20003,C3,26.3473,27.9541,Field report,1,7
2026-02-01,20003,C3,25.7405,27.9541,Distributor price list,1,9
2026-03-01,20003,C3,28.1355,29.2913,Field report,1,41
2026-04-01,20003,C3,27.7445,29.2913,Lost quote,1,2
2026-05-01,20003,C3,28.666,29.2913,Lost quote,1,21
2026-06-01,20003,C3,28.9294,31.045,Lost quote,1,25
2023-08-01,20004,C1,27.562,26.8909,Field report,1,11
2023-09-01,20004,C1,27.1134,26.8909,Distributor price list,1,2
2023-12-01,20004,C1,27.0125,26.8909,Distributor price list,1,15
2024-03-01,20004,C1,28.9309,28.6768,Field report,1,23
2024-04-01,20004,C1,28.3876,28.6768,Distributor price list,0,34
2024-05-01,20004,C1,27.3415,28.6768,Marketplace scrape,0,43
2024-07-01,20004,C1,31.318,32.9054,Marketplace scrape,0,32
2024-08-01,20004,C1,31.9245,32.9054,Lost quote,1,31
2024-09-01,20004,C1,30.2358,32.9054,Distributor price list,1,42
2024-10-01,20004,C1,31.1398,32.9054,Distributor price list,1,6
2025-01-01,20004,C1,27.5544,30.3597,Lost quote,1,39
2025-03-01,20004,C1,26.586,30.3597,Lost quote,1,24
2025-07-01,20004,C1,23.5516,27.5803,Distributor price list,1,34
2025-08-01,20004,C1,24.0887,27.5803,Field report,1,43
2025-09-01,20004,C1,23.7468,27.5803,Marketplace scrape,0,25
2025-11-01,20004,C1,22.8905,27.5803,Distributor price list,1,38
2025-12-01,20004,C1,24.5225,27.5803,Marketplace scrape,1,42
2026-01-01,20004,C1,24.9583,28.2149,Lost quote,1,24
2026-02-01,20004,C1,24.2145,28.2149,Field report,0,16
2026-03-01,20004,C1,24.1857,28.2149,Lost quote,1,40
2026-04-01,20004,C1,24.2218,28.2149,Distributor price list,1,33
2026-05-01,20004,C1,24.5697,28.2149,Distributor price list,1,40
2023-07-01,20004,C2,26.1618,26.8909,Distributor price list,1,19
2023-08-01,20004,C2,24.4323,26.8909,Marketplace scrape,1,1
2023-09-01,20004,C2,25.4581,26.8909,Marketplace scrape,1,34
2023-12-01,20004,C2,25.8611,26.8909,Field report,1,18
2024-01-01,20004,C2,27.9584,28.6768,Marketplace scrape,1,19
2024-02-01,20004,C2,27.135,28.6768,Field report,1,22
2024-05-01,20004,C2,25.2496,28.6768,Distributor price list,1,18
2024-07-01,20004,C2,30.4089,32.9054,Marketplace scrape,1,42
2024-09-01,20004,C2,29.7768,32.9054,Marketplace scrape,1,38
2024-10-01,20004,C2,29.5608,32.9054,Marketplace scrape,1,34
2024-12-01,20004,C2,28.0223,32.9054,Lost quote,1,19
2025-01-01,20004,C2,25.7666,30.3597,Field report,1,26
2025-02-01,20004,C2,26.4226,30.3597,Lost quote,1,16
2025-03-01,20004,C2,27.6498,30.3597,Marketplace scrape,1,25
2025-04-01,20004,C2,27.6631,30.3597,Distributor price list,1,34
2025-05-01,20004,C2,26.816,30.3597,Marketplace scrape,1,12
2025-06-01,20004,C2,27.2988,30.3597,Marketplace scrape,1,4
2025-07-01,20004,C2,23.3244,27.5803,Distributor price list,1,30
2025-08-01,20004,C2,22.8543,27.5803,Lost quote,1,40
2025-09-01,20004,C2,23.105,27.5803,Distributor price list,1,32
2025-10-01,20004,C2,23.455,27.5803,Field report,1,44
2025-11-01,20004,C2,24.219,27.5803,Lost quote,1,1
2026-01-01,20004,C2,24.0893,28.2149,Distributor price list,1,18
2026-02-01,20004,C2,23.8846,28.2149,Lost quote,1,32
2026-03-01,20004,C2,23.8884,28.2149,Marketplace scrape,0,25
2026-04-01,20004,C2,25.7793,28.2149,Lost quote,1,43
2026-05-01,20004,C2,26.1985,28.2149,Distributor price list,1,1
2026-06-01,20004,C2,27.2038,28.2149,Field report,1,5
2023-07-01,20004,C5,33.6756,26.8909,Distributor price list,0,20
2023-08-01,20004,C5,33.9283,26.8909,Marketplace scrape,0,8
2023-09-01,20004,C5,33.5406,26.8909,Marketplace scrape,1,42
2023-10-01,20004,C5,32.9712,26.8909,Field report,1,20
2023-11-01,20004,C5,34.4038,26.8909,Marketplace scrape,1,38
2023-12-01,20004,C5,34.7904,26.8909,Marketplace scrape,1,28
2024-03-01,20004,C5,37.168,28.6768,Lost quote,1,9
2024-04-01,20004,C5,36.1862,28.6768,Lost quote,1,23
2024-05-01,20004,C5,36.3817,28.6768,Distributor price list,1,24
2024-06-01,20004,C5,34.5776,28.6768,Distributor price list,1,45
2024-08-01,20004,C5,40.8565,32.9054,Marketplace scrape,1,10
2025-01-01,20004,C5,35.5862,30.3597,Marketplace scrape,1,45
2025-02-01,20004,C5,35.881,30.3597,Marketplace scrape,1,40
2025-03-01,20004,C5,36.4628,30.3597,Field report,0,23
2025-04-01,20004,C5,36.3653,30.3597,Field report,1,28
2025-06-01,20004,C5,37.1178,30.3597,Field report,1,17
2025-07-01,20004,C5,34.1827,27.5803,Distributor price list,1,14
2025-09-01,20004,C5,33.1642,27.5803,Lost quote,1,14
2025-10-01,20004,C5,32.4869,27.5803,Marketplace scrape,1,9
2025-12-01,20004,C5,33.6592,27.5803,Marketplace scrape,1,8
2026-01-01,20004,C5,34.8409,28.2149,Marketplace scrape,1,31
2026-03-01,20004,C5,36.363,28.2149,Field report,0,37
2026-05-01,20004,C5,35.4233,28.2149,Distributor price list,1,27
2026-06-01,20004,C5,35.4606,28.2149,Distributor price list,1,4
2023-07-01,20005,C1,35.1209,34.868,Lost quote,1,3
2023-11-01,20005,C1,35.9914,36.1902,Marketplace scrape,1,12
2024-01-01,20005,C1,34.6289,34.5074,Marketplace scrape,1,25
2024-04-01,20005,C1,32.5978,34.1242,Marketplace scrape,1,37
2024-05-01,20005,C1,33.5943,34.1242,Field report,1,31
2024-07-01,20005,C1,36.0262,36.3721,Lost quote,1,17
2024-09-01,20005,C1,39.3319,37.5068,Lost quote,1,27
2024-11-01,20005,C1,37.5422,37.5068,Distributor price list,1,38
2024-12-01,20005,C1,38.426,37.4517,Marketplace scrape,1,44
2025-02-01,20005,C1,37.1631,37.4517,Field report,1,4
2025-06-01,20005,C1,35.0889,35.1636,Marketplace scrape,1,15
2025-07-01,20005,C1,35.4225,35.1636,Marketplace scrape,1,20
2026-02-01,20005,C1,37.4872,37.8903,Lost quote,1,41
2026-03-01,20005,C1,39.8817,38.3556,Field report,1,11
2026-04-01,20005,C1,38.4694,38.3556,Distributor price list,1,45
2023-07-01,20005,C2,32.0973,34.868,Marketplace scrape,1,7
2023-08-01,20005,C2,33.2688,34.868,Marketplace scrape,1,36
2023-10-01,20005,C2,34.7452,36.1902,Distributor price list,1,39
2023-11-01,20005,C2,34.831,36.1902,Distributor price list,1,6
2023-12-01,20005,C2,34.1216,34.5074,Lost quote,1,43
2024-03-01,20005,C2,33.6601,34.1242,Distributor price list,1,28
2024-05-01,20005,C2,33.7703,34.1242,Lost quote,1,13
2024-06-01,20005,C2,36.7065,36.3721,Marketplace scrape,1,26
2024-07-01,20005,C2,34.7189,36.3721,Distributor price list,1,32
2024-09-01,20005,C2,37.1031,37.5068,Lost quote,0,1
2024-10-01,20005,C2,36.6588,37.5068,Field report,1,18
2024-12-01,20005,C2,37.0814,37.4517,Marketplace scrape,1,44
2025-02-01,20005,C2,38.6364,37.4517,Field report,1,25
2025-03-01,20005,C2,33.2324,32.9728,Marketplace scrape,1,44
2025-04-01,20005,C2,33.5157,32.9728,Lost quote,1,28
2025-05-01,20005,C2,33.4494,32.9728,Marketplace scrape,1,40
2025-09-01,20005,C2,40.87,38.7385,Lost quote,1,17
2025-10-01,20005,C2,39.8028,38.7385,Distributor price list,1,35
2025-11-01,20005,C2,41.5969,38.7385,Marketplace scrape,1,28
2025-12-01,20005,C2,39.5499,37.8903,Lost quote,1,44
2026-02-01,20005,C2,40.0786,37.8903,Marketplace scrape,1,32
2026-04-01,20005,C2,39.9028,38.3556,Distributor price list,1,22
2026-05-01,20005,C2,39.9607,38.3556,Distributor price list,1,11
2023-08-01,20005,C4,34.8441,34.868,Distributor price list,1,10
2023-09-01,20005,C4,36.1777,36.1902,Distributor price list,1,17
2023-11-01,20005,C4,38.8419,36.1902,Marketplace scrape,1,33
2023-12-01,20005,C4,35.435,34.5074,Distributor price list,1,16
2024-01-01,20005,C4,37.2898,34.5074,Lost quote,1,9
2024-02-01,20005,C4,36.8829,34.5074,Field report,1,9
2024-03-01,20005,C4,37.3517,34.1242,Distributor price list,1,12
2024-05-01,20005,C4,39.3461,34.1242,Distributor price list,1,32
2024-06-01,20005,C4,39.9836,36.3721,Lost quote,1,20
2024-12-01,20005,C4,41.0262,37.4517,Lost quote,1,39
2025-02-01,20005,C4,42.8516,37.4517,Distributor price list,1,14
2025-04-01,20005,C4,36.3688,32.9728,Marketplace scrape,1,13
2025-05-01,20005,C4,37.3715,32.9728,Field report,1,25
2025-06-01,20005,C4,38.6386,35.1636,Lost quote,1,4
2025-07-01,20005,C4,38.6955,35.1636,Field report,1,11
2025-08-01,20005,C4,40.6025,35.1636,Marketplace scrape,1,8
2025-09-01,20005,C4,46.7199,38.7385,Field report,1,26
2025-10-01,20005,C4,46.5759,38.7385,Field report,1,39
2025-12-01,20005,C4,43.0294,37.8903,Marketplace scrape,1,17
2026-02-01,20005,C4,44.4843,37.8903,Distributor price list,1,20
2026-04-01,20005,C4,44.6896,38.3556,Marketplace scrape,0,21
2023-09-01,20006,C3,39.622,38.5388,Field report,1,27
2023-10-01,20006,C3,39.5567,38.5388,Field report,1,34
2023-11-01,20006,C3,40.067,39.2293,Lost quote,0,39
2023-12-01,20006,C3,40.0045,39.2293,Distributor price list,1,35
2024-02-01,20006,C3,40.0083,38.221,Field report,1,2
2024-03-01,20006,C3,39.4422,38.221,Lost quote,1,31
2024-04-01,20006,C3,39.1528,38.221,Lost quote,0,13
2024-06-01,20006,C3,40.3272,39.1636,Lost quote,1,35
2024-07-01,20006,C3,39.0315,39.1636,Lost quote,1,25
2024-08-01,20006,C3,38.5652,39.9619,Marketplace scrape,1,30
2024-09-01,20006,C3,38.2402,39.9619,Lost quote,1,38
2024-11-01,20006,C3,40.4177,41.27,Lost quote,1,27
2024-12-01,20006,C3,38.243,41.27,Lost quote,1,28
2025-01-01,20006,C3,40.756,41.27,Marketplace scrape,1,4
2025-02-01,20006,C3,41.4706,41.8833,Marketplace scrape,1,23
2025-03-01,20006,C3,38.8017,41.8833,Marketplace scrape,1,38
2025-04-01,20006,C3,37.7712,41.8833,Marketplace scrape,0,30
2025-07-01,20006,C3,38.2856,40.3535,Lost quote,1,24
2025-09-01,20006,C3,37.0307,39.6539,Field report,1,29
2025-10-01,20006,C3,35.743,39.6539,Marketplace scrape,1,2
2025-11-01,20006,C3,34.4094,38.3833,Distributor price list,0,23
2026-02-01,20006,C3,37.6423,39.9216,Lost quote,1,30
2026-04-01,20006,C3,40.3698,39.9216,Distributor price list,1,24
2023-07-01,20007,C2,16.7058,20.5482,Lost quote,1,38
2023-09-01,20007,C2,16.7647,21.5397,Lost quote,1,22
2023-10-01,20007,C2,16.6576,21.5397,Lost quote,1,1
2024-02-01,20007,C2,16.131,20.8679,Field report,1,4
2024-04-01,20007,C2,15.8129,20.8679,Field report,1,3
2024-05-01,20007,C2,17.0162,21.8335,Marketplace scrape,1,40
2024-06-01,20007,C2,17.5618,21.8335,Distributor price list,1,33
2024-09-01,20007,C2,18.4978,22.9926,Field report,1,1
2024-11-01,20007,C2,17.3406,22.169,Distributor price list,1,44
2025-01-01,20007,C2,17.4617,22.169,Marketplace scrape,1,37
2025-03-01,20007,C2,16.4025,21.4324,Lost quote,1,45
2025-04-01,20007,C2,16.3593,21.4324,Marketplace scrape,1,26
2025-05-01,20007,C2,16.654,22.4198,Marketplace scrape,1,5
2025-08-01,20007,C2,17.05,22.1574,Distributor price list,1,39
2025-09-01,20007,C2,16.5631,22.1574,Distributor price list,1,8
2025-12-01,20007,C2,15.342,21.2631,Field report,1,35
2026-02-01,20007,C2,15.5185,21.8247,Lost quote,1,1
2026-03-01,20007,C2,16.16,21.8247,Marketplace scrape,0,34
2026-04-01,20007,C2,16.4106,21.8247,Lost quote,1,21
2026-06-01,20007,C2,15.954,21.7608,Marketplace scrape,1,43
2023-07-01,20007,C3,20.0247,20.5482,Distributor price list,1,8
2023-08-01,20007,C3,20.4631,21.5397,Field report,1,14
2023-10-01,20007,C3,19.8395,21.5397,Marketplace scrape,1,32
2023-11-01,20007,C3,19.2352,21.1492,Distributor price list,1,20
2023-12-01,20007,C3,19.2298,21.1492,Distributor price list,1,12
2024-04-01,20007,C3,17.6505,20.8679,Lost quote,1,6
2024-06-01,20007,C3,18.4948,21.8335,Marketplace scrape,1,14
2024-08-01,20007,C3,19.706,22.9926,Distributor price list,1,14
2024-09-01,20007,C3,19.5688,22.9926,Field report,1,22
2024-11-01,20007,C3,19.0755,22.169,Marketplace scrape,1,29
2024-12-01,20007,C3,19.4635,22.169,Distributor price list,1,11
2025-02-01,20007,C3,18.5558,21.4324,Field report,1,12
2025-04-01,20007,C3,18.8401,21.4324,Distributor price list,1,6
2025-06-01,20007,C3,19.2635,22.4198,Lost quote,1,27
2025-08-01,20007,C3,18.8731,22.1574,Lost quote,1,27
2025-10-01,20007,C3,18.6106,22.1574,Marketplace scrape,1,30
2025-12-01,20007,C3,17.4157,21.2631,Lost quote,1,43
2026-01-01,20007,C3,16.8741,21.2631,Field report,1,13
2026-02-01,20007,C3,17.5281,21.8247,Lost quote,1,6
2026-03-01,20007,C3,17.3154,21.8247,Lost quote,1,15
2026-06-01,20007,C3,17.9112,21.7608,Lost quote,1,9
2023-08-01,20007,C4,17.4881,21.5397,Distributor price list,1,13
2023-09-01,20007,C4,17.3722,21.5397,Lost quote,1,31
2023-10-01,20007,C4,17.3474,21.5397,Distributor price list,1,8
2023-11-01,20007,C4,18.1994,21.1492,Field report,1,28
2024-01-01,20007,C4,17.7753,21.1492,Marketplace scrape,1,20
2024-02-01,20007,C4,18.0263,20.8679,Marketplace scrape,1,6
2024-06-01,20007,C4,19.2269,21.8335,Lost quote,0,38
2024-07-01,20007,C4,20.0316,21.8335,Marketplace scrape,1,21
2024-08-01,20007,C4,20.3,22.9926,Lost quote,1,26
2024-09-01,20007,C4,20.5696,22.9926,Distributor price list,0,4
2024-10-01,20007,C4,20.5161,22.9926,Marketplace scrape,1,14
2024-11-01,20007,C4,20.252,22.169,Lost quote,1,23
2024-12-01,20007,C4,20.0013,22.169,Marketplace scrape,0,16
2025-01-01,20007,C4,19.8768,22.169,Lost quote,1,8
2025-03-01,20007,C4,19.3309,21.4324,Lost quote,1,44
2025-06-01,20007,C4,21.298,22.4198,Field report,1,13
2025-08-01,20007,C4,20.4511,22.1574,Marketplace scrape,1,19
2025-09-01,20007,C4,20.5475,22.1574,Distributor price list,1,34
2025-11-01,20007,C4,19.5899,21.2631,Distributor price list,1,31
2025-12-01,20007,C4,18.7706,21.2631,Marketplace scrape,1,42
2026-01-01,20007,C4,17.696,21.2631,Field report,0,34
2026-02-01,20007,C4,18.3404,21.8247,Field report,1,44
2026-03-01,20007,C4,19.3352,21.8247,Field report,1,37
2026-04-01,20007,C4,18.709,21.8247,Marketplace scrape,1,25
2026-05-01,20007,C4,19.1438,21.7608,Field report,1,32
2023-07-01,20007,C5,20.6941,20.5482,Distributor price list,1,36
2023-11-01,20007,C5,20.2948,21.1492,Field report,1,1
2023-12-01,20007,C5,20.1214,21.1492,Lost quote,1,34
2024-01-01,20007,C5,21.3512,21.1492,Field report,1,5
2024-03-01,20007,C5,21.1147,20.8679,Lost quote,1,40
2024-04-01,20007,C5,20.0879,20.8679,Field report,1,30
2024-05-01,20007,C5,22.0197,21.8335,Distributor price list,1,35
2024-07-01,20007,C5,21.0241,21.8335,Marketplace scrape,1,35
2024-10-01,20007,C5,21.6902,22.9926,Distributor price list,1,10
2024-11-01,20007,C5,20.3588,22.169,Distributor price list,1,24
2024-12-01,20007,C5,19.94,22.169,Field report,0,30
2025-01-01,20007,C5,20.7319,22.169,Lost quote,1,40
2025-02-01,20007,C5,19.1699,21.4324,Lost quote,1,34
2025-04-01,20007,C5,20.7548,21.4324,Distributor price list,1,10
2025-05-01,20007,C5,22.5834,22.4198,Distributor price list,1,18
2025-06-01,20007,C5,22.1727,22.4198,Field report,0,17
2025-07-01,20007,C5,22.0664,22.4198,Marketplace scrape,1,3
2025-08-01,20007,C5,21.312,22.1574,Distributor price list,1,38
2025-09-01,20007,C5,21.4324,22.1574,Lost quote,1,24
2025-10-01,20007,C5,22.4167,22.1574,Field report,0,10
2025-12-01,20007,C5,22.181,21.2631,Marketplace scrape,1,1
2026-02-01,20007,C5,22.8062,21.8247,Distributor price list,1,26
2026-03-01,20007,C5,23.3576,21.8247,Marketplace scrape,1,13
2026-05-01,20007,C5,22.8034,21.7608,Field report,1,43
2026-06-01,20007,C5,23.2423,21.7608,Lost quote,1,34
2023-09-01,20008,C1,18.9335,18.0773,Distributor price list,1,6
2023-11-01,20008,C1,20.737,19.6507,Distributor price list,1,12
2023-12-01,20008,C1,22.3694,19.6507,Distributor price list,1,3
2024-01-01,20008,C1,21.1598,18.8171,Lost quote,1,36
2024-02-01,20008,C1,20.8241,18.8171,Distributor price list,1,40
2024-03-01,20008,C1,21.2563,18.8171,Lost quote,1,45
2024-04-01,20008,C1,21.571,19.1588,Marketplace scrape,1,29
2024-08-01,20008,C1,21.4972,19.271,Lost quote,1,29
2024-09-01,20008,C1,22.0576,19.271,Field report,0,15
2024-10-01,20008,C1,20.1233,19.071,Marketplace scrape,1,43
2025-01-01,20008,C1,20.9978,19.6357,Marketplace scrape,1,42
2025-02-01,20008,C1,22.68,19.6357,Distributor price list,1,10
2025-03-01,20008,C1,21.6823,19.6357,Field report,1,24
2025-04-01,20008,C1,20.8523,18.6896,Marketplace scrape,1,25
2025-05-01,20008,C1,20.7984,18.6896,Lost quote,1,10
2025-06-01,20008,C1,20.43,18.6896,Lost quote,1,3
2025-10-01,20008,C1,15.8608,14.4774,Field report,1,26
2025-11-01,20008,C1,22.4165,20.6242,Lost quote,1,10
2026-04-01,20008,C1,22.399,21.2885,Distributor price list,1,3
2026-05-01,20008,C1,22.0387,21.2885,Lost quote,1,40
2026-06-01,20008,C1,22.1974,21.2885,Distributor price list,1,19
2023-08-01,20008,C3,21.4822,18.0773,Lost quote,1,8
2023-09-01,20008,C3,20.4147,18.0773,Marketplace scrape,1,27
2023-10-01,20008,C3,22.76,19.6507,Lost quote,1,9
2023-12-01,20008,C3,21.9696,19.6507,Distributor price list,1,15
2024-02-01,20008,C3,20.8373,18.8171,Distributor price list,1,25
2024-03-01,20008,C3,22.2066,18.8171,Distributor price list,1,34
2024-04-01,20008,C3,22.3099,19.1588,Marketplace scrape,1,15
2024-05-01,20008,C3,21.1289,19.1588,Distributor price list,0,23
2024-06-01,20008,C3,21.5928,19.1588,Distributor price list,1,19
2024-07-01,20008,C3,20.4145,19.271,Distributor price list,1,22
2024-08-01,20008,C3,21.1512,19.271,Marketplace scrape,1,16
2024-09-01,20008,C3,20.5554,19.271,Lost quote,1,35
2024-11-01,20008,C3,20.127,19.071,Marketplace scrape,1,25
2024-12-01,20008,C3,19.1386,19.071,Marketplace scrape,1,35
2025-01-01,20008,C3,19.2355,19.6357,Field report,1,12
2025-04-01,20008,C3,18.6136,18.6896,Distributor price list,1,35
2025-06-01,20008,C3,18.387,18.6896,Lost quote,1,8
2025-07-01,20008,C3,17.5725,18.2448,Field report,1,3
2025-08-01,20008,C3,17.7087,18.2448,Lost quote,1,43
2025-09-01,20008,C3,18.0665,18.2448,Distributor price list,1,8
2025-10-01,20008,C3,14.2895,14.4774,Distributor price list,1,1
2025-11-01,20008,C3,21.1429,20.6242,Marketplace scrape,1,39
2025-12-01,20008,C3,21.0345,20.6242,Lost quote,1,31
2026-01-01,20008,C3,20.1897,20.8489,Distributor price list,1,8
2026-03-01,20008,C3,21.4852,20.8489,Distributor price list,1,37
2026-04-01,20008,C3,21.6076,21.2885,Field report,1,26
2026-05-01,20008,C3,23.2909,21.2885,Field report,1,41
2023-07-01,20008,C4,18.3794,18.0773,Marketplace scrape,1,44
2023-08-01,20008,C4,17.8744,18.0773,Field report,1,4
2023-12-01,20008,C4,20.0843,19.6507,Field report,1,28
2024-01-01,20008,C4,18.9486,18.8171,Lost quote,0,2
2024-02-01,20008,C4,19.485,18.8171,Lost quote,1,3
2024-03-01,20008,C4,19.6555,18.8171,Field report,1,6
2024-06-01,20008,C4,20.3791,19.1588,Marketplace scrape,0,40
2024-07-01,20008,C4,19.1258,19.271,Lost quote,1,37
2024-08-01,20008,C4,19.4879,19.271,Lost quote,1,10
2024-09-01,20008,C4,18.4118,19.271,Marketplace scrape,1,41
2024-10-01,20008,C4,19.2098,19.071,Distributor price list,1,14
2025-01-01,20008,C4,19.5076,19.6357,Lost quote,1,2
2025-02-01,20008,C4,19.2734,19.6357,Marketplace scrape,1,21
2025-04-01,20008,C4,18.3359,18.6896,Distributor price list,1,36
2025-06-01,20008,C4,18.0115,18.6896,Lost quote,1,26
2025-08-01,20008,C4,17.7677,18.2448,Distributor price list,1,18
2025-10-01,20008,C4,14.7053,14.4774,Lost quote,1,36
2025-11-01,20008,C4,20.5251,20.6242,Field report,1,6
2025-12-01,20008,C4,21.1725,20.6242,Field report,1,20
2026-01-01,20008,C4,21.8934,20.8489,Field report,0,4
2026-03-01,20008,C4,20.9892,20.8489,Field report,1,7
2026-04-01,20008,C4,22.4502,21.2885,Lost quote,1,32
2026-05-01,20008,C4,22.4703,21.2885,Lost quote,1,19
2026-06-01,20008,C4,23.2807,21.2885,Distributor price list,1,27
2023-08-01,20008,C5,21.0372,18.0773,Field report,0,6
2023-09-01,20008,C5,21.9337,18.0773,Distributor price list,1,39
2023-11-01,20008,C5,23.9074,19.6507,Distributor price list,1,10
2023-12-01,20008,C5,22.9649,19.6507,Field report,1,32
2024-07-01,20008,C5,22.8658,19.271,Lost quote,1,23
2024-08-01,20008,C5,22.5774,19.271,Lost quote,1,35
2024-10-01,20008,C5,21.8235,19.071,Lost quote,1,27
2024-11-01,20008,C5,21.8514,19.071,Field report,1,36
2024-12-01,20008,C5,22.0908,19.071,Lost quote,1,40
2025-01-01,20008,C5,22.6909,19.6357,Lost quote,1,38
2025-02-01,20008,C5,22.0943,19.6357,Lost quote,0,29
2025-04-01,20008,C5,21.6705,18.6896,Distributor price list,1,30
2025-07-01,20008,C5,21.6385,18.2448,Marketplace scrape,1,2
2025-08-01,20008,C5,22.4382,18.2448,Lost quote,1,19
2025-09-01,20008,C5,22.5776,18.2448,Lost quote,1,26
2025-10-01,20008,C5,17.0534,14.4774,Field report,1,12
2025-11-01,20008,C5,25.1723,20.6242,Lost quote,1,27
2026-01-01,20008,C5,25.0248,20.8489,Lost quote,1,5
2026-02-01,20008,C5,25.2232,20.8489,Field report,1,2
2026-03-01,20008,C5,24.8012,20.8489,Lost quote,1,15
2026-04-01,20008,C5,27.0581,21.2885,Field report,1,28
2026-05-01,20008,C5,27.3871,21.2885,Field report,0,9
2023-08-01,20009,C1,23.9539,25.6333,Field report,1,35
2023-12-01,20009,C1,23.2689,24.8112,Lost quote,1,21
2024-03-01,20009,C1,23.2452,24.0134,Marketplace scrape,1,2
2024-04-01,20009,C1,22.8808,24.0134,Lost quote,1,2
2024-05-01,20009,C1,26.1139,26.2518,Lost quote,1,17
2024-07-01,20009,C1,24.8349,26.2518,Distributor price list,1,39
2024-09-01,20009,C1,26.3633,27.3662,Distributor price list,1,25
2024-10-01,20009,C1,24.9292,27.3662,Field report,1,16
2024-11-01,20009,C1,25.1215,27.3185,Marketplace scrape,1,37
2025-02-01,20009,C1,24.9368,27.5221,Marketplace scrape,1,23
2025-03-01,20009,C1,24.3169,27.5221,Distributor price list,1,1
2025-05-01,20009,C1,26.1032,29.6931,Marketplace scrape,1,31
2025-08-01,20009,C1,25.2585,30.9193,Lost quote,1,17
2025-10-01,20009,C1,24.4232,30.9193,Field report,1,25
2025-11-01,20009,C1,25.4138,33.2168,Lost quote,1,35
2026-02-01,20009,C1,24.8212,32.5708,Lost quote,1,28
2023-07-01,20009,C2,20.9685,24.9882,Marketplace scrape,1,38
2023-09-01,20009,C2,20.7973,25.6333,Field report,1,22
2023-10-01,20009,C2,20.8588,25.6333,Marketplace scrape,1,44
2023-12-01,20009,C2,21.8399,24.8112,Field report,1,36
2024-02-01,20009,C2,20.1638,24.0134,Field report,1,5
2024-03-01,20009,C2,20.2889,24.0134,Field report,1,39
2024-04-01,20009,C2,20.5948,24.0134,Field report,1,39
2024-05-01,20009,C2,22.688,26.2518,Marketplace scrape,1,8
2024-06-01,20009,C2,22.9728,26.2518,Marketplace scrape,1,34
2024-07-01,20009,C2,23.6809,26.2518,Lost quote,1,41
2024-08-01,20009,C2,23.108,27.3662,Lost quote,1,7
2024-10-01,20009,C2,23.5583,27.3662,Field report,1,18
2024-12-01,20009,C2,23.6076,27.3185,Marketplace scrape,1,25
2025-02-01,20009,C2,24.8465,27.5221,Field report,1,11
2025-03-01,20009,C2,23.5353,27.5221,Distributor price list,1,38
2025-06-01,20009,C2,26.3822,29.6931,Field report,1,6
2025-08-01,20009,C2,26.5755,30.9193,Field report,1,9
2025-09-01,20009,C2,25.8506,30.9193,Marketplace scrape,1,38
2025-10-01,20009,C2,26.5076,30.9193,Distributor price list,1,6
2025-11-01,20009,C2,28.3075,33.2168,Lost quote,1,3
2026-02-01,20009,C2,29.0465,32.5708,Distributor price list,1,24
2026-04-01,20009,C2,28.4028,32.5708,Distributor price list,1,3
2026-05-01,20009,C2,29.993,34.6318,Lost quote,1,22
2023-07-01,20009,C4,22.0797,24.9882,Marketplace scrape,1,26
2023-08-01,20009,C4,22.2818,25.6333,Marketplace scrape,1,40
2023-10-01,20009,C4,22.1997,25.6333,Field report,1,23
2023-11-01,20009,C4,21.8532,24.8112,Lost quote,1,45
2023-12-01,20009,C4,20.6608,24.8112,Lost quote,1,24
2024-01-01,20009,C4,21.5955,24.8112,Marketplace scrape,1,27
2024-02-01,20009,C4,20.8044,24.0134,Lost quote,1,40
2024-04-01,20009,C4,20.0553,24.0134,Distributor price list,1,29
2024-06-01,20009,C4,22.4813,26.2518,Lost quote,1,26
2024-07-01,20009,C4,21.9827,26.2518,Field report,1,18
2024-10-01,20009,C4,21.5367,27.3662,Marketplace scrape,1,18
2024-11-01,20009,C4,20.9944,27.3185,Marketplace scrape,1,19
2024-12-01,20009,C4,20.2568,27.3185,Field report,1,2
2025-01-01,20009,C4,20.2647,27.3185,Marketplace scrape,1,40
2025-04-01,20009,C4,21.048,27.5221,Distributor price list,1,5
2025-09-01,20009,C4,24.0958,30.9193,Field report,1,22
2025-10-01,20009,C4,24.3652,30.9193,Field report,1,33
2026-03-01,20009,C4,27.3916,32.5708,Distributor price list,1,17
2026-04-01,20009,C4,28.1805,32.5708,Lost quote,1,26
2026-05-01,20009,C4,28.4759,34.6318,Marketplace scrape,1,37
2026-06-01,20009,C4,29.5166,34.6318,Field report,1,27
2023-08-01,20010,C4,43.8173,43.843,Field report,1,8
2023-09-01,20010,C4,45.6359,43.843,Distributor price list,1,9
2023-10-01,20010,C4,46.057,43.843,Lost quote,1,32
2023-12-01,20010,C4,46.0245,45.0073,Field report,1,41
2024-01-01,20010,C4,45.1744,45.0073,Marketplace scrape,1,21
2024-02-01,20010,C4,44.1345,43.6277,Field report,1,4
2024-03-01,20010,C4,43.7765,43.6277,Distributor price list,1,3
2024-05-01,20010,C4,43.6271,43.3083,Distributor price list,1,21
2024-08-01,20010,C4,44.5883,44.8153,Lost quote,1,45
2024-09-01,20010,C4,47.0028,44.8153,Marketplace scrape,0,2
2024-10-01,20010,C4,47.227,44.8153,Distributor price list,1,4
2024-11-01,20010,C4,45.575,43.0701,Lost quote,1,2
2025-01-01,20010,C4,46.9679,43.0701,Field report,1,25
2025-02-01,20010,C4,50.4126,47.2046,Distributor price list,1,26
2025-06-01,20010,C4,51.7917,49.2508,Marketplace scrape,0,27
2025-07-01,20010,C4,49.8822,49.2508,Marketplace scrape,1,10
2025-09-01,20010,C4,50.2071,47.4725,Field report,1,39
2025-10-01,20010,C4,49.4233,47.4725,Marketplace scrape,1,44
2025-11-01,20010,C4,48.3225,47.346,Field report,1,33
2026-01-01,20010,C4,47.879,47.346,Field report,1,12
2026-03-01,20010,C4,51.2643,48.9022,Distributor price list,1,35
2026-05-01,20010,C4,52.8019,49.2097,Lost quote,1,25
2023-10-01,20010,C5,54.4155,43.843,Distributor price list,1,42
2023-11-01,20010,C5,59.2194,45.0073,Distributor price list,1,14
2024-03-01,20010,C5,56.1955,43.6277,Field report,1,39
2024-04-01,20010,C5,58.9794,43.6277,Field report,1,43
2024-06-01,20010,C5,58.1925,43.3083,Field report,1,33
2024-07-01,20010,C5,55.7886,43.3083,Lost quote,1,45
2024-08-01,20010,C5,56.07,44.8153,Lost quote,1,44
2024-09-01,20010,C5,56.4311,44.8153,Lost quote,0,37
2024-12-01,20010,C5,54.9792,43.0701,Field report,1,15
2025-01-01,20010,C5,56.5687,43.0701,Lost quote,0,2
2025-06-01,20010,C5,64.0271,49.2508,Lost quote,1,19
2025-09-01,20010,C5,61.6803,47.4725,Lost quote,1,27
2025-11-01,20010,C5,59.7041,47.346,Distributor price list,1,42
2025-12-01,20010,C5,57.8695,47.346,Field report,1,16
2026-02-01,20010,C5,56.8499,48.9022,Marketplace scrape,1,4
2026-03-01,20010,C5,58.2692,48.9022,Field report,1,13
2026-04-01,20010,C5,57.4851,48.9022,Lost quote,1,25
2023-07-01,20012,C1,18.5515,16.1882,Distributor price list,1,16
2023-08-01,20012,C1,18.012,15.9339,Distributor price list,1,33
2023-11-01,20012,C1,17.1483,15.1957,Field report,1,6
2024-02-01,20012,C1,17.372,15.0512,Distributor price list,1,28
2024-03-01,20012,C1,17.4539,15.0512,Lost quote,1,12
2024-04-01,20012,C1,17.5806,15.0512,Distributor price list,1,8
2024-07-01,20012,C1,18.0032,15.9776,Lost quote,1,3
2024-09-01,20012,C1,19.7466,17.2257,Distributor price list,0,22
2024-10-01,20012,C1,19.0215,17.2257,Marketplace scrape,1,20
2024-12-01,20012,C1,18.5268,17.1448,Distributor price list,1,18
2025-03-01,20012,C1,18.7212,17.2759,Lost quote,1,29
2025-04-01,20012,C1,19.206,17.2759,Lost quote,1,8
2025-05-01,20012,C1,20.7342,18.1807,Distributor price list,1,15
2025-06-01,20012,C1,19.7415,18.1807,Marketplace scrape,1,8
2025-09-01,20012,C1,20.6538,18.2537,Marketplace scrape,1,19
2025-12-01,20012,C1,19.6982,17.1309,Distributor price list,1,1
2026-01-01,20012,C1,19.4518,17.1309,Marketplace scrape,1,31
2026-02-01,20012,C1,18.8987,16.7165,Distributor price list,1,32
2026-03-01,20012,C1,19.4994,16.7165,Distributor price list,1,41
2026-04-01,20012,C1,20.1445,16.7165,Field report,1,36
2026-06-01,20012,C1,21.3471,17.936,Distributor price list,1,44
2023-07-01,20013,C1,90.7251,86.5538,Distributor price list,0,42
2023-11-01,20013,C1,89.6326,85.394,Field report,1,16
2024-01-01,20013,C1,91.5026,83.78,Marketplace scrape,1,1
2024-03-01,20013,C1,76.0067,74.4863,Marketplace scrape,1,29
2024-04-01,20013,C1,79.2401,74.4863,Lost quote,1,27
2024-05-01,20013,C1,78.6908,74.4863,Field report,0,5
2024-06-01,20013,C1,81.0972,73.7728,Marketplace scrape,1,28
2024-09-01,20013,C1,81.2963,74.8933,Marketplace scrape,1,24
2024-10-01,20013,C1,83.3131,74.8933,Field report,1,17
2024-11-01,20013,C1,83.7135,74.8933,Lost quote,1,40
2024-12-01,20013,C1,84.2381,77.5896,Lost quote,1,10
2025-02-01,20013,C1,88.2477,77.5896,Lost quote,0,39
2025-03-01,20013,C1,87.3387,79.717,Lost quote,1,24
2025-04-01,20013,C1,86.6512,79.717,Distributor price list,1,27
2025-05-01,20013,C1,83.9777,79.717,Lost quote,1,19
2025-06-01,20013,C1,84.4264,78.4721,Field report,1,2
2025-09-01,20013,C1,81.6834,82.7513,Distributor price list,1,3
2025-10-01,20013,C1,84.5208,82.7513,Field report,1,33
2026-01-01,20013,C1,77.0734,77.737,Distributor price list,1,26
2026-02-01,20013,C1,76.2553,77.737,Marketplace scrape,1,6
2026-03-01,20013,C1,73.3485,74.5525,Marketplace scrape,1,5
2026-05-01,20013,C1,71.5084,74.5525,Lost quote,1,14
2026-06-01,20013,C1,71.1418,78.5651,Marketplace scrape,1,11
2023-07-01,20013,C2,80.1833,86.5538,Marketplace scrape,1,41
2023-08-01,20013,C2,80.1077,86.5538,Distributor price list,1,2
2023-11-01,20013,C2,78.7908,85.394,Marketplace scrape,1,25
2023-12-01,20013,C2,81.3895,83.78,Lost quote,1,2
2024-03-01,20013,C2,75.0111,74.4863,Distributor price list,1,15
2024-06-01,20013,C2,76.9231,73.7728,Lost quote,1,22
2024-07-01,20013,C2,76.3276,73.7728,Distributor price list,1,25
2024-08-01,20013,C2,77.5348,73.7728,Distributor price list,0,16
2024-10-01,20013,C2,76.4923,74.8933,Marketplace scrape,1,44
2024-12-01,20013,C2,81.5664,77.5896,Lost quote,1,39
2025-03-01,20013,C2,89.6351,79.717,Lost quote,1,28
2025-05-01,20013,C2,86.1499,79.717,Distributor price list,1,1
2025-07-01,20013,C2,91.0164,78.4721,Marketplace scrape,1,26
2025-08-01,20013,C2,87.7302,78.4721,Field report,1,41
2025-09-01,20013,C2,92.2076,82.7513,Distributor price list,1,13
2025-10-01,20013,C2,89.6658,82.7513,Lost quote,1,20
2025-11-01,20013,C2,89.6662,82.7513,Lost quote,0,5
2025-12-01,20013,C2,83.6734,77.737,Lost quote,1,40
2026-01-01,20013,C2,81.5576,77.737,Marketplace scrape,1,40
2026-02-01,20013,C2,84.8159,77.737,Marketplace scrape,0,2
2026-04-01,20013,C2,82.0926,74.5525,Marketplace scrape,1,4
2026-05-01,20013,C2,80.9154,74.5525,Marketplace scrape,1,1
2023-07-01,20013,C4,87.5566,86.5538,Distributor price list,1,6
2023-12-01,20013,C4,83.6186,83.78,Field report,1,25
2024-01-01,20013,C4,83.739,83.78,Lost quote,1,16
2024-02-01,20013,C4,88.9909,83.78,Lost quote,1,28
2024-04-01,20013,C4,76.4715,74.4863,Marketplace scrape,1,15
2024-06-01,20013,C4,74.3494,73.7728,Distributor price list,1,20
2024-07-01,20013,C4,74.1798,73.7728,Field report,1,21
2024-10-01,20013,C4,76.1053,74.8933,Lost quote,1,38
2024-12-01,20013,C4,80.2146,77.5896,Marketplace scrape,1,36
2025-02-01,20013,C4,84.6808,77.5896,Field report,0,36
2025-05-01,20013,C4,88.2229,79.717,Lost quote,1,25
2025-06-01,20013,C4,84.8535,78.4721,Distributor price list,1,44
2025-07-01,20013,C4,81.7222,78.4721,Field report,1,39
2025-10-01,20013,C4,83.3139,82.7513,Marketplace scrape,1,29
2025-11-01,20013,C4,82.9121,82.7513,Marketplace scrape,1,22
2025-12-01,20013,C4,79.5181,77.737,Distributor price list,1,27
2026-01-01,20013,C4,81.129,77.737,Lost quote,1,18
2026-06-01,20013,C4,79.9546,78.5651,Lost quote,1,18
2023-07-01,20013,C5,100.3449,86.5538,Distributor price list,0,4
2023-09-01,20013,C5,105.4389,85.394,Lost quote,1,42
2023-10-01,20013,C5,103.204,85.394,Marketplace scrape,1,36
2023-11-01,20013,C5,104.4826,85.394,Distributor price list,1,41
2023-12-01,20013,C5,101.2613,83.78,Lost quote,1,5
2024-01-01,20013,C5,98.2286,83.78,Marketplace scrape,1,18
2024-04-01,20013,C5,87.4156,74.4863,Field report,0,23
2024-08-01,20013,C5,88.3503,73.7728,Marketplace scrape,1,23
2024-11-01,20013,C5,91.7461,74.8933,Field report,1,41
2024-12-01,20013,C5,97.4209,77.5896,Field report,1,22
2025-02-01,20013,C5,94.6054,77.5896,Lost quote,1,16
2025-03-01,20013,C5,96.6788,79.717,Field report,1,36
2025-04-01,20013,C5,97.917,79.717,Field report,1,26
2025-05-01,20013,C5,98.9744,79.717,Lost quote,1,34
2025-06-01,20013,C5,94.5889,78.4721,Distributor price list,1,22
2025-07-01,20013,C5,99.3888,78.4721,Lost quote,1,45
2025-08-01,20013,C5,100.0746,78.4721,Lost quote,1,8
2025-09-01,20013,C5,108.2393,82.7513,Field report,1,16
2025-10-01,20013,C5,108.6898,82.7513,Field report,0,29
2025-11-01,20013,C5,112.7769,82.7513,Field report,1,23
2026-02-01,20013,C5,106.5394,77.737,Field report,0,8
2026-04-01,20013,C5,98.1263,74.5525,Marketplace scrape,1,9
2026-05-01,20013,C5,98.2299,74.5525,Distributor price list,1,25
2023-07-01,20014,C1,34.4588,34.6331,Lost quote,1,15
2023-08-01,20014,C1,35.778,34.6331,Field report,1,32
2023-10-01,20014,C1,37.4759,37.7568,Marketplace scrape,0,42
2023-12-01,20014,C1,37.1426,36.1566,Lost quote,1,25
2024-03-01,20014,C1,37.167,37.0527,Marketplace scrape,1,15
2024-05-01,20014,C1,35.2552,37.0527,Field report,1,40
2024-06-01,20014,C1,38.3359,39.5247,Marketplace scrape,1,38
2024-08-01,20014,C1,38.4949,39.5247,Marketplace scrape,1,4
2024-10-01,20014,C1,37.2802,40.1371,Distributor price list,1,7
2024-11-01,20014,C1,38.0454,40.1371,Lost quote,1,44
2024-12-01,20014,C1,38.4532,39.3071,Field report,1,5
2025-01-01,20014,C1,37.4904,39.3071,Marketplace scrape,1,26
2025-02-01,20014,C1,38.8391,39.3071,Field report,1,12
2025-04-01,20014,C1,38.8754,40.1896,Field report,1,18
2025-06-01,20014,C1,44.1444,45.0311,Distributor price list,0,23
2025-07-01,20014,C1,44.0034,45.0311,Lost quote,1,38
2025-08-01,20014,C1,43.5497,45.0311,Marketplace scrape,1,13
2025-10-01,20014,C1,40.5982,44.3032,Lost quote,1,35
2025-12-01,20014,C1,37.8326,40.6242,Marketplace scrape,1,15
2026-01-01,20014,C1,37.9026,40.6242,Lost quote,1,29
2026-02-01,20014,C1,36.7824,40.6242,Lost quote,1,6
2026-05-01,20014,C1,35.4478,39.136,Marketplace scrape,1,12
2026-06-01,20014,C1,33.8868,38.8396,Lost quote,1,9
2023-09-01,20014,C5,43.3643,37.7568,Lost quote,1,22
2023-10-01,20014,C5,45.0114,37.7568,Distributor price list,1,3
2023-11-01,20014,C5,44.4534,37.7568,Lost quote,1,42
2024-01-01,20014,C5,42.2128,36.1566,Lost quote,1,28
2024-07-01,20014,C5,47.5769,39.5247,Distributor price list,0,5
2024-08-01,20014,C5,46.5551,39.5247,Field report,1,10
2024-09-01,20014,C5,46.4169,40.1371,Field report,1,17
2024-11-01,20014,C5,48.4217,40.1371,Lost quote,1,29
2025-01-01,20014,C5,48.6962,39.3071,Marketplace scrape,0,17
2025-03-01,20014,C5,47.7456,40.1896,Distributor price list,1,28
2025-04-01,20014,C5,45.436,40.1896,Marketplace scrape,1,40
2025-06-01,20014,C5,51.6521,45.0311,Distributor price list,1,36
2025-07-01,20014,C5,56.6902,45.0311,Field report,1,13
2025-11-01,20014,C5,55.2322,44.3032,Field report,1,41
2026-02-01,20014,C5,49.1525,40.6242,Marketplace scrape,1,40
2026-03-01,20014,C5,48.1951,39.136,Field report,1,6
2026-05-01,20014,C5,49.7275,39.136,Lost quote,1,15
2023-11-01,20015,C1,13.81,14.3952,Marketplace scrape,1,23
2023-12-01,20015,C1,13.2474,13.608,Marketplace scrape,1,29
2024-01-01,20015,C1,13.2046,13.608,Marketplace scrape,1,29
2024-02-01,20015,C1,12.6854,13.608,Field report,0,4
2024-03-01,20015,C1,12.8453,13.5851,Distributor price list,1,32
2024-05-01,20015,C1,12.8577,13.5851,Lost quote,1,34
2024-06-01,20015,C1,12.3593,13.0989,Marketplace scrape,1,39
2024-07-01,20015,C1,12.3357,13.0989,Marketplace scrape,1,21
2024-08-01,20015,C1,12.2367,13.0989,Marketplace scrape,1,6
2024-09-01,20015,C1,12.2819,13.0019,Lost quote,1,34
2024-10-01,20015,C1,11.9642,13.0019,Marketplace scrape,1,20
2024-11-01,20015,C1,11.9327,13.0019,Field report,1,20
2024-12-01,20015,C1,12.4174,13.7647,Distributor price list,1,45
2025-01-01,20015,C1,12.3836,13.7647,Field report,1,10
2025-02-01,20015,C1,13.1242,13.7647,Distributor price list,1,40
2025-03-01,20015,C1,12.8158,13.6506,Distributor price list,1,2
2025-04-01,20015,C1,12.9292,13.6506,Lost quote,1,30
2025-05-01,20015,C1,13.5949,13.6506,Marketplace scrape,1,30
2025-06-01,20015,C1,12.3451,12.6197,Field report,1,36
2025-07-01,20015,C1,12.9138,12.6197,Lost quote,1,21
2025-09-01,20015,C1,12.5579,12.2708,Distributor price list,1,29
2025-10-01,20015,C1,12.9219,12.2708,Marketplace scrape,1,7
2025-11-01,20015,C1,12.8704,12.2708,Lost quote,1,28
2025-12-01,20015,C1,12.8865,12.3342,Field report,1,1
2026-02-01,20015,C1,12.7408,12.3342,Field report,1,3
2026-03-01,20015,C1,13.1658,12.5551,Lost quote,1,2
2026-04-01,20015,C1,13.0935,12.5551,Field report,1,38
2026-05-01,20015,C1,12.5613,12.5551,Marketplace scrape,1,20
2026-06-01,20015,C1,12.9682,12.442,Field report,1,11
2023-09-01,20015,C2,11.7691,14.3952,Field report,1,15
2023-11-01,20015,C2,11.5667,14.3952,Marketplace scrape,1,9
2023-12-01,20015,C2,10.9396,13.608,Marketplace scrape,1,5
2024-04-01,20015,C2,10.5204,13.5851,Lost quote,1,42
2024-06-01,20015,C2,10.4342,13.0989,Lost quote,1,1
2024-07-01,20015,C2,10.5329,13.0989,Marketplace scrape,1,14
2024-08-01,20015,C2,10.1166,13.0989,Field report,1,41
2024-09-01,20015,C2,10.1127,13.0019,Lost quote,1,26
2024-11-01,20015,C2,10.1188,13.0019,Marketplace scrape,0,14
2025-02-01,20015,C2,11.4291,13.7647,Lost quote,1,13
2025-03-01,20015,C2,11.8576,13.6506,Marketplace scrape,1,27
2025-04-01,20015,C2,11.576,13.6506,Distributor price list,1,37
2025-05-01,20015,C2,11.7193,13.6506,Lost quote,1,7
2025-07-01,20015,C2,10.8649,12.6197,Lost quote,1,11
2025-08-01,20015,C2,10.9299,12.6197,Field report,1,36
2025-09-01,20015,C2,10.3561,12.2708,Field report,1,19
2025-10-01,20015,C2,10.4367,12.2708,Marketplace scrape,0,35
2025-11-01,20015,C2,10.5115,12.2708,Lost quote,1,6
2025-12-01,20015,C2,10.9546,12.3342,Lost quote,1,33
2026-01-01,20015,C2,10.5737,12.3342,Field report,1,35
2026-02-01,20015,C2,11.0587,12.3342,Field report,1,24
2026-03-01,20015,C2,11.1799,12.5551,Field report,1,5
2026-04-01,20015,C2,11.2014,12.5551,Distributor price list,1,19
2026-05-01,20015,C2,11.0903,12.5551,Lost quote,1,21
2026-06-01,20015,C2,11.156,12.442,Marketplace scrape,1,3
2023-08-01,20015,C3,13.7927,13.1709,Lost quote,1,34
2023-12-01,20015,C3,14.8841,13.608,Distributor price list,1,6
2024-04-01,20015,C3,13.872,13.5851,Field report,1,1
2024-05-01,20015,C3,13.8137,13.5851,Lost quote,1,14
2024-06-01,20015,C3,13.8491,13.0989,Distributor price list,1,43
2024-08-01,20015,C3,13.7751,13.0989,Distributor price list,1,23
2024-10-01,20015,C3,14.1145,13.0019,Marketplace scrape,1,41
2024-11-01,20015,C3,14.472,13.0019,Marketplace scrape,1,8
2024-12-01,20015,C3,14.7864,13.7647,Marketplace scrape,1,31
2025-01-01,20015,C3,15.1079,13.7647,Marketplace scrape,0,10
2025-03-01,20015,C3,13.8354,13.6506,Field report,1,7
2025-04-01,20015,C3,13.697,13.6506,Marketplace scrape,1,30
2025-05-01,20015,C3,13.8585,13.6506,Field report,1,30
2025-07-01,20015,C3,12.0964,12.6197,Distributor price list,1,19
2025-09-01,20015,C3,11.1843,12.2708,Lost quote,1,12
2025-10-01,20015,C3,11.3838,12.2708,Distributor price list,1,3
2025-11-01,20015,C3,11.7367,12.2708,Field report,1,25
2025-12-01,20015,C3,11.4384,12.3342,Lost quote,1,43
2026-02-01,20015,C3,11.8363,12.3342,Lost quote,1,33
2026-06-01,20015,C3,11.7144,12.442,Distributor price list,1,38
2023-07-01,20016,C1,19.5375,17.0599,Field report,1,37
2023-09-01,20016,C1,18.2921,17.3203,Field report,1,17
2023-11-01,20016,C1,19.4408,18.2652,Marketplace scrape,1,7
2024-03-01,20016,C1,19.3246,17.7692,Lost quote,1,21
2024-06-01,20016,C1,17.5143,17.0603,Distributor price list,1,36
2024-07-01,20016,C1,18.0923,17.0603,Distributor price list,1,27
2024-08-01,20016,C1,18.2055,17.9975,Distributor price list,1,8
2025-01-01,20016,C1,17.6462,17.5643,Distributor price list,1,43
2025-03-01,20016,C1,18.2181,17.4441,Lost quote,1,22
2025-04-01,20016,C1,18.0626,17.4441,Field report,1,43
2025-06-01,20016,C1,19.562,19.1817,Lost quote,1,4
2025-07-01,20016,C1,19.0764,19.1817,Distributor price list,1,37
2025-09-01,20016,C1,19.5835,19.8476,Distributor price list,1,7
2025-10-01,20016,C1,19.7305,19.8476,Field report,0,7
2025-11-01,20016,C1,18.9896,19.3418,Distributor price list,1,3
2025-12-01,20016,C1,19.6532,19.3418,Field report,1,21
2026-03-01,20016,C1,19.8574,19.4641,Lost quote,1,42
2026-04-01,20016,C1,20.2695,19.4641,Field report,1,40
2026-06-01,20016,C1,22.0137,20.8333,Lost quote,1,20
2023-07-01,20016,C3,21.5088,17.0599,Distributor price list,1,23
2023-09-01,20016,C3,21.8193,17.3203,Distributor price list,1,14
2023-10-01,20016,C3,22.2516,17.3203,Marketplace scrape,1,43
2024-01-01,20016,C3,23.1704,18.2652,Lost quote,1,15
2024-03-01,20016,C3,24.0161,17.7692,Lost quote,0,26
2024-04-01,20016,C3,24.2533,17.7692,Lost quote,1,15
2024-05-01,20016,C3,23.3983,17.0603,Marketplace scrape,0,6
2024-06-01,20016,C3,22.801,17.0603,Field report,1,15
2024-08-01,20016,C3,23.0533,17.9975,Distributor price list,1,26
2024-09-01,20016,C3,22.4358,17.9975,Lost quote,1,23
2024-11-01,20016,C3,23.0484,17.5643,Field report,1,12
2025-02-01,20016,C3,23.1947,17.4441,Marketplace scrape,1,9
2025-09-01,20016,C3,26.1382,19.8476,Lost quote,1,28
2025-11-01,20016,C3,25.4889,19.3418,Field report,1,9
2025-12-01,20016,C3,26.4034,19.3418,Field report,1,12
2026-02-01,20016,C3,25.886,19.4641,Lost quote,1,11
2026-04-01,20016,C3,26.2352,19.4641,Distributor price list,0,17
2026-05-01,20016,C3,28.6591,20.8333,Lost quote,1,25
2026-06-01,20016,C3,28.1068,20.8333,Distributor price list,1,37
2023-07-01,20016,C4,18.7746,17.0599,Marketplace scrape,1,40
2023-08-01,20016,C4,19.1039,17.3203,Distributor price list,0,6
2023-11-01,20016,C4,20.0503,18.2652,Lost quote,1,5
2023-12-01,20016,C4,19.8084,18.2652,Field report,1,37
2024-02-01,20016,C4,19.9043,17.7692,Distributor price list,1,38
2024-04-01,20016,C4,20.3958,17.7692,Lost quote,1,29
2024-05-01,20016,C4,18.9929,17.0603,Lost quote,1,33
2024-06-01,20016,C4,18.8394,17.0603,Field report,1,2
2024-07-01,20016,C4,18.5664,17.0603,Marketplace scrape,1,19
2024-11-01,20016,C4,19.3363,17.5643,Field report,1,5
2024-12-01,20016,C4,20.0166,17.5643,Distributor price list,1,14
2025-01-01,20016,C4,19.1221,17.5643,Distributor price list,1,18
2025-03-01,20016,C4,18.7597,17.4441,Field report,1,16
2025-05-01,20016,C4,22.1483,19.1817,Lost quote,1,17
2025-06-01,20016,C4,22.2992,19.1817,Lost quote,0,21
2025-07-01,20016,C4,21.6724,19.1817,Lost quote,0,11
2025-08-01,20016,C4,22.7737,19.8476,Distributor price list,1,29
2025-09-01,20016,C4,21.5517,19.8476,Marketplace scrape,1,30
2025-10-01,20016,C4,22.1713,19.8476,Lost quote,1,12
2025-11-01,20016,C4,22.8034,19.3418,Distributor price list,1,18
2025-12-01,20016,C4,22.697,19.3418,Lost quote,1,25
2026-02-01,20016,C4,20.5993,19.4641,Field report,1,37
2026-03-01,20016,C4,22.0886,19.4641,Lost quote,0,17
2026-04-01,20016,C4,21.4834,19.4641,Lost quote,0,19
2026-05-01,20016,C4,22.0232,20.8333,Distributor price list,1,9
2023-11-01,20017,C1,33.8396,33.4155,Lost quote,1,8
2024-01-01,20017,C1,34.7539,33.4155,Marketplace scrape,1,45
2024-02-01,20017,C1,29.0216,28.6926,Marketplace scrape,1,20
2024-03-01,20017,C1,27.9821,28.6926,Lost quote,1,32
2024-06-01,20017,C1,26.3061,26.7634,Distributor price list,1,2
2024-07-01,20017,C1,25.3239,26.7634,Marketplace scrape,1,13
2024-09-01,20017,C1,24.5516,26.8941,Distributor price list,0,34
2025-01-01,20017,C1,25.9273,28.1967,Lost quote,1,29
2025-03-01,20017,C1,25.5845,29.365,Marketplace scrape,1,21
2025-05-01,20017,C1,23.8264,28.1402,Distributor price list,1,7
2025-08-01,20017,C1,25.6812,29.802,Lost quote,1,30
2025-09-01,20017,C1,25.9687,29.802,Lost quote,1,16
2025-10-01,20017,C1,24.3527,29.802,Marketplace scrape,1,5
2025-12-01,20017,C1,24.4414,28.3985,Field report,1,16
2026-01-01,20017,C1,23.1002,28.3985,Field report,1,8
2026-06-01,20017,C1,19.9342,23.7358,Lost quote,1,4
2023-07-01,20017,C2,32.1837,34.1137,Field report,1,14
2023-08-01,20017,C2,32.5619,34.5414,Marketplace scrape,1,1
2023-10-01,20017,C2,33.3577,34.5414,Lost quote,1,24
2023-11-01,20017,C2,32.625,33.4155,Distributor price list,1,29
2023-12-01,20017,C2,32.2025,33.4155,Lost quote,1,12
2024-03-01,20017,C2,28.3999,28.6926,Marketplace scrape,1,27
2024-05-01,20017,C2,26.4994,26.7634,Field report,1,35
2024-07-01,20017,C2,27.3297,26.7634,Field report,1,22
2024-08-01,20017,C2,25.9959,26.8941,Field report,0,16
2024-09-01,20017,C2,26.7283,26.8941,Distributor price list,0,9
2024-10-01,20017,C2,25.8063,26.8941,Lost quote,1,6
2025-04-01,20017,C2,25.9178,29.365,Distributor price list,1,10
2025-06-01,20017,C2,24.0018,28.1402,Field report,1,35
2025-07-01,20017,C2,25.402,28.1402,Distributor price list,1,21
2025-10-01,20017,C2,26.2731,29.802,Field report,1,28
2025-12-01,20017,C2,24.7515,28.3985,Marketplace scrape,1,21
2026-01-01,20017,C2,25.0488,28.3985,Distributor price list,1,10
2026-03-01,20017,C2,21.0782,25.601,Field report,0,9
2026-04-01,20017,C2,21.4246,25.601,Lost quote,1,29
2026-06-01,20017,C2,21.3521,23.7358,Distributor price list,1,28
2023-07-01,20017,C4,34.16,34.1137,Marketplace scrape,1,43
2023-08-01,20017,C4,34.8063,34.5414,Lost quote,1,5
2023-09-01,20017,C4,34.9431,34.5414,Field report,1,32
2023-11-01,20017,C4,33.8014,33.4155,Distributor price list,1,34
2023-12-01,20017,C4,34.6385,33.4155,Marketplace scrape,1,35
2024-01-01,20017,C4,33.7518,33.4155,Marketplace scrape,0,11
2024-02-01,20017,C4,29.6744,28.6926,Lost quote,1,35
2024-03-01,20017,C4,29.4049,28.6926,Marketplace scrape,1,18
2024-04-01,20017,C4,28.0429,28.6926,Field report,1,33
2024-07-01,20017,C4,24.7332,26.7634,Lost quote,1,41
2024-08-01,20017,C4,25.6291,26.8941,Field report,1,10
2024-09-01,20017,C4,26.3129,26.8941,Distributor price list,1,40
2024-10-01,20017,C4,25.0428,26.8941,Field report,1,18
2024-12-01,20017,C4,25.1629,28.1967,Distributor price list,1,10
2025-01-01,20017,C4,25.1893,28.1967,Field report,1,26
2025-02-01,20017,C4,25.9651,29.365,Field report,1,5
2025-03-01,20017,C4,25.1167,29.365,Lost quote,1,9
2025-06-01,20017,C4,24.7424,28.1402,Lost quote,1,30
2025-07-01,20017,C4,24.6563,28.1402,Distributor price list,1,18
2025-08-01,20017,C4,26.3726,29.802,Distributor price list,1,41
2025-09-01,20017,C4,25.6296,29.802,Distributor price list,1,39
2025-11-01,20017,C4,23.4587,28.3985,Distributor price list,1,6
2025-12-01,20017,C4,22.8472,28.3985,Distributor price list,1,40
2026-01-01,20017,C4,22.4408,28.3985,Distributor price list,1,35
2026-02-01,20017,C4,20.9542,25.601,Marketplace scrape,1,11
2026-04-01,20017,C4,20.2276,25.601,Marketplace scrape,1,15
2026-05-01,20017,C4,18.8532,23.7358,Marketplace scrape,1,20
2026-06-01,20017,C4,18.5536,23.7358,Distributor price list,1,24
2023-09-01,20017,C5,41.7234,34.5414,Lost quote,1,41
2023-11-01,20017,C5,37.1904,33.4155,Distributor price list,1,28
2024-02-01,20017,C5,34.1567,28.6926,Lost quote,1,5
2024-03-01,20017,C5,33.6271,28.6926,Marketplace scrape,1,22
2024-04-01,20017,C5,33.4253,28.6926,Marketplace scrape,1,33
2024-06-01,20017,C5,30.2724,26.7634,Field report,1,27
2024-08-01,20017,C5,32.4522,26.8941,Marketplace scrape,1,40
2024-09-01,20017,C5,32.1197,26.8941,Lost quote,1,43
2025-02-01,20017,C5,38.4178,29.365,Lost quote,1,11
2025-03-01,20017,C5,37.7375,29.365,Field report,1,36
2025-05-01,20017,C5,38.6945,28.1402,Distributor price list,1,38
2025-07-01,20017,C5,37.8037,28.1402,Lost quote,0,33
2025-11-01,20017,C5,38.2864,28.3985,Distributor price list,1,24
2026-01-01,20017,C5,38.227,28.3985,Marketplace scrape,1,15
2026-03-01,20017,C5,36.527,25.601,Lost quote,1,12
2026-05-01,20017,C5,33.1713,23.7358,Lost quote,1,14
2026-06-01,20017,C5,32.6023,23.7358,Distributor price list,1,12
2023-07-01,20018,C2,84.2085,93.1159,Field report,1,29
2023-08-01,20018,C2,93.2326,98.9927,Field report,1,5
2023-09-01,20018,C2,87.3989,98.9927,Field report,1,42
2023-11-01,20018,C2,90.5494,98.9927,Marketplace scrape,1,40
2023-12-01,20018,C2,90.2952,98.9927,Field report,1,24
2024-01-01,20018,C2,87.9726,98.9927,Marketplace scrape,1,23
2024-02-01,20018,C2,87.8025,98.8846,Distributor price list,1,29
2024-03-01,20018,C2,86.8016,98.8846,Lost quote,1,19
2024-04-01,20018,C2,83.6845,98.8846,Marketplace scrape,1,27
2024-05-01,20018,C2,82.4861,98.8846,Marketplace scrape,0,40
2024-06-01,20018,C2,85.6946,98.8846,Lost quote,1,1
2024-09-01,20018,C2,82.6124,91.0714,Marketplace scrape,1,11
2024-11-01,20018,C2,82.5543,91.0714,Marketplace scrape,1,1
2025-01-01,20018,C2,85.4872,91.0714,Field report,1,38
2025-04-01,20018,C2,84.2724,92.1369,Lost quote,1,41
2025-05-01,20018,C2,84.3159,92.1369,Field report,1,20
2025-07-01,20018,C2,81.0258,92.1369,Lost quote,1,41
2025-08-01,20018,C2,87.2474,100.9265,Lost quote,1,41
2025-11-01,20018,C2,87.0475,100.9265,Lost quote,1,14
2025-12-01,20018,C2,87.5244,100.9265,Field report,0,4
2026-02-01,20018,C2,71.8476,83.3453,Marketplace scrape,0,37
2026-03-01,20018,C2,69.3772,83.3453,Distributor price list,1,32
2026-04-01,20018,C2,73.0595,83.3453,Marketplace scrape,1,7
2023-09-01,20018,C3,118.4489,98.9927,Lost quote,1,28
2023-10-01,20018,C3,112.3803,98.9927,Lost quote,1,43
2023-11-01,20018,C3,116.3349,98.9927,Field report,1,36
2023-12-01,20018,C3,115.0242,98.9927,Lost quote,1,18
2024-02-01,20018,C3,117.924,98.8846,Distributor price list,1,24
2024-04-01,20018,C3,124.8794,98.8846,Field report,1,37
2024-05-01,20018,C3,124.343,98.8846,Marketplace scrape,1,37
2024-06-01,20018,C3,119.7833,98.8846,Lost quote,1,13
2024-09-01,20018,C3,111.035,91.0714,Distributor price list,1,38
2024-11-01,20018,C3,117.8455,91.0714,Distributor price list,1,22
2024-12-01,20018,C3,120.3286,91.0714,Marketplace scrape,1,6
2025-01-01,20018,C3,121.0787,91.0714,Field report,1,10
2025-04-01,20018,C3,125.5213,92.1369,Lost quote,1,1
2025-05-01,20018,C3,133.1673,92.1369,Marketplace scrape,1,31
2025-07-01,20018,C3,129.3981,92.1369,Distributor price list,1,10
2025-08-01,20018,C3,145.8587,100.9265,Lost quote,1,12
2025-09-01,20018,C3,149.8508,100.9265,Field report,1,3
2025-11-01,20018,C3,141.4343,100.9265,Lost quote,1,28
2025-12-01,20018,C3,148.578,100.9265,Distributor price list,1,14
2026-02-01,20018,C3,132.5861,83.3453,Distributor price list,1,42
2026-03-01,20018,C3,135.2881,83.3453,Lost quote,1,7
2026-04-01,20018,C3,135.4487,83.3453,Field report,1,9
2026-05-01,20018,C3,133.5566,83.3453,Marketplace scrape,1,17
2026-06-01,20018,C3,133.8797,83.3453,Distributor price list,1,18
2023-07-01,20019,C4,8.4205,8.6309,Field report,1,1
2023-08-01,20019,C4,8.8611,8.8614,Distributor price list,1,8
2023-10-01,20019,C4,8.799,8.8614,Field report,1,19
2024-01-01,20019,C4,8.4651,8.5388,Lost quote,1,41
2024-02-01,20019,C4,8.9862,8.4505,Distributor price list,1,34
2024-03-01,20019,C4,8.6405,8.4505,Field report,1,25
2024-04-01,20019,C4,8.9095,8.4505,Distributor price list,1,44
2024-06-01,20019,C4,9.3385,8.5951,Lost quote,1,15
2024-07-01,20019,C4,9.1518,8.5951,Lost quote,1,40
2024-08-01,20019,C4,10.1505,8.9023,Distributor price list,1,28
2024-12-01,20019,C4,9.8223,8.4667,Distributor price list,1,30
2025-01-01,20019,C4,9.8743,8.4667,Distributor price list,1,3
2025-02-01,20019,C4,9.9087,8.4154,Distributor price list,0,17
2025-03-01,20019,C4,10.1759,8.4154,Lost quote,1,44
2025-05-01,20019,C4,10.32,8.985,Lost quote,1,33
2025-08-01,20019,C4,10.9104,9.323,Field report,1,45
2025-11-01,20019,C4,11.3556,9.624,Field report,1,9
2025-12-01,20019,C4,11.2297,9.624,Lost quote,1,39
2026-01-01,20019,C4,10.9394,9.624,Lost quote,1,4
2026-02-01,20019,C4,10.76,9.2364,Lost quote,1,26
2026-03-01,20019,C4,10.3037,9.2364,Distributor price list,1,35
2026-04-01,20019,C4,10.7562,9.2364,Lost quote,1,6
2023-09-01,20019,C5,10.48,8.8614,Lost quote,1,41
2023-10-01,20019,C5,10.4231,8.8614,Marketplace scrape,1,15
2024-01-01,20019,C5,9.5487,8.5388,Distributor price list,1,39
2024-02-01,20019,C5,9.4702,8.4505,Distributor price list,1,44
2024-04-01,20019,C5,9.1279,8.4505,Marketplace scrape,1,17
2024-05-01,20019,C5,9.4992,8.5951,Marketplace scrape,1,33
2024-06-01,20019,C5,9.6796,8.5951,Distributor price list,1,26
2024-07-01,20019,C5,9.9566,8.5951,Field report,1,17
2024-11-01,20019,C5,10.0278,8.4667,Marketplace scrape,1,7
2025-02-01,20019,C5,10.6487,8.4154,Marketplace scrape,1,41
2025-03-01,20019,C5,10.3072,8.4154,Field report,1,43
2025-04-01,20019,C5,10.2422,8.4154,Distributor price list,1,27
2025-07-01,20019,C5,10.0074,8.985,Field report,0,21
2025-08-01,20019,C5,10.9273,9.323,Lost quote,1,31
2025-09-01,20019,C5,11.2718,9.323,Field report,1,3
2025-10-01,20019,C5,11.1272,9.323,Distributor price list,1,20
2025-12-01,20019,C5,11.8202,9.624,Marketplace scrape,1,19
2026-01-01,20019,C5,12.3088,9.624,Marketplace scrape,1,10
2026-02-01,20019,C5,11.8437,9.2364,Marketplace scrape,1,37
2026-03-01,20019,C5,12.1557,9.2364,Distributor price list,1,40
2026-05-01,20019,C5,13.5685,9.7389,Lost quote,1,15
2023-09-01,20020,C4,56.3002,59.758,Field report,1,18
2023-10-01,20020,C4,55.6133,59.758,Marketplace scrape,1,25
2024-01-01,20020,C4,51.9287,55.4804,Distributor price list,1,11
2024-03-01,20020,C4,52.6715,56.1601,Marketplace scrape,1,19
2024-04-01,20020,C4,51.1562,56.1601,Field report,1,3
2024-06-01,20020,C4,51.3295,56.5018,Marketplace scrape,1,9
2024-07-01,20020,C4,51.2396,56.5018,Field report,1,13
2024-08-01,20020,C4,54.1284,56.5018,Field report,1,12
2024-09-01,20020,C4,55.1271,58.6747,Marketplace scrape,1,32
2024-10-01,20020,C4,54.7743,58.6747,Distributor price list,1,14
2024-11-01,20020,C4,55.8164,58.6747,Distributor price list,0,31
2024-12-01,20020,C4,50.0876,55.8284,Marketplace scrape,1,35
2025-03-01,20020,C4,53.233,58.9385,Marketplace scrape,1,9
2025-06-01,20020,C4,56.6124,63.1341,Distributor price list,1,24
2025-07-01,20020,C4,58.9084,63.1341,Lost quote,1,11
2025-08-01,20020,C4,57.6427,63.1341,Lost quote,1,32
2025-10-01,20020,C4,52.9458,57.9898,Lost quote,1,25
2025-12-01,20020,C4,50.1229,55.5739,Lost quote,0,40
2026-03-01,20020,C4,61.334,68.5766,Distributor price list,1,22
2026-04-01,20020,C4,64.784,68.5766,Marketplace scrape,1,30
2026-05-01,20020,C4,62.7486,68.5766,Lost quote,1,36
2026-06-01,20020,C4,74.6209,74.8206,Marketplace scrape,1,14
2023-09-01,20021,C1,41.6802,41.2561,Lost quote,0,18
2023-12-01,20021,C1,40.8014,41.2561,Distributor price list,1,19
2024-02-01,20021,C1,42.4419,41.2561,Distributor price list,1,16
2024-09-01,20021,C1,45.604,43.3607,Distributor price list,1,23
2024-10-01,20021,C1,46.5448,43.3607,Marketplace scrape,1,24
2024-11-01,20021,C1,44.7077,43.3607,Field report,1,35
2024-12-01,20021,C1,44.8954,43.3607,Lost quote,1,38
2025-01-01,20021,C1,46.8758,43.3607,Lost quote,1,32
2025-02-01,20021,C1,46.8812,43.3607,Field report,1,16
2025-04-01,20021,C1,47.4195,44.29,Lost quote,1,22
2025-07-01,20021,C1,47.0611,44.29,Marketplace scrape,1,2
2025-09-01,20021,C1,43.6244,41.8381,Lost quote,1,24
2025-10-01,20021,C1,44.0099,41.8381,Lost quote,1,33
2025-11-01,20021,C1,43.5108,41.8381,Lost quote,1,45
2025-12-01,20021,C1,43.1424,41.8381,Lost quote,1,10
2026-01-01,20021,C1,41.049,41.8381,Distributor price list,1,32
2026-03-01,20021,C1,46.1934,44.6055,Distributor price list,1,13
2026-05-01,20021,C1,47.0417,44.6055,Lost quote,1,2
2026-06-01,20021,C1,44.8756,44.6055,Lost quote,1,28
2023-07-01,20022,C1,54.9475,50.4375,Lost quote,1,41
2023-08-01,20022,C1,54.9835,50.4375,Marketplace scrape,1,25
2023-12-01,20022,C1,63.3504,55.75,Marketplace scrape,1,2
2024-01-01,20022,C1,63.9733,55.75,Lost quote,0,7
2024-02-01,20022,C1,64.5975,55.75,Lost quote,1,19
2024-04-01,20022,C1,63.2772,55.3245,Field report,0,39
2024-05-01,20022,C1,61.2654,55.3245,Distributor price list,0,14
2024-06-01,20022,C1,60.7424,52.0405,Distributor price list,1,14
2024-08-01,20022,C1,57.5788,52.0405,Marketplace scrape,1,45
2024-10-01,20022,C1,54.1962,47.5154,Lost quote,0,18
2024-12-01,20022,C1,51.836,44.3117,Marketplace scrape,1,37
2025-01-01,20022,C1,49.6472,44.3117,Lost quote,1,6
2025-02-01,20022,C1,51.4091,44.3117,Field report,1,4
2025-05-01,20022,C1,53.3512,46.514,Lost quote,1,12
2025-06-01,20022,C1,48.5889,42.6892,Marketplace scrape,1,7
2025-07-01,20022,C1,47.2984,42.6892,Marketplace scrape,1,30
2025-08-01,20022,C1,50.2079,42.6892,Marketplace scrape,1,2
2025-09-01,20022,C1,49.3094,41.5655,Lost quote,1,9
2025-10-01,20022,C1,47.9852,41.5655,Marketplace scrape,1,19
2025-12-01,20022,C1,51.3072,44.0199,Field report,1,45
2026-01-01,20022,C1,52.2959,44.0199,Distributor price list,1,26
2026-02-01,20022,C1,50.4769,44.0199,Lost quote,1,38
2026-04-01,20022,C1,56.2479,45.8218,Marketplace scrape,1,36
2026-06-01,20022,C1,54.3303,46.3595,Distributor price list,1,1
2023-07-01,20022,C2,49.1156,50.4375,Field report,1,34
2023-08-01,20022,C2,50.9501,50.4375,Distributor price list,1,31
2023-09-01,20022,C2,54.1342,52.5442,Field report,1,41
2023-10-01,20022,C2,54.9145,52.5442,Lost quote,1,19
2023-11-01,20022,C2,54.8937,52.5442,Field report,1,33
2023-12-01,20022,C2,56.4722,55.75,Lost quote,0,27
2024-01-01,20022,C2,57.6693,55.75,Lost quote,1,40
2024-02-01,20022,C2,57.5086,55.75,Field report,1,21
2024-04-01,20022,C2,59.0917,55.3245,Lost quote,1,1
2024-08-01,20022,C2,54.8869,52.0405,Lost quote,1,8
2024-09-01,20022,C2,49.0658,47.5154,Field report,0,9
2024-10-01,20022,C2,47.031,47.5154,Lost quote,1,7
2024-12-01,20022,C2,44.7902,44.3117,Distributor price list,1,39
2025-02-01,20022,C2,42.7797,44.3117,Field report,1,41
2025-03-01,20022,C2,47.5932,46.514,Distributor price list,1,6
2025-04-01,20022,C2,46.9243,46.514,Lost quote,1,4
2025-06-01,20022,C2,42.8537,42.6892,Distributor price list,1,8
2025-08-01,20022,C2,43.3956,42.6892,Field report,1,41
2025-10-01,20022,C2,42.8069,41.5655,Distributor price list,1,40
2025-11-01,20022,C2,41.1325,41.5655,Lost quote,0,32
2025-12-01,20022,C2,44.9662,44.0199,Distributor price list,1,13
2026-02-01,20022,C2,45.648,44.0199,Field report,1,15
2026-03-01,20022,C2,47.7701,45.8218,Field report,1,9
2026-04-01,20022,C2,50.0845,45.8218,Lost quote,1,11
2023-11-01,20023,C1,23.1723,27.6616,Lost quote,1,9
2023-12-01,20023,C1,22.2069,26.4337,Distributor price list,1,45
2024-02-01,20023,C1,21.545,26.4337,Marketplace scrape,1,5
2024-03-01,20023,C1,21.3615,26.2896,Field report,1,2
2024-05-01,20023,C1,21.554,26.2896,Distributor price list,1,32
2024-07-01,20023,C1,22.8591,28.4875,Field report,1,31
2024-08-01,20023,C1,22.9908,28.4875,Field report,1,32
2024-09-01,20023,C1,25.4938,30.2509,Field report,1,6
2024-10-01,20023,C1,24.2493,30.2509,Distributor price list,1,42
2024-11-01,20023,C1,24.1775,30.2509,Field report,1,44
2024-12-01,20023,C1,25.641,29.8268,Field report,1,33
2025-03-01,20023,C1,27.258,32.4767,Field report,1,34
2025-06-01,20023,C1,28.3476,33.1263,Lost quote,1,20
2025-08-01,20023,C1,27.9879,33.1263,Distributor price list,1,8
2025-10-01,20023,C1,26.7299,31.4912,Field report,1,17
2025-11-01,20023,C1,27.0754,31.4912,Field report,1,15
2026-01-01,20023,C1,24.9572,30.514,Distributor price list,1,20
2026-03-01,20023,C1,24.9286,30.9824,Field report,1,23
2026-04-01,20023,C1,24.2637,30.9824,Distributor price list,1,1
2023-07-01,20023,C3,26.1171,26.7999,Distributor price list,1,20
2023-10-01,20023,C3,27.0415,27.6616,Field report,1,19
2024-01-01,20023,C3,25.5005,26.4337,Marketplace scrape,1,45
2024-02-01,20023,C3,26.2314,26.4337,Marketplace scrape,1,17
2024-03-01,20023,C3,25.2089,26.2896,Field report,1,12
2024-05-01,20023,C3,25.6243,26.2896,Distributor price list,1,22
2024-07-01,20023,C3,27.1288,28.4875,Marketplace scrape,1,22
2024-08-01,20023,C3,26.7219,28.4875,Distributor price list,1,18
2024-09-01,20023,C3,29.5646,30.2509,Lost quote,1,12
2024-11-01,20023,C3,27.0112,30.2509,Distributor price list,1,6
2024-12-01,20023,C3,27.3149,29.8268,Field report,1,14
2025-01-01,20023,C3,27.6646,29.8268,Lost quote,1,16
2025-03-01,20023,C3,29.015,32.4767,Distributor price list,1,9
2025-04-01,20023,C3,29.3205,32.4767,Lost quote,1,17
2025-07-01,20023,C3,29.6058,33.1263,Marketplace scrape,0,36
2025-10-01,20023,C3,28.5428,31.4912,Field report,1,42
2025-12-01,20023,C3,28.4657,30.514,Distributor price list,0,44
2026-01-01,20023,C3,28.0009,30.514,Distributor price list,1,43
2026-03-01,20023,C3,28.525,30.9824,Lost quote,1,24
2023-07-01,20024,C1,45.682,41.4208,Distributor price list,1,14
2023-08-01,20024,C1,45.2883,41.2055,Marketplace scrape,1,14
2023-11-01,20024,C1,46.1284,40.8823,Field report,0,6
2023-12-01,20024,C1,47.3916,40.8823,Marketplace scrape,1,15
2024-01-01,20024,C1,47.1299,40.8823,Lost quote,1,41
2024-02-01,20024,C1,46.1826,40.8303,Lost quote,1,29
2024-03-01,20024,C1,48.1617,40.8303,Marketplace scrape,1,15
2024-04-01,20024,C1,48.0005,40.8303,Marketplace scrape,1,25
2024-06-01,20024,C1,50.6135,41.7556,Distributor price list,1,29
2024-08-01,20024,C1,47.0314,37.61,Lost quote,1,42
2024-09-01,20024,C1,47.5155,37.61,Field report,1,34
2025-01-01,20024,C1,40.9904,34.469,Distributor price list,1,21
2025-02-01,20024,C1,44.242,36.4094,Field report,1,15
2025-03-01,20024,C1,44.6792,36.4094,Field report,1,14
2025-05-01,20024,C1,44.6542,37.7234,Field report,1,9
2025-06-01,20024,C1,43.9312,37.7234,Field report,1,19
2025-07-01,20024,C1,43.5783,37.7234,Distributor price list,1,16
2025-09-01,20024,C1,44.754,38.8507,Marketplace scrape,1,20
2025-10-01,20024,C1,45.743,38.8507,Marketplace scrape,1,19
2025-11-01,20024,C1,46.9107,40.9149,Field report,1,36
2025-12-01,20024,C1,48.0521,40.9149,Marketplace scrape,1,23
2026-03-01,20024,C1,57.4916,46.9298,Distributor price list,0,29
2026-05-01,20024,C1,50.6454,43.8244,Distributor price list,1,32
2023-07-01,20024,C2,40.2078,41.4208,Marketplace scrape,1,45
2023-08-01,20024,C2,38.8205,41.2055,Distributor price list,1,26
2023-09-01,20024,C2,37.6547,41.2055,Distributor price list,1,40
2023-10-01,20024,C2,36.5361,41.2055,Field report,1,45
2023-11-01,20024,C2,37.089,40.8823,Distributor price list,1,38
2023-12-01,20024,C2,38.3084,40.8823,Distributor price list,0,32
2024-01-01,20024,C2,39.2791,40.8823,Lost quote,1,18
2024-04-01,20024,C2,39.0266,40.8303,Distributor price list,1,43
2024-06-01,20024,C2,40.1734,41.7556,Lost quote,1,9
2024-10-01,20024,C2,36.9032,37.61,Lost quote,1,4
2024-11-01,20024,C2,34.0154,34.469,Field report,1,44
2025-01-01,20024,C2,33.9346,34.469,Field report,0,19
2025-02-01,20024,C2,35.8347,36.4094,Lost quote,1,5
2025-03-01,20024,C2,37.0556,36.4094,Field report,1,14
2025-04-01,20024,C2,36.6356,36.4094,Lost quote,1,28
2025-06-01,20024,C2,40.3096,37.7234,Field report,1,27
2025-07-01,20024,C2,39.4526,37.7234,Distributor price list,0,24
2025-08-01,20024,C2,40.668,38.8507,Field report,0,34
2025-10-01,20024,C2,39.3406,38.8507,Marketplace scrape,1,35
2025-12-01,20024,C2,41.442,40.9149,Lost quote,0,2
2026-02-01,20024,C2,48.2907,46.9298,Lost quote,1,3
2026-03-01,20024,C2,48.9839,46.9298,Lost quote,1,41
2026-05-01,20024,C2,43.5583,43.8244,Distributor price list,1,13
2026-06-01,20024,C2,46.2504,43.8244,Distributor price list,1,44
2023-07-01,20024,C3,49.7444,41.4208,Marketplace scrape,1,15
2023-09-01,20024,C3,45.1491,41.2055,Marketplace scrape,1,20
2023-10-01,20024,C3,46.8139,41.2055,Lost quote,1,17
2023-11-01,20024,C3,48.3733,40.8823,Marketplace scrape,1,23
2023-12-01,20024,C3,48.8944,40.8823,Lost quote,1,42
2024-01-01,20024,C3,48.4455,40.8823,Marketplace scrape,1,18
2024-03-01,20024,C3,47.5688,40.8303,Distributor price list,1,12
2024-05-01,20024,C3,51.25,41.7556,Marketplace scrape,1,27
2024-06-01,20024,C3,51.9581,41.7556,Distributor price list,1,15
2024-07-01,20024,C3,50.8828,41.7556,Field report,1,23
2024-08-01,20024,C3,45.3555,37.61,Field report,1,8
2024-11-01,20024,C3,40.0881,34.469,Distributor price list,1,9
2025-01-01,20024,C3,40.1754,34.469,Distributor price list,1,27
2025-03-01,20024,C3,46.307,36.4094,Marketplace scrape,1,4
2025-04-01,20024,C3,46.1484,36.4094,Lost quote,1,22
2025-05-01,20024,C3,46.4052,37.7234,Distributor price list,1,44
2025-06-01,20024,C3,46.7555,37.7234,Lost quote,1,23
2025-08-01,20024,C3,45.7879,38.8507,Distributor price list,1,30
2025-11-01,20024,C3,50.0136,40.9149,Lost quote,1,4
2026-02-01,20024,C3,54.6762,46.9298,Distributor price list,1,35
2026-03-01,20024,C3,53.832,46.9298,Lost quote,1,44
2026-06-01,20024,C3,46.4023,43.8244,Marketplace scrape,1,41
2023-08-01,20025,C2,42.5162,50.8458,Distributor price list,1,13
2023-09-01,20025,C2,39.5425,47.6111,Marketplace scrape,1,7
2023-10-01,20025,C2,39.028,47.6111,Lost quote,1,7
2023-11-01,20025,C2,39.8393,47.6111,Marketplace scrape,0,18
2024-01-01,20025,C2,37.0113,43.945,Lost quote,1,44
2024-02-01,20025,C2,37.3918,43.945,Lost quote,1,11
2024-07-01,20025,C2,37.5937,46.961,Marketplace scrape,1,45
2024-08-01,20025,C2,38.0698,46.961,Field report,1,3
2024-10-01,20025,C2,37.2503,45.9596,Field report,0,33
2024-11-01,20025,C2,36.6234,45.9596,Marketplace scrape,1,14
2024-12-01,20025,C2,35.552,42.3468,Lost quote,1,22
2025-01-01,20025,C2,35.7564,42.3468,Distributor price list,1,32
2025-02-01,20025,C2,37.0944,42.3468,Distributor price list,1,35
2025-03-01,20025,C2,35.3214,41.0126,Lost quote,1,36
2025-05-01,20025,C2,34.5852,41.0126,Distributor price list,1,25
2025-06-01,20025,C2,38.0435,42.7748,Marketplace scrape,1,19
2025-07-01,20025,C2,36.7218,42.7748,Lost quote,1,39
2025-08-01,20025,C2,36.1006,42.7748,Marketplace scrape,0,14
2025-11-01,20025,C2,33.1051,39.9358,Lost quote,1,32
2025-12-01,20025,C2,30.6373,38.9009,Marketplace scrape,1,30
2026-01-01,20025,C2,30.9543,38.9009,Lost quote,1,12
2026-02-01,20025,C2,31.3607,38.9009,Distributor price list,1,17
2026-03-01,20025,C2,34.5935,42.5032,Lost quote,0,25
2026-04-01,20025,C2,34.6835,42.5032,Distributor price list,1,21
2023-09-01,20025,C3,49.7129,47.6111,Field report,1,41
2023-10-01,20025,C3,49.625,47.6111,Field report,1,9
2023-11-01,20025,C3,46.8981,47.6111,Field report,1,8
2024-02-01,20025,C3,44.9071,43.945,Field report,1,15
2024-03-01,20025,C3,48.8087,46.7914,Lost quote,1,42
2024-04-01,20025,C3,48.2351,46.7914,Field report,1,38
2024-05-01,20025,C3,47.9757,46.7914,Distributor price list,1,14
2024-08-01,20025,C3,45.0685,46.961,Marketplace scrape,1,10
2024-09-01,20025,C3,44.1657,45.9596,Field report,1,22
2024-10-01,20025,C3,43.5034,45.9596,Distributor price list,0,42
2025-01-01,20025,C3,40.7936,42.3468,Lost quote,1,31
2025-02-01,20025,C3,40.7368,42.3468,Distributor price list,1,25
2025-05-01,20025,C3,39.7451,41.0126,Field report,0,29
2025-06-01,20025,C3,43.1451,42.7748,Marketplace scrape,1,39
2025-07-01,20025,C3,41.185,42.7748,Distributor price list,1,6
2025-08-01,20025,C3,41.2775,42.7748,Distributor price list,1,34
2025-09-01,20025,C3,40.2071,39.9358,Marketplace scrape,1,30
2025-10-01,20025,C3,40.6781,39.9358,Marketplace scrape,1,6
2025-12-01,20025,C3,39.5727,38.9009,Field report,1,30
2026-01-01,20025,C3,39.3071,38.9009,Lost quote,0,21
2026-03-01,20025,C3,43.0242,42.5032,Marketplace scrape,0,43
2026-04-01,20025,C3,41.2134,42.5032,Marketplace scrape,0,25
2026-06-01,20025,C3,41.7351,42.9163,Field report,1,37
2023-07-01,20025,C4,47.095,50.8458,Field report,1,33
2023-08-01,20025,C4,45.2946,50.8458,Lost quote,0,25
2023-09-01,20025,C4,42.6225,47.6111,Marketplace scrape,1,32
2023-10-01,20025,C4,41.8957,47.6111,Marketplace scrape,1,31
2023-11-01,20025,C4,42.3027,47.6111,Distributor price list,1,19
2023-12-01,20025,C4,39.5368,43.945,Lost quote,1,3
2024-04-01,20025,C4,41.7657,46.7914,Lost quote,1,6
2024-05-01,20025,C4,43.1571,46.7914,Lost quote,1,13
2024-06-01,20025,C4,42.8401,46.961,Marketplace scrape,1,37
2024-07-01,20025,C4,41.4048,46.961,Marketplace scrape,1,18
2024-08-01,20025,C4,41.4116,46.961,Marketplace scrape,1,26
2024-09-01,20025,C4,40.3518,45.9596,Marketplace scrape,1,14
2025-01-01,20025,C4,35.8865,42.3468,Field report,1,17
2025-02-01,20025,C4,36.3836,42.3468,Marketplace scrape,0,44
2025-04-01,20025,C4,38.1338,41.0126,Lost quote,1,33
2025-05-01,20025,C4,36.8881,41.0126,Field report,1,22
2025-06-01,20025,C4,40.4376,42.7748,Lost quote,1,29
2025-07-01,20025,C4,42.1542,42.7748,Distributor price list,1,19
2025-08-01,20025,C4,40.6378,42.7748,Distributor price list,1,19
2025-10-01,20025,C4,36.5991,39.9358,Marketplace scrape,1,10
2025-12-01,20025,C4,36.4552,38.9009,Distributor price list,1,45
2026-01-01,20025,C4,36.476,38.9009,Marketplace scrape,1,19
2026-02-01,20025,C4,35.5578,38.9009,Distributor price list,1,3
2026-03-01,20025,C4,40.1686,42.5032,Distributor price list,1,43
2026-04-01,20025,C4,41.074,42.5032,Marketplace scrape,1,7
2026-06-01,20025,C4,42.3869,42.9163,Marketplace scrape,1,29
2023-08-01,20025,C5,55.1985,50.8458,Marketplace scrape,1,39
2023-09-01,20025,C5,52.9147,47.6111,Marketplace scrape,1,37
2023-10-01,20025,C5,51.2782,47.6111,Marketplace scrape,1,39
2023-11-01,20025,C5,52.3627,47.6111,Distributor price list,1,17
2024-01-01,20025,C5,48.115,43.945,Lost quote,1,5
2024-02-01,20025,C5,48.7612,43.945,Field report,0,5
2024-03-01,20025,C5,54.2066,46.7914,Lost quote,1,45
2024-04-01,20025,C5,51.7928,46.7914,Distributor price list,1,21
2024-05-01,20025,C5,51.5388,46.7914,Lost quote,1,14
2024-07-01,20025,C5,50.907,46.961,Field report,1,21
2024-08-01,20025,C5,52.0732,46.961,Marketplace scrape,1,15
2024-10-01,20025,C5,52.9519,45.9596,Lost quote,1,31
2024-11-01,20025,C5,52.3983,45.9596,Marketplace scrape,1,29
2024-12-01,20025,C5,47.1195,42.3468,Field report,0,24
2025-01-01,20025,C5,46.2487,42.3468,Field report,1,28
2025-04-01,20025,C5,46.3191,41.0126,Distributor price list,1,3
2025-06-01,20025,C5,47.1449,42.7748,Lost quote,1,38
2025-07-01,20025,C5,48.7889,42.7748,Distributor price list,1,43
2025-08-01,20025,C5,48.9241,42.7748,Marketplace scrape,1,6
2025-09-01,20025,C5,43.318,39.9358,Field report,1,10
2025-11-01,20025,C5,45.4921,39.9358,Distributor price list,1,22
2025-12-01,20025,C5,44.3795,38.9009,Lost quote,1,28
2026-05-01,20025,C5,48.4703,42.5032,Distributor price list,1,12
2026-06-01,20025,C5,47.1356,42.9163,Marketplace scrape,1,17
2023-10-01,20026,C1,40.6065,46.2701,Distributor price list,1,3
2023-11-01,20026,C1,39.9208,46.2701,Marketplace scrape,1,5
2024-01-01,20026,C1,41.4487,48.2455,Lost quote,1,11
2024-02-01,20026,C1,41.4572,48.2455,Distributor price list,1,13
2024-03-01,20026,C1,38.3339,46.1716,Distributor price list,1,38
2024-04-01,20026,C1,38.9418,46.1716,Distributor price list,1,15
2024-05-01,20026,C1,39.5519,46.1716,Distributor price list,0,41
2024-06-01,20026,C1,39.3954,44.0727,Distributor price list,1,23
2024-11-01,20026,C1,37.7308,41.3068,Distributor price list,0,9
2025-01-01,20026,C1,37.2795,41.0641,Distributor price list,1,4
2025-02-01,20026,C1,37.6027,41.0641,Lost quote,1,16
2025-03-01,20026,C1,37.9677,40.5193,Lost quote,1,43
2025-05-01,20026,C1,39.0704,40.5193,Lost quote,1,41
2025-08-01,20026,C1,38.6081,38.9951,Lost quote,1,32
2025-12-01,20026,C1,41.1441,41.8464,Marketplace scrape,1,38
2026-01-01,20026,C1,41.2149,41.8464,Marketplace scrape,1,5
2026-02-01,20026,C1,42.4439,41.8464,Field report,1,31
2026-03-01,20026,C1,43.8658,44.196,Marketplace scrape,1,6
2026-04-01,20026,C1,43.5386,44.196,Lost quote,1,2
2026-06-01,20026,C1,43.982,44.0949,Lost quote,1,10
2023-07-01,20026,C2,37.0991,46.4944,Lost quote,1,15
2023-10-01,20026,C2,37.2436,46.2701,Distributor price list,1,17
2023-11-01,20026,C2,37.3507,46.2701,Lost quote,1,22
2023-12-01,20026,C2,39.5574,48.2455,Marketplace scrape,1,30
2024-02-01,20026,C2,40.1516,48.2455,Distributor price list,1,42
2024-06-01,20026,C2,38.0431,44.0727,Marketplace scrape,1,32
2024-08-01,20026,C2,37.748,44.0727,Distributor price list,1,29
2024-10-01,20026,C2,37.189,41.3068,Lost quote,1,12
2024-11-01,20026,C2,37.3441,41.3068,Field report,1,7
2025-01-01,20026,C2,35.2525,41.0641,Marketplace scrape,1,8
2025-04-01,20026,C2,37.1171,40.5193,Lost quote,1,27
2025-06-01,20026,C2,34.8857,38.9951,Distributor price list,1,9
2025-08-01,20026,C2,34.0527,38.9951,Marketplace scrape,1,3
2025-09-01,20026,C2,34.2209,40.1951,Marketplace scrape,1,33
2026-02-01,20026,C2,36.5876,41.8464,Distributor price list,0,9
2026-03-01,20026,C2,40.3046,44.196,Marketplace scrape,1,13
2026-05-01,20026,C2,40.1601,44.196,Distributor price list,0,34
2026-06-01,20026,C2,39.566,44.0949,Lost quote,1,25
2023-07-01,20026,C3,47.8542,46.4944,Marketplace scrape,1,6
2023-08-01,20026,C3,47.8698,46.4944,Lost quote,1,33
2023-09-01,20026,C3,47.8559,46.2701,Distributor price list,1,33
2023-12-01,20026,C3,54.8934,48.2455,Distributor price list,1,4
2024-01-01,20026,C3,55.6682,48.2455,Distributor price list,1,44
2024-02-01,20026,C3,53.5895,48.2455,Lost quote,1,44
2024-03-01,20026,C3,52.5756,46.1716,Distributor price list,1,11
2024-05-01,20026,C3,50.8523,46.1716,Distributor price list,1,9
2024-06-01,20026,C3,49.312,44.0727,Marketplace scrape,1,29
2024-07-01,20026,C3,50.6956,44.0727,Field report,1,45
2024-09-01,20026,C3,46.4034,41.3068,Marketplace scrape,1,27
2024-10-01,20026,C3,48.2402,41.3068,Field report,1,14
2024-11-01,20026,C3,48.9347,41.3068,Distributor price list,1,31
2024-12-01,20026,C3,46.1702,41.0641,Field report,1,20
2025-03-01,20026,C3,47.9136,40.5193,Marketplace scrape,1,40
2025-05-01,20026,C3,46.9541,40.5193,Field report,1,33
2025-07-01,20026,C3,44.6311,38.9951,Marketplace scrape,1,5
2025-09-01,20026,C3,45.3332,40.1951,Distributor price list,0,23
2025-11-01,20026,C3,44.7023,40.1951,Marketplace scrape,1,14
2025-12-01,20026,C3,46.8797,41.8464,Marketplace scrape,1,3
2026-02-01,20026,C3,44.3922,41.8464,Field report,1,11
2026-04-01,20026,C3,49.8492,44.196,Distributor price list,1,20
2026-06-01,20026,C3,49.2884,44.0949,Field report,1,21
2023-07-01,20026,C4,42.6462,46.4944,Field report,1,24
2023-08-01,20026,C4,43.9001,46.4944,Field report,1,13
2023-09-01,20026,C4,44.5111,46.2701,Marketplace scrape,1,41
2023-10-01,20026,C4,45.0629,46.2701,Marketplace scrape,1,17
2024-03-01,20026,C4,44.1348,46.1716,Distributor price list,1,5
2024-04-01,20026,C4,44.9224,46.1716,Field report,1,39
2024-06-01,20026,C4,41.0892,44.0727,Distributor price list,1,37
2024-07-01,20026,C4,43.2417,44.0727,Field report,1,26
2024-09-01,20026,C4,38.971,41.3068,Marketplace scrape,1,11
2024-10-01,20026,C4,39.8235,41.3068,Distributor price list,1,45
2025-03-01,20026,C4,40.6676,40.5193,Lost quote,1,3
2025-05-01,20026,C4,40.8521,40.5193,Distributor price list,1,45
2025-06-01,20026,C4,39.1545,38.9951,Field report,1,29
2025-07-01,20026,C4,40.0799,38.9951,Field report,1,18
2025-08-01,20026,C4,40.0955,38.9951,Distributor price list,1,28
2025-11-01,20026,C4,44.2605,40.1951,Distributor price list,1,41
2025-12-01,20026,C4,44.9135,41.8464,Field report,1,38
2026-01-01,20026,C4,45.1116,41.8464,Field report,1,17
2026-05-01,20026,C4,48.8209,44.196,Marketplace scrape,1,1
2023-07-01,20027,C1,26.7387,24.9429,Marketplace scrape,1,28
2023-10-01,20027,C1,25.8027,24.9429,Field report,1,23
2023-11-01,20027,C1,25.8728,24.9429,Field report,1,32
2023-12-01,20027,C1,25.4165,24.9429,Lost quote,1,12
2024-01-01,20027,C1,23.8232,23.3844,Marketplace scrape,1,28
2024-02-01,20027,C1,23.7449,23.3844,Field report,1,23
2024-03-01,20027,C1,22.7701,23.3844,Distributor price list,1,18
2024-04-01,20027,C1,23.2114,23.3844,Lost quote,1,12
2024-05-01,20027,C1,23.9324,23.3844,Field report,1,33
2024-06-01,20027,C1,22.841,23.3844,Distributor price list,1,30
2024-07-01,20027,C1,23.0973,24.4998,Lost quote,1,38
2024-08-01,20027,C1,24.057,24.4998,Lost quote,1,14
2024-10-01,20027,C1,22.2133,24.4998,Marketplace scrape,0,26
2024-12-01,20027,C1,20.9913,24.4998,Distributor price list,1,22
2025-01-01,20027,C1,20.8453,22.8577,Marketplace scrape,1,29
2025-03-01,20027,C1,21.6078,22.8577,Field report,1,25
2025-05-01,20027,C1,30.5392,33.6233,Field report,1,38
2025-09-01,20027,C1,31.1938,35.2869,Field report,1,9
2025-11-01,20027,C1,32.0787,35.2869,Distributor price list,1,26
2025-12-01,20027,C1,31.0273,35.2869,Marketplace scrape,1,8
2026-01-01,20027,C1,35.5297,39.0221,Distributor price list,1,10
2026-02-01,20027,C1,36.439,39.0221,Distributor price list,1,36
2026-03-01,20027,C1,36.8819,39.0221,Field report,1,10
2026-05-01,20027,C1,35.7135,39.0221,Lost quote,1,35
2023-07-01,20027,C2,24.7186,24.9429,Distributor price list,0,41
2023-09-01,20027,C2,26.4546,24.9429,Lost quote,1,43
2023-10-01,20027,C2,25.5766,24.9429,Lost quote,1,11
2023-12-01,20027,C2,25.0424,24.9429,Field report,1,1
2024-03-01,20027,C2,23.0137,23.3844,Field report,1,43
2024-05-01,20027,C2,23.173,23.3844,Marketplace scrape,0,15
2024-06-01,20027,C2,23.798,23.3844,Lost quote,1,23
2024-08-01,20027,C2,23.7269,24.4998,Field report,1,35
2024-11-01,20027,C2,24.4386,24.4998,Lost quote,1,6
2025-01-01,20027,C2,22.7084,22.8577,Lost quote,0,44
2025-02-01,20027,C2,22.3103,22.8577,Distributor price list,1,25
2025-03-01,20027,C2,22.7833,22.8577,Field report,1,20
2025-04-01,20027,C2,23.3101,22.8577,Distributor price list,1,20
2025-06-01,20027,C2,33.2344,33.6233,Lost quote,0,16
2025-09-01,20027,C2,34.3066,35.2869,Lost quote,1,26
2025-10-01,20027,C2,35.7454,35.2869,Marketplace scrape,0,22
2025-11-01,20027,C2,35.9389,35.2869,Field report,1,5
2026-02-01,20027,C2,40.8723,39.0221,Marketplace scrape,1,32
2026-03-01,20027,C2,40.7731,39.0221,Field report,0,25
2026-06-01,20027,C2,41.1037,39.0221,Lost quote,1,2
2023-07-01,20027,C3,29.4535,24.9429,Distributor price list,1,19
2023-09-01,20027,C3,29.7275,24.9429,Lost quote,1,24
2023-10-01,20027,C3,30.6894,24.9429,Lost quote,1,25
2023-12-01,20027,C3,28.9926,24.9429,Field report,1,2
2024-01-01,20027,C3,28.094,23.3844,Marketplace scrape,1,10
2024-02-01,20027,C3,28.3345,23.3844,Marketplace scrape,1,45
2024-03-01,20027,C3,28.4551,23.3844,Distributor price list,0,31
2024-04-01,20027,C3,28.4753,23.3844,Field report,1,33
2024-05-01,20027,C3,27.8795,23.3844,Marketplace scrape,1,44
2024-06-01,20027,C3,28.8419,23.3844,Marketplace scrape,1,29
2024-08-01,20027,C3,31.4937,24.4998,Field report,1,10
2024-09-01,20027,C3,29.8263,24.4998,Distributor price list,1,40
2024-10-01,20027,C3,30.1098,24.4998,Lost quote,1,44
2024-12-01,20027,C3,30.371,24.4998,Field report,1,9
2025-01-01,20027,C3,28.319,22.8577,Lost quote,1,17
2025-02-01,20027,C3,28.0101,22.8577,Distributor price list,1,38
2025-03-01,20027,C3,27.0293,22.8577,Distributor price list,1,16
2025-06-01,20027,C3,40.7422,33.6233,Lost quote,1,11
2025-07-01,20027,C3,43.1621,35.2869,Field report,1,28
2025-08-01,20027,C3,41.2927,35.2869,Field report,1,10
2025-11-01,20027,C3,41.9583,35.2869,Distributor price list,1,39
2026-01-01,20027,C3,47.8732,39.0221,Field report,1,18
2026-03-01,20027,C3,47.0379,39.0221,Marketplace scrape,1,15
2026-04-01,20027,C3,48.3536,39.0221,Distributor price list,1,37
2026-05-01,20027,C3,48.4203,39.0221,Lost quote,1,26
2026-06-01,20027,C3,45.9148,39.0221,Lost quote,1,8
2023-08-01,20027,C4,26.6911,24.9429,Marketplace scrape,1,25
2023-09-01,20027,C4,27.098,24.9429,Distributor price list,1,36
2023-12-01,20027,C4,27.2484,24.9429,Field report,1,18
2024-01-01,20027,C4,26.3756,23.3844,Lost quote,1,19
2024-04-01,20027,C4,28.1624,23.3844,Lost quote,1,9
2024-05-01,20027,C4,28.1579,23.3844,Field report,1,30
2024-07-01,20027,C4,29.0032,24.4998,Marketplace scrape,1,36
2024-08-01,20027,C4,28.7261,24.4998,Marketplace scrape,1,25
2024-10-01,20027,C4,28.4505,24.4998,Field report,1,45
2024-11-01,20027,C4,29.4397,24.4998,Lost quote,1,13
2024-12-01,20027,C4,28.4028,24.4998,Marketplace scrape,1,20
2025-01-01,20027,C4,25.4497,22.8577,Lost quote,1,32
2025-03-01,20027,C4,26.3726,22.8577,Field report,1,23
2025-06-01,20027,C4,38.7272,33.6233,Lost quote,1,11
2025-07-01,20027,C4,41.6776,35.2869,Field report,0,24
2025-08-01,20027,C4,42.2657,35.2869,Distributor price list,1,5
2025-09-01,20027,C4,41.8664,35.2869,Field report,1,39
2025-10-01,20027,C4,42.0143,35.2869,Lost quote,1,12
2026-02-01,20027,C4,47.3671,39.0221,Lost quote,1,21
2026-03-01,20027,C4,44.7104,39.0221,Marketplace scrape,1,26
2026-04-01,20027,C4,45.3161,39.0221,Marketplace scrape,1,3
2026-06-01,20027,C4,46.9373,39.0221,Field report,1,19
2023-08-01,20028,C1,32.5927,32.4259,Distributor price list,1,1
2023-09-01,20028,C1,32.1607,32.4259,Distributor price list,1,25
2023-11-01,20028,C1,33.163,32.4259,Field report,1,41
2024-06-01,20028,C1,34.5072,32.4259,Distributor price list,1,4
2024-08-01,20028,C1,33.0114,32.4259,Lost quote,0,13
2024-12-01,20028,C1,34.6425,32.4259,Marketplace scrape,1,38
2025-01-01,20028,C1,35.055,32.4259,Distributor price list,1,15
2025-02-01,20028,C1,35.1236,32.4259,Lost quote,1,7
2025-03-01,20028,C1,35.7379,32.4259,Marketplace scrape,1,23
2025-04-01,20028,C1,35.4459,32.4259,Lost quote,1,9
2025-07-01,20028,C1,34.2318,32.4259,Marketplace scrape,1,7
2025-08-01,20028,C1,33.7922,32.4259,Marketplace scrape,1,1
2025-09-01,20028,C1,33.6592,32.4259,Marketplace scrape,1,33
2025-10-01,20028,C1,32.6842,32.4259,Lost quote,1,17
2025-11-01,20028,C1,34.3754,32.4259,Marketplace scrape,1,7
2026-01-01,20028,C1,33.8271,32.4259,Lost quote,1,30
2026-02-01,20028,C1,33.5421,32.4259,Lost quote,1,13
2026-03-01,20028,C1,34.2877,32.4259,Marketplace scrape,1,1
2026-05-01,20028,C1,33.9468,32.4259,Marketplace scrape,1,6
2026-06-01,20028,C1,34.773,32.4259,Lost quote,1,19
2023-08-01,20028,C2,30.1012,32.4259,Lost quote,0,41
2023-09-01,20028,C2,31.2797,32.4259,Field report,1,3
2023-10-01,20028,C2,30.149,32.4259,Lost quote,1,26
2023-11-01,20028,C2,29.8438,32.4259,Distributor price list,1,18
2023-12-01,20028,C2,29.6501,32.4259,Marketplace scrape,1,11
2024-01-01,20028,C2,29.3839,32.4259,Marketplace scrape,1,4
2024-04-01,20028,C2,28.7538,32.4259,Marketplace scrape,1,13
2024-05-01,20028,C2,29.7842,32.4259,Marketplace scrape,1,8
2024-06-01,20028,C2,30.891,32.4259,Marketplace scrape,1,1
2024-07-01,20028,C2,31.7513,32.4259,Distributor price list,1,29
2024-09-01,20028,C2,30.0314,32.4259,Lost quote,1,10
2024-10-01,20028,C2,30.374,32.4259,Lost quote,1,27
2024-12-01,20028,C2,30.1618,32.4259,Distributor price list,1,42
2025-01-01,20028,C2,27.9214,32.4259,Distributor price list,1,8
2025-02-01,20028,C2,28.7968,32.4259,Field report,1,12
2025-05-01,20028,C2,28.405,32.4259,Marketplace scrape,1,23
2025-06-01,20028,C2,28.6934,32.4259,Distributor price list,1,29
2025-10-01,20028,C2,31.3906,32.4259,Field report,1,29
2025-11-01,20028,C2,33.0789,32.4259,Marketplace scrape,1,12
2025-12-01,20028,C2,31.7267,32.4259,Lost quote,1,30
2026-01-01,20028,C2,31.4833,32.4259,Field report,0,35
2026-02-01,20028,C2,32.8287,32.4259,Field report,1,4
2026-03-01,20028,C2,32.6631,32.4259,Marketplace scrape,1,3
2026-04-01,20028,C2,32.7155,32.4259,Distributor price list,1,38
2026-05-01,20028,C2,33.0243,32.4259,Marketplace scrape,1,29
2023-07-01,20028,C3,35.6276,30.164,Lost quote,1,33
2023-09-01,20028,C3,38.3842,32.4259,Distributor price list,1,24
2023-10-01,20028,C3,35.8135,32.4259,Field report,1,11
2024-02-01,20028,C3,36.6067,32.4259,Lost quote,1,3
2024-05-01,20028,C3,37.6456,32.4259,Distributor price list,0,28
2024-06-01,20028,C3,37.0251,32.4259,Distributor price list,1,20
2024-07-01,20028,C3,37.7348,32.4259,Lost quote,1,13
2024-09-01,20028,C3,38.7087,32.4259,Marketplace scrape,1,26
2024-10-01,20028,C3,37.3609,32.4259,Marketplace scrape,0,42
2024-12-01,20028,C3,39.9857,32.4259,Marketplace scrape,1,6
2025-01-01,20028,C3,37.8651,32.4259,Distributor price list,1,15
2025-04-01,20028,C3,39.3045,32.4259,Marketplace scrape,1,16
2025-07-01,20028,C3,36.8704,32.4259,Distributor price list,1,1
2025-08-01,20028,C3,37.1993,32.4259,Field report,1,28
2025-09-01,20028,C3,38.7343,32.4259,Marketplace scrape,1,30
2025-11-01,20028,C3,37.3981,32.4259,Marketplace scrape,1,9
2025-12-01,20028,C3,37.9763,32.4259,Field report,1,39
2026-02-01,20028,C3,38.971,32.4259,Field report,1,27
2026-04-01,20028,C3,39.4526,32.4259,Lost quote,1,7
2026-05-01,20028,C3,39.2776,32.4259,Marketplace scrape,1,34
2023-07-01,20029,C1,35.6834,35.292,Field report,1,36
2023-08-01,20029,C1,36.2394,35.292,Distributor price list,1,43
2023-10-01,20029,C1,34.7089,33.9494,Distributor price list,1,27
2024-01-01,20029,C1,34.4331,33.9494,Distributor price list,1,18
2024-02-01,20029,C1,32.6628,33.9494,Marketplace scrape,1,28
2024-03-01,20029,C1,32.9702,33.7342,Marketplace scrape,1,44
2024-04-01,20029,C1,33.565,33.7342,Marketplace scrape,1,22
2024-08-01,20029,C1,33.4455,33.7342,Distributor price list,1,20
2024-09-01,20029,C1,31.8516,31.0172,Distributor price list,1,30
2024-10-01,20029,C1,30.7347,31.0172,Field report,1,38
2024-12-01,20029,C1,30.553,31.0172,Field report,1,28
2025-02-01,20029,C1,29.5508,31.0172,Distributor price list,1,12
2025-03-01,20029,C1,34.2025,34.7227,Field report,1,23
2025-04-01,20029,C1,34.6337,34.7227,Distributor price list,1,3
2025-05-01,20029,C1,33.8715,34.7227,Lost quote,1,8
2025-06-01,20029,C1,34.954,34.7227,Distributor price list,1,3
2025-07-01,20029,C1,34.6081,34.7227,Lost quote,1,20
2025-08-01,20029,C1,34.6655,34.7227,Distributor price list,1,24
2025-09-01,20029,C1,34.1549,34.5837,Lost quote,1,30
2025-10-01,20029,C1,33.1121,34.5837,Distributor price list,1,11
2025-11-01,20029,C1,34.313,34.5837,Distributor price list,1,33
2025-12-01,20029,C1,34.7479,34.5837,Lost quote,1,33
2026-01-01,20029,C1,33.8506,34.5837,Distributor price list,0,6
2026-02-01,20029,C1,31.9046,34.5837,Distributor price list,1,12
2026-03-01,20029,C1,34.5629,37.1982,Lost quote,1,1
2026-04-01,20029,C1,34.8074,37.1982,Marketplace scrape,1,24
2026-06-01,20029,C1,36.0351,37.1982,Distributor price list,1,28
2023-08-01,20029,C2,32.418,35.292,Field report,1,23
2023-10-01,20029,C2,30.6648,33.9494,Field report,1,19
2023-11-01,20029,C2,31.7374,33.9494,Marketplace scrape,1,7
2023-12-01,20029,C2,31.2962,33.9494,Lost quote,1,35
2024-04-01,20029,C2,27.6462,33.7342,Distributor price list,1,4
2024-06-01,20029,C2,27.804,33.7342,Distributor price list,1,27
2024-07-01,20029,C2,27.3848,33.7342,Marketplace scrape,1,43
2024-08-01,20029,C2,28.3528,33.7342,Distributor price list,1,22
2024-09-01,20029,C2,25.433,31.0172,Marketplace scrape,1,27
2024-10-01,20029,C2,26.0053,31.0172,Field report,1,23
2024-11-01,20029,C2,25.4934,31.0172,Lost quote,1,45
2025-02-01,20029,C2,25.6684,31.0172,Field report,1,28
2025-04-01,20029,C2,26.4853,34.7227,Lost quote,1,3
2025-05-01,20029,C2,26.38,34.7227,Marketplace scrape,1,13
2025-06-01,20029,C2,25.7927,34.7227,Distributor price list,1,41
2025-09-01,20029,C2,25.8023,34.5837,Distributor price list,1,34
2025-10-01,20029,C2,23.9102,34.5837,Distributor price list,1,13
2026-02-01,20029,C2,24.066,34.5837,Distributor price list,1,37
2026-03-01,20029,C2,26.5991,37.1982,Field report,1,7
2026-04-01,20029,C2,27.8469,37.1982,Distributor price list,1,12
2026-06-01,20029,C2,27.4533,37.1982,Field report,1,11
2023-07-01,20029,C3,40.3991,35.292,Lost quote,1,45
2023-08-01,20029,C3,41.1153,35.292,Distributor price list,1,43
2023-09-01,20029,C3,41.5003,33.9494,Lost quote,1,20
2023-11-01,20029,C3,37.8795,33.9494,Lost quote,1,33
2023-12-01,20029,C3,38.907,33.9494,Distributor price list,1,32
2024-01-01,20029,C3,38.9131,33.9494,Lost quote,1,20
2024-05-01,20029,C3,37.5554,33.7342,Marketplace scrape,0,19
2024-07-01,20029,C3,38.3379,33.7342,Marketplace scrape,1,7
2024-08-01,20029,C3,39.5164,33.7342,Marketplace scrape,1,16
2024-10-01,20029,C3,34.0621,31.0172,Distributor price list,1,37
2024-12-01,20029,C3,34.4886,31.0172,Lost quote,1,33
2025-01-01,20029,C3,35.0148,31.0172,Lost quote,1,29
2025-02-01,20029,C3,36.0931,31.0172,Distributor price list,1,45
2025-03-01,20029,C3,39.9682,34.7227,Marketplace scrape,1,27
2025-04-01,20029,C3,40.0094,34.7227,Marketplace scrape,1,39
2025-07-01,20029,C3,40.0568,34.7227,Distributor price list,1,39
2025-08-01,20029,C3,39.5694,34.7227,Distributor price list,1,37
2025-09-01,20029,C3,39.8909,34.5837,Lost quote,1,4
2025-10-01,20029,C3,40.7542,34.5837,Marketplace scrape,1,13
2025-11-01,20029,C3,40.0312,34.5837,Distributor price list,1,30
2026-03-01,20029,C3,39.8856,37.1982,Marketplace scrape,1,9
2026-04-01,20029,C3,42.2309,37.1982,Field report,1,38
2026-05-01,20029,C3,41.2653,37.1982,Distributor price list,1,20
2023-07-01,20029,C4,36.0528,35.292,Distributor price list,1,11
2023-11-01,20029,C4,33.8437,33.9494,Distributor price list,0,26
2023-12-01,20029,C4,32.6867,33.9494,Marketplace scrape,1,14
2024-05-01,20029,C4,30.9739,33.7342,Field report,1,36
2024-07-01,20029,C4,30.9121,33.7342,Marketplace scrape,1,27
2024-08-01,20029,C4,29.9732,33.7342,Field report,1,7
2024-09-01,20029,C4,25.3782,31.0172,Marketplace scrape,0,43
2024-11-01,20029,C4,25.431,31.0172,Marketplace scrape,0,4
2024-12-01,20029,C4,24.2906,31.0172,Distributor price list,1,35
2025-01-01,20029,C4,26.431,31.0172,Field report,1,40
2025-03-01,20029,C4,29.9154,34.7227,Lost quote,1,38
2025-06-01,20029,C4,30.0186,34.7227,Lost quote,1,34
2025-07-01,20029,C4,29.9237,34.7227,Distributor price list,1,37
2025-08-01,20029,C4,31.6476,34.7227,Field report,1,43
2025-09-01,20029,C4,31.0016,34.5837,Marketplace scrape,1,33
2025-11-01,20029,C4,29.6339,34.5837,Distributor price list,1,7
2025-12-01,20029,C4,30.8551,34.5837,Marketplace scrape,1,41
2026-01-01,20029,C4,29.1422,34.5837,Field report,1,3
2026-04-01,20029,C4,33.2608,37.1982,Distributor price list,1,19
2026-05-01,20029,C4,32.9049,37.1982,Distributor price list,1,18
2026-06-01,20029,C4,32.6964,37.1982,Marketplace scrape,1,39
2023-08-01,20030,C1,14.139,14.1654,Field report,1,19
2023-09-01,20030,C1,13.9246,14.1654,Marketplace scrape,1,12
2023-11-01,20030,C1,13.3964,14.1654,Distributor price list,1,8
2023-12-01,20030,C1,13.6388,14.1654,Distributor price list,1,19
2024-01-01,20030,C1,14.3178,14.7254,Field report,1,32
2024-03-01,20030,C1,15.2314,14.7254,Lost quote,0,3
2024-04-01,20030,C1,15.7413,14.7254,Distributor price list,1,16
2024-05-01,20030,C1,16.269,14.7254,Distributor price list,1,34
2024-06-01,20030,C1,16.6339,14.7254,Lost quote,1,26
2024-09-01,20030,C1,16.5679,15.2431,Field report,1,31
2024-10-01,20030,C1,16.0551,15.2431,Marketplace scrape,1,42
2024-12-01,20030,C1,17.2292,15.2431,Marketplace scrape,1,29
2025-01-01,20030,C1,17.5232,15.5551,Field report,0,11
2025-02-01,20030,C1,17.7093,15.5551,Lost quote,1,10
2025-04-01,20030,C1,16.5065,15.5551,Field report,1,44
2025-07-01,20030,C1,17.5971,17.1525,Marketplace scrape,0,11
2025-11-01,20030,C1,17.3829,17.1525,Lost quote,1,27
2026-01-01,20030,C1,16.0245,16.4217,Field report,1,13
2026-02-01,20030,C1,15.6388,16.4217,Marketplace scrape,1,36
2026-03-01,20030,C1,15.9704,16.4217,Marketplace scrape,1,25
2026-05-01,20030,C1,15.3717,16.4217,Lost quote,1,3
2026-06-01,20030,C1,14.9794,16.4217,Lost quote,1,38
2023-07-01,20030,C3,16.0147,14.1654,Lost quote,1,10
2023-08-01,20030,C3,15.5414,14.1654,Marketplace scrape,1,41
2023-10-01,20030,C3,16.6582,14.1654,Lost quote,1,7
2023-11-01,20030,C3,16.0901,14.1654,Lost quote,1,10
2023-12-01,20030,C3,16.6262,14.1654,Field report,1,24
2024-02-01,20030,C3,17.1093,14.7254,Field report,1,17
2024-04-01,20030,C3,16.7062,14.7254,Field report,1,13
2024-10-01,20030,C3,17.4881,15.2431,Field report,1,40
2024-12-01,20030,C3,18.8442,15.2431,Lost quote,1,34
2025-03-01,20030,C3,19.6413,15.5551,Distributor price list,1,32
2025-06-01,20030,C3,18.8271,15.5551,Lost quote,1,5
2025-08-01,20030,C3,21.4137,17.1525,Distributor price list,1,21
2025-09-01,20030,C3,20.7561,17.1525,Distributor price list,1,5
2025-11-01,20030,C3,19.5515,17.1525,Lost quote,1,11
2025-12-01,20030,C3,19.4705,17.1525,Field report,1,38
2026-01-01,20030,C3,18.1468,16.4217,Field report,1,43
2026-02-01,20030,C3,18.5029,16.4217,Lost quote,0,13
2026-03-01,20030,C3,18.5479,16.4217,Marketplace scrape,1,14
2026-04-01,20030,C3,18.3468,16.4217,Distributor price list,1,42
2026-05-01,20030,C3,19.0153,16.4217,Distributor price list,1,4
2023-08-01,20030,C4,13.5678,14.1654,Marketplace scrape,1,1
2023-09-01,20030,C4,13.5692,14.1654,Marketplace scrape,1,28
2024-02-01,20030,C4,13.7723,14.7254,Distributor price list,1,2
2024-04-01,20030,C4,12.5814,14.7254,Marketplace scrape,1,36
2024-08-01,20030,C4,13.4082,15.2431,Field report,0,41
2024-09-01,20030,C4,13.3833,15.2431,Lost quote,1,3
2024-10-01,20030,C4,12.9242,15.2431,Marketplace scrape,1,45
2025-01-01,20030,C4,13.1215,15.5551,Lost quote,1,2
2025-03-01,20030,C4,13.7642,15.5551,Distributor price list,1,6
2025-04-01,20030,C4,14.1137,15.5551,Distributor price list,1,9
2025-05-01,20030,C4,12.9563,15.5551,Field report,1,19
2025-06-01,20030,C4,12.8327,15.5551,Distributor price list,1,6
2025-07-01,20030,C4,14.4506,17.1525,Field report,1,11
2025-08-01,20030,C4,15.307,17.1525,Distributor price list,1,21
2025-09-01,20030,C4,15.0315,17.1525,Distributor price list,1,25
2025-10-01,20030,C4,15.1934,17.1525,Distributor price list,1,1
2025-11-01,20030,C4,14.5589,17.1525,Field report,1,41
2026-01-01,20030,C4,14.2515,16.4217,Lost quote,1,15
2023-08-01,20030,C5,16.8727,14.1654,Marketplace scrape,1,11
2023-11-01,20030,C5,16.3716,14.1654,Marketplace scrape,1,21
2023-12-01,20030,C5,16.7998,14.1654,Lost quote,1,9
2024-01-01,20030,C5,17.6529,14.7254,Lost quote,1,38
2024-03-01,20030,C5,17.2631,14.7254,Lost quote,1,43
2024-06-01,20030,C5,17.4794,14.7254,Distributor price list,1,27
2024-08-01,20030,C5,16.9451,15.2431,Distributor price list,1,44
2024-09-01,20030,C5,16.8652,15.2431,Lost quote,1,12
2024-10-01,20030,C5,17.7224,15.2431,Marketplace scrape,1,43
2024-11-01,20030,C5,17.1163,15.2431,Field report,1,6
2024-12-01,20030,C5,17.3475,15.2431,Marketplace scrape,1,27
2025-01-01,20030,C5,17.159,15.5551,Field report,1,3
2025-02-01,20030,C5,16.9778,15.5551,Lost quote,1,9
2025-03-01,20030,C5,17.6522,15.5551,Lost quote,1,9
2025-04-01,20030,C5,17.2995,15.5551,Field report,1,11
2025-06-01,20030,C5,17.3538,15.5551,Field report,1,28
2025-07-01,20030,C5,19.3053,17.1525,Field report,1,45
2025-10-01,20030,C5,19.533,17.1525,Field report,1,1
2025-11-01,20030,C5,19.2786,17.1525,Lost quote,1,23
2026-01-01,20030,C5,18.181,16.4217,Lost quote,1,23
2026-02-01,20030,C5,17.846,16.4217,Marketplace scrape,1,2
2026-03-01,20030,C5,17.7764,16.4217,Distributor price list,1,26
2026-04-01,20030,C5,17.19,16.4217,Distributor price list,1,21
2026-05-01,20030,C5,17.5863,16.4217,Field report,1,19
2026-06-01,20030,C5,17.7763,16.4217,Field report,1,34
2023-07-01,20032,C1,16.3674,19.0384,Lost quote,1,14
2023-08-01,20032,C1,15.9382,19.0384,Marketplace scrape,1,3
2023-09-01,20032,C1,16.0089,19.0384,Lost quote,1,13
2023-10-01,20032,C1,16.3066,19.0384,Field report,1,3
2023-11-01,20032,C1,16.269,19.0384,Distributor price list,1,45
2023-12-01,20032,C1,15.932,19.0384,Marketplace scrape,1,5
2024-02-01,20032,C1,17.1535,19.7351,Lost quote,1,29
2024-03-01,20032,C1,16.8541,19.7351,Field report,1,41
2024-04-01,20032,C1,17.6124,19.7351,Field report,1,4
2024-06-01,20032,C1,16.6638,19.7351,Lost quote,1,8
2024-09-01,20032,C1,16.1778,18.0593,Lost quote,1,17
2024-11-01,20032,C1,16.0314,18.0593,Distributor price list,1,3
2025-01-01,20032,C1,16.0489,18.0485,Marketplace scrape,1,44
2025-03-01,20032,C1,16.3063,18.0485,Distributor price list,1,40
2025-04-01,20032,C1,16.4242,18.0485,Distributor price list,1,42
2025-05-01,20032,C1,15.8201,18.0485,Field report,0,10
2025-06-01,20032,C1,15.4285,18.0485,Lost quote,1,6
2025-07-01,20032,C1,15.1004,17.2199,Distributor price list,1,26
2025-09-01,20032,C1,15.3544,17.2199,Field report,0,24
2025-10-01,20032,C1,15.2668,17.2199,Marketplace scrape,1,45
2025-11-01,20032,C1,15.4248,17.2199,Marketplace scrape,1,45
2025-12-01,20032,C1,15.9072,17.2199,Marketplace scrape,1,9
2026-01-01,20032,C1,15.5445,17.116,Field report,1,36
2026-02-01,20032,C1,15.3272,17.116,Field report,1,28
2026-05-01,20032,C1,16.0801,17.116,Field report,1,7
2026-06-01,20032,C1,15.8946,17.116,Lost quote,0,3
2023-07-01,20033,C1,13.4023,13.3759,Marketplace scrape,1,44
2023-08-01,20033,C1,13.348,13.3759,Distributor price list,1,19
2023-09-01,20033,C1,12.8246,12.9592,Field report,1,40
2023-10-01,20033,C1,12.8034,12.9592,Lost quote,1,42
2023-11-01,20033,C1,13.5909,12.9592,Distributor price list,0,2
2023-12-01,20033,C1,13.0445,12.511,Lost quote,1,9
2024-01-01,20033,C1,13.089,12.511,Distributor price list,1,11
2024-03-01,20033,C1,12.961,12.7799,Distributor price list,1,42
2024-04-01,20033,C1,13.0185,12.7799,Marketplace scrape,1,15
2024-07-01,20033,C1,12.3704,12.0399,Marketplace scrape,1,38
2024-09-01,20033,C1,10.8911,11.169,Distributor price list,1,16
2024-10-01,20033,C1,15.4563,15.1751,Distributor price list,1,25
2024-11-01,20033,C1,15.5688,15.1751,Field report,1,21
2024-12-01,20033,C1,14.105,14.6078,Lost quote,1,19
2025-01-01,20033,C1,14.4035,14.6078,Field report,0,10
2025-03-01,20033,C1,13.9326,14.6331,Field report,1,1
2025-04-01,20033,C1,13.8037,14.6331,Lost quote,1,25
2025-05-01,20033,C1,13.8912,14.6331,Lost quote,1,30
2025-07-01,20033,C1,13.2747,14.0415,Distributor price list,1,16
2025-09-01,20033,C1,12.7981,13.1889,Field report,1,7
2026-01-01,20033,C1,12.2881,12.9664,Distributor price list,1,26
2026-03-01,20033,C1,12.1459,12.5382,Lost quote,0,43
2026-04-01,20033,C1,16.2396,17.1675,Distributor price list,1,13
2026-05-01,20033,C1,16.4602,17.1675,Field report,1,45
2026-06-01,20033,C1,17.2041,17.0921,Marketplace scrape,1,42
2023-07-01,20033,C2,11.9129,13.3759,Marketplace scrape,1,29
2023-08-01,20033,C2,12.0154,13.3759,Distributor price list,0,21
2023-09-01,20033,C2,11.8138,12.9592,Lost quote,1,27
2023-10-01,20033,C2,11.5439,12.9592,Distributor price list,1,26
2023-11-01,20033,C2,11.9468,12.9592,Field report,1,19
2024-01-01,20033,C2,11.4262,12.511,Marketplace scrape,1,9
2024-03-01,20033,C2,13.0418,12.7799,Field report,1,27
2024-04-01,20033,C2,12.9586,12.7799,Lost quote,1,45
2024-05-01,20033,C2,12.738,12.7799,Distributor price list,1,33
2024-06-01,20033,C2,12.2247,12.0399,Lost quote,1,12
2024-07-01,20033,C2,12.207,12.0399,Field report,1,7
2024-08-01,20033,C2,12.2448,12.0399,Lost quote,1,38
2024-10-01,20033,C2,15.5982,15.1751,Lost quote,1,26
2024-11-01,20033,C2,15.6939,15.1751,Marketplace scrape,1,24
2025-01-01,20033,C2,15.1994,14.6078,Marketplace scrape,1,7
2025-02-01,20033,C2,14.8798,14.6078,Distributor price list,1,33
2025-03-01,20033,C2,15.0417,14.6331,Marketplace scrape,1,31
2025-05-01,20033,C2,14.0966,14.6331,Marketplace scrape,1,21
2025-06-01,20033,C2,13.7917,14.0415,Lost quote,1,33
2025-07-01,20033,C2,13.8187,14.0415,Lost quote,1,35
2025-08-01,20033,C2,13.856,14.0415,Distributor price list,1,13
2025-09-01,20033,C2,12.8667,13.1889,Marketplace scrape,1,32
2025-11-01,20033,C2,12.7524,13.1889,Lost quote,1,8
2025-12-01,20033,C2,12.6165,12.9664,Lost quote,1,2
2026-02-01,20033,C2,12.5885,12.9664,Field report,1,36
2026-04-01,20033,C2,17.2738,17.1675,Distributor price list,1,34
2026-06-01,20033,C2,17.5267,17.0921,Field report,1,37
2023-08-01,20033,C4,12.4966,13.3759,Distributor price list,0,4
2023-11-01,20033,C4,10.911,12.9592,Distributor price list,0,45
2023-12-01,20033,C4,10.858,12.511,Distributor price list,1,7
2024-01-01,20033,C4,10.8862,12.511,Distributor price list,1,29
2024-03-01,20033,C4,10.7399,12.7799,Distributor price list,1,32
2024-04-01,20033,C4,11.0346,12.7799,Field report,1,17
2024-05-01,20033,C4,11.3392,12.7799,Marketplace scrape,1,32
2024-06-01,20033,C4,10.82,12.0399,Field report,1,25
2024-07-01,20033,C4,10.0877,12.0399,Marketplace scrape,1,45
2024-08-01,20033,C4,10.3528,12.0399,Field report,1,11
2024-09-01,20033,C4,9.6446,11.169,Distributor price list,1,33
2024-10-01,20033,C4,13.4812,15.1751,Distributor price list,1,15
2024-12-01,20033,C4,13.1838,14.6078,Marketplace scrape,1,2
2025-02-01,20033,C4,12.8613,14.6078,Marketplace scrape,1,35
2025-04-01,20033,C4,13.1869,14.6331,Marketplace scrape,1,3
2025-05-01,20033,C4,12.8022,14.6331,Marketplace scrape,1,1
2025-06-01,20033,C4,12.2001,14.0415,Field report,1,39
2025-07-01,20033,C4,12.9022,14.0415,Lost quote,1,17
2025-08-01,20033,C4,12.2483,14.0415,Lost quote,1,33
2025-09-01,20033,C4,11.1364,13.1889,Lost quote,1,37
2025-11-01,20033,C4,11.7883,13.1889,Marketplace scrape,1,17
2025-12-01,20033,C4,11.5765,12.9664,Marketplace scrape,1,22
2026-04-01,20033,C4,15.9296,17.1675,Distributor price list,1,34
2026-05-01,20033,C4,15.2157,17.1675,Lost quote,1,42
2026-06-01,20033,C4,14.7386,17.0921,Marketplace scrape,1,29
2023-07-01,20034,C1,87.2379,90.6746,Lost quote,1,3
2023-08-01,20034,C1,90.1977,90.6746,Marketplace scrape,1,26
2023-09-01,20034,C1,87.3403,92.1832,Distributor price list,1,15
2023-11-01,20034,C1,88.4936,92.1832,Distributor price list,1,17
2023-12-01,20034,C1,84.3867,90.7344,Lost quote,1,38
2024-01-01,20034,C1,85.8196,90.7344,Distributor price list,1,35
2024-02-01,20034,C1,88.6171,90.7344,Distributor price list,1,27
2024-03-01,20034,C1,84.0957,86.1554,Field report,1,5
2024-04-01,20034,C1,81.7379,86.1554,Distributor price list,1,31
2024-05-01,20034,C1,82.8861,86.1554,Marketplace scrape,0,20
2024-08-01,20034,C1,83.4714,86.7314,Distributor price list,1,22
2024-09-01,20034,C1,79.7112,83.6657,Marketplace scrape,1,32
2024-10-01,20034,C1,76.0376,83.6657,Distributor price list,1,40
2024-11-01,20034,C1,76.9438,83.6657,Field report,1,27
2025-01-01,20034,C1,81.94,86.9583,Field report,0,13
2025-03-01,20034,C1,80.4328,83.2212,Lost quote,1,5
2025-04-01,20034,C1,79.182,83.2212,Field report,1,12
2025-05-01,20034,C1,80.6426,83.2212,Distributor price list,1,22
2025-06-01,20034,C1,83.109,84.9322,Field report,1,29
2025-07-01,20034,C1,84.0853,84.9322,Marketplace scrape,1,29
2025-08-01,20034,C1,81.9496,84.9322,Marketplace scrape,1,25
2025-09-01,20034,C1,86.0837,86.9242,Distributor price list,1,19
2025-11-01,20034,C1,82.375,86.9242,Distributor price list,1,10
2026-03-01,20034,C1,72.7191,77.1103,Distributor price list,1,15
2026-04-01,20034,C1,72.0871,77.1103,Field report,1,27
2026-05-01,20034,C1,71.5824,77.1103,Lost quote,1,17
2026-06-01,20034,C1,77.7092,84.2948,Field report,1,6
2023-07-01,20034,C2,78.8889,90.6746,Marketplace scrape,1,24
2023-08-01,20034,C2,79.8235,90.6746,Distributor price list,0,37
2023-09-01,20034,C2,80.1865,92.1832,Distributor price list,1,2
2023-11-01,20034,C2,80.6393,92.1832,Field report,1,2
2023-12-01,20034,C2,80.1885,90.7344,Distributor price list,1,20
2024-01-01,20034,C2,78.5652,90.7344,Distributor price list,1,39
2024-03-01,20034,C2,76.3774,86.1554,Field report,1,24
2024-04-01,20034,C2,78.3855,86.1554,Field report,1,3
2024-05-01,20034,C2,80.204,86.1554,Lost quote,1,21
2024-07-01,20034,C2,82.6313,86.7314,Marketplace scrape,1,23
2024-10-01,20034,C2,79.1264,83.6657,Field report,1,29
2024-11-01,20034,C2,78.3787,83.6657,Distributor price list,1,6
2025-01-01,20034,C2,82.9671,86.9583,Marketplace scrape,1,3
2025-02-01,20034,C2,82.7695,86.9583,Marketplace scrape,1,26
2025-05-01,20034,C2,83.6193,83.2212,Lost quote,1,28
2025-06-01,20034,C2,83.2551,84.9322,Marketplace scrape,1,26
2025-07-01,20034,C2,89.272,84.9322,Lost quote,1,10
2025-09-01,20034,C2,90.0332,86.9242,Marketplace scrape,1,38
2025-10-01,20034,C2,89.009,86.9242,Field report,1,27
2026-01-01,20034,C2,86.2051,84.0539,Field report,1,9
2026-02-01,20034,C2,87.0015,84.0539,Lost quote,1,31
2026-05-01,20034,C2,76.8266,77.1103,Marketplace scrape,0,29
2026-06-01,20034,C2,84.4011,84.2948,Lost quote,0,27
2023-07-01,20034,C3,97.3584,90.6746,Marketplace scrape,1,13
2023-08-01,20034,C3,98.4307,90.6746,Distributor price list,1,16
2023-09-01,20034,C3,100.6674,92.1832,Distributor price list,1,4
2023-11-01,20034,C3,98.9699,92.1832,Field report,1,35
2023-12-01,20034,C3,93.9733,90.7344,Distributor price list,0,12
2024-01-01,20034,C3,95.5464,90.7344,Field report,1,4
2024-02-01,20034,C3,95.3113,90.7344,Marketplace scrape,1,14
2024-04-01,20034,C3,96.6304,86.1554,Field report,1,32
2024-06-01,20034,C3,100.4406,86.7314,Distributor price list,1,29
2024-07-01,20034,C3,99.631,86.7314,Distributor price list,1,15
2024-09-01,20034,C3,92.561,83.6657,Lost quote,1,11
2024-10-01,20034,C3,88.9894,83.6657,Lost quote,1,25
2024-11-01,20034,C3,89.9571,83.6657,Marketplace scrape,0,35
2024-12-01,20034,C3,92.3387,86.9583,Marketplace scrape,1,1
2025-01-01,20034,C3,90.0315,86.9583,Distributor price list,1,41
2025-02-01,20034,C3,87.0008,86.9583,Field report,1,14
2025-03-01,20034,C3,81.4451,83.2212,Distributor price list,1,25
2025-04-01,20034,C3,83.9381,83.2212,Field report,1,5
2025-05-01,20034,C3,81.4524,83.2212,Distributor price list,1,14
2025-06-01,20034,C3,83.3364,84.9322,Distributor price list,1,21
2025-07-01,20034,C3,85.558,84.9322,Lost quote,1,16
2025-08-01,20034,C3,89.1824,84.9322,Field report,1,5
2025-09-01,20034,C3,94.2019,86.9242,Field report,1,27
2025-12-01,20034,C3,92.1197,84.0539,Distributor price list,1,7
2026-03-01,20034,C3,79.1907,77.1103,Distributor price list,1,35
2026-05-01,20034,C3,83.8146,77.1103,Field report,1,3
2026-06-01,20034,C3,89.8554,84.2948,Distributor price list,1,27
2023-07-01,20034,C4,84.8156,90.6746,Marketplace scrape,1,28
2023-09-01,20034,C4,86.4802,92.1832,Distributor price list,1,41
2023-10-01,20034,C4,85.2887,92.1832,Lost quote,1,16
2024-03-01,20034,C4,74.9314,86.1554,Lost quote,1,3
2024-04-01,20034,C4,75.5441,86.1554,Marketplace scrape,1,43
2024-05-01,20034,C4,70.5752,86.1554,Distributor price list,1,41
2024-06-01,20034,C4,73.0836,86.7314,Field report,0,28
2024-08-01,20034,C4,74.7392,86.7314,Distributor price list,1,8
2024-09-01,20034,C4,70.2753,83.6657,Marketplace scrape,1,36
2024-10-01,20034,C4,71.4486,83.6657,Field report,1,28
2024-12-01,20034,C4,74.6817,86.9583,Field report,1,17
2025-01-01,20034,C4,73.3278,86.9583,Lost quote,1,26
2025-03-01,20034,C4,67.0423,83.2212,Distributor price list,1,26
2025-04-01,20034,C4,68.8168,83.2212,Lost quote,1,39
2025-05-01,20034,C4,67.3117,83.2212,Marketplace scrape,1,2
2025-07-01,20034,C4,72.1966,84.9322,Marketplace scrape,1,6
2025-11-01,20034,C4,77.1969,86.9242,Field report,1,39
2025-12-01,20034,C4,75.6932,84.0539,Lost quote,1,22
2026-02-01,20034,C4,78.2192,84.0539,Marketplace scrape,1,16
2026-03-01,20034,C4,72.0758,77.1103,Lost quote,1,25
2026-05-01,20034,C4,69.5608,77.1103,Distributor price list,0,35
2026-06-01,20034,C4,77.5724,84.2948,Lost quote,1,23
2023-07-01,20035,C1,44.9921,43.9566,Field report,1,14
2023-08-01,20035,C1,44.1519,43.9566,Distributor price list,1,29
2023-10-01,20035,C1,46.7596,47.1777,Marketplace scrape,1,41
2023-11-01,20035,C1,46.7308,47.1777,Field report,1,11
2024-03-01,20035,C1,48.7518,47.8224,Lost quote,0,43
2024-05-01,20035,C1,50.4177,50.9024,Distributor price list,1,29
2024-08-01,20035,C1,49.6736,50.8767,Lost quote,1,22
2024-09-01,20035,C1,50.304,50.8767,Field report,1,16
2024-10-01,20035,C1,50.2787,51.258,Field report,1,43
2024-11-01,20035,C1,51.2912,51.258,Distributor price list,1,40
2024-12-01,20035,C1,49.2747,51.258,Lost quote,1,32
2025-02-01,20035,C1,51.4963,53.6598,Lost quote,1,45
2025-03-01,20035,C1,51.7739,53.6598,Field report,1,28
2025-04-01,20035,C1,48.464,51.1432,Lost quote,1,9
2025-05-01,20035,C1,48.773,51.1432,Marketplace scrape,1,16
2025-06-01,20035,C1,48.8945,51.1432,Distributor price list,1,1
2025-09-01,20035,C1,44.1475,47.5478,Field report,0,43
2025-10-01,20035,C1,44.7274,47.0606,Distributor price list,1,2
2025-11-01,20035,C1,43.127,47.0606,Marketplace scrape,1,41
2026-01-01,20035,C1,40.9859,46.5308,Marketplace scrape,1,28
2026-02-01,20035,C1,42.5426,46.5308,Field report,1,31
2026-04-01,20035,C1,40.6737,47.4569,Distributor price list,1,29
2023-07-01,20035,C2,42.3115,43.9566,Field report,1,33
2023-09-01,20035,C2,39.8023,43.9566,Distributor price list,1,41
2023-10-01,20035,C2,43.4427,47.1777,Distributor price list,1,26
2023-12-01,20035,C2,41.6379,47.1777,Marketplace scrape,1,18
2024-02-01,20035,C2,41.5784,47.8224,Distributor price list,1,12
2024-03-01,20035,C2,40.7275,47.8224,Distributor price list,0,5
2024-04-01,20035,C2,43.2129,50.9024,Marketplace scrape,1,21
2024-05-01,20035,C2,44.1258,50.9024,Lost quote,0,8
2024-09-01,20035,C2,44.3584,50.8767,Distributor price list,0,30
2024-12-01,20035,C2,42.7208,51.258,Lost quote,0,5
2025-01-01,20035,C2,45.0347,53.6598,Field report,1,10
2025-02-01,20035,C2,44.3663,53.6598,Distributor price list,1,21
2025-03-01,20035,C2,45.6453,53.6598,Lost quote,1,21
2025-05-01,20035,C2,45.0217,51.1432,Field report,1,21
2025-07-01,20035,C2,41.3427,47.5478,Field report,1,22
2025-08-01,20035,C2,42.1127,47.5478,Distributor price list,1,36
2025-09-01,20035,C2,40.8836,47.5478,Distributor price list,1,36
2025-10-01,20035,C2,39.7573,47.0606,Distributor price list,1,7
2025-12-01,20035,C2,40.8064,47.0606,Distributor price list,0,4
2026-01-01,20035,C2,38.3454,46.5308,Distributor price list,1,5
2026-02-01,20035,C2,37.8143,46.5308,Field report,1,17
2026-03-01,20035,C2,37.8273,46.5308,Marketplace scrape,1,25
2026-05-01,20035,C2,39.4052,47.4569,Marketplace scrape,1,45
2023-07-01,20035,C4,42.171,43.9566,Distributor price list,1,7
2023-08-01,20035,C4,45.3751,43.9566,Field report,1,38
2023-11-01,20035,C4,45.9562,47.1777,Field report,1,29
2023-12-01,20035,C4,44.7099,47.1777,Distributor price list,1,24
2024-02-01,20035,C4,44.6445,47.8224,Marketplace scrape,1,42
2024-05-01,20035,C4,51.0688,50.9024,Marketplace scrape,1,1
2024-07-01,20035,C4,54.7465,50.8767,Field report,1,27
2024-08-01,20035,C4,52.9877,50.8767,Marketplace scrape,1,12
2024-09-01,20035,C4,53.5141,50.8767,Distributor price list,1,11
2024-11-01,20035,C4,54.8386,51.258,Lost quote,1,8
2025-02-01,20035,C4,54.3295,53.6598,Field report,1,12
2025-03-01,20035,C4,55.0938,53.6598,Field report,1,4
2025-07-01,20035,C4,48.2332,47.5478,Field report,1,18
2025-09-01,20035,C4,47.3258,47.5478,Field report,1,33
2025-10-01,20035,C4,48.5864,47.0606,Lost quote,1,27
2025-11-01,20035,C4,47.3512,47.0606,Lost quote,1,40
2026-02-01,20035,C4,49.5126,46.5308,Lost quote,0,11
2026-03-01,20035,C4,48.9984,46.5308,Marketplace scrape,1,22
2026-05-01,20035,C4,48.6195,47.4569,Distributor price list,1,38
2026-06-01,20035,C4,48.9157,47.4569,Field report,1,24
2023-10-01,20036,C1,11.4838,11.8384,Field report,1,34
2023-11-01,20036,C1,12.0024,11.8384,Field report,1,40
2023-12-01,20036,C1,12.0327,12.051,Field report,1,37
2024-01-01,20036,C1,12.0426,12.051,Marketplace scrape,1,26
2024-03-01,20036,C1,12.8061,11.5437,Distributor price list,1,41
2024-05-01,20036,C1,12.0774,11.5437,Field report,1,16
2024-08-01,20036,C1,13.147,12.5216,Field report,1,15
2024-10-01,20036,C1,13.7552,12.482,Marketplace scrape,1,2
2024-11-01,20036,C1,13.9705,12.482,Marketplace scrape,1,41
2025-01-01,20036,C1,13.2617,12.3455,Distributor price list,1,34
2025-02-01,20036,C1,12.6839,12.3455,Lost quote,1,40
2025-03-01,20036,C1,11.7559,11.4955,Marketplace scrape,1,26
2025-05-01,20036,C1,11.8514,11.4955,Distributor price list,1,20
2025-06-01,20036,C1,12.144,11.8895,Field report,1,13
2025-07-01,20036,C1,12.0491,11.8895,Marketplace scrape,1,18
2025-08-01,20036,C1,12.0205,11.8895,Lost quote,1,35
2025-10-01,20036,C1,14.036,13.0388,Marketplace scrape,1,31
2025-11-01,20036,C1,13.7083,13.0388,Distributor price list,1,7
2025-12-01,20036,C1,13.2784,12.7493,Field report,1,35
2026-02-01,20036,C1,13.3522,12.7493,Field report,1,34
2026-05-01,20036,C1,12.6764,11.7053,Lost quote,1,15
2023-07-01,20037,C1,44.4797,41.552,Field report,1,31
2023-08-01,20037,C1,47.38,41.552,Lost quote,1,43
2023-09-01,20037,C1,45.402,40.4275,Marketplace scrape,1,16
2023-10-01,20037,C1,45.3116,40.4275,Field report,1,14
2023-11-01,20037,C1,46.0187,40.4275,Field report,1,22
2023-12-01,20037,C1,48.4904,44.2635,Field report,1,34
2024-01-01,20037,C1,50.9027,44.2635,Lost quote,0,3
2024-02-01,20037,C1,50.4995,44.2635,Lost quote,1,37
2024-03-01,20037,C1,44.6798,41.1952,Lost quote,1,45
2024-04-01,20037,C1,43.9361,41.1952,Marketplace scrape,1,41
2024-05-01,20037,C1,43.2818,41.1952,Marketplace scrape,1,20
2024-08-01,20037,C1,41.5786,38.4399,Lost quote,1,44
2024-11-01,20037,C1,38.2681,35.1635,Marketplace scrape,1,30
2025-01-01,20037,C1,38.2478,34.792,Marketplace scrape,1,27
2025-07-01,20037,C1,35.2787,32.423,Distributor price list,1,26
2025-09-01,20037,C1,38.438,33.3862,Distributor price list,1,36
2025-11-01,20037,C1,38.6959,33.3862,Marketplace scrape,1,14
2026-01-01,20037,C1,39.4254,33.124,Lost quote,1,8
2026-02-01,20037,C1,38.7744,33.124,Field report,1,15
2026-03-01,20037,C1,41.1099,33.4874,Lost quote,1,16
2026-04-01,20037,C1,41.8896,33.4874,Marketplace scrape,1,20
2026-06-01,20037,C1,39.3662,32.366,Field report,1,24
2023-07-01,20037,C2,43.4084,41.552,Distributor price list,1,10
2023-09-01,20037,C2,40.8595,40.4275,Field report,1,36
2023-12-01,20037,C2,47.2836,44.2635,Lost quote,1,20
2024-01-01,20037,C2,45.8603,44.2635,Field report,1,32
2024-02-01,20037,C2,46.9542,44.2635,Marketplace scrape,1,22
2024-03-01,20037,C2,41.2927,41.1952,Marketplace scrape,1,32
2024-04-01,20037,C2,42.2272,41.1952,Distributor price list,1,8
2024-05-01,20037,C2,41.66,41.1952,Distributor price list,1,18
2024-06-01,20037,C2,39.4251,38.4399,Distributor price list,0,40
2024-08-01,20037,C2,40.2895,38.4399,Marketplace scrape,1,44
2024-11-01,20037,C2,34.5894,35.1635,Marketplace scrape,1,12
2024-12-01,20037,C2,36.138,34.792,Distributor price list,1,17
2025-01-01,20037,C2,36.4077,34.792,Distributor price list,1,41
2025-02-01,20037,C2,36.1462,34.792,Field report,1,23
2025-03-01,20037,C2,32.7963,32.2271,Marketplace scrape,1,12
2025-04-01,20037,C2,33.4782,32.2271,Marketplace scrape,1,4
2025-05-01,20037,C2,32.8823,32.2271,Lost quote,1,18
2025-06-01,20037,C2,32.1385,32.423,Marketplace scrape,1,12
2025-07-01,20037,C2,33.6969,32.423,Field report,1,14
2025-08-01,20037,C2,35.0656,32.423,Distributor price list,1,26
2026-01-01,20037,C2,33.424,33.124,Distributor price list,1,2
2026-04-01,20037,C2,31.1056,33.4874,Distributor price list,1,1
2026-05-01,20037,C2,29.4506,33.4874,Lost quote,1,7
2026-06-01,20037,C2,29.4287,32.366,Lost quote,1,42
2023-08-01,20037,C3,54.1721,41.552,Lost quote,1,38
2023-09-01,20037,C3,51.7051,40.4275,Lost quote,1,6
2023-10-01,20037,C3,54.1764,40.4275,Lost quote,1,29
2024-01-01,20037,C3,60.2208,44.2635,Marketplace scrape,1,36
2024-02-01,20037,C3,58.4982,44.2635,Marketplace scrape,1,37
2024-03-01,20037,C3,56.1215,41.1952,Lost quote,1,34
2024-04-01,20037,C3,54.9145,41.1952,Lost quote,1,14
2024-05-01,20037,C3,56.8666,41.1952,Marketplace scrape,1,15
2024-06-01,20037,C3,53.4622,38.4399,Marketplace scrape,1,25
2024-10-01,20037,C3,48.1039,35.1635,Field report,1,25
2025-01-01,20037,C3,45.4249,34.792,Marketplace scrape,1,36
2025-02-01,20037,C3,47.0248,34.792,Lost quote,0,30
2025-03-01,20037,C3,43.4019,32.2271,Distributor price list,1,25
2025-04-01,20037,C3,41.3097,32.2271,Lost quote,1,5
2025-05-01,20037,C3,41.3324,32.2271,Lost quote,1,13
2025-09-01,20037,C3,44.5654,33.3862,Distributor price list,1,9
2025-11-01,20037,C3,43.5761,33.3862,Marketplace scrape,1,5
2025-12-01,20037,C3,42.1897,33.124,Field report,1,6
2026-01-01,20037,C3,43.0324,33.124,Marketplace scrape,1,38
2026-02-01,20037,C3,43.0636,33.124,Marketplace scrape,1,40
2026-03-01,20037,C3,45.3659,33.4874,Distributor price list,1,8
2026-04-01,20037,C3,44.3902,33.4874,Marketplace scrape,1,32
2026-05-01,20037,C3,43.4962,33.4874,Field report,1,42
2026-06-01,20037,C3,43.0518,32.366,Distributor price list,0,5
2023-08-01,20037,C4,45.4884,41.552,Field report,1,9
2023-09-01,20037,C4,43.2327,40.4275,Distributor price list,1,12
2023-10-01,20037,C4,43.4657,40.4275,Marketplace scrape,1,29
2023-11-01,20037,C4,45.1607,40.4275,Field report,1,36
2023-12-01,20037,C4,48.3846,44.2635,Lost quote,1,2
2024-02-01,20037,C4,46.4482,44.2635,Marketplace scrape,1,15
2024-03-01,20037,C4,43.7799,41.1952,Marketplace scrape,1,23
2024-04-01,20037,C4,43.9405,41.1952,Field report,1,3
2024-06-01,20037,C4,39.191,38.4399,Distributor price list,1,4
2024-08-01,20037,C4,39.4447,38.4399,Marketplace scrape,1,21
2024-11-01,20037,C4,35.1134,35.1635,Lost quote,1,4
2025-02-01,20037,C4,35.2389,34.792,Lost quote,1,6
2025-03-01,20037,C4,32.2747,32.2271,Field report,1,36
2025-05-01,20037,C4,31.7596,32.2271,Marketplace scrape,1,13
2025-09-01,20037,C4,33.955,33.3862,Distributor price list,0,33
2025-11-01,20037,C4,33.8196,33.3862,Field report,1,14
2026-01-01,20037,C4,31.7873,33.124,Field report,1,8
2026-02-01,20037,C4,30.8148,33.124,Field report,1,1
2026-03-01,20037,C4,30.7392,33.4874,Field report,1,29
2026-04-01,20037,C4,30.3058,33.4874,Distributor price list,1,39
2023-07-01,20038,C4,63.2673,71.1681,Lost quote,1,9
2023-08-01,20038,C4,62.5771,71.1681,Field report,1,2
2023-09-01,20038,C4,61.3166,71.1681,Distributor price list,1,4
2024-02-01,20038,C4,65.5114,72.6578,Marketplace scrape,0,35
2024-03-01,20038,C4,67.6406,72.6578,Lost quote,1,26
2024-04-01,20038,C4,69.4105,77.3495,Marketplace scrape,1,43
2024-05-01,20038,C4,68.8517,77.3495,Lost quote,1,43
2024-07-01,20038,C4,77.5834,86.087,Field report,1,32
2024-08-01,20038,C4,75.9119,86.087,Lost quote,1,5
2024-10-01,20038,C4,67.2882,74.6369,Lost quote,1,41
2024-11-01,20038,C4,67.5141,74.6369,Distributor price list,1,36
2025-03-01,20038,C4,73.371,80.1285,Distributor price list,1,42
2025-04-01,20038,C4,77.0697,84.4282,Marketplace scrape,1,22
2025-05-01,20038,C4,73.4708,84.4282,Field report,1,27
2025-07-01,20038,C4,67.6948,77.9956,Distributor price list,1,15
2025-08-01,20038,C4,69.6614,77.9956,Lost quote,1,11
2025-11-01,20038,C4,64.8918,74.055,Field report,0,9
2026-04-01,20038,C4,66.4024,69.0054,Marketplace scrape,1,41
2026-05-01,20038,C4,63.3975,69.0054,Marketplace scrape,1,6
2023-08-01,20040,C1,49.873,46.3858,Distributor price list,1,5
2023-10-01,20040,C1,46.1761,44.178,Lost quote,1,3
2023-11-01,20040,C1,44.8772,44.178,Field report,0,33
2024-01-01,20040,C1,45.5573,44.8082,Lost quote,1,17
2024-02-01,20040,C1,45.9913,44.8082,Lost quote,1,4
2024-03-01,20040,C1,45.4481,44.8082,Lost quote,1,7
2024-04-01,20040,C1,50.217,50.1799,Marketplace scrape,1,43
2024-05-01,20040,C1,49.438,50.1799,Marketplace scrape,1,20
2024-06-01,20040,C1,52.4711,50.1799,Lost quote,0,1
2024-09-01,20040,C1,55.1424,51.2163,Marketplace scrape,1,43
2024-10-01,20040,C1,56.4181,53.5119,Marketplace scrape,1,16
2024-12-01,20040,C1,58.0915,53.5119,Field report,1,8
2025-02-01,20040,C1,53.8247,50.0001,Distributor price list,0,40
2025-03-01,20040,C1,51.4454,50.0001,Field report,1,33
2025-04-01,20040,C1,55.7708,53.4029,Lost quote,1,35
2025-07-01,20040,C1,55.5716,54.9154,Distributor price list,1,27
2025-11-01,20040,C1,55.0268,51.1999,Marketplace scrape,1,15
2026-01-01,20040,C1,55.2456,49.907,Lost quote,1,27
2026-02-01,20040,C1,54.5686,49.907,Marketplace scrape,1,20
2026-04-01,20040,C1,57.4079,53.914,Lost quote,1,33
2026-05-01,20040,C1,55.3587,53.914,Distributor price list,1,5
2026-06-01,20040,C1,53.7015,53.914,Distributor price list,1,30
2023-08-01,20040,C2,45.4166,46.3858,Lost quote,1,44
2023-10-01,20040,C2,44.4699,44.178,Lost quote,1,28
2023-12-01,20040,C2,45.0788,44.178,Field report,1,1
2024-03-01,20040,C2,44.059,44.8082,Lost quote,1,32
2024-06-01,20040,C2,52.4117,50.1799,Field report,1,30
2024-07-01,20040,C2,54.494,51.2163,Lost quote,0,37
2024-08-01,20040,C2,54.9189,51.2163,Distributor price list,1,14
2024-10-01,20040,C2,56.9653,53.5119,Field report,1,11
2024-11-01,20040,C2,56.6328,53.5119,Lost quote,1,22
2024-12-01,20040,C2,59.1638,53.5119,Marketplace scrape,1,25
2025-02-01,20040,C2,53.5264,50.0001,Lost quote,1,40
2025-03-01,20040,C2,53.9632,50.0001,Lost quote,1,11
2025-04-01,20040,C2,57.6991,53.4029,Distributor price list,1,4
2025-05-01,20040,C2,56.8092,53.4029,Field report,0,32
2025-06-01,20040,C2,56.9621,53.4029,Field report,1,23
2025-07-01,20040,C2,56.0143,54.9154,Distributor price list,1,7
2025-09-01,20040,C2,58.6113,54.9154,Field report,1,11
2025-10-01,20040,C2,51.5124,51.1999,Lost quote,1,12
2026-01-01,20040,C2,48.8413,49.907,Lost quote,1,10
2026-03-01,20040,C2,47.8735,49.907,Marketplace scrape,0,35
2026-04-01,20040,C2,54.4063,53.914,Field report,1,26
2023-07-01,20040,C4,52.0154,46.3858,Marketplace scrape,1,19
2023-09-01,20040,C4,50.21,46.3858,Lost quote,0,28
2023-10-01,20040,C4,48.6441,44.178,Distributor price list,1,24
2023-11-01,20040,C4,47.3914,44.178,Field report,1,23
2024-01-01,20040,C4,49.0025,44.8082,Lost quote,1,16
2024-02-01,20040,C4,49.8217,44.8082,Distributor price list,1,10
2024-03-01,20040,C4,49.973,44.8082,Lost quote,1,14
2024-04-01,20040,C4,56.9278,50.1799,Lost quote,0,44
2024-05-01,20040,C4,55.8762,50.1799,Marketplace scrape,1,1
2024-06-01,20040,C4,53.7583,50.1799,Field report,1,36
2024-07-01,20040,C4,56.733,51.2163,Field report,0,21
2024-08-01,20040,C4,58.2386,51.2163,Marketplace scrape,1,17
2024-09-01,20040,C4,58.3841,51.2163,Lost quote,1,1
2024-11-01,20040,C4,59.673,53.5119,Field report,1,2
2025-01-01,20040,C4,54.7104,50.0001,Distributor price list,1,5
2025-03-01,20040,C4,51.8413,50.0001,Lost quote,1,3
2025-05-01,20040,C4,55.4957,53.4029,Field report,1,16
2025-06-01,20040,C4,56.3013,53.4029,Marketplace scrape,1,29
2025-08-01,20040,C4,56.7013,54.9154,Field report,1,4
2025-09-01,20040,C4,58.1657,54.9154,Field report,1,40
2025-10-01,20040,C4,52.1541,51.1999,Field report,0,29
2026-03-01,20040,C4,51.5232,49.907,Marketplace scrape,1,38
2026-04-01,20040,C4,54.2078,53.914,Field report,0,33
2026-06-01,20040,C4,54.6947,53.914,Field report,1,4
2023-07-01,20041,C1,45.2995,42.6395,Lost quote,1,17
2023-08-01,20041,C1,46.6584,42.6395,Distributor price list,1,20
2023-09-01,20041,C1,46.152,42.1252,Distributor price list,1,45
2023-10-01,20041,C1,44.2753,42.1252,Distributor price list,1,42
2023-11-01,20041,C1,44.1221,42.1252,Field report,1,14
2023-12-01,20041,C1,43.0607,41.5821,Marketplace scrape,1,4
2024-01-01,20041,C1,41.6918,41.5821,Field report,1,28
2024-02-01,20041,C1,42.1006,41.5821,Marketplace scrape,1,10
2024-03-01,20041,C1,41.8003,40.9799,Distributor price list,1,21
2024-04-01,20041,C1,43.3619,40.9799,Distributor price list,0,33
2024-05-01,20041,C1,40.7868,40.9799,Distributor price list,1,22
2024-06-01,20041,C1,40.8772,40.5383,Field report,1,41
2024-08-01,20041,C1,41.0837,40.5383,Field report,1,20
2024-09-01,20041,C1,35.4871,35.7843,Field report,1,1
2024-10-01,20041,C1,36.6736,35.7843,Lost quote,1,2
2024-11-01,20041,C1,35.8314,35.7843,Field report,1,43
2024-12-01,20041,C1,35.3863,34.6954,Field report,1,13
2025-01-01,20041,C1,36.4859,34.6954,Marketplace scrape,1,16
2025-02-01,20041,C1,37.0045,34.6954,Field report,0,11
2025-03-01,20041,C1,38.2959,34.6274,Marketplace scrape,1,33
2025-04-01,20041,C1,38.5479,34.6274,Lost quote,1,42
2025-05-01,20041,C1,37.9976,34.6274,Field report,1,27
2025-06-01,20041,C1,36.1089,34.5477,Field report,0,2
2025-07-01,20041,C1,37.2105,34.5477,Marketplace scrape,1,6
2025-09-01,20041,C1,38.8154,34.1983,Lost quote,1,17
2026-01-01,20041,C1,46.3322,39.3449,Distributor price list,1,25
2026-02-01,20041,C1,47.9287,39.3449,Field report,0,9
2026-03-01,20041,C1,53.9345,43.4232,Lost quote,1,26
2023-07-01,20041,C4,43.091,42.6395,Marketplace scrape,1,19
2023-12-01,20041,C4,40.4019,41.5821,Lost quote,1,29
2024-02-01,20041,C4,37.42,41.5821,Distributor price list,1,27
2024-03-01,20041,C4,37.0193,40.9799,Lost quote,1,41
2024-06-01,20041,C4,37.2827,40.5383,Distributor price list,1,13
2024-08-01,20041,C4,38.0703,40.5383,Distributor price list,0,14
2024-09-01,20041,C4,33.3134,35.7843,Field report,1,1
2024-10-01,20041,C4,33.4108,35.7843,Field report,1,3
2024-11-01,20041,C4,34.0831,35.7843,Field report,0,21
2024-12-01,20041,C4,32.4091,34.6954,Field report,1,10
2025-01-01,20041,C4,33.1859,34.6954,Marketplace scrape,1,18
2025-02-01,20041,C4,32.4523,34.6954,Marketplace scrape,1,18
2025-03-01,20041,C4,33.1512,34.6274,Field report,1,41
2025-04-01,20041,C4,32.3132,34.6274,Lost quote,1,34
2025-05-01,20041,C4,32.4328,34.6274,Distributor price list,1,13
2025-07-01,20041,C4,31.55,34.5477,Marketplace scrape,0,42
2025-08-01,20041,C4,30.6263,34.5477,Field report,1,43
2025-09-01,20041,C4,30.1362,34.1983,Distributor price list,1,22
2026-01-01,20041,C4,35.2818,39.3449,Distributor price list,1,25
2026-03-01,20041,C4,36.5524,43.4232,Marketplace scrape,1,15
2026-04-01,20041,C4,37.5744,43.4232,Marketplace scrape,1,11
2026-05-01,20041,C4,36.0781,43.4232,Field report,1,41
2026-06-01,20041,C4,32.89,39.6878,Field report,1,14
2023-07-01,20041,C5,54.1224,42.6395,Field report,1,44
2023-08-01,20041,C5,55.0469,42.6395,Field report,1,26
2023-09-01,20041,C5,52.0876,42.1252,Distributor price list,1,11
2023-10-01,20041,C5,53.758,42.1252,Lost quote,1,3
2023-11-01,20041,C5,53.4114,42.1252,Field report,1,8
2024-02-01,20041,C5,53.5979,41.5821,Lost quote,1,45
2024-04-01,20041,C5,54.9122,40.9799,Marketplace scrape,0,18
2024-05-01,20041,C5,53.5926,40.9799,Marketplace scrape,1,22
2024-06-01,20041,C5,53.0225,40.5383,Distributor price list,1,39
2024-07-01,20041,C5,52.4832,40.5383,Marketplace scrape,1,29
2024-08-01,20041,C5,52.778,40.5383,Distributor price list,1,28
2024-09-01,20041,C5,43.6334,35.7843,Lost quote,0,40
2024-10-01,20041,C5,44.8142,35.7843,Marketplace scrape,1,27
2024-11-01,20041,C5,44.4952,35.7843,Field report,1,9
2025-01-01,20041,C5,41.4163,34.6954,Marketplace scrape,1,14
2025-02-01,20041,C5,40.6521,34.6954,Lost quote,1,33
2025-05-01,20041,C5,39.6289,34.6274,Marketplace scrape,1,43
2025-07-01,20041,C5,37.4105,34.5477,Marketplace scrape,1,4
2025-08-01,20041,C5,39.1734,34.5477,Lost quote,1,30
2025-09-01,20041,C5,36.9105,34.1983,Distributor price list,1,24
2025-10-01,20041,C5,36.3365,34.1983,Distributor price list,1,6
2025-11-01,20041,C5,38.3746,34.1983,Lost quote,1,37
2025-12-01,20041,C5,43.8459,39.3449,Marketplace scrape,1,25
2026-01-01,20041,C5,44.7578,39.3449,Marketplace scrape,1,25
2026-02-01,20041,C5,45.0985,39.3449,Distributor price list,1,23
2026-03-01,20041,C5,49.5844,43.4232,Field report,0,32
2026-04-01,20041,C5,49.0125,43.4232,Distributor price list,1,19
2026-05-01,20041,C5,51.764,43.4232,Marketplace scrape,1,24
2026-06-01,20041,C5,47.3716,39.6878,Lost quote,1,35
2023-07-01,20042,C1,103.9425,96.9355,Field report,1,15
2023-08-01,20042,C1,101.0735,94.7461,Marketplace scrape,1,7
2023-10-01,20042,C1,107.0972,94.7461,Lost quote,1,24
2023-11-01,20042,C1,103.9761,92.962,Field report,1,35
2023-12-01,20042,C1,102.956,92.962,Distributor price list,1,37
2024-02-01,20042,C1,97.7079,88.6712,Field report,1,43
2024-03-01,20042,C1,99.1958,88.6712,Distributor price list,0,7
2024-04-01,20042,C1,98.7289,88.6712,Distributor price list,1,4
2024-10-01,20042,C1,98.3292,90.6015,Field report,1,41
2024-11-01,20042,C1,101.232,92.0332,Distributor price list,1,2
2024-12-01,20042,C1,102.263,92.0332,Marketplace scrape,0,25
2025-01-01,20042,C1,107.9461,92.0332,Field report,1,21
2025-02-01,20042,C1,101.5044,92.1693,Distributor price list,1,18
2025-03-01,20042,C1,104.4493,92.1693,Field report,1,37
2025-04-01,20042,C1,103.2619,92.1693,Distributor price list,1,29
2025-07-01,20042,C1,105.6141,91.5658,Field report,1,44
2025-08-01,20042,C1,105.0239,94.2568,Lost quote,1,42
2025-09-01,20042,C1,106.1904,94.2568,Distributor price list,1,20
2025-10-01,20042,C1,112.9379,94.2568,Marketplace scrape,1,35
2025-12-01,20042,C1,106.3863,91.9727,Distributor price list,1,29
2026-02-01,20042,C1,97.8248,81.4955,Distributor price list,1,11
2026-03-01,20042,C1,96.2132,81.4955,Distributor price list,1,30
2026-05-01,20042,C1,90.0572,73.1111,Distributor price list,1,22
2026-06-01,20042,C1,88.4203,73.1111,Field report,1,14
2023-07-01,20042,C2,98.8511,96.9355,Distributor price list,1,31
2023-10-01,20042,C2,99.761,94.7461,Lost quote,1,4
2023-11-01,20042,C2,92.2785,92.962,Field report,1,35
2023-12-01,20042,C2,95.525,92.962,Lost quote,1,3
2024-01-01,20042,C2,98.2372,92.962,Marketplace scrape,1,23
2024-02-01,20042,C2,90.9665,88.6712,Lost quote,1,1
2024-04-01,20042,C2,94.6131,88.6712,Lost quote,1,3
2024-07-01,20042,C2,101.9981,87.2302,Lost quote,0,23
2024-10-01,20042,C2,101.7209,90.6015,Marketplace scrape,1,1
2024-11-01,20042,C2,103.1005,92.0332,Distributor price list,1,11
2024-12-01,20042,C2,106.7206,92.0332,Distributor price list,0,8
2025-01-01,20042,C2,101.1388,92.0332,Lost quote,1,30
2025-02-01,20042,C2,100.3432,92.1693,Field report,1,42
2025-04-01,20042,C2,98.3913,92.1693,Distributor price list,1,34
2025-06-01,20042,C2,100.503,91.5658,Distributor price list,1,4
2025-08-01,20042,C2,98.7338,94.2568,Lost quote,1,5
2025-10-01,20042,C2,94.9063,94.2568,Field report,1,30
2025-12-01,20042,C2,95.4739,91.9727,Lost quote,1,13
2026-01-01,20042,C2,93.5697,91.9727,Lost quote,1,31
2026-03-01,20042,C2,87.3302,81.4955,Lost quote,1,20
2026-05-01,20042,C2,79.6162,73.1111,Distributor price list,0,2
2026-06-01,20042,C2,78.661,73.1111,Distributor price list,1,35
2023-08-01,20042,C3,113.0702,94.7461,Distributor price list,1,11
2023-12-01,20042,C3,119.9853,92.962,Distributor price list,0,5
2024-01-01,20042,C3,121.2107,92.962,Lost quote,1,25
2024-02-01,20042,C3,113.5116,88.6712,Lost quote,1,30
2024-03-01,20042,C3,111.5088,88.6712,Marketplace scrape,1,43
2024-05-01,20042,C3,105.9015,87.2302,Lost quote,1,41
2024-06-01,20042,C3,106.4509,87.2302,Lost quote,1,15
2024-07-01,20042,C3,106.217,87.2302,Field report,1,32
2024-08-01,20042,C3,107.4278,90.6015,Field report,1,3
2024-09-01,20042,C3,117.8591,90.6015,Field report,0,40
2024-12-01,20042,C3,117.3097,92.0332,Field report,1,19
2025-04-01,20042,C3,118.887,92.1693,Lost quote,1,9
2025-06-01,20042,C3,123.0949,91.5658,Lost quote,1,44
2025-07-01,20042,C3,123.1933,91.5658,Field report,1,25
2025-08-01,20042,C3,118.3705,94.2568,Field report,1,8
2025-09-01,20042,C3,120.8852,94.2568,Field report,1,20
2025-10-01,20042,C3,128.0451,94.2568,Distributor price list,1,19
2026-01-01,20042,C3,124.2411,91.9727,Field report,1,5
2026-02-01,20042,C3,109.0829,81.4955,Lost quote,1,5
2026-04-01,20042,C3,114.4156,81.4955,Lost quote,1,33
2026-06-01,20042,C3,102.7051,73.1111,Distributor price list,1,30
2023-08-01,20042,C4,103.0925,94.7461,Lost quote,1,18
2023-09-01,20042,C4,106.3333,94.7461,Marketplace scrape,1,2
2023-10-01,20042,C4,103.6684,94.7461,Lost quote,0,11
2023-11-01,20042,C4,104.7087,92.962,Lost quote,1,18
2024-03-01,20042,C4,95.2083,88.6712,Marketplace scrape,1,8
2024-06-01,20042,C4,99.3108,87.2302,Marketplace scrape,1,42
2024-07-01,20042,C4,95.5904,87.2302,Lost quote,1,34
2024-08-01,20042,C4,101.8572,90.6015,Field report,1,45
2024-10-01,20042,C4,98.8209,90.6015,Field report,1,21
2024-11-01,20042,C4,100.7952,92.0332,Distributor price list,1,39
2024-12-01,20042,C4,96.9824,92.0332,Lost quote,0,26
2025-01-01,20042,C4,100.1949,92.0332,Lost quote,1,17
2025-03-01,20042,C4,95.9429,92.1693,Distributor price list,1,29
2025-04-01,20042,C4,95.595,92.1693,Distributor price list,1,44
2025-05-01,20042,C4,100.0686,91.5658,Field report,1,4
2025-07-01,20042,C4,96.1707,91.5658,Lost quote,1,38
2025-09-01,20042,C4,100.9769,94.2568,Marketplace scrape,1,40
2025-11-01,20042,C4,95.5193,91.9727,Distributor price list,1,18
2026-02-01,20042,C4,81.2452,81.4955,Marketplace scrape,1,9
2026-03-01,20042,C4,84.8805,81.4955,Marketplace scrape,1,23
2026-04-01,20042,C4,80.5713,81.4955,Field report,1,41
2026-05-01,20042,C4,73.9239,73.1111,Distributor price list,1,26
2023-09-01,20043,C1,41.9324,42.4398,Field report,1,25
2023-10-01,20043,C1,38.7324,42.6981,Marketplace scrape,1,40
2023-11-01,20043,C1,38.4879,42.6981,Lost quote,1,29
2023-12-01,20043,C1,39.7017,42.6981,Marketplace scrape,1,39
2024-01-01,20043,C1,42.3059,43.3724,Distributor price list,1,40
2024-02-01,20043,C1,41.0713,43.3724,Lost quote,1,16
2024-04-01,20043,C1,39.5825,41.7342,Marketplace scrape,1,22
2024-05-01,20043,C1,35.93,41.7342,Distributor price list,1,8
2024-06-01,20043,C1,36.9267,41.7342,Distributor price list,1,39
2024-07-01,20043,C1,37.5657,42.3134,Marketplace scrape,1,44
2024-08-01,20043,C1,37.3675,42.3134,Marketplace scrape,0,2
2025-02-01,20043,C1,41.7055,44.0784,Marketplace scrape,1,16
2025-03-01,20043,C1,39.0617,44.0784,Field report,1,39
2025-05-01,20043,C1,36.4277,42.5158,Marketplace scrape,1,30
2025-06-01,20043,C1,36.6035,42.5158,Lost quote,1,18
2025-08-01,20043,C1,35.8798,44.1082,Lost quote,1,44
2025-10-01,20043,C1,36.4984,44.6361,Distributor price list,0,12
2025-11-01,20043,C1,36.5391,44.6361,Marketplace scrape,1,26
2025-12-01,20043,C1,35.1033,44.6361,Distributor price list,1,33
2026-03-01,20043,C1,32.9352,43.1049,Field report,1,28
2026-04-01,20043,C1,30.8917,39.5936,Marketplace scrape,1,41
2026-06-01,20043,C1,33.0087,39.5936,Field report,1,10
2023-07-01,20044,C1,14.5882,13.8684,Lost quote,1,5
2023-08-01,20044,C1,14.9714,14.2218,Lost quote,0,34
2023-09-01,20044,C1,14.5697,14.2218,Marketplace scrape,1,35
2023-10-01,20044,C1,14.1749,14.2218,Marketplace scrape,1,1
2023-11-01,20044,C1,13.3529,13.4397,Marketplace scrape,0,8
2023-12-01,20044,C1,13.1256,13.4397,Marketplace scrape,1,40
2024-01-01,20044,C1,13.0483,13.4397,Lost quote,1,34
2024-02-01,20044,C1,14.1478,13.9973,Field report,1,38
2024-04-01,20044,C1,14.6781,13.9973,Field report,1,8
2024-09-01,20044,C1,13.1153,13.5077,Field report,1,26
2024-12-01,20044,C1,13.964,14.1056,Marketplace scrape,1,45
2025-01-01,20044,C1,13.6163,14.1056,Marketplace scrape,1,13
2025-06-01,20044,C1,15.3712,15.6874,Distributor price list,1,1
2025-09-01,20044,C1,16.3447,17.0528,Marketplace scrape,1,16
2025-10-01,20044,C1,16.4226,17.0528,Lost quote,1,13
2025-11-01,20044,C1,15.7922,16.6536,Marketplace scrape,1,1
2025-12-01,20044,C1,15.1599,16.6536,Field report,1,22
2026-01-01,20044,C1,15.3393,16.6536,Distributor price list,1,28
2026-03-01,20044,C1,15.5762,17.1614,Field report,1,44
2026-04-01,20044,C1,15.7278,17.1614,Lost quote,1,21
2026-05-01,20044,C1,16.4787,17.2027,Lost quote,1,21
2023-07-01,20044,C2,13.9493,13.8684,Lost quote,1,19
2023-08-01,20044,C2,14.0526,14.2218,Lost quote,1,8
2023-09-01,20044,C2,13.4843,14.2218,Marketplace scrape,1,30
2023-11-01,20044,C2,12.7756,13.4397,Lost quote,1,14
2024-01-01,20044,C2,12.7973,13.4397,Distributor price list,1,8
2024-02-01,20044,C2,13.6538,13.9973,Field report,1,16
2024-03-01,20044,C2,13.1961,13.9973,Distributor price list,1,38
2024-04-01,20044,C2,13.0393,13.9973,Lost quote,1,22
2024-06-01,20044,C2,12.7226,13.861,Marketplace scrape,1,34
2024-07-01,20044,C2,13.3743,13.861,Distributor price list,1,39
2024-08-01,20044,C2,12.564,13.5077,Field report,1,38
2024-09-01,20044,C2,12.8247,13.5077,Marketplace scrape,1,23
2024-12-01,20044,C2,13.1214,14.1056,Field report,1,19
2025-04-01,20044,C2,13.5759,14.8666,Marketplace scrape,1,28
2025-06-01,20044,C2,15.4279,15.6874,Marketplace scrape,1,9
2025-07-01,20044,C2,14.7142,15.6874,Field report,1,23
2025-08-01,20044,C2,16.6376,17.0528,Marketplace scrape,1,2
2025-09-01,20044,C2,17.0752,17.0528,Marketplace scrape,1,40
2025-10-01,20044,C2,17.591,17.0528,Marketplace scrape,1,9
2025-11-01,20044,C2,16.4701,16.6536,Field report,1,18
2025-12-01,20044,C2,16.5699,16.6536,Marketplace scrape,1,40
2026-01-01,20044,C2,16.3095,16.6536,Field report,1,34
2026-05-01,20044,C2,16.4648,17.2027,Marketplace scrape,1,5
2023-07-01,20044,C4,15.1703,13.8684,Distributor price list,1,28
2023-08-01,20044,C4,14.7854,14.2218,Marketplace scrape,1,21
2023-09-01,20044,C4,15.3324,14.2218,Marketplace scrape,0,9
2023-10-01,20044,C4,15.4789,14.2218,Distributor price list,1,26
2023-11-01,20044,C4,15.1971,13.4397,Field report,1,19
2023-12-01,20044,C4,14.4983,13.4397,Marketplace scrape,1,45
2024-01-01,20044,C4,14.8215,13.4397,Marketplace scrape,1,31
2024-02-01,20044,C4,15.053,13.9973,Lost quote,1,24
2024-03-01,20044,C4,15.6751,13.9973,Marketplace scrape,1,8
2024-04-01,20044,C4,16.4593,13.9973,Field report,1,44
2024-05-01,20044,C4,15.8409,13.861,Lost quote,1,7
2024-07-01,20044,C4,15.6682,13.861,Marketplace scrape,1,10
2024-09-01,20044,C4,15.0564,13.5077,Lost quote,1,38
2024-10-01,20044,C4,15.4269,13.5077,Distributor price list,1,37
2024-11-01,20044,C4,15.8345,14.1056,Field report,1,35
2024-12-01,20044,C4,16.0515,14.1056,Field report,1,14
2025-05-01,20044,C4,17.8035,15.6874,Marketplace scrape,1,7
2025-06-01,20044,C4,17.6634,15.6874,Distributor price list,1,13
2025-07-01,20044,C4,18.243,15.6874,Lost quote,1,31
2025-09-01,20044,C4,19.0787,17.0528,Distributor price list,0,44
2025-10-01,20044,C4,18.8092,17.0528,Distributor price list,1,44
2025-11-01,20044,C4,19.531,16.6536,Lost quote,1,24
2026-01-01,20044,C4,20.616,16.6536,Marketplace scrape,1,2
2026-03-01,20044,C4,21.0603,17.1614,Marketplace scrape,1,39
2026-04-01,20044,C4,20.8501,17.1614,Lost quote,1,23
2026-05-01,20044,C4,20.6171,17.2027,Field report,1,11
2026-06-01,20044,C4,20.8948,17.2027,Lost quote,1,21
2023-08-01,20045,C1,21.0205,19.5017,Distributor price list,1,37
2023-09-01,20045,C1,21.973,20.5907,Distributor price list,1,27
2023-10-01,20045,C1,21.405,20.5907,Marketplace scrape,1,30
2023-12-01,20045,C1,19.2353,19.1885,Field report,1,39
2024-01-01,20045,C1,19.1384,19.1885,Field report,1,27
2024-02-01,20045,C1,18.9377,19.1885,Field report,1,5
2024-06-01,20045,C1,18.7301,18.4836,Lost quote,1,28
2024-07-01,20045,C1,18.4527,18.4836,Field report,1,10
2024-08-01,20045,C1,19.4095,18.4836,Lost quote,1,14
2024-09-01,20045,C1,20.5681,19.5173,Marketplace scrape,0,40
2024-10-01,20045,C1,21.7518,19.5173,Lost quote,1,4
2024-12-01,20045,C1,20.7377,19.6086,Lost quote,1,31
2025-01-01,20045,C1,20.8526,19.6086,Marketplace scrape,0,16
2025-02-01,20045,C1,21.9677,19.6086,Distributor price list,1,31
2025-03-01,20045,C1,20.5429,18.9802,Marketplace scrape,1,29
2025-04-01,20045,C1,20.8106,18.9802,Marketplace scrape,1,32
2025-05-01,20045,C1,21.1589,18.9802,Distributor price list,1,3
2025-09-01,20045,C1,23.3134,21.8086,Marketplace scrape,1,3
2025-10-01,20045,C1,23.9514,21.8086,Lost quote,1,45
2025-11-01,20045,C1,24.3143,21.8086,Lost quote,0,33
2025-12-01,20045,C1,22.0133,20.8726,Lost quote,1,18
2026-01-01,20045,C1,21.6022,20.8726,Marketplace scrape,1,30
2026-03-01,20045,C1,22.643,21.1076,Lost quote,1,28
2026-04-01,20045,C1,22.687,21.1076,Field report,1,32
2026-05-01,20045,C1,22.6284,21.1076,Field report,1,13
2026-06-01,20045,C1,22.3549,21.4193,Lost quote,1,23
2023-10-01,20045,C2,19.9815,20.5907,Distributor price list,1,32
2024-01-01,20045,C2,19.1667,19.1885,Marketplace scrape,1,39
2024-03-01,20045,C2,16.3581,16.6102,Marketplace scrape,1,17
2024-04-01,20045,C2,15.6543,16.6102,Lost quote,1,12
2024-07-01,20045,C2,18.1111,18.4836,Distributor price list,1,30
2024-08-01,20045,C2,17.109,18.4836,Distributor price list,1,13
2024-09-01,20045,C2,18.366,19.5173,Lost quote,1,45
2025-02-01,20045,C2,19.1062,19.6086,Marketplace scrape,1,31
2025-04-01,20045,C2,17.5321,18.9802,Field report,1,6
2025-06-01,20045,C2,18.7715,19.633,Distributor price list,1,32
2025-07-01,20045,C2,17.6565,19.633,Distributor price list,1,19
2025-11-01,20045,C2,20.5307,21.8086,Distributor price list,1,18
2025-12-01,20045,C2,20.2771,20.8726,Distributor price list,0,44
2026-01-01,20045,C2,19.4213,20.8726,Marketplace scrape,1,34
2026-02-01,20045,C2,19.784,20.8726,Field report,1,21
2026-04-01,20045,C2,18.4827,21.1076,Field report,1,23
2026-06-01,20045,C2,17.6608,21.4193,Lost quote,1,37
2023-08-01,20047,C1,21.7093,22.6924,Lost quote,1,8
2023-12-01,20047,C1,22.1549,22.672,Marketplace scrape,1,30
2024-03-01,20047,C1,20.2066,22.0725,Marketplace scrape,1,13
2024-04-01,20047,C1,19.9545,22.0725,Lost quote,1,22
2024-05-01,20047,C1,19.2931,22.0725,Marketplace scrape,1,16
2024-09-01,20047,C1,15.3333,17.3422,Distributor price list,1,45
2024-10-01,20047,C1,15.8215,17.3422,Distributor price list,1,3
2025-01-01,20047,C1,15.7267,17.7178,Marketplace scrape,1,8
2025-02-01,20047,C1,16.0232,17.7178,Distributor price list,1,7
2025-03-01,20047,C1,14.7497,17.2977,Lost quote,1,32
2025-05-01,20047,C1,15.0105,17.2977,Field report,1,43
2025-06-01,20047,C1,16.0795,17.3906,Lost quote,1,26
2025-07-01,20047,C1,15.5503,17.3906,Distributor price list,1,27
2025-09-01,20047,C1,15.82,17.3719,Distributor price list,1,2
2025-10-01,20047,C1,14.6436,17.3719,Distributor price list,1,32
2025-11-01,20047,C1,15.0825,17.3719,Field report,1,32
2025-12-01,20047,C1,15.8756,18.5207,Distributor price list,1,33
2026-02-01,20047,C1,15.6849,18.5207,Lost quote,1,42
2026-04-01,20047,C1,16.0127,19.2051,Field report,1,22
2026-06-01,20047,C1,15.9554,19.0082,Field report,1,8
2023-08-01,20047,C2,18.6928,22.6924,Distributor price list,1,9
2023-09-01,20047,C2,17.5334,21.1408,Lost quote,1,38
2023-10-01,20047,C2,17.7276,21.1408,Lost quote,1,7
2024-01-01,20047,C2,19.0858,22.672,Lost quote,1,28
2024-05-01,20047,C2,18.6319,22.0725,Marketplace scrape,1,3
2024-08-01,20047,C2,16.9368,20.1113,Distributor price list,1,38
2024-10-01,20047,C2,14.5103,17.3422,Field report,1,42
2024-12-01,20047,C2,15.5681,17.7178,Distributor price list,1,24
2025-01-01,20047,C2,15.4003,17.7178,Lost quote,0,40
2025-03-01,20047,C2,14.8358,17.2977,Marketplace scrape,1,13
2025-04-01,20047,C2,15.2435,17.2977,Marketplace scrape,1,7
2025-06-01,20047,C2,15.4,17.3906,Distributor price list,1,8
2025-07-01,20047,C2,14.8398,17.3906,Distributor price list,1,24
2025-08-01,20047,C2,14.1795,17.3906,Lost quote,1,36
2025-09-01,20047,C2,14.6235,17.3719,Field report,0,3
2025-10-01,20047,C2,14.7785,17.3719,Lost quote,1,4
2026-01-01,20047,C2,16.1387,18.5207,Lost quote,0,7
2026-03-01,20047,C2,16.9729,19.2051,Lost quote,1,20
2026-04-01,20047,C2,17.9353,19.2051,Distributor price list,1,41
2023-07-01,20047,C3,22.7099,22.6924,Field report,1,3
2023-08-01,20047,C3,21.6407,22.6924,Lost quote,1,39
2023-09-01,20047,C3,19.7453,21.1408,Marketplace scrape,1,30
2023-10-01,20047,C3,20.0501,21.1408,Distributor price list,1,33
2023-11-01,20047,C3,19.148,21.1408,Field report,1,44
2024-01-01,20047,C3,19.3996,22.672,Distributor price list,1,16
2024-03-01,20047,C3,19.5489,22.0725,Field report,1,24
2024-04-01,20047,C3,18.6942,22.0725,Marketplace scrape,0,3
2024-06-01,20047,C3,18.3479,20.1113,Marketplace scrape,1,23
2024-09-01,20047,C3,16.0584,17.3422,Distributor price list,1,29
2024-10-01,20047,C3,16.1452,17.3422,Field report,1,43
2024-11-01,20047,C3,15.7066,17.3422,Lost quote,1,26
2025-01-01,20047,C3,17.4954,17.7178,Marketplace scrape,1,39
2025-02-01,20047,C3,17.479,17.7178,Distributor price list,1,24
2025-03-01,20047,C3,17.4091,17.2977,Distributor price list,1,17
2025-05-01,20047,C3,17.3335,17.2977,Field report,1,44
2025-06-01,20047,C3,16.8769,17.3906,Field report,1,8
2025-09-01,20047,C3,18.1578,17.3719,Field report,1,12
2025-10-01,20047,C3,18.0917,17.3719,Marketplace scrape,1,5
2025-11-01,20047,C3,17.4933,17.3719,Lost quote,1,43
2026-01-01,20047,C3,19.4179,18.5207,Lost quote,1,19
2026-02-01,20047,C3,18.7328,18.5207,Field report,1,10
2026-03-01,20047,C3,20.3663,19.2051,Distributor price list,1,6
2026-05-01,20047,C3,19.9736,19.2051,Distributor price list,1,25
2026-06-01,20047,C3,19.2026,19.0082,Marketplace scrape,1,43
2023-07-01,20047,C4,19.8689,22.6924,Field report,1,36
2023-09-01,20047,C4,18.5219,21.1408,Field report,1,30
2023-11-01,20047,C4,18.2589,21.1408,Lost quote,1,33
2023-12-01,20047,C4,19.6159,22.672,Marketplace scrape,1,36
2024-02-01,20047,C4,21.5659,22.672,Lost quote,1,15
2024-04-01,20047,C4,20.1161,22.0725,Lost quote,1,35
2024-06-01,20047,C4,18.1459,20.1113,Distributor price list,1,20
2024-08-01,20047,C4,18.8467,20.1113,Field report,1,43
2024-11-01,20047,C4,15.3248,17.3422,Marketplace scrape,1,24
2024-12-01,20047,C4,15.5839,17.7178,Distributor price list,1,2
2025-02-01,20047,C4,15.2416,17.7178,Field report,1,23
2025-04-01,20047,C4,15.5204,17.2977,Marketplace scrape,1,36
2025-05-01,20047,C4,15.4069,17.2977,Lost quote,1,5
2025-07-01,20047,C4,15.3013,17.3906,Lost quote,1,1
2025-08-01,20047,C4,15.1887,17.3906,Field report,1,3
2025-09-01,20047,C4,14.6809,17.3719,Field report,1,21
2025-10-01,20047,C4,14.0674,17.3719,Marketplace scrape,1,21
2025-11-01,20047,C4,14.6533,17.3719,Field report,1,11
2025-12-01,20047,C4,15.8307,18.5207,Field report,1,27
2026-01-01,20047,C4,15.9732,18.5207,Field report,1,21
2026-02-01,20047,C4,15.9108,18.5207,Marketplace scrape,1,32
2026-03-01,20047,C4,16.3489,19.2051,Lost quote,1,30
2026-04-01,20047,C4,16.2945,19.2051,Marketplace scrape,1,35
2026-05-01,20047,C4,15.8941,19.2051,Field report,1,38
2023-08-01,20048,C1,61.3022,75.9837,Field report,1,5
2023-11-01,20048,C1,59.2791,75.9837,Marketplace scrape,1,4
2023-12-01,20048,C1,62.0543,75.9837,Distributor price list,1,6
2024-02-01,20048,C1,61.6478,75.9837,Field report,1,28
2024-04-01,20048,C1,64.1159,75.9837,Lost quote,1,24
2024-05-01,20048,C1,66.5637,75.9837,Marketplace scrape,1,32
2024-06-01,20048,C1,65.1107,75.9837,Field report,1,10
2024-08-01,20048,C1,64.7856,75.9837,Field report,1,10
2024-10-01,20048,C1,64.6132,75.9837,Marketplace scrape,1,5
2024-12-01,20048,C1,60.9237,75.9837,Lost quote,1,24
2025-01-01,20048,C1,61.5827,75.9837,Distributor price list,1,11
2025-02-01,20048,C1,62.4124,75.9837,Marketplace scrape,1,18
2025-05-01,20048,C1,59.3454,75.9837,Field report,1,37
2025-06-01,20048,C1,61.8382,75.9837,Distributor price list,1,16
2025-08-01,20048,C1,57.1396,75.9837,Marketplace scrape,0,34
2025-10-01,20048,C1,86.0202,107.9141,Distributor price list,1,4
2025-11-01,20048,C1,85.1957,107.9141,Lost quote,1,17
2025-12-01,20048,C1,85.5616,107.9141,Lost quote,1,19
2026-01-01,20048,C1,84.8381,107.9141,Field report,1,16
2026-03-01,20048,C1,88.5264,107.9141,Lost quote,1,3
2026-04-01,20048,C1,89.1689,107.9141,Marketplace scrape,1,9
2026-05-01,20048,C1,88.8241,107.9141,Distributor price list,1,3
2026-06-01,20048,C1,87.0,107.9141,Lost quote,1,4
2023-10-01,20048,C2,62.7302,75.9837,Distributor price list,1,40
2023-11-01,20048,C2,60.2357,75.9837,Field report,1,1
2024-04-01,20048,C2,59.4605,75.9837,Field report,1,41
2024-06-01,20048,C2,59.8667,75.9837,Lost quote,1,20
2024-07-01,20048,C2,60.5643,75.9837,Lost quote,1,13
2024-08-01,20048,C2,59.3779,75.9837,Lost quote,1,17
2024-09-01,20048,C2,60.5464,75.9837,Field report,1,34
2024-11-01,20048,C2,60.9639,75.9837,Distributor price list,1,1
2025-02-01,20048,C2,62.9958,75.9837,Marketplace scrape,1,45
2025-05-01,20048,C2,62.7865,75.9837,Field report,1,2
2025-06-01,20048,C2,61.1784,75.9837,Field report,1,34
2025-09-01,20048,C2,63.3616,75.9837,Marketplace scrape,1,35
2025-10-01,20048,C2,89.9444,107.9141,Lost quote,0,14
2026-03-01,20048,C2,93.8874,107.9141,Lost quote,1,24
2026-04-01,20048,C2,91.947,107.9141,Distributor price list,1,17
2026-05-01,20048,C2,96.0687,107.9141,Field report,1,22
2026-06-01,20048,C2,96.9616,107.9141,Marketplace scrape,1,27
2023-07-01,20048,C3,73.6784,75.9837,Lost quote,1,2
2023-09-01,20048,C3,72.5324,75.9837,Marketplace scrape,1,34
2023-11-01,20048,C3,74.3479,75.9837,Distributor price list,1,35
2024-02-01,20048,C3,78.4081,75.9837,Lost quote,0,15
2024-04-01,20048,C3,78.2274,75.9837,Lost quote,1,13
2024-05-01,20048,C3,77.8511,75.9837,Distributor price list,1,22
2024-06-01,20048,C3,78.0658,75.9837,Marketplace scrape,1,29
2024-11-01,20048,C3,73.6373,75.9837,Marketplace scrape,1,40
2025-03-01,20048,C3,74.892,75.9837,Lost quote,1,45
2025-04-01,20048,C3,72.69,75.9837,Marketplace scrape,1,7
2025-05-01,20048,C3,74.5225,75.9837,Distributor price list,1,27
2025-06-01,20048,C3,73.6987,75.9837,Lost quote,1,11
2025-07-01,20048,C3,74.8277,75.9837,Distributor price list,1,11
2025-08-01,20048,C3,74.0765,75.9837,Field report,1,2
2025-11-01,20048,C3,107.9672,107.9141,Distributor price list,1,5
2025-12-01,20048,C3,110.7915,107.9141,Lost quote,1,9
2026-01-01,20048,C3,106.9332,107.9141,Marketplace scrape,0,6
2026-03-01,20048,C3,102.7451,107.9141,Distributor price list,1,1
2026-05-01,20048,C3,97.8811,107.9141,Field report,1,31
2026-06-01,20048,C3,103.0885,107.9141,Lost quote,1,10
2023-08-01,20048,C4,63.8607,75.9837,Marketplace scrape,0,12
2023-09-01,20048,C4,65.8232,75.9837,Lost quote,1,40
2023-10-01,20048,C4,64.3803,75.9837,Lost quote,1,17
2023-12-01,20048,C4,64.7561,75.9837,Lost quote,1,19
2024-01-01,20048,C4,63.0034,75.9837,Marketplace scrape,1,22
2024-02-01,20048,C4,61.0154,75.9837,Distributor price list,1,23
2024-03-01,20048,C4,62.5087,75.9837,Distributor price list,1,3
2024-05-01,20048,C4,60.8651,75.9837,Field report,1,13
2024-06-01,20048,C4,60.1495,75.9837,Field report,1,7
2024-07-01,20048,C4,62.0698,75.9837,Distributor price list,0,17
2024-08-01,20048,C4,61.4262,75.9837,Lost quote,1,39
2024-12-01,20048,C4,61.3944,75.9837,Field report,1,38
2025-03-01,20048,C4,57.638,75.9837,Lost quote,1,37
2025-04-01,20048,C4,57.883,75.9837,Field report,1,42
2025-06-01,20048,C4,62.4653,75.9837,Marketplace scrape,1,42
2025-07-01,20048,C4,59.6085,75.9837,Distributor price list,1,18
2025-08-01,20048,C4,58.1553,75.9837,Distributor price list,1,24
2025-09-01,20048,C4,59.7104,75.9837,Marketplace scrape,1,21
2025-10-01,20048,C4,85.7487,107.9141,Marketplace scrape,1,22
2025-11-01,20048,C4,88.888,107.9141,Distributor price list,1,19
2026-01-01,20048,C4,85.4386,107.9141,Marketplace scrape,1,35
2026-02-01,20048,C4,86.2984,107.9141,Marketplace scrape,1,21
2026-04-01,20048,C4,88.8749,107.9141,Field report,0,16
2026-05-01,20048,C4,86.3157,107.9141,Distributor price list,1,12
2026-06-01,20048,C4,87.6999,107.9141,Marketplace scrape,1,20
2023-07-01,20049,C1,72.6308,74.5909,Field report,1,17
2023-08-01,20049,C1,77.4957,74.5909,Field report,1,28
2023-09-01,20049,C1,72.1423,73.2049,Distributor price list,1,30
2023-10-01,20049,C1,72.2078,73.2049,Lost quote,1,2
2024-02-01,20049,C1,68.8666,71.2267,Field report,1,45
2024-03-01,20049,C1,72.108,72.2216,Distributor price list,1,41
2024-08-01,20049,C1,75.5429,71.475,Marketplace scrape,1,9
2024-10-01,20049,C1,78.3106,77.4427,Lost quote,1,7
2025-02-01,20049,C1,77.3824,75.0118,Marketplace scrape,1,32
2025-04-01,20049,C1,79.3054,78.494,Distributor price list,1,8
2025-05-01,20049,C1,79.7225,78.494,Marketplace scrape,1,21
2025-06-01,20049,C1,87.6033,80.4347,Marketplace scrape,1,12
2025-08-01,20049,C1,81.6467,80.4347,Field report,1,38
2025-09-01,20049,C1,67.9388,67.99,Marketplace scrape,1,8
2025-10-01,20049,C1,69.3411,67.99,Marketplace scrape,1,25
2026-01-01,20049,C1,66.5002,68.0496,Lost quote,1,44
2026-02-01,20049,C1,69.3112,68.0496,Lost quote,0,5
2026-03-01,20049,C1,71.3011,69.2186,Lost quote,1,40
2026-05-01,20049,C1,72.158,69.2186,Marketplace scrape,1,22
2023-09-01,20049,C3,82.3927,73.2049,Distributor price list,1,25
2023-10-01,20049,C3,82.0736,73.2049,Distributor price list,1,30
2023-12-01,20049,C3,81.8284,71.2267,Distributor price list,1,9
2024-01-01,20049,C3,81.0725,71.2267,Field report,1,20
2024-02-01,20049,C3,78.3678,71.2267,Lost quote,1,29
2024-04-01,20049,C3,77.6687,72.2216,Distributor price list,1,43
2024-05-01,20049,C3,79.4586,72.2216,Distributor price list,1,28
2024-06-01,20049,C3,77.5147,71.475,Field report,1,31
2024-08-01,20049,C3,80.7938,71.475,Distributor price list,1,18
2024-09-01,20049,C3,85.5533,77.4427,Marketplace scrape,1,1
2024-10-01,20049,C3,90.2284,77.4427,Field report,1,1
2024-11-01,20049,C3,85.2684,77.4427,Marketplace scrape,1,10
2025-02-01,20049,C3,83.7019,75.0118,Field report,1,39
2025-03-01,20049,C3,85.5517,78.494,Field report,1,35
2025-04-01,20049,C3,81.818,78.494,Marketplace scrape,1,35
2025-05-01,20049,C3,80.6546,78.494,Marketplace scrape,1,18
2025-07-01,20049,C3,81.9189,80.4347,Lost quote,1,24
2025-09-01,20049,C3,68.4579,67.99,Field report,1,36
2025-10-01,20049,C3,68.8799,67.99,Field report,1,33
2025-11-01,20049,C3,69.6564,67.99,Field report,1,15
2025-12-01,20049,C3,72.8975,68.0496,Lost quote,0,28
2026-01-01,20049,C3,74.6361,68.0496,Marketplace scrape,0,40
2026-02-01,20049,C3,75.4035,68.0496,Field report,1,2
2026-03-01,20049,C3,75.2115,69.2186,Distributor price list,1,37
2026-04-01,20049,C3,75.7597,69.2186,Marketplace scrape,1,31
2026-06-01,20049,C3,80.7559,73.0024,Marketplace scrape,1,32
2023-07-01,20050,C1,9.9345,11.3819,Field report,1,28
2023-09-01,20050,C1,10.1393,11.5708,Lost quote,1,2
2023-10-01,20050,C1,10.1483,11.5708,Field report,1,23
2023-11-01,20050,C1,10.8661,12.4123,Marketplace scrape,1,30
2023-12-01,20050,C1,10.5227,12.4123,Field report,1,34
2024-01-01,20050,C1,10.4807,12.4123,Distributor price list,0,33
2024-03-01,20050,C1,10.5615,12.2214,Field report,1,44
2024-06-01,20050,C1,10.6043,12.617,Marketplace scrape,1,42
2024-08-01,20050,C1,10.7443,13.4513,Field report,1,8
2024-09-01,20050,C1,10.2188,13.4513,Lost quote,1,19
2024-10-01,20050,C1,10.814,13.4513,Lost quote,1,5
2024-12-01,20050,C1,9.8742,13.0066,Lost quote,1,32
2025-01-01,20050,C1,9.6881,13.0066,Distributor price list,1,20
2025-02-01,20050,C1,9.6407,12.9375,Field report,1,7
2025-03-01,20050,C1,9.8222,12.9375,Distributor price list,1,20
2025-04-01,20050,C1,9.9094,12.9375,Lost quote,0,41
2025-06-01,20050,C1,10.484,13.6716,Distributor price list,1,32
2025-07-01,20050,C1,9.7515,13.6716,Field report,1,22
2025-08-01,20050,C1,10.7595,14.1912,Distributor price list,1,23
2025-09-01,20050,C1,11.1238,14.1912,Field report,1,6
2025-10-01,20050,C1,10.9853,14.1912,Field report,1,42
2025-11-01,20050,C1,11.1769,14.8161,Distributor price list,1,28
2025-12-01,20050,C1,11.7663,14.8161,Field report,1,39
2026-01-01,20050,C1,12.0992,14.8161,Field report,1,35
2026-02-01,20050,C1,11.3869,14.2381,Field report,1,12
2026-03-01,20050,C1,11.2177,14.2381,Distributor price list,1,41
2026-04-01,20050,C1,10.6316,14.2381,Lost quote,1,37
2023-07-01,20050,C3,11.4729,11.3819,Marketplace scrape,0,26
2023-08-01,20050,C3,11.6706,11.5708,Distributor price list,1,6
2023-09-01,20050,C3,11.8331,11.5708,Lost quote,1,25
2023-10-01,20050,C3,11.6905,11.5708,Lost quote,1,2
2023-11-01,20050,C3,12.992,12.4123,Distributor price list,1,44
2023-12-01,20050,C3,12.6742,12.4123,Lost quote,1,30
2024-01-01,20050,C3,12.7776,12.4123,Marketplace scrape,1,17
2024-02-01,20050,C3,12.4449,12.2214,Lost quote,1,31
2024-03-01,20050,C3,12.1449,12.2214,Field report,1,23
2024-04-01,20050,C3,11.9227,12.2214,Lost quote,1,31
2024-06-01,20050,C3,12.3899,12.617,Marketplace scrape,1,31
2024-07-01,20050,C3,12.71,12.617,Field report,1,36
2024-08-01,20050,C3,13.0679,13.4513,Lost quote,1,31
2024-09-01,20050,C3,13.2804,13.4513,Marketplace scrape,1,30
2024-10-01,20050,C3,13.8207,13.4513,Field report,1,1
2024-11-01,20050,C3,14.4754,13.0066,Marketplace scrape,1,36
2024-12-01,20050,C3,14.5061,13.0066,Marketplace scrape,0,28
2025-04-01,20050,C3,15.47,12.9375,Lost quote,1,15
2025-05-01,20050,C3,15.9163,13.6716,Distributor price list,1,43
2025-07-01,20050,C3,15.6714,13.6716,Marketplace scrape,1,18
2025-08-01,20050,C3,15.9249,14.1912,Lost quote,1,4
2025-09-01,20050,C3,16.7025,14.1912,Field report,1,24
2025-10-01,20050,C3,17.0544,14.1912,Field report,1,7
2025-11-01,20050,C3,17.091,14.8161,Field report,1,23
2025-12-01,20050,C3,17.4182,14.8161,Distributor price list,1,1
2026-01-01,20050,C3,17.782,14.8161,Lost quote,1,2
2026-02-01,20050,C3,16.9361,14.2381,Distributor price list,1,30
2026-03-01,20050,C3,16.6185,14.2381,Lost quote,1,27
2026-04-01,20050,C3,17.7498,14.2381,Field report,1,1
2026-05-01,20050,C3,19.0846,15.0054,Marketplace scrape,1,43
2026-06-01,20050,C3,19.6597,15.0054,Field report,1,4
2023-07-01,20050,C4,9.798,11.3819,Distributor price list,1,33
2023-10-01,20050,C4,9.5146,11.5708,Distributor price list,1,45
2023-11-01,20050,C4,9.6669,12.4123,Lost quote,1,14
2023-12-01,20050,C4,9.7189,12.4123,Distributor price list,1,26
2024-01-01,20050,C4,9.8221,12.4123,Field report,1,35
2024-04-01,20050,C4,9.8046,12.2214,Lost quote,1,6
2024-09-01,20050,C4,10.9427,13.4513,Field report,1,30
2024-10-01,20050,C4,11.6878,13.4513,Lost quote,1,29
2024-11-01,20050,C4,11.0824,13.0066,Marketplace scrape,1,45
2024-12-01,20050,C4,11.6794,13.0066,Distributor price list,1,42
2025-02-01,20050,C4,11.8175,12.9375,Field report,1,28
2025-03-01,20050,C4,11.5514,12.9375,Marketplace scrape,1,37
2025-07-01,20050,C4,12.6323,13.6716,Lost quote,1,3
2025-08-01,20050,C4,12.9664,14.1912,Marketplace scrape,1,11
2025-09-01,20050,C4,12.7839,14.1912,Marketplace scrape,1,4
2025-10-01,20050,C4,12.5229,14.1912,Marketplace scrape,1,34
2025-11-01,20050,C4,13.6589,14.8161,Marketplace scrape,1,10
2025-12-01,20050,C4,12.8614,14.8161,Marketplace scrape,1,44
2026-02-01,20050,C4,12.1696,14.2381,Field report,1,42
2026-03-01,20050,C4,12.0998,14.2381,Lost quote,1,22
2026-04-01,20050,C4,12.541,14.2381,Lost quote,0,35
2026-05-01,20050,C4,12.33,15.0054,Lost quote,1,2
2023-10-01,20051,C1,79.8672,79.235,Distributor price list,1,11
2023-11-01,20051,C1,78.9335,79.235,Lost quote,1,2
2024-01-01,20051,C1,66.3019,70.897,Lost quote,1,18
2024-03-01,20051,C1,63.8876,70.897,Distributor price list,1,28
2024-04-01,20051,C1,66.6283,70.3429,Field report,1,12
2024-07-01,20051,C1,65.1021,69.7096,Field report,1,4
2024-08-01,20051,C1,65.8037,69.7096,Lost quote,1,4
2024-09-01,20051,C1,66.4889,69.7096,Lost quote,1,39
2024-11-01,20051,C1,63.4454,70.6858,Lost quote,1,30
2024-12-01,20051,C1,65.5372,70.6858,Lost quote,1,29
2025-03-01,20051,C1,80.144,77.9579,Field report,1,30
2025-05-01,20051,C1,73.2477,75.2192,Distributor price list,1,13
2025-06-01,20051,C1,74.2854,75.2192,Field report,1,39
2025-08-01,20051,C1,74.8513,75.9441,Field report,1,27
2025-10-01,20051,C1,73.6283,75.053,Field report,1,10
2025-12-01,20051,C1,77.6893,75.053,Marketplace scrape,1,34
2026-01-01,20051,C1,74.3124,71.1515,Lost quote,1,31
2026-02-01,20051,C1,72.2193,71.1515,Distributor price list,1,13
2026-05-01,20051,C1,69.4751,64.7148,Marketplace scrape,1,12
2023-07-01,20051,C2,72.2368,77.3654,Field report,1,1
2023-09-01,20051,C2,72.5862,77.3654,Field report,1,38
2023-11-01,20051,C2,74.1313,79.235,Distributor price list,1,5
2024-01-01,20051,C2,62.8349,70.897,Marketplace scrape,0,37
2024-03-01,20051,C2,60.1904,70.897,Distributor price list,1,35
2024-04-01,20051,C2,60.4746,70.3429,Distributor price list,1,35
2024-08-01,20051,C2,55.8015,69.7096,Lost quote,1,20
2025-01-01,20051,C2,67.7067,77.9579,Lost quote,1,23
2025-02-01,20051,C2,67.9568,77.9579,Lost quote,1,14
2025-03-01,20051,C2,65.0841,77.9579,Distributor price list,1,5
2025-05-01,20051,C2,65.1983,75.2192,Marketplace scrape,1,30
2025-08-01,20051,C2,65.6499,75.9441,Marketplace scrape,0,26
2025-09-01,20051,C2,65.7543,75.9441,Distributor price list,1,10
2025-10-01,20051,C2,62.5732,75.053,Distributor price list,1,2
2025-11-01,20051,C2,64.8554,75.053,Marketplace scrape,0,18
2025-12-01,20051,C2,65.7318,75.053,Lost quote,1,17
2026-01-01,20051,C2,62.205,71.1515,Marketplace scrape,1,41
2026-02-01,20051,C2,59.7896,71.1515,Lost quote,1,41
2026-04-01,20051,C2,53.3928,64.7148,Lost quote,1,36
2023-08-01,20051,C4,79.0616,77.3654,Marketplace scrape,1,32
2023-10-01,20051,C4,80.5507,79.235,Distributor price list,1,44
2023-11-01,20051,C4,80.005,79.235,Marketplace scrape,1,42
2023-12-01,20051,C4,81.0026,79.235,Lost quote,1,37
2024-01-01,20051,C4,73.3001,70.897,Field report,1,27
2024-02-01,20051,C4,76.1367,70.897,Distributor price list,0,12
2024-03-01,20051,C4,78.9168,70.897,Field report,1,30
2024-07-01,20051,C4,73.4525,69.7096,Field report,0,31
2024-09-01,20051,C4,70.0995,69.7096,Distributor price list,1,25
2024-10-01,20051,C4,70.0138,70.6858,Field report,1,45
2024-11-01,20051,C4,69.7811,70.6858,Lost quote,1,30
2024-12-01,20051,C4,65.9864,70.6858,Distributor price list,1,40
2025-01-01,20051,C4,73.3429,77.9579,Marketplace scrape,1,1
2025-03-01,20051,C4,75.0019,77.9579,Marketplace scrape,1,44
2025-04-01,20051,C4,73.1713,75.2192,Marketplace scrape,1,19
2025-05-01,20051,C4,73.2394,75.2192,Field report,1,7
2025-07-01,20051,C4,79.6501,75.9441,Marketplace scrape,1,24
2025-08-01,20051,C4,77.864,75.9441,Distributor price list,1,42
2025-09-01,20051,C4,78.5706,75.9441,Field report,0,29
2025-10-01,20051,C4,76.5251,75.053,Distributor price list,1,7
2025-11-01,20051,C4,76.3977,75.053,Distributor price list,1,14
2026-01-01,20051,C4,69.5006,71.1515,Marketplace scrape,0,38
2026-02-01,20051,C4,69.4266,71.1515,Marketplace scrape,1,40
2026-03-01,20051,C4,69.9693,71.1515,Distributor price list,1,19
2023-07-01,20052,C1,19.8297,17.9997,Distributor price list,1,19
2023-08-01,20052,C1,19.6553,17.9997,Marketplace scrape,1,33
2023-09-01,20052,C1,17.9643,17.1931,Lost quote,1,19
2024-01-01,20052,C1,18.2435,17.1931,Field report,1,40
2024-02-01,20052,C1,18.2568,17.1931,Marketplace scrape,1,42
2024-04-01,20052,C1,18.7927,17.8102,Lost quote,1,19
2024-06-01,20052,C1,18.8269,17.8102,Field report,1,4
2024-07-01,20052,C1,18.9299,17.8102,Marketplace scrape,1,4
2024-08-01,20052,C1,19.7696,17.8102,Field report,1,29
2024-09-01,20052,C1,17.2562,15.0933,Field report,1,16
2024-12-01,20052,C1,16.2809,15.0933,Marketplace scrape,1,24
2025-05-01,20052,C1,15.2327,16.2177,Distributor price list,0,37
2025-06-01,20052,C1,15.7536,16.2177,Marketplace scrape,1,16
2025-07-01,20052,C1,15.2515,16.2177,Marketplace scrape,1,13
2025-08-01,20052,C1,15.4709,16.2177,Distributor price list,1,28
2025-09-01,20052,C1,16.3304,17.0871,Lost quote,0,37
2025-12-01,20052,C1,16.1861,17.0871,Lost quote,1,27
2026-01-01,20052,C1,15.9354,17.0871,Distributor price list,1,19
2026-02-01,20052,C1,15.9616,17.0871,Lost quote,1,28
2026-03-01,20052,C1,17.4286,20.0117,Field report,0,20
2026-04-01,20052,C1,18.2317,20.0117,Field report,1,37
2023-08-01,20053,C1,18.1152,18.2392,Field report,1,1
2023-09-01,20053,C1,16.716,18.2392,Marketplace scrape,1,6
2023-12-01,20053,C1,16.9393,18.5853,Marketplace scrape,1,45
2024-01-01,20053,C1,16.5805,18.5853,Field report,1,26
2024-03-01,20053,C1,15.6235,18.8229,Distributor price list,1,9
2024-04-01,20053,C1,16.1773,18.8229,Distributor price list,1,1
2024-06-01,20053,C1,16.2446,19.3763,Field report,1,10
2024-09-01,20053,C1,18.3586,20.1416,Marketplace scrape,1,10
2024-12-01,20053,C1,16.9432,19.4003,Marketplace scrape,1,43
2025-03-01,20053,C1,17.5934,19.5548,Marketplace scrape,1,21
2025-04-01,20053,C1,17.482,19.5548,Marketplace scrape,1,29
2025-07-01,20053,C1,18.112,19.2926,Lost quote,1,30
2025-08-01,20053,C1,19.1557,20.5172,Field report,1,39
2025-09-01,20053,C1,19.0753,20.5172,Distributor price list,1,41
2025-10-01,20053,C1,19.0898,20.5172,Lost quote,1,7
2025-11-01,20053,C1,18.4439,19.7127,Field report,1,22
2025-12-01,20053,C1,18.4815,19.7127,Distributor price list,1,11
2026-01-01,20053,C1,18.0282,19.7127,Distributor price list,1,1
2026-02-01,20053,C1,18.8719,20.9172,Marketplace scrape,1,27
2026-03-01,20053,C1,18.7944,20.9172,Field report,1,21
2026-04-01,20053,C1,19.4447,20.9172,Lost quote,1,24
2026-05-01,20053,C1,20.7447,21.0476,Field report,1,13
2023-08-01,20053,C3,20.603,18.2392,Lost quote,0,42
2023-09-01,20053,C3,20.2584,18.2392,Lost quote,1,37
2023-11-01,20053,C3,20.7281,18.5853,Field report,1,11
2024-01-01,20053,C3,20.9607,18.5853,Marketplace scrape,1,8
2024-02-01,20053,C3,21.5784,18.8229,Distributor price list,1,20
2024-03-01,20053,C3,20.3722,18.8229,Lost quote,1,10
2024-04-01,20053,C3,21.154,18.8229,Field report,1,23
2024-05-01,20053,C3,20.4339,19.3763,Lost quote,1,37
2024-07-01,20053,C3,20.0768,19.3763,Field report,1,1
2024-09-01,20053,C3,20.444,20.1416,Marketplace scrape,1,4
2024-10-01,20053,C3,20.7599,20.1416,Distributor price list,1,41
2024-11-01,20053,C3,20.1307,19.4003,Distributor price list,1,35
2024-12-01,20053,C3,20.1792,19.4003,Field report,1,25
2025-01-01,20053,C3,20.18,19.4003,Field report,1,14
2025-03-01,20053,C3,21.0747,19.5548,Distributor price list,1,27
2025-05-01,20053,C3,21.2342,19.2926,Lost quote,1,13
2025-09-01,20053,C3,22.8153,20.5172,Distributor price list,1,6
2025-10-01,20053,C3,23.7361,20.5172,Distributor price list,1,22
2025-11-01,20053,C3,22.0139,19.7127,Marketplace scrape,1,34
2026-01-01,20053,C3,21.9334,19.7127,Field report,1,28
2026-02-01,20053,C3,24.1103,20.9172,Marketplace scrape,1,2
2026-04-01,20053,C3,22.822,20.9172,Marketplace scrape,1,41
2026-05-01,20053,C3,23.7493,21.0476,Distributor price list,1,21
2026-06-01,20053,C3,24.1359,21.0476,Lost quote,1,38
2023-08-01,20053,C4,17.4247,18.2392,Marketplace scrape,1,36
2023-09-01,20053,C4,16.9302,18.2392,Field report,1,40
2023-10-01,20053,C4,16.9518,18.2392,Field report,1,7
2023-11-01,20053,C4,17.1434,18.5853,Marketplace scrape,1,18
2023-12-01,20053,C4,17.1694,18.5853,Distributor price list,1,41
2024-01-01,20053,C4,17.4005,18.5853,Field report,1,8
2024-03-01,20053,C4,17.9565,18.8229,Lost quote,1,14
2024-04-01,20053,C4,17.7688,18.8229,Distributor price list,1,4
2024-05-01,20053,C4,18.6552,19.3763,Marketplace scrape,1,40
2024-06-01,20053,C4,17.7974,19.3763,Distributor price list,1,22
2024-08-01,20053,C4,18.2626,20.1416,Lost quote,1,40
2024-09-01,20053,C4,18.5726,20.1416,Distributor price list,1,45
2024-10-01,20053,C4,18.1345,20.1416,Marketplace scrape,1,24
2024-11-01,20053,C4,16.4386,19.4003,Lost quote,1,24
2025-02-01,20053,C4,18.3482,19.5548,Distributor price list,1,26
2025-04-01,20053,C4,17.2809,19.5548,Marketplace scrape,1,42
2025-05-01,20053,C4,18.0662,19.2926,Distributor price list,1,24
2025-06-01,20053,C4,17.2339,19.2926,Distributor price list,1,27
2025-07-01,20053,C4,17.5868,19.2926,Marketplace scrape,1,27
2025-08-01,20053,C4,18.3303,20.5172,Marketplace scrape,1,3
2025-09-01,20053,C4,19.4236,20.5172,Field report,1,21
2025-12-01,20053,C4,19.0487,19.7127,Distributor price list,1,45
2026-01-01,20053,C4,19.499,19.7127,Marketplace scrape,1,21
2026-02-01,20053,C4,20.1465,20.9172,Marketplace scrape,1,28
2026-03-01,20053,C4,20.8697,20.9172,Marketplace scrape,1,44
2026-05-01,20053,C4,20.793,21.0476,Lost quote,1,2
2023-08-01,20054,C1,125.4058,116.3736,Marketplace scrape,1,41
2023-09-01,20054,C1,123.2151,114.6012,Marketplace scrape,1,12
2023-11-01,20054,C1,129.0321,114.6012,Distributor price list,1,9
2023-12-01,20054,C1,124.3531,109.4584,Marketplace scrape,1,37
2024-02-01,20054,C1,128.7228,109.4584,Field report,1,5
2024-04-01,20054,C1,124.9825,108.5003,Distributor price list,1,40
2024-05-01,20054,C1,121.2758,108.5003,Distributor price list,1,41
2024-07-01,20054,C1,141.5642,125.7764,Marketplace scrape,1,40
2024-08-01,20054,C1,143.5618,125.7764,Marketplace scrape,1,24
2024-09-01,20054,C1,150.0913,130.9045,Lost quote,0,14
2024-10-01,20054,C1,149.3331,130.9045,Lost quote,1,4
2024-11-01,20054,C1,147.9713,130.9045,Field report,1,42
2024-12-01,20054,C1,154.4513,134.7786,Distributor price list,0,37
2025-01-01,20054,C1,156.74,134.7786,Distributor price list,1,39
2025-02-01,20054,C1,155.7112,134.7786,Marketplace scrape,1,1
2025-03-01,20054,C1,161.3189,138.67,Field report,1,13
2025-05-01,20054,C1,154.0412,138.67,Distributor price list,1,35
2025-06-01,20054,C1,142.2833,133.2003,Marketplace scrape,1,33
2025-08-01,20054,C1,135.1084,133.2003,Distributor price list,1,23
2026-01-01,20054,C1,130.547,137.6885,Distributor price list,1,23
2026-02-01,20054,C1,130.1666,137.6885,Marketplace scrape,1,37
2026-03-01,20054,C1,106.3039,112.8334,Distributor price list,1,31
2026-04-01,20054,C1,103.6547,112.8334,Field report,1,31
2026-06-01,20054,C1,109.8704,113.45,Field report,1,33
2023-07-01,20054,C5,148.2521,116.3736,Field report,1,15
2023-09-01,20054,C5,149.9165,114.6012,Field report,1,22
2023-10-01,20054,C5,151.2317,114.6012,Lost quote,1,44
2023-11-01,20054,C5,153.1856,114.6012,Distributor price list,1,31
2023-12-01,20054,C5,144.7237,109.4584,Lost quote,1,5
2024-01-01,20054,C5,143.847,109.4584,Marketplace scrape,1,5
2024-02-01,20054,C5,142.87,109.4584,Distributor price list,1,20
2024-03-01,20054,C5,138.0255,108.5003,Lost quote,1,23
2024-06-01,20054,C5,167.7828,125.7764,Lost quote,1,18
2024-08-01,20054,C5,178.1316,125.7764,Marketplace scrape,1,1
2024-09-01,20054,C5,190.0368,130.9045,Distributor price list,1,11
2024-10-01,20054,C5,189.6143,130.9045,Field report,1,1
2024-11-01,20054,C5,184.6735,130.9045,Marketplace scrape,1,40
2024-12-01,20054,C5,194.4761,134.7786,Lost quote,0,41
2025-01-01,20054,C5,188.1848,134.7786,Distributor price list,1,33
2025-03-01,20054,C5,213.1958,138.67,Lost quote,1,1
2025-04-01,20054,C5,205.806,138.67,Distributor price list,1,5
2025-05-01,20054,C5,205.4899,138.67,Field report,1,2
2025-06-01,20054,C5,197.114,133.2003,Lost quote,0,14
2025-08-01,20054,C5,191.8387,133.2003,Distributor price list,1,33
2025-09-01,20054,C5,187.3007,132.294,Distributor price list,1,39
2025-10-01,20054,C5,194.1011,132.294,Field report,1,28
2025-11-01,20054,C5,195.7255,132.294,Field report,1,33
2026-01-01,20054,C5,200.623,137.6885,Lost quote,1,36
2026-04-01,20054,C5,160.2645,112.8334,Marketplace scrape,1,28
2026-05-01,20054,C5,160.0298,112.8334,Field report,1,18
2026-06-01,20054,C5,164.1396,113.45,Lost quote,1,3
2023-09-01,20056,C1,49.7146,42.9975,Lost quote,1,37
2023-10-01,20056,C1,50.1943,43.5432,Field report,1,7
2023-11-01,20056,C1,51.7613,43.5432,Marketplace scrape,1,5
2024-01-01,20056,C1,51.3446,42.1984,Distributor price list,1,45
2024-03-01,20056,C1,50.556,42.1984,Lost quote,1,36
2024-04-01,20056,C1,55.3797,46.656,Marketplace scrape,1,28
2024-05-01,20056,C1,55.252,46.656,Marketplace scrape,1,15
2024-08-01,20056,C1,57.0002,45.9385,Field report,1,15
2024-09-01,20056,C1,57.8782,45.9385,Field report,1,15
2024-12-01,20056,C1,60.2771,47.9107,Marketplace scrape,1,24
2025-01-01,20056,C1,61.0234,47.8758,Field report,1,32
2025-02-01,20056,C1,59.163,47.8758,Distributor price list,1,24
2025-05-01,20056,C1,58.1839,49.85,Lost quote,1,14
2025-08-01,20056,C1,54.5725,48.5979,Marketplace scrape,1,25
2025-09-01,20056,C1,51.1585,48.5979,Lost quote,1,16
2025-10-01,20056,C1,49.4361,47.2431,Field report,1,40
2026-01-01,20056,C1,51.5744,49.2632,Field report,1,25
2026-02-01,20056,C1,52.4442,49.2632,Lost quote,1,26
2026-04-01,20056,C1,51.6745,49.7535,Marketplace scrape,1,45
2026-05-01,20056,C1,52.8212,49.7535,Marketplace scrape,0,20
2023-07-01,20056,C4,48.3642,42.9975,Lost quote,1,44
2023-08-01,20056,C4,49.8679,42.9975,Field report,1,28
2023-09-01,20056,C4,48.3167,42.9975,Lost quote,1,38
2023-11-01,20056,C4,51.2203,43.5432,Lost quote,1,44
2023-12-01,20056,C4,50.7236,43.5432,Field report,1,28
2024-03-01,20056,C4,50.3787,42.1984,Distributor price list,1,34
2024-04-01,20056,C4,53.6314,46.656,Marketplace scrape,1,44
2024-06-01,20056,C4,52.4468,46.656,Field report,1,10
2024-12-01,20056,C4,53.007,47.9107,Distributor price list,1,21
2025-01-01,20056,C4,51.8566,47.8758,Field report,1,35
2025-02-01,20056,C4,51.6328,47.8758,Lost quote,1,18
2025-04-01,20056,C4,54.9082,49.85,Marketplace scrape,1,20
2025-09-01,20056,C4,52.8869,48.5979,Lost quote,1,45
2025-11-01,20056,C4,49.5678,47.2431,Distributor price list,1,11
2025-12-01,20056,C4,49.5071,47.2431,Marketplace scrape,1,14
2026-03-01,20056,C4,51.0602,49.2632,Distributor price list,1,28
2026-04-01,20056,C4,50.5131,49.7535,Lost quote,1,17
2026-05-01,20056,C4,49.4667,49.7535,Distributor price list,0,21
2026-06-01,20056,C4,50.1512,49.7535,Distributor price list,1,16
2023-07-01,20057,C1,55.6712,49.5059,Marketplace scrape,1,20
2023-08-01,20057,C1,53.261,49.5059,Distributor price list,1,15
2023-10-01,20057,C1,50.5717,45.8742,Marketplace scrape,1,8
2023-11-01,20057,C1,50.7956,45.8742,Marketplace scrape,1,27
2024-01-01,20057,C1,46.8729,45.7562,Field report,0,7
2024-02-01,20057,C1,46.0707,45.7562,Distributor price list,1,2
2024-04-01,20057,C1,44.3073,45.1537,Field report,1,19
2024-05-01,20057,C1,46.6559,45.1537,Marketplace scrape,1,6
2024-06-01,20057,C1,41.9213,41.7968,Field report,1,29
2024-09-01,20057,C1,39.9834,37.7759,Lost quote,1,30
2024-10-01,20057,C1,39.2087,37.7759,Marketplace scrape,1,21
2024-11-01,20057,C1,39.6932,37.7759,Marketplace scrape,0,33
2024-12-01,20057,C1,37.1509,36.3271,Distributor price list,1,45
2025-01-01,20057,C1,38.1393,36.3271,Lost quote,1,19
2025-02-01,20057,C1,38.9259,36.3271,Lost quote,1,34
2025-03-01,20057,C1,37.7037,35.6261,Marketplace scrape,1,40
2025-04-01,20057,C1,39.2555,35.6261,Lost quote,1,35
2025-05-01,20057,C1,37.7773,35.6261,Distributor price list,1,19
2025-06-01,20057,C1,38.5091,36.6153,Field report,0,22
2025-07-01,20057,C1,37.987,36.6153,Marketplace scrape,1,41
2025-08-01,20057,C1,39.1278,36.6153,Distributor price list,1,24
2025-09-01,20057,C1,39.2938,36.4469,Lost quote,1,43
2025-12-01,20057,C1,43.3742,40.5887,Lost quote,1,38
2026-01-01,20057,C1,42.888,40.5887,Lost quote,1,12
2026-02-01,20057,C1,42.8966,40.5887,Field report,1,30
2026-03-01,20057,C1,44.2572,42.0625,Field report,1,35
2026-06-01,20057,C1,42.1243,39.9601,Marketplace scrape,1,40
2023-07-01,20057,C2,51.0056,49.5059,Field report,1,2
2023-08-01,20057,C2,48.8902,49.5059,Field report,1,29
2023-09-01,20057,C2,46.1707,45.8742,Marketplace scrape,1,10
2023-10-01,20057,C2,46.5643,45.8742,Distributor price list,1,23
2023-11-01,20057,C2,45.7837,45.8742,Lost quote,1,29
2024-01-01,20057,C2,47.2467,45.7562,Lost quote,1,41
2024-03-01,20057,C2,43.9307,45.1537,Lost quote,1,21
2024-08-01,20057,C2,41.5378,41.7968,Lost quote,1,18
2024-12-01,20057,C2,35.7572,36.3271,Marketplace scrape,1,3
2025-01-01,20057,C2,35.0281,36.3271,Field report,0,30
2025-02-01,20057,C2,34.024,36.3271,Field report,1,27
2025-03-01,20057,C2,33.5242,35.6261,Lost quote,1,43
2025-08-01,20057,C2,31.7358,36.6153,Distributor price list,1,21
2025-11-01,20057,C2,29.9456,36.4469,Lost quote,1,45
2025-12-01,20057,C2,32.8062,40.5887,Field report,1,9
2026-04-01,20057,C2,36.3755,42.0625,Field report,1,44
2023-07-01,20057,C4,53.6234,49.5059,Lost quote,1,17
2023-08-01,20057,C4,55.1649,49.5059,Lost quote,1,44
2023-09-01,20057,C4,49.952,45.8742,Lost quote,1,15
2023-10-01,20057,C4,49.1605,45.8742,Lost quote,1,31
2023-11-01,20057,C4,50.6046,45.8742,Marketplace scrape,1,26
2024-01-01,20057,C4,50.13,45.7562,Lost quote,1,25
2024-03-01,20057,C4,52.5402,45.1537,Distributor price list,1,36
2024-04-01,20057,C4,53.4465,45.1537,Marketplace scrape,1,14
2024-05-01,20057,C4,54.0854,45.1537,Marketplace scrape,1,8
2024-09-01,20057,C4,43.2356,37.7759,Lost quote,1,32
2024-10-01,20057,C4,44.492,37.7759,Lost quote,1,20
2024-12-01,20057,C4,44.6442,36.3271,Marketplace scrape,1,41
2025-01-01,20057,C4,45.5113,36.3271,Distributor price list,1,13
2025-03-01,20057,C4,41.6569,35.6261,Lost quote,1,5
2025-05-01,20057,C4,41.827,35.6261,Marketplace scrape,1,42
2025-07-01,20057,C4,45.3393,36.6153,Lost quote,1,10
2025-08-01,20057,C4,47.6419,36.6153,Distributor price list,1,44
2025-11-01,20057,C4,44.6863,36.4469,Field report,1,10
2025-12-01,20057,C4,51.1481,40.5887,Marketplace scrape,1,34
2026-02-01,20057,C4,48.418,40.5887,Distributor price list,1,22
2026-03-01,20057,C4,50.1913,42.0625,Distributor price list,1,10
2026-06-01,20057,C4,47.3593,39.9601,Lost quote,1,13
2023-09-01,20057,C5,60.9521,45.8742,Marketplace scrape,1,34
2023-10-01,20057,C5,62.0175,45.8742,Field report,1,13
2023-11-01,20057,C5,62.0907,45.8742,Lost quote,1,7
2023-12-01,20057,C5,59.0684,45.7562,Distributor price list,1,15
2024-04-01,20057,C5,60.0237,45.1537,Marketplace scrape,1,31
2024-06-01,20057,C5,55.4048,41.7968,Distributor price list,1,24
2024-10-01,20057,C5,49.8134,37.7759,Lost quote,1,43
2024-11-01,20057,C5,49.6582,37.7759,Field report,1,16
2024-12-01,20057,C5,49.744,36.3271,Lost quote,1,34
2025-01-01,20057,C5,50.5517,36.3271,Field report,1,24
2025-02-01,20057,C5,47.7081,36.3271,Field report,1,5
2025-04-01,20057,C5,46.9418,35.6261,Marketplace scrape,1,44
2025-05-01,20057,C5,49.6153,35.6261,Field report,1,26
2025-07-01,20057,C5,51.2879,36.6153,Field report,1,29
2025-08-01,20057,C5,51.7157,36.6153,Field report,1,2
2025-09-01,20057,C5,54.2247,36.4469,Lost quote,1,21
2025-10-01,20057,C5,50.7385,36.4469,Distributor price list,1,30
2025-11-01,20057,C5,50.3534,36.4469,Marketplace scrape,1,10
2025-12-01,20057,C5,54.6146,40.5887,Lost quote,1,31
2026-01-01,20057,C5,57.4038,40.5887,Marketplace scrape,1,45
2026-03-01,20057,C5,60.9694,42.0625,Field report,1,1
2026-04-01,20057,C5,58.4597,42.0625,Distributor price list,1,39
2026-05-01,20057,C5,60.7259,42.0625,Field report,1,13
2026-06-01,20057,C5,59.3969,39.9601,Marketplace scrape,1,36
2023-07-01,20058,C1,31.5913,28.5363,Lost quote,1,6
2023-08-01,20058,C1,31.1678,27.2399,Lost quote,1,21
2023-10-01,20058,C1,29.2062,27.2399,Marketplace scrape,1,36
2023-12-01,20058,C1,30.1697,27.2399,Field report,1,8
2024-01-01,20058,C1,29.5492,27.2399,Lost quote,1,10
2024-03-01,20058,C1,28.3418,27.2399,Distributor price list,1,16
2024-06-01,20058,C1,28.0943,27.2399,Field report,1,2
2024-07-01,20058,C1,29.1523,27.2399,Distributor price list,1,9
2024-09-01,20058,C1,28.4928,27.2399,Lost quote,1,7
2024-10-01,20058,C1,29.8261,27.2399,Marketplace scrape,1,8
2024-11-01,20058,C1,29.6042,27.2399,Lost quote,1,28
2025-01-01,20058,C1,30.4312,27.2399,Lost quote,0,11
2025-02-01,20058,C1,31.07,27.2399,Marketplace scrape,1,24
2025-03-01,20058,C1,29.8731,27.2399,Distributor price list,1,16
2025-06-01,20058,C1,30.047,27.2399,Field report,1,23
2025-07-01,20058,C1,29.9777,27.2399,Marketplace scrape,1,23
2025-09-01,20058,C1,31.1454,27.2399,Lost quote,1,16
2025-10-01,20058,C1,30.1906,27.2399,Distributor price list,0,25
2025-11-01,20058,C1,31.8072,27.2399,Marketplace scrape,1,8
2026-01-01,20058,C1,42.1665,37.7875,Distributor price list,1,16
2026-02-01,20058,C1,41.8647,37.7875,Distributor price list,1,44
2026-03-01,20058,C1,44.5937,37.7875,Marketplace scrape,1,18
2023-07-01,20058,C2,28.8495,28.5363,Field report,1,32
2023-08-01,20058,C2,29.0924,27.2399,Marketplace scrape,1,21
2023-09-01,20058,C2,28.6023,27.2399,Lost quote,1,2
2023-10-01,20058,C2,28.1182,27.2399,Marketplace scrape,1,45
2023-12-01,20058,C2,28.1659,27.2399,Field report,1,12
2024-02-01,20058,C2,26.4121,27.2399,Lost quote,1,17
2024-06-01,20058,C2,30.5226,27.2399,Marketplace scrape,1,18
2024-09-01,20058,C2,31.276,27.2399,Field report,1,44
2024-11-01,20058,C2,30.9801,27.2399,Field report,1,6
2024-12-01,20058,C2,31.8486,27.2399,Marketplace scrape,1,39
2025-01-01,20058,C2,31.9742,27.2399,Distributor price list,1,36
2025-03-01,20058,C2,30.883,27.2399,Distributor price list,1,42
2025-04-01,20058,C2,29.7947,27.2399,Field report,1,33
2025-06-01,20058,C2,30.4455,27.2399,Marketplace scrape,1,17
2025-09-01,20058,C2,31.0602,27.2399,Distributor price list,1,43
2025-10-01,20058,C2,30.4676,27.2399,Lost quote,0,6
2025-11-01,20058,C2,30.7077,27.2399,Lost quote,1,12
2026-03-01,20058,C2,45.4985,37.7875,Lost quote,1,20
2026-04-01,20058,C2,45.6768,37.7875,Lost quote,1,21
2026-05-01,20058,C2,44.475,37.7875,Field report,1,7
2023-10-01,20058,C3,32.5464,27.2399,Distributor price list,1,25
2024-01-01,20058,C3,32.6947,27.2399,Lost quote,0,37
2024-02-01,20058,C3,34.1105,27.2399,Field report,1,11
2024-05-01,20058,C3,36.5114,27.2399,Field report,0,44
2024-06-01,20058,C3,35.9728,27.2399,Distributor price list,0,17
2024-07-01,20058,C3,34.3095,27.2399,Marketplace scrape,1,13
2024-09-01,20058,C3,34.3808,27.2399,Lost quote,1,18
2024-10-01,20058,C3,32.4821,27.2399,Marketplace scrape,1,35
2024-11-01,20058,C3,31.6068,27.2399,Marketplace scrape,1,41
2025-01-01,20058,C3,30.7172,27.2399,Distributor price list,1,20
2025-02-01,20058,C3,31.7327,27.2399,Marketplace scrape,1,25
2025-03-01,20058,C3,30.1739,27.2399,Lost quote,1,26
2025-04-01,20058,C3,30.1523,27.2399,Lost quote,1,31
2025-05-01,20058,C3,30.2131,27.2399,Field report,1,34
2025-06-01,20058,C3,30.3466,27.2399,Lost quote,1,27
2025-07-01,20058,C3,29.2606,27.2399,Distributor price list,1,14
2025-09-01,20058,C3,28.9483,27.2399,Marketplace scrape,1,13
2025-11-01,20058,C3,29.8745,27.2399,Marketplace scrape,1,15
2026-02-01,20058,C3,41.4773,37.7875,Lost quote,1,18
2026-06-01,20058,C3,37.977,37.7875,Field report,1,6
2023-08-01,20058,C4,29.1915,27.2399,Marketplace scrape,0,25
2023-09-01,20058,C4,28.1767,27.2399,Lost quote,1,18
2023-11-01,20058,C4,29.3168,27.2399,Distributor price list,1,10
2023-12-01,20058,C4,27.7677,27.2399,Marketplace scrape,1,34
2024-01-01,20058,C4,27.6863,27.2399,Marketplace scrape,1,8
2024-02-01,20058,C4,27.9858,27.2399,Lost quote,1,15
2024-04-01,20058,C4,27.2003,27.2399,Marketplace scrape,1,1
2024-06-01,20058,C4,25.5689,27.2399,Marketplace scrape,1,18
2024-07-01,20058,C4,26.8065,27.2399,Field report,1,12
2024-08-01,20058,C4,25.4112,27.2399,Distributor price list,1,16
2024-09-01,20058,C4,26.0955,27.2399,Lost quote,1,38
2024-10-01,20058,C4,26.0051,27.2399,Field report,1,45
2024-11-01,20058,C4,25.4572,27.2399,Distributor price list,1,2
2024-12-01,20058,C4,25.1938,27.2399,Distributor price list,1,23
2025-04-01,20058,C4,25.1158,27.2399,Marketplace scrape,1,28
2025-05-01,20058,C4,26.9096,27.2399,Marketplace scrape,1,22
2025-06-01,20058,C4,25.1208,27.2399,Field report,1,44
2025-07-01,20058,C4,24.7394,27.2399,Lost quote,1,13
2025-08-01,20058,C4,24.4105,27.2399,Lost quote,1,28
2025-09-01,20058,C4,25.1611,27.2399,Field report,1,11
2025-12-01,20058,C4,33.1096,37.7875,Field report,1,31
2026-01-01,20058,C4,33.4047,37.7875,Distributor price list,1,29
2026-02-01,20058,C4,34.6346,37.7875,Lost quote,1,31
2026-03-01,20058,C4,33.8732,37.7875,Field report,1,14
2026-04-01,20058,C4,33.2005,37.7875,Marketplace scrape,1,29
2026-05-01,20058,C4,33.0001,37.7875,Lost quote,1,13
2026-06-01,20058,C4,35.3735,37.7875,Distributor price list,0,44
2023-07-01,20058,C5,38.2659,28.5363,Field report,1,4
2023-08-01,20058,C5,35.9233,27.2399,Marketplace scrape,1,33
2023-09-01,20058,C5,36.7885,27.2399,Lost quote,1,17
2023-11-01,20058,C5,36.9563,27.2399,Marketplace scrape,1,7
2023-12-01,20058,C5,40.3547,27.2399,Field report,1,41
2024-01-01,20058,C5,40.5799,27.2399,Field report,1,41
2024-02-01,20058,C5,39.9038,27.2399,Distributor price list,1,41
2024-03-01,20058,C5,39.0103,27.2399,Lost quote,0,7
2024-05-01,20058,C5,40.6662,27.2399,Lost quote,1,15
2024-08-01,20058,C5,38.6844,27.2399,Marketplace scrape,1,33
2024-11-01,20058,C5,38.8785,27.2399,Field report,1,14
2024-12-01,20058,C5,36.3903,27.2399,Lost quote,1,15
2025-01-01,20058,C5,36.4032,27.2399,Lost quote,1,11
2025-03-01,20058,C5,38.4808,27.2399,Distributor price list,1,40
2025-04-01,20058,C5,38.1548,27.2399,Field report,1,1
2025-05-01,20058,C5,38.1444,27.2399,Lost quote,1,28
2025-06-01,20058,C5,38.7074,27.2399,Lost quote,1,29
2025-07-01,20058,C5,41.7933,27.2399,Distributor price list,1,24
2025-08-01,20058,C5,40.2819,27.2399,Lost quote,1,18
2025-10-01,20058,C5,41.0937,27.2399,Marketplace scrape,1,21
2026-01-01,20058,C5,57.732,37.7875,Marketplace scrape,1,36
2026-05-01,20058,C5,55.3322,37.7875,Distributor price list,1,10
2026-06-01,20058,C5,55.958,37.7875,Marketplace scrape,1,7
2023-07-01,20059,C1,8.2902,8.8756,Marketplace scrape,1,32
2023-08-01,20059,C1,8.6568,8.8756,Lost quote,1,8
2023-09-01,20059,C1,8.7013,8.8756,Marketplace scrape,1,13
2023-10-01,20059,C1,8.6453,8.7637,Lost quote,1,40
2023-11-01,20059,C1,8.522,8.7637,Distributor price list,1,36
2023-12-01,20059,C1,8.8386,8.7637,Marketplace scrape,1,7
2024-01-01,20059,C1,8.6261,8.6731,Distributor price list,1,8
2024-03-01,20059,C1,8.497,8.6731,Field report,1,30
2024-04-01,20059,C1,9.4584,8.987,Lost quote,1,29
2024-05-01,20059,C1,9.5791,8.987,Distributor price list,1,8
2024-06-01,20059,C1,9.5565,8.987,Distributor price list,1,38
2024-07-01,20059,C1,10.5265,10.1048,Distributor price list,1,18
2024-08-01,20059,C1,10.8212,10.1048,Lost quote,1,16
2024-12-01,20059,C1,9.2907,10.2102,Field report,1,26
2025-01-01,20059,C1,9.7319,10.3216,Field report,1,43
2025-02-01,20059,C1,9.3094,10.3216,Field report,1,10
2025-03-01,20059,C1,9.4346,10.3216,Distributor price list,1,41
2025-05-01,20059,C1,10.1941,11.2468,Distributor price list,1,2
2025-06-01,20059,C1,10.5215,11.2468,Distributor price list,1,14
2025-09-01,20059,C1,9.6137,11.0386,Marketplace scrape,1,28
2025-11-01,20059,C1,10.2217,11.753,Lost quote,1,3
2026-01-01,20059,C1,9.436,11.685,Marketplace scrape,1,16
2026-03-01,20059,C1,9.8855,11.685,Marketplace scrape,1,32
2026-05-01,20059,C1,10.1264,12.0681,Distributor price list,1,21
2026-06-01,20059,C1,10.1007,12.0681,Field report,1,32
2023-07-01,20059,C2,7.6414,8.8756,Marketplace scrape,1,12
2023-11-01,20059,C2,7.2579,8.7637,Marketplace scrape,1,11
2024-04-01,20059,C2,6.974,8.987,Marketplace scrape,1,33
2024-05-01,20059,C2,7.3875,8.987,Lost quote,1,27
2024-07-01,20059,C2,8.6139,10.1048,Lost quote,1,37
2024-08-01,20059,C2,8.7256,10.1048,Distributor price list,1,5
2024-10-01,20059,C2,8.5066,10.2102,Lost quote,1,10
2024-11-01,20059,C2,8.2641,10.2102,Lost quote,1,45
2025-01-01,20059,C2,8.4015,10.3216,Marketplace scrape,1,12
2025-02-01,20059,C2,8.6969,10.3216,Marketplace scrape,1,25
2025-04-01,20059,C2,9.1375,11.2468,Marketplace scrape,1,35
2025-05-01,20059,C2,9.3511,11.2468,Field report,1,16
2025-06-01,20059,C2,9.2062,11.2468,Marketplace scrape,0,15
2025-07-01,20059,C2,8.8903,11.0386,Marketplace scrape,1,24
2025-08-01,20059,C2,9.2708,11.0386,Lost quote,1,38
2025-09-01,20059,C2,9.1011,11.0386,Marketplace scrape,1,16
2025-10-01,20059,C2,9.854,11.753,Lost quote,1,18
2025-11-01,20059,C2,9.768,11.753,Field report,0,37
2026-01-01,20059,C2,9.583,11.685,Lost quote,1,17
2026-03-01,20059,C2,9.2768,11.685,Distributor price list,1,13
2026-04-01,20059,C2,9.6827,12.0681,Distributor price list,1,11
2026-05-01,20059,C2,9.854,12.0681,Distributor price list,1,16
2026-06-01,20059,C2,9.9451,12.0681,Field report,1,40
2023-07-01,20059,C3,9.5993,8.8756,Field report,1,10
2023-09-01,20059,C3,9.3504,8.8756,Marketplace scrape,1,45
2023-10-01,20059,C3,9.0547,8.7637,Field report,1,38
2023-11-01,20059,C3,9.3986,8.7637,Distributor price list,1,38
2024-02-01,20059,C3,9.1557,8.6731,Lost quote,1,28
2024-03-01,20059,C3,9.3921,8.6731,Distributor price list,1,1
2024-04-01,20059,C3,9.5117,8.987,Marketplace scrape,1,22
2024-05-01,20059,C3,9.5498,8.987,Marketplace scrape,1,8
2024-06-01,20059,C3,9.6419,8.987,Marketplace scrape,1,44
2024-08-01,20059,C3,10.5351,10.1048,Distributor price list,1,40
2024-09-01,20059,C3,10.5816,10.1048,Field report,1,18
2024-11-01,20059,C3,10.8261,10.2102,Field report,1,7
2024-12-01,20059,C3,10.0957,10.2102,Marketplace scrape,1,23
2025-01-01,20059,C3,10.0977,10.3216,Marketplace scrape,1,28
2025-02-01,20059,C3,10.7716,10.3216,Lost quote,1,4
2025-03-01,20059,C3,10.4569,10.3216,Distributor price list,1,12
2025-04-01,20059,C3,11.019,11.2468,Lost quote,0,2
2025-07-01,20059,C3,10.6089,11.0386,Field report,1,8
2025-08-01,20059,C3,10.7418,11.0386,Lost quote,1,10
2025-09-01,20059,C3,10.4735,11.0386,Distributor price list,1,16
2025-11-01,20059,C3,11.4537,11.753,Marketplace scrape,1,43
2025-12-01,20059,C3,10.7416,11.753,Lost quote,1,20
2026-02-01,20059,C3,11.0878,11.685,Lost quote,1,3
2026-05-01,20059,C3,11.2807,12.0681,Marketplace scrape,1,25
2026-06-01,20059,C3,11.0191,12.0681,Distributor price list,1,18
2023-12-01,20059,C4,8.6864,8.7637,Marketplace scrape,1,41
2024-01-01,20059,C4,8.8116,8.6731,Marketplace scrape,1,13
2024-03-01,20059,C4,8.6006,8.6731,Field report,1,16
2024-04-01,20059,C4,8.9817,8.987,Lost quote,1,13
2024-05-01,20059,C4,8.7684,8.987,Lost quote,1,20
2024-06-01,20059,C4,8.6431,8.987,Distributor price list,1,34
2024-07-01,20059,C4,9.7609,10.1048,Distributor price list,1,3
2024-08-01,20059,C4,9.6603,10.1048,Field report,1,3
2024-09-01,20059,C4,9.857,10.1048,Field report,1,8
2024-10-01,20059,C4,9.7955,10.2102,Field report,1,14
2024-12-01,20059,C4,10.0083,10.2102,Distributor price list,0,17
2025-01-01,20059,C4,10.5231,10.3216,Field report,1,2
2025-02-01,20059,C4,10.3407,10.3216,Marketplace scrape,1,33
2025-03-01,20059,C4,10.1941,10.3216,Lost quote,1,34
2025-07-01,20059,C4,10.7381,11.0386,Lost quote,0,38
2025-08-01,20059,C4,11.217,11.0386,Distributor price list,1,40
2025-09-01,20059,C4,11.3937,11.0386,Lost quote,1,9
2025-10-01,20059,C4,12.1268,11.753,Lost quote,1,27
2025-11-01,20059,C4,11.7682,11.753,Marketplace scrape,1,8
2025-12-01,20059,C4,11.7912,11.753,Lost quote,1,7
2026-01-01,20059,C4,11.2974,11.685,Distributor price list,1,35
2026-05-01,20059,C4,12.382,12.0681,Distributor price list,1,36
2023-07-01,20061,C1,21.3829,23.4061,Distributor price list,1,37
2023-08-01,20061,C1,21.5955,23.4061,Marketplace scrape,1,33
2023-10-01,20061,C1,19.8902,23.3185,Field report,1,39
2023-11-01,20061,C1,20.9443,23.3185,Distributor price list,1,39
2023-12-01,20061,C1,21.0009,23.3185,Marketplace scrape,0,39
2024-01-01,20061,C1,19.7524,23.3185,Field report,1,33
2024-02-01,20061,C1,19.7967,23.3185,Field report,1,10
2024-03-01,20061,C1,20.4039,23.3185,Field report,1,35
2024-04-01,20061,C1,19.1394,23.3185,Field report,1,26
2024-05-01,20061,C1,19.7567,23.3185,Field report,1,33
2024-06-01,20061,C1,20.0593,23.3185,Lost quote,1,19
2024-09-01,20061,C1,20.3318,23.3185,Lost quote,1,17
2024-11-01,20061,C1,20.6044,23.3185,Distributor price list,1,15
2024-12-01,20061,C1,19.7157,23.3185,Marketplace scrape,1,17
2025-01-01,20061,C1,20.7289,23.3185,Marketplace scrape,1,45
2025-02-01,20061,C1,20.3716,23.3185,Marketplace scrape,1,26
2025-04-01,20061,C1,19.8216,23.3185,Lost quote,1,41
2025-05-01,20061,C1,20.7736,23.3185,Marketplace scrape,1,2
2025-06-01,20061,C1,20.7635,23.3185,Field report,1,2
2025-08-01,20061,C1,20.6164,23.3185,Distributor price list,1,43
2025-09-01,20061,C1,21.9621,23.3185,Distributor price list,1,27
2025-11-01,20061,C1,20.3302,23.3185,Field report,1,38
2026-01-01,20061,C1,20.5348,23.3185,Distributor price list,1,7
2026-02-01,20061,C1,21.0532,23.3185,Marketplace scrape,1,23
2026-05-01,20061,C1,21.5707,23.3185,Distributor price list,1,10
2026-06-01,20061,C1,20.7356,23.3185,Field report,1,26
2023-08-01,20061,C2,18.6997,23.4061,Field report,1,22
2023-09-01,20061,C2,19.2568,23.3185,Marketplace scrape,1,11
2023-11-01,20061,C2,18.2413,23.3185,Lost quote,1,4
2023-12-01,20061,C2,17.9698,23.3185,Field report,1,29
2024-01-01,20061,C2,17.8648,23.3185,Lost quote,1,11
2024-02-01,20061,C2,17.501,23.3185,Distributor price list,1,16
2024-04-01,20061,C2,17.7824,23.3185,Lost quote,1,37
2024-07-01,20061,C2,18.8834,23.3185,Distributor price list,1,6
2024-09-01,20061,C2,18.6012,23.3185,Marketplace scrape,1,11
2024-10-01,20061,C2,17.8446,23.3185,Lost quote,1,4
2024-11-01,20061,C2,17.8731,23.3185,Lost quote,1,17
2024-12-01,20061,C2,17.914,23.3185,Lost quote,1,5
2025-02-01,20061,C2,16.9757,23.3185,Marketplace scrape,1,8
2025-03-01,20061,C2,17.4482,23.3185,Marketplace scrape,1,40
2025-05-01,20061,C2,18.5551,23.3185,Marketplace scrape,1,2
2025-09-01,20061,C2,18.6972,23.3185,Marketplace scrape,1,2
2025-10-01,20061,C2,18.6825,23.3185,Distributor price list,1,3
2026-02-01,20061,C2,18.2928,23.3185,Marketplace scrape,1,9
2026-05-01,20061,C2,17.989,23.3185,Lost quote,0,17
2023-09-01,20061,C5,23.5071,23.3185,Field report,1,36
2023-10-01,20061,C5,24.0039,23.3185,Distributor price list,1,28
2023-12-01,20061,C5,22.2467,23.3185,Marketplace scrape,1,35
2024-02-01,20061,C5,22.3052,23.3185,Field report,1,24
2024-05-01,20061,C5,22.4096,23.3185,Marketplace scrape,1,9
2024-06-01,20061,C5,22.1622,23.3185,Field report,1,41
2024-07-01,20061,C5,23.1402,23.3185,Marketplace scrape,1,33
2024-08-01,20061,C5,22.5969,23.3185,Field report,1,29
2024-09-01,20061,C5,21.9501,23.3185,Distributor price list,1,44
2024-10-01,20061,C5,22.0566,23.3185,Lost quote,1,37
2025-01-01,20061,C5,22.6998,23.3185,Marketplace scrape,1,30
2025-02-01,20061,C5,21.6185,23.3185,Distributor price list,0,34
2025-03-01,20061,C5,22.7921,23.3185,Marketplace scrape,1,38
2025-04-01,20061,C5,21.7699,23.3185,Field report,1,26
2025-06-01,20061,C5,22.5217,23.3185,Lost quote,1,4
2025-07-01,20061,C5,22.931,23.3185,Lost quote,1,8
2025-08-01,20061,C5,22.6707,23.3185,Marketplace scrape,1,44
2025-09-01,20061,C5,22.864,23.3185,Lost quote,1,7
2025-11-01,20061,C5,23.4961,23.3185,Marketplace scrape,1,37
2026-02-01,20061,C5,22.4794,23.3185,Field report,1,8
2026-03-01,20061,C5,22.8846,23.3185,Lost quote,1,42
2026-04-01,20061,C5,22.129,23.3185,Distributor price list,1,37
2026-05-01,20061,C5,21.324,23.3185,Field report,1,33
2026-06-01,20061,C5,22.1677,23.3185,Field report,1,12
2023-07-01,20062,C2,39.7019,48.0003,Distributor price list,1,21
2024-02-01,20062,C2,43.1588,47.899,Field report,1,39
2024-04-01,20062,C2,42.753,47.899,Lost quote,1,41
2024-08-01,20062,C2,44.7016,51.619,Marketplace scrape,1,23
2024-09-01,20062,C2,44.8867,51.619,Distributor price list,1,32
2024-11-01,20062,C2,44.1021,49.8424,Marketplace scrape,1,44
2024-12-01,20062,C2,42.603,49.8424,Lost quote,1,22
2025-01-01,20062,C2,43.7209,49.8424,Lost quote,1,19
2025-04-01,20062,C2,33.7673,40.0607,Marketplace scrape,0,26
2025-06-01,20062,C2,33.3268,39.8322,Field report,1,41
2025-07-01,20062,C2,33.7798,39.8322,Marketplace scrape,1,2
2025-09-01,20062,C2,38.4429,44.17,Distributor price list,1,43
2025-10-01,20062,C2,36.8923,44.17,Field report,1,36
2025-12-01,20062,C2,38.1765,44.8365,Lost quote,1,41
2026-01-01,20062,C2,38.1493,44.8365,Field report,1,36
2026-02-01,20062,C2,36.7306,42.2283,Marketplace scrape,1,17
2026-05-01,20062,C2,35.0191,40.6669,Field report,1,1
2026-06-01,20062,C2,35.1017,40.6669,Marketplace scrape,1,31
2023-07-01,20062,C3,47.6586,48.0003,Marketplace scrape,1,35
2023-08-01,20062,C3,52.3021,52.6659,Distributor price list,0,17
2023-09-01,20062,C3,51.5768,52.6659,Distributor price list,1,9
2023-10-01,20062,C3,54.4521,52.6659,Distributor price list,1,16
2023-11-01,20062,C3,54.9493,52.1545,Distributor price list,1,37
2023-12-01,20062,C3,52.2118,52.1545,Distributor price list,1,30
2024-01-01,20062,C3,52.2034,52.1545,Lost quote,1,26
2024-02-01,20062,C3,48.7911,47.899,Distributor price list,1,43
2024-03-01,20062,C3,48.5621,47.899,Lost quote,1,28
2024-05-01,20062,C3,50.0618,49.5818,Marketplace scrape,1,9
2024-06-01,20062,C3,48.8423,49.5818,Marketplace scrape,1,20
2024-09-01,20062,C3,52.6012,51.619,Lost quote,1,15
2024-10-01,20062,C3,52.1859,51.619,Distributor price list,1,34
2024-12-01,20062,C3,49.6026,49.8424,Distributor price list,1,9
2025-01-01,20062,C3,51.155,49.8424,Marketplace scrape,1,21
2025-04-01,20062,C3,39.9318,40.0607,Marketplace scrape,1,19
2025-06-01,20062,C3,39.2412,39.8322,Marketplace scrape,1,10
2025-07-01,20062,C3,38.7556,39.8322,Field report,1,29
2025-08-01,20062,C3,42.2006,44.17,Distributor price list,1,12
2025-10-01,20062,C3,43.1339,44.17,Distributor price list,1,17
2025-11-01,20062,C3,43.7993,44.8365,Marketplace scrape,1,45
2025-12-01,20062,C3,42.4646,44.8365,Field report,0,19
2026-01-01,20062,C3,43.0186,44.8365,Lost quote,1,28
2026-04-01,20062,C3,39.8827,42.2283,Marketplace scrape,1,29
2026-05-01,20062,C3,38.934,40.6669,Distributor price list,1,8
2023-08-01,20062,C4,44.4033,52.6659,Marketplace scrape,1,25
2023-09-01,20062,C4,46.7224,52.6659,Distributor price list,1,38
2023-10-01,20062,C4,43.8212,52.6659,Field report,1,4
2023-11-01,20062,C4,44.425,52.1545,Lost quote,1,16
2024-02-01,20062,C4,41.1304,47.899,Lost quote,1,35
2024-03-01,20062,C4,40.1831,47.899,Lost quote,1,20
2024-04-01,20062,C4,40.4029,47.899,Field report,1,35
2024-05-01,20062,C4,41.1965,49.5818,Distributor price list,1,31
2024-06-01,20062,C4,42.4376,49.5818,Marketplace scrape,1,41
2024-09-01,20062,C4,44.7478,51.619,Marketplace scrape,1,38
2024-11-01,20062,C4,43.4586,49.8424,Distributor price list,1,4
2024-12-01,20062,C4,41.9634,49.8424,Marketplace scrape,1,27
2025-02-01,20062,C4,34.2548,40.0607,Distributor price list,1,25
2025-04-01,20062,C4,32.8609,40.0607,Lost quote,1,22
2025-11-01,20062,C4,37.5996,44.8365,Distributor price list,1,45
2026-01-01,20062,C4,37.8441,44.8365,Marketplace scrape,1,17
2026-02-01,20062,C4,34.6505,42.2283,Marketplace scrape,1,14
2026-04-01,20062,C4,34.4279,42.2283,Lost quote,1,10
2023-07-01,20063,C1,79.5444,92.3109,Marketplace scrape,1,27
2023-08-01,20063,C1,81.2891,92.3109,Lost quote,1,45
2023-09-01,20063,C1,74.2044,85.3854,Distributor price list,1,26
2023-10-01,20063,C1,76.3066,85.3854,Field report,1,14
2023-11-01,20063,C1,75.1758,85.3854,Distributor price list,1,24
2023-12-01,20063,C1,76.0888,90.3471,Lost quote,1,44
2024-02-01,20063,C1,76.1444,90.3471,Field report,1,14
2024-03-01,20063,C1,77.7374,91.5644,Marketplace scrape,1,24
2024-04-01,20063,C1,78.5987,91.5644,Field report,1,1
2024-05-01,20063,C1,77.0274,91.5644,Distributor price list,1,26
2024-07-01,20063,C1,72.5396,86.9459,Lost quote,1,1
2024-10-01,20063,C1,66.3458,82.8221,Distributor price list,1,39
2024-11-01,20063,C1,68.5617,82.8221,Marketplace scrape,1,42
2025-02-01,20063,C1,68.6224,86.9543,Distributor price list,1,3
2025-03-01,20063,C1,69.1362,90.6802,Distributor price list,1,44
2025-05-01,20063,C1,71.0437,90.6802,Distributor price list,1,43
2025-07-01,20063,C1,68.2952,91.1136,Marketplace scrape,1,33
2025-08-01,20063,C1,70.3085,91.1136,Lost quote,1,13
2025-09-01,20063,C1,76.6352,92.5689,Field report,1,9
2025-11-01,20063,C1,72.0076,92.5689,Lost quote,1,14
2025-12-01,20063,C1,77.7673,96.7511,Marketplace scrape,1,6
2026-02-01,20063,C1,75.0994,96.7511,Distributor price list,1,28
2026-03-01,20063,C1,76.4664,96.0678,Marketplace scrape,1,45
2026-04-01,20063,C1,72.7633,96.0678,Marketplace scrape,1,41
2026-06-01,20063,C1,76.4376,98.3978,Lost quote,1,24
2023-07-01,20063,C2,73.7074,92.3109,Distributor price list,1,1
2023-08-01,20063,C2,73.687,92.3109,Marketplace scrape,1,3
2023-09-01,20063,C2,65.2475,85.3854,Lost quote,1,40
2023-10-01,20063,C2,67.2263,85.3854,Marketplace scrape,1,40
2023-11-01,20063,C2,67.3775,85.3854,Lost quote,0,35
2023-12-01,20063,C2,69.9592,90.3471,Marketplace scrape,1,32
2024-01-01,20063,C2,68.9826,90.3471,Marketplace scrape,1,30
2024-02-01,20063,C2,71.7691,90.3471,Marketplace scrape,1,40
2024-04-01,20063,C2,72.0165,91.5644,Field report,1,16
2024-05-01,20063,C2,69.5925,91.5644,Lost quote,1,42
2024-06-01,20063,C2,63.9857,86.9459,Distributor price list,1,19
2024-10-01,20063,C2,62.4434,82.8221,Marketplace scrape,1,13
2024-11-01,20063,C2,63.5127,82.8221,Marketplace scrape,1,21
2025-02-01,20063,C2,64.8238,86.9543,Lost quote,1,1
2025-03-01,20063,C2,66.1399,90.6802,Distributor price list,1,17
2025-04-01,20063,C2,67.2652,90.6802,Marketplace scrape,1,9
2025-06-01,20063,C2,64.9417,91.1136,Lost quote,1,10
2025-08-01,20063,C2,64.9239,91.1136,Distributor price list,1,16
2025-09-01,20063,C2,62.3623,92.5689,Field report,1,41
2025-10-01,20063,C2,64.2844,92.5689,Distributor price list,1,17
2026-01-01,20063,C2,64.6673,96.7511,Marketplace scrape,1,15
2026-02-01,20063,C2,66.2219,96.7511,Lost quote,1,18
2026-03-01,20063,C2,64.4841,96.0678,Field report,1,39
2026-05-01,20063,C2,64.7407,96.0678,Distributor price list,1,40
2026-06-01,20063,C2,64.5119,98.3978,Marketplace scrape,1,5
2023-07-01,20063,C3,90.1757,92.3109,Distributor price list,1,15
2023-11-01,20063,C3,86.1412,85.3854,Marketplace scrape,1,26
2023-12-01,20063,C3,90.7306,90.3471,Field report,1,35
2024-02-01,20063,C3,92.8853,90.3471,Marketplace scrape,0,34
2024-04-01,20063,C3,98.1878,91.5644,Lost quote,1,38
2024-05-01,20063,C3,94.8487,91.5644,Lost quote,1,37
2024-06-01,20063,C3,89.6694,86.9459,Lost quote,1,3
2024-07-01,20063,C3,91.4359,86.9459,Marketplace scrape,1,14
2024-08-01,20063,C3,89.111,86.9459,Field report,1,26
2024-09-01,20063,C3,85.5388,82.8221,Lost quote,1,39
2024-10-01,20063,C3,85.3805,82.8221,Marketplace scrape,0,7
2024-11-01,20063,C3,80.1606,82.8221,Marketplace scrape,1,15
2025-02-01,20063,C3,81.6107,86.9543,Marketplace scrape,1,44
2025-04-01,20063,C3,87.0924,90.6802,Marketplace scrape,1,41
2025-06-01,20063,C3,87.2934,91.1136,Marketplace scrape,1,36
2025-08-01,20063,C3,92.2201,91.1136,Distributor price list,1,32
2025-12-01,20063,C3,97.2724,96.7511,Field report,1,32
2026-01-01,20063,C3,98.438,96.7511,Marketplace scrape,1,30
2026-02-01,20063,C3,94.6078,96.7511,Field report,1,1
2026-03-01,20063,C3,91.2891,96.0678,Field report,1,22
2026-06-01,20063,C3,95.8868,98.3978,Lost quote,1,26
2023-07-01,20063,C4,81.5077,92.3109,Marketplace scrape,0,32
2023-08-01,20063,C4,83.937,92.3109,Field report,1,40
2023-11-01,20063,C4,73.4634,85.3854,Lost quote,1,16
2023-12-01,20063,C4,77.0652,90.3471,Distributor price list,1,16
2024-01-01,20063,C4,77.6583,90.3471,Distributor price list,1,39
2024-04-01,20063,C4,81.6155,91.5644,Field report,1,12
2024-07-01,20063,C4,74.8265,86.9459,Field report,1,8
2024-08-01,20063,C4,76.1119,86.9459,Field report,1,28
2024-09-01,20063,C4,72.8009,82.8221,Distributor price list,1,44
2024-10-01,20063,C4,72.0798,82.8221,Field report,1,2
2024-11-01,20063,C4,69.0382,82.8221,Field report,1,10
2024-12-01,20063,C4,71.8706,86.9543,Distributor price list,1,16
2025-01-01,20063,C4,68.9717,86.9543,Lost quote,0,13
2025-02-01,20063,C4,71.4607,86.9543,Marketplace scrape,1,31
2025-03-01,20063,C4,75.196,90.6802,Distributor price list,0,37
2025-05-01,20063,C4,75.802,90.6802,Marketplace scrape,1,33
2025-06-01,20063,C4,75.371,91.1136,Distributor price list,1,3
2025-07-01,20063,C4,72.2761,91.1136,Field report,1,16
2025-08-01,20063,C4,69.9726,91.1136,Marketplace scrape,1,38
2025-09-01,20063,C4,71.7418,92.5689,Field report,1,2
2025-11-01,20063,C4,71.4807,92.5689,Marketplace scrape,0,17
2026-03-01,20063,C4,75.6843,96.0678,Field report,1,14
2026-04-01,20063,C4,79.1227,96.0678,Lost quote,1,21
2026-05-01,20063,C4,75.4773,96.0678,Distributor price list,1,13
2026-06-01,20063,C4,80.7891,98.3978,Distributor price list,1,5
2023-10-01,20064,C1,47.4713,43.1031,Lost quote,1,6
2023-11-01,20064,C1,47.5281,43.1031,Marketplace scrape,1,12
2024-02-01,20064,C1,45.4778,42.6752,Field report,1,34
2024-04-01,20064,C1,50.8527,45.2225,Lost quote,1,10
2024-05-01,20064,C1,51.4908,45.2225,Field report,1,19
2024-06-01,20064,C1,48.8309,43.7563,Distributor price list,1,2
2024-08-01,20064,C1,48.699,43.7563,Marketplace scrape,0,16
2024-11-01,20064,C1,51.383,46.9973,Marketplace scrape,1,3
2024-12-01,20064,C1,53.3196,48.3651,Marketplace scrape,1,42
2025-02-01,20064,C1,55.9115,48.3651,Field report,1,42
2025-03-01,20064,C1,55.1608,49.3706,Lost quote,1,40
2025-04-01,20064,C1,56.7978,49.3706,Distributor price list,1,28
2025-05-01,20064,C1,58.7832,49.3706,Marketplace scrape,1,40
2025-06-01,20064,C1,54.7716,49.0268,Field report,1,28
2025-12-01,20064,C1,60.3845,52.0451,Lost quote,0,2
2026-01-01,20064,C1,58.6062,52.0451,Marketplace scrape,1,34
2026-03-01,20064,C1,59.709,53.6677,Lost quote,1,22
2026-04-01,20064,C1,59.3278,53.6677,Lost quote,1,44
2026-05-01,20064,C1,58.5376,53.6677,Marketplace scrape,1,15
2026-06-01,20064,C1,60.2404,54.383,Field report,1,5
2023-07-01,20064,C2,46.6232,45.8366,Distributor price list,1,11
2023-08-01,20064,C2,44.5994,45.8366,Distributor price list,1,36
2023-09-01,20064,C2,42.3474,43.1031,Lost quote,1,30
2023-12-01,20064,C2,40.3638,42.6752,Marketplace scrape,1,16
2024-03-01,20064,C2,44.0678,45.2225,Distributor price list,0,1
2024-07-01,20064,C2,42.6938,43.7563,Lost quote,1,35
2024-08-01,20064,C2,43.2366,43.7563,Marketplace scrape,0,5
2024-09-01,20064,C2,44.558,46.9973,Distributor price list,1,14
2024-11-01,20064,C2,42.7393,46.9973,Field report,1,26
2024-12-01,20064,C2,45.5944,48.3651,Lost quote,1,36
2025-01-01,20064,C2,45.1041,48.3651,Marketplace scrape,1,22
2025-02-01,20064,C2,43.529,48.3651,Distributor price list,1,20
2025-03-01,20064,C2,44.7231,49.3706,Lost quote,1,17
2025-04-01,20064,C2,44.8793,49.3706,Marketplace scrape,1,32
2025-05-01,20064,C2,44.8616,49.3706,Lost quote,1,3
2025-06-01,20064,C2,45.0548,49.0268,Field report,1,3
2025-08-01,20064,C2,45.8415,49.0268,Distributor price list,1,13
2025-09-01,20064,C2,43.9274,47.3931,Lost quote,1,29
2025-10-01,20064,C2,41.1544,47.3931,Distributor price list,1,6
2026-03-01,20064,C2,49.7533,53.6677,Marketplace scrape,1,35
2026-06-01,20064,C2,49.3144,54.383,Lost quote,1,9
2023-07-01,20064,C4,49.4753,45.8366,Marketplace scrape,1,29
2023-08-01,20064,C4,50.2811,45.8366,Field report,1,42
2023-09-01,20064,C4,44.454,43.1031,Field report,1,19
2023-10-01,20064,C4,46.5949,43.1031,Lost quote,1,15
2024-01-01,20064,C4,42.0746,42.6752,Field report,1,9
2024-03-01,20064,C4,44.2723,45.2225,Field report,1,41
2024-04-01,20064,C4,41.7519,45.2225,Field report,1,2
2024-05-01,20064,C4,42.4662,45.2225,Lost quote,1,2
2024-06-01,20064,C4,39.7708,43.7563,Marketplace scrape,1,21
2024-07-01,20064,C4,40.7506,43.7563,Field report,1,7
2024-08-01,20064,C4,39.786,43.7563,Field report,0,35
2024-09-01,20064,C4,43.5653,46.9973,Field report,1,30
2024-10-01,20064,C4,41.4104,46.9973,Lost quote,1,22
2024-11-01,20064,C4,43.2651,46.9973,Distributor price list,1,17
2025-02-01,20064,C4,45.1305,48.3651,Distributor price list,1,27
2025-06-01,20064,C4,45.0768,49.0268,Field report,1,40
2025-07-01,20064,C4,46.2648,49.0268,Lost quote,0,19
2025-09-01,20064,C4,45.0306,47.3931,Marketplace scrape,1,30
2025-11-01,20064,C4,46.1955,47.3931,Lost quote,1,8
2025-12-01,20064,C4,49.9276,52.0451,Lost quote,0,40
2026-01-01,20064,C4,48.0329,52.0451,Marketplace scrape,1,13
2026-02-01,20064,C4,50.4346,52.0451,Marketplace scrape,1,42
2026-06-01,20064,C4,54.3334,54.383,Marketplace scrape,1,37
2023-07-01,20064,C5,56.2971,45.8366,Distributor price list,1,38
2023-08-01,20064,C5,56.2697,45.8366,Field report,1,4
2023-10-01,20064,C5,53.6967,43.1031,Marketplace scrape,1,6
2023-12-01,20064,C5,55.1193,42.6752,Field report,0,36
2024-01-01,20064,C5,51.7798,42.6752,Marketplace scrape,1,19
2024-02-01,20064,C5,52.2856,42.6752,Marketplace scrape,0,38
2024-04-01,20064,C5,51.1623,45.2225,Lost quote,1,12
2024-06-01,20064,C5,50.1099,43.7563,Marketplace scrape,0,32
2024-07-01,20064,C5,50.5459,43.7563,Lost quote,1,18
2024-08-01,20064,C5,50.3612,43.7563,Lost quote,1,29
2024-09-01,20064,C5,53.0682,46.9973,Lost quote,1,18
2024-10-01,20064,C5,54.323,46.9973,Distributor price list,1,4
2024-11-01,20064,C5,56.188,46.9973,Distributor price list,1,6
2024-12-01,20064,C5,56.9658,48.3651,Field report,1,9
2025-01-01,20064,C5,55.2637,48.3651,Distributor price list,1,15
2025-04-01,20064,C5,58.2418,49.3706,Distributor price list,1,40
2025-07-01,20064,C5,58.3795,49.0268,Marketplace scrape,1,44
2025-09-01,20064,C5,55.2387,47.3931,Distributor price list,1,3
2025-10-01,20064,C5,54.4844,47.3931,Lost quote,1,22
2025-11-01,20064,C5,56.9726,47.3931,Field report,1,40
2026-01-01,20064,C5,59.4122,52.0451,Field report,1,33
2026-02-01,20064,C5,60.4906,52.0451,Lost quote,1,34
2026-03-01,20064,C5,65.8568,53.6677,Distributor price list,1,10
2026-04-01,20064,C5,65.1934,53.6677,Marketplace scrape,1,34
2026-05-01,20064,C5,65.5773,53.6677,Distributor price list,0,12
2026-06-01,20064,C5,66.2049,54.383,Marketplace scrape,1,31
2023-07-01,20065,C1,47.7287,42.2433,Distributor price list,0,25
2023-09-01,20065,C1,48.1678,42.2433,Field report,1,4
2023-10-01,20065,C1,49.2181,42.7324,Marketplace scrape,1,27
2023-11-01,20065,C1,48.8054,42.7324,Lost quote,0,5
2023-12-01,20065,C1,49.9452,42.7324,Distributor price list,0,19
2024-03-01,20065,C1,49.0086,41.252,Field report,1,45
2024-04-01,20065,C1,53.0348,44.4112,Marketplace scrape,1,1
2024-07-01,20065,C1,53.5261,44.7816,Lost quote,1,38
2024-08-01,20065,C1,54.0988,44.7816,Field report,1,24
2024-09-01,20065,C1,53.336,44.7816,Field report,1,39
2024-10-01,20065,C1,50.7985,43.4957,Distributor price list,1,10
2024-11-01,20065,C1,52.1146,43.4957,Marketplace scrape,1,31
2024-12-01,20065,C1,51.7142,43.4957,Lost quote,1,10
2025-02-01,20065,C1,52.6435,44.0852,Distributor price list,1,27
2025-03-01,20065,C1,53.1718,44.0852,Marketplace scrape,1,43
2025-04-01,20065,C1,54.9969,44.8179,Distributor price list,1,6
2025-07-01,20065,C1,51.6659,43.6658,Marketplace scrape,1,32
2025-08-01,20065,C1,50.003,43.6658,Distributor price list,1,41
2025-10-01,20065,C1,49.458,40.8347,Lost quote,1,34
2025-11-01,20065,C1,49.2298,40.8347,Lost quote,1,17
2025-12-01,20065,C1,50.5666,40.8347,Marketplace scrape,1,6
2026-01-01,20065,C1,48.0808,40.7111,Distributor price list,1,43
2026-02-01,20065,C1,47.7829,40.7111,Distributor price list,1,1
2026-04-01,20065,C1,47.6355,39.5147,Distributor price list,1,2
2023-09-01,20065,C3,53.2126,42.2433,Lost quote,1,42
2023-10-01,20065,C3,54.676,42.7324,Distributor price list,1,16
2023-11-01,20065,C3,52.1924,42.7324,Marketplace scrape,1,44
2023-12-01,20065,C3,54.341,42.7324,Distributor price list,0,8
2024-01-01,20065,C3,54.8599,41.252,Marketplace scrape,1,13
2024-02-01,20065,C3,57.7533,41.252,Field report,1,16
2024-03-01,20065,C3,57.032,41.252,Field report,1,11
2024-04-01,20065,C3,60.1026,44.4112,Lost quote,1,34
2024-05-01,20065,C3,61.7817,44.4112,Lost quote,1,5
2024-06-01,20065,C3,58.0728,44.4112,Lost quote,1,38
2024-07-01,20065,C3,58.0105,44.7816,Marketplace scrape,1,36
2024-11-01,20065,C3,55.8485,43.4957,Lost quote,1,18
2024-12-01,20065,C3,57.2136,43.4957,Field report,1,39
2025-05-01,20065,C3,61.7074,44.8179,Marketplace scrape,1,27
2025-07-01,20065,C3,60.3268,43.6658,Distributor price list,1,35
2025-08-01,20065,C3,59.794,43.6658,Marketplace scrape,1,9
2025-10-01,20065,C3,54.4827,40.8347,Distributor price list,1,9
2026-03-01,20065,C3,56.0342,40.7111,Distributor price list,1,38
2026-04-01,20065,C3,51.5994,39.5147,Marketplace scrape,1,8
2023-08-01,20065,C4,48.8868,42.2433,Distributor price list,1,1
2023-09-01,20065,C4,52.1744,42.2433,Lost quote,1,31
2024-01-01,20065,C4,51.9145,41.252,Lost quote,1,23
2024-02-01,20065,C4,51.5335,41.252,Field report,1,10
2024-07-01,20065,C4,57.7678,44.7816,Field report,1,30
2024-08-01,20065,C4,57.7885,44.7816,Field report,1,29
2024-09-01,20065,C4,55.3024,44.7816,Field report,1,31
2024-10-01,20065,C4,55.227,43.4957,Field report,1,15
2024-11-01,20065,C4,57.5505,43.4957,Lost quote,1,9
2024-12-01,20065,C4,57.7532,43.4957,Distributor price list,1,1
2025-01-01,20065,C4,59.5499,44.0852,Marketplace scrape,1,17
2025-02-01,20065,C4,57.8237,44.0852,Lost quote,1,37
2025-03-01,20065,C4,58.3277,44.0852,Lost quote,1,38
2025-04-01,20065,C4,60.4955,44.8179,Field report,1,9
2025-05-01,20065,C4,56.3671,44.8179,Distributor price list,1,35
2025-06-01,20065,C4,54.7179,44.8179,Marketplace scrape,0,25
2025-08-01,20065,C4,52.2856,43.6658,Field report,1,16
2025-09-01,20065,C4,52.6641,43.6658,Marketplace scrape,1,18
2025-10-01,20065,C4,51.1402,40.8347,Lost quote,1,31
2025-11-01,20065,C4,51.1555,40.8347,Field report,1,42
2025-12-01,20065,C4,51.9348,40.8347,Field report,1,40
2026-01-01,20065,C4,48.8531,40.7111,Field report,1,4
2026-02-01,20065,C4,49.5409,40.7111,Field report,1,5
2026-03-01,20065,C4,49.5655,40.7111,Lost quote,1,6
2026-04-01,20065,C4,48.1151,39.5147,Lost quote,1,24
2026-05-01,20065,C4,50.0574,39.5147,Distributor price list,1,17
2026-06-01,20065,C4,48.6052,39.5147,Field report,1,36
2023-10-01,20066,C2,17.0252,16.8669,Marketplace scrape,1,10
2023-11-01,20066,C2,16.6678,17.0141,Marketplace scrape,1,12
2024-02-01,20066,C2,17.1724,16.849,Lost quote,1,25
2024-03-01,20066,C2,17.2261,16.849,Field report,1,45
2024-04-01,20066,C2,18.485,16.849,Marketplace scrape,1,39
2024-05-01,20066,C2,16.8368,15.6209,Marketplace scrape,0,40
2024-07-01,20066,C2,17.1429,15.6209,Distributor price list,1,7
2024-08-01,20066,C2,14.3727,13.5628,Field report,1,31
2024-09-01,20066,C2,14.7812,13.5628,Field report,1,31
2024-12-01,20066,C2,15.4391,13.4218,Distributor price list,1,15
2025-01-01,20066,C2,15.8715,13.4218,Lost quote,1,30
2025-02-01,20066,C2,16.0631,14.3367,Distributor price list,1,31
2025-03-01,20066,C2,16.5511,14.3367,Lost quote,1,10
2025-04-01,20066,C2,16.8007,14.3367,Lost quote,1,10
2025-05-01,20066,C2,17.3929,14.5836,Distributor price list,1,19
2025-07-01,20066,C2,18.637,14.5836,Marketplace scrape,1,19
2025-08-01,20066,C2,17.9584,14.317,Marketplace scrape,1,23
2025-10-01,20066,C2,16.615,14.317,Distributor price list,1,17
2025-11-01,20066,C2,17.5878,14.9946,Field report,1,25
2026-03-01,20066,C2,19.9519,17.2047,Field report,1,35
2026-05-01,20066,C2,19.506,16.3595,Marketplace scrape,1,36
2026-06-01,20066,C2,19.0344,16.3595,Lost quote,1,18
2023-07-01,20067,C1,6.9598,7.6651,Lost quote,1,8
2023-11-01,20067,C1,8.2916,8.934,Distributor price list,1,9
2024-01-01,20067,C1,8.4151,8.934,Field report,1,30
2024-02-01,20067,C1,8.1649,8.6392,Lost quote,1,22
2024-06-01,20067,C1,7.8511,8.6392,Field report,1,40
2024-09-01,20067,C1,8.2788,9.0644,Distributor price list,1,13
2024-10-01,20067,C1,7.949,9.0644,Marketplace scrape,1,34
2025-01-01,20067,C1,8.1607,9.0644,Marketplace scrape,1,22
2025-02-01,20067,C1,8.9759,10.2148,Distributor price list,1,34
2025-03-01,20067,C1,9.114,10.2148,Marketplace scrape,1,44
2025-06-01,20067,C1,9.3087,10.2148,Field report,1,1
2025-07-01,20067,C1,9.5015,10.2148,Field report,1,21
2025-08-01,20067,C1,10.2189,10.6594,Marketplace scrape,1,6
2025-11-01,20067,C1,9.5937,10.6594,Marketplace scrape,1,18
2026-01-01,20067,C1,10.5545,10.6594,Distributor price list,1,24
2026-02-01,20067,C1,10.0553,10.5402,Field report,1,25
2026-03-01,20067,C1,9.7889,10.5402,Field report,1,42
2026-05-01,20067,C1,10.1926,10.5402,Field report,1,44
2023-08-01,20067,C2,7.5734,8.934,Marketplace scrape,1,27
2023-09-01,20067,C2,7.8291,8.934,Field report,1,31
2023-10-01,20067,C2,7.9356,8.934,Field report,1,36
2023-11-01,20067,C2,8.2259,8.934,Lost quote,0,24
2023-12-01,20067,C2,8.0541,8.934,Marketplace scrape,1,10
2024-02-01,20067,C2,7.7745,8.6392,Lost quote,1,36
2024-04-01,20067,C2,7.5199,8.6392,Marketplace scrape,1,42
2024-05-01,20067,C2,7.2932,8.6392,Lost quote,1,15
2024-06-01,20067,C2,7.6286,8.6392,Marketplace scrape,1,35
2024-07-01,20067,C2,7.9325,8.6392,Field report,1,19
2024-08-01,20067,C2,8.1489,9.0644,Distributor price list,1,2
2024-10-01,20067,C2,7.8635,9.0644,Distributor price list,1,37
2024-11-01,20067,C2,7.855,9.0644,Marketplace scrape,1,8
2024-12-01,20067,C2,7.5355,9.0644,Field report,1,36
2025-02-01,20067,C2,8.3969,10.2148,Marketplace scrape,1,26
2025-04-01,20067,C2,9.0204,10.2148,Lost quote,1,40
2025-05-01,20067,C2,8.8593,10.2148,Marketplace scrape,1,41
2025-06-01,20067,C2,8.765,10.2148,Lost quote,1,20
2025-09-01,20067,C2,8.12,10.6594,Field report,1,26
2025-10-01,20067,C2,8.2522,10.6594,Field report,1,7
2025-11-01,20067,C2,8.0394,10.6594,Marketplace scrape,1,42
2025-12-01,20067,C2,8.0146,10.6594,Distributor price list,1,18
2026-01-01,20067,C2,8.0388,10.6594,Field report,0,19
2026-02-01,20067,C2,7.886,10.5402,Marketplace scrape,1,34
2026-03-01,20067,C2,7.7268,10.5402,Lost quote,1,33
2026-04-01,20067,C2,7.7943,10.5402,Field report,1,26
2026-05-01,20067,C2,7.4959,10.5402,Lost quote,1,6
2026-06-01,20067,C2,7.662,10.5402,Lost quote,1,7
2023-08-01,20067,C3,8.6439,8.934,Field report,1,6
2023-10-01,20067,C3,8.893,8.934,Marketplace scrape,1,12
2023-12-01,20067,C3,8.6952,8.934,Lost quote,1,21
2024-01-01,20067,C3,8.5635,8.934,Marketplace scrape,1,45
2024-02-01,20067,C3,8.5733,8.6392,Lost quote,1,24
2024-03-01,20067,C3,8.9197,8.6392,Distributor price list,1,12
2024-05-01,20067,C3,8.4409,8.6392,Lost quote,1,12
2024-09-01,20067,C3,9.6556,9.0644,Lost quote,1,35
2024-10-01,20067,C3,9.3471,9.0644,Field report,1,41
2024-11-01,20067,C3,9.1361,9.0644,Field report,1,13
2025-01-01,20067,C3,9.1262,9.0644,Distributor price list,1,13
2025-03-01,20067,C3,10.4612,10.2148,Lost quote,1,12
2025-04-01,20067,C3,10.0554,10.2148,Marketplace scrape,1,13
2025-06-01,20067,C3,10.6746,10.2148,Marketplace scrape,1,17
2025-07-01,20067,C3,10.3065,10.2148,Field report,1,37
2025-08-01,20067,C3,11.0885,10.6594,Distributor price list,1,22
2025-10-01,20067,C3,11.3892,10.6594,Lost quote,1,38
2025-11-01,20067,C3,10.8941,10.6594,Marketplace scrape,1,3
2025-12-01,20067,C3,11.5435,10.6594,Distributor price list,1,35
2026-01-01,20067,C3,11.6989,10.6594,Field report,1,7
2026-04-01,20067,C3,11.2308,10.5402,Marketplace scrape,1,41
2026-06-01,20067,C3,10.3897,10.5402,Field report,1,5
2023-08-01,20068,C2,19.111,21.4248,Field report,1,41
2023-11-01,20068,C2,17.6938,21.1391,Marketplace scrape,1,13
2023-12-01,20068,C2,17.5831,21.1391,Lost quote,1,10
2024-04-01,20068,C2,17.0465,21.5255,Marketplace scrape,1,42
2024-05-01,20068,C2,17.3299,21.5255,Lost quote,1,25
2024-06-01,20068,C2,17.7591,21.5255,Distributor price list,1,43
2024-07-01,20068,C2,16.8997,21.5255,Marketplace scrape,1,7
2024-08-01,20068,C2,17.1678,21.5255,Field report,1,15
2024-10-01,20068,C2,14.0877,18.3404,Lost quote,1,13
2025-02-01,20068,C2,13.465,18.3404,Lost quote,1,21
2025-03-01,20068,C2,12.6056,17.1829,Distributor price list,1,9
2025-04-01,20068,C2,12.7541,17.1829,Distributor price list,1,26
2025-05-01,20068,C2,13.017,17.1829,Lost quote,1,10
2025-06-01,20068,C2,13.3371,17.1829,Marketplace scrape,1,15
2025-07-01,20068,C2,13.1905,17.1829,Field report,1,14
2025-10-01,20068,C2,13.6291,17.362,Marketplace scrape,1,29
2025-11-01,20068,C2,13.4791,17.362,Distributor price list,1,13
2025-12-01,20068,C2,13.0714,17.362,Marketplace scrape,0,23
2026-01-01,20068,C2,13.5706,17.362,Marketplace scrape,1,41
2026-03-01,20068,C2,15.5395,19.6426,Field report,1,12
2026-04-01,20068,C2,16.3379,19.6426,Lost quote,1,8
2026-06-01,20068,C2,15.7348,19.6426,Marketplace scrape,0,30
2023-08-01,20068,C3,23.304,21.4248,Marketplace scrape,1,40
2023-09-01,20068,C3,23.4963,21.1391,Field report,1,15
2023-11-01,20068,C3,23.7019,21.1391,Distributor price list,1,39
2024-01-01,20068,C3,23.0266,21.1391,Distributor price list,1,6
2024-02-01,20068,C3,22.7066,21.1391,Marketplace scrape,1,14
2024-03-01,20068,C3,23.6613,21.5255,Field report,1,44
2024-04-01,20068,C3,22.5923,21.5255,Distributor price list,1,16
2024-06-01,20068,C3,22.5892,21.5255,Marketplace scrape,1,14
2024-07-01,20068,C3,23.0971,21.5255,Distributor price list,1,20
2024-11-01,20068,C3,18.3594,18.3404,Distributor price list,1,27
2025-02-01,20068,C3,20.2269,18.3404,Marketplace scrape,1,18
2025-03-01,20068,C3,19.1113,17.1829,Distributor price list,1,23
2025-05-01,20068,C3,17.3826,17.1829,Marketplace scrape,1,23
2025-06-01,20068,C3,17.6351,17.1829,Distributor price list,1,3
2025-07-01,20068,C3,17.5432,17.1829,Distributor price list,1,9
2025-08-01,20068,C3,18.1326,17.1829,Distributor price list,0,4
2025-09-01,20068,C3,18.0306,17.362,Lost quote,1,31
2026-03-01,20068,C3,20.239,19.6426,Lost quote,1,41
2026-05-01,20068,C3,19.7437,19.6426,Distributor price list,1,15
2023-08-01,20068,C5,25.3095,21.4248,Distributor price list,1,15
2023-09-01,20068,C5,24.0351,21.1391,Lost quote,1,12
2023-10-01,20068,C5,22.5741,21.1391,Distributor price list,1,6
2023-11-01,20068,C5,23.6665,21.1391,Marketplace scrape,1,21
2023-12-01,20068,C5,24.6699,21.1391,Lost quote,1,17
2024-01-01,20068,C5,23.8741,21.1391,Field report,1,45
2024-03-01,20068,C5,25.2848,21.5255,Field report,1,25
2024-04-01,20068,C5,25.0168,21.5255,Marketplace scrape,0,5
2024-08-01,20068,C5,25.0697,21.5255,Marketplace scrape,1,3
2024-10-01,20068,C5,21.3805,18.3404,Lost quote,1,32
2024-11-01,20068,C5,22.2296,18.3404,Marketplace scrape,1,45
2024-12-01,20068,C5,22.9908,18.3404,Field report,0,38
2025-01-01,20068,C5,22.7014,18.3404,Field report,1,21
2025-02-01,20068,C5,23.1433,18.3404,Field report,0,24
2025-08-01,20068,C5,21.3079,17.1829,Marketplace scrape,1,32
2025-09-01,20068,C5,21.7926,17.362,Field report,1,26
2025-10-01,20068,C5,21.6418,17.362,Marketplace scrape,1,11
2025-11-01,20068,C5,21.0186,17.362,Marketplace scrape,1,23
2025-12-01,20068,C5,21.1052,17.362,Marketplace scrape,1,5
2026-01-01,20068,C5,21.2638,17.362,Marketplace scrape,1,17
2026-03-01,20068,C5,25.4157,19.6426,Marketplace scrape,1,9
2026-06-01,20068,C5,24.4311,19.6426,Distributor price list,1,11
2023-07-01,20069,C2,25.0695,24.3814,Distributor price list,1,35
2023-08-01,20069,C2,27.4544,25.1177,Lost quote,1,42
2023-10-01,20069,C2,26.1063,25.1177,Field report,1,15
2023-11-01,20069,C2,26.083,24.2497,Marketplace scrape,1,33
2024-02-01,20069,C2,26.3969,23.4565,Marketplace scrape,1,38
2024-03-01,20069,C2,25.5797,23.4565,Distributor price list,1,42
2024-05-01,20069,C2,24.8727,23.0811,Lost quote,1,9
2024-09-01,20069,C2,23.6941,22.7575,Field report,1,31
2024-10-01,20069,C2,23.9755,22.7575,Distributor price list,1,43
2024-12-01,20069,C2,23.1425,21.657,Marketplace scrape,1,3
2025-01-01,20069,C2,23.5503,21.657,Distributor price list,1,7
2025-02-01,20069,C2,20.9244,19.3253,Marketplace scrape,1,45
2025-04-01,20069,C2,20.5625,19.3253,Lost quote,1,38
2025-05-01,20069,C2,20.0588,17.9142,Marketplace scrape,1,14
2025-07-01,20069,C2,21.2034,17.9142,Distributor price list,0,36
2025-08-01,20069,C2,22.4189,18.8856,Field report,1,6
2025-09-01,20069,C2,22.2122,18.8856,Lost quote,1,21
2025-10-01,20069,C2,22.3103,18.8856,Lost quote,1,44
2025-11-01,20069,C2,24.1177,19.7136,Distributor price list,1,13
2026-01-01,20069,C2,23.5017,19.7136,Distributor price list,1,19
2026-02-01,20069,C2,21.3366,18.0857,Distributor price list,1,10
2026-05-01,20069,C2,21.0984,18.4163,Lost quote,1,27
2026-06-01,20069,C2,20.7717,18.4163,Lost quote,1,37
2023-08-01,20069,C4,28.4737,25.1177,Distributor price list,1,2
2023-09-01,20069,C4,29.2744,25.1177,Field report,1,9
2023-10-01,20069,C4,27.7304,25.1177,Marketplace scrape,1,20
2023-12-01,20069,C4,25.7006,24.2497,Field report,1,1
2024-01-01,20069,C4,25.8393,24.2497,Lost quote,1,33
2024-02-01,20069,C4,24.5564,23.4565,Marketplace scrape,1,37
2024-04-01,20069,C4,25.2371,23.4565,Marketplace scrape,1,21
2024-08-01,20069,C4,25.8236,22.7575,Lost quote,1,22
2024-09-01,20069,C4,25.2211,22.7575,Field report,1,13
2024-10-01,20069,C4,24.7361,22.7575,Lost quote,1,27
2024-11-01,20069,C4,22.8572,21.657,Field report,1,22
2025-01-01,20069,C4,23.0493,21.657,Lost quote,1,27
2025-02-01,20069,C4,21.2301,19.3253,Field report,1,39
2025-07-01,20069,C4,21.2671,17.9142,Lost quote,1,44
2025-08-01,20069,C4,22.1837,18.8856,Lost quote,1,19
2025-09-01,20069,C4,22.1977,18.8856,Lost quote,1,6
2025-11-01,20069,C4,23.785,19.7136,Marketplace scrape,1,32
2025-12-01,20069,C4,24.1334,19.7136,Field report,1,36
2026-01-01,20069,C4,24.2624,19.7136,Distributor price list,1,43
2026-02-01,20069,C4,21.4424,18.0857,Lost quote,1,17
2026-03-01,20069,C4,21.7846,18.0857,Distributor price list,1,30
2026-04-01,20069,C4,22.4965,18.0857,Field report,1,33
2023-07-01,20069,C5,30.9418,24.3814,Lost quote,1,12
2023-08-01,20069,C5,33.0153,25.1177,Field report,1,2
2023-09-01,20069,C5,32.7595,25.1177,Lost quote,0,14
2023-10-01,20069,C5,32.3628,25.1177,Field report,1,35
2024-01-01,20069,C5,29.8726,24.2497,Marketplace scrape,1,2
2024-02-01,20069,C5,28.9687,23.4565,Lost quote,1,44
2024-03-01,20069,C5,28.0084,23.4565,Field report,1,36
2024-06-01,20069,C5,26.862,23.0811,Lost quote,1,3
2024-07-01,20069,C5,26.1538,23.0811,Distributor price list,1,32
2024-09-01,20069,C5,27.7791,22.7575,Field report,1,16
2024-10-01,20069,C5,27.1247,22.7575,Marketplace scrape,1,18
2024-12-01,20069,C5,26.1078,21.657,Distributor price list,1,13
2025-01-01,20069,C5,25.744,21.657,Marketplace scrape,1,34
2025-02-01,20069,C5,23.8067,19.3253,Distributor price list,0,19
2025-03-01,20069,C5,24.0953,19.3253,Lost quote,1,4
2025-05-01,20069,C5,22.7975,17.9142,Marketplace scrape,1,12
2025-06-01,20069,C5,23.5117,17.9142,Field report,0,26
2025-07-01,20069,C5,23.4265,17.9142,Marketplace scrape,1,21
2025-10-01,20069,C5,25.6082,18.8856,Lost quote,1,10
2025-12-01,20069,C5,27.4421,19.7136,Lost quote,1,30
2026-01-01,20069,C5,25.9556,19.7136,Field report,1,23
2026-02-01,20069,C5,23.4224,18.0857,Field report,1,21
2026-03-01,20069,C5,24.1868,18.0857,Distributor price list,0,30
2026-04-01,20069,C5,23.4348,18.0857,Marketplace scrape,1,45
2023-07-01,20070,C1,19.3768,18.9605,Marketplace scrape,0,23
2023-08-01,20070,C1,20.5319,18.9605,Field report,1,44
2023-09-01,20070,C1,20.191,18.9605,Distributor price list,1,9
2023-10-01,20070,C1,18.935,17.6262,Lost quote,1,19
2023-11-01,20070,C1,18.9883,17.6262,Distributor price list,1,42
2023-12-01,20070,C1,18.8736,17.6262,Marketplace scrape,1,17
2024-03-01,20070,C1,19.0967,18.2129,Marketplace scrape,1,19
2024-04-01,20070,C1,17.8237,16.6126,Lost quote,1,43
2024-07-01,20070,C1,17.8419,15.8471,Lost quote,1,36
2025-01-01,20070,C1,17.4792,14.5596,Field report,1,41
2025-05-01,20070,C1,19.1878,14.5136,Distributor price list,1,41
2025-06-01,20070,C1,20.1047,14.5136,Distributor price list,1,20
2025-07-01,20070,C1,18.3836,13.5561,Field report,1,9
2025-09-01,20070,C1,18.2013,13.5561,Field report,1,22
2025-11-01,20070,C1,20.1782,14.4755,Marketplace scrape,1,36
2025-12-01,20070,C1,20.5413,14.4755,Lost quote,1,17
2026-03-01,20070,C1,21.9757,15.2465,Marketplace scrape,1,15
2026-04-01,20070,C1,22.5087,14.8741,Field report,1,8
2026-05-01,20070,C1,22.1625,14.8741,Distributor price list,1,1
2026-06-01,20070,C1,22.7142,14.8741,Field report,1,4
2023-07-01,20071,C2,62.4565,79.8667,Lost quote,1,44
2023-08-01,20071,C2,65.6408,79.8667,Distributor price list,1,24
2023-09-01,20071,C2,63.01,79.8667,Lost quote,1,16
2023-10-01,20071,C2,64.1766,78.3166,Distributor price list,1,44
2023-12-01,20071,C2,63.2147,78.3166,Lost quote,1,21
2024-02-01,20071,C2,60.6744,75.1746,Lost quote,1,6
2024-03-01,20071,C2,62.4452,75.1746,Distributor price list,1,17
2024-06-01,20071,C2,57.6941,71.2655,Lost quote,1,36
2024-08-01,20071,C2,59.6394,72.5473,Marketplace scrape,1,2
2024-09-01,20071,C2,59.3436,72.5473,Distributor price list,1,1
2024-10-01,20071,C2,60.0545,73.8782,Marketplace scrape,1,27
2024-11-01,20071,C2,57.9819,73.8782,Lost quote,1,29
2025-01-01,20071,C2,63.3512,78.8307,Marketplace scrape,1,44
2025-02-01,20071,C2,63.6946,78.8307,Field report,1,29
2025-04-01,20071,C2,60.0099,77.6687,Lost quote,1,11
2025-05-01,20071,C2,61.1233,77.6687,Lost quote,1,29
2025-06-01,20071,C2,60.2112,77.6687,Distributor price list,1,22
2025-07-01,20071,C2,58.6026,73.2626,Distributor price list,1,5
2025-08-01,20071,C2,56.3633,73.2626,Lost quote,1,24
2025-10-01,20071,C2,56.4002,72.091,Distributor price list,1,28
2025-12-01,20071,C2,54.9195,72.091,Field report,1,43
2026-01-01,20071,C2,50.1543,65.7625,Lost quote,1,27
2026-02-01,20071,C2,49.4719,65.7625,Lost quote,0,42
2026-03-01,20071,C2,50.7204,65.7625,Lost quote,1,40
2026-04-01,20071,C2,44.1736,57.5333,Lost quote,1,17
2026-05-01,20071,C2,43.4908,57.5333,Distributor price list,1,11
2026-06-01,20071,C2,44.1628,57.5333,Distributor price list,1,5
2023-07-01,20072,C1,12.8629,15.2657,Field report,1,7
2023-09-01,20072,C1,12.9951,15.2657,Marketplace scrape,1,44
2023-10-01,20072,C1,12.6261,15.2657,Field report,1,18
2023-11-01,20072,C1,13.3955,15.2657,Distributor price list,1,26
2023-12-01,20072,C1,13.789,15.2657,Field report,1,41
2024-02-01,20072,C1,14.0904,15.2657,Distributor price list,1,36
2024-03-01,20072,C1,13.2926,15.2657,Marketplace scrape,0,42
2024-05-01,20072,C1,14.5087,15.2657,Marketplace scrape,1,6
2024-06-01,20072,C1,14.0937,15.2657,Lost quote,1,34
2024-07-01,20072,C1,14.0082,15.2657,Marketplace scrape,1,36
2024-09-01,20072,C1,14.42,15.2657,Marketplace scrape,1,27
2024-11-01,20072,C1,13.5417,15.2657,Marketplace scrape,1,41
2025-01-01,20072,C1,13.7237,15.2657,Field report,1,13
2025-02-01,20072,C1,13.572,15.2657,Lost quote,1,21
2025-03-01,20072,C1,13.4395,15.2657,Lost quote,1,33
2025-05-01,20072,C1,13.3773,15.2657,Marketplace scrape,1,17
2025-06-01,20072,C1,13.6914,15.2657,Field report,1,20
2025-07-01,20072,C1,13.191,15.2657,Marketplace scrape,1,29
2025-09-01,20072,C1,12.7343,15.2657,Lost quote,1,19
2025-11-01,20072,C1,13.1061,15.2657,Marketplace scrape,1,17
2026-01-01,20072,C1,13.2146,15.2657,Field report,1,19
2026-02-01,20072,C1,13.5457,15.2657,Marketplace scrape,1,3
2026-03-01,20072,C1,13.4546,15.2657,Distributor price list,1,19
2023-07-01,20072,C2,12.2053,15.2657,Lost quote,1,27
2023-11-01,20072,C2,12.5893,15.2657,Distributor price list,1,31
2024-02-01,20072,C2,12.0193,15.2657,Lost quote,1,3
2024-04-01,20072,C2,11.9737,15.2657,Lost quote,1,31
2024-05-01,20072,C2,12.075,15.2657,Lost quote,1,45
2024-07-01,20072,C2,12.1178,15.2657,Field report,1,20
2024-08-01,20072,C2,12.6002,15.2657,Marketplace scrape,1,5
2024-09-01,20072,C2,12.2664,15.2657,Lost quote,1,37
2025-01-01,20072,C2,12.5999,15.2657,Lost quote,1,40
2025-02-01,20072,C2,13.0356,15.2657,Field report,1,38
2025-03-01,20072,C2,12.1202,15.2657,Distributor price list,1,41
2025-05-01,20072,C2,12.5154,15.2657,Lost quote,1,25
2025-06-01,20072,C2,12.5301,15.2657,Marketplace scrape,0,42
2025-10-01,20072,C2,13.0598,15.2657,Field report,1,35
2025-11-01,20072,C2,13.0967,15.2657,Distributor price list,1,14
2026-01-01,20072,C2,13.1188,15.2657,Distributor price list,1,32
2026-03-01,20072,C2,13.4931,15.2657,Lost quote,1,30
2026-04-01,20072,C2,14.0284,15.2657,Lost quote,0,32
2026-06-01,20072,C2,14.4936,15.2657,Distributor price list,1,6
2023-07-01,20073,C2,19.5944,20.1823,Field report,1,3
2023-10-01,20073,C2,21.9097,21.6086,Marketplace scrape,1,4
2023-12-01,20073,C2,21.4586,21.6086,Field report,1,30
2024-01-01,20073,C2,20.8209,21.6086,Marketplace scrape,1,9
2024-02-01,20073,C2,21.2296,21.6086,Lost quote,1,41
2024-03-01,20073,C2,20.0254,21.6086,Distributor price list,1,28
2024-04-01,20073,C2,19.3436,21.6086,Field report,1,21
2024-06-01,20073,C2,20.9706,21.6086,Lost quote,1,31
2024-08-01,20073,C2,21.0004,21.6086,Marketplace scrape,1,3
2024-09-01,20073,C2,19.6919,21.6086,Field report,1,45
2024-10-01,20073,C2,21.0343,21.6086,Distributor price list,1,4
2024-11-01,20073,C2,20.1579,21.6086,Distributor price list,1,18
2025-03-01,20073,C2,19.5206,21.6086,Field report,1,2
2025-05-01,20073,C2,20.0165,21.6086,Lost quote,1,17
2025-06-01,20073,C2,20.836,21.6086,Lost quote,0,10
2025-07-01,20073,C2,19.9685,21.6086,Marketplace scrape,1,4
2025-12-01,20073,C2,19.5606,21.6086,Marketplace scrape,1,41
2026-02-01,20073,C2,18.7171,21.6086,Distributor price list,1,43
2026-03-01,20073,C2,19.3467,21.6086,Distributor price list,1,14
2026-04-01,20073,C2,19.1953,21.6086,Marketplace scrape,1,19
2023-07-01,20073,C3,24.2329,20.1823,Field report,1,19
2023-08-01,20073,C3,23.51,20.1823,Lost quote,1,15
2023-09-01,20073,C3,25.6003,21.6086,Distributor price list,1,25
2023-12-01,20073,C3,25.9046,21.6086,Lost quote,1,9
2024-04-01,20073,C3,23.6124,21.6086,Lost quote,1,38
2024-05-01,20073,C3,23.8618,21.6086,Field report,1,23
2024-06-01,20073,C3,23.5858,21.6086,Distributor price list,1,18
2024-07-01,20073,C3,23.3381,21.6086,Lost quote,1,26
2024-08-01,20073,C3,22.5648,21.6086,Lost quote,1,35
2024-10-01,20073,C3,22.0343,21.6086,Distributor price list,1,37
2024-11-01,20073,C3,21.6586,21.6086,Marketplace scrape,1,3
2024-12-01,20073,C3,22.0383,21.6086,Distributor price list,1,16
2025-05-01,20073,C3,21.6314,21.6086,Distributor price list,1,45
2025-06-01,20073,C3,21.0076,21.6086,Distributor price list,1,3
2025-07-01,20073,C3,21.4751,21.6086,Lost quote,1,39
2025-08-01,20073,C3,21.1306,21.6086,Lost quote,1,35
2025-10-01,20073,C3,20.5845,21.6086,Distributor price list,1,27
2025-11-01,20073,C3,20.1534,21.6086,Field report,1,28
2026-01-01,20073,C3,21.5127,21.6086,Distributor price list,1,17
2026-02-01,20073,C3,22.1876,21.6086,Lost quote,1,41
2026-06-01,20073,C3,33.28,30.3209,Lost quote,1,16
2023-08-01,20073,C4,21.6228,20.1823,Distributor price list,1,22
2023-09-01,20073,C4,25.1362,21.6086,Marketplace scrape,1,27
2023-12-01,20073,C4,23.8615,21.6086,Marketplace scrape,1,36
2024-01-01,20073,C4,25.0086,21.6086,Field report,1,19
2024-03-01,20073,C4,24.9957,21.6086,Field report,1,19
2024-04-01,20073,C4,25.8889,21.6086,Field report,1,23
2024-06-01,20073,C4,25.2484,21.6086,Distributor price list,0,45
2024-07-01,20073,C4,24.7231,21.6086,Lost quote,1,21
2024-09-01,20073,C4,23.4241,21.6086,Field report,1,23
2024-10-01,20073,C4,24.7918,21.6086,Marketplace scrape,1,18
2025-04-01,20073,C4,23.2718,21.6086,Lost quote,1,39
2025-06-01,20073,C4,22.4884,21.6086,Field report,1,29
2025-07-01,20073,C4,23.9699,21.6086,Marketplace scrape,1,43
2025-10-01,20073,C4,24.6562,21.6086,Lost quote,1,37
2025-11-01,20073,C4,23.7776,21.6086,Field report,1,9
2026-02-01,20073,C4,23.1546,21.6086,Distributor price list,1,18
2026-06-01,20073,C4,32.4567,30.3209,Distributor price list,1,25
2023-07-01,20074,C1,59.9771,52.9538,Lost quote,1,30
2023-08-01,20074,C1,63.4539,52.9538,Lost quote,0,42
2024-01-01,20074,C1,62.7953,51.7746,Field report,1,31
2024-02-01,20074,C1,59.9188,51.7746,Lost quote,1,24
2024-04-01,20074,C1,54.8511,48.6415,Distributor price list,1,25
2024-05-01,20074,C1,54.0435,48.6415,Marketplace scrape,1,35
2024-07-01,20074,C1,55.3755,48.6415,Field report,1,15
2024-09-01,20074,C1,50.5269,46.5718,Distributor price list,1,38
2024-12-01,20074,C1,48.1356,46.5718,Distributor price list,1,19
2025-02-01,20074,C1,49.5518,46.5718,Distributor price list,0,10
2025-03-01,20074,C1,54.3382,48.5266,Field report,1,22
2025-06-01,20074,C1,51.5988,48.5266,Field report,1,45
2025-07-01,20074,C1,52.7631,48.5266,Marketplace scrape,1,20
2025-10-01,20074,C1,49.9383,44.4101,Field report,1,43
2025-11-01,20074,C1,49.1616,44.4101,Distributor price list,1,20
2025-12-01,20074,C1,49.7055,44.4101,Distributor price list,1,13
2026-01-01,20074,C1,50.7603,44.4101,Field report,1,13
2026-02-01,20074,C1,50.7469,44.4101,Distributor price list,1,45
2026-03-01,20074,C1,48.3039,40.9523,Field report,1,5
2026-04-01,20074,C1,46.5812,40.9523,Field report,1,22
2026-05-01,20074,C1,44.7584,40.9523,Distributor price list,1,45
2026-06-01,20074,C1,46.2449,40.9523,Marketplace scrape,1,9
2023-09-01,20074,C2,54.9417,51.7746,Distributor price list,1,14
2023-10-01,20074,C2,53.5866,51.7746,Marketplace scrape,1,25
2023-11-01,20074,C2,53.1321,51.7746,Distributor price list,1,14
2023-12-01,20074,C2,53.1618,51.7746,Field report,1,5
2024-01-01,20074,C2,52.5621,51.7746,Marketplace scrape,1,15
2024-05-01,20074,C2,48.8225,48.6415,Distributor price list,1,32
2024-06-01,20074,C2,52.0322,48.6415,Marketplace scrape,1,11
2024-08-01,20074,C2,53.124,48.6415,Field report,0,21
2024-12-01,20074,C2,49.6336,46.5718,Distributor price list,1,5
2025-03-01,20074,C2,54.3711,48.5266,Field report,1,15
2025-04-01,20074,C2,52.0772,48.5266,Marketplace scrape,1,25
2025-05-01,20074,C2,48.9814,48.5266,Lost quote,1,28
2025-09-01,20074,C2,47.9537,44.4101,Field report,1,13
2025-12-01,20074,C2,49.8202,44.4101,Lost quote,1,21
2026-03-01,20074,C2,47.1276,40.9523,Marketplace scrape,1,28
2026-05-01,20074,C2,46.3101,40.9523,Lost quote,1,20
2026-06-01,20074,C2,45.5645,40.9523,Field report,0,45
2023-08-01,20074,C4,59.1566,52.9538,Marketplace scrape,0,25
2023-09-01,20074,C4,57.298,51.7746,Distributor price list,1,6
2023-10-01,20074,C4,59.2301,51.7746,Distributor price list,1,27
2023-11-01,20074,C4,58.1927,51.7746,Lost quote,1,20
2023-12-01,20074,C4,57.6859,51.7746,Lost quote,1,31
2024-01-01,20074,C4,62.2882,51.7746,Field report,1,3
2024-02-01,20074,C4,60.1133,51.7746,Field report,1,18
2024-03-01,20074,C4,58.0942,48.6415,Field report,1,30
2024-04-01,20074,C4,56.209,48.6415,Marketplace scrape,1,18
2024-06-01,20074,C4,59.1289,48.6415,Distributor price list,1,23
2024-09-01,20074,C4,55.5742,46.5718,Field report,1,5
2024-11-01,20074,C4,53.1872,46.5718,Field report,1,23
2024-12-01,20074,C4,54.0126,46.5718,Field report,1,22
2025-01-01,20074,C4,53.9419,46.5718,Distributor price list,1,37
2025-03-01,20074,C4,56.818,48.5266,Marketplace scrape,1,24
2025-05-01,20074,C4,55.5755,48.5266,Lost quote,1,36
2025-06-01,20074,C4,55.3528,48.5266,Marketplace scrape,1,17
2025-07-01,20074,C4,55.6987,48.5266,Field report,1,31
2025-08-01,20074,C4,57.3514,48.5266,Distributor price list,0,10
2025-09-01,20074,C4,52.1659,44.4101,Marketplace scrape,1,44
2025-10-01,20074,C4,52.9632,44.4101,Lost quote,1,45
2025-11-01,20074,C4,52.8762,44.4101,Lost quote,0,30
2025-12-01,20074,C4,55.5015,44.4101,Lost quote,1,30
2026-01-01,20074,C4,51.561,44.4101,Field report,1,43
2026-02-01,20074,C4,52.9356,44.4101,Lost quote,1,40
2026-03-01,20074,C4,46.7434,40.9523,Lost quote,1,40
2026-04-01,20074,C4,47.9641,40.9523,Lost quote,1,33
2026-05-01,20074,C4,48.1088,40.9523,Lost quote,1,1
2026-06-01,20074,C4,47.2239,40.9523,Field report,1,1
2023-07-01,20074,C5,69.2639,52.9538,Field report,1,17
2023-08-01,20074,C5,69.2614,52.9538,Lost quote,1,14
2023-09-01,20074,C5,66.5453,51.7746,Marketplace scrape,1,1
2023-10-01,20074,C5,65.6098,51.7746,Marketplace scrape,1,3
2023-12-01,20074,C5,68.2022,51.7746,Field report,1,16
2024-01-01,20074,C5,71.4567,51.7746,Field report,1,5
2024-02-01,20074,C5,69.182,51.7746,Field report,1,10
2024-04-01,20074,C5,64.4939,48.6415,Distributor price list,1,23
2024-06-01,20074,C5,59.9372,48.6415,Distributor price list,1,39
2024-07-01,20074,C5,63.6072,48.6415,Field report,1,3
2024-10-01,20074,C5,58.3077,46.5718,Marketplace scrape,0,21
2024-11-01,20074,C5,57.5549,46.5718,Distributor price list,1,2
2025-03-01,20074,C5,64.1107,48.5266,Field report,1,43
2025-04-01,20074,C5,61.2344,48.5266,Distributor price list,1,42
2025-05-01,20074,C5,61.9678,48.5266,Marketplace scrape,1,32
2025-06-01,20074,C5,64.7257,48.5266,Marketplace scrape,1,20
2025-09-01,20074,C5,57.2471,44.4101,Lost quote,0,41
2026-01-01,20074,C5,58.1622,44.4101,Marketplace scrape,1,35
2026-02-01,20074,C5,55.0464,44.4101,Field report,1,33
2026-04-01,20074,C5,51.6388,40.9523,Lost quote,1,26
2026-06-01,20074,C5,52.5246,40.9523,Lost quote,1,41
2023-07-01,20075,C1,23.8525,21.6893,Distributor price list,1,38
2023-08-01,20075,C1,24.3902,21.6893,Field report,1,26
2023-09-01,20075,C1,23.8558,21.6893,Lost quote,0,35
2023-11-01,20075,C1,23.5724,21.6893,Field report,0,43
2024-02-01,20075,C1,21.9939,21.141,Distributor price list,1,11
2024-05-01,20075,C1,23.1547,21.141,Lost quote,1,31
2024-09-01,20075,C1,22.7096,20.6995,Distributor price list,1,8
2024-10-01,20075,C1,22.2377,20.6995,Marketplace scrape,1,30
2025-01-01,20075,C1,22.9622,20.6846,Marketplace scrape,1,5
2025-04-01,20075,C1,24.0925,20.6846,Distributor price list,1,14
2025-06-01,20075,C1,23.1766,20.6846,Field report,1,18
2025-07-01,20075,C1,23.6985,20.793,Lost quote,0,21
2025-08-01,20075,C1,23.7799,20.793,Marketplace scrape,1,40
2025-11-01,20075,C1,23.3028,20.793,Lost quote,1,5
2025-12-01,20075,C1,23.1292,20.793,Marketplace scrape,1,38
2026-01-01,20075,C1,21.8464,19.8484,Marketplace scrape,1,4
2026-02-01,20075,C1,21.8176,19.8484,Marketplace scrape,1,29
2026-05-01,20075,C1,21.8642,19.8484,Distributor price list,1,44
2026-06-01,20075,C1,21.8147,19.8484,Marketplace scrape,1,35
2023-09-01,20075,C2,22.5638,21.6893,Distributor price list,0,42
2023-10-01,20075,C2,21.7408,21.6893,Field report,1,20
2023-11-01,20075,C2,21.4749,21.6893,Field report,1,41
2023-12-01,20075,C2,22.0045,21.6893,Distributor price list,1,39
2024-01-01,20075,C2,21.3329,21.141,Distributor price list,1,30
2024-02-01,20075,C2,21.8852,21.141,Distributor price list,1,39
2024-03-01,20075,C2,21.3794,21.141,Distributor price list,1,33
2024-04-01,20075,C2,21.2954,21.141,Distributor price list,0,4
2024-05-01,20075,C2,21.6559,21.141,Distributor price list,1,31
2024-08-01,20075,C2,22.3129,20.6995,Lost quote,1,44
2024-09-01,20075,C2,21.8194,20.6995,Lost quote,1,29
2024-11-01,20075,C2,22.5023,20.6995,Distributor price list,0,42
2025-02-01,20075,C2,22.073,20.6846,Distributor price list,1,9
2025-03-01,20075,C2,21.9747,20.6846,Distributor price list,1,43
2025-04-01,20075,C2,22.519,20.6846,Field report,1,14
2025-05-01,20075,C2,21.4766,20.6846,Distributor price list,1,45
2025-07-01,20075,C2,21.4168,20.793,Field report,0,42
2025-08-01,20075,C2,20.7129,20.793,Distributor price list,1,21
2025-09-01,20075,C2,20.7642,20.793,Field report,1,8
2026-03-01,20075,C2,21.2109,19.8484,Distributor price list,1,32
2026-06-01,20075,C2,21.2964,19.8484,Field report,0,6
2023-07-01,20075,C4,24.4049,21.6893,Field report,1,40
2023-08-01,20075,C4,23.7116,21.6893,Field report,1,35
2023-09-01,20075,C4,23.4626,21.6893,Field report,1,37
2023-10-01,20075,C4,22.2987,21.6893,Lost quote,1,41
2023-11-01,20075,C4,23.2054,21.6893,Lost quote,1,41
2023-12-01,20075,C4,23.8642,21.6893,Lost quote,1,18
2024-01-01,20075,C4,24.1572,21.141,Distributor price list,1,13
2024-02-01,20075,C4,24.0389,21.141,Distributor price list,1,2
2024-04-01,20075,C4,23.3535,21.141,Lost quote,1,11
2024-08-01,20075,C4,25.4391,20.6995,Marketplace scrape,1,19
2024-09-01,20075,C4,25.509,20.6995,Distributor price list,1,13
2024-10-01,20075,C4,24.4034,20.6995,Marketplace scrape,1,35
2024-11-01,20075,C4,25.0202,20.6995,Marketplace scrape,1,21
2025-02-01,20075,C4,23.4244,20.6846,Field report,1,41
2025-03-01,20075,C4,24.4632,20.6846,Distributor price list,0,39
2025-05-01,20075,C4,24.7586,20.6846,Marketplace scrape,1,25
2025-06-01,20075,C4,25.6268,20.6846,Marketplace scrape,1,31
2025-08-01,20075,C4,25.0959,20.793,Field report,1,21
2025-09-01,20075,C4,25.7178,20.793,Marketplace scrape,1,33
2025-10-01,20075,C4,26.0357,20.793,Marketplace scrape,1,19
2025-11-01,20075,C4,26.4166,20.793,Field report,1,45
2026-01-01,20075,C4,26.0028,19.8484,Field report,0,19
2026-03-01,20075,C4,26.4877,19.8484,Distributor price list,1,29
2026-04-01,20075,C4,26.4369,19.8484,Distributor price list,1,45
2023-08-01,20076,C1,22.0277,23.1834,Field report,1,38
2023-09-01,20076,C1,23.0791,23.1834,Marketplace scrape,1,36
2023-10-01,20076,C1,22.6594,23.1834,Marketplace scrape,1,22
2023-12-01,20076,C1,21.7226,23.1834,Marketplace scrape,1,27
2024-01-01,20076,C1,22.0209,23.1834,Distributor price list,1,11
2024-02-01,20076,C1,21.6874,23.1834,Distributor price list,1,21
2024-03-01,20076,C1,22.5748,23.1834,Lost quote,1,29
2024-04-01,20076,C1,22.6571,23.1834,Field report,1,16
2024-05-01,20076,C1,21.7366,23.1834,Distributor price list,1,30
2024-06-01,20076,C1,21.4472,23.1834,Field report,1,9
2024-07-01,20076,C1,22.0328,23.1834,Marketplace scrape,1,4
2024-08-01,20076,C1,22.3284,23.1834,Marketplace scrape,0,6
2024-09-01,20076,C1,22.5236,23.1834,Field report,0,25
2024-10-01,20076,C1,22.5084,23.1834,Distributor price list,1,28
2024-11-01,20076,C1,21.2664,23.1834,Marketplace scrape,1,24
2024-12-01,20076,C1,22.3146,23.1834,Marketplace scrape,1,30
2025-02-01,20076,C1,22.7506,23.1834,Distributor price list,1,28
2025-03-01,20076,C1,22.1818,23.1834,Field report,1,24
2025-04-01,20076,C1,23.3973,23.1834,Field report,1,24
2025-05-01,20076,C1,23.2376,23.1834,Distributor price list,1,30
2025-06-01,20076,C1,23.1303,23.1834,Marketplace scrape,1,22
2025-07-01,20076,C1,23.3982,23.1834,Lost quote,1,18
2025-08-01,20076,C1,24.2968,23.1834,Lost quote,1,43
2025-10-01,20076,C1,23.8285,23.1834,Distributor price list,1,23
2025-12-01,20076,C1,24.1411,23.1834,Field report,1,15
2026-01-01,20076,C1,24.0864,23.1834,Distributor price list,1,41
2026-03-01,20076,C1,21.9328,23.1834,Distributor price list,1,35
2026-04-01,20076,C1,23.0499,23.1834,Field report,1,30
2026-05-01,20076,C1,23.0173,23.1834,Distributor price list,1,12
2023-08-01,20076,C2,20.6504,23.1834,Lost quote,0,2
2023-10-01,20076,C2,20.322,23.1834,Lost quote,0,6
2023-11-01,20076,C2,20.0384,23.1834,Lost quote,1,14
2024-01-01,20076,C2,18.9101,23.1834,Marketplace scrape,1,8
2024-07-01,20076,C2,19.9333,23.1834,Field report,1,43
2024-08-01,20076,C2,20.311,23.1834,Distributor price list,1,39
2024-09-01,20076,C2,20.1454,23.1834,Lost quote,1,6
2024-10-01,20076,C2,21.4081,23.1834,Distributor price list,1,45
2024-11-01,20076,C2,21.577,23.1834,Marketplace scrape,1,5
2025-01-01,20076,C2,21.3784,23.1834,Marketplace scrape,1,21
2025-03-01,20076,C2,20.1868,23.1834,Marketplace scrape,1,22
2025-05-01,20076,C2,20.8969,23.1834,Marketplace scrape,0,11
2025-06-01,20076,C2,21.1803,23.1834,Lost quote,1,11
2025-07-01,20076,C2,21.2974,23.1834,Distributor price list,1,34
2025-08-01,20076,C2,20.6545,23.1834,Distributor price list,1,37
2025-10-01,20076,C2,19.8519,23.1834,Field report,1,14
2025-11-01,20076,C2,20.0864,23.1834,Lost quote,1,16
2026-02-01,20076,C2,19.7616,23.1834,Marketplace scrape,1,34
2026-03-01,20076,C2,19.7181,23.1834,Field report,1,6
2026-04-01,20076,C2,19.8354,23.1834,Distributor price list,1,29
2026-05-01,20076,C2,19.8669,23.1834,Field report,1,30
2023-08-01,20077,C3,199.0556,199.7719,Field report,1,8
2023-09-01,20077,C3,192.9674,199.7719,Lost quote,1,21
2023-10-01,20077,C3,191.5878,199.7719,Lost quote,1,43
2023-12-01,20077,C3,205.838,207.2711,Lost quote,1,32
2024-01-01,20077,C3,211.6443,207.2711,Field report,1,11
2024-03-01,20077,C3,199.3528,201.7462,Marketplace scrape,1,21
2024-05-01,20077,C3,173.3298,181.2038,Distributor price list,1,15
2024-06-01,20077,C3,176.4472,181.2038,Lost quote,1,16
2024-09-01,20077,C3,179.2255,179.3244,Distributor price list,1,16
2024-11-01,20077,C3,174.9267,178.6666,Marketplace scrape,1,20
2024-12-01,20077,C3,176.556,178.6666,Field report,1,4
2025-01-01,20077,C3,179.1102,178.6666,Field report,1,20
2025-02-01,20077,C3,159.6667,171.0767,Marketplace scrape,1,6
2025-03-01,20077,C3,163.4845,171.0767,Lost quote,1,28
2025-04-01,20077,C3,160.4513,171.0767,Marketplace scrape,1,25
2025-06-01,20077,C3,153.5142,162.9862,Distributor price list,1,26
2025-07-01,20077,C3,160.1265,162.9862,Lost quote,1,19
2025-08-01,20077,C3,170.7587,174.858,Distributor price list,0,42
2025-10-01,20077,C3,170.3085,174.858,Distributor price list,1,37
2025-11-01,20077,C3,148.3029,156.8201,Distributor price list,1,11
2025-12-01,20077,C3,153.3701,156.8201,Marketplace scrape,1,21
2026-02-01,20077,C3,131.3381,138.1351,Field report,1,21
2023-09-01,20077,C4,168.6291,199.7719,Lost quote,1,38
2023-12-01,20077,C4,156.957,207.2711,Lost quote,1,17
2024-01-01,20077,C4,153.9067,207.2711,Distributor price list,1,7
2024-03-01,20077,C4,157.2829,201.7462,Lost quote,1,42
2024-05-01,20077,C4,147.8764,181.2038,Distributor price list,1,45
2024-06-01,20077,C4,143.4518,181.2038,Distributor price list,1,25
2024-09-01,20077,C4,137.6418,179.3244,Marketplace scrape,1,17
2024-10-01,20077,C4,136.9533,179.3244,Distributor price list,1,31
2024-11-01,20077,C4,133.8537,178.6666,Marketplace scrape,1,18
2025-01-01,20077,C4,137.4048,178.6666,Marketplace scrape,1,44
2025-02-01,20077,C4,125.0658,171.0767,Distributor price list,1,42
2025-03-01,20077,C4,121.7762,171.0767,Distributor price list,1,33
2025-04-01,20077,C4,121.1587,171.0767,Lost quote,1,41
2025-06-01,20077,C4,120.8714,162.9862,Field report,1,34
2025-07-01,20077,C4,123.8486,162.9862,Field report,1,38
2025-08-01,20077,C4,134.5868,174.858,Distributor price list,1,9
2025-10-01,20077,C4,133.7177,174.858,Marketplace scrape,1,29
2025-11-01,20077,C4,124.1269,156.8201,Field report,1,20
2026-03-01,20077,C4,109.7745,138.1351,Distributor price list,1,20
2026-04-01,20077,C4,114.9553,138.1351,Marketplace scrape,1,25
2023-07-01,20078,C1,31.2755,27.3859,Field report,1,25
2023-08-01,20078,C1,31.8082,27.3859,Distributor price list,1,12
2023-09-01,20078,C1,31.012,27.3859,Field report,1,14
2023-11-01,20078,C1,31.2881,27.3859,Distributor price list,1,4
2024-02-01,20078,C1,30.7628,26.1651,Field report,1,41
2024-03-01,20078,C1,30.7816,26.1651,Field report,1,10
2024-05-01,20078,C1,29.8634,26.1651,Distributor price list,1,6
2024-06-01,20078,C1,29.0924,26.1651,Field report,1,27
2024-12-01,20078,C1,27.4353,23.667,Lost quote,1,22
2025-04-01,20078,C1,28.0822,24.885,Lost quote,1,13
2025-06-01,20078,C1,27.7255,24.885,Field report,1,18
2025-08-01,20078,C1,28.1945,23.944,Marketplace scrape,1,5
2025-12-01,20078,C1,25.453,23.944,Field report,1,30
2026-02-01,20078,C1,23.1826,21.3921,Marketplace scrape,1,29
2026-03-01,20078,C1,23.1687,21.3921,Distributor price list,1,6
2026-05-01,20078,C1,23.4068,21.3921,Lost quote,1,22
2026-06-01,20078,C1,25.0853,21.3921,Field report,1,39
2023-07-01,20078,C4,31.4688,27.3859,Field report,1,40
2023-08-01,20078,C4,31.0288,27.3859,Distributor price list,1,43
2023-09-01,20078,C4,30.2313,27.3859,Field report,0,7
2023-12-01,20078,C4,28.4664,27.3859,Lost quote,1,32
2024-01-01,20078,C4,28.314,26.1651,Marketplace scrape,1,4
2024-02-01,20078,C4,26.1533,26.1651,Marketplace scrape,1,9
2024-03-01,20078,C4,26.7175,26.1651,Marketplace scrape,1,28
2024-04-01,20078,C4,27.0605,26.1651,Marketplace scrape,1,36
2024-06-01,20078,C4,27.948,26.1651,Distributor price list,1,25
2024-08-01,20078,C4,24.9373,23.667,Lost quote,1,1
2024-10-01,20078,C4,23.9148,23.667,Marketplace scrape,1,2
2024-11-01,20078,C4,25.0769,23.667,Lost quote,1,16
2025-01-01,20078,C4,26.7525,24.885,Marketplace scrape,1,20
2025-02-01,20078,C4,25.512,24.885,Marketplace scrape,1,12
2025-04-01,20078,C4,26.4224,24.885,Distributor price list,1,44
2025-06-01,20078,C4,26.1124,24.885,Distributor price list,1,28
2025-07-01,20078,C4,25.4575,23.944,Lost quote,0,5
2025-10-01,20078,C4,26.3799,23.944,Field report,0,21
2025-12-01,20078,C4,25.3963,23.944,Field report,1,12
2026-02-01,20078,C4,22.809,21.3921,Lost quote,1,15
2026-03-01,20078,C4,23.0816,21.3921,Marketplace scrape,1,24
2026-04-01,20078,C4,23.0446,21.3921,Distributor price list,1,17
2026-05-01,20078,C4,23.8789,21.3921,Lost quote,1,23
2023-07-01,20079,C1,11.8248,11.9726,Marketplace scrape,0,38
2023-12-01,20079,C1,10.663,11.6082,Marketplace scrape,1,27
2024-01-01,20079,C1,10.8744,11.6082,Lost quote,1,25
2024-03-01,20079,C1,10.1498,11.272,Distributor price list,1,28
2024-06-01,20079,C1,10.8447,11.9409,Field report,1,31
2024-09-01,20079,C1,9.0569,10.8614,Distributor price list,1,29
2024-10-01,20079,C1,9.2544,10.8614,Marketplace scrape,1,41
2024-11-01,20079,C1,9.0775,10.8614,Distributor price list,1,19
2025-01-01,20079,C1,8.7388,10.2823,Distributor price list,1,3
2025-02-01,20079,C1,8.8639,10.2823,Lost quote,1,35
2025-03-01,20079,C1,8.0097,9.652,Distributor price list,1,8
2025-05-01,20079,C1,8.2108,9.652,Marketplace scrape,1,1
2025-06-01,20079,C1,9.3225,10.8789,Lost quote,1,5
2025-07-01,20079,C1,9.721,10.8789,Field report,1,30
2025-09-01,20079,C1,10.0534,11.667,Lost quote,0,9
2025-10-01,20079,C1,10.5868,11.667,Marketplace scrape,1,20
2025-11-01,20079,C1,10.7888,11.667,Field report,1,17
2025-12-01,20079,C1,10.811,11.8953,Distributor price list,1,24
2026-01-01,20079,C1,10.7873,11.8953,Lost quote,1,30
2026-02-01,20079,C1,10.5581,11.8953,Marketplace scrape,1,11
2026-04-01,20079,C1,11.0758,12.1016,Lost quote,1,23
2026-05-01,20079,C1,11.1818,12.1016,Lost quote,1,2
2023-07-01,20079,C2,10.6858,11.9726,Marketplace scrape,1,39
2023-08-01,20079,C2,11.0876,11.9726,Distributor price list,1,30
2023-10-01,20079,C2,10.7491,11.8276,Field report,1,41
2023-12-01,20079,C2,10.5444,11.6082,Distributor price list,1,13
2024-02-01,20079,C2,10.1975,11.6082,Lost quote,0,22
2024-03-01,20079,C2,10.1003,11.272,Distributor price list,1,40
2024-07-01,20079,C2,10.4193,11.9409,Field report,1,5
2024-08-01,20079,C2,10.2305,11.9409,Distributor price list,1,15
2024-10-01,20079,C2,9.3499,10.8614,Marketplace scrape,0,43
2024-11-01,20079,C2,9.3243,10.8614,Distributor price list,1,39
2024-12-01,20079,C2,9.2774,10.2823,Field report,1,41
2025-01-01,20079,C2,9.1858,10.2823,Distributor price list,1,25
2025-02-01,20079,C2,8.9001,10.2823,Marketplace scrape,0,40
2025-03-01,20079,C2,7.8767,9.652,Distributor price list,1,26
2025-04-01,20079,C2,8.2011,9.652,Distributor price list,1,32
2025-05-01,20079,C2,8.0778,9.652,Marketplace scrape,1,38
2025-09-01,20079,C2,9.0405,11.667,Distributor price list,1,39
2025-12-01,20079,C2,9.2177,11.8953,Field report,0,4
2026-03-01,20079,C2,9.5325,12.1016,Field report,1,27
2026-04-01,20079,C2,9.598,12.1016,Distributor price list,1,44
2026-05-01,20079,C2,9.1666,12.1016,Field report,1,1
2023-07-01,20079,C3,13.0706,11.9726,Lost quote,1,5
2023-11-01,20079,C3,14.5955,11.8276,Lost quote,1,5
2023-12-01,20079,C3,13.8649,11.6082,Marketplace scrape,1,20
2024-01-01,20079,C3,14.1519,11.6082,Lost quote,1,23
2024-02-01,20079,C3,14.3229,11.6082,Distributor price list,1,45
2024-03-01,20079,C3,13.6525,11.272,Field report,1,20
2024-05-01,20079,C3,13.8124,11.272,Marketplace scrape,1,17
2024-06-01,20079,C3,14.1903,11.9409,Distributor price list,0,40
2024-08-01,20079,C3,14.1274,11.9409,Distributor price list,1,37
2024-11-01,20079,C3,12.6438,10.8614,Lost quote,1,24
2025-01-01,20079,C3,12.4195,10.2823,Marketplace scrape,1,42
2025-02-01,20079,C3,12.0281,10.2823,Distributor price list,1,17
2025-04-01,20079,C3,11.3731,9.652,Field report,1,9
2025-05-01,20079,C3,10.5921,9.652,Field report,1,45
2025-06-01,20079,C3,11.5736,10.8789,Lost quote,1,42
2025-07-01,20079,C3,11.4586,10.8789,Lost quote,1,22
2025-08-01,20079,C3,11.5007,10.8789,Lost quote,0,11
2025-11-01,20079,C3,11.6962,11.667,Lost quote,1,3
2026-01-01,20079,C3,12.0796,11.8953,Marketplace scrape,0,31
2026-02-01,20079,C3,13.0279,11.8953,Field report,1,16
2026-03-01,20079,C3,13.7629,12.1016,Marketplace scrape,1,24
2026-05-01,20079,C3,13.2864,12.1016,Lost quote,1,16
2026-06-01,20079,C3,13.457,12.2087,Field report,1,22
2023-07-01,20080,C1,35.1303,30.8065,Marketplace scrape,1,25
2023-09-01,20080,C1,33.2627,29.4847,Field report,1,25
2023-10-01,20080,C1,35.6223,29.4847,Lost quote,1,30
2023-11-01,20080,C1,35.1644,29.4847,Marketplace scrape,1,31
2023-12-01,20080,C1,35.834,29.4847,Marketplace scrape,1,23
2024-01-01,20080,C1,33.3404,29.4847,Lost quote,1,35
2024-03-01,20080,C1,35.3492,28.9032,Lost quote,1,42
2024-07-01,20080,C1,34.5393,28.9032,Lost quote,1,15
2024-09-01,20080,C1,30.7333,25.4523,Distributor price list,1,44
2024-10-01,20080,C1,30.3009,25.4523,Lost quote,1,20
2024-11-01,20080,C1,31.6772,25.4523,Marketplace scrape,1,8
2024-12-01,20080,C1,29.7683,25.4523,Marketplace scrape,1,11
2025-02-01,20080,C1,31.0828,25.4523,Distributor price list,1,44
2025-03-01,20080,C1,28.128,23.5639,Marketplace scrape,1,23
2025-04-01,20080,C1,27.9076,23.5639,Lost quote,1,29
2025-05-01,20080,C1,27.5722,23.5639,Lost quote,1,16
2025-06-01,20080,C1,28.3174,23.5639,Lost quote,1,3
2025-07-01,20080,C1,28.12,23.5639,Field report,1,3
2025-09-01,20080,C1,30.804,25.4341,Marketplace scrape,1,45
2025-10-01,20080,C1,29.6961,25.4341,Lost quote,1,29
2025-11-01,20080,C1,29.4637,25.4341,Marketplace scrape,1,29
2025-12-01,20080,C1,28.364,25.4341,Distributor price list,1,32
2026-01-01,20080,C1,28.5365,25.4341,Field report,1,30
2026-02-01,20080,C1,29.5357,25.4341,Marketplace scrape,1,28
2026-03-01,20080,C1,33.4106,29.5529,Distributor price list,1,31
2026-06-01,20080,C1,33.5648,29.5529,Lost quote,1,27
2023-07-01,20080,C3,40.2579,30.8065,Distributor price list,1,29
2023-08-01,20080,C3,39.8163,30.8065,Distributor price list,0,17
2023-09-01,20080,C3,37.2138,29.4847,Lost quote,1,22
2023-11-01,20080,C3,37.9195,29.4847,Distributor price list,1,14
2024-02-01,20080,C3,39.4623,29.4847,Field report,1,11
2024-04-01,20080,C3,37.7337,28.9032,Distributor price list,1,3
2024-06-01,20080,C3,38.6886,28.9032,Lost quote,1,1
2024-07-01,20080,C3,38.8328,28.9032,Field report,1,11
2024-08-01,20080,C3,37.3099,28.9032,Distributor price list,0,13
2024-10-01,20080,C3,33.025,25.4523,Field report,1,3
2024-11-01,20080,C3,33.1974,25.4523,Field report,1,7
2024-12-01,20080,C3,34.5145,25.4523,Lost quote,1,32
2025-01-01,20080,C3,32.7289,25.4523,Field report,1,17
2025-04-01,20080,C3,32.0936,23.5639,Distributor price list,1,12
2025-05-01,20080,C3,32.8417,23.5639,Field report,1,7
2025-07-01,20080,C3,33.1903,23.5639,Field report,1,43
2025-08-01,20080,C3,34.8461,23.5639,Distributor price list,1,28
2025-09-01,20080,C3,36.2906,25.4341,Distributor price list,1,18
2025-10-01,20080,C3,38.2362,25.4341,Field report,1,6
2025-12-01,20080,C3,39.0932,25.4341,Distributor price list,1,22
2026-01-01,20080,C3,39.447,25.4341,Marketplace scrape,1,15
2026-02-01,20080,C3,40.8202,25.4341,Field report,1,2
2026-03-01,20080,C3,47.445,29.5529,Distributor price list,1,34
2026-06-01,20080,C3,46.5087,29.5529,Lost quote,1,19
2023-07-01,20080,C4,33.5323,30.8065,Marketplace scrape,1,41
2023-08-01,20080,C4,35.2513,30.8065,Distributor price list,1,6
2023-09-01,20080,C4,33.3633,29.4847,Distributor price list,1,35
2023-10-01,20080,C4,31.8805,29.4847,Marketplace scrape,1,17
2023-11-01,20080,C4,33.58,29.4847,Field report,1,36
2023-12-01,20080,C4,32.317,29.4847,Distributor price list,1,43
2024-01-01,20080,C4,31.8035,29.4847,Marketplace scrape,1,33
2024-03-01,20080,C4,30.6545,28.9032,Marketplace scrape,1,3
2024-05-01,20080,C4,31.7287,28.9032,Field report,1,15
2024-06-01,20080,C4,31.3285,28.9032,Field report,1,27
2024-07-01,20080,C4,31.1783,28.9032,Lost quote,1,22
2024-08-01,20080,C4,31.7558,28.9032,Lost quote,1,12
2024-09-01,20080,C4,27.1756,25.4523,Distributor price list,1,18
2024-11-01,20080,C4,28.6427,25.4523,Marketplace scrape,1,30
2024-12-01,20080,C4,27.0356,25.4523,Lost quote,1,22
2025-01-01,20080,C4,27.7725,25.4523,Marketplace scrape,1,18
2025-02-01,20080,C4,26.8973,25.4523,Marketplace scrape,1,42
2025-03-01,20080,C4,25.9708,23.5639,Lost quote,0,21
2025-04-01,20080,C4,24.9548,23.5639,Field report,1,36
2025-05-01,20080,C4,25.15,23.5639,Distributor price list,1,6
2025-06-01,20080,C4,24.0848,23.5639,Field report,1,5
2025-07-01,20080,C4,24.8635,23.5639,Field report,1,27
2025-10-01,20080,C4,27.1296,25.4341,Lost quote,1,24
2025-11-01,20080,C4,26.0725,25.4341,Field report,1,33
2025-12-01,20080,C4,25.6914,25.4341,Field report,1,20
2026-01-01,20080,C4,25.0227,25.4341,Lost quote,0,45
2026-03-01,20080,C4,29.6273,29.5529,Distributor price list,1,9
2026-04-01,20080,C4,30.0568,29.5529,Field report,0,6
2026-05-01,20080,C4,28.9676,29.5529,Distributor price list,1,8
2026-06-01,20080,C4,30.4329,29.5529,Distributor price list,0,25
2023-10-01,20081,C1,48.9888,60.7427,Lost quote,0,43
2024-01-01,20081,C1,46.5427,58.6257,Marketplace scrape,1,21
2024-03-01,20081,C1,46.0719,58.6257,Distributor price list,1,22
2024-05-01,20081,C1,52.1641,64.3182,Distributor price list,1,36
2024-06-01,20081,C1,52.2436,64.3182,Lost quote,1,39
2024-07-01,20081,C1,50.7888,63.9641,Distributor price list,1,19
2024-08-01,20081,C1,50.4065,63.9641,Marketplace scrape,1,6
2024-09-01,20081,C1,47.6137,63.9641,Distributor price list,1,14
2024-10-01,20081,C1,50.5872,65.744,Distributor price list,0,41
2024-11-01,20081,C1,49.651,65.744,Distributor price list,1,22
2025-04-01,20081,C1,44.7685,61.9744,Distributor price list,1,17
2025-06-01,20081,C1,47.4253,61.9744,Lost quote,1,6
2025-09-01,20081,C1,46.8617,61.4076,Lost quote,1,3
2025-10-01,20081,C1,46.9078,63.6238,Field report,0,26
2025-11-01,20081,C1,46.3343,63.6238,Field report,1,16
2026-03-01,20081,C1,52.7367,65.9375,Field report,1,7
2026-04-01,20081,C1,56.7763,72.1736,Field report,1,30
2026-05-01,20081,C1,55.5696,72.1736,Distributor price list,1,30
2026-06-01,20081,C1,56.1972,72.1736,Distributor price list,1,19
2023-08-01,20081,C2,53.0149,63.2552,Lost quote,1,9
2023-09-01,20081,C2,50.0,63.2552,Field report,1,6
2023-10-01,20081,C2,49.1796,60.7427,Lost quote,1,4
2024-01-01,20081,C2,46.7947,58.6257,Lost quote,1,23
2024-05-01,20081,C2,49.2013,64.3182,Lost quote,1,16
2024-07-01,20081,C2,53.1638,63.9641,Field report,1,14
2024-08-01,20081,C2,50.2348,63.9641,Field report,1,19
2024-09-01,20081,C2,49.7048,63.9641,Marketplace scrape,1,21
2024-12-01,20081,C2,52.7784,65.744,Lost quote,1,10
2025-02-01,20081,C2,47.3199,57.772,Marketplace scrape,1,44
2025-03-01,20081,C2,46.9269,57.772,Marketplace scrape,1,19
2025-04-01,20081,C2,49.877,61.9744,Field report,1,9
2025-05-01,20081,C2,51.8255,61.9744,Field report,1,19
2025-07-01,20081,C2,50.323,61.4076,Lost quote,1,40
2025-08-01,20081,C2,48.5979,61.4076,Distributor price list,1,17
2025-09-01,20081,C2,49.6822,61.4076,Lost quote,1,27
2025-12-01,20081,C2,48.5693,63.6238,Field report,1,32
2026-01-01,20081,C2,50.6117,65.9375,Distributor price list,1,26
2026-02-01,20081,C2,50.1798,65.9375,Field report,1,42
2026-04-01,20081,C2,58.5829,72.1736,Distributor price list,1,26
2023-07-01,20081,C5,66.228,63.2552,Lost quote,1,17
2023-08-01,20081,C5,67.9141,63.2552,Field report,1,14
2023-10-01,20081,C5,63.0608,60.7427,Marketplace scrape,1,26
2023-11-01,20081,C5,63.1855,60.7427,Marketplace scrape,0,5
2024-02-01,20081,C5,59.8858,58.6257,Field report,1,8
2024-04-01,20081,C5,64.3733,64.3182,Distributor price list,0,37
2024-05-01,20081,C5,65.222,64.3182,Marketplace scrape,1,12
2024-06-01,20081,C5,64.0767,64.3182,Lost quote,1,39
2024-08-01,20081,C5,64.9546,63.9641,Lost quote,1,17
2024-09-01,20081,C5,62.7872,63.9641,Marketplace scrape,1,24
2024-10-01,20081,C5,64.7403,65.744,Lost quote,1,20
2024-11-01,20081,C5,69.5315,65.744,Lost quote,1,13
2024-12-01,20081,C5,67.3136,65.744,Distributor price list,0,33
2025-08-01,20081,C5,63.8249,61.4076,Distributor price list,1,15
2026-02-01,20081,C5,59.8151,65.9375,Distributor price list,1,15
2026-03-01,20081,C5,58.4339,65.9375,Marketplace scrape,1,30
2026-04-01,20081,C5,66.5839,72.1736,Distributor price list,1,2
2026-05-01,20081,C5,65.6164,72.1736,Lost quote,1,37
2023-10-01,20082,C1,33.5559,37.6973,Field report,1,31
2023-11-01,20082,C1,35.9031,39.4658,Lost quote,1,25
2023-12-01,20082,C1,35.3448,39.4658,Distributor price list,1,7
2024-01-01,20082,C1,34.6484,39.4658,Distributor price list,1,11
2024-07-01,20082,C1,32.1754,37.5707,Field report,1,5
2024-08-01,20082,C1,33.0202,38.6949,Lost quote,1,26
2024-09-01,20082,C1,32.6479,38.6949,Distributor price list,1,26
2024-11-01,20082,C1,34.121,39.7929,Lost quote,1,22
2024-12-01,20082,C1,33.9197,39.7929,Field report,1,43
2025-01-01,20082,C1,35.0513,39.7929,Lost quote,1,20
2025-02-01,20082,C1,32.4091,38.4507,Lost quote,1,43
2025-03-01,20082,C1,32.473,38.4507,Field report,1,4
2025-04-01,20082,C1,31.4386,38.4507,Marketplace scrape,1,27
2025-05-01,20082,C1,33.1657,39.6392,Lost quote,1,19
2025-08-01,20082,C1,32.7894,39.1502,Lost quote,1,23
2025-09-01,20082,C1,32.7462,39.1502,Lost quote,1,2
2025-10-01,20082,C1,34.607,39.1502,Lost quote,1,20
2025-12-01,20082,C1,32.6389,38.5594,Marketplace scrape,1,5
2026-01-01,20082,C1,34.875,38.5594,Marketplace scrape,1,20
2026-02-01,20082,C1,30.4094,35.9224,Lost quote,1,12
2026-03-01,20082,C1,29.5171,35.9224,Distributor price list,1,13
2026-04-01,20082,C1,30.9529,35.9224,Lost quote,1,10
2026-06-01,20082,C1,29.0479,33.2732,Marketplace scrape,1,5
2023-07-01,20082,C2,32.4051,39.9282,Marketplace scrape,1,23
2023-09-01,20082,C2,30.1579,37.6973,Marketplace scrape,1,31
2023-10-01,20082,C2,29.4694,37.6973,Field report,1,33
2023-11-01,20082,C2,32.9245,39.4658,Lost quote,1,32
2023-12-01,20082,C2,31.9299,39.4658,Field report,0,4
2024-01-01,20082,C2,32.4957,39.4658,Lost quote,0,41
2024-04-01,20082,C2,30.8897,38.1682,Marketplace scrape,1,18
2024-06-01,20082,C2,31.1419,37.5707,Field report,1,9
2024-12-01,20082,C2,30.3224,39.7929,Field report,1,25
2025-02-01,20082,C2,29.2284,38.4507,Marketplace scrape,1,19
2025-03-01,20082,C2,30.0137,38.4507,Lost quote,1,10
2025-04-01,20082,C2,28.9629,38.4507,Lost quote,1,12
2025-07-01,20082,C2,29.5023,39.6392,Distributor price list,1,9
2025-08-01,20082,C2,30.0417,39.1502,Lost quote,1,38
2025-12-01,20082,C2,28.1146,38.5594,Distributor price list,1,18
2026-01-01,20082,C2,29.8505,38.5594,Marketplace scrape,1,45
2026-03-01,20082,C2,26.1555,35.9224,Lost quote,1,2
2026-04-01,20082,C2,26.0593,35.9224,Marketplace scrape,1,9
2026-05-01,20082,C2,25.1289,33.2732,Marketplace scrape,1,28
2023-07-01,20082,C4,35.4818,39.9282,Distributor price list,1,41
2023-09-01,20082,C4,32.804,37.6973,Distributor price list,1,11
2023-11-01,20082,C4,35.781,39.4658,Marketplace scrape,1,6
2023-12-01,20082,C4,35.3241,39.4658,Marketplace scrape,1,30
2024-01-01,20082,C4,36.4667,39.4658,Field report,1,40
2024-03-01,20082,C4,35.9964,38.1682,Field report,1,6
2024-04-01,20082,C4,34.4905,38.1682,Distributor price list,1,9
2024-06-01,20082,C4,36.7574,37.5707,Distributor price list,1,8
2024-07-01,20082,C4,37.108,37.5707,Lost quote,1,14
2024-08-01,20082,C4,38.8787,38.6949,Lost quote,1,14
2024-09-01,20082,C4,38.9112,38.6949,Lost quote,1,43
2024-11-01,20082,C4,42.5536,39.7929,Field report,1,18
2025-01-01,20082,C4,40.8346,39.7929,Marketplace scrape,1,28
2025-02-01,20082,C4,38.0336,38.4507,Field report,0,28
2025-03-01,20082,C4,35.1717,38.4507,Distributor price list,1,15
2025-04-01,20082,C4,35.8618,38.4507,Marketplace scrape,1,11
2025-06-01,20082,C4,38.8353,39.6392,Field report,1,20
2025-07-01,20082,C4,38.4203,39.6392,Lost quote,1,32
2025-09-01,20082,C4,39.4306,39.1502,Lost quote,1,42
2025-10-01,20082,C4,37.8313,39.1502,Marketplace scrape,1,5
2026-01-01,20082,C4,37.8612,38.5594,Marketplace scrape,1,30
2026-02-01,20082,C4,35.5322,35.9224,Lost quote,0,17
2026-03-01,20082,C4,34.6465,35.9224,Lost quote,1,21
2026-05-01,20082,C4,31.4392,33.2732,Distributor price list,1,3
2023-07-01,20083,C1,52.2466,55.473,Marketplace scrape,1,20
2023-09-01,20083,C1,57.6922,60.1679,Lost quote,1,16
2023-11-01,20083,C1,60.8874,59.5411,Lost quote,1,10
2024-01-01,20083,C1,63.1347,59.5411,Lost quote,1,25
2024-04-01,20083,C1,61.7912,56.4653,Field report,1,16
2024-05-01,20083,C1,57.2373,51.9493,Marketplace scrape,1,35
2024-06-01,20083,C1,54.4341,51.9493,Lost quote,1,39
2024-09-01,20083,C1,57.3183,53.3025,Distributor price list,0,44
2024-10-01,20083,C1,54.7325,53.3025,Field report,0,9
2025-01-01,20083,C1,59.4239,55.934,Field report,0,6
2025-05-01,20083,C1,54.4372,54.7921,Lost quote,1,2
2025-06-01,20083,C1,53.7531,54.7921,Field report,0,9
2025-07-01,20083,C1,54.852,54.7921,Lost quote,1,32
2025-09-01,20083,C1,53.0677,53.0255,Distributor price list,1,44
2025-10-01,20083,C1,53.275,53.0255,Distributor price list,0,7
2025-12-01,20083,C1,53.2697,51.7272,Distributor price list,1,42
2026-01-01,20083,C1,53.281,51.7272,Distributor price list,1,32
2026-02-01,20083,C1,49.5565,47.8377,Marketplace scrape,1,8
2023-09-01,20083,C2,51.5368,60.1679,Lost quote,1,11
2023-11-01,20083,C2,52.4447,59.5411,Marketplace scrape,1,19
2024-02-01,20083,C2,49.885,56.4653,Distributor price list,1,30
2024-03-01,20083,C2,52.0093,56.4653,Lost quote,1,30
2024-04-01,20083,C2,54.0447,56.4653,Distributor price list,1,32
2024-05-01,20083,C2,49.7449,51.9493,Field report,0,22
2024-06-01,20083,C2,52.1723,51.9493,Marketplace scrape,1,10
2024-08-01,20083,C2,52.0093,53.3025,Marketplace scrape,1,9
2024-10-01,20083,C2,50.5028,53.3025,Marketplace scrape,1,35
2024-11-01,20083,C2,54.5517,55.934,Lost quote,1,34
2025-01-01,20083,C2,56.5389,55.934,Distributor price list,1,34
2025-02-01,20083,C2,52.7174,53.3078,Lost quote,1,37
2025-03-01,20083,C2,52.0718,53.3078,Lost quote,1,13
2025-04-01,20083,C2,53.3177,53.3078,Lost quote,1,2
2025-05-01,20083,C2,57.0558,54.7921,Field report,1,6
2025-06-01,20083,C2,54.8209,54.7921,Field report,1,9
2025-07-01,20083,C2,57.9546,54.7921,Lost quote,1,16
2025-09-01,20083,C2,56.3056,53.0255,Field report,1,33
2025-11-01,20083,C2,56.1788,51.7272,Lost quote,1,20
2025-12-01,20083,C2,56.0946,51.7272,Marketplace scrape,1,11
2026-01-01,20083,C2,57.6201,51.7272,Lost quote,1,38
2026-03-01,20083,C2,53.2759,47.8377,Distributor price list,1,6
2026-05-01,20083,C2,47.2154,46.9708,Lost quote,1,14
2026-06-01,20083,C2,46.5853,46.9708,Marketplace scrape,1,20
2023-08-01,20083,C3,62.9437,60.1679,Field report,1,21
2023-09-01,20083,C3,62.169,60.1679,Field report,1,14
2023-10-01,20083,C3,62.0873,60.1679,Marketplace scrape,1,9
2024-01-01,20083,C3,66.7003,59.5411,Marketplace scrape,1,1
2024-03-01,20083,C3,59.5382,56.4653,Field report,1,30
2024-04-01,20083,C3,64.2795,56.4653,Lost quote,0,9
2024-05-01,20083,C3,56.5089,51.9493,Field report,1,22
2024-06-01,20083,C3,59.4937,51.9493,Distributor price list,0,38
2024-07-01,20083,C3,58.6246,51.9493,Lost quote,1,43
2024-08-01,20083,C3,56.7077,53.3025,Lost quote,1,6
2024-09-01,20083,C3,57.2123,53.3025,Distributor price list,0,12
2024-10-01,20083,C3,56.419,53.3025,Field report,1,35
2024-11-01,20083,C3,61.51,55.934,Distributor price list,1,18
2025-01-01,20083,C3,61.7621,55.934,Lost quote,1,5
2025-04-01,20083,C3,60.8537,53.3078,Distributor price list,1,23
2025-06-01,20083,C3,63.1727,54.7921,Field report,1,20
2025-08-01,20083,C3,65.0031,53.0255,Marketplace scrape,1,1
2025-09-01,20083,C3,62.2511,53.0255,Distributor price list,0,44
2025-10-01,20083,C3,62.867,53.0255,Marketplace scrape,1,14
2025-11-01,20083,C3,63.4206,51.7272,Marketplace scrape,1,45
2026-04-01,20083,C3,59.3763,47.8377,Marketplace scrape,0,17
2026-05-01,20083,C3,60.7733,46.9708,Field report,1,14
2026-06-01,20083,C3,61.3231,46.9708,Marketplace scrape,1,43
2023-08-01,20083,C4,57.81,60.1679,Lost quote,1,8
2023-09-01,20083,C4,57.9851,60.1679,Distributor price list,1,16
2023-11-01,20083,C4,55.9294,59.5411,Distributor price list,1,45
2023-12-01,20083,C4,55.0361,59.5411,Distributor price list,1,16
2024-03-01,20083,C4,52.0665,56.4653,Distributor price list,1,44
2024-06-01,20083,C4,47.9292,51.9493,Field report,1,8
2024-07-01,20083,C4,46.9985,51.9493,Lost quote,0,14
2024-09-01,20083,C4,49.806,53.3025,Marketplace scrape,1,8
2024-10-01,20083,C4,48.6888,53.3025,Marketplace scrape,1,21
2025-01-01,20083,C4,51.2096,55.934,Marketplace scrape,1,10
2025-03-01,20083,C4,49.5312,53.3078,Marketplace scrape,1,22
2025-04-01,20083,C4,50.5697,53.3078,Lost quote,1,2
2025-05-01,20083,C4,52.1793,54.7921,Lost quote,1,30
2025-09-01,20083,C4,47.228,53.0255,Field report,1,7
2025-11-01,20083,C4,43.2633,51.7272,Field report,1,1
2025-12-01,20083,C4,44.9871,51.7272,Field report,1,6
2026-01-01,20083,C4,45.1437,51.7272,Marketplace scrape,1,35
2026-03-01,20083,C4,41.0649,47.8377,Lost quote,1,6
2026-06-01,20083,C4,38.2792,46.9708,Distributor price list,1,35
2023-07-01,20084,C2,22.6295,24.1131,Marketplace scrape,1,19
2023-08-01,20084,C2,23.1353,24.074,Marketplace scrape,1,21
2023-09-01,20084,C2,23.8408,24.074,Lost quote,1,29
2023-10-01,20084,C2,23.3164,24.074,Distributor price list,1,25
2023-11-01,20084,C2,22.0595,23.0641,Field report,1,24
2024-02-01,20084,C2,20.5592,22.2637,Distributor price list,1,42
2024-03-01,20084,C2,20.9242,22.2637,Marketplace scrape,1,22
2024-06-01,20084,C2,21.7587,22.5345,Lost quote,1,22
2024-07-01,20084,C2,21.6727,22.5345,Lost quote,1,45
2024-08-01,20084,C2,23.9368,23.3022,Marketplace scrape,1,45
2024-09-01,20084,C2,24.2572,23.3022,Distributor price list,1,33
2024-10-01,20084,C2,23.0668,23.3022,Field report,1,34
2024-11-01,20084,C2,21.8086,22.2739,Distributor price list,1,31
2024-12-01,20084,C2,22.8199,22.2739,Marketplace scrape,1,8
2025-01-01,20084,C2,21.883,22.2739,Lost quote,1,34
2025-02-01,20084,C2,20.5518,22.1674,Lost quote,1,45
2025-04-01,20084,C2,21.4336,22.1674,Field report,1,9
2025-05-01,20084,C2,18.8298,20.4167,Field report,1,16
2025-07-01,20084,C2,19.9942,20.4167,Lost quote,1,8
2025-08-01,20084,C2,20.7468,22.4223,Distributor price list,1,38
2025-09-01,20084,C2,21.8729,22.4223,Field report,1,17
2025-11-01,20084,C2,20.3366,21.1543,Distributor price list,1,23
2026-02-01,20084,C2,18.5267,19.7454,Marketplace scrape,1,44
2026-03-01,20084,C2,18.9013,19.7454,Marketplace scrape,1,27
2026-05-01,20084,C2,17.2173,18.239,Field report,1,11
2026-06-01,20084,C2,18.1959,18.239,Lost quote,1,11
2023-08-01,20084,C4,23.944,24.074,Field report,1,36
2023-09-01,20084,C4,23.6426,24.074,Lost quote,1,20
2023-10-01,20084,C4,24.1193,24.074,Distributor price list,1,43
2023-11-01,20084,C4,21.8375,23.0641,Field report,1,39
2023-12-01,20084,C4,22.2338,23.0641,Marketplace scrape,1,5
2024-01-01,20084,C4,22.1515,23.0641,Marketplace scrape,0,21
2024-02-01,20084,C4,22.5111,22.2637,Lost quote,1,33
2024-03-01,20084,C4,21.3245,22.2637,Marketplace scrape,1,32
2024-04-01,20084,C4,21.5406,22.2637,Distributor price list,1,37
2024-05-01,20084,C4,22.3695,22.5345,Lost quote,1,40
2024-06-01,20084,C4,23.2158,22.5345,Distributor price list,1,27
2024-07-01,20084,C4,23.1966,22.5345,Field report,1,10
2024-09-01,20084,C4,24.9613,23.3022,Marketplace scrape,1,42
2024-10-01,20084,C4,24.8579,23.3022,Marketplace scrape,1,6
2025-02-01,20084,C4,23.5363,22.1674,Field report,1,8
2025-03-01,20084,C4,23.9045,22.1674,Field report,1,43
2025-08-01,20084,C4,23.6372,22.4223,Lost quote,1,2
2025-09-01,20084,C4,24.2774,22.4223,Lost quote,1,29
2025-10-01,20084,C4,23.6791,22.4223,Marketplace scrape,1,36
2025-11-01,20084,C4,21.834,21.1543,Field report,1,17
2026-01-01,20084,C4,21.5519,21.1543,Field report,1,17
2026-02-01,20084,C4,19.6481,19.7454,Marketplace scrape,1,24
2026-03-01,20084,C4,20.5542,19.7454,Distributor price list,1,23
2026-04-01,20084,C4,19.804,19.7454,Distributor price list,1,24
2026-05-01,20084,C4,19.0181,18.239,Lost quote,1,36
2023-08-01,20085,C5,63.2913,57.8973,Field report,1,42
2023-12-01,20085,C5,68.7968,59.9237,Lost quote,1,30
2024-02-01,20085,C5,66.7197,59.9237,Lost quote,1,22
2024-04-01,20085,C5,63.7317,57.2764,Lost quote,1,23
2024-05-01,20085,C5,65.8576,57.2764,Field report,1,43
2024-06-01,20085,C5,64.5838,56.1486,Lost quote,1,5
2024-08-01,20085,C5,65.5583,56.1486,Marketplace scrape,1,30
2024-10-01,20085,C5,66.3663,57.342,Lost quote,1,4
2024-12-01,20085,C5,65.9586,57.6554,Field report,1,22
2025-01-01,20085,C5,67.0468,57.6554,Distributor price list,1,36
2025-02-01,20085,C5,67.9584,57.6554,Marketplace scrape,1,2
2025-03-01,20085,C5,68.2135,58.3981,Lost quote,1,35
2025-04-01,20085,C5,66.7252,58.3981,Distributor price list,0,18
2025-05-01,20085,C5,69.463,58.3981,Marketplace scrape,1,13
2025-06-01,20085,C5,64.6075,55.287,Lost quote,1,10
2025-08-01,20085,C5,63.6079,55.287,Distributor price list,1,32
2025-09-01,20085,C5,62.7642,54.1703,Lost quote,1,26
2025-11-01,20085,C5,62.9581,54.1703,Field report,1,24
2025-12-01,20085,C5,66.5303,54.3752,Field report,1,20
2026-01-01,20085,C5,62.7822,54.3752,Distributor price list,1,40
2026-04-01,20085,C5,59.0447,48.9086,Distributor price list,1,10
2026-05-01,20085,C5,59.0772,48.9086,Distributor price list,1,15
2026-06-01,20085,C5,56.245,48.4225,Lost quote,1,2
2023-07-01,20086,C1,42.9396,42.5245,Marketplace scrape,1,30
2023-10-01,20086,C1,45.2155,41.1758,Marketplace scrape,1,6
2023-11-01,20086,C1,46.2434,41.1758,Lost quote,1,21
2023-12-01,20086,C1,42.342,40.1608,Marketplace scrape,1,18
2024-02-01,20086,C1,41.8865,40.1608,Marketplace scrape,0,24
2024-03-01,20086,C1,48.1381,44.4798,Field report,0,29
2024-04-01,20086,C1,46.9717,44.4798,Field report,0,14
2024-05-01,20086,C1,47.9765,44.4798,Lost quote,1,14
2024-06-01,20086,C1,46.6253,44.5977,Lost quote,1,5
2024-11-01,20086,C1,47.1451,45.9545,Distributor price list,1,40
2024-12-01,20086,C1,47.287,44.0852,Marketplace scrape,1,5
2025-01-01,20086,C1,46.3274,44.0852,Marketplace scrape,1,20
2025-04-01,20086,C1,48.6402,49.0803,Lost quote,1,5
2025-06-01,20086,C1,48.8402,50.1898,Field report,1,22
2025-08-01,20086,C1,48.5983,50.1898,Distributor price list,1,1
2025-09-01,20086,C1,43.226,44.7277,Distributor price list,1,16
2025-10-01,20086,C1,42.492,44.7277,Marketplace scrape,1,21
2025-11-01,20086,C1,42.6886,44.7277,Field report,1,40
2025-12-01,20086,C1,42.4245,43.9236,Lost quote,1,33
2026-01-01,20086,C1,41.6656,43.9236,Lost quote,1,35
2026-03-01,20086,C1,43.634,48.4355,Field report,1,8
2026-05-01,20086,C1,42.614,48.4355,Field report,1,10
2026-06-01,20086,C1,44.9888,48.4293,Marketplace scrape,1,24
2023-07-01,20086,C2,37.2333,42.5245,Field report,1,15
2023-11-01,20086,C2,35.7266,41.1758,Lost quote,0,34
2023-12-01,20086,C2,35.2731,40.1608,Distributor price list,1,42
2024-01-01,20086,C2,35.2861,40.1608,Field report,0,38
2024-02-01,20086,C2,36.5574,40.1608,Distributor price list,1,22
2024-04-01,20086,C2,39.4186,44.4798,Lost quote,1,35
2024-05-01,20086,C2,39.1741,44.4798,Lost quote,0,40
2024-06-01,20086,C2,39.1328,44.5977,Distributor price list,1,3
2024-07-01,20086,C2,38.0656,44.5977,Lost quote,1,6
2024-09-01,20086,C2,39.4815,45.9545,Marketplace scrape,1,10
2024-12-01,20086,C2,41.6034,44.0852,Lost quote,1,31
2025-01-01,20086,C2,42.9919,44.0852,Lost quote,1,3
2025-02-01,20086,C2,41.5566,44.0852,Marketplace scrape,1,17
2025-03-01,20086,C2,47.7688,49.0803,Marketplace scrape,1,44
2025-04-01,20086,C2,48.2868,49.0803,Distributor price list,1,43
2025-05-01,20086,C2,46.5285,49.0803,Distributor price list,1,16
2025-08-01,20086,C2,46.6035,50.1898,Marketplace scrape,1,11
2025-09-01,20086,C2,42.7123,44.7277,Field report,0,36
2025-10-01,20086,C2,43.3701,44.7277,Marketplace scrape,1,18
2025-12-01,20086,C2,40.1499,43.9236,Lost quote,1,37
2026-02-01,20086,C2,39.7435,43.9236,Lost quote,1,3
2026-04-01,20086,C2,44.0407,48.4355,Lost quote,1,29
2023-07-01,20086,C3,45.8036,42.5245,Distributor price list,0,4
2023-08-01,20086,C3,45.8862,42.5245,Marketplace scrape,1,41
2023-09-01,20086,C3,41.7618,41.1758,Marketplace scrape,1,28
2023-11-01,20086,C3,43.8629,41.1758,Field report,1,24
2023-12-01,20086,C3,44.3507,40.1608,Field report,1,10
2024-02-01,20086,C3,42.3638,40.1608,Distributor price list,1,2
2024-03-01,20086,C3,47.1087,44.4798,Marketplace scrape,1,8
2024-04-01,20086,C3,45.914,44.4798,Distributor price list,1,22
2024-05-01,20086,C3,46.8193,44.4798,Field report,0,25
2024-06-01,20086,C3,47.7655,44.5977,Lost quote,1,45
2024-08-01,20086,C3,47.6435,44.5977,Field report,1,29
2024-09-01,20086,C3,47.7917,45.9545,Lost quote,1,22
2024-10-01,20086,C3,50.0715,45.9545,Marketplace scrape,1,9
2024-11-01,20086,C3,50.9485,45.9545,Distributor price list,1,25
2024-12-01,20086,C3,47.1179,44.0852,Distributor price list,1,8
2025-01-01,20086,C3,49.8692,44.0852,Marketplace scrape,1,23
2025-04-01,20086,C3,55.5244,49.0803,Marketplace scrape,1,35
2025-05-01,20086,C3,55.2834,49.0803,Distributor price list,1,21
2025-06-01,20086,C3,58.852,50.1898,Distributor price list,1,34
2025-09-01,20086,C3,52.5435,44.7277,Marketplace scrape,1,1
2025-10-01,20086,C3,51.9462,44.7277,Distributor price list,1,44
2026-03-01,20086,C3,57.2004,48.4355,Distributor price list,1,32
2026-04-01,20086,C3,57.91,48.4355,Distributor price list,1,4
2023-07-01,20087,C3,31.6943,28.4969,Lost quote,1,18
2023-08-01,20087,C3,32.9386,28.4969,Field report,1,44
2024-01-01,20087,C3,29.3896,27.2842,Marketplace scrape,0,7
2024-03-01,20087,C3,29.3701,27.2842,Field report,1,30
2024-04-01,20087,C3,29.9047,28.4527,Distributor price list,1,6
2024-06-01,20087,C3,30.7673,28.4527,Field report,1,37
2024-07-01,20087,C3,33.6974,31.8226,Field report,1,38
2024-09-01,20087,C3,34.7067,31.8226,Field report,1,40
2024-10-01,20087,C3,34.789,32.2609,Distributor price list,1,43
2024-12-01,20087,C3,33.9461,32.2609,Lost quote,1,42
2025-02-01,20087,C3,29.4259,28.6897,Marketplace scrape,1,45
2025-03-01,20087,C3,29.0958,28.6897,Distributor price list,1,11
2025-04-01,20087,C3,29.0188,27.7601,Field report,1,18
2025-06-01,20087,C3,28.4451,27.7601,Field report,0,9
2025-07-01,20087,C3,42.8394,39.2017,Lost quote,1,24
2025-09-01,20087,C3,41.8502,39.2017,Marketplace scrape,1,45
2025-12-01,20087,C3,45.779,40.7093,Distributor price list,1,27
2026-01-01,20087,C3,42.9775,38.4506,Marketplace scrape,1,4
2026-02-01,20087,C3,42.6093,38.4506,Lost quote,1,41
2026-03-01,20087,C3,43.5293,38.4506,Distributor price list,1,29
2026-05-01,20087,C3,41.0405,37.8687,Marketplace scrape,1,39
2026-06-01,20087,C3,40.8294,37.8687,Lost quote,1,25
2023-11-01,20088,C1,22.3239,20.3687,Distributor price list,1,22
2023-12-01,20088,C1,22.4853,20.3177,Lost quote,1,35
2024-04-01,20088,C1,23.1489,20.3769,Field report,1,22
2024-05-01,20088,C1,22.7187,20.3769,Distributor price list,1,14
2024-06-01,20088,C1,20.8167,18.0427,Lost quote,1,17
2024-09-01,20088,C1,22.0846,18.0876,Lost quote,1,38
2024-10-01,20088,C1,22.3581,18.0876,Field report,1,6
2024-11-01,20088,C1,21.8236,18.0876,Lost quote,1,43
2025-01-01,20088,C1,21.3376,17.8359,Marketplace scrape,1,24
2025-02-01,20088,C1,22.4956,17.8359,Lost quote,1,45
2025-03-01,20088,C1,21.6508,17.4015,Lost quote,1,18
2025-04-01,20088,C1,20.9362,17.4015,Distributor price list,1,26
2025-05-01,20088,C1,22.0755,17.4015,Field report,1,11
2025-07-01,20088,C1,20.5654,16.6575,Field report,1,18
2025-09-01,20088,C1,19.9418,16.2311,Distributor price list,1,28
2025-10-01,20088,C1,20.3407,16.2311,Distributor price list,1,45
2025-11-01,20088,C1,19.9763,16.2311,Marketplace scrape,1,18
2026-01-01,20088,C1,21.9689,17.0961,Lost quote,0,27
2026-02-01,20088,C1,21.8345,17.0961,Lost quote,1,31
2026-04-01,20088,C1,23.1212,16.9363,Field report,0,6
2026-06-01,20088,C1,23.969,17.5796,Field report,1,21
2023-08-01,20088,C2,20.5266,21.0313,Distributor price list,1,26
2023-12-01,20088,C2,20.3015,20.3177,Distributor price list,1,33
2024-02-01,20088,C2,19.7284,20.3177,Lost quote,1,35
2024-03-01,20088,C2,19.977,20.3769,Distributor price list,1,31
2024-04-01,20088,C2,20.0102,20.3769,Field report,1,2
2024-05-01,20088,C2,19.9034,20.3769,Lost quote,0,23
2024-06-01,20088,C2,17.8774,18.0427,Marketplace scrape,1,9
2024-08-01,20088,C2,17.9244,18.0427,Lost quote,1,36
2024-09-01,20088,C2,18.2723,18.0876,Distributor price list,1,10
2024-10-01,20088,C2,17.4105,18.0876,Field report,1,17
2024-11-01,20088,C2,18.6408,18.0876,Marketplace scrape,1,21
2024-12-01,20088,C2,18.3145,17.8359,Lost quote,1,41
2025-02-01,20088,C2,18.6489,17.8359,Lost quote,1,29
2025-03-01,20088,C2,17.2195,17.4015,Marketplace scrape,1,31
2025-04-01,20088,C2,17.2136,17.4015,Lost quote,1,19
2025-09-01,20088,C2,16.9989,16.2311,Lost quote,1,23
2025-12-01,20088,C2,17.6486,17.0961,Distributor price list,1,30
2026-02-01,20088,C2,17.5403,17.0961,Lost quote,1,40
2026-03-01,20088,C2,17.9264,16.9363,Marketplace scrape,1,17
2023-08-01,20088,C4,22.2739,21.0313,Field report,1,44
2023-09-01,20088,C4,20.6013,20.3687,Field report,1,21
2023-12-01,20088,C4,20.4021,20.3177,Field report,1,26
2024-01-01,20088,C4,21.4584,20.3177,Field report,1,7
2024-03-01,20088,C4,21.6881,20.3769,Distributor price list,1,21
2024-04-01,20088,C4,20.5489,20.3769,Lost quote,1,9
2024-06-01,20088,C4,17.5963,18.0427,Field report,1,38
2024-09-01,20088,C4,18.3231,18.0876,Distributor price list,1,7
2024-10-01,20088,C4,18.7167,18.0876,Field report,1,14
2024-11-01,20088,C4,18.0626,18.0876,Marketplace scrape,1,19
2025-02-01,20088,C4,18.6635,17.8359,Lost quote,1,27
2025-04-01,20088,C4,18.3826,17.4015,Lost quote,1,13
2025-07-01,20088,C4,16.8724,16.6575,Lost quote,1,41
2025-09-01,20088,C4,16.6599,16.2311,Distributor price list,1,44
2025-10-01,20088,C4,16.0053,16.2311,Distributor price list,1,30
2026-02-01,20088,C4,17.6623,17.0961,Field report,0,37
2026-03-01,20088,C4,17.2966,16.9363,Distributor price list,1,40
2026-04-01,20088,C4,16.4824,16.9363,Marketplace scrape,1,7
2026-05-01,20088,C4,15.6626,16.9363,Marketplace scrape,1,31
2023-07-01,20089,C1,90.7388,84.0215,Field report,1,11
2023-08-01,20089,C1,92.3607,85.6085,Lost quote,1,18
2023-09-01,20089,C1,94.3996,85.6085,Marketplace scrape,1,39
2024-01-01,20089,C1,89.1457,80.2677,Lost quote,1,43
2024-02-01,20089,C1,71.3391,65.9241,Distributor price list,1,9
2024-03-01,20089,C1,74.9418,65.9241,Lost quote,1,43
2024-06-01,20089,C1,75.2139,68.5844,Lost quote,1,11
2024-07-01,20089,C1,74.9659,68.5844,Marketplace scrape,1,39
2024-08-01,20089,C1,72.9974,65.8805,Marketplace scrape,1,18
2024-09-01,20089,C1,72.8739,65.8805,Distributor price list,1,18
2024-10-01,20089,C1,71.1597,65.8805,Marketplace scrape,1,4
2024-12-01,20089,C1,73.059,69.6058,Distributor price list,1,39
2025-03-01,20089,C1,76.4035,73.8269,Field report,1,24
2025-08-01,20089,C1,83.4514,77.724,Distributor price list,1,2
2025-10-01,20089,C1,80.689,77.724,Distributor price list,1,1
2025-11-01,20089,C1,73.1101,67.6809,Lost quote,0,40
2026-05-01,20089,C1,62.0521,58.5054,Lost quote,1,7
2023-07-01,20089,C2,87.479,84.0215,Marketplace scrape,1,37
2023-08-01,20089,C2,90.099,85.6085,Lost quote,1,26
2023-10-01,20089,C2,90.69,85.6085,Marketplace scrape,1,29
2024-01-01,20089,C2,82.8937,80.2677,Distributor price list,1,32
2024-02-01,20089,C2,67.7142,65.9241,Marketplace scrape,1,42
2024-03-01,20089,C2,69.4222,65.9241,Marketplace scrape,1,29
2024-05-01,20089,C2,68.1843,68.5844,Distributor price list,1,35
2024-07-01,20089,C2,70.9784,68.5844,Lost quote,1,24
2024-09-01,20089,C2,67.9752,65.8805,Field report,1,31
2024-10-01,20089,C2,71.015,65.8805,Lost quote,1,33
2024-11-01,20089,C2,76.4475,69.6058,Distributor price list,1,23
2024-12-01,20089,C2,73.5672,69.6058,Field report,1,8
2025-01-01,20089,C2,71.9303,69.6058,Distributor price list,1,31
2025-02-01,20089,C2,74.5785,73.8269,Field report,1,12
2025-03-01,20089,C2,77.1231,73.8269,Lost quote,1,29
2025-05-01,20089,C2,71.328,72.9108,Lost quote,1,32
2025-06-01,20089,C2,73.3331,72.9108,Marketplace scrape,1,22
2025-07-01,20089,C2,73.3582,72.9108,Marketplace scrape,1,17
2025-08-01,20089,C2,78.3649,77.724,Lost quote,1,16
2025-11-01,20089,C2,68.6964,67.6809,Lost quote,1,16
2025-12-01,20089,C2,71.7799,67.6809,Field report,1,18
2026-01-01,20089,C2,70.6221,67.6809,Marketplace scrape,1,32
2026-02-01,20089,C2,68.948,62.2075,Lost quote,1,19
2026-04-01,20089,C2,68.2404,62.2075,Field report,1,43
2026-05-01,20089,C2,59.6001,58.5054,Lost quote,1,22
2026-06-01,20089,C2,57.34,58.5054,Marketplace scrape,1,38
2023-07-01,20090,C1,30.3991,32.3467,Distributor price list,1,25
2023-10-01,20090,C1,29.3176,31.9466,Marketplace scrape,1,20
2023-12-01,20090,C1,30.053,31.9466,Marketplace scrape,1,26
2024-02-01,20090,C1,29.6084,31.9466,Lost quote,1,14
2024-05-01,20090,C1,31.8583,31.9466,Marketplace scrape,1,39
2024-06-01,20090,C1,31.4538,31.9466,Distributor price list,1,22
2024-07-01,20090,C1,32.156,31.9466,Marketplace scrape,0,22
2024-10-01,20090,C1,31.9387,31.9466,Field report,1,14
2024-11-01,20090,C1,34.3047,31.9466,Field report,1,38
2025-03-01,20090,C1,33.2297,31.9466,Marketplace scrape,1,32
2025-06-01,20090,C1,34.8516,31.9466,Field report,1,4
2025-07-01,20090,C1,32.8259,31.9466,Field report,1,17
2025-08-01,20090,C1,33.242,31.9466,Field report,1,41
2025-10-01,20090,C1,33.8567,31.9466,Field report,0,13
2025-12-01,20090,C1,33.748,31.9466,Field report,1,25
2026-02-01,20090,C1,33.2259,31.9466,Marketplace scrape,1,28
2026-06-01,20090,C1,34.0235,31.9466,Field report,1,9
2023-07-01,20090,C3,33.6266,32.3467,Distributor price list,1,25
2023-09-01,20090,C3,32.1331,31.9466,Field report,1,13
2023-12-01,20090,C3,31.9992,31.9466,Field report,1,32
2024-03-01,20090,C3,32.4194,31.9466,Lost quote,1,38
2024-05-01,20090,C3,31.1974,31.9466,Field report,0,9
2024-06-01,20090,C3,30.5822,31.9466,Distributor price list,1,29
2024-07-01,20090,C3,31.9416,31.9466,Lost quote,1,5
2024-11-01,20090,C3,31.2311,31.9466,Marketplace scrape,1,13
2025-02-01,20090,C3,32.8171,31.9466,Field report,1,29
2025-04-01,20090,C3,31.4438,31.9466,Field report,1,40
2025-05-01,20090,C3,31.1148,31.9466,Field report,1,41
2025-06-01,20090,C3,30.7573,31.9466,Lost quote,1,16
2025-07-01,20090,C3,30.9686,31.9466,Distributor price list,1,31
2025-09-01,20090,C3,31.2462,31.9466,Distributor price list,1,1
2025-10-01,20090,C3,30.3945,31.9466,Distributor price list,1,39
2025-11-01,20090,C3,29.5893,31.9466,Field report,1,38
2026-05-01,20090,C3,30.9869,31.9466,Marketplace scrape,1,23
2026-06-01,20090,C3,29.4153,31.9466,Distributor price list,1,27
2023-07-01,20090,C4,29.3033,32.3467,Lost quote,0,20
2023-08-01,20090,C4,29.2048,32.3467,Distributor price list,1,23
2023-09-01,20090,C4,27.8306,31.9466,Marketplace scrape,1,18
2023-11-01,20090,C4,27.6281,31.9466,Lost quote,1,14
2023-12-01,20090,C4,27.354,31.9466,Field report,1,23
2024-01-01,20090,C4,27.536,31.9466,Distributor price list,1,30
2024-02-01,20090,C4,27.1693,31.9466,Marketplace scrape,1,40
2024-03-01,20090,C4,27.7654,31.9466,Distributor price list,0,42
2024-04-01,20090,C4,27.1691,31.9466,Distributor price list,1,38
2024-06-01,20090,C4,25.7938,31.9466,Field report,1,20
2024-11-01,20090,C4,27.0231,31.9466,Field report,1,18
2024-12-01,20090,C4,26.4137,31.9466,Field report,1,9
2025-03-01,20090,C4,25.9632,31.9466,Marketplace scrape,1,15
2025-04-01,20090,C4,26.0365,31.9466,Distributor price list,1,37
2025-05-01,20090,C4,26.2674,31.9466,Lost quote,1,44
2025-07-01,20090,C4,26.3381,31.9466,Marketplace scrape,1,34
2025-08-01,20090,C4,24.858,31.9466,Lost quote,1,24
2025-09-01,20090,C4,25.4163,31.9466,Distributor price list,1,37
2025-10-01,20090,C4,24.5658,31.9466,Marketplace scrape,1,33
2025-11-01,20090,C4,25.6066,31.9466,Marketplace scrape,1,25
2025-12-01,20090,C4,25.0262,31.9466,Lost quote,0,17
2026-01-01,20090,C4,25.7707,31.9466,Distributor price list,1,33
2026-02-01,20090,C4,25.1677,31.9466,Marketplace scrape,1,3
2026-03-01,20090,C4,25.7643,31.9466,Field report,1,9
2026-06-01,20090,C4,25.9999,31.9466,Marketplace scrape,1,32
2023-07-01,20090,C5,36.7574,32.3467,Lost quote,1,39
2023-08-01,20090,C5,35.7393,32.3467,Lost quote,1,36
2023-09-01,20090,C5,34.7616,31.9466,Marketplace scrape,1,41
2023-10-01,20090,C5,35.3185,31.9466,Field report,1,4
2023-11-01,20090,C5,35.2944,31.9466,Field report,1,9
2023-12-01,20090,C5,37.4168,31.9466,Lost quote,1,26
2024-01-01,20090,C5,37.7702,31.9466,Marketplace scrape,1,37
2024-02-01,20090,C5,35.7087,31.9466,Lost quote,1,2
2024-03-01,20090,C5,36.8556,31.9466,Distributor price list,0,19
2024-04-01,20090,C5,36.63,31.9466,Marketplace scrape,0,28
2024-05-01,20090,C5,37.0819,31.9466,Distributor price list,0,29
2024-06-01,20090,C5,38.8254,31.9466,Distributor price list,1,44
2024-08-01,20090,C5,37.9607,31.9466,Distributor price list,0,15
2024-09-01,20090,C5,36.761,31.9466,Field report,1,9
2024-10-01,20090,C5,36.9365,31.9466,Distributor price list,1,3
2024-11-01,20090,C5,34.6665,31.9466,Marketplace scrape,1,4
2024-12-01,20090,C5,35.543,31.9466,Lost quote,0,31
2025-02-01,20090,C5,36.4643,31.9466,Field report,1,17
2025-03-01,20090,C5,37.0227,31.9466,Field report,0,34
2025-05-01,20090,C5,38.1772,31.9466,Field report,1,12
2025-06-01,20090,C5,39.7192,31.9466,Distributor price list,1,34
2025-07-01,20090,C5,40.5026,31.9466,Marketplace scrape,1,22
2025-09-01,20090,C5,40.6849,31.9466,Marketplace scrape,1,36
2025-11-01,20090,C5,40.9448,31.9466,Field report,0,17
2026-01-01,20090,C5,40.2778,31.9466,Distributor price list,1,9
2026-02-01,20090,C5,37.5849,31.9466,Lost quote,1,45
2026-04-01,20090,C5,39.3922,31.9466,Lost quote,1,27
2023-07-01,20091,C1,24.42,26.5688,Marketplace scrape,0,42
2023-08-01,20091,C1,23.4826,26.5688,Distributor price list,1,11
2023-09-01,20091,C1,23.5659,26.5688,Distributor price list,1,17
2023-11-01,20091,C1,21.8097,25.4718,Lost quote,1,30
2023-12-01,20091,C1,22.7974,25.4718,Distributor price list,1,19
2024-05-01,20091,C1,21.594,24.125,Lost quote,0,21
2024-07-01,20091,C1,22.3627,24.3261,Distributor price list,1,41
2024-08-01,20091,C1,21.8172,24.3261,Distributor price list,0,10
2024-09-01,20091,C1,21.753,24.3261,Lost quote,1,20
2024-10-01,20091,C1,23.1006,25.8168,Field report,1,27
2024-11-01,20091,C1,21.3886,25.8168,Lost quote,1,24
2024-12-01,20091,C1,22.0693,25.8168,Distributor price list,1,26
2025-01-01,20091,C1,22.6271,26.568,Field report,1,26
2025-03-01,20091,C1,22.2202,26.568,Marketplace scrape,1,4
2025-04-01,20091,C1,25.0341,29.5051,Distributor price list,1,6
2025-07-01,20091,C1,25.3355,29.6963,Lost quote,1,1
2025-08-01,20091,C1,24.2288,29.6963,Distributor price list,1,13
2025-10-01,20091,C1,24.4213,29.9685,Lost quote,1,33
2025-11-01,20091,C1,24.4602,29.9685,Marketplace scrape,1,2
2025-12-01,20091,C1,24.8587,29.9685,Marketplace scrape,1,18
2026-02-01,20091,C1,24.8258,30.4782,Lost quote,1,34
2026-03-01,20091,C1,24.7496,30.4782,Lost quote,1,18
2026-04-01,20091,C1,25.183,30.7122,Field report,1,18
2023-07-01,20091,C4,22.2699,26.5688,Field report,1,7
2023-08-01,20091,C4,22.2752,26.5688,Field report,1,5
2023-09-01,20091,C4,22.5722,26.5688,Marketplace scrape,1,5
2023-11-01,20091,C4,20.9654,25.4718,Distributor price list,1,33
2023-12-01,20091,C4,20.3082,25.4718,Lost quote,0,32
2024-02-01,20091,C4,20.9191,24.4158,Marketplace scrape,1,38
2024-03-01,20091,C4,21.1931,24.4158,Distributor price list,1,31
2024-04-01,20091,C4,21.1415,24.125,Lost quote,1,45
2024-05-01,20091,C4,21.0006,24.125,Distributor price list,1,10
2024-06-01,20091,C4,20.3969,24.125,Lost quote,1,35
2024-07-01,20091,C4,20.662,24.3261,Lost quote,1,23
2024-08-01,20091,C4,20.961,24.3261,Marketplace scrape,1,24
2024-10-01,20091,C4,21.498,25.8168,Field report,1,33
2024-12-01,20091,C4,23.6168,25.8168,Marketplace scrape,1,33
2025-01-01,20091,C4,23.5315,26.568,Field report,1,3
2025-06-01,20091,C4,25.6138,29.5051,Distributor price list,1,44
2025-07-01,20091,C4,25.4223,29.6963,Field report,1,25
2025-08-01,20091,C4,26.4411,29.6963,Lost quote,1,32
2025-10-01,20091,C4,25.9913,29.9685,Marketplace scrape,1,38
2025-11-01,20091,C4,25.1692,29.9685,Marketplace scrape,1,1
2026-02-01,20091,C4,24.3471,30.4782,Field report,1,28
2026-04-01,20091,C4,24.9368,30.7122,Distributor price list,1,41
2026-05-01,20091,C4,23.6332,30.7122,Lost quote,1,19
2026-06-01,20091,C4,25.2743,30.7122,Distributor price list,1,25
2023-07-01,20092,C1,30.3871,33.0384,Marketplace scrape,1,39
2023-10-01,20092,C1,31.6711,34.1133,Distributor price list,1,1
2024-02-01,20092,C1,29.5816,32.9341,Lost quote,1,15
2024-03-01,20092,C1,29.6218,31.9159,Distributor price list,1,30
2024-05-01,20092,C1,28.3732,31.9159,Lost quote,1,19
2024-08-01,20092,C1,29.8404,34.3675,Marketplace scrape,1,7
2024-09-01,20092,C1,28.7354,32.9431,Field report,1,22
2024-10-01,20092,C1,29.1077,32.9431,Field report,1,37
2024-12-01,20092,C1,29.5305,31.8277,Field report,1,24
2025-03-01,20092,C1,27.9724,31.6155,Field report,1,42
2025-05-01,20092,C1,27.7378,31.6155,Distributor price list,1,38
2025-06-01,20092,C1,29.8098,33.7353,Field report,1,43
2025-07-01,20092,C1,30.2455,33.7353,Distributor price list,1,33
2025-10-01,20092,C1,36.0436,41.2412,Field report,1,12
2025-11-01,20092,C1,35.3395,41.2412,Marketplace scrape,1,1
2025-12-01,20092,C1,34.3466,40.0794,Marketplace scrape,1,32
2026-02-01,20092,C1,32.5999,40.0794,Lost quote,1,38
2026-04-01,20092,C1,30.6074,37.554,Distributor price list,1,4
2026-05-01,20092,C1,31.3466,37.554,Marketplace scrape,0,27
2026-06-01,20092,C1,31.4065,37.9929,Lost quote,1,10
2023-07-01,20092,C5,35.6565,33.0384,Lost quote,1,37
2023-09-01,20092,C5,36.5237,34.1133,Distributor price list,1,38
2023-10-01,20092,C5,36.3358,34.1133,Lost quote,1,40
2023-11-01,20092,C5,36.1238,34.1133,Distributor price list,1,39
2024-01-01,20092,C5,33.9536,32.9341,Distributor price list,1,10
2024-02-01,20092,C5,32.6846,32.9341,Lost quote,1,7
2024-03-01,20092,C5,31.8225,31.9159,Field report,1,29
2024-04-01,20092,C5,33.75,31.9159,Distributor price list,0,7
2024-05-01,20092,C5,32.6087,31.9159,Distributor price list,1,33
2024-06-01,20092,C5,35.7729,34.3675,Distributor price list,1,20
2024-07-01,20092,C5,35.4975,34.3675,Distributor price list,1,27
2024-08-01,20092,C5,34.6182,34.3675,Field report,1,27
2024-09-01,20092,C5,34.9971,32.9431,Lost quote,1,40
2024-10-01,20092,C5,34.0688,32.9431,Distributor price list,1,3
2024-12-01,20092,C5,33.7571,31.8277,Field report,1,20
2025-01-01,20092,C5,34.0045,31.8277,Field report,1,23
2025-03-01,20092,C5,31.3999,31.6155,Marketplace scrape,1,40
2025-04-01,20092,C5,31.3804,31.6155,Lost quote,1,5
2025-05-01,20092,C5,31.9595,31.6155,Field report,0,7
2025-06-01,20092,C5,33.9772,33.7353,Field report,1,23
2025-07-01,20092,C5,31.7889,33.7353,Field report,1,27
2025-08-01,20092,C5,31.3702,33.7353,Distributor price list,1,7
2025-09-01,20092,C5,38.7961,41.2412,Field report,1,17
2025-10-01,20092,C5,39.3664,41.2412,Lost quote,1,12
2025-11-01,20092,C5,38.822,41.2412,Distributor price list,1,13
2025-12-01,20092,C5,37.6228,40.0794,Lost quote,1,24
2026-01-01,20092,C5,37.7666,40.0794,Field report,1,12
2026-05-01,20092,C5,34.782,37.554,Marketplace scrape,1,44
2026-06-01,20092,C5,33.6707,37.9929,Lost quote,1,37
2023-07-01,20093,C1,55.5786,53.1869,Lost quote,1,3
2023-08-01,20093,C1,55.0397,53.3402,Marketplace scrape,1,3
2023-09-01,20093,C1,53.0686,53.3402,Field report,1,17
2023-12-01,20093,C1,48.4667,48.7766,Marketplace scrape,1,23
2024-01-01,20093,C1,48.0158,48.7766,Lost quote,1,11
2024-05-01,20093,C1,52.8176,53.6698,Distributor price list,1,32
2024-07-01,20093,C1,54.1001,53.6698,Marketplace scrape,1,8
2024-08-01,20093,C1,57.5695,57.2436,Distributor price list,1,45
2024-10-01,20093,C1,58.5578,57.2436,Distributor price list,1,35
2025-02-01,20093,C1,52.0329,49.9927,Lost quote,1,45
2025-04-01,20093,C1,52.4724,49.9927,Marketplace scrape,1,17
2025-06-01,20093,C1,60.9883,55.2667,Field report,1,4
2025-07-01,20093,C1,59.3458,55.2667,Lost quote,1,13
2025-08-01,20093,C1,56.6711,54.7045,Lost quote,1,1
2025-11-01,20093,C1,53.186,52.5306,Lost quote,1,40
2025-12-01,20093,C1,52.5,52.5306,Distributor price list,1,31
2026-01-01,20093,C1,53.126,52.5306,Field report,1,36
2026-03-01,20093,C1,61.5313,59.3348,Distributor price list,0,28
2026-05-01,20093,C1,63.8249,61.7863,Marketplace scrape,1,31
2026-06-01,20093,C1,66.3812,61.7863,Distributor price list,1,8
2023-08-01,20093,C2,49.6447,53.3402,Lost quote,1,6
2023-09-01,20093,C2,51.2452,53.3402,Distributor price list,1,36
2023-11-01,20093,C2,46.192,48.7766,Distributor price list,1,40
2023-12-01,20093,C2,45.3154,48.7766,Lost quote,1,39
2024-01-01,20093,C2,45.2215,48.7766,Lost quote,1,45
2024-02-01,20093,C2,47.1853,52.0115,Distributor price list,1,21
2024-04-01,20093,C2,45.092,52.0115,Field report,0,1
2024-08-01,20093,C2,51.4354,57.2436,Lost quote,1,21
2024-09-01,20093,C2,51.9099,57.2436,Lost quote,1,5
2024-11-01,20093,C2,50.3869,56.0758,Field report,1,9
2025-01-01,20093,C2,46.8072,56.0758,Lost quote,1,41
2025-02-01,20093,C2,41.4903,49.9927,Marketplace scrape,1,30
2025-04-01,20093,C2,39.5567,49.9927,Field report,0,45
2025-05-01,20093,C2,45.0825,55.2667,Field report,1,15
2025-06-01,20093,C2,45.2278,55.2667,Marketplace scrape,1,38
2025-07-01,20093,C2,44.4594,55.2667,Distributor price list,1,4
2025-08-01,20093,C2,46.7237,54.7045,Distributor price list,1,16
2025-09-01,20093,C2,46.5868,54.7045,Marketplace scrape,1,24
2025-10-01,20093,C2,45.6531,54.7045,Marketplace scrape,1,25
2025-11-01,20093,C2,45.8989,52.5306,Marketplace scrape,1,43
2025-12-01,20093,C2,45.2561,52.5306,Marketplace scrape,1,33
2026-01-01,20093,C2,43.0495,52.5306,Distributor price list,1,30
2026-04-01,20093,C2,48.3798,59.3348,Field report,1,15
2026-05-01,20093,C2,51.6912,61.7863,Marketplace scrape,1,2
2026-06-01,20093,C2,50.7729,61.7863,Distributor price list,1,43
2023-08-01,20093,C3,62.1725,53.3402,Lost quote,0,39
2023-09-01,20093,C3,60.5553,53.3402,Lost quote,1,5
2024-04-01,20093,C3,61.3938,52.0115,Distributor price list,1,40
2024-07-01,20093,C3,62.2627,53.6698,Field report,1,3
2024-10-01,20093,C3,59.6464,57.2436,Lost quote,1,39
2024-11-01,20093,C3,61.3027,56.0758,Lost quote,1,5
2024-12-01,20093,C3,59.1534,56.0758,Field report,1,17
2025-02-01,20093,C3,53.7087,49.9927,Marketplace scrape,1,30
2025-03-01,20093,C3,56.4913,49.9927,Distributor price list,1,1
2025-04-01,20093,C3,53.7129,49.9927,Marketplace scrape,1,29
2025-05-01,20093,C3,63.789,55.2667,Marketplace scrape,1,45
2025-07-01,20093,C3,62.9959,55.2667,Lost quote,0,29
2025-09-01,20093,C3,59.4218,54.7045,Marketplace scrape,1,30
2025-10-01,20093,C3,58.1875,54.7045,Field report,1,38
2025-12-01,20093,C3,58.106,52.5306,Field report,1,24
2026-01-01,20093,C3,57.1712,52.5306,Field report,1,43
2026-02-01,20093,C3,62.4672,59.3348,Marketplace scrape,1,18
2026-04-01,20093,C3,64.9484,59.3348,Distributor price list,1,6
2026-05-01,20093,C3,72.3752,61.7863,Marketplace scrape,0,37
2026-06-01,20093,C3,69.2748,61.7863,Field report,1,36
2023-07-01,20094,C4,18.7825,18.173,Field report,1,16
2023-09-01,20094,C4,18.3043,17.8157,Lost quote,0,29
2023-10-01,20094,C4,18.6532,17.8157,Lost quote,1,7
2023-11-01,20094,C4,18.3433,17.8157,Distributor price list,1,37
2023-12-01,20094,C4,17.8873,17.8157,Marketplace scrape,1,4
2024-01-01,20094,C4,17.9572,17.8157,Field report,1,11
2024-03-01,20094,C4,16.937,17.5536,Field report,1,45
2024-05-01,20094,C4,18.3354,17.5536,Marketplace scrape,1,6
2024-08-01,20094,C4,17.4652,17.5536,Distributor price list,1,24
2024-10-01,20094,C4,20.334,19.2528,Marketplace scrape,1,10
2024-11-01,20094,C4,19.0564,19.2528,Lost quote,1,4
2025-01-01,20094,C4,20.013,19.2528,Lost quote,1,9
2025-03-01,20094,C4,18.3324,18.7872,Distributor price list,0,42
2025-04-01,20094,C4,18.9713,18.7872,Marketplace scrape,1,41
2025-07-01,20094,C4,18.0212,18.7872,Distributor price list,0,37
2025-08-01,20094,C4,18.6085,18.7872,Field report,1,24
2025-09-01,20094,C4,18.9267,17.8472,Lost quote,1,35
2026-01-01,20094,C4,19.63,17.8472,Lost quote,1,11
2026-02-01,20094,C4,19.0626,17.8472,Distributor price list,1,38
2026-03-01,20094,C4,18.7754,17.5331,Field report,1,42
2023-07-01,20095,C1,14.3126,15.1134,Lost quote,1,3
2023-08-01,20095,C1,15.6785,16.5539,Lost quote,1,8
2023-09-01,20095,C1,16.2948,16.5539,Field report,1,31
2023-11-01,20095,C1,15.8515,16.5539,Marketplace scrape,1,3
2023-12-01,20095,C1,16.4944,16.5539,Lost quote,0,21
2024-08-01,20095,C1,15.3667,16.5539,Lost quote,1,27
2024-11-01,20095,C1,15.6901,16.5539,Marketplace scrape,1,37
2025-02-01,20095,C1,15.1334,16.5539,Field report,1,44
2025-03-01,20095,C1,15.2655,16.5539,Field report,1,42
2025-04-01,20095,C1,16.1297,16.5539,Distributor price list,1,3
2025-05-01,20095,C1,16.1185,16.5539,Lost quote,0,18
2025-08-01,20095,C1,15.682,16.5539,Lost quote,1,15
2025-11-01,20095,C1,15.0103,16.5539,Lost quote,1,17
2025-12-01,20095,C1,14.6138,16.5539,Field report,1,35
2026-01-01,20095,C1,15.6959,16.5539,Lost quote,1,13
2026-03-01,20095,C1,15.0559,16.5539,Marketplace scrape,1,24
2026-04-01,20095,C1,14.9876,16.5539,Distributor price list,1,22
2026-06-01,20095,C1,14.6531,16.5539,Field report,1,23
2023-07-01,20095,C5,16.5407,15.1134,Distributor price list,0,40
2023-08-01,20095,C5,18.0014,16.5539,Distributor price list,1,4
2023-09-01,20095,C5,18.8046,16.5539,Lost quote,1,26
2023-10-01,20095,C5,17.9152,16.5539,Distributor price list,1,42
2023-11-01,20095,C5,18.1974,16.5539,Lost quote,1,14
2024-01-01,20095,C5,17.6998,16.5539,Distributor price list,1,19
2024-02-01,20095,C5,17.8949,16.5539,Marketplace scrape,1,27
2024-03-01,20095,C5,18.5943,16.5539,Field report,1,43
2024-04-01,20095,C5,17.2972,16.5539,Lost quote,0,26
2024-05-01,20095,C5,17.4631,16.5539,Marketplace scrape,1,31
2024-07-01,20095,C5,18.0251,16.5539,Field report,1,40
2024-09-01,20095,C5,18.1378,16.5539,Field report,1,44
2024-11-01,20095,C5,17.3806,16.5539,Lost quote,1,21
2024-12-01,20095,C5,18.3887,16.5539,Distributor price list,1,27
2025-02-01,20095,C5,18.7909,16.5539,Lost quote,0,8
2025-05-01,20095,C5,19.452,16.5539,Field report,1,8
2025-06-01,20095,C5,19.1846,16.5539,Marketplace scrape,1,4
2025-07-01,20095,C5,18.3165,16.5539,Marketplace scrape,1,23
2025-08-01,20095,C5,18.2147,16.5539,Lost quote,1,20
2025-09-01,20095,C5,18.3396,16.5539,Marketplace scrape,1,44
2025-11-01,20095,C5,19.4872,16.5539,Marketplace scrape,1,2
2025-12-01,20095,C5,18.911,16.5539,Lost quote,1,43
2026-04-01,20095,C5,17.9733,16.5539,Distributor price list,1,12
2026-06-01,20095,C5,16.9952,16.5539,Marketplace scrape,1,1
2023-07-01,20096,C3,10.9175,9.8212,Marketplace scrape,1,17
2023-09-01,20096,C3,10.6516,9.8212,Lost quote,1,27
2023-11-01,20096,C3,11.0924,10.1752,Marketplace scrape,1,11
2024-02-01,20096,C3,10.9941,9.8316,Lost quote,1,6
2024-06-01,20096,C3,10.6581,9.4992,Distributor price list,1,28
2024-07-01,20096,C3,10.8871,9.8211,Distributor price list,1,45
2024-08-01,20096,C3,10.881,9.8211,Marketplace scrape,1,28
2024-12-01,20096,C3,11.5988,10.3189,Distributor price list,1,19
2025-01-01,20096,C3,11.0989,9.9715,Marketplace scrape,1,22
2025-02-01,20096,C3,11.1274,9.9715,Distributor price list,1,39
2025-03-01,20096,C3,11.0258,9.9715,Marketplace scrape,1,24
2025-06-01,20096,C3,10.1523,9.295,Distributor price list,0,21
2025-09-01,20096,C3,10.0565,9.3815,Field report,1,44
2025-10-01,20096,C3,9.1461,8.7054,Field report,0,4
2026-02-01,20096,C3,8.7289,8.6802,Marketplace scrape,1,4
2026-03-01,20096,C3,8.7038,8.6802,Lost quote,1,42
2026-04-01,20096,C3,8.5954,8.647,Lost quote,1,30
2026-06-01,20096,C3,8.8022,8.647,Lost quote,1,35
2023-09-01,20096,C4,9.2696,9.8212,Marketplace scrape,1,27
2023-10-01,20096,C4,9.791,10.1752,Lost quote,1,25
2024-01-01,20096,C4,9.4017,9.8316,Marketplace scrape,1,13
2024-02-01,20096,C4,9.1322,9.8316,Field report,1,31
2024-03-01,20096,C4,9.5703,9.8316,Lost quote,1,16
2024-06-01,20096,C4,9.6386,9.4992,Distributor price list,1,14
2024-07-01,20096,C4,9.7763,9.8211,Distributor price list,1,34
2024-09-01,20096,C4,9.5758,9.8211,Lost quote,1,18
2024-11-01,20096,C4,9.949,10.3189,Distributor price list,1,31
2024-12-01,20096,C4,9.929,10.3189,Distributor price list,0,28
2025-02-01,20096,C4,9.5001,9.9715,Field report,1,16
2025-04-01,20096,C4,8.8912,9.295,Distributor price list,0,41
2025-06-01,20096,C4,8.8674,9.295,Marketplace scrape,1,39
2025-08-01,20096,C4,9.0098,9.3815,Marketplace scrape,1,32
2025-10-01,20096,C4,8.3588,8.7054,Field report,1,12
2025-11-01,20096,C4,8.4974,8.7054,Marketplace scrape,1,2
2025-12-01,20096,C4,8.3777,8.7054,Marketplace scrape,0,4
2026-01-01,20096,C4,8.155,8.6802,Marketplace scrape,1,22
2026-02-01,20096,C4,8.3237,8.6802,Distributor price list,1,17
2026-04-01,20096,C4,8.384,8.647,Field report,1,12
2026-06-01,20096,C4,8.6246,8.647,Marketplace scrape,0,28
2023-07-01,20097,C1,63.1386,66.0164,Distributor price list,1,15
2023-08-01,20097,C1,63.6068,66.0164,Marketplace scrape,1,1
2023-09-01,20097,C1,62.5913,67.0046,Distributor price list,1,16
2023-10-01,20097,C1,62.628,67.0046,Field report,1,15
2023-11-01,20097,C1,60.7705,67.0046,Distributor price list,1,30
2024-01-01,20097,C1,59.4585,67.0046,Field report,1,1
2024-03-01,20097,C1,60.0027,67.0046,Marketplace scrape,1,12
2024-04-01,20097,C1,58.6179,67.0046,Distributor price list,1,38
2024-07-01,20097,C1,59.2319,67.0046,Lost quote,1,9
2024-09-01,20097,C1,61.3655,67.0046,Marketplace scrape,1,6
2024-12-01,20097,C1,62.7101,67.0046,Distributor price list,1,34
2025-01-01,20097,C1,62.7261,67.0046,Marketplace scrape,1,16
2025-04-01,20097,C1,61.5882,67.0046,Distributor price list,1,7
2025-05-01,20097,C1,60.3134,67.0046,Field report,1,1
2025-07-01,20097,C1,60.0637,67.0046,Marketplace scrape,0,45
2025-08-01,20097,C1,62.3809,67.0046,Distributor price list,0,22
2025-09-01,20097,C1,64.3702,67.0046,Distributor price list,1,15
2025-10-01,20097,C1,63.2651,67.0046,Lost quote,1,26
2026-05-01,20097,C1,57.2103,67.0046,Lost quote,1,38
2026-06-01,20097,C1,60.5779,67.0046,Lost quote,1,21
2023-08-01,20097,C2,60.6885,66.0164,Marketplace scrape,1,43
2023-10-01,20097,C2,59.3491,67.0046,Lost quote,1,42
2024-01-01,20097,C2,59.2887,67.0046,Distributor price list,1,9
2024-02-01,20097,C2,59.0673,67.0046,Distributor price list,1,40
2024-05-01,20097,C2,57.5628,67.0046,Distributor price list,1,15
2024-06-01,20097,C2,58.7546,67.0046,Lost quote,1,18
2024-07-01,20097,C2,61.6442,67.0046,Field report,1,31
2024-08-01,20097,C2,60.802,67.0046,Marketplace scrape,1,21
2024-10-01,20097,C2,62.4724,67.0046,Distributor price list,1,38
2024-11-01,20097,C2,62.1811,67.0046,Field report,1,26
2025-03-01,20097,C2,63.5777,67.0046,Distributor price list,1,44
2025-05-01,20097,C2,59.738,67.0046,Marketplace scrape,1,28
2025-08-01,20097,C2,64.1856,67.0046,Marketplace scrape,1,29
2025-09-01,20097,C2,60.089,67.0046,Lost quote,1,37
2025-10-01,20097,C2,61.7024,67.0046,Marketplace scrape,1,12
2025-12-01,20097,C2,58.3631,67.0046,Distributor price list,1,31
2026-02-01,20097,C2,61.3205,67.0046,Marketplace scrape,1,36
2026-03-01,20097,C2,59.9636,67.0046,Distributor price list,1,28
2026-05-01,20097,C2,60.0274,67.0046,Distributor price list,1,19
2026-06-01,20097,C2,59.3219,67.0046,Lost quote,1,19
2023-07-01,20097,C3,71.2301,66.0164,Distributor price list,1,40
2023-09-01,20097,C3,75.4812,67.0046,Marketplace scrape,1,28
2023-10-01,20097,C3,74.5301,67.0046,Field report,1,41
2023-11-01,20097,C3,74.7494,67.0046,Lost quote,1,42
2023-12-01,20097,C3,77.4165,67.0046,Lost quote,1,4
2024-01-01,20097,C3,76.1546,67.0046,Marketplace scrape,1,4
2024-02-01,20097,C3,78.9133,67.0046,Field report,1,5
2024-03-01,20097,C3,78.1831,67.0046,Lost quote,0,40
2024-05-01,20097,C3,74.811,67.0046,Distributor price list,1,42
2024-07-01,20097,C3,74.6665,67.0046,Marketplace scrape,1,20
2024-10-01,20097,C3,76.0452,67.0046,Marketplace scrape,1,44
2024-11-01,20097,C3,73.5336,67.0046,Distributor price list,1,18
2025-01-01,20097,C3,76.1337,67.0046,Lost quote,0,22
2025-03-01,20097,C3,73.9811,67.0046,Marketplace scrape,1,2
2025-04-01,20097,C3,73.7148,67.0046,Marketplace scrape,1,8
2025-05-01,20097,C3,74.2729,67.0046,Field report,1,6
2025-06-01,20097,C3,75.1778,67.0046,Field report,1,31
2025-07-01,20097,C3,75.4209,67.0046,Field report,1,17
2025-09-01,20097,C3,74.2838,67.0046,Field report,1,28
2025-10-01,20097,C3,78.2711,67.0046,Field report,1,43
2025-12-01,20097,C3,78.1327,67.0046,Field report,1,19
2026-01-01,20097,C3,76.2171,67.0046,Lost quote,1,10
2026-02-01,20097,C3,78.6734,67.0046,Lost quote,1,9
2026-03-01,20097,C3,77.3357,67.0046,Distributor price list,1,19
2026-04-01,20097,C3,77.5699,67.0046,Lost quote,1,18
2026-05-01,20097,C3,75.618,67.0046,Lost quote,1,2
2026-06-01,20097,C3,73.8338,67.0046,Lost quote,1,2
2023-07-01,20098,C1,18.2253,19.8121,Lost quote,1,42
2023-08-01,20098,C1,17.215,19.8121,Marketplace scrape,1,6
2023-09-01,20098,C1,16.4195,18.8237,Lost quote,1,16
2023-11-01,20098,C1,16.7523,18.8237,Lost quote,1,22
2024-02-01,20098,C1,16.3832,18.8237,Field report,1,9
2024-03-01,20098,C1,16.5182,18.1915,Distributor price list,1,42
2024-04-01,20098,C1,16.0742,18.1915,Lost quote,1,33
2024-08-01,20098,C1,15.536,18.1915,Marketplace scrape,1,33
2024-10-01,20098,C1,17.1185,20.5194,Marketplace scrape,1,11
2024-11-01,20098,C1,17.9762,20.5194,Marketplace scrape,1,5
2025-02-01,20098,C1,16.6956,20.5194,Marketplace scrape,1,42
2025-03-01,20098,C1,18.2903,21.4774,Distributor price list,1,19
2025-04-01,20098,C1,17.7296,21.4774,Lost quote,1,23
2025-05-01,20098,C1,18.0624,21.4774,Distributor price list,1,11
2025-06-01,20098,C1,17.4932,21.4774,Distributor price list,1,7
2025-07-01,20098,C1,17.3636,21.4774,Lost quote,1,45
2025-08-01,20098,C1,17.3164,21.4774,Marketplace scrape,1,35
2025-10-01,20098,C1,18.1081,21.6017,Lost quote,1,21
2026-01-01,20098,C1,18.9113,21.6017,Field report,1,43
2026-02-01,20098,C1,18.0408,21.6017,Marketplace scrape,1,9
2026-03-01,20098,C1,18.8164,22.0106,Lost quote,1,2
2026-04-01,20098,C1,19.0573,22.0106,Distributor price list,1,31
2026-05-01,20098,C1,18.4809,22.0106,Lost quote,1,39
2026-06-01,20098,C1,19.176,22.0106,Marketplace scrape,1,2
2023-08-01,20098,C2,14.9488,19.8121,Lost quote,1,39
2023-11-01,20098,C2,14.3388,18.8237,Distributor price list,1,11
2023-12-01,20098,C2,14.3915,18.8237,Distributor price list,0,7
2024-01-01,20098,C2,14.9364,18.8237,Marketplace scrape,1,3
2024-02-01,20098,C2,14.4765,18.8237,Lost quote,1,21
2024-03-01,20098,C2,14.5351,18.1915,Distributor price list,1,25
2024-07-01,20098,C2,14.865,18.1915,Field report,1,42
2024-09-01,20098,C2,17.5988,20.5194,Field report,1,14
2025-02-01,20098,C2,17.3626,20.5194,Lost quote,1,39
2025-05-01,20098,C2,17.6551,21.4774,Distributor price list,1,41
2025-06-01,20098,C2,17.6537,21.4774,Lost quote,0,17
2025-11-01,20098,C2,18.3747,21.6017,Lost quote,1,1
2025-12-01,20098,C2,18.2764,21.6017,Distributor price list,1,22
2026-03-01,20098,C2,18.5142,22.0106,Distributor price list,1,25
2026-05-01,20098,C2,19.3714,22.0106,Lost quote,1,5
2026-06-01,20098,C2,19.619,22.0106,Lost quote,1,9
2023-09-01,20098,C3,18.7385,18.8237,Lost quote,1,7
2024-02-01,20098,C3,17.0321,18.8237,Field report,1,20
2024-03-01,20098,C3,16.2656,18.1915,Field report,1,28
2024-04-01,20098,C3,16.5193,18.1915,Field report,1,16
2024-05-01,20098,C3,16.1143,18.1915,Lost quote,1,1
2024-07-01,20098,C3,15.7995,18.1915,Lost quote,1,26
2024-08-01,20098,C3,16.5543,18.1915,Distributor price list,1,17
2024-09-01,20098,C3,18.5395,20.5194,Marketplace scrape,1,40
2024-10-01,20098,C3,17.6924,20.5194,Lost quote,1,15
2024-12-01,20098,C3,17.8941,20.5194,Field report,1,40
2025-01-01,20098,C3,17.6803,20.5194,Distributor price list,1,1
2025-03-01,20098,C3,19.0395,21.4774,Field report,1,30
2025-05-01,20098,C3,18.9956,21.4774,Marketplace scrape,1,43
2025-06-01,20098,C3,19.3894,21.4774,Distributor price list,1,30
2025-07-01,20098,C3,19.1845,21.4774,Distributor price list,1,7
2025-08-01,20098,C3,19.9274,21.4774,Field report,1,33
2025-09-01,20098,C3,19.5882,21.6017,Marketplace scrape,1,41
2025-10-01,20098,C3,20.2973,21.6017,Distributor price list,1,22
2025-12-01,20098,C3,19.4521,21.6017,Lost quote,1,40
2026-01-01,20098,C3,19.4677,21.6017,Field report,1,31
2026-03-01,20098,C3,19.9915,22.0106,Field report,1,45
2026-04-01,20098,C3,20.6548,22.0106,Distributor price list,1,41
2026-05-01,20098,C3,21.0387,22.0106,Distributor price list,1,29
2026-06-01,20098,C3,21.1414,22.0106,Marketplace scrape,1,22
2023-09-01,20099,C1,92.1107,77.594,Marketplace scrape,1,45
2023-10-01,20099,C1,101.6028,83.7298,Distributor price list,1,30
2024-01-01,20099,C1,93.4357,80.1444,Field report,1,7
2024-02-01,20099,C1,92.3883,80.1444,Marketplace scrape,1,15
2024-04-01,20099,C1,86.0812,75.4047,Marketplace scrape,1,29
2024-06-01,20099,C1,88.0345,75.4047,Field report,1,23
2024-07-01,20099,C1,86.3003,72.8776,Distributor price list,1,27
2024-08-01,20099,C1,86.143,72.8776,Distributor price list,1,18
2024-09-01,20099,C1,90.223,72.8776,Distributor price list,1,14
2024-10-01,20099,C1,91.2165,73.8809,Lost quote,1,22
2024-11-01,20099,C1,95.3317,73.8809,Lost quote,1,25
2025-03-01,20099,C1,104.2986,85.789,Marketplace scrape,1,17
2025-04-01,20099,C1,105.0367,86.7396,Distributor price list,1,13
2025-07-01,20099,C1,105.1841,83.5987,Field report,1,10
2025-08-01,20099,C1,98.8777,83.5987,Distributor price list,0,38
2025-09-01,20099,C1,101.6918,83.5987,Field report,1,17
2025-10-01,20099,C1,88.1026,76.7886,Distributor price list,1,35
2025-11-01,20099,C1,89.1131,76.7886,Field report,1,27
2026-01-01,20099,C1,82.1584,69.7055,Field report,1,14
2026-03-01,20099,C1,82.51,69.7055,Field report,1,44
2026-04-01,20099,C1,79.1398,68.9696,Marketplace scrape,1,34
2026-05-01,20099,C1,83.2242,68.9696,Distributor price list,1,29
2023-07-01,20099,C3,97.7335,77.594,Lost quote,1,1
2023-08-01,20099,C3,100.0714,77.594,Distributor price list,1,24
2023-12-01,20099,C3,108.9824,83.7298,Field report,1,44
2024-03-01,20099,C3,97.4007,80.1444,Lost quote,1,23
2024-04-01,20099,C3,96.9829,75.4047,Marketplace scrape,1,45
2024-08-01,20099,C3,100.9903,72.8776,Field report,1,1
2024-10-01,20099,C3,95.942,73.8809,Marketplace scrape,1,31
2024-11-01,20099,C3,94.3306,73.8809,Distributor price list,1,38
2025-02-01,20099,C3,112.9196,85.789,Marketplace scrape,1,5
2025-05-01,20099,C3,125.4568,86.7396,Field report,1,44
2025-06-01,20099,C3,121.5276,86.7396,Marketplace scrape,1,38
2025-07-01,20099,C3,115.5287,83.5987,Lost quote,1,45
2025-08-01,20099,C3,120.0146,83.5987,Lost quote,1,26
2025-09-01,20099,C3,121.5102,83.5987,Field report,1,20
2025-10-01,20099,C3,108.6799,76.7886,Lost quote,1,34
2025-11-01,20099,C3,108.5074,76.7886,Distributor price list,1,4
2026-01-01,20099,C3,97.087,69.7055,Lost quote,1,3
2026-02-01,20099,C3,99.6559,69.7055,Distributor price list,1,22
2026-05-01,20099,C3,91.3472,68.9696,Field report,1,28
2026-06-01,20099,C3,94.6489,68.9696,Lost quote,0,11
2023-07-01,20099,C4,89.3312,77.594,Field report,1,16
2023-08-01,20099,C4,84.8047,77.594,Lost quote,1,4
2023-10-01,20099,C4,93.9113,83.7298,Marketplace scrape,1,44
2023-12-01,20099,C4,88.9951,83.7298,Lost quote,1,24
2024-02-01,20099,C4,87.6427,80.1444,Distributor price list,1,24
2024-03-01,20099,C4,85.72,80.1444,Lost quote,0,44
2024-04-01,20099,C4,81.9757,75.4047,Field report,1,20
2024-07-01,20099,C4,75.5462,72.8776,Distributor price list,1,23
2024-08-01,20099,C4,75.3679,72.8776,Field report,1,28
2024-09-01,20099,C4,75.5219,72.8776,Marketplace scrape,1,30
2025-02-01,20099,C4,87.0912,85.789,Field report,1,31
2025-03-01,20099,C4,87.0144,85.789,Distributor price list,1,9
2025-04-01,20099,C4,90.9766,86.7396,Field report,1,25
2025-07-01,20099,C4,90.2755,83.5987,Lost quote,1,16
2025-09-01,20099,C4,90.4709,83.5987,Distributor price list,1,6
2025-10-01,20099,C4,80.2125,76.7886,Marketplace scrape,1,22
2025-12-01,20099,C4,86.3966,76.7886,Marketplace scrape,1,28
2026-02-01,20099,C4,75.2098,69.7055,Lost quote,0,20
2026-03-01,20099,C4,77.3265,69.7055,Distributor price list,1,35
2026-04-01,20099,C4,76.3802,68.9696,Field report,1,13
2026-05-01,20099,C4,80.152,68.9696,Lost quote,1,31
2023-07-01,20099,C5,103.7344,77.594,Field report,1,6
2023-08-01,20099,C5,106.0217,77.594,Field report,1,19
2023-09-01,20099,C5,110.2266,77.594,Field report,1,25
2023-10-01,20099,C5,113.0249,83.7298,Distributor price list,1,27
2023-11-01,20099,C5,116.9305,83.7298,Lost quote,1,1
2023-12-01,20099,C5,114.7511,83.7298,Distributor price list,1,10
2024-02-01,20099,C5,109.6698,80.1444,Distributor price list,1,35
2024-03-01,20099,C5,109.6034,80.1444,Marketplace scrape,1,25
2024-04-01,20099,C5,104.8687,75.4047,Marketplace scrape,1,3
2024-06-01,20099,C5,104.629,75.4047,Field report,1,41
2024-08-01,20099,C5,98.1645,72.8776,Field report,1,11
2024-09-01,20099,C5,104.7432,72.8776,Distributor price list,1,7
2024-10-01,20099,C5,108.6903,73.8809,Marketplace scrape,1,1
2024-11-01,20099,C5,109.4915,73.8809,Marketplace scrape,1,37
2025-01-01,20099,C5,127.3332,85.789,Distributor price list,1,2
2025-05-01,20099,C5,121.7885,86.7396,Field report,1,37
2025-06-01,20099,C5,125.1601,86.7396,Distributor price list,1,1
2025-07-01,20099,C5,122.5127,83.5987,Field report,1,35
2025-08-01,20099,C5,117.4254,83.5987,Marketplace scrape,1,13
2025-09-01,20099,C5,122.4643,83.5987,Distributor price list,1,24
2025-10-01,20099,C5,107.8225,76.7886,Lost quote,1,4
2025-11-01,20099,C5,110.0449,76.7886,Lost quote,1,2
2026-01-01,20099,C5,96.7032,69.7055,Lost quote,1,42
2026-02-01,20099,C5,96.7077,69.7055,Distributor price list,1,18
2023-07-01,20100,C1,24.0123,26.0394,Marketplace scrape,1,5
2023-08-01,20100,C1,24.3497,26.0394,Marketplace scrape,1,12
2023-09-01,20100,C1,24.1659,25.6002,Lost quote,1,32
2023-12-01,20100,C1,24.4954,25.6002,Field report,1,14
2024-01-01,20100,C1,23.416,25.6002,Marketplace scrape,0,36
2024-02-01,20100,C1,23.0434,25.6002,Distributor price list,1,8
2024-03-01,20100,C1,21.3387,23.0143,Distributor price list,1,17
2024-04-01,20100,C1,21.2545,23.0143,Field report,1,36
2024-06-01,20100,C1,21.1403,23.0143,Lost quote,1,19
2024-07-01,20100,C1,21.0341,23.0143,Marketplace scrape,1,9
2024-08-01,20100,C1,20.6766,23.0143,Distributor price list,1,24
2024-09-01,20100,C1,22.1462,23.0289,Distributor price list,1,15
2024-11-01,20100,C1,21.7661,23.0289,Field report,1,39
2024-12-01,20100,C1,20.7882,23.0289,Marketplace scrape,0,30
2025-01-01,20100,C1,21.9052,23.0289,Marketplace scrape,1,26
2025-02-01,20100,C1,22.0227,23.0289,Field report,1,21
2025-04-01,20100,C1,22.5037,22.7422,Lost quote,1,9
2025-07-01,20100,C1,22.7591,22.7422,Lost quote,1,42
2025-08-01,20100,C1,23.0731,22.7422,Distributor price list,1,28
2025-10-01,20100,C1,22.8399,22.8907,Lost quote,1,25
2026-01-01,20100,C1,22.6148,22.8907,Distributor price list,1,21
2026-03-01,20100,C1,18.2941,18.7307,Field report,1,4
2026-04-01,20100,C1,18.3081,18.7307,Marketplace scrape,1,5
2023-07-01,20100,C2,22.5729,26.0394,Marketplace scrape,1,17
2023-08-01,20100,C2,22.2754,26.0394,Distributor price list,1,3
2023-10-01,20100,C2,22.7512,25.6002,Marketplace scrape,1,14
2023-11-01,20100,C2,21.979,25.6002,Lost quote,1,35
2024-02-01,20100,C2,21.181,25.6002,Field report,1,25
2024-04-01,20100,C2,19.253,23.0143,Lost quote,1,23
2024-06-01,20100,C2,18.9219,23.0143,Distributor price list,1,35
2024-09-01,20100,C2,20.4952,23.0289,Lost quote,1,29
2024-10-01,20100,C2,19.1851,23.0289,Lost quote,1,41
2025-01-01,20100,C2,20.2993,23.0289,Distributor price list,1,19
2025-02-01,20100,C2,18.9109,23.0289,Distributor price list,1,10
2025-03-01,20100,C2,18.4961,22.7422,Lost quote,1,20
2025-04-01,20100,C2,18.3948,22.7422,Lost quote,1,13
2025-08-01,20100,C2,19.1061,22.7422,Field report,1,9
2025-09-01,20100,C2,18.8118,22.8907,Field report,1,8
2025-11-01,20100,C2,18.0822,22.8907,Lost quote,1,17
2025-12-01,20100,C2,18.6846,22.8907,Marketplace scrape,1,36
2026-02-01,20100,C2,19.3467,22.8907,Distributor price list,1,27
2026-04-01,20100,C2,15.9139,18.7307,Lost quote,1,4
2026-05-01,20100,C2,16.0743,18.7307,Field report,1,42
2023-08-01,20100,C4,23.6802,26.0394,Distributor price list,1,2
2023-10-01,20100,C4,22.4718,25.6002,Field report,1,16
2023-11-01,20100,C4,21.8026,25.6002,Marketplace scrape,1,14
2023-12-01,20100,C4,21.7572,25.6002,Lost quote,1,18
2024-01-01,20100,C4,22.2549,25.6002,Field report,1,7
2024-02-01,20100,C4,22.3968,25.6002,Field report,1,28
2024-03-01,20100,C4,20.1882,23.0143,Marketplace scrape,1,15
2024-04-01,20100,C4,19.7712,23.0143,Marketplace scrape,1,37
2024-05-01,20100,C4,18.7522,23.0143,Distributor price list,0,1
2024-08-01,20100,C4,17.84,23.0143,Lost quote,1,41
2024-11-01,20100,C4,18.3505,23.0289,Field report,1,22
2025-02-01,20100,C4,18.6313,23.0289,Distributor price list,1,32
2025-03-01,20100,C4,17.8499,22.7422,Lost quote,0,32
2025-04-01,20100,C4,17.8375,22.7422,Field report,1,11
2025-05-01,20100,C4,18.1791,22.7422,Marketplace scrape,1,39
2025-06-01,20100,C4,19.0318,22.7422,Lost quote,1,38
2025-07-01,20100,C4,17.9483,22.7422,Marketplace scrape,1,1
2025-08-01,20100,C4,18.0611,22.7422,Marketplace scrape,1,24
2025-10-01,20100,C4,18.5554,22.8907,Distributor price list,0,44
2025-11-01,20100,C4,18.416,22.8907,Distributor price list,1,3
2026-01-01,20100,C4,18.1128,22.8907,Field report,1,12
2026-03-01,20100,C4,14.5832,18.7307,Field report,1,40
2026-04-01,20100,C4,14.6454,18.7307,Lost quote,1,18
2026-05-01,20100,C4,14.4492,18.7307,Field report,1,43
2023-07-01,20101,C2,11.4316,14.474,Marketplace scrape,1,1
2023-08-01,20101,C2,12.1647,15.02,Lost quote,1,36
2023-09-01,20101,C2,12.317,15.02,Marketplace scrape,1,1
2023-12-01,20101,C2,12.5581,15.1633,Distributor price list,1,8
2024-01-01,20101,C2,13.0422,15.1633,Marketplace scrape,1,40
2024-02-01,20101,C2,13.1204,15.3024,Marketplace scrape,1,25
2024-03-01,20101,C2,13.347,15.3024,Marketplace scrape,1,12
2024-04-01,20101,C2,13.2465,15.3024,Lost quote,1,20
2024-08-01,20101,C2,13.746,16.4317,Distributor price list,1,2
2024-09-01,20101,C2,14.0047,16.4317,Lost quote,1,14
2024-11-01,20101,C2,12.759,15.9219,Lost quote,1,36
2024-12-01,20101,C2,13.1848,15.9219,Marketplace scrape,1,30
2025-01-01,20101,C2,13.4228,15.9219,Lost quote,1,17
2025-02-01,20101,C2,13.454,15.7621,Lost quote,1,24
2025-03-01,20101,C2,13.1507,15.7621,Field report,1,4
2025-07-01,20101,C2,11.9293,14.7015,Lost quote,1,30
2025-10-01,20101,C2,13.2779,15.0437,Field report,1,3
2025-12-01,20101,C2,12.9931,15.2489,Lost quote,1,30
2026-02-01,20101,C2,12.9758,14.8911,Lost quote,1,17
2026-03-01,20101,C2,12.7506,14.8911,Marketplace scrape,1,16
2026-04-01,20101,C2,13.2267,14.8911,Distributor price list,1,6
2023-10-01,20101,C4,13.5906,15.02,Marketplace scrape,1,22
2024-01-01,20101,C4,13.7626,15.1633,Marketplace scrape,1,5
2024-03-01,20101,C4,13.7444,15.3024,Field report,1,8
2024-04-01,20101,C4,13.6648,15.3024,Lost quote,1,33
2024-05-01,20101,C4,14.0901,15.54,Field report,1,9
2024-06-01,20101,C4,13.2083,15.54,Distributor price list,1,9
2024-10-01,20101,C4,14.8446,16.4317,Distributor price list,1,37
2024-12-01,20101,C4,14.8718,15.9219,Lost quote,1,29
2025-01-01,20101,C4,14.6328,15.9219,Distributor price list,0,34
2025-02-01,20101,C4,14.384,15.7621,Marketplace scrape,1,27
2025-03-01,20101,C4,15.0495,15.7621,Marketplace scrape,1,4
2025-04-01,20101,C4,14.4549,15.7621,Marketplace scrape,0,22
2025-05-01,20101,C4,13.8335,14.7015,Field report,1,25
2025-07-01,20101,C4,14.3764,14.7015,Marketplace scrape,0,5
2025-09-01,20101,C4,15.0541,15.0437,Lost quote,1,28
2025-11-01,20101,C4,16.2694,15.2489,Lost quote,1,8
2025-12-01,20101,C4,16.4224,15.2489,Field report,1,30
2026-01-01,20101,C4,17.1286,15.2489,Field report,1,15
2026-02-01,20101,C4,16.2585,14.8911,Field report,1,20
2026-03-01,20101,C4,15.9266,14.8911,Marketplace scrape,1,32
2026-04-01,20101,C4,16.0701,14.8911,Field report,1,36
2026-05-01,20101,C4,15.1183,14.3234,Marketplace scrape,1,1
2026-06-01,20101,C4,14.5786,14.3234,Field report,1,11
2023-07-01,20102,C1,57.6767,54.189,Lost quote,1,14
2023-08-01,20102,C1,61.3746,55.234,Marketplace scrape,1,17
2023-09-01,20102,C1,62.6491,55.234,Field report,1,6
2023-11-01,20102,C1,59.1566,50.9943,Lost quote,1,36
2024-01-01,20102,C1,55.0455,50.9943,Marketplace scrape,0,23
2024-02-01,20102,C1,57.3436,53.308,Distributor price list,1,39
2024-03-01,20102,C1,59.926,53.308,Lost quote,1,20
2024-06-01,20102,C1,62.9918,58.3078,Field report,1,36
2024-08-01,20102,C1,64.7562,61.074,Marketplace scrape,1,4
2024-09-01,20102,C1,65.4465,61.074,Marketplace scrape,1,45
2024-10-01,20102,C1,65.1692,61.074,Lost quote,0,17
2024-11-01,20102,C1,64.2588,61.0376,Field report,1,20
2024-12-01,20102,C1,64.6957,61.0376,Field report,1,36
2025-01-01,20102,C1,66.5129,61.0376,Distributor price list,1,22
2025-02-01,20102,C1,63.1683,58.2829,Marketplace scrape,1,35
2025-03-01,20102,C1,65.7549,58.2829,Lost quote,1,36
2025-05-01,20102,C1,73.7102,65.1388,Marketplace scrape,1,11
2025-06-01,20102,C1,74.1647,65.1388,Field report,1,3
2025-07-01,20102,C1,74.7487,65.1388,Lost quote,1,3
2025-08-01,20102,C1,74.4684,63.6984,Marketplace scrape,1,10
2025-09-01,20102,C1,72.034,63.6984,Lost quote,0,2
2025-11-01,20102,C1,63.3662,56.873,Marketplace scrape,1,33
2026-01-01,20102,C1,69.258,56.873,Marketplace scrape,1,26
2026-02-01,20102,C1,75.5069,60.4683,Lost quote,1,38
2026-03-01,20102,C1,76.6552,60.4683,Marketplace scrape,1,37
2026-04-01,20102,C1,77.1568,60.4683,Lost quote,0,44
2026-05-01,20102,C1,90.8348,68.5666,Distributor price list,1,37
2026-06-01,20102,C1,85.6068,68.5666,Lost quote,1,29
2023-07-01,20102,C2,54.2959,54.189,Distributor price list,1,20
2023-08-01,20102,C2,55.3161,55.234,Distributor price list,1,37
2023-09-01,20102,C2,53.4026,55.234,Distributor price list,1,38
2023-11-01,20102,C2,51.4865,50.9943,Field report,1,38
2024-01-01,20102,C2,52.4641,50.9943,Field report,1,16
2024-02-01,20102,C2,54.8522,53.308,Marketplace scrape,1,40
2024-03-01,20102,C2,52.4509,53.308,Marketplace scrape,1,43
2024-04-01,20102,C2,54.2897,53.308,Lost quote,1,26
2024-05-01,20102,C2,55.7052,58.3078,Lost quote,1,1
2024-07-01,20102,C2,56.6529,58.3078,Lost quote,1,8
2024-10-01,20102,C2,56.879,61.074,Distributor price list,1,10
2024-12-01,20102,C2,57.667,61.0376,Distributor price list,1,23
2025-04-01,20102,C2,53.6481,58.2829,Lost quote,1,16
2025-08-01,20102,C2,56.9877,63.6984,Marketplace scrape,1,34
2025-11-01,20102,C2,52.5584,56.873,Field report,1,41
2025-12-01,20102,C2,50.1178,56.873,Field report,1,10
2026-01-01,20102,C2,50.8387,56.873,Marketplace scrape,1,7
2026-02-01,20102,C2,56.1628,60.4683,Distributor price list,1,36
2026-03-01,20102,C2,53.885,60.4683,Distributor price list,1,1
2026-06-01,20102,C2,58.3539,68.5666,Field report,1,38
2023-07-01,20103,C3,40.0406,37.5554,Field report,1,40
2023-08-01,20103,C3,39.7512,37.5554,Distributor price list,0,12
2023-12-01,20103,C3,36.0898,34.4948,Field report,1,29
2024-01-01,20103,C3,39.5232,34.7145,Lost quote,1,23
2024-03-01,20103,C3,38.2229,34.7145,Lost quote,1,14
2024-05-01,20103,C3,40.5879,35.6898,Distributor price list,0,17
2024-08-01,20103,C3,38.4122,33.2729,Distributor price list,1,40
2024-10-01,20103,C3,37.8398,30.737,Lost quote,1,11
2024-11-01,20103,C3,37.0467,30.737,Lost quote,1,24
2025-01-01,20103,C3,36.2175,30.4834,Distributor price list,1,33
2025-02-01,20103,C3,36.7044,30.4834,Lost quote,1,7
2025-03-01,20103,C3,37.4865,30.4834,Lost quote,1,21
2025-05-01,20103,C3,37.5595,31.3445,Field report,1,23
2025-07-01,20103,C3,37.3602,31.6899,Distributor price list,1,19
2025-08-01,20103,C3,38.3445,31.6899,Distributor price list,1,5
2025-09-01,20103,C3,38.3298,31.6899,Field report,1,10
2025-10-01,20103,C3,41.7601,35.794,Marketplace scrape,1,39
2025-11-01,20103,C3,42.9461,35.794,Lost quote,1,34
2025-12-01,20103,C3,43.0574,35.794,Marketplace scrape,1,25
2026-01-01,20103,C3,43.3885,37.7685,Lost quote,1,6
2026-02-01,20103,C3,45.2473,37.7685,Marketplace scrape,0,33
2026-03-01,20103,C3,43.4107,37.7685,Lost quote,1,41
2026-04-01,20103,C3,44.8495,37.7585,Lost quote,1,18
2026-05-01,20103,C3,44.1586,37.7585,Marketplace scrape,1,25
2023-07-01,20103,C4,34.0599,37.5554,Lost quote,1,27
2023-08-01,20103,C4,34.8163,37.5554,Field report,1,45
2023-10-01,20103,C4,29.9774,34.4948,Lost quote,1,17
2023-11-01,20103,C4,30.9916,34.4948,Lost quote,1,19
2023-12-01,20103,C4,29.6998,34.4948,Distributor price list,1,17
2024-01-01,20103,C4,29.7856,34.7145,Field report,1,28
2024-03-01,20103,C4,29.8712,34.7145,Distributor price list,0,21
2024-05-01,20103,C4,31.4864,35.6898,Field report,0,44
2024-06-01,20103,C4,30.8161,35.6898,Lost quote,1,21
2024-07-01,20103,C4,27.7445,33.2729,Marketplace scrape,0,20
2024-08-01,20103,C4,28.622,33.2729,Distributor price list,1,39
2024-09-01,20103,C4,26.7737,33.2729,Field report,1,15
2024-11-01,20103,C4,25.2509,30.737,Distributor price list,1,40
2025-03-01,20103,C4,25.2383,30.4834,Distributor price list,1,22
2025-04-01,20103,C4,26.3906,31.3445,Marketplace scrape,1,11
2025-05-01,20103,C4,26.2207,31.3445,Field report,1,19
2025-06-01,20103,C4,25.9277,31.3445,Lost quote,1,6
2025-07-01,20103,C4,25.1949,31.6899,Distributor price list,1,6
2025-09-01,20103,C4,25.5713,31.6899,Distributor price list,1,18
2026-06-01,20103,C4,33.7613,37.7585,Field report,1,4
2023-07-01,20104,C1,10.1602,11.3753,Marketplace scrape,1,23
2023-08-01,20104,C1,10.4363,11.3753,Lost quote,1,8
2023-10-01,20104,C1,10.1704,11.6764,Field report,1,41
2023-12-01,20104,C1,9.7445,11.054,Marketplace scrape,1,30
2024-02-01,20104,C1,9.8144,11.054,Distributor price list,1,3
2024-03-01,20104,C1,11.3542,12.6716,Lost quote,1,11
2024-04-01,20104,C1,11.159,12.6716,Lost quote,1,22
2024-05-01,20104,C1,10.8056,12.6716,Marketplace scrape,1,45
2024-07-01,20104,C1,11.6266,13.3476,Lost quote,1,31
2024-08-01,20104,C1,11.6604,13.3476,Lost quote,1,7
2024-09-01,20104,C1,11.6783,13.781,Distributor price list,1,2
2024-10-01,20104,C1,11.8125,13.781,Marketplace scrape,1,31
2024-12-01,20104,C1,12.2016,14.5647,Marketplace scrape,1,3
2025-01-01,20104,C1,12.4541,14.5647,Marketplace scrape,1,22
2025-02-01,20104,C1,11.8275,14.5647,Marketplace scrape,1,6
2025-03-01,20104,C1,12.5573,15.5321,Distributor price list,1,7
2025-04-01,20104,C1,12.9323,15.5321,Distributor price list,1,9
2025-05-01,20104,C1,13.0136,15.5321,Marketplace scrape,1,24
2025-06-01,20104,C1,13.5041,16.4024,Lost quote,1,38
2025-09-01,20104,C1,13.7808,17.2286,Lost quote,1,4
2025-10-01,20104,C1,13.6857,17.2286,Distributor price list,1,9
2025-11-01,20104,C1,14.1551,17.2286,Marketplace scrape,1,31
2026-01-01,20104,C1,13.8853,17.7064,Lost quote,1,15
2026-02-01,20104,C1,14.6392,17.7064,Field report,1,28
2026-04-01,20104,C1,13.6144,17.0702,Distributor price list,1,26
2026-05-01,20104,C1,13.0215,17.0702,Field report,1,45
2026-06-01,20104,C1,13.2732,17.8362,Field report,1,45
2023-07-01,20104,C2,9.4384,11.3753,Lost quote,1,12
2023-08-01,20104,C2,9.4206,11.3753,Field report,1,44
2023-11-01,20104,C2,9.2707,11.6764,Field report,1,9
2024-01-01,20104,C2,9.1026,11.054,Lost quote,1,24
2024-02-01,20104,C2,9.2676,11.054,Lost quote,1,8
2024-04-01,20104,C2,10.4934,12.6716,Lost quote,0,18
2024-05-01,20104,C2,10.5846,12.6716,Field report,0,21
2024-06-01,20104,C2,11.3628,13.3476,Distributor price list,1,31
2024-07-01,20104,C2,11.4781,13.3476,Marketplace scrape,1,38
2024-09-01,20104,C2,12.0152,13.781,Distributor price list,1,31
2024-12-01,20104,C2,11.7588,14.5647,Lost quote,1,32
2025-01-01,20104,C2,12.2904,14.5647,Lost quote,1,30
2025-03-01,20104,C2,13.6134,15.5321,Field report,1,20
2025-04-01,20104,C2,13.1298,15.5321,Field report,1,8
2025-05-01,20104,C2,13.1535,15.5321,Field report,1,25
2025-06-01,20104,C2,14.4533,16.4024,Lost quote,1,6
2025-08-01,20104,C2,13.4148,16.4024,Distributor price list,1,1
2025-10-01,20104,C2,14.0043,17.2286,Marketplace scrape,1,45
2025-11-01,20104,C2,14.6535,17.2286,Lost quote,1,12
2026-02-01,20104,C2,14.6445,17.7064,Lost quote,1,34
2026-03-01,20104,C2,13.2239,17.0702,Lost quote,1,19
2023-11-01,20104,C5,12.5574,11.6764,Distributor price list,1,2
2023-12-01,20104,C5,11.5105,11.054,Marketplace scrape,1,43
2024-01-01,20104,C5,10.9835,11.054,Field report,1,28
2024-02-01,20104,C5,11.0128,11.054,Field report,1,26
2024-04-01,20104,C5,13.7789,12.6716,Lost quote,1,27
2024-05-01,20104,C5,13.2945,12.6716,Lost quote,1,37
2024-07-01,20104,C5,14.7355,13.3476,Lost quote,1,32
2024-11-01,20104,C5,14.9671,13.781,Field report,1,30
2024-12-01,20104,C5,16.0485,14.5647,Marketplace scrape,1,27
2025-01-01,20104,C5,16.3959,14.5647,Distributor price list,1,16
2025-02-01,20104,C5,16.8452,14.5647,Marketplace scrape,1,24
2025-04-01,20104,C5,17.1454,15.5321,Lost quote,1,1
2025-05-01,20104,C5,16.5473,15.5321,Lost quote,0,4
2025-08-01,20104,C5,17.7485,16.4024,Marketplace scrape,1,35
2025-09-01,20104,C5,17.7748,17.2286,Distributor price list,1,17
2025-12-01,20104,C5,17.6164,17.7064,Marketplace scrape,1,24
2026-02-01,20104,C5,17.7145,17.7064,Distributor price list,1,34
2026-04-01,20104,C5,17.6117,17.0702,Distributor price list,1,4
2023-07-01,20105,C5,26.1046,22.8401,Marketplace scrape,1,42
2023-09-01,20105,C5,27.0964,22.8401,Field report,1,36
2023-10-01,20105,C5,27.1107,23.2514,Lost quote,1,28
2024-01-01,20105,C5,28.8274,23.5297,Distributor price list,1,20
2024-05-01,20105,C5,29.0983,23.954,Marketplace scrape,1,32
2024-07-01,20105,C5,29.1598,23.8127,Distributor price list,1,39
2024-08-01,20105,C5,30.5936,23.8127,Lost quote,1,9
2024-09-01,20105,C5,30.3194,23.8127,Distributor price list,1,11
2024-12-01,20105,C5,30.599,22.7907,Distributor price list,1,19
2025-02-01,20105,C5,27.5232,20.7288,Lost quote,1,38
2025-03-01,20105,C5,26.1101,20.7288,Marketplace scrape,1,13
2025-05-01,20105,C5,27.1586,21.438,Field report,1,7
2025-07-01,20105,C5,29.1142,22.2952,Field report,1,19
2025-09-01,20105,C5,29.9785,22.2952,Marketplace scrape,1,7
2025-10-01,20105,C5,28.2048,21.3293,Lost quote,1,14
2025-11-01,20105,C5,28.7055,21.3293,Marketplace scrape,1,13
2025-12-01,20105,C5,28.9554,21.3293,Field report,1,13
2026-01-01,20105,C5,27.2454,20.5362,Field report,1,24
2026-03-01,20105,C5,26.7735,20.5362,Distributor price list,1,32
2023-10-01,20106,C3,33.6117,25.5377,Field report,1,16
2023-12-01,20106,C3,31.7094,25.5176,Lost quote,1,18
2024-01-01,20106,C3,31.4475,25.5176,Distributor price list,1,36
2024-02-01,20106,C3,32.4101,25.298,Distributor price list,1,34
2024-05-01,20106,C3,30.3439,24.1687,Distributor price list,1,17
2024-06-01,20106,C3,32.197,24.1687,Distributor price list,1,19
2024-09-01,20106,C3,28.7743,21.9426,Distributor price list,1,29
2024-11-01,20106,C3,27.092,21.4875,Lost quote,1,29
2024-12-01,20106,C3,24.9894,21.4875,Lost quote,1,26
2025-01-01,20106,C3,26.9266,21.4875,Marketplace scrape,1,45
2025-04-01,20106,C3,26.7472,20.3111,Marketplace scrape,0,4
2025-05-01,20106,C3,27.2251,20.2165,Marketplace scrape,1,8
2025-06-01,20106,C3,28.4834,20.2165,Distributor price list,1,31
2025-07-01,20106,C3,27.0104,20.2165,Lost quote,1,41
2025-08-01,20106,C3,26.9863,19.7199,Lost quote,1,43
2025-09-01,20106,C3,27.9871,19.7199,Lost quote,1,27
2025-10-01,20106,C3,26.5696,19.7199,Distributor price list,1,14
2025-12-01,20106,C3,26.9367,19.518,Distributor price list,1,26
2026-01-01,20106,C3,27.3194,19.518,Marketplace scrape,0,16
2026-02-01,20106,C3,31.1596,23.241,Lost quote,1,31
2026-03-01,20106,C3,32.6602,23.241,Distributor price list,1,20
2026-04-01,20106,C3,33.7348,23.241,Field report,1,12
2026-05-01,20106,C3,31.9512,22.4415,Distributor price list,1,18
2026-06-01,20106,C3,32.41,22.4415,Field report,1,44
2023-08-01,20106,C4,26.8321,25.5377,Field report,1,44
2023-09-01,20106,C4,27.0942,25.5377,Distributor price list,1,28
2023-10-01,20106,C4,28.2727,25.5377,Field report,0,40
2023-12-01,20106,C4,27.2104,25.5176,Marketplace scrape,1,35
2024-02-01,20106,C4,28.8771,25.298,Distributor price list,1,41
2024-03-01,20106,C4,27.9457,25.298,Distributor price list,1,6
2024-05-01,20106,C4,27.4132,24.1687,Distributor price list,1,15
2024-06-01,20106,C4,27.4553,24.1687,Marketplace scrape,0,29
2024-07-01,20106,C4,28.0606,24.1687,Distributor price list,1,19
2024-08-01,20106,C4,24.9083,21.9426,Marketplace scrape,1,24
2024-09-01,20106,C4,24.9611,21.9426,Field report,1,12
2024-11-01,20106,C4,25.1219,21.4875,Distributor price list,1,6
2024-12-01,20106,C4,24.169,21.4875,Distributor price list,1,4
2025-01-01,20106,C4,23.2865,21.4875,Lost quote,1,22
2025-04-01,20106,C4,23.3468,20.3111,Field report,1,29
2025-05-01,20106,C4,22.8938,20.2165,Distributor price list,1,41
2025-06-01,20106,C4,24.2682,20.2165,Marketplace scrape,1,8
2025-07-01,20106,C4,23.4074,20.2165,Lost quote,1,36
2025-08-01,20106,C4,24.5294,19.7199,Lost quote,1,16
2025-09-01,20106,C4,24.5239,19.7199,Field report,1,29
2025-10-01,20106,C4,23.8712,19.7199,Distributor price list,1,30
2025-11-01,20106,C4,23.8994,19.518,Lost quote,1,8
2025-12-01,20106,C4,23.1281,19.518,Field report,1,5
2026-03-01,20106,C4,25.6818,23.241,Marketplace scrape,1,34
2026-05-01,20106,C4,25.5615,22.4415,Lost quote,1,43
2023-07-01,20107,C2,46.0486,50.0298,Marketplace scrape,1,15
2023-08-01,20107,C2,46.9122,50.0298,Field report,1,23
2023-09-01,20107,C2,48.6277,50.0298,Distributor price list,1,4
2023-10-01,20107,C2,47.2636,49.62,Lost quote,1,8
2023-11-01,20107,C2,47.416,49.62,Lost quote,1,28
2023-12-01,20107,C2,49.341,49.62,Marketplace scrape,1,7
2024-01-01,20107,C2,50.0115,51.0212,Distributor price list,1,24
2024-02-01,20107,C2,47.594,51.0212,Lost quote,0,29
2024-03-01,20107,C2,47.876,51.0212,Marketplace scrape,1,36
2024-04-01,20107,C2,51.2558,55.2979,Field report,1,31
2024-05-01,20107,C2,52.0526,55.2979,Lost quote,1,29
2024-07-01,20107,C2,59.6243,58.842,Distributor price list,1,16
2024-08-01,20107,C2,57.3965,58.842,Field report,1,23
2024-09-01,20107,C2,56.0384,58.842,Distributor price list,1,42
2024-11-01,20107,C2,47.7108,52.4462,Distributor price list,1,19
2024-12-01,20107,C2,47.386,52.4462,Field report,1,22
2025-03-01,20107,C2,46.5623,51.1583,Field report,1,43
2025-04-01,20107,C2,47.0248,52.2623,Marketplace scrape,1,12
2025-05-01,20107,C2,49.0054,52.2623,Lost quote,1,38
2025-06-01,20107,C2,48.5249,52.2623,Distributor price list,1,12
2025-07-01,20107,C2,45.7876,48.9229,Marketplace scrape,1,31
2025-08-01,20107,C2,46.3336,48.9229,Distributor price list,0,25
2025-12-01,20107,C2,46.2247,48.4909,Distributor price list,1,32
2026-01-01,20107,C2,48.5333,51.4429,Distributor price list,1,14
2026-02-01,20107,C2,46.7983,51.4429,Lost quote,1,26
2026-03-01,20107,C2,46.9079,51.4429,Lost quote,1,31
2026-06-01,20107,C2,47.8957,50.0692,Field report,1,9
2023-07-01,20107,C4,50.3015,50.0298,Marketplace scrape,1,8
2023-08-01,20107,C4,52.6079,50.0298,Marketplace scrape,1,38
2023-09-01,20107,C4,54.3109,50.0298,Field report,0,43
2023-10-01,20107,C4,50.6987,49.62,Distributor price list,1,29
2023-11-01,20107,C4,52.2776,49.62,Lost quote,1,3
2024-02-01,20107,C4,48.2506,51.0212,Field report,0,1
2024-03-01,20107,C4,49.0849,51.0212,Lost quote,1,26
2024-05-01,20107,C4,55.7094,55.2979,Field report,1,17
2024-07-01,20107,C4,59.012,58.842,Lost quote,1,1
2025-01-01,20107,C4,51.0206,51.1583,Field report,1,11
2025-02-01,20107,C4,52.4993,51.1583,Field report,1,44
2025-05-01,20107,C4,53.2039,52.2623,Lost quote,1,18
2025-06-01,20107,C4,54.2737,52.2623,Field report,1,26
2025-07-01,20107,C4,49.5702,48.9229,Distributor price list,1,25
2026-02-01,20107,C4,53.9765,51.4429,Lost quote,0,23
2026-05-01,20107,C4,56.1926,50.0692,Lost quote,0,19
2026-06-01,20107,C4,56.3279,50.0692,Marketplace scrape,1,28
2023-10-01,20108,C1,24.9976,25.1117,Marketplace scrape,1,25
2024-01-01,20108,C1,23.8935,25.1117,Distributor price list,1,7
2024-02-01,20108,C1,21.3326,23.7209,Field report,1,14
2024-03-01,20108,C1,21.4225,23.7209,Lost quote,1,10
2024-04-01,20108,C1,21.257,23.7209,Field report,1,43
2024-05-01,20108,C1,21.3955,23.7209,Field report,1,42
2024-06-01,20108,C1,21.341,23.7209,Lost quote,1,18
2024-09-01,20108,C1,24.5751,25.5996,Field report,1,13
2024-11-01,20108,C1,24.1067,25.5996,Field report,1,14
2025-02-01,20108,C1,22.8187,24.5248,Lost quote,1,23
2025-03-01,20108,C1,23.4617,24.5248,Lost quote,0,25
2025-07-01,20108,C1,22.3217,24.5248,Marketplace scrape,1,12
2025-08-01,20108,C1,22.8963,25.539,Distributor price list,1,31
2025-09-01,20108,C1,24.0173,25.539,Lost quote,1,22
2025-10-01,20108,C1,23.6021,25.539,Marketplace scrape,1,22
2025-11-01,20108,C1,23.2745,25.539,Lost quote,1,41
2025-12-01,20108,C1,23.3473,25.539,Distributor price list,1,11
2026-02-01,20108,C1,24.7366,27.1312,Field report,0,37
2026-03-01,20108,C1,24.9078,27.1312,Field report,1,35
2026-04-01,20108,C1,24.7196,27.1312,Field report,1,18
2026-05-01,20108,C1,24.526,27.1312,Lost quote,0,32
2023-12-01,20108,C2,22.8291,25.1117,Marketplace scrape,1,31
2024-02-01,20108,C2,20.7926,23.7209,Field report,1,30
2024-03-01,20108,C2,20.5411,23.7209,Distributor price list,1,26
2024-04-01,20108,C2,22.1195,23.7209,Lost quote,1,34
2024-05-01,20108,C2,21.6281,23.7209,Field report,1,20
2024-06-01,20108,C2,21.9231,23.7209,Marketplace scrape,1,34
2024-07-01,20108,C2,21.7834,23.7209,Marketplace scrape,1,4
2024-11-01,20108,C2,25.6956,25.5996,Marketplace scrape,1,11
2025-01-01,20108,C2,24.2366,25.5996,Distributor price list,1,38
2025-02-01,20108,C2,22.7841,24.5248,Marketplace scrape,1,34
2025-04-01,20108,C2,23.7938,24.5248,Lost quote,1,14
2025-05-01,20108,C2,22.3945,24.5248,Distributor price list,0,4
2025-07-01,20108,C2,22.1509,24.5248,Marketplace scrape,1,8
2025-08-01,20108,C2,23.8045,25.539,Distributor price list,1,20
2025-11-01,20108,C2,24.8902,25.539,Distributor price list,0,38
2025-12-01,20108,C2,24.3776,25.539,Lost quote,1,28
2026-02-01,20108,C2,25.3251,27.1312,Field report,0,24
2026-04-01,20108,C2,25.2354,27.1312,Field report,1,39
2026-05-01,20108,C2,25.3918,27.1312,Distributor price list,1,5
2026-06-01,20108,C2,25.6923,27.1312,Field report,1,12
2023-08-01,20108,C3,27.3742,25.1117,Marketplace scrape,1,22
2023-09-01,20108,C3,26.6753,25.1117,Lost quote,1,4
2023-12-01,20108,C3,27.4412,25.1117,Lost quote,1,30
2024-02-01,20108,C3,26.3517,23.7209,Distributor price list,1,9
2024-03-01,20108,C3,26.5049,23.7209,Marketplace scrape,1,44
2024-04-01,20108,C3,25.7319,23.7209,Field report,1,20
2024-06-01,20108,C3,25.1023,23.7209,Distributor price list,1,16
2024-08-01,20108,C3,26.9211,25.5996,Lost quote,1,8
2024-09-01,20108,C3,25.5543,25.5996,Field report,1,22
2024-11-01,20108,C3,25.4915,25.5996,Field report,1,12
2024-12-01,20108,C3,25.6543,25.5996,Distributor price list,1,45
2025-01-01,20108,C3,27.1428,25.5996,Distributor price list,1,38
2025-02-01,20108,C3,24.8616,24.5248,Distributor price list,1,45
2025-04-01,20108,C3,25.8024,24.5248,Lost quote,1,21
2025-05-01,20108,C3,25.6682,24.5248,Marketplace scrape,1,22
2025-06-01,20108,C3,24.9534,24.5248,Marketplace scrape,0,40
2025-07-01,20108,C3,24.2901,24.5248,Marketplace scrape,1,36
2025-08-01,20108,C3,25.8689,25.539,Marketplace scrape,1,23
2025-09-01,20108,C3,25.4649,25.539,Field report,1,25
2025-10-01,20108,C3,26.4774,25.539,Lost quote,1,12
2025-11-01,20108,C3,26.6307,25.539,Marketplace scrape,1,40
2025-12-01,20108,C3,26.0176,25.539,Lost quote,1,28
2026-01-01,20108,C3,26.1198,25.539,Field report,1,9
2026-02-01,20108,C3,27.0906,27.1312,Marketplace scrape,1,3
2026-04-01,20108,C3,28.1899,27.1312,Distributor price list,1,42
2026-05-01,20108,C3,28.2529,27.1312,Lost quote,1,13
2026-06-01,20108,C3,29.1221,27.1312,Lost quote,1,28
2023-07-01,20108,C4,24.4122,25.4661,Marketplace scrape,1,12
2023-08-01,20108,C4,23.5003,25.1117,Distributor price list,1,11
2023-09-01,20108,C4,24.002,25.1117,Distributor price list,1,41
2023-10-01,20108,C4,24.1846,25.1117,Marketplace scrape,1,32
2024-01-01,20108,C4,24.1556,25.1117,Distributor price list,1,1
2024-02-01,20108,C4,22.3713,23.7209,Field report,1,35
2024-03-01,20108,C4,24.2006,23.7209,Marketplace scrape,1,31
2024-04-01,20108,C4,22.9707,23.7209,Marketplace scrape,1,26
2024-05-01,20108,C4,23.9957,23.7209,Distributor price list,0,44
2024-08-01,20108,C4,26.7464,25.5996,Marketplace scrape,1,19
2024-09-01,20108,C4,26.5016,25.5996,Distributor price list,1,24
2024-10-01,20108,C4,26.3006,25.5996,Distributor price list,1,26
2024-11-01,20108,C4,25.7612,25.5996,Marketplace scrape,1,10
2025-05-01,20108,C4,23.4807,24.5248,Field report,1,16
2025-09-01,20108,C4,22.872,25.539,Distributor price list,1,22
2025-11-01,20108,C4,24.2929,25.539,Lost quote,1,44
2025-12-01,20108,C4,24.0047,25.539,Distributor price list,1,35
2026-02-01,20108,C4,24.6452,27.1312,Lost quote,1,33
2026-04-01,20108,C4,25.6531,27.1312,Distributor price list,1,41
2026-06-01,20108,C4,25.9966,27.1312,Marketplace scrape,1,27
2023-07-01,20109,C1,23.6334,24.1548,Field report,1,44
2023-08-01,20109,C1,25.0616,24.1548,Marketplace scrape,1,20
2023-10-01,20109,C1,24.9062,26.4573,Field report,1,12
2024-01-01,20109,C1,25.2716,26.7263,Lost quote,1,31
2024-03-01,20109,C1,26.7041,26.7263,Marketplace scrape,1,1
2024-04-01,20109,C1,23.4587,24.3184,Field report,1,17
2024-05-01,20109,C1,24.6534,24.3184,Distributor price list,1,26
2024-06-01,20109,C1,25.3112,24.3184,Marketplace scrape,1,34
2024-08-01,20109,C1,26.2288,26.5056,Marketplace scrape,1,2
2024-11-01,20109,C1,25.6584,27.103,Distributor price list,1,6
2024-12-01,20109,C1,26.8586,27.103,Distributor price list,0,22
2025-01-01,20109,C1,26.224,26.8482,Field report,1,25
2025-02-01,20109,C1,26.8004,26.8482,Lost quote,1,33
2025-06-01,20109,C1,26.2902,26.4942,Field report,1,1
2025-07-01,20109,C1,28.012,28.1151,Field report,1,9
2025-08-01,20109,C1,28.4044,28.1151,Field report,1,16
2025-11-01,20109,C1,28.2919,28.3064,Field report,1,27
2026-02-01,20109,C1,28.5731,29.5028,Marketplace scrape,1,42
2026-03-01,20109,C1,29.9647,29.5028,Marketplace scrape,1,10
2026-05-01,20109,C1,28.977,28.8682,Marketplace scrape,1,28
2023-07-01,20109,C2,22.5735,24.1548,Lost quote,1,37
2023-08-01,20109,C2,23.29,24.1548,Lost quote,1,6
2023-09-01,20109,C2,23.5722,24.1548,Marketplace scrape,1,41
2024-01-01,20109,C2,25.7342,26.7263,Lost quote,1,33
2024-03-01,20109,C2,26.7217,26.7263,Field report,1,42
2024-04-01,20109,C2,23.2594,24.3184,Distributor price list,0,12
2024-05-01,20109,C2,24.2769,24.3184,Field report,1,28
2024-07-01,20109,C2,25.2645,26.5056,Distributor price list,1,13
2024-08-01,20109,C2,24.0045,26.5056,Marketplace scrape,1,1
2024-09-01,20109,C2,24.477,26.5056,Marketplace scrape,1,2
2024-10-01,20109,C2,24.9837,27.103,Distributor price list,1,25
2024-12-01,20109,C2,24.9325,27.103,Lost quote,1,36
2025-02-01,20109,C2,24.9867,26.8482,Marketplace scrape,1,44
2025-04-01,20109,C2,24.5196,26.4942,Distributor price list,1,14
2025-05-01,20109,C2,23.82,26.4942,Field report,1,31
2025-06-01,20109,C2,24.1633,26.4942,Field report,1,23
2025-07-01,20109,C2,25.8732,28.1151,Field report,1,36
2025-08-01,20109,C2,25.8906,28.1151,Lost quote,1,35
2025-09-01,20109,C2,24.9419,28.1151,Lost quote,1,33
2025-12-01,20109,C2,22.965,28.3064,Lost quote,1,11
2026-01-01,20109,C2,23.5457,29.5028,Marketplace scrape,1,20
2026-02-01,20109,C2,23.9645,29.5028,Field report,1,17
2026-04-01,20109,C2,23.8627,28.8682,Field report,1,37
2026-05-01,20109,C2,24.4999,28.8682,Field report,1,40
2023-07-01,20109,C4,23.7684,24.1548,Field report,0,31
2023-10-01,20109,C4,24.2333,26.4573,Lost quote,1,9
2023-11-01,20109,C4,26.1949,26.4573,Field report,1,39
2023-12-01,20109,C4,25.3201,26.4573,Lost quote,0,45
2024-01-01,20109,C4,25.4681,26.7263,Lost quote,1,26
2024-02-01,20109,C4,24.3296,26.7263,Distributor price list,1,32
2024-03-01,20109,C4,24.9188,26.7263,Distributor price list,1,26
2024-06-01,20109,C4,21.2457,24.3184,Lost quote,1,38
2024-07-01,20109,C4,23.7123,26.5056,Lost quote,1,14
2024-09-01,20109,C4,25.298,26.5056,Distributor price list,1,41
2024-12-01,20109,C4,25.5314,27.103,Lost quote,1,5
2025-02-01,20109,C4,24.3455,26.8482,Field report,1,39
2025-09-01,20109,C4,26.6588,28.1151,Marketplace scrape,1,36
2026-02-01,20109,C4,26.4353,29.5028,Lost quote,1,4
2026-03-01,20109,C4,28.1472,29.5028,Distributor price list,1,5
2026-04-01,20109,C4,27.139,28.8682,Lost quote,1,2
2023-08-01,20110,C3,132.0061,113.0078,Distributor price list,1,18
2023-09-01,20110,C3,132.2276,117.2092,Marketplace scrape,1,8
2023-10-01,20110,C3,129.2291,117.2092,Lost quote,0,17
2023-12-01,20110,C3,139.969,120.9785,Marketplace scrape,1,10
2024-02-01,20110,C3,131.0419,120.9785,Distributor price list,1,38
2024-03-01,20110,C3,133.2358,119.8102,Marketplace scrape,1,19
2024-05-01,20110,C3,126.5457,119.8102,Marketplace scrape,1,26
2024-06-01,20110,C3,115.6771,111.6196,Marketplace scrape,1,18
2024-07-01,20110,C3,118.6624,111.6196,Marketplace scrape,1,39
2024-08-01,20110,C3,117.3495,111.6196,Lost quote,1,20
2024-09-01,20110,C3,125.4855,118.9665,Marketplace scrape,1,34
2024-10-01,20110,C3,118.7826,118.9665,Marketplace scrape,1,9
2025-01-01,20110,C3,124.0868,122.7057,Marketplace scrape,1,12
2025-03-01,20110,C3,124.5561,126.3325,Marketplace scrape,1,11
2025-05-01,20110,C3,128.048,126.3325,Field report,1,40
2025-11-01,20110,C3,127.1323,129.8879,Field report,1,1
2026-05-01,20110,C3,108.4964,114.8089,Lost quote,1,38
2023-07-01,20111,C2,47.1779,45.8472,Field report,1,41
2023-08-01,20111,C2,46.0906,45.8472,Marketplace scrape,1,27
2023-10-01,20111,C2,45.4354,45.9272,Field report,1,40
2024-01-01,20111,C2,41.978,42.1918,Distributor price list,0,19
2024-02-01,20111,C2,40.9028,42.1918,Field report,0,10
2024-03-01,20111,C2,39.8129,41.372,Marketplace scrape,1,43
2024-07-01,20111,C2,37.4955,39.2154,Marketplace scrape,1,43
2024-08-01,20111,C2,36.6524,39.2154,Marketplace scrape,1,4
2024-12-01,20111,C2,37.9414,39.6685,Distributor price list,1,31
2025-01-01,20111,C2,39.0169,39.6685,Marketplace scrape,1,33
2025-05-01,20111,C2,36.2934,40.7742,Distributor price list,1,34
2025-08-01,20111,C2,32.6783,36.8913,Field report,1,40
2025-09-01,20111,C2,33.3421,37.2151,Marketplace scrape,1,19
2025-10-01,20111,C2,33.4996,37.2151,Marketplace scrape,1,11
2025-11-01,20111,C2,33.9841,37.2151,Marketplace scrape,1,13
2025-12-01,20111,C2,33.0036,35.3568,Lost quote,0,41
2026-01-01,20111,C2,33.2333,35.3568,Lost quote,1,11
2026-03-01,20111,C2,27.067,31.3061,Lost quote,1,8
2026-06-01,20111,C2,26.4535,30.8949,Marketplace scrape,1,36
2023-07-01,20111,C3,53.9405,45.8472,Distributor price list,1,24
2023-08-01,20111,C3,55.3255,45.8472,Distributor price list,1,42
2023-10-01,20111,C3,55.3654,45.9272,Field report,1,24
2023-12-01,20111,C3,50.5268,42.1918,Distributor price list,1,37
2024-04-01,20111,C3,50.136,41.372,Marketplace scrape,1,33
2024-05-01,20111,C3,48.3322,41.372,Field report,1,28
2024-06-01,20111,C3,44.9662,39.2154,Field report,0,30
2024-08-01,20111,C3,48.2189,39.2154,Lost quote,1,13
2024-09-01,20111,C3,49.7694,39.0927,Lost quote,1,26
2024-10-01,20111,C3,49.526,39.0927,Marketplace scrape,1,35
2024-11-01,20111,C3,50.1438,39.0927,Marketplace scrape,1,6
2024-12-01,20111,C3,48.125,39.6685,Distributor price list,1,21
2025-03-01,20111,C3,47.5709,40.7742,Field report,1,20
2025-06-01,20111,C3,40.6755,36.8913,Marketplace scrape,1,42
2026-01-01,20111,C3,39.9945,35.3568,Lost quote,1,17
2026-02-01,20111,C3,37.8554,35.3568,Field report,1,37
2026-04-01,20111,C3,32.4318,31.3061,Field report,1,21
2026-05-01,20111,C3,32.6646,31.3061,Marketplace scrape,1,43
2023-07-01,20111,C4,51.4112,45.8472,Marketplace scrape,1,41
2023-08-01,20111,C4,49.5871,45.8472,Marketplace scrape,1,9
2023-09-01,20111,C4,48.3906,45.9272,Marketplace scrape,1,18
2023-11-01,20111,C4,49.0547,45.9272,Lost quote,1,17
2023-12-01,20111,C4,43.7088,42.1918,Lost quote,0,31
2024-03-01,20111,C4,44.2741,41.372,Lost quote,0,16
2024-04-01,20111,C4,45.2104,41.372,Marketplace scrape,1,14
2024-07-01,20111,C4,40.2394,39.2154,Marketplace scrape,1,19
2024-09-01,20111,C4,40.8778,39.0927,Lost quote,1,25
2024-10-01,20111,C4,41.0746,39.0927,Distributor price list,1,17
2025-01-01,20111,C4,39.5863,39.6685,Field report,1,37
2025-02-01,20111,C4,41.0189,39.6685,Distributor price list,1,40
2025-06-01,20111,C4,39.4628,36.8913,Field report,1,27
2025-07-01,20111,C4,37.1592,36.8913,Lost quote,1,13
2025-08-01,20111,C4,36.2269,36.8913,Lost quote,1,24
2025-10-01,20111,C4,34.7758,37.2151,Distributor price list,1,9
2025-12-01,20111,C4,34.3142,35.3568,Lost quote,1,12
2026-01-01,20111,C4,33.3736,35.3568,Marketplace scrape,1,9
2026-02-01,20111,C4,35.0783,35.3568,Lost quote,1,13
2026-03-01,20111,C4,30.8801,31.3061,Field report,1,29
2026-04-01,20111,C4,31.1391,31.3061,Lost quote,1,31
2026-05-01,20111,C4,30.8075,31.3061,Field report,1,29
2026-06-01,20111,C4,30.2373,30.8949,Distributor price list,1,21
2023-07-01,20112,C1,49.3128,43.7766,Marketplace scrape,1,14
2023-09-01,20112,C1,48.4025,43.7766,Lost quote,0,2
2023-10-01,20112,C1,48.3005,43.7766,Field report,1,43
2023-12-01,20112,C1,46.9809,43.7766,Marketplace scrape,1,18
2024-01-01,20112,C1,46.7411,43.7766,Lost quote,1,36
2024-02-01,20112,C1,47.7275,43.7766,Distributor price list,0,11
2024-03-01,20112,C1,45.5875,43.7766,Lost quote,0,17
2024-04-01,20112,C1,46.7962,43.7766,Marketplace scrape,1,18
2024-07-01,20112,C1,51.2969,43.7766,Marketplace scrape,1,6
2024-11-01,20112,C1,52.6558,43.7766,Marketplace scrape,1,19
2025-02-01,20112,C1,50.0232,43.7766,Lost quote,1,18
2025-04-01,20112,C1,51.0737,43.7766,Distributor price list,1,36
2025-05-01,20112,C1,48.5208,43.7766,Marketplace scrape,1,16
2025-06-01,20112,C1,50.0334,43.7766,Distributor price list,1,20
2025-07-01,20112,C1,47.2884,43.7766,Marketplace scrape,1,32
2025-08-01,20112,C1,47.8453,43.7766,Lost quote,1,36
2025-10-01,20112,C1,46.4269,43.7766,Marketplace scrape,1,8
2025-12-01,20112,C1,48.333,43.7766,Field report,1,40
2026-02-01,20112,C1,49.2636,43.7766,Marketplace scrape,1,6
2026-04-01,20112,C1,51.4314,43.7766,Field report,1,13
2026-05-01,20112,C1,50.1048,43.7766,Marketplace scrape,1,23
2026-06-01,20112,C1,50.9113,43.7766,Marketplace scrape,1,24
2023-08-01,20112,C2,45.1747,43.7766,Distributor price list,1,23
2023-10-01,20112,C2,46.9971,43.7766,Marketplace scrape,1,12
2023-11-01,20112,C2,46.9065,43.7766,Lost quote,1,21
2024-01-01,20112,C2,46.4433,43.7766,Field report,1,21
2024-03-01,20112,C2,47.2714,43.7766,Marketplace scrape,1,24
2024-04-01,20112,C2,47.1532,43.7766,Lost quote,1,1
2024-05-01,20112,C2,46.8725,43.7766,Distributor price list,1,2
2024-06-01,20112,C2,46.4967,43.7766,Field report,1,27
2024-07-01,20112,C2,45.6638,43.7766,Field report,1,6
2024-08-01,20112,C2,44.7664,43.7766,Lost quote,1,15
2024-10-01,20112,C2,45.0331,43.7766,Field report,1,9
2024-12-01,20112,C2,45.4092,43.7766,Lost quote,1,15
2025-01-01,20112,C2,46.5809,43.7766,Lost quote,0,8
2025-03-01,20112,C2,43.6768,43.7766,Distributor price list,1,33
2025-04-01,20112,C2,42.9019,43.7766,Marketplace scrape,0,42
2025-05-01,20112,C2,43.056,43.7766,Lost quote,0,2
2025-07-01,20112,C2,43.8494,43.7766,Lost quote,1,17
2025-09-01,20112,C2,46.2998,43.7766,Distributor price list,1,35
2025-11-01,20112,C2,46.7382,43.7766,Marketplace scrape,0,2
2025-12-01,20112,C2,47.0823,43.7766,Field report,1,1
2026-04-01,20112,C2,46.5368,43.7766,Marketplace scrape,1,34
2026-05-01,20112,C2,47.6174,43.7766,Field report,1,42
2026-06-01,20112,C2,48.9854,43.7766,Distributor price list,1,4
2023-09-01,20112,C5,53.0402,43.7766,Lost quote,1,3
2024-02-01,20112,C5,55.3132,43.7766,Marketplace scrape,1,25
2024-03-01,20112,C5,57.5938,43.7766,Lost quote,1,8
2024-05-01,20112,C5,55.9393,43.7766,Distributor price list,0,8
2024-09-01,20112,C5,54.4556,43.7766,Lost quote,1,16
2024-10-01,20112,C5,55.9944,43.7766,Field report,1,28
2024-11-01,20112,C5,54.1557,43.7766,Field report,1,28
2025-01-01,20112,C5,55.415,43.7766,Distributor price list,1,39
2025-02-01,20112,C5,55.7146,43.7766,Distributor price list,1,32
2025-05-01,20112,C5,57.8802,43.7766,Lost quote,1,22
2025-06-01,20112,C5,54.6229,43.7766,Field report,1,16
2025-07-01,20112,C5,52.3804,43.7766,Marketplace scrape,1,39
2025-08-01,20112,C5,55.277,43.7766,Marketplace scrape,1,6
2025-09-01,20112,C5,52.3821,43.7766,Distributor price list,1,26
2025-11-01,20112,C5,56.9849,43.7766,Marketplace scrape,1,12
2025-12-01,20112,C5,54.5123,43.7766,Marketplace scrape,1,1
2026-02-01,20112,C5,55.0504,43.7766,Lost quote,1,45
2026-03-01,20112,C5,53.4528,43.7766,Field report,1,34
2026-04-01,20112,C5,56.2424,43.7766,Distributor price list,1,43
2026-05-01,20112,C5,56.3496,43.7766,Distributor price list,1,19
2026-06-01,20112,C5,56.5364,43.7766,Distributor price list,1,9
2023-07-01,20113,C1,44.0564,41.4175,Marketplace scrape,1,23
2023-10-01,20113,C1,40.2706,38.1771,Distributor price list,1,28
2023-11-01,20113,C1,40.8326,38.1771,Lost quote,1,44
2023-12-01,20113,C1,39.0188,38.1771,Field report,1,22
2024-02-01,20113,C1,40.6641,38.601,Distributor price list,1,28
2024-03-01,20113,C1,39.6527,38.601,Field report,1,24
2024-04-01,20113,C1,44.4013,42.1613,Field report,1,11
2024-05-01,20113,C1,43.4507,42.1613,Distributor price list,1,22
2024-06-01,20113,C1,42.7375,42.1613,Distributor price list,1,14
2024-07-01,20113,C1,40.4728,39.6842,Marketplace scrape,1,21
2024-08-01,20113,C1,40.56,39.6842,Lost quote,1,29
2024-09-01,20113,C1,41.8371,39.6842,Distributor price list,1,20
2024-12-01,20113,C1,43.2639,41.2793,Field report,1,15
2025-01-01,20113,C1,38.3014,37.2597,Lost quote,1,36
2025-04-01,20113,C1,41.1878,40.8827,Distributor price list,1,14
2025-06-01,20113,C1,43.1458,40.8827,Distributor price list,1,21
2025-08-01,20113,C1,41.8053,39.5066,Marketplace scrape,1,34
2025-10-01,20113,C1,41.6388,37.9958,Marketplace scrape,0,19
2025-11-01,20113,C1,42.7727,37.9958,Lost quote,1,14
2025-12-01,20113,C1,40.2637,37.9958,Field report,1,28
2026-01-01,20113,C1,36.582,33.6701,Distributor price list,1,27
2026-02-01,20113,C1,34.6595,33.6701,Distributor price list,1,1
2026-03-01,20113,C1,35.1566,33.6701,Lost quote,1,18
2026-04-01,20113,C1,36.5497,35.7437,Field report,1,7
2026-05-01,20113,C1,37.2286,35.7437,Marketplace scrape,1,36
2023-08-01,20113,C3,45.4694,41.4175,Marketplace scrape,1,35
2023-09-01,20113,C3,45.8659,41.4175,Field report,1,27
2023-10-01,20113,C3,42.4701,38.1771,Marketplace scrape,1,18
2023-11-01,20113,C3,42.9847,38.1771,Field report,1,33
2023-12-01,20113,C3,42.8461,38.1771,Field report,1,34
2024-01-01,20113,C3,42.2314,38.601,Lost quote,1,19
2024-04-01,20113,C3,45.2417,42.1613,Distributor price list,1,29
2024-05-01,20113,C3,44.9345,42.1613,Field report,1,11
2024-07-01,20113,C3,43.993,39.6842,Field report,1,6
2024-08-01,20113,C3,42.3658,39.6842,Marketplace scrape,1,2
2024-11-01,20113,C3,44.8815,41.2793,Marketplace scrape,1,29
2024-12-01,20113,C3,44.8853,41.2793,Field report,1,6
2025-02-01,20113,C3,42.2046,37.2597,Lost quote,1,16
2025-03-01,20113,C3,39.765,37.2597,Field report,1,21
2025-04-01,20113,C3,43.8256,40.8827,Distributor price list,1,3
2025-05-01,20113,C3,43.8887,40.8827,Marketplace scrape,1,19
2025-06-01,20113,C3,45.2189,40.8827,Field report,1,25
2025-07-01,20113,C3,41.667,39.5066,Distributor price list,1,24
2025-08-01,20113,C3,40.35,39.5066,Lost quote,1,14
2025-11-01,20113,C3,39.3612,37.9958,Field report,1,15
2025-12-01,20113,C3,39.9732,37.9958,Field report,1,11
2026-01-01,20113,C3,35.7734,33.6701,Lost quote,1,37
2026-03-01,20113,C3,35.889,33.6701,Marketplace scrape,1,5
2026-05-01,20113,C3,35.4527,35.7437,Field report,1,2
2026-06-01,20113,C3,37.3789,35.7437,Field report,1,23
2023-07-01,20113,C4,42.3691,41.4175,Marketplace scrape,0,30
2023-08-01,20113,C4,42.1829,41.4175,Field report,0,44
2023-12-01,20113,C4,37.8221,38.1771,Lost quote,1,15
2024-01-01,20113,C4,39.8676,38.601,Field report,1,2
2024-03-01,20113,C4,36.6196,38.601,Lost quote,0,41
2024-04-01,20113,C4,41.5939,42.1613,Field report,1,18
2024-05-01,20113,C4,43.2034,42.1613,Distributor price list,1,1
2024-06-01,20113,C4,42.4599,42.1613,Lost quote,1,8
2024-08-01,20113,C4,38.5,39.6842,Marketplace scrape,0,24
2024-10-01,20113,C4,40.652,41.2793,Lost quote,1,17
2024-12-01,20113,C4,39.1428,41.2793,Marketplace scrape,1,42
2025-02-01,20113,C4,33.8682,37.2597,Field report,1,24
2025-03-01,20113,C4,32.54,37.2597,Lost quote,1,39
2025-06-01,20113,C4,37.6058,40.8827,Distributor price list,1,16
2025-08-01,20113,C4,35.1263,39.5066,Field report,0,35
2025-09-01,20113,C4,33.9206,39.5066,Distributor price list,1,38
2025-10-01,20113,C4,32.9017,37.9958,Field report,1,33
2025-11-01,20113,C4,31.636,37.9958,Lost quote,1,4
2026-01-01,20113,C4,28.8933,33.6701,Distributor price list,1,30
2026-02-01,20113,C4,28.3733,33.6701,Field report,1,37
2026-06-01,20113,C4,28.8346,35.7437,Lost quote,1,44
2023-07-01,20114,C1,66.4747,75.5346,Field report,1,32
2023-08-01,20114,C1,64.2255,72.0156,Lost quote,1,35
2023-09-01,20114,C1,64.0171,72.0156,Lost quote,1,27
2023-10-01,20114,C1,65.4979,72.0156,Distributor price list,1,25
2023-11-01,20114,C1,64.4976,74.5574,Field report,1,16
2023-12-01,20114,C1,63.4909,74.5574,Lost quote,1,3
2024-01-01,20114,C1,63.5514,74.5574,Field report,0,14
2024-04-01,20114,C1,64.5724,73.7553,Marketplace scrape,1,8
2024-05-01,20114,C1,61.3618,71.5194,Field report,1,43
2024-06-01,20114,C1,60.0581,71.5194,Lost quote,1,45
2024-07-01,20114,C1,63.2552,71.5194,Lost quote,1,36
2024-08-01,20114,C1,55.1141,65.5427,Marketplace scrape,1,16
2024-09-01,20114,C1,55.9056,65.5427,Distributor price list,1,20
2024-12-01,20114,C1,54.9086,60.3351,Field report,1,41
2025-02-01,20114,C1,51.1869,57.1072,Marketplace scrape,1,37
2025-05-01,20114,C1,53.3123,57.3716,Distributor price list,1,42
2025-06-01,20114,C1,55.5613,57.3716,Distributor price list,1,3
2025-09-01,20114,C1,49.4129,52.922,Field report,1,20
2025-11-01,20114,C1,53.792,54.4306,Distributor price list,0,17
2026-01-01,20114,C1,51.4807,54.4306,Marketplace scrape,1,38
2026-05-01,20114,C1,59.6293,59.7687,Distributor price list,1,15
2026-06-01,20114,C1,59.9382,59.7687,Distributor price list,1,34
2023-07-01,20114,C3,73.9332,75.5346,Marketplace scrape,1,18
2023-09-01,20114,C3,74.1106,72.0156,Distributor price list,1,11
2024-02-01,20114,C3,75.2402,73.7553,Field report,1,21
2024-03-01,20114,C3,75.2005,73.7553,Marketplace scrape,1,36
2024-06-01,20114,C3,74.7021,71.5194,Lost quote,1,12
2024-08-01,20114,C3,66.344,65.5427,Lost quote,1,7
2024-12-01,20114,C3,61.4959,60.3351,Lost quote,0,21
2025-01-01,20114,C3,65.54,60.3351,Lost quote,1,7
2025-02-01,20114,C3,63.4802,57.1072,Field report,1,22
2025-03-01,20114,C3,60.3838,57.1072,Distributor price list,1,20
2025-07-01,20114,C3,62.8831,57.3716,Distributor price list,0,45
2025-09-01,20114,C3,55.934,52.922,Field report,1,36
2025-10-01,20114,C3,55.5251,52.922,Field report,1,43
2025-12-01,20114,C3,56.5797,54.4306,Lost quote,1,19
2026-03-01,20114,C3,67.0784,60.4228,Marketplace scrape,1,44
2026-05-01,20114,C3,64.0182,59.7687,Marketplace scrape,1,25
2026-06-01,20114,C3,64.1265,59.7687,Lost quote,1,26
2023-07-01,20114,C4,66.3353,75.5346,Field report,1,13
2024-01-01,20114,C4,67.189,74.5574,Distributor price list,1,14
2024-02-01,20114,C4,68.7601,73.7553,Marketplace scrape,1,43
2024-04-01,20114,C4,66.6281,73.7553,Distributor price list,1,34
2024-06-01,20114,C4,66.4571,71.5194,Marketplace scrape,1,11
2024-07-01,20114,C4,64.112,71.5194,Lost quote,1,21
2024-08-01,20114,C4,59.9061,65.5427,Distributor price list,1,37
2024-09-01,20114,C4,56.4854,65.5427,Marketplace scrape,1,23
2024-10-01,20114,C4,55.9395,65.5427,Marketplace scrape,1,33
2024-11-01,20114,C4,54.7833,60.3351,Field report,1,19
2025-02-01,20114,C4,51.2155,57.1072,Field report,1,18
2025-03-01,20114,C4,51.2533,57.1072,Lost quote,1,45
2025-04-01,20114,C4,51.9707,57.1072,Marketplace scrape,1,17
2025-05-01,20114,C4,51.7333,57.3716,Field report,1,38
2025-06-01,20114,C4,52.5991,57.3716,Distributor price list,1,30
2025-07-01,20114,C4,51.446,57.3716,Marketplace scrape,1,29
2025-08-01,20114,C4,48.1078,52.922,Field report,1,25
2025-09-01,20114,C4,47.6634,52.922,Field report,1,22
2025-11-01,20114,C4,48.5666,54.4306,Lost quote,1,4
2025-12-01,20114,C4,50.1472,54.4306,Field report,1,44
2026-03-01,20114,C4,55.6665,60.4228,Field report,1,36
2026-04-01,20114,C4,58.3922,60.4228,Lost quote,1,41
2026-06-01,20114,C4,57.5732,59.7687,Field report,1,6
2023-07-01,20115,C1,63.1155,69.0032,Marketplace scrape,1,17
2023-08-01,20115,C1,58.9032,69.0032,Field report,1,43
2023-09-01,20115,C1,62.6907,71.8868,Marketplace scrape,1,38
2023-11-01,20115,C1,63.9556,71.8868,Field report,1,33
2023-12-01,20115,C1,59.7377,65.5971,Lost quote,0,39
2024-01-01,20115,C1,60.9986,65.5971,Distributor price list,1,30
2024-02-01,20115,C1,61.8024,65.5971,Field report,1,45
2024-03-01,20115,C1,60.4902,61.9161,Marketplace scrape,1,4
2024-08-01,20115,C1,56.3516,58.0786,Field report,1,9
2024-09-01,20115,C1,58.1244,59.1489,Field report,1,39
2024-11-01,20115,C1,57.2946,59.1489,Field report,1,39
2024-12-01,20115,C1,59.3312,59.1002,Distributor price list,0,10
2025-02-01,20115,C1,56.9504,59.1002,Field report,1,34
2025-04-01,20115,C1,58.5933,56.8285,Distributor price list,1,10
2025-05-01,20115,C1,59.147,56.8285,Lost quote,1,36
2025-06-01,20115,C1,60.9884,56.5936,Field report,1,3
2025-09-01,20115,C1,63.5567,57.6822,Field report,1,16
2025-10-01,20115,C1,60.5668,57.6822,Field report,1,13
2025-12-01,20115,C1,58.1473,54.7503,Lost quote,0,4
2026-02-01,20115,C1,57.8003,54.7503,Distributor price list,1,18
2026-06-01,20115,C1,48.763,47.0603,Distributor price list,1,1
2023-07-01,20115,C2,56.8171,69.0032,Lost quote,1,3
2023-10-01,20115,C2,62.6791,71.8868,Lost quote,1,41
2023-12-01,20115,C2,56.2111,65.5971,Field report,1,2
2024-04-01,20115,C2,53.6449,61.9161,Marketplace scrape,1,31
2024-05-01,20115,C2,51.7202,61.9161,Distributor price list,1,5
2024-07-01,20115,C2,48.5182,58.0786,Field report,1,25
2024-09-01,20115,C2,50.203,59.1489,Distributor price list,1,8
2024-10-01,20115,C2,48.5492,59.1489,Distributor price list,1,35
2024-11-01,20115,C2,50.0093,59.1489,Lost quote,1,7
2024-12-01,20115,C2,48.9078,59.1002,Field report,1,30
2025-02-01,20115,C2,49.0801,59.1002,Distributor price list,1,43
2025-03-01,20115,C2,44.8795,56.8285,Marketplace scrape,1,36
2025-04-01,20115,C2,44.0818,56.8285,Marketplace scrape,1,8
2025-05-01,20115,C2,44.4466,56.8285,Lost quote,1,35
2025-06-01,20115,C2,44.8225,56.5936,Field report,1,7
2025-07-01,20115,C2,46.549,56.5936,Distributor price list,0,43
2025-08-01,20115,C2,46.5094,56.5936,Field report,1,33
2025-09-01,20115,C2,48.8643,57.6822,Field report,1,18
2025-10-01,20115,C2,45.7907,57.6822,Field report,1,35
2025-11-01,20115,C2,48.1454,57.6822,Field report,1,11
2025-12-01,20115,C2,45.8884,54.7503,Field report,1,41
2026-01-01,20115,C2,45.5368,54.7503,Field report,1,45
2026-03-01,20115,C2,41.3837,47.0838,Distributor price list,1,7
2026-05-01,20115,C2,38.7444,47.0838,Marketplace scrape,1,41
2026-06-01,20115,C2,38.2586,47.0603,Field report,1,42
2023-10-01,20115,C3,68.5405,71.8868,Distributor price list,1,24
2024-02-01,20115,C3,63.6824,65.5971,Distributor price list,0,18
2024-05-01,20115,C3,59.4632,61.9161,Field report,1,24
2024-06-01,20115,C3,55.3784,58.0786,Distributor price list,0,5
2024-08-01,20115,C3,52.8753,58.0786,Marketplace scrape,1,12
2024-09-01,20115,C3,52.2587,59.1489,Lost quote,1,45
2024-11-01,20115,C3,53.0545,59.1489,Field report,1,39
2025-01-01,20115,C3,55.0447,59.1002,Lost quote,1,24
2025-02-01,20115,C3,55.566,59.1002,Field report,1,30
2025-03-01,20115,C3,52.4411,56.8285,Lost quote,1,4
2025-04-01,20115,C3,53.3821,56.8285,Marketplace scrape,1,37
2025-05-01,20115,C3,54.3911,56.8285,Marketplace scrape,1,34
2025-08-01,20115,C3,52.0775,56.5936,Marketplace scrape,1,9
2025-09-01,20115,C3,51.9609,57.6822,Distributor price list,1,28
2025-10-01,20115,C3,51.9319,57.6822,Marketplace scrape,1,6
2025-11-01,20115,C3,53.8519,57.6822,Distributor price list,1,20
2025-12-01,20115,C3,50.7024,54.7503,Lost quote,1,24
2026-01-01,20115,C3,50.8177,54.7503,Field report,1,2
2026-03-01,20115,C3,44.3695,47.0838,Distributor price list,0,3
2026-04-01,20115,C3,44.6688,47.0838,Distributor price list,1,21
2026-05-01,20115,C3,46.3841,47.0838,Distributor price list,1,25
2026-06-01,20115,C3,46.9047,47.0603,Lost quote,1,23
2023-07-01,20115,C4,60.6107,69.0032,Marketplace scrape,1,29
2023-08-01,20115,C4,61.3216,69.0032,Field report,1,41
2023-09-01,20115,C4,64.5485,71.8868,Distributor price list,1,2
2023-10-01,20115,C4,63.751,71.8868,Field report,1,13
2023-12-01,20115,C4,60.7956,65.5971,Lost quote,1,39
2024-02-01,20115,C4,59.5296,65.5971,Field report,1,12
2024-07-01,20115,C4,55.5242,58.0786,Lost quote,1,7
2024-08-01,20115,C4,57.019,58.0786,Lost quote,1,13
2024-09-01,20115,C4,55.2548,59.1489,Lost quote,0,39
2024-10-01,20115,C4,57.4532,59.1489,Distributor price list,1,45
2024-11-01,20115,C4,55.4607,59.1489,Lost quote,1,15
2025-04-01,20115,C4,53.3714,56.8285,Field report,1,2
2025-05-01,20115,C4,53.7694,56.8285,Marketplace scrape,1,27
2025-07-01,20115,C4,54.7313,56.5936,Marketplace scrape,1,7
2025-08-01,20115,C4,52.8337,56.5936,Lost quote,1,12
2025-09-01,20115,C4,56.167,57.6822,Field report,0,12
2025-10-01,20115,C4,57.2835,57.6822,Distributor price list,1,45
2025-12-01,20115,C4,51.5633,54.7503,Marketplace scrape,1,31
2026-03-01,20115,C4,44.8697,47.0838,Distributor price list,1,39
2026-06-01,20115,C4,45.931,47.0603,Marketplace scrape,1,33
2023-08-01,20115,C5,69.3064,69.0032,Lost quote,1,41
2023-10-01,20115,C5,74.556,71.8868,Lost quote,1,28
2023-11-01,20115,C5,78.0732,71.8868,Distributor price list,1,13
2023-12-01,20115,C5,72.5127,65.5971,Lost quote,1,6
2024-02-01,20115,C5,68.1179,65.5971,Field report,1,44
2024-03-01,20115,C5,67.0374,61.9161,Lost quote,0,32
2024-04-01,20115,C5,65.4406,61.9161,Lost quote,1,39
2024-05-01,20115,C5,66.9784,61.9161,Field report,1,2
2024-06-01,20115,C5,62.3357,58.0786,Lost quote,1,29
2024-11-01,20115,C5,67.294,59.1489,Lost quote,1,28
2024-12-01,20115,C5,64.4659,59.1002,Distributor price list,1,34
2025-01-01,20115,C5,68.5743,59.1002,Field report,1,36
2025-03-01,20115,C5,66.1591,56.8285,Distributor price list,1,19
2025-08-01,20115,C5,65.4017,56.5936,Marketplace scrape,1,9
2025-10-01,20115,C5,66.0828,57.6822,Distributor price list,1,35
2025-11-01,20115,C5,65.3933,57.6822,Field report,1,25
2026-01-01,20115,C5,62.2614,54.7503,Marketplace scrape,1,4
2026-02-01,20115,C5,64.2576,54.7503,Marketplace scrape,1,14
2026-03-01,20115,C5,53.491,47.0838,Marketplace scrape,1,8
2026-04-01,20115,C5,55.6921,47.0838,Field report,1,28
2026-05-01,20115,C5,53.217,47.0838,Lost quote,1,2
2026-06-01,20115,C5,56.6464,47.0603,Marketplace scrape,1,1
2023-08-01,20116,C1,8.08,7.8486,Marketplace scrape,1,14
2023-09-01,20116,C1,8.0048,7.985,Distributor price list,1,37
2023-12-01,20116,C1,8.2725,8.2921,Lost quote,1,39
2024-01-01,20116,C1,7.8493,8.2921,Field report,1,33
2024-03-01,20116,C1,8.284,8.8235,Field report,1,16
2024-05-01,20116,C1,8.1176,8.8235,Marketplace scrape,1,43
2024-10-01,20116,C1,8.827,9.7289,Lost quote,1,45
2024-12-01,20116,C1,9.2612,9.475,Lost quote,1,27
2025-02-01,20116,C1,8.5057,9.475,Distributor price list,1,16
2025-03-01,20116,C1,8.9088,9.7224,Marketplace scrape,1,38
2025-04-01,20116,C1,8.92,9.7224,Field report,1,1
2025-05-01,20116,C1,8.5195,9.7224,Distributor price list,1,4
2025-06-01,20116,C1,9.4205,10.4748,Marketplace scrape,1,22
2025-10-01,20116,C1,9.9356,11.9747,Lost quote,1,6
2025-11-01,20116,C1,10.0273,11.9747,Marketplace scrape,1,3
2025-12-01,20116,C1,9.5734,11.806,Lost quote,1,24
2026-06-01,20116,C1,11.2662,12.7541,Field report,1,37
2023-10-01,20116,C3,9.8679,7.985,Distributor price list,1,26
2023-12-01,20116,C3,10.6649,8.2921,Field report,0,5
2024-01-01,20116,C3,10.5881,8.2921,Field report,1,19
2024-02-01,20116,C3,10.407,8.2921,Field report,0,23
2024-04-01,20116,C3,10.4129,8.8235,Field report,1,10
2024-06-01,20116,C3,10.7969,9.1505,Distributor price list,1,4
2024-07-01,20116,C3,11.0229,9.1505,Marketplace scrape,1,25
2024-08-01,20116,C3,10.9902,9.1505,Marketplace scrape,1,43
2024-09-01,20116,C3,12.2888,9.7289,Distributor price list,1,45
2024-11-01,20116,C3,11.9542,9.7289,Distributor price list,0,9
2024-12-01,20116,C3,11.9467,9.475,Lost quote,1,40
2025-05-01,20116,C3,12.0898,9.7224,Lost quote,1,37
2025-08-01,20116,C3,13.5043,10.4748,Field report,1,16
2025-09-01,20116,C3,15.9042,11.9747,Marketplace scrape,0,17
2025-11-01,20116,C3,16.6887,11.9747,Marketplace scrape,1,21
2026-02-01,20116,C3,14.8233,11.806,Lost quote,1,7
2023-07-01,20116,C4,8.543,7.8486,Marketplace scrape,1,5
2023-08-01,20116,C4,8.7609,7.8486,Lost quote,1,28
2023-10-01,20116,C4,8.5911,7.985,Lost quote,1,39
2023-11-01,20116,C4,8.9753,7.985,Distributor price list,1,16
2023-12-01,20116,C4,9.4091,8.2921,Field report,1,13
2024-01-01,20116,C4,9.5951,8.2921,Field report,1,17
2024-02-01,20116,C4,9.7083,8.2921,Lost quote,1,3
2024-06-01,20116,C4,11.2375,9.1505,Distributor price list,1,15
2024-07-01,20116,C4,11.2888,9.1505,Marketplace scrape,1,2
2024-09-01,20116,C4,12.77,9.7289,Marketplace scrape,1,42
2024-10-01,20116,C4,13.176,9.7289,Distributor price list,1,25
2025-02-01,20116,C4,12.3479,9.475,Field report,1,38
2025-04-01,20116,C4,12.9237,9.7224,Lost quote,1,21
2025-05-01,20116,C4,12.6818,9.7224,Distributor price list,1,29
2025-06-01,20116,C4,13.8574,10.4748,Lost quote,1,36
2025-07-01,20116,C4,13.6838,10.4748,Distributor price list,1,3
2025-08-01,20116,C4,13.8394,10.4748,Marketplace scrape,1,27
2025-10-01,20116,C4,14.9933,11.9747,Lost quote,1,29
2025-11-01,20116,C4,15.1806,11.9747,Lost quote,1,7
2025-12-01,20116,C4,14.1695,11.806,Distributor price list,1,26
2026-01-01,20116,C4,14.6134,11.806,Lost quote,1,28
2026-02-01,20116,C4,14.4606,11.806,Field report,1,36
2026-05-01,20116,C4,14.7812,12.3172,Lost quote,1,41
2026-06-01,20116,C4,15.3271,12.7541,Field report,1,1
2023-07-01,20117,C1,16.4814,15.5127,Lost quote,0,42
2023-08-01,20117,C1,16.6705,15.5127,Marketplace scrape,1,11
2023-10-01,20117,C1,15.8854,15.5127,Field report,1,3
2023-11-01,20117,C1,15.8553,15.5127,Field report,1,23
2023-12-01,20117,C1,15.5613,15.5127,Lost quote,1,27
2024-01-01,20117,C1,15.6759,15.5127,Field report,1,41
2024-02-01,20117,C1,15.3718,15.5127,Lost quote,1,43
2024-03-01,20117,C1,14.8735,15.5127,Marketplace scrape,1,1
2024-08-01,20117,C1,15.0835,15.5127,Field report,1,5
2024-10-01,20117,C1,15.042,15.5127,Distributor price list,1,39
2024-11-01,20117,C1,15.0075,15.5127,Marketplace scrape,1,16
2025-02-01,20117,C1,15.3333,15.5127,Distributor price list,1,15
2025-03-01,20117,C1,14.4678,15.5127,Field report,1,24
2025-04-01,20117,C1,14.3877,15.5127,Lost quote,1,31
2025-05-01,20117,C1,14.747,15.5127,Distributor price list,1,41
2025-06-01,20117,C1,14.9837,15.5127,Field report,1,18
2025-08-01,20117,C1,14.8873,15.5127,Lost quote,1,25
2025-10-01,20117,C1,14.0753,15.5127,Distributor price list,1,31
2025-12-01,20117,C1,14.562,15.5127,Field report,1,15
2026-02-01,20117,C1,14.4582,15.5127,Distributor price list,1,11
2026-03-01,20117,C1,13.9052,15.5127,Marketplace scrape,1,1
2026-05-01,20117,C1,14.07,15.5127,Lost quote,1,30
2026-06-01,20117,C1,14.417,15.5127,Distributor price list,1,20
2023-08-01,20117,C3,18.0123,15.5127,Lost quote,1,41
2023-09-01,20117,C3,17.735,15.5127,Marketplace scrape,1,27
2023-10-01,20117,C3,17.9792,15.5127,Distributor price list,1,28
2023-11-01,20117,C3,18.1034,15.5127,Lost quote,1,9
2023-12-01,20117,C3,17.1949,15.5127,Lost quote,1,31
2024-02-01,20117,C3,17.9618,15.5127,Lost quote,1,30
2024-05-01,20117,C3,17.1383,15.5127,Distributor price list,1,19
2024-06-01,20117,C3,17.4286,15.5127,Lost quote,1,37
2024-07-01,20117,C3,17.6621,15.5127,Field report,1,32
2024-08-01,20117,C3,17.4304,15.5127,Lost quote,1,4
2024-09-01,20117,C3,17.1463,15.5127,Lost quote,1,11
2024-10-01,20117,C3,17.9898,15.5127,Field report,1,22
2024-11-01,20117,C3,17.1698,15.5127,Field report,1,44
2025-02-01,20117,C3,16.633,15.5127,Distributor price list,0,8
2025-03-01,20117,C3,17.6316,15.5127,Distributor price list,0,15
2025-04-01,20117,C3,17.7865,15.5127,Marketplace scrape,1,13
2025-05-01,20117,C3,17.229,15.5127,Marketplace scrape,1,16
2025-06-01,20117,C3,16.8207,15.5127,Field report,0,26
2025-07-01,20117,C3,15.9874,15.5127,Distributor price list,0,6
2025-08-01,20117,C3,16.6189,15.5127,Marketplace scrape,1,12
2025-09-01,20117,C3,16.5237,15.5127,Field report,1,33
2025-10-01,20117,C3,16.6199,15.5127,Marketplace scrape,1,27
2025-12-01,20117,C3,16.1442,15.5127,Distributor price list,1,29
2026-01-01,20117,C3,15.8728,15.5127,Marketplace scrape,1,13
2026-03-01,20117,C3,15.0871,15.5127,Marketplace scrape,1,30
2026-04-01,20117,C3,15.0708,15.5127,Marketplace scrape,1,9
2026-05-01,20117,C3,15.1968,15.5127,Field report,1,11
2026-06-01,20117,C3,15.2183,15.5127,Lost quote,1,31
2023-07-01,20117,C4,15.7077,15.5127,Marketplace scrape,1,14
2023-08-01,20117,C4,15.8326,15.5127,Marketplace scrape,1,2
2023-09-01,20117,C4,15.5409,15.5127,Distributor price list,1,9
2023-11-01,20117,C4,15.928,15.5127,Marketplace scrape,1,34
2023-12-01,20117,C4,16.3958,15.5127,Distributor price list,1,25
2024-04-01,20117,C4,16.2332,15.5127,Lost quote,1,6
2024-05-01,20117,C4,16.2107,15.5127,Marketplace scrape,1,41
2024-06-01,20117,C4,17.1792,15.5127,Field report,1,39
2024-08-01,20117,C4,17.1849,15.5127,Distributor price list,1,41
2024-09-01,20117,C4,16.3816,15.5127,Lost quote,1,36
2024-10-01,20117,C4,17.552,15.5127,Marketplace scrape,1,13
2024-11-01,20117,C4,17.9174,15.5127,Marketplace scrape,1,34
2024-12-01,20117,C4,17.7607,15.5127,Field report,1,2
2025-02-01,20117,C4,18.1736,15.5127,Lost quote,1,13
2025-05-01,20117,C4,18.0971,15.5127,Field report,1,6
2025-07-01,20117,C4,17.8842,15.5127,Field report,1,14
2025-08-01,20117,C4,18.0871,15.5127,Field report,1,27
2025-09-01,20117,C4,18.0437,15.5127,Distributor price list,1,22
2025-10-01,20117,C4,18.1029,15.5127,Marketplace scrape,1,5
2025-12-01,20117,C4,16.7079,15.5127,Field report,1,17
2026-02-01,20117,C4,16.6826,15.5127,Marketplace scrape,1,43
2026-03-01,20117,C4,16.381,15.5127,Marketplace scrape,1,35
2026-04-01,20117,C4,17.0849,15.5127,Field report,1,12
2026-05-01,20117,C4,17.315,15.5127,Marketplace scrape,1,2
2026-06-01,20117,C4,17.2851,15.5127,Lost quote,0,24
2023-09-01,20117,C5,19.0417,15.5127,Distributor price list,1,33
2023-10-01,20117,C5,18.9853,15.5127,Distributor price list,1,41
2023-12-01,20117,C5,18.83,15.5127,Lost quote,1,35
2024-02-01,20117,C5,19.6089,15.5127,Marketplace scrape,1,11
2024-04-01,20117,C5,20.1051,15.5127,Marketplace scrape,1,5
2024-05-01,20117,C5,19.5389,15.5127,Lost quote,1,2
2024-06-01,20117,C5,19.882,15.5127,Lost quote,0,23
2024-07-01,20117,C5,18.7406,15.5127,Distributor price list,1,38
2024-08-01,20117,C5,19.3688,15.5127,Marketplace scrape,1,24
2024-09-01,20117,C5,19.877,15.5127,Field report,1,30
2024-10-01,20117,C5,19.5329,15.5127,Distributor price list,1,8
2024-11-01,20117,C5,19.4152,15.5127,Field report,0,8
2024-12-01,20117,C5,21.0006,15.5127,Field report,1,34
2025-02-01,20117,C5,21.013,15.5127,Lost quote,1,20
2025-03-01,20117,C5,21.441,15.5127,Distributor price list,1,43
2025-04-01,20117,C5,22.3212,15.5127,Distributor price list,1,31
2025-07-01,20117,C5,23.6683,15.5127,Marketplace scrape,0,10
2025-08-01,20117,C5,23.6413,15.5127,Lost quote,1,19
2025-09-01,20117,C5,24.0565,15.5127,Marketplace scrape,1,7
2025-10-01,20117,C5,22.8633,15.5127,Marketplace scrape,1,12
2025-11-01,20117,C5,22.3489,15.5127,Lost quote,1,3
2026-03-01,20117,C5,23.7714,15.5127,Lost quote,1,22
2026-04-01,20117,C5,23.6376,15.5127,Distributor price list,1,29
2026-05-01,20117,C5,24.2575,15.5127,Field report,1,41
2026-06-01,20117,C5,23.8051,15.5127,Marketplace scrape,1,32
2023-09-01,20118,C1,103.8255,84.3497,Distributor price list,1,35
2023-11-01,20118,C1,96.9907,84.3497,Marketplace scrape,1,38
2023-12-01,20118,C1,95.0151,84.3497,Field report,1,22
2024-02-01,20118,C1,96.4726,84.3497,Distributor price list,1,5
2024-03-01,20118,C1,98.1384,84.0652,Lost quote,1,20
2024-04-01,20118,C1,98.4491,84.0652,Distributor price list,1,18
2024-07-01,20118,C1,99.0115,84.0652,Marketplace scrape,1,40
2024-08-01,20118,C1,95.2897,84.0652,Lost quote,1,22
2024-09-01,20118,C1,99.7373,85.601,Lost quote,1,5
2025-01-01,20118,C1,95.7781,85.601,Distributor price list,1,38
2025-03-01,20118,C1,90.2256,77.6356,Distributor price list,1,37
2025-04-01,20118,C1,85.9662,77.6356,Distributor price list,0,17
2025-06-01,20118,C1,86.7633,77.6356,Distributor price list,1,26
2025-07-01,20118,C1,84.4687,77.6356,Distributor price list,1,3
2025-08-01,20118,C1,83.4916,77.6356,Lost quote,1,10
2025-09-01,20118,C1,82.2478,75.2024,Field report,1,6
2025-10-01,20118,C1,82.4609,75.2024,Marketplace scrape,1,20
2025-11-01,20118,C1,83.4982,75.2024,Lost quote,1,30
2025-12-01,20118,C1,80.3325,75.2024,Marketplace scrape,1,25
2026-01-01,20118,C1,81.5509,75.2024,Field report,1,14
2026-02-01,20118,C1,82.2517,75.2024,Marketplace scrape,1,14
2026-03-01,20118,C1,84.187,81.3528,Distributor price list,1,32
2026-05-01,20118,C1,87.8754,81.3528,Marketplace scrape,1,40
2026-06-01,20118,C1,88.1243,81.3528,Lost quote,1,24
2023-07-01,20119,C1,48.5365,49.169,Lost quote,1,22
2023-08-01,20119,C1,45.6671,49.169,Marketplace scrape,1,13
2023-09-01,20119,C1,48.107,49.169,Lost quote,1,23
2024-01-01,20119,C1,51.6166,51.1664,Distributor price list,1,26
2024-02-01,20119,C1,50.6278,51.1664,Lost quote,1,30
2024-03-01,20119,C1,50.187,51.1664,Lost quote,1,28
2024-04-01,20119,C1,46.5158,46.5386,Marketplace scrape,1,38
2024-05-01,20119,C1,47.77,46.5386,Marketplace scrape,1,2
2024-07-01,20119,C1,49.3072,45.7446,Lost quote,1,14
2024-09-01,20119,C1,46.8097,45.7446,Field report,1,2
2024-10-01,20119,C1,47.1657,46.525,Distributor price list,1,32
2024-12-01,20119,C1,45.0251,46.525,Marketplace scrape,1,28
2025-01-01,20119,C1,50.818,50.5624,Field report,1,42
2025-02-01,20119,C1,53.2523,50.5624,Marketplace scrape,1,44
2025-04-01,20119,C1,51.2545,47.2971,Field report,1,16
2025-06-01,20119,C1,50.4697,47.2971,Marketplace scrape,1,3
2025-07-01,20119,C1,46.7252,45.4609,Distributor price list,1,24
2025-10-01,20119,C1,42.5274,42.9037,Distributor price list,1,18
2026-01-01,20119,C1,42.4005,41.7914,Field report,1,32
2026-02-01,20119,C1,41.1742,41.7914,Distributor price list,1,17
2026-03-01,20119,C1,42.4143,41.7914,Marketplace scrape,1,31
2026-04-01,20119,C1,39.4045,40.4651,Lost quote,0,44
2023-09-01,20119,C5,57.0891,49.169,Lost quote,1,40
2023-11-01,20119,C5,61.4521,49.9614,Distributor price list,1,29
2023-12-01,20119,C5,58.7489,49.9614,Field report,1,22
2024-01-01,20119,C5,59.8424,51.1664,Distributor price list,1,41
2024-03-01,20119,C5,63.2787,51.1664,Field report,1,5
2024-05-01,20119,C5,54.7156,46.5386,Distributor price list,0,11
2024-06-01,20119,C5,55.9588,46.5386,Lost quote,1,25
2024-08-01,20119,C5,57.4752,45.7446,Marketplace scrape,1,24
2024-09-01,20119,C5,55.2066,45.7446,Field report,1,33
2024-10-01,20119,C5,58.2585,46.525,Marketplace scrape,0,26
2024-11-01,20119,C5,56.4223,46.525,Field report,1,5
2024-12-01,20119,C5,56.2952,46.525,Distributor price list,1,31
2025-03-01,20119,C5,60.3102,50.5624,Distributor price list,1,33
2025-04-01,20119,C5,57.0804,47.2971,Lost quote,1,26
2025-09-01,20119,C5,55.1489,45.4609,Marketplace scrape,1,34
2025-10-01,20119,C5,50.4811,42.9037,Lost quote,1,39
2025-11-01,20119,C5,50.5413,42.9037,Distributor price list,0,11
2026-01-01,20119,C5,46.8522,41.7914,Field report,1,12
2026-02-01,20119,C5,46.3011,41.7914,Distributor price list,1,37
2026-03-01,20119,C5,47.0508,41.7914,Lost quote,1,23
2026-05-01,20119,C5,47.9624,40.4651,Marketplace scrape,1,37
2026-06-01,20119,C5,47.8275,40.4651,Marketplace scrape,1,3
2023-07-01,20120,C1,75.4623,77.7636,Lost quote,1,15
2023-09-01,20120,C1,74.9847,78.023,Distributor price list,1,44
2023-10-01,20120,C1,71.121,78.023,Lost quote,1,33
2024-03-01,20120,C1,62.9407,69.4892,Distributor price list,1,43
2024-04-01,20120,C1,63.5024,69.4892,Distributor price list,1,3
2024-06-01,20120,C1,60.9169,66.1829,Distributor price list,1,34
2024-08-01,20120,C1,62.8056,66.1829,Distributor price list,1,43
2024-11-01,20120,C1,59.6584,65.5039,Field report,1,44
2024-12-01,20120,C1,59.0312,66.3291,Lost quote,1,1
2025-03-01,20120,C1,57.3502,64.1878,Marketplace scrape,1,22
2025-05-01,20120,C1,59.6918,64.1878,Lost quote,1,33
2025-07-01,20120,C1,64.5681,66.0914,Lost quote,0,33
2025-08-01,20120,C1,62.9574,66.0914,Lost quote,1,16
2025-09-01,20120,C1,61.7529,64.6232,Lost quote,1,34
2025-11-01,20120,C1,61.7879,64.6232,Field report,1,38
2025-12-01,20120,C1,67.5784,70.6662,Marketplace scrape,1,39
2026-01-01,20120,C1,66.4581,70.6662,Field report,1,27
2026-03-01,20120,C1,61.8905,64.5819,Field report,1,6
2026-06-01,20120,C1,65.2127,68.1132,Distributor price list,1,19
2023-10-01,20120,C3,89.4195,78.023,Distributor price list,1,43
2023-11-01,20120,C3,90.026,78.023,Lost quote,1,10
2024-01-01,20120,C3,89.1343,76.1971,Lost quote,1,16
2024-02-01,20120,C3,90.304,76.1971,Lost quote,1,3
2024-03-01,20120,C3,82.82,69.4892,Marketplace scrape,0,16
2024-04-01,20120,C3,82.8553,69.4892,Marketplace scrape,0,37
2024-05-01,20120,C3,81.4089,69.4892,Distributor price list,1,36
2024-06-01,20120,C3,79.6263,66.1829,Marketplace scrape,1,41
2024-07-01,20120,C3,75.7902,66.1829,Field report,1,32
2024-12-01,20120,C3,77.7933,66.3291,Lost quote,1,28
2025-02-01,20120,C3,74.5658,66.3291,Field report,1,27
2025-03-01,20120,C3,72.0682,64.1878,Field report,1,23
2025-05-01,20120,C3,66.6105,64.1878,Lost quote,0,26
2025-07-01,20120,C3,70.8926,66.0914,Distributor price list,1,25
2025-08-01,20120,C3,71.1459,66.0914,Lost quote,1,31
2025-09-01,20120,C3,70.7347,64.6232,Field report,1,38
2026-02-01,20120,C3,75.6178,70.6662,Field report,1,34
2026-06-01,20120,C3,71.0023,68.1132,Marketplace scrape,1,31
2023-07-01,20121,C1,13.3461,15.1318,Field report,1,6
2023-09-01,20121,C1,13.9163,16.0613,Marketplace scrape,1,7
2023-10-01,20121,C1,13.7766,16.0613,Distributor price list,1,45
2023-11-01,20121,C1,13.2172,16.0613,Lost quote,1,3
2023-12-01,20121,C1,12.1185,15.1293,Field report,1,11
2024-04-01,20121,C1,11.8875,14.5303,Field report,0,32
2024-05-01,20121,C1,11.7426,14.5303,Field report,1,6
2024-07-01,20121,C1,12.2828,15.4655,Distributor price list,1,45
2024-08-01,20121,C1,13.2588,15.4655,Marketplace scrape,0,12
2024-10-01,20121,C1,13.8624,15.7159,Lost quote,1,7
2024-11-01,20121,C1,13.4404,15.7159,Lost quote,1,24
2025-03-01,20121,C1,12.7491,16.0103,Lost quote,1,42
2025-05-01,20121,C1,12.9207,16.0103,Marketplace scrape,1,29
2025-08-01,20121,C1,13.2411,16.7494,Marketplace scrape,1,14
2025-09-01,20121,C1,14.1375,17.5959,Field report,1,42
2025-10-01,20121,C1,13.6397,17.5959,Field report,0,10
2025-11-01,20121,C1,13.8879,17.5959,Lost quote,1,18
2025-12-01,20121,C1,13.1117,16.9645,Distributor price list,1,29
2026-02-01,20121,C1,13.751,16.9645,Lost quote,1,18
2026-03-01,20121,C1,14.2659,18.3139,Marketplace scrape,1,38
2026-04-01,20121,C1,14.2261,18.3139,Field report,1,19
2023-07-01,20121,C3,14.8666,15.1318,Field report,1,7
2023-08-01,20121,C3,14.3567,15.1318,Lost quote,1,38
2023-10-01,20121,C3,16.2287,16.0613,Distributor price list,1,12
2024-01-01,20121,C3,14.7094,15.1293,Distributor price list,1,8
2024-02-01,20121,C3,14.8122,15.1293,Marketplace scrape,1,12
2024-04-01,20121,C3,13.7118,14.5303,Marketplace scrape,1,4
2024-05-01,20121,C3,13.9341,14.5303,Distributor price list,1,17
2024-06-01,20121,C3,14.3011,15.4655,Field report,1,14
2024-07-01,20121,C3,15.3808,15.4655,Marketplace scrape,0,44
2024-11-01,20121,C3,15.5916,15.7159,Distributor price list,1,39
2024-12-01,20121,C3,16.1988,16.1531,Marketplace scrape,1,11
2025-04-01,20121,C3,15.0318,16.0103,Distributor price list,1,12
2025-05-01,20121,C3,14.9302,16.0103,Distributor price list,1,16
2025-06-01,20121,C3,16.1716,16.7494,Lost quote,1,32
2025-08-01,20121,C3,15.8281,16.7494,Distributor price list,1,23
2025-09-01,20121,C3,16.8719,17.5959,Lost quote,1,34
2025-10-01,20121,C3,15.7894,17.5959,Distributor price list,1,3
2025-11-01,20121,C3,15.7295,17.5959,Distributor price list,1,16
2026-01-01,20121,C3,16.2498,16.9645,Field report,1,1
2026-04-01,20121,C3,16.5562,18.3139,Distributor price list,1,34
2026-05-01,20121,C3,16.7324,18.3139,Marketplace scrape,1,41
2023-08-01,20121,C4,12.6462,15.1318,Lost quote,1,29
2023-09-01,20121,C4,13.0886,16.0613,Marketplace scrape,1,44
2023-11-01,20121,C4,13.7351,16.0613,Field report,1,1
2023-12-01,20121,C4,12.9945,15.1293,Distributor price list,1,41
2024-01-01,20121,C4,12.4198,15.1293,Marketplace scrape,1,31
2024-02-01,20121,C4,12.2215,15.1293,Distributor price list,1,1
2024-03-01,20121,C4,11.3342,14.5303,Distributor price list,1,28
2024-05-01,20121,C4,11.4448,14.5303,Lost quote,1,12
2024-08-01,20121,C4,12.5522,15.4655,Marketplace scrape,1,14
2024-11-01,20121,C4,12.848,15.7159,Lost quote,1,27
2024-12-01,20121,C4,13.3784,16.1531,Field report,1,4
2025-01-01,20121,C4,12.9722,16.1531,Field report,1,27
2025-02-01,20121,C4,13.1358,16.1531,Marketplace scrape,1,13
2025-03-01,20121,C4,13.388,16.0103,Lost quote,1,14
2025-04-01,20121,C4,13.0317,16.0103,Marketplace scrape,1,21
2025-05-01,20121,C4,13.2861,16.0103,Distributor price list,1,22
2025-07-01,20121,C4,13.2126,16.7494,Marketplace scrape,0,12
2025-08-01,20121,C4,13.5034,16.7494,Field report,1,23
2025-09-01,20121,C4,14.7237,17.5959,Field report,1,6
2025-10-01,20121,C4,14.9542,17.5959,Field report,1,14
2025-11-01,20121,C4,15.4289,17.5959,Lost quote,1,26
2025-12-01,20121,C4,14.6842,16.9645,Field report,1,9
2026-01-01,20121,C4,14.614,16.9645,Field report,1,18
2026-02-01,20121,C4,13.6762,16.9645,Lost quote,1,1
2026-03-01,20121,C4,14.5242,18.3139,Marketplace scrape,1,19
2026-06-01,20121,C4,14.8715,18.8226,Distributor price list,1,20
2023-07-01,20122,C1,10.8354,9.3366,Lost quote,0,19
2023-08-01,20122,C1,10.9136,9.5588,Distributor price list,1,40
2023-09-01,20122,C1,11.4874,9.5588,Marketplace scrape,1,18
2023-10-01,20122,C1,11.2054,9.5588,Distributor price list,1,36
2024-02-01,20122,C1,10.8224,9.5064,Field report,1,9
2024-03-01,20122,C1,11.3571,9.5064,Field report,1,36
2024-08-01,20122,C1,12.3565,10.5871,Lost quote,1,41
2024-09-01,20122,C1,11.8606,10.5871,Lost quote,1,34
2024-10-01,20122,C1,11.4055,10.5871,Marketplace scrape,1,10
2024-11-01,20122,C1,10.9135,10.5871,Marketplace scrape,1,6
2024-12-01,20122,C1,11.6094,10.5871,Marketplace scrape,0,7
2025-05-01,20122,C1,11.2,10.7855,Marketplace scrape,1,5
2025-11-01,20122,C1,14.1181,12.771,Marketplace scrape,1,11
2026-02-01,20122,C1,14.757,13.0336,Lost quote,1,20
2026-03-01,20122,C1,14.4758,13.0336,Marketplace scrape,1,5
2026-04-01,20122,C1,14.1607,13.0336,Lost quote,1,10
2026-05-01,20122,C1,14.115,13.0336,Lost quote,1,26
2026-06-01,20122,C1,14.815,13.0336,Distributor price list,1,13
2023-07-01,20122,C2,9.7155,9.3366,Lost quote,1,1
2023-08-01,20122,C2,9.9981,9.5588,Field report,1,41
2023-09-01,20122,C2,10.025,9.5588,Distributor price list,1,19
2023-10-01,20122,C2,10.5725,9.5588,Marketplace scrape,1,21
2023-12-01,20122,C2,10.2106,9.5588,Field report,1,36
2024-01-01,20122,C2,10.3002,9.5588,Marketplace scrape,1,6
2024-03-01,20122,C2,10.2694,9.5064,Distributor price list,1,45
2024-04-01,20122,C2,10.4127,9.5064,Lost quote,0,21
2024-05-01,20122,C2,10.3396,9.5064,Marketplace scrape,1,10
2024-07-01,20122,C2,10.123,9.5064,Field report,1,43
2024-08-01,20122,C2,11.6845,10.5871,Field report,1,38
2024-09-01,20122,C2,11.379,10.5871,Field report,1,10
2024-10-01,20122,C2,11.3113,10.5871,Lost quote,1,3
2024-12-01,20122,C2,11.917,10.5871,Field report,1,19
2025-03-01,20122,C2,11.79,10.7855,Marketplace scrape,1,33
2025-04-01,20122,C2,11.4067,10.7855,Field report,1,42
2025-06-01,20122,C2,11.6255,10.7855,Distributor price list,1,8
2025-07-01,20122,C2,11.3359,10.7855,Distributor price list,1,3
2025-08-01,20122,C2,14.0408,12.771,Field report,1,8
2025-10-01,20122,C2,13.7057,12.771,Distributor price list,1,20
2025-11-01,20122,C2,13.9514,12.771,Lost quote,1,29
2026-01-01,20122,C2,13.8984,12.771,Distributor price list,1,9
2026-02-01,20122,C2,13.8164,13.0336,Field report,1,34
2026-04-01,20122,C2,14.0233,13.0336,Marketplace scrape,1,44
2026-06-01,20122,C2,14.4836,13.0336,Lost quote,1,30
2023-09-01,20122,C3,11.7336,9.5588,Marketplace scrape,1,13
2023-10-01,20122,C3,12.2201,9.5588,Distributor price list,1,11
2023-11-01,20122,C3,11.636,9.5588,Field report,1,26
2023-12-01,20122,C3,12.0228,9.5588,Lost quote,1,39
2024-01-01,20122,C3,12.3683,9.5588,Field report,0,21
2024-02-01,20122,C3,11.7401,9.5064,Lost quote,1,35
2024-03-01,20122,C3,11.4769,9.5064,Lost quote,1,24
2024-04-01,20122,C3,11.5738,9.5064,Distributor price list,1,17
2024-05-01,20122,C3,11.5925,9.5064,Field report,1,2
2024-06-01,20122,C3,12.0783,9.5064,Distributor price list,1,24
2024-08-01,20122,C3,14.2908,10.5871,Marketplace scrape,1,5
2024-09-01,20122,C3,14.0587,10.5871,Field report,1,8
2024-10-01,20122,C3,14.0339,10.5871,Distributor price list,1,25
2024-11-01,20122,C3,13.7178,10.5871,Lost quote,1,23
2024-12-01,20122,C3,13.8581,10.5871,Field report,1,31
2025-01-01,20122,C3,13.6823,10.5871,Marketplace scrape,1,10
2025-02-01,20122,C3,14.2313,10.7855,Distributor price list,1,24
2025-05-01,20122,C3,14.6659,10.7855,Distributor price list,1,29
2025-06-01,20122,C3,14.6225,10.7855,Marketplace scrape,1,23
2025-07-01,20122,C3,15.0264,10.7855,Lost quote,1,44
2025-08-01,20122,C3,18.3711,12.771,Lost quote,1,19
2025-09-01,20122,C3,18.394,12.771,Field report,1,27
2025-11-01,20122,C3,18.8722,12.771,Marketplace scrape,1,20
2026-02-01,20122,C3,20.042,13.0336,Field report,1,25
2026-03-01,20122,C3,20.1349,13.0336,Distributor price list,1,43
2023-11-01,20122,C4,11.2592,9.5588,Marketplace scrape,0,35
2024-01-01,20122,C4,10.9527,9.5588,Marketplace scrape,1,23
2024-02-01,20122,C4,11.2403,9.5064,Field report,1,23
2024-04-01,20122,C4,10.9691,9.5064,Distributor price list,1,7
2024-06-01,20122,C4,11.5144,9.5064,Lost quote,1,3
2024-10-01,20122,C4,12.4878,10.5871,Lost quote,0,41
2024-11-01,20122,C4,12.4487,10.5871,Distributor price list,1,20
2024-12-01,20122,C4,13.0872,10.5871,Lost quote,1,22
2025-01-01,20122,C4,13.7872,10.5871,Lost quote,1,14
2025-02-01,20122,C4,12.8151,10.7855,Field report,1,36
2025-03-01,20122,C4,13.0225,10.7855,Distributor price list,1,1
2025-04-01,20122,C4,13.1773,10.7855,Lost quote,1,19
2025-05-01,20122,C4,13.062,10.7855,Lost quote,1,13
2025-08-01,20122,C4,15.7825,12.771,Distributor price list,1,38
2025-09-01,20122,C4,14.9434,12.771,Distributor price list,1,40
2025-11-01,20122,C4,15.1729,12.771,Lost quote,1,45
2025-12-01,20122,C4,15.178,12.771,Field report,1,20
2026-02-01,20122,C4,15.5005,13.0336,Field report,1,31
2026-04-01,20122,C4,15.565,13.0336,Marketplace scrape,1,44
2026-05-01,20122,C4,15.9031,13.0336,Lost quote,1,4
2023-08-01,20122,C5,12.8778,9.5588,Marketplace scrape,1,42
2023-10-01,20122,C5,13.0634,9.5588,Distributor price list,0,23
2023-11-01,20122,C5,12.8011,9.5588,Field report,1,26
2023-12-01,20122,C5,12.9142,9.5588,Distributor price list,1,12
2024-01-01,20122,C5,12.6253,9.5588,Marketplace scrape,1,33
2024-04-01,20122,C5,12.5861,9.5064,Field report,1,21
2024-05-01,20122,C5,12.7626,9.5064,Marketplace scrape,1,2
2024-06-01,20122,C5,12.4528,9.5064,Distributor price list,1,15
2024-07-01,20122,C5,12.3846,9.5064,Field report,1,43
2024-09-01,20122,C5,14.5186,10.5871,Field report,1,27
2024-10-01,20122,C5,14.5003,10.5871,Distributor price list,1,8
2024-11-01,20122,C5,14.1013,10.5871,Lost quote,1,39
2024-12-01,20122,C5,14.7827,10.5871,Field report,1,6
2025-01-01,20122,C5,13.9032,10.5871,Field report,1,14
2025-02-01,20122,C5,14.7973,10.7855,Distributor price list,1,11
2025-03-01,20122,C5,14.4541,10.7855,Marketplace scrape,1,3
2025-05-01,20122,C5,14.2477,10.7855,Marketplace scrape,1,44
2025-06-01,20122,C5,14.1267,10.7855,Distributor price list,1,35
2025-08-01,20122,C5,16.5019,12.771,Lost quote,1,43
2025-11-01,20122,C5,16.7275,12.771,Marketplace scrape,1,34
2026-01-01,20122,C5,16.9829,12.771,Lost quote,1,41
2026-02-01,20122,C5,16.8401,13.0336,Field report,1,16
2026-03-01,20122,C5,16.6746,13.0336,Lost quote,1,44
2026-04-01,20122,C5,17.1388,13.0336,Distributor price list,1,20
2026-06-01,20122,C5,17.6196,13.0336,Field report,1,23
2023-07-01,20123,C1,12.904,11.3106,Distributor price list,1,23
2023-09-01,20123,C1,12.8915,11.3106,Marketplace scrape,1,4
2023-11-01,20123,C1,12.0953,10.8609,Field report,1,44
2023-12-01,20123,C1,12.087,10.8609,Distributor price list,1,1
2024-02-01,20123,C1,12.4318,11.0594,Marketplace scrape,1,8
2024-03-01,20123,C1,12.8005,11.0594,Marketplace scrape,1,7
2024-04-01,20123,C1,12.4774,10.7981,Field report,0,26
2024-05-01,20123,C1,13.0775,10.7981,Lost quote,1,34
2024-06-01,20123,C1,12.4897,10.7981,Marketplace scrape,1,18
2024-08-01,20123,C1,13.2228,10.946,Distributor price list,1,30
2024-10-01,20123,C1,13.3149,11.1058,Marketplace scrape,1,39
2024-11-01,20123,C1,12.5528,11.1058,Marketplace scrape,1,32
2024-12-01,20123,C1,13.1064,11.1058,Marketplace scrape,1,4
2025-01-01,20123,C1,13.618,11.4198,Field report,1,2
2025-02-01,20123,C1,13.5914,11.4198,Distributor price list,1,44
2025-03-01,20123,C1,13.1363,11.4198,Distributor price list,1,24
2025-04-01,20123,C1,12.1074,10.5938,Lost quote,1,23
2025-05-01,20123,C1,12.2399,10.5938,Lost quote,1,18
2025-06-01,20123,C1,12.1852,10.5938,Field report,1,32
2025-07-01,20123,C1,12.7985,11.0644,Field report,1,16
2026-01-01,20123,C1,13.3809,11.0797,Marketplace scrape,1,10
2026-02-01,20123,C1,13.3712,11.0797,Field report,1,29
2026-04-01,20123,C1,12.7899,11.4119,Lost quote,1,34
2026-05-01,20123,C1,12.8889,11.4119,Distributor price list,1,20
2026-06-01,20123,C1,13.1108,11.4119,Field report,1,22
2023-09-01,20123,C2,10.988,11.3106,Distributor price list,1,27
2023-10-01,20123,C2,10.5819,10.8609,Field report,1,14
2023-11-01,20123,C2,10.5875,10.8609,Lost quote,1,36
2023-12-01,20123,C2,10.6462,10.8609,Distributor price list,1,29
2024-02-01,20123,C2,10.3833,11.0594,Marketplace scrape,1,13
2024-03-01,20123,C2,10.5357,11.0594,Marketplace scrape,1,30
2024-05-01,20123,C2,10.9615,10.7981,Marketplace scrape,1,21
2024-06-01,20123,C2,10.3426,10.7981,Field report,1,38
2024-08-01,20123,C2,10.2847,10.946,Marketplace scrape,1,24
2024-10-01,20123,C2,11.108,11.1058,Field report,1,18
2024-11-01,20123,C2,11.271,11.1058,Lost quote,1,33
2024-12-01,20123,C2,11.4113,11.1058,Distributor price list,1,19
2025-01-01,20123,C2,11.3034,11.4198,Distributor price list,1,20
2025-05-01,20123,C2,9.8769,10.5938,Marketplace scrape,1,38
2025-06-01,20123,C2,9.6213,10.5938,Lost quote,1,19
2025-07-01,20123,C2,10.1932,11.0644,Lost quote,1,10
2025-08-01,20123,C2,9.9768,11.0644,Field report,1,19
2025-09-01,20123,C2,10.0883,11.0644,Marketplace scrape,1,26
2025-10-01,20123,C2,9.5107,10.8342,Distributor price list,1,1
2025-11-01,20123,C2,9.4762,10.8342,Field report,1,19
2026-02-01,20123,C2,10.1513,11.0797,Distributor price list,1,8
2026-03-01,20123,C2,9.7998,11.0797,Marketplace scrape,1,27
2026-04-01,20123,C2,10.18,11.4119,Lost quote,1,42
2026-05-01,20123,C2,9.9004,11.4119,Lost quote,1,22
2023-09-01,20124,C1,15.4976,14.0084,Distributor price list,1,12
2024-01-01,20124,C1,13.8701,14.042,Distributor price list,1,29
2024-02-01,20124,C1,13.8557,14.042,Distributor price list,1,40
2024-06-01,20124,C1,14.3322,14.5257,Marketplace scrape,0,18
2024-07-01,20124,C1,13.8664,14.5257,Field report,1,29
2024-09-01,20124,C1,13.8909,15.235,Field report,1,9
2024-10-01,20124,C1,13.9677,15.235,Lost quote,1,8
2024-12-01,20124,C1,13.0042,14.6076,Distributor price list,1,18
2025-03-01,20124,C1,12.8412,15.3025,Distributor price list,1,9
2025-08-01,20124,C1,13.1326,16.152,Field report,1,44
2025-09-01,20124,C1,12.585,14.8765,Lost quote,1,23
2025-10-01,20124,C1,13.0606,14.8765,Marketplace scrape,1,34
2025-11-01,20124,C1,12.7745,14.8765,Distributor price list,1,44
2025-12-01,20124,C1,12.3395,14.4616,Lost quote,1,33
2026-01-01,20124,C1,12.1564,14.4616,Lost quote,1,32
2026-02-01,20124,C1,12.1769,14.4616,Marketplace scrape,1,33
2026-04-01,20124,C1,13.1514,15.4037,Distributor price list,1,21
2026-05-01,20124,C1,12.8328,15.4037,Lost quote,1,4
2026-06-01,20124,C1,13.6982,15.8262,Distributor price list,1,30
2023-07-01,20124,C5,17.8899,15.0907,Field report,1,24
2023-08-01,20124,C5,17.434,15.0907,Distributor price list,1,14
2023-10-01,20124,C5,15.8586,14.0084,Field report,1,44
2024-01-01,20124,C5,15.7641,14.042,Distributor price list,1,44
2024-02-01,20124,C5,15.4259,14.042,Field report,1,11
2024-03-01,20124,C5,16.1344,14.4722,Lost quote,1,11
2024-04-01,20124,C5,15.7905,14.4722,Field report,1,16
2024-06-01,20124,C5,15.614,14.5257,Distributor price list,1,26
2024-07-01,20124,C5,15.8075,14.5257,Field report,1,16
2024-10-01,20124,C5,16.5446,15.235,Field report,1,44
2024-11-01,20124,C5,16.5132,15.235,Field report,1,37
2025-02-01,20124,C5,15.4758,14.6076,Distributor price list,1,18
2025-03-01,20124,C5,15.9609,15.3025,Distributor price list,1,29
2025-04-01,20124,C5,16.8204,15.3025,Lost quote,1,12
2025-05-01,20124,C5,16.8254,15.3025,Lost quote,1,3
2025-10-01,20124,C5,17.5357,14.8765,Distributor price list,1,8
2025-12-01,20124,C5,17.1088,14.4616,Field report,1,37
2026-01-01,20124,C5,17.0013,14.4616,Field report,0,10
2026-02-01,20124,C5,16.9361,14.4616,Marketplace scrape,1,1
2026-03-01,20124,C5,18.0265,15.4037,Distributor price list,1,5
2026-04-01,20124,C5,18.0246,15.4037,Marketplace scrape,1,36
2026-05-01,20124,C5,17.4465,15.4037,Lost quote,1,36
2023-07-01,20125,C1,12.556,13.9198,Distributor price list,1,17
2023-08-01,20125,C1,13.436,14.6716,Lost quote,1,13
2023-11-01,20125,C1,13.1439,14.6716,Field report,1,14
2023-12-01,20125,C1,13.4305,14.6716,Field report,1,42
2024-01-01,20125,C1,13.2005,14.6716,Lost quote,1,37
2024-02-01,20125,C1,13.0157,14.6716,Marketplace scrape,1,12
2024-03-01,20125,C1,13.5403,14.6716,Lost quote,1,4
2024-04-01,20125,C1,13.6376,14.6716,Distributor price list,1,4
2024-06-01,20125,C1,13.672,14.6716,Distributor price list,1,1
2024-07-01,20125,C1,13.8192,14.6716,Marketplace scrape,1,2
2024-08-01,20125,C1,14.3027,14.6716,Distributor price list,1,40
2024-09-01,20125,C1,14.1786,14.6716,Field report,1,23
2024-11-01,20125,C1,15.0011,14.6716,Marketplace scrape,1,4
2025-01-01,20125,C1,14.8819,14.6716,Lost quote,1,11
2025-02-01,20125,C1,15.1338,14.6716,Lost quote,1,28
2025-03-01,20125,C1,15.3012,14.6716,Lost quote,1,23
2025-06-01,20125,C1,15.5336,14.6716,Lost quote,1,22
2025-07-01,20125,C1,16.2768,14.6716,Lost quote,1,45
2025-09-01,20125,C1,16.7359,14.6716,Marketplace scrape,1,5
2025-10-01,20125,C1,16.3811,14.6716,Marketplace scrape,1,17
2025-11-01,20125,C1,16.0648,14.6716,Lost quote,1,3
2025-12-01,20125,C1,15.8692,14.6716,Field report,1,21
2026-01-01,20125,C1,15.6964,14.6716,Field report,1,2
2026-03-01,20125,C1,15.9732,14.6716,Distributor price list,1,24
2026-04-01,20125,C1,15.833,14.6716,Marketplace scrape,0,7
2026-05-01,20125,C1,15.6627,14.6716,Marketplace scrape,1,34
2026-06-01,20125,C1,15.7987,14.6716,Marketplace scrape,1,29
2023-07-01,20125,C2,11.2919,13.9198,Lost quote,1,34
2023-08-01,20125,C2,12.3703,14.6716,Field report,1,17
2023-09-01,20125,C2,12.1802,14.6716,Distributor price list,1,21
2023-10-01,20125,C2,12.5649,14.6716,Lost quote,1,37
2023-12-01,20125,C2,12.4087,14.6716,Distributor price list,1,32
2024-02-01,20125,C2,13.3234,14.6716,Distributor price list,1,19
2024-03-01,20125,C2,13.2229,14.6716,Field report,1,20
2024-04-01,20125,C2,12.7004,14.6716,Field report,1,9
2024-05-01,20125,C2,12.5818,14.6716,Lost quote,0,25
2024-07-01,20125,C2,13.0171,14.6716,Marketplace scrape,1,31
2024-09-01,20125,C2,13.0016,14.6716,Lost quote,1,16
2024-10-01,20125,C2,13.4057,14.6716,Marketplace scrape,1,14
2024-11-01,20125,C2,13.1635,14.6716,Marketplace scrape,1,41
2025-02-01,20125,C2,12.5592,14.6716,Lost quote,1,2
2025-03-01,20125,C2,12.6593,14.6716,Field report,1,6
2025-05-01,20125,C2,12.1921,14.6716,Field report,1,20
2025-06-01,20125,C2,12.7187,14.6716,Distributor price list,1,10
2025-07-01,20125,C2,12.5844,14.6716,Distributor price list,1,22
2025-09-01,20125,C2,12.7091,14.6716,Field report,1,41
2025-10-01,20125,C2,12.7027,14.6716,Marketplace scrape,1,4
2025-11-01,20125,C2,12.2126,14.6716,Field report,1,6
2026-01-01,20125,C2,11.7762,14.6716,Distributor price list,1,7
2026-03-01,20125,C2,12.0408,14.6716,Lost quote,1,25
2026-04-01,20125,C2,11.9771,14.6716,Lost quote,1,31
2023-08-01,20125,C4,13.1252,14.6716,Distributor price list,0,17
2023-09-01,20125,C4,13.0092,14.6716,Field report,1,29
2023-11-01,20125,C4,13.1489,14.6716,Field report,1,2
2023-12-01,20125,C4,13.5258,14.6716,Lost quote,1,1
2024-05-01,20125,C4,14.783,14.6716,Marketplace scrape,1,29
2024-06-01,20125,C4,14.3024,14.6716,Field report,1,41
2024-07-01,20125,C4,14.4562,14.6716,Distributor price list,1,34
2024-08-01,20125,C4,14.5962,14.6716,Lost quote,0,26
2024-09-01,20125,C4,14.8317,14.6716,Field report,1,33
2025-01-01,20125,C4,14.5402,14.6716,Marketplace scrape,1,12
2025-03-01,20125,C4,14.5233,14.6716,Lost quote,1,44
2025-04-01,20125,C4,15.0209,14.6716,Distributor price list,1,30
2025-05-01,20125,C4,14.9901,14.6716,Lost quote,1,13
2025-08-01,20125,C4,13.8671,14.6716,Distributor price list,1,42
2025-10-01,20125,C4,13.9123,14.6716,Distributor price list,1,41
2025-11-01,20125,C4,13.6179,14.6716,Distributor price list,1,21
2026-03-01,20125,C4,13.1127,14.6716,Marketplace scrape,1,38
2026-06-01,20125,C4,13.0205,14.6716,Lost quote,1,26
2023-07-01,20126,C1,62.7505,58.996,Distributor price list,1,4
2023-11-01,20126,C1,66.5103,61.3565,Field report,1,36
2024-07-01,20126,C1,61.8642,55.3402,Field report,1,6
2024-08-01,20126,C1,60.3744,55.3402,Lost quote,1,11
2024-11-01,20126,C1,55.1076,51.6955,Field report,1,2
2024-12-01,20126,C1,57.7422,51.6955,Lost quote,1,25
2025-01-01,20126,C1,56.8865,51.6955,Marketplace scrape,1,36
2025-05-01,20126,C1,58.4776,54.596,Lost quote,1,2
2025-07-01,20126,C1,57.0217,54.596,Distributor price list,1,13
2025-10-01,20126,C1,57.3082,53.4279,Field report,1,25
2025-11-01,20126,C1,55.5458,53.4279,Field report,1,36
2025-12-01,20126,C1,56.1955,53.4279,Distributor price list,1,18
2026-01-01,20126,C1,56.2374,53.4279,Marketplace scrape,1,29
2026-05-01,20126,C1,50.9062,47.2329,Distributor price list,1,2
2026-06-01,20126,C1,49.5436,47.2329,Marketplace scrape,1,16
2023-07-01,20126,C2,57.1584,58.996,Field report,1,19
2023-08-01,20126,C2,59.9633,58.996,Distributor price list,1,36
2023-09-01,20126,C2,64.3139,61.3565,Marketplace scrape,1,25
2023-10-01,20126,C2,66.0392,61.3565,Marketplace scrape,1,15
2023-11-01,20126,C2,67.412,61.3565,Distributor price list,1,31
2024-01-01,20126,C2,67.3916,61.3565,Lost quote,1,43
2024-04-01,20126,C2,62.0262,55.3402,Distributor price list,1,15
2024-06-01,20126,C2,63.2513,55.3402,Marketplace scrape,1,38
2024-08-01,20126,C2,63.4406,55.3402,Distributor price list,1,5
2024-09-01,20126,C2,59.6929,51.6955,Marketplace scrape,1,15
2024-10-01,20126,C2,58.7965,51.6955,Marketplace scrape,0,8
2024-11-01,20126,C2,59.6371,51.6955,Lost quote,0,9
2024-12-01,20126,C2,60.3815,51.6955,Field report,1,15
2025-01-01,20126,C2,59.9499,51.6955,Lost quote,1,19
2025-02-01,20126,C2,61.5526,51.6955,Marketplace scrape,1,3
2025-03-01,20126,C2,65.6368,54.596,Field report,1,11
2025-05-01,20126,C2,64.0362,54.596,Lost quote,1,26
2025-07-01,20126,C2,63.4033,54.596,Lost quote,1,22
2025-08-01,20126,C2,66.2047,54.596,Distributor price list,1,14
2025-09-01,20126,C2,62.1143,53.4279,Lost quote,0,9
2026-01-01,20126,C2,63.6921,53.4279,Marketplace scrape,1,22
2026-02-01,20126,C2,62.2379,53.4279,Distributor price list,1,1
2026-03-01,20126,C2,56.9369,47.2329,Marketplace scrape,1,1
2026-05-01,20126,C2,51.9265,47.2329,Distributor price list,0,12
2026-06-01,20126,C2,52.7107,47.2329,Marketplace scrape,1,22
2023-09-01,20126,C4,65.4901,61.3565,Lost quote,1,25
2023-10-01,20126,C4,65.5536,61.3565,Marketplace scrape,0,1
2023-11-01,20126,C4,68.6319,61.3565,Field report,1,18
2023-12-01,20126,C4,68.7607,61.3565,Lost quote,1,27
2024-02-01,20126,C4,67.3731,61.3565,Marketplace scrape,1,36
2024-03-01,20126,C4,60.4476,55.3402,Field report,1,24
2024-05-01,20126,C4,60.4194,55.3402,Distributor price list,1,37
2024-06-01,20126,C4,63.1935,55.3402,Lost quote,1,34
2024-10-01,20126,C4,57.1059,51.6955,Marketplace scrape,1,6
2024-11-01,20126,C4,55.5815,51.6955,Distributor price list,1,6
2025-02-01,20126,C4,57.469,51.6955,Lost quote,1,2
2025-03-01,20126,C4,59.1955,54.596,Marketplace scrape,1,11
2025-04-01,20126,C4,61.2163,54.596,Field report,1,16
2025-06-01,20126,C4,59.4543,54.596,Marketplace scrape,1,10
2025-07-01,20126,C4,60.9366,54.596,Marketplace scrape,1,40
2025-10-01,20126,C4,57.3328,53.4279,Distributor price list,1,9
2025-11-01,20126,C4,59.8538,53.4279,Lost quote,1,7
2026-01-01,20126,C4,57.7182,53.4279,Field report,1,27
2026-02-01,20126,C4,60.3203,53.4279,Distributor price list,1,2
2026-03-01,20126,C4,53.7183,47.2329,Field report,1,15
2026-04-01,20126,C4,52.5864,47.2329,Field report,0,16
2026-06-01,20126,C4,51.0484,47.2329,Lost quote,1,41
2023-07-01,20127,C1,58.4693,63.0345,Marketplace scrape,1,38
2023-11-01,20127,C1,54.7517,57.9808,Lost quote,1,35
2024-03-01,20127,C1,52.4548,55.5046,Distributor price list,0,15
2024-04-01,20127,C1,52.8606,55.5046,Field report,0,15
2024-05-01,20127,C1,52.1521,55.5046,Distributor price list,1,18
2024-06-01,20127,C1,55.2687,55.4464,Field report,1,18
2024-08-01,20127,C1,57.0742,55.4464,Field report,0,42
2024-09-01,20127,C1,56.8023,55.9547,Marketplace scrape,1,42
2024-10-01,20127,C1,57.2258,55.9547,Field report,1,45
2024-12-01,20127,C1,52.0527,52.5521,Marketplace scrape,1,40
2025-03-01,20127,C1,52.8093,51.2443,Distributor price list,1,45
2025-04-01,20127,C1,53.0092,51.2443,Marketplace scrape,1,20
2025-06-01,20127,C1,51.6542,50.1184,Distributor price list,1,10
2025-07-01,20127,C1,50.3905,50.1184,Marketplace scrape,1,10
2025-09-01,20127,C1,46.3797,44.7136,Distributor price list,1,42
2025-10-01,20127,C1,48.0578,44.7136,Distributor price list,1,10
2026-01-01,20127,C1,47.5571,43.7254,Field report,1,6
2026-03-01,20127,C1,53.1443,46.1202,Distributor price list,1,26
2026-05-01,20127,C1,51.2953,46.1202,Distributor price list,1,42
2026-06-01,20127,C1,54.5389,46.6331,Field report,1,38
2023-08-01,20128,C4,11.508,12.422,Distributor price list,1,37
2023-11-01,20128,C4,11.3346,12.3784,Marketplace scrape,1,11
2023-12-01,20128,C4,11.139,12.3181,Field report,1,16
2024-02-01,20128,C4,10.1245,12.3181,Field report,1,32
2024-04-01,20128,C4,9.1182,10.478,Marketplace scrape,1,41
2024-06-01,20128,C4,9.8645,11.9804,Marketplace scrape,1,13
2024-07-01,20128,C4,10.1285,11.9804,Field report,1,30
2024-08-01,20128,C4,10.1494,11.9804,Lost quote,1,5
2024-09-01,20128,C4,10.3305,12.8154,Marketplace scrape,1,31
2024-10-01,20128,C4,10.2778,12.8154,Lost quote,1,15
2025-02-01,20128,C4,9.9922,12.8501,Marketplace scrape,1,29
2025-05-01,20128,C4,12.1874,16.1085,Field report,1,5
2025-06-01,20128,C4,12.5146,17.2066,Lost quote,1,20
2025-08-01,20128,C4,12.4689,17.2066,Field report,1,32
2025-09-01,20128,C4,12.655,17.0073,Marketplace scrape,1,5
2025-12-01,20128,C4,13.0444,17.3446,Field report,1,41
2026-02-01,20128,C4,13.562,17.3446,Lost quote,1,3
2026-04-01,20128,C4,12.2335,16.2723,Lost quote,1,24
2026-05-01,20128,C4,12.3954,16.2723,Lost quote,1,18
2023-08-01,20129,C1,20.3848,17.5644,Distributor price list,0,42
2023-09-01,20129,C1,21.463,17.9824,Lost quote,1,20
2023-10-01,20129,C1,21.8703,17.9824,Distributor price list,1,8
2023-11-01,20129,C1,21.4246,17.9824,Marketplace scrape,1,8
2024-03-01,20129,C1,21.7682,18.4396,Field report,1,21
2024-06-01,20129,C1,22.8526,18.648,Field report,1,39
2024-07-01,20129,C1,22.0094,18.648,Marketplace scrape,1,11
2024-12-01,20129,C1,23.7949,19.736,Field report,1,42
2025-01-01,20129,C1,24.339,19.736,Field report,1,23
2025-02-01,20129,C1,23.6267,19.736,Field report,1,44
2025-03-01,20129,C1,25.2945,20.3389,Lost quote,1,3
2025-06-01,20129,C1,23.6034,20.629,Field report,1,2
2025-10-01,20129,C1,26.646,22.0081,Marketplace scrape,1,36
2025-11-01,20129,C1,25.3948,22.0081,Distributor price list,1,33
2025-12-01,20129,C1,25.9947,21.2195,Field report,1,43
2026-01-01,20129,C1,26.4947,21.2195,Distributor price list,1,27
2026-02-01,20129,C1,25.4329,21.2195,Distributor price list,1,6
2026-04-01,20129,C1,24.7435,20.8036,Marketplace scrape,1,31
2026-05-01,20129,C1,25.0635,20.8036,Marketplace scrape,1,30
2026-06-01,20129,C1,26.7616,22.9428,Field report,1,7
2023-07-01,20129,C2,17.2773,17.5644,Marketplace scrape,1,1
2023-09-01,20129,C2,17.2089,17.9824,Distributor price list,1,4
2023-12-01,20129,C2,15.6485,17.4013,Field report,1,45
2024-01-01,20129,C2,16.2561,17.4013,Distributor price list,0,17
2024-02-01,20129,C2,16.4897,17.4013,Distributor price list,1,41
2024-03-01,20129,C2,17.7724,18.4396,Lost quote,1,2
2024-06-01,20129,C2,18.3988,18.648,Lost quote,0,33
2024-07-01,20129,C2,17.9035,18.648,Distributor price list,1,44
2024-08-01,20129,C2,16.9592,18.648,Distributor price list,1,37
2024-09-01,20129,C2,16.9648,18.4509,Field report,1,19
2024-10-01,20129,C2,16.0461,18.4509,Field report,1,42
2024-12-01,20129,C2,17.6605,19.736,Lost quote,1,41
2025-01-01,20129,C2,18.1896,19.736,Field report,1,20
2025-04-01,20129,C2,18.8604,20.3389,Marketplace scrape,1,8
2025-08-01,20129,C2,19.1588,20.629,Distributor price list,1,41
2025-09-01,20129,C2,20.4545,22.0081,Field report,0,7
2025-11-01,20129,C2,20.7533,22.0081,Distributor price list,0,13
2025-12-01,20129,C2,19.5113,21.2195,Distributor price list,1,20
2026-01-01,20129,C2,20.4903,21.2195,Lost quote,1,32
2026-04-01,20129,C2,20.1097,20.8036,Lost quote,1,20
2026-05-01,20129,C2,19.2028,20.8036,Distributor price list,1,8
2026-06-01,20129,C2,21.5884,22.9428,Marketplace scrape,1,29
2023-07-01,20129,C3,21.0664,17.5644,Distributor price list,1,7
2023-08-01,20129,C3,20.0242,17.5644,Lost quote,1,21
2023-09-01,20129,C3,20.8161,17.9824,Lost quote,1,43
2023-11-01,20129,C3,20.5914,17.9824,Distributor price list,0,18
2023-12-01,20129,C3,20.3603,17.4013,Field report,1,31
2024-01-01,20129,C3,20.3843,17.4013,Lost quote,1,1
2024-04-01,20129,C3,21.5175,18.4396,Marketplace scrape,1,14
2024-05-01,20129,C3,21.2989,18.4396,Marketplace scrape,1,35
2024-06-01,20129,C3,20.6982,18.648,Field report,1,21
2024-09-01,20129,C3,21.2768,18.4509,Marketplace scrape,1,33
2024-10-01,20129,C3,20.7132,18.4509,Marketplace scrape,1,29
2024-12-01,20129,C3,22.2569,19.736,Marketplace scrape,0,30
2025-01-01,20129,C3,21.5809,19.736,Distributor price list,1,5
2025-02-01,20129,C3,21.5157,19.736,Field report,1,11
2025-03-01,20129,C3,22.7676,20.3389,Lost quote,1,1
2025-05-01,20129,C3,23.3538,20.3389,Lost quote,1,42
2025-07-01,20129,C3,22.629,20.629,Field report,1,13
2025-08-01,20129,C3,23.1969,20.629,Distributor price list,1,2
2025-09-01,20129,C3,24.311,22.0081,Field report,1,24
2025-12-01,20129,C3,23.3449,21.2195,Field report,1,41
2026-02-01,20129,C3,23.4953,21.2195,Distributor price list,1,25
2026-04-01,20129,C3,23.395,20.8036,Marketplace scrape,1,25
2026-05-01,20129,C3,22.8422,20.8036,Distributor price list,1,40
2026-06-01,20129,C3,25.7654,22.9428,Field report,1,34
2023-07-01,20129,C4,19.6705,17.5644,Distributor price list,1,22
2023-08-01,20129,C4,19.1011,17.5644,Distributor price list,0,8
2023-09-01,20129,C4,19.4777,17.9824,Distributor price list,1,38
2023-10-01,20129,C4,19.2204,17.9824,Field report,1,37
2023-11-01,20129,C4,19.5934,17.9824,Distributor price list,1,32
2023-12-01,20129,C4,17.9059,17.4013,Distributor price list,1,30
2024-02-01,20129,C4,17.9725,17.4013,Distributor price list,1,25
2024-03-01,20129,C4,19.0977,18.4396,Lost quote,1,21
2024-04-01,20129,C4,19.1507,18.4396,Lost quote,1,20
2024-05-01,20129,C4,18.5079,18.4396,Lost quote,1,12
2024-06-01,20129,C4,19.6986,18.648,Field report,1,10
2024-07-01,20129,C4,18.8772,18.648,Distributor price list,1,44
2024-09-01,20129,C4,18.8691,18.4509,Marketplace scrape,1,24
2024-10-01,20129,C4,18.6462,18.4509,Lost quote,1,29
2024-11-01,20129,C4,19.4334,18.4509,Marketplace scrape,1,32
2025-01-01,20129,C4,22.2564,19.736,Distributor price list,0,25
2025-03-01,20129,C4,21.368,20.3389,Field report,1,33
2025-04-01,20129,C4,20.701,20.3389,Marketplace scrape,1,13
2025-05-01,20129,C4,21.7224,20.3389,Lost quote,0,45
2025-07-01,20129,C4,22.2551,20.629,Marketplace scrape,1,11
2025-09-01,20129,C4,24.0095,22.0081,Lost quote,1,34
2025-10-01,20129,C4,24.6616,22.0081,Field report,1,41
2025-11-01,20129,C4,24.0913,22.0081,Lost quote,1,15
2026-01-01,20129,C4,23.6145,21.2195,Distributor price list,1,4
2026-02-01,20129,C4,22.7672,21.2195,Distributor price list,1,1
2026-04-01,20129,C4,21.6287,20.8036,Distributor price list,1,3
2026-05-01,20129,C4,22.1243,20.8036,Lost quote,1,16
2023-08-01,20130,C1,77.465,82.2149,Lost quote,1,45
2023-09-01,20130,C1,81.0195,84.7455,Distributor price list,1,32
2023-11-01,20130,C1,82.5535,84.7455,Field report,1,18
2023-12-01,20130,C1,79.6965,79.7404,Marketplace scrape,1,20
2024-01-01,20130,C1,79.3868,79.7404,Lost quote,1,4
2024-03-01,20130,C1,77.8844,75.8873,Lost quote,1,11
2024-04-01,20130,C1,75.6783,75.8873,Lost quote,1,43
2024-05-01,20130,C1,76.988,75.8873,Lost quote,1,18
2024-08-01,20130,C1,75.063,72.1353,Distributor price list,1,13
2024-09-01,20130,C1,76.2265,72.8949,Distributor price list,1,22
2024-10-01,20130,C1,75.9732,72.8949,Lost quote,1,41
2024-12-01,20130,C1,78.1216,75.8908,Distributor price list,1,21
2025-01-01,20130,C1,77.3476,75.8908,Lost quote,1,40
2025-02-01,20130,C1,79.0218,75.8908,Lost quote,1,8
2025-04-01,20130,C1,73.0205,71.7007,Distributor price list,0,23
2025-06-01,20130,C1,71.2668,70.5242,Field report,1,8
2025-08-01,20130,C1,71.169,70.5242,Lost quote,1,9
2025-09-01,20130,C1,75.1573,71.5465,Lost quote,1,6
2025-12-01,20130,C1,64.72,65.9665,Lost quote,1,11
2026-01-01,20130,C1,64.1007,65.9665,Distributor price list,1,2
2026-02-01,20130,C1,63.9436,65.9665,Lost quote,1,41
2026-03-01,20130,C1,56.77,58.2866,Marketplace scrape,1,4
2026-04-01,20130,C1,53.9015,58.2866,Lost quote,0,30
2023-09-01,20130,C2,76.5332,84.7455,Field report,1,16
2023-11-01,20130,C2,73.6785,84.7455,Distributor price list,1,37
2023-12-01,20130,C2,70.0257,79.7404,Distributor price list,0,21
2024-02-01,20130,C2,71.7736,79.7404,Lost quote,1,45
2024-03-01,20130,C2,67.5384,75.8873,Lost quote,0,7
2024-05-01,20130,C2,69.634,75.8873,Lost quote,1,5
2024-07-01,20130,C2,63.7793,72.1353,Marketplace scrape,1,8
2024-09-01,20130,C2,62.9832,72.8949,Field report,1,30
2024-10-01,20130,C2,63.6815,72.8949,Distributor price list,0,33
2024-11-01,20130,C2,62.0145,72.8949,Field report,0,7
2024-12-01,20130,C2,66.7027,75.8908,Field report,1,35
2025-01-01,20130,C2,64.8012,75.8908,Field report,1,32
2025-02-01,20130,C2,65.0694,75.8908,Lost quote,1,1
2025-03-01,20130,C2,61.3434,71.7007,Distributor price list,1,27
2025-07-01,20130,C2,60.8357,70.5242,Marketplace scrape,1,21
2025-08-01,20130,C2,60.0068,70.5242,Field report,1,24
2025-09-01,20130,C2,60.7664,71.5465,Marketplace scrape,1,45
2025-10-01,20130,C2,61.3568,71.5465,Field report,0,36
2025-12-01,20130,C2,54.9186,65.9665,Field report,1,42
2026-02-01,20130,C2,59.4982,65.9665,Marketplace scrape,1,41
2026-03-01,20130,C2,52.4053,58.2866,Marketplace scrape,1,21
2026-04-01,20130,C2,50.9577,58.2866,Lost quote,1,14
2026-05-01,20130,C2,53.1997,58.2866,Lost quote,1,2
2026-06-01,20130,C2,51.9819,59.9045,Distributor price list,1,23
2023-07-01,20130,C3,90.1367,82.2149,Field report,1,29
2023-08-01,20130,C3,88.0285,82.2149,Lost quote,1,37
2023-09-01,20130,C3,95.0696,84.7455,Marketplace scrape,1,1
2024-02-01,20130,C3,80.859,79.7404,Distributor price list,0,31
2024-04-01,20130,C3,80.2707,75.8873,Field report,1,18
2024-05-01,20130,C3,79.5949,75.8873,Field report,1,30
2024-07-01,20130,C3,75.8506,72.1353,Distributor price list,1,34
2024-08-01,20130,C3,72.0055,72.1353,Distributor price list,1,9
2025-01-01,20130,C3,80.6349,75.8908,Field report,1,22
2025-02-01,20130,C3,79.385,75.8908,Field report,1,7
2025-04-01,20130,C3,78.0067,71.7007,Marketplace scrape,1,13
2025-05-01,20130,C3,75.6336,71.7007,Marketplace scrape,1,32
2025-07-01,20130,C3,75.711,70.5242,Lost quote,1,8
2025-08-01,20130,C3,74.5795,70.5242,Lost quote,1,32
2025-10-01,20130,C3,75.5278,71.5465,Marketplace scrape,1,35
2025-12-01,20130,C3,70.6696,65.9665,Distributor price list,1,6
2026-01-01,20130,C3,73.0114,65.9665,Marketplace scrape,1,42
2026-03-01,20130,C3,64.2261,58.2866,Marketplace scrape,1,12
2026-05-01,20130,C3,60.7216,58.2866,Field report,1,15
2023-07-01,20130,C4,74.5092,82.2149,Distributor price list,1,27
2023-08-01,20130,C4,76.8148,82.2149,Field report,1,41
2023-09-01,20130,C4,80.4761,84.7455,Distributor price list,1,16
2023-10-01,20130,C4,77.6782,84.7455,Distributor price list,0,23
2023-11-01,20130,C4,81.328,84.7455,Lost quote,1,42
2024-01-01,20130,C4,80.4372,79.7404,Field report,1,8
2024-02-01,20130,C4,76.0421,79.7404,Field report,1,33
2024-04-01,20130,C4,74.4756,75.8873,Lost quote,1,2
2024-05-01,20130,C4,77.7204,75.8873,Distributor price list,1,45
2024-06-01,20130,C4,72.9534,72.1353,Lost quote,1,3
2024-10-01,20130,C4,75.4261,72.8949,Distributor price list,1,16
2024-11-01,20130,C4,77.938,72.8949,Marketplace scrape,1,44
2024-12-01,20130,C4,79.185,75.8908,Field report,1,43
2025-01-01,20130,C4,79.5711,75.8908,Field report,1,13
2025-02-01,20130,C4,77.4841,75.8908,Marketplace scrape,1,33
2025-04-01,20130,C4,76.4069,71.7007,Marketplace scrape,1,4
2025-05-01,20130,C4,76.0386,71.7007,Field report,1,26
2025-06-01,20130,C4,73.5117,70.5242,Field report,1,44
2025-07-01,20130,C4,70.6742,70.5242,Lost quote,1,27
2025-08-01,20130,C4,70.4509,70.5242,Field report,1,4
2025-09-01,20130,C4,72.5947,71.5465,Field report,1,30
2025-11-01,20130,C4,75.7502,71.5465,Distributor price list,1,41
2026-01-01,20130,C4,68.3501,65.9665,Field report,1,19
2026-02-01,20130,C4,66.5443,65.9665,Field report,0,9
2026-03-01,20130,C4,61.4877,58.2866,Lost quote,0,20
2026-05-01,20130,C4,58.7943,58.2866,Distributor price list,1,13
2026-06-01,20130,C4,60.8254,59.9045,Lost quote,1,6
2023-07-01,20131,C1,28.9837,29.5616,Distributor price list,1,34
2023-09-01,20131,C1,23.4566,25.4281,Field report,1,33
2023-10-01,20131,C1,23.0916,25.4281,Marketplace scrape,1,34
2023-11-01,20131,C1,23.5398,25.4281,Distributor price list,1,36
2023-12-01,20131,C1,21.38,23.5967,Distributor price list,1,33
2024-05-01,20131,C1,21.1778,23.5294,Distributor price list,1,34
2024-06-01,20131,C1,22.1535,23.813,Distributor price list,1,12
2024-07-01,20131,C1,22.947,23.813,Field report,1,11
2024-09-01,20131,C1,23.2954,25.2116,Field report,1,37
2024-10-01,20131,C1,22.8874,25.2116,Lost quote,1,23
2025-03-01,20131,C1,22.4144,23.1724,Field report,0,26
2025-04-01,20131,C1,22.4804,23.1724,Marketplace scrape,1,34
2025-05-01,20131,C1,22.1285,23.1724,Distributor price list,1,35
2025-06-01,20131,C1,23.6035,24.083,Marketplace scrape,1,23
2025-08-01,20131,C1,23.6161,24.083,Distributor price list,1,35
2025-10-01,20131,C1,22.7292,22.7209,Lost quote,1,37
2025-11-01,20131,C1,22.6132,22.7209,Distributor price list,1,2
2025-12-01,20131,C1,22.2387,21.7998,Field report,1,16
2026-01-01,20131,C1,21.3745,21.7998,Marketplace scrape,0,1
2026-04-01,20131,C1,31.371,30.5053,Lost quote,1,10
2026-05-01,20131,C1,31.429,30.5053,Marketplace scrape,1,45
2023-08-01,20131,C3,31.0414,29.5616,Field report,1,4
2023-11-01,20131,C3,28.1485,25.4281,Lost quote,1,19
2023-12-01,20131,C3,25.0906,23.5967,Field report,1,28
2024-03-01,20131,C3,25.8383,23.5294,Marketplace scrape,1,2
2024-04-01,20131,C3,24.2343,23.5294,Field report,0,5
2024-05-01,20131,C3,23.4168,23.5294,Field report,1,5
2024-08-01,20131,C3,24.1013,23.813,Distributor price list,1,1
2024-09-01,20131,C3,23.9711,25.2116,Lost quote,1,23
2024-10-01,20131,C3,24.2368,25.2116,Distributor price list,1,23
2025-01-01,20131,C3,23.4124,23.8262,Distributor price list,1,18
2025-04-01,20131,C3,23.0619,23.1724,Lost quote,1,22
2025-05-01,20131,C3,22.6794,23.1724,Field report,1,26
2025-06-01,20131,C3,23.4015,24.083,Distributor price list,1,18
2025-07-01,20131,C3,23.91,24.083,Marketplace scrape,1,42
2025-10-01,20131,C3,22.7399,22.7209,Field report,1,19
2025-11-01,20131,C3,23.9723,22.7209,Field report,1,34
2026-01-01,20131,C3,22.1192,21.7998,Lost quote,1,27
2026-05-01,20131,C3,31.6981,30.5053,Lost quote,1,22
2026-06-01,20131,C3,31.9896,29.9726,Distributor price list,1,11
2023-08-01,20131,C4,27.3164,29.5616,Field report,1,23
2023-09-01,20131,C4,24.3242,25.4281,Distributor price list,1,24
2023-10-01,20131,C4,23.4272,25.4281,Field report,1,22
2023-12-01,20131,C4,21.3044,23.5967,Field report,1,18
2024-02-01,20131,C4,20.8022,23.5967,Distributor price list,1,21
2024-04-01,20131,C4,21.6149,23.5294,Distributor price list,1,33
2024-05-01,20131,C4,21.5209,23.5294,Distributor price list,1,36
2024-07-01,20131,C4,21.1205,23.813,Marketplace scrape,1,36
2024-10-01,20131,C4,22.522,25.2116,Field report,1,43
2024-11-01,20131,C4,22.4309,25.2116,Lost quote,1,38
2025-01-01,20131,C4,22.3418,23.8262,Distributor price list,1,20
2025-03-01,20131,C4,20.2325,23.1724,Distributor price list,1,32
2025-04-01,20131,C4,20.8248,23.1724,Marketplace scrape,0,42
2025-05-01,20131,C4,20.0023,23.1724,Distributor price list,1,14
2025-08-01,20131,C4,21.7127,24.083,Field report,0,23
2025-11-01,20131,C4,19.8678,22.7209,Lost quote,1,3
2025-12-01,20131,C4,19.3673,21.7998,Lost quote,1,8
2026-01-01,20131,C4,20.5503,21.7998,Lost quote,1,33
2026-02-01,20131,C4,21.3327,21.7998,Lost quote,1,25
2026-04-01,20131,C4,28.7584,30.5053,Field report,1,16
2026-05-01,20131,C4,27.1124,30.5053,Marketplace scrape,1,37
2023-08-01,20132,C1,8.0306,8.3357,Lost quote,1,38
2023-09-01,20132,C1,8.1452,8.3357,Lost quote,1,31
2024-01-01,20132,C1,7.475,7.5175,Lost quote,1,30
2024-04-01,20132,C1,6.8824,7.4057,Lost quote,1,44
2024-05-01,20132,C1,6.9533,7.4057,Field report,1,39
2024-09-01,20132,C1,7.4914,7.8091,Field report,1,26
2024-12-01,20132,C1,7.8355,8.2009,Marketplace scrape,1,22
2025-01-01,20132,C1,8.1417,8.5528,Marketplace scrape,1,9
2025-02-01,20132,C1,7.9197,8.5528,Lost quote,1,1
2025-03-01,20132,C1,8.1113,8.5528,Marketplace scrape,1,11
2025-04-01,20132,C1,8.5385,9.0989,Distributor price list,1,37
2025-05-01,20132,C1,8.2255,9.0989,Lost quote,1,23
2025-06-01,20132,C1,8.6644,9.0989,Lost quote,1,4
2025-07-01,20132,C1,8.6717,9.2507,Distributor price list,1,3
2025-08-01,20132,C1,8.2407,9.2507,Lost quote,1,5
2025-11-01,20132,C1,7.6988,8.6253,Field report,1,5
2025-12-01,20132,C1,7.7228,8.6253,Distributor price list,1,42
2026-04-01,20132,C1,8.213,9.0007,Lost quote,1,43
2026-06-01,20132,C1,8.1389,9.0007,Lost quote,1,38
2023-07-01,20132,C2,7.8312,8.3357,Distributor price list,1,20
2023-08-01,20132,C2,7.4081,8.3357,Lost quote,1,4
2023-11-01,20132,C2,7.3512,8.3664,Lost quote,1,29
2023-12-01,20132,C2,7.428,8.3664,Distributor price list,1,36
2024-01-01,20132,C2,6.7316,7.5175,Marketplace scrape,1,29
2024-02-01,20132,C2,6.9469,7.5175,Lost quote,1,20
2024-05-01,20132,C2,6.8758,7.4057,Field report,0,42
2024-06-01,20132,C2,6.8579,7.4057,Field report,1,43
2024-09-01,20132,C2,6.9627,7.8091,Distributor price list,1,20
2024-10-01,20132,C2,7.2165,8.2009,Lost quote,1,18
2024-11-01,20132,C2,7.7986,8.2009,Field report,1,33
2024-12-01,20132,C2,7.7207,8.2009,Field report,1,32
2025-01-01,20132,C2,7.8917,8.5528,Marketplace scrape,1,22
2025-02-01,20132,C2,7.9449,8.5528,Marketplace scrape,1,20
2025-03-01,20132,C2,7.6776,8.5528,Marketplace scrape,1,30
2025-04-01,20132,C2,8.3429,9.0989,Lost quote,1,34
2025-05-01,20132,C2,8.7678,9.0989,Distributor price list,1,14
2025-06-01,20132,C2,8.8269,9.0989,Lost quote,1,21
2025-07-01,20132,C2,8.9394,9.2507,Lost quote,1,11
2025-08-01,20132,C2,9.1019,9.2507,Distributor price list,1,25
2025-09-01,20132,C2,9.0018,9.2507,Distributor price list,1,19
2025-12-01,20132,C2,8.9181,8.6253,Field report,1,3
2026-02-01,20132,C2,8.8364,8.558,Field report,1,27
2026-04-01,20132,C2,9.2152,9.0007,Distributor price list,1,17
2026-05-01,20132,C2,9.2554,9.0007,Marketplace scrape,1,27
2026-06-01,20132,C2,9.2459,9.0007,Marketplace scrape,1,11
2023-07-01,20133,C1,54.5209,50.4006,Marketplace scrape,1,11
2023-11-01,20133,C1,53.7961,48.6062,Lost quote,1,39
2023-12-01,20133,C1,53.6633,48.6062,Marketplace scrape,1,20
2024-02-01,20133,C1,46.3195,44.5133,Lost quote,1,23
2024-03-01,20133,C1,44.9579,44.5133,Lost quote,1,32
2024-05-01,20133,C1,43.6152,42.9365,Field report,1,39
2024-06-01,20133,C1,41.7806,42.9365,Lost quote,1,22
2024-07-01,20133,C1,41.1775,42.9365,Marketplace scrape,1,33
2024-10-01,20133,C1,42.8136,43.5137,Field report,1,10
2024-11-01,20133,C1,45.1375,43.8378,Marketplace scrape,1,20
2025-01-01,20133,C1,44.7835,43.8378,Lost quote,1,22
2025-02-01,20133,C1,44.8578,41.5704,Lost quote,1,13
2025-04-01,20133,C1,46.4135,41.5704,Lost quote,1,19
2025-06-01,20133,C1,45.0408,40.8324,Lost quote,1,32
2025-07-01,20133,C1,47.8738,40.8324,Lost quote,1,32
2025-08-01,20133,C1,48.5362,42.8387,Lost quote,1,35
2025-10-01,20133,C1,47.4321,42.8387,Field report,0,41
2025-11-01,20133,C1,42.8837,36.5981,Marketplace scrape,1,8
2026-01-01,20133,C1,42.6743,36.5981,Lost quote,1,4
2026-02-01,20133,C1,36.7519,32.8995,Marketplace scrape,1,22
2026-03-01,20133,C1,38.7794,32.8995,Field report,1,21
2026-05-01,20133,C1,37.9872,31.0248,Distributor price list,1,33
2023-07-01,20133,C2,47.1546,50.4006,Field report,1,19
2023-11-01,20133,C2,47.4083,48.6062,Lost quote,1,2
2023-12-01,20133,C2,45.6573,48.6062,Field report,1,7
2024-02-01,20133,C2,43.2064,44.5133,Distributor price list,1,11
2024-05-01,20133,C2,40.2051,42.9365,Distributor price list,1,28
2024-06-01,20133,C2,39.8342,42.9365,Marketplace scrape,1,45
2024-09-01,20133,C2,42.5236,43.5137,Lost quote,1,36
2024-10-01,20133,C2,41.6987,43.5137,Marketplace scrape,1,2
2024-11-01,20133,C2,42.1663,43.8378,Marketplace scrape,0,6
2024-12-01,20133,C2,43.3469,43.8378,Field report,1,44
2025-01-01,20133,C2,42.8721,43.8378,Lost quote,1,3
2025-02-01,20133,C2,38.2058,41.5704,Distributor price list,1,28
2025-03-01,20133,C2,36.5536,41.5704,Field report,1,15
2025-06-01,20133,C2,35.6093,40.8324,Marketplace scrape,1,32
2025-07-01,20133,C2,36.9202,40.8324,Field report,1,4
2025-10-01,20133,C2,37.0347,42.8387,Field report,1,29
2025-11-01,20133,C2,31.6441,36.5981,Lost quote,1,22
2025-12-01,20133,C2,33.0215,36.5981,Distributor price list,1,20
2026-01-01,20133,C2,32.4212,36.5981,Marketplace scrape,1,27
2026-03-01,20133,C2,28.1345,32.8995,Marketplace scrape,1,42
2026-04-01,20133,C2,28.8931,32.8995,Lost quote,0,15
2026-06-01,20133,C2,24.7117,31.0248,Marketplace scrape,1,39
2023-07-01,20133,C4,51.1126,50.4006,Distributor price list,1,25
2023-08-01,20133,C4,51.6058,49.2091,Marketplace scrape,1,42
2023-09-01,20133,C4,53.4061,49.2091,Marketplace scrape,1,7
2023-10-01,20133,C4,52.354,49.2091,Lost quote,1,13
2023-11-01,20133,C4,50.0504,48.6062,Distributor price list,1,42
2023-12-01,20133,C4,51.991,48.6062,Distributor price list,1,23
2024-01-01,20133,C4,49.2265,48.6062,Distributor price list,1,11
2024-04-01,20133,C4,44.1516,44.5133,Marketplace scrape,1,35
2024-07-01,20133,C4,41.1366,42.9365,Lost quote,1,41
2024-08-01,20133,C4,41.6679,43.5137,Marketplace scrape,1,21
2024-09-01,20133,C4,41.5893,43.5137,Field report,1,20
2025-03-01,20133,C4,38.4453,41.5704,Field report,1,8
2025-05-01,20133,C4,37.8965,40.8324,Lost quote,1,5
2025-06-01,20133,C4,37.8111,40.8324,Distributor price list,1,43
2025-07-01,20133,C4,37.7669,40.8324,Marketplace scrape,1,33
2025-08-01,20133,C4,37.5782,42.8387,Marketplace scrape,1,11
2025-09-01,20133,C4,37.6205,42.8387,Marketplace scrape,1,14
2025-10-01,20133,C4,38.2897,42.8387,Marketplace scrape,1,4
2025-12-01,20133,C4,34.3654,36.5981,Marketplace scrape,1,18
2026-01-01,20133,C4,34.1015,36.5981,Lost quote,1,27
2026-03-01,20133,C4,31.15,32.8995,Distributor price list,1,9
2026-04-01,20133,C4,30.6028,32.8995,Marketplace scrape,1,5
2026-06-01,20133,C4,29.4217,31.0248,Distributor price list,1,34
2023-08-01,20133,C5,63.4214,49.2091,Marketplace scrape,1,18
2023-10-01,20133,C5,60.148,49.2091,Lost quote,1,36
2023-12-01,20133,C5,59.6324,48.6062,Lost quote,0,6
2024-01-01,20133,C5,57.7637,48.6062,Distributor price list,1,36
2024-03-01,20133,C5,53.0857,44.5133,Distributor price list,1,37
2024-04-01,20133,C5,53.8286,44.5133,Distributor price list,1,44
2024-05-01,20133,C5,50.7997,42.9365,Lost quote,1,19
2024-07-01,20133,C5,53.1787,42.9365,Marketplace scrape,1,1
2024-08-01,20133,C5,50.7831,43.5137,Distributor price list,1,2
2024-09-01,20133,C5,53.2555,43.5137,Field report,1,11
2024-10-01,20133,C5,54.4983,43.5137,Lost quote,1,19
2024-11-01,20133,C5,54.2702,43.8378,Distributor price list,1,20
2025-01-01,20133,C5,54.1996,43.8378,Field report,1,7
2025-05-01,20133,C5,51.1481,40.8324,Lost quote,1,19
2025-06-01,20133,C5,49.6418,40.8324,Distributor price list,1,29
2025-07-01,20133,C5,49.2665,40.8324,Marketplace scrape,1,26
2025-08-01,20133,C5,50.9603,42.8387,Distributor price list,1,30
2025-10-01,20133,C5,51.062,42.8387,Lost quote,1,12
2025-12-01,20133,C5,42.7698,36.5981,Field report,1,20
2026-01-01,20133,C5,43.7861,36.5981,Lost quote,1,23
2026-02-01,20133,C5,36.8657,32.8995,Marketplace scrape,1,3
2026-04-01,20133,C5,39.4069,32.8995,Marketplace scrape,0,12
2023-07-01,20134,C1,24.9135,24.3377,Marketplace scrape,1,1
2023-08-01,20134,C1,26.2824,26.3145,Lost quote,0,40
2023-09-01,20134,C1,25.9014,26.3145,Field report,1,19
2023-10-01,20134,C1,25.3721,26.3145,Lost quote,1,10
2024-02-01,20134,C1,24.827,23.4064,Distributor price list,1,28
2024-03-01,20134,C1,24.998,23.4064,Marketplace scrape,1,11
2024-06-01,20134,C1,25.8135,23.7789,Distributor price list,1,38
2024-08-01,20134,C1,24.9147,24.4893,Distributor price list,1,42
2024-10-01,20134,C1,25.5274,24.4893,Distributor price list,1,20
2024-12-01,20134,C1,25.3744,24.1169,Lost quote,1,6
2025-01-01,20134,C1,26.6642,24.1169,Marketplace scrape,1,11
2025-03-01,20134,C1,24.5636,22.4789,Lost quote,1,45
2025-06-01,20134,C1,24.0314,22.8756,Distributor price list,1,17
2025-07-01,20134,C1,24.4079,22.8756,Distributor price list,1,42
2025-09-01,20134,C1,26.4183,25.0065,Marketplace scrape,1,9
2025-11-01,20134,C1,26.7283,25.1381,Field report,1,28
2025-12-01,20134,C1,26.5699,25.1381,Marketplace scrape,1,10
2026-01-01,20134,C1,25.8072,25.1381,Field report,1,37
2026-02-01,20134,C1,23.7838,23.1204,Distributor price list,1,23
2026-03-01,20134,C1,24.398,23.1204,Lost quote,1,14
2026-04-01,20134,C1,23.3724,23.1204,Lost quote,1,43
2026-05-01,20134,C1,23.2232,22.6136,Marketplace scrape,1,38
2023-07-01,20134,C3,26.6689,24.3377,Distributor price list,1,29
2023-08-01,20134,C3,27.9918,26.3145,Field report,1,30
2023-09-01,20134,C3,28.7545,26.3145,Field report,1,12
2023-11-01,20134,C3,27.3382,24.7093,Distributor price list,1,33
2024-03-01,20134,C3,24.2449,23.4064,Field report,1,12
2024-05-01,20134,C3,26.2254,23.7789,Lost quote,1,13
2024-07-01,20134,C3,26.0586,23.7789,Marketplace scrape,1,38
2024-08-01,20134,C3,26.1326,24.4893,Distributor price list,1,37
2024-09-01,20134,C3,25.5225,24.4893,Distributor price list,1,19
2024-12-01,20134,C3,25.9659,24.1169,Field report,1,6
2025-01-01,20134,C3,25.2919,24.1169,Lost quote,0,24
2025-02-01,20134,C3,23.0878,22.4789,Field report,1,43
2025-03-01,20134,C3,23.2645,22.4789,Lost quote,1,43
2025-05-01,20134,C3,24.5666,22.8756,Marketplace scrape,1,45
2025-09-01,20134,C3,27.3374,25.0065,Marketplace scrape,1,37
2025-11-01,20134,C3,27.7117,25.1381,Distributor price list,1,20
2025-12-01,20134,C3,26.259,25.1381,Distributor price list,0,12
2026-01-01,20134,C3,25.8966,25.1381,Distributor price list,1,41
2026-03-01,20134,C3,23.2983,23.1204,Marketplace scrape,1,37
2026-04-01,20134,C3,23.8024,23.1204,Field report,0,11
2026-05-01,20134,C3,22.4079,22.6136,Distributor price list,1,13
2023-07-01,20134,C4,24.55,24.3377,Marketplace scrape,1,18
2023-08-01,20134,C4,26.8712,26.3145,Field report,1,9
2023-09-01,20134,C4,26.0586,26.3145,Field report,1,4
2023-10-01,20134,C4,26.7372,26.3145,Marketplace scrape,1,39
2024-01-01,20134,C4,24.6059,24.7093,Marketplace scrape,1,20
2024-07-01,20134,C4,20.9499,23.7789,Lost quote,0,2
2024-08-01,20134,C4,21.766,24.4893,Marketplace scrape,1,42
2024-09-01,20134,C4,22.1821,24.4893,Field report,1,42
2024-10-01,20134,C4,21.8552,24.4893,Lost quote,1,31
2025-01-01,20134,C4,22.2942,24.1169,Marketplace scrape,1,39
2025-02-01,20134,C4,21.0678,22.4789,Field report,1,28
2025-03-01,20134,C4,21.076,22.4789,Field report,0,21
2025-06-01,20134,C4,21.9082,22.8756,Marketplace scrape,0,6
2025-07-01,20134,C4,22.1595,22.8756,Field report,1,9
2025-08-01,20134,C4,22.982,25.0065,Marketplace scrape,1,18
2025-10-01,20134,C4,23.9187,25.0065,Distributor price list,1,18
2025-12-01,20134,C4,24.4648,25.1381,Marketplace scrape,1,34
2026-02-01,20134,C4,21.0451,23.1204,Marketplace scrape,1,17
2026-04-01,20134,C4,23.5299,23.1204,Marketplace scrape,1,20
2026-06-01,20134,C4,23.0254,22.6136,Field report,1,19
2023-08-01,20135,C1,73.1254,74.3775,Distributor price list,1,17
2023-09-01,20135,C1,70.4947,74.3775,Field report,1,37
2023-10-01,20135,C1,71.037,72.4683,Field report,1,23
2023-12-01,20135,C1,67.478,72.4683,Distributor price list,1,29
2024-01-01,20135,C1,64.3105,69.2984,Distributor price list,1,13
2024-02-01,20135,C1,63.9654,69.2984,Marketplace scrape,1,29
2024-03-01,20135,C1,64.2561,69.2984,Marketplace scrape,1,8
2024-04-01,20135,C1,66.1594,68.2762,Lost quote,1,36
2024-05-01,20135,C1,64.3885,68.2762,Lost quote,1,25
2024-08-01,20135,C1,59.1021,64.0578,Marketplace scrape,1,11
2024-11-01,20135,C1,58.5682,62.9806,Field report,1,30
2024-12-01,20135,C1,57.6471,62.9806,Marketplace scrape,1,35
2025-01-01,20135,C1,63.6718,65.3003,Field report,1,45
2025-02-01,20135,C1,63.0645,65.3003,Field report,1,45
2025-03-01,20135,C1,64.5467,65.3003,Distributor price list,1,5
2025-04-01,20135,C1,65.3847,66.562,Lost quote,1,25
2025-05-01,20135,C1,65.3713,66.562,Field report,1,40
2025-06-01,20135,C1,66.2674,66.562,Field report,1,38
2025-10-01,20135,C1,65.7628,66.8115,Lost quote,1,35
2025-11-01,20135,C1,66.6148,66.8115,Marketplace scrape,1,25
2025-12-01,20135,C1,64.5532,66.8115,Marketplace scrape,1,33
2026-02-01,20135,C1,62.732,64.5671,Field report,1,39
2026-03-01,20135,C1,62.9904,64.5671,Field report,1,1
2026-04-01,20135,C1,59.5432,58.348,Marketplace scrape,1,42
2026-05-01,20135,C1,56.9564,58.348,Distributor price list,1,28
2026-06-01,20135,C1,58.8384,58.348,Lost quote,1,34
2023-07-01,20135,C2,69.2814,74.3775,Distributor price list,1,21
2023-08-01,20135,C2,68.2192,74.3775,Distributor price list,1,16
2023-09-01,20135,C2,70.1292,74.3775,Distributor price list,1,16
2023-10-01,20135,C2,67.973,72.4683,Lost quote,1,8
2023-12-01,20135,C2,66.8033,72.4683,Field report,1,17
2024-02-01,20135,C2,61.1697,69.2984,Lost quote,1,22
2024-03-01,20135,C2,61.9321,69.2984,Field report,1,34
2024-04-01,20135,C2,63.2311,68.2762,Marketplace scrape,1,17
2024-05-01,20135,C2,61.2259,68.2762,Lost quote,0,29
2024-06-01,20135,C2,61.3841,68.2762,Distributor price list,1,45
2024-07-01,20135,C2,60.2431,64.0578,Distributor price list,1,5
2024-08-01,20135,C2,61.0583,64.0578,Marketplace scrape,1,31
2024-09-01,20135,C2,57.8132,64.0578,Marketplace scrape,1,8
2024-10-01,20135,C2,56.9495,62.9806,Lost quote,1,41
2025-02-01,20135,C2,61.5921,65.3003,Distributor price list,1,36
2025-03-01,20135,C2,61.3273,65.3003,Marketplace scrape,1,22
2025-04-01,20135,C2,61.6459,66.562,Marketplace scrape,1,13
2025-05-01,20135,C2,63.6592,66.562,Distributor price list,1,37
2025-06-01,20135,C2,62.6907,66.562,Lost quote,1,32
2025-07-01,20135,C2,66.8217,67.5863,Field report,1,4
2025-08-01,20135,C2,64.6906,67.5863,Lost quote,1,35
2025-09-01,20135,C2,65.8473,67.5863,Marketplace scrape,1,10
2025-10-01,20135,C2,65.3859,66.8115,Field report,1,30
2025-11-01,20135,C2,64.7463,66.8115,Field report,1,12
2026-01-01,20135,C2,65.0225,64.5671,Lost quote,1,2
2026-03-01,20135,C2,64.6792,64.5671,Lost quote,1,41
2026-04-01,20135,C2,60.5009,58.348,Field report,1,7
2026-05-01,20135,C2,61.3549,58.348,Lost quote,1,12
2026-06-01,20135,C2,58.1237,58.348,Marketplace scrape,1,11
2023-08-01,20135,C4,73.2677,74.3775,Lost quote,1,44
2023-09-01,20135,C4,72.4166,74.3775,Distributor price list,1,32
2023-10-01,20135,C4,68.1427,72.4683,Field report,1,13
2023-12-01,20135,C4,64.9926,72.4683,Distributor price list,1,10
2024-02-01,20135,C4,63.6815,69.2984,Field report,1,33
2024-03-01,20135,C4,65.6841,69.2984,Distributor price list,1,11
2024-04-01,20135,C4,61.355,68.2762,Lost quote,1,35
2024-06-01,20135,C4,61.4437,68.2762,Lost quote,1,19
2024-07-01,20135,C4,57.8117,64.0578,Field report,1,42
2024-08-01,20135,C4,58.8227,64.0578,Lost quote,1,34
2024-09-01,20135,C4,59.9535,64.0578,Distributor price list,1,16
2024-10-01,20135,C4,58.0423,62.9806,Distributor price list,1,33
2025-02-01,20135,C4,61.564,65.3003,Marketplace scrape,1,5
2025-03-01,20135,C4,63.324,65.3003,Lost quote,1,20
2025-04-01,20135,C4,64.5332,66.562,Lost quote,1,36
2025-06-01,20135,C4,65.4663,66.562,Field report,1,25
2025-07-01,20135,C4,69.2735,67.5863,Distributor price list,1,39
2025-11-01,20135,C4,64.2935,66.8115,Field report,0,37
2025-12-01,20135,C4,62.5937,66.8115,Lost quote,1,4
2026-01-01,20135,C4,61.1047,64.5671,Marketplace scrape,1,38
2026-02-01,20135,C4,59.9005,64.5671,Field report,1,20
2026-03-01,20135,C4,57.9844,64.5671,Distributor price list,1,3
2026-04-01,20135,C4,54.183,58.348,Marketplace scrape,1,27
2026-05-01,20135,C4,57.2318,58.348,Marketplace scrape,1,14
2023-07-01,20136,C2,24.325,23.5846,Distributor price list,1,10
2023-09-01,20136,C2,24.2441,23.5846,Lost quote,1,4
2023-11-01,20136,C2,26.7661,25.1979,Field report,1,9
2023-12-01,20136,C2,25.2317,25.1979,Lost quote,1,38
2024-03-01,20136,C2,23.7877,23.4045,Distributor price list,0,29
2024-08-01,20136,C2,22.965,23.9377,Distributor price list,1,14
2024-10-01,20136,C2,19.4133,19.7824,Marketplace scrape,1,41
2024-11-01,20136,C2,18.8384,19.7824,Lost quote,1,20
2025-04-01,20136,C2,17.9478,18.8934,Distributor price list,1,35
2025-05-01,20136,C2,17.8648,18.8934,Distributor price list,1,20
2025-08-01,20136,C2,18.9131,19.8651,Lost quote,1,36
2025-09-01,20136,C2,19.9194,19.8651,Distributor price list,1,18
2025-10-01,20136,C2,19.4719,19.754,Marketplace scrape,1,29
2025-11-01,20136,C2,19.7168,19.754,Marketplace scrape,1,32
2025-12-01,20136,C2,19.4839,19.754,Marketplace scrape,1,41
2026-01-01,20136,C2,18.7561,18.4771,Lost quote,1,44
2026-02-01,20136,C2,18.418,18.4771,Distributor price list,1,40
2026-05-01,20136,C2,18.8609,18.1984,Distributor price list,1,40
2026-06-01,20136,C2,19.3482,18.1984,Distributor price list,1,10
2023-09-01,20136,C3,28.7312,23.5846,Field report,1,32
2023-11-01,20136,C3,30.4868,25.1979,Field report,1,35
2023-12-01,20136,C3,29.9761,25.1979,Marketplace scrape,1,31
2024-01-01,20136,C3,26.7472,23.4045,Field report,1,16
2024-02-01,20136,C3,28.1486,23.4045,Field report,1,34
2024-03-01,20136,C3,27.8246,23.4045,Distributor price list,1,5
2024-04-01,20136,C3,27.0182,22.6947,Marketplace scrape,1,35
2024-05-01,20136,C3,27.0011,22.6947,Field report,1,14
2024-06-01,20136,C3,28.1031,22.6947,Field report,1,26
2024-07-01,20136,C3,29.9374,23.9377,Distributor price list,1,27
2024-08-01,20136,C3,29.5907,23.9377,Lost quote,1,41
2024-09-01,20136,C3,29.4832,23.9377,Marketplace scrape,0,13
2024-10-01,20136,C3,24.4634,19.7824,Lost quote,1,1
2024-12-01,20136,C3,24.204,19.7824,Field report,1,5
2025-01-01,20136,C3,21.5421,17.7713,Distributor price list,1,19
2025-02-01,20136,C3,22.2097,17.7713,Marketplace scrape,1,36
2025-04-01,20136,C3,22.449,18.8934,Distributor price list,1,28
2025-06-01,20136,C3,21.3369,18.8934,Marketplace scrape,1,37
2025-07-01,20136,C3,23.2018,19.8651,Marketplace scrape,1,37
2025-08-01,20136,C3,22.5835,19.8651,Marketplace scrape,1,29
2025-09-01,20136,C3,23.574,19.8651,Distributor price list,1,11
2025-10-01,20136,C3,23.5602,19.754,Lost quote,1,42
2025-11-01,20136,C3,22.3704,19.754,Distributor price list,1,38
2026-06-01,20136,C3,21.192,18.1984,Lost quote,0,4
2023-07-01,20136,C4,24.8715,23.5846,Field report,1,7
2023-08-01,20136,C4,24.8394,23.5846,Distributor price list,1,7
2023-10-01,20136,C4,25.5779,25.1979,Field report,1,26
2023-12-01,20136,C4,25.0414,25.1979,Marketplace scrape,1,10
2024-02-01,20136,C4,23.9682,23.4045,Lost quote,1,17
2024-03-01,20136,C4,23.1664,23.4045,Distributor price list,1,8
2024-06-01,20136,C4,21.7067,22.6947,Field report,1,40
2024-07-01,20136,C4,23.0634,23.9377,Distributor price list,1,23
2024-08-01,20136,C4,23.0041,23.9377,Marketplace scrape,1,17
2024-09-01,20136,C4,22.8676,23.9377,Distributor price list,1,3
2024-10-01,20136,C4,19.0479,19.7824,Marketplace scrape,1,14
2024-11-01,20136,C4,18.1121,19.7824,Lost quote,1,23
2024-12-01,20136,C4,18.9302,19.7824,Lost quote,1,4
2025-01-01,20136,C4,16.1328,17.7713,Marketplace scrape,1,34
2025-08-01,20136,C4,16.4144,19.8651,Lost quote,1,34
2025-10-01,20136,C4,15.8229,19.754,Marketplace scrape,1,2
2025-12-01,20136,C4,16.5611,19.754,Field report,1,10
2026-01-01,20136,C4,15.6243,18.4771,Field report,1,34
2026-05-01,20136,C4,16.176,18.1984,Lost quote,1,2
2026-06-01,20136,C4,16.2474,18.1984,Lost quote,1,1
2023-07-01,20137,C1,82.7659,94.0118,Marketplace scrape,1,38
2023-08-01,20137,C1,90.348,97.7245,Marketplace scrape,1,29
2023-09-01,20137,C1,88.2088,97.7245,Distributor price list,1,34
2023-10-01,20137,C1,91.3751,97.7245,Lost quote,1,31
2023-11-01,20137,C1,85.5979,95.2391,Marketplace scrape,1,18
2024-01-01,20137,C1,87.6925,95.2391,Distributor price list,1,38
2024-02-01,20137,C1,74.58,83.9587,Lost quote,1,10
2024-04-01,20137,C1,77.4837,83.9587,Field report,1,10
2024-05-01,20137,C1,70.8911,80.3519,Lost quote,1,22
2024-07-01,20137,C1,70.5157,80.3519,Marketplace scrape,1,37
2024-10-01,20137,C1,70.2156,79.5871,Distributor price list,1,10
2024-11-01,20137,C1,69.5342,78.9129,Lost quote,1,18
2024-12-01,20137,C1,68.57,78.9129,Marketplace scrape,1,34
2025-02-01,20137,C1,63.4538,73.1053,Distributor price list,1,34
2025-03-01,20137,C1,62.5143,73.1053,Distributor price list,1,34
2025-04-01,20137,C1,65.0922,73.1053,Marketplace scrape,1,15
2025-06-01,20137,C1,65.2814,75.3005,Marketplace scrape,1,43
2025-07-01,20137,C1,65.1422,75.3005,Field report,1,30
2025-08-01,20137,C1,71.5105,80.6206,Field report,1,34
2025-11-01,20137,C1,66.6255,74.9186,Distributor price list,1,2
2025-12-01,20137,C1,65.8063,74.9186,Marketplace scrape,1,3
2026-01-01,20137,C1,68.0035,74.9186,Marketplace scrape,1,18
2026-02-01,20137,C1,59.6075,68.9488,Marketplace scrape,1,14
2026-03-01,20137,C1,60.8696,68.9488,Marketplace scrape,1,12
2026-04-01,20137,C1,59.4438,68.9488,Lost quote,1,37
2026-06-01,20137,C1,55.916,67.4293,Lost quote,1,36
2023-07-01,20137,C2,79.5293,94.0118,Lost quote,0,4
2023-09-01,20137,C2,78.1774,97.7245,Marketplace scrape,1,41
2023-11-01,20137,C2,79.2729,95.2391,Distributor price list,1,44
2023-12-01,20137,C2,76.807,95.2391,Marketplace scrape,1,8
2024-02-01,20137,C2,65.2483,83.9587,Field report,1,14
2024-03-01,20137,C2,67.2789,83.9587,Lost quote,1,45
2024-04-01,20137,C2,69.9113,83.9587,Marketplace scrape,1,13
2024-05-01,20137,C2,65.3601,80.3519,Lost quote,1,33
2024-09-01,20137,C2,68.0564,79.5871,Lost quote,1,25
2025-01-01,20137,C2,68.5279,78.9129,Field report,1,32
2025-02-01,20137,C2,60.8521,73.1053,Field report,1,30
2025-05-01,20137,C2,62.8264,75.3005,Distributor price list,1,26
2025-06-01,20137,C2,64.1296,75.3005,Marketplace scrape,1,16
2025-07-01,20137,C2,63.085,75.3005,Field report,1,3
2025-08-01,20137,C2,69.9389,80.6206,Field report,0,17
2025-09-01,20137,C2,65.7229,80.6206,Field report,0,6
2025-12-01,20137,C2,62.255,74.9186,Field report,1,14
2026-03-01,20137,C2,58.2929,68.9488,Marketplace scrape,1,2
2026-04-01,20137,C2,54.8741,68.9488,Marketplace scrape,1,28
2026-05-01,20137,C2,52.92,67.4293,Lost quote,1,39
2026-06-01,20137,C2,54.8943,67.4293,Lost quote,1,39
2023-07-01,20138,C3,28.0283,24.8446,Lost quote,1,26
2023-08-01,20138,C3,28.3211,24.8446,Field report,1,33
2024-01-01,20138,C3,28.1995,24.5507,Lost quote,1,40
2024-04-01,20138,C3,25.72,24.5507,Distributor price list,1,14
2024-06-01,20138,C3,25.1399,24.5507,Lost quote,1,3
2024-09-01,20138,C3,28.5373,27.5895,Distributor price list,1,38
2024-10-01,20138,C3,26.8221,27.5895,Field report,1,15
2024-11-01,20138,C3,26.8195,27.5895,Lost quote,1,6
2024-12-01,20138,C3,25.481,27.5895,Field report,1,31
2025-02-01,20138,C3,26.7486,27.8306,Lost quote,1,26
2025-03-01,20138,C3,25.7135,27.8306,Field report,1,35
2025-04-01,20138,C3,24.7055,27.8306,Field report,1,16
2025-05-01,20138,C3,25.4567,27.8306,Distributor price list,1,9
2025-07-01,20138,C3,26.4556,29.2776,Distributor price list,1,41
2025-08-01,20138,C3,25.4102,29.2776,Distributor price list,1,2
2025-09-01,20138,C3,25.4595,29.2776,Field report,1,5
2026-02-01,20138,C3,23.9648,28.256,Distributor price list,1,45
2026-04-01,20138,C3,24.0579,28.256,Distributor price list,1,9
2023-07-01,20138,C5,28.4495,24.8446,Field report,1,9
2023-08-01,20138,C5,28.6952,24.8446,Field report,1,19
2023-09-01,20138,C5,29.594,24.8446,Lost quote,1,24
2023-10-01,20138,C5,27.6703,24.8446,Lost quote,1,4
2023-11-01,20138,C5,25.8903,24.8446,Marketplace scrape,1,18
2024-01-01,20138,C5,26.322,24.5507,Field report,1,41
2024-02-01,20138,C5,25.9994,24.5507,Field report,1,42
2024-04-01,20138,C5,26.3905,24.5507,Marketplace scrape,1,37
2024-05-01,20138,C5,24.9115,24.5507,Field report,1,35
2024-06-01,20138,C5,25.7613,24.5507,Marketplace scrape,1,26
2024-08-01,20138,C5,29.3344,27.5895,Marketplace scrape,1,13
2024-09-01,20138,C5,30.3647,27.5895,Lost quote,1,13
2024-10-01,20138,C5,27.6885,27.5895,Field report,1,5
2025-02-01,20138,C5,29.5104,27.8306,Lost quote,1,14
2025-03-01,20138,C5,29.0986,27.8306,Distributor price list,1,17
2025-04-01,20138,C5,30.2365,27.8306,Marketplace scrape,1,15
2025-06-01,20138,C5,31.6674,27.8306,Marketplace scrape,1,23
2025-07-01,20138,C5,33.6196,29.2776,Marketplace scrape,1,19
2025-09-01,20138,C5,34.2481,29.2776,Distributor price list,1,41
2025-10-01,20138,C5,34.9325,29.2776,Field report,1,8
2025-11-01,20138,C5,35.228,29.2776,Marketplace scrape,1,7
2025-12-01,20138,C5,34.038,29.2776,Marketplace scrape,1,6
2026-02-01,20138,C5,34.0692,28.256,Field report,1,12
2026-03-01,20138,C5,33.9712,28.256,Lost quote,1,32
2026-06-01,20138,C5,31.7482,28.256,Distributor price list,1,25
2023-07-01,20139,C1,12.7516,11.419,Marketplace scrape,1,11
2023-08-01,20139,C1,12.6096,11.419,Distributor price list,1,9
2023-09-01,20139,C1,13.0789,11.419,Distributor price list,0,29
2023-10-01,20139,C1,11.4178,10.5103,Lost quote,1,13
2023-11-01,20139,C1,11.9991,10.5103,Field report,1,23
2023-12-01,20139,C1,11.5905,10.5103,Distributor price list,1,42
2024-02-01,20139,C1,10.1222,9.4838,Lost quote,1,7
2024-03-01,20139,C1,9.7736,9.4838,Field report,1,7
2024-05-01,20139,C1,10.3674,10.2223,Lost quote,1,29
2024-09-01,20139,C1,11.0328,10.4578,Field report,1,22
2024-10-01,20139,C1,11.6456,10.9566,Marketplace scrape,1,10
2024-11-01,20139,C1,11.0241,10.9566,Marketplace scrape,1,41
2025-03-01,20139,C1,11.146,11.3769,Marketplace scrape,1,39
2025-04-01,20139,C1,12.3113,12.188,Field report,1,18
2025-05-01,20139,C1,12.6071,12.188,Lost quote,1,9
2025-09-01,20139,C1,13.7025,13.6133,Marketplace scrape,1,39
2025-12-01,20139,C1,13.7235,13.848,Marketplace scrape,1,21
2026-03-01,20139,C1,13.4726,12.9113,Marketplace scrape,0,4
2026-04-01,20139,C1,13.1714,12.736,Distributor price list,1,24
2026-05-01,20139,C1,13.4906,12.736,Lost quote,0,13
2026-06-01,20139,C1,13.3805,12.736,Distributor price list,1,36
2023-08-01,20139,C2,11.0394,11.419,Distributor price list,1,14
2023-09-01,20139,C2,10.7795,11.419,Marketplace scrape,1,16
2024-01-01,20139,C2,8.4344,9.4838,Lost quote,1,25
2024-02-01,20139,C2,8.2003,9.4838,Lost quote,1,23
2024-04-01,20139,C2,9.0966,10.2223,Field report,1,8
2024-05-01,20139,C2,9.4351,10.2223,Lost quote,1,2
2024-07-01,20139,C2,9.5096,10.4578,Marketplace scrape,1,37
2024-08-01,20139,C2,9.6749,10.4578,Distributor price list,1,25
2025-02-01,20139,C2,10.2206,11.3769,Field report,1,24
2025-04-01,20139,C2,10.9993,12.188,Lost quote,1,12
2025-06-01,20139,C2,10.8045,12.188,Field report,1,33
2025-07-01,20139,C2,12.5538,13.6133,Lost quote,1,20
2025-08-01,20139,C2,11.9468,13.6133,Marketplace scrape,0,4
2025-09-01,20139,C2,11.1971,13.6133,Lost quote,1,30
2025-10-01,20139,C2,11.1171,13.848,Marketplace scrape,1,23
2026-02-01,20139,C2,10.4046,12.9113,Marketplace scrape,0,28
2026-03-01,20139,C2,10.7567,12.9113,Field report,1,4
2023-09-01,20139,C3,13.0477,11.419,Lost quote,1,40
2023-11-01,20139,C3,12.1947,10.5103,Lost quote,1,4
2023-12-01,20139,C3,12.4774,10.5103,Lost quote,1,36
2024-01-01,20139,C3,11.3838,9.4838,Distributor price list,1,40
2024-02-01,20139,C3,11.4675,9.4838,Distributor price list,1,21
2024-03-01,20139,C3,11.5652,9.4838,Marketplace scrape,1,38
2024-04-01,20139,C3,12.0613,10.2223,Distributor price list,1,5
2024-06-01,20139,C3,12.2443,10.2223,Lost quote,0,22
2024-07-01,20139,C3,12.5481,10.4578,Field report,0,39
2024-09-01,20139,C3,12.4615,10.4578,Lost quote,1,17
2024-11-01,20139,C3,13.4059,10.9566,Field report,1,7
2025-02-01,20139,C3,13.4772,11.3769,Field report,1,24
2025-03-01,20139,C3,13.9793,11.3769,Distributor price list,1,13
2025-04-01,20139,C3,15.3172,12.188,Distributor price list,1,16
2025-05-01,20139,C3,14.833,12.188,Field report,1,36
2025-06-01,20139,C3,14.6196,12.188,Lost quote,1,4
2025-07-01,20139,C3,16.5799,13.6133,Distributor price list,1,13
2025-08-01,20139,C3,16.2133,13.6133,Field report,1,22
2025-09-01,20139,C3,16.9103,13.6133,Distributor price list,1,20
2025-10-01,20139,C3,16.8418,13.848,Marketplace scrape,1,38
2025-11-01,20139,C3,17.2839,13.848,Marketplace scrape,1,32
2025-12-01,20139,C3,16.6408,13.848,Distributor price list,1,17
2026-01-01,20139,C3,16.0682,12.9113,Field report,1,34
2026-03-01,20139,C3,15.8559,12.9113,Marketplace scrape,1,21
2026-04-01,20139,C3,15.5169,12.736,Marketplace scrape,1,24
2026-05-01,20139,C3,15.4471,12.736,Marketplace scrape,1,16
2023-08-01,20139,C5,14.0425,11.419,Marketplace scrape,1,42
2023-10-01,20139,C5,13.8479,10.5103,Field report,1,41
2023-11-01,20139,C5,12.8469,10.5103,Field report,1,3
2023-12-01,20139,C5,13.2957,10.5103,Distributor price list,1,11
2024-02-01,20139,C5,11.9258,9.4838,Lost quote,1,26
2024-03-01,20139,C5,12.3218,9.4838,Field report,1,34
2024-04-01,20139,C5,12.7702,10.2223,Distributor price list,1,10
2024-05-01,20139,C5,13.2616,10.2223,Distributor price list,1,32
2024-06-01,20139,C5,12.9848,10.2223,Distributor price list,1,25
2024-07-01,20139,C5,13.1514,10.4578,Lost quote,1,1
2024-08-01,20139,C5,13.6155,10.4578,Distributor price list,1,33
2024-09-01,20139,C5,13.4449,10.4578,Marketplace scrape,1,38
2024-10-01,20139,C5,14.6474,10.9566,Marketplace scrape,1,14
2024-11-01,20139,C5,14.5265,10.9566,Field report,1,12
2025-02-01,20139,C5,15.6863,11.3769,Marketplace scrape,1,13
2025-05-01,20139,C5,16.4929,12.188,Lost quote,1,29
2025-06-01,20139,C5,15.9308,12.188,Lost quote,1,25
2025-07-01,20139,C5,17.6508,13.6133,Marketplace scrape,1,29
2025-08-01,20139,C5,17.9279,13.6133,Distributor price list,1,17
2025-09-01,20139,C5,17.7177,13.6133,Field report,1,30
2025-11-01,20139,C5,17.9527,13.848,Marketplace scrape,1,36
2026-01-01,20139,C5,17.6732,12.9113,Lost quote,1,8
2026-02-01,20139,C5,17.4855,12.9113,Distributor price list,0,12
2026-03-01,20139,C5,17.0179,12.9113,Field report,0,4
2026-04-01,20139,C5,16.9256,12.736,Marketplace scrape,1,20
2026-05-01,20139,C5,17.0673,12.736,Marketplace scrape,1,24
2026-06-01,20139,C5,16.8781,12.736,Distributor price list,1,23
2023-09-01,20140,C1,302.3054,322.2874,Lost quote,1,12
2023-10-01,20140,C1,304.4219,322.2874,Field report,1,22
2023-11-01,20140,C1,316.6306,333.658,Marketplace scrape,0,41
2024-01-01,20140,C1,322.588,333.658,Distributor price list,1,15
2024-03-01,20140,C1,301.7621,334.0161,Distributor price list,1,2
2024-05-01,20140,C1,295.0106,304.8485,Lost quote,1,3
2024-08-01,20140,C1,253.1442,255.6272,Distributor price list,1,28
2024-09-01,20140,C1,237.164,255.6272,Distributor price list,1,45
2024-11-01,20140,C1,248.5161,255.7725,Marketplace scrape,1,11
2025-01-01,20140,C1,246.7037,255.7725,Distributor price list,1,32
2025-02-01,20140,C1,235.5796,244.0777,Marketplace scrape,1,15
2025-05-01,20140,C1,211.803,226.6059,Marketplace scrape,1,33
2025-06-01,20140,C1,200.8071,226.6059,Lost quote,1,2
2025-07-01,20140,C1,201.3534,226.6059,Lost quote,1,6
2025-08-01,20140,C1,206.9372,234.0004,Marketplace scrape,1,17
2025-09-01,20140,C1,204.3759,234.0004,Distributor price list,1,2
2025-10-01,20140,C1,223.0578,234.0004,Marketplace scrape,0,11
2025-11-01,20140,C1,213.3299,233.1273,Distributor price list,0,12
2026-01-01,20140,C1,224.5857,233.1273,Distributor price list,1,12
2026-03-01,20140,C1,197.5457,207.0329,Field report,1,6
2026-04-01,20140,C1,194.3653,207.0329,Marketplace scrape,1,36
2026-06-01,20140,C1,170.8844,182.1906,Field report,1,3
2023-08-01,20140,C4,317.7913,322.2874,Marketplace scrape,1,6
2023-10-01,20140,C4,303.6734,322.2874,Lost quote,1,14
2023-11-01,20140,C4,318.2529,333.658,Marketplace scrape,1,24
2023-12-01,20140,C4,323.2192,333.658,Field report,1,16
2024-01-01,20140,C4,305.4797,333.658,Lost quote,1,41
2024-04-01,20140,C4,299.5025,334.0161,Marketplace scrape,1,5
2024-05-01,20140,C4,271.8477,304.8485,Marketplace scrape,1,14
2024-07-01,20140,C4,270.8547,304.8485,Distributor price list,1,40
2024-08-01,20140,C4,226.803,255.6272,Marketplace scrape,1,4
2024-09-01,20140,C4,220.5572,255.6272,Field report,1,33
2024-10-01,20140,C4,236.5295,255.6272,Distributor price list,1,40
2024-11-01,20140,C4,225.3544,255.7725,Field report,1,24
2024-12-01,20140,C4,223.0675,255.7725,Marketplace scrape,1,1
2025-02-01,20140,C4,215.0237,244.0777,Lost quote,1,24
2025-03-01,20140,C4,213.4587,244.0777,Distributor price list,1,14
2025-04-01,20140,C4,219.4539,244.0777,Lost quote,1,17
2025-05-01,20140,C4,203.8096,226.6059,Lost quote,1,44
2025-06-01,20140,C4,212.5252,226.6059,Marketplace scrape,1,20
2025-07-01,20140,C4,213.4902,226.6059,Marketplace scrape,1,10
2025-08-01,20140,C4,211.5449,234.0004,Marketplace scrape,1,40
2025-10-01,20140,C4,220.0158,234.0004,Field report,1,13
2025-11-01,20140,C4,218.5002,233.1273,Distributor price list,1,32
2025-12-01,20140,C4,231.4936,233.1273,Field report,1,31
2026-01-01,20140,C4,238.168,233.1273,Distributor price list,1,33
2026-05-01,20140,C4,198.2492,182.1906,Field report,1,28
2026-06-01,20140,C4,196.0089,182.1906,Field report,1,41
2023-07-01,20140,C5,370.6389,331.5836,Field report,1,15
2023-08-01,20140,C5,371.7903,322.2874,Field report,1,43
2023-10-01,20140,C5,362.9813,322.2874,Distributor price list,1,4
2023-12-01,20140,C5,377.4355,333.658,Field report,1,19
2024-01-01,20140,C5,355.6281,333.658,Lost quote,1,5
2024-02-01,20140,C5,363.5636,334.0161,Lost quote,1,3
2024-04-01,20140,C5,375.801,334.0161,Field report,1,9
2024-06-01,20140,C5,342.8789,304.8485,Field report,1,26
2024-07-01,20140,C5,360.7161,304.8485,Lost quote,1,32
2024-08-01,20140,C5,298.0265,255.6272,Distributor price list,1,5
2024-09-01,20140,C5,293.188,255.6272,Marketplace scrape,1,4
2025-01-01,20140,C5,283.7813,255.7725,Lost quote,1,17
2025-02-01,20140,C5,274.0579,244.0777,Lost quote,1,8
2025-03-01,20140,C5,273.8979,244.0777,Marketplace scrape,1,1
2025-04-01,20140,C5,280.4541,244.0777,Lost quote,1,33
2025-07-01,20140,C5,257.0247,226.6059,Distributor price list,1,7
2025-08-01,20140,C5,268.2716,234.0004,Lost quote,0,45
2025-09-01,20140,C5,273.968,234.0004,Field report,1,2
2026-01-01,20140,C5,271.2419,233.1273,Lost quote,1,27
2026-04-01,20140,C5,235.7281,207.0329,Field report,1,19
2026-05-01,20140,C5,210.4186,182.1906,Marketplace scrape,1,40
2026-06-01,20140,C5,203.5469,182.1906,Lost quote,1,28
2023-07-01,20141,C3,54.9108,55.3401,Field report,1,2
2023-08-01,20141,C3,55.6779,55.3401,Field report,1,18
2024-01-01,20141,C3,61.4431,53.6226,Distributor price list,1,24
2024-04-01,20141,C3,60.1176,51.8713,Distributor price list,1,13
2024-06-01,20141,C3,56.9957,48.8083,Distributor price list,1,43
2024-07-01,20141,C3,58.0652,48.8083,Marketplace scrape,1,18
2024-08-01,20141,C3,55.0022,48.8083,Field report,1,24
2024-10-01,20141,C3,54.2268,45.4035,Lost quote,1,22
2024-11-01,20141,C3,53.6783,45.4035,Marketplace scrape,1,18
2025-01-01,20141,C3,50.1816,43.5371,Distributor price list,1,2
2025-03-01,20141,C3,48.0753,41.4581,Distributor price list,1,41
2025-06-01,20141,C3,49.9697,40.7804,Lost quote,1,11
2025-07-01,20141,C3,48.3684,40.7804,Distributor price list,0,1
2025-08-01,20141,C3,46.0475,40.7804,Field report,1,11
2025-09-01,20141,C3,47.9959,41.869,Marketplace scrape,1,25
2025-11-01,20141,C3,48.0462,41.869,Distributor price list,1,35
2025-12-01,20141,C3,50.0094,43.9754,Lost quote,1,32
2026-02-01,20141,C3,49.7906,43.9754,Lost quote,1,1
2026-04-01,20141,C3,54.653,47.7078,Distributor price list,1,36
2026-05-01,20141,C3,54.8036,47.7078,Lost quote,1,4
2023-08-01,20141,C4,46.6318,55.3401,Distributor price list,1,3
2023-09-01,20141,C4,48.3613,53.3713,Marketplace scrape,0,22
2023-10-01,20141,C4,47.8969,53.3713,Marketplace scrape,1,43
2023-12-01,20141,C4,47.3642,53.6226,Field report,1,11
2024-01-01,20141,C4,46.5602,53.6226,Distributor price list,1,21
2024-02-01,20141,C4,45.5938,53.6226,Lost quote,1,7
2024-04-01,20141,C4,46.8858,51.8713,Field report,0,23
2024-05-01,20141,C4,48.7276,51.8713,Marketplace scrape,0,20
2024-06-01,20141,C4,43.6192,48.8083,Marketplace scrape,1,14
2024-08-01,20141,C4,45.8948,48.8083,Field report,0,25
2024-12-01,20141,C4,39.174,43.5371,Marketplace scrape,1,25
2025-02-01,20141,C4,40.2996,43.5371,Distributor price list,1,39
2025-04-01,20141,C4,38.8474,41.4581,Marketplace scrape,1,26
2025-05-01,20141,C4,39.7439,41.4581,Field report,0,13
2025-06-01,20141,C4,37.3161,40.7804,Field report,1,31
2025-08-01,20141,C4,38.8362,40.7804,Marketplace scrape,1,37
2025-09-01,20141,C4,39.9644,41.869,Marketplace scrape,1,1
2025-10-01,20141,C4,40.281,41.869,Field report,1,41
2025-12-01,20141,C4,41.5959,43.9754,Lost quote,1,2
2026-01-01,20141,C4,42.7964,43.9754,Lost quote,1,8
2026-03-01,20141,C4,44.9067,47.7078,Lost quote,1,16
2026-06-01,20141,C4,47.1066,48.9453,Distributor price list,1,11
2023-07-01,20142,C1,30.5231,31.1289,Lost quote,1,17
2023-08-01,20142,C1,30.3015,31.1289,Distributor price list,1,25
2023-09-01,20142,C1,26.9713,29.7509,Field report,1,39
2023-10-01,20142,C1,27.6462,29.7509,Marketplace scrape,1,31
2024-03-01,20142,C1,25.9874,29.5888,Distributor price list,1,22
2024-04-01,20142,C1,26.4591,29.5888,Field report,1,4
2024-05-01,20142,C1,26.7024,29.5888,Marketplace scrape,1,31
2024-06-01,20142,C1,27.3627,31.037,Marketplace scrape,1,33
2024-12-01,20142,C1,26.3233,28.5821,Marketplace scrape,1,34
2025-04-01,20142,C1,27.5627,28.6262,Field report,1,33
2025-05-01,20142,C1,26.2382,28.6262,Distributor price list,1,34
2025-06-01,20142,C1,24.7273,27.7794,Field report,1,31
2025-07-01,20142,C1,25.0414,27.7794,Field report,1,15
2025-08-01,20142,C1,24.8536,27.7794,Marketplace scrape,1,9
2025-09-01,20142,C1,26.6846,30.5371,Field report,1,44
2025-11-01,20142,C1,25.9464,30.5371,Distributor price list,1,30
2025-12-01,20142,C1,25.5774,30.9944,Distributor price list,1,1
2026-02-01,20142,C1,24.3148,30.9944,Lost quote,1,6
2026-05-01,20142,C1,27.2171,33.1195,Lost quote,1,27
2026-06-01,20142,C1,24.9291,30.6656,Field report,0,42
2023-07-01,20142,C4,30.5022,31.1289,Field report,1,15
2023-09-01,20142,C4,30.4575,29.7509,Lost quote,1,31
2023-12-01,20142,C4,30.546,29.7377,Distributor price list,1,10
2024-01-01,20142,C4,31.5196,29.7377,Field report,1,24
2024-02-01,20142,C4,30.6428,29.7377,Lost quote,0,1
2024-03-01,20142,C4,29.615,29.5888,Marketplace scrape,1,41
2024-04-01,20142,C4,30.4568,29.5888,Marketplace scrape,1,33
2024-06-01,20142,C4,30.3392,31.037,Distributor price list,1,34
2024-07-01,20142,C4,31.8478,31.037,Marketplace scrape,1,31
2024-08-01,20142,C4,31.16,31.037,Lost quote,1,40
2024-12-01,20142,C4,27.7942,28.5821,Lost quote,1,32
2025-01-01,20142,C4,28.002,28.5821,Field report,1,28
2025-02-01,20142,C4,28.2784,28.5821,Field report,1,28
2025-03-01,20142,C4,27.5447,28.6262,Marketplace scrape,1,3
2025-04-01,20142,C4,27.6478,28.6262,Field report,1,18
2025-05-01,20142,C4,27.5981,28.6262,Field report,1,44
2025-06-01,20142,C4,27.3064,27.7794,Field report,1,23
2025-10-01,20142,C4,30.2813,30.5371,Marketplace scrape,1,5
2025-11-01,20142,C4,31.2031,30.5371,Distributor price list,1,33
2026-02-01,20142,C4,31.0668,30.9944,Field report,1,40
2026-03-01,20142,C4,32.7908,33.1195,Distributor price list,1,11
2026-04-01,20142,C4,31.544,33.1195,Marketplace scrape,1,28
2026-05-01,20142,C4,30.6639,33.1195,Distributor price list,1,12
2026-06-01,20142,C4,29.0745,30.6656,Field report,1,14
2023-07-01,20143,C1,73.567,66.9651,Field report,0,4
2023-08-01,20143,C1,71.6106,66.7058,Field report,1,2
2023-09-01,20143,C1,71.9916,66.7058,Distributor price list,1,9
2023-11-01,20143,C1,72.035,65.515,Marketplace scrape,1,42
2023-12-01,20143,C1,73.997,65.515,Lost quote,1,31
2024-02-01,20143,C1,81.7046,70.1642,Marketplace scrape,1,1
2024-03-01,20143,C1,78.6253,70.1642,Distributor price list,1,4
2024-04-01,20143,C1,77.9584,70.1642,Lost quote,1,15
2024-07-01,20143,C1,70.2372,64.7116,Field report,1,31
2024-11-01,20143,C1,60.604,56.8698,Marketplace scrape,1,19
2024-12-01,20143,C1,63.8128,56.8698,Field report,1,19
2025-01-01,20143,C1,61.8877,56.8698,Marketplace scrape,1,25
2025-04-01,20143,C1,58.9861,56.5462,Field report,1,34
2025-05-01,20143,C1,57.2645,53.3368,Lost quote,1,38
2025-06-01,20143,C1,57.6296,53.3368,Marketplace scrape,0,10
2025-07-01,20143,C1,55.1019,53.3368,Field report,1,42
2025-09-01,20143,C1,50.4113,51.0105,Marketplace scrape,1,17
2025-11-01,20143,C1,55.3932,55.7188,Marketplace scrape,1,44
2025-12-01,20143,C1,55.7737,55.7188,Lost quote,1,25
2026-01-01,20143,C1,53.3135,55.7188,Field report,1,3
2026-04-01,20143,C1,61.4818,62.4548,Marketplace scrape,1,20
2026-05-01,20143,C1,62.6292,61.1792,Marketplace scrape,1,1
2026-06-01,20143,C1,62.489,61.1792,Marketplace scrape,1,43
2023-08-01,20143,C2,64.5713,66.7058,Field report,1,34
2023-09-01,20143,C2,65.4522,66.7058,Lost quote,1,22
2023-11-01,20143,C2,62.1293,65.515,Distributor price list,1,45
2023-12-01,20143,C2,62.2148,65.515,Distributor price list,1,22
2024-01-01,20143,C2,60.4839,65.515,Field report,1,19
2024-02-01,20143,C2,65.5432,70.1642,Distributor price list,1,23
2024-03-01,20143,C2,67.5768,70.1642,Marketplace scrape,1,24
2024-04-01,20143,C2,70.0275,70.1642,Field report,1,4
2024-06-01,20143,C2,64.1185,64.7116,Field report,1,31
2024-07-01,20143,C2,65.2002,64.7116,Lost quote,1,7
2024-08-01,20143,C2,57.3758,58.6139,Distributor price list,1,6
2024-09-01,20143,C2,55.2021,58.6139,Lost quote,1,12
2024-10-01,20143,C2,55.6064,58.6139,Marketplace scrape,1,18
2024-11-01,20143,C2,54.3508,56.8698,Field report,1,42
2024-12-01,20143,C2,54.0547,56.8698,Distributor price list,1,19
2025-05-01,20143,C2,46.0654,53.3368,Distributor price list,1,30
2025-06-01,20143,C2,45.9389,53.3368,Distributor price list,1,21
2025-08-01,20143,C2,43.8121,51.0105,Field report,0,25
2025-09-01,20143,C2,44.0877,51.0105,Field report,1,28
2025-11-01,20143,C2,53.5029,55.7188,Distributor price list,1,5
2025-12-01,20143,C2,53.9476,55.7188,Field report,1,25
2026-01-01,20143,C2,49.6665,55.7188,Marketplace scrape,1,17
2026-02-01,20143,C2,57.9012,62.4548,Field report,1,12
2026-03-01,20143,C2,56.854,62.4548,Field report,1,12
2026-05-01,20143,C2,52.5384,61.1792,Distributor price list,1,6
2023-07-01,20143,C3,84.5747,66.9651,Field report,1,35
2023-08-01,20143,C3,87.0489,66.7058,Marketplace scrape,1,23
2023-10-01,20143,C3,86.3935,66.7058,Marketplace scrape,1,12
2023-11-01,20143,C3,85.2585,65.515,Marketplace scrape,1,10
2023-12-01,20143,C3,81.2872,65.515,Lost quote,1,22
2024-01-01,20143,C3,83.4543,65.515,Distributor price list,1,9
2024-02-01,20143,C3,89.9712,70.1642,Field report,1,19
2024-03-01,20143,C3,87.5652,70.1642,Distributor price list,1,29
2024-05-01,20143,C3,79.3566,64.7116,Distributor price list,1,41
2024-07-01,20143,C3,77.4871,64.7116,Distributor price list,1,9
2024-10-01,20143,C3,69.6131,58.6139,Marketplace scrape,0,38
2025-02-01,20143,C3,69.1375,56.5462,Distributor price list,1,45
2025-03-01,20143,C3,67.1108,56.5462,Lost quote,1,27
2025-06-01,20143,C3,64.6077,53.3368,Field report,1,13
2025-08-01,20143,C3,58.4684,51.0105,Marketplace scrape,1,4
2025-09-01,20143,C3,58.3147,51.0105,Distributor price list,1,38
2025-10-01,20143,C3,58.5326,51.0105,Field report,1,26
2025-12-01,20143,C3,62.3583,55.7188,Marketplace scrape,1,43
2026-01-01,20143,C3,64.4763,55.7188,Marketplace scrape,1,23
2026-02-01,20143,C3,73.649,62.4548,Lost quote,0,6
2026-04-01,20143,C3,72.1697,62.4548,Distributor price list,0,8
2026-05-01,20143,C3,70.8013,61.1792,Lost quote,1,31
2026-06-01,20143,C3,70.6806,61.1792,Marketplace scrape,1,3
2023-07-01,20143,C5,86.6532,66.9651,Marketplace scrape,0,17
2023-09-01,20143,C5,88.9359,66.7058,Field report,1,24
2023-10-01,20143,C5,88.3755,66.7058,Field report,1,28
2023-11-01,20143,C5,84.1503,65.515,Distributor price list,0,7
2024-01-01,20143,C5,89.4483,65.515,Marketplace scrape,1,17
2024-03-01,20143,C5,98.794,70.1642,Lost quote,1,32
2024-04-01,20143,C5,99.9006,70.1642,Marketplace scrape,1,40
2024-06-01,20143,C5,89.6426,64.7116,Lost quote,1,12
2024-07-01,20143,C5,86.5586,64.7116,Marketplace scrape,1,41
2024-08-01,20143,C5,78.0956,58.6139,Lost quote,1,40
2024-09-01,20143,C5,80.7979,58.6139,Marketplace scrape,1,29
2024-11-01,20143,C5,81.4341,56.8698,Marketplace scrape,1,17
2025-01-01,20143,C5,75.6132,56.8698,Distributor price list,1,15
2025-03-01,20143,C5,79.919,56.5462,Field report,1,24
2025-08-01,20143,C5,70.4575,51.0105,Distributor price list,1,23
2025-09-01,20143,C5,71.133,51.0105,Distributor price list,1,7
2025-11-01,20143,C5,82.1255,55.7188,Lost quote,1,26
2026-02-01,20143,C5,92.6856,62.4548,Distributor price list,1,9
2026-05-01,20143,C5,88.2992,61.1792,Marketplace scrape,1,38
2023-07-01,20144,C1,28.6148,29.5184,Marketplace scrape,1,7
2023-08-01,20144,C1,29.8278,30.7578,Distributor price list,1,1
2023-09-01,20144,C1,28.9329,30.7578,Field report,0,39
2023-10-01,20144,C1,29.301,30.7578,Field report,1,10
2023-12-01,20144,C1,29.3909,31.9568,Field report,1,8
2024-02-01,20144,C1,28.8736,32.6309,Field report,1,18
2024-03-01,20144,C1,29.3311,32.6309,Field report,1,23
2024-05-01,20144,C1,27.4027,31.4552,Field report,1,23
2024-06-01,20144,C1,27.7104,31.4552,Field report,1,43
2024-08-01,20144,C1,24.6067,28.8943,Marketplace scrape,1,24
2024-09-01,20144,C1,24.5943,28.8943,Marketplace scrape,1,37
2024-10-01,20144,C1,24.7475,28.8943,Marketplace scrape,1,2
2024-11-01,20144,C1,26.7545,30.9157,Distributor price list,1,39
2024-12-01,20144,C1,24.3245,30.9157,Lost quote,1,35
2025-01-01,20144,C1,25.3245,30.9157,Distributor price list,1,19
2025-03-01,20144,C1,21.9837,26.6408,Field report,1,17
2025-04-01,20144,C1,20.6212,26.6408,Lost quote,1,36
2025-08-01,20144,C1,19.9358,24.4329,Distributor price list,1,45
2025-10-01,20144,C1,19.6744,24.4329,Field report,1,8
2025-11-01,20144,C1,18.9734,22.8454,Marketplace scrape,1,11
2025-12-01,20144,C1,18.0281,22.8454,Distributor price list,1,15
2026-02-01,20144,C1,20.8794,26.0456,Marketplace scrape,1,20
2026-03-01,20144,C1,20.8618,26.0456,Lost quote,0,40
2026-04-01,20144,C1,22.0345,26.0456,Lost quote,1,3
2023-10-01,20144,C4,29.4574,30.7578,Lost quote,1,30
2023-11-01,20144,C4,28.4247,31.9568,Marketplace scrape,0,16
2023-12-01,20144,C4,29.1091,31.9568,Lost quote,1,14
2024-01-01,20144,C4,30.7933,31.9568,Field report,1,34
2024-02-01,20144,C4,29.7497,32.6309,Field report,1,6
2024-03-01,20144,C4,29.794,32.6309,Distributor price list,0,15
2024-04-01,20144,C4,30.5397,32.6309,Lost quote,1,23
2024-06-01,20144,C4,30.1182,31.4552,Marketplace scrape,1,20
2024-09-01,20144,C4,27.0195,28.8943,Lost quote,1,39
2024-11-01,20144,C4,29.799,30.9157,Lost quote,1,5
2024-12-01,20144,C4,28.8584,30.9157,Field report,1,34
2025-01-01,20144,C4,29.8048,30.9157,Lost quote,1,13
2025-02-01,20144,C4,26.2246,26.6408,Field report,1,14
2025-03-01,20144,C4,26.7083,26.6408,Distributor price list,1,3
2025-04-01,20144,C4,25.4647,26.6408,Distributor price list,1,28
2025-05-01,20144,C4,22.6887,23.8902,Lost quote,1,30
2025-07-01,20144,C4,24.8818,23.8902,Field report,1,8
2025-08-01,20144,C4,23.9806,24.4329,Field report,1,22
2025-09-01,20144,C4,23.9862,24.4329,Distributor price list,1,8
2025-10-01,20144,C4,23.7133,24.4329,Marketplace scrape,1,6
2025-11-01,20144,C4,21.8736,22.8454,Distributor price list,1,5
2026-02-01,20144,C4,24.1922,26.0456,Marketplace scrape,1,26
2023-09-01,20145,C1,15.3278,15.7244,Distributor price list,1,40
2023-11-01,20145,C1,14.6259,15.3185,Field report,1,30
2023-12-01,20145,C1,14.6939,15.3185,Field report,1,25
2024-01-01,20145,C1,13.9356,15.3185,Marketplace scrape,1,32
2024-02-01,20145,C1,13.2643,14.3843,Lost quote,1,36
2024-03-01,20145,C1,14.1547,14.3843,Lost quote,1,42
2024-04-01,20145,C1,13.8615,14.3843,Field report,1,43
2024-08-01,20145,C1,15.4784,14.9289,Distributor price list,1,15
2024-09-01,20145,C1,15.1532,14.9289,Lost quote,1,11
2024-10-01,20145,C1,15.3398,14.9289,Field report,1,36
2024-11-01,20145,C1,15.8641,15.3748,Marketplace scrape,1,28
2025-03-01,20145,C1,17.6996,16.7682,Marketplace scrape,1,2
2025-05-01,20145,C1,17.8647,17.153,Distributor price list,1,14
2025-09-01,20145,C1,19.4432,18.2357,Marketplace scrape,1,22
2025-10-01,20145,C1,19.841,18.2357,Marketplace scrape,1,7
2026-03-01,20145,C1,19.1252,18.7392,Marketplace scrape,0,35
2026-05-01,20145,C1,19.5716,19.6128,Marketplace scrape,1,6
2026-06-01,20145,C1,19.9196,19.6128,Distributor price list,1,37
2023-08-01,20145,C3,18.8102,15.7244,Distributor price list,1,34
2023-09-01,20145,C3,18.4746,15.7244,Distributor price list,1,24
2023-11-01,20145,C3,18.106,15.3185,Distributor price list,1,22
2023-12-01,20145,C3,19.392,15.3185,Distributor price list,1,41
2024-01-01,20145,C3,19.2249,15.3185,Lost quote,1,44
2024-03-01,20145,C3,18.4293,14.3843,Lost quote,1,9
2024-04-01,20145,C3,18.4446,14.3843,Lost quote,1,2
2024-06-01,20145,C3,17.7949,14.4227,Field report,1,35
2024-09-01,20145,C3,17.9479,14.9289,Distributor price list,1,45
2025-01-01,20145,C3,19.4283,15.3748,Lost quote,0,16
2025-05-01,20145,C3,22.728,17.153,Field report,1,38
2025-07-01,20145,C3,23.3048,17.153,Distributor price list,1,6
2025-08-01,20145,C3,24.3056,18.2357,Distributor price list,1,23
2025-09-01,20145,C3,24.9627,18.2357,Lost quote,1,6
2025-10-01,20145,C3,24.2626,18.2357,Field report,1,26
2025-12-01,20145,C3,23.9022,18.241,Lost quote,1,25
2026-04-01,20145,C3,23.7715,18.7392,Marketplace scrape,1,39
2026-06-01,20145,C3,23.7243,19.6128,Lost quote,1,10
2023-07-01,20146,C1,18.6141,18.2817,Marketplace scrape,1,15
2023-08-01,20146,C1,18.9794,18.2817,Distributor price list,1,38
2023-10-01,20146,C1,18.1006,17.6399,Marketplace scrape,1,4
2023-11-01,20146,C1,18.3232,17.6399,Field report,1,2
2023-12-01,20146,C1,17.793,17.6399,Distributor price list,0,43
2024-02-01,20146,C1,17.9192,17.6399,Lost quote,1,27
2024-05-01,20146,C1,17.0481,17.6399,Marketplace scrape,1,8
2024-08-01,20146,C1,16.4069,17.6399,Lost quote,0,18
2024-10-01,20146,C1,17.0529,17.6399,Lost quote,1,40
2024-11-01,20146,C1,16.8626,17.6399,Marketplace scrape,1,7
2024-12-01,20146,C1,16.7553,17.6399,Distributor price list,1,21
2025-01-01,20146,C1,16.8337,17.6399,Distributor price list,1,2
2025-03-01,20146,C1,16.9297,17.6399,Lost quote,1,36
2025-04-01,20146,C1,17.5443,17.6399,Distributor price list,1,37
2025-05-01,20146,C1,17.5312,17.6399,Marketplace scrape,1,13
2025-06-01,20146,C1,18.2323,17.6399,Marketplace scrape,1,13
2025-07-01,20146,C1,18.5303,17.6399,Field report,1,31
2025-10-01,20146,C1,17.4902,17.6399,Distributor price list,1,5
2025-11-01,20146,C1,18.0304,17.6399,Marketplace scrape,1,34
2026-01-01,20146,C1,18.3343,17.6399,Field report,1,14
2026-03-01,20146,C1,18.6352,17.6399,Distributor price list,1,4
2026-05-01,20146,C1,18.5372,17.6399,Marketplace scrape,1,1
2026-06-01,20146,C1,19.4445,17.6399,Distributor price list,0,21
2023-08-01,20146,C2,16.8683,18.2817,Lost quote,1,27
2023-09-01,20146,C2,16.5766,17.6399,Field report,1,6
2023-11-01,20146,C2,16.2533,17.6399,Distributor price list,1,5
2024-01-01,20146,C2,15.6606,17.6399,Distributor price list,1,22
2024-03-01,20146,C2,15.5301,17.6399,Distributor price list,1,40
2024-04-01,20146,C2,15.3337,17.6399,Distributor price list,1,27
2024-05-01,20146,C2,15.5208,17.6399,Marketplace scrape,1,38
2024-09-01,20146,C2,15.8554,17.6399,Distributor price list,1,16
2024-11-01,20146,C2,15.5009,17.6399,Distributor price list,1,34
2025-01-01,20146,C2,15.8483,17.6399,Distributor price list,0,31
2025-02-01,20146,C2,16.7214,17.6399,Field report,1,41
2025-03-01,20146,C2,16.1911,17.6399,Marketplace scrape,1,42
2025-04-01,20146,C2,16.1385,17.6399,Lost quote,1,28
2025-06-01,20146,C2,16.6326,17.6399,Distributor price list,1,43
2025-07-01,20146,C2,16.9374,17.6399,Lost quote,1,23
2025-09-01,20146,C2,16.7487,17.6399,Marketplace scrape,1,8
2025-10-01,20146,C2,17.2308,17.6399,Field report,1,42
2026-03-01,20146,C2,17.8668,17.6399,Distributor price list,1,45
2026-04-01,20146,C2,17.8929,17.6399,Field report,1,17
2026-05-01,20146,C2,16.84,17.6399,Field report,1,16
2026-06-01,20146,C2,16.7902,17.6399,Lost quote,1,42
2023-07-01,20146,C3,22.5131,18.2817,Lost quote,1,45
2023-08-01,20146,C3,21.9901,18.2817,Lost quote,0,34
2023-10-01,20146,C3,21.2149,17.6399,Field report,1,2
2023-11-01,20146,C3,20.3828,17.6399,Lost quote,1,34
2023-12-01,20146,C3,20.5119,17.6399,Marketplace scrape,1,10
2024-01-01,20146,C3,20.6651,17.6399,Marketplace scrape,1,24
2024-07-01,20146,C3,20.4989,17.6399,Marketplace scrape,1,31
2024-08-01,20146,C3,20.7572,17.6399,Marketplace scrape,1,45
2024-10-01,20146,C3,21.2854,17.6399,Marketplace scrape,1,37
2025-02-01,20146,C3,22.2906,17.6399,Field report,1,43
2025-03-01,20146,C3,21.3937,17.6399,Distributor price list,1,29
2025-05-01,20146,C3,22.6452,17.6399,Field report,1,24
2025-07-01,20146,C3,22.3211,17.6399,Distributor price list,1,43
2025-09-01,20146,C3,23.0343,17.6399,Marketplace scrape,0,44
2025-12-01,20146,C3,23.0694,17.6399,Marketplace scrape,1,42
2026-01-01,20146,C3,22.7067,17.6399,Field report,1,7
2026-02-01,20146,C3,22.1531,17.6399,Marketplace scrape,1,20
2026-03-01,20146,C3,21.8726,17.6399,Field report,0,5
2026-04-01,20146,C3,21.594,17.6399,Lost quote,1,28
2026-05-01,20146,C3,22.604,17.6399,Marketplace scrape,1,9
2026-06-01,20146,C3,23.63,17.6399,Distributor price list,1,8
2023-07-01,20146,C5,22.0065,18.2817,Distributor price list,1,4
2023-09-01,20146,C5,20.6682,17.6399,Lost quote,1,40
2023-11-01,20146,C5,21.4583,17.6399,Lost quote,1,9
2023-12-01,20146,C5,21.3472,17.6399,Marketplace scrape,1,22
2024-04-01,20146,C5,21.3474,17.6399,Distributor price list,1,26
2024-06-01,20146,C5,21.3982,17.6399,Distributor price list,1,31
2024-09-01,20146,C5,22.146,17.6399,Marketplace scrape,1,24
2024-10-01,20146,C5,21.9952,17.6399,Marketplace scrape,0,43
2024-11-01,20146,C5,23.803,17.6399,Marketplace scrape,1,8
2025-03-01,20146,C5,23.0647,17.6399,Marketplace scrape,0,31
2025-05-01,20146,C5,23.7054,17.6399,Distributor price list,1,39
2025-08-01,20146,C5,23.5508,17.6399,Lost quote,1,17
2025-09-01,20146,C5,23.3552,17.6399,Marketplace scrape,1,29
2025-10-01,20146,C5,22.7138,17.6399,Field report,1,12
2025-11-01,20146,C5,23.6037,17.6399,Marketplace scrape,1,18
2025-12-01,20146,C5,23.0338,17.6399,Field report,1,13
2026-01-01,20146,C5,23.1044,17.6399,Lost quote,1,44
2026-03-01,20146,C5,23.1965,17.6399,Marketplace scrape,1,26
2026-04-01,20146,C5,23.2135,17.6399,Lost quote,1,13
2026-05-01,20146,C5,23.2639,17.6399,Field report,1,22
2023-07-01,20147,C2,27.3575,26.9603,Field report,1,14
2023-08-01,20147,C2,28.9925,28.9042,Lost quote,1,41
2023-09-01,20147,C2,28.8046,28.9042,Distributor price list,1,1
2023-10-01,20147,C2,29.6331,28.9042,Field report,1,11
2023-12-01,20147,C2,30.2324,29.9995,Lost quote,1,7
2024-02-01,20147,C2,29.4735,29.3234,Marketplace scrape,1,23
2024-03-01,20147,C2,29.8692,29.3234,Marketplace scrape,1,36
2024-05-01,20147,C2,30.3184,30.8183,Lost quote,1,1
2024-06-01,20147,C2,31.4368,30.8183,Field report,1,21
2024-07-01,20147,C2,31.5037,30.8183,Marketplace scrape,1,40
2024-08-01,20147,C2,33.5154,32.2606,Field report,1,6
2025-04-01,20147,C2,28.6866,29.3147,Distributor price list,1,14
2025-05-01,20147,C2,27.6385,28.5919,Field report,1,37
2025-06-01,20147,C2,27.7555,28.5919,Lost quote,1,44
2025-07-01,20147,C2,26.8311,28.5919,Marketplace scrape,1,9
2025-10-01,20147,C2,30.313,31.1649,Lost quote,1,21
2025-11-01,20147,C2,30.173,30.5352,Field report,1,29
2026-01-01,20147,C2,27.9401,30.5352,Marketplace scrape,1,28
2026-02-01,20147,C2,29.762,30.757,Marketplace scrape,1,24
2026-03-01,20147,C2,29.122,30.757,Lost quote,1,42
2026-06-01,20147,C2,29.4134,30.7308,Marketplace scrape,1,24
2023-07-01,20147,C3,34.6225,26.9603,Lost quote,1,39
2023-08-01,20147,C3,38.1835,28.9042,Distributor price list,1,2
2023-10-01,20147,C3,35.6993,28.9042,Distributor price list,1,21
2023-11-01,20147,C3,37.6506,29.9995,Distributor price list,1,13
2024-03-01,20147,C3,36.6111,29.3234,Lost quote,1,26
2024-05-01,20147,C3,40.0398,30.8183,Distributor price list,1,4
2024-10-01,20147,C3,42.2169,32.2606,Lost quote,1,37
2024-11-01,20147,C3,39.6378,31.6961,Distributor price list,1,30
2024-12-01,20147,C3,42.3688,31.6961,Field report,1,36
2025-03-01,20147,C3,38.5301,29.3147,Lost quote,1,38
2025-05-01,20147,C3,35.6074,28.5919,Marketplace scrape,1,13
2025-06-01,20147,C3,37.9011,28.5919,Distributor price list,1,35
2025-07-01,20147,C3,36.6812,28.5919,Marketplace scrape,0,23
2025-08-01,20147,C3,40.9393,31.1649,Distributor price list,1,7
2025-09-01,20147,C3,43.0627,31.1649,Distributor price list,1,21
2025-10-01,20147,C3,43.476,31.1649,Distributor price list,1,12
2025-11-01,20147,C3,41.2241,30.5352,Field report,1,14
2025-12-01,20147,C3,40.7051,30.5352,Lost quote,1,42
2026-01-01,20147,C3,40.7972,30.5352,Field report,1,32
2026-02-01,20147,C3,39.9618,30.757,Lost quote,1,8
2026-04-01,20147,C3,40.0199,30.757,Marketplace scrape,1,12
2026-06-01,20147,C3,40.2698,30.7308,Marketplace scrape,1,20
2023-07-01,20148,C2,66.3706,67.3491,Lost quote,1,30
2023-08-01,20148,C2,66.4198,67.3491,Marketplace scrape,1,28
2023-11-01,20148,C2,69.7522,67.3491,Marketplace scrape,1,2
2024-01-01,20148,C2,70.1585,67.3491,Marketplace scrape,1,35
2024-03-01,20148,C2,70.1319,67.3491,Distributor price list,1,34
2024-05-01,20148,C2,69.8138,67.3491,Lost quote,0,37
2024-06-01,20148,C2,71.4547,67.3491,Distributor price list,1,1
2024-07-01,20148,C2,69.1539,67.3491,Marketplace scrape,1,36
2024-08-01,20148,C2,71.4137,67.3491,Field report,1,30
2024-10-01,20148,C2,69.926,67.3491,Distributor price list,1,22
2024-11-01,20148,C2,69.5257,67.3491,Distributor price list,1,6
2024-12-01,20148,C2,68.5372,67.3491,Distributor price list,1,1
2025-01-01,20148,C2,68.8637,67.3491,Marketplace scrape,1,12
2025-02-01,20148,C2,67.0526,67.3491,Field report,1,4
2025-03-01,20148,C2,66.1119,67.3491,Marketplace scrape,1,19
2025-04-01,20148,C2,66.9575,67.3491,Marketplace scrape,1,1
2025-05-01,20148,C2,68.9492,67.3491,Lost quote,1,4
2025-07-01,20148,C2,68.6159,67.3491,Lost quote,0,9
2025-08-01,20148,C2,67.1897,67.3491,Field report,1,41
2025-09-01,20148,C2,67.9953,67.3491,Field report,1,19
2025-12-01,20148,C2,71.3765,67.3491,Marketplace scrape,1,14
2026-01-01,20148,C2,69.1697,67.3491,Distributor price list,0,3
2026-02-01,20148,C2,69.8586,67.3491,Distributor price list,1,39
2026-03-01,20148,C2,71.1629,67.3491,Distributor price list,0,23
2023-10-01,20148,C4,72.6178,67.3491,Field report,1,33
2023-11-01,20148,C4,73.9662,67.3491,Distributor price list,1,27
2024-01-01,20148,C4,72.815,67.3491,Marketplace scrape,1,33
2024-03-01,20148,C4,70.1196,67.3491,Marketplace scrape,1,33
2024-04-01,20148,C4,70.0692,67.3491,Lost quote,1,24
2024-05-01,20148,C4,69.0954,67.3491,Marketplace scrape,1,5
2024-07-01,20148,C4,70.962,67.3491,Marketplace scrape,0,19
2024-08-01,20148,C4,69.5518,67.3491,Lost quote,1,17
2024-09-01,20148,C4,69.1255,67.3491,Field report,1,3
2024-11-01,20148,C4,69.9903,67.3491,Lost quote,1,20
2025-01-01,20148,C4,73.3549,67.3491,Distributor price list,1,16
2025-02-01,20148,C4,77.7107,67.3491,Lost quote,1,13
2025-03-01,20148,C4,75.8965,67.3491,Field report,1,1
2025-05-01,20148,C4,77.5985,67.3491,Field report,1,33
2025-08-01,20148,C4,78.8885,67.3491,Field report,1,41
2025-10-01,20148,C4,77.4567,67.3491,Distributor price list,0,21
2025-12-01,20148,C4,83.629,67.3491,Lost quote,1,25
2026-04-01,20148,C4,75.3024,67.3491,Distributor price list,1,26
2026-06-01,20148,C4,75.4424,67.3491,Distributor price list,1,38
2023-07-01,20149,C2,43.3368,52.9775,Distributor price list,1,12
2023-08-01,20149,C2,43.1077,52.9775,Lost quote,1,32
2023-11-01,20149,C2,42.2841,52.9775,Marketplace scrape,1,39
2023-12-01,20149,C2,43.5647,52.9775,Distributor price list,1,13
2024-01-01,20149,C2,42.1937,53.2555,Field report,0,24
2024-02-01,20149,C2,42.8397,53.2555,Lost quote,1,33
2024-03-01,20149,C2,43.219,53.2555,Distributor price list,1,43
2024-05-01,20149,C2,44.2501,53.2555,Field report,1,12
2024-07-01,20149,C2,50.0364,64.0142,Distributor price list,1,7
2024-09-01,20149,C2,54.9187,64.0142,Lost quote,1,13
2024-10-01,20149,C2,53.4547,64.0142,Marketplace scrape,1,35
2024-11-01,20149,C2,56.0758,64.0142,Distributor price list,1,9
2025-02-01,20149,C2,52.3079,64.1297,Field report,1,8
2025-03-01,20149,C2,52.8141,64.1297,Distributor price list,1,19
2025-04-01,20149,C2,52.1126,64.1297,Marketplace scrape,1,25
2025-05-01,20149,C2,52.1481,64.1297,Field report,1,40
2025-07-01,20149,C2,53.7689,64.8486,Field report,0,30
2025-08-01,20149,C2,55.4356,64.8486,Marketplace scrape,1,19
2025-10-01,20149,C2,55.5005,64.8486,Marketplace scrape,1,13
2026-03-01,20149,C2,54.5071,66.6754,Lost quote,1,7
2026-06-01,20149,C2,51.629,66.6754,Distributor price list,1,17
2023-07-01,20149,C4,44.3801,52.9775,Lost quote,0,31
2023-09-01,20149,C4,45.8003,52.9775,Marketplace scrape,1,9
2023-10-01,20149,C4,45.1837,52.9775,Marketplace scrape,1,21
2023-11-01,20149,C4,44.3688,52.9775,Distributor price list,1,39
2023-12-01,20149,C4,45.5323,52.9775,Field report,1,40
2024-02-01,20149,C4,45.4398,53.2555,Lost quote,0,13
2024-03-01,20149,C4,44.3694,53.2555,Lost quote,1,13
2024-04-01,20149,C4,46.6415,53.2555,Distributor price list,1,41
2024-07-01,20149,C4,51.4765,64.0142,Distributor price list,1,11
2024-09-01,20149,C4,53.3117,64.0142,Distributor price list,1,35
2024-11-01,20149,C4,55.4497,64.0142,Marketplace scrape,1,26
2025-01-01,20149,C4,54.8179,64.1297,Lost quote,1,40
2025-02-01,20149,C4,51.2052,64.1297,Field report,1,35
2025-05-01,20149,C4,51.993,64.1297,Marketplace scrape,1,28
2025-06-01,20149,C4,51.2798,64.1297,Distributor price list,1,41
2025-07-01,20149,C4,53.3036,64.8486,Field report,1,42
2025-09-01,20149,C4,54.0979,64.8486,Lost quote,1,32
2025-10-01,20149,C4,55.2547,64.8486,Marketplace scrape,0,15
2025-11-01,20149,C4,53.0195,64.8486,Field report,1,7
2025-12-01,20149,C4,54.8975,64.8486,Lost quote,0,3
2026-01-01,20149,C4,54.6394,66.6754,Marketplace scrape,1,35
2026-02-01,20149,C4,56.8949,66.6754,Field report,1,18
2026-04-01,20149,C4,53.4094,66.6754,Marketplace scrape,1,13
2026-05-01,20149,C4,55.7118,66.6754,Field report,1,40
2026-06-01,20149,C4,55.3403,66.6754,Marketplace scrape,1,11
2023-07-01,20150,C1,26.3156,23.9768,Field report,1,36
2023-08-01,20150,C1,25.6106,23.9768,Field report,1,27
2023-10-01,20150,C1,24.4789,22.6588,Field report,0,14
2023-11-01,20150,C1,23.8035,22.6588,Field report,1,7
2023-12-01,20150,C1,24.5543,22.6588,Distributor price list,0,4
2024-01-01,20150,C1,24.244,22.6588,Distributor price list,1,33
2024-03-01,20150,C1,26.4743,24.4719,Marketplace scrape,1,38
2024-05-01,20150,C1,26.4957,24.4719,Distributor price list,1,17
2024-08-01,20150,C1,26.0081,24.4719,Distributor price list,1,17
2024-09-01,20150,C1,27.8383,26.4508,Lost quote,1,5
2024-10-01,20150,C1,26.8542,26.4508,Marketplace scrape,1,28
2025-03-01,20150,C1,23.8753,25.486,Field report,1,30
2025-04-01,20150,C1,24.0685,25.486,Field report,1,24
2025-05-01,20150,C1,24.2833,25.486,Marketplace scrape,1,44
2025-06-01,20150,C1,23.914,25.486,Field report,0,36
2025-08-01,20150,C1,23.8646,25.486,Marketplace scrape,1,1
2025-10-01,20150,C1,20.517,22.8638,Distributor price list,1,28
2025-11-01,20150,C1,20.4866,22.8638,Field report,0,26
2025-12-01,20150,C1,20.8249,22.8638,Lost quote,1,39
2026-02-01,20150,C1,20.6167,22.8638,Distributor price list,1,36
2026-03-01,20150,C1,20.9113,23.3572,Lost quote,1,23
2026-04-01,20150,C1,21.4924,23.3572,Field report,1,9
2026-05-01,20150,C1,21.372,23.3572,Marketplace scrape,1,25
2023-08-01,20151,C2,14.144,16.1498,Lost quote,1,34
2023-09-01,20151,C2,13.5776,16.1498,Marketplace scrape,1,26
2023-10-01,20151,C2,13.7765,16.1498,Distributor price list,1,3
2023-11-01,20151,C2,13.127,16.8103,Marketplace scrape,1,44
2024-01-01,20151,C2,13.1238,16.8103,Field report,1,32
2024-03-01,20151,C2,14.2975,18.3294,Field report,1,26
2024-04-01,20151,C2,13.9792,18.3294,Distributor price list,1,9
2024-05-01,20151,C2,13.3384,17.4083,Field report,1,40
2024-06-01,20151,C2,13.4841,17.4083,Field report,1,13
2024-07-01,20151,C2,13.2577,17.4083,Lost quote,0,26
2024-09-01,20151,C2,12.6225,16.912,Distributor price list,1,18
2024-10-01,20151,C2,12.8946,16.912,Distributor price list,1,9
2024-11-01,20151,C2,12.1899,16.2685,Distributor price list,1,19
2024-12-01,20151,C2,12.5432,16.2685,Marketplace scrape,0,39
2025-01-01,20151,C2,12.0471,16.2685,Field report,1,40
2025-02-01,20151,C2,12.4986,16.4553,Marketplace scrape,1,6
2025-03-01,20151,C2,12.3519,16.4553,Distributor price list,1,45
2025-04-01,20151,C2,12.3349,16.4553,Marketplace scrape,1,34
2025-05-01,20151,C2,12.7182,17.2128,Distributor price list,1,9
2025-09-01,20151,C2,13.0027,17.1171,Field report,1,11
2025-10-01,20151,C2,13.0772,17.1171,Lost quote,1,45
2025-12-01,20151,C2,13.1371,16.305,Field report,1,33
2026-01-01,20151,C2,12.5313,16.305,Field report,1,37
2026-02-01,20151,C2,14.2236,17.7908,Field report,1,29
2026-03-01,20151,C2,14.3472,17.7908,Marketplace scrape,1,3
2026-04-01,20151,C2,13.832,17.7908,Lost quote,1,27
2026-06-01,20151,C2,12.9539,16.2665,Marketplace scrape,1,39
2023-07-01,20151,C3,17.2095,16.9991,Lost quote,1,27
2023-08-01,20151,C3,17.007,16.1498,Lost quote,1,32
2023-11-01,20151,C3,17.0675,16.8103,Marketplace scrape,1,11
2024-01-01,20151,C3,16.8996,16.8103,Marketplace scrape,1,4
2024-02-01,20151,C3,18.1577,18.3294,Marketplace scrape,1,19
2024-04-01,20151,C3,19.2718,18.3294,Lost quote,1,27
2024-05-01,20151,C3,17.4431,17.4083,Field report,1,7
2024-07-01,20151,C3,18.2317,17.4083,Marketplace scrape,1,24
2024-08-01,20151,C3,17.0779,16.912,Distributor price list,1,7
2024-10-01,20151,C3,17.8188,16.912,Field report,1,34
2024-11-01,20151,C3,17.5723,16.2685,Distributor price list,1,35
2025-01-01,20151,C3,17.1051,16.2685,Marketplace scrape,1,43
2025-02-01,20151,C3,17.7037,16.4553,Field report,1,29
2025-03-01,20151,C3,18.171,16.4553,Marketplace scrape,1,11
2025-05-01,20151,C3,18.3408,17.2128,Lost quote,0,9
2025-07-01,20151,C3,18.426,17.2128,Lost quote,1,17
2025-08-01,20151,C3,17.5557,17.1171,Field report,1,17
2025-11-01,20151,C3,16.6625,16.305,Distributor price list,1,18
2025-12-01,20151,C3,16.5163,16.305,Distributor price list,1,39
2026-01-01,20151,C3,16.9522,16.305,Lost quote,1,36
2026-02-01,20151,C3,18.8484,17.7908,Marketplace scrape,1,33
2026-03-01,20151,C3,18.6866,17.7908,Lost quote,1,28
2026-05-01,20151,C3,16.5148,16.2665,Marketplace scrape,1,7
2026-06-01,20151,C3,16.1637,16.2665,Field report,1,18
2023-07-01,20151,C5,18.7346,16.9991,Marketplace scrape,1,40
2023-08-01,20151,C5,17.2339,16.1498,Field report,0,29
2023-09-01,20151,C5,16.1881,16.1498,Marketplace scrape,1,26
2023-10-01,20151,C5,17.0034,16.1498,Distributor price list,1,24
2023-12-01,20151,C5,16.4122,16.8103,Field report,1,6
2024-01-01,20151,C5,17.0677,16.8103,Distributor price list,1,30
2024-02-01,20151,C5,17.6502,18.3294,Field report,1,24
2024-03-01,20151,C5,17.651,18.3294,Field report,1,22
2024-06-01,20151,C5,16.8942,17.4083,Distributor price list,1,13
2024-07-01,20151,C5,16.3357,17.4083,Marketplace scrape,1,31
2024-09-01,20151,C5,16.09,16.912,Marketplace scrape,1,21
2024-10-01,20151,C5,14.917,16.912,Lost quote,1,12
2024-11-01,20151,C5,14.7131,16.2685,Distributor price list,1,28
2025-01-01,20151,C5,15.0558,16.2685,Marketplace scrape,1,38
2025-02-01,20151,C5,15.1985,16.4553,Marketplace scrape,1,34
2025-03-01,20151,C5,14.6814,16.4553,Marketplace scrape,1,4
2025-05-01,20151,C5,15.3,17.2128,Marketplace scrape,1,10
2025-06-01,20151,C5,15.5462,17.2128,Field report,1,14
2025-11-01,20151,C5,15.1742,16.305,Distributor price list,1,30
2025-12-01,20151,C5,15.0482,16.305,Marketplace scrape,1,25
2026-03-01,20151,C5,15.7282,17.7908,Distributor price list,1,20
2026-05-01,20151,C5,14.8718,16.2665,Lost quote,1,38
2023-07-01,20152,C1,19.0863,21.68,Lost quote,1,35
2023-08-01,20152,C1,17.91,20.423,Marketplace scrape,1,40
2023-12-01,20152,C1,17.2278,20.423,Marketplace scrape,1,34
2024-02-01,20152,C1,18.0012,20.2112,Lost quote,1,44
2024-05-01,20152,C1,16.3118,20.2112,Marketplace scrape,1,18
2024-06-01,20152,C1,16.2499,20.2112,Distributor price list,1,23
2024-08-01,20152,C1,17.2178,20.8043,Lost quote,1,18
2024-09-01,20152,C1,17.0554,20.8043,Distributor price list,1,37
2024-10-01,20152,C1,16.9506,20.8043,Distributor price list,1,5
2024-12-01,20152,C1,17.4009,20.8043,Lost quote,1,38
2025-03-01,20152,C1,17.2201,22.0447,Distributor price list,1,2
2025-05-01,20152,C1,17.4853,22.0447,Field report,1,10
2025-08-01,20152,C1,19.3825,23.2431,Lost quote,1,20
2025-09-01,20152,C1,18.8694,23.2431,Marketplace scrape,1,43
2025-10-01,20152,C1,18.8763,23.2431,Distributor price list,1,38
2025-11-01,20152,C1,19.5618,23.2431,Field report,1,18
2025-12-01,20152,C1,19.9705,23.2431,Field report,1,5
2026-01-01,20152,C1,20.4114,23.2431,Lost quote,1,1
2026-02-01,20152,C1,19.5986,22.6466,Marketplace scrape,1,45
2026-03-01,20152,C1,19.6557,22.6466,Field report,1,16
2026-04-01,20152,C1,20.1137,22.6466,Marketplace scrape,1,18
2026-06-01,20152,C1,21.0105,22.6466,Distributor price list,1,34
2023-07-01,20153,C1,28.6502,24.5423,Marketplace scrape,1,14
2023-08-01,20153,C1,28.8878,24.5423,Field report,1,1
2023-11-01,20153,C1,30.954,26.0017,Field report,1,12
2023-12-01,20153,C1,30.6899,26.0017,Field report,0,8
2024-02-01,20153,C1,31.5248,25.9232,Field report,1,27
2024-05-01,20153,C1,27.33,23.6342,Marketplace scrape,1,24
2024-06-01,20153,C1,27.361,23.6342,Marketplace scrape,0,6
2024-07-01,20153,C1,27.549,24.4464,Field report,1,29
2024-09-01,20153,C1,28.4321,24.4464,Distributor price list,1,22
2024-10-01,20153,C1,27.753,24.8267,Lost quote,1,34
2024-12-01,20153,C1,27.3945,24.8267,Field report,1,18
2025-01-01,20153,C1,26.7502,24.8177,Lost quote,1,36
2025-03-01,20153,C1,27.1904,24.8177,Marketplace scrape,1,7
2025-04-01,20153,C1,27.5767,24.0746,Field report,1,2
2025-05-01,20153,C1,26.5268,24.0746,Distributor price list,1,11
2025-06-01,20153,C1,26.0713,24.0746,Marketplace scrape,1,30
2025-07-01,20153,C1,27.2801,24.721,Field report,1,40
2025-09-01,20153,C1,27.7113,24.721,Field report,1,32
2025-10-01,20153,C1,28.0621,24.9902,Lost quote,1,19
2025-11-01,20153,C1,27.792,24.9902,Marketplace scrape,1,43
2025-12-01,20153,C1,28.6353,24.9902,Field report,1,33
2026-01-01,20153,C1,28.5792,25.2388,Lost quote,1,29
2026-02-01,20153,C1,28.0014,25.2388,Distributor price list,1,31
2026-03-01,20153,C1,28.5548,25.2388,Lost quote,1,24
2026-04-01,20153,C1,26.786,24.6041,Lost quote,1,19
2023-07-01,20153,C2,25.0342,24.5423,Marketplace scrape,0,3
2023-08-01,20153,C2,25.2027,24.5423,Marketplace scrape,1,12
2023-09-01,20153,C2,24.4171,24.5423,Lost quote,0,30
2023-10-01,20153,C2,25.7827,26.0017,Distributor price list,1,43
2023-11-01,20153,C2,26.3113,26.0017,Field report,1,17
2023-12-01,20153,C2,25.8581,26.0017,Lost quote,1,41
2024-04-01,20153,C2,24.5386,23.6342,Field report,1,33
2024-06-01,20153,C2,25.976,23.6342,Distributor price list,1,18
2024-07-01,20153,C2,25.769,24.4464,Lost quote,1,3
2024-08-01,20153,C2,26.6313,24.4464,Marketplace scrape,1,14
2024-09-01,20153,C2,26.1442,24.4464,Lost quote,1,17
2024-10-01,20153,C2,27.3683,24.8267,Field report,1,19
2024-11-01,20153,C2,27.2295,24.8267,Distributor price list,1,24
2024-12-01,20153,C2,27.8997,24.8267,Distributor price list,1,27
2025-03-01,20153,C2,26.8638,24.8177,Distributor price list,1,22
2025-06-01,20153,C2,26.0901,24.0746,Distributor price list,1,33
2025-08-01,20153,C2,26.2792,24.721,Field report,0,17
2025-09-01,20153,C2,27.1775,24.721,Lost quote,1,20
2025-10-01,20153,C2,27.3008,24.9902,Distributor price list,0,17
2025-12-01,20153,C2,25.5128,24.9902,Marketplace scrape,0,39
2026-01-01,20153,C2,25.7873,25.2388,Lost quote,1,5
2026-03-01,20153,C2,24.475,25.2388,Marketplace scrape,1,33
2026-04-01,20153,C2,24.2214,24.6041,Lost quote,1,21
2026-05-01,20153,C2,22.7228,24.6041,Distributor price list,1,15
2026-06-01,20153,C2,23.9613,24.6041,Marketplace scrape,1,40
2023-08-01,20154,C2,41.3569,42.2854,Marketplace scrape,1,23
2023-11-01,20154,C2,40.2049,42.2854,Marketplace scrape,1,28
2023-12-01,20154,C2,40.0246,42.2854,Lost quote,1,22
2024-01-01,20154,C2,40.889,42.2854,Field report,1,41
2024-02-01,20154,C2,42.7525,42.4731,Lost quote,1,11
2024-04-01,20154,C2,42.4499,42.4731,Marketplace scrape,1,38
2024-06-01,20154,C2,43.7423,42.4731,Marketplace scrape,1,10
2024-07-01,20154,C2,43.8154,42.4731,Lost quote,1,43
2024-08-01,20154,C2,42.1595,41.9689,Distributor price list,1,17
2024-09-01,20154,C2,43.9558,41.9689,Field report,1,22
2024-10-01,20154,C2,42.2667,41.9689,Field report,1,9
2024-12-01,20154,C2,42.8899,41.9689,Marketplace scrape,1,26
2025-01-01,20154,C2,42.6716,41.9689,Marketplace scrape,1,6
2025-02-01,20154,C2,46.9071,44.5923,Field report,1,35
2025-03-01,20154,C2,49.8475,44.5923,Marketplace scrape,0,9
2025-05-01,20154,C2,50.4078,44.5923,Marketplace scrape,1,30
2025-06-01,20154,C2,49.6563,44.5923,Field report,1,35
2025-10-01,20154,C2,52.5684,48.3333,Distributor price list,1,6
2025-11-01,20154,C2,52.4092,48.3333,Distributor price list,1,6
2025-12-01,20154,C2,55.081,48.3333,Distributor price list,1,22
2026-01-01,20154,C2,55.7719,48.3333,Distributor price list,1,13
2026-02-01,20154,C2,55.5146,48.5517,Lost quote,1,40
2026-04-01,20154,C2,51.3564,48.5517,Field report,1,15
2026-05-01,20154,C2,53.1199,48.5517,Distributor price list,1,23
2023-07-01,20154,C3,50.7832,43.0224,Field report,1,27
2023-08-01,20154,C3,51.6962,42.2854,Field report,1,44
2023-09-01,20154,C3,48.9594,42.2854,Field report,1,3
2023-10-01,20154,C3,48.9587,42.2854,Distributor price list,0,32
2024-01-01,20154,C3,45.5491,42.2854,Lost quote,1,15
2024-07-01,20154,C3,41.7023,42.4731,Field report,1,9
2024-08-01,20154,C3,39.8347,41.9689,Lost quote,1,22
2024-10-01,20154,C3,38.3906,41.9689,Lost quote,1,30
2024-12-01,20154,C3,40.8778,41.9689,Distributor price list,1,16
2025-01-01,20154,C3,39.8849,41.9689,Distributor price list,1,32
2025-02-01,20154,C3,42.9531,44.5923,Lost quote,1,17
2025-05-01,20154,C3,44.1901,44.5923,Field report,1,23
2025-06-01,20154,C3,45.1239,44.5923,Distributor price list,1,11
2025-08-01,20154,C3,49.9754,48.3333,Field report,1,31
2025-10-01,20154,C3,45.8792,48.3333,Lost quote,1,6
2025-11-01,20154,C3,46.9976,48.3333,Field report,1,21
2025-12-01,20154,C3,47.7622,48.3333,Lost quote,1,36
2026-01-01,20154,C3,48.4688,48.3333,Lost quote,1,10
2026-04-01,20154,C3,46.9074,48.5517,Lost quote,1,11
2026-05-01,20154,C3,47.1051,48.5517,Distributor price list,1,16
2023-07-01,20154,C4,45.9601,43.0224,Lost quote,1,15
2023-11-01,20154,C4,44.8666,42.2854,Distributor price list,1,1
2023-12-01,20154,C4,44.5992,42.2854,Field report,1,20
2024-01-01,20154,C4,43.3574,42.2854,Field report,1,18
2024-02-01,20154,C4,44.458,42.4731,Lost quote,1,44
2024-03-01,20154,C4,44.9171,42.4731,Lost quote,0,43
2024-07-01,20154,C4,43.7028,42.4731,Field report,1,11
2024-09-01,20154,C4,40.8064,41.9689,Lost quote,1,4
2024-10-01,20154,C4,40.9464,41.9689,Distributor price list,1,5
2024-11-01,20154,C4,41.4855,41.9689,Marketplace scrape,1,31
2024-12-01,20154,C4,42.0037,41.9689,Distributor price list,1,41
2025-01-01,20154,C4,40.7029,41.9689,Distributor price list,1,22
2025-02-01,20154,C4,42.7708,44.5923,Field report,1,37
2025-03-01,20154,C4,42.1265,44.5923,Field report,1,35
2026-01-01,20154,C4,43.1931,48.3333,Lost quote,1,6
2026-02-01,20154,C4,42.4558,48.5517,Field report,1,7
2026-03-01,20154,C4,43.5348,48.5517,Distributor price list,1,20
2026-04-01,20154,C4,42.6159,48.5517,Distributor price list,1,24
2026-05-01,20154,C4,42.3258,48.5517,Field report,1,3
2026-06-01,20154,C4,41.2111,48.5517,Lost quote,1,3
2023-12-01,20155,C1,163.5242,162.3121,Field report,1,36
2024-01-01,20155,C1,143.8816,146.8021,Field report,0,8
2024-02-01,20155,C1,143.5877,146.8021,Distributor price list,1,42
2024-03-01,20155,C1,140.3717,146.8021,Lost quote,1,19
2024-05-01,20155,C1,135.9618,132.1623,Distributor price list,1,26
2024-06-01,20155,C1,132.9654,132.1623,Marketplace scrape,1,30
2024-07-01,20155,C1,137.6464,133.9232,Field report,0,4
2024-08-01,20155,C1,134.6262,133.9232,Field report,1,29
2024-12-01,20155,C1,133.5052,139.8058,Marketplace scrape,1,40
2025-01-01,20155,C1,148.274,146.7258,Marketplace scrape,0,11
2025-02-01,20155,C1,144.747,146.7258,Lost quote,1,42
2025-03-01,20155,C1,145.4305,146.7258,Marketplace scrape,1,42
2025-04-01,20155,C1,146.5363,144.1598,Distributor price list,1,14
2025-06-01,20155,C1,144.5608,144.1598,Marketplace scrape,1,19
2025-07-01,20155,C1,139.98,142.6863,Lost quote,1,28
2025-08-01,20155,C1,146.7072,142.6863,Field report,1,11
2025-10-01,20155,C1,131.978,133.7732,Distributor price list,1,25
2025-12-01,20155,C1,126.0309,133.7732,Marketplace scrape,1,5
2026-01-01,20155,C1,113.8859,121.5998,Field report,1,43
2026-04-01,20155,C1,109.7659,111.994,Marketplace scrape,0,16
2026-05-01,20155,C1,107.6281,111.994,Field report,1,20
2023-07-01,20155,C2,138.6182,159.081,Field report,1,6
2023-09-01,20155,C2,142.1801,159.081,Field report,1,9
2023-10-01,20155,C2,139.8093,162.3121,Marketplace scrape,1,9
2023-11-01,20155,C2,144.4196,162.3121,Lost quote,1,34
2024-01-01,20155,C2,130.3734,146.8021,Field report,1,10
2024-03-01,20155,C2,131.2996,146.8021,Field report,1,15
2024-04-01,20155,C2,119.9488,132.1623,Lost quote,1,17
2024-05-01,20155,C2,123.012,132.1623,Marketplace scrape,1,38
2024-07-01,20155,C2,119.5183,133.9232,Lost quote,0,11
2024-08-01,20155,C2,117.1695,133.9232,Lost quote,0,44
2024-09-01,20155,C2,115.2171,133.9232,Distributor price list,1,10
2024-11-01,20155,C2,118.1755,139.8058,Lost quote,1,37
2024-12-01,20155,C2,118.1422,139.8058,Lost quote,1,6
2025-03-01,20155,C2,128.0619,146.7258,Lost quote,0,17
2025-04-01,20155,C2,123.8227,144.1598,Lost quote,1,10
2025-05-01,20155,C2,121.304,144.1598,Marketplace scrape,1,18
2025-06-01,20155,C2,125.1502,144.1598,Field report,1,19
2025-07-01,20155,C2,124.9525,142.6863,Lost quote,1,13
2025-10-01,20155,C2,117.2983,133.7732,Marketplace scrape,1,12
2025-11-01,20155,C2,123.3125,133.7732,Marketplace scrape,1,10
2026-01-01,20155,C2,114.4202,121.5998,Field report,1,39
2026-03-01,20155,C2,116.8021,121.5998,Marketplace scrape,1,42
2026-04-01,20155,C2,109.4044,111.994,Distributor price list,1,17
2026-05-01,20155,C2,107.8386,111.994,Marketplace scrape,1,29
2023-09-01,20155,C3,181.438,159.081,Field report,1,18
2023-11-01,20155,C3,191.5513,162.3121,Field report,1,33
2023-12-01,20155,C3,184.3931,162.3121,Field report,1,24
2024-01-01,20155,C3,172.6049,146.8021,Lost quote,1,10
2024-02-01,20155,C3,169.7545,146.8021,Lost quote,1,20
2024-04-01,20155,C3,155.1095,132.1623,Field report,1,26
2024-05-01,20155,C3,158.1373,132.1623,Field report,1,39
2024-06-01,20155,C3,164.9719,132.1623,Lost quote,1,3
2024-07-01,20155,C3,160.5189,133.9232,Marketplace scrape,1,34
2024-09-01,20155,C3,165.9743,133.9232,Distributor price list,0,33
2024-10-01,20155,C3,171.9739,139.8058,Marketplace scrape,0,36
2024-11-01,20155,C3,174.6655,139.8058,Lost quote,1,15
2025-01-01,20155,C3,183.6372,146.7258,Lost quote,1,15
2025-02-01,20155,C3,178.2259,146.7258,Field report,1,33
2025-05-01,20155,C3,175.687,144.1598,Marketplace scrape,1,22
2025-06-01,20155,C3,174.4714,144.1598,Lost quote,1,6
2025-09-01,20155,C3,166.0768,142.6863,Distributor price list,1,16
2025-10-01,20155,C3,158.8699,133.7732,Marketplace scrape,1,23
2025-11-01,20155,C3,153.0976,133.7732,Lost quote,1,42
2025-12-01,20155,C3,147.2293,133.7732,Distributor price list,0,16
2026-02-01,20155,C3,137.0207,121.5998,Lost quote,1,25
2026-04-01,20155,C3,127.0167,111.994,Marketplace scrape,1,27
2026-06-01,20155,C3,120.8817,111.994,Field report,1,16
2023-07-01,20156,C2,62.9681,61.0804,Distributor price list,1,1
2023-09-01,20156,C2,67.2335,64.4199,Distributor price list,1,43
2023-10-01,20156,C2,67.6543,64.4199,Marketplace scrape,1,5
2023-11-01,20156,C2,65.3858,64.4199,Field report,1,41
2024-01-01,20156,C2,68.9551,64.4199,Lost quote,1,13
2024-02-01,20156,C2,66.9745,64.4199,Marketplace scrape,0,20
2024-03-01,20156,C2,71.4546,66.5391,Distributor price list,1,21
2024-04-01,20156,C2,67.6523,66.5391,Marketplace scrape,1,26
2024-05-01,20156,C2,63.7574,66.5391,Distributor price list,1,3
2024-08-01,20156,C2,65.8585,66.5391,Field report,1,43
2024-09-01,20156,C2,71.8442,71.0354,Lost quote,1,28
2024-10-01,20156,C2,72.5651,71.0354,Marketplace scrape,1,31
2024-12-01,20156,C2,67.3672,71.0354,Field report,1,2
2025-01-01,20156,C2,64.9323,71.0354,Distributor price list,1,9
2025-02-01,20156,C2,64.9356,71.0354,Marketplace scrape,1,44
2025-03-01,20156,C2,67.5231,72.7494,Lost quote,1,4
2025-04-01,20156,C2,68.5078,72.7494,Distributor price list,1,10
2025-06-01,20156,C2,68.8977,72.7494,Distributor price list,1,18
2025-07-01,20156,C2,69.3165,72.7494,Field report,1,45
2025-08-01,20156,C2,66.6218,72.7494,Marketplace scrape,1,45
2025-10-01,20156,C2,65.8697,72.3396,Field report,1,28
2025-11-01,20156,C2,68.8895,72.3396,Lost quote,1,31
2025-12-01,20156,C2,67.6194,72.3396,Distributor price list,1,24
2026-02-01,20156,C2,66.4836,72.3396,Lost quote,1,22
2026-03-01,20156,C2,62.5208,73.2189,Lost quote,1,12
2026-04-01,20156,C2,66.3806,73.2189,Marketplace scrape,1,36
2026-05-01,20156,C2,67.1931,73.2189,Lost quote,1,35
2026-06-01,20156,C2,66.2765,73.2189,Lost quote,1,35
2023-10-01,20156,C3,82.9555,64.4199,Distributor price list,1,43
2023-11-01,20156,C3,84.087,64.4199,Field report,1,23
2023-12-01,20156,C3,86.35,64.4199,Field report,0,35
2024-01-01,20156,C3,87.8522,64.4199,Field report,1,22
2024-02-01,20156,C3,83.8054,64.4199,Lost quote,1,2
2024-03-01,20156,C3,86.6833,66.5391,Distributor price list,1,6
2024-05-01,20156,C3,95.3502,66.5391,Marketplace scrape,1,37
2024-08-01,20156,C3,87.8528,66.5391,Marketplace scrape,1,17
2024-10-01,20156,C3,93.5879,71.0354,Distributor price list,1,33
2025-01-01,20156,C3,98.4289,71.0354,Marketplace scrape,0,37
2025-02-01,20156,C3,96.4449,71.0354,Marketplace scrape,1,44
2025-03-01,20156,C3,105.0789,72.7494,Lost quote,1,41
2025-04-01,20156,C3,101.0759,72.7494,Distributor price list,0,33
2025-05-01,20156,C3,103.0297,72.7494,Field report,1,39
2025-07-01,20156,C3,105.8909,72.7494,Field report,1,27
2025-09-01,20156,C3,104.7069,72.3396,Field report,1,43
2025-10-01,20156,C3,101.6201,72.3396,Marketplace scrape,0,16
2025-11-01,20156,C3,106.0436,72.3396,Field report,1,4
2026-01-01,20156,C3,105.4998,72.3396,Field report,1,28
2026-03-01,20156,C3,110.9489,73.2189,Lost quote,1,5
2026-04-01,20156,C3,109.8393,73.2189,Marketplace scrape,1,7
2026-05-01,20156,C3,110.6151,73.2189,Distributor price list,1,27
2026-06-01,20156,C3,105.4553,73.2189,Distributor price list,1,28
2023-07-01,20156,C5,81.3612,61.0804,Distributor price list,1,41
2023-08-01,20156,C5,81.8133,61.0804,Distributor price list,1,24
2023-10-01,20156,C5,87.5185,64.4199,Distributor price list,1,36
2023-12-01,20156,C5,87.7185,64.4199,Lost quote,1,15
2024-01-01,20156,C5,86.5589,64.4199,Marketplace scrape,1,10
2024-02-01,20156,C5,89.9777,64.4199,Marketplace scrape,1,44
2024-03-01,20156,C5,87.6788,66.5391,Lost quote,1,19
2024-04-01,20156,C5,88.616,66.5391,Field report,1,9
2024-08-01,20156,C5,97.6124,66.5391,Distributor price list,1,32
2024-09-01,20156,C5,104.2853,71.0354,Lost quote,1,42
2024-10-01,20156,C5,98.4657,71.0354,Lost quote,1,27
2024-11-01,20156,C5,98.5647,71.0354,Marketplace scrape,1,5
2025-02-01,20156,C5,99.0033,71.0354,Field report,1,33
2025-03-01,20156,C5,103.8705,72.7494,Marketplace scrape,1,6
2025-04-01,20156,C5,101.131,72.7494,Marketplace scrape,1,32
2025-05-01,20156,C5,103.0018,72.7494,Marketplace scrape,1,24
2025-06-01,20156,C5,102.8679,72.7494,Distributor price list,1,26
2025-07-01,20156,C5,107.3992,72.7494,Marketplace scrape,1,35
2025-08-01,20156,C5,109.2636,72.7494,Distributor price list,1,13
2025-11-01,20156,C5,114.2008,72.3396,Distributor price list,1,18
2025-12-01,20156,C5,115.0405,72.3396,Marketplace scrape,1,12
2026-01-01,20156,C5,116.6627,72.3396,Distributor price list,1,12
2026-05-01,20156,C5,121.9269,73.2189,Distributor price list,1,41
2023-07-01,20157,C2,56.2788,53.8279,Marketplace scrape,1,39
2023-08-01,20157,C2,54.7566,52.5274,Distributor price list,1,2
2023-09-01,20157,C2,55.2585,52.5274,Marketplace scrape,1,45
2023-10-01,20157,C2,53.8622,52.5274,Marketplace scrape,1,44
2023-11-01,20157,C2,54.3658,52.5274,Distributor price list,1,19
2024-03-01,20157,C2,59.7118,54.4083,Distributor price list,1,32
2024-04-01,20157,C2,57.8619,54.4083,Distributor price list,0,23
2024-05-01,20157,C2,59.7953,54.4083,Lost quote,1,34
2024-07-01,20157,C2,56.9941,54.4083,Marketplace scrape,0,19
2024-08-01,20157,C2,59.5839,55.4978,Distributor price list,1,13
2024-09-01,20157,C2,63.3401,55.4978,Lost quote,1,35
2024-11-01,20157,C2,64.5885,55.4978,Field report,1,35
2025-04-01,20157,C2,62.9854,54.6373,Distributor price list,1,9
2025-05-01,20157,C2,62.6107,54.6373,Marketplace scrape,1,34
2025-06-01,20157,C2,62.8936,54.6373,Distributor price list,1,7
2025-07-01,20157,C2,65.0457,54.6373,Field report,1,12
2025-08-01,20157,C2,61.9509,55.1385,Lost quote,1,42
2025-09-01,20157,C2,62.5935,55.1385,Marketplace scrape,1,6
2025-11-01,20157,C2,62.4732,55.1385,Field report,1,28
2026-01-01,20157,C2,62.2569,55.1385,Marketplace scrape,1,20
2026-02-01,20157,C2,60.1316,51.8245,Distributor price list,1,38
2026-03-01,20157,C2,61.1422,51.8245,Field report,1,44
2026-04-01,20157,C2,62.4878,51.8245,Lost quote,1,30
2026-05-01,20157,C2,59.7709,51.8245,Field report,1,9
2023-09-01,20157,C4,62.9296,52.5274,Field report,1,39
2023-10-01,20157,C4,57.7575,52.5274,Marketplace scrape,1,21
2023-12-01,20157,C4,60.5079,52.5274,Field report,1,6
2024-01-01,20157,C4,61.2659,52.5274,Marketplace scrape,1,27
2024-02-01,20157,C4,62.8866,54.4083,Field report,1,35
2024-03-01,20157,C4,63.3219,54.4083,Marketplace scrape,1,14
2024-05-01,20157,C4,63.9013,54.4083,Marketplace scrape,1,37
2024-09-01,20157,C4,63.5135,55.4978,Field report,1,5
2025-02-01,20157,C4,68.7826,54.6373,Distributor price list,1,35
2025-03-01,20157,C4,73.1868,54.6373,Lost quote,1,43
2025-05-01,20157,C4,73.4789,54.6373,Field report,1,44
2025-08-01,20157,C4,73.3333,55.1385,Field report,0,18
2025-10-01,20157,C4,73.5242,55.1385,Field report,1,10
2025-11-01,20157,C4,77.4693,55.1385,Marketplace scrape,1,17
2025-12-01,20157,C4,73.718,55.1385,Field report,0,27
2026-01-01,20157,C4,74.0719,55.1385,Lost quote,1,21
2026-02-01,20157,C4,69.7761,51.8245,Lost quote,1,5
2026-03-01,20157,C4,70.0974,51.8245,Marketplace scrape,1,23
2026-06-01,20157,C4,73.6365,51.8245,Distributor price list,1,12
2023-07-01,20158,C2,35.677,34.4857,Lost quote,1,1
2023-08-01,20158,C2,35.2492,34.4857,Marketplace scrape,1,34
2023-12-01,20158,C2,35.9965,34.5958,Marketplace scrape,1,36
2024-03-01,20158,C2,37.7865,34.4923,Marketplace scrape,1,41
2024-04-01,20158,C2,42.9378,38.6029,Lost quote,1,22
2024-05-01,20158,C2,42.4347,38.6029,Lost quote,1,10
2024-06-01,20158,C2,41.8097,38.6029,Field report,1,25
2024-07-01,20158,C2,41.2862,39.4333,Marketplace scrape,0,5
2024-08-01,20158,C2,43.957,39.4333,Marketplace scrape,1,5
2024-11-01,20158,C2,45.7506,41.9933,Marketplace scrape,1,14
2024-12-01,20158,C2,46.8795,41.9933,Lost quote,1,35
2025-01-01,20158,C2,37.4795,32.1229,Marketplace scrape,1,31
2025-02-01,20158,C2,38.4012,32.1229,Marketplace scrape,1,22
2025-05-01,20158,C2,41.8813,33.2003,Lost quote,1,24
2025-06-01,20158,C2,40.4138,33.2003,Lost quote,1,11
2025-07-01,20158,C2,41.0287,32.4747,Distributor price list,1,39
2025-08-01,20158,C2,40.726,32.4747,Field report,1,14
2025-09-01,20158,C2,38.6375,32.4747,Lost quote,1,12
2025-10-01,20158,C2,36.3109,29.9209,Distributor price list,1,32
2026-04-01,20158,C2,47.6836,40.8763,Distributor price list,1,36
2026-05-01,20158,C2,47.3167,40.8763,Lost quote,1,29
2026-06-01,20158,C2,45.3768,40.8763,Field report,1,42
2023-07-01,20158,C3,44.426,34.4857,Field report,1,35
2023-08-01,20158,C3,44.2803,34.4857,Marketplace scrape,1,29
2023-09-01,20158,C3,47.5013,34.4857,Marketplace scrape,1,31
2023-10-01,20158,C3,46.5754,34.5958,Lost quote,1,40
2023-11-01,20158,C3,46.8627,34.5958,Distributor price list,1,37
2023-12-01,20158,C3,44.4544,34.5958,Field report,1,39
2024-01-01,20158,C3,45.8018,34.4923,Field report,1,44
2024-04-01,20158,C3,52.6503,38.6029,Field report,1,23
2024-05-01,20158,C3,52.0271,38.6029,Marketplace scrape,1,36
2024-07-01,20158,C3,56.6401,39.4333,Lost quote,1,35
2024-09-01,20158,C3,57.3631,39.4333,Lost quote,1,18
2024-11-01,20158,C3,57.6869,41.9933,Field report,1,19
2025-02-01,20158,C3,47.4977,32.1229,Field report,1,18
2025-05-01,20158,C3,49.8015,33.2003,Marketplace scrape,1,38
2025-06-01,20158,C3,50.9936,33.2003,Field report,1,5
2025-09-01,20158,C3,50.0578,32.4747,Lost quote,0,45
2025-12-01,20158,C3,42.752,29.9209,Marketplace scrape,1,25
2026-01-01,20158,C3,42.4933,29.1133,Distributor price list,1,6
2026-03-01,20158,C3,61.3252,39.9208,Lost quote,1,27
2026-05-01,20158,C3,64.1201,40.8763,Lost quote,1,17
2023-07-01,20158,C5,45.4004,34.4857,Lost quote,1,43
2023-08-01,20158,C5,43.3757,34.4857,Distributor price list,1,34
2023-09-01,20158,C5,43.6177,34.4857,Lost quote,1,6
2023-10-01,20158,C5,43.3319,34.5958,Lost quote,1,11
2023-12-01,20158,C5,45.9991,34.5958,Lost quote,1,25
2024-01-01,20158,C5,45.7109,34.4923,Field report,1,16
2024-02-01,20158,C5,44.7804,34.4923,Lost quote,1,44
2024-04-01,20158,C5,52.7191,38.6029,Marketplace scrape,1,27
2024-06-01,20158,C5,55.6359,38.6029,Field report,1,22
2024-11-01,20158,C5,60.1126,41.9933,Distributor price list,1,14
2024-12-01,20158,C5,57.4224,41.9933,Distributor price list,1,24
2025-01-01,20158,C5,44.5632,32.1229,Lost quote,0,6
2025-04-01,20158,C5,46.412,33.2003,Marketplace scrape,1,7
2025-06-01,20158,C5,47.5406,33.2003,Field report,1,8
2025-07-01,20158,C5,45.0538,32.4747,Distributor price list,1,45
2025-09-01,20158,C5,45.921,32.4747,Marketplace scrape,1,18
2025-10-01,20158,C5,42.7254,29.9209,Marketplace scrape,1,27
2025-11-01,20158,C5,42.8592,29.9209,Lost quote,1,26
2025-12-01,20158,C5,42.1086,29.9209,Lost quote,1,27
2026-01-01,20158,C5,41.3416,29.1133,Lost quote,1,36
2026-03-01,20158,C5,59.7085,39.9208,Distributor price list,1,23
2026-04-01,20158,C5,57.9389,40.8763,Field report,1,11
2026-05-01,20158,C5,58.0629,40.8763,Lost quote,1,1
2023-10-01,20159,C1,24.4268,21.2533,Field report,0,42
2023-11-01,20159,C1,23.3648,21.2533,Marketplace scrape,1,35
2023-12-01,20159,C1,23.6366,21.2533,Lost quote,1,30
2024-01-01,20159,C1,22.3616,21.2533,Distributor price list,1,4
2024-02-01,20159,C1,22.0571,21.2533,Distributor price list,1,43
2024-03-01,20159,C1,22.2192,21.2533,Field report,1,11
2024-04-01,20159,C1,23.0321,21.2533,Marketplace scrape,1,33
2024-06-01,20159,C1,23.2052,21.2533,Lost quote,1,16
2024-07-01,20159,C1,23.8184,21.2533,Distributor price list,1,33
2024-08-01,20159,C1,22.8692,21.2533,Field report,1,41
2024-09-01,20159,C1,23.0791,21.2533,Distributor price list,1,31
2024-10-01,20159,C1,22.1164,21.2533,Lost quote,1,30
2024-11-01,20159,C1,22.9391,21.2533,Marketplace scrape,1,36
2025-02-01,20159,C1,23.5507,21.2533,Marketplace scrape,1,28
2025-04-01,20159,C1,24.9095,21.2533,Marketplace scrape,1,33
2025-08-01,20159,C1,24.2991,21.2533,Field report,1,3
2025-11-01,20159,C1,25.3717,21.2533,Distributor price list,1,1
2026-04-01,20159,C1,35.8847,28.712,Lost quote,1,9
2026-05-01,20159,C1,35.898,28.712,Lost quote,1,18
2026-06-01,20159,C1,36.9866,28.712,Distributor price list,1,27
2023-08-01,20159,C2,20.3091,21.2533,Distributor price list,1,37
2023-09-01,20159,C2,20.0214,21.2533,Lost quote,0,19
2023-10-01,20159,C2,19.7822,21.2533,Lost quote,1,12
2023-12-01,20159,C2,21.4314,21.2533,Lost quote,1,44
2024-02-01,20159,C2,20.5246,21.2533,Distributor price list,1,14
2024-04-01,20159,C2,20.2186,21.2533,Field report,1,20
2024-08-01,20159,C2,20.1998,21.2533,Field report,1,37
2024-12-01,20159,C2,20.3603,21.2533,Marketplace scrape,1,34
2025-01-01,20159,C2,21.0436,21.2533,Lost quote,1,2
2025-02-01,20159,C2,20.484,21.2533,Distributor price list,1,30
2025-03-01,20159,C2,20.4564,21.2533,Marketplace scrape,1,15
2025-04-01,20159,C2,19.5184,21.2533,Marketplace scrape,1,42
2025-05-01,20159,C2,19.7845,21.2533,Field report,0,14
2025-06-01,20159,C2,20.2296,21.2533,Marketplace scrape,1,44
2025-07-01,20159,C2,20.4745,21.2533,Field report,1,21
2025-08-01,20159,C2,20.0288,21.2533,Marketplace scrape,1,37
2025-11-01,20159,C2,19.3273,21.2533,Lost quote,1,37
2025-12-01,20159,C2,19.8047,21.2533,Marketplace scrape,1,44
2026-03-01,20159,C2,23.9252,28.712,Field report,1,4
2026-06-01,20159,C2,24.0101,28.712,Marketplace scrape,1,33
2023-07-01,20159,C4,20.6123,19.6222,Field report,1,5
2023-08-01,20159,C4,22.1264,21.2533,Field report,1,11
2023-11-01,20159,C4,22.0788,21.2533,Distributor price list,1,22
2023-12-01,20159,C4,22.4708,21.2533,Field report,1,18
2024-01-01,20159,C4,21.2496,21.2533,Distributor price list,1,30
2024-02-01,20159,C4,21.621,21.2533,Field report,1,12
2024-03-01,20159,C4,21.9374,21.2533,Lost quote,1,16
2024-05-01,20159,C4,21.8522,21.2533,Lost quote,1,41
2024-06-01,20159,C4,21.2328,21.2533,Distributor price list,1,1
2024-12-01,20159,C4,20.4535,21.2533,Marketplace scrape,1,34
2025-02-01,20159,C4,20.5892,21.2533,Field report,1,42
2025-05-01,20159,C4,20.8544,21.2533,Field report,1,33
2025-08-01,20159,C4,20.0509,21.2533,Field report,1,17
2025-11-01,20159,C4,19.898,21.2533,Field report,1,36
2025-12-01,20159,C4,18.8324,21.2533,Distributor price list,1,4
2026-01-01,20159,C4,26.4992,28.712,Marketplace scrape,1,10
2026-02-01,20159,C4,25.8678,28.712,Lost quote,1,44
2026-03-01,20159,C4,26.3377,28.712,Lost quote,1,9
2026-04-01,20159,C4,27.9318,28.712,Marketplace scrape,1,32
2026-05-01,20159,C4,28.1922,28.712,Lost quote,0,25
2026-06-01,20159,C4,28.1408,28.712,Lost quote,1,33
2023-09-01,20160,C1,12.1885,12.5522,Marketplace scrape,1,25
2023-11-01,20160,C1,11.7711,12.78,Distributor price list,1,11
2023-12-01,20160,C1,11.8421,12.78,Marketplace scrape,0,30
2024-01-01,20160,C1,11.5405,12.8819,Marketplace scrape,1,24
2024-02-01,20160,C1,11.3769,12.8819,Distributor price list,1,13
2024-03-01,20160,C1,10.9652,12.8819,Field report,0,25
2024-04-01,20160,C1,11.6301,13.8678,Distributor price list,1,23
2024-06-01,20160,C1,11.9195,13.8678,Marketplace scrape,1,21
2024-08-01,20160,C1,12.6657,14.2896,Field report,1,24
2024-09-01,20160,C1,12.1907,14.2896,Lost quote,1,10
2024-11-01,20160,C1,11.9346,14.5168,Distributor price list,1,13
2024-12-01,20160,C1,12.3611,14.5168,Marketplace scrape,1,18
2025-02-01,20160,C1,12.8006,14.5374,Distributor price list,1,4
2025-03-01,20160,C1,13.0543,14.5374,Marketplace scrape,0,39
2025-04-01,20160,C1,13.2688,14.7821,Marketplace scrape,1,37
2025-05-01,20160,C1,14.0794,14.7821,Field report,1,42
2025-06-01,20160,C1,13.7257,14.7821,Lost quote,1,36
2025-07-01,20160,C1,14.4273,15.3398,Field report,1,32
2025-09-01,20160,C1,13.7739,15.3398,Field report,1,34
2025-10-01,20160,C1,14.0852,14.9383,Distributor price list,0,38
2025-11-01,20160,C1,14.4542,14.9383,Field report,0,7
2026-01-01,20160,C1,14.6482,15.4943,Marketplace scrape,1,8
2026-02-01,20160,C1,13.9953,15.4943,Marketplace scrape,0,40
2026-04-01,20160,C1,13.6136,15.4086,Distributor price list,1,43
2026-05-01,20160,C1,14.1028,15.4086,Marketplace scrape,0,8
2026-06-01,20160,C1,13.7655,15.4086,Distributor price list,1,13
2023-10-01,20160,C2,11.0482,12.78,Field report,1,3
2023-11-01,20160,C2,10.9142,12.78,Marketplace scrape,1,45
2023-12-01,20160,C2,11.6344,12.78,Field report,1,35
2024-01-01,20160,C2,11.5382,12.8819,Lost quote,0,35
2024-03-01,20160,C2,11.5169,12.8819,Field report,1,16
2024-04-01,20160,C2,12.1301,13.8678,Lost quote,1,36
2024-05-01,20160,C2,12.7136,13.8678,Field report,1,19
2024-06-01,20160,C2,11.9956,13.8678,Marketplace scrape,1,25
2024-07-01,20160,C2,12.2197,14.2896,Lost quote,1,41
2024-08-01,20160,C2,11.8749,14.2896,Distributor price list,1,37
2024-11-01,20160,C2,11.3393,14.5168,Lost quote,0,6
2024-12-01,20160,C2,11.5389,14.5168,Marketplace scrape,1,17
2025-01-01,20160,C2,11.7906,14.5374,Field report,1,37
2025-02-01,20160,C2,11.6659,14.5374,Field report,1,4
2025-03-01,20160,C2,11.9024,14.5374,Lost quote,1,21
2025-04-01,20160,C2,11.7762,14.7821,Lost quote,1,12
2025-05-01,20160,C2,11.6613,14.7821,Marketplace scrape,1,41
2025-06-01,20160,C2,11.8954,14.7821,Marketplace scrape,1,39
2025-07-01,20160,C2,12.2915,15.3398,Distributor price list,1,32
2025-08-01,20160,C2,12.4093,15.3398,Marketplace scrape,1,45
2025-09-01,20160,C2,11.8525,15.3398,Marketplace scrape,0,24
2025-11-01,20160,C2,11.8305,14.9383,Distributor price list,1,24
2025-12-01,20160,C2,11.85,14.9383,Field report,1,13
2026-01-01,20160,C2,12.2206,15.4943,Distributor price list,1,20
2026-02-01,20160,C2,12.2965,15.4943,Marketplace scrape,1,43
2026-05-01,20160,C2,12.2946,15.4086,Field report,1,11
2023-07-01,20160,C3,13.4207,12.5522,Marketplace scrape,1,24
2023-08-01,20160,C3,13.6457,12.5522,Lost quote,1,17
2023-09-01,20160,C3,12.8654,12.5522,Lost quote,1,32
2023-10-01,20160,C3,13.3461,12.78,Field report,1,19
2023-11-01,20160,C3,13.5084,12.78,Marketplace scrape,1,11
2023-12-01,20160,C3,12.7008,12.78,Distributor price list,1,12
2024-01-01,20160,C3,13.1799,12.8819,Marketplace scrape,1,5
2024-03-01,20160,C3,13.3205,12.8819,Lost quote,1,25
2024-05-01,20160,C3,15.4512,13.8678,Lost quote,1,44
2024-06-01,20160,C3,15.4213,13.8678,Marketplace scrape,1,42
2024-08-01,20160,C3,15.1645,14.2896,Field report,1,24
2024-09-01,20160,C3,15.2742,14.2896,Lost quote,0,42
2024-10-01,20160,C3,15.1963,14.5168,Lost quote,1,17
2024-11-01,20160,C3,15.1392,14.5168,Distributor price list,0,35
2024-12-01,20160,C3,14.9904,14.5168,Marketplace scrape,1,41
2025-02-01,20160,C3,15.4602,14.5374,Lost quote,1,27
2025-03-01,20160,C3,15.2738,14.5374,Marketplace scrape,1,13
2025-04-01,20160,C3,15.7042,14.7821,Distributor price list,1,45
2025-05-01,20160,C3,15.6981,14.7821,Distributor price list,1,20
2025-06-01,20160,C3,15.7228,14.7821,Lost quote,1,35
2025-07-01,20160,C3,15.8742,15.3398,Distributor price list,0,26
2025-08-01,20160,C3,15.4369,15.3398,Marketplace scrape,1,5
2026-03-01,20160,C3,16.9626,15.4943,Distributor price list,1,7
2026-04-01,20160,C3,17.3636,15.4086,Distributor price list,1,28
2026-05-01,20160,C3,17.0327,15.4086,Marketplace scrape,1,41
2023-07-01,20160,C4,11.2648,12.5522,Distributor price list,1,3
2023-09-01,20160,C4,11.5966,12.5522,Lost quote,1,23
2023-10-01,20160,C4,11.764,12.78,Lost quote,1,9
2023-12-01,20160,C4,11.4698,12.78,Distributor price list,1,16
2024-01-01,20160,C4,11.8637,12.8819,Distributor price list,1,13
2024-04-01,20160,C4,13.7571,13.8678,Distributor price list,1,33
2024-06-01,20160,C4,13.431,13.8678,Distributor price list,1,18
2024-07-01,20160,C4,14.0957,14.2896,Distributor price list,0,8
2024-11-01,20160,C4,13.645,14.5168,Lost quote,1,6
2024-12-01,20160,C4,13.9809,14.5168,Field report,1,33
2025-02-01,20160,C4,13.4615,14.5374,Distributor price list,1,29
2025-03-01,20160,C4,13.371,14.5374,Lost quote,1,43
2025-04-01,20160,C4,13.8236,14.7821,Distributor price list,1,20
2025-05-01,20160,C4,14.1386,14.7821,Field report,1,17
2025-08-01,20160,C4,13.8489,15.3398,Distributor price list,1,9
2025-09-01,20160,C4,14.1258,15.3398,Distributor price list,1,5
2026-03-01,20160,C4,15.8447,15.4943,Lost quote,1,22
2023-07-01,20161,C1,44.5287,41.6256,Marketplace scrape,1,29
2023-08-01,20161,C1,46.2711,42.1433,Field report,1,16
2023-09-01,20161,C1,46.1679,42.1433,Marketplace scrape,1,2
2023-10-01,20161,C1,44.3717,42.1433,Distributor price list,1,40
2023-11-01,20161,C1,39.5284,37.6374,Distributor price list,1,22
2023-12-01,20161,C1,41.7588,37.6374,Distributor price list,0,33
2024-01-01,20161,C1,40.5203,37.6374,Lost quote,1,1
2024-02-01,20161,C1,41.3021,38.0156,Field report,1,17
2024-03-01,20161,C1,42.7127,38.0156,Marketplace scrape,1,2
2024-04-01,20161,C1,43.398,38.0156,Lost quote,1,4
2024-05-01,20161,C1,38.4093,34.4856,Distributor price list,1,2
2024-07-01,20161,C1,40.3192,34.4856,Lost quote,1,1
2024-08-01,20161,C1,40.4693,34.7829,Distributor price list,1,20
2024-09-01,20161,C1,39.4679,34.7829,Lost quote,1,19
2024-10-01,20161,C1,41.4064,34.7829,Marketplace scrape,1,25
2024-11-01,20161,C1,40.5107,35.1543,Distributor price list,1,44
2024-12-01,20161,C1,39.0572,35.1543,Lost quote,1,42
2025-01-01,20161,C1,39.8868,35.1543,Distributor price list,1,40
2025-02-01,20161,C1,38.9216,35.3137,Marketplace scrape,0,3
2025-03-01,20161,C1,40.2471,35.3137,Field report,1,4
2025-04-01,20161,C1,40.3244,35.3137,Field report,1,33
2025-05-01,20161,C1,41.186,38.4866,Distributor price list,1,24
2025-06-01,20161,C1,41.3502,38.4866,Marketplace scrape,1,3
2025-07-01,20161,C1,40.7695,38.4866,Marketplace scrape,1,27
2025-08-01,20161,C1,40.7357,37.7148,Lost quote,1,14
2025-09-01,20161,C1,39.1174,37.7148,Distributor price list,1,4
2025-10-01,20161,C1,39.3796,37.7148,Field report,1,39
2025-12-01,20161,C1,38.1277,34.8096,Lost quote,1,13
2026-02-01,20161,C1,39.7518,35.9561,Field report,1,23
2026-03-01,20161,C1,38.7131,35.9561,Lost quote,1,44
2023-08-01,20161,C2,43.6932,42.1433,Marketplace scrape,1,31
2023-09-01,20161,C2,42.2972,42.1433,Distributor price list,1,19
2023-10-01,20161,C2,43.3087,42.1433,Marketplace scrape,1,17
2024-01-01,20161,C2,38.8337,37.6374,Distributor price list,1,2
2024-02-01,20161,C2,37.2945,38.0156,Field report,1,42
2024-03-01,20161,C2,38.0917,38.0156,Distributor price list,1,27
2024-05-01,20161,C2,35.422,34.4856,Field report,1,31
2024-06-01,20161,C2,33.7667,34.4856,Marketplace scrape,1,28
2024-09-01,20161,C2,34.3529,34.7829,Distributor price list,1,9
2024-10-01,20161,C2,34.8344,34.7829,Distributor price list,1,12
2024-11-01,20161,C2,34.3317,35.1543,Field report,1,35
2024-12-01,20161,C2,34.0432,35.1543,Distributor price list,1,2
2025-01-01,20161,C2,33.3229,35.1543,Field report,1,15
2025-03-01,20161,C2,31.69,35.3137,Marketplace scrape,0,6
2025-05-01,20161,C2,36.2963,38.4866,Lost quote,1,26
2025-06-01,20161,C2,35.3636,38.4866,Field report,1,8
2025-07-01,20161,C2,37.0592,38.4866,Field report,1,6
2025-08-01,20161,C2,36.192,37.7148,Marketplace scrape,1,44
2025-09-01,20161,C2,34.5714,37.7148,Marketplace scrape,1,2
2025-11-01,20161,C2,31.6913,34.8096,Marketplace scrape,1,20
2025-12-01,20161,C2,30.7793,34.8096,Distributor price list,1,23
2026-03-01,20161,C2,34.1526,35.9561,Distributor price list,1,13
2026-04-01,20161,C2,33.3477,35.9561,Lost quote,0,34
2026-05-01,20161,C2,36.1761,36.8514,Lost quote,1,3
2026-06-01,20161,C2,34.7014,36.8514,Field report,1,36
2023-07-01,20162,C1,10.5865,11.635,Distributor price list,1,30
2023-08-01,20162,C1,10.7287,11.635,Field report,1,19
2023-09-01,20162,C1,10.2858,11.635,Marketplace scrape,1,44
2023-11-01,20162,C1,12.2788,13.523,Lost quote,0,28
2023-12-01,20162,C1,12.0909,13.523,Marketplace scrape,1,8
2024-02-01,20162,C1,12.1433,13.6663,Lost quote,1,14
2024-03-01,20162,C1,12.3834,13.6663,Marketplace scrape,1,24
2024-05-01,20162,C1,12.8079,13.9735,Lost quote,1,31
2024-06-01,20162,C1,12.585,13.9735,Distributor price list,1,15
2024-10-01,20162,C1,14.3623,16.63,Field report,1,3
2025-01-01,20162,C1,14.7287,16.1106,Field report,1,42
2025-02-01,20162,C1,14.4773,16.1106,Field report,1,18
2025-07-01,20162,C1,15.985,18.604,Distributor price list,1,5
2025-08-01,20162,C1,15.8678,18.604,Marketplace scrape,0,44
2025-09-01,20162,C1,15.5992,18.604,Lost quote,1,38
2026-01-01,20162,C1,17.2484,21.0542,Lost quote,1,45
2026-02-01,20162,C1,16.3632,21.0542,Distributor price list,1,4
2026-03-01,20162,C1,16.2905,21.0542,Lost quote,1,7
2026-05-01,20162,C1,18.283,22.2327,Marketplace scrape,1,27
2026-06-01,20162,C1,18.2921,22.2327,Field report,0,7
2023-07-01,20162,C2,9.9449,11.635,Lost quote,1,27
2023-09-01,20162,C2,9.8639,11.635,Distributor price list,1,1
2023-10-01,20162,C2,12.2537,13.523,Field report,1,37
2023-11-01,20162,C2,12.3716,13.523,Field report,1,12
2023-12-01,20162,C2,12.5444,13.523,Lost quote,1,37
2024-01-01,20162,C2,12.0631,13.6663,Marketplace scrape,1,34
2024-04-01,20162,C2,12.2516,13.9735,Lost quote,1,26
2024-05-01,20162,C2,12.1474,13.9735,Distributor price list,1,10
2024-06-01,20162,C2,12.1565,13.9735,Field report,1,36
2024-07-01,20162,C2,14.0186,15.756,Marketplace scrape,1,41
2024-08-01,20162,C2,13.3936,15.756,Marketplace scrape,1,4
2024-09-01,20162,C2,14.2683,15.756,Distributor price list,1,35
2024-10-01,20162,C2,14.3635,16.63,Marketplace scrape,0,5
2024-11-01,20162,C2,14.4912,16.63,Distributor price list,1,19
2025-01-01,20162,C2,13.6982,16.1106,Lost quote,1,22
2025-02-01,20162,C2,14.1865,16.1106,Field report,1,8
2025-04-01,20162,C2,14.5385,17.1232,Field report,1,8
2025-05-01,20162,C2,15.2963,17.1232,Lost quote,1,32
2025-06-01,20162,C2,14.9654,17.1232,Field report,1,44
2025-07-01,20162,C2,15.4716,18.604,Lost quote,1,3
2025-08-01,20162,C2,15.4055,18.604,Marketplace scrape,1,13
2025-09-01,20162,C2,16.2427,18.604,Lost quote,1,31
2025-10-01,20162,C2,17.8804,19.8528,Field report,1,36
2025-11-01,20162,C2,17.6734,19.8528,Distributor price list,1,40
2025-12-01,20162,C2,17.8837,19.8528,Lost quote,1,25
2026-01-01,20162,C2,18.31,21.0542,Marketplace scrape,1,19
2026-03-01,20162,C2,19.3032,21.0542,Lost quote,1,40
2026-05-01,20162,C2,20.4797,22.2327,Distributor price list,1,32
2023-07-01,20162,C4,10.722,11.635,Marketplace scrape,1,35
2023-08-01,20162,C4,11.0403,11.635,Marketplace scrape,1,31
2023-09-01,20162,C4,11.2586,11.635,Marketplace scrape,1,41
2023-10-01,20162,C4,12.6356,13.523,Lost quote,1,1
2023-12-01,20162,C4,13.3241,13.523,Field report,1,6
2024-01-01,20162,C4,13.3825,13.6663,Distributor price list,1,16
2024-02-01,20162,C4,13.7543,13.6663,Distributor price list,1,40
2024-04-01,20162,C4,13.613,13.9735,Distributor price list,1,4
2024-05-01,20162,C4,13.0744,13.9735,Marketplace scrape,1,27
2024-07-01,20162,C4,14.5032,15.756,Distributor price list,1,11
2024-08-01,20162,C4,14.6272,15.756,Marketplace scrape,1,5
2024-09-01,20162,C4,14.6312,15.756,Distributor price list,1,35
2024-10-01,20162,C4,15.5445,16.63,Field report,1,3
2025-01-01,20162,C4,15.6226,16.1106,Distributor price list,1,35
2025-02-01,20162,C4,15.2934,16.1106,Field report,1,15
2025-04-01,20162,C4,15.3425,17.1232,Field report,1,20
2025-05-01,20162,C4,15.5021,17.1232,Distributor price list,0,6
2025-06-01,20162,C4,15.4741,17.1232,Field report,1,9
2025-10-01,20162,C4,18.1762,19.8528,Lost quote,1,17
2025-11-01,20162,C4,18.6808,19.8528,Distributor price list,1,12
2025-12-01,20162,C4,18.7604,19.8528,Lost quote,1,23
2026-02-01,20162,C4,20.8515,21.0542,Lost quote,1,2
2026-04-01,20162,C4,21.5611,22.2327,Lost quote,1,26
2026-05-01,20162,C4,22.1898,22.2327,Field report,1,21
2026-06-01,20162,C4,21.6463,22.2327,Field report,1,38
2023-07-01,20163,C3,28.0087,24.3938,Lost quote,1,36
2023-08-01,20163,C3,25.0367,22.3357,Lost quote,1,19
2023-10-01,20163,C3,25.4456,22.3357,Lost quote,1,29
2023-12-01,20163,C3,23.8439,20.1285,Field report,1,39
2024-01-01,20163,C3,23.4171,20.1285,Marketplace scrape,1,32
2024-02-01,20163,C3,23.7772,19.832,Field report,1,9
2024-06-01,20163,C3,23.0347,18.6222,Field report,1,19
2024-07-01,20163,C3,22.8888,18.6222,Lost quote,1,14
2024-09-01,20163,C3,24.7037,18.6551,Marketplace scrape,1,33
2024-11-01,20163,C3,24.2797,18.2016,Distributor price list,1,34
2024-12-01,20163,C3,23.0269,18.2016,Marketplace scrape,1,37
2025-02-01,20163,C3,26.3839,19.068,Lost quote,1,12
2025-03-01,20163,C3,25.2176,19.068,Marketplace scrape,1,17
2025-05-01,20163,C3,25.7012,17.8857,Marketplace scrape,1,9
2025-09-01,20163,C3,27.5154,19.0583,Marketplace scrape,0,22
2025-10-01,20163,C3,26.7005,19.0583,Field report,1,41
2025-11-01,20163,C3,24.9237,17.7795,Field report,1,27
2026-03-01,20163,C3,26.4252,18.0191,Lost quote,0,42
2026-05-01,20163,C3,25.692,18.099,Marketplace scrape,1,25
2026-06-01,20163,C3,25.657,18.099,Field report,1,16
2023-07-01,20164,C1,56.2943,65.3076,Lost quote,1,36
2023-08-01,20164,C1,58.2169,65.3076,Field report,1,33
2023-09-01,20164,C1,56.567,62.9246,Field report,1,21
2023-10-01,20164,C1,56.5189,62.9246,Lost quote,1,27
2023-11-01,20164,C1,54.1839,62.9246,Distributor price list,1,3
2024-01-01,20164,C1,45.5798,50.2923,Field report,1,10
2024-03-01,20164,C1,47.8718,54.0528,Field report,1,11
2024-05-01,20164,C1,49.2789,54.0528,Lost quote,1,28
2024-06-01,20164,C1,49.4687,55.715,Marketplace scrape,0,33
2024-07-01,20164,C1,51.2618,55.715,Distributor price list,1,14
2024-09-01,20164,C1,53.0343,56.9507,Lost quote,1,43
2024-10-01,20164,C1,51.5211,56.9507,Field report,0,21
2024-11-01,20164,C1,49.815,56.9507,Lost quote,1,30
2025-01-01,20164,C1,48.1603,55.1956,Distributor price list,1,6
2025-02-01,20164,C1,50.978,55.1956,Lost quote,1,23
2025-03-01,20164,C1,51.3084,54.2264,Lost quote,1,32
2025-04-01,20164,C1,48.0372,54.2264,Field report,0,16
2025-05-01,20164,C1,49.0461,54.2264,Marketplace scrape,1,26
2025-06-01,20164,C1,49.9033,54.6384,Lost quote,0,15
2025-07-01,20164,C1,48.588,54.6384,Lost quote,1,2
2025-10-01,20164,C1,45.0875,52.2241,Distributor price list,0,20
2025-11-01,20164,C1,44.262,52.2241,Field report,1,29
2025-12-01,20164,C1,46.5773,51.3665,Marketplace scrape,1,45
2026-02-01,20164,C1,43.8906,51.3665,Lost quote,0,42
2026-03-01,20164,C1,47.0606,54.166,Distributor price list,1,6
2026-04-01,20164,C1,47.2635,54.166,Lost quote,1,18
2026-05-01,20164,C1,46.6411,54.166,Field report,1,33
2023-07-01,20164,C4,55.8879,65.3076,Distributor price list,1,18
2023-08-01,20164,C4,58.1865,65.3076,Distributor price list,0,31
2023-09-01,20164,C4,54.981,62.9246,Distributor price list,0,28
2023-10-01,20164,C4,53.1147,62.9246,Field report,0,13
2023-11-01,20164,C4,51.9832,62.9246,Field report,1,35
2023-12-01,20164,C4,42.9553,50.2923,Marketplace scrape,1,5
2024-01-01,20164,C4,42.5636,50.2923,Lost quote,1,10
2024-02-01,20164,C4,41.6375,50.2923,Marketplace scrape,1,15
2024-03-01,20164,C4,47.7573,54.0528,Field report,1,18
2024-04-01,20164,C4,47.0951,54.0528,Lost quote,1,42
2024-06-01,20164,C4,49.1752,55.715,Lost quote,1,40
2024-07-01,20164,C4,51.2841,55.715,Marketplace scrape,0,21
2024-08-01,20164,C4,51.4797,55.715,Marketplace scrape,0,7
2024-09-01,20164,C4,51.0722,56.9507,Distributor price list,0,42
2024-10-01,20164,C4,50.3651,56.9507,Lost quote,1,13
2024-11-01,20164,C4,53.5542,56.9507,Distributor price list,1,14
2024-12-01,20164,C4,50.0099,55.1956,Marketplace scrape,1,33
2025-01-01,20164,C4,51.7861,55.1956,Field report,1,35
2025-02-01,20164,C4,51.1385,55.1956,Lost quote,1,11
2025-03-01,20164,C4,47.8998,54.2264,Field report,1,7
2025-04-01,20164,C4,50.3557,54.2264,Marketplace scrape,1,44
2025-06-01,20164,C4,48.1601,54.6384,Lost quote,1,23
2025-08-01,20164,C4,50.7491,54.6384,Distributor price list,1,10
2025-09-01,20164,C4,49.169,52.2241,Marketplace scrape,1,33
2025-10-01,20164,C4,52.3635,52.2241,Distributor price list,1,37
2025-11-01,20164,C4,49.9397,52.2241,Distributor price list,1,4
2025-12-01,20164,C4,47.8478,51.3665,Distributor price list,1,25
2026-01-01,20164,C4,47.1502,51.3665,Lost quote,1,44
2026-02-01,20164,C4,48.0732,51.3665,Lost quote,1,24
2026-03-01,20164,C4,51.0771,54.166,Lost quote,1,3
2026-05-01,20164,C4,50.286,54.166,Marketplace scrape,1,28
2026-06-01,20164,C4,51.2274,53.0555,Lost quote,1,37
2023-07-01,20165,C2,16.9218,18.9786,Lost quote,1,2
2023-09-01,20165,C2,15.9317,18.9786,Lost quote,1,2
2023-10-01,20165,C2,16.0726,17.9122,Lost quote,1,9
2023-11-01,20165,C2,15.9374,17.9122,Lost quote,1,18
2024-01-01,20165,C2,16.9609,19.0336,Distributor price list,1,5
2024-03-01,20165,C2,17.3733,19.0336,Field report,1,45
2024-06-01,20165,C2,16.5352,18.9464,Marketplace scrape,1,12
2024-08-01,20165,C2,17.1651,19.8706,Lost quote,1,28
2024-11-01,20165,C2,17.4547,20.1083,Distributor price list,1,42
2024-12-01,20165,C2,16.9474,20.1083,Distributor price list,1,6
2025-01-01,20165,C2,14.2221,16.7734,Field report,1,28
2025-02-01,20165,C2,14.0418,16.7734,Field report,1,12
2025-03-01,20165,C2,14.4148,16.7734,Lost quote,1,11
2025-05-01,20165,C2,13.6553,16.375,Field report,1,31
2025-06-01,20165,C2,13.9485,16.375,Field report,1,25
2025-07-01,20165,C2,15.4435,17.8758,Distributor price list,1,26
2025-08-01,20165,C2,15.1279,17.8758,Field report,1,9
2025-09-01,20165,C2,14.3426,17.8758,Field report,1,5
2025-10-01,20165,C2,14.8558,17.6131,Lost quote,1,35
2026-02-01,20165,C2,14.57,18.0801,Marketplace scrape,1,13
2026-05-01,20165,C2,15.5256,18.802,Lost quote,1,2
2026-06-01,20165,C2,15.5102,18.802,Field report,1,26
2023-07-01,20165,C4,18.0718,18.9786,Field report,1,32
2023-08-01,20165,C4,18.0618,18.9786,Lost quote,1,42
2023-09-01,20165,C4,18.6971,18.9786,Distributor price list,1,9
2023-11-01,20165,C4,17.317,17.9122,Field report,1,13
2023-12-01,20165,C4,17.4598,17.9122,Marketplace scrape,1,2
2024-01-01,20165,C4,18.7457,19.0336,Lost quote,1,10
2024-02-01,20165,C4,18.8117,19.0336,Marketplace scrape,1,6
2024-03-01,20165,C4,20.0683,19.0336,Lost quote,1,19
2024-04-01,20165,C4,19.3936,18.9464,Marketplace scrape,0,33
2024-05-01,20165,C4,19.3851,18.9464,Field report,1,20
2024-06-01,20165,C4,19.7487,18.9464,Lost quote,1,26
2024-08-01,20165,C4,22.2262,19.8706,Field report,1,8
2024-09-01,20165,C4,21.6102,19.8706,Marketplace scrape,1,10
2024-10-01,20165,C4,21.4093,20.1083,Distributor price list,1,40
2024-11-01,20165,C4,20.777,20.1083,Marketplace scrape,1,3
2024-12-01,20165,C4,21.061,20.1083,Lost quote,1,1
2025-01-01,20165,C4,18.1861,16.7734,Lost quote,1,20
2025-03-01,20165,C4,17.5813,16.7734,Lost quote,1,5
2025-05-01,20165,C4,17.7844,16.375,Distributor price list,1,23
2025-06-01,20165,C4,18.1988,16.375,Field report,0,6
2025-07-01,20165,C4,19.9194,17.8758,Distributor price list,1,36
2025-08-01,20165,C4,19.6391,17.8758,Distributor price list,1,34
2025-10-01,20165,C4,18.7751,17.6131,Lost quote,1,21
2025-11-01,20165,C4,19.1694,17.6131,Marketplace scrape,1,12
2026-01-01,20165,C4,19.7143,18.0801,Distributor price list,1,7
2026-02-01,20165,C4,19.9586,18.0801,Distributor price list,1,5
2026-03-01,20165,C4,20.4931,18.0801,Lost quote,0,18
2026-05-01,20165,C4,20.9462,18.802,Distributor price list,1,14
2023-08-01,20166,C1,17.2683,16.6246,Field report,1,3
2023-09-01,20166,C1,16.527,15.9219,Field report,1,22
2023-10-01,20166,C1,16.9816,15.9219,Field report,1,5
2023-11-01,20166,C1,16.5125,15.9219,Lost quote,0,45
2023-12-01,20166,C1,15.3163,14.6751,Distributor price list,1,28
2024-01-01,20166,C1,15.7715,14.6751,Distributor price list,1,41
2024-02-01,20166,C1,15.7961,14.6751,Lost quote,1,31
2024-05-01,20166,C1,16.2182,15.8556,Field report,1,18
2024-06-01,20166,C1,17.1167,15.7014,Marketplace scrape,1,5
2024-08-01,20166,C1,16.2324,15.7014,Lost quote,1,36
2024-10-01,20166,C1,16.6155,16.5165,Lost quote,1,1
2025-02-01,20166,C1,16.28,15.3555,Marketplace scrape,1,20
2025-04-01,20166,C1,15.5648,15.3726,Marketplace scrape,1,8
2025-05-01,20166,C1,15.7265,15.3726,Field report,1,31
2025-06-01,20166,C1,15.7188,15.0477,Marketplace scrape,1,5
2025-08-01,20166,C1,15.2414,15.0477,Distributor price list,1,26
2025-09-01,20166,C1,15.155,14.425,Field report,1,16
2025-10-01,20166,C1,14.4129,14.425,Marketplace scrape,1,18
2025-12-01,20166,C1,14.5115,14.4892,Marketplace scrape,1,40
2026-01-01,20166,C1,15.3194,14.4892,Marketplace scrape,1,11
2026-03-01,20166,C1,15.9809,15.6452,Field report,1,35
2026-04-01,20166,C1,15.3141,15.6452,Distributor price list,1,33
2026-06-01,20166,C1,16.0633,15.6948,Field report,1,28
2023-08-01,20166,C2,15.0401,16.6246,Field report,1,13
2023-09-01,20166,C2,14.8245,15.9219,Field report,1,20
2023-11-01,20166,C2,14.2316,15.9219,Lost quote,1,42
2024-04-01,20166,C2,14.5049,15.8556,Field report,1,35
2024-05-01,20166,C2,13.8643,15.8556,Lost quote,1,15
2024-06-01,20166,C2,14.5723,15.7014,Distributor price list,1,5
2024-07-01,20166,C2,13.7099,15.7014,Marketplace scrape,1,25
2024-09-01,20166,C2,13.3939,16.5165,Field report,0,37
2024-12-01,20166,C2,12.1452,15.3555,Field report,1,33
2025-01-01,20166,C2,12.6702,15.3555,Lost quote,1,37
2025-02-01,20166,C2,12.6712,15.3555,Lost quote,1,15
2025-04-01,20166,C2,12.5901,15.3726,Marketplace scrape,1,16
2025-05-01,20166,C2,13.0397,15.3726,Marketplace scrape,1,37
2025-06-01,20166,C2,12.7835,15.0477,Distributor price list,1,30
2025-07-01,20166,C2,12.7244,15.0477,Field report,1,38
2025-08-01,20166,C2,12.6621,15.0477,Distributor price list,1,38
2025-09-01,20166,C2,11.8211,14.425,Distributor price list,1,43
2025-10-01,20166,C2,12.5197,14.425,Lost quote,1,45
2025-12-01,20166,C2,12.551,14.4892,Distributor price list,1,45
2026-01-01,20166,C2,12.0013,14.4892,Lost quote,1,24
2026-03-01,20166,C2,12.4802,15.6452,Field report,1,34
2026-04-01,20166,C2,12.543,15.6452,Marketplace scrape,1,23
2026-05-01,20166,C2,12.7953,15.6452,Field report,0,19
2026-06-01,20166,C2,12.9733,15.6948,Lost quote,1,45
2023-08-01,20166,C3,16.9706,16.6246,Lost quote,1,45
2023-09-01,20166,C3,16.2225,15.9219,Distributor price list,1,23
2023-11-01,20166,C3,17.1483,15.9219,Marketplace scrape,1,1
2024-01-01,20166,C3,16.451,14.6751,Field report,0,36
2024-03-01,20166,C3,17.1876,15.8556,Marketplace scrape,1,44
2024-04-01,20166,C3,17.7298,15.8556,Marketplace scrape,1,22
2024-05-01,20166,C3,17.5844,15.8556,Lost quote,1,45
2024-06-01,20166,C3,17.325,15.7014,Marketplace scrape,1,30
2024-07-01,20166,C3,17.0894,15.7014,Lost quote,1,16
2024-09-01,20166,C3,17.5657,16.5165,Marketplace scrape,0,45
2024-11-01,20166,C3,17.4159,16.5165,Marketplace scrape,1,9
2024-12-01,20166,C3,15.8515,15.3555,Marketplace scrape,1,41
2025-01-01,20166,C3,16.4075,15.3555,Distributor price list,1,30
2025-02-01,20166,C3,16.0835,15.3555,Field report,1,22
2025-04-01,20166,C3,15.432,15.3726,Marketplace scrape,1,10
2025-05-01,20166,C3,14.6882,15.3726,Distributor price list,1,25
2025-06-01,20166,C3,15.0726,15.0477,Lost quote,1,43
2025-07-01,20166,C3,15.7923,15.0477,Marketplace scrape,1,26
2025-08-01,20166,C3,15.6539,15.0477,Lost quote,1,17
2025-10-01,20166,C3,15.1024,14.425,Distributor price list,0,38
2025-11-01,20166,C3,14.6506,14.425,Marketplace scrape,1,31
2025-12-01,20166,C3,15.3062,14.4892,Field report,1,37
2026-01-01,20166,C3,15.1212,14.4892,Marketplace scrape,1,36
2023-08-01,20166,C4,15.7085,16.6246,Distributor price list,1,24
2024-05-01,20166,C4,15.3207,15.8556,Distributor price list,1,43
2024-07-01,20166,C4,14.9891,15.7014,Field report,1,35
2024-08-01,20166,C4,15.2989,15.7014,Distributor price list,1,38
2024-10-01,20166,C4,16.2002,16.5165,Field report,1,40
2024-11-01,20166,C4,15.9401,16.5165,Field report,1,44
2024-12-01,20166,C4,15.3129,15.3555,Lost quote,1,19
2025-01-01,20166,C4,14.6504,15.3555,Lost quote,0,13
2025-02-01,20166,C4,14.7564,15.3555,Lost quote,1,28
2025-04-01,20166,C4,14.6138,15.3726,Distributor price list,1,7
2025-05-01,20166,C4,14.7316,15.3726,Field report,1,24
2025-07-01,20166,C4,14.6305,15.0477,Distributor price list,1,17
2025-08-01,20166,C4,14.169,15.0477,Distributor price list,0,6
2025-09-01,20166,C4,13.8082,14.425,Marketplace scrape,1,37
2025-10-01,20166,C4,13.9336,14.425,Distributor price list,1,30
2025-11-01,20166,C4,13.7714,14.425,Field report,1,38
2026-01-01,20166,C4,14.4519,14.4892,Marketplace scrape,1,3
2026-04-01,20166,C4,16.264,15.6452,Field report,1,5
2026-05-01,20166,C4,16.0318,15.6452,Lost quote,1,45
2026-06-01,20166,C4,16.506,15.6948,Lost quote,1,34
2023-07-01,20167,C2,96.5916,100.7188,Distributor price list,1,9
2023-10-01,20167,C2,93.6592,97.7082,Lost quote,1,42
2023-11-01,20167,C2,91.6894,96.1103,Distributor price list,1,27
2023-12-01,20167,C2,90.0208,96.1103,Lost quote,1,43
2024-02-01,20167,C2,84.5639,90.8144,Lost quote,1,43
2024-04-01,20167,C2,82.496,90.8144,Marketplace scrape,1,14
2024-05-01,20167,C2,70.8415,83.9439,Distributor price list,0,43
2024-06-01,20167,C2,73.6946,83.9439,Field report,1,26
2024-09-01,20167,C2,65.7922,80.8206,Lost quote,1,31
2024-10-01,20167,C2,66.5252,80.8206,Lost quote,1,28
2024-11-01,20167,C2,66.4566,83.8998,Field report,1,7
2025-03-01,20167,C2,67.0969,84.2831,Field report,1,2
2025-05-01,20167,C2,61.718,78.9554,Field report,1,32
2025-06-01,20167,C2,63.6166,78.9554,Distributor price list,1,12
2025-07-01,20167,C2,60.2965,78.9554,Distributor price list,1,6
2025-08-01,20167,C2,62.8866,77.052,Field report,1,16
2025-09-01,20167,C2,61.1432,77.052,Marketplace scrape,1,15
2025-10-01,20167,C2,62.0803,77.052,Distributor price list,1,8
2025-11-01,20167,C2,59.6133,75.8239,Distributor price list,1,37
2025-12-01,20167,C2,60.1489,75.8239,Distributor price list,1,31
2026-01-01,20167,C2,58.3995,75.8239,Marketplace scrape,1,6
2026-02-01,20167,C2,54.2427,70.4952,Field report,1,24
2026-03-01,20167,C2,53.7419,70.4952,Lost quote,0,6
2026-04-01,20167,C2,54.1865,70.4952,Distributor price list,1,30
2026-05-01,20167,C2,50.3975,63.5963,Field report,1,29
2023-07-01,20168,C1,17.965,16.423,Lost quote,1,21
2023-09-01,20168,C1,18.1874,16.8263,Field report,1,24
2023-10-01,20168,C1,18.1615,16.8263,Lost quote,0,31
2023-11-01,20168,C1,18.2074,16.8263,Marketplace scrape,1,41
2024-03-01,20168,C1,17.2437,16.8263,Lost quote,1,35
2024-05-01,20168,C1,16.78,16.8263,Field report,0,14
2024-06-01,20168,C1,17.1484,16.8263,Field report,1,6
2024-07-01,20168,C1,17.2036,16.8263,Lost quote,0,33
2024-08-01,20168,C1,16.8145,16.8263,Lost quote,0,22
2024-09-01,20168,C1,16.5197,16.8263,Lost quote,1,20
2024-10-01,20168,C1,17.0849,16.8263,Marketplace scrape,1,13
2025-03-01,20168,C1,16.88,16.8263,Marketplace scrape,1,12
2025-04-01,20168,C1,16.4812,16.8263,Field report,1,44
2025-06-01,20168,C1,17.3421,16.8263,Lost quote,1,8
2025-08-01,20168,C1,17.2258,16.8263,Lost quote,1,14
2025-09-01,20168,C1,17.424,16.8263,Field report,1,39
2025-10-01,20168,C1,17.4793,16.8263,Marketplace scrape,1,31
2025-11-01,20168,C1,16.758,16.8263,Field report,1,8
2025-12-01,20168,C1,17.5473,16.8263,Marketplace scrape,1,2
2026-02-01,20168,C1,16.7883,16.8263,Lost quote,1,37
2026-03-01,20168,C1,17.7795,16.8263,Distributor price list,1,16
2026-04-01,20168,C1,16.7337,16.8263,Distributor price list,1,19
2026-05-01,20168,C1,17.1516,16.8263,Distributor price list,1,17
2026-06-01,20168,C1,17.171,16.8263,Field report,1,20
2023-07-01,20168,C2,16.0129,16.423,Distributor price list,1,5
2023-09-01,20168,C2,16.4787,16.8263,Lost quote,0,45
2023-12-01,20168,C2,16.1137,16.8263,Marketplace scrape,1,35
2024-01-01,20168,C2,16.0077,16.8263,Lost quote,1,5
2024-02-01,20168,C2,16.3773,16.8263,Marketplace scrape,1,22
2024-04-01,20168,C2,15.287,16.8263,Field report,1,39
2024-07-01,20168,C2,16.1379,16.8263,Marketplace scrape,1,42
2024-08-01,20168,C2,15.7336,16.8263,Lost quote,1,19
2024-10-01,20168,C2,15.8041,16.8263,Marketplace scrape,1,19
2025-01-01,20168,C2,15.8819,16.8263,Distributor price list,1,30
2025-02-01,20168,C2,15.5203,16.8263,Marketplace scrape,1,21
2025-04-01,20168,C2,15.8085,16.8263,Lost quote,1,15
2025-06-01,20168,C2,16.083,16.8263,Marketplace scrape,1,13
2025-07-01,20168,C2,15.6567,16.8263,Distributor price list,1,19
2025-09-01,20168,C2,16.6969,16.8263,Marketplace scrape,1,38
2025-10-01,20168,C2,16.3502,16.8263,Field report,1,26
2025-11-01,20168,C2,16.827,16.8263,Field report,1,14
2026-01-01,20168,C2,16.2423,16.8263,Marketplace scrape,0,35
2026-03-01,20168,C2,15.6365,16.8263,Distributor price list,0,43
2026-05-01,20168,C2,16.4818,16.8263,Lost quote,1,13
2026-06-01,20168,C2,15.9763,16.8263,Field report,1,19
2023-07-01,20168,C4,16.7144,16.423,Field report,1,19
2023-09-01,20168,C4,16.8874,16.8263,Marketplace scrape,1,44
2024-02-01,20168,C4,16.976,16.8263,Distributor price list,1,1
2024-06-01,20168,C4,18.5769,16.8263,Marketplace scrape,0,35
2024-07-01,20168,C4,18.0876,16.8263,Distributor price list,1,29
2024-10-01,20168,C4,17.7868,16.8263,Lost quote,1,4
2024-11-01,20168,C4,17.2917,16.8263,Marketplace scrape,1,15
2024-12-01,20168,C4,17.2934,16.8263,Field report,0,12
2025-01-01,20168,C4,18.3527,16.8263,Field report,1,39
2025-02-01,20168,C4,17.5858,16.8263,Distributor price list,1,18
2025-04-01,20168,C4,17.9432,16.8263,Lost quote,1,27
2025-05-01,20168,C4,18.3227,16.8263,Distributor price list,1,6
2025-08-01,20168,C4,17.3795,16.8263,Lost quote,1,10
2025-09-01,20168,C4,17.3288,16.8263,Marketplace scrape,1,34
2025-10-01,20168,C4,17.9227,16.8263,Field report,1,39
2025-11-01,20168,C4,17.9807,16.8263,Lost quote,1,12
2025-12-01,20168,C4,17.6502,16.8263,Distributor price list,1,41
2026-03-01,20168,C4,16.5666,16.8263,Distributor price list,1,29
2026-04-01,20168,C4,16.8181,16.8263,Marketplace scrape,1,32
2023-08-01,20169,C1,22.5188,24.4214,Marketplace scrape,1,27
2023-10-01,20169,C1,21.1374,23.3043,Marketplace scrape,0,39
2024-01-01,20169,C1,21.9445,25.2739,Distributor price list,1,36
2024-02-01,20169,C1,22.9921,25.2739,Marketplace scrape,1,43
2024-03-01,20169,C1,23.1435,25.2739,Field report,1,14
2024-08-01,20169,C1,21.7751,24.1323,Distributor price list,1,21
2024-10-01,20169,C1,18.8065,21.0143,Marketplace scrape,0,20
2024-11-01,20169,C1,19.5985,21.0143,Distributor price list,0,35
2025-01-01,20169,C1,18.7972,20.5249,Marketplace scrape,1,44
2025-04-01,20169,C1,18.296,19.7443,Marketplace scrape,1,1
2025-07-01,20169,C1,18.5615,19.5467,Marketplace scrape,1,28
2025-08-01,20169,C1,19.4061,19.5467,Distributor price list,1,40
2025-11-01,20169,C1,20.8221,21.2604,Marketplace scrape,1,26
2025-12-01,20169,C1,19.9421,21.2604,Marketplace scrape,1,28
2026-01-01,20169,C1,21.1198,23.159,Distributor price list,1,45
2026-02-01,20169,C1,20.8116,23.159,Distributor price list,1,14
2026-03-01,20169,C1,21.1561,23.159,Lost quote,1,1
2023-08-01,20169,C2,21.0755,24.4214,Marketplace scrape,1,14
2023-10-01,20169,C2,20.7703,23.3043,Distributor price list,0,35
2023-11-01,20169,C2,21.2767,23.3043,Lost quote,1,11
2023-12-01,20169,C2,21.2544,23.3043,Marketplace scrape,1,29
2024-01-01,20169,C2,23.1562,25.2739,Field report,1,28
2024-03-01,20169,C2,22.5323,25.2739,Distributor price list,1,33
2024-05-01,20169,C2,21.6798,24.7274,Field report,1,27
2024-07-01,20169,C2,20.4267,24.1323,Field report,1,41
2024-08-01,20169,C2,21.2052,24.1323,Field report,1,38
2024-10-01,20169,C2,18.5003,21.0143,Field report,1,4
2024-12-01,20169,C2,18.8012,21.0143,Marketplace scrape,1,20
2025-03-01,20169,C2,17.8369,20.5249,Marketplace scrape,1,31
2025-05-01,20169,C2,18.3254,19.7443,Field report,1,2
2025-06-01,20169,C2,17.663,19.7443,Distributor price list,1,1
2025-09-01,20169,C2,17.7998,19.5467,Distributor price list,1,25
2025-10-01,20169,C2,19.4932,21.2604,Field report,1,27
2025-12-01,20169,C2,19.9993,21.2604,Distributor price list,1,8
2026-01-01,20169,C2,21.8215,23.159,Field report,1,14
2026-03-01,20169,C2,20.4504,23.159,Distributor price list,1,15
2026-06-01,20169,C2,21.4947,23.5116,Distributor price list,1,15
2023-10-01,20169,C3,24.0428,23.3043,Field report,1,17
2023-11-01,20169,C3,23.5577,23.3043,Distributor price list,1,26
2024-02-01,20169,C3,25.2704,25.2739,Field report,1,16
2024-03-01,20169,C3,24.6064,25.2739,Lost quote,1,4
2024-04-01,20169,C3,24.8019,24.7274,Lost quote,1,9
2024-06-01,20169,C3,24.4016,24.7274,Marketplace scrape,1,11
2024-08-01,20169,C3,22.4641,24.1323,Distributor price list,1,11
2024-09-01,20169,C3,21.9849,24.1323,Field report,1,16
2024-10-01,20169,C3,19.7268,21.0143,Marketplace scrape,1,31
2024-11-01,20169,C3,19.2814,21.0143,Field report,1,9
2025-01-01,20169,C3,18.2987,20.5249,Distributor price list,1,33
2025-02-01,20169,C3,18.0872,20.5249,Lost quote,1,44
2025-04-01,20169,C3,18.0097,19.7443,Lost quote,1,10
2025-05-01,20169,C3,17.0181,19.7443,Marketplace scrape,1,6
2025-06-01,20169,C3,18.0033,19.7443,Lost quote,1,38
2025-07-01,20169,C3,17.3991,19.5467,Marketplace scrape,1,33
2025-09-01,20169,C3,16.6603,19.5467,Field report,1,12
2025-12-01,20169,C3,19.0278,21.2604,Marketplace scrape,1,2
2026-02-01,20169,C3,21.3201,23.159,Distributor price list,1,5
2026-04-01,20169,C3,21.469,23.5116,Field report,1,38
2026-05-01,20169,C3,21.8749,23.5116,Distributor price list,0,21
2026-06-01,20169,C3,21.9132,23.5116,Distributor price list,1,42
2023-08-01,20169,C4,22.327,24.4214,Marketplace scrape,1,31
2023-09-01,20169,C4,22.7734,24.4214,Distributor price list,1,36
2023-11-01,20169,C4,22.6626,23.3043,Marketplace scrape,1,13
2024-01-01,20169,C4,25.239,25.2739,Field report,1,23
2024-02-01,20169,C4,25.9612,25.2739,Lost quote,1,26
2024-04-01,20169,C4,27.2504,24.7274,Field report,1,41
2024-05-01,20169,C4,26.0124,24.7274,Distributor price list,1,40
2024-06-01,20169,C4,27.1485,24.7274,Lost quote,1,24
2024-07-01,20169,C4,25.2584,24.1323,Marketplace scrape,1,40
2024-09-01,20169,C4,26.2877,24.1323,Field report,1,22
2025-01-01,20169,C4,22.7837,20.5249,Lost quote,1,45
2025-02-01,20169,C4,23.8951,20.5249,Marketplace scrape,1,37
2025-03-01,20169,C4,24.3137,20.5249,Lost quote,1,18
2025-04-01,20169,C4,22.6062,19.7443,Distributor price list,1,33
2025-05-01,20169,C4,23.5715,19.7443,Field report,0,16
2025-09-01,20169,C4,22.9908,19.5467,Marketplace scrape,1,29
2025-10-01,20169,C4,24.8034,21.2604,Marketplace scrape,1,30
2025-12-01,20169,C4,26.8222,21.2604,Distributor price list,0,26
2026-01-01,20169,C4,27.3392,23.159,Marketplace scrape,1,10
2026-02-01,20169,C4,27.2547,23.159,Lost quote,0,44
2026-06-01,20169,C4,27.4649,23.5116,Marketplace scrape,1,24
2023-08-01,20170,C1,15.2892,16.8672,Field report,1,27
2023-09-01,20170,C1,16.3264,17.2903,Field report,0,2
2023-12-01,20170,C1,15.5511,17.2802,Field report,1,30
2024-02-01,20170,C1,14.5884,17.2802,Marketplace scrape,1,32
2024-03-01,20170,C1,14.6371,17.2014,Field report,1,8
2024-04-01,20170,C1,14.0037,17.2014,Field report,1,45
2024-05-01,20170,C1,14.2529,17.2014,Lost quote,1,23
2024-06-01,20170,C1,14.401,17.4541,Field report,1,20
2024-08-01,20170,C1,14.723,17.4541,Lost quote,1,12
2024-09-01,20170,C1,15.2866,18.1521,Marketplace scrape,1,21
2024-11-01,20170,C1,15.1275,18.1521,Field report,0,16
2024-12-01,20170,C1,16.9925,19.8924,Distributor price list,1,16
2025-01-01,20170,C1,16.3475,19.8924,Lost quote,1,36
2025-02-01,20170,C1,16.9399,19.8924,Marketplace scrape,0,9
2025-03-01,20170,C1,18.8603,21.1142,Distributor price list,1,8
2025-05-01,20170,C1,19.1477,21.1142,Lost quote,1,10
2025-06-01,20170,C1,21.7725,23.2663,Marketplace scrape,1,6
2025-08-01,20170,C1,21.3621,23.2663,Lost quote,1,5
2025-09-01,20170,C1,21.7199,24.4157,Distributor price list,0,45
2025-10-01,20170,C1,22.1227,24.4157,Field report,1,45
2025-11-01,20170,C1,22.5585,24.4157,Marketplace scrape,1,39
2026-04-01,20170,C1,24.5279,26.8817,Distributor price list,1,31
2023-07-01,20170,C2,13.6302,16.8672,Lost quote,1,13
2023-08-01,20170,C2,13.9171,16.8672,Lost quote,1,39
2023-09-01,20170,C2,14.5507,17.2903,Lost quote,1,6
2023-11-01,20170,C2,14.4851,17.2903,Lost quote,1,4
2023-12-01,20170,C2,14.7376,17.2802,Distributor price list,1,40
2024-02-01,20170,C2,14.8664,17.2802,Distributor price list,1,38
2024-04-01,20170,C2,15.4316,17.2014,Distributor price list,1,29
2024-08-01,20170,C2,16.4561,17.4541,Field report,1,35
2024-10-01,20170,C2,16.7234,18.1521,Distributor price list,1,6
2024-11-01,20170,C2,17.0503,18.1521,Marketplace scrape,1,10
2024-12-01,20170,C2,18.7253,19.8924,Lost quote,1,41
2025-01-01,20170,C2,18.4756,19.8924,Distributor price list,1,1
2025-03-01,20170,C2,20.3095,21.1142,Marketplace scrape,0,23
2025-04-01,20170,C2,19.7151,21.1142,Field report,0,45
2025-06-01,20170,C2,22.0676,23.2663,Distributor price list,1,39
2025-07-01,20170,C2,23.1555,23.2663,Distributor price list,1,40
2025-08-01,20170,C2,22.2526,23.2663,Marketplace scrape,1,20
2025-09-01,20170,C2,23.4043,24.4157,Lost quote,1,37
2025-10-01,20170,C2,22.6865,24.4157,Marketplace scrape,1,31
2025-11-01,20170,C2,22.7273,24.4157,Marketplace scrape,1,35
2026-01-01,20170,C2,26.793,26.2846,Distributor price list,1,12
2026-03-01,20170,C2,27.364,26.8817,Field report,1,21
2026-05-01,20170,C2,27.3041,26.8817,Distributor price list,1,10
2026-06-01,20170,C2,30.1075,29.2528,Marketplace scrape,1,17
2023-09-01,20170,C4,15.0103,17.2903,Marketplace scrape,0,11
2023-10-01,20170,C4,14.9002,17.2903,Lost quote,1,4
2023-11-01,20170,C4,15.3428,17.2903,Distributor price list,1,1
2024-02-01,20170,C4,14.2377,17.2802,Field report,1,17
2024-03-01,20170,C4,13.9526,17.2014,Distributor price list,1,34
2024-04-01,20170,C4,14.5155,17.2014,Field report,1,9
2024-05-01,20170,C4,14.4326,17.2014,Distributor price list,1,37
2024-06-01,20170,C4,14.4194,17.4541,Field report,1,18
2024-07-01,20170,C4,13.7423,17.4541,Field report,1,28
2024-08-01,20170,C4,13.8152,17.4541,Lost quote,1,19
2024-09-01,20170,C4,15.1799,18.1521,Field report,1,24
2024-10-01,20170,C4,16.002,18.1521,Distributor price list,1,40
2025-01-01,20170,C4,17.7621,19.8924,Distributor price list,0,20
2025-02-01,20170,C4,17.9369,19.8924,Marketplace scrape,1,41
2025-05-01,20170,C4,19.332,21.1142,Lost quote,1,18
2025-06-01,20170,C4,20.2173,23.2663,Field report,0,30
2025-07-01,20170,C4,21.1219,23.2663,Lost quote,1,21
2025-08-01,20170,C4,21.3945,23.2663,Distributor price list,1,45
2025-10-01,20170,C4,21.4126,24.4157,Distributor price list,1,28
2025-11-01,20170,C4,22.3653,24.4157,Marketplace scrape,1,10
2025-12-01,20170,C4,23.4581,26.2846,Marketplace scrape,1,10
2026-01-01,20170,C4,24.0645,26.2846,Lost quote,1,26
2026-04-01,20170,C4,24.6815,26.8817,Distributor price list,1,42
2026-05-01,20170,C4,23.6736,26.8817,Field report,1,6
2023-07-01,20170,C5,18.915,16.8672,Lost quote,1,38
2023-09-01,20170,C5,18.0836,17.2903,Lost quote,1,16
2023-12-01,20170,C5,17.4233,17.2802,Distributor price list,1,33
2024-01-01,20170,C5,17.4842,17.2802,Lost quote,1,6
2024-02-01,20170,C5,18.4094,17.2802,Marketplace scrape,1,25
2024-06-01,20170,C5,18.3747,17.4541,Marketplace scrape,1,12
2024-08-01,20170,C5,18.2913,17.4541,Distributor price list,1,37
2024-11-01,20170,C5,19.2542,18.1521,Marketplace scrape,1,15
2024-12-01,20170,C5,20.6873,19.8924,Lost quote,1,33
2025-04-01,20170,C5,21.4169,21.1142,Marketplace scrape,1,8
2025-05-01,20170,C5,21.716,21.1142,Field report,1,36
2025-08-01,20170,C5,23.7019,23.2663,Distributor price list,1,34
2025-10-01,20170,C5,24.4092,24.4157,Lost quote,1,21
2025-11-01,20170,C5,25.5296,24.4157,Distributor price list,1,26
2025-12-01,20170,C5,26.8153,26.2846,Lost quote,1,30
2026-02-01,20170,C5,26.7965,26.2846,Distributor price list,1,14
2026-05-01,20170,C5,26.9315,26.8817,Distributor price list,1,38
2023-07-01,20171,C2,45.0567,53.3051,Marketplace scrape,1,7
2023-12-01,20171,C2,41.4574,45.7236,Distributor price list,1,16
2024-02-01,20171,C2,41.1244,45.8652,Distributor price list,1,45
2024-05-01,20171,C2,39.7992,44.4163,Marketplace scrape,1,17
2024-07-01,20171,C2,42.511,44.4163,Marketplace scrape,1,42
2024-08-01,20171,C2,38.1251,41.761,Marketplace scrape,1,25
2024-09-01,20171,C2,39.0737,41.761,Distributor price list,1,19
2024-11-01,20171,C2,35.8503,37.8044,Distributor price list,1,1
2024-12-01,20171,C2,35.5069,37.8044,Distributor price list,1,4
2025-01-01,20171,C2,36.848,37.8044,Lost quote,1,32
2025-02-01,20171,C2,35.6759,38.6582,Marketplace scrape,1,26
2025-04-01,20171,C2,35.0916,38.6582,Lost quote,1,28
2025-05-01,20171,C2,38.243,39.711,Distributor price list,1,19
2025-06-01,20171,C2,38.9672,39.711,Lost quote,0,42
2025-08-01,20171,C2,38.9208,38.8975,Marketplace scrape,1,38
2025-09-01,20171,C2,38.7389,38.8975,Distributor price list,1,27
2025-11-01,20171,C2,34.3288,33.6807,Field report,1,20
2026-02-01,20171,C2,53.6177,54.1465,Distributor price list,1,1
2026-04-01,20171,C2,51.8161,54.1465,Marketplace scrape,1,45
2026-05-01,20171,C2,52.7126,52.5609,Field report,1,31
2026-06-01,20171,C2,50.5178,52.5609,Lost quote,1,40
2023-09-01,20171,C4,44.8326,47.7875,Marketplace scrape,1,21
2023-10-01,20171,C4,47.0114,47.7875,Distributor price list,1,32
2023-12-01,20171,C4,43.0709,45.7236,Lost quote,1,42
2024-01-01,20171,C4,43.1666,45.7236,Field report,1,18
2024-07-01,20171,C4,41.8185,44.4163,Distributor price list,1,3
2024-09-01,20171,C4,39.6959,41.761,Distributor price list,1,12
2024-10-01,20171,C4,38.1878,41.761,Field report,1,35
2024-11-01,20171,C4,33.2856,37.8044,Distributor price list,1,41
2024-12-01,20171,C4,32.8933,37.8044,Marketplace scrape,1,38
2025-01-01,20171,C4,35.8792,37.8044,Marketplace scrape,1,15
2025-02-01,20171,C4,35.4191,38.6582,Distributor price list,1,41
2025-03-01,20171,C4,37.4607,38.6582,Distributor price list,1,36
2025-06-01,20171,C4,38.5913,39.711,Lost quote,1,18
2025-07-01,20171,C4,37.5583,39.711,Lost quote,1,30
2025-09-01,20171,C4,38.0149,38.8975,Lost quote,0,36
2025-11-01,20171,C4,34.3055,33.6807,Marketplace scrape,1,12
2025-12-01,20171,C4,34.7154,33.6807,Marketplace scrape,1,22
2026-01-01,20171,C4,54.3036,54.5205,Field report,1,10
2026-03-01,20171,C4,54.4172,54.1465,Distributor price list,1,42
2026-04-01,20171,C4,52.6339,54.1465,Lost quote,1,9
2026-05-01,20171,C4,53.34,52.5609,Distributor price list,1,15
2023-07-01,20172,C1,22.8352,24.3646,Marketplace scrape,1,19
2023-09-01,20172,C1,22.0252,24.3646,Distributor price list,1,4
2023-10-01,20172,C1,22.417,24.7017,Lost quote,1,3
2023-11-01,20172,C1,22.6179,24.7017,Marketplace scrape,1,18
2023-12-01,20172,C1,23.618,24.7017,Marketplace scrape,0,10
2024-01-01,20172,C1,20.824,21.4902,Lost quote,1,24
2024-03-01,20172,C1,20.2453,21.4902,Marketplace scrape,1,11
2024-04-01,20172,C1,21.8628,22.1846,Field report,1,14
2024-07-01,20172,C1,22.7691,23.351,Field report,1,40
2024-09-01,20172,C1,21.7819,23.351,Field report,1,22
2024-10-01,20172,C1,22.3716,23.7487,Marketplace scrape,1,42
2024-11-01,20172,C1,22.2068,23.7487,Distributor price list,1,25
2024-12-01,20172,C1,22.5007,23.7487,Lost quote,1,11
2025-01-01,20172,C1,21.7029,23.1191,Lost quote,1,24
2025-03-01,20172,C1,21.3316,23.1191,Marketplace scrape,1,22
2025-05-01,20172,C1,23.3652,25.0292,Marketplace scrape,1,33
2025-06-01,20172,C1,22.6048,25.0292,Field report,1,44
2025-07-01,20172,C1,24.3867,25.4235,Distributor price list,0,32
2025-10-01,20172,C1,23.8255,24.9176,Field report,1,9
2026-01-01,20172,C1,30.8176,34.0262,Field report,1,35
2026-02-01,20172,C1,29.6745,34.0262,Marketplace scrape,0,16
2026-05-01,20172,C1,31.0454,34.4733,Distributor price list,1,28
2023-07-01,20172,C3,24.2758,24.3646,Distributor price list,1,15
2023-08-01,20172,C3,23.9776,24.3646,Field report,1,12
2023-09-01,20172,C3,23.0429,24.3646,Distributor price list,1,28
2023-10-01,20172,C3,24.6868,24.7017,Field report,1,36
2023-11-01,20172,C3,24.9963,24.7017,Lost quote,1,45
2023-12-01,20172,C3,24.2046,24.7017,Marketplace scrape,1,44
2024-01-01,20172,C3,21.1694,21.4902,Field report,1,15
2024-02-01,20172,C3,20.5963,21.4902,Marketplace scrape,1,5
2024-03-01,20172,C3,20.4101,21.4902,Marketplace scrape,1,39
2024-04-01,20172,C3,20.9759,22.1846,Distributor price list,1,1
2024-05-01,20172,C3,21.632,22.1846,Marketplace scrape,0,6
2024-06-01,20172,C3,21.157,22.1846,Marketplace scrape,1,43
2024-07-01,20172,C3,23.9474,23.351,Field report,1,30
2024-08-01,20172,C3,23.2521,23.351,Lost quote,1,25
2024-09-01,20172,C3,23.816,23.351,Field report,1,9
2024-11-01,20172,C3,24.0007,23.7487,Lost quote,1,13
2025-04-01,20172,C3,26.4484,25.0292,Distributor price list,1,7
2025-06-01,20172,C3,26.9571,25.0292,Lost quote,1,32
2025-07-01,20172,C3,27.0074,25.4235,Lost quote,1,10
2025-08-01,20172,C3,28.396,25.4235,Marketplace scrape,1,14
2025-09-01,20172,C3,26.7261,25.4235,Marketplace scrape,1,37
2025-10-01,20172,C3,27.107,24.9176,Field report,1,40
2025-11-01,20172,C3,37.8646,35.0272,Marketplace scrape,1,8
2025-12-01,20172,C3,38.5521,35.0272,Marketplace scrape,0,42
2026-01-01,20172,C3,37.2499,34.0262,Field report,1,38
2026-04-01,20172,C3,36.0444,34.4733,Field report,1,30
2026-06-01,20172,C3,34.9755,34.4733,Marketplace scrape,1,36
2023-09-01,20172,C5,25.6243,24.3646,Lost quote,1,16
2023-11-01,20172,C5,23.8309,24.7017,Field report,1,3
2024-01-01,20172,C5,20.7104,21.4902,Lost quote,1,41
2024-02-01,20172,C5,20.6668,21.4902,Field report,1,17
2024-04-01,20172,C5,21.5704,22.1846,Field report,1,15
2024-06-01,20172,C5,20.7235,22.1846,Lost quote,1,43
2024-07-01,20172,C5,21.3924,23.351,Distributor price list,1,13
2024-08-01,20172,C5,21.0674,23.351,Marketplace scrape,1,10
2024-09-01,20172,C5,21.8589,23.351,Lost quote,1,9
2024-10-01,20172,C5,22.5156,23.7487,Lost quote,1,3
2024-11-01,20172,C5,21.3876,23.7487,Marketplace scrape,1,13
2024-12-01,20172,C5,21.6334,23.7487,Field report,1,6
2025-02-01,20172,C5,20.706,23.1191,Field report,1,25
2025-06-01,20172,C5,23.0624,25.0292,Lost quote,1,19
2025-07-01,20172,C5,23.5609,25.4235,Distributor price list,1,14
2025-10-01,20172,C5,22.6024,24.9176,Distributor price list,1,21
2025-11-01,20172,C5,29.9183,35.0272,Marketplace scrape,1,9
2025-12-01,20172,C5,29.8694,35.0272,Distributor price list,1,43
2026-01-01,20172,C5,28.9518,34.0262,Lost quote,1,14
2026-03-01,20172,C5,28.3712,34.0262,Marketplace scrape,1,2
2026-04-01,20172,C5,29.6724,34.4733,Field report,1,25
2026-06-01,20172,C5,30.47,34.4733,Lost quote,1,38
2023-07-01,20173,C1,32.4904,30.8916,Distributor price list,1,36
2023-08-01,20173,C1,34.8231,33.0866,Lost quote,1,44
2023-09-01,20173,C1,34.6081,33.0866,Distributor price list,1,8
2023-11-01,20173,C1,34.1434,30.8845,Lost quote,1,34
2023-12-01,20173,C1,35.1899,30.8845,Marketplace scrape,1,16
2024-04-01,20173,C1,29.4549,26.8527,Lost quote,1,32
2024-05-01,20173,C1,31.3408,27.1328,Distributor price list,1,11
2024-06-01,20173,C1,31.6471,27.1328,Marketplace scrape,1,13
2024-07-01,20173,C1,33.041,27.1328,Marketplace scrape,1,14
2024-08-01,20173,C1,33.8626,28.6429,Field report,1,21
2024-09-01,20173,C1,33.5543,28.6429,Field report,1,4
2024-10-01,20173,C1,32.8489,28.6429,Field report,1,32
2024-11-01,20173,C1,31.5377,26.5946,Marketplace scrape,1,7
2024-12-01,20173,C1,31.8709,26.5946,Marketplace scrape,0,16
2025-01-01,20173,C1,30.3091,26.5946,Field report,1,28
2025-02-01,20173,C1,27.9917,24.4629,Lost quote,0,10
2025-04-01,20173,C1,28.8889,24.4629,Distributor price list,1,23
2025-06-01,20173,C1,28.3461,24.2208,Distributor price list,1,14
2025-07-01,20173,C1,30.3103,24.2208,Marketplace scrape,1,32
2025-09-01,20173,C1,30.1664,24.9955,Distributor price list,1,36
2025-11-01,20173,C1,29.2074,24.1498,Lost quote,1,16
2026-03-01,20173,C1,25.9971,21.9072,Lost quote,1,41
2026-04-01,20173,C1,24.2308,21.9072,Field report,1,32
2026-06-01,20173,C1,24.1492,22.2417,Field report,1,28
2023-07-01,20173,C2,29.4215,30.8916,Distributor price list,1,41
2023-08-01,20173,C2,31.0702,33.0866,Lost quote,0,42
2023-09-01,20173,C2,30.7202,33.0866,Lost quote,0,16
2023-10-01,20173,C2,31.1955,33.0866,Field report,1,38
2023-12-01,20173,C2,28.2887,30.8845,Lost quote,1,22
2024-01-01,20173,C2,29.6248,30.8845,Lost quote,1,23
2024-03-01,20173,C2,24.6899,26.8527,Field report,1,5
2024-04-01,20173,C2,24.6664,26.8527,Distributor price list,1,30
2024-05-01,20173,C2,23.5633,27.1328,Lost quote,1,17
2024-07-01,20173,C2,24.3078,27.1328,Field report,1,43
2024-08-01,20173,C2,25.0869,28.6429,Marketplace scrape,1,45
2024-09-01,20173,C2,24.5085,28.6429,Marketplace scrape,1,32
2024-10-01,20173,C2,24.5874,28.6429,Lost quote,1,12
2024-11-01,20173,C2,22.3531,26.5946,Distributor price list,1,28
2024-12-01,20173,C2,22.9982,26.5946,Distributor price list,1,5
2025-01-01,20173,C2,22.4835,26.5946,Marketplace scrape,1,10
2025-03-01,20173,C2,20.5714,24.4629,Distributor price list,1,45
2025-04-01,20173,C2,20.0267,24.4629,Distributor price list,1,15
2025-06-01,20173,C2,19.8261,24.2208,Marketplace scrape,1,10
2025-08-01,20173,C2,20.7131,24.9955,Marketplace scrape,0,43
2025-09-01,20173,C2,20.5561,24.9955,Lost quote,1,10
2025-11-01,20173,C2,20.1613,24.1498,Lost quote,1,21
2026-01-01,20173,C2,21.0923,24.1498,Field report,1,38
2026-02-01,20173,C2,19.01,21.9072,Lost quote,1,8
2026-06-01,20173,C2,18.6508,22.2417,Distributor price list,1,26
2023-07-01,20173,C5,36.6115,30.8916,Marketplace scrape,1,32
2023-08-01,20173,C5,40.1923,33.0866,Marketplace scrape,1,39
2023-09-01,20173,C5,38.7246,33.0866,Field report,1,36
2023-11-01,20173,C5,38.1839,30.8845,Distributor price list,0,16
2023-12-01,20173,C5,36.8579,30.8845,Marketplace scrape,1,11
2024-04-01,20173,C5,32.8757,26.8527,Marketplace scrape,1,41
2024-07-01,20173,C5,31.224,27.1328,Distributor price list,1,42
2024-08-01,20173,C5,33.0038,28.6429,Lost quote,1,6
2024-09-01,20173,C5,32.8167,28.6429,Marketplace scrape,0,21
2024-10-01,20173,C5,34.1379,28.6429,Marketplace scrape,1,38
2024-11-01,20173,C5,33.336,26.5946,Distributor price list,1,14
2025-01-01,20173,C5,32.4892,26.5946,Lost quote,1,24
2025-02-01,20173,C5,29.6705,24.4629,Field report,1,42
2025-03-01,20173,C5,29.9656,24.4629,Lost quote,1,12
2025-04-01,20173,C5,30.1527,24.4629,Field report,1,28
2025-05-01,20173,C5,29.9822,24.2208,Field report,1,42
2025-06-01,20173,C5,31.038,24.2208,Field report,1,44
2025-07-01,20173,C5,29.9288,24.2208,Distributor price list,1,31
2025-08-01,20173,C5,31.9228,24.9955,Lost quote,1,12
2025-09-01,20173,C5,30.5403,24.9955,Field report,1,35
2025-10-01,20173,C5,31.8049,24.9955,Distributor price list,1,21
2025-11-01,20173,C5,31.1453,24.1498,Marketplace scrape,1,43
2025-12-01,20173,C5,29.3734,24.1498,Lost quote,1,28
2026-01-01,20173,C5,29.8103,24.1498,Distributor price list,1,1
2026-02-01,20173,C5,26.3403,21.9072,Marketplace scrape,1,22
2026-06-01,20173,C5,26.8652,22.2417,Field report,1,15
2023-07-01,20174,C1,15.1407,13.8311,Lost quote,1,5
2023-08-01,20174,C1,13.2885,12.8281,Field report,1,12
2023-09-01,20174,C1,13.4647,12.8281,Distributor price list,1,30
2023-10-01,20174,C1,13.4442,12.8281,Marketplace scrape,1,22
2023-11-01,20174,C1,12.9855,12.8281,Marketplace scrape,1,36
2023-12-01,20174,C1,12.8884,12.8281,Lost quote,1,41
2024-01-01,20174,C1,13.6109,12.8281,Marketplace scrape,1,39
2024-02-01,20174,C1,13.3423,12.8281,Distributor price list,1,15
2024-05-01,20174,C1,12.9532,12.8281,Distributor price list,1,20
2024-06-01,20174,C1,13.3121,12.8281,Distributor price list,1,10
2024-08-01,20174,C1,13.3072,12.8281,Marketplace scrape,1,41
2024-09-01,20174,C1,13.5029,12.8281,Marketplace scrape,1,8
2024-11-01,20174,C1,12.7747,12.8281,Lost quote,1,34
2024-12-01,20174,C1,13.1437,12.8281,Distributor price list,1,44
2025-01-01,20174,C1,12.7825,12.8281,Lost quote,1,12
2025-02-01,20174,C1,13.2424,12.8281,Lost quote,1,39
2025-04-01,20174,C1,12.5579,12.8281,Field report,1,33
2025-07-01,20174,C1,12.1464,12.8281,Lost quote,0,1
2025-08-01,20174,C1,11.6776,12.8281,Marketplace scrape,1,30
2025-10-01,20174,C1,11.499,12.8281,Field report,1,26
2025-11-01,20174,C1,11.8748,12.8281,Distributor price list,1,43
2026-01-01,20174,C1,11.7139,12.8281,Distributor price list,1,36
2026-04-01,20174,C1,12.3793,12.8281,Marketplace scrape,0,15
2026-05-01,20174,C1,12.4681,12.8281,Lost quote,1,18
2026-06-01,20174,C1,12.457,12.8281,Field report,1,21
2023-07-01,20174,C2,13.7168,13.8311,Distributor price list,1,28
2023-09-01,20174,C2,12.7294,12.8281,Lost quote,1,11
2023-10-01,20174,C2,13.0135,12.8281,Marketplace scrape,1,15
2023-11-01,20174,C2,12.8041,12.8281,Lost quote,1,25
2023-12-01,20174,C2,13.1107,12.8281,Lost quote,1,5
2024-01-01,20174,C2,12.3478,12.8281,Marketplace scrape,1,13
2024-04-01,20174,C2,12.3982,12.8281,Lost quote,1,21
2024-05-01,20174,C2,12.1531,12.8281,Marketplace scrape,1,3
2024-08-01,20174,C2,12.7664,12.8281,Lost quote,1,37
2024-09-01,20174,C2,12.1069,12.8281,Lost quote,1,11
2025-03-01,20174,C2,11.7066,12.8281,Field report,1,5
2025-04-01,20174,C2,11.6413,12.8281,Field report,1,14
2025-05-01,20174,C2,11.7906,12.8281,Lost quote,1,7
2025-07-01,20174,C2,11.5711,12.8281,Marketplace scrape,1,26
2025-11-01,20174,C2,12.4144,12.8281,Lost quote,1,17
2025-12-01,20174,C2,11.8596,12.8281,Marketplace scrape,0,38
2026-01-01,20174,C2,11.838,12.8281,Distributor price list,1,11
2026-02-01,20174,C2,11.9458,12.8281,Field report,0,40
2026-04-01,20174,C2,11.9315,12.8281,Field report,0,44
2026-05-01,20174,C2,11.4408,12.8281,Lost quote,1,33
2026-06-01,20174,C2,11.6164,12.8281,Distributor price list,1,9
2023-07-01,20174,C3,17.7928,13.8311,Distributor price list,1,21
2023-09-01,20174,C3,16.7029,12.8281,Distributor price list,1,14
2023-10-01,20174,C3,17.2292,12.8281,Lost quote,1,29
2024-02-01,20174,C3,15.9498,12.8281,Distributor price list,1,23
2024-03-01,20174,C3,15.7184,12.8281,Marketplace scrape,1,27
2024-09-01,20174,C3,15.9902,12.8281,Field report,1,22
2024-12-01,20174,C3,15.9674,12.8281,Field report,1,2
2025-02-01,20174,C3,16.0377,12.8281,Distributor price list,1,29
2025-05-01,20174,C3,17.2699,12.8281,Marketplace scrape,1,43
2025-07-01,20174,C3,16.8716,12.8281,Marketplace scrape,1,31
2025-08-01,20174,C3,17.5007,12.8281,Distributor price list,0,6
2025-09-01,20174,C3,17.7398,12.8281,Distributor price list,1,23
2025-10-01,20174,C3,17.5516,12.8281,Marketplace scrape,1,28
2025-11-01,20174,C3,17.4115,12.8281,Distributor price list,1,1
2026-01-01,20174,C3,17.2087,12.8281,Lost quote,0,44
2026-02-01,20174,C3,17.4453,12.8281,Distributor price list,1,7
2026-04-01,20174,C3,17.5964,12.8281,Distributor price list,1,10
2026-05-01,20174,C3,17.236,12.8281,Field report,1,4
2026-06-01,20174,C3,17.6666,12.8281,Lost quote,1,11
2023-08-01,20175,C2,16.5024,16.3973,Field report,1,10
2023-09-01,20175,C2,15.4296,16.0001,Marketplace scrape,1,27
2023-11-01,20175,C2,15.813,16.0001,Field report,1,4
2023-12-01,20175,C2,15.9236,16.3723,Lost quote,1,14
2024-02-01,20175,C2,16.1895,16.3723,Distributor price list,1,40
2024-03-01,20175,C2,15.6959,16.5259,Distributor price list,1,34
2024-05-01,20175,C2,15.9024,16.5259,Distributor price list,1,42
2024-08-01,20175,C2,14.8821,16.5478,Field report,0,19
2024-09-01,20175,C2,13.7208,15.8511,Lost quote,1,9
2024-12-01,20175,C2,14.3534,16.2763,Field report,0,28
2025-01-01,20175,C2,15.1315,16.2763,Distributor price list,1,24
2025-02-01,20175,C2,15.0483,16.2763,Distributor price list,1,9
2025-05-01,20175,C2,16.2086,16.5888,Distributor price list,0,22
2025-07-01,20175,C2,16.9941,16.8594,Marketplace scrape,1,35
2025-08-01,20175,C2,17.0963,16.8594,Marketplace scrape,1,34
2025-11-01,20175,C2,16.6285,16.7359,Distributor price list,1,37
2026-02-01,20175,C2,16.3183,15.8492,Distributor price list,1,42
2026-04-01,20175,C2,15.9576,15.3091,Distributor price list,1,9
2026-05-01,20175,C2,15.1928,15.3091,Lost quote,0,30
2023-07-01,20176,C1,46.7921,46.9443,Lost quote,1,18
2023-08-01,20176,C1,44.883,44.4692,Marketplace scrape,1,35
2023-09-01,20176,C1,46.1112,44.4692,Marketplace scrape,1,26
2023-10-01,20176,C1,44.8327,44.4692,Lost quote,1,31
2023-12-01,20176,C1,44.0597,47.0695,Distributor price list,1,26
2024-06-01,20176,C1,42.3687,44.9043,Lost quote,1,2
2024-09-01,20176,C1,43.0975,44.73,Distributor price list,1,32
2024-10-01,20176,C1,46.4344,44.73,Distributor price list,1,30
2024-11-01,20176,C1,46.3192,44.0683,Distributor price list,1,22
2024-12-01,20176,C1,45.4397,44.0683,Field report,1,13
2025-03-01,20176,C1,45.74,43.9255,Distributor price list,1,38
2025-05-01,20176,C1,48.869,45.0244,Marketplace scrape,1,18
2025-09-01,20176,C1,54.1092,48.4206,Distributor price list,1,25
2025-10-01,20176,C1,53.4215,48.4206,Field report,1,32
2025-11-01,20176,C1,53.6889,49.282,Marketplace scrape,1,22
2023-07-01,20176,C2,41.2559,46.9443,Lost quote,1,26
2023-08-01,20176,C2,40.9784,44.4692,Lost quote,1,42
2023-10-01,20176,C2,40.7364,44.4692,Lost quote,1,44
2023-11-01,20176,C2,42.4836,47.0695,Marketplace scrape,1,29
2024-01-01,20176,C2,41.0415,47.0695,Marketplace scrape,1,22
2024-02-01,20176,C2,41.5139,46.4061,Distributor price list,1,30
2024-06-01,20176,C2,37.3472,44.9043,Lost quote,1,8
2024-07-01,20176,C2,36.9258,44.9043,Field report,1,44
2024-08-01,20176,C2,37.2454,44.73,Lost quote,0,38
2024-09-01,20176,C2,37.2103,44.73,Field report,1,24
2024-10-01,20176,C2,38.2225,44.73,Marketplace scrape,1,39
2024-12-01,20176,C2,36.0439,44.0683,Marketplace scrape,1,5
2025-01-01,20176,C2,35.7893,44.0683,Marketplace scrape,0,16
2025-02-01,20176,C2,35.8841,43.9255,Marketplace scrape,0,15
2025-03-01,20176,C2,34.4409,43.9255,Field report,1,27
2025-04-01,20176,C2,35.6492,43.9255,Lost quote,1,2
2025-05-01,20176,C2,35.8077,45.0244,Marketplace scrape,1,36
2025-07-01,20176,C2,33.8053,45.0244,Marketplace scrape,1,40
2025-08-01,20176,C2,37.5485,48.4206,Distributor price list,1,40
2025-09-01,20176,C2,37.6245,48.4206,Marketplace scrape,1,34
2025-10-01,20176,C2,36.9611,48.4206,Marketplace scrape,1,19
2025-12-01,20176,C2,39.4247,49.282,Field report,1,29
2026-02-01,20176,C2,41.6833,57.254,Marketplace scrape,1,20
2026-03-01,20176,C2,42.7907,57.254,Distributor price list,0,25
2026-04-01,20176,C2,44.0852,57.254,Field report,1,27
2023-07-01,20176,C4,43.8384,46.9443,Marketplace scrape,1,6
2023-08-01,20176,C4,41.0603,44.4692,Marketplace scrape,1,7
2023-10-01,20176,C4,41.8536,44.4692,Marketplace scrape,1,32
2023-12-01,20176,C4,44.956,47.0695,Marketplace scrape,1,11
2024-01-01,20176,C4,43.9765,47.0695,Field report,1,18
2024-02-01,20176,C4,42.5421,46.4061,Distributor price list,1,18
2024-03-01,20176,C4,44.0414,46.4061,Field report,1,2
2024-04-01,20176,C4,45.9156,46.4061,Lost quote,1,12
2024-05-01,20176,C4,45.3171,44.9043,Marketplace scrape,1,32
2024-06-01,20176,C4,46.806,44.9043,Marketplace scrape,1,7
2024-07-01,20176,C4,46.389,44.9043,Lost quote,1,4
2024-08-01,20176,C4,46.4087,44.73,Lost quote,1,45
2024-09-01,20176,C4,44.6444,44.73,Field report,1,20
2024-12-01,20176,C4,44.6744,44.0683,Lost quote,1,38
2025-01-01,20176,C4,45.0582,44.0683,Lost quote,1,45
2025-03-01,20176,C4,44.7231,43.9255,Distributor price list,1,9
2025-05-01,20176,C4,43.9794,45.0244,Distributor price list,1,33
2025-06-01,20176,C4,45.3464,45.0244,Distributor price list,0,44
2025-08-01,20176,C4,47.1031,48.4206,Field report,1,4
2025-12-01,20176,C4,51.3581,49.282,Field report,1,36
2026-01-01,20176,C4,51.6517,49.282,Lost quote,1,17
2026-03-01,20176,C4,60.8093,57.254,Distributor price list,1,8
2026-04-01,20176,C4,60.8432,57.254,Distributor price list,1,25
2026-05-01,20176,C4,58.1702,54.8279,Field report,1,19
2023-09-01,20177,C1,34.9843,35.3179,Distributor price list,1,41
2023-10-01,20177,C1,35.2885,35.3179,Distributor price list,1,13
2023-11-01,20177,C1,34.6551,35.3179,Lost quote,1,35
2023-12-01,20177,C1,36.146,35.3179,Marketplace scrape,1,22
2024-01-01,20177,C1,36.3125,35.3179,Distributor price list,1,25
2024-02-01,20177,C1,34.6034,35.3179,Marketplace scrape,1,38
2024-03-01,20177,C1,33.9086,35.3179,Marketplace scrape,1,12
2024-04-01,20177,C1,34.9114,35.3179,Lost quote,1,41
2024-05-01,20177,C1,34.9033,35.3179,Marketplace scrape,1,23
2024-06-01,20177,C1,35.7573,35.3179,Field report,1,4
2024-09-01,20177,C1,33.0751,35.3179,Distributor price list,1,29
2024-11-01,20177,C1,33.4536,35.3179,Distributor price list,1,14
2025-02-01,20177,C1,30.5289,35.3179,Lost quote,1,30
2025-03-01,20177,C1,31.8991,35.3179,Lost quote,1,31
2025-04-01,20177,C1,29.7394,35.3179,Marketplace scrape,1,30
2025-06-01,20177,C1,32.4841,35.3179,Lost quote,1,30
2025-07-01,20177,C1,33.131,35.3179,Field report,1,3
2025-08-01,20177,C1,32.1298,35.3179,Lost quote,1,18
2025-09-01,20177,C1,31.2386,35.3179,Field report,1,30
2025-10-01,20177,C1,30.8468,35.3179,Lost quote,1,15
2025-11-01,20177,C1,31.1903,35.3179,Distributor price list,1,26
2025-12-01,20177,C1,32.1329,35.3179,Distributor price list,1,33
2026-01-01,20177,C1,31.8706,35.3179,Distributor price list,1,14
2026-02-01,20177,C1,30.954,35.3179,Field report,1,24
2026-03-01,20177,C1,30.4462,35.3179,Marketplace scrape,1,7
2026-04-01,20177,C1,31.9017,35.3179,Distributor price list,0,27
2026-06-01,20177,C1,30.2761,35.3179,Distributor price list,1,13
2023-09-01,20177,C4,32.2037,35.3179,Field report,1,16
2023-10-01,20177,C4,32.6229,35.3179,Distributor price list,1,31
2024-01-01,20177,C4,33.1072,35.3179,Field report,1,27
2024-02-01,20177,C4,33.6634,35.3179,Distributor price list,1,1
2024-03-01,20177,C4,34.8076,35.3179,Field report,0,27
2024-04-01,20177,C4,33.9615,35.3179,Distributor price list,1,20
2024-06-01,20177,C4,33.1887,35.3179,Distributor price list,1,41
2024-07-01,20177,C4,32.614,35.3179,Marketplace scrape,1,12
2024-09-01,20177,C4,32.3139,35.3179,Lost quote,1,12
2024-10-01,20177,C4,34.022,35.3179,Distributor price list,1,25
2025-02-01,20177,C4,31.4884,35.3179,Field report,1,38
2025-05-01,20177,C4,31.282,35.3179,Distributor price list,1,17
2025-07-01,20177,C4,30.5042,35.3179,Field report,1,16
2025-09-01,20177,C4,30.7706,35.3179,Field report,1,36
2025-11-01,20177,C4,31.517,35.3179,Lost quote,1,24
2026-01-01,20177,C4,30.4308,35.3179,Distributor price list,0,44
2026-04-01,20177,C4,32.0087,35.3179,Lost quote,1,8
2023-08-01,20178,C1,35.1945,36.6226,Lost quote,1,30
2023-10-01,20178,C1,33.5888,35.7565,Field report,1,1
2024-02-01,20178,C1,33.8132,35.9067,Marketplace scrape,0,43
2024-03-01,20178,C1,34.4507,35.9067,Field report,1,39
2024-04-01,20178,C1,31.6079,32.2806,Field report,1,10
2024-06-01,20178,C1,30.2818,32.2806,Distributor price list,1,1
2024-07-01,20178,C1,27.7663,29.0008,Lost quote,1,30
2024-08-01,20178,C1,27.0698,29.0008,Marketplace scrape,1,15
2024-09-01,20178,C1,27.5691,29.0008,Distributor price list,1,22
2024-10-01,20178,C1,23.4042,23.5067,Marketplace scrape,1,38
2024-11-01,20178,C1,23.2533,23.5067,Lost quote,1,18
2024-12-01,20178,C1,22.725,23.5067,Lost quote,1,42
2025-02-01,20178,C1,24.7335,23.3648,Lost quote,0,15
2025-03-01,20178,C1,23.7434,23.3648,Field report,1,8
2025-04-01,20178,C1,21.0973,21.662,Marketplace scrape,1,15
2025-06-01,20178,C1,21.1477,21.662,Field report,1,35
2025-07-01,20178,C1,21.4316,22.3988,Marketplace scrape,1,5
2025-08-01,20178,C1,20.9621,22.3988,Marketplace scrape,1,7
2025-09-01,20178,C1,20.7453,22.3988,Field report,1,17
2025-10-01,20178,C1,21.8212,24.0225,Marketplace scrape,1,39
2025-12-01,20178,C1,22.7244,24.0225,Field report,1,14
2026-01-01,20178,C1,25.4403,26.4885,Distributor price list,1,5
2026-02-01,20178,C1,24.5108,26.4885,Field report,1,18
2026-03-01,20178,C1,24.7491,26.4885,Field report,1,12
2026-04-01,20178,C1,23.8213,26.1913,Distributor price list,0,25
2026-06-01,20178,C1,23.8985,26.1913,Distributor price list,1,37
2023-07-01,20178,C2,31.5784,36.6226,Marketplace scrape,1,30
2023-09-01,20178,C2,31.7856,36.6226,Field report,1,32
2023-11-01,20178,C2,29.7924,35.7565,Lost quote,1,37
2023-12-01,20178,C2,31.0491,35.7565,Distributor price list,1,41
2024-01-01,20178,C2,30.8162,35.9067,Field report,1,32
2024-02-01,20178,C2,30.4445,35.9067,Marketplace scrape,1,40
2024-03-01,20178,C2,32.5498,35.9067,Field report,0,13
2024-04-01,20178,C2,28.6581,32.2806,Field report,1,6
2024-06-01,20178,C2,26.4378,32.2806,Distributor price list,1,42
2024-09-01,20178,C2,24.8672,29.0008,Distributor price list,1,28
2024-11-01,20178,C2,19.4266,23.5067,Marketplace scrape,1,28
2025-01-01,20178,C2,19.0695,23.3648,Field report,1,14
2025-02-01,20178,C2,19.2085,23.3648,Field report,1,24
2025-04-01,20178,C2,16.8829,21.662,Distributor price list,1,1
2025-06-01,20178,C2,17.3032,21.662,Field report,1,19
2025-07-01,20178,C2,17.7126,22.3988,Distributor price list,1,25
2025-08-01,20178,C2,17.8755,22.3988,Marketplace scrape,1,34
2025-09-01,20178,C2,17.4895,22.3988,Distributor price list,1,34
2025-10-01,20178,C2,19.2494,24.0225,Field report,1,10
2025-11-01,20178,C2,19.5102,24.0225,Distributor price list,1,22
2025-12-01,20178,C2,19.3083,24.0225,Marketplace scrape,1,14
2026-03-01,20178,C2,22.1448,26.4885,Distributor price list,0,32
2026-05-01,20178,C2,22.8621,26.1913,Lost quote,0,3
2023-07-01,20178,C3,38.7525,36.6226,Field report,1,28
2023-08-01,20178,C3,36.9513,36.6226,Marketplace scrape,1,32
2023-09-01,20178,C3,37.0346,36.6226,Marketplace scrape,1,44
2023-11-01,20178,C3,36.1587,35.7565,Marketplace scrape,1,13
2023-12-01,20178,C3,36.3103,35.7565,Field report,1,4
2024-01-01,20178,C3,36.5825,35.9067,Field report,1,27
2024-02-01,20178,C3,35.0465,35.9067,Field report,1,19
2024-04-01,20178,C3,32.2448,32.2806,Marketplace scrape,0,29
2024-05-01,20178,C3,34.0708,32.2806,Field report,1,41
2024-11-01,20178,C3,25.7614,23.5067,Field report,1,20
2024-12-01,20178,C3,24.9889,23.5067,Field report,1,42
2025-01-01,20178,C3,25.7019,23.3648,Marketplace scrape,1,11
2025-04-01,20178,C3,25.9998,21.662,Distributor price list,1,31
2025-12-01,20178,C3,28.7089,24.0225,Distributor price list,1,37
2026-01-01,20178,C3,32.4203,26.4885,Marketplace scrape,1,39
2026-04-01,20178,C3,32.1219,26.1913,Distributor price list,1,39
2026-06-01,20178,C3,31.457,26.1913,Distributor price list,1,36
2023-08-01,20179,C1,48.0831,44.4877,Lost quote,1,38
2023-09-01,20179,C1,48.3427,44.4877,Field report,1,27
2023-11-01,20179,C1,50.4007,44.4877,Marketplace scrape,1,36
2024-01-01,20179,C1,51.1145,44.4877,Marketplace scrape,1,20
2024-02-01,20179,C1,47.6344,42.9314,Marketplace scrape,0,11
2024-04-01,20179,C1,49.5566,42.9314,Field report,1,43
2024-06-01,20179,C1,50.3419,42.9314,Field report,1,44
2024-07-01,20179,C1,51.6467,42.9314,Lost quote,1,16
2024-08-01,20179,C1,54.8293,47.1026,Distributor price list,1,35
2024-10-01,20179,C1,53.5251,47.1026,Lost quote,1,31
2024-12-01,20179,C1,55.524,47.1026,Lost quote,1,39
2025-01-01,20179,C1,54.4852,47.1026,Marketplace scrape,1,28
2025-02-01,20179,C1,48.3053,42.6626,Distributor price list,1,22
2025-03-01,20179,C1,47.4568,42.6626,Field report,1,34
2025-04-01,20179,C1,49.9924,42.6626,Marketplace scrape,1,37
2025-06-01,20179,C1,50.6477,42.6626,Marketplace scrape,1,17
2025-08-01,20179,C1,53.4828,46.1465,Distributor price list,0,42
2025-09-01,20179,C1,50.7424,46.1465,Field report,1,13
2025-10-01,20179,C1,53.0633,46.1465,Marketplace scrape,0,21
2025-11-01,20179,C1,51.9486,46.1465,Marketplace scrape,1,40
2025-12-01,20179,C1,52.341,46.1465,Marketplace scrape,1,32
2026-02-01,20179,C1,51.8106,45.9419,Field report,1,27
2026-04-01,20179,C1,48.6574,45.9419,Marketplace scrape,1,22
2023-07-01,20179,C3,56.3592,44.8127,Lost quote,1,30
2023-08-01,20179,C3,55.9896,44.4877,Marketplace scrape,0,24
2024-01-01,20179,C3,55.1071,44.4877,Marketplace scrape,1,21
2024-03-01,20179,C3,53.6574,42.9314,Field report,1,29
2024-06-01,20179,C3,51.4507,42.9314,Marketplace scrape,1,3
2024-08-01,20179,C3,57.1924,47.1026,Distributor price list,1,33
2024-09-01,20179,C3,59.7751,47.1026,Lost quote,1,27
2024-11-01,20179,C3,60.9604,47.1026,Distributor price list,1,12
2024-12-01,20179,C3,60.8565,47.1026,Lost quote,1,16
2025-01-01,20179,C3,58.9297,47.1026,Distributor price list,1,42
2025-02-01,20179,C3,53.9895,42.6626,Field report,1,13
2025-04-01,20179,C3,57.6479,42.6626,Lost quote,1,34
2025-06-01,20179,C3,59.51,42.6626,Lost quote,1,22
2025-08-01,20179,C3,63.707,46.1465,Field report,1,43
2025-09-01,20179,C3,62.8665,46.1465,Lost quote,1,41
2025-10-01,20179,C3,64.4124,46.1465,Marketplace scrape,1,10
2025-11-01,20179,C3,65.8157,46.1465,Field report,1,43
2025-12-01,20179,C3,66.1064,46.1465,Marketplace scrape,1,17
2026-01-01,20179,C3,66.9374,46.1465,Field report,1,24
2026-04-01,20179,C3,66.0225,45.9419,Lost quote,0,3
2026-05-01,20179,C3,66.7753,45.9419,Distributor price list,0,28
2026-06-01,20179,C3,64.857,45.9419,Field report,1,36
2023-07-01,20179,C4,46.7906,44.8127,Distributor price list,1,22
2023-09-01,20179,C4,46.523,44.4877,Lost quote,1,8
2023-11-01,20179,C4,46.3259,44.4877,Distributor price list,1,23
2024-03-01,20179,C4,40.969,42.9314,Marketplace scrape,1,33
2024-08-01,20179,C4,48.3582,47.1026,Distributor price list,1,41
2024-09-01,20179,C4,48.9615,47.1026,Lost quote,0,23
2024-12-01,20179,C4,51.2818,47.1026,Lost quote,1,27
2025-02-01,20179,C4,46.19,42.6626,Lost quote,1,4
2025-03-01,20179,C4,43.9934,42.6626,Marketplace scrape,1,32
2025-04-01,20179,C4,43.8285,42.6626,Distributor price list,1,26
2025-05-01,20179,C4,44.3573,42.6626,Marketplace scrape,1,23
2025-06-01,20179,C4,43.0061,42.6626,Marketplace scrape,1,5
2025-07-01,20179,C4,44.4445,42.6626,Field report,1,12
2025-08-01,20179,C4,50.79,46.1465,Marketplace scrape,1,10
2025-09-01,20179,C4,47.4165,46.1465,Lost quote,1,9
2025-10-01,20179,C4,49.0323,46.1465,Marketplace scrape,1,21
2025-12-01,20179,C4,46.3606,46.1465,Distributor price list,1,21
2026-01-01,20179,C4,44.7087,46.1465,Lost quote,1,38
2026-03-01,20179,C4,45.4391,45.9419,Marketplace scrape,1,19
2026-04-01,20179,C4,46.5054,45.9419,Field report,1,15
2026-05-01,20179,C4,43.6708,45.9419,Marketplace scrape,1,1
2026-06-01,20179,C4,46.0058,45.9419,Distributor price list,1,32
2023-07-01,20180,C1,18.5395,17.5932,Marketplace scrape,1,2
2023-08-01,20180,C1,18.6971,17.5932,Marketplace scrape,1,14
2023-09-01,20180,C1,18.3871,17.5932,Distributor price list,1,41
2024-01-01,20180,C1,19.2833,17.4942,Lost quote,1,28
2024-03-01,20180,C1,18.1308,17.4942,Marketplace scrape,1,13
2024-04-01,20180,C1,18.1921,17.2146,Marketplace scrape,1,9
2024-08-01,20180,C1,19.2446,17.4905,Field report,1,29
2024-09-01,20180,C1,17.6244,17.4905,Marketplace scrape,1,9
2024-10-01,20180,C1,17.7936,17.7451,Distributor price list,1,45
2024-11-01,20180,C1,17.859,17.7451,Field report,1,27
2024-12-01,20180,C1,18.9599,17.7451,Distributor price list,1,40
2025-01-01,20180,C1,18.6698,17.3529,Marketplace scrape,1,12
2025-03-01,20180,C1,18.737,17.3529,Marketplace scrape,1,44
2025-05-01,20180,C1,18.0389,16.6857,Distributor price list,1,42
2025-06-01,20180,C1,17.8683,16.6857,Field report,1,11
2025-09-01,20180,C1,18.196,16.3876,Field report,1,38
2025-10-01,20180,C1,17.7162,16.4362,Marketplace scrape,1,21
2026-01-01,20180,C1,18.4416,17.058,Field report,1,41
2026-02-01,20180,C1,18.5678,17.058,Lost quote,1,3
2026-04-01,20180,C1,18.7787,17.3155,Distributor price list,1,11
2026-05-01,20180,C1,19.4434,17.3155,Marketplace scrape,1,43
2023-07-01,20180,C2,16.6746,17.5932,Marketplace scrape,1,8
2023-08-01,20180,C2,16.2269,17.5932,Distributor price list,1,18
2023-11-01,20180,C2,15.2341,17.2434,Field report,1,43
2023-12-01,20180,C2,15.4575,17.2434,Field report,0,9
2024-01-01,20180,C2,15.4908,17.4942,Distributor price list,0,41
2024-02-01,20180,C2,15.6003,17.4942,Marketplace scrape,1,19
2024-04-01,20180,C2,15.0243,17.2146,Field report,1,14
2024-05-01,20180,C2,14.8744,17.2146,Lost quote,1,9
2024-06-01,20180,C2,14.6397,17.2146,Distributor price list,1,11
2024-09-01,20180,C2,15.8498,17.4905,Marketplace scrape,1,21
2024-10-01,20180,C2,15.6328,17.7451,Marketplace scrape,0,12
2025-02-01,20180,C2,15.233,17.3529,Distributor price list,1,27
2025-03-01,20180,C2,15.8524,17.3529,Field report,1,23
2025-04-01,20180,C2,15.107,16.6857,Distributor price list,1,25
2025-07-01,20180,C2,14.9442,16.3876,Lost quote,1,3
2025-10-01,20180,C2,15.574,16.4362,Field report,1,26
2025-11-01,20180,C2,14.9183,16.4362,Lost quote,1,11
2025-12-01,20180,C2,14.4443,16.4362,Marketplace scrape,1,37
2026-01-01,20180,C2,15.4588,17.058,Distributor price list,1,5
2026-02-01,20180,C2,14.8541,17.058,Marketplace scrape,1,18
2026-04-01,20180,C2,16.1079,17.3155,Field report,1,5
2026-05-01,20180,C2,16.0429,17.3155,Distributor price list,1,45
2026-06-01,20180,C2,16.53,17.3155,Field report,1,39
2023-07-01,20180,C3,20.0972,17.5932,Distributor price list,1,28
2023-09-01,20180,C3,19.5675,17.5932,Distributor price list,1,17
2023-10-01,20180,C3,20.2211,17.2434,Distributor price list,1,6
2023-12-01,20180,C3,20.0059,17.2434,Lost quote,1,34
2024-01-01,20180,C3,19.7363,17.4942,Marketplace scrape,1,28
2024-02-01,20180,C3,19.7039,17.4942,Lost quote,1,24
2024-03-01,20180,C3,19.039,17.4942,Marketplace scrape,1,7
2024-05-01,20180,C3,17.7318,17.2146,Field report,1,7
2024-06-01,20180,C3,18.4093,17.2146,Lost quote,1,4
2024-07-01,20180,C3,18.4969,17.4905,Field report,1,32
2024-08-01,20180,C3,18.6908,17.4905,Field report,1,44
2024-09-01,20180,C3,18.8225,17.4905,Marketplace scrape,1,11
2024-11-01,20180,C3,19.8168,17.7451,Field report,0,1
2024-12-01,20180,C3,18.4428,17.7451,Field report,1,4
2025-01-01,20180,C3,17.3222,17.3529,Marketplace scrape,1,9
2025-02-01,20180,C3,18.0012,17.3529,Marketplace scrape,1,40
2025-03-01,20180,C3,17.5915,17.3529,Marketplace scrape,1,6
2025-04-01,20180,C3,17.0123,16.6857,Lost quote,1,13
2025-06-01,20180,C3,16.4162,16.6857,Field report,1,2
2025-07-01,20180,C3,16.8589,16.3876,Distributor price list,1,17
2025-09-01,20180,C3,15.8485,16.3876,Lost quote,0,19
2025-10-01,20180,C3,17.0218,16.4362,Distributor price list,1,32
2025-12-01,20180,C3,16.7993,16.4362,Lost quote,1,17
2026-01-01,20180,C3,18.4011,17.058,Marketplace scrape,1,23
2026-03-01,20180,C3,18.5065,17.058,Field report,1,30
2026-06-01,20180,C3,18.7658,17.3155,Field report,1,13
2023-07-01,20180,C4,16.9692,17.5932,Lost quote,1,16
2023-08-01,20180,C4,16.0959,17.5932,Marketplace scrape,0,3
2023-09-01,20180,C4,16.8663,17.5932,Lost quote,1,27
2023-11-01,20180,C4,16.3787,17.2434,Marketplace scrape,1,38
2023-12-01,20180,C4,16.3407,17.2434,Field report,1,4
2024-03-01,20180,C4,16.4659,17.4942,Lost quote,1,29
2024-07-01,20180,C4,16.7249,17.4905,Marketplace scrape,1,28
2024-08-01,20180,C4,16.653,17.4905,Field report,1,38
2024-10-01,20180,C4,17.314,17.7451,Distributor price list,1,43
2024-11-01,20180,C4,18.5456,17.7451,Distributor price list,1,37
2024-12-01,20180,C4,17.5025,17.7451,Distributor price list,1,11
2025-01-01,20180,C4,17.428,17.3529,Lost quote,1,7
2025-02-01,20180,C4,17.5904,17.3529,Marketplace scrape,1,6
2025-05-01,20180,C4,16.5514,16.6857,Field report,1,14
2025-07-01,20180,C4,15.9348,16.3876,Marketplace scrape,1,4
2025-08-01,20180,C4,15.6153,16.3876,Lost quote,1,6
2025-09-01,20180,C4,15.5009,16.3876,Field report,1,7
2025-10-01,20180,C4,16.027,16.4362,Distributor price list,0,6
2025-11-01,20180,C4,15.8112,16.4362,Lost quote,1,34
2026-01-01,20180,C4,16.9631,17.058,Field report,1,12
2026-02-01,20180,C4,16.6332,17.058,Lost quote,1,36
2026-03-01,20180,C4,15.9676,17.058,Field report,1,33
2026-04-01,20180,C4,16.035,17.3155,Marketplace scrape,1,19
2026-05-01,20180,C4,16.1582,17.3155,Marketplace scrape,1,45
2023-08-01,20181,C1,13.0361,15.2291,Field report,0,11
2023-09-01,20181,C1,12.3516,15.2291,Distributor price list,1,2
2023-11-01,20181,C1,11.7552,14.959,Distributor price list,1,4
2024-02-01,20181,C1,11.5414,14.2122,Marketplace scrape,1,2
2024-04-01,20181,C1,12.1002,14.2122,Distributor price list,1,23
2024-06-01,20181,C1,12.8399,15.2171,Field report,1,12
2024-08-01,20181,C1,13.4276,16.3287,Marketplace scrape,1,26
2024-10-01,20181,C1,13.6533,16.3287,Marketplace scrape,1,15
2025-01-01,20181,C1,12.5213,15.5109,Distributor price list,1,28
2025-03-01,20181,C1,13.2507,15.7917,Field report,1,14
2025-06-01,20181,C1,12.693,16.0053,Lost quote,1,13
2025-08-01,20181,C1,14.9672,17.3456,Marketplace scrape,1,41
2025-09-01,20181,C1,15.0465,17.3456,Lost quote,1,37
2025-10-01,20181,C1,14.7114,17.3456,Field report,1,2
2026-01-01,20181,C1,16.4027,18.0404,Marketplace scrape,1,28
2026-04-01,20181,C1,16.1169,18.5457,Field report,1,39
2026-05-01,20181,C1,16.7536,19.831,Lost quote,1,27
2026-06-01,20181,C1,16.589,19.831,Marketplace scrape,1,18
2023-10-01,20181,C2,11.3725,15.2291,Distributor price list,1,9
2023-11-01,20181,C2,11.6009,14.959,Field report,1,41
2024-05-01,20181,C2,11.8121,15.2171,Distributor price list,1,34
2024-11-01,20181,C2,11.47,15.5109,Distributor price list,1,43
2025-01-01,20181,C2,11.5052,15.5109,Marketplace scrape,1,3
2025-02-01,20181,C2,11.8933,15.7917,Field report,1,15
2025-03-01,20181,C2,12.3422,15.7917,Field report,1,34
2025-05-01,20181,C2,12.3021,16.0053,Lost quote,1,28
2025-06-01,20181,C2,12.0688,16.0053,Distributor price list,1,35
2025-08-01,20181,C2,13.0971,17.3456,Distributor price list,1,9
2025-09-01,20181,C2,12.9255,17.3456,Marketplace scrape,1,39
2025-11-01,20181,C2,13.565,18.0404,Field report,1,33
2026-02-01,20181,C2,14.6241,18.5457,Lost quote,1,29
2026-05-01,20181,C2,15.492,19.831,Field report,1,31
2026-06-01,20181,C2,14.9386,19.831,Lost quote,1,5
2023-08-01,20181,C4,12.3076,15.2291,Lost quote,1,10
2023-09-01,20181,C4,12.3186,15.2291,Marketplace scrape,1,31
2023-10-01,20181,C4,12.7619,15.2291,Lost quote,1,29
2023-11-01,20181,C4,12.4229,14.959,Distributor price list,1,5
2023-12-01,20181,C4,12.0921,14.959,Distributor price list,1,20
2024-02-01,20181,C4,11.8764,14.2122,Lost quote,1,2
2024-03-01,20181,C4,11.6799,14.2122,Marketplace scrape,1,39
2024-04-01,20181,C4,12.0647,14.2122,Field report,1,24
2024-05-01,20181,C4,12.1166,15.2171,Field report,1,8
2024-06-01,20181,C4,12.1752,15.2171,Field report,1,14
2024-09-01,20181,C4,12.9741,16.3287,Field report,1,9
2024-10-01,20181,C4,12.8766,16.3287,Distributor price list,1,44
2024-12-01,20181,C4,12.3448,15.5109,Field report,1,11
2025-01-01,20181,C4,12.211,15.5109,Marketplace scrape,1,35
2025-03-01,20181,C4,12.0824,15.7917,Lost quote,1,5
2025-05-01,20181,C4,12.5777,16.0053,Marketplace scrape,1,11
2025-06-01,20181,C4,12.8078,16.0053,Marketplace scrape,1,40
2025-08-01,20181,C4,14.1595,17.3456,Distributor price list,1,26
2025-10-01,20181,C4,14.2536,17.3456,Lost quote,1,26
2025-11-01,20181,C4,13.8851,18.0404,Lost quote,1,13
2025-12-01,20181,C4,14.4849,18.0404,Field report,1,42
2026-02-01,20181,C4,15.3869,18.5457,Distributor price list,1,38
2026-04-01,20181,C4,14.7879,18.5457,Marketplace scrape,1,12
2026-05-01,20181,C4,15.7461,19.831,Field report,1,28
2026-06-01,20181,C4,15.5144,19.831,Marketplace scrape,1,8
2023-07-01,20181,C5,16.7802,15.9118,Field report,1,44
2023-08-01,20181,C5,16.0615,15.2291,Lost quote,1,22
2023-10-01,20181,C5,15.5282,15.2291,Field report,1,22
2023-11-01,20181,C5,15.452,14.959,Distributor price list,1,45
2023-12-01,20181,C5,15.8142,14.959,Field report,1,40
2024-02-01,20181,C5,15.6471,14.2122,Field report,1,1
2024-03-01,20181,C5,14.6487,14.2122,Field report,1,5
2024-05-01,20181,C5,16.4918,15.2171,Lost quote,1,20
2024-06-01,20181,C5,16.2085,15.2171,Distributor price list,1,39
2024-09-01,20181,C5,17.857,16.3287,Lost quote,1,43
2024-10-01,20181,C5,17.4602,16.3287,Marketplace scrape,0,34
2024-11-01,20181,C5,16.339,15.5109,Field report,1,10
2024-12-01,20181,C5,16.9926,15.5109,Marketplace scrape,1,1
2025-03-01,20181,C5,16.1134,15.7917,Lost quote,1,8
2025-05-01,20181,C5,16.221,16.0053,Distributor price list,1,42
2025-07-01,20181,C5,15.9465,16.0053,Distributor price list,1,26
2025-08-01,20181,C5,16.7283,17.3456,Lost quote,1,7
2025-09-01,20181,C5,16.5563,17.3456,Lost quote,1,35
2025-10-01,20181,C5,16.1947,17.3456,Lost quote,1,36
2025-11-01,20181,C5,17.7671,18.0404,Marketplace scrape,1,37
2025-12-01,20181,C5,18.107,18.0404,Lost quote,1,39
2026-03-01,20181,C5,18.6048,18.5457,Marketplace scrape,1,29
2026-05-01,20181,C5,19.7453,19.831,Lost quote,1,37
2026-06-01,20181,C5,20.4898,19.831,Distributor price list,1,14
2023-08-01,20182,C1,34.82,36.9733,Lost quote,1,23
2023-09-01,20182,C1,34.6405,36.9733,Field report,1,30
2024-01-01,20182,C1,34.2973,36.2402,Marketplace scrape,1,22
2024-02-01,20182,C1,31.4656,34.6536,Marketplace scrape,1,18
2024-03-01,20182,C1,32.7516,34.6536,Distributor price list,0,23
2024-05-01,20182,C1,32.0878,34.5875,Field report,0,15
2024-07-01,20182,C1,33.2416,34.5875,Lost quote,1,9
2024-08-01,20182,C1,32.1823,34.4509,Field report,1,26
2024-11-01,20182,C1,33.7093,35.5345,Distributor price list,1,44
2025-01-01,20182,C1,34.062,35.5345,Marketplace scrape,1,11
2025-02-01,20182,C1,33.3377,34.7811,Lost quote,1,22
2025-05-01,20182,C1,32.9307,33.578,Distributor price list,1,12
2025-07-01,20182,C1,31.9554,33.578,Field report,1,15
2025-09-01,20182,C1,31.7476,33.8296,Field report,1,33
2025-11-01,20182,C1,29.5391,31.4568,Distributor price list,1,29
2025-12-01,20182,C1,29.2706,31.4568,Field report,1,7
2026-03-01,20182,C1,25.4519,28.9507,Distributor price list,1,43
2026-05-01,20182,C1,25.0342,27.4953,Field report,1,20
2026-06-01,20182,C1,24.5461,27.4953,Marketplace scrape,1,18
2023-08-01,20182,C4,33.7569,36.9733,Distributor price list,1,36
2023-10-01,20182,C4,32.7108,36.9733,Distributor price list,1,17
2023-12-01,20182,C4,30.871,36.2402,Lost quote,1,43
2024-02-01,20182,C4,30.9906,34.6536,Marketplace scrape,1,37
2024-03-01,20182,C4,31.3628,34.6536,Lost quote,1,14
2024-04-01,20182,C4,31.2998,34.6536,Field report,0,38
2024-06-01,20182,C4,31.6429,34.5875,Distributor price list,1,43
2024-08-01,20182,C4,29.1598,34.4509,Field report,0,1
2024-09-01,20182,C4,29.6847,34.4509,Field report,1,3
2024-10-01,20182,C4,29.1612,34.4509,Lost quote,1,10
2024-11-01,20182,C4,30.773,35.5345,Distributor price list,1,42
2025-01-01,20182,C4,30.4343,35.5345,Distributor price list,0,36
2025-03-01,20182,C4,31.9109,34.7811,Marketplace scrape,1,3
2025-04-01,20182,C4,29.9248,34.7811,Lost quote,1,9
2025-05-01,20182,C4,29.4138,33.578,Field report,1,16
2025-06-01,20182,C4,28.7363,33.578,Field report,1,27
2025-08-01,20182,C4,29.0336,33.8296,Distributor price list,1,12
2025-09-01,20182,C4,29.6984,33.8296,Lost quote,1,5
2025-11-01,20182,C4,25.1716,31.4568,Marketplace scrape,1,34
2026-01-01,20182,C4,26.8441,31.4568,Distributor price list,1,7
2026-02-01,20182,C4,23.2032,28.9507,Lost quote,1,4
2026-03-01,20182,C4,23.2883,28.9507,Lost quote,1,9
2026-04-01,20182,C4,23.1753,28.9507,Field report,1,32
2026-05-01,20182,C4,22.2815,27.4953,Marketplace scrape,1,21
2023-07-01,20183,C2,91.1373,99.2203,Distributor price list,1,1
2023-09-01,20183,C2,84.1898,99.2203,Lost quote,1,9
2023-10-01,20183,C2,83.9723,99.7006,Distributor price list,1,40
2023-11-01,20183,C2,82.578,99.7006,Distributor price list,1,5
2023-12-01,20183,C2,83.1668,99.7006,Marketplace scrape,1,2
2024-01-01,20183,C2,69.1739,82.5282,Marketplace scrape,1,6
2024-02-01,20183,C2,65.396,82.5282,Lost quote,1,26
2024-03-01,20183,C2,70.1557,82.5282,Lost quote,1,35
2024-05-01,20183,C2,72.9205,87.898,Distributor price list,1,1
2024-06-01,20183,C2,70.6022,87.898,Field report,1,14
2024-07-01,20183,C2,77.2488,92.6178,Distributor price list,1,26
2024-09-01,20183,C2,73.3107,92.6178,Marketplace scrape,1,36
2024-12-01,20183,C2,72.0474,89.5027,Marketplace scrape,1,31
2025-02-01,20183,C2,70.2377,92.3818,Distributor price list,1,38
2025-04-01,20183,C2,78.6183,93.9166,Marketplace scrape,1,8
2025-05-01,20183,C2,76.659,93.9166,Field report,1,34
2025-06-01,20183,C2,73.87,93.9166,Distributor price list,1,28
2025-07-01,20183,C2,66.46,84.265,Distributor price list,1,37
2025-08-01,20183,C2,66.6368,84.265,Marketplace scrape,1,44
2025-10-01,20183,C2,59.8303,79.4006,Distributor price list,1,26
2026-01-01,20183,C2,60.9491,81.6904,Field report,1,1
2026-03-01,20183,C2,57.3487,81.6904,Marketplace scrape,1,29
2026-04-01,20183,C2,59.052,81.581,Distributor price list,1,41
2026-05-01,20183,C2,54.6699,81.581,Field report,1,29
2026-06-01,20183,C2,56.8649,81.581,Marketplace scrape,1,15
2023-09-01,20183,C3,110.0346,99.2203,Lost quote,1,29
2023-10-01,20183,C3,108.8365,99.7006,Marketplace scrape,1,7
2023-11-01,20183,C3,109.5083,99.7006,Lost quote,1,13
2023-12-01,20183,C3,106.8497,99.7006,Distributor price list,1,41
2024-03-01,20183,C3,90.841,82.5282,Field report,1,36
2024-04-01,20183,C3,98.9122,87.898,Distributor price list,0,25
2024-05-01,20183,C3,97.2173,87.898,Field report,1,8
2024-06-01,20183,C3,92.5348,87.898,Field report,1,34
2024-08-01,20183,C3,95.8664,92.6178,Field report,1,28
2024-10-01,20183,C3,92.3097,89.5027,Distributor price list,1,22
2024-11-01,20183,C3,92.9622,89.5027,Marketplace scrape,1,23
2025-02-01,20183,C3,92.04,92.3818,Field report,1,21
2025-03-01,20183,C3,95.0609,92.3818,Distributor price list,1,2
2025-05-01,20183,C3,92.0057,93.9166,Distributor price list,1,45
2025-07-01,20183,C3,86.13,84.265,Field report,1,39
2025-08-01,20183,C3,84.6177,84.265,Field report,0,20
2025-10-01,20183,C3,77.6976,79.4006,Distributor price list,1,22
2025-11-01,20183,C3,75.1262,79.4006,Lost quote,1,25
2026-01-01,20183,C3,79.485,81.6904,Field report,1,24
2026-02-01,20183,C3,77.8009,81.6904,Distributor price list,1,1
2026-03-01,20183,C3,79.8634,81.6904,Marketplace scrape,1,5
2026-05-01,20183,C3,77.1439,81.581,Marketplace scrape,1,24
2023-07-01,20183,C5,110.5035,99.2203,Marketplace scrape,1,3
2023-11-01,20183,C5,119.1274,99.7006,Marketplace scrape,1,1
2023-12-01,20183,C5,115.9162,99.7006,Distributor price list,1,45
2024-01-01,20183,C5,96.7912,82.5282,Lost quote,1,30
2024-02-01,20183,C5,99.8634,82.5282,Marketplace scrape,1,43
2024-03-01,20183,C5,97.5945,82.5282,Lost quote,1,18
2024-06-01,20183,C5,107.0413,87.898,Marketplace scrape,1,4
2024-08-01,20183,C5,107.7394,92.6178,Lost quote,1,40
2024-10-01,20183,C5,105.0919,89.5027,Distributor price list,1,14
2024-11-01,20183,C5,104.727,89.5027,Distributor price list,1,21
2024-12-01,20183,C5,111.2483,89.5027,Distributor price list,1,11
2025-02-01,20183,C5,111.3517,92.3818,Field report,1,39
2025-03-01,20183,C5,113.5052,92.3818,Field report,1,13
2025-04-01,20183,C5,111.4064,93.9166,Lost quote,1,18
2025-06-01,20183,C5,116.4355,93.9166,Lost quote,1,13
2025-09-01,20183,C5,103.2851,84.265,Distributor price list,0,21
2025-11-01,20183,C5,102.465,79.4006,Lost quote,1,8
2026-05-01,20183,C5,102.6997,81.581,Distributor price list,1,12
2023-07-01,20184,C1,217.8174,193.6602,Lost quote,1,29
2023-08-01,20184,C1,201.9789,180.0445,Marketplace scrape,1,9
2023-10-01,20184,C1,199.7749,180.0445,Field report,1,38
2023-11-01,20184,C1,192.0067,173.2933,Field report,1,8
2023-12-01,20184,C1,187.5729,173.2933,Lost quote,1,28
2024-01-01,20184,C1,188.0118,173.2933,Marketplace scrape,1,39
2024-03-01,20184,C1,177.3593,163.3478,Field report,0,9
2024-04-01,20184,C1,168.9537,163.3478,Field report,1,19
2024-05-01,20184,C1,163.0094,157.4857,Field report,1,32
2024-08-01,20184,C1,142.5087,148.8173,Field report,1,43
2024-09-01,20184,C1,145.4628,148.8173,Distributor price list,1,15
2024-10-01,20184,C1,147.0359,148.8173,Marketplace scrape,1,10
2024-12-01,20184,C1,143.4886,152.8176,Marketplace scrape,1,1
2025-03-01,20184,C1,142.7245,152.6729,Lost quote,1,23
2025-05-01,20184,C1,132.8734,146.4725,Distributor price list,1,25
2025-06-01,20184,C1,136.9228,146.4725,Lost quote,1,4
2025-07-01,20184,C1,132.3348,146.4725,Marketplace scrape,1,43
2025-11-01,20184,C1,120.3983,134.2289,Lost quote,0,10
2025-12-01,20184,C1,121.7274,134.2289,Distributor price list,1,10
2026-02-01,20184,C1,106.0805,120.3636,Lost quote,1,32
2026-04-01,20184,C1,99.2626,120.3636,Distributor price list,1,10
2026-05-01,20184,C1,89.7428,106.9774,Distributor price list,1,25
2023-07-01,20184,C4,206.9922,193.6602,Marketplace scrape,1,37
2023-11-01,20184,C4,186.9731,173.2933,Marketplace scrape,1,19
2024-02-01,20184,C4,177.0851,163.3478,Field report,1,15
2024-03-01,20184,C4,176.0163,163.3478,Marketplace scrape,1,12
2024-04-01,20184,C4,178.3274,163.3478,Field report,1,9
2024-06-01,20184,C4,166.3937,157.4857,Distributor price list,1,22
2024-10-01,20184,C4,153.7262,148.8173,Lost quote,0,36
2024-11-01,20184,C4,164.1728,152.8176,Marketplace scrape,1,15
2024-12-01,20184,C4,157.5762,152.8176,Field report,1,34
2025-01-01,20184,C4,157.3656,152.8176,Lost quote,1,38
2025-02-01,20184,C4,155.0417,152.6729,Lost quote,1,25
2025-03-01,20184,C4,155.5737,152.6729,Distributor price list,1,41
2025-04-01,20184,C4,156.4434,152.6729,Field report,1,28
2025-05-01,20184,C4,155.6596,146.4725,Field report,1,38
2025-06-01,20184,C4,155.6031,146.4725,Field report,1,17
2025-07-01,20184,C4,157.1528,146.4725,Marketplace scrape,1,22
2025-08-01,20184,C4,162.0413,148.3285,Marketplace scrape,1,39
2025-10-01,20184,C4,158.3803,148.3285,Lost quote,1,6
2025-11-01,20184,C4,144.9613,134.2289,Distributor price list,1,2
2025-12-01,20184,C4,147.0709,134.2289,Lost quote,1,16
2026-01-01,20184,C4,141.1922,134.2289,Lost quote,1,32
2026-04-01,20184,C4,125.7313,120.3636,Field report,1,34
2026-05-01,20184,C4,111.501,106.9774,Marketplace scrape,1,10
2023-07-01,20185,C2,9.3592,9.6174,Distributor price list,1,20
2023-08-01,20185,C2,9.44,9.6174,Marketplace scrape,1,29
2023-09-01,20185,C2,9.4515,9.6174,Lost quote,1,5
2023-10-01,20185,C2,10.0015,10.156,Marketplace scrape,1,33
2024-02-01,20185,C2,8.6316,9.0821,Distributor price list,1,23
2024-03-01,20185,C2,8.8002,9.0821,Lost quote,0,13
2024-04-01,20185,C2,8.809,9.3008,Field report,1,43
2024-05-01,20185,C2,9.0077,9.3008,Marketplace scrape,1,29
2024-06-01,20185,C2,9.1742,9.3008,Distributor price list,1,32
2024-07-01,20185,C2,8.8754,9.3191,Lost quote,1,37
2024-08-01,20185,C2,8.6989,9.3191,Distributor price list,1,16
2024-09-01,20185,C2,8.6342,9.3191,Marketplace scrape,1,2
2024-11-01,20185,C2,9.2896,9.4966,Lost quote,1,16
2024-12-01,20185,C2,8.7531,9.4966,Distributor price list,1,45
2025-01-01,20185,C2,8.8462,9.3986,Lost quote,1,13
2025-02-01,20185,C2,8.6172,9.3986,Distributor price list,1,40
2025-05-01,20185,C2,8.7592,9.7791,Lost quote,1,9
2025-06-01,20185,C2,8.7091,9.7791,Lost quote,1,1
2025-07-01,20185,C2,9.156,10.356,Lost quote,1,4
2025-08-01,20185,C2,9.4745,10.356,Marketplace scrape,1,8
2025-09-01,20185,C2,8.6187,10.356,Marketplace scrape,1,42
2025-10-01,20185,C2,9.6906,10.7635,Marketplace scrape,0,14
2025-11-01,20185,C2,9.2191,10.7635,Field report,1,33
2026-01-01,20185,C2,10.255,10.9658,Marketplace scrape,1,7
2026-03-01,20185,C2,10.5982,10.9658,Distributor price list,0,20
2026-04-01,20185,C2,11.2471,11.9205,Lost quote,1,40
2023-08-01,20186,C1,69.0365,61.1722,Marketplace scrape,1,31
2023-12-01,20186,C1,73.2069,61.1722,Field report,1,4
2024-01-01,20186,C1,71.205,61.1722,Distributor price list,1,8
2024-02-01,20186,C1,75.7654,66.8787,Marketplace scrape,1,18
2024-03-01,20186,C1,74.2221,66.8787,Field report,1,43
2024-04-01,20186,C1,73.342,66.8787,Lost quote,1,10
2024-05-01,20186,C1,76.3237,66.8787,Lost quote,1,38
2024-06-01,20186,C1,75.8576,66.8787,Field report,1,1
2024-07-01,20186,C1,75.3435,66.8787,Marketplace scrape,0,17
2024-08-01,20186,C1,84.1344,76.9156,Lost quote,1,15
2024-09-01,20186,C1,83.5473,76.9156,Distributor price list,1,21
2024-11-01,20186,C1,84.0746,76.9156,Lost quote,1,32
2024-12-01,20186,C1,82.5109,76.9156,Distributor price list,1,19
2025-02-01,20186,C1,81.4281,76.7198,Distributor price list,1,35
2025-03-01,20186,C1,81.2483,76.7198,Marketplace scrape,1,20
2025-04-01,20186,C1,79.875,76.7198,Field report,1,41
2025-05-01,20186,C1,80.9354,76.7198,Lost quote,1,4
2025-06-01,20186,C1,76.5955,76.7198,Field report,1,31
2025-07-01,20186,C1,79.8675,76.7198,Marketplace scrape,1,6
2025-09-01,20186,C1,74.9511,72.2648,Marketplace scrape,0,23
2025-10-01,20186,C1,78.8545,72.2648,Distributor price list,1,11
2025-11-01,20186,C1,76.0995,72.2648,Distributor price list,1,17
2026-01-01,20186,C1,77.834,72.2648,Marketplace scrape,1,22
2026-02-01,20186,C1,77.92,72.657,Distributor price list,1,30
2026-03-01,20186,C1,78.6766,72.657,Marketplace scrape,1,16
2026-06-01,20186,C1,77.6945,72.657,Lost quote,1,19
2023-08-01,20186,C2,62.1593,61.1722,Field report,1,28
2023-09-01,20186,C2,63.7261,61.1722,Marketplace scrape,1,35
2023-11-01,20186,C2,60.2267,61.1722,Marketplace scrape,1,12
2023-12-01,20186,C2,59.229,61.1722,Marketplace scrape,1,9
2024-01-01,20186,C2,61.2307,61.1722,Lost quote,1,15
2024-02-01,20186,C2,66.4252,66.8787,Lost quote,1,7
2024-03-01,20186,C2,63.938,66.8787,Marketplace scrape,1,26
2024-05-01,20186,C2,62.3552,66.8787,Lost quote,1,10
2024-07-01,20186,C2,61.7725,66.8787,Distributor price list,1,37
2024-08-01,20186,C2,72.3136,76.9156,Lost quote,1,25
2024-10-01,20186,C2,68.64,76.9156,Lost quote,1,43
2024-11-01,20186,C2,70.3472,76.9156,Lost quote,1,19
2025-01-01,20186,C2,70.4416,76.9156,Lost quote,0,37
2025-03-01,20186,C2,69.1559,76.7198,Marketplace scrape,1,32
2025-04-01,20186,C2,70.711,76.7198,Marketplace scrape,1,38
2025-08-01,20186,C2,64.6441,72.2648,Lost quote,1,24
2025-09-01,20186,C2,61.2578,72.2648,Distributor price list,1,34
2025-10-01,20186,C2,62.4351,72.2648,Marketplace scrape,1,21
2025-12-01,20186,C2,64.3131,72.2648,Field report,1,42
2026-02-01,20186,C2,62.6563,72.657,Marketplace scrape,1,43
2026-03-01,20186,C2,62.3371,72.657,Marketplace scrape,1,20
2026-04-01,20186,C2,64.3208,72.657,Marketplace scrape,1,42
2026-05-01,20186,C2,61.8947,72.657,Marketplace scrape,1,30
2026-06-01,20186,C2,61.1584,72.657,Lost quote,0,41
2023-09-01,20186,C5,78.7117,61.1722,Distributor price list,1,37
2024-01-01,20186,C5,81.7131,61.1722,Field report,1,4
2024-03-01,20186,C5,93.2231,66.8787,Lost quote,1,38
2024-05-01,20186,C5,92.3335,66.8787,Field report,0,20
2024-06-01,20186,C5,92.4397,66.8787,Field report,1,33
2024-07-01,20186,C5,92.6945,66.8787,Distributor price list,1,16
2024-08-01,20186,C5,110.957,76.9156,Marketplace scrape,1,34
2024-09-01,20186,C5,106.5695,76.9156,Field report,1,9
2024-10-01,20186,C5,106.9432,76.9156,Distributor price list,1,29
2024-11-01,20186,C5,109.8386,76.9156,Distributor price list,1,15
2024-12-01,20186,C5,106.7751,76.9156,Lost quote,1,5
2025-01-01,20186,C5,112.9141,76.9156,Marketplace scrape,1,8
2025-02-01,20186,C5,116.1747,76.7198,Marketplace scrape,0,1
2025-03-01,20186,C5,115.586,76.7198,Distributor price list,1,38
2025-04-01,20186,C5,111.6627,76.7198,Marketplace scrape,1,35
2025-05-01,20186,C5,114.8504,76.7198,Field report,1,45
2025-06-01,20186,C5,114.8277,76.7198,Field report,1,16
2025-08-01,20186,C5,110.7964,72.2648,Distributor price list,1,19
2025-09-01,20186,C5,112.1727,72.2648,Distributor price list,1,27
2025-10-01,20186,C5,114.4018,72.2648,Distributor price list,1,7
2025-11-01,20186,C5,114.7721,72.2648,Marketplace scrape,1,9
2025-12-01,20186,C5,113.7023,72.2648,Field report,1,16
2026-01-01,20186,C5,113.5239,72.2648,Field report,1,17
2026-03-01,20186,C5,118.795,72.657,Field report,1,14
2026-04-01,20186,C5,118.2806,72.657,Marketplace scrape,1,23
2026-05-01,20186,C5,118.7879,72.657,Lost quote,1,20
2026-06-01,20186,C5,122.8209,72.657,Distributor price list,1,26
2023-07-01,20187,C1,36.8784,36.8233,Marketplace scrape,1,27
2023-09-01,20187,C1,35.5963,35.921,Distributor price list,1,20
2023-10-01,20187,C1,34.3531,35.921,Distributor price list,1,15
2023-11-01,20187,C1,36.3584,35.921,Marketplace scrape,1,22
2023-12-01,20187,C1,35.2249,35.0419,Lost quote,1,7
2024-02-01,20187,C1,35.4705,35.0419,Field report,1,37
2024-03-01,20187,C1,36.3554,36.328,Field report,1,26
2024-05-01,20187,C1,36.3982,36.328,Field report,1,27
2024-06-01,20187,C1,38.1302,37.2078,Distributor price list,1,7
2024-07-01,20187,C1,38.2014,37.2078,Distributor price list,1,10
2024-08-01,20187,C1,38.042,37.2078,Marketplace scrape,0,43
2024-09-01,20187,C1,37.1203,38.9602,Lost quote,1,11
2024-11-01,20187,C1,37.2692,38.9602,Field report,1,7
2024-12-01,20187,C1,35.2824,37.7387,Lost quote,1,31
2025-01-01,20187,C1,36.4028,37.7387,Distributor price list,1,14
2025-03-01,20187,C1,38.2387,40.9813,Marketplace scrape,1,38
2025-09-01,20187,C1,40.6168,44.1133,Field report,1,20
2025-10-01,20187,C1,39.869,44.1133,Marketplace scrape,1,6
2025-11-01,20187,C1,39.8451,44.1133,Distributor price list,1,6
2025-12-01,20187,C1,40.3283,45.6464,Marketplace scrape,1,41
2026-02-01,20187,C1,43.4335,45.6464,Lost quote,1,1
2026-03-01,20187,C1,48.6945,51.0841,Distributor price list,1,37
2026-05-01,20187,C1,44.751,51.0841,Lost quote,1,9
2023-08-01,20187,C2,33.1652,36.8233,Lost quote,1,5
2023-09-01,20187,C2,33.1602,35.921,Field report,1,30
2023-11-01,20187,C2,33.8701,35.921,Marketplace scrape,1,39
2023-12-01,20187,C2,32.1023,35.0419,Marketplace scrape,1,29
2024-03-01,20187,C2,34.3931,36.328,Distributor price list,1,23
2024-04-01,20187,C2,32.1941,36.328,Marketplace scrape,0,33
2024-07-01,20187,C2,33.4635,37.2078,Marketplace scrape,1,19
2024-08-01,20187,C2,34.8087,37.2078,Marketplace scrape,1,45
2024-10-01,20187,C2,36.5041,38.9602,Lost quote,1,40
2024-11-01,20187,C2,37.9514,38.9602,Distributor price list,0,36
2025-03-01,20187,C2,42.0533,40.9813,Lost quote,1,22
2025-04-01,20187,C2,40.0614,40.9813,Lost quote,1,20
2025-05-01,20187,C2,40.1733,40.9813,Lost quote,1,35
2025-06-01,20187,C2,44.4658,43.494,Marketplace scrape,1,13
2025-07-01,20187,C2,43.7122,43.494,Lost quote,1,31
2025-08-01,20187,C2,44.1325,43.494,Distributor price list,1,11
2025-09-01,20187,C2,44.2176,44.1133,Field report,1,36
2025-11-01,20187,C2,44.7741,44.1133,Lost quote,1,25
2026-04-01,20187,C2,53.7239,51.0841,Lost quote,1,21
2026-05-01,20187,C2,54.3376,51.0841,Lost quote,1,25
2023-07-01,20187,C4,35.9202,36.8233,Distributor price list,1,21
2023-09-01,20187,C4,35.6879,35.921,Marketplace scrape,1,14
2023-11-01,20187,C4,38.3065,35.921,Marketplace scrape,1,4
2024-02-01,20187,C4,37.1601,35.0419,Field report,1,10
2024-04-01,20187,C4,38.4199,36.328,Field report,0,42
2024-05-01,20187,C4,38.5938,36.328,Distributor price list,1,38
2024-06-01,20187,C4,39.9611,37.2078,Marketplace scrape,1,15
2024-07-01,20187,C4,39.2664,37.2078,Lost quote,1,34
2024-10-01,20187,C4,41.133,38.9602,Lost quote,1,19
2024-11-01,20187,C4,40.3312,38.9602,Field report,1,32
2024-12-01,20187,C4,38.1881,37.7387,Marketplace scrape,1,1
2025-05-01,20187,C4,38.715,40.9813,Lost quote,0,32
2025-07-01,20187,C4,39.5751,43.494,Field report,1,11
2025-08-01,20187,C4,41.9195,43.494,Lost quote,1,45
2025-10-01,20187,C4,40.1719,44.1133,Lost quote,0,33
2026-02-01,20187,C4,44.5859,45.6464,Lost quote,1,15
2026-03-01,20187,C4,48.3925,51.0841,Lost quote,1,20
2026-04-01,20187,C4,50.645,51.0841,Field report,1,32
2026-06-01,20187,C4,51.0255,53.9498,Marketplace scrape,1,25
2023-07-01,20188,C1,9.8084,10.9337,Distributor price list,1,36
2023-08-01,20188,C1,9.3285,10.9337,Lost quote,1,4
2023-10-01,20188,C1,9.0889,11.0455,Field report,1,22
2023-12-01,20188,C1,9.0615,11.0455,Distributor price list,1,1
2024-02-01,20188,C1,9.4195,11.0455,Lost quote,1,16
2024-03-01,20188,C1,9.2141,10.575,Field report,1,36
2024-05-01,20188,C1,9.3992,10.575,Distributor price list,1,34
2024-06-01,20188,C1,9.2807,10.575,Lost quote,0,22
2024-07-01,20188,C1,9.3593,10.575,Marketplace scrape,1,45
2024-08-01,20188,C1,9.0499,10.575,Marketplace scrape,1,9
2024-10-01,20188,C1,10.6211,11.6907,Field report,1,37
2024-11-01,20188,C1,10.9452,11.6907,Lost quote,1,35
2024-12-01,20188,C1,10.9765,11.6907,Field report,1,41
2025-02-01,20188,C1,10.6997,11.6907,Marketplace scrape,1,45
2025-03-01,20188,C1,11.145,11.8463,Field report,1,4
2025-04-01,20188,C1,11.3611,11.8463,Distributor price list,1,3
2025-05-01,20188,C1,11.4914,11.8463,Distributor price list,1,28
2025-07-01,20188,C1,11.4829,11.8463,Distributor price list,1,42
2025-09-01,20188,C1,11.5207,11.9469,Field report,1,2
2025-10-01,20188,C1,12.1269,11.9469,Lost quote,1,40
2026-03-01,20188,C1,11.0918,11.0676,Marketplace scrape,1,34
2026-04-01,20188,C1,11.1346,11.0676,Marketplace scrape,0,36
2026-05-01,20188,C1,12.0996,11.0676,Marketplace scrape,1,24
2026-06-01,20188,C1,12.1719,11.0676,Marketplace scrape,1,6
2023-07-01,20188,C4,9.3649,10.9337,Field report,1,11
2024-01-01,20188,C4,9.4867,11.0455,Field report,1,43
2024-04-01,20188,C4,8.5881,10.575,Marketplace scrape,1,8
2024-09-01,20188,C4,9.4982,11.6907,Field report,1,41
2024-12-01,20188,C4,9.9936,11.6907,Lost quote,1,33
2025-01-01,20188,C4,9.7671,11.6907,Distributor price list,1,24
2025-03-01,20188,C4,10.399,11.8463,Distributor price list,1,37
2025-06-01,20188,C4,9.6153,11.8463,Lost quote,1,4
2025-07-01,20188,C4,9.6679,11.8463,Marketplace scrape,1,2
2025-09-01,20188,C4,9.8724,11.9469,Distributor price list,1,7
2026-01-01,20188,C4,10.0884,11.9469,Field report,1,35
2026-02-01,20188,C4,9.7911,11.9469,Distributor price list,1,34
2026-03-01,20188,C4,9.227,11.0676,Distributor price list,1,34
2026-05-01,20188,C4,8.9886,11.0676,Lost quote,1,40
2026-06-01,20188,C4,9.0453,11.0676,Distributor price list,1,2
2023-08-01,20189,C1,12.6451,11.3189,Lost quote,0,10
2023-09-01,20189,C1,13.549,12.0424,Lost quote,1,44
2023-10-01,20189,C1,13.3755,12.0424,Marketplace scrape,1,25
2023-11-01,20189,C1,13.2148,12.0424,Field report,1,36
2023-12-01,20189,C1,12.8115,11.9627,Field report,1,10
2024-02-01,20189,C1,12.4332,11.9627,Marketplace scrape,1,30
2024-04-01,20189,C1,12.1084,11.9977,Lost quote,1,39
2024-05-01,20189,C1,12.1466,11.9977,Lost quote,0,44
2024-06-01,20189,C1,12.7068,12.4575,Lost quote,1,9
2024-07-01,20189,C1,11.9213,12.4575,Marketplace scrape,1,30
2024-08-01,20189,C1,12.2019,12.4575,Lost quote,1,10
2024-09-01,20189,C1,12.2636,12.3832,Marketplace scrape,1,36
2024-10-01,20189,C1,12.3314,12.3832,Lost quote,1,31
2024-12-01,20189,C1,12.1013,12.358,Marketplace scrape,1,10
2025-01-01,20189,C1,12.0862,12.358,Lost quote,1,44
2025-02-01,20189,C1,11.9109,12.358,Distributor price list,1,41
2025-06-01,20189,C1,13.3137,14.6468,Distributor price list,1,17
2025-07-01,20189,C1,13.6324,14.6468,Distributor price list,1,30
2025-08-01,20189,C1,13.4403,14.6468,Marketplace scrape,1,11
2025-09-01,20189,C1,13.6673,15.2639,Marketplace scrape,0,27
2025-10-01,20189,C1,13.7182,15.2639,Lost quote,1,45
2026-01-01,20189,C1,14.2994,15.7788,Marketplace scrape,1,24
2026-02-01,20189,C1,14.4156,15.7788,Distributor price list,1,20
2026-03-01,20189,C1,13.7231,14.9724,Marketplace scrape,0,41
2026-04-01,20189,C1,14.1039,14.9724,Field report,1,33
2026-05-01,20189,C1,14.5949,14.9724,Marketplace scrape,1,37
2026-06-01,20189,C1,15.4497,15.9551,Field report,1,18
2023-07-01,20189,C2,11.7145,11.3189,Lost quote,1,13
2023-09-01,20189,C2,12.1109,12.0424,Lost quote,1,20
2023-10-01,20189,C2,12.4148,12.0424,Lost quote,1,12
2023-11-01,20189,C2,12.5818,12.0424,Field report,1,14
2023-12-01,20189,C2,12.197,11.9627,Field report,1,37
2024-01-01,20189,C2,12.9662,11.9627,Field report,0,8
2024-02-01,20189,C2,12.2326,11.9627,Lost quote,1,20
2024-03-01,20189,C2,12.4259,11.9977,Distributor price list,1,12
2024-04-01,20189,C2,12.8603,11.9977,Lost quote,1,22
2024-05-01,20189,C2,12.1806,11.9977,Lost quote,1,31
2024-06-01,20189,C2,12.9704,12.4575,Distributor price list,1,28
2024-07-01,20189,C2,12.5975,12.4575,Marketplace scrape,1,37
2024-08-01,20189,C2,12.3833,12.4575,Field report,1,3
2024-12-01,20189,C2,12.0711,12.358,Marketplace scrape,1,24
2025-01-01,20189,C2,11.7016,12.358,Field report,1,42
2025-03-01,20189,C2,12.8025,13.195,Marketplace scrape,0,1
2025-04-01,20189,C2,13.1508,13.195,Lost quote,0,13
2025-05-01,20189,C2,12.727,13.195,Distributor price list,1,25
2025-06-01,20189,C2,14.3496,14.6468,Field report,1,44
2025-08-01,20189,C2,14.2943,14.6468,Field report,1,14
2025-11-01,20189,C2,15.4329,15.2639,Marketplace scrape,1,18
2026-01-01,20189,C2,15.1509,15.7788,Field report,1,41
2026-04-01,20189,C2,14.7375,14.9724,Lost quote,1,19
2026-05-01,20189,C2,14.8394,14.9724,Field report,1,26
2023-08-01,20189,C4,12.0522,11.3189,Marketplace scrape,0,26
2023-09-01,20189,C4,12.9032,12.0424,Distributor price list,1,32
2023-10-01,20189,C4,12.4088,12.0424,Marketplace scrape,1,5
2023-11-01,20189,C4,12.5905,12.0424,Distributor price list,1,11
2023-12-01,20189,C4,12.8998,11.9627,Field report,1,25
2024-01-01,20189,C4,12.9226,11.9627,Marketplace scrape,1,27
2024-02-01,20189,C4,13.4518,11.9627,Distributor price list,1,21
2024-04-01,20189,C4,13.5752,11.9977,Distributor price list,1,25
2024-05-01,20189,C4,13.9846,11.9977,Distributor price list,1,31
2024-06-01,20189,C4,14.4459,12.4575,Distributor price list,1,25
2024-08-01,20189,C4,15.3051,12.4575,Lost quote,1,3
2024-09-01,20189,C4,14.9793,12.3832,Distributor price list,1,23
2024-10-01,20189,C4,14.3603,12.3832,Marketplace scrape,1,6
2024-12-01,20189,C4,15.005,12.358,Marketplace scrape,1,32
2025-01-01,20189,C4,15.4715,12.358,Distributor price list,1,12
2025-02-01,20189,C4,15.2732,12.358,Marketplace scrape,1,30
2025-03-01,20189,C4,15.4623,13.195,Distributor price list,1,35
2025-05-01,20189,C4,15.9453,13.195,Marketplace scrape,1,44
2025-06-01,20189,C4,16.355,14.6468,Marketplace scrape,1,37
2025-07-01,20189,C4,16.4032,14.6468,Lost quote,1,24
2025-08-01,20189,C4,17.5987,14.6468,Marketplace scrape,1,11
2025-09-01,20189,C4,18.3233,15.2639,Lost quote,0,39
2025-11-01,20189,C4,18.7745,15.2639,Field report,1,19
2025-12-01,20189,C4,19.6397,15.7788,Field report,1,32
2026-01-01,20189,C4,20.031,15.7788,Marketplace scrape,1,29
2026-03-01,20189,C4,19.3909,14.9724,Field report,1,33
2026-04-01,20189,C4,19.707,14.9724,Distributor price list,1,21
2026-05-01,20189,C4,19.759,14.9724,Marketplace scrape,1,19
2023-07-01,20190,C4,35.8024,31.5923,Marketplace scrape,1,19
2023-08-01,20190,C4,35.56,31.5923,Field report,1,44
2023-09-01,20190,C4,36.2244,33.7233,Lost quote,1,21
2023-10-01,20190,C4,36.7217,33.7233,Distributor price list,1,39
2023-11-01,20190,C4,36.5296,33.7233,Field report,1,4
2024-04-01,20190,C4,30.6118,32.4171,Distributor price list,1,42
2024-05-01,20190,C4,30.9768,32.4171,Distributor price list,1,25
2024-07-01,20190,C4,32.8271,34.9076,Distributor price list,1,20
2024-08-01,20190,C4,34.1406,34.9076,Field report,1,45
2024-10-01,20190,C4,36.0597,35.8841,Distributor price list,0,1
2025-01-01,20190,C4,32.7151,33.6301,Marketplace scrape,1,36
2025-02-01,20190,C4,32.08,33.6301,Marketplace scrape,1,20
2025-03-01,20190,C4,28.4715,29.5588,Field report,1,9
2025-05-01,20190,C4,28.559,29.5588,Distributor price list,1,22
2025-06-01,20190,C4,34.139,33.1216,Lost quote,1,5
2025-08-01,20190,C4,32.7788,33.1216,Lost quote,1,34
2025-09-01,20190,C4,35.5392,36.6516,Lost quote,1,4
2025-10-01,20190,C4,37.4431,36.6516,Field report,1,3
2025-12-01,20190,C4,37.5902,39.1102,Lost quote,1,19
2026-01-01,20190,C4,39.8759,39.1102,Field report,1,45
2026-03-01,20190,C4,38.2585,37.0742,Marketplace scrape,1,7
2026-04-01,20190,C4,38.561,37.0742,Distributor price list,1,27
2023-07-01,20190,C5,39.7224,31.5923,Marketplace scrape,1,2
2023-09-01,20190,C5,42.9372,33.7233,Marketplace scrape,1,20
2023-12-01,20190,C5,41.3408,32.1017,Lost quote,1,33
2024-01-01,20190,C5,42.0917,32.1017,Field report,1,27
2024-04-01,20190,C5,41.1249,32.4171,Marketplace scrape,1,3
2024-09-01,20190,C5,45.9458,35.8841,Lost quote,1,32
2024-10-01,20190,C5,45.093,35.8841,Field report,0,13
2024-12-01,20190,C5,41.4517,33.6301,Lost quote,1,20
2025-01-01,20190,C5,42.3493,33.6301,Field report,1,9
2025-04-01,20190,C5,38.3253,29.5588,Marketplace scrape,1,2
2025-07-01,20190,C5,41.2154,33.1216,Distributor price list,1,11
2025-10-01,20190,C5,47.1829,36.6516,Lost quote,1,3
2026-01-01,20190,C5,51.4282,39.1102,Marketplace scrape,1,12
2026-02-01,20190,C5,55.3841,39.1102,Field report,1,12
2026-03-01,20190,C5,50.0809,37.0742,Marketplace scrape,1,30
2026-04-01,20190,C5,50.2271,37.0742,Distributor price list,1,29
2026-05-01,20190,C5,52.0417,37.0742,Field report,0,30
2023-08-01,20191,C1,57.9586,56.1227,Marketplace scrape,1,19
2023-09-01,20191,C1,57.5215,56.1227,Marketplace scrape,0,7
2023-11-01,20191,C1,62.4781,58.447,Marketplace scrape,1,10
2023-12-01,20191,C1,60.2291,58.447,Distributor price list,1,32
2024-01-01,20191,C1,59.0953,58.447,Distributor price list,1,7
2024-02-01,20191,C1,49.4674,48.659,Lost quote,1,32
2024-03-01,20191,C1,51.8476,48.659,Lost quote,1,3
2024-07-01,20191,C1,46.6702,44.6026,Field report,1,21
2024-10-01,20191,C1,43.5806,42.8575,Marketplace scrape,1,43
2024-11-01,20191,C1,48.9695,44.3547,Field report,0,18
2024-12-01,20191,C1,47.1958,44.3547,Field report,1,35
2025-02-01,20191,C1,40.3872,40.0806,Distributor price list,1,45
2025-03-01,20191,C1,60.5028,59.3111,Marketplace scrape,1,38
2025-04-01,20191,C1,59.1476,59.3111,Marketplace scrape,1,8
2025-05-01,20191,C1,56.8243,58.6991,Lost quote,1,8
2025-06-01,20191,C1,57.2774,58.6991,Lost quote,1,32
2025-07-01,20191,C1,57.0781,58.6991,Field report,1,29
2025-08-01,20191,C1,55.5979,59.9264,Lost quote,1,23
2025-09-01,20191,C1,56.8399,59.9264,Marketplace scrape,1,27
2025-11-01,20191,C1,55.0091,59.4851,Marketplace scrape,1,32
2026-01-01,20191,C1,56.2424,59.4851,Lost quote,1,1
2026-02-01,20191,C1,51.1477,57.2897,Distributor price list,1,40
2026-03-01,20191,C1,51.2662,57.2897,Distributor price list,1,38
2026-04-01,20191,C1,50.6279,57.2897,Distributor price list,1,21
2026-05-01,20191,C1,49.3785,55.9879,Lost quote,1,1
2026-06-01,20191,C1,50.5814,55.9879,Field report,1,28
2023-08-01,20191,C3,64.2424,56.1227,Distributor price list,1,28
2023-09-01,20191,C3,63.9576,56.1227,Lost quote,1,43
2023-10-01,20191,C3,60.2225,56.1227,Field report,1,19
2023-12-01,20191,C3,62.8907,58.447,Lost quote,1,16
2024-03-01,20191,C3,53.4056,48.659,Marketplace scrape,1,31
2024-04-01,20191,C3,56.6825,48.659,Lost quote,1,2
2024-06-01,20191,C3,53.6271,44.6026,Field report,0,36
2024-07-01,20191,C3,53.7604,44.6026,Distributor price list,1,15
2024-09-01,20191,C3,52.1285,42.8575,Marketplace scrape,1,8
2024-11-01,20191,C3,55.4964,44.3547,Distributor price list,1,15
2024-12-01,20191,C3,56.0322,44.3547,Field report,0,44
2025-01-01,20191,C3,55.6165,44.3547,Distributor price list,1,23
2025-02-01,20191,C3,48.4533,40.0806,Field report,1,10
2025-07-01,20191,C3,71.6659,58.6991,Marketplace scrape,1,10
2025-08-01,20191,C3,72.8929,59.9264,Distributor price list,0,32
2025-09-01,20191,C3,72.4415,59.9264,Marketplace scrape,1,24
2025-10-01,20191,C3,73.0186,59.9264,Distributor price list,1,28
2025-11-01,20191,C3,73.7241,59.4851,Marketplace scrape,1,11
2026-01-01,20191,C3,71.1616,59.4851,Distributor price list,1,25
2026-02-01,20191,C3,71.9286,57.2897,Field report,1,5
2026-03-01,20191,C3,72.1483,57.2897,Marketplace scrape,1,20
2026-04-01,20191,C3,68.7054,57.2897,Marketplace scrape,1,30
2026-05-01,20191,C3,68.2894,55.9879,Lost quote,1,1
2023-07-01,20191,C4,50.3914,53.4598,Distributor price list,1,19
2023-08-01,20191,C4,53.1298,56.1227,Lost quote,0,6
2023-09-01,20191,C4,52.7487,56.1227,Distributor price list,1,17
2023-12-01,20191,C4,57.4831,58.447,Lost quote,1,7
2024-02-01,20191,C4,47.3931,48.659,Lost quote,1,20
2024-03-01,20191,C4,49.6681,48.659,Distributor price list,1,13
2024-05-01,20191,C4,43.9391,44.6026,Lost quote,1,11
2024-06-01,20191,C4,44.7458,44.6026,Lost quote,1,29
2024-07-01,20191,C4,45.1076,44.6026,Marketplace scrape,0,17
2024-09-01,20191,C4,41.3968,42.8575,Distributor price list,1,26
2024-10-01,20191,C4,42.2386,42.8575,Distributor price list,1,36
2024-11-01,20191,C4,44.3507,44.3547,Distributor price list,1,5
2025-01-01,20191,C4,46.6258,44.3547,Field report,1,34
2025-02-01,20191,C4,42.4287,40.0806,Lost quote,1,6
2025-06-01,20191,C4,65.1316,58.6991,Lost quote,1,39
2025-08-01,20191,C4,61.9126,59.9264,Field report,1,45
2025-10-01,20191,C4,61.2595,59.9264,Field report,1,39
2026-02-01,20191,C4,61.183,57.2897,Lost quote,1,35
2026-04-01,20191,C4,63.6452,57.2897,Field report,1,14
2026-05-01,20191,C4,59.7065,55.9879,Lost quote,1,17
2026-06-01,20191,C4,59.8298,55.9879,Marketplace scrape,1,22
2023-08-01,20192,C1,24.691,22.8534,Marketplace scrape,1,29
2023-09-01,20192,C1,23.7311,22.8534,Lost quote,1,29
2024-03-01,20192,C1,22.7213,23.6103,Field report,1,6
2024-04-01,20192,C1,23.3032,23.6103,Lost quote,1,45
2024-07-01,20192,C1,22.3397,21.8605,Lost quote,1,19
2024-10-01,20192,C1,21.4032,20.1214,Lost quote,1,11
2024-11-01,20192,C1,19.9896,18.5984,Lost quote,1,6
2025-01-01,20192,C1,20.2391,18.5984,Marketplace scrape,1,23
2025-04-01,20192,C1,19.6416,18.5741,Distributor price list,1,41
2025-08-01,20192,C1,19.4285,19.1806,Distributor price list,1,4
2025-09-01,20192,C1,19.2792,19.1806,Marketplace scrape,1,29
2025-12-01,20192,C1,20.5435,20.8993,Marketplace scrape,1,6
2026-01-01,20192,C1,20.0011,20.8993,Distributor price list,1,6
2026-02-01,20192,C1,24.8538,24.7031,Lost quote,1,3
2026-05-01,20192,C1,23.4458,23.9182,Field report,1,36
2026-06-01,20192,C1,22.535,23.9182,Marketplace scrape,1,31
2023-09-01,20192,C2,22.2864,22.8534,Lost quote,1,23
2023-11-01,20192,C2,22.9245,23.2474,Field report,1,36
2024-01-01,20192,C2,22.2627,23.2474,Lost quote,1,33
2024-02-01,20192,C2,23.1439,23.6103,Distributor price list,0,39
2024-03-01,20192,C2,24.0435,23.6103,Field report,1,41
2024-04-01,20192,C2,22.755,23.6103,Field report,1,35
2024-05-01,20192,C2,22.3278,21.8605,Lost quote,1,43
2024-07-01,20192,C2,21.6463,21.8605,Field report,1,38
2024-09-01,20192,C2,20.8549,20.1214,Distributor price list,0,16
2024-10-01,20192,C2,20.5986,20.1214,Marketplace scrape,1,18
2025-01-01,20192,C2,19.5193,18.5984,Distributor price list,1,24
2025-02-01,20192,C2,19.2802,18.5741,Lost quote,0,15
2025-03-01,20192,C2,20.4673,18.5741,Distributor price list,1,32
2025-04-01,20192,C2,19.7034,18.5741,Distributor price list,1,31
2025-05-01,20192,C2,20.4574,18.8708,Marketplace scrape,1,27
2025-06-01,20192,C2,20.7368,18.8708,Lost quote,1,22
2025-08-01,20192,C2,19.924,19.1806,Marketplace scrape,0,34
2025-10-01,20192,C2,20.048,19.1806,Distributor price list,1,34
2025-11-01,20192,C2,20.9773,20.8993,Lost quote,1,1
2025-12-01,20192,C2,21.2318,20.8993,Field report,1,9
2026-01-01,20192,C2,22.4626,20.8993,Field report,1,4
2026-04-01,20192,C2,26.4215,24.7031,Lost quote,1,6
2026-05-01,20192,C2,27.3583,23.9182,Marketplace scrape,1,23
2026-06-01,20192,C2,26.2473,23.9182,Marketplace scrape,1,38
2023-07-01,20192,C4,23.8711,22.0658,Lost quote,1,5
2023-08-01,20192,C4,24.039,22.8534,Marketplace scrape,1,37
2023-09-01,20192,C4,24.9219,22.8534,Marketplace scrape,1,28
2023-10-01,20192,C4,24.7717,22.8534,Distributor price list,1,16
2023-11-01,20192,C4,25.5939,23.2474,Marketplace scrape,1,7
2023-12-01,20192,C4,25.4927,23.2474,Field report,1,40
2024-02-01,20192,C4,25.3056,23.6103,Marketplace scrape,1,22
2024-05-01,20192,C4,22.9822,21.8605,Field report,1,34
2024-06-01,20192,C4,23.0547,21.8605,Field report,1,17
2024-07-01,20192,C4,22.8752,21.8605,Lost quote,1,28
2024-08-01,20192,C4,21.9638,20.1214,Field report,1,30
2024-09-01,20192,C4,22.1869,20.1214,Field report,1,11
2024-11-01,20192,C4,20.4974,18.5984,Marketplace scrape,1,10
2024-12-01,20192,C4,20.1945,18.5984,Marketplace scrape,1,28
2025-01-01,20192,C4,19.5067,18.5984,Lost quote,1,5
2025-05-01,20192,C4,21.0766,18.8708,Lost quote,1,25
2025-07-01,20192,C4,20.0524,18.8708,Lost quote,1,17
2025-09-01,20192,C4,21.4819,19.1806,Lost quote,1,19
2025-10-01,20192,C4,22.538,19.1806,Marketplace scrape,1,8
2025-11-01,20192,C4,23.2741,20.8993,Marketplace scrape,1,19
2025-12-01,20192,C4,24.7933,20.8993,Distributor price list,1,44
2026-01-01,20192,C4,25.2064,20.8993,Marketplace scrape,1,45
2026-02-01,20192,C4,28.5727,24.7031,Lost quote,1,24
2026-03-01,20192,C4,29.4082,24.7031,Marketplace scrape,1,17
2026-05-01,20192,C4,28.5063,23.9182,Marketplace scrape,1,43
2026-06-01,20192,C4,29.2766,23.9182,Distributor price list,1,41
2023-07-01,20192,C5,27.0695,22.0658,Distributor price list,1,43
2023-10-01,20192,C5,29.5495,22.8534,Marketplace scrape,0,9
2024-01-01,20192,C5,30.37,23.2474,Distributor price list,1,11
2024-02-01,20192,C5,32.1779,23.6103,Marketplace scrape,1,19
2024-03-01,20192,C5,31.3366,23.6103,Field report,1,25
2024-04-01,20192,C5,30.1932,23.6103,Lost quote,1,25
2024-05-01,20192,C5,28.5698,21.8605,Distributor price list,1,34
2024-11-01,20192,C5,24.0774,18.5984,Marketplace scrape,1,10
2025-01-01,20192,C5,23.606,18.5984,Lost quote,0,1
2025-04-01,20192,C5,23.4675,18.5741,Distributor price list,1,31
2025-05-01,20192,C5,23.7887,18.8708,Distributor price list,1,6
2025-06-01,20192,C5,24.2421,18.8708,Field report,1,14
2025-07-01,20192,C5,23.4369,18.8708,Lost quote,1,24
2025-09-01,20192,C5,23.7557,19.1806,Lost quote,0,44
2026-01-01,20192,C5,25.7763,20.8993,Distributor price list,1,4
2026-04-01,20192,C5,32.339,24.7031,Lost quote,1,7
2026-05-01,20192,C5,29.4712,23.9182,Marketplace scrape,1,44
2026-06-01,20192,C5,30.3676,23.9182,Lost quote,1,39
2023-07-01,20193,C1,51.6795,48.5592,Lost quote,1,2
2023-08-01,20193,C1,53.7299,49.2315,Lost quote,1,37
2023-09-01,20193,C1,51.4019,49.2315,Lost quote,1,16
2023-10-01,20193,C1,51.7118,49.2315,Field report,1,2
2023-11-01,20193,C1,55.1338,49.2315,Distributor price list,1,26
2023-12-01,20193,C1,55.1241,49.2315,Lost quote,0,7
2024-02-01,20193,C1,49.7496,43.9539,Lost quote,1,26
2024-03-01,20193,C1,50.0972,43.9539,Marketplace scrape,1,16
2024-04-01,20193,C1,49.8156,43.9539,Distributor price list,1,4
2024-08-01,20193,C1,46.752,41.7876,Field report,1,8
2024-09-01,20193,C1,47.8276,41.7876,Field report,1,19
2024-10-01,20193,C1,47.2581,41.7876,Distributor price list,1,16
2024-11-01,20193,C1,46.1549,41.7876,Marketplace scrape,1,16
2024-12-01,20193,C1,46.394,41.7876,Marketplace scrape,1,30
2025-01-01,20193,C1,47.9931,41.7876,Field report,1,24
2025-04-01,20193,C1,47.174,41.942,Marketplace scrape,1,25
2025-05-01,20193,C1,47.8104,41.942,Distributor price list,1,17
2025-07-01,20193,C1,50.047,41.942,Lost quote,0,45
2025-08-01,20193,C1,50.6333,43.6001,Marketplace scrape,1,5
2025-09-01,20193,C1,51.9238,43.6001,Field report,1,31
2025-12-01,20193,C1,52.5082,43.6001,Lost quote,1,7
2026-01-01,20193,C1,54.4041,43.6001,Marketplace scrape,1,39
2026-02-01,20193,C1,49.2359,39.4741,Field report,1,41
2026-03-01,20193,C1,51.63,39.4741,Field report,1,12
2026-04-01,20193,C1,51.3922,39.4741,Field report,1,11
2026-05-01,20193,C1,50.6608,39.4741,Distributor price list,1,44
2026-06-01,20193,C1,48.0744,39.4741,Field report,1,43
2023-07-01,20193,C2,48.0282,48.5592,Lost quote,1,5
2023-08-01,20193,C2,49.5018,49.2315,Lost quote,1,29
2023-09-01,20193,C2,51.3834,49.2315,Field report,0,39
2023-10-01,20193,C2,49.4213,49.2315,Lost quote,0,45
2023-12-01,20193,C2,48.9638,49.2315,Field report,1,18
2024-02-01,20193,C2,43.5231,43.9539,Field report,1,19
2024-03-01,20193,C2,46.8678,43.9539,Marketplace scrape,1,25
2024-04-01,20193,C2,46.3308,43.9539,Marketplace scrape,1,2
2024-06-01,20193,C2,47.6501,43.9539,Field report,1,42
2024-07-01,20193,C2,46.7601,43.9539,Distributor price list,0,40
2024-08-01,20193,C2,42.9199,41.7876,Marketplace scrape,0,32
2024-09-01,20193,C2,43.3713,41.7876,Field report,1,1
2024-11-01,20193,C2,43.2958,41.7876,Lost quote,0,39
2024-12-01,20193,C2,43.221,41.7876,Marketplace scrape,1,35
2025-01-01,20193,C2,43.7938,41.7876,Marketplace scrape,1,11
2025-06-01,20193,C2,46.0174,41.942,Field report,1,19
2025-07-01,20193,C2,45.58,41.942,Field report,1,3
2025-09-01,20193,C2,47.0753,43.6001,Distributor price list,1,24
2025-10-01,20193,C2,47.9403,43.6001,Lost quote,1,3
2025-11-01,20193,C2,45.6877,43.6001,Distributor price list,1,17
2025-12-01,20193,C2,46.1628,43.6001,Distributor price list,1,19
2026-01-01,20193,C2,46.2727,43.6001,Marketplace scrape,1,1
2026-02-01,20193,C2,42.3387,39.4741,Marketplace scrape,1,39
2026-04-01,20193,C2,40.7183,39.4741,Distributor price list,1,37
2026-06-01,20193,C2,40.4283,39.4741,Field report,1,37
2023-08-01,20193,C4,49.0109,49.2315,Distributor price list,1,8
2023-09-01,20193,C4,52.1216,49.2315,Distributor price list,0,43
2023-10-01,20193,C4,50.4722,49.2315,Distributor price list,1,5
2023-12-01,20193,C4,52.3432,49.2315,Lost quote,1,5
2024-02-01,20193,C4,48.4108,43.9539,Distributor price list,1,23
2024-05-01,20193,C4,48.1936,43.9539,Marketplace scrape,1,33
2024-06-01,20193,C4,49.1682,43.9539,Field report,1,15
2024-08-01,20193,C4,46.3311,41.7876,Lost quote,1,24
2024-12-01,20193,C4,47.5902,41.7876,Lost quote,1,15
2025-01-01,20193,C4,48.4482,41.7876,Field report,1,4
2025-03-01,20193,C4,48.9379,41.942,Lost quote,1,29
2025-04-01,20193,C4,48.4478,41.942,Distributor price list,1,16
2025-05-01,20193,C4,48.3349,41.942,Lost quote,0,41
2025-06-01,20193,C4,47.8382,41.942,Distributor price list,1,45
2025-07-01,20193,C4,46.7353,41.942,Marketplace scrape,1,18
2025-08-01,20193,C4,48.5629,43.6001,Distributor price list,1,12
2025-10-01,20193,C4,48.058,43.6001,Field report,1,3
2025-12-01,20193,C4,47.4752,43.6001,Field report,1,10
2026-01-01,20193,C4,47.0318,43.6001,Marketplace scrape,1,22
2026-02-01,20193,C4,44.6524,39.4741,Field report,1,35
2026-06-01,20193,C4,42.1993,39.4741,Marketplace scrape,1,44
2023-09-01,20194,C1,20.0679,18.5195,Lost quote,1,23
2023-11-01,20194,C1,19.3012,18.5195,Distributor price list,1,37
2024-01-01,20194,C1,19.5543,18.5195,Lost quote,1,41
2024-02-01,20194,C1,20.7284,19.0011,Marketplace scrape,1,29
2024-03-01,20194,C1,20.1946,19.0011,Field report,1,29
2024-05-01,20194,C1,20.5504,19.0011,Marketplace scrape,1,41
2024-06-01,20194,C1,20.1327,19.0011,Marketplace scrape,1,42
2024-07-01,20194,C1,20.2513,19.0011,Field report,1,29
2024-09-01,20194,C1,23.4068,20.5986,Field report,0,28
2025-01-01,20194,C1,23.1029,20.5986,Field report,1,5
2025-02-01,20194,C1,23.728,20.4422,Lost quote,1,1
2025-03-01,20194,C1,24.2115,20.4422,Lost quote,0,27
2025-04-01,20194,C1,23.9592,20.4422,Field report,1,12
2025-05-01,20194,C1,24.1776,20.4422,Lost quote,0,32
2025-06-01,20194,C1,35.1592,29.7581,Field report,1,38
2025-07-01,20194,C1,35.6572,29.7581,Lost quote,1,29
2025-09-01,20194,C1,33.9267,29.4095,Marketplace scrape,1,37
2025-10-01,20194,C1,36.1009,29.4095,Field report,0,3
2026-02-01,20194,C1,35.2264,28.4961,Distributor price list,1,25
2026-03-01,20194,C1,35.1116,28.4961,Distributor price list,1,6
2026-04-01,20194,C1,32.6771,28.4961,Lost quote,1,30
2026-05-01,20194,C1,34.1612,28.4961,Lost quote,1,31
2026-06-01,20194,C1,35.7979,28.4961,Distributor price list,1,23
2023-08-01,20194,C2,19.4319,18.5195,Lost quote,1,40
2023-09-01,20194,C2,19.1769,18.5195,Field report,1,44
2023-10-01,20194,C2,19.1128,18.5195,Lost quote,1,15
2023-11-01,20194,C2,19.2533,18.5195,Field report,1,4
2024-02-01,20194,C2,19.7931,19.0011,Lost quote,1,22
2024-03-01,20194,C2,19.5551,19.0011,Marketplace scrape,1,40
2024-08-01,20194,C2,21.8945,20.5986,Marketplace scrape,1,1
2024-09-01,20194,C2,22.7766,20.5986,Field report,0,19
2024-10-01,20194,C2,21.9965,20.5986,Marketplace scrape,0,18
2024-11-01,20194,C2,22.7248,20.5986,Marketplace scrape,1,29
2025-01-01,20194,C2,23.0634,20.5986,Marketplace scrape,1,8
2025-02-01,20194,C2,22.7211,20.4422,Marketplace scrape,1,19
2025-03-01,20194,C2,22.7097,20.4422,Distributor price list,1,11
2025-04-01,20194,C2,23.4128,20.4422,Lost quote,1,38
2025-07-01,20194,C2,34.3375,29.7581,Field report,1,33
2025-09-01,20194,C2,32.1528,29.4095,Field report,1,20
2025-10-01,20194,C2,32.9775,29.4095,Marketplace scrape,1,8
2025-11-01,20194,C2,32.0123,29.4095,Marketplace scrape,1,35
2025-12-01,20194,C2,32.4782,29.4095,Field report,1,10
2026-02-01,20194,C2,31.8592,28.4961,Lost quote,1,20
2026-03-01,20194,C2,32.3892,28.4961,Field report,1,45
2026-05-01,20194,C2,32.9179,28.4961,Marketplace scrape,1,19
2026-06-01,20194,C2,34.5426,28.4961,Distributor price list,1,33
2023-08-01,20194,C3,22.9104,18.5195,Distributor price list,1,6
2023-09-01,20194,C3,22.4042,18.5195,Field report,1,5
2023-10-01,20194,C3,23.7366,18.5195,Lost quote,1,12
2024-02-01,20194,C3,25.3296,19.0011,Lost quote,1,17
2024-05-01,20194,C3,23.9051,19.0011,Lost quote,1,27
2024-06-01,20194,C3,25.4452,19.0011,Distributor price list,1,40
2024-07-01,20194,C3,24.1673,19.0011,Distributor price list,1,32
2024-08-01,20194,C3,26.1497,20.5986,Distributor price list,1,14
2024-09-01,20194,C3,26.5616,20.5986,Field report,1,11
2024-10-01,20194,C3,27.4038,20.5986,Lost quote,1,18
2025-01-01,20194,C3,26.5993,20.5986,Distributor price list,1,9
2025-02-01,20194,C3,26.8031,20.4422,Marketplace scrape,1,32
2025-05-01,20194,C3,26.7321,20.4422,Lost quote,0,2
2025-06-01,20194,C3,37.475,29.7581,Lost quote,1,19
2025-07-01,20194,C3,39.2815,29.7581,Marketplace scrape,1,28
2025-08-01,20194,C3,39.1359,29.4095,Marketplace scrape,0,45
2025-09-01,20194,C3,40.4002,29.4095,Distributor price list,1,20
2025-12-01,20194,C3,39.4907,29.4095,Marketplace scrape,1,28
2026-03-01,20194,C3,36.0891,28.4961,Marketplace scrape,1,44
2026-05-01,20194,C3,36.5808,28.4961,Lost quote,1,7
2026-06-01,20194,C3,34.7428,28.4961,Field report,1,26
2023-07-01,20194,C5,23.94,18.4948,Marketplace scrape,0,8
2023-08-01,20194,C5,25.258,18.5195,Marketplace scrape,1,21
2023-11-01,20194,C5,23.3368,18.5195,Marketplace scrape,1,42
2024-01-01,20194,C5,24.238,18.5195,Field report,1,33
2024-02-01,20194,C5,24.5941,19.0011,Marketplace scrape,1,36
2024-03-01,20194,C5,26.2883,19.0011,Distributor price list,1,3
2024-05-01,20194,C5,25.8299,19.0011,Distributor price list,1,45
2024-06-01,20194,C5,27.5019,19.0011,Lost quote,0,29
2024-07-01,20194,C5,26.8109,19.0011,Field report,1,16
2024-08-01,20194,C5,29.2197,20.5986,Marketplace scrape,1,38
2024-11-01,20194,C5,27.4966,20.5986,Distributor price list,1,14
2025-01-01,20194,C5,28.7142,20.5986,Marketplace scrape,0,15
2025-02-01,20194,C5,27.5383,20.4422,Distributor price list,1,7
2025-05-01,20194,C5,28.8461,20.4422,Distributor price list,1,15
2025-06-01,20194,C5,42.3401,29.7581,Field report,1,5
2025-07-01,20194,C5,41.5784,29.7581,Lost quote,1,42
2025-09-01,20194,C5,40.2424,29.4095,Field report,1,16
2025-11-01,20194,C5,38.2908,29.4095,Field report,1,10
2025-12-01,20194,C5,40.3315,29.4095,Marketplace scrape,1,1
2026-01-01,20194,C5,40.0923,29.4095,Field report,0,42
2026-02-01,20194,C5,38.1752,28.4961,Marketplace scrape,1,18
2026-04-01,20194,C5,38.0717,28.4961,Lost quote,1,3
2026-05-01,20194,C5,39.7395,28.4961,Field report,1,21
2023-09-01,20195,C3,55.3103,48.5447,Lost quote,1,43
2023-11-01,20195,C3,57.6648,48.5447,Distributor price list,1,39
2023-12-01,20195,C3,53.6405,48.5447,Marketplace scrape,1,13
2024-02-01,20195,C3,54.0485,48.5447,Field report,1,40
2024-04-01,20195,C3,55.0094,48.5447,Field report,1,36
2024-05-01,20195,C3,53.4662,48.5447,Field report,1,10
2024-06-01,20195,C3,56.0167,48.5447,Lost quote,1,36
2024-07-01,20195,C3,55.084,48.5447,Marketplace scrape,1,28
2024-11-01,20195,C3,51.9591,48.5447,Lost quote,1,7
2025-02-01,20195,C3,52.9876,48.5447,Marketplace scrape,1,25
2025-03-01,20195,C3,50.2121,48.5447,Marketplace scrape,1,11
2025-04-01,20195,C3,53.3494,48.5447,Distributor price list,1,3
2025-06-01,20195,C3,50.8359,48.5447,Distributor price list,1,16
2025-08-01,20195,C3,49.4106,48.5447,Marketplace scrape,1,30
2026-02-01,20195,C3,48.6491,48.5447,Marketplace scrape,1,29
2026-05-01,20195,C3,48.9695,48.5447,Marketplace scrape,0,43
2026-06-01,20195,C3,48.836,48.5447,Lost quote,1,15
2023-07-01,20195,C4,47.0957,47.0531,Field report,1,17
2023-08-01,20195,C4,45.23,47.0531,Marketplace scrape,1,11
2023-10-01,20195,C4,47.1656,48.5447,Distributor price list,1,40
2023-11-01,20195,C4,48.1503,48.5447,Lost quote,1,6
2023-12-01,20195,C4,50.88,48.5447,Distributor price list,1,35
2024-02-01,20195,C4,48.9802,48.5447,Marketplace scrape,1,27
2024-03-01,20195,C4,48.5973,48.5447,Marketplace scrape,1,15
2024-05-01,20195,C4,49.1945,48.5447,Field report,1,21
2024-07-01,20195,C4,50.8046,48.5447,Field report,1,37
2024-08-01,20195,C4,52.0593,48.5447,Marketplace scrape,1,40
2024-10-01,20195,C4,50.8576,48.5447,Field report,1,35
2024-11-01,20195,C4,49.3384,48.5447,Distributor price list,1,30
2025-01-01,20195,C4,50.6636,48.5447,Distributor price list,1,8
2025-02-01,20195,C4,48.5721,48.5447,Field report,1,19
2025-03-01,20195,C4,50.5449,48.5447,Marketplace scrape,1,35
2025-05-01,20195,C4,49.9317,48.5447,Field report,1,7
2025-07-01,20195,C4,50.6246,48.5447,Marketplace scrape,1,39
2025-09-01,20195,C4,48.3877,48.5447,Distributor price list,1,27
2025-11-01,20195,C4,48.2961,48.5447,Lost quote,1,45
2025-12-01,20195,C4,47.7864,48.5447,Lost quote,1,27
2026-05-01,20195,C4,49.2553,48.5447,Lost quote,1,40
2026-06-01,20195,C4,49.4783,48.5447,Marketplace scrape,1,2
2023-07-01,20195,C5,57.3828,47.0531,Lost quote,1,9
2023-10-01,20195,C5,56.9752,48.5447,Lost quote,1,32
2023-11-01,20195,C5,57.8351,48.5447,Lost quote,0,28
2023-12-01,20195,C5,56.6014,48.5447,Distributor price list,1,28
2024-01-01,20195,C5,58.9783,48.5447,Marketplace scrape,1,18
2024-02-01,20195,C5,59.9472,48.5447,Marketplace scrape,1,35
2024-04-01,20195,C5,57.8856,48.5447,Field report,1,8
2024-05-01,20195,C5,57.033,48.5447,Lost quote,1,22
2024-07-01,20195,C5,53.5746,48.5447,Field report,1,15
2024-10-01,20195,C5,55.6855,48.5447,Lost quote,0,1
2024-12-01,20195,C5,58.684,48.5447,Distributor price list,1,27
2025-01-01,20195,C5,57.4186,48.5447,Field report,0,29
2025-02-01,20195,C5,54.4846,48.5447,Lost quote,0,20
2025-04-01,20195,C5,55.4586,48.5447,Marketplace scrape,1,44
2025-05-01,20195,C5,58.6073,48.5447,Lost quote,0,41
2025-07-01,20195,C5,55.7001,48.5447,Distributor price list,1,9
2025-09-01,20195,C5,59.1124,48.5447,Field report,1,22
2025-11-01,20195,C5,57.4675,48.5447,Marketplace scrape,1,33
2026-01-01,20195,C5,59.7708,48.5447,Marketplace scrape,1,17
2026-02-01,20195,C5,60.2677,48.5447,Marketplace scrape,1,12
2026-03-01,20195,C5,59.8591,48.5447,Field report,1,6
2026-04-01,20195,C5,58.0055,48.5447,Lost quote,1,28
2026-05-01,20195,C5,58.9456,48.5447,Field report,1,24
2023-08-01,20196,C1,25.2039,22.6413,Field report,1,25
2024-01-01,20196,C1,26.3608,21.4735,Distributor price list,1,37
2024-03-01,20196,C1,26.4711,21.9123,Distributor price list,1,24
2024-05-01,20196,C1,27.9118,21.9123,Lost quote,1,39
2024-10-01,20196,C1,30.4457,23.7053,Lost quote,1,6
2024-11-01,20196,C1,29.7382,23.7053,Lost quote,1,25
2025-03-01,20196,C1,31.9017,23.3938,Marketplace scrape,1,45
2025-04-01,20196,C1,31.1914,23.3938,Field report,1,41
2025-05-01,20196,C1,31.622,23.3938,Marketplace scrape,1,7
2025-06-01,20196,C1,31.4172,23.3348,Lost quote,1,21
2025-07-01,20196,C1,32.0179,23.3348,Field report,1,20
2025-09-01,20196,C1,31.4052,23.1092,Marketplace scrape,1,32
2025-10-01,20196,C1,30.7957,23.1092,Marketplace scrape,0,15
2025-11-01,20196,C1,31.8667,23.1092,Field report,1,26
2025-12-01,20196,C1,31.7529,22.418,Marketplace scrape,1,4
2026-02-01,20196,C1,30.9449,22.418,Field report,1,40
2026-05-01,20196,C1,45.3085,31.1571,Lost quote,1,16
2026-06-01,20196,C1,41.6001,30.5013,Field report,1,17
2023-08-01,20196,C2,21.9613,22.6413,Distributor price list,1,28
2023-09-01,20196,C2,23.1647,23.6827,Field report,1,6
2023-12-01,20196,C2,20.9425,21.4735,Field report,1,11
2024-02-01,20196,C2,21.051,21.4735,Distributor price list,0,11
2024-03-01,20196,C2,21.2042,21.9123,Field report,0,12
2024-04-01,20196,C2,19.7078,21.9123,Marketplace scrape,1,30
2024-05-01,20196,C2,19.6554,21.9123,Lost quote,1,19
2024-06-01,20196,C2,20.1851,23.3466,Distributor price list,1,43
2024-09-01,20196,C2,20.0503,23.7053,Lost quote,1,27
2024-11-01,20196,C2,20.0932,23.7053,Field report,0,44
2024-12-01,20196,C2,20.155,22.6813,Marketplace scrape,1,6
2025-01-01,20196,C2,19.7902,22.6813,Distributor price list,1,29
2025-02-01,20196,C2,19.923,22.6813,Field report,1,9
2025-03-01,20196,C2,20.1475,23.3938,Marketplace scrape,1,9
2025-05-01,20196,C2,19.5692,23.3938,Lost quote,1,38
2025-06-01,20196,C2,20.2609,23.3348,Field report,1,5
2025-11-01,20196,C2,19.9088,23.1092,Lost quote,1,26
2025-12-01,20196,C2,19.888,22.418,Lost quote,1,27
2026-01-01,20196,C2,18.6386,22.418,Distributor price list,1,44
2026-02-01,20196,C2,18.6615,22.418,Distributor price list,1,15
2026-04-01,20196,C2,25.9358,31.1571,Distributor price list,1,23
2026-05-01,20196,C2,25.9475,31.1571,Marketplace scrape,1,3
2026-06-01,20196,C2,25.5524,30.5013,Marketplace scrape,1,35
2023-07-01,20196,C3,27.5259,22.6413,Distributor price list,1,15
2023-09-01,20196,C3,27.9535,23.6827,Lost quote,1,39
2023-10-01,20196,C3,27.0394,23.6827,Field report,1,4
2023-11-01,20196,C3,27.0919,23.6827,Field report,1,17
2024-01-01,20196,C3,24.0691,21.4735,Field report,0,27
2024-05-01,20196,C3,25.6235,21.9123,Marketplace scrape,1,44
2024-07-01,20196,C3,27.0901,23.3466,Distributor price list,1,10
2024-09-01,20196,C3,27.1036,23.7053,Lost quote,1,11
2024-11-01,20196,C3,26.3429,23.7053,Marketplace scrape,1,17
2024-12-01,20196,C3,27.0755,22.6813,Field report,1,4
2025-02-01,20196,C3,26.498,22.6813,Marketplace scrape,1,5
2025-03-01,20196,C3,28.2631,23.3938,Distributor price list,1,45
2025-04-01,20196,C3,28.762,23.3938,Field report,1,7
2025-05-01,20196,C3,27.881,23.3938,Marketplace scrape,1,8
2025-06-01,20196,C3,27.8428,23.3348,Marketplace scrape,1,32
2025-08-01,20196,C3,26.3655,23.3348,Field report,1,33
2025-12-01,20196,C3,23.9403,22.418,Lost quote,1,17
2026-03-01,20196,C3,23.5817,22.1216,Lost quote,1,40
2026-04-01,20196,C3,32.4386,31.1571,Field report,1,36
2026-05-01,20196,C3,31.4242,31.1571,Distributor price list,1,35
2023-08-01,20196,C4,24.5731,22.6413,Marketplace scrape,1,29
2023-11-01,20196,C4,27.6216,23.6827,Lost quote,1,32
2023-12-01,20196,C4,23.524,21.4735,Lost quote,1,23
2024-01-01,20196,C4,24.8584,21.4735,Lost quote,1,31
2024-07-01,20196,C4,26.4935,23.3466,Marketplace scrape,1,7
2024-09-01,20196,C4,27.3789,23.7053,Marketplace scrape,1,2
2025-01-01,20196,C4,25.1379,22.6813,Distributor price list,1,13
2025-03-01,20196,C4,26.6579,23.3938,Field report,1,28
2025-04-01,20196,C4,25.0074,23.3938,Field report,1,19
2025-05-01,20196,C4,24.9831,23.3938,Field report,1,14
2025-07-01,20196,C4,25.3345,23.3348,Marketplace scrape,1,18
2025-09-01,20196,C4,25.2331,23.1092,Field report,1,32
2026-01-01,20196,C4,24.5063,22.418,Marketplace scrape,1,35
2026-02-01,20196,C4,24.5969,22.418,Lost quote,1,18
2026-03-01,20196,C4,24.5424,22.1216,Distributor price list,1,37
2026-04-01,20196,C4,33.7329,31.1571,Field report,0,19
2026-05-01,20196,C4,32.3473,31.1571,Field report,1,41
2026-06-01,20196,C4,31.7499,30.5013,Lost quote,0,6
2023-09-01,20197,C1,16.5972,17.54,Marketplace scrape,1,45
2023-10-01,20197,C1,17.1851,17.54,Marketplace scrape,1,5
2023-11-01,20197,C1,17.6765,16.6897,Field report,1,20
2024-01-01,20197,C1,17.1662,16.6897,Field report,1,2
2024-03-01,20197,C1,17.3796,17.0276,Distributor price list,1,27
2024-04-01,20197,C1,17.45,17.0276,Field report,1,18
2024-05-01,20197,C1,17.8258,17.2138,Distributor price list,1,2
2024-06-01,20197,C1,17.6049,17.2138,Field report,1,26
2024-07-01,20197,C1,18.306,17.2138,Lost quote,1,23
2024-09-01,20197,C1,17.7512,17.535,Field report,1,20
2025-01-01,20197,C1,17.0271,16.4973,Distributor price list,1,39
2025-02-01,20197,C1,15.9882,16.0491,Lost quote,1,21
2025-05-01,20197,C1,14.4384,14.9198,Marketplace scrape,1,5
2025-06-01,20197,C1,14.7283,14.9198,Field report,1,32
2025-07-01,20197,C1,14.5336,14.9198,Lost quote,1,5
2025-08-01,20197,C1,14.5707,15.1857,Distributor price list,1,9
2025-09-01,20197,C1,15.0637,15.1857,Distributor price list,1,22
2025-11-01,20197,C1,14.0765,15.1865,Field report,1,28
2025-12-01,20197,C1,14.0862,15.1865,Lost quote,1,12
2026-01-01,20197,C1,14.3777,15.1865,Lost quote,1,8
2026-03-01,20197,C1,14.8575,16.0776,Lost quote,1,5
2026-04-01,20197,C1,15.4189,16.0776,Lost quote,1,19
2026-05-01,20197,C1,15.1029,15.9371,Marketplace scrape,1,5
2023-07-01,20197,C3,19.0395,17.5284,Lost quote,0,28
2023-08-01,20197,C3,18.2049,17.54,Field report,1,42
2023-09-01,20197,C3,18.8301,17.54,Marketplace scrape,1,34
2023-10-01,20197,C3,18.7931,17.54,Marketplace scrape,1,11
2024-01-01,20197,C3,18.0782,16.6897,Lost quote,1,5
2024-03-01,20197,C3,19.3242,17.0276,Marketplace scrape,0,3
2024-04-01,20197,C3,19.9457,17.0276,Marketplace scrape,1,23
2024-05-01,20197,C3,20.478,17.2138,Distributor price list,1,17
2024-06-01,20197,C3,20.4027,17.2138,Lost quote,1,20
2024-09-01,20197,C3,20.3368,17.535,Marketplace scrape,1,10
2024-10-01,20197,C3,19.6136,17.535,Marketplace scrape,1,26
2024-11-01,20197,C3,18.4081,16.4973,Field report,1,5
2024-12-01,20197,C3,18.7201,16.4973,Distributor price list,1,24
2025-01-01,20197,C3,18.6729,16.4973,Field report,1,27
2025-05-01,20197,C3,16.6415,14.9198,Distributor price list,1,19
2025-06-01,20197,C3,16.3466,14.9198,Marketplace scrape,1,42
2025-08-01,20197,C3,17.0358,15.1857,Distributor price list,1,44
2026-01-01,20197,C3,16.9909,15.1865,Field report,1,41
2026-02-01,20197,C3,18.2301,16.0776,Marketplace scrape,1,44
2026-03-01,20197,C3,18.7647,16.0776,Distributor price list,1,4
2026-04-01,20197,C3,18.7397,16.0776,Distributor price list,1,18
2023-07-01,20197,C4,15.8163,17.5284,Marketplace scrape,1,37
2023-09-01,20197,C4,15.9015,17.54,Lost quote,1,17
2023-10-01,20197,C4,16.6833,17.54,Lost quote,1,35
2023-11-01,20197,C4,16.0549,16.6897,Field report,0,31
2024-01-01,20197,C4,15.7911,16.6897,Distributor price list,1,34
2024-02-01,20197,C4,15.303,17.0276,Marketplace scrape,1,21
2024-03-01,20197,C4,15.7564,17.0276,Lost quote,1,31
2024-04-01,20197,C4,14.7861,17.0276,Field report,1,12
2024-08-01,20197,C4,15.4691,17.535,Marketplace scrape,1,26
2024-10-01,20197,C4,15.2185,17.535,Marketplace scrape,1,2
2024-12-01,20197,C4,14.6881,16.4973,Marketplace scrape,0,23
2025-01-01,20197,C4,14.5272,16.4973,Field report,0,30
2025-02-01,20197,C4,13.6999,16.0491,Lost quote,1,1
2025-03-01,20197,C4,13.5077,16.0491,Lost quote,1,23
2025-04-01,20197,C4,13.5446,16.0491,Marketplace scrape,1,18
2025-05-01,20197,C4,13.1641,14.9198,Field report,1,3
2025-06-01,20197,C4,12.7948,14.9198,Field report,1,28
2025-07-01,20197,C4,13.1623,14.9198,Marketplace scrape,1,1
2025-08-01,20197,C4,12.742,15.1857,Distributor price list,1,27
2025-09-01,20197,C4,12.4631,15.1857,Marketplace scrape,1,33
2025-10-01,20197,C4,12.0451,15.1857,Distributor price list,1,2
2025-11-01,20197,C4,12.2307,15.1865,Lost quote,1,7
2025-12-01,20197,C4,11.6978,15.1865,Marketplace scrape,1,16
2026-01-01,20197,C4,11.8164,15.1865,Marketplace scrape,1,39
2026-02-01,20197,C4,12.9605,16.0776,Field report,1,21
2026-04-01,20197,C4,12.3928,16.0776,Marketplace scrape,0,27
2026-05-01,20197,C4,12.0798,15.9371,Distributor price list,1,15
2023-07-01,20198,C3,10.2597,8.2901,Distributor price list,1,23
2023-11-01,20198,C3,10.5756,8.8714,Field report,1,23
2024-02-01,20198,C3,10.1265,8.4003,Field report,0,3
2024-03-01,20198,C3,10.0402,8.4003,Marketplace scrape,1,39
2024-05-01,20198,C3,10.5805,8.7264,Field report,1,32
2024-07-01,20198,C3,10.6864,9.4847,Field report,1,14
2024-08-01,20198,C3,11.2079,9.4847,Lost quote,1,18
2024-09-01,20198,C3,11.523,9.4847,Lost quote,1,36
2024-11-01,20198,C3,11.0442,9.4269,Distributor price list,1,14
2024-12-01,20198,C3,11.2945,9.4269,Marketplace scrape,0,7
2025-01-01,20198,C3,11.4599,9.5383,Marketplace scrape,1,25
2025-03-01,20198,C3,11.5088,9.5383,Lost quote,0,6
2025-07-01,20198,C3,12.4281,10.2498,Lost quote,1,27
2025-08-01,20198,C3,13.002,10.2498,Field report,1,30
2025-09-01,20198,C3,12.7025,10.2498,Field report,1,16
2025-10-01,20198,C3,12.9907,10.8004,Marketplace scrape,1,4
2025-11-01,20198,C3,13.5533,10.8004,Distributor price list,1,18
2026-01-01,20198,C3,13.3467,10.6041,Marketplace scrape,1,31
2026-02-01,20198,C3,13.2622,10.6041,Distributor price list,1,20
2026-04-01,20198,C3,13.4207,10.9395,Marketplace scrape,1,30
2026-05-01,20198,C3,14.1143,10.9395,Lost quote,1,26
2023-07-01,20198,C5,10.9537,8.2901,Distributor price list,1,45
2023-08-01,20198,C5,10.6336,8.2901,Distributor price list,1,17
2023-09-01,20198,C5,10.6506,8.2901,Lost quote,1,41
2023-10-01,20198,C5,11.9876,8.8714,Distributor price list,1,7
2023-11-01,20198,C5,11.901,8.8714,Field report,1,24
2024-01-01,20198,C5,11.8712,8.4003,Distributor price list,0,28
2024-02-01,20198,C5,11.6323,8.4003,Marketplace scrape,1,22
2024-03-01,20198,C5,11.4955,8.4003,Marketplace scrape,1,41
2024-04-01,20198,C5,11.7893,8.7264,Marketplace scrape,1,40
2024-07-01,20198,C5,11.7752,9.4847,Field report,1,16
2024-08-01,20198,C5,12.0922,9.4847,Distributor price list,1,10
2024-09-01,20198,C5,12.2756,9.4847,Lost quote,1,35
2024-10-01,20198,C5,11.9581,9.4269,Distributor price list,1,19
2024-11-01,20198,C5,12.532,9.4269,Distributor price list,1,6
2024-12-01,20198,C5,12.2878,9.4269,Distributor price list,1,25
2025-01-01,20198,C5,12.0666,9.5383,Field report,1,19
2025-02-01,20198,C5,12.0367,9.5383,Field report,1,23
2025-05-01,20198,C5,12.3992,9.798,Field report,1,22
2025-10-01,20198,C5,14.0629,10.8004,Marketplace scrape,1,10
2026-02-01,20198,C5,13.591,10.6041,Distributor price list,1,18
2026-03-01,20198,C5,14.4325,10.6041,Lost quote,1,24
2026-04-01,20198,C5,14.3255,10.9395,Field report,1,18
2026-05-01,20198,C5,14.4139,10.9395,Marketplace scrape,1,32
2026-06-01,20198,C5,14.5183,10.9395,Marketplace scrape,1,42
2023-11-01,20199,C1,12.5575,13.3637,Distributor price list,1,34
2023-12-01,20199,C1,12.7847,13.3637,Lost quote,1,28
2024-02-01,20199,C1,12.6556,13.164,Field report,1,24
2024-04-01,20199,C1,12.1401,13.7076,Marketplace scrape,1,22
2024-05-01,20199,C1,12.6817,13.7076,Lost quote,1,35
2024-07-01,20199,C1,13.5204,14.7901,Distributor price list,1,26
2024-09-01,20199,C1,13.4454,14.7901,Marketplace scrape,1,10
2024-10-01,20199,C1,14.0457,15.4057,Marketplace scrape,1,10
2024-11-01,20199,C1,13.9413,15.4057,Lost quote,1,10
2024-12-01,20199,C1,13.5564,15.4057,Marketplace scrape,1,35
2025-03-01,20199,C1,12.7219,15.1355,Lost quote,1,17
2025-04-01,20199,C1,13.1054,14.7736,Lost quote,0,34
2025-05-01,20199,C1,12.5447,14.7736,Field report,1,32
2025-07-01,20199,C1,12.8386,15.0892,Field report,1,43
2025-09-01,20199,C1,12.4382,15.0892,Marketplace scrape,1,2
2025-10-01,20199,C1,11.5038,13.8977,Marketplace scrape,1,14
2025-11-01,20199,C1,11.7978,13.8977,Lost quote,1,45
2026-03-01,20199,C1,12.4091,14.3276,Lost quote,1,29
2026-05-01,20199,C1,13.3789,15.0327,Lost quote,1,26
2023-07-01,20199,C2,10.6706,13.1013,Distributor price list,1,14
2023-08-01,20199,C2,10.7442,13.1013,Marketplace scrape,1,45
2023-09-01,20199,C2,10.5532,13.1013,Lost quote,1,25
2023-10-01,20199,C2,11.1002,13.3637,Field report,1,44
2023-11-01,20199,C2,11.091,13.3637,Field report,1,16
2023-12-01,20199,C2,11.4408,13.3637,Marketplace scrape,1,21
2024-02-01,20199,C2,11.2375,13.164,Field report,1,15
2024-05-01,20199,C2,11.2298,13.7076,Marketplace scrape,0,35
2024-06-01,20199,C2,11.7088,13.7076,Distributor price list,1,1
2024-07-01,20199,C2,12.0858,14.7901,Distributor price list,1,35
2024-09-01,20199,C2,12.1897,14.7901,Distributor price list,1,12
2024-11-01,20199,C2,12.4346,15.4057,Marketplace scrape,1,36
2024-12-01,20199,C2,12.464,15.4057,Marketplace scrape,1,38
2025-02-01,20199,C2,12.9504,15.1355,Lost quote,1,40
2025-03-01,20199,C2,12.8245,15.1355,Marketplace scrape,1,19
2025-05-01,20199,C2,12.8698,14.7736,Field report,1,26
2025-06-01,20199,C2,12.9174,14.7736,Field report,1,9
2025-08-01,20199,C2,13.2792,15.0892,Field report,1,37
2025-09-01,20199,C2,12.842,15.0892,Marketplace scrape,1,13
2025-10-01,20199,C2,12.5097,13.8977,Distributor price list,1,12
2025-11-01,20199,C2,12.2652,13.8977,Lost quote,1,17
2025-12-01,20199,C2,12.3798,13.8977,Marketplace scrape,1,15
2026-02-01,20199,C2,12.9624,14.3276,Lost quote,1,30
2026-03-01,20199,C2,13.1274,14.3276,Lost quote,1,20
2026-04-01,20199,C2,13.942,15.0327,Field report,1,5
2023-07-01,20200,C1,17.6921,20.6139,Distributor price list,1,33
2023-08-01,20200,C1,16.6074,19.9203,Field report,1,45
2023-10-01,20200,C1,16.5198,19.9203,Lost quote,1,14
2023-11-01,20200,C1,15.4398,19.488,Distributor price list,1,8
2023-12-01,20200,C1,15.1566,19.488,Lost quote,1,7
2024-01-01,20200,C1,15.6815,19.488,Lost quote,1,19
2024-02-01,20200,C1,14.5077,17.9419,Distributor price list,0,43
2024-06-01,20200,C1,15.3951,18.4417,Marketplace scrape,1,2
2024-07-01,20200,C1,14.6223,18.4417,Distributor price list,1,25
2024-08-01,20200,C1,15.0632,18.7391,Marketplace scrape,0,24
2024-09-01,20200,C1,14.7087,18.7391,Marketplace scrape,1,24
2024-11-01,20200,C1,14.0515,17.8099,Marketplace scrape,1,7
2025-03-01,20200,C1,14.5492,18.1675,Lost quote,1,16
2025-04-01,20200,C1,21.6081,26.04,Marketplace scrape,1,34
2025-05-01,20200,C1,23.02,27.3121,Field report,1,8
2025-07-01,20200,C1,22.3702,27.3121,Marketplace scrape,1,6
2025-09-01,20200,C1,23.4096,29.2779,Lost quote,1,4
2025-10-01,20200,C1,25.085,29.2779,Field report,1,21
2025-11-01,20200,C1,23.5261,28.8711,Distributor price list,1,3
2025-12-01,20200,C1,24.5246,28.8711,Field report,1,3
2026-01-01,20200,C1,24.7421,28.8711,Field report,1,26
2026-03-01,20200,C1,23.0633,26.853,Distributor price list,1,11
2026-04-01,20200,C1,21.9846,26.853,Lost quote,1,12
2026-06-01,20200,C1,24.8169,28.939,Field report,1,12
2023-09-01,20200,C2,16.1565,19.9203,Lost quote,1,42
2023-11-01,20200,C2,15.5418,19.488,Distributor price list,1,20
2023-12-01,20200,C2,15.5331,19.488,Lost quote,1,11
2024-01-01,20200,C2,16.104,19.488,Marketplace scrape,1,31
2024-02-01,20200,C2,14.2086,17.9419,Distributor price list,1,2
2024-03-01,20200,C2,14.5029,17.9419,Distributor price list,0,9
2024-04-01,20200,C2,14.6535,17.9419,Lost quote,0,33
2024-06-01,20200,C2,14.6199,18.4417,Field report,1,38
2024-07-01,20200,C2,14.4201,18.4417,Lost quote,1,1
2024-08-01,20200,C2,15.1706,18.7391,Lost quote,1,13
2024-10-01,20200,C2,14.6542,18.7391,Distributor price list,1,21
2024-11-01,20200,C2,13.6609,17.8099,Lost quote,1,21
2024-12-01,20200,C2,13.571,17.8099,Marketplace scrape,1,45
2025-01-01,20200,C2,14.4224,17.8099,Lost quote,1,21
2025-02-01,20200,C2,14.4533,18.1675,Field report,1,19
2025-05-01,20200,C2,21.2622,27.3121,Distributor price list,1,24
2025-06-01,20200,C2,20.8913,27.3121,Marketplace scrape,1,30
2025-08-01,20200,C2,22.3913,29.2779,Lost quote,1,23
2025-09-01,20200,C2,22.5975,29.2779,Field report,1,39
2025-12-01,20200,C2,24.3823,28.8711,Field report,0,7
2026-01-01,20200,C2,24.5656,28.8711,Lost quote,1,45
2026-02-01,20200,C2,23.9749,26.853,Lost quote,1,4
2026-03-01,20200,C2,23.5183,26.853,Lost quote,1,25
2026-06-01,20200,C2,24.5747,28.939,Marketplace scrape,1,1
2023-08-01,20200,C4,16.3792,19.9203,Distributor price list,1,25
2023-09-01,20200,C4,16.9602,19.9203,Field report,1,36
2023-10-01,20200,C4,16.6503,19.9203,Field report,1,6
2024-01-01,20200,C4,16.746,19.488,Field report,1,18
2024-02-01,20200,C4,14.9411,17.9419,Field report,1,26
2024-03-01,20200,C4,15.8615,17.9419,Field report,1,4
2024-04-01,20200,C4,15.4349,17.9419,Field report,1,24
2024-05-01,20200,C4,16.1058,18.4417,Field report,0,21
2024-07-01,20200,C4,16.1111,18.4417,Lost quote,1,28
2024-08-01,20200,C4,16.8786,18.7391,Distributor price list,1,32
2024-10-01,20200,C4,16.6134,18.7391,Field report,1,35
2024-11-01,20200,C4,15.7346,17.8099,Field report,1,40
2024-12-01,20200,C4,14.8624,17.8099,Marketplace scrape,1,27
2025-01-01,20200,C4,14.931,17.8099,Field report,1,4
2025-02-01,20200,C4,15.9694,18.1675,Field report,1,6
2025-03-01,20200,C4,15.8952,18.1675,Distributor price list,1,24
2025-04-01,20200,C4,22.7707,26.04,Lost quote,1,1
2025-06-01,20200,C4,22.4979,27.3121,Distributor price list,1,20
2025-08-01,20200,C4,25.8778,29.2779,Distributor price list,1,7
2025-10-01,20200,C4,24.9103,29.2779,Marketplace scrape,1,27
2025-11-01,20200,C4,24.6355,28.8711,Lost quote,0,19
2026-02-01,20200,C4,23.3278,26.853,Lost quote,1,29
2026-05-01,20200,C4,23.8297,28.939,Distributor price list,0,35
2026-06-01,20200,C4,24.3244,28.939,Lost quote,1,11
2023-08-01,20200,C5,21.3882,19.9203,Field report,1,35
2023-09-01,20200,C5,21.3719,19.9203,Marketplace scrape,1,3
2023-10-01,20200,C5,21.3831,19.9203,Marketplace scrape,1,5
2023-12-01,20200,C5,19.5582,19.488,Lost quote,1,20
2024-02-01,20200,C5,18.4207,17.9419,Lost quote,1,41
2024-04-01,20200,C5,19.0976,17.9419,Lost quote,1,11
2024-05-01,20200,C5,19.9451,18.4417,Distributor price list,1,2
2024-09-01,20200,C5,19.5378,18.7391,Distributor price list,1,31
2024-10-01,20200,C5,18.9762,18.7391,Field report,1,4
2024-11-01,20200,C5,17.6687,17.8099,Lost quote,1,11
2025-01-01,20200,C5,17.1571,17.8099,Lost quote,1,19
2025-04-01,20200,C5,24.9681,26.04,Distributor price list,1,26
2025-05-01,20200,C5,26.9714,27.3121,Field report,1,34
2025-07-01,20200,C5,26.4101,27.3121,Distributor price list,1,45
2025-08-01,20200,C5,29.0564,29.2779,Field report,1,29
2025-09-01,20200,C5,28.1022,29.2779,Distributor price list,1,27
2025-11-01,20200,C5,26.9516,28.8711,Field report,1,12
2025-12-01,20200,C5,27.4536,28.8711,Distributor price list,1,21
2026-03-01,20200,C5,25.2057,26.853,Lost quote,1,31
2026-05-01,20200,C5,28.2658,28.939,Field report,0,33
2023-07-01,20201,C1,18.64,19.1763,Lost quote,1,5
2023-08-01,20201,C1,19.0805,19.1483,Marketplace scrape,0,10
2023-09-01,20201,C1,18.1635,19.1483,Marketplace scrape,1,34
2023-11-01,20201,C1,17.5042,18.488,Lost quote,1,40
2023-12-01,20201,C1,17.2039,18.488,Field report,1,14
2024-03-01,20201,C1,17.6145,19.5031,Marketplace scrape,1,19
2024-04-01,20201,C1,18.2306,19.5031,Distributor price list,1,22
2024-06-01,20201,C1,17.5616,19.5303,Distributor price list,1,13
2024-07-01,20201,C1,18.266,19.5303,Distributor price list,1,8
2024-09-01,20201,C1,17.5939,19.0875,Marketplace scrape,1,34
2024-10-01,20201,C1,16.232,19.0875,Lost quote,1,31
2024-11-01,20201,C1,17.8409,19.7601,Marketplace scrape,1,9
2025-02-01,20201,C1,21.3866,22.6757,Lost quote,1,39
2025-03-01,20201,C1,20.6438,22.6757,Field report,1,19
2025-04-01,20201,C1,20.8572,22.6757,Field report,1,36
2025-05-01,20201,C1,22.9488,23.8476,Lost quote,1,32
2025-06-01,20201,C1,22.6549,23.8476,Distributor price list,1,36
2025-10-01,20201,C1,23.2965,23.8967,Lost quote,1,25
2025-11-01,20201,C1,20.7724,22.5429,Lost quote,0,5
2025-12-01,20201,C1,21.175,22.5429,Lost quote,1,13
2026-01-01,20201,C1,22.0202,22.5429,Distributor price list,1,16
2026-02-01,20201,C1,22.0677,23.1642,Field report,1,41
2026-03-01,20201,C1,21.9988,23.1642,Lost quote,1,9
2026-04-01,20201,C1,21.8555,23.1642,Distributor price list,0,24
2026-05-01,20201,C1,20.4465,22.126,Marketplace scrape,1,42
2023-07-01,20201,C2,17.39,19.1763,Field report,1,7
2023-09-01,20201,C2,18.2516,19.1483,Distributor price list,1,10
2023-10-01,20201,C2,16.9659,19.1483,Distributor price list,1,31
2023-11-01,20201,C2,16.7249,18.488,Distributor price list,1,26
2024-01-01,20201,C2,17.2028,18.488,Lost quote,1,6
2024-02-01,20201,C2,17.1866,19.5031,Lost quote,1,15
2024-05-01,20201,C2,16.941,19.5303,Marketplace scrape,1,20
2024-06-01,20201,C2,16.5892,19.5303,Field report,1,34
2024-07-01,20201,C2,16.934,19.5303,Marketplace scrape,1,23
2024-08-01,20201,C2,16.828,19.0875,Lost quote,1,5
2024-09-01,20201,C2,17.348,19.0875,Field report,1,11
2024-10-01,20201,C2,17.2097,19.0875,Marketplace scrape,1,22
2024-11-01,20201,C2,18.1397,19.7601,Lost quote,1,23
2025-03-01,20201,C2,22.3097,22.6757,Lost quote,1,39
2025-04-01,20201,C2,23.3043,22.6757,Distributor price list,1,27
2025-05-01,20201,C2,23.425,23.8476,Lost quote,1,10
2025-06-01,20201,C2,24.2849,23.8476,Distributor price list,1,8
2025-07-01,20201,C2,23.7125,23.8476,Field report,1,3
2025-08-01,20201,C2,23.4729,23.8967,Marketplace scrape,1,34
2025-09-01,20201,C2,23.2177,23.8967,Field report,1,33
2025-10-01,20201,C2,24.2691,23.8967,Field report,1,33
2025-11-01,20201,C2,22.3885,22.5429,Lost quote,0,45
2025-12-01,20201,C2,22.1313,22.5429,Lost quote,1,3
2026-01-01,20201,C2,21.6792,22.5429,Marketplace scrape,0,38
2026-03-01,20201,C2,21.9508,23.1642,Marketplace scrape,1,42
2026-04-01,20201,C2,22.2833,23.1642,Lost quote,1,16
2026-06-01,20201,C2,21.8937,22.126,Lost quote,1,12
2023-07-01,20201,C4,18.4913,19.1763,Distributor price list,1,15
2023-08-01,20201,C4,18.6717,19.1483,Marketplace scrape,1,14
2023-10-01,20201,C4,18.9507,19.1483,Marketplace scrape,1,41
2023-11-01,20201,C4,18.1084,18.488,Lost quote,0,31
2023-12-01,20201,C4,17.8251,18.488,Lost quote,1,3
2024-03-01,20201,C4,18.6703,19.5031,Lost quote,1,38
2024-04-01,20201,C4,17.961,19.5031,Lost quote,1,1
2024-05-01,20201,C4,17.8263,19.5303,Marketplace scrape,1,14
2024-09-01,20201,C4,16.3409,19.0875,Lost quote,1,18
2024-11-01,20201,C4,16.9856,19.7601,Distributor price list,1,22
2025-01-01,20201,C4,17.527,19.7601,Marketplace scrape,0,1
2025-02-01,20201,C4,20.1093,22.6757,Distributor price list,1,19
2025-04-01,20201,C4,19.231,22.6757,Lost quote,1,28
2025-05-01,20201,C4,19.9768,23.8476,Field report,1,10
2025-06-01,20201,C4,19.5733,23.8476,Field report,1,42
2025-07-01,20201,C4,19.6851,23.8476,Field report,1,32
2025-09-01,20201,C4,19.1728,23.8967,Lost quote,1,44
2025-10-01,20201,C4,19.1618,23.8967,Marketplace scrape,1,39
2026-01-01,20201,C4,18.9445,22.5429,Lost quote,1,21
2026-03-01,20201,C4,19.1131,23.1642,Marketplace scrape,1,22
2026-06-01,20201,C4,18.7767,22.126,Marketplace scrape,1,25
2023-07-01,20202,C1,42.4959,46.9027,Marketplace scrape,1,16
2023-08-01,20202,C1,39.9644,46.9027,Lost quote,1,5
2023-09-01,20202,C1,40.4023,46.9027,Distributor price list,1,34
2023-10-01,20202,C1,40.8734,46.9027,Lost quote,1,10
2023-11-01,20202,C1,40.9573,46.9027,Lost quote,1,19
2024-02-01,20202,C1,39.952,46.9027,Marketplace scrape,0,16
2024-04-01,20202,C1,40.6167,46.9027,Field report,1,16
2024-07-01,20202,C1,40.2718,46.9027,Lost quote,1,40
2024-09-01,20202,C1,41.324,46.9027,Field report,1,14
2024-11-01,20202,C1,42.4476,46.9027,Field report,1,30
2024-12-01,20202,C1,40.8999,46.9027,Lost quote,1,28
2025-01-01,20202,C1,41.2535,46.9027,Marketplace scrape,1,9
2025-02-01,20202,C1,42.2247,46.9027,Marketplace scrape,1,6
2025-04-01,20202,C1,43.6127,46.9027,Marketplace scrape,1,30
2025-07-01,20202,C1,40.7549,46.9027,Lost quote,1,43
2025-08-01,20202,C1,41.2594,46.9027,Distributor price list,1,21
2025-10-01,20202,C1,41.886,46.9027,Field report,1,30
2025-11-01,20202,C1,42.6036,46.9027,Distributor price list,1,6
2025-12-01,20202,C1,40.9926,46.9027,Marketplace scrape,1,45
2026-01-01,20202,C1,40.2848,46.9027,Marketplace scrape,1,2
2026-03-01,20202,C1,42.1363,46.9027,Marketplace scrape,1,44
2026-04-01,20202,C1,42.8682,46.9027,Field report,1,42
2026-06-01,20202,C1,44.3046,46.9027,Field report,1,37
2023-07-01,20202,C2,37.5225,46.9027,Lost quote,1,45
2023-10-01,20202,C2,35.9962,46.9027,Distributor price list,1,40
2023-11-01,20202,C2,36.9108,46.9027,Marketplace scrape,1,26
2023-12-01,20202,C2,36.2083,46.9027,Field report,1,41
2024-01-01,20202,C2,34.6579,46.9027,Marketplace scrape,1,21
2024-04-01,20202,C2,32.526,46.9027,Distributor price list,1,23
2024-06-01,20202,C2,35.4507,46.9027,Distributor price list,1,33
2024-07-01,20202,C2,33.694,46.9027,Lost quote,1,29
2024-08-01,20202,C2,33.1172,46.9027,Lost quote,1,29
2024-09-01,20202,C2,32.445,46.9027,Marketplace scrape,1,23
2024-11-01,20202,C2,33.8722,46.9027,Distributor price list,1,4
2025-02-01,20202,C2,32.363,46.9027,Field report,1,32
2025-03-01,20202,C2,32.9106,46.9027,Lost quote,1,39
2025-04-01,20202,C2,32.5216,46.9027,Distributor price list,1,38
2025-05-01,20202,C2,33.4575,46.9027,Marketplace scrape,1,40
2025-07-01,20202,C2,32.9441,46.9027,Lost quote,1,31
2025-09-01,20202,C2,30.9954,46.9027,Distributor price list,1,31
2025-10-01,20202,C2,31.6589,46.9027,Field report,1,21
2025-12-01,20202,C2,31.0995,46.9027,Field report,1,19
2026-01-01,20202,C2,30.7215,46.9027,Field report,1,27
2026-02-01,20202,C2,31.2831,46.9027,Distributor price list,1,12
2026-03-01,20202,C2,32.0318,46.9027,Distributor price list,1,9
2026-04-01,20202,C2,31.1959,46.9027,Marketplace scrape,1,37
2023-09-01,20202,C3,47.9952,46.9027,Marketplace scrape,0,19
2023-10-01,20202,C3,50.4913,46.9027,Field report,1,30
2023-12-01,20202,C3,48.8366,46.9027,Lost quote,1,6
2024-01-01,20202,C3,48.3912,46.9027,Marketplace scrape,1,20
2024-02-01,20202,C3,47.0655,46.9027,Distributor price list,1,6
2024-03-01,20202,C3,47.9655,46.9027,Distributor price list,1,15
2024-04-01,20202,C3,47.1905,46.9027,Distributor price list,1,20
2024-05-01,20202,C3,48.9953,46.9027,Marketplace scrape,1,6
2024-06-01,20202,C3,48.4161,46.9027,Distributor price list,1,25
2024-07-01,20202,C3,51.3353,46.9027,Lost quote,1,31
2024-08-01,20202,C3,50.5955,46.9027,Field report,1,45
2024-09-01,20202,C3,51.3212,46.9027,Distributor price list,1,24
2024-10-01,20202,C3,48.7902,46.9027,Field report,1,17
2024-11-01,20202,C3,49.2787,46.9027,Distributor price list,1,22
2024-12-01,20202,C3,48.5572,46.9027,Lost quote,1,22
2025-01-01,20202,C3,49.4324,46.9027,Field report,1,37
2025-02-01,20202,C3,48.8424,46.9027,Marketplace scrape,1,31
2025-04-01,20202,C3,49.7331,46.9027,Distributor price list,1,10
2025-05-01,20202,C3,50.0961,46.9027,Distributor price list,1,33
2025-06-01,20202,C3,50.1918,46.9027,Lost quote,1,42
2025-07-01,20202,C3,48.47,46.9027,Field report,1,22
2025-08-01,20202,C3,47.9923,46.9027,Field report,1,44
2025-09-01,20202,C3,47.6814,46.9027,Distributor price list,1,36
2025-11-01,20202,C3,47.9383,46.9027,Marketplace scrape,1,37
2025-12-01,20202,C3,46.4162,46.9027,Distributor price list,1,43
2026-01-01,20202,C3,47.9437,46.9027,Lost quote,1,42
2026-02-01,20202,C3,49.7628,46.9027,Marketplace scrape,1,16
2026-03-01,20202,C3,48.0572,46.9027,Field report,1,14
2026-05-01,20202,C3,48.2716,46.9027,Marketplace scrape,1,8
2026-06-01,20202,C3,48.0556,46.9027,Lost quote,1,25
2023-08-01,20203,C1,14.8779,16.7698,Distributor price list,1,43
2023-09-01,20203,C1,15.3455,16.7698,Marketplace scrape,1,41
2023-10-01,20203,C1,15.0891,16.7698,Marketplace scrape,1,32
2023-12-01,20203,C1,14.19,16.7133,Field report,1,38
2024-03-01,20203,C1,15.1271,17.4816,Lost quote,1,41
2024-04-01,20203,C1,14.8408,17.4816,Marketplace scrape,1,32
2024-05-01,20203,C1,15.187,18.6355,Lost quote,1,13
2024-12-01,20203,C1,15.9,19.0215,Lost quote,1,3
2025-01-01,20203,C1,15.6308,19.0215,Marketplace scrape,1,41
2025-02-01,20203,C1,15.3374,19.2708,Field report,1,20
2025-04-01,20203,C1,15.4287,19.2708,Field report,1,1
2025-05-01,20203,C1,17.2757,20.0481,Field report,1,16
2025-06-01,20203,C1,17.1938,20.0481,Marketplace scrape,1,11
2025-08-01,20203,C1,15.5608,18.673,Marketplace scrape,1,25
2025-09-01,20203,C1,15.6002,18.673,Marketplace scrape,1,41
2025-10-01,20203,C1,15.8675,18.673,Distributor price list,0,32
2025-11-01,20203,C1,14.666,17.8179,Marketplace scrape,1,4
2025-12-01,20203,C1,15.067,17.8179,Distributor price list,1,32
2026-01-01,20203,C1,15.2561,17.8179,Distributor price list,1,39
2026-03-01,20203,C1,15.212,17.5241,Field report,1,33
2026-06-01,20203,C1,14.7618,18.0499,Distributor price list,1,3
2023-07-01,20203,C3,18.4642,18.0505,Lost quote,1,26
2023-08-01,20203,C3,16.4073,16.7698,Distributor price list,1,24
2023-09-01,20203,C3,16.3593,16.7698,Marketplace scrape,1,44
2023-10-01,20203,C3,16.0522,16.7698,Distributor price list,1,9
2023-12-01,20203,C3,16.4717,16.7133,Distributor price list,1,15
2024-02-01,20203,C3,17.1885,17.4816,Marketplace scrape,1,19
2024-05-01,20203,C3,18.9959,18.6355,Field report,1,43
2024-06-01,20203,C3,18.5128,18.6355,Marketplace scrape,1,10
2024-07-01,20203,C3,19.8979,18.6355,Distributor price list,1,39
2024-08-01,20203,C3,19.4807,19.1604,Marketplace scrape,0,20
2024-09-01,20203,C3,20.3539,19.1604,Lost quote,1,20
2024-10-01,20203,C3,19.7746,19.1604,Marketplace scrape,1,16
2024-11-01,20203,C3,20.1567,19.0215,Lost quote,1,20
2024-12-01,20203,C3,20.4349,19.0215,Distributor price list,1,42
2025-01-01,20203,C3,20.6366,19.0215,Marketplace scrape,1,15
2025-02-01,20203,C3,21.9733,19.2708,Lost quote,1,17
2025-04-01,20203,C3,21.5423,19.2708,Field report,0,37
2025-06-01,20203,C3,24.0813,20.0481,Distributor price list,0,44
2025-07-01,20203,C3,24.3421,20.0481,Field report,1,23
2025-08-01,20203,C3,23.1973,18.673,Lost quote,0,38
2025-09-01,20203,C3,22.0889,18.673,Lost quote,1,44
2025-10-01,20203,C3,21.9154,18.673,Distributor price list,1,38
2025-11-01,20203,C3,21.1671,17.8179,Distributor price list,1,41
2025-12-01,20203,C3,22.7199,17.8179,Lost quote,1,28
2026-01-01,20203,C3,22.1619,17.8179,Field report,1,27
2026-05-01,20203,C3,23.0288,18.0499,Marketplace scrape,1,13
2023-08-01,20204,C1,27.7777,24.0058,Distributor price list,1,23
2023-09-01,20204,C1,27.1223,24.0058,Distributor price list,1,34
2023-10-01,20204,C1,28.0128,24.0058,Lost quote,1,7
2023-11-01,20204,C1,27.4621,24.0058,Lost quote,1,18
2024-04-01,20204,C1,26.6837,23.0004,Lost quote,1,33
2024-05-01,20204,C1,26.6349,23.0004,Field report,1,4
2024-08-01,20204,C1,31.2081,24.8376,Distributor price list,1,6
2024-09-01,20204,C1,31.8306,24.8376,Distributor price list,1,17
2024-10-01,20204,C1,31.8542,24.8376,Distributor price list,1,44
2024-11-01,20204,C1,31.7509,24.8376,Field report,1,16
2024-12-01,20204,C1,30.5913,24.8376,Marketplace scrape,1,36
2025-03-01,20204,C1,31.1427,24.4272,Field report,1,42
2025-04-01,20204,C1,31.9976,24.4272,Field report,0,3
2025-05-01,20204,C1,31.1873,24.4272,Marketplace scrape,1,10
2025-07-01,20204,C1,32.7689,25.6592,Lost quote,1,27
2025-09-01,20204,C1,33.4748,25.6592,Distributor price list,1,6
2025-10-01,20204,C1,33.5823,25.6592,Distributor price list,0,33
2026-01-01,20204,C1,30.3964,24.7525,Marketplace scrape,1,16
2026-04-01,20204,C1,30.2076,24.7525,Distributor price list,1,37
2026-05-01,20204,C1,30.6629,24.7525,Marketplace scrape,1,44
2026-06-01,20204,C1,29.1191,24.7525,Distributor price list,1,29
2023-07-01,20204,C2,24.3693,24.0058,Lost quote,1,30
2023-09-01,20204,C2,23.7237,24.0058,Field report,1,33
2023-10-01,20204,C2,23.2772,24.0058,Lost quote,1,23
2023-12-01,20204,C2,24.9428,24.0058,Marketplace scrape,1,18
2024-02-01,20204,C2,25.7702,23.0004,Marketplace scrape,1,34
2024-03-01,20204,C2,27.354,23.0004,Field report,1,44
2024-04-01,20204,C2,27.0594,23.0004,Distributor price list,1,10
2024-07-01,20204,C2,28.9584,24.8376,Lost quote,0,10
2024-09-01,20204,C2,27.6828,24.8376,Marketplace scrape,1,2
2024-12-01,20204,C2,27.8561,24.8376,Lost quote,1,32
2025-01-01,20204,C2,27.8633,24.4272,Marketplace scrape,1,18
2025-02-01,20204,C2,27.1295,24.4272,Lost quote,1,16
2025-05-01,20204,C2,27.807,24.4272,Lost quote,1,25
2025-06-01,20204,C2,26.9514,24.4272,Field report,1,27
2025-08-01,20204,C2,28.0319,25.6592,Field report,0,9
2025-09-01,20204,C2,28.6477,25.6592,Distributor price list,1,15
2025-10-01,20204,C2,29.0683,25.6592,Marketplace scrape,1,15
2025-11-01,20204,C2,29.7048,25.6592,Marketplace scrape,1,11
2025-12-01,20204,C2,30.1558,25.6592,Distributor price list,1,11
2026-01-01,20204,C2,28.0729,24.7525,Marketplace scrape,1,14
2026-02-01,20204,C2,27.6204,24.7525,Distributor price list,1,12
2026-03-01,20204,C2,29.3339,24.7525,Field report,1,30
2026-04-01,20204,C2,28.2689,24.7525,Field report,1,39
2026-06-01,20204,C2,27.9181,24.7525,Marketplace scrape,1,15
2023-10-01,20204,C4,25.4181,24.0058,Marketplace scrape,0,35
2023-12-01,20204,C4,25.8026,24.0058,Distributor price list,1,21
2024-01-01,20204,C4,24.4313,23.0004,Field report,1,11
2024-02-01,20204,C4,24.2054,23.0004,Marketplace scrape,1,14
2024-03-01,20204,C4,24.996,23.0004,Marketplace scrape,1,27
2024-05-01,20204,C4,24.4998,23.0004,Field report,1,24
2024-07-01,20204,C4,26.3539,24.8376,Distributor price list,1,14
2025-01-01,20204,C4,27.3838,24.4272,Lost quote,1,24
2025-04-01,20204,C4,26.2202,24.4272,Marketplace scrape,1,41
2025-05-01,20204,C4,25.7684,24.4272,Field report,0,29
2025-06-01,20204,C4,26.4796,24.4272,Lost quote,1,34
2025-07-01,20204,C4,26.8041,25.6592,Field report,1,18
2025-10-01,20204,C4,28.2876,25.6592,Field report,1,34
2025-12-01,20204,C4,26.1728,25.6592,Distributor price list,1,30
2026-01-01,20204,C4,25.8691,24.7525,Distributor price list,1,36
2026-03-01,20204,C4,25.1385,24.7525,Lost quote,1,16
2023-08-01,20205,C1,23.8221,20.954,Field report,1,27
2023-09-01,20205,C1,23.7295,20.8291,Lost quote,1,36
2023-10-01,20205,C1,23.6844,20.8291,Lost quote,1,27
2023-11-01,20205,C1,23.8568,20.8291,Field report,1,4
2023-12-01,20205,C1,23.2548,20.3175,Marketplace scrape,1,32
2024-01-01,20205,C1,23.4626,20.3175,Field report,1,17
2024-02-01,20205,C1,22.4164,20.3175,Field report,1,20
2024-03-01,20205,C1,23.3828,19.9967,Marketplace scrape,1,43
2024-05-01,20205,C1,23.4418,19.9967,Field report,1,1
2024-06-01,20205,C1,24.828,20.5845,Lost quote,1,29
2024-07-01,20205,C1,25.4005,20.5845,Field report,1,20
2024-08-01,20205,C1,25.3519,20.5845,Marketplace scrape,1,20
2024-10-01,20205,C1,25.0329,20.5917,Distributor price list,1,12
2024-11-01,20205,C1,24.5359,20.5917,Distributor price list,1,4
2024-12-01,20205,C1,24.3497,20.2898,Field report,1,11
2025-01-01,20205,C1,24.7327,20.2898,Distributor price list,1,25
2025-02-01,20205,C1,23.8841,20.2898,Field report,1,1
2025-05-01,20205,C1,24.31,20.6783,Field report,1,40
2025-08-01,20205,C1,28.0931,22.1932,Field report,1,35
2025-09-01,20205,C1,28.8295,23.0184,Field report,1,7
2025-10-01,20205,C1,29.8326,23.0184,Lost quote,1,17
2025-11-01,20205,C1,29.7359,23.0184,Lost quote,1,16
2025-12-01,20205,C1,28.5338,21.6414,Distributor price list,1,30
2026-01-01,20205,C1,27.985,21.6414,Marketplace scrape,1,34
2026-02-01,20205,C1,27.8439,21.6414,Field report,1,14
2026-03-01,20205,C1,28.4731,21.5534,Distributor price list,1,10
2026-05-01,20205,C1,26.6289,21.5534,Lost quote,1,42
2026-06-01,20205,C1,27.5998,21.5396,Lost quote,1,41
2023-07-01,20205,C2,20.7811,20.954,Field report,1,16
2023-09-01,20205,C2,19.7943,20.8291,Field report,1,42
2023-10-01,20205,C2,20.3024,20.8291,Distributor price list,1,4
2023-11-01,20205,C2,19.2351,20.8291,Distributor price list,1,34
2024-01-01,20205,C2,18.631,20.3175,Lost quote,1,15
2024-03-01,20205,C2,17.3093,19.9967,Field report,1,20
2024-04-01,20205,C2,16.8135,19.9967,Distributor price list,1,17
2024-05-01,20205,C2,17.4124,19.9967,Marketplace scrape,1,3
2024-06-01,20205,C2,17.5455,20.5845,Lost quote,1,12
2024-07-01,20205,C2,17.4071,20.5845,Distributor price list,1,13
2024-12-01,20205,C2,17.7919,20.2898,Marketplace scrape,1,13
2025-01-01,20205,C2,16.7978,20.2898,Marketplace scrape,1,1
2025-02-01,20205,C2,17.9109,20.2898,Marketplace scrape,1,24
2025-03-01,20205,C2,18.3764,20.6783,Marketplace scrape,1,10
2025-04-01,20205,C2,17.7167,20.6783,Marketplace scrape,1,30
2025-05-01,20205,C2,18.5255,20.6783,Lost quote,1,12
2025-06-01,20205,C2,20.1675,22.1932,Lost quote,1,33
2025-08-01,20205,C2,19.6665,22.1932,Lost quote,1,9
2025-10-01,20205,C2,21.1702,23.0184,Field report,1,22
2025-12-01,20205,C2,20.0664,21.6414,Marketplace scrape,1,24
2026-01-01,20205,C2,20.8849,21.6414,Marketplace scrape,1,13
2026-02-01,20205,C2,20.1763,21.6414,Field report,1,24
2026-03-01,20205,C2,20.6175,21.5534,Distributor price list,1,37
2026-05-01,20205,C2,21.7165,21.5534,Lost quote,1,22
2023-09-01,20205,C3,27.4881,20.8291,Marketplace scrape,1,2
2023-10-01,20205,C3,26.5775,20.8291,Marketplace scrape,1,13
2023-11-01,20205,C3,25.9049,20.8291,Marketplace scrape,1,1
2023-12-01,20205,C3,25.6208,20.3175,Field report,1,2
2024-02-01,20205,C3,26.2223,20.3175,Lost quote,1,3
2024-03-01,20205,C3,25.8527,19.9967,Marketplace scrape,1,16
2024-05-01,20205,C3,27.2255,19.9967,Field report,1,29
2024-06-01,20205,C3,29.4919,20.5845,Lost quote,1,41
2024-07-01,20205,C3,28.0946,20.5845,Field report,1,36
2024-09-01,20205,C3,28.1034,20.5917,Lost quote,1,14
2024-12-01,20205,C3,28.8618,20.2898,Distributor price list,1,9
2025-01-01,20205,C3,27.7101,20.2898,Field report,0,33
2025-02-01,20205,C3,26.7394,20.2898,Field report,1,16
2025-03-01,20205,C3,28.0899,20.6783,Field report,1,37
2025-04-01,20205,C3,28.9413,20.6783,Marketplace scrape,0,4
2025-07-01,20205,C3,29.2672,22.1932,Distributor price list,1,41
2025-08-01,20205,C3,30.1937,22.1932,Lost quote,1,35
2025-10-01,20205,C3,31.4899,23.0184,Lost quote,0,15
2025-11-01,20205,C3,31.753,23.0184,Field report,1,32
2025-12-01,20205,C3,31.2981,21.6414,Marketplace scrape,1,28
2026-02-01,20205,C3,30.051,21.6414,Marketplace scrape,0,26
2026-03-01,20205,C3,28.5914,21.5534,Marketplace scrape,0,33
2026-05-01,20205,C3,30.4115,21.5534,Marketplace scrape,1,19
2026-06-01,20205,C3,28.0495,21.5396,Lost quote,1,3
2023-07-01,20205,C5,25.727,20.954,Marketplace scrape,1,22
2023-08-01,20205,C5,26.1443,20.954,Field report,1,28
2023-09-01,20205,C5,25.8668,20.8291,Lost quote,1,15
2024-01-01,20205,C5,24.8895,20.3175,Marketplace scrape,1,35
2024-03-01,20205,C5,23.0892,19.9967,Distributor price list,1,30
2024-05-01,20205,C5,23.9077,19.9967,Lost quote,1,32
2024-06-01,20205,C5,24.4664,20.5845,Lost quote,1,6
2024-08-01,20205,C5,23.079,20.5845,Lost quote,1,45
2024-09-01,20205,C5,23.4382,20.5917,Distributor price list,1,9
2024-11-01,20205,C5,23.1929,20.5917,Distributor price list,0,37
2024-12-01,20205,C5,23.2295,20.2898,Distributor price list,1,34
2025-03-01,20205,C5,22.8518,20.6783,Distributor price list,1,20
2025-04-01,20205,C5,24.4417,20.6783,Lost quote,1,29
2025-05-01,20205,C5,23.9574,20.6783,Distributor price list,1,27
2025-06-01,20205,C5,25.7651,22.1932,Marketplace scrape,1,13
2025-07-01,20205,C5,26.2077,22.1932,Field report,1,40
2025-09-01,20205,C5,27.8367,23.0184,Marketplace scrape,1,8
2025-10-01,20205,C5,28.392,23.0184,Marketplace scrape,1,9
2025-11-01,20205,C5,28.3432,23.0184,Field report,1,42
2026-01-01,20205,C5,24.8922,21.6414,Marketplace scrape,1,1
2026-02-01,20205,C5,24.9956,21.6414,Lost quote,1,9
2026-03-01,20205,C5,24.2126,21.5534,Marketplace scrape,1,13
2026-04-01,20205,C5,23.3789,21.5534,Field report,1,13
2026-06-01,20205,C5,24.8153,21.5396,Field report,1,2
2023-07-01,20206,C1,45.3638,47.0707,Distributor price list,1,2
2023-08-01,20206,C1,42.6243,47.0707,Lost quote,1,36
2023-11-01,20206,C1,41.4063,43.9248,Distributor price list,1,6
2024-01-01,20206,C1,46.9611,47.863,Distributor price list,1,19
2024-02-01,20206,C1,45.2165,47.863,Distributor price list,1,6
2024-04-01,20206,C1,46.1638,47.6096,Lost quote,1,21
2024-05-01,20206,C1,45.5732,47.6096,Marketplace scrape,1,2
2024-06-01,20206,C1,51.2795,53.4266,Field report,1,12
2024-08-01,20206,C1,51.925,53.4266,Distributor price list,1,13
2024-09-01,20206,C1,54.0263,53.6425,Marketplace scrape,1,19
2025-01-01,20206,C1,52.1726,51.4855,Field report,1,18
2025-02-01,20206,C1,53.0117,51.4855,Field report,1,17
2025-06-01,20206,C1,48.3626,50.8759,Marketplace scrape,1,21
2025-08-01,20206,C1,50.5535,50.8759,Marketplace scrape,1,35
2025-12-01,20206,C1,82.145,77.5146,Distributor price list,1,18
2026-01-01,20206,C1,81.8183,77.5146,Lost quote,1,22
2026-04-01,20206,C1,79.9896,77.4725,Field report,1,21
2026-05-01,20206,C1,82.7578,77.4725,Lost quote,1,16
2026-06-01,20206,C1,88.857,77.9305,Distributor price list,1,38
2023-08-01,20206,C4,43.0663,47.0707,Distributor price list,1,8
2023-11-01,20206,C4,37.8286,43.9248,Distributor price list,1,8
2023-12-01,20206,C4,40.2433,47.863,Field report,1,12
2024-01-01,20206,C4,40.7128,47.863,Distributor price list,1,26
2024-02-01,20206,C4,41.6479,47.863,Lost quote,1,39
2024-03-01,20206,C4,42.0151,47.6096,Marketplace scrape,1,29
2024-04-01,20206,C4,42.5079,47.6096,Lost quote,1,39
2024-05-01,20206,C4,42.2837,47.6096,Distributor price list,1,44
2024-07-01,20206,C4,46.3087,53.4266,Field report,1,3
2024-11-01,20206,C4,44.8492,53.6425,Marketplace scrape,1,40
2025-01-01,20206,C4,41.9029,51.4855,Lost quote,1,44
2025-02-01,20206,C4,42.421,51.4855,Field report,1,31
2025-04-01,20206,C4,43.4969,51.8403,Distributor price list,1,39
2025-05-01,20206,C4,42.8013,51.8403,Distributor price list,1,23
2025-07-01,20206,C4,42.4971,50.8759,Lost quote,1,31
2025-08-01,20206,C4,42.3003,50.8759,Field report,1,16
2025-09-01,20206,C4,61.2578,71.1348,Lost quote,1,5
2025-11-01,20206,C4,63.2894,71.1348,Lost quote,0,42
2025-12-01,20206,C4,69.5973,77.5146,Marketplace scrape,1,2
2026-01-01,20206,C4,69.6355,77.5146,Distributor price list,1,25
2023-07-01,20207,C2,9.7635,10.2365,Field report,1,36
2023-11-01,20207,C2,9.223,10.3014,Field report,1,9
2024-01-01,20207,C2,9.373,10.3014,Field report,1,14
2024-04-01,20207,C2,8.8956,9.89,Marketplace scrape,1,28
2024-05-01,20207,C2,8.5109,9.6106,Lost quote,1,35
2024-06-01,20207,C2,8.2872,9.6106,Field report,1,40
2024-07-01,20207,C2,8.2511,9.6106,Field report,1,16
2024-08-01,20207,C2,7.748,9.267,Field report,0,31
2024-11-01,20207,C2,11.4253,12.4183,Distributor price list,0,17
2024-12-01,20207,C2,10.9968,12.4183,Marketplace scrape,1,28
2025-01-01,20207,C2,11.4974,12.4183,Field report,1,34
2025-04-01,20207,C2,11.3399,12.676,Distributor price list,1,30
2025-06-01,20207,C2,10.9364,12.1957,Lost quote,1,4
2025-07-01,20207,C2,11.3606,12.1957,Distributor price list,1,42
2025-08-01,20207,C2,12.1642,12.7584,Lost quote,1,45
2025-09-01,20207,C2,11.9668,12.7584,Distributor price list,1,32
2025-11-01,20207,C2,11.8172,13.146,Field report,1,15
2026-02-01,20207,C2,12.1664,13.0406,Field report,1,21
2026-03-01,20207,C2,12.3048,13.0406,Distributor price list,1,42
2026-04-01,20207,C2,12.0064,13.0406,Lost quote,1,21
2026-05-01,20207,C2,11.0111,12.0683,Lost quote,1,33
2026-06-01,20207,C2,11.3098,12.0683,Marketplace scrape,1,31
2023-08-01,20207,C4,10.261,9.727,Distributor price list,1,33
2023-09-01,20207,C4,9.7025,9.727,Marketplace scrape,0,38
2023-10-01,20207,C4,10.2072,9.727,Marketplace scrape,1,30
2023-11-01,20207,C4,10.6988,10.3014,Marketplace scrape,1,41
2023-12-01,20207,C4,10.3066,10.3014,Marketplace scrape,1,38
2024-01-01,20207,C4,10.8192,10.3014,Marketplace scrape,1,23
2024-05-01,20207,C4,10.223,9.6106,Marketplace scrape,1,22
2024-07-01,20207,C4,10.6263,9.6106,Lost quote,1,42
2024-08-01,20207,C4,9.7677,9.267,Field report,1,25
2024-09-01,20207,C4,10.2883,9.267,Lost quote,1,1
2024-10-01,20207,C4,13.9034,12.6209,Distributor price list,1,30
2024-11-01,20207,C4,13.4195,12.4183,Distributor price list,1,27
2025-01-01,20207,C4,12.8008,12.4183,Lost quote,1,1
2025-02-01,20207,C4,13.6467,12.676,Marketplace scrape,1,25
2025-04-01,20207,C4,13.6593,12.676,Marketplace scrape,1,35
2025-06-01,20207,C4,13.1958,12.1957,Lost quote,1,4
2025-07-01,20207,C4,14.1074,12.1957,Marketplace scrape,1,22
2025-10-01,20207,C4,14.3171,12.7584,Distributor price list,1,41
2025-12-01,20207,C4,14.9119,13.146,Field report,1,7
2026-01-01,20207,C4,15.2189,13.146,Lost quote,1,31
2026-03-01,20207,C4,14.6878,13.0406,Marketplace scrape,1,45
2026-04-01,20207,C4,14.3149,13.0406,Field report,0,25
2026-05-01,20207,C4,13.1615,12.0683,Lost quote,1,23
2023-11-01,20208,C1,23.3021,23.415,Field report,1,3
2024-01-01,20208,C1,23.5069,23.415,Lost quote,1,30
2024-02-01,20208,C1,24.1698,23.415,Field report,0,11
2024-03-01,20208,C1,23.0532,22.4824,Marketplace scrape,1,41
2024-04-01,20208,C1,22.3869,22.4824,Distributor price list,1,43
2024-05-01,20208,C1,20.7832,22.4824,Lost quote,1,45
2024-06-01,20208,C1,20.3768,22.4824,Lost quote,1,22
2024-07-01,20208,C1,21.5757,22.4824,Lost quote,1,43
2024-08-01,20208,C1,21.5415,22.4824,Lost quote,1,19
2024-10-01,20208,C1,22.8943,23.9945,Marketplace scrape,1,29
2024-11-01,20208,C1,22.5655,23.9945,Distributor price list,1,9
2025-02-01,20208,C1,22.1834,23.9945,Field report,1,34
2025-03-01,20208,C1,23.4124,24.7639,Lost quote,1,7
2025-05-01,20208,C1,23.185,24.7639,Lost quote,0,34
2025-06-01,20208,C1,23.1677,24.7639,Field report,0,40
2025-08-01,20208,C1,22.3947,24.7639,Lost quote,1,33
2025-09-01,20208,C1,20.8299,23.8716,Marketplace scrape,1,17
2025-10-01,20208,C1,21.1312,23.8716,Marketplace scrape,1,17
2025-11-01,20208,C1,20.4012,23.8716,Field report,1,37
2025-12-01,20208,C1,21.7224,23.8716,Field report,1,3
2026-01-01,20208,C1,22.4298,23.8716,Distributor price list,0,4
2026-02-01,20208,C1,22.353,23.8716,Lost quote,1,2
2026-03-01,20208,C1,22.2183,25.2902,Distributor price list,1,30
2026-05-01,20208,C1,22.8274,25.2902,Distributor price list,1,24
2023-08-01,20208,C2,18.2829,22.1682,Field report,1,12
2023-11-01,20208,C2,19.7934,23.415,Distributor price list,1,43
2023-12-01,20208,C2,19.1025,23.415,Lost quote,1,37
2024-02-01,20208,C2,20.2657,23.415,Lost quote,1,21
2024-04-01,20208,C2,19.9125,22.4824,Lost quote,1,14
2024-05-01,20208,C2,21.0151,22.4824,Marketplace scrape,1,29
2024-06-01,20208,C2,19.9254,22.4824,Distributor price list,1,28
2024-07-01,20208,C2,20.1192,22.4824,Lost quote,1,11
2024-10-01,20208,C2,22.1264,23.9945,Field report,1,23
2024-11-01,20208,C2,21.8855,23.9945,Field report,1,31
2024-12-01,20208,C2,21.7178,23.9945,Marketplace scrape,0,33
2025-01-01,20208,C2,23.3308,23.9945,Field report,1,2
2025-02-01,20208,C2,22.7197,23.9945,Marketplace scrape,1,9
2025-03-01,20208,C2,23.9458,24.7639,Field report,1,8
2025-05-01,20208,C2,23.5223,24.7639,Field report,0,30
2025-08-01,20208,C2,22.6925,24.7639,Field report,1,10
2025-09-01,20208,C2,22.3454,23.8716,Marketplace scrape,1,22
2025-11-01,20208,C2,21.8981,23.8716,Marketplace scrape,1,10
2025-12-01,20208,C2,21.7104,23.8716,Field report,1,7
2026-01-01,20208,C2,20.4692,23.8716,Distributor price list,1,11
2026-02-01,20208,C2,21.0317,23.8716,Distributor price list,1,11
2026-04-01,20208,C2,22.6866,25.2902,Field report,1,5
2026-05-01,20208,C2,23.1609,25.2902,Distributor price list,1,1
2026-06-01,20208,C2,23.6361,25.2902,Lost quote,1,43
2023-08-01,20209,C1,14.3326,14.0914,Field report,1,39
2023-10-01,20209,C1,14.4731,14.0914,Field report,0,34
2024-02-01,20209,C1,12.8027,13.0524,Marketplace scrape,1,40
2024-03-01,20209,C1,12.919,13.0524,Marketplace scrape,1,43
2024-04-01,20209,C1,12.5874,13.0524,Field report,1,7
2024-05-01,20209,C1,13.3052,13.4847,Lost quote,1,32
2024-06-01,20209,C1,12.4506,13.4847,Field report,0,19
2024-07-01,20209,C1,13.1275,13.4847,Field report,1,17
2024-09-01,20209,C1,13.5348,14.4125,Lost quote,1,16
2024-11-01,20209,C1,12.4524,13.637,Distributor price list,1,35
2024-12-01,20209,C1,12.7144,13.637,Marketplace scrape,1,36
2025-01-01,20209,C1,12.316,13.637,Field report,1,42
2025-02-01,20209,C1,13.2997,13.9157,Field report,0,7
2025-04-01,20209,C1,13.5547,13.9157,Distributor price list,0,16
2025-06-01,20209,C1,15.2873,15.151,Field report,1,42
2025-10-01,20209,C1,14.6721,15.1911,Lost quote,1,20
2025-12-01,20209,C1,14.5158,15.4275,Marketplace scrape,1,1
2026-02-01,20209,C1,14.028,14.7727,Marketplace scrape,1,1
2026-04-01,20209,C1,14.5,14.7727,Marketplace scrape,1,43
2026-05-01,20209,C1,15.636,16.1262,Field report,1,19
2026-06-01,20209,C1,16.0328,16.1262,Field report,1,14
2023-08-01,20209,C2,13.5724,14.0914,Lost quote,1,14
2023-09-01,20209,C2,13.8014,14.0914,Field report,1,10
2023-11-01,20209,C2,12.8699,13.5975,Field report,1,7
2023-12-01,20209,C2,12.8796,13.5975,Marketplace scrape,1,44
2024-01-01,20209,C2,13.03,13.5975,Marketplace scrape,1,36
2024-03-01,20209,C2,11.9798,13.0524,Marketplace scrape,1,21
2024-08-01,20209,C2,12.6432,14.4125,Lost quote,1,32
2024-09-01,20209,C2,13.0495,14.4125,Distributor price list,1,45
2024-10-01,20209,C2,12.6618,14.4125,Field report,1,14
2024-11-01,20209,C2,11.7634,13.637,Lost quote,1,4
2024-12-01,20209,C2,12.2537,13.637,Field report,1,37
2025-01-01,20209,C2,12.6379,13.637,Field report,1,3
2025-02-01,20209,C2,12.6256,13.9157,Marketplace scrape,0,8
2025-03-01,20209,C2,12.1731,13.9157,Marketplace scrape,0,43
2025-05-01,20209,C2,13.8024,15.151,Field report,1,22
2025-06-01,20209,C2,14.2185,15.151,Distributor price list,1,35
2025-09-01,20209,C2,14.8411,15.1911,Distributor price list,1,10
2025-11-01,20209,C2,14.5362,15.4275,Distributor price list,1,33
2026-02-01,20209,C2,13.1556,14.7727,Marketplace scrape,1,10
2026-03-01,20209,C2,13.3102,14.7727,Lost quote,1,15
2026-04-01,20209,C2,13.4727,14.7727,Marketplace scrape,1,19
2026-05-01,20209,C2,13.939,16.1262,Field report,1,8
2026-06-01,20209,C2,15.245,16.1262,Field report,1,34
2023-07-01,20210,C1,44.2739,40.3303,Lost quote,1,15
2023-08-01,20210,C1,45.1325,41.7639,Distributor price list,1,26
2023-10-01,20210,C1,46.0053,41.7639,Distributor price list,1,24
2023-12-01,20210,C1,46.1526,41.7356,Lost quote,1,41
2024-01-01,20210,C1,47.6637,41.7356,Field report,1,23
2024-02-01,20210,C1,44.14,40.3322,Field report,1,7
2024-03-01,20210,C1,43.5713,40.3322,Marketplace scrape,1,15
2024-04-01,20210,C1,43.3442,40.3322,Lost quote,1,37
2024-05-01,20210,C1,44.2204,40.9782,Marketplace scrape,1,5
2024-09-01,20210,C1,50.5041,43.9465,Lost quote,1,21
2024-10-01,20210,C1,47.7235,43.9465,Distributor price list,1,12
2025-01-01,20210,C1,44.289,40.4267,Field report,1,4
2025-02-01,20210,C1,42.5162,38.7052,Field report,1,1
2025-05-01,20210,C1,43.2962,39.2013,Lost quote,1,25
2025-06-01,20210,C1,43.6527,39.2013,Marketplace scrape,1,40
2025-07-01,20210,C1,43.6218,39.2013,Marketplace scrape,1,23
2025-10-01,20210,C1,49.0202,44.3103,Lost quote,1,37
2025-12-01,20210,C1,51.5973,46.8349,Field report,1,32
2026-01-01,20210,C1,49.0233,46.8349,Distributor price list,1,35
2026-02-01,20210,C1,47.3996,45.1838,Marketplace scrape,0,33
2026-05-01,20210,C1,49.7153,47.1016,Marketplace scrape,1,35
2026-06-01,20210,C1,49.0367,47.1016,Marketplace scrape,1,17
2023-07-01,20210,C2,41.5516,40.3303,Marketplace scrape,1,40
2023-09-01,20210,C2,42.6202,41.7639,Distributor price list,1,7
2023-10-01,20210,C2,43.1669,41.7639,Lost quote,1,44
2024-01-01,20210,C2,42.3039,41.7356,Lost quote,1,2
2024-02-01,20210,C2,41.4392,40.3322,Lost quote,1,25
2024-04-01,20210,C2,43.0653,40.3322,Distributor price list,1,44
2024-05-01,20210,C2,41.9788,40.9782,Field report,1,35
2024-06-01,20210,C2,42.8299,40.9782,Distributor price list,0,1
2024-09-01,20210,C2,45.1394,43.9465,Marketplace scrape,1,15
2024-11-01,20210,C2,40.5817,40.4267,Distributor price list,0,8
2024-12-01,20210,C2,39.608,40.4267,Lost quote,1,12
2025-01-01,20210,C2,41.8838,40.4267,Lost quote,1,31
2025-03-01,20210,C2,40.6015,38.7052,Lost quote,1,44
2025-04-01,20210,C2,40.6701,38.7052,Distributor price list,1,10
2025-05-01,20210,C2,40.577,39.2013,Distributor price list,1,37
2025-06-01,20210,C2,40.1122,39.2013,Field report,1,29
2025-07-01,20210,C2,39.6702,39.2013,Field report,1,36
2025-08-01,20210,C2,45.5575,44.3103,Distributor price list,1,37
2025-09-01,20210,C2,46.8121,44.3103,Lost quote,1,21
2025-10-01,20210,C2,46.0682,44.3103,Lost quote,1,38
2025-11-01,20210,C2,46.9169,46.8349,Marketplace scrape,1,7
2025-12-01,20210,C2,47.416,46.8349,Marketplace scrape,1,42
2026-01-01,20210,C2,47.2115,46.8349,Field report,1,35
2026-04-01,20210,C2,43.4247,45.1838,Field report,0,11
2023-07-01,20210,C4,44.1841,40.3303,Field report,1,45
2023-09-01,20210,C4,44.994,41.7639,Distributor price list,1,25
2023-10-01,20210,C4,46.2607,41.7639,Distributor price list,1,19
2023-12-01,20210,C4,46.2711,41.7356,Field report,1,7
2024-01-01,20210,C4,44.2151,41.7356,Distributor price list,1,24
2024-02-01,20210,C4,42.0316,40.3322,Marketplace scrape,1,17
2024-03-01,20210,C4,42.5755,40.3322,Marketplace scrape,0,7
2024-04-01,20210,C4,41.7482,40.3322,Field report,1,5
2024-07-01,20210,C4,44.355,40.9782,Distributor price list,1,24
2024-08-01,20210,C4,46.9001,43.9465,Marketplace scrape,1,2
2024-09-01,20210,C4,47.4539,43.9465,Lost quote,1,39
2024-10-01,20210,C4,46.0187,43.9465,Lost quote,1,7
2024-12-01,20210,C4,43.5034,40.4267,Distributor price list,1,39
2025-01-01,20210,C4,42.9476,40.4267,Distributor price list,1,13
2025-04-01,20210,C4,40.2275,38.7052,Lost quote,1,37
2025-05-01,20210,C4,40.9852,39.2013,Field report,1,41
2025-06-01,20210,C4,43.2388,39.2013,Distributor price list,1,40
2025-08-01,20210,C4,50.8528,44.3103,Marketplace scrape,1,38
2025-10-01,20210,C4,51.5547,44.3103,Field report,1,39
2025-11-01,20210,C4,53.1592,46.8349,Lost quote,1,5
2025-12-01,20210,C4,51.054,46.8349,Marketplace scrape,1,10
2026-01-01,20210,C4,51.1805,46.8349,Marketplace scrape,1,12
2026-02-01,20210,C4,50.4816,45.1838,Lost quote,0,8
2026-04-01,20210,C4,51.014,45.1838,Distributor price list,1,27
2026-06-01,20210,C4,54.2193,47.1016,Distributor price list,1,27
2023-07-01,20210,C5,54.1245,40.3303,Lost quote,1,16
2023-09-01,20210,C5,54.0851,41.7639,Lost quote,1,7
2024-03-01,20210,C5,51.0257,40.3322,Lost quote,1,5
2024-06-01,20210,C5,53.3365,40.9782,Field report,1,7
2024-08-01,20210,C5,56.3255,43.9465,Distributor price list,1,34
2024-09-01,20210,C5,56.4938,43.9465,Distributor price list,0,33
2024-10-01,20210,C5,56.9932,43.9465,Lost quote,1,3
2024-12-01,20210,C5,53.191,40.4267,Lost quote,0,6
2025-01-01,20210,C5,51.1906,40.4267,Lost quote,1,2
2025-03-01,20210,C5,49.1089,38.7052,Lost quote,0,40
2025-04-01,20210,C5,46.0588,38.7052,Field report,1,12
2025-08-01,20210,C5,50.4457,44.3103,Marketplace scrape,1,32
2025-11-01,20210,C5,53.2041,46.8349,Distributor price list,1,36
2025-12-01,20210,C5,55.9986,46.8349,Lost quote,1,20
2026-01-01,20210,C5,53.4278,46.8349,Field report,1,41
2026-03-01,20210,C5,53.6929,45.1838,Distributor price list,1,28
2026-04-01,20210,C5,55.13,45.1838,Distributor price list,1,44
2026-05-01,20210,C5,56.9913,47.1016,Field report,1,14
2023-07-01,20211,C1,42.3753,39.7418,Distributor price list,0,39
2023-08-01,20211,C1,40.6373,39.7418,Lost quote,1,15
2023-09-01,20211,C1,40.8507,39.7418,Field report,1,17
2023-10-01,20211,C1,41.3145,39.7418,Marketplace scrape,1,43
2023-11-01,20211,C1,40.8435,39.7418,Distributor price list,1,34
2023-12-01,20211,C1,41.8008,39.7418,Marketplace scrape,1,3
2024-01-01,20211,C1,40.9711,39.7418,Field report,1,35
2024-02-01,20211,C1,42.3674,39.7418,Distributor price list,1,5
2024-04-01,20211,C1,42.584,39.7418,Lost quote,1,6
2024-05-01,20211,C1,42.4591,39.7418,Marketplace scrape,1,28
2024-06-01,20211,C1,41.7963,39.7418,Marketplace scrape,1,4
2024-08-01,20211,C1,42.318,39.7418,Marketplace scrape,1,30
2024-10-01,20211,C1,42.6861,39.7418,Marketplace scrape,1,27
2024-11-01,20211,C1,44.2829,39.7418,Marketplace scrape,1,39
2024-12-01,20211,C1,40.1497,39.7418,Lost quote,1,45
2025-01-01,20211,C1,41.8112,39.7418,Marketplace scrape,1,25
2025-03-01,20211,C1,41.1991,39.7418,Lost quote,1,32
2025-05-01,20211,C1,40.5584,39.7418,Marketplace scrape,1,16
2025-06-01,20211,C1,41.1563,39.7418,Lost quote,1,7
2025-10-01,20211,C1,39.9849,39.7418,Lost quote,1,26
2025-11-01,20211,C1,39.9191,39.7418,Marketplace scrape,1,15
2026-02-01,20211,C1,39.5553,39.7418,Distributor price list,1,6
2026-05-01,20211,C1,37.9786,39.7418,Field report,1,39
2026-06-01,20211,C1,35.959,39.7418,Distributor price list,1,32
2023-07-01,20212,C3,44.864,38.1844,Lost quote,1,5
2023-08-01,20212,C3,44.0448,38.8731,Marketplace scrape,1,41
2023-09-01,20212,C3,45.3204,38.8731,Field report,1,24
2023-11-01,20212,C3,45.9893,39.8995,Marketplace scrape,1,39
2023-12-01,20212,C3,46.7763,39.8995,Lost quote,1,28
2024-02-01,20212,C3,46.286,38.9462,Lost quote,1,3
2024-03-01,20212,C3,44.7412,38.9462,Lost quote,1,19
2024-04-01,20212,C3,45.6354,38.9462,Distributor price list,1,4
2024-05-01,20212,C3,49.4426,41.1592,Field report,1,30
2024-07-01,20212,C3,51.3282,41.1592,Distributor price list,1,33
2024-09-01,20212,C3,52.5311,39.7228,Distributor price list,1,29
2024-10-01,20212,C3,51.2923,39.7228,Distributor price list,1,41
2024-11-01,20212,C3,53.3309,41.1463,Field report,1,39
2025-01-01,20212,C3,53.7743,41.1463,Marketplace scrape,1,37
2025-02-01,20212,C3,55.5577,43.4732,Distributor price list,1,27
2025-03-01,20212,C3,56.3433,43.4732,Lost quote,1,15
2025-04-01,20212,C3,58.1669,43.4732,Field report,1,7
2025-05-01,20212,C3,61.8027,45.636,Field report,1,28
2025-07-01,20212,C3,61.8471,45.636,Marketplace scrape,1,43
2025-08-01,20212,C3,61.1099,43.9636,Distributor price list,1,18
2025-09-01,20212,C3,62.6195,43.9636,Distributor price list,1,45
2025-11-01,20212,C3,65.3139,43.6918,Lost quote,1,35
2025-12-01,20212,C3,66.7954,43.6918,Distributor price list,1,3
2026-01-01,20212,C3,62.4425,43.6918,Lost quote,1,45
2026-02-01,20212,C3,64.3504,44.3439,Lost quote,1,25
2026-03-01,20212,C3,66.0158,44.3439,Marketplace scrape,1,37
2026-04-01,20212,C3,64.682,44.3439,Marketplace scrape,1,26
2026-05-01,20212,C3,62.7722,43.7472,Lost quote,1,10
2026-06-01,20212,C3,65.411,43.7472,Marketplace scrape,1,25
2023-07-01,20212,C4,39.0528,38.1844,Field report,1,17
2023-08-01,20212,C4,39.2055,38.8731,Marketplace scrape,1,2
2023-09-01,20212,C4,41.3727,38.8731,Distributor price list,1,29
2023-10-01,20212,C4,39.5102,38.8731,Lost quote,1,1
2024-01-01,20212,C4,40.6214,39.8995,Lost quote,1,30
2024-03-01,20212,C4,40.284,38.9462,Lost quote,1,17
2024-04-01,20212,C4,37.9932,38.9462,Field report,1,17
2024-06-01,20212,C4,43.1797,41.1592,Field report,1,32
2024-07-01,20212,C4,41.7968,41.1592,Distributor price list,1,38
2024-10-01,20212,C4,40.6483,39.7228,Marketplace scrape,1,10
2024-12-01,20212,C4,42.076,41.1463,Marketplace scrape,0,22
2025-02-01,20212,C4,45.3409,43.4732,Lost quote,0,44
2025-04-01,20212,C4,46.9154,43.4732,Marketplace scrape,1,33
2025-08-01,20212,C4,45.9672,43.9636,Field report,1,10
2025-09-01,20212,C4,45.4756,43.9636,Field report,0,10
2025-11-01,20212,C4,45.8822,43.6918,Lost quote,0,38
2026-01-01,20212,C4,44.9765,43.6918,Marketplace scrape,1,20
2026-04-01,20212,C4,46.7855,44.3439,Field report,1,28
2026-05-01,20212,C4,46.8581,43.7472,Field report,1,44
2026-06-01,20212,C4,45.8079,43.7472,Field report,1,3
2023-07-01,20213,C4,35.4947,38.0015,Lost quote,1,1
2023-09-01,20213,C4,36.8635,38.5808,Lost quote,1,37
2023-12-01,20213,C4,38.5651,38.4785,Field report,1,21
2024-02-01,20213,C4,38.0184,37.7839,Distributor price list,1,37
2024-04-01,20213,C4,36.9639,37.7839,Lost quote,1,26
2024-05-01,20213,C4,36.2255,38.6894,Distributor price list,1,38
2024-07-01,20213,C4,37.7508,38.6894,Marketplace scrape,1,40
2024-10-01,20213,C4,35.2829,39.1015,Distributor price list,1,18
2024-11-01,20213,C4,35.0115,38.6326,Marketplace scrape,1,22
2024-12-01,20213,C4,35.9618,38.6326,Lost quote,1,15
2025-03-01,20213,C4,36.9677,39.2202,Lost quote,1,23
2025-04-01,20213,C4,36.3365,39.2202,Field report,1,43
2025-05-01,20213,C4,35.48,39.3522,Lost quote,1,33
2025-11-01,20213,C4,34.6548,37.3261,Field report,1,28
2026-02-01,20213,C4,33.9753,37.3878,Distributor price list,1,41
2026-04-01,20213,C4,33.8035,37.3878,Lost quote,1,8
2026-05-01,20213,C4,32.8898,37.1125,Marketplace scrape,1,27
2026-06-01,20213,C4,33.5838,37.1125,Marketplace scrape,1,39
2023-08-01,20214,C2,18.3235,18.0305,Distributor price list,1,44
2023-09-01,20214,C2,18.0017,18.0305,Field report,1,19
2023-12-01,20214,C2,18.8983,18.6709,Field report,1,31
2024-01-01,20214,C2,18.2156,17.8872,Lost quote,1,21
2024-02-01,20214,C2,18.5787,17.8872,Field report,1,16
2024-03-01,20214,C2,18.9993,17.8872,Marketplace scrape,1,7
2024-04-01,20214,C2,18.4118,17.3121,Distributor price list,0,40
2024-05-01,20214,C2,18.4283,17.3121,Marketplace scrape,1,43
2024-06-01,20214,C2,18.7895,17.3121,Lost quote,1,39
2024-07-01,20214,C2,20.2959,18.5842,Lost quote,1,17
2024-08-01,20214,C2,19.3915,18.5842,Lost quote,0,31
2024-09-01,20214,C2,19.5451,18.5842,Distributor price list,1,40
2024-10-01,20214,C2,19.3403,18.1671,Lost quote,1,22
2025-02-01,20214,C2,17.8087,16.9307,Field report,1,21
2025-03-01,20214,C2,18.1299,16.9307,Marketplace scrape,1,38
2025-05-01,20214,C2,18.3421,17.3926,Lost quote,1,33
2025-06-01,20214,C2,18.7911,17.3926,Field report,1,14
2025-07-01,20214,C2,19.4185,17.8103,Field report,1,6
2025-10-01,20214,C2,20.0877,18.6366,Marketplace scrape,1,41
2025-11-01,20214,C2,19.6485,18.6366,Distributor price list,1,40
2025-12-01,20214,C2,19.3336,18.6366,Lost quote,1,2
2026-02-01,20214,C2,16.5363,16.4327,Lost quote,1,9
2026-03-01,20214,C2,17.3423,16.4327,Lost quote,1,15
2026-04-01,20214,C2,16.6348,16.1493,Lost quote,1,45
2026-06-01,20214,C2,16.4075,16.1493,Lost quote,1,34
2023-07-01,20214,C3,22.1069,18.0305,Distributor price list,1,2
2023-08-01,20214,C3,23.3706,18.0305,Marketplace scrape,1,39
2023-10-01,20214,C3,23.3106,18.6709,Field report,1,13
2023-11-01,20214,C3,23.0343,18.6709,Lost quote,0,11
2024-02-01,20214,C3,21.0458,17.8872,Marketplace scrape,1,22
2024-04-01,20214,C3,21.5189,17.3121,Lost quote,1,35
2024-05-01,20214,C3,20.0672,17.3121,Marketplace scrape,1,28
2024-06-01,20214,C3,20.0068,17.3121,Marketplace scrape,1,33
2024-07-01,20214,C3,21.0079,18.5842,Lost quote,1,11
2024-08-01,20214,C3,21.2768,18.5842,Lost quote,1,44
2024-09-01,20214,C3,20.7825,18.5842,Marketplace scrape,1,30
2024-10-01,20214,C3,20.289,18.1671,Field report,1,30
2024-11-01,20214,C3,20.7102,18.1671,Distributor price list,1,18
2024-12-01,20214,C3,19.9375,18.1671,Marketplace scrape,0,43
2025-02-01,20214,C3,18.5671,16.9307,Lost quote,1,25
2025-03-01,20214,C3,18.6344,16.9307,Distributor price list,1,13
2025-04-01,20214,C3,20.3039,17.3926,Marketplace scrape,1,38
2025-06-01,20214,C3,20.5819,17.3926,Distributor price list,1,31
2025-07-01,20214,C3,20.8984,17.8103,Distributor price list,1,16
2025-09-01,20214,C3,20.9325,17.8103,Marketplace scrape,1,26
2026-01-01,20214,C3,19.7608,16.4327,Field report,1,37
2026-02-01,20214,C3,19.9471,16.4327,Marketplace scrape,1,42
2026-04-01,20214,C3,18.8984,16.1493,Distributor price list,1,19
2026-05-01,20214,C3,19.4991,16.1493,Lost quote,1,39
2026-06-01,20214,C3,19.3853,16.1493,Marketplace scrape,1,43
2023-08-01,20214,C5,22.5493,18.0305,Lost quote,1,5
2023-09-01,20214,C5,22.718,18.0305,Field report,1,31
2023-10-01,20214,C5,24.4393,18.6709,Marketplace scrape,1,6
2023-11-01,20214,C5,23.4429,18.6709,Distributor price list,1,3
2023-12-01,20214,C5,23.1877,18.6709,Distributor price list,1,43
2024-01-01,20214,C5,22.2402,17.8872,Distributor price list,1,34
2024-02-01,20214,C5,21.4414,17.8872,Distributor price list,1,32
2024-03-01,20214,C5,21.2361,17.8872,Field report,0,38
2024-04-01,20214,C5,20.8099,17.3121,Marketplace scrape,1,40
2024-05-01,20214,C5,20.2272,17.3121,Distributor price list,1,15
2024-06-01,20214,C5,20.2839,17.3121,Distributor price list,1,8
2024-07-01,20214,C5,22.6719,18.5842,Field report,1,15
2024-09-01,20214,C5,22.7225,18.5842,Distributor price list,1,44
2024-10-01,20214,C5,22.042,18.1671,Marketplace scrape,1,21
2024-11-01,20214,C5,22.2247,18.1671,Distributor price list,1,45
2024-12-01,20214,C5,22.2407,18.1671,Lost quote,1,15
2025-02-01,20214,C5,20.7414,16.9307,Distributor price list,0,25
2025-03-01,20214,C5,20.8076,16.9307,Field report,1,5
2025-04-01,20214,C5,21.0772,17.3926,Marketplace scrape,1,30
2025-05-01,20214,C5,21.0917,17.3926,Field report,1,5
2025-07-01,20214,C5,21.8363,17.8103,Lost quote,1,41
2025-09-01,20214,C5,21.2949,17.8103,Marketplace scrape,1,29
2025-10-01,20214,C5,23.5584,18.6366,Field report,1,14
2025-11-01,20214,C5,22.846,18.6366,Distributor price list,1,45
2026-03-01,20214,C5,20.6346,16.4327,Distributor price list,1,16
2026-04-01,20214,C5,19.371,16.1493,Field report,1,20
2023-07-01,20215,C1,11.6021,11.8933,Marketplace scrape,1,15
2023-08-01,20215,C1,11.4434,11.8933,Marketplace scrape,1,17
2023-10-01,20215,C1,11.263,11.8721,Field report,1,43
2023-11-01,20215,C1,11.5434,11.8721,Lost quote,1,12
2024-01-01,20215,C1,11.4278,11.8721,Marketplace scrape,1,23
2024-02-01,20215,C1,11.3278,11.8721,Lost quote,1,13
2024-04-01,20215,C1,11.3785,11.8721,Lost quote,0,30
2024-05-01,20215,C1,11.5522,11.8721,Marketplace scrape,1,16
2024-06-01,20215,C1,11.5848,11.8721,Distributor price list,1,33
2024-08-01,20215,C1,11.1056,11.8721,Marketplace scrape,1,16
2024-09-01,20215,C1,11.5108,11.8721,Distributor price list,0,43
2024-10-01,20215,C1,11.1641,11.8721,Lost quote,1,27
2025-01-01,20215,C1,11.1171,11.8721,Marketplace scrape,1,16
2025-02-01,20215,C1,10.7734,11.8721,Distributor price list,1,30
2025-03-01,20215,C1,11.1824,11.8721,Lost quote,0,30
2025-04-01,20215,C1,11.2282,11.8721,Lost quote,1,41
2025-05-01,20215,C1,11.5472,11.8721,Field report,1,43
2025-09-01,20215,C1,12.2374,11.8721,Lost quote,1,33
2026-02-01,20215,C1,12.0538,11.8721,Field report,1,17
2026-04-01,20215,C1,11.5848,11.8721,Marketplace scrape,1,25
2026-06-01,20215,C1,11.4057,11.8721,Marketplace scrape,1,25
2023-07-01,20215,C3,12.7943,11.8933,Lost quote,1,25
2023-08-01,20215,C3,12.4115,11.8933,Distributor price list,1,14
2023-09-01,20215,C3,12.71,11.8721,Distributor price list,1,1
2023-10-01,20215,C3,12.6574,11.8721,Field report,1,40
2023-11-01,20215,C3,12.865,11.8721,Lost quote,1,11
2023-12-01,20215,C3,12.1622,11.8721,Lost quote,1,28
2024-03-01,20215,C3,12.3106,11.8721,Distributor price list,0,16
2024-08-01,20215,C3,12.3802,11.8721,Lost quote,0,28
2024-11-01,20215,C3,12.1917,11.8721,Distributor price list,1,26
2024-12-01,20215,C3,12.9059,11.8721,Field report,1,29
2025-01-01,20215,C3,12.5535,11.8721,Marketplace scrape,1,41
2025-03-01,20215,C3,12.2091,11.8721,Marketplace scrape,1,33
2025-04-01,20215,C3,12.0639,11.8721,Lost quote,1,27
2025-05-01,20215,C3,11.8849,11.8721,Distributor price list,1,22
2025-06-01,20215,C3,12.2554,11.8721,Marketplace scrape,1,19
2025-07-01,20215,C3,12.2379,11.8721,Field report,1,17
2025-08-01,20215,C3,11.9917,11.8721,Marketplace scrape,1,6
2025-09-01,20215,C3,11.7661,11.8721,Marketplace scrape,1,44
2025-10-01,20215,C3,11.9889,11.8721,Marketplace scrape,1,34
2025-12-01,20215,C3,12.3889,11.8721,Distributor price list,1,18
2026-01-01,20215,C3,12.0579,11.8721,Lost quote,1,15
2026-03-01,20215,C3,11.5045,11.8721,Marketplace scrape,1,39
2026-04-01,20215,C3,11.2095,11.8721,Marketplace scrape,1,16
2026-06-01,20215,C3,11.1574,11.8721,Field report,1,4
2023-07-01,20215,C4,11.3326,11.8933,Field report,1,38
2023-08-01,20215,C4,11.4965,11.8933,Distributor price list,1,43
2023-09-01,20215,C4,11.1876,11.8721,Lost quote,1,16
2023-10-01,20215,C4,11.4141,11.8721,Marketplace scrape,0,23
2023-12-01,20215,C4,11.8242,11.8721,Marketplace scrape,1,5
2024-01-01,20215,C4,11.7091,11.8721,Field report,1,24
2024-07-01,20215,C4,12.3768,11.8721,Lost quote,1,18
2024-08-01,20215,C4,12.1487,11.8721,Lost quote,1,31
2024-09-01,20215,C4,11.7676,11.8721,Lost quote,1,7
2024-10-01,20215,C4,12.3622,11.8721,Marketplace scrape,1,42
2024-12-01,20215,C4,12.0124,11.8721,Lost quote,1,31
2025-02-01,20215,C4,12.1974,11.8721,Marketplace scrape,1,25
2025-05-01,20215,C4,11.8912,11.8721,Distributor price list,1,8
2025-06-01,20215,C4,12.689,11.8721,Marketplace scrape,1,42
2025-07-01,20215,C4,12.0145,11.8721,Marketplace scrape,1,41
2025-09-01,20215,C4,12.4166,11.8721,Marketplace scrape,1,21
2025-10-01,20215,C4,12.6113,11.8721,Field report,1,7
2026-03-01,20215,C4,12.8449,11.8721,Marketplace scrape,1,21
2026-05-01,20215,C4,13.0048,11.8721,Field report,1,21
2026-06-01,20215,C4,13.4306,11.8721,Marketplace scrape,1,17
2023-07-01,20215,C5,13.8972,11.8933,Field report,1,40
2023-09-01,20215,C5,13.7702,11.8721,Distributor price list,1,6
2023-10-01,20215,C5,14.0095,11.8721,Lost quote,1,24
2024-02-01,20215,C5,14.519,11.8721,Marketplace scrape,1,28
2024-05-01,20215,C5,15.3473,11.8721,Field report,1,1
2024-06-01,20215,C5,15.7227,11.8721,Lost quote,1,33
2024-09-01,20215,C5,15.9817,11.8721,Field report,1,4
2024-10-01,20215,C5,16.5023,11.8721,Lost quote,1,19
2024-11-01,20215,C5,16.5686,11.8721,Distributor price list,1,15
2024-12-01,20215,C5,17.4871,11.8721,Distributor price list,1,19
2025-02-01,20215,C5,17.6602,11.8721,Lost quote,1,5
2025-03-01,20215,C5,17.0432,11.8721,Marketplace scrape,1,20
2025-05-01,20215,C5,17.023,11.8721,Marketplace scrape,1,22
2025-06-01,20215,C5,18.0722,11.8721,Field report,1,37
2025-08-01,20215,C5,17.3615,11.8721,Marketplace scrape,1,26
2025-09-01,20215,C5,17.0632,11.8721,Lost quote,1,31
2025-10-01,20215,C5,16.3349,11.8721,Lost quote,1,23
2026-02-01,20215,C5,16.3003,11.8721,Field report,1,19
2026-03-01,20215,C5,16.2379,11.8721,Marketplace scrape,1,18
2026-04-01,20215,C5,16.632,11.8721,Lost quote,1,38
2023-09-01,20216,C2,35.191,41.3841,Distributor price list,1,21
2023-11-01,20216,C2,35.2086,41.3841,Distributor price list,1,38
2023-12-01,20216,C2,35.3479,41.3841,Marketplace scrape,1,34
2024-03-01,20216,C2,35.9643,41.3841,Distributor price list,0,1
2024-06-01,20216,C2,34.4796,41.3841,Marketplace scrape,1,15
2024-07-01,20216,C2,35.9658,41.3841,Marketplace scrape,1,2
2024-08-01,20216,C2,34.8114,41.3841,Field report,1,42
2024-09-01,20216,C2,34.7366,41.3841,Distributor price list,1,27
2024-10-01,20216,C2,36.3472,41.3841,Field report,1,14
2024-11-01,20216,C2,34.9713,41.3841,Lost quote,1,34
2025-01-01,20216,C2,35.8308,41.3841,Field report,1,30
2025-02-01,20216,C2,35.902,41.3841,Distributor price list,1,29
2025-03-01,20216,C2,36.1831,41.3841,Marketplace scrape,1,33
2025-05-01,20216,C2,35.8313,41.3841,Lost quote,1,44
2025-07-01,20216,C2,36.9739,41.3841,Marketplace scrape,1,39
2025-09-01,20216,C2,36.7326,41.3841,Field report,0,3
2025-11-01,20216,C2,36.8973,41.3841,Lost quote,1,25
2025-12-01,20216,C2,37.4214,41.3841,Field report,1,4
2026-01-01,20216,C2,38.3432,41.3841,Lost quote,1,40
2026-03-01,20216,C2,36.3111,41.3841,Lost quote,1,12
2026-05-01,20216,C2,36.5391,41.3841,Lost quote,1,15
2023-08-01,20217,C1,43.7445,45.2228,Marketplace scrape,1,43
2023-09-01,20217,C1,43.3263,45.8241,Lost quote,1,2
2023-10-01,20217,C1,42.5574,45.8241,Field report,1,3
2023-12-01,20217,C1,44.5092,46.9189,Field report,1,44
2024-02-01,20217,C1,44.5093,46.9189,Lost quote,1,2
2024-03-01,20217,C1,50.6196,50.5496,Distributor price list,1,7
2024-05-01,20217,C1,47.3751,50.5496,Lost quote,1,11
2024-07-01,20217,C1,52.5794,55.5863,Field report,1,19
2024-10-01,20217,C1,56.2413,57.4793,Lost quote,1,8
2024-11-01,20217,C1,57.3027,57.4793,Marketplace scrape,1,5
2025-03-01,20217,C1,56.8288,57.6277,Distributor price list,1,2
2025-06-01,20217,C1,53.6645,53.3854,Lost quote,1,40
2025-08-01,20217,C1,55.1124,53.3854,Marketplace scrape,1,17
2025-10-01,20217,C1,51.167,50.7685,Field report,1,35
2025-11-01,20217,C1,49.0567,50.7685,Field report,1,9
2025-12-01,20217,C1,47.6344,48.8945,Distributor price list,1,36
2026-03-01,20217,C1,49.3979,51.1655,Marketplace scrape,1,38
2026-04-01,20217,C1,51.1892,51.1655,Distributor price list,0,39
2023-07-01,20217,C4,42.4537,45.2228,Field report,0,27
2023-09-01,20217,C4,42.8731,45.8241,Lost quote,1,26
2023-10-01,20217,C4,44.2504,45.8241,Distributor price list,1,33
2023-11-01,20217,C4,43.4444,45.8241,Field report,1,37
2024-02-01,20217,C4,44.464,46.9189,Distributor price list,1,32
2024-03-01,20217,C4,48.6847,50.5496,Field report,1,4
2024-05-01,20217,C4,46.5174,50.5496,Marketplace scrape,1,9
2024-06-01,20217,C4,55.2529,55.5863,Lost quote,1,44
2024-07-01,20217,C4,55.2177,55.5863,Lost quote,1,5
2024-08-01,20217,C4,53.6524,55.5863,Distributor price list,1,35
2024-10-01,20217,C4,55.9445,57.4793,Distributor price list,1,34
2024-12-01,20217,C4,57.8636,58.012,Field report,1,10
2025-02-01,20217,C4,58.3543,58.012,Lost quote,1,37
2025-03-01,20217,C4,59.0698,57.6277,Field report,1,30
2025-04-01,20217,C4,59.2181,57.6277,Lost quote,1,35
2025-05-01,20217,C4,57.8605,57.6277,Field report,1,5
2025-07-01,20217,C4,54.5709,53.3854,Marketplace scrape,0,13
2025-08-01,20217,C4,56.6398,53.3854,Distributor price list,1,21
2025-09-01,20217,C4,53.2285,50.7685,Lost quote,1,8
2025-11-01,20217,C4,52.9499,50.7685,Field report,1,41
2026-02-01,20217,C4,55.1911,48.8945,Lost quote,1,22
2026-03-01,20217,C4,55.7052,51.1655,Field report,1,3
2026-04-01,20217,C4,58.2679,51.1655,Lost quote,1,21
2026-05-01,20217,C4,57.2786,51.1655,Distributor price list,1,16
2026-06-01,20217,C4,55.1441,49.6842,Distributor price list,1,40
2023-07-01,20217,C5,48.5282,45.2228,Field report,0,45
2023-08-01,20217,C5,46.7861,45.2228,Distributor price list,1,18
2023-09-01,20217,C5,47.6572,45.8241,Marketplace scrape,0,31
2023-10-01,20217,C5,48.8787,45.8241,Marketplace scrape,1,36
2023-12-01,20217,C5,48.4476,46.9189,Lost quote,1,33
2024-01-01,20217,C5,49.787,46.9189,Field report,0,33
2024-02-01,20217,C5,48.6031,46.9189,Field report,1,20
2024-03-01,20217,C5,54.1478,50.5496,Distributor price list,1,15
2024-04-01,20217,C5,52.9179,50.5496,Field report,1,39
2024-05-01,20217,C5,52.6114,50.5496,Marketplace scrape,1,13
2024-07-01,20217,C5,57.6217,55.5863,Field report,1,26
2024-09-01,20217,C5,57.9452,57.4793,Distributor price list,1,36
2024-10-01,20217,C5,58.9324,57.4793,Distributor price list,1,43
2024-12-01,20217,C5,60.5769,58.012,Distributor price list,1,25
2025-03-01,20217,C5,58.255,57.6277,Distributor price list,1,5
2025-04-01,20217,C5,60.2932,57.6277,Marketplace scrape,1,36
2025-09-01,20217,C5,61.6337,50.7685,Marketplace scrape,1,35
2025-10-01,20217,C5,59.3415,50.7685,Field report,1,29
2025-11-01,20217,C5,59.6773,50.7685,Field report,1,23
2026-01-01,20217,C5,55.7941,48.8945,Distributor price list,1,39
2026-02-01,20217,C5,57.1564,48.8945,Field report,1,19
2026-03-01,20217,C5,63.6853,51.1655,Distributor price list,1,23
2023-08-01,20218,C4,47.8927,51.0774,Field report,1,21
2023-10-01,20218,C4,45.51,51.0774,Lost quote,1,26
2023-12-01,20218,C4,38.6755,44.4433,Distributor price list,1,41
2024-01-01,20218,C4,39.8932,44.4433,Distributor price list,1,17
2024-03-01,20218,C4,39.1438,47.2637,Field report,1,19
2024-04-01,20218,C4,40.5615,47.2637,Distributor price list,1,8
2024-06-01,20218,C4,40.4588,49.1395,Marketplace scrape,1,39
2024-07-01,20218,C4,40.4297,49.1395,Distributor price list,0,43
2024-08-01,20218,C4,42.3567,52.1921,Distributor price list,1,44
2024-10-01,20218,C4,41.7155,52.1921,Distributor price list,1,23
2024-11-01,20218,C4,38.382,49.5534,Lost quote,1,18
2025-01-01,20218,C4,40.9204,49.5534,Lost quote,0,18
2025-02-01,20218,C4,40.3724,46.0232,Distributor price list,1,26
2025-03-01,20218,C4,39.7853,46.0232,Field report,1,38
2025-06-01,20218,C4,38.3458,46.1567,Distributor price list,1,5
2025-08-01,20218,C4,38.4769,43.8586,Lost quote,1,33
2025-09-01,20218,C4,39.3575,43.8586,Distributor price list,0,36
2025-10-01,20218,C4,37.2363,43.8586,Lost quote,1,38
2025-12-01,20218,C4,34.795,40.8569,Field report,1,23
2026-01-01,20218,C4,33.8115,40.8569,Lost quote,1,32
2026-02-01,20218,C4,35.2927,42.6091,Field report,1,1
2026-05-01,20218,C4,34.7733,41.1473,Marketplace scrape,1,20
2026-06-01,20218,C4,36.0711,41.1473,Field report,0,39
2023-09-01,20219,C1,12.8546,14.3205,Distributor price list,1,38
2023-10-01,20219,C1,12.9047,14.3205,Field report,1,31
2023-12-01,20219,C1,13.8766,15.2549,Field report,1,41
2024-02-01,20219,C1,13.0727,14.3058,Distributor price list,1,37
2024-04-01,20219,C1,13.5725,14.3058,Lost quote,1,27
2024-05-01,20219,C1,14.0353,14.1655,Lost quote,1,36
2024-06-01,20219,C1,13.687,14.1655,Lost quote,1,23
2024-07-01,20219,C1,13.9948,14.1655,Field report,1,44
2024-08-01,20219,C1,13.0878,13.643,Distributor price list,1,23
2024-09-01,20219,C1,12.7979,13.643,Marketplace scrape,1,24
2024-11-01,20219,C1,12.9367,12.9903,Field report,1,35
2025-02-01,20219,C1,12.8704,12.6775,Distributor price list,1,32
2025-05-01,20219,C1,12.0112,12.1417,Distributor price list,1,28
2025-07-01,20219,C1,12.3235,12.1417,Field report,1,15
2025-08-01,20219,C1,13.1343,12.57,Distributor price list,1,16
2025-09-01,20219,C1,13.1564,12.57,Marketplace scrape,1,17
2025-10-01,20219,C1,12.5332,12.57,Marketplace scrape,1,41
2025-11-01,20219,C1,12.4712,12.4704,Marketplace scrape,0,35
2026-01-01,20219,C1,12.4419,12.4704,Marketplace scrape,1,36
2026-02-01,20219,C1,11.895,11.9968,Marketplace scrape,1,4
2026-03-01,20219,C1,11.3029,11.9968,Lost quote,1,41
2026-04-01,20219,C1,11.7519,11.9968,Marketplace scrape,1,26
2026-05-01,20219,C1,12.2085,11.8211,Lost quote,1,36
2026-06-01,20219,C1,11.9275,11.8211,Field report,1,17
2023-09-01,20219,C3,15.2282,14.3205,Marketplace scrape,1,4
2023-12-01,20219,C3,16.1293,15.2549,Distributor price list,1,18
2024-01-01,20219,C3,16.6124,15.2549,Marketplace scrape,0,7
2024-02-01,20219,C3,15.8624,14.3058,Marketplace scrape,0,32
2024-04-01,20219,C3,16.5749,14.3058,Marketplace scrape,0,38
2024-05-01,20219,C3,16.0276,14.1655,Distributor price list,1,4
2024-06-01,20219,C3,16.588,14.1655,Lost quote,1,15
2024-08-01,20219,C3,15.5264,13.643,Lost quote,1,25
2024-10-01,20219,C3,15.2541,13.643,Field report,1,19
2024-11-01,20219,C3,14.3033,12.9903,Field report,1,30
2024-12-01,20219,C3,14.5609,12.9903,Lost quote,1,32
2025-01-01,20219,C3,14.4053,12.9903,Field report,1,15
2025-02-01,20219,C3,13.7783,12.6775,Marketplace scrape,1,26
2025-03-01,20219,C3,13.8673,12.6775,Lost quote,1,3
2025-05-01,20219,C3,13.9127,12.1417,Lost quote,1,31
2025-07-01,20219,C3,13.4604,12.1417,Lost quote,1,4
2025-09-01,20219,C3,14.1425,12.57,Field report,1,5
2025-10-01,20219,C3,14.4589,12.57,Distributor price list,1,11
2025-12-01,20219,C3,14.1471,12.4704,Marketplace scrape,1,17
2026-01-01,20219,C3,13.6915,12.4704,Marketplace scrape,1,2
2026-02-01,20219,C3,13.9369,11.9968,Distributor price list,1,23
2026-03-01,20219,C3,14.0004,11.9968,Field report,1,1
2026-05-01,20219,C3,14.3063,11.8211,Distributor price list,1,5
2023-09-01,20219,C4,12.6726,14.3205,Field report,1,24
2024-02-01,20219,C4,12.8546,14.3058,Distributor price list,1,33
2024-04-01,20219,C4,13.1738,14.3058,Field report,1,37
2024-06-01,20219,C4,13.1712,14.1655,Field report,1,9
2024-07-01,20219,C4,13.3606,14.1655,Marketplace scrape,1,44
2024-08-01,20219,C4,12.308,13.643,Marketplace scrape,1,43
2024-10-01,20219,C4,12.8847,13.643,Marketplace scrape,1,5
2024-11-01,20219,C4,12.8816,12.9903,Distributor price list,1,21
2024-12-01,20219,C4,12.6025,12.9903,Lost quote,1,36
2025-01-01,20219,C4,12.9196,12.9903,Marketplace scrape,1,1
2025-02-01,20219,C4,12.8746,12.6775,Field report,1,39
2025-04-01,20219,C4,12.6283,12.6775,Lost quote,1,8
2025-06-01,20219,C4,12.2756,12.1417,Marketplace scrape,1,45
2025-07-01,20219,C4,12.2484,12.1417,Distributor price list,1,16
2025-09-01,20219,C4,12.8465,12.57,Field report,1,25
2026-01-01,20219,C4,12.7438,12.4704,Distributor price list,1,33
2026-02-01,20219,C4,12.0986,11.9968,Field report,1,45
2026-03-01,20219,C4,12.7608,11.9968,Lost quote,1,19
2026-04-01,20219,C4,12.7298,11.9968,Distributor price list,1,21
2026-05-01,20219,C4,11.9095,11.8211,Lost quote,1,22
2023-09-01,20220,C1,14.5923,15.9779,Lost quote,1,38
2023-10-01,20220,C1,15.0377,16.6396,Marketplace scrape,1,27
2023-11-01,20220,C1,14.7286,16.6396,Marketplace scrape,1,18
2024-03-01,20220,C1,15.1904,17.3021,Distributor price list,1,28
2024-07-01,20220,C1,14.0052,15.811,Marketplace scrape,1,33
2024-08-01,20220,C1,14.2967,15.811,Lost quote,1,40
2024-09-01,20220,C1,14.7385,15.811,Field report,1,18
2024-12-01,20220,C1,14.9504,16.7161,Lost quote,1,30
2025-03-01,20220,C1,15.3497,17.4076,Distributor price list,1,29
2025-04-01,20220,C1,14.4673,15.9136,Lost quote,1,36
2025-05-01,20220,C1,14.0882,15.9136,Field report,1,25
2025-06-01,20220,C1,14.0226,15.9136,Distributor price list,1,4
2025-08-01,20220,C1,13.7717,15.9008,Marketplace scrape,1,17
2025-10-01,20220,C1,13.6698,15.9351,Field report,1,16
2025-11-01,20220,C1,13.9824,15.9351,Marketplace scrape,1,17
2025-12-01,20220,C1,13.6124,15.9351,Marketplace scrape,1,17
2026-01-01,20220,C1,15.098,16.7893,Lost quote,1,20
2026-02-01,20220,C1,15.2993,16.7893,Distributor price list,1,1
2026-04-01,20220,C1,15.7703,17.6496,Lost quote,1,9
2026-06-01,20220,C1,15.9392,17.6496,Marketplace scrape,1,24
2023-07-01,20220,C2,13.562,15.9779,Distributor price list,1,10
2023-10-01,20220,C2,14.0703,16.6396,Distributor price list,1,30
2024-01-01,20220,C2,14.1118,17.3021,Lost quote,1,44
2024-02-01,20220,C2,14.4552,17.3021,Marketplace scrape,1,33
2024-03-01,20220,C2,14.6589,17.3021,Marketplace scrape,1,9
2024-05-01,20220,C2,13.4839,15.9978,Distributor price list,1,42
2024-06-01,20220,C2,13.5748,15.9978,Distributor price list,1,15
2024-07-01,20220,C2,13.4498,15.811,Marketplace scrape,1,33
2024-08-01,20220,C2,12.6989,15.811,Distributor price list,1,30
2024-10-01,20220,C2,14.2931,16.7161,Lost quote,1,1
2024-11-01,20220,C2,14.2226,16.7161,Distributor price list,1,15
2024-12-01,20220,C2,14.5342,16.7161,Lost quote,1,11
2025-01-01,20220,C2,15.0684,17.4076,Lost quote,1,20
2025-04-01,20220,C2,13.4172,15.9136,Lost quote,1,6
2025-05-01,20220,C2,13.7779,15.9136,Distributor price list,1,41
2025-06-01,20220,C2,12.8893,15.9136,Lost quote,1,5
2025-07-01,20220,C2,13.097,15.9008,Field report,1,12
2025-12-01,20220,C2,13.4285,15.9351,Marketplace scrape,1,24
2026-01-01,20220,C2,14.3628,16.7893,Field report,1,37
2026-02-01,20220,C2,13.7458,16.7893,Lost quote,1,33
2026-03-01,20220,C2,14.6859,16.7893,Distributor price list,0,16
2026-04-01,20220,C2,15.0378,17.6496,Lost quote,1,30
2026-06-01,20220,C2,14.3485,17.6496,Marketplace scrape,1,42
2023-07-01,20220,C3,17.168,15.9779,Marketplace scrape,1,20
2023-09-01,20220,C3,17.3539,15.9779,Field report,1,36
2023-10-01,20220,C3,17.7164,16.6396,Marketplace scrape,1,4
2024-01-01,20220,C3,18.4132,17.3021,Lost quote,1,28
2024-02-01,20220,C3,17.5793,17.3021,Field report,1,33
2024-03-01,20220,C3,19.0271,17.3021,Lost quote,1,2
2024-06-01,20220,C3,17.4068,15.9978,Field report,1,6
2024-07-01,20220,C3,16.2647,15.811,Distributor price list,0,44
2024-08-01,20220,C3,16.6485,15.811,Distributor price list,1,4
2024-09-01,20220,C3,16.899,15.811,Field report,1,24
2024-10-01,20220,C3,17.3901,16.7161,Field report,1,21
2024-11-01,20220,C3,18.0328,16.7161,Distributor price list,0,42
2024-12-01,20220,C3,18.2073,16.7161,Marketplace scrape,1,15
2025-01-01,20220,C3,19.7185,17.4076,Lost quote,0,24
2025-02-01,20220,C3,19.7513,17.4076,Field report,1,29
2025-03-01,20220,C3,19.8791,17.4076,Lost quote,1,36
2025-04-01,20220,C3,18.5657,15.9136,Marketplace scrape,1,34
2025-06-01,20220,C3,18.5216,15.9136,Marketplace scrape,1,15
2025-08-01,20220,C3,17.5867,15.9008,Field report,1,16
2025-10-01,20220,C3,19.18,15.9351,Distributor price list,1,12
2025-11-01,20220,C3,19.5435,15.9351,Field report,1,18
2025-12-01,20220,C3,19.2284,15.9351,Lost quote,1,3
2026-01-01,20220,C3,19.7639,16.7893,Lost quote,0,28
2026-02-01,20220,C3,19.6041,16.7893,Field report,1,13
2026-03-01,20220,C3,19.0076,16.7893,Lost quote,1,6
2026-05-01,20220,C3,19.2356,17.6496,Field report,0,44
2026-06-01,20220,C3,19.9273,17.6496,Field report,1,26
2023-08-01,20221,C1,24.6162,24.1353,Marketplace scrape,1,16
2023-10-01,20221,C1,25.2003,24.1353,Marketplace scrape,1,4
2023-11-01,20221,C1,25.0654,24.0883,Field report,1,35
2023-12-01,20221,C1,25.5364,24.0883,Distributor price list,1,21
2024-02-01,20221,C1,25.8764,23.3019,Field report,1,35
2024-04-01,20221,C1,26.4904,23.3019,Marketplace scrape,1,10
2024-05-01,20221,C1,25.9248,23.9976,Field report,1,38
2024-06-01,20221,C1,27.7764,23.9976,Lost quote,1,7
2024-07-01,20221,C1,28.1662,23.9976,Lost quote,1,7
2024-09-01,20221,C1,30.0587,24.9549,Field report,1,20
2024-11-01,20221,C1,28.4083,23.9794,Marketplace scrape,1,35
2024-12-01,20221,C1,28.1242,23.9794,Distributor price list,1,6
2025-01-01,20221,C1,27.8743,23.9794,Distributor price list,1,20
2025-02-01,20221,C1,26.7169,22.6241,Lost quote,0,1
2025-04-01,20221,C1,25.5082,22.6241,Marketplace scrape,1,17
2025-05-01,20221,C1,26.2995,22.4527,Marketplace scrape,1,41
2025-06-01,20221,C1,25.9594,22.4527,Distributor price list,1,3
2025-07-01,20221,C1,26.9624,22.4527,Lost quote,1,16
2025-08-01,20221,C1,30.8768,25.3047,Marketplace scrape,1,27
2025-09-01,20221,C1,30.6587,25.3047,Marketplace scrape,1,21
2025-10-01,20221,C1,30.7652,25.3047,Field report,1,8
2025-12-01,20221,C1,29.9879,24.2999,Field report,1,25
2026-01-01,20221,C1,30.8981,24.2999,Lost quote,0,32
2026-02-01,20221,C1,26.8289,21.7365,Marketplace scrape,1,15
2026-03-01,20221,C1,27.2827,21.7365,Marketplace scrape,1,17
2026-04-01,20221,C1,25.7911,21.7365,Marketplace scrape,1,9
2026-05-01,20221,C1,24.4261,20.9311,Field report,1,39
2026-06-01,20221,C1,24.3029,20.9311,Marketplace scrape,1,40
2023-07-01,20221,C2,21.6591,23.4903,Marketplace scrape,1,23
2023-09-01,20221,C2,22.7957,24.1353,Lost quote,1,44
2023-11-01,20221,C2,22.2964,24.0883,Distributor price list,1,24
2024-01-01,20221,C2,22.9747,24.0883,Lost quote,1,35
2024-03-01,20221,C2,22.5467,23.3019,Distributor price list,1,10
2024-04-01,20221,C2,23.1742,23.3019,Distributor price list,1,5
2024-09-01,20221,C2,22.9429,24.9549,Marketplace scrape,1,35
2024-10-01,20221,C2,22.6706,24.9549,Field report,1,16
2024-11-01,20221,C2,21.9442,23.9794,Distributor price list,1,8
2024-12-01,20221,C2,21.2834,23.9794,Distributor price list,1,20
2025-01-01,20221,C2,21.8277,23.9794,Distributor price list,1,24
2025-02-01,20221,C2,21.8848,22.6241,Distributor price list,1,38
2025-03-01,20221,C2,21.7418,22.6241,Lost quote,1,1
2025-04-01,20221,C2,22.1659,22.6241,Marketplace scrape,1,7
2025-05-01,20221,C2,22.9809,22.4527,Lost quote,1,14
2025-06-01,20221,C2,23.1393,22.4527,Distributor price list,1,26
2025-08-01,20221,C2,24.3141,25.3047,Field report,1,45
2025-11-01,20221,C2,24.2603,24.2999,Marketplace scrape,0,34
2025-12-01,20221,C2,23.262,24.2999,Field report,0,37
2026-01-01,20221,C2,22.1099,24.2999,Distributor price list,1,9
2026-04-01,20221,C2,20.6749,21.7365,Marketplace scrape,1,21
2026-05-01,20221,C2,19.1686,20.9311,Lost quote,0,14
2023-07-01,20221,C3,27.5293,23.4903,Field report,1,11
2023-08-01,20221,C3,26.6779,24.1353,Field report,1,41
2023-10-01,20221,C3,27.5805,24.1353,Field report,1,21
2023-11-01,20221,C3,27.0725,24.0883,Marketplace scrape,1,5
2023-12-01,20221,C3,28.7341,24.0883,Marketplace scrape,1,39
2024-01-01,20221,C3,28.873,24.0883,Marketplace scrape,1,40
2024-02-01,20221,C3,27.1562,23.3019,Lost quote,0,19
2024-04-01,20221,C3,28.5487,23.3019,Field report,1,10
2024-07-01,20221,C3,30.1271,23.9976,Lost quote,1,29
2024-08-01,20221,C3,29.531,24.9549,Field report,1,15
2024-09-01,20221,C3,29.9148,24.9549,Field report,1,5
2024-12-01,20221,C3,28.0807,23.9794,Field report,1,36
2025-01-01,20221,C3,28.3364,23.9794,Lost quote,1,15
2025-03-01,20221,C3,27.031,22.6241,Marketplace scrape,1,45
2025-06-01,20221,C3,25.738,22.4527,Field report,1,9
2025-08-01,20221,C3,28.3212,25.3047,Distributor price list,1,30
2025-09-01,20221,C3,28.4427,25.3047,Field report,1,28
2025-10-01,20221,C3,26.9772,25.3047,Marketplace scrape,1,10
2026-02-01,20221,C3,24.4751,21.7365,Distributor price list,1,28
2026-03-01,20221,C3,23.8083,21.7365,Field report,1,29
2026-04-01,20221,C3,22.8904,21.7365,Distributor price list,1,19
2026-05-01,20221,C3,23.8638,20.9311,Distributor price list,1,3
2026-06-01,20221,C3,22.9331,20.9311,Field report,1,18
2023-07-01,20221,C4,23.0496,23.4903,Lost quote,1,3
2023-08-01,20221,C4,24.4868,24.1353,Marketplace scrape,1,20
2024-03-01,20221,C4,23.9105,23.3019,Lost quote,1,5
2024-04-01,20221,C4,23.4389,23.3019,Field report,1,8
2024-05-01,20221,C4,24.7849,23.9976,Distributor price list,1,23
2024-07-01,20221,C4,25.254,23.9976,Field report,1,37
2024-08-01,20221,C4,26.7743,24.9549,Lost quote,1,32
2024-09-01,20221,C4,26.303,24.9549,Marketplace scrape,1,31
2024-11-01,20221,C4,24.3916,23.9794,Lost quote,1,26
2024-12-01,20221,C4,23.0747,23.9794,Marketplace scrape,1,37
2025-02-01,20221,C4,21.5211,22.6241,Field report,1,34
2025-07-01,20221,C4,20.9756,22.4527,Distributor price list,1,28
2025-10-01,20221,C4,24.3296,25.3047,Marketplace scrape,1,19
2025-11-01,20221,C4,23.7116,24.2999,Lost quote,1,29
2026-03-01,20221,C4,22.1602,21.7365,Distributor price list,1,24
2026-06-01,20221,C4,20.6426,20.9311,Distributor price list,1,6
2023-08-01,20222,C1,25.0735,27.8997,Lost quote,1,8
2023-09-01,20222,C1,25.1299,27.8997,Distributor price list,1,13
2024-01-01,20222,C1,25.2398,28.0954,Field report,1,33
2024-02-01,20222,C1,24.7421,28.0954,Distributor price list,1,22
2024-04-01,20222,C1,25.5253,28.0954,Field report,1,44
2024-05-01,20222,C1,25.3024,28.0954,Lost quote,1,15
2024-06-01,20222,C1,24.6997,28.0954,Lost quote,1,34
2024-08-01,20222,C1,22.366,25.1247,Distributor price list,1,45
2025-02-01,20222,C1,19.4257,22.6304,Distributor price list,1,35
2025-05-01,20222,C1,19.5352,22.6304,Field report,1,3
2025-07-01,20222,C1,19.2248,22.3331,Marketplace scrape,1,41
2025-08-01,20222,C1,18.9335,22.3331,Field report,1,1
2025-09-01,20222,C1,19.0694,22.3331,Field report,1,40
2025-12-01,20222,C1,19.3632,22.3331,Distributor price list,1,29
2026-02-01,20222,C1,21.5392,24.0219,Marketplace scrape,1,23
2026-05-01,20222,C1,20.9356,24.0219,Marketplace scrape,1,45
2026-06-01,20222,C1,20.6826,24.0219,Marketplace scrape,0,21
2023-08-01,20223,C1,16.63,14.9199,Marketplace scrape,1,20
2023-09-01,20223,C1,17.3593,14.9199,Marketplace scrape,1,35
2023-10-01,20223,C1,16.2961,14.9199,Marketplace scrape,1,38
2023-11-01,20223,C1,15.9524,15.0794,Lost quote,1,18
2023-12-01,20223,C1,16.3168,15.0794,Field report,1,12
2024-01-01,20223,C1,15.373,15.0794,Marketplace scrape,1,23
2024-02-01,20223,C1,16.0502,14.9878,Lost quote,1,35
2024-04-01,20223,C1,15.9833,14.9878,Marketplace scrape,1,30
2024-05-01,20223,C1,16.6389,15.4419,Distributor price list,1,22
2024-08-01,20223,C1,15.412,14.7798,Marketplace scrape,1,33
2024-09-01,20223,C1,15.3218,14.7798,Lost quote,1,18
2024-10-01,20223,C1,16.1111,14.7798,Distributor price list,1,6
2024-11-01,20223,C1,15.3324,14.4336,Marketplace scrape,1,35
2024-12-01,20223,C1,15.6367,14.4336,Field report,1,20
2025-01-01,20223,C1,15.7316,14.4336,Marketplace scrape,1,20
2025-02-01,20223,C1,16.6999,15.1716,Lost quote,1,21
2025-03-01,20223,C1,17.4149,15.1716,Marketplace scrape,1,32
2025-05-01,20223,C1,19.9513,15.9749,Marketplace scrape,1,26
2025-08-01,20223,C1,18.5771,15.742,Lost quote,1,1
2025-09-01,20223,C1,18.8595,15.742,Lost quote,1,44
2025-11-01,20223,C1,17.7634,15.4186,Marketplace scrape,1,34
2025-12-01,20223,C1,18.294,15.4186,Marketplace scrape,1,27
2026-01-01,20223,C1,18.4048,15.4186,Field report,1,26
2026-02-01,20223,C1,19.9367,16.448,Lost quote,0,23
2026-04-01,20223,C1,20.161,16.448,Lost quote,1,8
2026-06-01,20223,C1,18.5657,15.1297,Marketplace scrape,0,18
2023-07-01,20223,C3,18.0575,15.0247,Lost quote,1,36
2023-11-01,20223,C3,17.8771,15.0794,Lost quote,1,43
2024-01-01,20223,C3,17.4401,15.0794,Distributor price list,1,32
2024-02-01,20223,C3,16.6762,14.9878,Marketplace scrape,1,35
2024-04-01,20223,C3,18.1991,14.9878,Lost quote,1,15
2024-10-01,20223,C3,17.4976,14.7798,Distributor price list,1,41
2024-11-01,20223,C3,16.1606,14.4336,Field report,1,16
2024-12-01,20223,C3,15.8196,14.4336,Lost quote,1,26
2025-01-01,20223,C3,16.3767,14.4336,Lost quote,0,3
2025-04-01,20223,C3,17.9839,15.1716,Lost quote,0,40
2025-05-01,20223,C3,18.0515,15.9749,Field report,1,6
2025-06-01,20223,C3,18.4519,15.9749,Field report,1,41
2025-07-01,20223,C3,17.724,15.9749,Distributor price list,1,24
2025-08-01,20223,C3,17.5716,15.742,Distributor price list,1,19
2025-10-01,20223,C3,16.8667,15.742,Lost quote,1,30
2025-11-01,20223,C3,16.9219,15.4186,Field report,1,25
2025-12-01,20223,C3,17.3962,15.4186,Distributor price list,1,35
2026-01-01,20223,C3,17.3857,15.4186,Field report,1,42
2026-03-01,20223,C3,18.9332,16.448,Distributor price list,1,44
2026-04-01,20223,C3,19.09,16.448,Field report,1,32
2026-05-01,20223,C3,17.2775,15.1297,Lost quote,1,14
2026-06-01,20223,C3,18.0319,15.1297,Lost quote,1,34
2023-07-01,20223,C4,16.1966,15.0247,Marketplace scrape,1,11
2023-08-01,20223,C4,15.9547,14.9199,Marketplace scrape,1,10
2023-09-01,20223,C4,16.2797,14.9199,Lost quote,1,35
2023-10-01,20223,C4,15.8086,14.9199,Lost quote,1,31
2023-11-01,20223,C4,16.0568,15.0794,Marketplace scrape,1,10
2023-12-01,20223,C4,15.9394,15.0794,Distributor price list,1,9
2024-01-01,20223,C4,15.2126,15.0794,Lost quote,0,26
2024-04-01,20223,C4,16.1387,14.9878,Field report,1,21
2024-05-01,20223,C4,16.6116,15.4419,Marketplace scrape,0,17
2024-06-01,20223,C4,16.9738,15.4419,Marketplace scrape,1,1
2024-07-01,20223,C4,17.4014,15.4419,Distributor price list,1,35
2024-09-01,20223,C4,15.9684,14.7798,Lost quote,1,31
2024-10-01,20223,C4,16.3347,14.7798,Marketplace scrape,1,39
2024-11-01,20223,C4,15.1521,14.4336,Lost quote,1,21
2024-12-01,20223,C4,15.4169,14.4336,Lost quote,1,36
2025-02-01,20223,C4,17.3953,15.1716,Marketplace scrape,1,13
2025-03-01,20223,C4,16.7516,15.1716,Lost quote,1,2
2025-04-01,20223,C4,16.7741,15.1716,Lost quote,1,4
2025-05-01,20223,C4,18.3793,15.9749,Marketplace scrape,1,17
2025-08-01,20223,C4,17.6695,15.742,Marketplace scrape,1,16
2025-09-01,20223,C4,16.7446,15.742,Distributor price list,1,22
2025-11-01,20223,C4,16.3959,15.4186,Lost quote,1,14
2025-12-01,20223,C4,16.6555,15.4186,Field report,1,32
2026-01-01,20223,C4,17.938,15.4186,Lost quote,1,16
2026-02-01,20223,C4,18.7883,16.448,Field report,1,19
2026-03-01,20223,C4,18.4856,16.448,Distributor price list,1,28
2023-08-01,20224,C1,13.2382,12.969,Field report,1,2
2023-09-01,20224,C1,14.0621,12.969,Distributor price list,1,28
2023-10-01,20224,C1,14.3246,12.969,Lost quote,1,16
2023-11-01,20224,C1,13.7661,12.969,Lost quote,1,18
2023-12-01,20224,C1,14.3169,12.969,Field report,1,9
2024-01-01,20224,C1,13.1253,12.1827,Lost quote,1,3
2024-03-01,20224,C1,12.7116,12.1827,Marketplace scrape,1,11
2024-05-01,20224,C1,13.2551,12.1827,Distributor price list,1,7
2024-06-01,20224,C1,12.8757,12.1827,Lost quote,1,20
2024-09-01,20224,C1,11.8579,11.1824,Lost quote,1,19
2024-10-01,20224,C1,11.7983,11.1824,Marketplace scrape,1,17
2024-11-01,20224,C1,11.9578,11.1824,Field report,1,43
2025-01-01,20224,C1,8.6851,8.0513,Marketplace scrape,1,1
2025-03-01,20224,C1,9.2287,8.0513,Lost quote,1,30
2025-05-01,20224,C1,8.7963,8.0513,Distributor price list,1,35
2025-06-01,20224,C1,9.0234,8.0513,Field report,1,3
2025-08-01,20224,C1,8.6534,8.0934,Field report,1,35
2025-10-01,20224,C1,12.2019,11.3257,Marketplace scrape,1,38
2026-02-01,20224,C1,13.8721,12.3202,Marketplace scrape,1,1
2026-03-01,20224,C1,14.0637,12.3202,Distributor price list,1,4
2026-05-01,20224,C1,12.7741,12.3202,Distributor price list,1,20
2026-06-01,20224,C1,12.9665,12.3202,Field report,1,35
2023-08-01,20224,C2,13.0713,12.969,Lost quote,1,18
2023-12-01,20224,C2,12.4965,12.969,Marketplace scrape,1,44
2024-01-01,20224,C2,12.2328,12.1827,Distributor price list,1,29
2024-02-01,20224,C2,12.0425,12.1827,Distributor price list,1,45
2024-04-01,20224,C2,12.2603,12.1827,Lost quote,1,42
2024-07-01,20224,C2,11.4566,11.1824,Field report,1,8
2024-10-01,20224,C2,11.201,11.1824,Marketplace scrape,1,13
2024-12-01,20224,C2,10.9554,11.1824,Lost quote,1,35
2025-03-01,20224,C2,7.75,8.0513,Marketplace scrape,1,39
2025-04-01,20224,C2,7.4558,8.0513,Lost quote,1,41
2025-06-01,20224,C2,7.7169,8.0513,Lost quote,1,44
2025-07-01,20224,C2,7.7153,8.0934,Marketplace scrape,1,33
2025-09-01,20224,C2,10.0512,11.3257,Lost quote,0,27
2025-12-01,20224,C2,10.474,11.3257,Lost quote,1,40
2026-01-01,20224,C2,10.4819,12.3202,Distributor price list,0,37
2026-04-01,20224,C2,10.771,12.3202,Field report,1,38
2026-05-01,20224,C2,10.6688,12.3202,Lost quote,1,31
2023-08-01,20224,C3,15.2058,12.969,Lost quote,1,2
2023-12-01,20224,C3,14.3082,12.969,Field report,1,43
2024-01-01,20224,C3,13.3871,12.1827,Field report,0,10
2024-02-01,20224,C3,13.2742,12.1827,Field report,1,4
2024-04-01,20224,C3,14.0348,12.1827,Distributor price list,1,10
2024-05-01,20224,C3,13.2893,12.1827,Distributor price list,1,29
2024-08-01,20224,C3,12.4929,11.1824,Field report,1,9
2024-09-01,20224,C3,12.7393,11.1824,Lost quote,1,11
2024-10-01,20224,C3,12.3325,11.1824,Field report,1,10
2024-11-01,20224,C3,11.7315,11.1824,Field report,1,37
2025-01-01,20224,C3,8.5883,8.0513,Lost quote,1,3
2025-03-01,20224,C3,8.4492,8.0513,Lost quote,1,24
2025-04-01,20224,C3,8.968,8.0513,Marketplace scrape,1,5
2025-05-01,20224,C3,9.2133,8.0513,Distributor price list,1,16
2025-10-01,20224,C3,12.91,11.3257,Field report,1,12
2025-11-01,20224,C3,12.3279,11.3257,Field report,1,40
2025-12-01,20224,C3,13.1035,11.3257,Field report,1,16
2026-02-01,20224,C3,13.817,12.3202,Field report,1,45
2026-03-01,20224,C3,13.6594,12.3202,Distributor price list,1,22
2026-04-01,20224,C3,13.278,12.3202,Distributor price list,1,18
2026-06-01,20224,C3,13.0621,12.3202,Field report,1,34
2023-08-01,20224,C4,13.2476,12.969,Marketplace scrape,0,20
2023-10-01,20224,C4,14.0574,12.969,Marketplace scrape,1,9
2024-01-01,20224,C4,13.3286,12.1827,Marketplace scrape,1,6
2024-02-01,20224,C4,13.3017,12.1827,Lost quote,1,9
2024-03-01,20224,C4,12.8536,12.1827,Lost quote,1,35
2024-07-01,20224,C4,12.106,11.1824,Field report,1,9
2024-09-01,20224,C4,11.6516,11.1824,Marketplace scrape,1,14
2024-10-01,20224,C4,11.6454,11.1824,Field report,1,20
2024-11-01,20224,C4,11.9121,11.1824,Marketplace scrape,1,12
2024-12-01,20224,C4,11.5423,11.1824,Distributor price list,1,33
2025-01-01,20224,C4,8.6486,8.0513,Lost quote,1,31
2025-03-01,20224,C4,8.6379,8.0513,Lost quote,0,25
2025-04-01,20224,C4,7.9651,8.0513,Field report,1,35
2025-05-01,20224,C4,8.343,8.0513,Distributor price list,1,13
2025-06-01,20224,C4,8.4056,8.0513,Marketplace scrape,1,7
2025-07-01,20224,C4,8.5525,8.0934,Distributor price list,1,32
2025-10-01,20224,C4,11.9727,11.3257,Lost quote,1,35
2025-12-01,20224,C4,11.6909,11.3257,Lost quote,1,15
2026-01-01,20224,C4,12.8919,12.3202,Distributor price list,1,16
2026-03-01,20224,C4,12.3141,12.3202,Field report,1,24
2026-04-01,20224,C4,12.96,12.3202,Marketplace scrape,1,2
2023-07-01,20224,C5,15.0858,12.969,Marketplace scrape,1,5
2023-08-01,20224,C5,15.1995,12.969,Field report,1,43
2023-09-01,20224,C5,15.6049,12.969,Distributor price list,1,17
2023-10-01,20224,C5,16.0293,12.969,Field report,1,19
2023-11-01,20224,C5,15.8833,12.969,Lost quote,1,26
2024-01-01,20224,C5,15.4172,12.1827,Lost quote,1,41
2024-02-01,20224,C5,15.4013,12.1827,Field report,1,7
2024-03-01,20224,C5,15.9551,12.1827,Lost quote,1,29
2024-05-01,20224,C5,16.1833,12.1827,Lost quote,1,42
2024-06-01,20224,C5,17.0424,12.1827,Field report,1,45
2024-07-01,20224,C5,15.0588,11.1824,Distributor price list,1,1
2024-09-01,20224,C5,15.2405,11.1824,Marketplace scrape,1,3
2024-10-01,20224,C5,15.3138,11.1824,Field report,1,24
2024-11-01,20224,C5,14.8825,11.1824,Marketplace scrape,1,10
2024-12-01,20224,C5,15.0599,11.1824,Marketplace scrape,1,34
2025-07-01,20224,C5,10.1526,8.0934,Distributor price list,1,16
2025-08-01,20224,C5,10.3273,8.0934,Marketplace scrape,1,21
2025-11-01,20224,C5,15.1462,11.3257,Field report,1,15
2025-12-01,20224,C5,15.5617,11.3257,Lost quote,1,28
2026-01-01,20224,C5,16.1571,12.3202,Marketplace scrape,1,38
2026-03-01,20224,C5,16.6524,12.3202,Lost quote,1,31
2026-04-01,20224,C5,16.9136,12.3202,Field report,1,31
2026-05-01,20224,C5,16.4977,12.3202,Marketplace scrape,1,15
2026-06-01,20224,C5,17.2517,12.3202,Field report,1,34
2023-07-01,20225,C1,77.3127,78.1093,Distributor price list,1,12
2023-12-01,20225,C1,84.5212,80.6725,Lost quote,0,34
2024-04-01,20225,C1,86.5987,85.671,Field report,0,33
2024-07-01,20225,C1,89.0727,90.5597,Lost quote,1,15
2024-08-01,20225,C1,97.4507,98.6631,Marketplace scrape,1,11
2024-09-01,20225,C1,99.1398,98.6631,Field report,1,12
2024-11-01,20225,C1,94.3738,93.3117,Field report,1,5
2024-12-01,20225,C1,90.3851,93.3117,Distributor price list,1,32
2025-02-01,20225,C1,89.748,90.7471,Lost quote,1,8
2025-03-01,20225,C1,94.2422,90.7471,Field report,1,1
2025-04-01,20225,C1,90.5804,90.7471,Lost quote,1,45
2025-05-01,20225,C1,96.1578,99.4034,Field report,1,40
2025-06-01,20225,C1,90.5044,99.4034,Distributor price list,1,8
2025-07-01,20225,C1,93.4355,99.4034,Field report,1,32
2025-08-01,20225,C1,86.9141,94.6437,Distributor price list,1,11
2025-09-01,20225,C1,88.0969,94.6437,Distributor price list,1,32
2025-10-01,20225,C1,83.9459,94.6437,Lost quote,1,11
2025-11-01,20225,C1,79.4027,89.2062,Field report,1,45
2025-12-01,20225,C1,81.8052,89.2062,Marketplace scrape,0,34
2026-01-01,20225,C1,79.3368,89.2062,Lost quote,1,7
2026-02-01,20225,C1,92.2934,102.7118,Marketplace scrape,1,31
2026-04-01,20225,C1,94.1899,102.7118,Distributor price list,1,27
2026-05-01,20225,C1,98.5585,103.2608,Marketplace scrape,0,44
2026-06-01,20225,C1,102.9911,103.2608,Lost quote,1,13
2023-07-01,20225,C2,69.2963,78.1093,Field report,1,21
2023-08-01,20225,C2,72.7744,83.5689,Field report,1,7
2023-10-01,20225,C2,73.5214,83.5689,Lost quote,1,37
2023-11-01,20225,C2,71.6533,80.6725,Marketplace scrape,1,19
2024-02-01,20225,C2,77.8227,85.671,Field report,1,33
2024-03-01,20225,C2,78.8032,85.671,Distributor price list,1,39
2024-04-01,20225,C2,75.2037,85.671,Lost quote,1,18
2024-05-01,20225,C2,80.0771,90.5597,Distributor price list,1,19
2024-06-01,20225,C2,81.4498,90.5597,Distributor price list,1,43
2024-08-01,20225,C2,85.3205,98.6631,Field report,1,2
2024-09-01,20225,C2,91.7697,98.6631,Distributor price list,1,44
2024-10-01,20225,C2,92.3736,98.6631,Field report,1,34
2024-12-01,20225,C2,88.0826,93.3117,Marketplace scrape,1,11
2025-01-01,20225,C2,86.6146,93.3117,Distributor price list,1,19
2025-03-01,20225,C2,90.273,90.7471,Lost quote,1,2
2025-04-01,20225,C2,87.3326,90.7471,Lost quote,1,40
2025-06-01,20225,C2,96.0413,99.4034,Marketplace scrape,1,43
2025-07-01,20225,C2,95.5128,99.4034,Field report,1,30
2025-10-01,20225,C2,96.5692,94.6437,Marketplace scrape,1,32
2025-11-01,20225,C2,93.8086,89.2062,Lost quote,1,19
2025-12-01,20225,C2,90.375,89.2062,Marketplace scrape,1,36
2026-01-01,20225,C2,88.1905,89.2062,Field report,1,16
2026-02-01,20225,C2,103.5756,102.7118,Marketplace scrape,1,28
2026-03-01,20225,C2,103.5976,102.7118,Marketplace scrape,1,14
2026-04-01,20225,C2,111.7203,102.7118,Distributor price list,1,30
2026-06-01,20225,C2,103.1215,103.2608,Distributor price list,1,20
2023-12-01,20225,C4,77.6782,80.6725,Distributor price list,1,16
2024-03-01,20225,C4,82.7593,85.671,Distributor price list,1,23
2024-05-01,20225,C4,84.8504,90.5597,Marketplace scrape,1,1
2024-07-01,20225,C4,83.809,90.5597,Field report,1,25
2024-08-01,20225,C4,89.2287,98.6631,Marketplace scrape,0,30
2024-09-01,20225,C4,91.7627,98.6631,Distributor price list,1,44
2024-10-01,20225,C4,90.5626,98.6631,Field report,1,19
2024-11-01,20225,C4,87.8103,93.3117,Marketplace scrape,1,36
2024-12-01,20225,C4,86.1625,93.3117,Marketplace scrape,1,29
2025-01-01,20225,C4,82.9058,93.3117,Marketplace scrape,1,24
2025-03-01,20225,C4,80.6367,90.7471,Lost quote,1,32
2025-05-01,20225,C4,87.2672,99.4034,Field report,1,21
2025-06-01,20225,C4,85.0196,99.4034,Lost quote,0,40
2025-07-01,20225,C4,89.9219,99.4034,Lost quote,1,21
2025-08-01,20225,C4,86.4514,94.6437,Lost quote,1,40
2025-09-01,20225,C4,85.6869,94.6437,Lost quote,1,19
2025-10-01,20225,C4,84.1373,94.6437,Lost quote,1,21
2025-11-01,20225,C4,83.7875,89.2062,Lost quote,1,23
2026-01-01,20225,C4,81.5167,89.2062,Field report,1,33
2026-05-01,20225,C4,93.5047,103.2608,Distributor price list,1,44
2026-06-01,20225,C4,97.514,103.2608,Distributor price list,1,35
2023-07-01,20226,C1,11.1866,12.3278,Lost quote,1,6
2023-08-01,20226,C1,11.032,12.3278,Field report,1,35
2023-12-01,20226,C1,10.018,11.2443,Field report,1,9
2024-01-01,20226,C1,10.1025,11.2443,Lost quote,1,11
2024-02-01,20226,C1,9.9948,11.2443,Marketplace scrape,1,4
2024-03-01,20226,C1,11.3263,12.6169,Marketplace scrape,1,36
2024-04-01,20226,C1,10.8078,12.6169,Field report,1,4
2024-05-01,20226,C1,11.2225,12.6169,Lost quote,1,15
2024-08-01,20226,C1,10.7071,13.0824,Distributor price list,1,6
2024-10-01,20226,C1,11.0828,13.7045,Marketplace scrape,1,27
2024-11-01,20226,C1,11.9684,13.7045,Distributor price list,1,1
2025-01-01,20226,C1,11.3647,12.9362,Field report,1,44
2025-03-01,20226,C1,10.9862,12.8872,Field report,1,22
2025-04-01,20226,C1,10.7965,12.8872,Field report,1,3
2025-05-01,20226,C1,10.6311,12.8872,Marketplace scrape,1,32
2025-06-01,20226,C1,10.9206,13.4802,Lost quote,1,15
2025-08-01,20226,C1,11.9485,13.4802,Field report,1,23
2025-09-01,20226,C1,11.9408,13.3275,Marketplace scrape,1,44
2026-05-01,20226,C1,12.8142,13.8934,Lost quote,0,6
2023-07-01,20226,C2,9.7301,12.3278,Distributor price list,1,19
2023-08-01,20226,C2,10.1174,12.3278,Lost quote,1,45
2023-11-01,20226,C2,10.138,11.9527,Distributor price list,1,40
2023-12-01,20226,C2,9.5822,11.2443,Marketplace scrape,1,17
2024-02-01,20226,C2,8.9062,11.2443,Distributor price list,1,5
2024-03-01,20226,C2,9.9533,12.6169,Marketplace scrape,1,35
2024-05-01,20226,C2,10.1151,12.6169,Marketplace scrape,1,18
2024-06-01,20226,C2,10.6167,13.0824,Distributor price list,1,43
2024-07-01,20226,C2,10.1439,13.0824,Distributor price list,1,42
2024-08-01,20226,C2,10.5076,13.0824,Field report,1,4
2024-09-01,20226,C2,10.5892,13.7045,Lost quote,1,42
2024-10-01,20226,C2,10.6802,13.7045,Marketplace scrape,1,42
2024-11-01,20226,C2,11.2582,13.7045,Marketplace scrape,1,14
2024-12-01,20226,C2,11.0821,12.9362,Marketplace scrape,1,17
2025-01-01,20226,C2,10.5789,12.9362,Distributor price list,1,1
2025-02-01,20226,C2,10.3331,12.9362,Field report,1,8
2025-04-01,20226,C2,10.9276,12.8872,Marketplace scrape,1,40
2025-05-01,20226,C2,10.6921,12.8872,Distributor price list,1,13
2025-07-01,20226,C2,10.6049,13.4802,Marketplace scrape,1,7
2025-08-01,20226,C2,10.9424,13.4802,Distributor price list,1,6
2025-10-01,20226,C2,10.1396,13.3275,Lost quote,1,29
2025-11-01,20226,C2,10.2329,13.3275,Marketplace scrape,1,7
2026-02-01,20226,C2,9.9938,12.9318,Marketplace scrape,0,30
2023-08-01,20227,C1,42.8459,39.85,Lost quote,1,19
2023-09-01,20227,C1,44.0638,39.85,Distributor price list,1,17
2023-10-01,20227,C1,40.7353,38.8957,Field report,1,9
2023-12-01,20227,C1,40.0952,38.8957,Marketplace scrape,1,4
2024-01-01,20227,C1,42.3342,41.6118,Distributor price list,1,32
2024-03-01,20227,C1,45.7171,41.6118,Distributor price list,1,32
2024-04-01,20227,C1,42.6047,39.6654,Lost quote,1,41
2024-05-01,20227,C1,42.2422,39.6654,Lost quote,1,12
2024-07-01,20227,C1,39.5011,38.3155,Distributor price list,0,13
2024-09-01,20227,C1,41.5755,38.3155,Distributor price list,1,5
2024-11-01,20227,C1,38.5769,35.5785,Marketplace scrape,0,41
2025-02-01,20227,C1,37.8332,36.2487,Distributor price list,1,3
2025-05-01,20227,C1,33.9491,33.5606,Field report,0,37
2025-06-01,20227,C1,34.0121,33.5606,Marketplace scrape,1,10
2025-07-01,20227,C1,33.3146,32.5432,Lost quote,1,38
2025-08-01,20227,C1,34.1681,32.5432,Lost quote,1,1
2025-10-01,20227,C1,34.8524,34.0243,Field report,1,44
2026-01-01,20227,C1,39.2568,37.3363,Field report,1,8
2026-02-01,20227,C1,37.5501,37.3363,Distributor price list,1,41
2026-03-01,20227,C1,37.1113,37.3363,Field report,1,31
2026-04-01,20227,C1,37.8191,38.2576,Marketplace scrape,1,25
2026-06-01,20227,C1,38.6835,38.2576,Distributor price list,1,9
2023-07-01,20227,C2,41.3495,39.85,Distributor price list,1,33
2023-08-01,20227,C2,40.9368,39.85,Lost quote,1,33
2023-10-01,20227,C2,37.8581,38.8957,Marketplace scrape,1,45
2023-11-01,20227,C2,38.0935,38.8957,Field report,1,40
2023-12-01,20227,C2,36.8818,38.8957,Lost quote,1,14
2024-02-01,20227,C2,39.9066,41.6118,Lost quote,1,23
2024-03-01,20227,C2,38.5186,41.6118,Field report,1,1
2024-06-01,20227,C2,37.9957,39.6654,Distributor price list,1,16
2024-07-01,20227,C2,37.6426,38.3155,Field report,1,45
2024-10-01,20227,C2,34.7176,35.5785,Distributor price list,0,7
2024-12-01,20227,C2,36.0883,35.5785,Lost quote,1,20
2025-03-01,20227,C2,37.5782,36.2487,Lost quote,1,27
2025-05-01,20227,C2,34.574,33.5606,Marketplace scrape,1,3
2025-06-01,20227,C2,36.9409,33.5606,Lost quote,1,32
2025-07-01,20227,C2,35.1986,32.5432,Field report,1,16
2025-08-01,20227,C2,32.4805,32.5432,Lost quote,1,36
2025-09-01,20227,C2,33.2573,32.5432,Field report,1,15
2025-10-01,20227,C2,36.6125,34.0243,Lost quote,1,14
2025-12-01,20227,C2,37.3236,34.0243,Field report,1,40
2026-03-01,20227,C2,40.575,37.3363,Lost quote,1,8
2026-04-01,20227,C2,42.7335,38.2576,Field report,1,16
2026-05-01,20227,C2,44.1919,38.2576,Field report,1,16
2023-07-01,20228,C1,45.5517,41.0873,Field report,1,39
2023-08-01,20228,C1,45.8154,41.451,Field report,1,19
2023-10-01,20228,C1,45.7261,41.451,Distributor price list,0,11
2024-02-01,20228,C1,48.9704,43.5853,Field report,1,40
2024-05-01,20228,C1,48.6416,43.5853,Field report,1,24
2024-06-01,20228,C1,49.3962,43.5853,Distributor price list,1,28
2024-07-01,20228,C1,46.2182,43.5853,Lost quote,1,11
2024-08-01,20228,C1,55.8786,49.73,Field report,1,12
2024-12-01,20228,C1,53.0275,49.73,Distributor price list,1,22
2025-01-01,20228,C1,54.9233,49.73,Marketplace scrape,1,20
2025-02-01,20228,C1,50.9075,48.9327,Distributor price list,1,43
2025-03-01,20228,C1,50.7814,48.9327,Marketplace scrape,1,17
2025-07-01,20228,C1,51.5896,48.9327,Marketplace scrape,0,19
2025-09-01,20228,C1,42.5516,41.8527,Distributor price list,1,23
2025-11-01,20228,C1,43.0481,41.8527,Distributor price list,1,16
2025-12-01,20228,C1,43.4391,41.8527,Lost quote,1,15
2026-04-01,20228,C1,39.4594,40.1353,Field report,1,44
2026-05-01,20228,C1,39.2136,40.1353,Marketplace scrape,0,18
2026-06-01,20228,C1,41.184,40.1353,Lost quote,1,36
2023-07-01,20228,C2,39.1631,41.0873,Lost quote,1,35
2023-10-01,20228,C2,41.8119,41.451,Marketplace scrape,1,38
2023-11-01,20228,C2,42.3884,41.451,Field report,0,3
2023-12-01,20228,C2,42.5976,41.451,Distributor price list,1,12
2024-01-01,20228,C2,42.0978,41.451,Lost quote,1,13
2024-02-01,20228,C2,44.1466,43.5853,Marketplace scrape,1,32
2024-03-01,20228,C2,46.3852,43.5853,Lost quote,1,7
2024-04-01,20228,C2,44.3973,43.5853,Marketplace scrape,1,16
2024-05-01,20228,C2,44.6788,43.5853,Distributor price list,1,41
2024-06-01,20228,C2,46.0804,43.5853,Field report,1,40
2024-09-01,20228,C2,51.4988,49.73,Lost quote,1,3
2025-01-01,20228,C2,52.1095,49.73,Lost quote,1,7
2025-03-01,20228,C2,51.4144,48.9327,Marketplace scrape,1,18
2025-05-01,20228,C2,50.3017,48.9327,Field report,1,19
2025-06-01,20228,C2,51.8704,48.9327,Field report,1,17
2025-07-01,20228,C2,51.2906,48.9327,Marketplace scrape,1,34
2025-08-01,20228,C2,43.4283,41.8527,Lost quote,1,10
2025-10-01,20228,C2,43.7769,41.8527,Marketplace scrape,1,9
2025-11-01,20228,C2,45.0009,41.8527,Marketplace scrape,0,8
2025-12-01,20228,C2,46.3692,41.8527,Distributor price list,1,14
2026-01-01,20228,C2,46.0164,41.8527,Lost quote,1,31
2026-03-01,20228,C2,43.361,40.1353,Distributor price list,1,11
2026-05-01,20228,C2,44.907,40.1353,Field report,1,7
2026-06-01,20228,C2,44.6556,40.1353,Distributor price list,1,5
2023-09-01,20228,C4,41.9178,41.451,Field report,1,41
2023-11-01,20228,C4,42.4978,41.451,Field report,1,21
2024-01-01,20228,C4,43.0524,41.451,Marketplace scrape,1,8
2024-07-01,20228,C4,47.7976,43.5853,Marketplace scrape,1,34
2024-09-01,20228,C4,57.0825,49.73,Lost quote,1,5
2024-10-01,20228,C4,58.8731,49.73,Lost quote,1,8
2024-12-01,20228,C4,58.7096,49.73,Field report,1,24
2025-01-01,20228,C4,57.2875,49.73,Lost quote,1,1
2025-03-01,20228,C4,61.3274,48.9327,Distributor price list,1,42
2025-04-01,20228,C4,60.8596,48.9327,Distributor price list,1,45
2025-05-01,20228,C4,59.6634,48.9327,Lost quote,1,17
2025-06-01,20228,C4,59.2773,48.9327,Marketplace scrape,1,5
2025-07-01,20228,C4,58.9525,48.9327,Marketplace scrape,1,45
2025-09-01,20228,C4,50.1132,41.8527,Field report,1,43
2025-10-01,20228,C4,49.8432,41.8527,Distributor price list,1,14
2025-12-01,20228,C4,49.1535,41.8527,Field report,1,42
2026-01-01,20228,C4,50.2803,41.8527,Distributor price list,1,2
2026-02-01,20228,C4,45.8011,40.1353,Marketplace scrape,1,31
2026-03-01,20228,C4,46.6476,40.1353,Distributor price list,1,6
2026-04-01,20228,C4,43.9944,40.1353,Field report,1,29
2026-05-01,20228,C4,44.6202,40.1353,Field report,1,33
2026-06-01,20228,C4,42.9278,40.1353,Marketplace scrape,1,2
2023-07-01,20229,C2,14.2864,17.9411,Marketplace scrape,0,15
2023-10-01,20229,C2,14.1488,18.7206,Marketplace scrape,1,12
2023-11-01,20229,C2,14.7584,18.7206,Distributor price list,1,21
2023-12-01,20229,C2,15.0034,19.8503,Distributor price list,1,16
2024-01-01,20229,C2,14.7384,19.8503,Field report,1,33
2024-02-01,20229,C2,14.3988,19.8503,Marketplace scrape,1,38
2024-03-01,20229,C2,15.4718,19.7222,Field report,1,44
2024-04-01,20229,C2,15.0768,19.7222,Lost quote,1,44
2024-07-01,20229,C2,16.7634,21.534,Marketplace scrape,1,34
2024-08-01,20229,C2,15.8299,21.534,Field report,0,27
2024-09-01,20229,C2,15.7937,21.2205,Distributor price list,1,28
2024-10-01,20229,C2,15.4215,21.2205,Distributor price list,1,38
2024-11-01,20229,C2,15.3521,21.2205,Field report,1,31
2024-12-01,20229,C2,15.0803,20.5884,Lost quote,1,32
2025-02-01,20229,C2,14.9011,20.5884,Distributor price list,1,7
2025-03-01,20229,C2,13.9951,19.5348,Marketplace scrape,1,38
2025-05-01,20229,C2,13.8943,19.5348,Distributor price list,1,9
2025-07-01,20229,C2,14.9837,20.4024,Distributor price list,0,21
2023-07-01,20229,C5,19.1057,17.9411,Marketplace scrape,1,28
2023-12-01,20229,C5,19.5,19.8503,Marketplace scrape,1,40
2024-03-01,20229,C5,19.6175,19.7222,Marketplace scrape,1,25
2024-05-01,20229,C5,18.9734,19.7222,Distributor price list,1,25
2024-06-01,20229,C5,20.1125,21.534,Lost quote,1,34
2024-07-01,20229,C5,21.1857,21.534,Field report,1,8
2024-09-01,20229,C5,19.4271,21.2205,Marketplace scrape,1,25
2024-11-01,20229,C5,19.6367,21.2205,Lost quote,1,29
2024-12-01,20229,C5,18.9846,20.5884,Field report,1,27
2025-03-01,20229,C5,17.7367,19.5348,Field report,1,13
2025-05-01,20229,C5,18.2307,19.5348,Marketplace scrape,1,7
2025-08-01,20229,C5,17.8548,20.4024,Distributor price list,0,23
2025-09-01,20229,C5,19.9895,21.7998,Lost quote,1,9
2025-10-01,20229,C5,19.9096,21.7998,Lost quote,1,21
2025-11-01,20229,C5,20.4112,21.7998,Field report,1,39
2025-12-01,20229,C5,20.4321,21.6045,Field report,1,34
2026-01-01,20229,C5,20.0274,21.6045,Distributor price list,1,4
2026-02-01,20229,C5,20.7687,21.6045,Distributor price list,1,18
2026-03-01,20229,C5,19.7116,21.3179,Field report,1,33
2026-04-01,20229,C5,19.8455,21.3179,Lost quote,1,32
2026-05-01,20229,C5,20.2256,21.3179,Lost quote,1,32
2023-08-01,20230,C2,31.6039,38.6433,Lost quote,1,39
2023-09-01,20230,C2,33.2613,38.6433,Field report,1,6
2023-10-01,20230,C2,32.6913,38.6433,Lost quote,1,1
2023-12-01,20230,C2,30.7481,38.6433,Field report,1,17
2024-02-01,20230,C2,31.7506,37.0136,Field report,1,26
2024-05-01,20230,C2,32.7177,37.0136,Lost quote,1,15
2024-06-01,20230,C2,32.8217,37.0136,Lost quote,1,19
2024-07-01,20230,C2,32.4255,37.0136,Distributor price list,1,6
2024-08-01,20230,C2,34.4693,39.653,Lost quote,1,8
2024-09-01,20230,C2,34.9074,39.653,Distributor price list,0,28
2024-10-01,20230,C2,34.6289,39.653,Field report,1,15
2024-11-01,20230,C2,35.7211,39.653,Field report,1,28
2024-12-01,20230,C2,36.9511,39.653,Field report,1,14
2025-01-01,20230,C2,37.8001,39.653,Distributor price list,1,43
2025-02-01,20230,C2,34.8892,37.1908,Field report,1,35
2025-03-01,20230,C2,35.0313,37.1908,Lost quote,1,24
2025-06-01,20230,C2,33.1962,37.1908,Lost quote,1,1
2025-07-01,20230,C2,34.4727,37.1908,Distributor price list,1,36
2025-08-01,20230,C2,39.7854,41.5532,Distributor price list,1,9
2025-10-01,20230,C2,36.6429,41.5532,Marketplace scrape,0,32
2025-11-01,20230,C2,38.9805,41.5532,Lost quote,1,24
2026-03-01,20230,C2,39.0266,42.2426,Lost quote,1,20
2026-04-01,20230,C2,37.8586,42.2426,Lost quote,1,27
2026-06-01,20230,C2,39.4132,42.2426,Distributor price list,1,12
2023-07-01,20231,C1,41.6032,44.5225,Lost quote,1,32
2023-08-01,20231,C1,40.8819,44.5225,Distributor price list,1,27
2023-12-01,20231,C1,41.1524,44.5225,Distributor price list,1,41
2024-01-01,20231,C1,40.2242,44.5225,Field report,1,4
2024-07-01,20231,C1,39.6904,44.5225,Field report,1,42
2024-08-01,20231,C1,41.1232,44.5225,Lost quote,1,38
2024-09-01,20231,C1,40.6858,44.5225,Distributor price list,1,36
2024-10-01,20231,C1,39.6538,44.5225,Field report,1,29
2024-11-01,20231,C1,40.4432,44.5225,Field report,1,3
2025-02-01,20231,C1,39.7855,44.5225,Field report,1,38
2025-05-01,20231,C1,41.7147,44.5225,Lost quote,0,22
2025-06-01,20231,C1,42.3085,44.5225,Marketplace scrape,1,27
2025-07-01,20231,C1,42.8843,44.5225,Marketplace scrape,1,7
2025-08-01,20231,C1,44.3675,44.5225,Field report,0,38
2025-09-01,20231,C1,43.582,44.5225,Field report,1,4
2025-11-01,20231,C1,44.1752,44.5225,Distributor price list,1,5
2025-12-01,20231,C1,46.6607,44.5225,Distributor price list,1,40
2026-02-01,20231,C1,44.3514,44.5225,Lost quote,1,45
2026-03-01,20231,C1,44.6497,44.5225,Marketplace scrape,1,21
2026-04-01,20231,C1,45.519,44.5225,Field report,1,37
2026-05-01,20231,C1,44.3391,44.5225,Lost quote,1,29
2026-06-01,20231,C1,45.0043,44.5225,Marketplace scrape,1,9
2023-08-01,20232,C1,52.2766,47.5107,Field report,1,42
2023-11-01,20232,C1,51.1514,47.2693,Distributor price list,1,40
2024-01-01,20232,C1,52.0443,47.2693,Marketplace scrape,1,12
2024-03-01,20232,C1,50.0109,44.485,Distributor price list,1,29
2024-04-01,20232,C1,52.6494,44.485,Lost quote,1,9
2024-05-01,20232,C1,48.7165,43.3853,Field report,1,12
2024-06-01,20232,C1,49.2261,43.3853,Distributor price list,1,30
2024-07-01,20232,C1,48.3863,43.3853,Field report,1,11
2024-08-01,20232,C1,44.7773,41.0741,Marketplace scrape,1,7
2024-09-01,20232,C1,45.0357,41.0741,Distributor price list,1,29
2024-10-01,20232,C1,43.2494,41.0741,Distributor price list,1,2
2024-12-01,20232,C1,41.9663,39.321,Lost quote,1,31
2025-02-01,20232,C1,41.3596,39.7058,Distributor price list,1,23
2025-04-01,20232,C1,39.5324,39.7058,Field report,1,21
2025-07-01,20232,C1,40.1793,39.3195,Lost quote,1,29
2025-08-01,20232,C1,43.6235,41.5558,Marketplace scrape,1,19
2025-09-01,20232,C1,43.092,41.5558,Marketplace scrape,1,26
2025-12-01,20232,C1,44.8184,40.3495,Marketplace scrape,1,17
2026-02-01,20232,C1,40.7617,37.04,Field report,1,36
2026-03-01,20232,C1,40.6493,37.04,Marketplace scrape,1,2
2026-05-01,20232,C1,38.5409,35.6952,Distributor price list,1,6
2023-09-01,20232,C2,46.2743,47.5107,Lost quote,1,28
2023-10-01,20232,C2,45.6468,47.5107,Lost quote,1,29
2023-11-01,20232,C2,47.524,47.2693,Lost quote,1,3
2024-02-01,20232,C2,44.4865,44.485,Field report,1,32
2024-03-01,20232,C2,45.302,44.485,Field report,1,8
2024-06-01,20232,C2,43.3828,43.3853,Lost quote,1,45
2024-07-01,20232,C2,44.9389,43.3853,Marketplace scrape,1,19
2024-08-01,20232,C2,40.8646,41.0741,Marketplace scrape,1,26
2024-10-01,20232,C2,42.0951,41.0741,Lost quote,1,32
2024-12-01,20232,C2,38.8878,39.321,Lost quote,1,12
2025-01-01,20232,C2,41.514,39.321,Marketplace scrape,0,30
2025-03-01,20232,C2,41.9354,39.7058,Distributor price list,1,19
2025-04-01,20232,C2,40.2644,39.7058,Field report,1,13
2025-10-01,20232,C2,39.682,41.5558,Lost quote,1,19
2026-01-01,20232,C2,38.8306,40.3495,Distributor price list,1,28
2026-02-01,20232,C2,36.9591,37.04,Distributor price list,1,35
2026-03-01,20232,C2,38.3045,37.04,Field report,1,24
2026-05-01,20232,C2,36.8001,35.6952,Lost quote,1,40
2026-06-01,20232,C2,35.9869,35.6952,Marketplace scrape,1,2
2023-11-01,20232,C4,50.8154,47.2693,Marketplace scrape,1,43
2024-03-01,20232,C4,46.1515,44.485,Marketplace scrape,1,19
2024-08-01,20232,C4,43.3496,41.0741,Field report,1,45
2024-10-01,20232,C4,42.4854,41.0741,Marketplace scrape,1,43
2024-11-01,20232,C4,41.9184,39.321,Lost quote,1,45
2024-12-01,20232,C4,43.0036,39.321,Distributor price list,1,40
2025-02-01,20232,C4,41.2076,39.7058,Distributor price list,1,40
2025-05-01,20232,C4,43.2679,39.3195,Lost quote,1,5
2025-06-01,20232,C4,40.9587,39.3195,Distributor price list,1,40
2025-10-01,20232,C4,42.7395,41.5558,Distributor price list,1,23
2025-12-01,20232,C4,42.5477,40.3495,Field report,1,17
2026-01-01,20232,C4,42.7772,40.3495,Lost quote,1,23
2026-02-01,20232,C4,39.444,37.04,Distributor price list,1,17
2026-04-01,20232,C4,41.3759,37.04,Distributor price list,1,25
2026-06-01,20232,C4,40.4975,35.6952,Marketplace scrape,1,25
2023-07-01,20233,C1,60.961,53.8505,Field report,1,31
2023-09-01,20233,C1,61.2461,53.8505,Field report,1,28
2023-12-01,20233,C1,62.3701,53.8505,Field report,1,32
2024-01-01,20233,C1,61.575,53.8505,Field report,1,40
2024-03-01,20233,C1,63.1283,53.8505,Lost quote,1,15
2024-05-01,20233,C1,61.001,53.8505,Distributor price list,1,33
2024-06-01,20233,C1,64.1978,53.8505,Lost quote,1,36
2024-07-01,20233,C1,65.0945,53.8505,Marketplace scrape,1,30
2024-08-01,20233,C1,63.2395,53.8505,Marketplace scrape,0,41
2024-09-01,20233,C1,66.3802,53.8505,Marketplace scrape,1,40
2024-10-01,20233,C1,67.9838,53.8505,Field report,1,28
2024-12-01,20233,C1,65.9894,53.8505,Distributor price list,1,34
2025-01-01,20233,C1,69.6381,53.8505,Field report,1,41
2025-02-01,20233,C1,69.5002,53.8505,Lost quote,1,6
2025-03-01,20233,C1,70.717,53.8505,Marketplace scrape,1,2
2025-04-01,20233,C1,66.6899,53.8505,Lost quote,1,32
2025-05-01,20233,C1,66.026,53.8505,Lost quote,1,24
2025-08-01,20233,C1,66.614,53.8505,Distributor price list,0,32
2025-09-01,20233,C1,63.5296,53.8505,Lost quote,1,12
2025-10-01,20233,C1,65.4196,53.8505,Distributor price list,1,2
2025-11-01,20233,C1,63.5545,53.8505,Distributor price list,1,3
2026-04-01,20233,C1,63.1854,53.8505,Distributor price list,1,40
2026-05-01,20233,C1,65.1911,53.8505,Marketplace scrape,1,31
2023-08-01,20233,C2,57.3342,53.8505,Marketplace scrape,1,5
2023-09-01,20233,C2,59.664,53.8505,Lost quote,1,22
2023-10-01,20233,C2,57.4344,53.8505,Marketplace scrape,1,3
2023-11-01,20233,C2,56.9963,53.8505,Distributor price list,1,2
2023-12-01,20233,C2,57.2914,53.8505,Marketplace scrape,1,1
2024-02-01,20233,C2,56.5807,53.8505,Lost quote,1,19
2024-04-01,20233,C2,58.313,53.8505,Marketplace scrape,1,45
2024-05-01,20233,C2,57.6048,53.8505,Marketplace scrape,1,3
2024-07-01,20233,C2,56.1631,53.8505,Field report,1,11
2024-08-01,20233,C2,54.961,53.8505,Lost quote,1,21
2024-09-01,20233,C2,52.7036,53.8505,Marketplace scrape,1,9
2024-10-01,20233,C2,52.0982,53.8505,Marketplace scrape,1,27
2024-12-01,20233,C2,52.1017,53.8505,Distributor price list,1,30
2025-01-01,20233,C2,54.175,53.8505,Lost quote,1,1
2025-02-01,20233,C2,52.7633,53.8505,Field report,1,10
2025-04-01,20233,C2,55.1465,53.8505,Field report,1,30
2025-05-01,20233,C2,56.4316,53.8505,Distributor price list,1,38
2025-07-01,20233,C2,53.3914,53.8505,Lost quote,0,36
2025-08-01,20233,C2,55.0738,53.8505,Distributor price list,1,38
2025-09-01,20233,C2,54.8096,53.8505,Lost quote,1,19
2025-10-01,20233,C2,54.5849,53.8505,Field report,1,29
2025-12-01,20233,C2,54.4337,53.8505,Lost quote,1,24
2026-01-01,20233,C2,55.8317,53.8505,Field report,1,13
2026-02-01,20233,C2,56.6968,53.8505,Marketplace scrape,1,33
2026-03-01,20233,C2,56.152,53.8505,Lost quote,1,40
2026-04-01,20233,C2,58.6399,53.8505,Distributor price list,1,14
2026-05-01,20233,C2,56.2749,53.8505,Field report,1,26
2026-06-01,20233,C2,58.6308,53.8505,Distributor price list,1,42
2023-08-01,20233,C3,66.0213,53.8505,Marketplace scrape,0,15
2023-09-01,20233,C3,65.8713,53.8505,Marketplace scrape,1,23
2023-12-01,20233,C3,69.3691,53.8505,Marketplace scrape,1,26
2024-01-01,20233,C3,72.6255,53.8505,Marketplace scrape,1,27
2024-04-01,20233,C3,69.9054,53.8505,Marketplace scrape,1,30
2024-05-01,20233,C3,72.968,53.8505,Marketplace scrape,1,10
2024-07-01,20233,C3,69.9864,53.8505,Field report,1,30
2024-08-01,20233,C3,69.2918,53.8505,Lost quote,1,5
2024-12-01,20233,C3,70.5936,53.8505,Distributor price list,1,9
2025-02-01,20233,C3,67.8058,53.8505,Lost quote,1,16
2025-03-01,20233,C3,70.7673,53.8505,Distributor price list,1,16
2025-04-01,20233,C3,67.4562,53.8505,Distributor price list,1,29
2025-08-01,20233,C3,74.2123,53.8505,Distributor price list,1,14
2025-09-01,20233,C3,70.4404,53.8505,Marketplace scrape,1,31
2025-10-01,20233,C3,73.1592,53.8505,Distributor price list,1,7
2025-11-01,20233,C3,70.1174,53.8505,Lost quote,1,6
2026-01-01,20233,C3,72.1146,53.8505,Marketplace scrape,1,34
2026-03-01,20233,C3,75.7606,53.8505,Field report,0,34
2026-04-01,20233,C3,74.2365,53.8505,Lost quote,1,14
2026-05-01,20233,C3,76.6561,53.8505,Field report,1,27
2023-08-01,20234,C1,33.2739,32.5008,Marketplace scrape,0,17
2023-09-01,20234,C1,31.5762,32.5008,Marketplace scrape,1,43
2023-11-01,20234,C1,32.8288,33.6385,Marketplace scrape,1,14
2024-01-01,20234,C1,31.2244,33.6385,Lost quote,1,32
2024-03-01,20234,C1,31.6597,35.748,Field report,1,11
2024-06-01,20234,C1,33.2188,34.4102,Distributor price list,1,14
2024-07-01,20234,C1,31.0915,34.4102,Distributor price list,0,18
2024-08-01,20234,C1,30.5103,32.8205,Field report,1,16
2024-10-01,20234,C1,29.4764,32.8205,Distributor price list,1,26
2024-12-01,20234,C1,28.8042,33.0581,Distributor price list,1,41
2025-01-01,20234,C1,28.2096,33.0581,Lost quote,1,3
2025-04-01,20234,C1,30.0213,33.9429,Marketplace scrape,1,19
2025-05-01,20234,C1,28.9117,33.5835,Distributor price list,0,8
2025-09-01,20234,C1,29.1575,33.6042,Field report,1,10
2025-11-01,20234,C1,30.9731,36.2508,Field report,1,22
2025-12-01,20234,C1,29.7028,36.2508,Lost quote,0,31
2026-01-01,20234,C1,29.7326,36.2508,Field report,1,9
2026-04-01,20234,C1,31.7409,38.9209,Lost quote,1,35
2026-05-01,20234,C1,28.3358,35.4738,Field report,1,4
2023-07-01,20234,C2,33.0524,36.9312,Lost quote,1,9
2023-08-01,20234,C2,28.9027,32.5008,Distributor price list,1,38
2023-10-01,20234,C2,29.2941,32.5008,Marketplace scrape,0,32
2024-01-01,20234,C2,32.402,33.6385,Marketplace scrape,1,44
2024-02-01,20234,C2,33.1556,35.748,Lost quote,1,18
2024-03-01,20234,C2,33.7151,35.748,Field report,1,7
2024-05-01,20234,C2,30.3422,34.4102,Marketplace scrape,1,40
2024-06-01,20234,C2,29.3232,34.4102,Field report,1,39
2024-08-01,20234,C2,29.2907,32.8205,Field report,1,45
2024-10-01,20234,C2,28.3783,32.8205,Marketplace scrape,1,44
2024-11-01,20234,C2,29.4754,33.0581,Lost quote,1,8
2025-03-01,20234,C2,29.3055,33.9429,Field report,1,35
2025-07-01,20234,C2,28.5351,33.5835,Lost quote,1,17
2025-08-01,20234,C2,30.1021,33.6042,Marketplace scrape,1,10
2025-11-01,20234,C2,32.0747,36.2508,Marketplace scrape,1,11
2026-03-01,20234,C2,36.4183,38.9209,Distributor price list,1,43
2026-04-01,20234,C2,36.6752,38.9209,Distributor price list,1,29
2026-06-01,20234,C2,34.6237,35.4738,Marketplace scrape,1,23
2023-07-01,20234,C3,41.1358,36.9312,Marketplace scrape,1,30
2023-08-01,20234,C3,36.6268,32.5008,Marketplace scrape,1,22
2023-09-01,20234,C3,35.8774,32.5008,Marketplace scrape,1,29
2023-10-01,20234,C3,35.1574,32.5008,Distributor price list,1,4
2023-11-01,20234,C3,35.8177,33.6385,Marketplace scrape,1,35
2023-12-01,20234,C3,38.2728,33.6385,Marketplace scrape,1,27
2024-01-01,20234,C3,37.6147,33.6385,Lost quote,1,7
2024-03-01,20234,C3,40.0193,35.748,Marketplace scrape,1,39
2024-04-01,20234,C3,38.5269,35.748,Lost quote,1,15
2024-05-01,20234,C3,37.3098,34.4102,Field report,1,16
2024-06-01,20234,C3,36.4265,34.4102,Distributor price list,1,13
2024-08-01,20234,C3,33.1398,32.8205,Marketplace scrape,1,28
2024-10-01,20234,C3,33.1038,32.8205,Field report,1,30
2024-12-01,20234,C3,33.9263,33.0581,Distributor price list,1,10
2025-01-01,20234,C3,35.8137,33.0581,Distributor price list,1,2
2025-02-01,20234,C3,35.4688,33.9429,Field report,1,15
2025-03-01,20234,C3,36.4,33.9429,Marketplace scrape,1,7
2025-04-01,20234,C3,36.5729,33.9429,Lost quote,1,1
2025-07-01,20234,C3,39.8574,33.5835,Distributor price list,1,38
2025-09-01,20234,C3,39.9134,33.6042,Field report,1,21
2025-10-01,20234,C3,38.6438,33.6042,Field report,1,32
2025-11-01,20234,C3,42.1458,36.2508,Distributor price list,1,5
2025-12-01,20234,C3,43.7773,36.2508,Field report,1,45
2026-01-01,20234,C3,43.1161,36.2508,Marketplace scrape,0,14
2026-02-01,20234,C3,46.8345,38.9209,Field report,1,37
2026-03-01,20234,C3,47.933,38.9209,Field report,1,28
2023-09-01,20235,C1,65.4572,64.3268,Field report,1,3
2023-10-01,20235,C1,70.1422,66.6839,Marketplace scrape,1,3
2023-11-01,20235,C1,66.7296,66.6839,Lost quote,1,40
2023-12-01,20235,C1,71.3429,66.6839,Marketplace scrape,1,30
2024-01-01,20235,C1,69.6159,68.2424,Field report,1,29
2024-02-01,20235,C1,70.7029,68.2424,Lost quote,1,26
2024-03-01,20235,C1,71.4803,68.2424,Distributor price list,1,33
2024-07-01,20235,C1,81.6642,78.502,Lost quote,0,3
2024-08-01,20235,C1,80.5224,78.502,Marketplace scrape,1,16
2024-10-01,20235,C1,80.0229,75.9276,Distributor price list,1,22
2024-11-01,20235,C1,80.4478,75.9276,Field report,1,13
2024-12-01,20235,C1,79.3534,75.9276,Lost quote,1,9
2025-04-01,20235,C1,80.1721,74.1877,Lost quote,1,19
2025-07-01,20235,C1,78.7019,69.8472,Field report,0,12
2025-08-01,20235,C1,78.97,69.8472,Field report,1,27
2026-01-01,20235,C1,80.6771,70.3977,Marketplace scrape,1,33
2026-03-01,20235,C1,80.3851,70.3977,Field report,1,42
2026-04-01,20235,C1,74.3078,67.4618,Distributor price list,1,36
2026-05-01,20235,C1,73.2814,67.4618,Distributor price list,1,38
2026-06-01,20235,C1,73.9777,67.4618,Field report,0,25
2023-07-01,20235,C4,64.6545,64.3268,Distributor price list,1,45
2023-10-01,20235,C4,68.7544,66.6839,Distributor price list,1,42
2024-01-01,20235,C4,73.115,68.2424,Marketplace scrape,0,17
2024-02-01,20235,C4,72.8626,68.2424,Marketplace scrape,1,2
2024-03-01,20235,C4,74.4492,68.2424,Lost quote,1,1
2024-04-01,20235,C4,74.7057,72.1526,Marketplace scrape,1,19
2024-07-01,20235,C4,78.0119,78.502,Lost quote,1,16
2024-09-01,20235,C4,81.1117,78.502,Marketplace scrape,1,1
2024-11-01,20235,C4,75.4325,75.9276,Distributor price list,1,16
2024-12-01,20235,C4,78.7927,75.9276,Distributor price list,0,42
2025-02-01,20235,C4,80.0853,80.7092,Marketplace scrape,1,32
2025-04-01,20235,C4,77.59,74.1877,Distributor price list,1,28
2025-05-01,20235,C4,76.9691,74.1877,Distributor price list,1,8
2025-07-01,20235,C4,73.4744,69.8472,Lost quote,1,14
2025-08-01,20235,C4,75.8517,69.8472,Field report,1,15
2025-10-01,20235,C4,75.0245,69.4759,Distributor price list,1,30
2026-01-01,20235,C4,73.5098,70.3977,Field report,1,38
2026-02-01,20235,C4,73.25,70.3977,Field report,0,13
2026-05-01,20235,C4,64.9647,67.4618,Distributor price list,1,10
2026-06-01,20235,C4,66.3689,67.4618,Lost quote,1,3
2023-08-01,20236,C2,47.7991,52.1676,Marketplace scrape,1,19
2023-09-01,20236,C2,49.2173,52.1676,Marketplace scrape,1,37
2023-12-01,20236,C2,48.3703,50.978,Lost quote,0,41
2024-01-01,20236,C2,47.7108,50.978,Field report,1,8
2024-02-01,20236,C2,42.5116,45.3794,Marketplace scrape,1,21
2024-03-01,20236,C2,41.5631,45.3794,Distributor price list,1,3
2024-05-01,20236,C2,41.3906,44.4866,Lost quote,0,1
2024-06-01,20236,C2,40.6378,44.4866,Lost quote,1,39
2024-08-01,20236,C2,37.5393,42.1954,Distributor price list,1,13
2024-09-01,20236,C2,37.8098,42.1954,Distributor price list,1,26
2024-11-01,20236,C2,38.0794,42.7361,Distributor price list,1,40
2025-02-01,20236,C2,41.058,43.9429,Lost quote,1,30
2025-04-01,20236,C2,41.0024,43.9429,Lost quote,0,35
2025-05-01,20236,C2,41.1578,44.7815,Lost quote,1,17
2025-07-01,20236,C2,40.791,44.7815,Distributor price list,1,45
2025-10-01,20236,C2,45.6592,49.3404,Distributor price list,1,14
2026-02-01,20236,C2,45.6457,45.1833,Field report,1,38
2026-03-01,20236,C2,44.8896,45.1833,Marketplace scrape,1,27
2026-04-01,20236,C2,44.9657,45.1833,Distributor price list,1,13
2026-05-01,20236,C2,39.8927,40.6558,Lost quote,1,4
2026-06-01,20236,C2,41.537,40.6558,Lost quote,0,43
2023-07-01,20236,C3,56.6415,49.9862,Field report,1,22
2023-11-01,20236,C3,58.6734,50.978,Distributor price list,1,33
2023-12-01,20236,C3,59.7381,50.978,Distributor price list,1,39
2024-01-01,20236,C3,60.6868,50.978,Lost quote,0,20
2024-02-01,20236,C3,53.5228,45.3794,Lost quote,1,22
2024-04-01,20236,C3,52.5568,45.3794,Marketplace scrape,1,1
2024-05-01,20236,C3,54.482,44.4866,Distributor price list,0,37
2024-07-01,20236,C3,52.7375,44.4866,Distributor price list,1,42
2024-08-01,20236,C3,49.599,42.1954,Lost quote,1,24
2024-09-01,20236,C3,50.7014,42.1954,Distributor price list,1,12
2024-10-01,20236,C3,51.1764,42.1954,Lost quote,1,34
2024-11-01,20236,C3,51.3596,42.7361,Distributor price list,1,16
2024-12-01,20236,C3,52.4453,42.7361,Distributor price list,1,41
2025-02-01,20236,C3,59.1703,43.9429,Lost quote,1,33
2025-04-01,20236,C3,60.2074,43.9429,Marketplace scrape,1,24
2025-06-01,20236,C3,67.6143,44.7815,Field report,1,39
2025-10-01,20236,C3,75.9628,49.3404,Lost quote,1,23
2025-12-01,20236,C3,74.2592,48.7587,Lost quote,1,19
2026-02-01,20236,C3,70.4621,45.1833,Marketplace scrape,0,9
2026-03-01,20236,C3,70.1543,45.1833,Distributor price list,1,37
2026-04-01,20236,C3,66.801,45.1833,Lost quote,1,14
2026-05-01,20236,C3,61.3288,40.6558,Lost quote,0,31
2023-08-01,20236,C5,62.7864,52.1676,Marketplace scrape,1,2
2023-09-01,20236,C5,62.9965,52.1676,Distributor price list,1,32
2023-12-01,20236,C5,61.4022,50.978,Lost quote,1,31
2024-01-01,20236,C5,61.2232,50.978,Distributor price list,1,1
2024-02-01,20236,C5,54.0231,45.3794,Lost quote,1,2
2024-03-01,20236,C5,55.4354,45.3794,Field report,1,20
2024-04-01,20236,C5,54.588,45.3794,Marketplace scrape,1,22
2024-05-01,20236,C5,51.5537,44.4866,Field report,1,40
2024-07-01,20236,C5,51.8973,44.4866,Marketplace scrape,1,11
2024-10-01,20236,C5,51.5559,42.1954,Field report,1,12
2024-12-01,20236,C5,50.5666,42.7361,Lost quote,1,18
2025-02-01,20236,C5,50.6145,43.9429,Distributor price list,1,34
2025-04-01,20236,C5,52.8028,43.9429,Lost quote,1,25
2025-05-01,20236,C5,51.0478,44.7815,Field report,1,17
2025-06-01,20236,C5,52.0199,44.7815,Marketplace scrape,1,45
2025-07-01,20236,C5,49.8354,44.7815,Field report,1,29
2025-08-01,20236,C5,56.5893,49.3404,Lost quote,1,6
2025-11-01,20236,C5,52.8236,48.7587,Marketplace scrape,1,21
2025-12-01,20236,C5,55.1394,48.7587,Lost quote,1,18
2026-01-01,20236,C5,50.8878,48.7587,Field report,1,15
2026-04-01,20236,C5,45.2033,45.1833,Marketplace scrape,1,29
2026-05-01,20236,C5,41.1979,40.6558,Distributor price list,1,8
2026-06-01,20236,C5,40.516,40.6558,Field report,1,24
2023-07-01,20237,C2,71.215,80.4222,Field report,1,14
2023-08-01,20237,C2,71.0518,80.4222,Lost quote,1,27
2023-10-01,20237,C2,69.679,81.873,Marketplace scrape,1,36
2023-11-01,20237,C2,70.1958,81.873,Field report,1,11
2023-12-01,20237,C2,69.3555,77.9393,Field report,1,11
2024-01-01,20237,C2,69.2052,77.9393,Lost quote,0,40
2024-02-01,20237,C2,70.1817,77.9393,Marketplace scrape,0,23
2024-05-01,20237,C2,64.3087,72.0624,Marketplace scrape,1,22
2024-08-01,20237,C2,61.3083,66.567,Field report,1,16
2024-10-01,20237,C2,59.7712,63.7355,Lost quote,1,11
2024-11-01,20237,C2,57.8421,63.7355,Field report,1,28
2024-12-01,20237,C2,61.841,66.1511,Distributor price list,1,8
2025-03-01,20237,C2,53.9029,61.421,Distributor price list,1,6
2025-05-01,20237,C2,54.9386,61.421,Field report,1,36
2025-06-01,20237,C2,57.5747,61.373,Marketplace scrape,1,13
2025-09-01,20237,C2,51.8171,57.0453,Distributor price list,1,33
2025-10-01,20237,C2,51.8151,57.0453,Marketplace scrape,1,42
2025-12-01,20237,C2,50.4155,55.1775,Lost quote,1,38
2026-02-01,20237,C2,49.2457,55.1775,Field report,1,34
2026-03-01,20237,C2,46.4316,51.1638,Marketplace scrape,1,19
2026-04-01,20237,C2,44.5915,51.1638,Field report,1,2
2026-05-01,20237,C2,47.1306,51.1638,Distributor price list,1,11
2023-07-01,20237,C3,83.967,80.4222,Marketplace scrape,1,2
2023-08-01,20237,C3,85.7783,80.4222,Distributor price list,1,34
2023-09-01,20237,C3,82.6566,81.873,Marketplace scrape,1,1
2023-10-01,20237,C3,84.0344,81.873,Distributor price list,1,10
2024-02-01,20237,C3,77.5174,77.9393,Lost quote,1,36
2024-03-01,20237,C3,71.5656,72.0624,Distributor price list,1,15
2024-06-01,20237,C3,63.9161,66.567,Marketplace scrape,1,38
2024-07-01,20237,C3,61.3984,66.567,Field report,1,41
2024-09-01,20237,C3,60.1638,63.7355,Field report,0,16
2024-10-01,20237,C3,61.86,63.7355,Lost quote,1,30
2025-01-01,20237,C3,61.3349,66.1511,Lost quote,1,34
2025-02-01,20237,C3,60.5881,66.1511,Lost quote,1,16
2025-04-01,20237,C3,56.9865,61.421,Distributor price list,1,21
2025-05-01,20237,C3,57.9367,61.421,Distributor price list,1,23
2025-06-01,20237,C3,57.8316,61.373,Distributor price list,0,17
2025-08-01,20237,C3,59.4771,61.373,Distributor price list,1,12
2025-09-01,20237,C3,53.8194,57.0453,Lost quote,1,14
2025-11-01,20237,C3,52.986,57.0453,Distributor price list,1,43
2026-01-01,20237,C3,49.9809,55.1775,Marketplace scrape,1,12
2026-05-01,20237,C3,45.6489,51.1638,Distributor price list,1,41
2026-06-01,20237,C3,45.4464,50.0799,Field report,1,41
2023-07-01,20237,C4,72.0986,80.4222,Marketplace scrape,1,26
2023-08-01,20237,C4,73.6782,80.4222,Marketplace scrape,1,43
2023-09-01,20237,C4,76.146,81.873,Marketplace scrape,1,45
2023-10-01,20237,C4,75.8511,81.873,Lost quote,1,5
2023-11-01,20237,C4,78.825,81.873,Field report,1,16
2023-12-01,20237,C4,79.4554,77.9393,Distributor price list,1,40
2024-01-01,20237,C4,79.8262,77.9393,Distributor price list,1,36
2024-04-01,20237,C4,73.5664,72.0624,Field report,1,40
2024-05-01,20237,C4,70.5047,72.0624,Field report,1,8
2024-07-01,20237,C4,68.0895,66.567,Distributor price list,0,6
2024-08-01,20237,C4,70.1293,66.567,Lost quote,1,31
2024-09-01,20237,C4,64.9435,63.7355,Marketplace scrape,1,39
2024-10-01,20237,C4,64.8759,63.7355,Field report,1,6
2024-11-01,20237,C4,65.4742,63.7355,Field report,1,8
2024-12-01,20237,C4,68.4394,66.1511,Marketplace scrape,1,7
2025-01-01,20237,C4,71.0047,66.1511,Marketplace scrape,1,10
2025-02-01,20237,C4,71.6975,66.1511,Distributor price list,1,4
2025-03-01,20237,C4,66.5396,61.421,Marketplace scrape,0,4
2025-04-01,20237,C4,68.1202,61.421,Marketplace scrape,1,13
2025-05-01,20237,C4,65.1142,61.421,Field report,1,9
2025-06-01,20237,C4,63.0958,61.373,Field report,1,8
2025-07-01,20237,C4,62.5081,61.373,Field report,1,20
2026-02-01,20237,C4,57.3252,55.1775,Distributor price list,1,22
2026-03-01,20237,C4,54.7286,51.1638,Distributor price list,1,43
2026-04-01,20237,C4,55.9482,51.1638,Field report,1,33
2026-05-01,20237,C4,54.3693,51.1638,Marketplace scrape,1,11
2026-06-01,20237,C4,52.4299,50.0799,Field report,1,20
2023-07-01,20238,C1,14.2923,14.383,Marketplace scrape,1,35
2023-09-01,20238,C1,13.8963,14.383,Lost quote,1,28
2023-10-01,20238,C1,14.2669,14.383,Marketplace scrape,1,14
2023-11-01,20238,C1,14.0599,14.383,Marketplace scrape,1,23
2023-12-01,20238,C1,14.8532,14.383,Lost quote,1,28
2024-03-01,20238,C1,14.8118,14.3487,Marketplace scrape,1,37
2024-04-01,20238,C1,14.7466,14.3487,Field report,1,10
2024-05-01,20238,C1,14.7307,14.3487,Marketplace scrape,1,35
2024-08-01,20238,C1,14.9175,13.9566,Marketplace scrape,0,1
2024-09-01,20238,C1,14.0266,13.9566,Distributor price list,1,5
2024-11-01,20238,C1,14.3958,13.9566,Marketplace scrape,1,44
2024-12-01,20238,C1,14.446,13.9566,Lost quote,1,26
2025-01-01,20238,C1,14.4785,13.945,Marketplace scrape,1,15
2025-02-01,20238,C1,15.2135,13.945,Marketplace scrape,1,17
2025-03-01,20238,C1,15.0903,13.945,Field report,1,7
2025-04-01,20238,C1,15.7513,13.945,Distributor price list,0,18
2025-07-01,20238,C1,16.6497,14.7709,Field report,1,8
2025-09-01,20238,C1,16.8093,14.7709,Distributor price list,0,38
2025-10-01,20238,C1,16.3226,14.7709,Marketplace scrape,1,8
2025-11-01,20238,C1,16.6138,14.7709,Marketplace scrape,1,29
2025-12-01,20238,C1,15.3689,14.7709,Lost quote,1,37
2026-01-01,20238,C1,15.7062,14.7492,Marketplace scrape,1,29
2026-02-01,20238,C1,16.1358,14.7492,Lost quote,1,27
2026-03-01,20238,C1,17.4643,14.7492,Distributor price list,1,41
2026-05-01,20238,C1,16.967,14.7492,Marketplace scrape,1,5
2023-10-01,20238,C2,12.8154,14.383,Lost quote,1,41
2023-12-01,20238,C2,13.0723,14.383,Marketplace scrape,1,31
2024-02-01,20238,C2,12.8842,14.3487,Field report,0,1
2024-03-01,20238,C2,12.9052,14.3487,Field report,1,32
2024-04-01,20238,C2,12.6983,14.3487,Lost quote,1,7
2024-06-01,20238,C2,12.9476,14.3487,Distributor price list,1,13
2024-07-01,20238,C2,12.6277,13.9566,Distributor price list,1,3
2024-08-01,20238,C2,12.1353,13.9566,Distributor price list,1,2
2024-09-01,20238,C2,12.7538,13.9566,Marketplace scrape,1,40
2024-12-01,20238,C2,12.8086,13.9566,Field report,1,14
2025-01-01,20238,C2,13.213,13.945,Field report,0,25
2025-02-01,20238,C2,12.4581,13.945,Lost quote,1,17
2025-05-01,20238,C2,12.652,13.945,Distributor price list,1,25
2025-06-01,20238,C2,12.1688,13.945,Marketplace scrape,1,41
2025-07-01,20238,C2,12.7689,14.7709,Field report,1,28
2025-08-01,20238,C2,13.1453,14.7709,Distributor price list,1,20
2025-09-01,20238,C2,12.8573,14.7709,Marketplace scrape,1,18
2025-11-01,20238,C2,12.4461,14.7709,Field report,1,13
2025-12-01,20238,C2,12.8892,14.7709,Marketplace scrape,1,2
2026-02-01,20238,C2,13.3334,14.7492,Marketplace scrape,1,41
2026-04-01,20238,C2,13.014,14.7492,Marketplace scrape,1,41
2026-06-01,20238,C2,12.654,14.7492,Distributor price list,1,20
2023-07-01,20238,C3,16.7521,14.383,Field report,1,28
2023-08-01,20238,C3,16.5983,14.383,Lost quote,1,26
2023-09-01,20238,C3,16.8484,14.383,Marketplace scrape,1,36
2023-10-01,20238,C3,16.9578,14.383,Distributor price list,1,26
2023-12-01,20238,C3,16.9726,14.383,Lost quote,1,38
2024-01-01,20238,C3,16.997,14.3487,Lost quote,1,3
2024-02-01,20238,C3,17.2278,14.3487,Field report,1,11
2024-03-01,20238,C3,18.1837,14.3487,Lost quote,0,42
2024-04-01,20238,C3,16.9754,14.3487,Marketplace scrape,1,12
2024-05-01,20238,C3,17.2506,14.3487,Field report,1,42
2024-06-01,20238,C3,18.9154,14.3487,Marketplace scrape,1,18
2024-12-01,20238,C3,18.7414,13.9566,Distributor price list,1,9
2025-03-01,20238,C3,17.9121,13.945,Lost quote,1,8
2025-04-01,20238,C3,18.4916,13.945,Marketplace scrape,0,23
2025-09-01,20238,C3,18.3823,14.7709,Distributor price list,1,21
2025-12-01,20238,C3,17.5457,14.7709,Marketplace scrape,1,2
2026-02-01,20238,C3,17.261,14.7492,Marketplace scrape,1,35
2026-03-01,20238,C3,17.3121,14.7492,Marketplace scrape,0,45
2023-07-01,20239,C1,79.37,91.7439,Marketplace scrape,1,10
2023-09-01,20239,C1,83.8252,96.5609,Lost quote,1,11
2023-10-01,20239,C1,90.2974,96.5609,Marketplace scrape,1,17
2023-11-01,20239,C1,87.5788,97.2092,Marketplace scrape,1,41
2024-01-01,20239,C1,89.6257,97.2092,Distributor price list,1,7
2024-02-01,20239,C1,84.7207,92.0916,Marketplace scrape,1,27
2024-04-01,20239,C1,78.1061,92.0916,Field report,1,18
2024-06-01,20239,C1,76.9916,90.5158,Lost quote,1,26
2024-07-01,20239,C1,75.6903,90.5158,Field report,1,36
2024-08-01,20239,C1,70.2824,87.9253,Field report,1,11
2024-10-01,20239,C1,71.534,87.9253,Lost quote,0,9
2024-12-01,20239,C1,71.266,87.7113,Field report,1,24
2025-06-01,20239,C1,64.3153,81.8797,Lost quote,1,15
2025-07-01,20239,C1,63.8332,81.8797,Lost quote,1,33
2025-08-01,20239,C1,64.9527,86.9513,Lost quote,1,41
2025-10-01,20239,C1,69.0629,86.9513,Marketplace scrape,1,2
2025-11-01,20239,C1,53.6569,66.2679,Lost quote,1,5
2025-12-01,20239,C1,53.1456,66.2679,Field report,1,27
2026-01-01,20239,C1,54.0769,66.2679,Marketplace scrape,1,32
2026-02-01,20239,C1,44.8323,58.106,Field report,0,42
2026-03-01,20239,C1,44.5279,58.106,Distributor price list,1,13
2026-04-01,20239,C1,45.3496,58.106,Field report,1,26
2026-05-01,20239,C1,41.9597,53.4448,Field report,1,11
2023-07-01,20239,C4,80.4877,91.7439,Field report,1,30
2023-08-01,20239,C4,82.0342,96.5609,Lost quote,1,15
2023-09-01,20239,C4,80.9771,96.5609,Distributor price list,1,8
2023-12-01,20239,C4,80.8098,97.2092,Lost quote,1,34
2024-02-01,20239,C4,78.228,92.0916,Lost quote,1,8
2024-03-01,20239,C4,80.7597,92.0916,Marketplace scrape,1,28
2024-05-01,20239,C4,78.5613,90.5158,Distributor price list,1,18
2024-06-01,20239,C4,78.5977,90.5158,Lost quote,1,19
2024-07-01,20239,C4,76.8276,90.5158,Field report,1,43
2024-09-01,20239,C4,76.3015,87.9253,Lost quote,1,3
2024-10-01,20239,C4,75.8041,87.9253,Lost quote,1,42
2024-12-01,20239,C4,74.9348,87.7113,Distributor price list,1,16
2025-01-01,20239,C4,74.5112,87.7113,Distributor price list,1,36
2025-02-01,20239,C4,74.4351,87.2775,Field report,1,37
2025-03-01,20239,C4,72.9835,87.2775,Distributor price list,1,40
2025-06-01,20239,C4,66.1846,81.8797,Field report,1,16
2025-07-01,20239,C4,66.8472,81.8797,Lost quote,0,12
2025-08-01,20239,C4,70.5564,86.9513,Marketplace scrape,1,36
2025-09-01,20239,C4,69.974,86.9513,Marketplace scrape,1,23
2025-10-01,20239,C4,71.9069,86.9513,Field report,1,21
2025-11-01,20239,C4,56.4249,66.2679,Marketplace scrape,1,4
2025-12-01,20239,C4,58.9148,66.2679,Field report,1,14
2026-01-01,20239,C4,60.4605,66.2679,Distributor price list,1,34
2026-02-01,20239,C4,49.9055,58.106,Field report,1,10
2026-03-01,20239,C4,52.0883,58.106,Marketplace scrape,1,28
2026-04-01,20239,C4,52.8713,58.106,Field report,1,4
2026-05-01,20239,C4,49.2356,53.4448,Lost quote,1,37
2026-06-01,20239,C4,48.3783,53.4448,Marketplace scrape,1,32
